ISO-10303-21;
HEADER;
/* Generated by software containing ST-Developer
 * from STEP Tools, Inc. (www.steptools.com) 
 */

FILE_DESCRIPTION(
/* description */ (''),
/* implementation_level */ '2;1');

FILE_NAME(
/* name */ '20250626_Filterhalter_2.step',
/* time_stamp */ '2026-06-26T18:50:51+02:00',
/* author */ (''),
/* organization */ (''),
/* preprocessor_version */ 'ST-DEVELOPER v20.1',
/* originating_system */ 'Autodesk Translation Framework v15.8.0.0',
/* authorisation */ '');

FILE_SCHEMA (('AUTOMOTIVE_DESIGN { 1 0 10303 214 3 1 1 }'));
ENDSEC;

DATA;
#10=MECHANICAL_DESIGN_GEOMETRIC_PRESENTATION_REPRESENTATION('',(#13),#3864);
#11=SHAPE_REPRESENTATION_RELATIONSHIP('SRR','None',#3871,#12);
#12=ADVANCED_BREP_SHAPE_REPRESENTATION('',(#14),#3863);
#13=STYLED_ITEM('',(#3881),#14);
#14=MANIFOLD_SOLID_BREP('Filterhalter_2',#1098);
#15=CONICAL_SURFACE('',#1160,27.4549876172637,0.086012942953582);
#16=CONICAL_SURFACE('',#1213,30.6780438438689,0.314378660813545);
#17=CONICAL_SURFACE('',#1219,32.06045,0.785398163397439);
#18=CONICAL_SURFACE('',#1222,32.06045,0.785398163397439);
#19=TOROIDAL_SURFACE('',#1137,27.6035802051039,1.);
#20=TOROIDAL_SURFACE('',#1144,27.6035802051039,1.);
#21=TOROIDAL_SURFACE('',#1151,27.6035802051039,1.);
#22=TOROIDAL_SURFACE('',#1158,27.6035802051039,1.);
#23=TOROIDAL_SURFACE('',#1189,30.6035802051039,1.);
#24=TOROIDAL_SURFACE('',#1197,30.6035802051039,1.);
#25=TOROIDAL_SURFACE('',#1204,30.6035802051039,1.);
#26=TOROIDAL_SURFACE('',#1211,30.6035802051039,1.);
#27=FACE_BOUND('',#142,.T.);
#28=FACE_BOUND('',#178,.T.);
#29=FACE_BOUND('',#201,.T.);
#30=FACE_BOUND('',#206,.T.);
#31=PLANE('',#1121);
#32=PLANE('',#1163);
#33=PLANE('',#1165);
#34=PLANE('',#1168);
#35=PLANE('',#1170);
#36=PLANE('',#1173);
#37=PLANE('',#1175);
#38=PLANE('',#1178);
#39=PLANE('',#1180);
#40=PLANE('',#1182);
#41=PLANE('',#1220);
#42=PLANE('',#1223);
#43=B_SPLINE_SURFACE_WITH_KNOTS('',3,3,((#1789,#1790,#1791,#1792,#1793,
#1794,#1795,#1796,#1797,#1798),(#1799,#1800,#1801,#1802,#1803,#1804,#1805,
#1806,#1807,#1808),(#1809,#1810,#1811,#1812,#1813,#1814,#1815,#1816,#1817,
#1818),(#1819,#1820,#1821,#1822,#1823,#1824,#1825,#1826,#1827,#1828),(#1829,
#1830,#1831,#1832,#1833,#1834,#1835,#1836,#1837,#1838)),.UNSPECIFIED.,.F.,
 .F.,.F.,(4,1,4),(4,1,1,1,1,1,1,4),(0.514517146255244,0.757258573127622,
1.),(-1.12368502947006,0.00503016760282526,1.13374536467572,2.2624605617486,
3.3911757588215,4.51989095589439,5.64860615296727,6.77732135004016),
 .UNSPECIFIED.);
#44=B_SPLINE_SURFACE_WITH_KNOTS('',3,3,((#1902,#1903,#1904,#1905,#1906,
#1907,#1908,#1909,#1910,#1911,#1912,#1913,#1914,#1915,#1916,#1917,#1918,
#1919,#1920,#1921,#1922,#1923,#1924,#1925,#1926,#1927,#1928,#1929,#1930,
#1931,#1932,#1933,#1934,#1935,#1936,#1937,#1938,#1939,#1940,#1941,#1942),
(#1943,#1944,#1945,#1946,#1947,#1948,#1949,#1950,#1951,#1952,#1953,#1954,
#1955,#1956,#1957,#1958,#1959,#1960,#1961,#1962,#1963,#1964,#1965,#1966,
#1967,#1968,#1969,#1970,#1971,#1972,#1973,#1974,#1975,#1976,#1977,#1978,
#1979,#1980,#1981,#1982,#1983),(#1984,#1985,#1986,#1987,#1988,#1989,#1990,
#1991,#1992,#1993,#1994,#1995,#1996,#1997,#1998,#1999,#2000,#2001,#2002,
#2003,#2004,#2005,#2006,#2007,#2008,#2009,#2010,#2011,#2012,#2013,#2014,
#2015,#2016,#2017,#2018,#2019,#2020,#2021,#2022,#2023,#2024),(#2025,#2026,
#2027,#2028,#2029,#2030,#2031,#2032,#2033,#2034,#2035,#2036,#2037,#2038,
#2039,#2040,#2041,#2042,#2043,#2044,#2045,#2046,#2047,#2048,#2049,#2050,
#2051,#2052,#2053,#2054,#2055,#2056,#2057,#2058,#2059,#2060,#2061,#2062,
#2063,#2064,#2065)),.UNSPECIFIED.,.F.,.F.,.F.,(4,4),(4,1,1,1,1,1,1,1,1,
1,1,1,1,1,1,1,1,1,1,1,1,1,1,1,1,1,1,1,1,1,1,1,1,1,1,1,1,1,4),(0.0259785856121714,
0.202691654088737),(15.683480868564,16.2626818975584,16.8418829265529,17.4210839555474,
18.0002849845419,18.3864190038716,18.7725530232012,19.1586870425309,19.5448210618605,
19.8022437414136,20.3170891005198,20.8319344596261,21.0893571391792,21.4754911585088,
21.8616251778385,22.2477591971681,22.6338932164978,23.0200272358274,23.4061612551571,
23.7922952744868,24.1784292938164,24.5645633131461,24.9506973324757,25.3368313518054,
25.7229653711351,26.1090993904647,26.4952334097944,26.881367429124,27.2675014484537,
27.6536354677833,28.039769487113,28.4259035064427,28.8120375257723,29.0694602053254,
29.5843055644316,30.1635065934261,30.7427076224206,31.3219086514151,31.9011096804096),
 .UNSPECIFIED.);
#45=B_SPLINE_SURFACE_WITH_KNOTS('',3,3,((#2671,#2672,#2673,#2674,#2675),
(#2676,#2677,#2678,#2679,#2680),(#2681,#2682,#2683,#2684,#2685),(#2686,
#2687,#2688,#2689,#2690),(#2691,#2692,#2693,#2694,#2695),(#2696,#2697,#2698,
#2699,#2700)),.UNSPECIFIED.,.F.,.F.,.F.,(4,1,1,4),(4,1,4),(0.,0.285714285714286,
0.571428571428571,1.),(8.88507075279227E-16,0.207501466331645,0.484170088107171),
 .UNSPECIFIED.);
#46=B_SPLINE_SURFACE_WITH_KNOTS('',3,3,((#2714,#2715,#2716,#2717,#2718,
#2719),(#2720,#2721,#2722,#2723,#2724,#2725),(#2726,#2727,#2728,#2729,#2730,
#2731),(#2732,#2733,#2734,#2735,#2736,#2737),(#2738,#2739,#2740,#2741,#2742,
#2743),(#2744,#2745,#2746,#2747,#2748,#2749)),.UNSPECIFIED.,.F.,.F.,.F.,
(4,1,1,4),(4,1,1,4),(0.,0.285714285714286,0.571428571428571,1.),(3.99864838607544E-17,
0.0682728425101929,0.113788070850321,0.15930329919045),.UNSPECIFIED.);
#47=B_SPLINE_SURFACE_WITH_KNOTS('',3,3,((#2762,#2763,#2764,#2765,#2766),
(#2767,#2768,#2769,#2770,#2771),(#2772,#2773,#2774,#2775,#2776),(#2777,
#2778,#2779,#2780,#2781),(#2782,#2783,#2784,#2785,#2786),(#2787,#2788,#2789,
#2790,#2791)),.UNSPECIFIED.,.F.,.F.,.F.,(4,1,1,4),(4,1,4),(0.,0.285714285714286,
0.571428571428571,1.),(1.16320314129589E-15,0.0682737715473107,0.159305466943723),
 .UNSPECIFIED.);
#48=B_SPLINE_SURFACE_WITH_KNOTS('',3,3,((#2803,#2804,#2805,#2806,#2807,
#2808),(#2809,#2810,#2811,#2812,#2813,#2814),(#2815,#2816,#2817,#2818,#2819,
#2820),(#2821,#2822,#2823,#2824,#2825,#2826),(#2827,#2828,#2829,#2830,#2831,
#2832),(#2833,#2834,#2835,#2836,#2837,#2838)),.UNSPECIFIED.,.F.,.F.,.F.,
(4,1,1,4),(4,1,1,4),(0.,0.285714285714286,0.571428571428571,1.),(0.,0.207497997211018,
0.345829995351697,0.484161993492376),.UNSPECIFIED.);
#49=B_SPLINE_SURFACE_WITH_KNOTS('',3,3,((#2851,#2852,#2853,#2854,#2855),
(#2856,#2857,#2858,#2859,#2860),(#2861,#2862,#2863,#2864,#2865),(#2866,
#2867,#2868,#2869,#2870),(#2871,#2872,#2873,#2874,#2875),(#2876,#2877,#2878,
#2879,#2880)),.UNSPECIFIED.,.F.,.F.,.F.,(4,1,1,4),(4,1,4),(0.,0.285714285714286,
0.571428571428571,1.),(3.32303499427502E-15,0.207501466331648,0.484170088107174),
 .UNSPECIFIED.);
#50=B_SPLINE_SURFACE_WITH_KNOTS('',3,3,((#2892,#2893,#2894,#2895,#2896,
#2897),(#2898,#2899,#2900,#2901,#2902,#2903),(#2904,#2905,#2906,#2907,#2908,
#2909),(#2910,#2911,#2912,#2913,#2914,#2915),(#2916,#2917,#2918,#2919,#2920,
#2921),(#2922,#2923,#2924,#2925,#2926,#2927)),.UNSPECIFIED.,.F.,.F.,.F.,
(4,1,1,4),(4,1,1,4),(0.,0.285714285714286,0.571428571428571,1.),(0.,0.0682728425101913,
0.113788070850319,0.159303299190446),.UNSPECIFIED.);
#51=B_SPLINE_SURFACE_WITH_KNOTS('',3,3,((#2940,#2941,#2942,#2943,#2944),
(#2945,#2946,#2947,#2948,#2949),(#2950,#2951,#2952,#2953,#2954),(#2955,
#2956,#2957,#2958,#2959),(#2960,#2961,#2962,#2963,#2964),(#2965,#2966,#2967,
#2968,#2969)),.UNSPECIFIED.,.F.,.F.,.F.,(4,1,1,4),(4,1,4),(0.,0.285714285714286,
0.571428571428571,1.),(0.,0.0682737715473083,0.159305466943719),
 .UNSPECIFIED.);
#52=B_SPLINE_SURFACE_WITH_KNOTS('',3,3,((#2981,#2982,#2983,#2984,#2985,
#2986),(#2987,#2988,#2989,#2990,#2991,#2992),(#2993,#2994,#2995,#2996,#2997,
#2998),(#2999,#3000,#3001,#3002,#3003,#3004),(#3005,#3006,#3007,#3008,#3009,
#3010),(#3011,#3012,#3013,#3014,#3015,#3016)),.UNSPECIFIED.,.F.,.F.,.F.,
(4,1,1,4),(4,1,1,4),(0.,0.285714285714286,0.571428571428571,1.),(3.87350401119964E-15,
0.207497997211023,0.345829995351703,0.484161993492382),.UNSPECIFIED.);
#53=B_SPLINE_SURFACE_WITH_KNOTS('',3,3,((#3134,#3135,#3136,#3137,#3138,
#3139),(#3140,#3141,#3142,#3143,#3144,#3145),(#3146,#3147,#3148,#3149,#3150,
#3151),(#3152,#3153,#3154,#3155,#3156,#3157),(#3158,#3159,#3160,#3161,#3162,
#3163)),.UNSPECIFIED.,.F.,.F.,.F.,(4,1,4),(4,1,1,4),(0.,0.571428571428571,
1.),(1.85875265674912E-15,0.206387949928504,0.343979916547505,0.481571883166507),
 .UNSPECIFIED.);
#54=B_SPLINE_SURFACE_WITH_KNOTS('',3,3,((#3178,#3179,#3180,#3181,#3182),
(#3183,#3184,#3185,#3186,#3187),(#3188,#3189,#3190,#3191,#3192),(#3193,
#3194,#3195,#3196,#3197),(#3198,#3199,#3200,#3201,#3202)),.UNSPECIFIED.,
 .F.,.F.,.F.,(4,1,4),(4,1,4),(0.,0.571428571428571,1.),(1.49880108323369E-16,
0.0680886397525075,0.158873492755851),.UNSPECIFIED.);
#55=B_SPLINE_SURFACE_WITH_KNOTS('',3,3,((#3216,#3217,#3218,#3219,#3220),
(#3221,#3222,#3223,#3224,#3225),(#3226,#3227,#3228,#3229,#3230),(#3231,
#3232,#3233,#3234,#3235),(#3236,#3237,#3238,#3239,#3240)),.UNSPECIFIED.,
 .F.,.F.,.F.,(4,1,4),(4,1,4),(0.,0.571428571428571,1.),(0.,0.0907836284830529,
0.158871349845343),.UNSPECIFIED.);
#56=B_SPLINE_SURFACE_WITH_KNOTS('',3,3,((#3252,#3253,#3254,#3255,#3256,
#3257),(#3258,#3259,#3260,#3261,#3262,#3263),(#3264,#3265,#3266,#3267,#3268,
#3269),(#3270,#3271,#3272,#3273,#3274,#3275),(#3276,#3277,#3278,#3279,#3280,
#3281)),.UNSPECIFIED.,.F.,.F.,.F.,(4,1,4),(4,1,1,4),(0.,0.571428571428571,
1.),(7.63221913154468E-15,0.137594088409256,0.275188176818505,0.481579309432378),
 .UNSPECIFIED.);
#57=B_SPLINE_SURFACE_WITH_KNOTS('',3,3,((#3294,#3295,#3296,#3297,#3298,
#3299),(#3300,#3301,#3302,#3303,#3304,#3305),(#3306,#3307,#3308,#3309,#3310,
#3311),(#3312,#3313,#3314,#3315,#3316,#3317),(#3318,#3319,#3320,#3321,#3322,
#3323)),.UNSPECIFIED.,.F.,.F.,.F.,(4,1,4),(4,1,1,4),(0.,0.571428571428571,
1.),(4.80461787597111E-16,0.206387949928504,0.343979916547507,0.481571883166509),
 .UNSPECIFIED.);
#58=B_SPLINE_SURFACE_WITH_KNOTS('',3,3,((#3336,#3337,#3338,#3339,#3340),
(#3341,#3342,#3343,#3344,#3345),(#3346,#3347,#3348,#3349,#3350),(#3351,
#3352,#3353,#3354,#3355),(#3356,#3357,#3358,#3359,#3360)),.UNSPECIFIED.,
 .F.,.F.,.F.,(4,1,4),(4,1,4),(0.,0.571428571428571,1.),(0.,0.090784853003343,
0.15887349275585),.UNSPECIFIED.);
#59=B_SPLINE_SURFACE_WITH_KNOTS('',3,3,((#3372,#3373,#3374,#3375,#3376),
(#3377,#3378,#3379,#3380,#3381),(#3382,#3383,#3384,#3385,#3386),(#3387,
#3388,#3389,#3390,#3391),(#3392,#3393,#3394,#3395,#3396)),.UNSPECIFIED.,
 .F.,.F.,.F.,(4,1,4),(4,1,4),(0.,0.571428571428571,1.),(0.,0.0680877213622886,
0.15887134984534),.UNSPECIFIED.);
#60=B_SPLINE_SURFACE_WITH_KNOTS('',3,3,((#3408,#3409,#3410,#3411,#3412,
#3413),(#3414,#3415,#3416,#3417,#3418,#3419),(#3420,#3421,#3422,#3423,#3424,
#3425),(#3426,#3427,#3428,#3429,#3430,#3431),(#3432,#3433,#3434,#3435,#3436,
#3437)),.UNSPECIFIED.,.F.,.F.,.F.,(4,1,4),(4,1,1,4),(0.,0.571428571428571,
1.),(0.,0.137594088409397,0.275188176818794,0.48157930943289),
 .UNSPECIFIED.);
#61=B_SPLINE_SURFACE_WITH_KNOTS('',3,3,((#3576,#3577,#3578,#3579),(#3580,
#3581,#3582,#3583),(#3584,#3585,#3586,#3587),(#3588,#3589,#3590,#3591)),
 .UNSPECIFIED.,.F.,.F.,.F.,(4,4),(4,4),(0.198643133617383,0.222083554546484),
(34.2282171116557,34.6533793174416),.UNSPECIFIED.);
#62=B_SPLINE_SURFACE_WITH_KNOTS('',3,3,((#3665,#3666,#3667,#3668,#3669),
(#3670,#3671,#3672,#3673,#3674),(#3675,#3676,#3677,#3678,#3679),(#3680,
#3681,#3682,#3683,#3684)),.UNSPECIFIED.,.F.,.F.,.F.,(4,4),(4,1,4),(-0.0147808950600008,
0.00865953506018305),(32.6265700260344,32.9139829262054,33.2972001264333),
 .UNSPECIFIED.);
#63=B_SPLINE_SURFACE_WITH_KNOTS('',3,3,((#3738,#3739,#3740,#3741,#3742,
#3743,#3744,#3745,#3746,#3747,#3748,#3749,#3750,#3751,#3752,#3753,#3754,
#3755,#3756,#3757,#3758,#3759,#3760,#3761,#3762,#3763,#3764,#3765,#3766),
(#3767,#3768,#3769,#3770,#3771,#3772,#3773,#3774,#3775,#3776,#3777,#3778,
#3779,#3780,#3781,#3782,#3783,#3784,#3785,#3786,#3787,#3788,#3789,#3790,
#3791,#3792,#3793,#3794,#3795),(#3796,#3797,#3798,#3799,#3800,#3801,#3802,
#3803,#3804,#3805,#3806,#3807,#3808,#3809,#3810,#3811,#3812,#3813,#3814,
#3815,#3816,#3817,#3818,#3819,#3820,#3821,#3822,#3823,#3824),(#3825,#3826,
#3827,#3828,#3829,#3830,#3831,#3832,#3833,#3834,#3835,#3836,#3837,#3838,
#3839,#3840,#3841,#3842,#3843,#3844,#3845,#3846,#3847,#3848,#3849,#3850,
#3851,#3852,#3853)),.UNSPECIFIED.,.F.,.F.,.F.,(4,4),(4,1,1,1,1,1,1,1,1,
1,1,1,1,1,1,1,1,1,1,1,1,1,1,1,1,1,4),(0.0219293290558167,0.198643133617417),
(21.4150770593626,21.907890138297,22.4007032172313,22.8935162961657,23.3863293751001,
23.8791424540344,24.3719555329688,24.8647686119031,25.3575816908375,25.8503947697719,
26.3432078487062,26.8360209276406,27.3288340065749,27.8216470855093,28.3144601644437,
28.807273243378,29.3000863223124,29.7928994012467,30.2857124801811,30.7785255591155,
31.2713386380498,31.7641517169842,32.2569647959185,32.7497778748529,33.2425909537873,
33.7354040327216,34.228217111656),.UNSPECIFIED.);
#64=FACE_OUTER_BOUND('',#134,.T.);
#65=FACE_OUTER_BOUND('',#135,.T.);
#66=FACE_OUTER_BOUND('',#136,.T.);
#67=FACE_OUTER_BOUND('',#137,.T.);
#68=FACE_OUTER_BOUND('',#138,.T.);
#69=FACE_OUTER_BOUND('',#139,.T.);
#70=FACE_OUTER_BOUND('',#140,.T.);
#71=FACE_OUTER_BOUND('',#141,.T.);
#72=FACE_OUTER_BOUND('',#143,.T.);
#73=FACE_OUTER_BOUND('',#144,.T.);
#74=FACE_OUTER_BOUND('',#145,.T.);
#75=FACE_OUTER_BOUND('',#146,.T.);
#76=FACE_OUTER_BOUND('',#147,.T.);
#77=FACE_OUTER_BOUND('',#148,.T.);
#78=FACE_OUTER_BOUND('',#149,.T.);
#79=FACE_OUTER_BOUND('',#150,.T.);
#80=FACE_OUTER_BOUND('',#151,.T.);
#81=FACE_OUTER_BOUND('',#152,.T.);
#82=FACE_OUTER_BOUND('',#153,.T.);
#83=FACE_OUTER_BOUND('',#154,.T.);
#84=FACE_OUTER_BOUND('',#155,.T.);
#85=FACE_OUTER_BOUND('',#156,.T.);
#86=FACE_OUTER_BOUND('',#157,.T.);
#87=FACE_OUTER_BOUND('',#158,.T.);
#88=FACE_OUTER_BOUND('',#159,.T.);
#89=FACE_OUTER_BOUND('',#160,.T.);
#90=FACE_OUTER_BOUND('',#161,.T.);
#91=FACE_OUTER_BOUND('',#162,.T.);
#92=FACE_OUTER_BOUND('',#163,.T.);
#93=FACE_OUTER_BOUND('',#164,.T.);
#94=FACE_OUTER_BOUND('',#165,.T.);
#95=FACE_OUTER_BOUND('',#166,.T.);
#96=FACE_OUTER_BOUND('',#167,.T.);
#97=FACE_OUTER_BOUND('',#168,.T.);
#98=FACE_OUTER_BOUND('',#169,.T.);
#99=FACE_OUTER_BOUND('',#170,.T.);
#100=FACE_OUTER_BOUND('',#171,.T.);
#101=FACE_OUTER_BOUND('',#172,.T.);
#102=FACE_OUTER_BOUND('',#173,.T.);
#103=FACE_OUTER_BOUND('',#174,.T.);
#104=FACE_OUTER_BOUND('',#175,.T.);
#105=FACE_OUTER_BOUND('',#176,.T.);
#106=FACE_OUTER_BOUND('',#177,.T.);
#107=FACE_OUTER_BOUND('',#179,.T.);
#108=FACE_OUTER_BOUND('',#180,.T.);
#109=FACE_OUTER_BOUND('',#181,.T.);
#110=FACE_OUTER_BOUND('',#182,.T.);
#111=FACE_OUTER_BOUND('',#183,.T.);
#112=FACE_OUTER_BOUND('',#184,.T.);
#113=FACE_OUTER_BOUND('',#185,.T.);
#114=FACE_OUTER_BOUND('',#186,.T.);
#115=FACE_OUTER_BOUND('',#187,.T.);
#116=FACE_OUTER_BOUND('',#188,.T.);
#117=FACE_OUTER_BOUND('',#189,.T.);
#118=FACE_OUTER_BOUND('',#190,.T.);
#119=FACE_OUTER_BOUND('',#191,.T.);
#120=FACE_OUTER_BOUND('',#192,.T.);
#121=FACE_OUTER_BOUND('',#193,.T.);
#122=FACE_OUTER_BOUND('',#194,.T.);
#123=FACE_OUTER_BOUND('',#195,.T.);
#124=FACE_OUTER_BOUND('',#196,.T.);
#125=FACE_OUTER_BOUND('',#197,.T.);
#126=FACE_OUTER_BOUND('',#198,.T.);
#127=FACE_OUTER_BOUND('',#199,.T.);
#128=FACE_OUTER_BOUND('',#200,.T.);
#129=FACE_OUTER_BOUND('',#202,.T.);
#130=FACE_OUTER_BOUND('',#203,.T.);
#131=FACE_OUTER_BOUND('',#204,.T.);
#132=FACE_OUTER_BOUND('',#205,.T.);
#133=FACE_OUTER_BOUND('',#207,.T.);
#134=EDGE_LOOP('',(#675,#676,#677,#678,#679,#680,#681,#682,#683));
#135=EDGE_LOOP('',(#684,#685,#686));
#136=EDGE_LOOP('',(#687,#688,#689,#690));
#137=EDGE_LOOP('',(#691,#692,#693,#694));
#138=EDGE_LOOP('',(#695,#696,#697,#698));
#139=EDGE_LOOP('',(#699,#700,#701,#702,#703));
#140=EDGE_LOOP('',(#704,#705,#706,#707,#708,#709,#710,#711,#712));
#141=EDGE_LOOP('',(#713,#714,#715));
#142=EDGE_LOOP('',(#716));
#143=EDGE_LOOP('',(#717,#718,#719,#720,#721,#722,#723,#724,#725,#726,#727,
#728,#729,#730,#731,#732,#733,#734,#735,#736,#737));
#144=EDGE_LOOP('',(#738,#739,#740,#741));
#145=EDGE_LOOP('',(#742,#743,#744,#745));
#146=EDGE_LOOP('',(#746,#747,#748,#749));
#147=EDGE_LOOP('',(#750,#751,#752,#753,#754));
#148=EDGE_LOOP('',(#755,#756,#757,#758));
#149=EDGE_LOOP('',(#759,#760,#761,#762));
#150=EDGE_LOOP('',(#763,#764,#765,#766));
#151=EDGE_LOOP('',(#767,#768,#769,#770));
#152=EDGE_LOOP('',(#771,#772,#773,#774));
#153=EDGE_LOOP('',(#775,#776,#777,#778));
#154=EDGE_LOOP('',(#779,#780,#781,#782));
#155=EDGE_LOOP('',(#783,#784,#785,#786));
#156=EDGE_LOOP('',(#787,#788,#789,#790));
#157=EDGE_LOOP('',(#791,#792,#793,#794));
#158=EDGE_LOOP('',(#795,#796,#797,#798));
#159=EDGE_LOOP('',(#799,#800,#801,#802));
#160=EDGE_LOOP('',(#803,#804,#805,#806,#807));
#161=EDGE_LOOP('',(#808,#809,#810,#811));
#162=EDGE_LOOP('',(#812,#813,#814,#815));
#163=EDGE_LOOP('',(#816,#817,#818,#819));
#164=EDGE_LOOP('',(#820,#821,#822,#823));
#165=EDGE_LOOP('',(#824,#825,#826,#827));
#166=EDGE_LOOP('',(#828,#829,#830,#831));
#167=EDGE_LOOP('',(#832,#833,#834,#835));
#168=EDGE_LOOP('',(#836,#837,#838,#839));
#169=EDGE_LOOP('',(#840,#841,#842,#843));
#170=EDGE_LOOP('',(#844,#845,#846,#847));
#171=EDGE_LOOP('',(#848,#849,#850,#851));
#172=EDGE_LOOP('',(#852,#853,#854,#855));
#173=EDGE_LOOP('',(#856,#857,#858,#859));
#174=EDGE_LOOP('',(#860,#861,#862,#863));
#175=EDGE_LOOP('',(#864,#865,#866,#867));
#176=EDGE_LOOP('',(#868,#869,#870,#871));
#177=EDGE_LOOP('',(#872));
#178=EDGE_LOOP('',(#873));
#179=EDGE_LOOP('',(#874,#875,#876,#877));
#180=EDGE_LOOP('',(#878,#879,#880,#881));
#181=EDGE_LOOP('',(#882,#883,#884,#885));
#182=EDGE_LOOP('',(#886,#887,#888,#889,#890));
#183=EDGE_LOOP('',(#891,#892,#893,#894));
#184=EDGE_LOOP('',(#895,#896,#897,#898));
#185=EDGE_LOOP('',(#899,#900,#901,#902));
#186=EDGE_LOOP('',(#903,#904,#905,#906));
#187=EDGE_LOOP('',(#907,#908,#909,#910));
#188=EDGE_LOOP('',(#911,#912,#913,#914));
#189=EDGE_LOOP('',(#915,#916,#917,#918));
#190=EDGE_LOOP('',(#919,#920,#921,#922));
#191=EDGE_LOOP('',(#923,#924,#925,#926));
#192=EDGE_LOOP('',(#927,#928,#929,#930));
#193=EDGE_LOOP('',(#931,#932,#933,#934));
#194=EDGE_LOOP('',(#935,#936,#937,#938));
#195=EDGE_LOOP('',(#939,#940,#941,#942));
#196=EDGE_LOOP('',(#943,#944,#945,#946));
#197=EDGE_LOOP('',(#947,#948,#949,#950,#951,#952,#953,#954,#955,#956,#957,
#958,#959,#960,#961,#962,#963,#964,#965,#966));
#198=EDGE_LOOP('',(#967,#968,#969,#970,#971));
#199=EDGE_LOOP('',(#972,#973,#974,#975));
#200=EDGE_LOOP('',(#976,#977,#978,#979));
#201=EDGE_LOOP('',(#980));
#202=EDGE_LOOP('',(#981,#982,#983));
#203=EDGE_LOOP('',(#984,#985,#986,#987));
#204=EDGE_LOOP('',(#988,#989,#990,#991,#992,#993,#994,#995));
#205=EDGE_LOOP('',(#996));
#206=EDGE_LOOP('',(#997));
#207=EDGE_LOOP('',(#998,#999,#1000,#1001,#1002));
#208=CIRCLE('',#1113,32.16195);
#209=CIRCLE('',#1114,32.16195);
#210=CIRCLE('',#1115,32.16195);
#211=CIRCLE('',#1117,32.16195);
#212=CIRCLE('',#1122,32.16195);
#213=CIRCLE('',#1123,31.948326419888);
#214=CIRCLE('',#1125,26.6035802051039);
#215=CIRCLE('',#1126,26.6035802051039);
#216=CIRCLE('',#1127,26.6035802051039);
#217=CIRCLE('',#1128,26.6035802051039);
#218=CIRCLE('',#1129,26.6035802051039);
#219=CIRCLE('',#1130,26.6035802051039);
#220=CIRCLE('',#1131,26.6035802051039);
#221=CIRCLE('',#1132,1.00000000000002);
#222=CIRCLE('',#1133,1.00000000000007);
#223=CIRCLE('',#1135,1.);
#224=CIRCLE('',#1136,1.00000000000005);
#225=CIRCLE('',#1138,27.6035802051039);
#226=CIRCLE('',#1139,0.999999999999972);
#227=CIRCLE('',#1140,1.00000000000007);
#228=CIRCLE('',#1142,1.);
#229=CIRCLE('',#1143,0.999999999999954);
#230=CIRCLE('',#1145,0.999999999999996);
#231=CIRCLE('',#1146,27.6035802051039);
#232=CIRCLE('',#1147,1.00000000000007);
#233=CIRCLE('',#1149,1.);
#234=CIRCLE('',#1150,1.00000000000005);
#235=CIRCLE('',#1152,27.6035802051039);
#236=CIRCLE('',#1153,0.999999999999973);
#237=CIRCLE('',#1154,1.00000000000007);
#238=CIRCLE('',#1156,1.);
#239=CIRCLE('',#1157,0.999999999999954);
#240=CIRCLE('',#1159,27.6035802051039);
#241=CIRCLE('',#1161,28.2211741167778);
#242=CIRCLE('',#1166,30.6035802051039);
#243=CIRCLE('',#1171,30.6035802051039);
#244=CIRCLE('',#1176,30.6035802051039);
#245=CIRCLE('',#1181,30.6035802051039);
#246=CIRCLE('',#1183,29.4250671567847);
#247=CIRCLE('',#1184,1.);
#248=CIRCLE('',#1185,1.00000000000003);
#249=CIRCLE('',#1187,1.00000000000001);
#250=CIRCLE('',#1188,0.999999999999996);
#251=CIRCLE('',#1190,0.999999999999996);
#252=CIRCLE('',#1191,31.6035802051039);
#253=CIRCLE('',#1192,31.6035802051039);
#254=CIRCLE('',#1193,1.00000000000001);
#255=CIRCLE('',#1195,1.00000000000001);
#256=CIRCLE('',#1196,1.00000000000003);
#257=CIRCLE('',#1198,1.00000000000003);
#258=CIRCLE('',#1199,31.6035802051039);
#259=CIRCLE('',#1200,1.);
#260=CIRCLE('',#1202,1.00000000000001);
#261=CIRCLE('',#1203,0.999999999999995);
#262=CIRCLE('',#1205,0.999999999999996);
#263=CIRCLE('',#1206,31.6035802051039);
#264=CIRCLE('',#1207,1.00000000000001);
#265=CIRCLE('',#1209,1.00000000000001);
#266=CIRCLE('',#1210,0.999999999999996);
#267=CIRCLE('',#1212,31.6035802051039);
#268=CIRCLE('',#1214,31.948326419888);
#269=CIRCLE('',#1216,33.6923283811489);
#270=CIRCLE('',#1218,31.6035802051039);
#271=CIRCLE('',#1221,31.95895);
#272=B_SPLINE_CURVE_WITH_KNOTS('',3,(#1500,#1501,#1502,#1503,#1504,#1505,
#1506,#1507,#1508,#1509,#1510,#1511,#1512,#1513,#1514,#1515),
 .UNSPECIFIED.,.F.,.F.,(4,1,1,1,1,1,1,1,1,1,1,1,1,4),(28.2743338823081,
28.3144601644437,28.807273243378,29.3000863223124,29.7928994012467,30.2857124801811,
30.7785255591155,31.2713386380498,31.7641517169842,32.2569647959185,32.7497778748529,
33.2425909537873,33.7354040327216,34.228217111656),.UNSPECIFIED.);
#273=B_SPLINE_CURVE_WITH_KNOTS('',3,(#1519,#1520,#1521,#1522,#1523,#1524,
#1525),.UNSPECIFIED.,.F.,.F.,(4,3,4),(1.73036338168278,2.17488979594188,
3.10239084833896),.UNSPECIFIED.);
#274=B_SPLINE_CURVE_WITH_KNOTS('',3,(#1529,#1530,#1531,#1532),
 .UNSPECIFIED.,.F.,.F.,(4,4),(-13.2383022580789,-13.1424421301251),
 .UNSPECIFIED.);
#275=B_SPLINE_CURVE_WITH_KNOTS('',3,(#1537,#1538,#1539,#1540,#1541,#1542,
#1543,#1544,#1545,#1546,#1547,#1548,#1549,#1550,#1551,#1552,#1553,#1554,
#1555,#1556,#1557,#1558,#1559,#1560,#1561),.UNSPECIFIED.,.F.,.F.,(4,3,3,
3,3,3,3,3,4),(2.34116574926174,4.20994891079601,6.07873207233148,7.94751523386692,
9.81629839540238,11.4774389834339,12.3080092774497,13.5538647184733,14.0423254431516),
 .UNSPECIFIED.);
#276=B_SPLINE_CURVE_WITH_KNOTS('',3,(#1563,#1564,#1565,#1566),
 .UNSPECIFIED.,.F.,.F.,(4,4),(-13.1424421301251,-12.8131400522931),
 .UNSPECIFIED.);
#277=B_SPLINE_CURVE_WITH_KNOTS('',3,(#1572,#1573,#1574,#1575,#1576,#1577,
#1578,#1579,#1580,#1581,#1582,#1583,#1584,#1585,#1586,#1587),
 .UNSPECIFIED.,.F.,.F.,(4,1,1,1,1,1,1,1,1,1,1,1,1,4),(21.9911485751286,
22.4007032172313,22.8935162961657,23.3863293751001,23.8791424540344,24.3719555329688,
24.8647686119031,25.3575816908375,25.8503947697719,26.3432078487062,26.8360209276406,
27.3288340065749,27.8216470855093,28.2743338823081),.UNSPECIFIED.);
#278=B_SPLINE_CURVE_WITH_KNOTS('',3,(#1588,#1589,#1590,#1591,#1592,#1593,
#1594,#1595,#1596,#1597,#1598,#1599,#1600,#1601,#1602,#1603,#1604,#1605,
#1606,#1607,#1608,#1609,#1610,#1611,#1612,#1613,#1614,#1615,#1616,#1617,
#1618,#1619,#1620,#1621,#1622,#1623,#1624,#1625,#1626,#1627,#1628,#1629,
#1630,#1631,#1632,#1633,#1634,#1635,#1636,#1637,#1638,#1639),
 .UNSPECIFIED.,.F.,.F.,(4,3,3,3,3,3,3,3,3,3,3,3,3,3,3,3,3,4),(14.0423254431516,
14.7997676423968,16.0457011891002,17.2916347358036,18.537568282507,19.7835018292104,
21.0294353759137,22.2753689226171,23.5213024693205,24.7672360160239,26.0131695627273,
27.2591031094307,28.5050366561341,29.7509702028374,30.9969037495408,32.2428372962442,
33.4887708429476,34.3161965929187),.UNSPECIFIED.);
#279=B_SPLINE_CURVE_WITH_KNOTS('',3,(#1645,#1646,#1647,#1648,#1649,#1650,
#1651,#1652,#1653,#1654,#1655,#1656,#1657,#1658,#1659,#1660,#1661,#1662,
#1663),.UNSPECIFIED.,.F.,.F.,(4,3,3,3,3,3,4),(5.75859077487676,5.87929689510998,
6.37210997404442,6.86492305297885,7.35773613191328,7.85054921084771,7.96255729436348),
 .UNSPECIFIED.);
#280=B_SPLINE_CURVE_WITH_KNOTS('',3,(#1665,#1666,#1667,#1668,#1669,#1670),
 .UNSPECIFIED.,.F.,.F.,(4,2,4),(5.97996962479767,6.33064077378547,7.27666614814175),
 .UNSPECIFIED.);
#281=B_SPLINE_CURVE_WITH_KNOTS('',3,(#1671,#1672,#1673,#1674,#1675,#1676,
#1677,#1678,#1679,#1680,#1681,#1682,#1683,#1684,#1685,#1686,#1687,#1688,
#1689,#1690,#1691,#1692),.UNSPECIFIED.,.F.,.F.,(4,3,3,3,3,3,3,4),(13.7602934161983,
14.6510886232401,16.6088337124166,18.5665788015931,19.8717421943775,21.1769055871618,
22.4820689799462,22.5763063927514),.UNSPECIFIED.);
#282=B_SPLINE_CURVE_WITH_KNOTS('',3,(#1697,#1698,#1699,#1700,#1701,#1702,
#1703,#1704,#1705,#1706,#1707,#1708,#1709,#1710,#1711,#1712,#1713,#1714,
#1715,#1716,#1717,#1718,#1719,#1720,#1721,#1722,#1723,#1724,#1725,#1726,
#1727,#1728,#1729,#1730,#1731,#1732,#1733,#1734,#1735,#1736),
 .UNSPECIFIED.,.F.,.F.,(4,3,3,3,3,3,3,3,3,3,3,3,3,4),(7.96255729436348,
8.34336228978209,8.83617536871645,9.32898844765081,9.82180152658517,10.3146146055195,
10.8074276844539,11.3002407633882,11.7930538423226,12.285866921257,12.7786800001913,
13.2714930791257,13.76430615806,14.245742601543),.UNSPECIFIED.);
#283=B_SPLINE_CURVE_WITH_KNOTS('',3,(#1737,#1738,#1739,#1740,#1741,#1742,
#1743,#1744,#1745,#1746,#1747,#1748,#1749,#1750,#1751,#1752,#1753,#1754,
#1755,#1756,#1757,#1758,#1759,#1760,#1761,#1762,#1763,#1764,#1765,#1766,
#1767,#1768,#1769,#1770,#1771,#1772,#1773,#1774,#1775,#1776,#1777,#1778,
#1779,#1780,#1781,#1782,#1783,#1784,#1785,#1786,#1787,#1788),
 .UNSPECIFIED.,.F.,.F.,(4,3,3,3,3,3,3,3,3,3,3,3,3,3,3,3,3,4),(22.5763063927514,
23.787269950085,24.657405879756,26.3976777390979,28.1379495984397,29.0080855281107,
30.3132894226171,31.6184933171235,32.9236972116299,34.2289011061364,35.5341050006428,
36.8393088951492,38.1445127896556,39.449716684162,40.7549205786685,42.0601244731749,
43.3653283676813,43.8146265676241),.UNSPECIFIED.);
#284=B_SPLINE_CURVE_WITH_KNOTS('',3,(#1841,#1842,#1843,#1844,#1845,#1846,
#1847,#1848,#1849,#1850,#1851,#1852,#1853),.UNSPECIFIED.,.F.,.F.,(4,3,3,
3,4),(-4.54331198983772,-4.2615404243428,-3.09489993700935,-1.92825944967591,
-0.858862553568403),.UNSPECIFIED.);
#285=B_SPLINE_CURVE_WITH_KNOTS('',3,(#1854,#1855,#1856,#1857,#1858,#1859,
#1860,#1861,#1862,#1863),.UNSPECIFIED.,.F.,.F.,(4,2,2,2,4),(-6.16206604523302,
-5.79204326466157,-4.43909829352812,-3.11548337510965,-3.06122406932731),
 .UNSPECIFIED.);
#286=B_SPLINE_CURVE_WITH_KNOTS('',3,(#1865,#1866,#1867,#1868,#1869,#1870,
#1871,#1872,#1873),.UNSPECIFIED.,.F.,.F.,(4,1,1,1,1,1,4),(-6.77732135004016,
-5.64860615296727,-4.51989095589439,-3.3911757588215,-2.2624605617486,-1.13374536467572,
-0.774936210913894),.UNSPECIFIED.);
#287=B_SPLINE_CURVE_WITH_KNOTS('',3,(#1874,#1875,#1876,#1877,#1878,#1879,
#1880,#1881,#1882,#1883,#1884,#1885,#1886,#1887,#1888,#1889,#1890,#1891,
#1892,#1893,#1894,#1895,#1896,#1897,#1898,#1899,#1900,#1901),
 .UNSPECIFIED.,.F.,.F.,(4,2,2,2,2,2,2,2,2,2,2,2,2,4),(4.11809378515979,
4.23257790151215,4.38472742266595,4.42215397471784,4.43483748190528,4.44289088668851,
4.44996398955487,4.45843166215617,4.4732418916482,4.50924105293922,4.6365181155005,
5.31570952665425,6.27605038187994,7.28219646695687),.UNSPECIFIED.);
#288=B_SPLINE_CURVE_WITH_KNOTS('',3,(#2067,#2068,#2069,#2070,#2071,#2072,
#2073,#2074,#2075,#2076,#2077,#2078,#2079,#2080,#2081,#2082,#2083,#2084,
#2085,#2086,#2087,#2088,#2089,#2090,#2091,#2092,#2093,#2094,#2095,#2096,
#2097,#2098,#2099,#2100,#2101,#2102,#2103,#2104,#2105,#2106,#2107,#2108,
#2109,#2110,#2111,#2112,#2113,#2114,#2115,#2116,#2117,#2118,#2119,#2120,
#2121,#2122,#2123,#2124,#2125,#2126,#2127,#2128,#2129,#2130,#2131,#2132,
#2133,#2134,#2135,#2136,#2137,#2138,#2139,#2140,#2141,#2142,#2143,#2144,
#2145,#2146,#2147,#2148,#2149,#2150,#2151),.UNSPECIFIED.,.F.,.F.,(4,3,3,
3,3,3,3,3,3,3,3,3,3,3,3,3,3,3,3,3,3,3,3,3,3,3,3,3,4),(-6.1533443284312,
-5.97557389253263,-5.79600319904586,-5.61504333935068,-5.43420398663928,
-5.25424920895145,-5.19926168909104,-5.17624370474939,-5.15642414637612,
-4.97544228119143,-4.79317220084587,-4.61090959722994,-4.429653424311,-4.37444889118481,
-4.19288627277685,-4.01080196466344,-3.91415403397625,-3.89320811566663,
-3.87881329224846,-3.69795083087732,-3.51547480695498,-3.33200734074762,
-3.14828108967538,-2.96565170160056,-2.78434002015542,-2.62438754691191,
-2.60872248743167,-2.5945595044898,-2.4644350736684),.UNSPECIFIED.);
#289=B_SPLINE_CURVE_WITH_KNOTS('',3,(#2152,#2153,#2154,#2155,#2156,#2157,
#2158,#2159,#2160,#2161,#2162,#2163,#2164,#2165,#2166,#2167,#2168,#2169,
#2170,#2171,#2172,#2173,#2174,#2175,#2176,#2177,#2178,#2179,#2180,#2181,
#2182,#2183,#2184,#2185,#2186,#2187,#2188,#2189,#2190,#2191,#2192,#2193,
#2194),.UNSPECIFIED.,.F.,.F.,(4,3,3,3,3,3,3,3,3,3,3,3,3,3,4),(34.3161965929187,
34.7347167250243,35.9806869951903,37.2266572653563,38.0573041121336,39.7185978056882,
41.3798914992429,42.2105383460202,43.4565086161862,44.7024788863522,45.9484491565182,
47.1944194266841,49.0633748319331,50.9323302371821,51.0372603066098),
 .UNSPECIFIED.);
#290=B_SPLINE_CURVE_WITH_KNOTS('',3,(#2196,#2197,#2198,#2199,#2200,#2201,
#2202,#2203,#2204,#2205,#2206,#2207,#2208,#2209,#2210,#2211,#2212,#2213,
#2214,#2215,#2216,#2217,#2218,#2219,#2220,#2221,#2222,#2223,#2224,#2225,
#2226,#2227,#2228,#2229,#2230,#2231,#2232,#2233,#2234,#2235,#2236,#2237,
#2238,#2239,#2240,#2241,#2242,#2243,#2244,#2245,#2246,#2247,#2248,#2249,
#2250,#2251,#2252,#2253,#2254,#2255,#2256,#2257,#2258,#2259,#2260,#2261,
#2262,#2263,#2264,#2265,#2266,#2267,#2268,#2269,#2270,#2271,#2272,#2273,
#2274,#2275,#2276,#2277,#2278,#2279,#2280,#2281,#2282,#2283,#2284,#2285,
#2286,#2287,#2288,#2289,#2290,#2291,#2292,#2293,#2294,#2295,#2296,#2297,
#2298,#2299,#2300,#2301,#2302,#2303,#2304,#2305,#2306,#2307,#2308,#2309,
#2310,#2311,#2312,#2313,#2314,#2315,#2316,#2317,#2318,#2319,#2320,#2321,
#2322,#2323,#2324,#2325,#2326,#2327,#2328,#2329,#2330,#2331,#2332,#2333,
#2334,#2335,#2336,#2337,#2338,#2339,#2340,#2341,#2342,#2343,#2344,#2345,
#2346,#2347,#2348,#2349,#2350,#2351,#2352,#2353,#2354,#2355,#2356,#2357,
#2358,#2359,#2360,#2361,#2362,#2363,#2364,#2365,#2366,#2367,#2368,#2369,
#2370,#2371,#2372,#2373,#2374,#2375,#2376,#2377,#2378,#2379,#2380,#2381,
#2382,#2383,#2384,#2385,#2386,#2387,#2388,#2389,#2390,#2391,#2392,#2393,
#2394,#2395,#2396,#2397,#2398,#2399,#2400,#2401,#2402,#2403,#2404,#2405,
#2406,#2407,#2408,#2409,#2410,#2411,#2412,#2413,#2414,#2415,#2416,#2417,
#2418,#2419,#2420,#2421,#2422,#2423,#2424,#2425,#2426,#2427,#2428,#2429,
#2430,#2431,#2432,#2433,#2434,#2435,#2436,#2437,#2438,#2439,#2440,#2441,
#2442,#2443,#2444,#2445,#2446,#2447,#2448,#2449,#2450,#2451,#2452,#2453,
#2454,#2455,#2456,#2457,#2458,#2459,#2460,#2461,#2462,#2463,#2464,#2465,
#2466,#2467,#2468,#2469,#2470,#2471,#2472,#2473,#2474,#2475,#2476,#2477,
#2478,#2479,#2480,#2481,#2482,#2483,#2484,#2485,#2486,#2487,#2488,#2489,
#2490,#2491,#2492,#2493,#2494,#2495,#2496,#2497,#2498,#2499,#2500,#2501,
#2502,#2503,#2504,#2505,#2506,#2507,#2508,#2509,#2510,#2511,#2512,#2513,
#2514,#2515,#2516,#2517,#2518,#2519,#2520,#2521,#2522,#2523,#2524,#2525,
#2526,#2527,#2528,#2529,#2530,#2531,#2532,#2533,#2534,#2535,#2536,#2537,
#2538,#2539,#2540,#2541,#2542,#2543,#2544,#2545,#2546,#2547,#2548,#2549,
#2550,#2551,#2552,#2553,#2554,#2555,#2556,#2557,#2558,#2559,#2560,#2561,
#2562,#2563,#2564,#2565,#2566,#2567,#2568,#2569,#2570,#2571,#2572,#2573,
#2574,#2575,#2576,#2577),.UNSPECIFIED.,.F.,.F.,(4,3,3,3,3,3,3,3,3,3,3,3,
3,3,3,3,3,3,3,3,3,3,3,3,3,3,3,3,3,3,3,3,3,3,3,3,3,3,3,3,3,3,3,3,3,3,3,3,
3,3,3,3,3,3,3,3,3,3,3,3,3,3,3,3,3,3,3,3,3,3,3,3,3,3,3,3,3,3,3,3,3,3,3,3,
3,3,3,3,3,3,3,3,3,3,3,3,3,3,3,3,3,3,3,3,3,3,3,3,3,3,3,3,3,3,3,3,3,3,3,3,
3,3,3,3,3,3,3,4),(2.33297556882535,2.45003601630264,2.47942252064779,2.50154966664059,
2.51452066754046,2.69104281307081,2.8697136659976,3.05045635179028,3.23160103882643,
3.41238188747094,3.59206458451171,3.74553412049928,3.76292998058758,3.7781429119476,
3.95935141786581,4.14065119419061,4.20594272846199,4.38542455316902,4.5663032700347,
4.75678182294872,4.9234505567485,4.9963681277859,5.02704067197459,5.04146321019426,
5.22194701348652,5.40359681058861,5.58557478675223,5.76694097419766,5.94627331634606,
6.09013169334691,6.20843373747699,6.26388782066296,6.29058060219818,6.30551102975899,
6.48344544003471,6.67088530995889,6.85309265199542,7.03567328421634,7.2178514940237,
7.39888767582916,7.54490685672889,7.56493616742856,7.57797519622111,7.76058581970981,
7.94333760336502,7.98296439942811,8.16370173600279,8.3459239627999,8.52885562736614,
8.69864077969845,8.77292178384383,8.8179551808344,8.84448848883453,8.86010802470202,
9.04212392361486,9.22527029523294,9.40868859872645,9.5914728849361,9.77228250179981,
9.88713684602459,10.070233525717,10.1230762997508,10.137611198675,10.3187531167417,
10.5010811513701,10.6845768910587,10.8685307531106,11.0516685602346,11.2336277824336,
11.410187162821,11.4233096540716,11.5867465432085,11.7682625847985,11.9516694119169,
12.1354475016782,12.3186993388763,12.4406078583415,12.6010297124506,12.6712142736233,
12.6955614155339,12.7144763902052,12.8968630284048,13.0806769020072,13.2653721867457,
13.4498274523897,13.6329342889798,13.7239826912141,13.8849577704384,13.955384367599,
13.9946097098613,14.0094363324497,14.1918117095355,14.3757551187059,14.5608070911063,
14.7457439173186,14.929498576718,15.011783325008,15.1733115905134,15.243980206672,
15.2771061204964,15.2949325645351,15.3096503045713,15.4927125478933,15.6772707843225,
15.8628293224391,16.0482267793827,16.2324216535927,16.3040094490514,16.4660908622021,
16.5370014804556,16.5888252391429,16.6044625983106,16.7878636492594,16.9728128278507,
17.1588349521443,17.3447293134058,17.5294528800234,17.6006607542573,17.7632952402065,
17.905600415412,17.9216352988362,18.1056307987398,18.2911320338775,18.4776399220581,
18.6639969991328,18.8492013241046,18.9017366418505,19.0232998413731),
 .UNSPECIFIED.);
#291=B_SPLINE_CURVE_WITH_KNOTS('',3,(#2578,#2579,#2580,#2581,#2582,#2583,
#2584,#2585,#2586,#2587,#2588,#2589,#2590),.UNSPECIFIED.,.F.,.F.,(4,3,3,
3,4),(43.8146265676241,44.6706706161214,45.9760854919241,47.2815003677269,
48.4651564692908),.UNSPECIFIED.);
#292=B_SPLINE_CURVE_WITH_KNOTS('',3,(#2600,#2601,#2602,#2603,#2604),
 .UNSPECIFIED.,.F.,.F.,(4,1,4),(3.32303499427502E-15,0.207501466331648,
0.484170088107174),.UNSPECIFIED.);
#293=B_SPLINE_CURVE_WITH_KNOTS('',3,(#2608,#2609,#2610,#2611,#2612,#2613),
 .UNSPECIFIED.,.F.,.F.,(4,1,1,4),(0.,0.0682728425101913,0.113788070850319,
0.159303299190446),.UNSPECIFIED.);
#294=B_SPLINE_CURVE_WITH_KNOTS('',3,(#2617,#2618,#2619,#2620,#2621),
 .UNSPECIFIED.,.F.,.F.,(4,1,4),(0.,0.0682737715473083,0.159305466943719),
 .UNSPECIFIED.);
#295=B_SPLINE_CURVE_WITH_KNOTS('',3,(#2625,#2626,#2627,#2628,#2629,#2630),
 .UNSPECIFIED.,.F.,.F.,(4,1,1,4),(3.87350401119964E-15,0.207497997211023,
0.345829995351703,0.484161993492382),.UNSPECIFIED.);
#296=B_SPLINE_CURVE_WITH_KNOTS('',3,(#2634,#2635,#2636,#2637,#2638),
 .UNSPECIFIED.,.F.,.F.,(4,1,4),(8.88507075279227E-16,0.207501466331645,
0.484170088107171),.UNSPECIFIED.);
#297=B_SPLINE_CURVE_WITH_KNOTS('',3,(#2642,#2643,#2644,#2645,#2646,#2647),
 .UNSPECIFIED.,.F.,.F.,(4,1,1,4),(3.99864838607544E-17,0.0682728425101929,
0.113788070850321,0.15930329919045),.UNSPECIFIED.);
#298=B_SPLINE_CURVE_WITH_KNOTS('',3,(#2658,#2659,#2660,#2661,#2662),
 .UNSPECIFIED.,.F.,.F.,(4,1,4),(1.16320314129589E-15,0.0682737715473107,
0.159305466943723),.UNSPECIFIED.);
#299=B_SPLINE_CURVE_WITH_KNOTS('',3,(#2665,#2666,#2667,#2668,#2669,#2670),
 .UNSPECIFIED.,.F.,.F.,(4,1,1,4),(0.,0.207497997211018,0.345829995351697,
0.484161993492376),.UNSPECIFIED.);
#300=B_SPLINE_CURVE_WITH_KNOTS('',3,(#2704,#2705,#2706,#2707,#2708),
 .UNSPECIFIED.,.F.,.F.,(4,1,4),(-0.484170088107171,-0.207501466331645,-8.88507075279227E-16),
 .UNSPECIFIED.);
#301=B_SPLINE_CURVE_WITH_KNOTS('',3,(#2751,#2752,#2753,#2754,#2755,#2756),
 .UNSPECIFIED.,.F.,.F.,(4,1,1,4),(-0.15930329919045,-0.113788070850321,
-0.0682728425101929,-3.99864838607544E-17),.UNSPECIFIED.);
#302=B_SPLINE_CURVE_WITH_KNOTS('',3,(#2793,#2794,#2795,#2796,#2797),
 .UNSPECIFIED.,.F.,.F.,(4,1,4),(-0.159305466943723,-0.0682737715473107,
-1.16320314129589E-15),.UNSPECIFIED.);
#303=B_SPLINE_CURVE_WITH_KNOTS('',3,(#2840,#2841,#2842,#2843,#2844,#2845),
 .UNSPECIFIED.,.F.,.F.,(4,1,1,4),(-0.484161993492376,-0.345829995351697,
-0.207497997211018,0.),.UNSPECIFIED.);
#304=B_SPLINE_CURVE_WITH_KNOTS('',3,(#2882,#2883,#2884,#2885,#2886),
 .UNSPECIFIED.,.F.,.F.,(4,1,4),(-0.484170088107174,-0.207501466331648,-3.32303499427502E-15),
 .UNSPECIFIED.);
#305=B_SPLINE_CURVE_WITH_KNOTS('',3,(#2929,#2930,#2931,#2932,#2933,#2934),
 .UNSPECIFIED.,.F.,.F.,(4,1,1,4),(-0.159303299190446,-0.113788070850319,
-0.0682728425101913,0.),.UNSPECIFIED.);
#306=B_SPLINE_CURVE_WITH_KNOTS('',3,(#2971,#2972,#2973,#2974,#2975),
 .UNSPECIFIED.,.F.,.F.,(4,1,4),(-0.159305466943719,-0.0682737715473083,
0.),.UNSPECIFIED.);
#307=B_SPLINE_CURVE_WITH_KNOTS('',3,(#3018,#3019,#3020,#3021,#3022,#3023),
 .UNSPECIFIED.,.F.,.F.,(4,1,1,4),(-0.484161993492382,-0.345829995351703,
-0.207497997211023,-3.87350401119964E-15),.UNSPECIFIED.);
#308=B_SPLINE_CURVE_WITH_KNOTS('',3,(#3035,#3036,#3037,#3038,#3039,#3040),
 .UNSPECIFIED.,.F.,.F.,(4,1,1,4),(-0.481571883166507,-0.343979916547505,
-0.206387949928504,-1.85875265674912E-15),.UNSPECIFIED.);
#309=B_SPLINE_CURVE_WITH_KNOTS('',3,(#3048,#3049,#3050,#3051,#3052),
 .UNSPECIFIED.,.F.,.F.,(4,1,4),(-0.158873492755851,-0.0680886397525075,
-1.49880108323369E-16),.UNSPECIFIED.);
#310=B_SPLINE_CURVE_WITH_KNOTS('',3,(#3060,#3061,#3062,#3063,#3064),
 .UNSPECIFIED.,.F.,.F.,(4,1,4),(-0.158871349845343,-0.0907836284830529,
0.),.UNSPECIFIED.);
#311=B_SPLINE_CURVE_WITH_KNOTS('',3,(#3072,#3073,#3074,#3075,#3076,#3077),
 .UNSPECIFIED.,.F.,.F.,(4,1,1,4),(-0.481579309432378,-0.275188176818505,
-0.137594088409256,-7.63221913154468E-15),.UNSPECIFIED.);
#312=B_SPLINE_CURVE_WITH_KNOTS('',3,(#3085,#3086,#3087,#3088,#3089,#3090),
 .UNSPECIFIED.,.F.,.F.,(4,1,1,4),(-0.481571883166509,-0.343979916547507,
-0.206387949928504,-4.80461787597111E-16),.UNSPECIFIED.);
#313=B_SPLINE_CURVE_WITH_KNOTS('',3,(#3098,#3099,#3100,#3101,#3102),
 .UNSPECIFIED.,.F.,.F.,(4,1,4),(-0.15887349275585,-0.090784853003343,0.),
 .UNSPECIFIED.);
#314=B_SPLINE_CURVE_WITH_KNOTS('',3,(#3110,#3111,#3112,#3113,#3114),
 .UNSPECIFIED.,.F.,.F.,(4,1,4),(-0.15887134984534,-0.0680877213622886,0.),
 .UNSPECIFIED.);
#315=B_SPLINE_CURVE_WITH_KNOTS('',3,(#3122,#3123,#3124,#3125,#3126,#3127),
 .UNSPECIFIED.,.F.,.F.,(4,1,1,4),(-0.48157930943289,-0.275188176818794,
-0.137594088409397,0.),.UNSPECIFIED.);
#316=B_SPLINE_CURVE_WITH_KNOTS('',3,(#3168,#3169,#3170,#3171,#3172,#3173),
 .UNSPECIFIED.,.F.,.F.,(4,1,1,4),(1.85875265674912E-15,0.206387949928504,
0.343979916547505,0.481571883166507),.UNSPECIFIED.);
#317=B_SPLINE_CURVE_WITH_KNOTS('',3,(#3205,#3206,#3207,#3208,#3209),
 .UNSPECIFIED.,.F.,.F.,(4,1,4),(1.49880108323369E-16,0.0680886397525075,
0.158873492755851),.UNSPECIFIED.);
#318=B_SPLINE_CURVE_WITH_KNOTS('',3,(#3243,#3244,#3245,#3246,#3247),
 .UNSPECIFIED.,.F.,.F.,(4,1,4),(0.,0.0907836284830529,0.158871349845343),
 .UNSPECIFIED.);
#319=B_SPLINE_CURVE_WITH_KNOTS('',3,(#3284,#3285,#3286,#3287,#3288,#3289),
 .UNSPECIFIED.,.F.,.F.,(4,1,1,4),(7.63221913154468E-15,0.137594088409256,
0.275188176818505,0.481579309432378),.UNSPECIFIED.);
#320=B_SPLINE_CURVE_WITH_KNOTS('',3,(#3326,#3327,#3328,#3329,#3330,#3331),
 .UNSPECIFIED.,.F.,.F.,(4,1,1,4),(4.80461787597111E-16,0.206387949928504,
0.343979916547507,0.481571883166509),.UNSPECIFIED.);
#321=B_SPLINE_CURVE_WITH_KNOTS('',3,(#3363,#3364,#3365,#3366,#3367),
 .UNSPECIFIED.,.F.,.F.,(4,1,4),(0.,0.090784853003343,0.15887349275585),
 .UNSPECIFIED.);
#322=B_SPLINE_CURVE_WITH_KNOTS('',3,(#3399,#3400,#3401,#3402,#3403),
 .UNSPECIFIED.,.F.,.F.,(4,1,4),(0.,0.0680877213622886,0.15887134984534),
 .UNSPECIFIED.);
#323=B_SPLINE_CURVE_WITH_KNOTS('',3,(#3440,#3441,#3442,#3443,#3444,#3445),
 .UNSPECIFIED.,.F.,.F.,(4,1,1,4),(0.,0.137594088409397,0.275188176818794,
0.48157930943289),.UNSPECIFIED.);
#324=B_SPLINE_CURVE_WITH_KNOTS('',3,(#3455,#3456,#3457,#3458,#3459,#3460,
#3461,#3462,#3463,#3464,#3465,#3466,#3467),.UNSPECIFIED.,.F.,.F.,(4,3,3,
3,4),(14.245742601543,14.2571192369944,14.7499323159288,15.2427453948631,
15.366500535223),.UNSPECIFIED.);
#325=B_SPLINE_CURVE_WITH_KNOTS('',3,(#3473,#3474,#3475,#3476,#3477,#3478,
#3479,#3480,#3481,#3482,#3483,#3484,#3485,#3486,#3487,#3488,#3489,#3490,
#3491,#3492,#3493,#3494,#3495,#3496,#3497,#3498,#3499,#3500,#3501,#3502,
#3503,#3504,#3505,#3506,#3507,#3508,#3509,#3510,#3511,#3512,#3513,#3514,
#3515,#3516,#3517,#3518,#3519,#3520,#3521,#3522,#3523,#3524,#3525,#3526,
#3527,#3528,#3529,#3530,#3531,#3532,#3533,#3534,#3535,#3536,#3537,#3538,
#3539,#3540,#3541,#3542,#3543,#3544,#3545,#3546,#3547,#3548,#3549,#3550,
#3551,#3552,#3553,#3554,#3555,#3556,#3557,#3558,#3559,#3560,#3561,#3562,
#3563,#3564,#3565,#3566,#3567,#3568,#3569,#3570,#3571,#3572,#3573,#3574,
#3575),.UNSPECIFIED.,.F.,.F.,(4,3,3,3,3,3,3,3,3,3,3,3,3,3,3,3,3,3,3,3,3,
3,3,3,3,3,3,3,3,3,3,3,3,3,4),(-50.8627058462336,-50.6850791042669,-50.5043724832102,
-50.3224692422134,-50.1400450639025,-49.9578491081038,-49.7795172579841,
-49.7126428141892,-49.6959807289906,-49.6813250686521,-49.4979479799016,
-49.3137852059383,-49.244521707625,-49.0625890204869,-48.8787276761696,
-48.6945937175073,-48.5109502984578,-48.4539336602334,-48.427259650078,
-48.4024401727405,-48.3875215526666,-48.2034751503108,-48.0177072551998,
-47.8316516615112,-47.6461811560987,-47.5986840868665,-47.4131164832129,
-47.2273225782594,-47.1175144393041,-47.0973502613662,-47.0841814294429,
-46.8987959118876,-46.712080297788,-46.5242412314757,-46.3488574666172),
 .UNSPECIFIED.);
#326=B_SPLINE_CURVE_WITH_KNOTS('',3,(#3593,#3594,#3595,#3596,#3597,#3598,
#3599,#3600,#3601,#3602,#3603,#3604,#3605,#3606,#3607,#3608,#3609,#3610,
#3611,#3612,#3613,#3614),.UNSPECIFIED.,.F.,.F.,(4,3,3,3,3,3,3,4),(2.26439616382145,
2.44008106761863,2.51676419783523,2.53203306202354,2.54753913656137,2.72679783730288,
2.907123200292,3.05354610935141),.UNSPECIFIED.);
#327=B_SPLINE_CURVE_WITH_KNOTS('',3,(#3615,#3616,#3617,#3618,#3619,#3620,
#3621,#3622,#3623,#3624,#3625,#3626,#3627,#3628,#3629,#3630,#3631,#3632,
#3633,#3634,#3635,#3636),.UNSPECIFIED.,.F.,.F.,(4,3,3,3,3,3,3,4),(-5.6317733737439,
-5.45126199845375,-5.27124658140105,-5.20988795685199,-5.1817555612598,
-5.16465351279751,-5.14770634773447,-5.05356892600616),.UNSPECIFIED.);
#328=B_SPLINE_CURVE_WITH_KNOTS('',3,(#3640,#3641,#3642,#3643,#3644,#3645,
#3646,#3647,#3648,#3649,#3650,#3651,#3652,#3653,#3654,#3655,#3656,#3657,
#3658,#3659,#3660,#3661,#3662,#3663,#3664),.UNSPECIFIED.,.F.,.F.,(4,3,3,
3,3,3,3,3,4),(0.929643767620582,1.10837528245393,1.18465526438912,1.21929875877994,
1.2422632241772,1.25705913921944,1.43452678859412,1.61394499339524,1.71861513793541),
 .UNSPECIFIED.);
#329=B_SPLINE_CURVE_WITH_KNOTS('',3,(#3685,#3686,#3687,#3688,#3689,#3690,
#3691,#3692,#3693,#3694,#3695,#3696,#3697,#3698,#3699,#3700,#3701,#3702,
#3703,#3704,#3705,#3706,#3707,#3708,#3709,#3710,#3711,#3712,#3713,#3714,
#3715,#3716,#3717,#3718,#3719,#3720,#3721,#3722,#3723,#3724,#3725,#3726,
#3727,#3728,#3729,#3730,#3731,#3732,#3733,#3734,#3735,#3736),
 .UNSPECIFIED.,.F.,.F.,(4,3,3,3,3,3,3,3,3,3,3,3,3,3,3,3,3,4),(0.931666328707651,
1.11085851071747,1.24230974181237,1.25702516485787,1.43456214084887,1.61653869550583,
1.79652807724838,1.97949821836254,2.16246835947669,2.34203181191687,2.43528107490392,
2.47607762746075,2.49575389042969,2.50863811472093,2.68733880328818,2.86706378483226,
3.04735781967965,3.08802591581324),.UNSPECIFIED.);
#330=B_SPLINE_CURVE_WITH_KNOTS('',3,(#3854,#3855,#3856,#3857,#3858),
 .UNSPECIFIED.,.F.,.F.,(4,1,4),(21.4150770593626,21.907890138297,21.9911485751286),
 .UNSPECIFIED.);
#331=LINE('',#1498,#372);
#332=LINE('',#1534,#373);
#333=LINE('',#1571,#374);
#334=LINE('',#1643,#375);
#335=LINE('',#1696,#376);
#336=LINE('',#2606,#377);
#337=LINE('',#2623,#378);
#338=LINE('',#2640,#379);
#339=LINE('',#2651,#380);
#340=LINE('',#2664,#381);
#341=LINE('',#2712,#382);
#342=LINE('',#2801,#383);
#343=LINE('',#2890,#384);
#344=LINE('',#2979,#385);
#345=LINE('',#3030,#386);
#346=LINE('',#3033,#387);
#347=LINE('',#3041,#388);
#348=LINE('',#3044,#389);
#349=LINE('',#3045,#390);
#350=LINE('',#3053,#391);
#351=LINE('',#3057,#392);
#352=LINE('',#3065,#393);
#353=LINE('',#3068,#394);
#354=LINE('',#3069,#395);
#355=LINE('',#3078,#396);
#356=LINE('',#3082,#397);
#357=LINE('',#3091,#398);
#358=LINE('',#3094,#399);
#359=LINE('',#3095,#400);
#360=LINE('',#3103,#401);
#361=LINE('',#3107,#402);
#362=LINE('',#3115,#403);
#363=LINE('',#3118,#404);
#364=LINE('',#3119,#405);
#365=LINE('',#3128,#406);
#366=LINE('',#3177,#407);
#367=LINE('',#3251,#408);
#368=LINE('',#3335,#409);
#369=LINE('',#3407,#410);
#370=LINE('',#3451,#411);
#371=LINE('',#3470,#412);
#372=VECTOR('',#1229,32.16195);
#373=VECTOR('',#1234,32.16195);
#374=VECTOR('',#1243,32.16195);
#375=VECTOR('',#1246,33.6923283811489);
#376=VECTOR('',#1249,33.6923283811489);
#377=VECTOR('',#1260,10.);
#378=VECTOR('',#1263,10.);
#379=VECTOR('',#1266,10.);
#380=VECTOR('',#1269,26.6035802051039);
#381=VECTOR('',#1276,10.);
#382=VECTOR('',#1283,10.);
#383=VECTOR('',#1298,10.);
#384=VECTOR('',#1313,10.);
#385=VECTOR('',#1328,10.);
#386=VECTOR('',#1341,27.4549876172637);
#387=VECTOR('',#1344,10.);
#388=VECTOR('',#1345,10.);
#389=VECTOR('',#1348,10.);
#390=VECTOR('',#1349,10.);
#391=VECTOR('',#1352,10.);
#392=VECTOR('',#1357,10.);
#393=VECTOR('',#1360,10.);
#394=VECTOR('',#1363,10.);
#395=VECTOR('',#1364,10.);
#396=VECTOR('',#1367,10.);
#397=VECTOR('',#1372,10.);
#398=VECTOR('',#1375,10.);
#399=VECTOR('',#1378,10.);
#400=VECTOR('',#1379,10.);
#401=VECTOR('',#1382,10.);
#402=VECTOR('',#1387,10.);
#403=VECTOR('',#1390,10.);
#404=VECTOR('',#1393,10.);
#405=VECTOR('',#1394,10.);
#406=VECTOR('',#1397,10.);
#407=VECTOR('',#1414,10.);
#408=VECTOR('',#1431,10.);
#409=VECTOR('',#1446,10.);
#410=VECTOR('',#1461,10.);
#411=VECTOR('',#1472,30.6780438438689);
#412=VECTOR('',#1479,31.6035802051039);
#413=VERTEX_POINT('',#1496);
#414=VERTEX_POINT('',#1497);
#415=VERTEX_POINT('',#1499);
#416=VERTEX_POINT('',#1516);
#417=VERTEX_POINT('',#1518);
#418=VERTEX_POINT('',#1526);
#419=VERTEX_POINT('',#1528);
#420=VERTEX_POINT('',#1533);
#421=VERTEX_POINT('',#1535);
#422=VERTEX_POINT('',#1569);
#423=VERTEX_POINT('',#1570);
#424=VERTEX_POINT('',#1641);
#425=VERTEX_POINT('',#1642);
#426=VERTEX_POINT('',#1644);
#427=VERTEX_POINT('',#1664);
#428=VERTEX_POINT('',#1694);
#429=VERTEX_POINT('',#1695);
#430=VERTEX_POINT('',#1839);
#431=VERTEX_POINT('',#1840);
#432=VERTEX_POINT('',#1864);
#433=VERTEX_POINT('',#2066);
#434=VERTEX_POINT('',#2195);
#435=VERTEX_POINT('',#2593);
#436=VERTEX_POINT('',#2596);
#437=VERTEX_POINT('',#2597);
#438=VERTEX_POINT('',#2599);
#439=VERTEX_POINT('',#2605);
#440=VERTEX_POINT('',#2607);
#441=VERTEX_POINT('',#2614);
#442=VERTEX_POINT('',#2616);
#443=VERTEX_POINT('',#2622);
#444=VERTEX_POINT('',#2624);
#445=VERTEX_POINT('',#2631);
#446=VERTEX_POINT('',#2633);
#447=VERTEX_POINT('',#2639);
#448=VERTEX_POINT('',#2641);
#449=VERTEX_POINT('',#2648);
#450=VERTEX_POINT('',#2650);
#451=VERTEX_POINT('',#2652);
#452=VERTEX_POINT('',#2655);
#453=VERTEX_POINT('',#2657);
#454=VERTEX_POINT('',#2663);
#455=VERTEX_POINT('',#2701);
#456=VERTEX_POINT('',#2703);
#457=VERTEX_POINT('',#2711);
#458=VERTEX_POINT('',#2750);
#459=VERTEX_POINT('',#2759);
#460=VERTEX_POINT('',#2792);
#461=VERTEX_POINT('',#2800);
#462=VERTEX_POINT('',#2839);
#463=VERTEX_POINT('',#2848);
#464=VERTEX_POINT('',#2881);
#465=VERTEX_POINT('',#2889);
#466=VERTEX_POINT('',#2928);
#467=VERTEX_POINT('',#2937);
#468=VERTEX_POINT('',#2970);
#469=VERTEX_POINT('',#2978);
#470=VERTEX_POINT('',#3017);
#471=VERTEX_POINT('',#3028);
#472=VERTEX_POINT('',#3032);
#473=VERTEX_POINT('',#3034);
#474=VERTEX_POINT('',#3043);
#475=VERTEX_POINT('',#3047);
#476=VERTEX_POINT('',#3055);
#477=VERTEX_POINT('',#3059);
#478=VERTEX_POINT('',#3067);
#479=VERTEX_POINT('',#3071);
#480=VERTEX_POINT('',#3080);
#481=VERTEX_POINT('',#3084);
#482=VERTEX_POINT('',#3093);
#483=VERTEX_POINT('',#3097);
#484=VERTEX_POINT('',#3105);
#485=VERTEX_POINT('',#3109);
#486=VERTEX_POINT('',#3117);
#487=VERTEX_POINT('',#3121);
#488=VERTEX_POINT('',#3132);
#489=VERTEX_POINT('',#3164);
#490=VERTEX_POINT('',#3166);
#491=VERTEX_POINT('',#3175);
#492=VERTEX_POINT('',#3203);
#493=VERTEX_POINT('',#3211);
#494=VERTEX_POINT('',#3213);
#495=VERTEX_POINT('',#3241);
#496=VERTEX_POINT('',#3249);
#497=VERTEX_POINT('',#3282);
#498=VERTEX_POINT('',#3291);
#499=VERTEX_POINT('',#3324);
#500=VERTEX_POINT('',#3333);
#501=VERTEX_POINT('',#3361);
#502=VERTEX_POINT('',#3369);
#503=VERTEX_POINT('',#3397);
#504=VERTEX_POINT('',#3405);
#505=VERTEX_POINT('',#3438);
#506=VERTEX_POINT('',#3449);
#507=VERTEX_POINT('',#3453);
#508=VERTEX_POINT('',#3469);
#509=VERTEX_POINT('',#3592);
#510=VERTEX_POINT('',#3638);
#511=EDGE_CURVE('',#413,#414,#331,.T.);
#512=EDGE_CURVE('',#413,#415,#272,.T.);
#513=EDGE_CURVE('',#416,#415,#208,.T.);
#514=EDGE_CURVE('',#417,#416,#273,.T.);
#515=EDGE_CURVE('',#417,#418,#209,.T.);
#516=EDGE_CURVE('',#418,#419,#274,.T.);
#517=EDGE_CURVE('',#420,#419,#332,.T.);
#518=EDGE_CURVE('',#420,#421,#210,.T.);
#519=EDGE_CURVE('',#414,#421,#275,.F.);
#520=EDGE_CURVE('',#419,#415,#276,.T.);
#521=EDGE_CURVE('',#415,#420,#211,.T.);
#522=EDGE_CURVE('',#422,#423,#333,.T.);
#523=EDGE_CURVE('',#422,#413,#277,.T.);
#524=EDGE_CURVE('',#423,#414,#278,.F.);
#525=EDGE_CURVE('',#424,#425,#334,.T.);
#526=EDGE_CURVE('',#426,#424,#279,.T.);
#527=EDGE_CURVE('',#427,#426,#280,.T.);
#528=EDGE_CURVE('',#425,#427,#281,.F.);
#529=EDGE_CURVE('',#428,#429,#335,.T.);
#530=EDGE_CURVE('',#424,#428,#282,.T.);
#531=EDGE_CURVE('',#429,#425,#283,.F.);
#532=EDGE_CURVE('',#430,#431,#284,.T.);
#533=EDGE_CURVE('',#430,#427,#285,.F.);
#534=EDGE_CURVE('',#426,#432,#286,.T.);
#535=EDGE_CURVE('',#432,#431,#287,.F.);
#536=EDGE_CURVE('',#433,#430,#288,.T.);
#537=EDGE_CURVE('',#433,#423,#289,.F.);
#538=EDGE_CURVE('',#421,#434,#290,.T.);
#539=EDGE_CURVE('',#434,#429,#291,.F.);
#540=EDGE_CURVE('',#433,#431,#212,.F.);
#541=EDGE_CURVE('',#435,#435,#213,.T.);
#542=EDGE_CURVE('',#436,#437,#214,.T.);
#543=EDGE_CURVE('',#438,#436,#292,.T.);
#544=EDGE_CURVE('',#439,#438,#336,.T.);
#545=EDGE_CURVE('',#440,#439,#293,.T.);
#546=EDGE_CURVE('',#441,#440,#215,.T.);
#547=EDGE_CURVE('',#442,#441,#294,.T.);
#548=EDGE_CURVE('',#443,#442,#337,.T.);
#549=EDGE_CURVE('',#444,#443,#295,.T.);
#550=EDGE_CURVE('',#445,#444,#216,.T.);
#551=EDGE_CURVE('',#446,#445,#296,.T.);
#552=EDGE_CURVE('',#447,#446,#338,.T.);
#553=EDGE_CURVE('',#448,#447,#297,.T.);
#554=EDGE_CURVE('',#449,#448,#217,.T.);
#555=EDGE_CURVE('',#449,#450,#339,.T.);
#556=EDGE_CURVE('',#450,#451,#218,.T.);
#557=EDGE_CURVE('',#451,#450,#219,.T.);
#558=EDGE_CURVE('',#452,#449,#220,.T.);
#559=EDGE_CURVE('',#453,#452,#298,.T.);
#560=EDGE_CURVE('',#454,#453,#340,.T.);
#561=EDGE_CURVE('',#437,#454,#299,.T.);
#562=EDGE_CURVE('',#445,#455,#221,.T.);
#563=EDGE_CURVE('',#455,#456,#300,.T.);
#564=EDGE_CURVE('',#446,#456,#222,.T.);
#565=EDGE_CURVE('',#456,#457,#341,.T.);
#566=EDGE_CURVE('',#447,#457,#223,.T.);
#567=EDGE_CURVE('',#457,#458,#301,.T.);
#568=EDGE_CURVE('',#448,#458,#224,.T.);
#569=EDGE_CURVE('',#458,#459,#225,.T.);
#570=EDGE_CURVE('',#452,#459,#226,.T.);
#571=EDGE_CURVE('',#459,#460,#302,.T.);
#572=EDGE_CURVE('',#453,#460,#227,.T.);
#573=EDGE_CURVE('',#460,#461,#342,.T.);
#574=EDGE_CURVE('',#454,#461,#228,.T.);
#575=EDGE_CURVE('',#461,#462,#303,.T.);
#576=EDGE_CURVE('',#437,#462,#229,.T.);
#577=EDGE_CURVE('',#463,#436,#230,.T.);
#578=EDGE_CURVE('',#462,#463,#231,.T.);
#579=EDGE_CURVE('',#463,#464,#304,.T.);
#580=EDGE_CURVE('',#438,#464,#232,.T.);
#581=EDGE_CURVE('',#464,#465,#343,.T.);
#582=EDGE_CURVE('',#439,#465,#233,.T.);
#583=EDGE_CURVE('',#465,#466,#305,.T.);
#584=EDGE_CURVE('',#440,#466,#234,.T.);
#585=EDGE_CURVE('',#466,#467,#235,.T.);
#586=EDGE_CURVE('',#441,#467,#236,.T.);
#587=EDGE_CURVE('',#467,#468,#306,.T.);
#588=EDGE_CURVE('',#442,#468,#237,.T.);
#589=EDGE_CURVE('',#468,#469,#344,.T.);
#590=EDGE_CURVE('',#443,#469,#238,.T.);
#591=EDGE_CURVE('',#469,#470,#307,.T.);
#592=EDGE_CURVE('',#444,#470,#239,.T.);
#593=EDGE_CURVE('',#470,#455,#240,.T.);
#594=EDGE_CURVE('',#471,#471,#241,.T.);
#595=EDGE_CURVE('',#471,#451,#345,.T.);
#596=EDGE_CURVE('',#455,#472,#346,.T.);
#597=EDGE_CURVE('',#473,#472,#308,.T.);
#598=EDGE_CURVE('',#473,#456,#347,.T.);
#599=EDGE_CURVE('',#474,#473,#348,.T.);
#600=EDGE_CURVE('',#457,#474,#349,.T.);
#601=EDGE_CURVE('',#475,#474,#309,.T.);
#602=EDGE_CURVE('',#475,#458,#350,.T.);
#603=EDGE_CURVE('',#476,#475,#242,.T.);
#604=EDGE_CURVE('',#459,#476,#351,.T.);
#605=EDGE_CURVE('',#477,#476,#310,.T.);
#606=EDGE_CURVE('',#477,#460,#352,.T.);
#607=EDGE_CURVE('',#478,#477,#353,.T.);
#608=EDGE_CURVE('',#461,#478,#354,.T.);
#609=EDGE_CURVE('',#479,#478,#311,.T.);
#610=EDGE_CURVE('',#479,#462,#355,.T.);
#611=EDGE_CURVE('',#480,#479,#243,.T.);
#612=EDGE_CURVE('',#463,#480,#356,.T.);
#613=EDGE_CURVE('',#481,#480,#312,.T.);
#614=EDGE_CURVE('',#481,#464,#357,.T.);
#615=EDGE_CURVE('',#482,#481,#358,.T.);
#616=EDGE_CURVE('',#465,#482,#359,.T.);
#617=EDGE_CURVE('',#483,#482,#313,.T.);
#618=EDGE_CURVE('',#483,#466,#360,.T.);
#619=EDGE_CURVE('',#484,#483,#244,.T.);
#620=EDGE_CURVE('',#467,#484,#361,.T.);
#621=EDGE_CURVE('',#485,#484,#314,.T.);
#622=EDGE_CURVE('',#485,#468,#362,.T.);
#623=EDGE_CURVE('',#486,#485,#363,.T.);
#624=EDGE_CURVE('',#469,#486,#364,.T.);
#625=EDGE_CURVE('',#487,#486,#315,.T.);
#626=EDGE_CURVE('',#487,#470,#365,.T.);
#627=EDGE_CURVE('',#472,#487,#245,.T.);
#628=EDGE_CURVE('',#488,#488,#246,.F.);
#629=EDGE_CURVE('',#489,#473,#247,.T.);
#630=EDGE_CURVE('',#490,#472,#248,.T.);
#631=EDGE_CURVE('',#490,#489,#316,.T.);
#632=EDGE_CURVE('',#491,#474,#249,.T.);
#633=EDGE_CURVE('',#489,#491,#366,.T.);
#634=EDGE_CURVE('',#492,#475,#250,.T.);
#635=EDGE_CURVE('',#491,#492,#317,.T.);
#636=EDGE_CURVE('',#493,#476,#251,.T.);
#637=EDGE_CURVE('',#492,#494,#252,.T.);
#638=EDGE_CURVE('',#494,#493,#253,.T.);
#639=EDGE_CURVE('',#495,#477,#254,.T.);
#640=EDGE_CURVE('',#493,#495,#318,.T.);
#641=EDGE_CURVE('',#496,#478,#255,.T.);
#642=EDGE_CURVE('',#495,#496,#367,.T.);
#643=EDGE_CURVE('',#497,#479,#256,.T.);
#644=EDGE_CURVE('',#496,#497,#319,.T.);
#645=EDGE_CURVE('',#498,#480,#257,.T.);
#646=EDGE_CURVE('',#497,#498,#258,.T.);
#647=EDGE_CURVE('',#499,#481,#259,.T.);
#648=EDGE_CURVE('',#498,#499,#320,.T.);
#649=EDGE_CURVE('',#500,#482,#260,.T.);
#650=EDGE_CURVE('',#499,#500,#368,.T.);
#651=EDGE_CURVE('',#501,#483,#261,.T.);
#652=EDGE_CURVE('',#500,#501,#321,.T.);
#653=EDGE_CURVE('',#502,#484,#262,.T.);
#654=EDGE_CURVE('',#501,#502,#263,.T.);
#655=EDGE_CURVE('',#503,#485,#264,.T.);
#656=EDGE_CURVE('',#502,#503,#322,.T.);
#657=EDGE_CURVE('',#504,#486,#265,.T.);
#658=EDGE_CURVE('',#503,#504,#369,.T.);
#659=EDGE_CURVE('',#487,#505,#266,.T.);
#660=EDGE_CURVE('',#504,#505,#323,.T.);
#661=EDGE_CURVE('',#505,#490,#267,.T.);
#662=EDGE_CURVE('',#506,#506,#268,.T.);
#663=EDGE_CURVE('',#506,#488,#370,.T.);
#664=EDGE_CURVE('',#434,#507,#269,.T.);
#665=EDGE_CURVE('',#428,#507,#324,.T.);
#666=EDGE_CURVE('',#494,#508,#371,.T.);
#667=EDGE_CURVE('',#508,#508,#270,.T.);
#668=EDGE_CURVE('',#415,#507,#325,.T.);
#669=EDGE_CURVE('',#418,#509,#326,.T.);
#670=EDGE_CURVE('',#415,#509,#327,.F.);
#671=EDGE_CURVE('',#509,#510,#271,.T.);
#672=EDGE_CURVE('',#510,#417,#328,.T.);
#673=EDGE_CURVE('',#510,#416,#329,.T.);
#674=EDGE_CURVE('',#432,#422,#330,.T.);
#675=ORIENTED_EDGE('',*,*,#511,.F.);
#676=ORIENTED_EDGE('',*,*,#512,.T.);
#677=ORIENTED_EDGE('',*,*,#513,.F.);
#678=ORIENTED_EDGE('',*,*,#514,.F.);
#679=ORIENTED_EDGE('',*,*,#515,.T.);
#680=ORIENTED_EDGE('',*,*,#516,.T.);
#681=ORIENTED_EDGE('',*,*,#517,.F.);
#682=ORIENTED_EDGE('',*,*,#518,.T.);
#683=ORIENTED_EDGE('',*,*,#519,.F.);
#684=ORIENTED_EDGE('',*,*,#517,.T.);
#685=ORIENTED_EDGE('',*,*,#520,.T.);
#686=ORIENTED_EDGE('',*,*,#521,.T.);
#687=ORIENTED_EDGE('',*,*,#522,.F.);
#688=ORIENTED_EDGE('',*,*,#523,.T.);
#689=ORIENTED_EDGE('',*,*,#511,.T.);
#690=ORIENTED_EDGE('',*,*,#524,.F.);
#691=ORIENTED_EDGE('',*,*,#525,.F.);
#692=ORIENTED_EDGE('',*,*,#526,.F.);
#693=ORIENTED_EDGE('',*,*,#527,.F.);
#694=ORIENTED_EDGE('',*,*,#528,.F.);
#695=ORIENTED_EDGE('',*,*,#529,.F.);
#696=ORIENTED_EDGE('',*,*,#530,.F.);
#697=ORIENTED_EDGE('',*,*,#525,.T.);
#698=ORIENTED_EDGE('',*,*,#531,.F.);
#699=ORIENTED_EDGE('',*,*,#532,.F.);
#700=ORIENTED_EDGE('',*,*,#533,.T.);
#701=ORIENTED_EDGE('',*,*,#527,.T.);
#702=ORIENTED_EDGE('',*,*,#534,.T.);
#703=ORIENTED_EDGE('',*,*,#535,.T.);
#704=ORIENTED_EDGE('',*,*,#536,.F.);
#705=ORIENTED_EDGE('',*,*,#537,.T.);
#706=ORIENTED_EDGE('',*,*,#524,.T.);
#707=ORIENTED_EDGE('',*,*,#519,.T.);
#708=ORIENTED_EDGE('',*,*,#538,.T.);
#709=ORIENTED_EDGE('',*,*,#539,.T.);
#710=ORIENTED_EDGE('',*,*,#531,.T.);
#711=ORIENTED_EDGE('',*,*,#528,.T.);
#712=ORIENTED_EDGE('',*,*,#533,.F.);
#713=ORIENTED_EDGE('',*,*,#536,.T.);
#714=ORIENTED_EDGE('',*,*,#532,.T.);
#715=ORIENTED_EDGE('',*,*,#540,.F.);
#716=ORIENTED_EDGE('',*,*,#541,.F.);
#717=ORIENTED_EDGE('',*,*,#542,.F.);
#718=ORIENTED_EDGE('',*,*,#543,.F.);
#719=ORIENTED_EDGE('',*,*,#544,.F.);
#720=ORIENTED_EDGE('',*,*,#545,.F.);
#721=ORIENTED_EDGE('',*,*,#546,.F.);
#722=ORIENTED_EDGE('',*,*,#547,.F.);
#723=ORIENTED_EDGE('',*,*,#548,.F.);
#724=ORIENTED_EDGE('',*,*,#549,.F.);
#725=ORIENTED_EDGE('',*,*,#550,.F.);
#726=ORIENTED_EDGE('',*,*,#551,.F.);
#727=ORIENTED_EDGE('',*,*,#552,.F.);
#728=ORIENTED_EDGE('',*,*,#553,.F.);
#729=ORIENTED_EDGE('',*,*,#554,.F.);
#730=ORIENTED_EDGE('',*,*,#555,.T.);
#731=ORIENTED_EDGE('',*,*,#556,.T.);
#732=ORIENTED_EDGE('',*,*,#557,.T.);
#733=ORIENTED_EDGE('',*,*,#555,.F.);
#734=ORIENTED_EDGE('',*,*,#558,.F.);
#735=ORIENTED_EDGE('',*,*,#559,.F.);
#736=ORIENTED_EDGE('',*,*,#560,.F.);
#737=ORIENTED_EDGE('',*,*,#561,.F.);
#738=ORIENTED_EDGE('',*,*,#562,.T.);
#739=ORIENTED_EDGE('',*,*,#563,.T.);
#740=ORIENTED_EDGE('',*,*,#564,.F.);
#741=ORIENTED_EDGE('',*,*,#551,.T.);
#742=ORIENTED_EDGE('',*,*,#564,.T.);
#743=ORIENTED_EDGE('',*,*,#565,.T.);
#744=ORIENTED_EDGE('',*,*,#566,.F.);
#745=ORIENTED_EDGE('',*,*,#552,.T.);
#746=ORIENTED_EDGE('',*,*,#566,.T.);
#747=ORIENTED_EDGE('',*,*,#567,.T.);
#748=ORIENTED_EDGE('',*,*,#568,.F.);
#749=ORIENTED_EDGE('',*,*,#553,.T.);
#750=ORIENTED_EDGE('',*,*,#568,.T.);
#751=ORIENTED_EDGE('',*,*,#569,.T.);
#752=ORIENTED_EDGE('',*,*,#570,.F.);
#753=ORIENTED_EDGE('',*,*,#558,.T.);
#754=ORIENTED_EDGE('',*,*,#554,.T.);
#755=ORIENTED_EDGE('',*,*,#570,.T.);
#756=ORIENTED_EDGE('',*,*,#571,.T.);
#757=ORIENTED_EDGE('',*,*,#572,.F.);
#758=ORIENTED_EDGE('',*,*,#559,.T.);
#759=ORIENTED_EDGE('',*,*,#572,.T.);
#760=ORIENTED_EDGE('',*,*,#573,.T.);
#761=ORIENTED_EDGE('',*,*,#574,.F.);
#762=ORIENTED_EDGE('',*,*,#560,.T.);
#763=ORIENTED_EDGE('',*,*,#574,.T.);
#764=ORIENTED_EDGE('',*,*,#575,.T.);
#765=ORIENTED_EDGE('',*,*,#576,.F.);
#766=ORIENTED_EDGE('',*,*,#561,.T.);
#767=ORIENTED_EDGE('',*,*,#577,.T.);
#768=ORIENTED_EDGE('',*,*,#542,.T.);
#769=ORIENTED_EDGE('',*,*,#576,.T.);
#770=ORIENTED_EDGE('',*,*,#578,.T.);
#771=ORIENTED_EDGE('',*,*,#577,.F.);
#772=ORIENTED_EDGE('',*,*,#579,.T.);
#773=ORIENTED_EDGE('',*,*,#580,.F.);
#774=ORIENTED_EDGE('',*,*,#543,.T.);
#775=ORIENTED_EDGE('',*,*,#580,.T.);
#776=ORIENTED_EDGE('',*,*,#581,.T.);
#777=ORIENTED_EDGE('',*,*,#582,.F.);
#778=ORIENTED_EDGE('',*,*,#544,.T.);
#779=ORIENTED_EDGE('',*,*,#582,.T.);
#780=ORIENTED_EDGE('',*,*,#583,.T.);
#781=ORIENTED_EDGE('',*,*,#584,.F.);
#782=ORIENTED_EDGE('',*,*,#545,.T.);
#783=ORIENTED_EDGE('',*,*,#584,.T.);
#784=ORIENTED_EDGE('',*,*,#585,.T.);
#785=ORIENTED_EDGE('',*,*,#586,.F.);
#786=ORIENTED_EDGE('',*,*,#546,.T.);
#787=ORIENTED_EDGE('',*,*,#586,.T.);
#788=ORIENTED_EDGE('',*,*,#587,.T.);
#789=ORIENTED_EDGE('',*,*,#588,.F.);
#790=ORIENTED_EDGE('',*,*,#547,.T.);
#791=ORIENTED_EDGE('',*,*,#588,.T.);
#792=ORIENTED_EDGE('',*,*,#589,.T.);
#793=ORIENTED_EDGE('',*,*,#590,.F.);
#794=ORIENTED_EDGE('',*,*,#548,.T.);
#795=ORIENTED_EDGE('',*,*,#590,.T.);
#796=ORIENTED_EDGE('',*,*,#591,.T.);
#797=ORIENTED_EDGE('',*,*,#592,.F.);
#798=ORIENTED_EDGE('',*,*,#549,.T.);
#799=ORIENTED_EDGE('',*,*,#592,.T.);
#800=ORIENTED_EDGE('',*,*,#593,.T.);
#801=ORIENTED_EDGE('',*,*,#562,.F.);
#802=ORIENTED_EDGE('',*,*,#550,.T.);
#803=ORIENTED_EDGE('',*,*,#594,.F.);
#804=ORIENTED_EDGE('',*,*,#595,.T.);
#805=ORIENTED_EDGE('',*,*,#556,.F.);
#806=ORIENTED_EDGE('',*,*,#557,.F.);
#807=ORIENTED_EDGE('',*,*,#595,.F.);
#808=ORIENTED_EDGE('',*,*,#563,.F.);
#809=ORIENTED_EDGE('',*,*,#596,.T.);
#810=ORIENTED_EDGE('',*,*,#597,.F.);
#811=ORIENTED_EDGE('',*,*,#598,.T.);
#812=ORIENTED_EDGE('',*,*,#565,.F.);
#813=ORIENTED_EDGE('',*,*,#598,.F.);
#814=ORIENTED_EDGE('',*,*,#599,.F.);
#815=ORIENTED_EDGE('',*,*,#600,.F.);
#816=ORIENTED_EDGE('',*,*,#567,.F.);
#817=ORIENTED_EDGE('',*,*,#600,.T.);
#818=ORIENTED_EDGE('',*,*,#601,.F.);
#819=ORIENTED_EDGE('',*,*,#602,.T.);
#820=ORIENTED_EDGE('',*,*,#569,.F.);
#821=ORIENTED_EDGE('',*,*,#602,.F.);
#822=ORIENTED_EDGE('',*,*,#603,.F.);
#823=ORIENTED_EDGE('',*,*,#604,.F.);
#824=ORIENTED_EDGE('',*,*,#571,.F.);
#825=ORIENTED_EDGE('',*,*,#604,.T.);
#826=ORIENTED_EDGE('',*,*,#605,.F.);
#827=ORIENTED_EDGE('',*,*,#606,.T.);
#828=ORIENTED_EDGE('',*,*,#573,.F.);
#829=ORIENTED_EDGE('',*,*,#606,.F.);
#830=ORIENTED_EDGE('',*,*,#607,.F.);
#831=ORIENTED_EDGE('',*,*,#608,.F.);
#832=ORIENTED_EDGE('',*,*,#575,.F.);
#833=ORIENTED_EDGE('',*,*,#608,.T.);
#834=ORIENTED_EDGE('',*,*,#609,.F.);
#835=ORIENTED_EDGE('',*,*,#610,.T.);
#836=ORIENTED_EDGE('',*,*,#578,.F.);
#837=ORIENTED_EDGE('',*,*,#610,.F.);
#838=ORIENTED_EDGE('',*,*,#611,.F.);
#839=ORIENTED_EDGE('',*,*,#612,.F.);
#840=ORIENTED_EDGE('',*,*,#579,.F.);
#841=ORIENTED_EDGE('',*,*,#612,.T.);
#842=ORIENTED_EDGE('',*,*,#613,.F.);
#843=ORIENTED_EDGE('',*,*,#614,.T.);
#844=ORIENTED_EDGE('',*,*,#581,.F.);
#845=ORIENTED_EDGE('',*,*,#614,.F.);
#846=ORIENTED_EDGE('',*,*,#615,.F.);
#847=ORIENTED_EDGE('',*,*,#616,.F.);
#848=ORIENTED_EDGE('',*,*,#583,.F.);
#849=ORIENTED_EDGE('',*,*,#616,.T.);
#850=ORIENTED_EDGE('',*,*,#617,.F.);
#851=ORIENTED_EDGE('',*,*,#618,.T.);
#852=ORIENTED_EDGE('',*,*,#585,.F.);
#853=ORIENTED_EDGE('',*,*,#618,.F.);
#854=ORIENTED_EDGE('',*,*,#619,.F.);
#855=ORIENTED_EDGE('',*,*,#620,.F.);
#856=ORIENTED_EDGE('',*,*,#587,.F.);
#857=ORIENTED_EDGE('',*,*,#620,.T.);
#858=ORIENTED_EDGE('',*,*,#621,.F.);
#859=ORIENTED_EDGE('',*,*,#622,.T.);
#860=ORIENTED_EDGE('',*,*,#589,.F.);
#861=ORIENTED_EDGE('',*,*,#622,.F.);
#862=ORIENTED_EDGE('',*,*,#623,.F.);
#863=ORIENTED_EDGE('',*,*,#624,.F.);
#864=ORIENTED_EDGE('',*,*,#591,.F.);
#865=ORIENTED_EDGE('',*,*,#624,.T.);
#866=ORIENTED_EDGE('',*,*,#625,.F.);
#867=ORIENTED_EDGE('',*,*,#626,.T.);
#868=ORIENTED_EDGE('',*,*,#593,.F.);
#869=ORIENTED_EDGE('',*,*,#626,.F.);
#870=ORIENTED_EDGE('',*,*,#627,.F.);
#871=ORIENTED_EDGE('',*,*,#596,.F.);
#872=ORIENTED_EDGE('',*,*,#628,.T.);
#873=ORIENTED_EDGE('',*,*,#594,.T.);
#874=ORIENTED_EDGE('',*,*,#629,.T.);
#875=ORIENTED_EDGE('',*,*,#597,.T.);
#876=ORIENTED_EDGE('',*,*,#630,.F.);
#877=ORIENTED_EDGE('',*,*,#631,.T.);
#878=ORIENTED_EDGE('',*,*,#632,.T.);
#879=ORIENTED_EDGE('',*,*,#599,.T.);
#880=ORIENTED_EDGE('',*,*,#629,.F.);
#881=ORIENTED_EDGE('',*,*,#633,.T.);
#882=ORIENTED_EDGE('',*,*,#634,.T.);
#883=ORIENTED_EDGE('',*,*,#601,.T.);
#884=ORIENTED_EDGE('',*,*,#632,.F.);
#885=ORIENTED_EDGE('',*,*,#635,.T.);
#886=ORIENTED_EDGE('',*,*,#636,.T.);
#887=ORIENTED_EDGE('',*,*,#603,.T.);
#888=ORIENTED_EDGE('',*,*,#634,.F.);
#889=ORIENTED_EDGE('',*,*,#637,.T.);
#890=ORIENTED_EDGE('',*,*,#638,.T.);
#891=ORIENTED_EDGE('',*,*,#639,.T.);
#892=ORIENTED_EDGE('',*,*,#605,.T.);
#893=ORIENTED_EDGE('',*,*,#636,.F.);
#894=ORIENTED_EDGE('',*,*,#640,.T.);
#895=ORIENTED_EDGE('',*,*,#641,.T.);
#896=ORIENTED_EDGE('',*,*,#607,.T.);
#897=ORIENTED_EDGE('',*,*,#639,.F.);
#898=ORIENTED_EDGE('',*,*,#642,.T.);
#899=ORIENTED_EDGE('',*,*,#643,.T.);
#900=ORIENTED_EDGE('',*,*,#609,.T.);
#901=ORIENTED_EDGE('',*,*,#641,.F.);
#902=ORIENTED_EDGE('',*,*,#644,.T.);
#903=ORIENTED_EDGE('',*,*,#645,.T.);
#904=ORIENTED_EDGE('',*,*,#611,.T.);
#905=ORIENTED_EDGE('',*,*,#643,.F.);
#906=ORIENTED_EDGE('',*,*,#646,.T.);
#907=ORIENTED_EDGE('',*,*,#647,.T.);
#908=ORIENTED_EDGE('',*,*,#613,.T.);
#909=ORIENTED_EDGE('',*,*,#645,.F.);
#910=ORIENTED_EDGE('',*,*,#648,.T.);
#911=ORIENTED_EDGE('',*,*,#649,.T.);
#912=ORIENTED_EDGE('',*,*,#615,.T.);
#913=ORIENTED_EDGE('',*,*,#647,.F.);
#914=ORIENTED_EDGE('',*,*,#650,.T.);
#915=ORIENTED_EDGE('',*,*,#651,.T.);
#916=ORIENTED_EDGE('',*,*,#617,.T.);
#917=ORIENTED_EDGE('',*,*,#649,.F.);
#918=ORIENTED_EDGE('',*,*,#652,.T.);
#919=ORIENTED_EDGE('',*,*,#653,.T.);
#920=ORIENTED_EDGE('',*,*,#619,.T.);
#921=ORIENTED_EDGE('',*,*,#651,.F.);
#922=ORIENTED_EDGE('',*,*,#654,.T.);
#923=ORIENTED_EDGE('',*,*,#655,.T.);
#924=ORIENTED_EDGE('',*,*,#621,.T.);
#925=ORIENTED_EDGE('',*,*,#653,.F.);
#926=ORIENTED_EDGE('',*,*,#656,.T.);
#927=ORIENTED_EDGE('',*,*,#657,.T.);
#928=ORIENTED_EDGE('',*,*,#623,.T.);
#929=ORIENTED_EDGE('',*,*,#655,.F.);
#930=ORIENTED_EDGE('',*,*,#658,.T.);
#931=ORIENTED_EDGE('',*,*,#659,.F.);
#932=ORIENTED_EDGE('',*,*,#625,.T.);
#933=ORIENTED_EDGE('',*,*,#657,.F.);
#934=ORIENTED_EDGE('',*,*,#660,.T.);
#935=ORIENTED_EDGE('',*,*,#659,.T.);
#936=ORIENTED_EDGE('',*,*,#661,.T.);
#937=ORIENTED_EDGE('',*,*,#630,.T.);
#938=ORIENTED_EDGE('',*,*,#627,.T.);
#939=ORIENTED_EDGE('',*,*,#662,.T.);
#940=ORIENTED_EDGE('',*,*,#663,.T.);
#941=ORIENTED_EDGE('',*,*,#628,.F.);
#942=ORIENTED_EDGE('',*,*,#663,.F.);
#943=ORIENTED_EDGE('',*,*,#529,.T.);
#944=ORIENTED_EDGE('',*,*,#539,.F.);
#945=ORIENTED_EDGE('',*,*,#664,.T.);
#946=ORIENTED_EDGE('',*,*,#665,.F.);
#947=ORIENTED_EDGE('',*,*,#661,.F.);
#948=ORIENTED_EDGE('',*,*,#660,.F.);
#949=ORIENTED_EDGE('',*,*,#658,.F.);
#950=ORIENTED_EDGE('',*,*,#656,.F.);
#951=ORIENTED_EDGE('',*,*,#654,.F.);
#952=ORIENTED_EDGE('',*,*,#652,.F.);
#953=ORIENTED_EDGE('',*,*,#650,.F.);
#954=ORIENTED_EDGE('',*,*,#648,.F.);
#955=ORIENTED_EDGE('',*,*,#646,.F.);
#956=ORIENTED_EDGE('',*,*,#644,.F.);
#957=ORIENTED_EDGE('',*,*,#642,.F.);
#958=ORIENTED_EDGE('',*,*,#640,.F.);
#959=ORIENTED_EDGE('',*,*,#638,.F.);
#960=ORIENTED_EDGE('',*,*,#666,.T.);
#961=ORIENTED_EDGE('',*,*,#667,.T.);
#962=ORIENTED_EDGE('',*,*,#666,.F.);
#963=ORIENTED_EDGE('',*,*,#637,.F.);
#964=ORIENTED_EDGE('',*,*,#635,.F.);
#965=ORIENTED_EDGE('',*,*,#633,.F.);
#966=ORIENTED_EDGE('',*,*,#631,.F.);
#967=ORIENTED_EDGE('',*,*,#521,.F.);
#968=ORIENTED_EDGE('',*,*,#668,.T.);
#969=ORIENTED_EDGE('',*,*,#664,.F.);
#970=ORIENTED_EDGE('',*,*,#538,.F.);
#971=ORIENTED_EDGE('',*,*,#518,.F.);
#972=ORIENTED_EDGE('',*,*,#516,.F.);
#973=ORIENTED_EDGE('',*,*,#669,.T.);
#974=ORIENTED_EDGE('',*,*,#670,.F.);
#975=ORIENTED_EDGE('',*,*,#520,.F.);
#976=ORIENTED_EDGE('',*,*,#671,.F.);
#977=ORIENTED_EDGE('',*,*,#669,.F.);
#978=ORIENTED_EDGE('',*,*,#515,.F.);
#979=ORIENTED_EDGE('',*,*,#672,.F.);
#980=ORIENTED_EDGE('',*,*,#662,.F.);
#981=ORIENTED_EDGE('',*,*,#673,.F.);
#982=ORIENTED_EDGE('',*,*,#672,.T.);
#983=ORIENTED_EDGE('',*,*,#514,.T.);
#984=ORIENTED_EDGE('',*,*,#513,.T.);
#985=ORIENTED_EDGE('',*,*,#670,.T.);
#986=ORIENTED_EDGE('',*,*,#671,.T.);
#987=ORIENTED_EDGE('',*,*,#673,.T.);
#988=ORIENTED_EDGE('',*,*,#668,.F.);
#989=ORIENTED_EDGE('',*,*,#512,.F.);
#990=ORIENTED_EDGE('',*,*,#523,.F.);
#991=ORIENTED_EDGE('',*,*,#674,.F.);
#992=ORIENTED_EDGE('',*,*,#534,.F.);
#993=ORIENTED_EDGE('',*,*,#526,.T.);
#994=ORIENTED_EDGE('',*,*,#530,.T.);
#995=ORIENTED_EDGE('',*,*,#665,.T.);
#996=ORIENTED_EDGE('',*,*,#541,.T.);
#997=ORIENTED_EDGE('',*,*,#667,.F.);
#998=ORIENTED_EDGE('',*,*,#522,.T.);
#999=ORIENTED_EDGE('',*,*,#537,.F.);
#1000=ORIENTED_EDGE('',*,*,#540,.T.);
#1001=ORIENTED_EDGE('',*,*,#535,.F.);
#1002=ORIENTED_EDGE('',*,*,#674,.T.);
#1003=CYLINDRICAL_SURFACE('',#1112,32.16195);
#1004=CYLINDRICAL_SURFACE('',#1116,32.16195);
#1005=CYLINDRICAL_SURFACE('',#1118,32.16195);
#1006=CYLINDRICAL_SURFACE('',#1119,33.6923283811489);
#1007=CYLINDRICAL_SURFACE('',#1120,33.6923283811489);
#1008=CYLINDRICAL_SURFACE('',#1124,26.6035802051039);
#1009=CYLINDRICAL_SURFACE('',#1134,1.);
#1010=CYLINDRICAL_SURFACE('',#1141,1.);
#1011=CYLINDRICAL_SURFACE('',#1148,1.);
#1012=CYLINDRICAL_SURFACE('',#1155,1.);
#1013=CYLINDRICAL_SURFACE('',#1162,2.);
#1014=CYLINDRICAL_SURFACE('',#1164,2.);
#1015=CYLINDRICAL_SURFACE('',#1167,2.);
#1016=CYLINDRICAL_SURFACE('',#1169,2.);
#1017=CYLINDRICAL_SURFACE('',#1172,2.);
#1018=CYLINDRICAL_SURFACE('',#1174,2.);
#1019=CYLINDRICAL_SURFACE('',#1177,2.);
#1020=CYLINDRICAL_SURFACE('',#1179,2.);
#1021=CYLINDRICAL_SURFACE('',#1186,1.);
#1022=CYLINDRICAL_SURFACE('',#1194,1.);
#1023=CYLINDRICAL_SURFACE('',#1201,1.);
#1024=CYLINDRICAL_SURFACE('',#1208,1.);
#1025=CYLINDRICAL_SURFACE('',#1215,33.6923283811489);
#1026=CYLINDRICAL_SURFACE('',#1217,31.6035802051039);
#1027=CYLINDRICAL_SURFACE('',#1224,32.16195);
#1028=ADVANCED_FACE('',(#64),#1003,.T.);
#1029=ADVANCED_FACE('',(#65),#1004,.T.);
#1030=ADVANCED_FACE('',(#66),#1005,.T.);
#1031=ADVANCED_FACE('',(#67),#1006,.T.);
#1032=ADVANCED_FACE('',(#68),#1007,.T.);
#1033=ADVANCED_FACE('',(#69),#43,.F.);
#1034=ADVANCED_FACE('',(#70),#44,.F.);
#1035=ADVANCED_FACE('',(#71,#27),#31,.F.);
#1036=ADVANCED_FACE('',(#72),#1008,.F.);
#1037=ADVANCED_FACE('',(#73),#45,.F.);
#1038=ADVANCED_FACE('',(#74),#1009,.T.);
#1039=ADVANCED_FACE('',(#75),#46,.F.);
#1040=ADVANCED_FACE('',(#76),#19,.T.);
#1041=ADVANCED_FACE('',(#77),#47,.F.);
#1042=ADVANCED_FACE('',(#78),#1010,.T.);
#1043=ADVANCED_FACE('',(#79),#48,.F.);
#1044=ADVANCED_FACE('',(#80),#20,.T.);
#1045=ADVANCED_FACE('',(#81),#49,.F.);
#1046=ADVANCED_FACE('',(#82),#1011,.T.);
#1047=ADVANCED_FACE('',(#83),#50,.F.);
#1048=ADVANCED_FACE('',(#84),#21,.T.);
#1049=ADVANCED_FACE('',(#85),#51,.F.);
#1050=ADVANCED_FACE('',(#86),#1012,.T.);
#1051=ADVANCED_FACE('',(#87),#52,.F.);
#1052=ADVANCED_FACE('',(#88),#22,.T.);
#1053=ADVANCED_FACE('',(#89),#15,.F.);
#1054=ADVANCED_FACE('',(#90),#1013,.F.);
#1055=ADVANCED_FACE('',(#91),#32,.T.);
#1056=ADVANCED_FACE('',(#92),#1014,.T.);
#1057=ADVANCED_FACE('',(#93),#33,.T.);
#1058=ADVANCED_FACE('',(#94),#1015,.T.);
#1059=ADVANCED_FACE('',(#95),#34,.T.);
#1060=ADVANCED_FACE('',(#96),#1016,.F.);
#1061=ADVANCED_FACE('',(#97),#35,.T.);
#1062=ADVANCED_FACE('',(#98),#1017,.F.);
#1063=ADVANCED_FACE('',(#99),#36,.T.);
#1064=ADVANCED_FACE('',(#100),#1018,.T.);
#1065=ADVANCED_FACE('',(#101),#37,.T.);
#1066=ADVANCED_FACE('',(#102),#1019,.T.);
#1067=ADVANCED_FACE('',(#103),#38,.T.);
#1068=ADVANCED_FACE('',(#104),#1020,.F.);
#1069=ADVANCED_FACE('',(#105),#39,.T.);
#1070=ADVANCED_FACE('',(#106,#28),#40,.T.);
#1071=ADVANCED_FACE('',(#107),#53,.F.);
#1072=ADVANCED_FACE('',(#108),#1021,.T.);
#1073=ADVANCED_FACE('',(#109),#54,.F.);
#1074=ADVANCED_FACE('',(#110),#23,.T.);
#1075=ADVANCED_FACE('',(#111),#55,.F.);
#1076=ADVANCED_FACE('',(#112),#1022,.T.);
#1077=ADVANCED_FACE('',(#113),#56,.F.);
#1078=ADVANCED_FACE('',(#114),#24,.T.);
#1079=ADVANCED_FACE('',(#115),#57,.F.);
#1080=ADVANCED_FACE('',(#116),#1023,.T.);
#1081=ADVANCED_FACE('',(#117),#58,.F.);
#1082=ADVANCED_FACE('',(#118),#25,.T.);
#1083=ADVANCED_FACE('',(#119),#59,.F.);
#1084=ADVANCED_FACE('',(#120),#1024,.T.);
#1085=ADVANCED_FACE('',(#121),#60,.F.);
#1086=ADVANCED_FACE('',(#122),#26,.T.);
#1087=ADVANCED_FACE('',(#123),#16,.T.);
#1088=ADVANCED_FACE('',(#124),#1025,.T.);
#1089=ADVANCED_FACE('',(#125),#1026,.T.);
#1090=ADVANCED_FACE('',(#126),#17,.T.);
#1091=ADVANCED_FACE('',(#127),#61,.F.);
#1092=ADVANCED_FACE('',(#128,#29),#41,.F.);
#1093=ADVANCED_FACE('',(#129),#62,.F.);
#1094=ADVANCED_FACE('',(#130),#18,.T.);
#1095=ADVANCED_FACE('',(#131),#63,.F.);
#1096=ADVANCED_FACE('',(#132,#30),#42,.T.);
#1097=ADVANCED_FACE('',(#133),#1027,.T.);
#1098=CLOSED_SHELL('',(#1028,#1029,#1030,#1031,#1032,#1033,#1034,#1035,
#1036,#1037,#1038,#1039,#1040,#1041,#1042,#1043,#1044,#1045,#1046,#1047,
#1048,#1049,#1050,#1051,#1052,#1053,#1054,#1055,#1056,#1057,#1058,#1059,
#1060,#1061,#1062,#1063,#1064,#1065,#1066,#1067,#1068,#1069,#1070,#1071,
#1072,#1073,#1074,#1075,#1076,#1077,#1078,#1079,#1080,#1081,#1082,#1083,
#1084,#1085,#1086,#1087,#1088,#1089,#1090,#1091,#1092,#1093,#1094,#1095,
#1096,#1097));
#1099=DERIVED_UNIT_ELEMENT(#1101,1.);
#1100=DERIVED_UNIT_ELEMENT(#3866,-3.);
#1101=(
MASS_UNIT()
NAMED_UNIT(*)
SI_UNIT(.KILO.,.GRAM.)
);
#1102=DERIVED_UNIT((#1099,#1100));
#1103=MEASURE_REPRESENTATION_ITEM('density measure',
POSITIVE_RATIO_MEASURE(7850.),#1102);
#1104=PROPERTY_DEFINITION_REPRESENTATION(#1109,#1106);
#1105=PROPERTY_DEFINITION_REPRESENTATION(#1110,#1107);
#1106=REPRESENTATION('material name',(#1108),#3863);
#1107=REPRESENTATION('density',(#1103),#3863);
#1108=DESCRIPTIVE_REPRESENTATION_ITEM('Steel','Steel');
#1109=PROPERTY_DEFINITION('material property','material name',#3873);
#1110=PROPERTY_DEFINITION('material property','density of part',#3873);
#1111=AXIS2_PLACEMENT_3D('',#1494,#1225,#1226);
#1112=AXIS2_PLACEMENT_3D('',#1495,#1227,#1228);
#1113=AXIS2_PLACEMENT_3D('',#1517,#1230,#1231);
#1114=AXIS2_PLACEMENT_3D('',#1527,#1232,#1233);
#1115=AXIS2_PLACEMENT_3D('',#1536,#1235,#1236);
#1116=AXIS2_PLACEMENT_3D('',#1562,#1237,#1238);
#1117=AXIS2_PLACEMENT_3D('',#1567,#1239,#1240);
#1118=AXIS2_PLACEMENT_3D('',#1568,#1241,#1242);
#1119=AXIS2_PLACEMENT_3D('',#1640,#1244,#1245);
#1120=AXIS2_PLACEMENT_3D('',#1693,#1247,#1248);
#1121=AXIS2_PLACEMENT_3D('',#2591,#1250,#1251);
#1122=AXIS2_PLACEMENT_3D('',#2592,#1252,#1253);
#1123=AXIS2_PLACEMENT_3D('',#2594,#1254,#1255);
#1124=AXIS2_PLACEMENT_3D('',#2595,#1256,#1257);
#1125=AXIS2_PLACEMENT_3D('',#2598,#1258,#1259);
#1126=AXIS2_PLACEMENT_3D('',#2615,#1261,#1262);
#1127=AXIS2_PLACEMENT_3D('',#2632,#1264,#1265);
#1128=AXIS2_PLACEMENT_3D('',#2649,#1267,#1268);
#1129=AXIS2_PLACEMENT_3D('',#2653,#1270,#1271);
#1130=AXIS2_PLACEMENT_3D('',#2654,#1272,#1273);
#1131=AXIS2_PLACEMENT_3D('',#2656,#1274,#1275);
#1132=AXIS2_PLACEMENT_3D('',#2702,#1277,#1278);
#1133=AXIS2_PLACEMENT_3D('',#2709,#1279,#1280);
#1134=AXIS2_PLACEMENT_3D('',#2710,#1281,#1282);
#1135=AXIS2_PLACEMENT_3D('',#2713,#1284,#1285);
#1136=AXIS2_PLACEMENT_3D('',#2757,#1286,#1287);
#1137=AXIS2_PLACEMENT_3D('',#2758,#1288,#1289);
#1138=AXIS2_PLACEMENT_3D('',#2760,#1290,#1291);
#1139=AXIS2_PLACEMENT_3D('',#2761,#1292,#1293);
#1140=AXIS2_PLACEMENT_3D('',#2798,#1294,#1295);
#1141=AXIS2_PLACEMENT_3D('',#2799,#1296,#1297);
#1142=AXIS2_PLACEMENT_3D('',#2802,#1299,#1300);
#1143=AXIS2_PLACEMENT_3D('',#2846,#1301,#1302);
#1144=AXIS2_PLACEMENT_3D('',#2847,#1303,#1304);
#1145=AXIS2_PLACEMENT_3D('',#2849,#1305,#1306);
#1146=AXIS2_PLACEMENT_3D('',#2850,#1307,#1308);
#1147=AXIS2_PLACEMENT_3D('',#2887,#1309,#1310);
#1148=AXIS2_PLACEMENT_3D('',#2888,#1311,#1312);
#1149=AXIS2_PLACEMENT_3D('',#2891,#1314,#1315);
#1150=AXIS2_PLACEMENT_3D('',#2935,#1316,#1317);
#1151=AXIS2_PLACEMENT_3D('',#2936,#1318,#1319);
#1152=AXIS2_PLACEMENT_3D('',#2938,#1320,#1321);
#1153=AXIS2_PLACEMENT_3D('',#2939,#1322,#1323);
#1154=AXIS2_PLACEMENT_3D('',#2976,#1324,#1325);
#1155=AXIS2_PLACEMENT_3D('',#2977,#1326,#1327);
#1156=AXIS2_PLACEMENT_3D('',#2980,#1329,#1330);
#1157=AXIS2_PLACEMENT_3D('',#3024,#1331,#1332);
#1158=AXIS2_PLACEMENT_3D('',#3025,#1333,#1334);
#1159=AXIS2_PLACEMENT_3D('',#3026,#1335,#1336);
#1160=AXIS2_PLACEMENT_3D('',#3027,#1337,#1338);
#1161=AXIS2_PLACEMENT_3D('',#3029,#1339,#1340);
#1162=AXIS2_PLACEMENT_3D('',#3031,#1342,#1343);
#1163=AXIS2_PLACEMENT_3D('',#3042,#1346,#1347);
#1164=AXIS2_PLACEMENT_3D('',#3046,#1350,#1351);
#1165=AXIS2_PLACEMENT_3D('',#3054,#1353,#1354);
#1166=AXIS2_PLACEMENT_3D('',#3056,#1355,#1356);
#1167=AXIS2_PLACEMENT_3D('',#3058,#1358,#1359);
#1168=AXIS2_PLACEMENT_3D('',#3066,#1361,#1362);
#1169=AXIS2_PLACEMENT_3D('',#3070,#1365,#1366);
#1170=AXIS2_PLACEMENT_3D('',#3079,#1368,#1369);
#1171=AXIS2_PLACEMENT_3D('',#3081,#1370,#1371);
#1172=AXIS2_PLACEMENT_3D('',#3083,#1373,#1374);
#1173=AXIS2_PLACEMENT_3D('',#3092,#1376,#1377);
#1174=AXIS2_PLACEMENT_3D('',#3096,#1380,#1381);
#1175=AXIS2_PLACEMENT_3D('',#3104,#1383,#1384);
#1176=AXIS2_PLACEMENT_3D('',#3106,#1385,#1386);
#1177=AXIS2_PLACEMENT_3D('',#3108,#1388,#1389);
#1178=AXIS2_PLACEMENT_3D('',#3116,#1391,#1392);
#1179=AXIS2_PLACEMENT_3D('',#3120,#1395,#1396);
#1180=AXIS2_PLACEMENT_3D('',#3129,#1398,#1399);
#1181=AXIS2_PLACEMENT_3D('',#3130,#1400,#1401);
#1182=AXIS2_PLACEMENT_3D('',#3131,#1402,#1403);
#1183=AXIS2_PLACEMENT_3D('',#3133,#1404,#1405);
#1184=AXIS2_PLACEMENT_3D('',#3165,#1406,#1407);
#1185=AXIS2_PLACEMENT_3D('',#3167,#1408,#1409);
#1186=AXIS2_PLACEMENT_3D('',#3174,#1410,#1411);
#1187=AXIS2_PLACEMENT_3D('',#3176,#1412,#1413);
#1188=AXIS2_PLACEMENT_3D('',#3204,#1415,#1416);
#1189=AXIS2_PLACEMENT_3D('',#3210,#1417,#1418);
#1190=AXIS2_PLACEMENT_3D('',#3212,#1419,#1420);
#1191=AXIS2_PLACEMENT_3D('',#3214,#1421,#1422);
#1192=AXIS2_PLACEMENT_3D('',#3215,#1423,#1424);
#1193=AXIS2_PLACEMENT_3D('',#3242,#1425,#1426);
#1194=AXIS2_PLACEMENT_3D('',#3248,#1427,#1428);
#1195=AXIS2_PLACEMENT_3D('',#3250,#1429,#1430);
#1196=AXIS2_PLACEMENT_3D('',#3283,#1432,#1433);
#1197=AXIS2_PLACEMENT_3D('',#3290,#1434,#1435);
#1198=AXIS2_PLACEMENT_3D('',#3292,#1436,#1437);
#1199=AXIS2_PLACEMENT_3D('',#3293,#1438,#1439);
#1200=AXIS2_PLACEMENT_3D('',#3325,#1440,#1441);
#1201=AXIS2_PLACEMENT_3D('',#3332,#1442,#1443);
#1202=AXIS2_PLACEMENT_3D('',#3334,#1444,#1445);
#1203=AXIS2_PLACEMENT_3D('',#3362,#1447,#1448);
#1204=AXIS2_PLACEMENT_3D('',#3368,#1449,#1450);
#1205=AXIS2_PLACEMENT_3D('',#3370,#1451,#1452);
#1206=AXIS2_PLACEMENT_3D('',#3371,#1453,#1454);
#1207=AXIS2_PLACEMENT_3D('',#3398,#1455,#1456);
#1208=AXIS2_PLACEMENT_3D('',#3404,#1457,#1458);
#1209=AXIS2_PLACEMENT_3D('',#3406,#1459,#1460);
#1210=AXIS2_PLACEMENT_3D('',#3439,#1462,#1463);
#1211=AXIS2_PLACEMENT_3D('',#3446,#1464,#1465);
#1212=AXIS2_PLACEMENT_3D('',#3447,#1466,#1467);
#1213=AXIS2_PLACEMENT_3D('',#3448,#1468,#1469);
#1214=AXIS2_PLACEMENT_3D('',#3450,#1470,#1471);
#1215=AXIS2_PLACEMENT_3D('',#3452,#1473,#1474);
#1216=AXIS2_PLACEMENT_3D('',#3454,#1475,#1476);
#1217=AXIS2_PLACEMENT_3D('',#3468,#1477,#1478);
#1218=AXIS2_PLACEMENT_3D('',#3471,#1480,#1481);
#1219=AXIS2_PLACEMENT_3D('',#3472,#1482,#1483);
#1220=AXIS2_PLACEMENT_3D('',#3637,#1484,#1485);
#1221=AXIS2_PLACEMENT_3D('',#3639,#1486,#1487);
#1222=AXIS2_PLACEMENT_3D('',#3737,#1488,#1489);
#1223=AXIS2_PLACEMENT_3D('',#3859,#1490,#1491);
#1224=AXIS2_PLACEMENT_3D('',#3860,#1492,#1493);
#1225=DIRECTION('axis',(0.,0.,1.));
#1226=DIRECTION('refdir',(1.,0.,0.));
#1227=DIRECTION('center_axis',(-2.0238169655419E-17,1.,5.77911407194314E-17));
#1228=DIRECTION('ref_axis',(0.943800951583234,0.,0.33051439271321));
#1229=DIRECTION('',(-2.02381696554198E-17,1.,5.77911407194311E-17));
#1230=DIRECTION('center_axis',(6.12323399573677E-17,1.,0.));
#1231=DIRECTION('ref_axis',(0.943800951583234,0.,0.33051439271321));
#1232=DIRECTION('center_axis',(-6.12323399573677E-17,-1.,0.));
#1233=DIRECTION('ref_axis',(0.943800951583234,0.,0.33051439271321));
#1234=DIRECTION('',(-2.02381696554198E-17,1.,5.77911407194311E-17));
#1235=DIRECTION('center_axis',(6.12323399573677E-17,1.,0.));
#1236=DIRECTION('ref_axis',(0.943800951583234,0.,0.33051439271321));
#1237=DIRECTION('center_axis',(-2.0238169655419E-17,1.,5.77911407194314E-17));
#1238=DIRECTION('ref_axis',(-0.876863563731912,1.00363599319994E-17,-0.480739316677315));
#1239=DIRECTION('center_axis',(6.12323399573677E-17,1.,0.));
#1240=DIRECTION('ref_axis',(0.943800951583234,0.,0.33051439271321));
#1241=DIRECTION('center_axis',(-2.0238169655419E-17,1.,5.77911407194314E-17));
#1242=DIRECTION('ref_axis',(0.943800951583234,0.,0.33051439271321));
#1243=DIRECTION('',(-2.02381696554198E-17,1.,5.77911407194311E-17));
#1244=DIRECTION('center_axis',(0.,-1.,0.));
#1245=DIRECTION('ref_axis',(-1.,0.,4.32953918243462E-33));
#1246=DIRECTION('',(0.,-1.,0.));
#1247=DIRECTION('center_axis',(0.,-1.,0.));
#1248=DIRECTION('ref_axis',(-1.,0.,4.32953918243462E-33));
#1249=DIRECTION('',(0.,-1.,0.));
#1250=DIRECTION('center_axis',(3.34767643417388E-17,1.,1.55988088389588E-16));
#1251=DIRECTION('ref_axis',(-1.,3.34767643417388E-17,-6.84227765783602E-49));
#1252=DIRECTION('center_axis',(-3.34767643417388E-17,-1.,-1.55988088389588E-16));
#1253=DIRECTION('ref_axis',(0.943800951583234,0.,0.33051439271321));
#1254=DIRECTION('center_axis',(-3.34767643417388E-17,-1.,-1.55988088389588E-16));
#1255=DIRECTION('ref_axis',(-1.,0.,-6.84227765783602E-49));
#1256=DIRECTION('center_axis',(0.,-1.,-1.12405746943542E-15));
#1257=DIRECTION('ref_axis',(1.,0.,-2.86824313274612E-32));
#1258=DIRECTION('center_axis',(1.25811324819107E-15,1.,1.12405746943542E-15));
#1259=DIRECTION('ref_axis',(4.72911254233986E-17,1.12154994014966E-15,-1.));
#1260=DIRECTION('',(0.,1.,1.12405746943542E-15));
#1261=DIRECTION('center_axis',(1.23035767257544E-15,1.,1.28004555782502E-15));
#1262=DIRECTION('ref_axis',(1.,-1.23109667848986E-15,-3.07671743202897E-17));
#1263=DIRECTION('',(0.,-1.,-1.12405746943542E-15));
#1264=DIRECTION('center_axis',(1.25811324819107E-15,1.,1.12405746943542E-15));
#1265=DIRECTION('ref_axis',(4.72911254233958E-17,-1.12154994014966E-15,
1.));
#1266=DIRECTION('',(0.,1.,1.12405746943542E-15));
#1267=DIRECTION('center_axis',(1.23035767257544E-15,1.,1.28004555782502E-15));
#1268=DIRECTION('ref_axis',(-1.,1.23109667848986E-15,5.00641421710019E-17));
#1269=DIRECTION('',(0.,1.,1.12405746943542E-15));
#1270=DIRECTION('center_axis',(-2.0238169655419E-17,1.,5.77911407194314E-17));
#1271=DIRECTION('ref_axis',(-0.330514392713223,-6.12323399573676E-17,0.94380095158323));
#1272=DIRECTION('center_axis',(-2.0238169655419E-17,1.,5.77911407194314E-17));
#1273=DIRECTION('ref_axis',(-0.330514392713223,-6.12323399573676E-17,0.94380095158323));
#1274=DIRECTION('center_axis',(1.23035767257544E-15,1.,1.28004555782502E-15));
#1275=DIRECTION('ref_axis',(-1.,1.23109667848986E-15,5.00641421710019E-17));
#1276=DIRECTION('',(0.,-1.,-1.12405746943542E-15));
#1277=DIRECTION('center_axis',(-0.362271851872308,-1.44873165688681E-14,
-0.932072478587909));
#1278=DIRECTION('ref_axis',(0.932072478587909,0.,-0.362271851872308));
#1279=DIRECTION('center_axis',(0.,-1.,0.));
#1280=DIRECTION('ref_axis',(0.967311718609881,0.,-0.253590297606196));
#1281=DIRECTION('center_axis',(0.,-1.,-1.12405746943542E-15));
#1282=DIRECTION('ref_axis',(0.791703952752001,0.,0.61090494448552));
#1283=DIRECTION('',(3.41290952839342E-46,-1.,-1.33226762955019E-15));
#1284=DIRECTION('center_axis',(1.83638511270498E-14,-1.,0.));
#1285=DIRECTION('ref_axis',(0.967311718609878,1.77635683940025E-14,-0.253590297606207));
#1286=DIRECTION('center_axis',(-0.217363112850826,-2.16735699165194E-15,
-0.976090813998267));
#1287=DIRECTION('ref_axis',(0.976090813998267,0.,-0.217363112850826));
#1288=DIRECTION('center_axis',(1.23035767257544E-15,1.,1.28004555782502E-15));
#1289=DIRECTION('ref_axis',(0.,-9.93641677950948E-16,1.));
#1290=DIRECTION('center_axis',(-1.23035767257544E-15,-1.,-1.28004555782502E-15));
#1291=DIRECTION('ref_axis',(-1.,1.23035767257544E-15,5.00641421710019E-17));
#1292=DIRECTION('center_axis',(0.217363112850822,-2.16735699165198E-15,
-0.976090813998268));
#1293=DIRECTION('ref_axis',(0.976090813998268,0.,0.217363112850822));
#1294=DIRECTION('center_axis',(0.,1.,0.));
#1295=DIRECTION('ref_axis',(0.967311718609881,0.,0.253590297606196));
#1296=DIRECTION('center_axis',(0.,-1.,-1.12405746943542E-15));
#1297=DIRECTION('ref_axis',(0.791703952752003,0.,-0.610904944485518));
#1298=DIRECTION('',(-3.41290952839342E-46,1.,1.33226762955019E-15));
#1299=DIRECTION('center_axis',(-4.65689447250466E-15,1.,1.77635683940024E-14));
#1300=DIRECTION('ref_axis',(0.967311718609877,0.,0.253590297606209));
#1301=DIRECTION('center_axis',(0.362271851872338,-1.03480832634773E-14,
-0.932072478587898));
#1302=DIRECTION('ref_axis',(0.932072478587898,0.,0.362271851872338));
#1303=DIRECTION('center_axis',(1.25811324819107E-15,1.,1.12405746943542E-15));
#1304=DIRECTION('ref_axis',(1.22464679914735E-16,9.93641677950948E-16,-1.));
#1305=DIRECTION('center_axis',(-0.362271851872336,-6.20884995808636E-15,
-0.932072478587899));
#1306=DIRECTION('ref_axis',(0.,-1.,6.66133814775096E-15));
#1307=DIRECTION('center_axis',(-1.25811324819107E-15,-1.,-1.12405746943542E-15));
#1308=DIRECTION('ref_axis',(4.72911254233986E-17,1.12405746943542E-15,-1.));
#1309=DIRECTION('center_axis',(0.,-1.,0.));
#1310=DIRECTION('ref_axis',(-0.967311718609881,0.,0.253590297606196));
#1311=DIRECTION('center_axis',(0.,-1.,-1.12405746943542E-15));
#1312=DIRECTION('ref_axis',(-0.791703952752001,0.,-0.61090494448552));
#1313=DIRECTION('',(3.41290952839342E-46,-1.,-1.33226762955019E-15));
#1314=DIRECTION('center_axis',(1.83638511270498E-14,-1.,0.));
#1315=DIRECTION('ref_axis',(-0.967311718609878,-1.77635683940025E-14,0.253590297606207));
#1316=DIRECTION('center_axis',(0.217363112850826,-4.33471398330404E-15,
0.976090813998267));
#1317=DIRECTION('ref_axis',(-0.976090813998267,0.,0.217363112850826));
#1318=DIRECTION('center_axis',(1.23035767257544E-15,1.,1.28004555782502E-15));
#1319=DIRECTION('ref_axis',(0.,-9.93641677950948E-16,1.));
#1320=DIRECTION('center_axis',(-1.23035767257544E-15,-1.,-1.28004555782502E-15));
#1321=DIRECTION('ref_axis',(1.,-1.23035767257544E-15,-3.07671743202897E-17));
#1322=DIRECTION('center_axis',(-0.217363112850824,3.25103548747797E-15,
0.976090813998267));
#1323=DIRECTION('ref_axis',(-0.976090813998267,0.,-0.217363112850824));
#1324=DIRECTION('center_axis',(0.,1.,0.));
#1325=DIRECTION('ref_axis',(-0.967311718609881,0.,-0.253590297606196));
#1326=DIRECTION('center_axis',(0.,-1.,-1.12405746943542E-15));
#1327=DIRECTION('ref_axis',(-0.791703952752001,0.,0.61090494448552));
#1328=DIRECTION('',(-3.41290952839342E-46,1.,1.33226762955019E-15));
#1329=DIRECTION('center_axis',(9.31378894500938E-15,1.,-3.55271367880051E-14));
#1330=DIRECTION('ref_axis',(-0.967311718609877,0.,-0.253590297606209));
#1331=DIRECTION('center_axis',(-0.362271851872336,-1.24176999161727E-14,
0.932072478587899));
#1332=DIRECTION('ref_axis',(-0.932072478587899,0.,-0.362271851872336));
#1333=DIRECTION('center_axis',(1.25811324819107E-15,1.,1.12405746943542E-15));
#1334=DIRECTION('ref_axis',(0.,-9.93641677950948E-16,1.));
#1335=DIRECTION('center_axis',(-1.25811324819107E-15,-1.,-1.12405746943542E-15));
#1336=DIRECTION('ref_axis',(4.72911254233958E-17,-1.12405746943542E-15,
1.));
#1337=DIRECTION('center_axis',(-2.0238169655419E-17,1.,5.77911407194314E-17));
#1338=DIRECTION('ref_axis',(0.94380095158323,0.,0.330514392713223));
#1339=DIRECTION('center_axis',(-5.23766966360385E-65,-1.,0.));
#1340=DIRECTION('ref_axis',(0.94380095158323,-8.73525076814603E-33,0.330514392713223));
#1341=DIRECTION('',(0.081079037538855,-0.99630316683295,0.0283934751379237));
#1342=DIRECTION('center_axis',(1.,-1.25811324819107E-15,-3.69778549322325E-32));
#1343=DIRECTION('ref_axis',(0.,0.70710678118654,-0.707106781186555));
#1344=DIRECTION('',(-1.,1.25811324819107E-15,3.69778549322325E-32));
#1345=DIRECTION('',(1.,-1.25811324819107E-15,-3.69778549322325E-32));
#1346=DIRECTION('center_axis',(-1.63916569994097E-30,-1.33226762955019E-15,
1.));
#1347=DIRECTION('ref_axis',(-1.,1.23035767257544E-15,1.31371731030452E-46));
#1348=DIRECTION('',(4.89211240414682E-17,1.,1.33226762955019E-15));
#1349=DIRECTION('',(-1.,1.23035767257544E-15,-3.50324616081204E-46));
#1350=DIRECTION('center_axis',(-1.,1.23035767257544E-15,-3.50324616081204E-46));
#1351=DIRECTION('ref_axis',(0.,-0.707106781186547,0.707106781186548));
#1352=DIRECTION('',(1.,-1.23035767257544E-15,3.50324616081204E-46));
#1353=DIRECTION('center_axis',(-1.23035767257544E-15,-1.,-1.28004555782502E-15));
#1354=DIRECTION('ref_axis',(1.,-1.23035767257544E-15,1.31371731030452E-46));
#1355=DIRECTION('center_axis',(1.23035767257544E-15,1.,1.28004555782502E-15));
#1356=DIRECTION('ref_axis',(-1.,1.23035767257544E-15,6.1518625693733E-17));
#1357=DIRECTION('',(-1.,1.23035767257544E-15,-3.50324616081204E-46));
#1358=DIRECTION('center_axis',(1.,-1.23035767257544E-15,3.50324616081204E-46));
#1359=DIRECTION('ref_axis',(0.,-0.707106781186546,-0.707106781186549));
#1360=DIRECTION('',(1.,-1.23035767257544E-15,3.50324616081204E-46));
#1361=DIRECTION('center_axis',(1.63916569994097E-30,1.33226762955019E-15,
-1.));
#1362=DIRECTION('ref_axis',(1.,-1.23035767257544E-15,-1.31371731030452E-46));
#1363=DIRECTION('',(4.89211240414681E-17,-1.,-1.33226762955019E-15));
#1364=DIRECTION('',(-1.,1.25811324819107E-15,3.69778549322325E-32));
#1365=DIRECTION('center_axis',(-1.,1.25811324819107E-15,3.69778549322325E-32));
#1366=DIRECTION('ref_axis',(0.,0.707106781186552,0.707106781186543));
#1367=DIRECTION('',(1.,-1.25811324819107E-15,-3.69778549322325E-32));
#1368=DIRECTION('center_axis',(-1.25811324819107E-15,-1.,-1.12405746943542E-15));
#1369=DIRECTION('ref_axis',(1.,-1.25811324819107E-15,-2.79218546196231E-31));
#1370=DIRECTION('center_axis',(1.25811324819107E-15,1.,1.12405746943542E-15));
#1371=DIRECTION('ref_axis',(3.98092000977737E-17,1.12405746943542E-15,-1.));
#1372=DIRECTION('',(1.,-1.25811324819107E-15,-3.69778549322325E-32));
#1373=DIRECTION('center_axis',(-1.,1.25811324819107E-15,3.69778549322325E-32));
#1374=DIRECTION('ref_axis',(0.,0.707106781186552,0.707106781186543));
#1375=DIRECTION('',(-1.,1.25811324819107E-15,3.69778549322325E-32));
#1376=DIRECTION('center_axis',(1.63916569994097E-30,1.33226762955019E-15,
-1.));
#1377=DIRECTION('ref_axis',(1.,-1.23035767257544E-15,-1.31371731030452E-46));
#1378=DIRECTION('',(4.89211240414681E-17,1.,1.33226762955019E-15));
#1379=DIRECTION('',(1.,-1.23035767257544E-15,3.50324616081204E-46));
#1380=DIRECTION('center_axis',(1.,-1.23035767257544E-15,3.50324616081204E-46));
#1381=DIRECTION('ref_axis',(0.,-0.70710678118654,-0.707106781186555));
#1382=DIRECTION('',(-1.,1.23035767257544E-15,-3.50324616081204E-46));
#1383=DIRECTION('center_axis',(-1.23035767257544E-15,-1.,-1.28004555782502E-15));
#1384=DIRECTION('ref_axis',(1.,-1.23035767257544E-15,1.31371731030452E-46));
#1385=DIRECTION('center_axis',(1.23035767257544E-15,1.,1.28004555782502E-15));
#1386=DIRECTION('ref_axis',(1.,-1.23035767257544E-15,-3.31904786053738E-17));
#1387=DIRECTION('',(1.,-1.23035767257544E-15,3.50324616081204E-46));
#1388=DIRECTION('center_axis',(-1.,1.23035767257544E-15,-3.50324616081204E-46));
#1389=DIRECTION('ref_axis',(0.,-0.707106781186547,0.707106781186548));
#1390=DIRECTION('',(-1.,1.23035767257544E-15,-3.50324616081204E-46));
#1391=DIRECTION('center_axis',(-1.63916569994097E-30,-1.33226762955019E-15,
1.));
#1392=DIRECTION('ref_axis',(-1.,1.23035767257544E-15,1.31371731030452E-46));
#1393=DIRECTION('',(4.89211240414682E-17,-1.,-1.33226762955019E-15));
#1394=DIRECTION('',(1.,-1.25811324819107E-15,-3.69778549322325E-32));
#1395=DIRECTION('center_axis',(1.,-1.25811324819107E-15,-3.69778549322325E-32));
#1396=DIRECTION('ref_axis',(0.,0.70710678118654,-0.707106781186555));
#1397=DIRECTION('',(-1.,1.25811324819107E-15,3.69778549322325E-32));
#1398=DIRECTION('center_axis',(-1.25811324819107E-15,-1.,-1.12405746943542E-15));
#1399=DIRECTION('ref_axis',(1.,-1.25811324819107E-15,-2.79218546196231E-31));
#1400=DIRECTION('center_axis',(1.25811324819107E-15,1.,1.12405746943542E-15));
#1401=DIRECTION('ref_axis',(3.98092000977709E-17,-1.12405746943542E-15,
1.));
#1402=DIRECTION('center_axis',(5.23766966360385E-65,1.,0.));
#1403=DIRECTION('ref_axis',(0.,0.,1.));
#1404=DIRECTION('center_axis',(-5.23766966360385E-65,-1.,0.));
#1405=DIRECTION('ref_axis',(0.,0.,1.));
#1406=DIRECTION('center_axis',(0.,1.,0.));
#1407=DIRECTION('ref_axis',(-0.973489569058255,0.,0.228731412216978));
#1408=DIRECTION('center_axis',(0.326759158640566,-4.1971210531946E-15,0.945107640559799));
#1409=DIRECTION('ref_axis',(-0.945107640559799,0.,0.326759158640566));
#1410=DIRECTION('center_axis',(-4.89211240414682E-17,-1.,-1.33226762955019E-15));
#1411=DIRECTION('ref_axis',(-0.620994600533327,0.,0.783814841725043));
#1412=DIRECTION('center_axis',(0.,1.,0.));
#1413=DIRECTION('ref_axis',(-0.973489569058253,0.,0.228731412216988));
#1414=DIRECTION('',(0.,-1.,-1.12405746943542E-15));
#1415=DIRECTION('center_axis',(0.196055496742453,-6.53206023551021E-15,
0.980592801420177));
#1416=DIRECTION('ref_axis',(-0.980592801420177,0.,0.196055496742453));
#1417=DIRECTION('center_axis',(-1.23035767257544E-15,-1.,-1.28004555782502E-15));
#1418=DIRECTION('ref_axis',(0.,1.34897894064296E-15,-1.));
#1419=DIRECTION('center_axis',(-0.196055496742452,-2.17735341183674E-15,
0.980592801420177));
#1420=DIRECTION('ref_axis',(-0.980592801420177,0.,-0.196055496742452));
#1421=DIRECTION('center_axis',(-1.23035767257544E-15,-1.,-1.28004555782502E-15));
#1422=DIRECTION('ref_axis',(-1.,1.2295380969402E-15,6.1518625693733E-17));
#1423=DIRECTION('center_axis',(-1.23035767257544E-15,-1.,-1.28004555782502E-15));
#1424=DIRECTION('ref_axis',(-1.,1.2295380969402E-15,6.1518625693733E-17));
#1425=DIRECTION('center_axis',(1.40735789521432E-14,-1.,1.77635683940025E-14));
#1426=DIRECTION('ref_axis',(-0.973489569058253,-1.77635683940024E-14,-0.228731412216988));
#1427=DIRECTION('center_axis',(4.89211240414681E-17,-1.,-1.33226762955019E-15));
#1428=DIRECTION('ref_axis',(-0.620994600533324,0.,-0.783814841725046));
#1429=DIRECTION('center_axis',(0.,-1.,0.));
#1430=DIRECTION('ref_axis',(-0.973489569058254,0.,-0.228731412216984));
#1431=DIRECTION('',(0.,1.,1.12405746943542E-15));
#1432=DIRECTION('center_axis',(-0.326759158640564,2.0985605265973E-15,0.945107640559799));
#1433=DIRECTION('ref_axis',(-0.9451076405598,0.,-0.326759158640564));
#1434=DIRECTION('center_axis',(-1.25811324819107E-15,-1.,-1.12405746943542E-15));
#1435=DIRECTION('ref_axis',(0.,8.99319293761975E-16,-1.));
#1436=DIRECTION('center_axis',(-0.326759158640566,0.,-0.945107640559799));
#1437=DIRECTION('ref_axis',(0.945107640559799,0.,-0.326759158640566));
#1438=DIRECTION('center_axis',(-1.25811324819107E-15,-1.,-1.12405746943542E-15));
#1439=DIRECTION('ref_axis',(3.98092000977737E-17,1.12414911720247E-15,-1.));
#1440=DIRECTION('center_axis',(8.347467120174E-15,1.,3.5527136788005E-14));
#1441=DIRECTION('ref_axis',(0.973489569058255,0.,-0.228731412216978));
#1442=DIRECTION('center_axis',(-4.89211240414681E-17,-1.,-1.33226762955019E-15));
#1443=DIRECTION('ref_axis',(0.620994600533325,0.,-0.783814841725044));
#1444=DIRECTION('center_axis',(0.,1.,0.));
#1445=DIRECTION('ref_axis',(0.973489569058254,0.,-0.228731412216982));
#1446=DIRECTION('',(0.,-1.,-1.12405746943542E-15));
#1447=DIRECTION('center_axis',(-0.196055496742449,5.44338352959184E-15,
-0.980592801420178));
#1448=DIRECTION('ref_axis',(0.980592801420178,0.,-0.196055496742449));
#1449=DIRECTION('center_axis',(-1.23035767257544E-15,-1.,-1.28004555782502E-15));
#1450=DIRECTION('ref_axis',(0.,1.34897894064296E-15,-1.));
#1451=DIRECTION('center_axis',(0.196055496742452,-1.08867670591837E-15,
-0.980592801420177));
#1452=DIRECTION('ref_axis',(0.980592801420177,0.,0.196055496742452));
#1453=DIRECTION('center_axis',(-1.23035767257544E-15,-1.,-1.28004555782502E-15));
#1454=DIRECTION('ref_axis',(1.,-1.2295380969402E-15,-3.31904786053738E-17));
#1455=DIRECTION('center_axis',(4.17373356008709E-15,-1.,-1.77635683940024E-14));
#1456=DIRECTION('ref_axis',(0.973489569058254,0.,0.228731412216984));
#1457=DIRECTION('center_axis',(4.89211240414682E-17,-1.,-1.33226762955019E-15));
#1458=DIRECTION('ref_axis',(0.620994600533325,0.,0.783814841725044));
#1459=DIRECTION('center_axis',(0.,-1.,0.));
#1460=DIRECTION('ref_axis',(0.973489569058253,0.,0.228731412216988));
#1461=DIRECTION('',(0.,1.,1.12405746943542E-15));
#1462=DIRECTION('center_axis',(-0.326759158640566,0.,0.945107640559799));
#1463=DIRECTION('ref_axis',(0.,-1.,0.));
#1464=DIRECTION('center_axis',(-1.25811324819107E-15,-1.,-1.12405746943542E-15));
#1465=DIRECTION('ref_axis',(1.22464679914735E-16,-8.99319293761975E-16,
1.));
#1466=DIRECTION('center_axis',(-1.25811324819107E-15,-1.,-1.12405746943542E-15));
#1467=DIRECTION('ref_axis',(3.98092000977709E-17,-1.12414911720247E-15,
1.));
#1468=DIRECTION('center_axis',(0.,-1.,0.));
#1469=DIRECTION('ref_axis',(0.,0.,1.));
#1470=DIRECTION('center_axis',(6.12323399573677E-17,1.,0.));
#1471=DIRECTION('ref_axis',(1.,-6.12323399573677E-17,0.));
#1472=DIRECTION('',(3.78692195644432E-17,0.950988696482497,0.309225644412815));
#1473=DIRECTION('center_axis',(0.,-1.,0.));
#1474=DIRECTION('ref_axis',(0.772644059025854,0.,-0.634839474239002));
#1475=DIRECTION('center_axis',(0.,-1.,0.));
#1476=DIRECTION('ref_axis',(-1.,0.,4.32953918243462E-33));
#1477=DIRECTION('center_axis',(0.,-1.,-1.12405746943542E-15));
#1478=DIRECTION('ref_axis',(1.,0.,-2.86824313274612E-32));
#1479=DIRECTION('',(0.,1.,1.12405746943542E-15));
#1480=DIRECTION('center_axis',(2.0238169655419E-17,-1.,-5.77911407194314E-17));
#1481=DIRECTION('ref_axis',(1.,0.,-2.86824313274612E-32));
#1482=DIRECTION('center_axis',(0.,-1.,0.));
#1483=DIRECTION('ref_axis',(-0.805393699915524,-2.88040900345329E-17,0.592740236643661));
#1484=DIRECTION('center_axis',(-6.12323399573677E-17,-1.,0.));
#1485=DIRECTION('ref_axis',(0.,0.,-1.));
#1486=DIRECTION('center_axis',(-6.12323399573677E-17,-1.,0.));
#1487=DIRECTION('ref_axis',(0.943800951583234,-5.77911407194317E-17,0.33051439271321));
#1488=DIRECTION('center_axis',(0.,-1.,0.));
#1489=DIRECTION('ref_axis',(0.943800951583234,-2.88040900345329E-17,0.33051439271321));
#1490=DIRECTION('center_axis',(2.0238169655419E-17,-1.,-5.77911407194314E-17));
#1491=DIRECTION('ref_axis',(0.94380095158323,6.16297582203915E-33,0.330514392713223));
#1492=DIRECTION('center_axis',(-2.0238169655419E-17,1.,5.77911407194314E-17));
#1493=DIRECTION('ref_axis',(0.977239445498975,3.20373075906033E-17,-0.212139261243309));
#1494=CARTESIAN_POINT('',(0.,0.,0.));
#1495=CARTESIAN_POINT('Origin',(0.,98.1392300411629,-3.67761376907083E-15));
#1496=CARTESIAN_POINT('',(-30.3566900642219,111.639230041163,-10.6303272619512));
#1497=CARTESIAN_POINT('',(-30.3539897792424,112.750427279564,-10.6293383030933));
#1498=CARTESIAN_POINT('',(-30.3544790147724,98.1392300411629,-10.6299873727226));
#1499=CARTESIAN_POINT('',(-25.2859264769869,114.481999880791,-19.8749327043618));
#1500=CARTESIAN_POINT('Ctrl Pts',(-30.3566900642217,111.639230041163,-10.6303272619511));
#1501=CARTESIAN_POINT('Ctrl Pts',(-30.4991016587393,111.645616337313,-10.2245009364101));
#1502=CARTESIAN_POINT('Ctrl Pts',(-32.281084395761,111.730436270995,-4.7963161966788));
#1503=CARTESIAN_POINT('Ctrl Pts',(-32.8512408803312,111.893689842211,6.52568280316613));
#1504=CARTESIAN_POINT('Ctrl Pts',(-25.8547803432493,112.128990754809,21.2912837053993));
#1505=CARTESIAN_POINT('Ctrl Pts',(-12.7051707874199,112.364291667407,30.9897930851336));
#1506=CARTESIAN_POINT('Ctrl Pts',(3.46814398957742,112.599592580005,33.3130670532048));
#1507=CARTESIAN_POINT('Ctrl Pts',(18.8160501051577,112.834893492604,27.7082016747029));
#1508=CARTESIAN_POINT('Ctrl Pts',(29.6860016924098,113.070194405202,15.5090726744609));
#1509=CARTESIAN_POINT('Ctrl Pts',(33.4908824830415,113.3054953178,-0.381015922254396));
#1510=CARTESIAN_POINT('Ctrl Pts',(29.3255678034112,113.540796230398,-16.1804905915695));
#1511=CARTESIAN_POINT('Ctrl Pts',(18.1805239162796,113.776097142996,-28.1290472793193));
#1512=CARTESIAN_POINT('Ctrl Pts',(2.70994275470621,114.011398055594,-33.3834672831877));
#1513=CARTESIAN_POINT('Ctrl Pts',(-13.4079706885259,114.246698968193,-30.6922623376543));
#1514=CARTESIAN_POINT('Ctrl Pts',(-22.0210508837755,114.403566243258,-24.0286777979673));
#1515=CARTESIAN_POINT('Ctrl Pts',(-25.2859264769911,114.481999880791,-19.874932704356));
#1516=CARTESIAN_POINT('',(20.6469166828958,114.481999880791,-24.6595997390886));
#1517=CARTESIAN_POINT('Origin',(0.,114.481999880791,-3.05311331771918E-15));
#1518=CARTESIAN_POINT('',(8.63745028503999,114.684999880791,-30.9804047806991));
#1519=CARTESIAN_POINT('Ctrl Pts',(8.63705080416114,114.684999880787,-30.9785232610122));
#1520=CARTESIAN_POINT('Ctrl Pts',(10.059632331058,114.66307639789,-30.5823527748825));
#1521=CARTESIAN_POINT('Ctrl Pts',(11.4550162996579,114.641152914994,-30.0887806159653));
#1522=CARTESIAN_POINT('Ctrl Pts',(12.8095774693097,114.619229432098,-29.5009574670071));
#1523=CARTESIAN_POINT('Ctrl Pts',(15.6358592606455,114.573486248328,-28.2744688449737));
#1524=CARTESIAN_POINT('Ctrl Pts',(18.2844209902031,114.527743064557,-26.6376631402222));
#1525=CARTESIAN_POINT('Ctrl Pts',(20.6469166828911,114.481999880787,-24.6595997390832));
#1526=CARTESIAN_POINT('',(-31.2325516878104,114.684999880791,-7.67585453684124));
#1527=CARTESIAN_POINT('Origin',(0.,114.684999880791,-2.56739074444567E-15));
#1528=CARTESIAN_POINT('',(-30.3532692115915,114.639230041163,-10.6294322292669));
#1529=CARTESIAN_POINT('Ctrl Pts',(-31.23255168781,114.684999880791,-7.67585453684298));
#1530=CARTESIAN_POINT('Ctrl Pts',(-30.9872822217911,114.669743267581,-8.67384000388216));
#1531=CARTESIAN_POINT('Ctrl Pts',(-30.693501517271,114.654486654372,-9.65977430113762));
#1532=CARTESIAN_POINT('Ctrl Pts',(-30.3532692115915,114.639230041163,-10.6294322292669));
#1533=CARTESIAN_POINT('',(-30.3544790147724,114.481999880791,-10.6299873727226));
#1534=CARTESIAN_POINT('',(-30.3544790147724,98.1392300411629,-10.6299873727226));
#1535=CARTESIAN_POINT('',(31.8096146849322,114.48199988079,-4.74757215833897));
#1536=CARTESIAN_POINT('Origin',(0.,114.481999880791,-3.05311331771918E-15));
#1537=CARTESIAN_POINT('Ctrl Pts',(31.8096146849284,114.481999880788,-4.74757215833828));
#1538=CARTESIAN_POINT('Ctrl Pts',(32.7262142447061,114.38981717398,1.39381502746739));
#1539=CARTESIAN_POINT('Ctrl Pts',(31.8167427047045,114.297634467171,7.8020981250013));
#1540=CARTESIAN_POINT('Ctrl Pts',(29.2246660253598,114.205451760363,13.4397699527229));
#1541=CARTESIAN_POINT('Ctrl Pts',(26.6325893460134,114.113269053555,19.0774417804481));
#1542=CARTESIAN_POINT('Ctrl Pts',(22.3579075273217,114.021086346746,23.94450233836));
#1543=CARTESIAN_POINT('Ctrl Pts',(17.1012996673395,113.928903639938,27.2445566797164));
#1544=CARTESIAN_POINT('Ctrl Pts',(11.8446918073573,113.836720933129,30.5446110210728));
#1545=CARTESIAN_POINT('Ctrl Pts',(5.60615790608459,113.744538226321,32.2776591458737));
#1546=CARTESIAN_POINT('Ctrl Pts',(-0.599419819085187,113.652355519513,32.1615298748087));
#1547=CARTESIAN_POINT('Ctrl Pts',(-6.80499754425504,113.560172812704,32.0454006037436));
#1548=CARTESIAN_POINT('Ctrl Pts',(-12.9776190933219,113.467990105896,30.0800939368126));
#1549=CARTESIAN_POINT('Ctrl Pts',(-18.1074229571366,113.375807399088,26.587733438804));
#1550=CARTESIAN_POINT('Ctrl Pts',(-22.6672486138608,113.293867215258,23.4834129961296));
#1551=CARTESIAN_POINT('Ctrl Pts',(-26.4031195563115,113.211927031428,19.1725315017397));
#1552=CARTESIAN_POINT('Ctrl Pts',(-28.8472115271198,113.129986847599,14.2237696202607));
#1553=CARTESIAN_POINT('Ctrl Pts',(-30.0692575125239,113.089016755684,11.7493886795212));
#1554=CARTESIAN_POINT('Ctrl Pts',(-30.9683587550174,113.048046663769,9.11553764200947));
#1555=CARTESIAN_POINT('Ctrl Pts',(-31.5169687237721,113.007076571854,6.41086109158499));
#1556=CARTESIAN_POINT('Ctrl Pts',(-32.3398836769041,112.945621433982,2.35384626594829));
#1557=CARTESIAN_POINT('Ctrl Pts',(-32.3741932641238,112.88416629611,-1.86252596374206));
#1558=CARTESIAN_POINT('Ctrl Pts',(-31.6115176818873,112.822711158237,-5.93048563165154));
#1559=CARTESIAN_POINT('Ctrl Pts',(-31.3124965793366,112.798616532014,-7.52540464225244));
#1560=CARTESIAN_POINT('Ctrl Pts',(-30.8909647172437,112.77452190579,-9.0975100091794));
#1561=CARTESIAN_POINT('Ctrl Pts',(-30.3539897792452,112.750427279566,-10.6293383030943));
#1562=CARTESIAN_POINT('Origin',(0.,98.1392300411629,-3.67761376907083E-15));
#1563=CARTESIAN_POINT('Ctrl Pts',(-30.3532692115915,114.639230041163,-10.6294322292669));
#1564=CARTESIAN_POINT('Ctrl Pts',(-29.1844912473078,114.586819987705,-13.9604351950997));
#1565=CARTESIAN_POINT('Ctrl Pts',(-27.4675453557585,114.534409934248,-17.0993633281037));
#1566=CARTESIAN_POINT('Ctrl Pts',(-25.2859264769857,114.481999880791,-19.8749327043634));
#1567=CARTESIAN_POINT('Origin',(0.,114.481999880791,-3.05311331771918E-15));
#1568=CARTESIAN_POINT('Origin',(0.,98.1392300411629,-3.67761376907083E-15));
#1569=CARTESIAN_POINT('',(-30.3548893792146,108.639230041163,-10.6310202107682));
#1570=CARTESIAN_POINT('',(-30.3540693823448,109.75042727954,-10.6297894335297));
#1571=CARTESIAN_POINT('',(-30.3544790147724,98.1392300411629,-10.6299873727226));
#1572=CARTESIAN_POINT('Ctrl Pts',(-30.3548893792143,108.639230041163,-10.6310202107681));
#1573=CARTESIAN_POINT('Ctrl Pts',(-31.8020619348599,108.70441268692,-6.48640952600705));
#1574=CARTESIAN_POINT('Ctrl Pts',(-33.1160630347354,108.84802897021,3.30727208459376));
#1575=CARTESIAN_POINT('Ctrl Pts',(-28.2785148054606,109.070078891032,17.9471544014626));
#1576=CARTESIAN_POINT('Ctrl Pts',(-16.422584175928,109.30537980363,29.1906822763857));
#1577=CARTESIAN_POINT('Ctrl Pts',(-0.658115270923397,109.540680716228,33.4865833867249));
#1578=CARTESIAN_POINT('Ctrl Pts',(15.2629119582652,109.775981628827,29.8133116284944));
#1579=CARTESIAN_POINT('Ctrl Pts',(27.5515641995532,110.011282541425,19.0446709544615));
#1580=CARTESIAN_POINT('Ctrl Pts',(33.2832303323528,110.246583454023,3.74366636698698));
#1581=CARTESIAN_POINT('Ctrl Pts',(31.0938581659552,110.481884366621,-12.4483181415148));
#1582=CARTESIAN_POINT('Ctrl Pts',(21.5044841249892,110.71718527922,-25.6777255795672));
#1583=CARTESIAN_POINT('Ctrl Pts',(6.79727924245576,110.952486191818,-32.7961210865731));
#1584=CARTESIAN_POINT('Ctrl Pts',(-9.52760444161813,111.187787104416,-32.1093950641722));
#1585=CARTESIAN_POINT('Ctrl Pts',(-23.2034902795807,111.416701720864,-24.0070262409955));
#1586=CARTESIAN_POINT('Ctrl Pts',(-28.7500660482848,111.56718269978,-15.2086786463443));
#1587=CARTESIAN_POINT('Ctrl Pts',(-30.3566900642217,111.639230041163,-10.6303272619511));
#1588=CARTESIAN_POINT('Ctrl Pts',(-30.3539897792424,112.750427279564,-10.6293383030933));
#1589=CARTESIAN_POINT('Ctrl Pts',(-29.5213701635758,112.713066767916,-13.0045521074855));
#1590=CARTESIAN_POINT('Ctrl Pts',(-28.4111929418215,112.675706256267,-15.2829285062754));
#1591=CARTESIAN_POINT('Ctrl Pts',(-27.0498065575706,112.638345744619,-17.3993635408722));
#1592=CARTESIAN_POINT('Ctrl Pts',(-24.8104317671856,112.576890606747,-20.880734676056));
#1593=CARTESIAN_POINT('Ctrl Pts',(-21.8913429381079,112.515435468874,-23.9239298402954));
#1594=CARTESIAN_POINT('Ctrl Pts',(-18.5060990234256,112.453980331002,-26.3055052329405));
#1595=CARTESIAN_POINT('Ctrl Pts',(-15.1208551087433,112.39252519313,-28.6870806255857));
#1596=CARTESIAN_POINT('Ctrl Pts',(-11.2694561084563,112.331070055257,-30.4070362466365));
#1597=CARTESIAN_POINT('Ctrl Pts',(-7.23634234115549,112.269614917385,-31.3383339933649));
#1598=CARTESIAN_POINT('Ctrl Pts',(-3.20322857385465,112.208159779513,-32.2696317400934));
#1599=CARTESIAN_POINT('Ctrl Pts',(1.01159996046,112.146704641641,-32.4122716124993));
#1600=CARTESIAN_POINT('Ctrl Pts',(5.09855688730756,112.085249503768,-31.7561732677648));
#1601=CARTESIAN_POINT('Ctrl Pts',(9.18551381415508,112.023794365896,-31.1000749230302));
#1602=CARTESIAN_POINT('Ctrl Pts',(13.1445991335355,111.962339228024,-29.6452383611552));
#1603=CARTESIAN_POINT('Ctrl Pts',(16.6833769104547,111.900884090152,-27.4982166593563));
#1604=CARTESIAN_POINT('Ctrl Pts',(20.2221546873738,111.839428952279,-25.3511949575576));
#1605=CARTESIAN_POINT('Ctrl Pts',(23.3406249218317,111.777973814407,-22.511988115835));
#1606=CARTESIAN_POINT('Ctrl Pts',(25.8103266369508,111.716518676535,-19.190164019409));
#1607=CARTESIAN_POINT('Ctrl Pts',(28.2800283520699,111.655063538663,-15.868339922983));
#1608=CARTESIAN_POINT('Ctrl Pts',(30.1009615478502,111.59360840079,-12.0638985718535));
#1609=CARTESIAN_POINT('Ctrl Pts',(31.1378746484774,111.532153262918,-8.05674539490434));
#1610=CARTESIAN_POINT('Ctrl Pts',(32.1747877491047,111.470698125046,-4.04959221795509));
#1611=CARTESIAN_POINT('Ctrl Pts',(32.4276807545789,111.409242987174,0.160272784813852));
#1612=CARTESIAN_POINT('Ctrl Pts',(31.8788769246073,111.347787849301,4.26298266384672));
#1613=CARTESIAN_POINT('Ctrl Pts',(31.3300730946358,111.286332711429,8.36569254287957));
#1614=CARTESIAN_POINT('Ctrl Pts',(29.9795724292184,111.224877573557,12.3612472981764));
#1615=CARTESIAN_POINT('Ctrl Pts',(27.9262597215401,111.163422435685,15.9551434537861));
#1616=CARTESIAN_POINT('Ctrl Pts',(25.8729470138617,111.101967297812,19.5490396093958));
#1617=CARTESIAN_POINT('Ctrl Pts',(23.1168222639222,111.04051215994,22.7412771653185));
#1618=CARTESIAN_POINT('Ctrl Pts',(19.8611947303195,110.979057022068,25.2975823487226));
#1619=CARTESIAN_POINT('Ctrl Pts',(16.6055671967167,110.917601884196,27.8538875321267));
#1620=CARTESIAN_POINT('Ctrl Pts',(12.8504368794506,110.856146746323,29.7742603430123));
#1621=CARTESIAN_POINT('Ctrl Pts',(8.87185749026271,110.794691608451,30.9159803648855));
#1622=CARTESIAN_POINT('Ctrl Pts',(4.89327810107478,110.733236470579,32.0577003867588));
#1623=CARTESIAN_POINT('Ctrl Pts',(0.691249639965006,110.671781332707,32.4207676196197));
#1624=CARTESIAN_POINT('Ctrl Pts',(-3.4244987256857,110.610326194834,31.9798057116237));
#1625=CARTESIAN_POINT('Ctrl Pts',(-7.54024709133641,110.548871056962,31.5388438036278));
#1626=CARTESIAN_POINT('Ctrl Pts',(-11.5697153615281,110.48741591909,30.293852754775));
#1627=CARTESIAN_POINT('Ctrl Pts',(-15.2163765648243,110.425960781218,28.3356915565593));
#1628=CARTESIAN_POINT('Ctrl Pts',(-18.8630377681205,110.364505643345,26.3775303583435));
#1629=CARTESIAN_POINT('Ctrl Pts',(-22.1268919045213,110.303050505473,23.7061990107648));
#1630=CARTESIAN_POINT('Ctrl Pts',(-24.7675806705265,110.241595367601,20.5187385292267));
#1631=CARTESIAN_POINT('Ctrl Pts',(-27.4082694365317,110.180140229728,17.3312780476885));
#1632=CARTESIAN_POINT('Ctrl Pts',(-29.4257928321414,110.118685091856,13.627688432191));
#1633=CARTESIAN_POINT('Ctrl Pts',(-30.6715837758799,110.057229953984,9.68036529376315));
#1634=CARTESIAN_POINT('Ctrl Pts',(-31.9173747196185,109.995774816112,5.73304215533525));
#1635=CARTESIAN_POINT('Ctrl Pts',(-32.3914332114859,109.93431967824,1.541985493977));
#1636=CARTESIAN_POINT('Ctrl Pts',(-32.0589844220987,109.872864540367,-2.58375677398877));
#1637=CARTESIAN_POINT('Ctrl Pts',(-31.8382048390996,109.832052120092,-5.32366645800942));
#1638=CARTESIAN_POINT('Ctrl Pts',(-31.2617312077195,109.791239699816,-8.03477052360195));
#1639=CARTESIAN_POINT('Ctrl Pts',(-30.3540693823448,109.75042727954,-10.6297894335297));
#1640=CARTESIAN_POINT('Origin',(0.,118.685,-3.7470027081099E-15));
#1641=CARTESIAN_POINT('',(33.6924202420338,109.416499004178,0.000822775741653453));
#1642=CARTESIAN_POINT('',(33.6930884433789,109.29482120971,-0.000295535909598283));
#1643=CARTESIAN_POINT('',(33.6923283811489,118.685,3.79117502669649E-16));
#1644=CARTESIAN_POINT('',(-19.9358651245346,108.364182506222,27.1612642098919));
#1645=CARTESIAN_POINT('Ctrl Pts',(-19.935077493278,108.364182506222,27.1615798363623));
#1646=CARTESIAN_POINT('Ctrl Pts',(-18.8430194399885,108.383393481918,27.9647930687401));
#1647=CARTESIAN_POINT('Ctrl Pts',(-17.7027837737967,108.402604457615,28.7021032359178));
#1648=CARTESIAN_POINT('Ctrl Pts',(-16.5216082900609,108.421815433312,29.3666407827297));
#1649=CARTESIAN_POINT('Ctrl Pts',(-11.6991624540332,108.500249070844,32.0797823689158));
#1650=CARTESIAN_POINT('Ctrl Pts',(-6.19429657886247,108.578682708377,33.5798874195786));
#1651=CARTESIAN_POINT('Ctrl Pts',(-0.662096050635346,108.65711634591,33.6885967929788));
#1652=CARTESIAN_POINT('Ctrl Pts',(4.87010447759172,108.735549983443,33.7973061663791));
#1653=CARTESIAN_POINT('Ctrl Pts',(10.4296396588752,108.813983620975,32.5146198625168));
#1654=CARTESIAN_POINT('Ctrl Pts',(15.3549721519105,108.892417258508,29.9931016496409));
#1655=CARTESIAN_POINT('Ctrl Pts',(20.2803046449458,108.970850896041,27.471583436765));
#1656=CARTESIAN_POINT('Ctrl Pts',(24.571434449733,109.049284533574,23.7112333148755));
#1657=CARTESIAN_POINT('Ctrl Pts',(27.7177325037617,109.127718171106,19.1595449122196));
#1658=CARTESIAN_POINT('Ctrl Pts',(30.8640305577904,109.206151808639,14.6078565095638));
#1659=CARTESIAN_POINT('Ctrl Pts',(32.8654968610607,109.284585446172,9.26482982614168));
#1660=CARTESIAN_POINT('Ctrl Pts',(33.4839716505691,109.363019083705,3.7662404976257));
#1661=CARTESIAN_POINT('Ctrl Pts',(33.6245405170153,109.380845723862,2.5165040781723));
#1662=CARTESIAN_POINT('Ctrl Pts',(33.693667351606,109.39867236402,1.25873166476254));
#1663=CARTESIAN_POINT('Ctrl Pts',(33.6924202420338,109.416499004178,0.000822775741653453));
#1664=CARTESIAN_POINT('',(-29.0124904287268,108.049484504854,17.1303353985323));
#1665=CARTESIAN_POINT('Ctrl Pts',(-29.0124904287268,108.049484504854,17.1303353985323));
#1666=CARTESIAN_POINT('Ctrl Pts',(-28.4818109655424,108.088247358307,18.0291113120312));
#1667=CARTESIAN_POINT('Ctrl Pts',(-27.8511216605204,108.125346508142,19.0018261887141));
#1668=CARTESIAN_POINT('Ctrl Pts',(-25.0889656537453,108.254512128493,22.7426018074882));
#1669=CARTESIAN_POINT('Ctrl Pts',(-22.6722498999422,108.316079903945,25.1528084403117));
#1670=CARTESIAN_POINT('Ctrl Pts',(-19.9358651245545,108.364182506222,27.1612642098769));
#1671=CARTESIAN_POINT('Ctrl Pts',(-29.0083410173455,108.049484504853,17.1271794477396));
#1672=CARTESIAN_POINT('Ctrl Pts',(-27.5039335708248,108.091428634276,19.6775312499296));
#1673=CARTESIAN_POINT('Ctrl Pts',(-25.6683671252926,108.133372763698,22.0323596837007));
#1674=CARTESIAN_POINT('Ctrl Pts',(-23.5523039430921,108.175316893121,24.1004207998866));
#1675=CARTESIAN_POINT('Ctrl Pts',(-18.9017262675592,108.267499599929,28.6455019389905));
#1676=CARTESIAN_POINT('Ctrl Pts',(-12.8963199909412,108.359682306738,31.8054669147636));
#1677=CARTESIAN_POINT('Ctrl Pts',(-6.51853216123323,108.451865013546,33.0617969381282));
#1678=CARTESIAN_POINT('Ctrl Pts',(-0.140744331525228,108.544047720355,34.3181269614929));
#1679=CARTESIAN_POINT('Ctrl Pts',(6.60942505127279,108.636230427163,33.6708220324491));
#1680=CARTESIAN_POINT('Ctrl Pts',(12.6397043689445,108.728413133971,31.2356886857705));
#1681=CARTESIAN_POINT('Ctrl Pts',(16.6598905807257,108.789868271844,29.6122664546514));
#1682=CARTESIAN_POINT('Ctrl Pts',(20.3601256524508,108.851323409716,27.1942538156947));
#1683=CARTESIAN_POINT('Ctrl Pts',(23.47053890609,108.912778547588,24.1723129058988));
#1684=CARTESIAN_POINT('Ctrl Pts',(26.5809521597292,108.97423368546,21.150371996103));
#1685=CARTESIAN_POINT('Ctrl Pts',(29.1015435952826,109.035688823333,17.5245028154682));
#1686=CARTESIAN_POINT('Ctrl Pts',(30.8463418074468,109.097143961205,13.5552255642185));
#1687=CARTESIAN_POINT('Ctrl Pts',(32.591140019611,109.158599099077,9.58594831296872));
#1688=CARTESIAN_POINT('Ctrl Pts',(33.560145008386,109.220054236949,5.27326299110409));
#1689=CARTESIAN_POINT('Ctrl Pts',(33.6803124298711,109.281509374822,0.938813618773144));
#1690=CARTESIAN_POINT('Ctrl Pts',(33.6889889426869,109.285946653119,0.625851044859486));
#1691=CARTESIAN_POINT('Ctrl Pts',(33.6932401675787,109.290383931415,0.31277500731815));
#1692=CARTESIAN_POINT('Ctrl Pts',(33.6930884433826,109.294821209712,-0.000295535909599512));
#1693=CARTESIAN_POINT('Origin',(0.,118.685,-3.7470027081099E-15));
#1694=CARTESIAN_POINT('',(33.695057344366,112.416499004178,-0.000124622751277012));
#1695=CARTESIAN_POINT('',(33.6917026193245,112.294821209746,0.000125168038079722));
#1696=CARTESIAN_POINT('',(33.6923283811489,118.685,3.79117502669649E-16));
#1697=CARTESIAN_POINT('Ctrl Pts',(33.6924202420338,109.416499004178,0.000822775741653453));
#1698=CARTESIAN_POINT('Ctrl Pts',(33.6881803198779,109.477106001553,-4.27581488901464));
#1699=CARTESIAN_POINT('Ctrl Pts',(32.8705136802746,109.537712998928,-8.55403002551395));
#1700=CARTESIAN_POINT('Ctrl Pts',(31.2813930053285,109.598319996303,-12.5233949651144));
#1701=CARTESIAN_POINT('Ctrl Pts',(29.2248562948331,109.676753633836,-17.6602891257286));
#1702=CARTESIAN_POINT('Ctrl Pts',(25.8762995980958,109.755187271368,-22.2799254733472));
#1703=CARTESIAN_POINT('Ctrl Pts',(21.6341837042676,109.833620908901,-25.8325959356991));
#1704=CARTESIAN_POINT('Ctrl Pts',(17.3920678104394,109.912054546434,-29.3852663980509));
#1705=CARTESIAN_POINT('Ctrl Pts',(12.2563927195203,109.990488183967,-31.8709709751359));
#1706=CARTESIAN_POINT('Ctrl Pts',(6.838275356513,110.068921821499,-32.9939227878335));
#1707=CARTESIAN_POINT('Ctrl Pts',(1.42015799350566,110.147355459032,-34.116874600531));
#1708=CARTESIAN_POINT('Ctrl Pts',(-4.28040164158988,110.225789096565,-33.8770736488411));
#1709=CARTESIAN_POINT('Ctrl Pts',(-9.58506797703709,110.304222734097,-32.3030556819411));
#1710=CARTESIAN_POINT('Ctrl Pts',(-14.8897343124843,110.38265637163,-30.729037715041));
#1711=CARTESIAN_POINT('Ctrl Pts',(-19.7985073482832,110.461090009163,-27.8208027329309));
#1712=CARTESIAN_POINT('Ctrl Pts',(-23.7272698206053,110.539523646696,-23.9244144947925));
#1713=CARTESIAN_POINT('Ctrl Pts',(-27.6560322929275,110.617957284228,-20.0280262566542));
#1714=CARTESIAN_POINT('Ctrl Pts',(-30.604784201773,110.696390921761,-15.1434847624876));
#1715=CARTESIAN_POINT('Ctrl Pts',(-32.2226404942735,110.774824559294,-9.85202385765537));
#1716=CARTESIAN_POINT('Ctrl Pts',(-33.8404967867741,110.853258196827,-4.56056295282322));
#1717=CARTESIAN_POINT('Ctrl Pts',(-34.1274574629297,110.931691834359,1.1378173626745));
#1718=CARTESIAN_POINT('Ctrl Pts',(-33.0493750230399,111.010125471892,6.56504085040404));
#1719=CARTESIAN_POINT('Ctrl Pts',(-31.9712925831502,111.088559109425,11.9922643381336));
#1720=CARTESIAN_POINT('Ctrl Pts',(-29.5281670272152,111.166992746958,17.1483309980949));
#1721=CARTESIAN_POINT('Ctrl Pts',(-26.0107185663268,111.24542638449,21.419697406603));
#1722=CARTESIAN_POINT('Ctrl Pts',(-22.4932701054384,111.323860022023,25.6910638151111));
#1723=CARTESIAN_POINT('Ctrl Pts',(-17.9014987395967,111.402293659556,29.0777299721659));
#1724=CARTESIAN_POINT('Ctrl Pts',(-12.7817967536724,111.480727297089,31.1767002993242));
#1725=CARTESIAN_POINT('Ctrl Pts',(-7.66209476774802,111.559160934621,33.2756706264825));
#1726=CARTESIAN_POINT('Ctrl Pts',(-2.01446216174109,111.637594572154,34.0869451237443));
#1727=CARTESIAN_POINT('Ctrl Pts',(3.48905636085823,111.716028209687,33.5139882838916));
#1728=CARTESIAN_POINT('Ctrl Pts',(8.99257488345743,111.794461847219,32.941031444039));
#1729=CARTESIAN_POINT('Ctrl Pts',(14.351979322649,111.872895484752,30.9838432670719));
#1730=CARTESIAN_POINT('Ctrl Pts',(18.9295452101551,111.951329122285,27.8753147880008));
#1731=CARTESIAN_POINT('Ctrl Pts',(23.5071110976612,112.029762759818,24.7667863089297));
#1732=CARTESIAN_POINT('Ctrl Pts',(27.302838433482,112.10819639735,20.5069175277545));
#1733=CARTESIAN_POINT('Ctrl Pts',(29.8650238286149,112.186630034883,15.6026173467112));
#1734=CARTESIAN_POINT('Ctrl Pts',(32.3680609372165,112.263253024648,10.8115333883874));
#1735=CARTESIAN_POINT('Ctrl Pts',(33.6938515834226,112.339876014413,5.40542811564584));
#1736=CARTESIAN_POINT('Ctrl Pts',(33.695057344366,112.416499004178,-0.000124622751277012));
#1737=CARTESIAN_POINT('Ctrl Pts',(33.6930884433789,109.29482120971,-0.000295535909598283));
#1738=CARTESIAN_POINT('Ctrl Pts',(33.6911388273466,109.351839069286,-4.02316971162793));
#1739=CARTESIAN_POINT('Ctrl Pts',(32.9621929983651,109.408856928861,-8.04513668967032));
#1740=CARTESIAN_POINT('Ctrl Pts',(31.5536471287779,109.465874788436,-11.8138041318888));
#1741=CARTESIAN_POINT('Ctrl Pts',(30.5415387442645,109.506844880351,-14.5217741022452));
#1742=CARTESIAN_POINT('Ctrl Pts',(29.1785448348777,109.547814972266,-17.0989625315962));
#1743=CARTESIAN_POINT('Ctrl Pts',(27.507351068239,109.588785064181,-19.4581523492344));
#1744=CARTESIAN_POINT('Ctrl Pts',(24.1649635349616,109.67072524801,-24.1765319845109));
#1745=CARTESIAN_POINT('Ctrl Pts',(19.5897765726768,109.75266543184,-28.0229171729364));
#1746=CARTESIAN_POINT('Ctrl Pts',(14.3624097554969,109.83460561567,-30.4856357190456));
#1747=CARTESIAN_POINT('Ctrl Pts',(9.13504293831699,109.916545799499,-32.9483542651548));
#1748=CARTESIAN_POINT('Ctrl Pts',(3.25549626624194,109.998485983329,-34.0274061689476));
#1749=CARTESIAN_POINT('Ctrl Pts',(-2.51070372988605,110.080426167159,-33.6000326294042));
#1750=CARTESIAN_POINT('Ctrl Pts',(-5.39380372795005,110.121396259074,-33.3863458596326));
#1751=CARTESIAN_POINT('Ctrl Pts',(-8.24856705702728,110.162366350989,-32.7960527290269));
#1752=CARTESIAN_POINT('Ctrl Pts',(-10.9810989782425,110.203336442903,-31.8521157278727));
#1753=CARTESIAN_POINT('Ctrl Pts',(-15.0798968600653,110.264791580776,-30.4362102261413));
#1754=CARTESIAN_POINT('Ctrl Pts',(-18.9036740741986,110.326246718648,-28.2246060156759));
#1755=CARTESIAN_POINT('Ctrl Pts',(-22.1693437726525,110.38770185652,-25.3725615223383));
#1756=CARTESIAN_POINT('Ctrl Pts',(-25.4350134711065,110.449156994392,-22.5205170290006));
#1757=CARTESIAN_POINT('Ctrl Pts',(-28.1425756538812,110.510612132265,-19.0280322527908));
#1758=CARTESIAN_POINT('Ctrl Pts',(-30.0928989266602,110.572067270137,-15.1549617986909));
#1759=CARTESIAN_POINT('Ctrl Pts',(-32.0432221994392,110.633522408009,-11.281891344591));
#1760=CARTESIAN_POINT('Ctrl Pts',(-33.2363065622224,110.694977545881,-7.02823521260102));
#1761=CARTESIAN_POINT('Ctrl Pts',(-33.5845061173187,110.756432683754,-2.70617015338239));
#1762=CARTESIAN_POINT('Ctrl Pts',(-33.9327056724149,110.817887821626,1.61589490583627));
#1763=CARTESIAN_POINT('Ctrl Pts',(-33.4360204198242,110.879342959498,6.00636889228356));
#1764=CARTESIAN_POINT('Ctrl Pts',(-32.1308850144564,110.94079809737,10.1414988817068));
#1765=CARTESIAN_POINT('Ctrl Pts',(-30.8257496090887,111.002253235243,14.27662887113));
#1766=CARTESIAN_POINT('Ctrl Pts',(-28.7121640509438,111.063708373115,18.1564148635292));
#1767=CARTESIAN_POINT('Ctrl Pts',(-25.9457692745766,111.125163510987,21.4955021693364));
#1768=CARTESIAN_POINT('Ctrl Pts',(-23.1793744982094,111.186618648859,24.8345894751435));
#1769=CARTESIAN_POINT('Ctrl Pts',(-19.7601705036198,111.248073786732,27.6329780943585));
#1770=CARTESIAN_POINT('Ctrl Pts',(-15.9399559479403,111.309528924604,29.6842550888466));
#1771=CARTESIAN_POINT('Ctrl Pts',(-12.1197413922608,111.370984062476,31.7355320833347));
#1772=CARTESIAN_POINT('Ctrl Pts',(-7.89851627549144,111.432439200348,33.0396974530958));
#1773=CARTESIAN_POINT('Ctrl Pts',(-3.58691886676043,111.493894338221,33.5015737270312));
#1774=CARTESIAN_POINT('Ctrl Pts',(0.724678541970566,111.555349476093,33.9634500009665));
#1775=CARTESIAN_POINT('Ctrl Pts',(5.12664824266323,111.616804613965,33.583037179076));
#1776=CARTESIAN_POINT('Ctrl Pts',(9.29452348807315,111.678259751837,32.3869242374876));
#1777=CARTESIAN_POINT('Ctrl Pts',(13.4623987334831,111.73971488971,31.1908112958993));
#1778=CARTESIAN_POINT('Ctrl Pts',(17.3961795236103,111.801170027582,29.178998234613));
#1779=CARTESIAN_POINT('Ctrl Pts',(20.8066789061045,111.862625165454,26.5010011789475));
#1780=CARTESIAN_POINT('Ctrl Pts',(24.2171782885988,111.924080303327,23.8230041232819));
#1781=CARTESIAN_POINT('Ctrl Pts',(27.10439626346,111.985535441199,20.4788230732371));
#1782=CARTESIAN_POINT('Ctrl Pts',(29.2553532836175,112.046990579071,16.7138827357574));
#1783=CARTESIAN_POINT('Ctrl Pts',(31.406310303775,112.108445716943,12.9489423982777));
#1784=CARTESIAN_POINT('Ctrl Pts',(32.8210063692287,112.169900854816,8.76324277336305));
#1785=CARTESIAN_POINT('Ctrl Pts',(33.3958562778922,112.231355992688,4.46530248253497));
#1786=CARTESIAN_POINT('Ctrl Pts',(33.5937403251946,112.25251106504,2.98579660283421));
#1787=CARTESIAN_POINT('Ctrl Pts',(33.6921039125438,112.273666137393,1.49299037924684));
#1788=CARTESIAN_POINT('Ctrl Pts',(33.6917026193245,112.294821209746,0.000125168038079722));
#1789=CARTESIAN_POINT('Ctrl Pts',(-1.71007073800182,107.276218037464,-32.0914684148659));
#1790=CARTESIAN_POINT('Ctrl Pts',(-5.58877927470344,107.276218504418,-31.9847398521369));
#1791=CARTESIAN_POINT('Ctrl Pts',(-13.3053678792899,107.276219420696,-30.3519860942921));
#1792=CARTESIAN_POINT('Ctrl Pts',(-23.2723161808529,107.276220744715,-23.9940821337897));
#1793=CARTESIAN_POINT('Ctrl Pts',(-30.4035032279,107.276222021282,-14.5713455295318));
#1794=CARTESIAN_POINT('Ctrl Pts',(-33.8376958193638,107.276223252827,-3.27163583471139));
#1795=CARTESIAN_POINT('Ctrl Pts',(-33.2048101791837,107.276224441656,8.51473707181382));
#1796=CARTESIAN_POINT('Ctrl Pts',(-28.6087397761249,107.276225590059,19.3812464663088));
#1797=CARTESIAN_POINT('Ctrl Pts',(-23.2912170135718,107.276226329978,25.1695697785445));
#1798=CARTESIAN_POINT('Ctrl Pts',(-20.2261959193183,107.276226693842,27.5371245893833));
#1799=CARTESIAN_POINT('Ctrl Pts',(-1.71136421203168,107.482752126418,-32.1384755480425));
#1800=CARTESIAN_POINT('Ctrl Pts',(-5.59585931013213,107.482752689762,-32.0315876782363));
#1801=CARTESIAN_POINT('Ctrl Pts',(-13.3235031459503,107.482753793403,-30.3965546894864));
#1802=CARTESIAN_POINT('Ctrl Pts',(-23.3049517510022,107.482755390167,-24.0293484160207));
#1803=CARTESIAN_POINT('Ctrl Pts',(-30.4463467463941,107.482756928786,-14.5931771171622));
#1804=CARTESIAN_POINT('Ctrl Pts',(-33.8853493631301,107.482758413545,-3.27738069955641));
#1805=CARTESIAN_POINT('Ctrl Pts',(-33.2516343378583,107.482759846573,8.52555494365642));
#1806=CARTESIAN_POINT('Ctrl Pts',(-28.6490346820862,107.482761231211,19.4072674718611));
#1807=CARTESIAN_POINT('Ctrl Pts',(-23.3242634219646,107.482762122618,25.2034618493071));
#1808=CARTESIAN_POINT('Ctrl Pts',(-20.2549416414685,107.482762561589,27.5743386163838));
#1809=CARTESIAN_POINT('Ctrl Pts',(-1.71020503695923,107.925983574208,-32.0963490764259));
#1810=CARTESIAN_POINT('Ctrl Pts',(-5.58945671114253,107.925984284626,-31.9896052063781));
#1811=CARTESIAN_POINT('Ctrl Pts',(-13.3072908210754,107.925985680688,-30.3565564379122));
#1812=CARTESIAN_POINT('Ctrl Pts',(-23.2756805495626,107.925987695674,-23.9977452909418));
#1813=CARTESIAN_POINT('Ctrl Pts',(-30.4079177063462,107.925989639502,-14.5735848120184));
#1814=CARTESIAN_POINT('Ctrl Pts',(-33.8426335655084,107.925991514307,-3.27223669221672));
#1815=CARTESIAN_POINT('Ctrl Pts',(-33.2096223737553,107.925993324352,8.51585817967515));
#1816=CARTESIAN_POINT('Ctrl Pts',(-28.6129327210385,107.925995072451,19.3839120697033));
#1817=CARTESIAN_POINT('Ctrl Pts',(-23.2946008845298,107.925996199587,25.173117325271));
#1818=CARTESIAN_POINT('Ctrl Pts',(-20.2291765332002,107.92599675316,27.5409832729432));
#1819=CARTESIAN_POINT('Ctrl Pts',(-1.70205291830397,108.258236835689,-31.800086671109));
#1820=CARTESIAN_POINT('Ctrl Pts',(-5.54563905935422,108.258237435771,-31.694323806917));
#1821=CARTESIAN_POINT('Ctrl Pts',(-13.1924307148662,108.25823860712,-30.0764426750232));
#1822=CARTESIAN_POINT('Ctrl Pts',(-23.0703093725772,108.258240306666,-23.7754316205826));
#1823=CARTESIAN_POINT('Ctrl Pts',(-30.1383247063564,108.258241942118,-14.4363494275372));
#1824=CARTESIAN_POINT('Ctrl Pts',(-33.5423713339334,108.258243521288,-3.23595886134235));
#1825=CARTESIAN_POINT('Ctrl Pts',(-32.9151233475028,108.258245044874,8.44769101762527));
#1826=CARTESIAN_POINT('Ctrl Pts',(-28.3587640463518,108.258246517828,19.2203677129192));
#1827=CARTESIAN_POINT('Ctrl Pts',(-23.0869123883225,108.25824746436,24.9590392647107));
#1828=CARTESIAN_POINT('Ctrl Pts',(-20.0479963948344,108.258247931951,27.306428631183));
#1829=CARTESIAN_POINT('Ctrl Pts',(-1.69700758374356,108.364173876724,-31.6167302927607));
#1830=CARTESIAN_POINT('Ctrl Pts',(-5.51837792405259,108.364174342236,-31.5115785665771));
#1831=CARTESIAN_POINT('Ctrl Pts',(-13.1214435379063,108.36417525568,-29.9029423091768));
#1832=CARTESIAN_POINT('Ctrl Pts',(-22.9431494276615,108.364176575599,-23.637850117107));
#1833=CARTESIAN_POINT('Ctrl Pts',(-29.9713974927594,108.364177848206,-14.3513508478199));
#1834=CARTESIAN_POINT('Ctrl Pts',(-33.3565253767222,108.364179075926,-3.21351896718842));
#1835=CARTESIAN_POINT('Ctrl Pts',(-32.7327490889233,108.364180261057,8.40550000750227));
#1836=CARTESIAN_POINT('Ctrl Pts',(-28.2014954397186,108.364181405883,19.1190693749014));
#1837=CARTESIAN_POINT('Ctrl Pts',(-22.958269344398,108.364182143494,24.8266294122475));
#1838=CARTESIAN_POINT('Ctrl Pts',(-19.9358651245348,108.364182506222,27.1612642098922));
#1839=CARTESIAN_POINT('',(-30.9541569231362,107.276222315348,-11.7042615841345));
#1840=CARTESIAN_POINT('',(-2.67943023982397,107.276222315345,-32.050143235131));
#1841=CARTESIAN_POINT('Ctrl Pts',(-30.9545344763466,107.276222315359,-11.704552809722));
#1842=CARTESIAN_POINT('Ctrl Pts',(-30.6019914454799,107.276222215267,-12.5719461406867));
#1843=CARTESIAN_POINT('Ctrl Pts',(-30.2126361088746,107.276222114743,-13.424355658069));
#1844=CARTESIAN_POINT('Ctrl Pts',(-29.7873374853035,107.276222013782,-14.2585166811051));
#1845=CARTESIAN_POINT('Ctrl Pts',(-28.026440878885,107.276221595763,-17.7122577309515));
#1846=CARTESIAN_POINT('Ctrl Pts',(-25.6493785298693,107.276221170241,-20.8531699323709));
#1847=CARTESIAN_POINT('Ctrl Pts',(-22.7996893051008,107.27622073681,-23.4832766931644));
#1848=CARTESIAN_POINT('Ctrl Pts',(-19.9500000803324,107.276220303379,-26.1133834539578));
#1849=CARTESIAN_POINT('Ctrl Pts',(-16.6276839798113,107.276219862039,-28.2326847741254));
#1850=CARTESIAN_POINT('Ctrl Pts',(-13.0373787784041,107.2762194123,-29.7005238736703));
#1851=CARTESIAN_POINT('Ctrl Pts',(-9.74633815350753,107.276219000048,-31.0460134174341));
#1852=CARTESIAN_POINT('Ctrl Pts',(-6.23012216033294,107.276218580738,-31.8441178438073));
#1853=CARTESIAN_POINT('Ctrl Pts',(-2.67941388782767,107.276218154051,-32.0500220041643));
#1854=CARTESIAN_POINT('Ctrl Pts',(-29.0124904306006,108.049484504777,17.1303353952776));
#1855=CARTESIAN_POINT('Ctrl Pts',(-29.6069738109838,108.025043236026,16.0977537627434));
#1856=CARTESIAN_POINT('Ctrl Pts',(-30.146134410107,107.99992786645,15.0323467498207));
#1857=CARTESIAN_POINT('Ctrl Pts',(-32.3853590353143,107.879640512828,9.93922178945052));
#1858=CARTESIAN_POINT('Ctrl Pts',(-33.3344210364167,107.777600480633,5.6291928354178));
#1859=CARTESIAN_POINT('Ctrl Pts',(-33.4849599242034,107.552727853961,-3.00872402249342));
#1860=CARTESIAN_POINT('Ctrl Pts',(-32.7222046740765,107.433208641979,-7.25853398950892));
#1861=CARTESIAN_POINT('Ctrl Pts',(-31.0854690248161,107.2876553792,-11.3847963949367));
#1862=CARTESIAN_POINT('Ctrl Pts',(-31.0201903913998,107.281933736695,-11.5454475467053));
#1863=CARTESIAN_POINT('Ctrl Pts',(-30.9541569231362,107.276222315352,-11.7042615841345));
#1864=CARTESIAN_POINT('',(-19.6650299171452,108.364176153237,-25.4495113147637));
#1865=CARTESIAN_POINT('Ctrl Pts',(-19.9358651245348,108.364182506222,27.1612642098922));
#1866=CARTESIAN_POINT('Ctrl Pts',(-22.958269344398,108.364182143494,24.8266294122475));
#1867=CARTESIAN_POINT('Ctrl Pts',(-28.2014954397186,108.364181405883,19.1190693749014));
#1868=CARTESIAN_POINT('Ctrl Pts',(-32.7327490889233,108.364180261057,8.40550000750227));
#1869=CARTESIAN_POINT('Ctrl Pts',(-33.3565253767222,108.364179075926,-3.21351896718842));
#1870=CARTESIAN_POINT('Ctrl Pts',(-29.9713974927594,108.364177848206,-14.3513508478199));
#1871=CARTESIAN_POINT('Ctrl Pts',(-24.5411582886038,108.364176864951,-21.5263839335001));
#1872=CARTESIAN_POINT('Ctrl Pts',(-20.6450376169423,108.364176292203,-24.7313012694441));
#1873=CARTESIAN_POINT('Ctrl Pts',(-19.6646780491501,108.364176153236,-25.4490307995932));
#1874=CARTESIAN_POINT('Ctrl Pts',(-2.67943023981427,107.276222315346,-32.0501432351319));
#1875=CARTESIAN_POINT('Ctrl Pts',(-2.51568113779781,107.29477366605,-32.063832855564));
#1876=CARTESIAN_POINT('Ctrl Pts',(-2.37059596516886,107.313645709287,-32.0747087027041));
#1877=CARTESIAN_POINT('Ctrl Pts',(-2.08008121421528,107.358277824547,-32.0950448911837));
#1878=CARTESIAN_POINT('Ctrl Pts',(-1.88883541765421,107.393562420448,-32.1066027149933));
#1879=CARTESIAN_POINT('Ctrl Pts',(-1.76069495861199,107.446561874749,-32.1137295097125));
#1880=CARTESIAN_POINT('Ctrl Pts',(-1.73945953271414,107.457991223556,-32.1148795326174));
#1881=CARTESIAN_POINT('Ctrl Pts',(-1.7215693148222,107.47448306969,-32.1158410673138));
#1882=CARTESIAN_POINT('Ctrl Pts',(-1.71727437348721,107.479379338913,-32.1160708157509));
#1883=CARTESIAN_POINT('Ctrl Pts',(-1.71262392100971,107.4883352833,-32.1163190664623));
#1884=CARTESIAN_POINT('Ctrl Pts',(-1.7114070719478,107.492036666981,-32.1163838835665));
#1885=CARTESIAN_POINT('Ctrl Pts',(-1.71075727835756,107.499372211674,-32.1164185025296));
#1886=CARTESIAN_POINT('Ctrl Pts',(-1.71114494153613,107.502735764424,-32.1163978645391));
#1887=CARTESIAN_POINT('Ctrl Pts',(-1.71334098556116,107.509975103772,-32.1162807919209));
#1888=CARTESIAN_POINT('Ctrl Pts',(-1.71535764713298,107.513632429591,-32.1161732128728));
#1889=CARTESIAN_POINT('Ctrl Pts',(-1.72202228582933,107.522785560041,-32.1158167431722));
#1890=CARTESIAN_POINT('Ctrl Pts',(-1.7277652769522,107.527950482726,-32.1155085264347));
#1891=CARTESIAN_POINT('Ctrl Pts',(-1.74743291628602,107.542806977485,-32.1144469164563));
#1892=CARTESIAN_POINT('Ctrl Pts',(-1.76613572569295,107.552063390503,-32.1134261326736));
#1893=CARTESIAN_POINT('Ctrl Pts',(-1.85032054278977,107.587188066689,-32.1087474291375));
#1894=CARTESIAN_POINT('Ctrl Pts',(-1.94871739214591,107.609987616586,-32.1029701817216));
#1895=CARTESIAN_POINT('Ctrl Pts',(-2.48403429309747,107.716351879877,-32.069060906336));
#1896=CARTESIAN_POINT('Ctrl Pts',(-3.37633684893234,107.798551389192,-32.0049887793553));
#1897=CARTESIAN_POINT('Ctrl Pts',(-6.13049415811986,107.975960593779,-31.6142836093212));
#1898=CARTESIAN_POINT('Ctrl Pts',(-8.56234776683294,108.078892619924,-31.1489788200192));
#1899=CARTESIAN_POINT('Ctrl Pts',(-14.3645651412183,108.256787557786,-28.9504526571361));
#1900=CARTESIAN_POINT('Ctrl Pts',(-17.15155883953,108.317020275699,-27.3916894307142));
#1901=CARTESIAN_POINT('Ctrl Pts',(-19.6650299171418,108.364176153237,-25.4495113147663));
#1902=CARTESIAN_POINT('Ctrl Pts',(-30.0831294171038,106.738652508884,-11.375251745611));
#1903=CARTESIAN_POINT('Ctrl Pts',(-32.2793152558136,106.830835215692,-5.56719190769067));
#1904=CARTESIAN_POINT('Ctrl Pts',(-33.2140599265007,107.015200629309,7.34489904479804));
#1905=CARTESIAN_POINT('Ctrl Pts',(-23.7761812666917,107.291748749734,24.327552988637));
#1906=CARTESIAN_POINT('Ctrl Pts',(-6.57844107178534,107.568296870159,33.3771224227859));
#1907=CARTESIAN_POINT('Ctrl Pts',(10.6044172337243,107.814117421648,31.7296528381093));
#1908=CARTESIAN_POINT('Ctrl Pts',(22.9671133099378,108.029210404201,23.6512137652243));
#1909=CARTESIAN_POINT('Ctrl Pts',(30.1855796018255,108.213575817818,13.2678047622291));
#1910=CARTESIAN_POINT('Ctrl Pts',(32.9607468722285,108.397941231435,0.91746712645254));
#1911=CARTESIAN_POINT('Ctrl Pts',(31.1060624810636,108.561821599094,-10.1714816381493));
#1912=CARTESIAN_POINT('Ctrl Pts',(25.2513604515024,108.746187012711,-21.2421454991083));
#1913=CARTESIAN_POINT('Ctrl Pts',(14.3330753343326,108.951037472285,-30.4215032205201));
#1914=CARTESIAN_POINT('Ctrl Pts',(0.301903653648856,109.155887931859,-32.9968225796718));
#1915=CARTESIAN_POINT('Ctrl Pts',(-11.9610585594257,109.340253345476,-30.4613530722217));
#1916=CARTESIAN_POINT('Ctrl Pts',(-21.6947288418347,109.504133713136,-24.8317779417792));
#1917=CARTESIAN_POINT('Ctrl Pts',(-29.4486234914302,109.688499126752,-14.8303547911023));
#1918=CARTESIAN_POINT('Ctrl Pts',(-32.8654917033565,109.872864540369,-2.64907116738148));
#1919=CARTESIAN_POINT('Ctrl Pts',(-31.443316227754,110.057229953986,9.92409881669445));
#1920=CARTESIAN_POINT('Ctrl Pts',(-25.3907460409245,110.241595367603,21.034867663188));
#1921=CARTESIAN_POINT('Ctrl Pts',(-15.5991836317212,110.425960781219,29.048861705925));
#1922=CARTESIAN_POINT('Ctrl Pts',(-3.5107788211451,110.610326194836,32.7838348524837));
#1923=CARTESIAN_POINT('Ctrl Pts',(9.09530656218541,110.794691608453,31.6946331539009));
#1924=CARTESIAN_POINT('Ctrl Pts',(20.3606975139848,110.97905702207,25.9335147212435));
#1925=CARTESIAN_POINT('Ctrl Pts',(28.6290717638038,111.163422435686,16.3568020534747));
#1926=CARTESIAN_POINT('Ctrl Pts',(32.6805737600561,111.347787849303,4.37013778758324));
#1927=CARTESIAN_POINT('Ctrl Pts',(31.9218947436335,111.53215326292,-8.2594572207247));
#1928=CARTESIAN_POINT('Ctrl Pts',(26.4590951562921,111.716518676537,-19.6727812741143));
#1929=CARTESIAN_POINT('Ctrl Pts',(17.1036844529175,111.900884090153,-28.1904017992828));
#1930=CARTESIAN_POINT('Ctrl Pts',(5.22642849477509,112.08524950377,-32.5549114849084));
#1931=CARTESIAN_POINT('Ctrl Pts',(-7.41805710816986,112.269614917387,-32.1269918676904));
#1932=CARTESIAN_POINT('Ctrl Pts',(-18.972254109032,112.453980331004,-26.9671250045374));
#1933=CARTESIAN_POINT('Ctrl Pts',(-27.7295205962658,112.638345744621,-17.8375395118183));
#1934=CARTESIAN_POINT('Ctrl Pts',(-32.4085028513434,112.822711158237,-6.0788981934324));
#1935=CARTESIAN_POINT('Ctrl Pts',(-32.3170106187577,112.986591525897,5.16476108574187));
#1936=CARTESIAN_POINT('Ctrl Pts',(-28.2710550275369,113.170956939513,17.0170907545447));
#1937=CARTESIAN_POINT('Ctrl Pts',(-18.4643938036036,113.386049922066,28.3331546773183));
#1938=CARTESIAN_POINT('Ctrl Pts',(-0.632375995188245,113.652355519513,34.0107072706747));
#1939=CARTESIAN_POINT('Ctrl Pts',(18.08322570863,113.928903639938,28.8115628962719));
#1940=CARTESIAN_POINT('Ctrl Pts',(30.907271164705,114.205451760363,14.2103812225363));
#1941=CARTESIAN_POINT('Ctrl Pts',(32.7262142447073,114.38981717398,1.39381502745941));
#1942=CARTESIAN_POINT('Ctrl Pts',(31.8096146849267,114.481999880788,-4.74757215834981));
#1943=CARTESIAN_POINT('Ctrl Pts',(-30.5603472083055,107.033175290023,-11.5555066672812));
#1944=CARTESIAN_POINT('Ctrl Pts',(-32.7913343260567,107.125357996831,-5.65531181757619));
#1945=CARTESIAN_POINT('Ctrl Pts',(-33.7408322341067,107.309723410448,7.46158525428976));
#1946=CARTESIAN_POINT('Ctrl Pts',(-24.1531619099128,107.586271530873,24.7135506342095));
#1947=CARTESIAN_POINT('Ctrl Pts',(-6.68259437582147,107.862819651298,33.9065597061383));
#1948=CARTESIAN_POINT('Ctrl Pts',(10.772794826871,108.108640202787,32.2328623120164));
#1949=CARTESIAN_POINT('Ctrl Pts',(23.3315320879188,108.32373318534,24.0262199591389));
#1950=CARTESIAN_POINT('Ctrl Pts',(30.6644330582614,108.508098598957,13.4780772065349));
#1951=CARTESIAN_POINT('Ctrl Pts',(33.483547990069,108.692464012574,0.931833123662477));
#1952=CARTESIAN_POINT('Ctrl Pts',(31.5993835281137,108.856344380233,-10.3329888462412));
#1953=CARTESIAN_POINT('Ctrl Pts',(25.651756580124,109.04070979385,-21.5792133079769));
#1954=CARTESIAN_POINT('Ctrl Pts',(14.5602428819076,109.245560253424,-30.9041047158358));
#1955=CARTESIAN_POINT('Ctrl Pts',(0.306505891644616,109.450410712998,-33.5201924246394));
#1956=CARTESIAN_POINT('Ctrl Pts',(-12.1509469073402,109.634776126615,-30.9444381710904));
#1957=CARTESIAN_POINT('Ctrl Pts',(-22.0389727818517,109.798656494274,-25.2255164462182));
#1958=CARTESIAN_POINT('Ctrl Pts',(-29.9157967859234,109.983021907891,-15.0654152647416));
#1959=CARTESIAN_POINT('Ctrl Pts',(-33.3867917399411,110.167387321508,-2.69090296471124));
#1960=CARTESIAN_POINT('Ctrl Pts',(-31.9419879099397,110.351752735125,10.081684148577));
#1961=CARTESIAN_POINT('Ctrl Pts',(-25.7933541580139,110.536118148741,21.3686485904261));
#1962=CARTESIAN_POINT('Ctrl Pts',(-15.8464408856681,110.720483562358,29.5096986524799));
#1963=CARTESIAN_POINT('Ctrl Pts',(-3.56627876923749,110.904848975975,33.3038445814213));
#1964=CARTESIAN_POINT('Ctrl Pts',(9.23974769999293,111.089214389592,32.1972956955434));
#1965=CARTESIAN_POINT('Ctrl Pts',(20.6837883799641,111.273579803208,26.3447355899809));
#1966=CARTESIAN_POINT('Ctrl Pts',(29.0832546293251,111.457945216825,16.6160783905828));
#1967=CARTESIAN_POINT('Ctrl Pts',(33.1989504995454,111.642310630442,4.43926875550453));
#1968=CARTESIAN_POINT('Ctrl Pts',(32.4281666389646,111.826676044059,-8.39064209505926));
#1969=CARTESIAN_POINT('Ctrl Pts',(26.8786562284996,112.011041457676,-19.9849639526018));
#1970=CARTESIAN_POINT('Ctrl Pts',(17.3748096939945,112.195406871292,-28.6376310640083));
#1971=CARTESIAN_POINT('Ctrl Pts',(5.30914194281054,112.379772284909,-33.0712999087944));
#1972=CARTESIAN_POINT('Ctrl Pts',(-7.53589755211051,112.564137698526,-32.6365215935343));
#1973=CARTESIAN_POINT('Ctrl Pts',(-19.2733284770839,112.748503112143,-27.3947479788392));
#1974=CARTESIAN_POINT('Ctrl Pts',(-28.1694438902483,112.932868525759,-18.1203071532805));
#1975=CARTESIAN_POINT('Ctrl Pts',(-32.9225738765413,113.117233939376,-6.17513363306757));
#1976=CARTESIAN_POINT('Ctrl Pts',(-32.829566986361,113.281114307036,5.24686269618017));
#1977=CARTESIAN_POINT('Ctrl Pts',(-28.7193708940869,113.465479720652,17.2871613108171));
#1978=CARTESIAN_POINT('Ctrl Pts',(-18.7571006780174,113.680572703205,28.7826558521922));
#1979=CARTESIAN_POINT('Ctrl Pts',(-0.642214185810682,113.946878300652,34.5501603769304));
#1980=CARTESIAN_POINT('Ctrl Pts',(18.3702094619511,114.223426421077,29.2684458291664));
#1981=CARTESIAN_POINT('Ctrl Pts',(31.3975768143491,114.499974541502,14.4355999554264));
#1982=CARTESIAN_POINT('Ctrl Pts',(33.2452980904129,114.684339955119,1.41573778292158));
#1983=CARTESIAN_POINT('Ctrl Pts',(32.3141255160598,114.776522661927,-4.82305380045654));
#1984=CARTESIAN_POINT('Ctrl Pts',(-31.0375635297784,107.327698000505,-11.7357655933058));
#1985=CARTESIAN_POINT('Ctrl Pts',(-33.3033526993305,107.419880707314,-5.74343601544648));
#1986=CARTESIAN_POINT('Ctrl Pts',(-34.2676055589026,107.604246120931,7.57826706841186));
#1987=CARTESIAN_POINT('Ctrl Pts',(-24.5301458100427,107.880794241356,25.0995451580751));
#1988=CARTESIAN_POINT('Ctrl Pts',(-6.78675211486029,108.157342361781,34.4359961601523));
#1989=CARTESIAN_POINT('Ctrl Pts',(10.9411682258292,108.40316291327,32.7360732333433));
#1990=CARTESIAN_POINT('Ctrl Pts',(23.6959477589516,108.618255895823,24.4012292294858));
#1991=CARTESIAN_POINT('Ctrl Pts',(31.1432847941774,108.80262130944,13.6883536711431));
#1992=CARTESIAN_POINT('Ctrl Pts',(34.0063490288518,108.986986723056,0.946203493323377));
#1993=CARTESIAN_POINT('Ctrl Pts',(32.0927059643528,109.150867090716,-10.4944919422899));
#1994=CARTESIAN_POINT('Ctrl Pts',(26.0521555584077,109.335232504332,-21.9162777953741));
#1995=CARTESIAN_POINT('Ctrl Pts',(14.7874144824283,109.540082963907,-31.3867043496148));
#1996=CARTESIAN_POINT('Ctrl Pts',(0.311112506056098,109.744933423481,-34.0435622723674));
#1997=CARTESIAN_POINT('Ctrl Pts',(-12.3408312309213,109.929298837098,-31.427524895389));
#1998=CARTESIAN_POINT('Ctrl Pts',(-22.3832134567916,110.093179204757,-25.6192578600126));
#1999=CARTESIAN_POINT('Ctrl Pts',(-30.3829681515768,110.277544618374,-15.3004796628667));
#2000=CARTESIAN_POINT('Ctrl Pts',(-33.9080914677127,110.461910031991,-2.73273912410017));
#2001=CARTESIAN_POINT('Ctrl Pts',(-32.4406609488502,110.646275445607,10.2392653233316));
#2002=CARTESIAN_POINT('Ctrl Pts',(-26.1959650975488,110.830640859224,21.7024261775305));
#2003=CARTESIAN_POINT('Ctrl Pts',(-16.0937020121741,111.015006272841,29.970533567849));
#2004=CARTESIAN_POINT('Ctrl Pts',(-3.62178306967059,111.199371686458,33.8238538871628));
#2005=CARTESIAN_POINT('Ctrl Pts',(9.38418464629439,111.383737100074,32.6999594843302));
#2006=CARTESIAN_POINT('Ctrl Pts',(21.0068758329155,111.568102513691,26.7559591924316));
#2007=CARTESIAN_POINT('Ctrl Pts',(29.537435362616,111.752467927308,16.8753585455434));
#2008=CARTESIAN_POINT('Ctrl Pts',(33.7173267017796,111.936833340925,4.50840406317126));
#2009=CARTESIAN_POINT('Ctrl Pts',(32.9344396707745,112.121198754541,-8.52182274662473));
#2010=CARTESIAN_POINT('Ctrl Pts',(27.2982199439965,112.305564168158,-20.2971431475677));
#2011=CARTESIAN_POINT('Ctrl Pts',(17.6459386956384,112.489929581775,-29.0848580967967));
#2012=CARTESIAN_POINT('Ctrl Pts',(5.3918597150435,112.674294995392,-33.5876876816536));
#2013=CARTESIAN_POINT('Ctrl Pts',(-7.65373374501781,112.858660409008,-33.1460523446408));
#2014=CARTESIAN_POINT('Ctrl Pts',(-19.5743992932748,113.043025822625,-27.8223735040804));
#2015=CARTESIAN_POINT('Ctrl Pts',(-28.6093648545046,113.227391236242,-18.4030784952254));
#2016=CARTESIAN_POINT('Ctrl Pts',(-33.4366441374602,113.411756649859,-6.27137337859068));
#2017=CARTESIAN_POINT('Ctrl Pts',(-33.3421240807355,113.575637017518,5.328960027496));
#2018=CARTESIAN_POINT('Ctrl Pts',(-29.1676890538742,113.760002431135,17.5572281397127));
#2019=CARTESIAN_POINT('Ctrl Pts',(-19.0498113337091,113.975095413688,29.2321546148967));
#2020=CARTESIAN_POINT('Ctrl Pts',(-0.652056887790116,114.241401011134,35.0896134432837));
#2021=CARTESIAN_POINT('Ctrl Pts',(18.6571894177898,114.51794913156,29.7253311974531));
#2022=CARTESIAN_POINT('Ctrl Pts',(31.8878806191504,114.794497251985,14.6608228055737));
#2023=CARTESIAN_POINT('Ctrl Pts',(33.76438179392,114.978862665601,1.43766488030955));
#2024=CARTESIAN_POINT('Ctrl Pts',(32.8186370179211,115.07104537241,-4.8985312300723));
#2025=CARTESIAN_POINT('Ctrl Pts',(-31.5147785703172,107.622220652272,-11.9160280046272));
#2026=CARTESIAN_POINT('Ctrl Pts',(-33.8153704642529,107.71440335908,-5.8315639458068));
#2027=CARTESIAN_POINT('Ctrl Pts',(-34.7943797675221,107.898768772697,7.69494505591364));
#2028=CARTESIAN_POINT('Ctrl Pts',(-24.9071325441785,108.175316893122,25.4855369632188));
#2029=CARTESIAN_POINT('Ctrl Pts',(-6.8909137143236,108.451865013547,34.9654318905384));
#2030=CARTESIAN_POINT('Ctrl Pts',(11.1095379731387,108.697685565036,33.2392854130882));
#2031=CARTESIAN_POINT('Ctrl Pts',(24.0603607241771,108.912778547589,24.7762411767392));
#2032=CARTESIAN_POINT('Ctrl Pts',(31.6221350308376,109.097143961206,13.898633634834));
#2033=CARTESIAN_POINT('Ctrl Pts',(34.5291499971627,109.281509374823,0.960577669239516));
#2034=CARTESIAN_POINT('Ctrl Pts',(32.58602960835,109.445389742482,-10.6559914582205));
#2035=CARTESIAN_POINT('Ctrl Pts',(26.4525570161082,109.629755156099,-22.2533393903017));
#2036=CARTESIAN_POINT('Ctrl Pts',(15.0145896103944,109.834605615673,-31.869302361367));
#2037=CARTESIAN_POINT('Ctrl Pts',(0.315722930204472,110.039456075247,-34.5669321208495));
#2038=CARTESIAN_POINT('Ctrl Pts',(-12.5307120506451,110.223821488864,-31.9106130331234));
#2039=CARTESIAN_POINT('Ctrl Pts',(-22.7274512883354,110.387701856523,-26.0130018052146));
#2040=CARTESIAN_POINT('Ctrl Pts',(-30.8501378366609,110.57206727014,-15.5355474765835));
#2041=CARTESIAN_POINT('Ctrl Pts',(-34.4293909250111,110.756432683757,-2.77457908061141));
#2042=CARTESIAN_POINT('Ctrl Pts',(-32.9393351672388,110.940798097373,10.3968428787325));
#2043=CARTESIAN_POINT('Ctrl Pts',(-26.5985784928032,111.12516351099,22.0362008559319));
#2044=CARTESIAN_POINT('Ctrl Pts',(-16.3409665090328,111.309528924607,30.4313667135785));
#2045=CARTESIAN_POINT('Ctrl Pts',(-3.67729115872265,111.493894338224,34.3438628228625));
#2046=CARTESIAN_POINT('Ctrl Pts',(9.52861794335739,111.678259751841,33.2026243571908));
#2047=CARTESIAN_POINT('Ctrl Pts',(21.329960313741,111.862625165457,27.1671851733311));
#2048=CARTESIAN_POINT('Ctrl Pts',(29.9916142383261,112.046990579074,17.1346420231951));
#2049=CARTESIAN_POINT('Ctrl Pts',(34.2357024346879,112.231355992691,4.57754314844919));
#2050=CARTESIAN_POINT('Ctrl Pts',(33.4407136903075,112.415721406308,-8.65299972177749));
#2051=CARTESIAN_POINT('Ctrl Pts',(27.7177859592035,112.600086819924,-20.6093193090785));
#2052=CARTESIAN_POINT('Ctrl Pts',(17.917070970066,112.784452233541,-29.5320831852276));
#2053=CARTESIAN_POINT('Ctrl Pts',(5.4745812513103,112.968817647158,-34.1040748861516));
#2054=CARTESIAN_POINT('Ctrl Pts',(-7.77156623695055,113.153183060775,-33.6555839866473));
#2055=CARTESIAN_POINT('Ctrl Pts',(-19.8754670165535,113.337548474392,-28.2500012486109));
#2056=CARTESIAN_POINT('Ctrl Pts',(-29.0492837893024,113.521913888008,-18.6858530576149));
#2057=CARTESIAN_POINT('Ctrl Pts',(-33.9507137314367,113.706279301625,-6.36761687216617));
#2058=CARTESIAN_POINT('Ctrl Pts',(-33.8546818061606,113.870159669284,5.41105363349856));
#2059=CARTESIAN_POINT('Ctrl Pts',(-29.6160092085488,114.054525082901,17.8272917230028));
#2060=CARTESIAN_POINT('Ctrl Pts',(-19.3425252801463,114.269618065454,29.6816512763418));
#2061=CARTESIAN_POINT('Ctrl Pts',(-0.661903516960137,114.5359236629,35.6290664731976));
#2062=CARTESIAN_POINT('Ctrl Pts',(18.9441660669463,114.812471783326,30.1822186843501));
#2063=CARTESIAN_POINT('Ctrl Pts',(32.3781828164277,115.089019903751,14.8860492391582));
#2064=CARTESIAN_POINT('Ctrl Pts',(34.2834653720101,115.273385317368,1.45959575735529));
#2065=CARTESIAN_POINT('Ctrl Pts',(33.3231491020701,115.365568024176,-4.97400499239662));
#2066=CARTESIAN_POINT('',(-23.2182612556831,107.276222315347,22.2622602130057));
#2067=CARTESIAN_POINT('Ctrl Pts',(-23.2182612556816,107.276222315347,22.2622602130073));
#2068=CARTESIAN_POINT('Ctrl Pts',(-23.6369857264397,107.276222315346,21.8467619378775));
#2069=CARTESIAN_POINT('Ctrl Pts',(-24.0437493599102,107.276222315344,21.4198044400085));
#2070=CARTESIAN_POINT('Ctrl Pts',(-24.4383049678132,107.276222315344,20.9820567701452));
#2071=CARTESIAN_POINT('Ctrl Pts',(-24.8368561879422,107.276222315343,20.5398760877822));
#2072=CARTESIAN_POINT('Ctrl Pts',(-25.2229511720269,107.276222315342,20.0866852526073));
#2073=CARTESIAN_POINT('Ctrl Pts',(-25.5963016412669,107.276222315343,19.6231327229556));
#2074=CARTESIAN_POINT('Ctrl Pts',(-25.9725403649636,107.276222315343,19.1559941320289));
#2075=CARTESIAN_POINT('Ctrl Pts',(-26.3358369351848,107.276222315344,18.6783325409466));
#2076=CARTESIAN_POINT('Ctrl Pts',(-26.6858578919797,107.276222315345,18.1907753591778));
#2077=CARTESIAN_POINT('Ctrl Pts',(-27.0356457585752,107.276222315346,17.7035428573988));
#2078=CARTESIAN_POINT('Ctrl Pts',(-27.3721759504499,107.276222315348,17.2064275199076));
#2079=CARTESIAN_POINT('Ctrl Pts',(-27.6950732166467,107.27622231535,16.700025483099));
#2080=CARTESIAN_POINT('Ctrl Pts',(-28.0163910320626,107.276222315352,16.1961005099766));
#2081=CARTESIAN_POINT('Ctrl Pts',(-28.3242092000115,107.276222315354,15.682979038133));
#2082=CARTESIAN_POINT('Ctrl Pts',(-28.6181122286316,107.276222315356,15.161225132469));
#2083=CARTESIAN_POINT('Ctrl Pts',(-28.7079181167049,107.276222315357,15.0017964492266));
#2084=CARTESIAN_POINT('Ctrl Pts',(-28.7964244283357,107.276222315357,14.8415616256712));
#2085=CARTESIAN_POINT('Ctrl Pts',(-28.8836183998127,107.276222315358,14.6805364107763));
#2086=CARTESIAN_POINT('Ctrl Pts',(-28.9201181269369,107.276222315358,14.6131306451686));
#2087=CARTESIAN_POINT('Ctrl Pts',(-28.9563878885481,107.276222315358,14.5455863782601));
#2088=CARTESIAN_POINT('Ctrl Pts',(-28.9924267253811,107.276222315358,14.4779047581726));
#2089=CARTESIAN_POINT('Ctrl Pts',(-29.0234578452095,107.276222315358,14.4196277257353));
#2090=CARTESIAN_POINT('Ctrl Pts',(-29.0543199230594,107.276222315358,14.3612446651479));
#2091=CARTESIAN_POINT('Ctrl Pts',(-29.0849987135576,107.276222315359,14.3027824697883));
#2092=CARTESIAN_POINT('Ctrl Pts',(-29.3651414201416,107.27622231536,13.768936207439));
#2093=CARTESIAN_POINT('Ctrl Pts',(-29.6302071767301,107.27622231536,13.2281177953398));
#2094=CARTESIAN_POINT('Ctrl Pts',(-29.8799362157828,107.276222315361,12.6810004535017));
#2095=CARTESIAN_POINT('Ctrl Pts',(-30.131442807155,107.276222315361,12.1299887720081));
#2096=CARTESIAN_POINT('Ctrl Pts',(-30.3673938698971,107.276222315361,11.5725877798178));
#2097=CARTESIAN_POINT('Ctrl Pts',(-30.587484074959,107.276222315361,11.009450850469));
#2098=CARTESIAN_POINT('Ctrl Pts',(-30.8075652519075,107.276222315362,10.4463370210309));
#2099=CARTESIAN_POINT('Ctrl Pts',(-31.0117871290075,107.276222315362,9.87748729376153));
#2100=CARTESIAN_POINT('Ctrl Pts',(-31.1998004914335,107.276222315363,9.30352700849712));
#2101=CARTESIAN_POINT('Ctrl Pts',(-31.3867756682107,107.276222315364,8.73273605823882));
#2102=CARTESIAN_POINT('Ctrl Pts',(-31.5577210529979,107.276222315366,8.15689039442541));
#2103=CARTESIAN_POINT('Ctrl Pts',(-31.7122462901222,107.276222315367,7.5765839458089));
#2104=CARTESIAN_POINT('Ctrl Pts',(-31.7593094793879,107.276222315368,7.39984212206798));
#2105=CARTESIAN_POINT('Ctrl Pts',(-31.8048491820231,107.276222315368,7.2226863893202));
#2106=CARTESIAN_POINT('Ctrl Pts',(-31.848853451492,107.276222315369,7.0451332303765));
#2107=CARTESIAN_POINT('Ctrl Pts',(-31.9935794356362,107.276222315371,6.46117726482684));
#2108=CARTESIAN_POINT('Ctrl Pts',(-32.1217006632598,107.276222315373,5.8729231009655));
#2109=CARTESIAN_POINT('Ctrl Pts',(-32.2332821166548,107.276222315375,5.28105685211893));
#2110=CARTESIAN_POINT('Ctrl Pts',(-32.3451841806251,107.276222315377,4.68748997496164));
#2111=CARTESIAN_POINT('Ctrl Pts',(-32.4404513113048,107.276222315379,4.09028974534381));
#2112=CARTESIAN_POINT('Ctrl Pts',(-32.5190970433579,107.276222315381,3.49014245880785));
#2113=CARTESIAN_POINT('Ctrl Pts',(-32.5608411526613,107.276222315382,3.17159225559592));
#2114=CARTESIAN_POINT('Ctrl Pts',(-32.5979015617355,107.276222315382,2.85221171150854));
#2115=CARTESIAN_POINT('Ctrl Pts',(-32.6302743275942,107.276222315383,2.53210351460365));
#2116=CARTESIAN_POINT('Ctrl Pts',(-32.6372902802826,107.276222315383,2.46272841164041));
#2117=CARTESIAN_POINT('Ctrl Pts',(-32.6440860424006,107.276222315383,2.39331913248949));
#2118=CARTESIAN_POINT('Ctrl Pts',(-32.6506615481528,107.276222315383,2.32387672468277));
#2119=CARTESIAN_POINT('Ctrl Pts',(-32.6551804831925,107.276222315383,2.27615328838677));
#2120=CARTESIAN_POINT('Ctrl Pts',(-32.6595944592432,107.276222315383,2.2284240471052));
#2121=CARTESIAN_POINT('Ctrl Pts',(-32.6639035341297,107.276222315383,2.18068990784597));
#2122=CARTESIAN_POINT('Ctrl Pts',(-32.718044517146,107.276222315384,1.58093861760368));
#2123=CARTESIAN_POINT('Ctrl Pts',(-32.7556321841139,107.276222315384,0.980387101232137));
#2124=CARTESIAN_POINT('Ctrl Pts',(-32.7768570696822,107.276222315384,0.379737909839042));
#2125=CARTESIAN_POINT('Ctrl Pts',(-32.7982713128443,107.276222315383,-0.226269967012007));
#2126=CARTESIAN_POINT('Ctrl Pts',(-32.8030295604281,107.276222315383,-0.83237772027965));
#2127=CARTESIAN_POINT('Ctrl Pts',(-32.791276311659,107.276222315382,-1.43788010814375));
#2128=CARTESIAN_POINT('Ctrl Pts',(-32.7794592042657,107.276222315381,-2.04667235655008));
#2129=CARTESIAN_POINT('Ctrl Pts',(-32.7509507159205,107.276222315381,-2.65485312232062));
#2130=CARTESIAN_POINT('Ctrl Pts',(-32.7058456842335,107.276222315381,-3.26171494972183));
#2131=CARTESIAN_POINT('Ctrl Pts',(-32.660677030915,107.276222315381,-3.86943276897409));
#2132=CARTESIAN_POINT('Ctrl Pts',(-32.5988649789908,107.276222315381,-4.47582841910672));
#2133=CARTESIAN_POINT('Ctrl Pts',(-32.5204526107216,107.276222315381,-5.08019347238398));
#2134=CARTESIAN_POINT('Ctrl Pts',(-32.4425083716653,107.276222315382,-5.68095040945572));
#2135=CARTESIAN_POINT('Ctrl Pts',(-32.3481613761726,107.276222315383,-6.27970140370265));
#2136=CARTESIAN_POINT('Ctrl Pts',(-32.237402999673,107.276222315383,-6.87574536958162));
#2137=CARTESIAN_POINT('Ctrl Pts',(-32.1274437664468,107.276222315384,-7.46748876207698));
#2138=CARTESIAN_POINT('Ctrl Pts',(-32.00130905861,107.276222315385,-8.05656450804838));
#2139=CARTESIAN_POINT('Ctrl Pts',(-31.8589409955914,107.276222315385,-8.64227439286563));
#2140=CARTESIAN_POINT('Ctrl Pts',(-31.7333444338628,107.276222315386,-9.15898541740067));
#2141=CARTESIAN_POINT('Ctrl Pts',(-31.5951132309514,107.276222315386,-9.67307692812093));
#2142=CARTESIAN_POINT('Ctrl Pts',(-31.4441758079879,107.276222315386,-10.1840572651253));
#2143=CARTESIAN_POINT('Ctrl Pts',(-31.4293936438827,107.276222315386,-10.2341004886535));
#2144=CARTESIAN_POINT('Ctrl Pts',(-31.4144895856429,107.276222315386,-10.2841138606237));
#2145=CARTESIAN_POINT('Ctrl Pts',(-31.3994635506233,107.276222315385,-10.3340969117462));
#2146=CARTESIAN_POINT('Ctrl Pts',(-31.3858783179637,107.276222315385,-10.3792872349188));
#2147=CARTESIAN_POINT('Ctrl Pts',(-31.3721961696024,107.276222315385,-10.4244434888603));
#2148=CARTESIAN_POINT('Ctrl Pts',(-31.3584172507722,107.276222315385,-10.4695650816916));
#2149=CARTESIAN_POINT('Ctrl Pts',(-31.2318214638911,107.276222315386,-10.8841261673769));
#2150=CARTESIAN_POINT('Ctrl Pts',(-31.0970544578451,107.27622231539,-11.2957733422077));
#2151=CARTESIAN_POINT('Ctrl Pts',(-30.9541569236227,107.27622231539,-11.7042615827797));
#2152=CARTESIAN_POINT('Ctrl Pts',(-30.3540693823514,109.750427279544,-10.6297894335321));
#2153=CARTESIAN_POINT('Ctrl Pts',(-29.894978580876,109.729784561948,-11.9423369902292));
#2154=CARTESIAN_POINT('Ctrl Pts',(-29.3511603775885,109.709141844351,-13.225186647645));
#2155=CARTESIAN_POINT('Ctrl Pts',(-28.7257857518223,109.688499126754,-14.4670447122635));
#2156=CARTESIAN_POINT('Ctrl Pts',(-26.8639919415684,109.627043988882,-18.1641625079969));
#2157=CARTESIAN_POINT('Ctrl Pts',(-24.2793603917029,109.56558885101,-21.4979702248896));
#2158=CARTESIAN_POINT('Ctrl Pts',(-21.1619814388182,109.504133713138,-24.220419420294));
#2159=CARTESIAN_POINT('Ctrl Pts',(-18.0446024859335,109.442678575266,-26.9428686156985));
#2160=CARTESIAN_POINT('Ctrl Pts',(-14.3944761300297,109.381223437393,-29.0539592896147));
#2161=CARTESIAN_POINT('Ctrl Pts',(-10.481833145053,109.319768299521,-30.4054894606712));
#2162=CARTESIAN_POINT('Ctrl Pts',(-7.87340448840181,109.278798207606,-31.306509574709));
#2163=CARTESIAN_POINT('Ctrl Pts',(-5.14830177438492,109.237828115691,-31.8699472430313));
#2164=CARTESIAN_POINT('Ctrl Pts',(-2.39615518632795,109.196858023776,-32.0738843979694));
#2165=CARTESIAN_POINT('Ctrl Pts',(3.10813798978599,109.114917839947,-32.4817587078456));
#2166=CARTESIAN_POINT('Ctrl Pts',(8.72060666206021,109.032977656117,-31.4516309641847));
#2167=CARTESIAN_POINT('Ctrl Pts',(13.7104980216315,108.951037472287,-29.1006955480717));
#2168=CARTESIAN_POINT('Ctrl Pts',(18.7003893812029,108.869097288458,-26.7497601319588));
#2169=CARTESIAN_POINT('Ctrl Pts',(23.0677034280713,108.787157104628,-23.0780170433936));
#2170=CARTESIAN_POINT('Ctrl Pts',(26.2582013043051,108.705216920798,-18.5739059809947));
#2171=CARTESIAN_POINT('Ctrl Pts',(27.853450242422,108.664246828884,-16.3218504497952));
#2172=CARTESIAN_POINT('Ctrl Pts',(29.1544951378802,108.623276736969,-13.8617029251374));
#2173=CARTESIAN_POINT('Ctrl Pts',(30.1205905142716,108.582306645054,-11.2767195338823));
#2174=CARTESIAN_POINT('Ctrl Pts',(31.5697335788588,108.520851507182,-7.39924444699976));
#2175=CARTESIAN_POINT('Ctrl Pts',(32.2652402255457,108.459396369309,-3.24088866027354));
#2176=CARTESIAN_POINT('Ctrl Pts',(32.1504656704886,108.397941231437,0.896678839052566));
#2177=CARTESIAN_POINT('Ctrl Pts',(32.0356911154315,108.336486093565,5.0342463383787));
#2178=CARTESIAN_POINT('Ctrl Pts',(31.1106353586304,108.275030955693,9.1510255503047));
#2179=CARTESIAN_POINT('Ctrl Pts',(29.4450297649151,108.21357581782,12.9399833234338));
#2180=CARTESIAN_POINT('Ctrl Pts',(27.7794241711998,108.152120679948,16.7289410965629));
#2181=CARTESIAN_POINT('Ctrl Pts',(25.3732687405703,108.090665542076,20.190077430895));
#2182=CARTESIAN_POINT('Ctrl Pts',(22.4040915857962,108.029210404204,23.0747083227591));
#2183=CARTESIAN_POINT('Ctrl Pts',(19.4349144310221,107.967755266331,25.9593392146232));
#2184=CARTESIAN_POINT('Ctrl Pts',(15.9027155521035,107.906300128459,28.2674646640192));
#2185=CARTESIAN_POINT('Ctrl Pts',(12.0651103942012,107.844844990587,29.8170868921245));
#2186=CARTESIAN_POINT('Ctrl Pts',(6.3087026573477,107.752662283778,32.1415202342824));
#2187=CARTESIAN_POINT('Ctrl Pts',(-0.134869207219236,107.66047957697,32.7593213285362));
#2188=CARTESIAN_POINT('Ctrl Pts',(-6.22294517198745,107.568296870162,31.5599603033048));
#2189=CARTESIAN_POINT('Ctrl Pts',(-12.3110211367557,107.476114163353,30.3605992780734));
#2190=CARTESIAN_POINT('Ctrl Pts',(-18.0436012017252,107.383931456545,27.3440761333567));
#2191=CARTESIAN_POINT('Ctrl Pts',(-22.482871010845,107.291748749736,23.0053722370249));
#2192=CARTESIAN_POINT('Ctrl Pts',(-22.7321080381014,107.286573271607,22.7617813520901));
#2193=CARTESIAN_POINT('Ctrl Pts',(-22.9772684028042,107.281397793477,22.5140228014812));
#2194=CARTESIAN_POINT('Ctrl Pts',(-23.2182612556831,107.276222315347,22.2622602130057));
#2195=CARTESIAN_POINT('',(6.53491036492528,112.951621499634,-33.0532762846267));
#2196=CARTESIAN_POINT('Ctrl Pts',(31.8096146849307,114.481999880791,-4.74757215835041));
#2197=CARTESIAN_POINT('Ctrl Pts',(31.8707127371136,114.478335406168,-4.36302848267108));
#2198=CARTESIAN_POINT('Ctrl Pts',(31.9246806957335,114.474669189932,-3.97712101687866));
#2199=CARTESIAN_POINT('Ctrl Pts',(31.9715316218575,114.471000626204,-3.59003775924376));
#2200=CARTESIAN_POINT('Ctrl Pts',(31.9832929381158,114.470079680947,-3.49286553687867));
#2201=CARTESIAN_POINT('Ctrl Pts',(31.9946056965029,114.469158587752,-3.39561922013442));
#2202=CARTESIAN_POINT('Ctrl Pts',(32.0054700123178,114.468237337033,-3.29830179204233));
#2203=CARTESIAN_POINT('Ctrl Pts',(32.0136505124319,114.467543663199,-3.22502472193739));
#2204=CARTESIAN_POINT('Ctrl Pts',(32.0215767613167,114.466849900056,-3.1517073343906));
#2205=CARTESIAN_POINT('Ctrl Pts',(32.0292487945232,114.46615604351,-3.07835090478458));
#2206=CARTESIAN_POINT('Ctrl Pts',(32.0337461639379,114.465749302673,-3.03534914058326));
#2207=CARTESIAN_POINT('Ctrl Pts',(32.0381560044615,114.465342544083,-2.99233547516113));
#2208=CARTESIAN_POINT('Ctrl Pts',(32.0424774230541,114.464935856851,-2.94931968468927));
#2209=CARTESIAN_POINT('Ctrl Pts',(32.1012875401447,114.459401256763,-2.36391847437449));
#2210=CARTESIAN_POINT('Ctrl Pts',(32.1437770660646,114.453875259224,-1.77763744030128));
#2211=CARTESIAN_POINT('Ctrl Pts',(32.1701910174111,114.44835580895,-1.19114629403174));
#2212=CARTESIAN_POINT('Ctrl Pts',(32.1969264913204,114.442769173431,-0.59751611225962));
#2213=CARTESIAN_POINT('Ctrl Pts',(32.2071926836206,114.43718924554,-0.00367024379894643));
#2214=CARTESIAN_POINT('Ctrl Pts',(32.201192335794,114.431613894022,0.58971076135058));
#2215=CARTESIAN_POINT('Ctrl Pts',(32.1951224090874,114.425973891799,1.18997249857433));
#2216=CARTESIAN_POINT('Ctrl Pts',(32.1724065414625,114.420338572698,1.7897589945747));
#2217=CARTESIAN_POINT('Ctrl Pts',(32.1332018951282,114.41470573046,2.38837310674935));
#2218=CARTESIAN_POINT('Ctrl Pts',(32.0939100512594,114.409060359861,2.98831863444655));
#2219=CARTESIAN_POINT('Ctrl Pts',(32.0380559573691,114.403417477155,3.58708704758265));
#2220=CARTESIAN_POINT('Ctrl Pts',(31.9657453687132,114.397774861329,4.18397665736367));
#2221=CARTESIAN_POINT('Ctrl Pts',(31.8935800195821,114.392143578987,4.77966738375948));
#2222=CARTESIAN_POINT('Ctrl Pts',(31.8050241447172,114.386512562453,5.37348733377356));
#2223=CARTESIAN_POINT('Ctrl Pts',(31.7001315859111,114.380879604072,5.96473182981655));
#2224=CARTESIAN_POINT('Ctrl Pts',(31.5958761959895,114.375280863045,6.55238481660181));
#2225=CARTESIAN_POINT('Ctrl Pts',(31.4754818957685,114.369680203689,7.13749401065532));
#2226=CARTESIAN_POINT('Ctrl Pts',(31.3389521612713,114.364075458337,7.71935326418163));
#2227=CARTESIAN_POINT('Ctrl Pts',(31.2223401816713,114.359288365964,8.21632749219253));
#2228=CARTESIAN_POINT('Ctrl Pts',(31.0939564019992,114.354498292811,8.71093078690387));
#2229=CARTESIAN_POINT('Ctrl Pts',(30.9537749116177,114.349703888234,9.20271097600271));
#2230=CARTESIAN_POINT('Ctrl Pts',(30.9378852591343,114.34916043972,9.25845454301559));
#2231=CARTESIAN_POINT('Ctrl Pts',(30.9218439983485,114.348616935555,9.31416182365462));
#2232=CARTESIAN_POINT('Ctrl Pts',(30.9056510707262,114.348073373771,9.36983214818429));
#2233=CARTESIAN_POINT('Ctrl Pts',(30.8914901212138,114.347598021125,9.41851665251814));
#2234=CARTESIAN_POINT('Ctrl Pts',(30.8772156027512,114.347122705936,9.46716454249296));
#2235=CARTESIAN_POINT('Ctrl Pts',(30.8628288100606,114.34664746651,9.51577135598998));
#2236=CARTESIAN_POINT('Ctrl Pts',(30.6914608372011,114.340986662266,10.0947503734322));
#2237=CARTESIAN_POINT('Ctrl Pts',(30.5041135191104,114.335334799528,10.6680866418746));
#2238=CARTESIAN_POINT('Ctrl Pts',(30.3009535595178,114.329689678675,11.2350946824497));
#2239=CARTESIAN_POINT('Ctrl Pts',(30.0976912730945,114.324041714508,11.802388311464));
#2240=CARTESIAN_POINT('Ctrl Pts',(29.8786003418888,114.31840049902,12.3633478259734));
#2241=CARTESIAN_POINT('Ctrl Pts',(29.6437960572407,114.312763829264,12.9172806174449));
#2242=CARTESIAN_POINT('Ctrl Pts',(29.5592359308636,114.31073389396,13.1167685736441));
#2243=CARTESIAN_POINT('Ctrl Pts',(29.4726373993081,114.30870454821,13.3153451143021));
#2244=CARTESIAN_POINT('Ctrl Pts',(29.3840042337968,114.30667568912,13.5129775082246));
#2245=CARTESIAN_POINT('Ctrl Pts',(29.1403579103788,114.301098498517,14.0562550261795));
#2246=CARTESIAN_POINT('Ctrl Pts',(28.8813402148407,114.295524985422,14.5923994000072));
#2247=CARTESIAN_POINT('Ctrl Pts',(28.6074827661513,114.289953012498,15.1209296169555));
#2248=CARTESIAN_POINT('Ctrl Pts',(28.3314939076477,114.284337673371,15.6535733407553));
#2249=CARTESIAN_POINT('Ctrl Pts',(28.0404331523152,114.278723898482,16.1784843237165));
#2250=CARTESIAN_POINT('Ctrl Pts',(27.7347968693893,114.273109500197,16.6951475905971));
#2251=CARTESIAN_POINT('Ctrl Pts',(27.412939450791,114.267197127093,17.2392318981627));
#2252=CARTESIAN_POINT('Ctrl Pts',(27.0749183656811,114.261284062667,17.7741705294385));
#2253=CARTESIAN_POINT('Ctrl Pts',(26.7212615332668,114.255367752158,18.2993279959429));
#2254=CARTESIAN_POINT('Ctrl Pts',(26.4118118049043,114.250190980462,18.7588407791344));
#2255=CARTESIAN_POINT('Ctrl Pts',(26.0903899969047,114.245011723484,19.2108645440684));
#2256=CARTESIAN_POINT('Ctrl Pts',(25.7573200152447,114.239828269733,19.6549471996015));
#2257=CARTESIAN_POINT('Ctrl Pts',(25.6116018982685,114.237560508717,19.8492333613972));
#2258=CARTESIAN_POINT('Ctrl Pts',(25.4636539099059,114.235291944413,20.0419992028411));
#2259=CARTESIAN_POINT('Ctrl Pts',(25.3135016637669,114.2330224335,20.2332051819022));
#2260=CARTESIAN_POINT('Ctrl Pts',(25.2503405993046,114.232067770957,20.3136353684603));
#2261=CARTESIAN_POINT('Ctrl Pts',(25.186789494573,114.231112940917,20.3937895340328));
#2262=CARTESIAN_POINT('Ctrl Pts',(25.1228502105497,114.230157932714,20.4736646772692));
#2263=CARTESIAN_POINT('Ctrl Pts',(25.0927853172728,114.229708878269,20.5112227715389));
#2264=CARTESIAN_POINT('Ctrl Pts',(25.0626401433886,114.229259867294,20.5487122417074));
#2265=CARTESIAN_POINT('Ctrl Pts',(25.0324163671215,114.228810919288,20.5861311337247));
#2266=CARTESIAN_POINT('Ctrl Pts',(24.654195695596,114.223192778962,21.0543915635741));
#2267=CARTESIAN_POINT('Ctrl Pts',(24.2635992482617,114.217583445089,21.5116894158642));
#2268=CARTESIAN_POINT('Ctrl Pts',(23.8611873739495,114.211980767458,21.9575601909504));
#2269=CARTESIAN_POINT('Ctrl Pts',(23.4561757663322,114.206341894404,22.4063114603206));
#2270=CARTESIAN_POINT('Ctrl Pts',(23.0391952911257,114.200709763872,22.8434879239328));
#2271=CARTESIAN_POINT('Ctrl Pts',(22.6107709147151,114.195082183707,23.2685906640865));
#2272=CARTESIAN_POINT('Ctrl Pts',(22.1815725219718,114.189444436429,23.6944614195122));
#2273=CARTESIAN_POINT('Ctrl Pts',(21.7408885220717,114.183811255974,24.1082151705125));
#2274=CARTESIAN_POINT('Ctrl Pts',(21.2892049827683,114.178180438284,24.5093190832268));
#2275=CARTESIAN_POINT('Ctrl Pts',(20.8390399508106,114.172568550745,24.9090745313973));
#2276=CARTESIAN_POINT('Ctrl Pts',(20.3779488708665,114.16695901011,25.2962654078458));
#2277=CARTESIAN_POINT('Ctrl Pts',(19.9063764922717,114.161349634476,25.6703277710234));
#2278=CARTESIAN_POINT('Ctrl Pts',(19.4400923389956,114.15580316253,26.040195388814));
#2279=CARTESIAN_POINT('Ctrl Pts',(18.9635602823031,114.150256851905,26.3972275775499));
#2280=CARTESIAN_POINT('Ctrl Pts',(18.4771798935065,114.144708593279,26.7408387490835));
#2281=CARTESIAN_POINT('Ctrl Pts',(18.0870110455504,114.140257842949,27.01647974537));
#2282=CARTESIAN_POINT('Ctrl Pts',(17.6905040931113,114.135805839067,27.2834835331057));
#2283=CARTESIAN_POINT('Ctrl Pts',(17.2878532117494,114.131351492773,27.5415267522779));
#2284=CARTESIAN_POINT('Ctrl Pts',(16.9567329577262,114.127688457761,27.7537287869345));
#2285=CARTESIAN_POINT('Ctrl Pts',(16.6214575351344,114.124023838667,27.9598707435692));
#2286=CARTESIAN_POINT('Ctrl Pts',(16.2822087505397,114.120357029952,28.1598908251731));
#2287=CARTESIAN_POINT('Ctrl Pts',(16.123185882761,114.118638213367,28.2536502384249));
#2288=CARTESIAN_POINT('Ctrl Pts',(15.9632899142555,114.116918915663,28.3460643879399));
#2289=CARTESIAN_POINT('Ctrl Pts',(15.8025393439276,114.115199074473,28.4371262375113));
#2290=CARTESIAN_POINT('Ctrl Pts',(15.7251621769292,114.1143712302,28.4809587908086));
#2291=CARTESIAN_POINT('Ctrl Pts',(15.6475869992274,114.113543260003,28.5244780136975));
#2292=CARTESIAN_POINT('Ctrl Pts',(15.5698158638218,114.112715156925,28.567683085429));
#2293=CARTESIAN_POINT('Ctrl Pts',(15.5263151030651,114.112251963047,28.5918495512916));
#2294=CARTESIAN_POINT('Ctrl Pts',(15.4827528053682,114.111788725283,28.6159178302806));
#2295=CARTESIAN_POINT('Ctrl Pts',(15.4391424980247,114.111325581924,28.6398806150887));
#2296=CARTESIAN_POINT('Ctrl Pts',(14.9194136230469,114.10580603869,28.9254587719123));
#2297=CARTESIAN_POINT('Ctrl Pts',(14.3924123257015,114.100295036933,29.1963116395913));
#2298=CARTESIAN_POINT('Ctrl Pts',(13.8588564695755,114.094790538117,29.452395486259));
#2299=CARTESIAN_POINT('Ctrl Pts',(13.2967974495436,114.08899198268,29.7221596248238));
#2300=CARTESIAN_POINT('Ctrl Pts',(12.727464666504,114.083200643533,29.9755351787188));
#2301=CARTESIAN_POINT('Ctrl Pts',(12.1516593655,114.077414137674,30.2124231017411));
#2302=CARTESIAN_POINT('Ctrl Pts',(11.5919281115841,114.071789166569,30.4426981165067));
#2303=CARTESIAN_POINT('Ctrl Pts',(11.0260800355215,114.06616876267,30.6573930965186));
#2304=CARTESIAN_POINT('Ctrl Pts',(10.4548232240954,114.060550737024,30.8563705472502));
#2305=CARTESIAN_POINT('Ctrl Pts',(9.88239607256066,114.054921201668,31.0557556452722));
#2306=CARTESIAN_POINT('Ctrl Pts',(9.3045375322925,114.049294054321,31.2393589018068));
#2307=CARTESIAN_POINT('Ctrl Pts',(8.7219395671805,114.043667092552,31.4069937363564));
#2308=CARTESIAN_POINT('Ctrl Pts',(8.14062569489039,114.038052533059,31.5742590902338));
#2309=CARTESIAN_POINT('Ctrl Pts',(7.55459278986112,114.032438158328,31.7256264620967));
#2310=CARTESIAN_POINT('Ctrl Pts',(6.9645149848447,114.026821780456,31.8608604691707));
#2311=CARTESIAN_POINT('Ctrl Pts',(6.37813622472143,114.021240610202,31.9952467292883));
#2312=CARTESIAN_POINT('Ctrl Pts',(5.78776265069911,114.015657461844,32.1137013568396));
#2313=CARTESIAN_POINT('Ctrl Pts',(5.19404973667245,114.01007018837,32.2159423128621));
#2314=CARTESIAN_POINT('Ctrl Pts',(4.71517599700791,114.005563635657,32.2984072682314));
#2315=CARTESIAN_POINT('Ctrl Pts',(4.23412959563611,114.001054399298,32.3703232856502));
#2316=CARTESIAN_POINT('Ctrl Pts',(3.75125469136924,113.996541352698,32.4315172402488));
#2317=CARTESIAN_POINT('Ctrl Pts',(3.68501920485959,113.995922302434,32.4399111561854));
#2318=CARTESIAN_POINT('Ctrl Pts',(3.61874931714066,113.995303180478,32.4481032974717));
#2319=CARTESIAN_POINT('Ctrl Pts',(3.55244591954778,113.994683983924,32.4560931834074));
#2320=CARTESIAN_POINT('Ctrl Pts',(3.50928258141697,113.994280888589,32.4612945782196));
#2321=CARTESIAN_POINT('Ctrl Pts',(3.46610630310078,113.993877773433,32.4664100923786));
#2322=CARTESIAN_POINT('Ctrl Pts',(3.42292709019485,113.993474728688,32.4714385096961));
#2323=CARTESIAN_POINT('Ctrl Pts',(2.81820544136971,113.987830117162,32.5418611183222));
#2324=CARTESIAN_POINT('Ctrl Pts',(2.21238731500232,113.982194436086,32.5952681902902));
#2325=CARTESIAN_POINT('Ctrl Pts',(1.60617431316141,113.976565505218,32.6315387409285));
#2326=CARTESIAN_POINT('Ctrl Pts',(0.999492701517621,113.970932223119,32.6678373291304));
#2327=CARTESIAN_POINT('Ctrl Pts',(0.392415125505457,113.965305701668,32.6869730246621));
#2328=CARTESIAN_POINT('Ctrl Pts',(-0.214370060745405,113.959683755563,32.6887746861534));
#2329=CARTESIAN_POINT('Ctrl Pts',(-0.345941705895695,113.95846472663,32.6891653475799));
#2330=CARTESIAN_POINT('Ctrl Pts',(-0.477499643864621,113.957245912816,32.688740824783));
#2331=CARTESIAN_POINT('Ctrl Pts',(-0.609036915184481,113.956027291842,32.6874990544086));
#2332=CARTESIAN_POINT('Ctrl Pts',(-1.20897681546822,113.950469176349,32.681835354781));
#2333=CARTESIAN_POINT('Ctrl Pts',(-1.80848655706449,113.944915072431,32.6591749594826));
#2334=CARTESIAN_POINT('Ctrl Pts',(-2.40691282544315,113.939362866259,32.6198185454756));
#2335=CARTESIAN_POINT('Ctrl Pts',(-3.01025560599137,113.933765044626,32.5801387895656));
#2336=CARTESIAN_POINT('Ctrl Pts',(-3.61249749866992,113.928169152049,32.5234874804372));
#2337=CARTESIAN_POINT('Ctrl Pts',(-4.21296805901841,113.922573022167,32.4501198661382));
#2338=CARTESIAN_POINT('Ctrl Pts',(-4.81577640495016,113.91695510512,32.376466612938));
#2339=CARTESIAN_POINT('Ctrl Pts',(-5.41680007838371,113.911336948916,32.2859665364877));
#2340=CARTESIAN_POINT('Ctrl Pts',(-6.01535277642235,113.905716361794,32.1788261245906));
#2341=CARTESIAN_POINT('Ctrl Pts',(-6.57089006547712,113.900499702104,32.0793854334559));
#2342=CARTESIAN_POINT('Ctrl Pts',(-7.12429899577189,113.89528094834,31.9656096058292));
#2343=CARTESIAN_POINT('Ctrl Pts',(-7.67501926577355,113.890058348133,31.8376252840276));
#2344=CARTESIAN_POINT('Ctrl Pts',(-7.91595938389928,113.887773460543,31.7816321432393));
#2345=CARTESIAN_POINT('Ctrl Pts',(-8.15638470057744,113.885487836719,31.7229189389621));
#2346=CARTESIAN_POINT('Ctrl Pts',(-8.39624736807278,113.883201329918,31.6614941172012));
#2347=CARTESIAN_POINT('Ctrl Pts',(-8.54166584824562,113.881815118602,31.624254873935));
#2348=CARTESIAN_POINT('Ctrl Pts',(-8.68687751602769,113.88042858275,31.5860189562912));
#2349=CARTESIAN_POINT('Ctrl Pts',(-8.83187159017349,113.879041689663,31.5467880158444));
#2350=CARTESIAN_POINT('Ctrl Pts',(-8.91730090895905,113.878224543636,31.5236734676297));
#2351=CARTESIAN_POINT('Ctrl Pts',(-9.00265468901316,113.877407273596,31.5002134969922));
#2352=CARTESIAN_POINT('Ctrl Pts',(-9.08793070937233,113.876589872854,31.4764084137621));
#2353=CARTESIAN_POINT('Ctrl Pts',(-9.13813070172272,113.876108688217,31.4623949198043));
#2354=CARTESIAN_POINT('Ctrl Pts',(-9.18829515397032,113.875627540634,31.4482642214396));
#2355=CARTESIAN_POINT('Ctrl Pts',(-9.23841924197328,113.875146471047,31.4340177733962));
#2356=CARTESIAN_POINT('Ctrl Pts',(-9.82251988442789,113.869540522565,31.2680025941399));
#2357=CARTESIAN_POINT('Ctrl Pts',(-10.40133178362,113.863943321115,31.0862199226357));
#2358=CARTESIAN_POINT('Ctrl Pts',(-10.9742030074783,113.858352730411,30.8889952077891));
#2359=CARTESIAN_POINT('Ctrl Pts',(-11.5506322462465,113.85272741741,30.6905455606248));
#2360=CARTESIAN_POINT('Ctrl Pts',(-12.1210472621837,113.847108797526,30.4764613550233));
#2361=CARTESIAN_POINT('Ctrl Pts',(-12.684778663611,113.841494694421,30.2470216658797));
#2362=CARTESIAN_POINT('Ctrl Pts',(-13.2493470815507,113.835872255614,30.0172413095178));
#2363=CARTESIAN_POINT('Ctrl Pts',(-13.8072125008398,113.830254347008,29.7720596972087));
#2364=CARTESIAN_POINT('Ctrl Pts',(-14.3576901412937,113.824638782556,29.5117065683883));
#2365=CARTESIAN_POINT('Ctrl Pts',(-14.9062649599911,113.81904262928,29.2522533954635));
#2366=CARTESIAN_POINT('Ctrl Pts',(-15.4475034460593,113.813448803979,28.9777332390683));
#2367=CARTESIAN_POINT('Ctrl Pts',(-15.980708584904,113.807855143199,28.6883256615574));
#2368=CARTESIAN_POINT('Ctrl Pts',(-16.5081533607295,113.802321912287,28.4020446343842));
#2369=CARTESIAN_POINT('Ctrl Pts',(-17.0277378335384,113.79678884236,28.1011959021063));
#2370=CARTESIAN_POINT('Ctrl Pts',(-17.5387619965036,113.791253839322,27.7859093518566));
#2371=CARTESIAN_POINT('Ctrl Pts',(-17.8633760637113,113.78773788063,27.5856322283278));
#2372=CARTESIAN_POINT('Ctrl Pts',(-18.1845354535388,113.784221141912,27.3795284649915));
#2373=CARTESIAN_POINT('Ctrl Pts',(-18.5020541968184,113.780703086418,27.167622560543));
#2374=CARTESIAN_POINT('Ctrl Pts',(-19.0082311988898,113.775094728421,26.8298097614399));
#2375=CARTESIAN_POINT('Ctrl Pts',(-19.5051579258169,113.76948302402,26.4772532588414));
#2376=CARTESIAN_POINT('Ctrl Pts',(-19.9923614344844,113.763865798649,26.1104606283257));
#2377=CARTESIAN_POINT('Ctrl Pts',(-20.1329712203104,113.76224463451,26.0046021271001));
#2378=CARTESIAN_POINT('Ctrl Pts',(-20.2727708846599,113.760623010511,25.8975576245613));
#2379=CARTESIAN_POINT('Ctrl Pts',(-20.4117484510102,113.759000874378,25.7893387900338));
#2380=CARTESIAN_POINT('Ctrl Pts',(-20.4499755296708,113.758554690673,25.7595721880657));
#2381=CARTESIAN_POINT('Ctrl Pts',(-20.4881395509386,113.758108478097,25.7297173815621));
#2382=CARTESIAN_POINT('Ctrl Pts',(-20.5262303332931,113.757662352354,25.6997825033765));
#2383=CARTESIAN_POINT('Ctrl Pts',(-21.0009386482474,113.752102487565,25.3267175594847));
#2384=CARTESIAN_POINT('Ctrl Pts',(-21.4646887724889,113.746551268885,24.9408979294482));
#2385=CARTESIAN_POINT('Ctrl Pts',(-21.9171405030673,113.741006612738,24.5429760503535));
#2386=CARTESIAN_POINT('Ctrl Pts',(-22.3725548857848,113.735425650203,24.1424485803713));
#2387=CARTESIAN_POINT('Ctrl Pts',(-22.8165227501393,113.729851336425,23.7296595329213));
#2388=CARTESIAN_POINT('Ctrl Pts',(-23.2486713560649,113.724281546626,23.3052268038493));
#2389=CARTESIAN_POINT('Ctrl Pts',(-23.6835876225693,113.718676085561,22.8780758299039));
#2390=CARTESIAN_POINT('Ctrl Pts',(-24.1065330948125,113.713075206607,22.4391312260044));
#2391=CARTESIAN_POINT('Ctrl Pts',(-24.5170967570015,113.707476743902,21.9889798345168));
#2392=CARTESIAN_POINT('Ctrl Pts',(-24.9286854478672,113.701864303864,21.537704578139));
#2393=CARTESIAN_POINT('Ctrl Pts',(-25.3278307570019,113.696254292154,21.075166146157));
#2394=CARTESIAN_POINT('Ctrl Pts',(-25.7140824321547,113.690644526648,20.6019179359401));
#2395=CARTESIAN_POINT('Ctrl Pts',(-26.0986206201353,113.685059647146,20.1307691463593));
#2396=CARTESIAN_POINT('Ctrl Pts',(-26.4703796056297,113.679475011668,19.6490049984858));
#2397=CARTESIAN_POINT('Ctrl Pts',(-26.8288747485181,113.673888466999,19.1571397644831));
#2398=CARTESIAN_POINT('Ctrl Pts',(-27.1850627928463,113.668337874587,18.6684399334034));
#2399=CARTESIAN_POINT('Ctrl Pts',(-27.5281574324008,113.662785397478,18.1697682268463));
#2400=CARTESIAN_POINT('Ctrl Pts',(-27.857639281569,113.657228923765,17.6616033651931));
#2401=CARTESIAN_POINT('Ctrl Pts',(-28.1773433912868,113.651837344574,17.1685188596434));
#2402=CARTESIAN_POINT('Ctrl Pts',(-28.4842307373234,113.646442002465,16.6664958688694));
#2403=CARTESIAN_POINT('Ctrl Pts',(-28.7777830602646,113.641040968025,16.1559534074135));
#2404=CARTESIAN_POINT('Ctrl Pts',(-28.7996008633229,113.640639544849,16.1180081622002));
#2405=CARTESIAN_POINT('Ctrl Pts',(-28.8213441233982,113.640238105852,16.0800173192777));
#2406=CARTESIAN_POINT('Ctrl Pts',(-28.8430080473189,113.639836735839,16.041989186375));
#2407=CARTESIAN_POINT('Ctrl Pts',(-29.112826046393,113.634837786703,15.5683596275821));
#2408=CARTESIAN_POINT('Ctrl Pts',(-29.3705412812136,113.629845827747,15.0885969525321));
#2409=CARTESIAN_POINT('Ctrl Pts',(-29.6158785406532,113.624859344567,14.6031141068759));
#2410=CARTESIAN_POINT('Ctrl Pts',(-29.8883546531342,113.619321263825,14.063927850525));
#2411=CARTESIAN_POINT('Ctrl Pts',(-30.1455639431358,113.61378993731,13.5176862497975));
#2412=CARTESIAN_POINT('Ctrl Pts',(-30.3873999906427,113.608263290414,12.9650985631546));
#2413=CARTESIAN_POINT('Ctrl Pts',(-30.6317551548893,113.602679074479,12.4067547747811));
#2414=CARTESIAN_POINT('Ctrl Pts',(-30.8604153512109,113.597099636163,11.841931594617));
#2415=CARTESIAN_POINT('Ctrl Pts',(-31.0732259527991,113.591522835349,11.2713320933169));
#2416=CARTESIAN_POINT('Ctrl Pts',(-31.2864673378407,113.585934745654,10.6995775517046));
#2417=CARTESIAN_POINT('Ctrl Pts',(-31.4837950609846,113.580349304151,10.1220228243249));
#2418=CARTESIAN_POINT('Ctrl Pts',(-31.6650059667352,113.574764357699,9.53935327945996));
#2419=CARTESIAN_POINT('Ctrl Pts',(-31.8456979711101,113.569195403864,8.95835222152869));
#2420=CARTESIAN_POINT('Ctrl Pts',(-32.0103654583433,113.563626942249,8.37226513207668));
#2421=CARTESIAN_POINT('Ctrl Pts',(-32.1587575891892,113.558056838161,7.78175659307538));
#2422=CARTESIAN_POINT('Ctrl Pts',(-32.2574756443438,113.554351319279,7.38892003098751));
#2423=CARTESIAN_POINT('Ctrl Pts',(-32.3489898724456,113.550645073506,6.99412641927629));
#2424=CARTESIAN_POINT('Ctrl Pts',(-32.4332138062314,113.546937472358,6.59756927772816));
#2425=CARTESIAN_POINT('Ctrl Pts',(-32.544045761845,113.542058566002,6.07573181971925));
#2426=CARTESIAN_POINT('Ctrl Pts',(-32.6422545367088,113.537177312619,5.5508404417587));
#2427=CARTESIAN_POINT('Ctrl Pts',(-32.727787185774,113.53229228008,5.02335199011504));
#2428=CARTESIAN_POINT('Ctrl Pts',(-32.76520771974,113.530155078345,4.79257579252094));
#2429=CARTESIAN_POINT('Ctrl Pts',(-32.800201574962,113.528017153255,4.56130249581076));
#2430=CARTESIAN_POINT('Ctrl Pts',(-32.8327624954787,113.525878384885,4.32957042340254));
#2431=CARTESIAN_POINT('Ctrl Pts',(-32.8440579333829,113.525136442553,4.24918217906671));
#2432=CARTESIAN_POINT('Ctrl Pts',(-32.8550605802184,113.524394398739,4.16873872614137));
#2433=CARTESIAN_POINT('Ctrl Pts',(-32.8657701434652,113.523652248438,4.08824166760471));
#2434=CARTESIAN_POINT('Ctrl Pts',(-32.8740902624467,113.52307568162,4.02570456041883));
#2435=CARTESIAN_POINT('Ctrl Pts',(-32.8822338827403,113.52249901991,3.96313177142083));
#2436=CARTESIAN_POINT('Ctrl Pts',(-32.8901976789406,113.521922497753,3.90054976937777));
#2437=CARTESIAN_POINT('Ctrl Pts',(-32.9669881606371,113.51636341349,3.29710614004093));
#2438=CARTESIAN_POINT('Ctrl Pts',(-33.0271277176317,113.510812963702,2.69233694844282));
#2439=CARTESIAN_POINT('Ctrl Pts',(-33.0707245315137,113.505269065701,2.08694495475108));
#2440=CARTESIAN_POINT('Ctrl Pts',(-33.1146625047966,113.499681784876,1.47681556968862));
#2441=CARTESIAN_POINT('Ctrl Pts',(-33.1417978883525,113.49410115878,0.866053143763935));
#2442=CARTESIAN_POINT('Ctrl Pts',(-33.1521908598898,113.488525055448,0.255361507357117));
#2443=CARTESIAN_POINT('Ctrl Pts',(-33.1626336670607,113.482922213985,-0.358258473893789));
#2444=CARTESIAN_POINT('Ctrl Pts',(-33.1561731666708,113.477323938765,-0.971807461236871));
#2445=CARTESIAN_POINT('Ctrl Pts',(-33.1328186520852,113.471728067007,-1.58458006541888));
#2446=CARTESIAN_POINT('Ctrl Pts',(-33.1094944876488,113.466139467315,-2.19655634647981));
#2447=CARTESIAN_POINT('Ctrl Pts',(-33.069320197024,113.460553264843,-2.80775874386861));
#2448=CARTESIAN_POINT('Ctrl Pts',(-33.0122531616756,113.454967305231,-3.41748597503175));
#2449=CARTESIAN_POINT('Ctrl Pts',(-32.9556033052471,113.449422180833,-4.02275589829124));
#2450=CARTESIAN_POINT('Ctrl Pts',(-32.882306746867,113.443877295758,-4.62657260780654));
#2451=CARTESIAN_POINT('Ctrl Pts',(-32.7922709447724,113.43833054255,-5.22824437960047));
#2452=CARTESIAN_POINT('Ctrl Pts',(-32.7475013661086,113.435572464115,-5.52742083041737));
#2453=CARTESIAN_POINT('Ctrl Pts',(-32.698592228642,113.432813923785,-5.82606681424961));
#2454=CARTESIAN_POINT('Ctrl Pts',(-32.6455274601157,113.430054662463,-6.12409621687279));
#2455=CARTESIAN_POINT('Ctrl Pts',(-32.5517080727578,113.425176242865,-6.65101712400675));
#2456=CARTESIAN_POINT('Ctrl Pts',(-32.4449002144105,113.420295569529,-7.17601133640809));
#2457=CARTESIAN_POINT('Ctrl Pts',(-32.3252469275887,113.415411210531,-7.69863164468049));
#2458=CARTESIAN_POINT('Ctrl Pts',(-32.2728986146041,113.413274303469,-7.92727802954966));
#2459=CARTESIAN_POINT('Ctrl Pts',(-32.2180912422895,113.411136690948,-8.1554698919652));
#2460=CARTESIAN_POINT('Ctrl Pts',(-32.1608351169211,113.408998253058,-8.38316904001662));
#2461=CARTESIAN_POINT('Ctrl Pts',(-32.128945302494,113.407807212151,-8.5099901186326));
#2462=CARTESIAN_POINT('Ctrl Pts',(-32.0962958349898,113.406615915204,-8.6366583420478));
#2463=CARTESIAN_POINT('Ctrl Pts',(-32.0628883614542,113.405424341499,-8.76316704114859));
#2464=CARTESIAN_POINT('Ctrl Pts',(-32.0502608106624,113.404973943553,-8.81098553367249));
#2465=CARTESIAN_POINT('Ctrl Pts',(-32.0375250574997,113.404523510247,-8.85878078473081));
#2466=CARTESIAN_POINT('Ctrl Pts',(-32.0246848294291,113.404073165901,-8.90653914660534));
#2467=CARTESIAN_POINT('Ctrl Pts',(-31.8667431658927,113.398533689904,-9.49399250652745));
#2468=CARTESIAN_POINT('Ctrl Pts',(-31.6928621330083,113.393002785552,-10.0763836194662));
#2469=CARTESIAN_POINT('Ctrl Pts',(-31.5034308945157,113.387478392149,-10.6531021523661));
#2470=CARTESIAN_POINT('Ctrl Pts',(-31.3123709588572,113.381906500962,-11.2347792118931));
#2471=CARTESIAN_POINT('Ctrl Pts',(-31.105492162122,113.376341233166,-11.8106861729679));
#2472=CARTESIAN_POINT('Ctrl Pts',(-30.8831410184992,113.370780474454,-12.3801921790957));
#2473=CARTESIAN_POINT('Ctrl Pts',(-30.6594498415309,113.365186202974,-12.9531304007105));
#2474=CARTESIAN_POINT('Ctrl Pts',(-30.4200991301956,113.359596495091,-13.5195907454012));
#2475=CARTESIAN_POINT('Ctrl Pts',(-30.1653903852901,113.354009198042,-14.0789193392806));
#2476=CARTESIAN_POINT('Ctrl Pts',(-29.9108401295954,113.348425377615,-14.6378998982017));
#2477=CARTESIAN_POINT('Ctrl Pts',(-29.6409507636597,113.342843965022,-15.1897580326243));
#2478=CARTESIAN_POINT('Ctrl Pts',(-29.3559745866942,113.337262811515,-15.7338227238438));
#2479=CARTESIAN_POINT('Ctrl Pts',(-29.0728200554536,113.331717334268,-16.2744096046392));
#2480=CARTESIAN_POINT('Ctrl Pts',(-28.774770757961,113.326172112806,-16.8073027815031));
#2481=CARTESIAN_POINT('Ctrl Pts',(-28.4620292067484,113.320625039323,-17.3318193815387));
#2482=CARTESIAN_POINT('Ctrl Pts',(-28.3219845411849,113.318141077574,-17.5666962360841));
#2483=CARTESIAN_POINT('Ctrl Pts',(-28.1789931722096,113.315656744453,-17.7998930341503));
#2484=CARTESIAN_POINT('Ctrl Pts',(-28.033070504342,113.313171850696,-18.0313464981906));
#2485=CARTESIAN_POINT('Ctrl Pts',(-27.7466184469629,113.308293904455,-18.4856989434325));
#2486=CARTESIAN_POINT('Ctrl Pts',(-27.4488718704159,113.303413797783,-18.9333346973848));
#2487=CARTESIAN_POINT('Ctrl Pts',(-27.1401255499832,113.298530098953,-19.373894713497));
#2488=CARTESIAN_POINT('Ctrl Pts',(-27.0050490347939,113.296393480714,-19.5666397205461));
#2489=CARTESIAN_POINT('Ctrl Pts',(-26.8678668143344,113.294256174914,-19.7580301186594));
#2490=CARTESIAN_POINT('Ctrl Pts',(-26.7286022938758,113.292118061659,-19.9480345260182));
#2491=CARTESIAN_POINT('Ctrl Pts',(-26.6633220499109,113.291115821071,-20.0370990919677));
#2492=CARTESIAN_POINT('Ctrl Pts',(-26.597584258652,113.290113403063,-20.125859106966));
#2493=CARTESIAN_POINT('Ctrl Pts',(-26.5313912754469,113.289110795288,-20.2143112740298));
#2494=CARTESIAN_POINT('Ctrl Pts',(-26.4957700540333,113.288571249979,-20.2619110961699));
#2495=CARTESIAN_POINT('Ctrl Pts',(-26.46001700991,113.288031649714,-20.3094217658236));
#2496=CARTESIAN_POINT('Ctrl Pts',(-26.4241325060376,113.287491992568,-20.3568427640718));
#2497=CARTESIAN_POINT('Ctrl Pts',(-26.3945058010047,113.287046444732,-20.3959941463082));
#2498=CARTESIAN_POINT('Ctrl Pts',(-26.3647903354435,113.286600871085,-20.4350832551906));
#2499=CARTESIAN_POINT('Ctrl Pts',(-26.3349939221811,113.28615538344,-20.4740999535172));
#2500=CARTESIAN_POINT('Ctrl Pts',(-25.964380075127,113.280614317527,-20.9593975810805));
#2501=CARTESIAN_POINT('Ctrl Pts',(-25.5809322239106,113.275081817916,-21.4339111089492));
#2502=CARTESIAN_POINT('Ctrl Pts',(-25.1852297014633,113.269555822088,-21.8972220656745));
#2503=CARTESIAN_POINT('Ctrl Pts',(-24.7862934797271,113.263984667568,-22.3643192209361));
#2504=CARTESIAN_POINT('Ctrl Pts',(-24.3749012092157,113.258420123563,-22.8200303301372));
#2505=CARTESIAN_POINT('Ctrl Pts',(-23.9515996118849,113.252860076577,-23.2639021328208));
#2506=CARTESIAN_POINT('Ctrl Pts',(-23.5260037289653,113.247269894256,-23.7101797111654));
#2507=CARTESIAN_POINT('Ctrl Pts',(-23.0883687773043,113.241684257832,-24.1444896729451));
#2508=CARTESIAN_POINT('Ctrl Pts',(-22.639207456557,113.236101019257,-24.5663411284509));
#2509=CARTESIAN_POINT('Ctrl Pts',(-22.1904360474416,113.230522627424,-24.9878263796958));
#2510=CARTESIAN_POINT('Ctrl Pts',(-21.730157936897,113.224946629279,-25.3968750936629));
#2511=CARTESIAN_POINT('Ctrl Pts',(-21.2588465269131,113.219370882359,-25.7929621860137));
#2512=CARTESIAN_POINT('Ctrl Pts',(-20.7905922838027,113.213831302585,-26.1864800548913));
#2513=CARTESIAN_POINT('Ctrl Pts',(-20.3114470589749,113.208291970789,-26.567204214996));
#2514=CARTESIAN_POINT('Ctrl Pts',(-19.8218428013987,113.20275078593,-26.9345798727977));
#2515=CARTESIAN_POINT('Ctrl Pts',(-19.6315568903636,113.200597190669,-27.0773613348769));
#2516=CARTESIAN_POINT('Ctrl Pts',(-19.4396908158844,113.198443315501,-27.2181260430385));
#2517=CARTESIAN_POINT('Ctrl Pts',(-19.2462687809335,113.196289037083,-27.3568396331863));
#2518=CARTESIAN_POINT('Ctrl Pts',(-18.8083433418488,113.1914115508,-27.670900075617));
#2519=CARTESIAN_POINT('Ctrl Pts',(-18.3624426998914,113.186531997407,-27.9744480930076));
#2520=CARTESIAN_POINT('Ctrl Pts',(-17.9089822196212,113.181648945373,-28.2672617300361));
#2521=CARTESIAN_POINT('Ctrl Pts',(-17.710593259503,113.179512610108,-28.395367696236));
#2522=CARTESIAN_POINT('Ctrl Pts',(-17.5107571333407,113.177375605181,-28.5214186784023));
#2523=CARTESIAN_POINT('Ctrl Pts',(-17.3095079240465,113.175237810715,-28.6453943883232));
#2524=CARTESIAN_POINT('Ctrl Pts',(-17.162428534311,113.173675441817,-28.7359998213638));
#2525=CARTESIAN_POINT('Ctrl Pts',(-17.0145943861902,113.172112651214,-28.8254967975166));
#2526=CARTESIAN_POINT('Ctrl Pts',(-16.866018663575,113.170549392112,-28.9138770352342));
#2527=CARTESIAN_POINT('Ctrl Pts',(-16.8211872581158,113.170077692554,-28.9405449874539));
#2528=CARTESIAN_POINT('Ctrl Pts',(-16.7762867951636,113.169605934204,-28.9671121658678));
#2529=CARTESIAN_POINT('Ctrl Pts',(-16.7313224804024,113.169134166605,-28.9935754872967));
#2530=CARTESIAN_POINT('Ctrl Pts',(-16.2039634491255,113.16360109209,-29.3039476485803));
#2531=CARTESIAN_POINT('Ctrl Pts',(-15.6687696892897,113.158076657006,-29.5994818741525));
#2532=CARTESIAN_POINT('Ctrl Pts',(-15.1264431682953,113.15255880873,-29.8800089484526));
#2533=CARTESIAN_POINT('Ctrl Pts',(-14.579538752714,113.146994383112,-30.1629040120085));
#2534=CARTESIAN_POINT('Ctrl Pts',(-14.0253802617246,113.141436655973,-30.4305377402685));
#2535=CARTESIAN_POINT('Ctrl Pts',(-13.4646530720539,113.13588352227,-30.6826964513905));
#2536=CARTESIAN_POINT('Ctrl Pts',(-12.900672935639,113.130298173171,-30.9363180108878));
#2537=CARTESIAN_POINT('Ctrl Pts',(-12.3300472491302,113.124717470958,-31.1742847211645));
#2538=CARTESIAN_POINT('Ctrl Pts',(-11.753444714887,113.119139273739,-31.3963351036125));
#2539=CARTESIAN_POINT('Ctrl Pts',(-11.1772382006785,113.113564907717,-31.6182329782324));
#2540=CARTESIAN_POINT('Ctrl Pts',(-10.5950626008798,113.107993043248,-31.824236578656));
#2541=CARTESIAN_POINT('Ctrl Pts',(-10.0075632090957,113.102421542852,-32.0140378834971));
#2542=CARTESIAN_POINT('Ctrl Pts',(-9.42376398947657,113.096885132723,-32.2026437870921));
#2543=CARTESIAN_POINT('Ctrl Pts',(-8.8347073805028,113.091349082095,-32.375250995234));
#2544=CARTESIAN_POINT('Ctrl Pts',(-8.24101147621091,113.085811293618,-32.5315082127701));
#2545=CARTESIAN_POINT('Ctrl Pts',(-8.01215154209348,113.083676567916,-32.591742781094));
#2546=CARTESIAN_POINT('Ctrl Pts',(-7.78260209594175,113.081541583974,-32.6495472502399));
#2547=CARTESIAN_POINT('Ctrl Pts',(-7.55239815421591,113.079406221652,-32.704899456803));
#2548=CARTESIAN_POINT('Ctrl Pts',(-7.02662624866746,113.07452918302,-32.8313205549943));
#2549=CARTESIAN_POINT('Ctrl Pts',(-6.49744033325856,113.069650170614,-32.9449517559867));
#2550=CARTESIAN_POINT('Ctrl Pts',(-5.96530703655496,113.064767753098,-33.0457462238821));
#2551=CARTESIAN_POINT('Ctrl Pts',(-5.49969040193932,113.060495637772,-33.1339413832906));
#2552=CARTESIAN_POINT('Ctrl Pts',(-5.03181702509544,113.056220915407,-33.2123079736475));
#2553=CARTESIAN_POINT('Ctrl Pts',(-4.56199964433421,113.051942627122,-33.2807953409468));
#2554=CARTESIAN_POINT('Ctrl Pts',(-4.50906083223338,113.051460551513,-33.2885124668285));
#2555=CARTESIAN_POINT('Ctrl Pts',(-4.45609613840277,113.050978419734,-33.2961042871943));
#2556=CARTESIAN_POINT('Ctrl Pts',(-4.40312344985331,113.050496389002,-33.3035683253672));
#2557=CARTESIAN_POINT('Ctrl Pts',(-3.79527766432223,113.044965230269,-33.3892159349319));
#2558=CARTESIAN_POINT('Ctrl Pts',(-3.18585743611929,113.039442608155,-33.4581201366634));
#2559=CARTESIAN_POINT('Ctrl Pts',(-2.57557221675087,113.033926471293,-33.5103873206884));
#2560=CARTESIAN_POINT('Ctrl Pts',(-1.96029270155399,113.028365192883,-33.5630822355036));
#2561=CARTESIAN_POINT('Ctrl Pts',(-1.34413353014859,113.022810506304,-33.5988667950844));
#2562=CARTESIAN_POINT('Ctrl Pts',(-0.727805409825567,113.017260309413,-33.6177997091661));
#2563=CARTESIAN_POINT('Ctrl Pts',(-0.108132683320907,113.011679993463,-33.6368353658282));
#2564=CARTESIAN_POINT('Ctrl Pts',(0.511711304702917,113.006104216061,-33.6388360453809));
#2565=CARTESIAN_POINT('Ctrl Pts',(1.13101363762669,113.000530840655,-33.6238097610719));
#2566=CARTESIAN_POINT('Ctrl Pts',(1.74981519993654,112.994961971905,-33.6087956270831));
#2567=CARTESIAN_POINT('Ctrl Pts',(2.36807646630042,112.989395501269,-33.5767820684602));
#2568=CARTESIAN_POINT('Ctrl Pts',(2.98508842494894,112.983829297372,-33.5277251593584));
#2569=CARTESIAN_POINT('Ctrl Pts',(3.5982837223576,112.978297524436,-33.4789717024034));
#2570=CARTESIAN_POINT('Ctrl Pts',(4.21024558793991,112.97276601495,-33.4133850676709));
#2571=CARTESIAN_POINT('Ctrl Pts',(4.82027313865942,112.967232676849,-33.3308709967118));
#2572=CARTESIAN_POINT('Ctrl Pts',(4.99331440654382,112.965663082427,-33.307464939985));
#2573=CARTESIAN_POINT('Ctrl Pts',(5.16619997755423,112.964093340868,-33.2826965218026));
#2574=CARTESIAN_POINT('Ctrl Pts',(5.3389137009454,112.962523404421,-33.2565628388262));
#2575=CARTESIAN_POINT('Ctrl Pts',(5.73856166573797,112.958890676845,-33.1960912502983));
#2576=CARTESIAN_POINT('Ctrl Pts',(6.13728970935483,112.955256905785,-33.1283102456582));
#2577=CARTESIAN_POINT('Ctrl Pts',(6.53491036492801,112.951621499642,-33.0532762846393));
#2578=CARTESIAN_POINT('Ctrl Pts',(33.6917026193167,112.294821209741,0.000125168038082215));
#2579=CARTESIAN_POINT('Ctrl Pts',(33.6909381623221,112.335121275261,-2.84375855028529));
#2580=CARTESIAN_POINT('Ctrl Pts',(33.3317596623841,112.37542134078,-5.68785633247171));
#2581=CARTESIAN_POINT('Ctrl Pts',(32.6193905258408,112.4157214063,-8.44062917462003));
#2582=CARTESIAN_POINT('Ctrl Pts',(31.5330711132605,112.477176544172,-12.6384395842063));
#2583=CARTESIAN_POINT('Ctrl Pts',(29.6254285362266,112.538631682045,-16.6238794466384));
#2584=CARTESIAN_POINT('Ctrl Pts',(27.0381547495207,112.600086819917,-20.1037266905453));
#2585=CARTESIAN_POINT('Ctrl Pts',(24.4508809628147,112.661541957789,-23.5835739344523));
#2586=CARTESIAN_POINT('Ctrl Pts',(21.1839759664368,112.722997095661,-26.5578285598342));
#2587=CARTESIAN_POINT('Ctrl Pts',(17.4767751817894,112.784452233534,-28.8069544893455));
#2588=CARTESIAN_POINT('Ctrl Pts',(14.1153527636695,112.840175322234,-30.8462997419531));
#2589=CARTESIAN_POINT('Ctrl Pts',(10.3919387406548,112.895898410934,-32.2894764474911));
#2590=CARTESIAN_POINT('Ctrl Pts',(6.53491036492528,112.951621499634,-33.0532762846267));
#2591=CARTESIAN_POINT('Origin',(0.,107.276222315345,8.69443406159576E-14));
#2592=CARTESIAN_POINT('Origin',(0.,107.276222315345,-2.98372437868011E-15));
#2593=CARTESIAN_POINT('',(31.948326419888,107.276111016112,8.80545672836644E-14));
#2594=CARTESIAN_POINT('Origin',(0.,107.276222315345,8.80545636405827E-14));
#2595=CARTESIAN_POINT('Origin',(0.,103.684999716878,-3.46944695195361E-15));
#2596=CARTESIAN_POINT('',(24.7964649410835,99.5889997168779,-9.63772826733678));
#2597=CARTESIAN_POINT('',(-24.7964649410832,99.5889997168779,-9.63772826733679));
#2598=CARTESIAN_POINT('Origin',(0.,99.5889997168779,-8.39606162372775E-15));
#2599=CARTESIAN_POINT('',(25.7339548893748,96.5889997168779,-6.74640982160288));
#2600=CARTESIAN_POINT('Ctrl Pts',(25.7339548893748,96.5889997168779,-6.7464098216029));
#2601=CARTESIAN_POINT('Ctrl Pts',(25.7339548893748,97.2806712713166,-6.74640982160291));
#2602=CARTESIAN_POINT('Ctrl Pts',(25.5948097093309,98.8925903058229,-7.31818591250867));
#2603=CARTESIAN_POINT('Ctrl Pts',(25.1184590419643,99.5889997168779,-8.80928454986965));
#2604=CARTESIAN_POINT('Ctrl Pts',(24.7964649410834,99.5889997168779,-9.63772826733675));
#2605=CARTESIAN_POINT('',(25.7339548893749,90.5889997168779,-6.7464098216029));
#2606=CARTESIAN_POINT('',(25.7339548893748,103.684999716878,-6.74640982160288));
#2607=CARTESIAN_POINT('',(25.9675102576681,89.5889997168779,-5.78263700635827));
#2608=CARTESIAN_POINT('Ctrl Pts',(25.967510257668,89.5889997168779,-5.78263700635828));
#2609=CARTESIAN_POINT('Ctrl Pts',(25.9198356368767,89.5889997168779,-5.9967246627457));
#2610=CARTESIAN_POINT('Ctrl Pts',(25.8355090879324,89.7164137959621,-6.35161600180161));
#2611=CARTESIAN_POINT('Ctrl Pts',(25.7519280963387,90.1343754543539,-6.67823160442314));
#2612=CARTESIAN_POINT('Ctrl Pts',(25.7339548893748,90.4372822890775,-6.7464098216029));
#2613=CARTESIAN_POINT('Ctrl Pts',(25.7339548893748,90.5889997168779,-6.7464098216029));
#2614=CARTESIAN_POINT('',(25.9675102576681,89.5889997168779,5.78263700635825));
#2615=CARTESIAN_POINT('Origin',(0.,89.588999716878,-1.94982918699793E-14));
#2616=CARTESIAN_POINT('',(25.7339548893748,90.5889997168779,6.74640982160286));
#2617=CARTESIAN_POINT('Ctrl Pts',(25.7339548893748,90.5889997168779,6.74640982160286));
#2618=CARTESIAN_POINT('Ctrl Pts',(25.7339548893748,90.3614204783869,6.74640982160286));
#2619=CARTESIAN_POINT('Ctrl Pts',(25.7831946246753,89.8325167685856,6.56286605167947));
#2620=CARTESIAN_POINT('Ctrl Pts',(25.903943231623,89.5889997168779,6.06809109919857));
#2621=CARTESIAN_POINT('Ctrl Pts',(25.967510257668,89.5889997168779,5.78263700635823));
#2622=CARTESIAN_POINT('',(25.7339548893749,96.5889997168778,6.74640982160287));
#2623=CARTESIAN_POINT('',(25.7339548893748,103.684999716878,6.74640982160288));
#2624=CARTESIAN_POINT('',(24.7964649410835,99.5889997168778,9.63772826733678));
#2625=CARTESIAN_POINT('Ctrl Pts',(24.7964649410834,99.5889997168779,9.63772826733675));
#2626=CARTESIAN_POINT('Ctrl Pts',(25.0379564792917,99.5889997168779,9.01640586701076));
#2627=CARTESIAN_POINT('Ctrl Pts',(25.3972587569056,99.2288919045158,7.95956624338635));
#2628=CARTESIAN_POINT('Ctrl Pts',(25.6800636582771,97.9708567616891,6.95563359226922));
#2629=CARTESIAN_POINT('Ctrl Pts',(25.7339548893748,97.0501063773468,6.74640982160287));
#2630=CARTESIAN_POINT('Ctrl Pts',(25.7339548893748,96.5889997168779,6.74640982160288));
#2631=CARTESIAN_POINT('',(-24.7964649410832,99.5889997168779,9.63772826733674));
#2632=CARTESIAN_POINT('Origin',(0.,99.5889997168779,-8.39606162372775E-15));
#2633=CARTESIAN_POINT('',(-25.7339548893748,96.5889997168779,6.74640982160287));
#2634=CARTESIAN_POINT('Ctrl Pts',(-25.7339548893748,96.5889997168779,6.74640982160287));
#2635=CARTESIAN_POINT('Ctrl Pts',(-25.7339548893748,97.2806712713168,6.74640982160288));
#2636=CARTESIAN_POINT('Ctrl Pts',(-25.5948097093308,98.8925903058234,7.31818591250874));
#2637=CARTESIAN_POINT('Ctrl Pts',(-25.1184590419643,99.5889997168779,8.8092845498697));
#2638=CARTESIAN_POINT('Ctrl Pts',(-24.7964649410834,99.5889997168779,9.63772826733676));
#2639=CARTESIAN_POINT('',(-25.7339548893748,90.588999716878,6.74640982160286));
#2640=CARTESIAN_POINT('',(-25.7339548893748,103.684999716878,6.74640982160287));
#2641=CARTESIAN_POINT('',(-25.9675102576679,89.588999716878,5.78263700635823));
#2642=CARTESIAN_POINT('Ctrl Pts',(-25.967510257668,89.588999716878,5.78263700635825));
#2643=CARTESIAN_POINT('Ctrl Pts',(-25.9198356368766,89.588999716878,5.99672466274568));
#2644=CARTESIAN_POINT('Ctrl Pts',(-25.8355090879324,89.7164137959622,6.35161600180166));
#2645=CARTESIAN_POINT('Ctrl Pts',(-25.7519280963387,90.1343754543541,6.67823160442315));
#2646=CARTESIAN_POINT('Ctrl Pts',(-25.7339548893748,90.4372822890776,6.74640982160287));
#2647=CARTESIAN_POINT('Ctrl Pts',(-25.7339548893748,90.588999716878,6.74640982160286));
#2648=CARTESIAN_POINT('',(-26.6035802051039,89.5889997168779,-2.25721599755194E-14));
#2649=CARTESIAN_POINT('Origin',(0.,89.588999716878,-1.94982918699793E-14));
#2650=CARTESIAN_POINT('',(-26.6035802051039,103.684999716878,-6.72744588635764E-15));
#2651=CARTESIAN_POINT('',(-26.6035802051039,103.684999716878,-6.72744588635766E-15));
#2652=CARTESIAN_POINT('',(-25.1084843130979,103.684999716878,-8.79286615548745));
#2653=CARTESIAN_POINT('Origin',(0.,103.684999716878,-3.46944695195361E-15));
#2654=CARTESIAN_POINT('Origin',(0.,103.684999716878,-3.46944695195361E-15));
#2655=CARTESIAN_POINT('',(-25.9675102576679,89.588999716878,-5.78263700635829));
#2656=CARTESIAN_POINT('Origin',(0.,89.588999716878,-1.94982918699793E-14));
#2657=CARTESIAN_POINT('',(-25.7339548893748,90.588999716878,-6.7464098216029));
#2658=CARTESIAN_POINT('Ctrl Pts',(-25.7339548893748,90.588999716878,-6.7464098216029));
#2659=CARTESIAN_POINT('Ctrl Pts',(-25.7339548893748,90.3614204783869,-6.74640982160291));
#2660=CARTESIAN_POINT('Ctrl Pts',(-25.7831946246753,89.8325167685854,-6.56286605167946));
#2661=CARTESIAN_POINT('Ctrl Pts',(-25.9039432316229,89.588999716878,-6.06809109919866));
#2662=CARTESIAN_POINT('Ctrl Pts',(-25.967510257668,89.588999716878,-5.7826370063583));
#2663=CARTESIAN_POINT('',(-25.7339548893748,96.5889997168779,-6.74640982160288));
#2664=CARTESIAN_POINT('',(-25.7339548893748,103.684999716878,-6.74640982160288));
#2665=CARTESIAN_POINT('Ctrl Pts',(-24.7964649410833,99.5889997168779,-9.63772826733681));
#2666=CARTESIAN_POINT('Ctrl Pts',(-25.0379564792917,99.5889997168779,-9.01640586701081));
#2667=CARTESIAN_POINT('Ctrl Pts',(-25.3972587569056,99.2288919045157,-7.95956624338634));
#2668=CARTESIAN_POINT('Ctrl Pts',(-25.6800636582771,97.9708567616891,-6.95563359226926));
#2669=CARTESIAN_POINT('Ctrl Pts',(-25.7339548893748,97.0501063773469,-6.7464098216029));
#2670=CARTESIAN_POINT('Ctrl Pts',(-25.7339548893748,96.588999716878,-6.74640982160289));
#2671=CARTESIAN_POINT('Ctrl Pts',(-25.7339548893748,96.5889997168779,6.74640982160287));
#2672=CARTESIAN_POINT('Ctrl Pts',(-25.7339548893748,97.2806712713168,6.74640982160288));
#2673=CARTESIAN_POINT('Ctrl Pts',(-25.5948097093308,98.8925903058234,7.31818591250874));
#2674=CARTESIAN_POINT('Ctrl Pts',(-25.1184590419643,99.5889997168779,8.8092845498697));
#2675=CARTESIAN_POINT('Ctrl Pts',(-24.7964649410834,99.5889997168779,9.63772826733676));
#2676=CARTESIAN_POINT('Ctrl Pts',(-25.6898256755028,96.5889997168779,6.91473923370744));
#2677=CARTESIAN_POINT('Ctrl Pts',(-25.6898256755028,97.2391700577913,6.91473923370745));
#2678=CARTESIAN_POINT('Ctrl Pts',(-25.556047938586,98.7538325119518,7.445229505902));
#2679=CARTESIAN_POINT('Ctrl Pts',(-25.1039424777853,99.4294990067797,8.84652963326023));
#2680=CARTESIAN_POINT('Ctrl Pts',(-24.7964649410834,99.439400066707,9.63772826733676));
#2681=CARTESIAN_POINT('Ctrl Pts',(-25.6919373255008,96.5889997168779,7.27401311833675));
#2682=CARTESIAN_POINT('Ctrl Pts',(-25.6919373255008,97.1563427941719,7.27401311833676));
#2683=CARTESIAN_POINT('Ctrl Pts',(-25.565993160699,98.476964815166,7.72380970354524));
#2684=CARTESIAN_POINT('Ctrl Pts',(-25.1482753798441,99.1111444066793,8.94695591682859));
#2685=CARTESIAN_POINT('Ctrl Pts',(-24.8603010853844,99.1407362455243,9.66253968355555));
#2686=CARTESIAN_POINT('Ctrl Pts',(-26.0080888252582,96.588999716878,7.82014043235254));
#2687=CARTESIAN_POINT('Ctrl Pts',(-26.0080888252582,97.0497066254087,7.82014043235255));
#2688=CARTESIAN_POINT('Ctrl Pts',(-25.8817295590718,98.1207832597194,8.17789408475995));
#2689=CARTESIAN_POINT('Ctrl Pts',(-25.4624843805038,98.6762087754484,9.17748958872334));
#2690=CARTESIAN_POINT('Ctrl Pts',(-25.1720678113597,98.7201622700218,9.78371514122207));
#2691=CARTESIAN_POINT('Ctrl Pts',(-26.4402399778931,96.5889997168779,8.00000011920907));
#2692=CARTESIAN_POINT('Ctrl Pts',(-26.4402399778931,97.0338310434567,8.00000011920908));
#2693=CARTESIAN_POINT('Ctrl Pts',(-26.3026565252606,98.0694903683965,8.36505052488402));
#2694=CARTESIAN_POINT('Ctrl Pts',(-25.8368521367137,98.565384293808,9.34756195419766));
#2695=CARTESIAN_POINT('Ctrl Pts',(-25.5193808445752,98.5889997168779,9.91870650574877));
#2696=CARTESIAN_POINT('Ctrl Pts',(-26.7012666079847,96.5889997168779,8.00000011920907));
#2697=CARTESIAN_POINT('Ctrl Pts',(-26.7012666079847,97.0501140865052,8.00000011920908));
#2698=CARTESIAN_POINT('Ctrl Pts',(-26.5568911101048,98.124726776175,8.39551247914979));
#2699=CARTESIAN_POINT('Ctrl Pts',(-26.06263493289,98.5889997168779,9.42694410132929));
#2700=CARTESIAN_POINT('Ctrl Pts',(-25.7285374196713,98.5889997168779,10.0000001192091));
#2701=CARTESIAN_POINT('',(-25.7285374196712,98.5889997168779,10.0000001192091));
#2702=CARTESIAN_POINT('Origin',(-25.7285374196712,99.5889997168779,10.000000119209));
#2703=CARTESIAN_POINT('',(-26.7012666079847,96.5889997168779,8.00000011920908));
#2704=CARTESIAN_POINT('Ctrl Pts',(-25.7285374196713,98.5889997168779,10.0000001192091));
#2705=CARTESIAN_POINT('Ctrl Pts',(-26.06263493289,98.5889997168779,9.42694410132929));
#2706=CARTESIAN_POINT('Ctrl Pts',(-26.5568911101048,98.124726776175,8.39551247914979));
#2707=CARTESIAN_POINT('Ctrl Pts',(-26.7012666079847,97.0501140865052,8.00000011920908));
#2708=CARTESIAN_POINT('Ctrl Pts',(-26.7012666079847,96.5889997168779,8.00000011920907));
#2709=CARTESIAN_POINT('Origin',(-26.7012666079847,96.5889997168779,7.00000011920908));
#2710=CARTESIAN_POINT('Origin',(-26.7012666079847,103.684999716878,7.00000011920909));
#2711=CARTESIAN_POINT('',(-26.7012666079847,90.588999716878,8.00000011920907));
#2712=CARTESIAN_POINT('',(-26.7012666079847,103.684999716878,8.00000011920909));
#2713=CARTESIAN_POINT('Origin',(-26.7012666079847,90.588999716878,7.00000011920907));
#2714=CARTESIAN_POINT('Ctrl Pts',(-25.967510257668,89.588999716878,5.78263700635825));
#2715=CARTESIAN_POINT('Ctrl Pts',(-25.9198356368766,89.588999716878,5.99672466274568));
#2716=CARTESIAN_POINT('Ctrl Pts',(-25.8355090879324,89.7164137959622,6.35161600180166));
#2717=CARTESIAN_POINT('Ctrl Pts',(-25.7519280963387,90.1343754543541,6.67823160442315));
#2718=CARTESIAN_POINT('Ctrl Pts',(-25.7339548893748,90.4372822890776,6.74640982160287));
#2719=CARTESIAN_POINT('Ctrl Pts',(-25.7339548893748,90.588999716878,6.74640982160286));
#2720=CARTESIAN_POINT('Ctrl Pts',(-25.967510257668,89.439400066707,5.78263700635826));
#2721=CARTESIAN_POINT('Ctrl Pts',(-25.912765515967,89.4347945027588,6.02839318856386));
#2722=CARTESIAN_POINT('Ctrl Pts',(-25.8140758347769,89.5714479230492,6.44086609671402));
#2723=CARTESIAN_POINT('Ctrl Pts',(-25.7122177085123,90.052721679835,6.83163870932139));
#2724=CARTESIAN_POINT('Ctrl Pts',(-25.6898256755028,90.4099725464994,6.91473923370744));
#2725=CARTESIAN_POINT('Ctrl Pts',(-25.6898256755028,90.588999716878,6.91473923370744));
#2726=CARTESIAN_POINT('Ctrl Pts',(-26.0343599788825,89.1407346672989,5.79752359609767));
#2727=CARTESIAN_POINT('Ctrl Pts',(-25.9695881318168,89.126969766657,6.10802703083563));
#2728=CARTESIAN_POINT('Ctrl Pts',(-25.8501023904994,89.2820658609639,6.63815618670431));
#2729=CARTESIAN_POINT('Ctrl Pts',(-25.721061450597,89.8898007773246,7.16044985396925));
#2730=CARTESIAN_POINT('Ctrl Pts',(-25.6919350484064,90.3554683270862,7.27401560988018));
#2731=CARTESIAN_POINT('Ctrl Pts',(-25.6919350484064,90.588999716878,7.27401560988018));
#2732=CARTESIAN_POINT('Ctrl Pts',(-26.3608503467866,88.7201597989093,5.87022888300919));
#2733=CARTESIAN_POINT('Ctrl Pts',(-26.2946959468884,88.6997144494724,6.27659380999328));
#2734=CARTESIAN_POINT('Ctrl Pts',(-26.1720795580168,88.8947772816061,6.97481488975188));
#2735=CARTESIAN_POINT('Ctrl Pts',(-26.0384727592142,89.679623913811,7.6683857919227));
#2736=CARTESIAN_POINT('Ctrl Pts',(-26.0080865822678,90.2852967327867,7.82014467151699));
#2737=CARTESIAN_POINT('Ctrl Pts',(-26.0080865822678,90.588999716878,7.82014467151698));
#2738=CARTESIAN_POINT('Ctrl Pts',(-26.7245668052025,88.588999716878,5.95122395074528));
#2739=CARTESIAN_POINT('Ctrl Pts',(-26.6687283457725,88.5780147978982,6.39242565548181));
#2740=CARTESIAN_POINT('Ctrl Pts',(-26.5680274804975,88.8094425988585,7.13583994822012));
#2741=CARTESIAN_POINT('Ctrl Pts',(-26.4633083833804,89.6483215791034,7.84837361818874));
#2742=CARTESIAN_POINT('Ctrl Pts',(-26.4402399778931,90.2748498561882,8.00000011920907));
#2743=CARTESIAN_POINT('Ctrl Pts',(-26.4402399778931,90.588999716878,8.00000011920907));
#2744=CARTESIAN_POINT('Ctrl Pts',(-26.9436010716663,88.588999716878,6.0000001192091));
#2745=CARTESIAN_POINT('Ctrl Pts',(-26.8941344130956,88.588999716878,6.4442700820075));
#2746=CARTESIAN_POINT('Ctrl Pts',(-26.8066381197676,88.8438278750454,7.18073272847878));
#2747=CARTESIAN_POINT('Ctrl Pts',(-26.71991540849,89.6797511918299,7.85851819296816));
#2748=CARTESIAN_POINT('Ctrl Pts',(-26.7012666079847,90.2855648612752,8.00000011920907));
#2749=CARTESIAN_POINT('Ctrl Pts',(-26.7012666079847,90.588999716878,8.00000011920907));
#2750=CARTESIAN_POINT('',(-26.9436010716663,88.588999716878,6.00000011920907));
#2751=CARTESIAN_POINT('Ctrl Pts',(-26.7012666079847,90.588999716878,8.00000011920907));
#2752=CARTESIAN_POINT('Ctrl Pts',(-26.7012666079847,90.2855648612752,8.00000011920907));
#2753=CARTESIAN_POINT('Ctrl Pts',(-26.71991540849,89.6797511918299,7.85851819296816));
#2754=CARTESIAN_POINT('Ctrl Pts',(-26.8066381197676,88.8438278750454,7.18073272847878));
#2755=CARTESIAN_POINT('Ctrl Pts',(-26.8941344130956,88.588999716878,6.4442700820075));
#2756=CARTESIAN_POINT('Ctrl Pts',(-26.9436010716663,88.588999716878,6.0000001192091));
#2757=CARTESIAN_POINT('Origin',(-26.9436010716663,89.588999716878,6.00000011920907));
#2758=CARTESIAN_POINT('Origin',(0.,89.588999716878,-1.94982918699793E-14));
#2759=CARTESIAN_POINT('',(-26.9436010716662,88.588999716878,-6.0000001192091));
#2760=CARTESIAN_POINT('Origin',(0.,88.588999716878,-2.09554595897998E-14));
#2761=CARTESIAN_POINT('Origin',(-26.9436010716662,89.588999716878,-6.0000001192091));
#2762=CARTESIAN_POINT('Ctrl Pts',(-25.7339548893748,90.588999716878,-6.7464098216029));
#2763=CARTESIAN_POINT('Ctrl Pts',(-25.7339548893748,90.3614204783869,-6.74640982160291));
#2764=CARTESIAN_POINT('Ctrl Pts',(-25.7831946246753,89.8325167685854,-6.56286605167946));
#2765=CARTESIAN_POINT('Ctrl Pts',(-25.9039432316229,89.588999716878,-6.06809109919866));
#2766=CARTESIAN_POINT('Ctrl Pts',(-25.967510257668,89.588999716878,-5.7826370063583));
#2767=CARTESIAN_POINT('Ctrl Pts',(-25.6898256755028,90.588999716878,-6.91473923370748));
#2768=CARTESIAN_POINT('Ctrl Pts',(-25.6898256755028,90.3204553070849,-6.91473923370748));
#2769=CARTESIAN_POINT('Ctrl Pts',(-25.751636515127,89.6989003621683,-6.68965363324786));
#2770=CARTESIAN_POINT('Ctrl Pts',(-25.8945162754658,89.4332592312145,-6.11031637487107));
#2771=CARTESIAN_POINT('Ctrl Pts',(-25.967510257668,89.4394000667071,-5.7826370063583));
#2772=CARTESIAN_POINT('Ctrl Pts',(-25.6919350484064,90.588999716878,-7.27401560988022));
#2773=CARTESIAN_POINT('Ctrl Pts',(-25.6919350484064,90.2386978654485,-7.27401560988023));
#2774=CARTESIAN_POINT('Ctrl Pts',(-25.772867234789,89.4322587943004,-6.96391148598641));
#2775=CARTESIAN_POINT('Ctrl Pts',(-25.9479963409328,89.122381216698,-6.21153380940278));
#2776=CARTESIAN_POINT('Ctrl Pts',(-26.0343599788825,89.140734667299,-5.79752359609772));
#2777=CARTESIAN_POINT('Ctrl Pts',(-26.0080865822678,90.588999716878,-7.82014467151703));
#2778=CARTESIAN_POINT('Ctrl Pts',(-26.0080865822678,90.1334390416867,-7.82014467151703));
#2779=CARTESIAN_POINT('Ctrl Pts',(-26.0925481632848,89.0854443692696,-7.40536770041779));
#2780=CARTESIAN_POINT('Ctrl Pts',(-26.2726432799758,88.6928989620409,-6.41205615858307));
#2781=CARTESIAN_POINT('Ctrl Pts',(-26.3608503467866,88.7201597989093,-5.87022888300924));
#2782=CARTESIAN_POINT('Ctrl Pts',(-26.4402399778931,90.588999716878,-8.00000011920912));
#2783=CARTESIAN_POINT('Ctrl Pts',(-26.4402399778931,90.1177685135519,-8.00000011920912));
#2784=CARTESIAN_POINT('Ctrl Pts',(-26.5040507233907,89.0282683437507,-7.58745886317175));
#2785=CARTESIAN_POINT('Ctrl Pts',(-26.650114512851,88.5743529589322,-6.53950089538746));
#2786=CARTESIAN_POINT('Ctrl Pts',(-26.7245668052025,88.588999716878,-5.95122395074532));
#2787=CARTESIAN_POINT('Ctrl Pts',(-26.7012666079847,90.588999716878,-8.00000011920912));
#2788=CARTESIAN_POINT('Ctrl Pts',(-26.7012666079847,90.1338412398925,-8.00000011920913));
#2789=CARTESIAN_POINT('Ctrl Pts',(-26.7523572120374,89.0760338202922,-7.61911415309708));
#2790=CARTESIAN_POINT('Ctrl Pts',(-26.8776446294015,88.588999716878,-6.59236813026973));
#2791=CARTESIAN_POINT('Ctrl Pts',(-26.9436010716663,88.588999716878,-6.00000011920915));
#2792=CARTESIAN_POINT('',(-26.7012666079847,90.588999716878,-8.00000011920911));
#2793=CARTESIAN_POINT('Ctrl Pts',(-26.9436010716663,88.588999716878,-6.00000011920915));
#2794=CARTESIAN_POINT('Ctrl Pts',(-26.8776446294015,88.588999716878,-6.59236813026973));
#2795=CARTESIAN_POINT('Ctrl Pts',(-26.7523572120374,89.0760338202922,-7.61911415309708));
#2796=CARTESIAN_POINT('Ctrl Pts',(-26.7012666079847,90.1338412398925,-8.00000011920913));
#2797=CARTESIAN_POINT('Ctrl Pts',(-26.7012666079847,90.588999716878,-8.00000011920912));
#2798=CARTESIAN_POINT('Origin',(-26.7012666079847,90.588999716878,-7.00000011920911));
#2799=CARTESIAN_POINT('Origin',(-26.7012666079847,103.684999716878,-7.0000001192091));
#2800=CARTESIAN_POINT('',(-26.7012666079847,96.5889997168779,-8.0000001192091));
#2801=CARTESIAN_POINT('',(-26.7012666079847,103.684999716878,-8.00000011920909));
#2802=CARTESIAN_POINT('Origin',(-26.7012666079847,96.5889997168779,-7.00000011920909));
#2803=CARTESIAN_POINT('Ctrl Pts',(-24.7964649410833,99.5889997168779,-9.63772826733681));
#2804=CARTESIAN_POINT('Ctrl Pts',(-25.0379564792917,99.5889997168779,-9.01640586701081));
#2805=CARTESIAN_POINT('Ctrl Pts',(-25.3972587569056,99.2288919045157,-7.95956624338634));
#2806=CARTESIAN_POINT('Ctrl Pts',(-25.6800636582771,97.9708567616891,-6.95563359226926));
#2807=CARTESIAN_POINT('Ctrl Pts',(-25.7339548893748,97.0501063773469,-6.7464098216029));
#2808=CARTESIAN_POINT('Ctrl Pts',(-25.7339548893748,96.588999716878,-6.74640982160289));
#2809=CARTESIAN_POINT('Ctrl Pts',(-24.7964649410833,99.439400066707,-9.63772826733681));
#2810=CARTESIAN_POINT('Ctrl Pts',(-25.0270692381792,99.43197439591,-9.04433921254127));
#2811=CARTESIAN_POINT('Ctrl Pts',(-25.3684423877766,99.0781142649496,-8.04650363954824));
#2812=CARTESIAN_POINT('Ctrl Pts',(-25.6380507271424,97.8879670947699,-7.10962909419921));
#2813=CARTESIAN_POINT('Ctrl Pts',(-25.6898256755028,97.0224393642228,-6.91473923370747));
#2814=CARTESIAN_POINT('Ctrl Pts',(-25.6898256755028,96.588999716878,-6.91473923370746));
#2815=CARTESIAN_POINT('Ctrl Pts',(-24.8603010853844,99.1407362455244,-9.6625396835556));
#2816=CARTESIAN_POINT('Ctrl Pts',(-25.0762781953478,99.1185427374398,-9.12586083114486));
#2817=CARTESIAN_POINT('Ctrl Pts',(-25.3925379472769,98.7772028310612,-8.24566505100514));
#2818=CARTESIAN_POINT('Ctrl Pts',(-25.6432363155825,97.7225931483801,-7.44089169979282));
#2819=CARTESIAN_POINT('Ctrl Pts',(-25.6919373255008,96.9672221116433,-7.27401311833678));
#2820=CARTESIAN_POINT('Ctrl Pts',(-25.6919373255008,96.5889997168779,-7.27401311833678));
#2821=CARTESIAN_POINT('Ctrl Pts',(-25.1720678113597,98.7201622700218,-9.78371514122212));
#2822=CARTESIAN_POINT('Ctrl Pts',(-25.3898765967129,98.6871977002203,-9.32905357825066));
#2823=CARTESIAN_POINT('Ctrl Pts',(-25.7076820638913,98.380253032183,-8.60224831620328));
#2824=CARTESIAN_POINT('Ctrl Pts',(-25.9592106214399,97.5094329799904,-7.95396163163232));
#2825=CARTESIAN_POINT('Ctrl Pts',(-26.0080888252582,96.8961325210011,-7.82014043235257));
#2826=CARTESIAN_POINT('Ctrl Pts',(-26.0080888252582,96.5889997168779,-7.82014043235257));
#2827=CARTESIAN_POINT('Ctrl Pts',(-25.5193808445752,98.5889997168779,-9.91870650574881));
#2828=CARTESIAN_POINT('Ctrl Pts',(-25.7574803329377,98.5712884456869,-9.49035525361086));
#2829=CARTESIAN_POINT('Ctrl Pts',(-26.1094694924196,98.3041336709152,-8.78459773538657));
#2830=CARTESIAN_POINT('Ctrl Pts',(-26.3869077096506,97.4781663416637,-8.13543552807799));
#2831=CARTESIAN_POINT('Ctrl Pts',(-26.4402399778931,96.8855489766441,-8.0000001192091));
#2832=CARTESIAN_POINT('Ctrl Pts',(-26.4402399778931,96.5889997168779,-8.0000001192091));
#2833=CARTESIAN_POINT('Ctrl Pts',(-25.7285374196712,98.5889997168779,-10.0000001192091));
#2834=CARTESIAN_POINT('Ctrl Pts',(-25.9791063653694,98.5889997168779,-9.57021529129235));
#2835=CARTESIAN_POINT('Ctrl Pts',(-26.3519144296046,98.3489278419698,-8.83917189814159));
#2836=CARTESIAN_POINT('Ctrl Pts',(-26.6453496634047,97.5102377467521,-8.14472563083512));
#2837=CARTESIAN_POINT('Ctrl Pts',(-26.7012666079847,96.8964041571907,-8.0000001192091));
#2838=CARTESIAN_POINT('Ctrl Pts',(-26.7012666079847,96.5889997168779,-8.0000001192091));
#2839=CARTESIAN_POINT('',(-25.7285374196712,98.5889997168779,-10.0000001192091));
#2840=CARTESIAN_POINT('Ctrl Pts',(-26.7012666079847,96.5889997168779,-8.0000001192091));
#2841=CARTESIAN_POINT('Ctrl Pts',(-26.7012666079847,96.8964041571907,-8.0000001192091));
#2842=CARTESIAN_POINT('Ctrl Pts',(-26.6453496634047,97.5102377467521,-8.14472563083512));
#2843=CARTESIAN_POINT('Ctrl Pts',(-26.3519144296046,98.3489278419698,-8.83917189814159));
#2844=CARTESIAN_POINT('Ctrl Pts',(-25.9791063653694,98.5889997168779,-9.57021529129235));
#2845=CARTESIAN_POINT('Ctrl Pts',(-25.7285374196712,98.5889997168779,-10.0000001192091));
#2846=CARTESIAN_POINT('Origin',(-25.7285374196712,99.5889997168779,-10.0000001192091));
#2847=CARTESIAN_POINT('Origin',(0.,99.5889997168779,-8.39606162372775E-15));
#2848=CARTESIAN_POINT('',(25.7285374196712,98.5889997168779,-10.0000001192091));
#2849=CARTESIAN_POINT('Origin',(25.7285374196712,99.5889997168779,-10.0000001192091));
#2850=CARTESIAN_POINT('Origin',(0.,98.5889997168779,-9.29811783123569E-15));
#2851=CARTESIAN_POINT('Ctrl Pts',(25.7339548893748,96.5889997168779,-6.7464098216029));
#2852=CARTESIAN_POINT('Ctrl Pts',(25.7339548893748,97.2806712713166,-6.74640982160291));
#2853=CARTESIAN_POINT('Ctrl Pts',(25.5948097093309,98.8925903058229,-7.31818591250867));
#2854=CARTESIAN_POINT('Ctrl Pts',(25.1184590419643,99.5889997168779,-8.80928454986965));
#2855=CARTESIAN_POINT('Ctrl Pts',(24.7964649410834,99.5889997168779,-9.63772826733675));
#2856=CARTESIAN_POINT('Ctrl Pts',(25.6898256755028,96.5889997168779,-6.91473923370747));
#2857=CARTESIAN_POINT('Ctrl Pts',(25.6898256755028,97.2391700577909,-6.91473923370748));
#2858=CARTESIAN_POINT('Ctrl Pts',(25.5560479385861,98.7538325119513,-7.4452295059019));
#2859=CARTESIAN_POINT('Ctrl Pts',(25.1039424777853,99.4294990067797,-8.84652963326021));
#2860=CARTESIAN_POINT('Ctrl Pts',(24.7964649410834,99.4394000667069,-9.63772826733676));
#2861=CARTESIAN_POINT('Ctrl Pts',(25.6919373255008,96.5889997168779,-7.27401311833678));
#2862=CARTESIAN_POINT('Ctrl Pts',(25.6919373255008,97.1563427941711,-7.27401311833679));
#2863=CARTESIAN_POINT('Ctrl Pts',(25.5659931606991,98.4769648151657,-7.72380970354509));
#2864=CARTESIAN_POINT('Ctrl Pts',(25.1482753798441,99.1111444066793,-8.94695591682864));
#2865=CARTESIAN_POINT('Ctrl Pts',(24.8603010853844,99.1407362455244,-9.66253968355555));
#2866=CARTESIAN_POINT('Ctrl Pts',(26.0080888252582,96.5889997168778,-7.82014043235257));
#2867=CARTESIAN_POINT('Ctrl Pts',(26.0080888252582,97.0497066254073,-7.82014043235257));
#2868=CARTESIAN_POINT('Ctrl Pts',(25.8817295590719,98.120783259719,-8.17789408475969));
#2869=CARTESIAN_POINT('Ctrl Pts',(25.4624843805037,98.6762087754484,-9.17748958872347));
#2870=CARTESIAN_POINT('Ctrl Pts',(25.1720678113597,98.7201622700217,-9.78371514122207));
#2871=CARTESIAN_POINT('Ctrl Pts',(26.4402399778931,96.5889997168779,-8.0000001192091));
#2872=CARTESIAN_POINT('Ctrl Pts',(26.4402399778931,97.0338310434553,-8.0000001192091));
#2873=CARTESIAN_POINT('Ctrl Pts',(26.3026565252607,98.069490368396,-8.36505052488373));
#2874=CARTESIAN_POINT('Ctrl Pts',(25.8368521367136,98.5653842938079,-9.34756195419783));
#2875=CARTESIAN_POINT('Ctrl Pts',(25.5193808445752,98.5889997168779,-9.91870650574877));
#2876=CARTESIAN_POINT('Ctrl Pts',(26.7012666079847,96.5889997168779,-8.0000001192091));
#2877=CARTESIAN_POINT('Ctrl Pts',(26.7012666079847,97.0501140865039,-8.0000001192091));
#2878=CARTESIAN_POINT('Ctrl Pts',(26.5568911101049,98.1247267761745,-8.39551247914949));
#2879=CARTESIAN_POINT('Ctrl Pts',(26.0626349328899,98.5889997168779,-9.42694410132947));
#2880=CARTESIAN_POINT('Ctrl Pts',(25.7285374196713,98.5889997168779,-10.0000001192091));
#2881=CARTESIAN_POINT('',(26.7012666079847,96.5889997168779,-8.0000001192091));
#2882=CARTESIAN_POINT('Ctrl Pts',(25.7285374196713,98.5889997168779,-10.0000001192091));
#2883=CARTESIAN_POINT('Ctrl Pts',(26.0626349328899,98.5889997168779,-9.42694410132947));
#2884=CARTESIAN_POINT('Ctrl Pts',(26.5568911101049,98.1247267761745,-8.39551247914949));
#2885=CARTESIAN_POINT('Ctrl Pts',(26.7012666079847,97.0501140865039,-8.0000001192091));
#2886=CARTESIAN_POINT('Ctrl Pts',(26.7012666079847,96.5889997168779,-8.0000001192091));
#2887=CARTESIAN_POINT('Origin',(26.7012666079847,96.5889997168779,-7.0000001192091));
#2888=CARTESIAN_POINT('Origin',(26.7012666079847,103.684999716878,-7.00000011920909));
#2889=CARTESIAN_POINT('',(26.7012666079847,90.5889997168779,-8.0000001192091));
#2890=CARTESIAN_POINT('',(26.7012666079847,103.684999716878,-8.00000011920909));
#2891=CARTESIAN_POINT('Origin',(26.7012666079847,90.5889997168779,-7.00000011920911));
#2892=CARTESIAN_POINT('Ctrl Pts',(25.967510257668,89.5889997168779,-5.78263700635828));
#2893=CARTESIAN_POINT('Ctrl Pts',(25.9198356368767,89.5889997168779,-5.9967246627457));
#2894=CARTESIAN_POINT('Ctrl Pts',(25.8355090879324,89.7164137959621,-6.35161600180161));
#2895=CARTESIAN_POINT('Ctrl Pts',(25.7519280963387,90.1343754543539,-6.67823160442314));
#2896=CARTESIAN_POINT('Ctrl Pts',(25.7339548893748,90.4372822890775,-6.7464098216029));
#2897=CARTESIAN_POINT('Ctrl Pts',(25.7339548893748,90.5889997168779,-6.7464098216029));
#2898=CARTESIAN_POINT('Ctrl Pts',(25.967510257668,89.439400066707,-5.78263700635828));
#2899=CARTESIAN_POINT('Ctrl Pts',(25.912765515967,89.4347945027587,-6.02839318856381));
#2900=CARTESIAN_POINT('Ctrl Pts',(25.8140758347769,89.5714479230493,-6.44086609671394));
#2901=CARTESIAN_POINT('Ctrl Pts',(25.7122177085123,90.052721679835,-6.83163870932137));
#2902=CARTESIAN_POINT('Ctrl Pts',(25.6898256755028,90.4099725464996,-6.91473923370748));
#2903=CARTESIAN_POINT('Ctrl Pts',(25.6898256755028,90.5889997168779,-6.91473923370748));
#2904=CARTESIAN_POINT('Ctrl Pts',(26.0343599788826,89.1407346672989,-5.79752359609769));
#2905=CARTESIAN_POINT('Ctrl Pts',(25.9695881318168,89.1269697666569,-6.10802703083545));
#2906=CARTESIAN_POINT('Ctrl Pts',(25.8501023904995,89.2820658609645,-6.63815618670419));
#2907=CARTESIAN_POINT('Ctrl Pts',(25.721061450597,89.8898007773247,-7.16044985396918));
#2908=CARTESIAN_POINT('Ctrl Pts',(25.6919350484064,90.3554683270872,-7.27401560988022));
#2909=CARTESIAN_POINT('Ctrl Pts',(25.6919350484064,90.5889997168779,-7.27401560988023));
#2910=CARTESIAN_POINT('Ctrl Pts',(26.3608503467866,88.7201597989093,-5.87022888300921));
#2911=CARTESIAN_POINT('Ctrl Pts',(26.2946959468885,88.6997144494723,-6.27659380999293));
#2912=CARTESIAN_POINT('Ctrl Pts',(26.1720795580168,88.8947772816071,-6.97481488975169));
#2913=CARTESIAN_POINT('Ctrl Pts',(26.0384727592142,89.6796239138112,-7.66838579192258));
#2914=CARTESIAN_POINT('Ctrl Pts',(26.0080865822678,90.2852967327885,-7.82014467151703));
#2915=CARTESIAN_POINT('Ctrl Pts',(26.0080865822678,90.5889997168779,-7.82014467151703));
#2916=CARTESIAN_POINT('Ctrl Pts',(26.7245668052025,88.5889997168779,-5.95122395074529));
#2917=CARTESIAN_POINT('Ctrl Pts',(26.6687283457725,88.5780147978982,-6.39242565548141));
#2918=CARTESIAN_POINT('Ctrl Pts',(26.5680274804975,88.8094425988597,-7.13583994821991));
#2919=CARTESIAN_POINT('Ctrl Pts',(26.4633083833804,89.6483215791037,-7.8483736181886));
#2920=CARTESIAN_POINT('Ctrl Pts',(26.4402399778931,90.2748498561902,-8.00000011920911));
#2921=CARTESIAN_POINT('Ctrl Pts',(26.4402399778931,90.5889997168779,-8.00000011920912));
#2922=CARTESIAN_POINT('Ctrl Pts',(26.9436010716663,88.5889997168779,-6.00000011920912));
#2923=CARTESIAN_POINT('Ctrl Pts',(26.8941344130957,88.5889997168779,-6.4442700820071));
#2924=CARTESIAN_POINT('Ctrl Pts',(26.8066381197676,88.8438278750465,-7.18073272847858));
#2925=CARTESIAN_POINT('Ctrl Pts',(26.71991540849,89.6797511918301,-7.85851819296802));
#2926=CARTESIAN_POINT('Ctrl Pts',(26.7012666079847,90.2855648612771,-8.00000011920911));
#2927=CARTESIAN_POINT('Ctrl Pts',(26.7012666079847,90.5889997168779,-8.00000011920912));
#2928=CARTESIAN_POINT('',(26.9436010716663,88.588999716878,-6.00000011920911));
#2929=CARTESIAN_POINT('Ctrl Pts',(26.7012666079847,90.5889997168779,-8.00000011920912));
#2930=CARTESIAN_POINT('Ctrl Pts',(26.7012666079847,90.2855648612771,-8.00000011920911));
#2931=CARTESIAN_POINT('Ctrl Pts',(26.71991540849,89.6797511918301,-7.85851819296802));
#2932=CARTESIAN_POINT('Ctrl Pts',(26.8066381197676,88.8438278750465,-7.18073272847858));
#2933=CARTESIAN_POINT('Ctrl Pts',(26.8941344130957,88.5889997168779,-6.4442700820071));
#2934=CARTESIAN_POINT('Ctrl Pts',(26.9436010716663,88.5889997168779,-6.00000011920912));
#2935=CARTESIAN_POINT('Origin',(26.9436010716663,89.5889997168779,-6.00000011920911));
#2936=CARTESIAN_POINT('Origin',(0.,89.588999716878,-1.94982918699793E-14));
#2937=CARTESIAN_POINT('',(26.9436010716663,88.5889997168779,6.00000011920907));
#2938=CARTESIAN_POINT('Origin',(0.,88.588999716878,-2.09554595897998E-14));
#2939=CARTESIAN_POINT('Origin',(26.9436010716663,89.5889997168779,6.00000011920907));
#2940=CARTESIAN_POINT('Ctrl Pts',(25.7339548893748,90.5889997168779,6.74640982160286));
#2941=CARTESIAN_POINT('Ctrl Pts',(25.7339548893748,90.3614204783869,6.74640982160286));
#2942=CARTESIAN_POINT('Ctrl Pts',(25.7831946246753,89.8325167685856,6.56286605167947));
#2943=CARTESIAN_POINT('Ctrl Pts',(25.903943231623,89.5889997168779,6.06809109919857));
#2944=CARTESIAN_POINT('Ctrl Pts',(25.967510257668,89.5889997168779,5.78263700635823));
#2945=CARTESIAN_POINT('Ctrl Pts',(25.6898256755028,90.5889997168779,6.91473923370744));
#2946=CARTESIAN_POINT('Ctrl Pts',(25.6898256755028,90.3204553070851,6.91473923370743));
#2947=CARTESIAN_POINT('Ctrl Pts',(25.751636515127,89.6989003621686,6.68965363324787));
#2948=CARTESIAN_POINT('Ctrl Pts',(25.8945162754659,89.4332592312144,6.11031637487097));
#2949=CARTESIAN_POINT('Ctrl Pts',(25.967510257668,89.439400066707,5.78263700635823));
#2950=CARTESIAN_POINT('Ctrl Pts',(25.6919350484064,90.5889997168779,7.27401560988019));
#2951=CARTESIAN_POINT('Ctrl Pts',(25.6919350484064,90.2386978654493,7.27401560988018));
#2952=CARTESIAN_POINT('Ctrl Pts',(25.772867234789,89.4322587943007,6.96391148598641));
#2953=CARTESIAN_POINT('Ctrl Pts',(25.9479963409329,89.122381216698,6.21153380940268));
#2954=CARTESIAN_POINT('Ctrl Pts',(26.0343599788826,89.1407346672989,5.79752359609764));
#2955=CARTESIAN_POINT('Ctrl Pts',(26.0080865822678,90.5889997168779,7.82014467151699));
#2956=CARTESIAN_POINT('Ctrl Pts',(26.0080865822678,90.1334390416881,7.82014467151698));
#2957=CARTESIAN_POINT('Ctrl Pts',(26.0925481632848,89.0854443692699,7.4053677004178));
#2958=CARTESIAN_POINT('Ctrl Pts',(26.2726432799758,88.6928989620408,6.41205615858294));
#2959=CARTESIAN_POINT('Ctrl Pts',(26.3608503467866,88.7201597989093,5.87022888300916));
#2960=CARTESIAN_POINT('Ctrl Pts',(26.4402399778931,90.5889997168779,8.00000011920907));
#2961=CARTESIAN_POINT('Ctrl Pts',(26.4402399778931,90.1177685135534,8.00000011920906));
#2962=CARTESIAN_POINT('Ctrl Pts',(26.5040507233907,89.028268343751,7.58745886317176));
#2963=CARTESIAN_POINT('Ctrl Pts',(26.650114512851,88.5743529589321,6.53950089538733));
#2964=CARTESIAN_POINT('Ctrl Pts',(26.7245668052025,88.5889997168779,5.95122395074524));
#2965=CARTESIAN_POINT('Ctrl Pts',(26.7012666079847,90.5889997168779,8.00000011920907));
#2966=CARTESIAN_POINT('Ctrl Pts',(26.7012666079847,90.1338412398939,8.00000011920907));
#2967=CARTESIAN_POINT('Ctrl Pts',(26.7523572120375,89.0760338202926,7.6191141530971));
#2968=CARTESIAN_POINT('Ctrl Pts',(26.8776446294015,88.5889997168779,6.5923681302696));
#2969=CARTESIAN_POINT('Ctrl Pts',(26.9436010716663,88.5889997168779,6.00000011920907));
#2970=CARTESIAN_POINT('',(26.7012666079847,90.5889997168779,8.00000011920907));
#2971=CARTESIAN_POINT('Ctrl Pts',(26.9436010716663,88.5889997168779,6.00000011920907));
#2972=CARTESIAN_POINT('Ctrl Pts',(26.8776446294015,88.5889997168779,6.5923681302696));
#2973=CARTESIAN_POINT('Ctrl Pts',(26.7523572120375,89.0760338202926,7.6191141530971));
#2974=CARTESIAN_POINT('Ctrl Pts',(26.7012666079847,90.1338412398939,8.00000011920907));
#2975=CARTESIAN_POINT('Ctrl Pts',(26.7012666079847,90.5889997168779,8.00000011920907));
#2976=CARTESIAN_POINT('Origin',(26.7012666079847,90.5889997168779,7.00000011920908));
#2977=CARTESIAN_POINT('Origin',(26.7012666079847,103.684999716878,7.00000011920909));
#2978=CARTESIAN_POINT('',(26.7012666079847,96.5889997168779,8.00000011920907));
#2979=CARTESIAN_POINT('',(26.7012666079847,103.684999716878,8.00000011920909));
#2980=CARTESIAN_POINT('Origin',(26.7012666079847,96.5889997168778,7.00000011920908));
#2981=CARTESIAN_POINT('Ctrl Pts',(24.7964649410834,99.5889997168779,9.63772826733675));
#2982=CARTESIAN_POINT('Ctrl Pts',(25.0379564792917,99.5889997168779,9.01640586701076));
#2983=CARTESIAN_POINT('Ctrl Pts',(25.3972587569056,99.2288919045158,7.95956624338635));
#2984=CARTESIAN_POINT('Ctrl Pts',(25.6800636582771,97.9708567616891,6.95563359226922));
#2985=CARTESIAN_POINT('Ctrl Pts',(25.7339548893748,97.0501063773468,6.74640982160287));
#2986=CARTESIAN_POINT('Ctrl Pts',(25.7339548893748,96.5889997168779,6.74640982160288));
#2987=CARTESIAN_POINT('Ctrl Pts',(24.7964649410834,99.4394000667069,9.63772826733675));
#2988=CARTESIAN_POINT('Ctrl Pts',(25.0270692381792,99.4319743959099,9.04433921254125));
#2989=CARTESIAN_POINT('Ctrl Pts',(25.3684423877766,99.0781142649496,8.04650363954824));
#2990=CARTESIAN_POINT('Ctrl Pts',(25.6380507271424,97.8879670947699,7.10962909419922));
#2991=CARTESIAN_POINT('Ctrl Pts',(25.6898256755028,97.0224393642225,6.91473923370744));
#2992=CARTESIAN_POINT('Ctrl Pts',(25.6898256755028,96.5889997168779,6.91473923370745));
#2993=CARTESIAN_POINT('Ctrl Pts',(24.8603010853844,99.1407362455243,9.66253968355554));
#2994=CARTESIAN_POINT('Ctrl Pts',(25.0762781953478,99.1185427374397,9.12586083114491));
#2995=CARTESIAN_POINT('Ctrl Pts',(25.3925379472769,98.777202831061,8.24566505100513));
#2996=CARTESIAN_POINT('Ctrl Pts',(25.6432363155825,97.7225931483801,7.44089169979289));
#2997=CARTESIAN_POINT('Ctrl Pts',(25.6919373255008,96.9672221116428,7.27401311833676));
#2998=CARTESIAN_POINT('Ctrl Pts',(25.6919373255008,96.5889997168779,7.27401311833676));
#2999=CARTESIAN_POINT('Ctrl Pts',(25.1720678113597,98.7201622700217,9.78371514122206));
#3000=CARTESIAN_POINT('Ctrl Pts',(25.3898765967129,98.6871977002203,9.32905357825078));
#3001=CARTESIAN_POINT('Ctrl Pts',(25.7076820638912,98.3802530321826,8.60224831620326));
#3002=CARTESIAN_POINT('Ctrl Pts',(25.9592106214398,97.5094329799904,7.95396163163247));
#3003=CARTESIAN_POINT('Ctrl Pts',(26.0080888252582,96.8961325210003,7.82014043235254));
#3004=CARTESIAN_POINT('Ctrl Pts',(26.0080888252582,96.5889997168779,7.82014043235255));
#3005=CARTESIAN_POINT('Ctrl Pts',(25.5193808445752,98.5889997168779,9.91870650574875));
#3006=CARTESIAN_POINT('Ctrl Pts',(25.7574803329377,98.5712884456869,9.49035525361101));
#3007=CARTESIAN_POINT('Ctrl Pts',(26.1094694924196,98.3041336709147,8.78459773538656));
#3008=CARTESIAN_POINT('Ctrl Pts',(26.3869077096505,97.4781663416637,8.13543552807816));
#3009=CARTESIAN_POINT('Ctrl Pts',(26.4402399778931,96.8855489766432,8.00000011920908));
#3010=CARTESIAN_POINT('Ctrl Pts',(26.4402399778931,96.5889997168779,8.00000011920908));
#3011=CARTESIAN_POINT('Ctrl Pts',(25.7285374196713,98.5889997168779,10.0000001192091));
#3012=CARTESIAN_POINT('Ctrl Pts',(25.9791063653693,98.5889997168779,9.57021529129249));
#3013=CARTESIAN_POINT('Ctrl Pts',(26.3519144296046,98.3489278419694,8.83917189814158));
#3014=CARTESIAN_POINT('Ctrl Pts',(26.6453496634047,97.5102377467521,8.14472563083529));
#3015=CARTESIAN_POINT('Ctrl Pts',(26.7012666079847,96.8964041571899,8.00000011920908));
#3016=CARTESIAN_POINT('Ctrl Pts',(26.7012666079847,96.5889997168779,8.00000011920908));
#3017=CARTESIAN_POINT('',(25.7285374196712,98.5889997168778,10.0000001192091));
#3018=CARTESIAN_POINT('Ctrl Pts',(26.7012666079847,96.5889997168779,8.00000011920908));
#3019=CARTESIAN_POINT('Ctrl Pts',(26.7012666079847,96.8964041571899,8.00000011920908));
#3020=CARTESIAN_POINT('Ctrl Pts',(26.6453496634047,97.5102377467521,8.14472563083529));
#3021=CARTESIAN_POINT('Ctrl Pts',(26.3519144296046,98.3489278419694,8.83917189814158));
#3022=CARTESIAN_POINT('Ctrl Pts',(25.9791063653693,98.5889997168779,9.57021529129249));
#3023=CARTESIAN_POINT('Ctrl Pts',(25.7285374196713,98.5889997168779,10.0000001192091));
#3024=CARTESIAN_POINT('Origin',(25.7285374196712,99.5889997168778,10.0000001192091));
#3025=CARTESIAN_POINT('Origin',(0.,99.5889997168779,-8.39606162372775E-15));
#3026=CARTESIAN_POINT('Origin',(0.,98.5889997168779,-9.29811783123569E-15));
#3027=CARTESIAN_POINT('Origin',(0.,113.559173437426,-4.02455846426619E-15));
#3028=CARTESIAN_POINT('',(-26.6351709862109,122.445,-9.32750422486095));
#3029=CARTESIAN_POINT('Origin',(0.,122.445,-3.2612801348364E-15));
#3030=CARTESIAN_POINT('',(-25.9120434388792,113.559173437426,-9.07426855926895));
#3031=CARTESIAN_POINT('Origin',(-12.6861191644849,96.5889997168779,10.0000001192091));
#3032=CARTESIAN_POINT('',(-28.9236774803283,98.5889997168779,10.0000001192091));
#3033=CARTESIAN_POINT('',(-12.6861191644849,98.5889997168779,10.0000001192091));
#3034=CARTESIAN_POINT('',(-29.7922661055063,96.5889997168779,8.00000011920908));
#3035=CARTESIAN_POINT('Ctrl Pts',(-29.7922661055063,96.5889997168779,8.00000011920908));
#3036=CARTESIAN_POINT('Ctrl Pts',(-29.7922661055063,96.8947596426982,8.00000011920908));
#3037=CARTESIAN_POINT('Ctrl Pts',(-29.7425645121491,97.5050771941745,8.14301300272804));
#3038=CARTESIAN_POINT('Ctrl Pts',(-29.4820140144363,98.3445075801602,8.83259517185533));
#3039=CARTESIAN_POINT('Ctrl Pts',(-29.1484746565689,98.5889997168779,9.56653605610467));
#3040=CARTESIAN_POINT('Ctrl Pts',(-28.9236774803283,98.5889997168779,10.0000001192091));
#3041=CARTESIAN_POINT('',(-12.6861191644849,96.5889997168779,8.00000011920908));
#3042=CARTESIAN_POINT('Origin',(-25.3722383289698,98.588999716878,8.00000011920908));
#3043=CARTESIAN_POINT('',(-29.7922661055063,90.588999716878,8.00000011920907));
#3044=CARTESIAN_POINT('',(-29.7922661055063,103.684999716878,8.00000011920909));
#3045=CARTESIAN_POINT('',(-12.6861191644849,90.588999716878,8.00000011920907));
#3046=CARTESIAN_POINT('Origin',(-12.6861191644849,90.588999716878,6.00000011920907));
#3047=CARTESIAN_POINT('',(-30.0096504468098,88.588999716878,6.00000011920906));
#3048=CARTESIAN_POINT('Ctrl Pts',(-30.0096504468099,88.588999716878,6.0000001192091));
#3049=CARTESIAN_POINT('Ctrl Pts',(-29.9503208819691,88.588999716878,6.59348660809612));
#3050=CARTESIAN_POINT('Ctrl Pts',(-29.8377180373275,89.0789785366479,7.62193592040803));
#3051=CARTESIAN_POINT('Ctrl Pts',(-29.7922661055064,90.1350754518596,8.00000011920907));
#3052=CARTESIAN_POINT('Ctrl Pts',(-29.7922661055064,90.588999716878,8.00000011920906));
#3053=CARTESIAN_POINT('',(-12.6861191644849,88.588999716878,6.00000011920907));
#3054=CARTESIAN_POINT('Origin',(0.,88.588999716878,-2.2065682614425E-14));
#3055=CARTESIAN_POINT('',(-30.0096504468098,88.588999716878,-6.00000011920911));
#3056=CARTESIAN_POINT('Origin',(0.,88.588999716878,-2.09554595897998E-14));
#3057=CARTESIAN_POINT('',(-15.2871374026752,88.588999716878,-6.00000011920911));
#3058=CARTESIAN_POINT('Origin',(-15.2871374026752,90.588999716878,-6.00000011920911));
#3059=CARTESIAN_POINT('',(-29.7922661055063,90.588999716878,-8.0000001192091));
#3060=CARTESIAN_POINT('Ctrl Pts',(-29.7922661055063,90.588999716878,-8.00000011920911));
#3061=CARTESIAN_POINT('Ctrl Pts',(-29.7922661055063,90.1350815744636,-8.00000011920911));
#3062=CARTESIAN_POINT('Ctrl Pts',(-29.837715301486,89.0789972503507,-7.62196072387292));
#3063=CARTESIAN_POINT('Ctrl Pts',(-29.9503216822156,88.588999716878,-6.59347860305724));
#3064=CARTESIAN_POINT('Ctrl Pts',(-30.0096504468099,88.588999716878,-6.00000011920915));
#3065=CARTESIAN_POINT('',(-15.2871374026752,90.588999716878,-8.00000011920911));
#3066=CARTESIAN_POINT('Origin',(-30.5742748053504,98.588999716878,-8.0000001192091));
#3067=CARTESIAN_POINT('',(-29.7922661055063,96.5889997168779,-8.0000001192091));
#3068=CARTESIAN_POINT('',(-29.7922661055063,103.684999716878,-8.00000011920909));
#3069=CARTESIAN_POINT('',(-15.2871374026752,96.5889997168779,-8.0000001192091));
#3070=CARTESIAN_POINT('Origin',(-15.2871374026752,96.5889997168779,-10.0000001192091));
#3071=CARTESIAN_POINT('',(-28.9236774803283,98.5889997168779,-10.0000001192091));
#3072=CARTESIAN_POINT('Ctrl Pts',(-28.9236774803282,98.5889997168779,-10.0000001192091));
#3073=CARTESIAN_POINT('Ctrl Pts',(-29.1484781231409,98.5889997168779,-9.56652937170424));
#3074=CARTESIAN_POINT('Ctrl Pts',(-29.4819972523441,98.344524833534,-8.8326332325831));
#3075=CARTESIAN_POINT('Ctrl Pts',(-29.7425675643694,97.5050910603449,-8.14300857980784));
#3076=CARTESIAN_POINT('Ctrl Pts',(-29.7922661055063,96.8947643577877,-8.00000011920911));
#3077=CARTESIAN_POINT('Ctrl Pts',(-29.7922661055064,96.588999716878,-8.0000001192091));
#3078=CARTESIAN_POINT('',(-15.2871374026752,98.5889997168779,-10.0000001192091));
#3079=CARTESIAN_POINT('Origin',(0.,98.5889997168779,-1.09634523681734E-14));
#3080=CARTESIAN_POINT('',(28.9236774803283,98.5889997168779,-10.0000001192091));
#3081=CARTESIAN_POINT('Origin',(0.,98.5889997168779,-9.29811783123569E-15));
#3082=CARTESIAN_POINT('',(12.6861191644851,98.5889997168779,-10.0000001192091));
#3083=CARTESIAN_POINT('Origin',(12.6861191644851,96.5889997168779,-10.0000001192091));
#3084=CARTESIAN_POINT('',(29.7922661055064,96.5889997168779,-8.0000001192091));
#3085=CARTESIAN_POINT('Ctrl Pts',(29.7922661055064,96.5889997168779,-8.00000011920909));
#3086=CARTESIAN_POINT('Ctrl Pts',(29.7922661055064,96.8947596426977,-8.00000011920909));
#3087=CARTESIAN_POINT('Ctrl Pts',(29.7425645121491,97.5050771941746,-8.14301300272817));
#3088=CARTESIAN_POINT('Ctrl Pts',(29.4820140144363,98.3445075801598,-8.83259517185534));
#3089=CARTESIAN_POINT('Ctrl Pts',(29.148474656569,98.5889997168778,-9.56653605610459));
#3090=CARTESIAN_POINT('Ctrl Pts',(28.9236774803283,98.5889997168778,-10.0000001192091));
#3091=CARTESIAN_POINT('',(12.6861191644851,96.5889997168779,-8.0000001192091));
#3092=CARTESIAN_POINT('Origin',(25.3722383289701,98.5889997168779,-8.0000001192091));
#3093=CARTESIAN_POINT('',(29.7922661055064,90.5889997168779,-8.00000011920911));
#3094=CARTESIAN_POINT('',(29.7922661055064,103.684999716878,-8.00000011920909));
#3095=CARTESIAN_POINT('',(12.6861191644851,90.588999716878,-8.00000011920911));
#3096=CARTESIAN_POINT('Origin',(12.6861191644851,90.588999716878,-6.00000011920911));
#3097=CARTESIAN_POINT('',(30.0096504468101,88.5889997168779,-6.00000011920912));
#3098=CARTESIAN_POINT('Ctrl Pts',(30.00965044681,88.5889997168779,-6.00000011920907));
#3099=CARTESIAN_POINT('Ctrl Pts',(29.9651532731793,88.5889997168779,-6.44511498587459));
#3100=CARTESIAN_POINT('Ctrl Pts',(29.8540832483439,88.9445198675446,-7.48398573074025));
#3101=CARTESIAN_POINT('Ctrl Pts',(29.7922661055063,89.9837673635152,-8.00000011920911));
#3102=CARTESIAN_POINT('Ctrl Pts',(29.7922661055063,90.5889997168779,-8.00000011920911));
#3103=CARTESIAN_POINT('',(12.6861191644851,88.588999716878,-6.00000011920911));
#3104=CARTESIAN_POINT('Origin',(0.,88.588999716878,-2.2065682614425E-14));
#3105=CARTESIAN_POINT('',(30.0096504468101,88.5889997168779,6.00000011920907));
#3106=CARTESIAN_POINT('Origin',(0.,88.588999716878,-2.09554595897998E-14));
#3107=CARTESIAN_POINT('',(15.2871374026753,88.588999716878,6.00000011920907));
#3108=CARTESIAN_POINT('Origin',(15.2871374026753,90.5889997168779,6.00000011920907));
#3109=CARTESIAN_POINT('',(29.7922661055064,90.5889997168779,8.00000011920908));
#3110=CARTESIAN_POINT('Ctrl Pts',(29.7922661055063,90.5889997168779,8.00000011920907));
#3111=CARTESIAN_POINT('Ctrl Pts',(29.7922661055063,89.9837755269921,8.00000011920906));
#3112=CARTESIAN_POINT('Ctrl Pts',(29.8540801034576,88.9445401384124,7.48401410756545));
#3113=CARTESIAN_POINT('Ctrl Pts',(29.9651538733642,88.5889997168779,6.44510898209547));
#3114=CARTESIAN_POINT('Ctrl Pts',(30.00965044681,88.5889997168779,6.00000011920903));
#3115=CARTESIAN_POINT('',(15.2871374026753,90.5889997168779,8.00000011920907));
#3116=CARTESIAN_POINT('Origin',(30.5742748053507,98.5889997168779,8.00000011920908));
#3117=CARTESIAN_POINT('',(29.7922661055064,96.5889997168779,8.00000011920908));
#3118=CARTESIAN_POINT('',(29.7922661055064,103.684999716878,8.00000011920909));
#3119=CARTESIAN_POINT('',(15.2871374026753,96.5889997168779,8.00000011920908));
#3120=CARTESIAN_POINT('Origin',(15.2871374026753,96.5889997168779,10.0000001192091));
#3121=CARTESIAN_POINT('',(28.9236774803283,98.5889997168778,10.0000001192091));
#3122=CARTESIAN_POINT('Ctrl Pts',(28.9236774803283,98.5889997168778,10.0000001192091));
#3123=CARTESIAN_POINT('Ctrl Pts',(29.1484781231411,98.5889997168778,9.56652937170388));
#3124=CARTESIAN_POINT('Ctrl Pts',(29.4819972523438,98.3445248335342,8.83263323258373));
#3125=CARTESIAN_POINT('Ctrl Pts',(29.742567564369,97.5050910603461,8.14300857980886));
#3126=CARTESIAN_POINT('Ctrl Pts',(29.7922661055063,96.8947643577882,8.00000011920907));
#3127=CARTESIAN_POINT('Ctrl Pts',(29.7922661055063,96.5889997168778,8.00000011920907));
#3128=CARTESIAN_POINT('',(15.2871374026753,98.5889997168778,10.0000001192091));
#3129=CARTESIAN_POINT('Origin',(0.,98.5889997168779,-1.09634523681734E-14));
#3130=CARTESIAN_POINT('Origin',(0.,98.5889997168779,-9.29811783123569E-15));
#3131=CARTESIAN_POINT('Origin',(0.348232452656703,122.445,-0.352356980362137));
#3132=CARTESIAN_POINT('',(0.,122.445,-29.4250671567846));
#3133=CARTESIAN_POINT('Origin',(0.,122.445,9.05525654459893E-14));
#3134=CARTESIAN_POINT('Ctrl Pts',(-29.8687851208881,99.5889997168779,10.3267592778496));
#3135=CARTESIAN_POINT('Ctrl Pts',(-30.1009277506584,99.5889997168779,9.65531743056249));
#3136=CARTESIAN_POINT('Ctrl Pts',(-30.445365812391,99.2222615118011,8.51843281874254));
#3137=CARTESIAN_POINT('Ctrl Pts',(-30.7144300361438,97.9631159328228,7.45026047204515));
#3138=CARTESIAN_POINT('Ctrl Pts',(-30.7657556745646,97.0476396056079,7.22873153142606));
#3139=CARTESIAN_POINT('Ctrl Pts',(-30.7657556745646,96.5889997168779,7.22873153142606));
#3140=CARTESIAN_POINT('Ctrl Pts',(-29.8687851208881,99.289800416536,10.3267592778496));
#3141=CARTESIAN_POINT('Ctrl Pts',(-30.080313173961,99.3035821517866,9.71324122014699));
#3142=CARTESIAN_POINT('Ctrl Pts',(-30.4019474822699,98.9857595081714,8.6661723498628));
#3143=CARTESIAN_POINT('Ctrl Pts',(-30.6575978209833,97.8431006541272,7.68130000627569));
#3144=CARTESIAN_POINT('Ctrl Pts',(-30.7073737470411,97.0074635984825,7.47720723012792));
#3145=CARTESIAN_POINT('Ctrl Pts',(-30.7073737470411,96.5889997168779,7.47720723012792));
#3146=CARTESIAN_POINT('Ctrl Pts',(-29.6312942483199,98.7719861134258,10.2446497758471));
#3147=CARTESIAN_POINT('Ctrl Pts',(-29.8297621402932,98.8077060349639,9.74455669850983));
#3148=CARTESIAN_POINT('Ctrl Pts',(-30.1360458203079,98.5747784736106,8.86965979267984));
#3149=CARTESIAN_POINT('Ctrl Pts',(-30.3830524475331,97.6336505852699,8.04028868054077));
#3150=CARTESIAN_POINT('Ctrl Pts',(-30.4307761099121,96.9378456948464,7.86836331081584));
#3151=CARTESIAN_POINT('Ctrl Pts',(-30.4307761099121,96.5889997168779,7.86836331081584));
#3152=CARTESIAN_POINT('Ctrl Pts',(-29.1357591389307,98.5889997168779,10.0733247029432));
#3153=CARTESIAN_POINT('Ctrl Pts',(-29.3527224276685,98.6050416066587,9.63200181657061));
#3154=CARTESIAN_POINT('Ctrl Pts',(-29.6781027773,98.3759921821053,8.87001848461635));
#3155=CARTESIAN_POINT('Ctrl Pts',(-29.934620483953,97.5256208438414,8.14960665489563));
#3156=CARTESIAN_POINT('Ctrl Pts',(-29.9836978166922,96.9015710720732,8.00000011920908));
#3157=CARTESIAN_POINT('Ctrl Pts',(-29.9836978166922,96.5889997168779,8.00000011920908));
#3158=CARTESIAN_POINT('Ctrl Pts',(-28.9236774803283,98.5889997168779,10.0000001192091));
#3159=CARTESIAN_POINT('Ctrl Pts',(-29.1484746565689,98.5889997168779,9.56653605610467));
#3160=CARTESIAN_POINT('Ctrl Pts',(-29.4820140144363,98.3445075801602,8.83259517185533));
#3161=CARTESIAN_POINT('Ctrl Pts',(-29.7425645121491,97.5050771941745,8.14301300272804));
#3162=CARTESIAN_POINT('Ctrl Pts',(-29.7922661055063,96.8947596426982,8.00000011920908));
#3163=CARTESIAN_POINT('Ctrl Pts',(-29.7922661055063,96.5889997168779,8.00000011920908));
#3164=CARTESIAN_POINT('',(-30.7657556745644,96.5889997168779,7.22873153142605));
#3165=CARTESIAN_POINT('Origin',(-29.7922661055063,96.5889997168779,7.00000011920908));
#3166=CARTESIAN_POINT('',(-29.8687851208879,99.5889997168779,10.3267592778497));
#3167=CARTESIAN_POINT('Origin',(-28.9236774803283,99.5889997168779,10.0000001192091));
#3168=CARTESIAN_POINT('Ctrl Pts',(-29.8687851208881,99.5889997168779,10.3267592778496));
#3169=CARTESIAN_POINT('Ctrl Pts',(-30.1009277506584,99.5889997168779,9.65531743056249));
#3170=CARTESIAN_POINT('Ctrl Pts',(-30.445365812391,99.2222615118011,8.51843281874254));
#3171=CARTESIAN_POINT('Ctrl Pts',(-30.7144300361438,97.9631159328228,7.45026047204515));
#3172=CARTESIAN_POINT('Ctrl Pts',(-30.7657556745646,97.0476396056079,7.22873153142606));
#3173=CARTESIAN_POINT('Ctrl Pts',(-30.7657556745646,96.5889997168779,7.22873153142606));
#3174=CARTESIAN_POINT('Origin',(-29.7922661055063,103.684999716878,7.00000011920909));
#3175=CARTESIAN_POINT('',(-30.7657556745644,90.588999716878,7.22873153142606));
#3176=CARTESIAN_POINT('Origin',(-29.7922661055063,90.588999716878,7.00000011920908));
#3177=CARTESIAN_POINT('',(-30.7657556745644,103.684999716878,7.22873153142608));
#3178=CARTESIAN_POINT('Ctrl Pts',(-30.7657556745646,90.588999716878,7.22873153142605));
#3179=CARTESIAN_POINT('Ctrl Pts',(-30.7657556745646,90.3620375843697,7.22873153142605));
#3180=CARTESIAN_POINT('Ctrl Pts',(-30.812692789868,89.8339891267634,7.03352263512377));
#3181=CARTESIAN_POINT('Ctrl Pts',(-30.9289750355434,89.588999716878,6.50249521756812));
#3182=CARTESIAN_POINT('Ctrl Pts',(-30.9902432482301,89.588999716878,6.19605561595154));
#3183=CARTESIAN_POINT('Ctrl Pts',(-30.7073737470411,90.588999716878,7.47720723012791));
#3184=CARTESIAN_POINT('Ctrl Pts',(-30.7073737470411,90.3023931935719,7.47720723012792));
#3185=CARTESIAN_POINT('Ctrl Pts',(-30.7649488823936,89.6354614056139,7.24463043157092));
#3186=CARTESIAN_POINT('Ctrl Pts',(-30.9113780592658,89.3011221491906,6.58817923963744));
#3187=CARTESIAN_POINT('Ctrl Pts',(-30.9902432482301,89.2898004165361,6.19605561595155));
#3188=CARTESIAN_POINT('Ctrl Pts',(-30.4307787121034,90.588999716878,7.8683671640013));
#3189=CARTESIAN_POINT('Ctrl Pts',(-30.4307787121034,90.1990400296294,7.86836716400131));
#3190=CARTESIAN_POINT('Ctrl Pts',(-30.4936216005126,89.2900491684857,7.56739214262634));
#3191=CARTESIAN_POINT('Ctrl Pts',(-30.6559368456007,88.8013235650824,6.68770137048628));
#3192=CARTESIAN_POINT('Ctrl Pts',(-30.7438408671593,88.7719795532624,6.14679098628122));
#3193=CARTESIAN_POINT('Ctrl Pts',(-29.9836978166922,90.588999716878,8.00000011920906));
#3194=CARTESIAN_POINT('Ctrl Pts',(-29.9836978166922,90.1451875457334,8.00000011920907));
#3195=CARTESIAN_POINT('Ctrl Pts',(-30.0343698742481,89.1120156380394,7.6418476218069));
#3196=CARTESIAN_POINT('Ctrl Pts',(-30.1618519969615,88.6021781725709,6.63827861063734));
#3197=CARTESIAN_POINT('Ctrl Pts',(-30.2296949568888,88.588999716878,6.04399486979925));
#3198=CARTESIAN_POINT('Ctrl Pts',(-29.7922661055064,90.588999716878,8.00000011920906));
#3199=CARTESIAN_POINT('Ctrl Pts',(-29.7922661055064,90.1350754518596,8.00000011920907));
#3200=CARTESIAN_POINT('Ctrl Pts',(-29.8377180373275,89.0789785366479,7.62193592040803));
#3201=CARTESIAN_POINT('Ctrl Pts',(-29.9503208819691,88.588999716878,6.59348660809612));
#3202=CARTESIAN_POINT('Ctrl Pts',(-30.0096504468099,88.588999716878,6.0000001192091));
#3203=CARTESIAN_POINT('',(-30.9902432482301,89.588999716878,6.19605561595152));
#3204=CARTESIAN_POINT('Origin',(-30.0096504468098,89.588999716878,6.00000011920906));
#3205=CARTESIAN_POINT('Ctrl Pts',(-30.7657556745646,90.588999716878,7.22873153142605));
#3206=CARTESIAN_POINT('Ctrl Pts',(-30.7657556745646,90.3620375843697,7.22873153142605));
#3207=CARTESIAN_POINT('Ctrl Pts',(-30.812692789868,89.8339891267634,7.03352263512377));
#3208=CARTESIAN_POINT('Ctrl Pts',(-30.9289750355434,89.588999716878,6.50249521756812));
#3209=CARTESIAN_POINT('Ctrl Pts',(-30.9902432482301,89.588999716878,6.19605561595154));
#3210=CARTESIAN_POINT('Origin',(0.,89.588999716878,-1.94982918699793E-14));
#3211=CARTESIAN_POINT('',(-30.9902432482301,89.588999716878,-6.19605561595156));
#3212=CARTESIAN_POINT('Origin',(-30.0096504468098,89.588999716878,-6.00000011920911));
#3213=CARTESIAN_POINT('',(-31.6035802051039,89.5889997168779,-2.31844833750931E-14));
#3214=CARTESIAN_POINT('Origin',(0.,89.588999716878,-1.94982918699793E-14));
#3215=CARTESIAN_POINT('Origin',(0.,89.588999716878,-1.94982918699793E-14));
#3216=CARTESIAN_POINT('Ctrl Pts',(-30.9902432482301,89.588999716878,-6.19605561595158));
#3217=CARTESIAN_POINT('Ctrl Pts',(-30.9289758619386,89.588999716878,-6.50249108426286));
#3218=CARTESIAN_POINT('Ctrl Pts',(-30.8126899646305,89.8339984836144,-7.03353544209398));
#3219=CARTESIAN_POINT('Ctrl Pts',(-30.7657556745646,90.3620406456704,-7.22873153142609));
#3220=CARTESIAN_POINT('Ctrl Pts',(-30.7657556745646,90.588999716878,-7.22873153142609));
#3221=CARTESIAN_POINT('Ctrl Pts',(-30.9902432482301,89.2898004165361,-6.19605561595159));
#3222=CARTESIAN_POINT('Ctrl Pts',(-30.9113791230118,89.3011219964813,-6.58817395061259));
#3223=CARTESIAN_POINT('Ctrl Pts',(-30.7649453125544,89.6354736951513,-7.24464623312301));
#3224=CARTESIAN_POINT('Ctrl Pts',(-30.7073737470411,90.3023970593661,-7.47720723012796));
#3225=CARTESIAN_POINT('Ctrl Pts',(-30.7073737470411,90.588999716878,-7.47720723012796));
#3226=CARTESIAN_POINT('Ctrl Pts',(-30.7438408671593,88.7719795532624,-6.14679098628126));
#3227=CARTESIAN_POINT('Ctrl Pts',(-30.6559380312639,88.8013231692858,-6.68769407460218));
#3228=CARTESIAN_POINT('Ctrl Pts',(-30.4936176863396,89.2900664854836,-7.56741325992355));
#3229=CARTESIAN_POINT('Ctrl Pts',(-30.4307787121034,90.1990452894685,-7.86836716400135));
#3230=CARTESIAN_POINT('Ctrl Pts',(-30.4307787121034,90.588999716878,-7.86836716400135));
#3231=CARTESIAN_POINT('Ctrl Pts',(-30.2296949568888,88.588999716878,-6.04399486979929));
#3232=CARTESIAN_POINT('Ctrl Pts',(-30.161852912038,88.6021779948178,-6.638270594845));
#3233=CARTESIAN_POINT('Ctrl Pts',(-30.0343667873209,89.1120345098002,-7.64187177910343));
#3234=CARTESIAN_POINT('Ctrl Pts',(-29.9836978166922,90.1451935319438,-8.00000011920911));
#3235=CARTESIAN_POINT('Ctrl Pts',(-29.9836978166922,90.588999716878,-8.00000011920911));
#3236=CARTESIAN_POINT('Ctrl Pts',(-30.0096504468099,88.588999716878,-6.00000011920915));
#3237=CARTESIAN_POINT('Ctrl Pts',(-29.9503216822156,88.588999716878,-6.59347860305724));
#3238=CARTESIAN_POINT('Ctrl Pts',(-29.837715301486,89.0789972503507,-7.62196072387292));
#3239=CARTESIAN_POINT('Ctrl Pts',(-29.7922661055063,90.1350815744636,-8.00000011920911));
#3240=CARTESIAN_POINT('Ctrl Pts',(-29.7922661055063,90.588999716878,-8.00000011920911));
#3241=CARTESIAN_POINT('',(-30.7657556745644,90.588999716878,-7.2287315314261));
#3242=CARTESIAN_POINT('Origin',(-29.7922661055063,90.588999716878,-7.00000011920911));
#3243=CARTESIAN_POINT('Ctrl Pts',(-30.9902432482301,89.588999716878,-6.19605561595158));
#3244=CARTESIAN_POINT('Ctrl Pts',(-30.9289758619386,89.588999716878,-6.50249108426286));
#3245=CARTESIAN_POINT('Ctrl Pts',(-30.8126899646305,89.8339984836144,-7.03353544209398));
#3246=CARTESIAN_POINT('Ctrl Pts',(-30.7657556745646,90.3620406456704,-7.22873153142609));
#3247=CARTESIAN_POINT('Ctrl Pts',(-30.7657556745646,90.588999716878,-7.22873153142609));
#3248=CARTESIAN_POINT('Origin',(-29.7922661055063,103.684999716878,-7.00000011920909));
#3249=CARTESIAN_POINT('',(-30.7657556745644,96.5889997168779,-7.22873153142608));
#3250=CARTESIAN_POINT('Origin',(-29.7922661055063,96.5889997168779,-7.0000001192091));
#3251=CARTESIAN_POINT('',(-30.7657556745644,103.684999716878,-7.22873153142607));
#3252=CARTESIAN_POINT('Ctrl Pts',(-30.7657556745646,96.588999716878,-7.22873153142608));
#3253=CARTESIAN_POINT('Ctrl Pts',(-30.7657556745646,97.0476466782422,-7.2287315314261));
#3254=CARTESIAN_POINT('Ctrl Pts',(-30.7144331880982,97.9631367320784,-7.45025362088035));
#3255=CARTESIAN_POINT('Ctrl Pts',(-30.4453485025821,99.2222873918617,-8.51849177533784));
#3256=CARTESIAN_POINT('Ctrl Pts',(-30.1009313305038,99.5889997168779,-9.65530707633346));
#3257=CARTESIAN_POINT('Ctrl Pts',(-29.868785120888,99.5889997168779,-10.3267592778497));
#3258=CARTESIAN_POINT('Ctrl Pts',(-30.7073737470411,96.588999716878,-7.47720723012795));
#3259=CARTESIAN_POINT('Ctrl Pts',(-30.7073737470411,97.007470051567,-7.47720723012796));
#3260=CARTESIAN_POINT('Ctrl Pts',(-30.6576006398311,97.8431199229511,-7.68129375351859));
#3261=CARTESIAN_POINT('Ctrl Pts',(-30.4019313363174,98.985782337605,-8.6662266091412));
#3262=CARTESIAN_POINT('Ctrl Pts',(-30.0803164359113,99.3035823643132,-9.7132317591542));
#3263=CARTESIAN_POINT('Ctrl Pts',(-29.868785120888,99.289800416536,-10.3267592778497));
#3264=CARTESIAN_POINT('Ctrl Pts',(-30.4307761099121,96.588999716878,-7.86836331081585));
#3265=CARTESIAN_POINT('Ctrl Pts',(-30.4307761099121,96.937851074361,-7.86836331081586));
#3266=CARTESIAN_POINT('Ctrl Pts',(-30.3830550632358,97.6336671643791,-8.04028365963488));
#3267=CARTESIAN_POINT('Ctrl Pts',(-30.1360303935198,98.5747961069329,-8.86970508427899));
#3268=CARTESIAN_POINT('Ctrl Pts',(-29.8297652008442,98.8077065857968,-9.74454898663088));
#3269=CARTESIAN_POINT('Ctrl Pts',(-29.6312942483199,98.7719861134258,-10.2446497758471));
#3270=CARTESIAN_POINT('Ctrl Pts',(-29.9836978166922,96.588999716878,-8.0000001192091));
#3271=CARTESIAN_POINT('Ctrl Pts',(-29.9836978166922,96.9015758922009,-8.00000011920911));
#3272=CARTESIAN_POINT('Ctrl Pts',(-29.9346234062868,97.5256353657056,-8.14960220700397));
#3273=CARTESIAN_POINT('Ctrl Pts',(-29.6780864123216,98.3760088707303,-8.870057960559));
#3274=CARTESIAN_POINT('Ctrl Pts',(-29.3527257734349,98.6050418540389,-9.63199501098015));
#3275=CARTESIAN_POINT('Ctrl Pts',(-29.1357591389307,98.5889997168779,-10.0733247029433));
#3276=CARTESIAN_POINT('Ctrl Pts',(-29.7922661055064,96.588999716878,-8.0000001192091));
#3277=CARTESIAN_POINT('Ctrl Pts',(-29.7922661055063,96.8947643577877,-8.00000011920911));
#3278=CARTESIAN_POINT('Ctrl Pts',(-29.7425675643694,97.5050910603449,-8.14300857980784));
#3279=CARTESIAN_POINT('Ctrl Pts',(-29.4819972523441,98.344524833534,-8.8326332325831));
#3280=CARTESIAN_POINT('Ctrl Pts',(-29.1484781231409,98.5889997168779,-9.56652937170424));
#3281=CARTESIAN_POINT('Ctrl Pts',(-28.9236774803282,98.5889997168779,-10.0000001192091));
#3282=CARTESIAN_POINT('',(-29.8687851208879,99.5889997168779,-10.3267592778497));
#3283=CARTESIAN_POINT('Origin',(-28.9236774803283,99.5889997168779,-10.0000001192091));
#3284=CARTESIAN_POINT('Ctrl Pts',(-30.7657556745646,96.588999716878,-7.22873153142608));
#3285=CARTESIAN_POINT('Ctrl Pts',(-30.7657556745646,97.0476466782422,-7.2287315314261));
#3286=CARTESIAN_POINT('Ctrl Pts',(-30.7144331880982,97.9631367320784,-7.45025362088035));
#3287=CARTESIAN_POINT('Ctrl Pts',(-30.4453485025821,99.2222873918617,-8.51849177533784));
#3288=CARTESIAN_POINT('Ctrl Pts',(-30.1009313305038,99.5889997168779,-9.65530707633346));
#3289=CARTESIAN_POINT('Ctrl Pts',(-29.868785120888,99.5889997168779,-10.3267592778497));
#3290=CARTESIAN_POINT('Origin',(0.,99.5889997168779,-8.39606162372775E-15));
#3291=CARTESIAN_POINT('',(29.8687851208882,99.5889997168779,-10.3267592778497));
#3292=CARTESIAN_POINT('Origin',(28.9236774803283,99.5889997168779,-10.0000001192091));
#3293=CARTESIAN_POINT('Origin',(0.,99.5889997168779,-8.39606162372775E-15));
#3294=CARTESIAN_POINT('Ctrl Pts',(29.868785120888,99.5889997168778,-10.3267592778497));
#3295=CARTESIAN_POINT('Ctrl Pts',(30.1009277506585,99.5889997168778,-9.65531743056241));
#3296=CARTESIAN_POINT('Ctrl Pts',(30.4453658123909,99.222261511801,-8.5184328187427));
#3297=CARTESIAN_POINT('Ctrl Pts',(30.7144300361438,97.9631159328228,-7.45026047204516));
#3298=CARTESIAN_POINT('Ctrl Pts',(30.7657556745646,97.0476396056078,-7.22873153142608));
#3299=CARTESIAN_POINT('Ctrl Pts',(30.7657556745646,96.5889997168779,-7.22873153142608));
#3300=CARTESIAN_POINT('Ctrl Pts',(29.868785120888,99.289800416536,-10.3267592778497));
#3301=CARTESIAN_POINT('Ctrl Pts',(30.080313173961,99.3035821517865,-9.71324122014692));
#3302=CARTESIAN_POINT('Ctrl Pts',(30.4019474822698,98.9857595081712,-8.66617234986293));
#3303=CARTESIAN_POINT('Ctrl Pts',(30.6575978209833,97.8431006541273,-7.68130000627574));
#3304=CARTESIAN_POINT('Ctrl Pts',(30.7073737470411,97.0074635984822,-7.47720723012794));
#3305=CARTESIAN_POINT('Ctrl Pts',(30.7073737470411,96.5889997168779,-7.47720723012794));
#3306=CARTESIAN_POINT('Ctrl Pts',(29.6312942483199,98.7719861134257,-10.2446497758471));
#3307=CARTESIAN_POINT('Ctrl Pts',(29.8297621402933,98.8077060349638,-9.74455669850975));
#3308=CARTESIAN_POINT('Ctrl Pts',(30.1360458203078,98.5747784736104,-8.8696597926799));
#3309=CARTESIAN_POINT('Ctrl Pts',(30.3830524475331,97.63365058527,-8.04028868054088));
#3310=CARTESIAN_POINT('Ctrl Pts',(30.4307761099121,96.937845694846,-7.86836331081585));
#3311=CARTESIAN_POINT('Ctrl Pts',(30.4307761099121,96.5889997168779,-7.86836331081585));
#3312=CARTESIAN_POINT('Ctrl Pts',(29.1357591389307,98.5889997168778,-10.0733247029433));
#3313=CARTESIAN_POINT('Ctrl Pts',(29.3527224276686,98.6050416066586,-9.63200181657053));
#3314=CARTESIAN_POINT('Ctrl Pts',(29.6781027773,98.375992182105,-8.87001848461637));
#3315=CARTESIAN_POINT('Ctrl Pts',(29.934620483953,97.5256208438415,-8.14960665489576));
#3316=CARTESIAN_POINT('Ctrl Pts',(29.9836978166922,96.9015710720727,-8.00000011920909));
#3317=CARTESIAN_POINT('Ctrl Pts',(29.9836978166922,96.5889997168779,-8.00000011920909));
#3318=CARTESIAN_POINT('Ctrl Pts',(28.9236774803283,98.5889997168778,-10.0000001192091));
#3319=CARTESIAN_POINT('Ctrl Pts',(29.148474656569,98.5889997168778,-9.56653605610459));
#3320=CARTESIAN_POINT('Ctrl Pts',(29.4820140144363,98.3445075801598,-8.83259517185534));
#3321=CARTESIAN_POINT('Ctrl Pts',(29.7425645121491,97.5050771941746,-8.14301300272817));
#3322=CARTESIAN_POINT('Ctrl Pts',(29.7922661055064,96.8947596426977,-8.00000011920909));
#3323=CARTESIAN_POINT('Ctrl Pts',(29.7922661055064,96.5889997168779,-8.00000011920909));
#3324=CARTESIAN_POINT('',(30.7657556745647,96.5889997168778,-7.22873153142608));
#3325=CARTESIAN_POINT('Origin',(29.7922661055064,96.5889997168778,-7.0000001192091));
#3326=CARTESIAN_POINT('Ctrl Pts',(29.868785120888,99.5889997168778,-10.3267592778497));
#3327=CARTESIAN_POINT('Ctrl Pts',(30.1009277506585,99.5889997168778,-9.65531743056241));
#3328=CARTESIAN_POINT('Ctrl Pts',(30.4453658123909,99.222261511801,-8.5184328187427));
#3329=CARTESIAN_POINT('Ctrl Pts',(30.7144300361438,97.9631159328228,-7.45026047204516));
#3330=CARTESIAN_POINT('Ctrl Pts',(30.7657556745646,97.0476396056078,-7.22873153142608));
#3331=CARTESIAN_POINT('Ctrl Pts',(30.7657556745646,96.5889997168779,-7.22873153142608));
#3332=CARTESIAN_POINT('Origin',(29.7922661055064,103.684999716878,-7.00000011920909));
#3333=CARTESIAN_POINT('',(30.7657556745647,90.5889997168779,-7.22873153142609));
#3334=CARTESIAN_POINT('Origin',(29.7922661055064,90.5889997168779,-7.00000011920911));
#3335=CARTESIAN_POINT('',(30.7657556745647,103.684999716878,-7.22873153142608));
#3336=CARTESIAN_POINT('Ctrl Pts',(30.7657556745646,90.5889997168779,-7.22873153142609));
#3337=CARTESIAN_POINT('Ctrl Pts',(30.7657556745646,90.2863835402002,-7.2287315314261));
#3338=CARTESIAN_POINT('Ctrl Pts',(30.8295927491364,89.7667597922106,-6.96229371592104));
#3339=CARTESIAN_POINT('Ctrl Pts',(30.944292088715,89.5889997168779,-6.42588531716411));
#3340=CARTESIAN_POINT('Ctrl Pts',(30.9902432482301,89.5889997168779,-6.19605561595154));
#3341=CARTESIAN_POINT('Ctrl Pts',(30.7073737470411,90.5889997168779,-7.47720723012796));
#3342=CARTESIAN_POINT('Ctrl Pts',(30.7073737470411,90.2068576858018,-7.47720723012796));
#3343=CARTESIAN_POINT('Ctrl Pts',(30.7855545402381,89.5483894652865,-7.15947654330959));
#3344=CARTESIAN_POINT('Ctrl Pts',(30.9310943565068,89.2982917160269,-6.49014833371613));
#3345=CARTESIAN_POINT('Ctrl Pts',(30.9902432482301,89.2898004165361,-6.19605561595153));
#3346=CARTESIAN_POINT('Ctrl Pts',(30.4307787121034,90.5889997168779,-7.86836716400134));
#3347=CARTESIAN_POINT('Ctrl Pts',(30.4307787121034,90.0690534672096,-7.86836716400135));
#3348=CARTESIAN_POINT('Ctrl Pts',(30.5165809922649,89.1676681158786,-7.45658712777755));
#3349=CARTESIAN_POINT('Ctrl Pts',(30.6779128509903,88.7939875621274,-6.55247377443523));
#3350=CARTESIAN_POINT('Ctrl Pts',(30.7438408671593,88.7719795532624,-6.14679098628118));
#3351=CARTESIAN_POINT('Ctrl Pts',(29.9836978166922,90.5889997168779,-8.00000011920911));
#3352=CARTESIAN_POINT('Ctrl Pts',(29.9836978166922,89.9972501553472,-8.00000011920911));
#3353=CARTESIAN_POINT('Ctrl Pts',(30.0527315188379,88.9775809321155,-7.51067760556091));
#3354=CARTESIAN_POINT('Ctrl Pts',(30.1788127369433,88.5988835586476,-6.48970767542805));
#3355=CARTESIAN_POINT('Ctrl Pts',(30.2296949568889,88.5889997168779,-6.04399486979921));
#3356=CARTESIAN_POINT('Ctrl Pts',(29.7922661055063,90.5889997168779,-8.00000011920911));
#3357=CARTESIAN_POINT('Ctrl Pts',(29.7922661055063,89.9837673635152,-8.00000011920911));
#3358=CARTESIAN_POINT('Ctrl Pts',(29.8540832483439,88.9445198675446,-7.48398573074025));
#3359=CARTESIAN_POINT('Ctrl Pts',(29.9651532731793,88.5889997168779,-6.44511498587459));
#3360=CARTESIAN_POINT('Ctrl Pts',(30.00965044681,88.5889997168779,-6.00000011920907));
#3361=CARTESIAN_POINT('',(30.9902432482302,89.5889997168779,-6.19605561595156));
#3362=CARTESIAN_POINT('Origin',(30.0096504468101,89.5889997168779,-6.00000011920911));
#3363=CARTESIAN_POINT('Ctrl Pts',(30.7657556745646,90.5889997168779,-7.22873153142609));
#3364=CARTESIAN_POINT('Ctrl Pts',(30.7657556745646,90.2863835402002,-7.2287315314261));
#3365=CARTESIAN_POINT('Ctrl Pts',(30.8295927491364,89.7667597922106,-6.96229371592104));
#3366=CARTESIAN_POINT('Ctrl Pts',(30.944292088715,89.5889997168779,-6.42588531716411));
#3367=CARTESIAN_POINT('Ctrl Pts',(30.9902432482301,89.5889997168779,-6.19605561595154));
#3368=CARTESIAN_POINT('Origin',(0.,89.588999716878,-1.94982918699793E-14));
#3369=CARTESIAN_POINT('',(30.9902432482302,89.5889997168779,6.19605561595152));
#3370=CARTESIAN_POINT('Origin',(30.0096504468101,89.5889997168779,6.00000011920907));
#3371=CARTESIAN_POINT('Origin',(0.,89.588999716878,-1.94982918699793E-14));
#3372=CARTESIAN_POINT('Ctrl Pts',(30.9902432482301,89.5889997168779,6.1960556159515));
#3373=CARTESIAN_POINT('Ctrl Pts',(30.9442927085115,89.5889997168779,6.42588221718511));
#3374=CARTESIAN_POINT('Ctrl Pts',(30.8295895014881,89.7667699276452,6.96230836795287));
#3375=CARTESIAN_POINT('Ctrl Pts',(30.7657556745646,90.2863876219344,7.22873153142604));
#3376=CARTESIAN_POINT('Ctrl Pts',(30.7657556745646,90.5889997168779,7.22873153142605));
#3377=CARTESIAN_POINT('Ctrl Pts',(30.9902432482301,89.289800416536,6.19605561595149));
#3378=CARTESIAN_POINT('Ctrl Pts',(30.9310951543164,89.2982916014949,6.49014436694746));
#3379=CARTESIAN_POINT('Ctrl Pts',(30.7855504390553,89.5484028272686,7.15949458541724));
#3380=CARTESIAN_POINT('Ctrl Pts',(30.7073737470411,90.2068628401954,7.47720723012791));
#3381=CARTESIAN_POINT('Ctrl Pts',(30.7073737470411,90.5889997168779,7.47720723012791));
#3382=CARTESIAN_POINT('Ctrl Pts',(30.7438408671593,88.7719795532624,6.14679098628114));
#3383=CARTESIAN_POINT('Ctrl Pts',(30.6779137402377,88.7939872652799,6.55246830252217));
#3384=CARTESIAN_POINT('Ctrl Pts',(30.5165764984844,89.1676870051384,7.45661119702983));
#3385=CARTESIAN_POINT('Ctrl Pts',(30.4307787121034,90.0690604803319,7.8683671640013));
#3386=CARTESIAN_POINT('Ctrl Pts',(30.4307787121034,90.5889997168779,7.86836716400131));
#3387=CARTESIAN_POINT('Ctrl Pts',(30.2296949568889,88.5889997168779,6.04399486979917));
#3388=CARTESIAN_POINT('Ctrl Pts',(30.1788134232507,88.5988834253328,6.48970166358383));
#3389=CARTESIAN_POINT('Ctrl Pts',(30.0527279720537,88.9776014365356,7.51070520325676));
#3390=CARTESIAN_POINT('Ctrl Pts',(29.9836978166922,89.9972581369658,8.00000011920906));
#3391=CARTESIAN_POINT('Ctrl Pts',(29.9836978166922,90.5889997168779,8.00000011920907));
#3392=CARTESIAN_POINT('Ctrl Pts',(30.00965044681,88.5889997168779,6.00000011920903));
#3393=CARTESIAN_POINT('Ctrl Pts',(29.9651538733642,88.5889997168779,6.44510898209547));
#3394=CARTESIAN_POINT('Ctrl Pts',(29.8540801034576,88.9445401384124,7.48401410756545));
#3395=CARTESIAN_POINT('Ctrl Pts',(29.7922661055063,89.9837755269921,8.00000011920906));
#3396=CARTESIAN_POINT('Ctrl Pts',(29.7922661055063,90.5889997168779,8.00000011920907));
#3397=CARTESIAN_POINT('',(30.7657556745647,90.5889997168779,7.22873153142606));
#3398=CARTESIAN_POINT('Origin',(29.7922661055064,90.5889997168779,7.00000011920908));
#3399=CARTESIAN_POINT('Ctrl Pts',(30.9902432482301,89.5889997168779,6.1960556159515));
#3400=CARTESIAN_POINT('Ctrl Pts',(30.9442927085115,89.5889997168779,6.42588221718511));
#3401=CARTESIAN_POINT('Ctrl Pts',(30.8295895014881,89.7667699276452,6.96230836795287));
#3402=CARTESIAN_POINT('Ctrl Pts',(30.7657556745646,90.2863876219344,7.22873153142604));
#3403=CARTESIAN_POINT('Ctrl Pts',(30.7657556745646,90.5889997168779,7.22873153142605));
#3404=CARTESIAN_POINT('Origin',(29.7922661055064,103.684999716878,7.00000011920909));
#3405=CARTESIAN_POINT('',(30.7657556745647,96.5889997168779,7.22873153142607));
#3406=CARTESIAN_POINT('Origin',(29.7922661055064,96.5889997168779,7.00000011920908));
#3407=CARTESIAN_POINT('',(30.7657556745647,103.684999716878,7.22873153142608));
#3408=CARTESIAN_POINT('Ctrl Pts',(30.7657556745646,96.5889997168778,7.22873153142606));
#3409=CARTESIAN_POINT('Ctrl Pts',(30.7657556745646,97.0476466782424,7.22873153142606));
#3410=CARTESIAN_POINT('Ctrl Pts',(30.7144331880978,97.96313673208,7.45025362088176));
#3411=CARTESIAN_POINT('Ctrl Pts',(30.4453485025817,99.2222873918619,8.51849177533889));
#3412=CARTESIAN_POINT('Ctrl Pts',(30.1009313305041,99.5889997168778,9.65530707633251));
#3413=CARTESIAN_POINT('Ctrl Pts',(29.868785120888,99.5889997168778,10.3267592778497));
#3414=CARTESIAN_POINT('Ctrl Pts',(30.7073737470411,96.5889997168778,7.47720723012792));
#3415=CARTESIAN_POINT('Ctrl Pts',(30.7073737470411,97.0074700515673,7.47720723012792));
#3416=CARTESIAN_POINT('Ctrl Pts',(30.6576006398307,97.8431199229527,7.68129375351993));
#3417=CARTESIAN_POINT('Ctrl Pts',(30.4019313363171,98.9857823376052,8.66622660914215));
#3418=CARTESIAN_POINT('Ctrl Pts',(30.0803164359115,99.3035823643131,9.7132317591534));
#3419=CARTESIAN_POINT('Ctrl Pts',(29.868785120888,99.289800416536,10.3267592778497));
#3420=CARTESIAN_POINT('Ctrl Pts',(30.4307761099121,96.5889997168778,7.86836331081584));
#3421=CARTESIAN_POINT('Ctrl Pts',(30.4307761099121,96.9378510743615,7.86836331081583));
#3422=CARTESIAN_POINT('Ctrl Pts',(30.3830550632355,97.6336671643805,8.04028365963607));
#3423=CARTESIAN_POINT('Ctrl Pts',(30.1360303935195,98.5747961069331,8.86970508427975));
#3424=CARTESIAN_POINT('Ctrl Pts',(29.8297652008445,98.8077065857968,9.74454898663037));
#3425=CARTESIAN_POINT('Ctrl Pts',(29.6312942483199,98.7719861134257,10.2446497758471));
#3426=CARTESIAN_POINT('Ctrl Pts',(29.9836978166922,96.5889997168778,8.00000011920907));
#3427=CARTESIAN_POINT('Ctrl Pts',(29.9836978166922,96.9015758922014,8.00000011920907));
#3428=CARTESIAN_POINT('Ctrl Pts',(29.9346234062864,97.5256353657068,8.14960220700503));
#3429=CARTESIAN_POINT('Ctrl Pts',(29.6780864123213,98.3760088707306,8.87005796055965));
#3430=CARTESIAN_POINT('Ctrl Pts',(29.3527257734351,98.6050418540388,9.63199501097978));
#3431=CARTESIAN_POINT('Ctrl Pts',(29.1357591389307,98.5889997168778,10.0733247029433));
#3432=CARTESIAN_POINT('Ctrl Pts',(29.7922661055063,96.5889997168778,8.00000011920907));
#3433=CARTESIAN_POINT('Ctrl Pts',(29.7922661055063,96.8947643577882,8.00000011920907));
#3434=CARTESIAN_POINT('Ctrl Pts',(29.742567564369,97.5050910603461,8.14300857980886));
#3435=CARTESIAN_POINT('Ctrl Pts',(29.4819972523438,98.3445248335342,8.83263323258373));
#3436=CARTESIAN_POINT('Ctrl Pts',(29.1484781231411,98.5889997168778,9.56652937170388));
#3437=CARTESIAN_POINT('Ctrl Pts',(28.9236774803283,98.5889997168778,10.0000001192091));
#3438=CARTESIAN_POINT('',(29.8687851208882,99.5889997168778,10.3267592778497));
#3439=CARTESIAN_POINT('Origin',(28.9236774803283,99.5889997168778,10.0000001192091));
#3440=CARTESIAN_POINT('Ctrl Pts',(30.7657556745646,96.5889997168778,7.22873153142606));
#3441=CARTESIAN_POINT('Ctrl Pts',(30.7657556745646,97.0476466782424,7.22873153142606));
#3442=CARTESIAN_POINT('Ctrl Pts',(30.7144331880978,97.96313673208,7.45025362088176));
#3443=CARTESIAN_POINT('Ctrl Pts',(30.4453485025817,99.2222873918619,8.51849177533889));
#3444=CARTESIAN_POINT('Ctrl Pts',(30.1009313305041,99.5889997168778,9.65530707633251));
#3445=CARTESIAN_POINT('Ctrl Pts',(29.868785120888,99.5889997168778,10.3267592778497));
#3446=CARTESIAN_POINT('Origin',(0.,99.5889997168779,-8.39606162372775E-15));
#3447=CARTESIAN_POINT('Origin',(0.,99.5889997168779,-8.39606162372775E-15));
#3448=CARTESIAN_POINT('Origin',(0.,118.591611098068,9.06219543850284E-14));
#3449=CARTESIAN_POINT('',(-3.91254156882306E-15,114.684999880791,-31.9483264198879));
#3450=CARTESIAN_POINT('Origin',(0.,114.684999880791,9.06913433240675E-14));
#3451=CARTESIAN_POINT('',(-3.75697681974962E-15,118.591611098068,-30.6780438438688));
#3452=CARTESIAN_POINT('Origin',(0.,118.685,-3.7470027081099E-15));
#3453=CARTESIAN_POINT('',(14.6568105613518,112.951621499642,-30.3369593231281));
#3454=CARTESIAN_POINT('Origin',(0.,112.951621499642,-3.95516952522712E-15));
#3455=CARTESIAN_POINT('Ctrl Pts',(33.695057344366,112.416499004178,-0.000124622751277012));
#3456=CARTESIAN_POINT('Ctrl Pts',(33.6950858372292,112.418309651946,-0.127861115803061));
#3457=CARTESIAN_POINT('Ctrl Pts',(33.6943746744839,112.420120299714,-0.255597300316568));
#3458=CARTESIAN_POINT('Ctrl Pts',(33.6929219119314,112.421930947481,-0.383325053509756));
#3459=CARTESIAN_POINT('Ctrl Pts',(33.6299911456697,112.500364585014,-5.91623569177588));
#3460=CARTESIAN_POINT('Ctrl Pts',(32.1754861587009,112.578798222547,-11.4333253873967));
#3461=CARTESIAN_POINT('Ctrl Pts',(29.5023396379184,112.65723186008,-16.2780553888044));
#3462=CARTESIAN_POINT('Ctrl Pts',(26.8291931171359,112.735665497612,-21.1227853902122));
#3463=CARTESIAN_POINT('Ctrl Pts',(22.9374050625397,112.814099135145,-25.2951556974069));
#3464=CARTESIAN_POINT('Ctrl Pts',(18.2903900898235,112.892532772678,-28.2987481403778));
#3465=CARTESIAN_POINT('Ctrl Pts',(17.1234324444491,112.912229014999,-29.0530097869387));
#3466=CARTESIAN_POINT('Ctrl Pts',(15.9088493038523,112.93192525732,-29.7335669305837));
#3467=CARTESIAN_POINT('Ctrl Pts',(14.6568105613518,112.951621499642,-30.3369593231281));
#3468=CARTESIAN_POINT('Origin',(0.,103.684999716878,-3.46944695195361E-15));
#3469=CARTESIAN_POINT('',(-31.6035802051039,107.275999716878,-3.53883589099269E-15));
#3470=CARTESIAN_POINT('',(-31.6035802051039,103.684999716878,-7.33976928593133E-15));
#3471=CARTESIAN_POINT('Origin',(0.,107.275999716878,3.46944695195361E-16));
#3472=CARTESIAN_POINT('Origin',(0.,114.583499880791,-3.12250225675825E-15));
#3473=CARTESIAN_POINT('Ctrl Pts',(-25.2859264769911,114.481999880791,-19.874932704356));
#3474=CARTESIAN_POINT('Ctrl Pts',(-24.9400671355552,114.461421583705,-20.3482531518182));
#3475=CARTESIAN_POINT('Ctrl Pts',(-24.5814148995986,114.440885328677,-20.8113853255131));
#3476=CARTESIAN_POINT('Ctrl Pts',(-24.2106008475506,114.42038341316,-21.2640126827286));
#3477=CARTESIAN_POINT('Ctrl Pts',(-23.833357231843,114.399526013889,-21.7244881686525));
#3478=CARTESIAN_POINT('Ctrl Pts',(-23.4435261871927,114.378704155283,-22.1740917550998));
#3479=CARTESIAN_POINT('Ctrl Pts',(-23.0417233148908,114.357909727141,-22.6124670206822));
#3480=CARTESIAN_POINT('Ctrl Pts',(-22.6372597468921,114.336977600518,-23.0537451604427));
#3481=CARTESIAN_POINT('Ctrl Pts',(-22.2206649648738,114.316073268845,-23.4836461272084));
#3482=CARTESIAN_POINT('Ctrl Pts',(-21.7925218312881,114.29518845974,-23.9017778246965));
#3483=CARTESIAN_POINT('Ctrl Pts',(-21.3631525747768,114.274243840395,-24.3211069742047));
#3484=CARTESIAN_POINT('Ctrl Pts',(-20.9221683846037,114.253318855595,-24.7285996895046));
#3485=CARTESIAN_POINT('Ctrl Pts',(-20.470116940861,114.232405161683,-25.1238267262686));
#3486=CARTESIAN_POINT('Ctrl Pts',(-20.0186310379206,114.211517631933,-25.5185593126365));
#3487=CARTESIAN_POINT('Ctrl Pts',(-19.5561051885295,114.190641364836,-25.9010572154371));
#3488=CARTESIAN_POINT('Ctrl Pts',(-19.0830503372806,114.169768048009,-26.270854204346));
#3489=CARTESIAN_POINT('Ctrl Pts',(-18.6200282769858,114.149337423238,-26.6328083482332));
#3490=CARTESIAN_POINT('Ctrl Pts',(-18.1469186565395,114.128909624923,-26.98259476984));
#3491=CARTESIAN_POINT('Ctrl Pts',(-17.6641734040239,114.108476858423,-27.3197358506016));
#3492=CARTESIAN_POINT('Ctrl Pts',(-17.4831439343305,114.100814570986,-27.4461637558872));
#3493=CARTESIAN_POINT('Ctrl Pts',(-17.3007592081363,114.093151584897,-27.5708129834395));
#3494=CARTESIAN_POINT('Ctrl Pts',(-17.1170422261638,114.085487489113,-27.6936567588949));
#3495=CARTESIAN_POINT('Ctrl Pts',(-17.0712682677971,114.083577943258,-27.7242638688253));
#3496=CARTESIAN_POINT('Ctrl Pts',(-17.0254116035248,114.081668328515,-27.7547588953583));
#3497=CARTESIAN_POINT('Ctrl Pts',(-16.9794725851624,114.079758638527,-27.7851414155785));
#3498=CARTESIAN_POINT('Ctrl Pts',(-16.9390654787666,114.078078910721,-27.8118653154545));
#3499=CARTESIAN_POINT('Ctrl Pts',(-16.8985977883275,114.076399255169,-27.8385000857976));
#3500=CARTESIAN_POINT('Ctrl Pts',(-16.8580778755695,114.074720001976,-27.8650402272466));
#3501=CARTESIAN_POINT('Ctrl Pts',(-16.3510776131169,114.053708559659,-28.1971203765934));
#3502=CARTESIAN_POINT('Ctrl Pts',(-15.835533643901,114.032744671577,-28.5146339633226));
#3503=CARTESIAN_POINT('Ctrl Pts',(-15.3120572122827,114.011820195613,-28.8172166026649));
#3504=CARTESIAN_POINT('Ctrl Pts',(-14.7863379285485,113.990806068038,-29.1210956673511));
#3505=CARTESIAN_POINT('Ctrl Pts',(-14.2526177116679,113.96983169103,-29.4099159094424));
#3506=CARTESIAN_POINT('Ctrl Pts',(-13.711476971381,113.948888817368,-29.6832728998249));
#3507=CARTESIAN_POINT('Ctrl Pts',(-13.5079542944279,113.941012216341,-29.7860822843429));
#3508=CARTESIAN_POINT('Ctrl Pts',(-13.3033816157374,113.933140071484,-29.8867039977123));
#3509=CARTESIAN_POINT('Ctrl Pts',(-13.0977885613538,113.92527194405,-29.9851150849645));
#3510=CARTESIAN_POINT('Ctrl Pts',(-12.5577624617226,113.90460493182,-30.2436090101049));
#3511=CARTESIAN_POINT('Ctrl Pts',(-12.0106983645127,113.883965637477,-30.4868540977915));
#3512=CARTESIAN_POINT('Ctrl Pts',(-11.4572988081968,113.863346109794,-30.7148102165572));
#3513=CARTESIAN_POINT('Ctrl Pts',(-10.8980326973656,113.842507995771,-30.9451828840581));
#3514=CARTESIAN_POINT('Ctrl Pts',(-10.3322956741179,113.821690069719,-31.1599409019177));
#3515=CARTESIAN_POINT('Ctrl Pts',(-9.76078752977177,113.800884124847,-31.3589960719255));
#3516=CARTESIAN_POINT('Ctrl Pts',(-9.18843200057145,113.780047330646,-31.5583463844224));
#3517=CARTESIAN_POINT('Ctrl Pts',(-8.61028775611507,113.75922255318,-31.7419473802056));
#3518=CARTESIAN_POINT('Ctrl Pts',(-8.02703916969944,113.738401549099,-31.9096614641904));
#3519=CARTESIAN_POINT('Ctrl Pts',(-7.44534437888895,113.717636012936,-32.0769287517102));
#3520=CARTESIAN_POINT('Ctrl Pts',(-6.85857192944753,113.69687423008,-32.2283937645025));
#3521=CARTESIAN_POINT('Ctrl Pts',(-6.26738940556736,113.676108022887,-32.3638695917353));
#3522=CARTESIAN_POINT('Ctrl Pts',(-6.08384217984504,113.669660640624,-32.4059314106094));
#3523=CARTESIAN_POINT('Ctrl Pts',(-5.89986979273998,113.663212831878,-32.446451586228));
#3524=CARTESIAN_POINT('Ctrl Pts',(-5.71549211190977,113.656764351909,-32.4854235075894));
#3525=CARTESIAN_POINT('Ctrl Pts',(-5.62923497216879,113.653747568993,-32.5036556843459));
#3526=CARTESIAN_POINT('Ctrl Pts',(-5.54288912797742,113.65073063917,-32.5215489977463));
#3527=CARTESIAN_POINT('Ctrl Pts',(-5.45645661194142,113.647713537381,-32.5391027340198));
#3528=CARTESIAN_POINT('Ctrl Pts',(-5.37603338871835,113.644906202112,-32.5554360321287));
#3529=CARTESIAN_POINT('Ctrl Pts',(-5.29553512652911,113.642098717959,-32.5714753301925));
#3530=CARTESIAN_POINT('Ctrl Pts',(-5.21496346247151,113.639291064734,-32.5872200347973));
#3531=CARTESIAN_POINT('Ctrl Pts',(-5.16653302904825,113.637603425982,-32.5966839434437));
#3532=CARTESIAN_POINT('Ctrl Pts',(-5.11808525750346,113.635916046134,-32.6060396165496));
#3533=CARTESIAN_POINT('Ctrl Pts',(-5.06962265390821,113.634228994636,-32.6152866484434));
#3534=CARTESIAN_POINT('Ctrl Pts',(-4.47175450012851,113.613416362013,-32.7293644213272));
#3535=CARTESIAN_POINT('Ctrl Pts',(-3.87152582773278,113.592650031908,-32.8269320188818));
#3536=CARTESIAN_POINT('Ctrl Pts',(-3.2696587378439,113.571922091851,-32.9079791108648));
#3537=CARTESIAN_POINT('Ctrl Pts',(-2.66216203595767,113.551000271346,-32.9897842833095));
#3538=CARTESIAN_POINT('Ctrl Pts',(-2.05299567902857,113.530117562416,-33.0547586252218));
#3539=CARTESIAN_POINT('Ctrl Pts',(-1.44287968499541,113.509265828474,-33.1028436099741));
#3540=CARTESIAN_POINT('Ctrl Pts',(-0.831818804852629,113.48838180147,-33.1510030639004));
#3541=CARTESIAN_POINT('Ctrl Pts',(-0.219804862790308,113.46752884547,-33.1822209254632));
#3542=CARTESIAN_POINT('Ctrl Pts',(0.392454255793591,113.446698786027,-33.1963884698082));
#3543=CARTESIAN_POINT('Ctrl Pts',(1.00278800559335,113.425934230788,-33.2105114615336));
#3544=CARTESIAN_POINT('Ctrl Pts',(1.61336587688922,113.405192428327,-33.2076912873906));
#3545=CARTESIAN_POINT('Ctrl Pts',(2.22349477016421,113.384465281073,-33.1877692167676));
#3546=CARTESIAN_POINT('Ctrl Pts',(2.37974243994872,113.379157274035,-33.1826673814891));
#3547=CARTESIAN_POINT('Ctrl Pts',(2.53596068563227,113.373850228113,-33.1764437065507));
#3548=CARTESIAN_POINT('Ctrl Pts',(2.69213789344913,113.368544007309,-33.1690949748755));
#3549=CARTESIAN_POINT('Ctrl Pts',(3.30231091398179,113.347812987588,-33.1403840133593));
#3550=CARTESIAN_POINT('Ctrl Pts',(3.91185783498269,113.327094562546,-33.0945041734072));
#3551=CARTESIAN_POINT('Ctrl Pts',(4.52012476881127,113.306380621888,-33.0316855625504));
#3552=CARTESIAN_POINT('Ctrl Pts',(5.12913348943427,113.2856414204,-32.9687903438535));
#3553=CARTESIAN_POINT('Ctrl Pts',(5.73685956877573,113.26490671424,-32.8889149139468));
#3554=CARTESIAN_POINT('Ctrl Pts',(6.34263882283682,113.244168363404,-32.7922385808191));
#3555=CARTESIAN_POINT('Ctrl Pts',(6.70066721199628,113.231911558151,-32.7351008172071));
#3556=CARTESIAN_POINT('Ctrl Pts',(7.05801537952695,113.21965347979,-32.6720934257291));
#3557=CARTESIAN_POINT('Ctrl Pts',(7.41454388875249,113.20739244784,-32.6032451749965));
#3558=CARTESIAN_POINT('Ctrl Pts',(7.48001357404502,113.20514094233,-32.5906025021337));
#3559=CARTESIAN_POINT('Ctrl Pts',(7.54545561439572,113.202889337223,-32.577762857103));
#3560=CARTESIAN_POINT('Ctrl Pts',(7.61086913826687,113.200637622115,-32.5647263959914));
#3561=CARTESIAN_POINT('Ctrl Pts',(7.6535894368092,113.199167070829,-32.5562125371184));
#3562=CARTESIAN_POINT('Ctrl Pts',(7.69629481202777,113.197696567594,-32.5476152729774));
#3563=CARTESIAN_POINT('Ctrl Pts',(7.73897728214931,113.196226376417,-32.5389362838404));
#3564=CARTESIAN_POINT('Ctrl Pts',(8.33984392393824,113.175529616537,-32.416756966616));
#3565=CARTESIAN_POINT('Ctrl Pts',(8.93663850760283,113.154878598818,-32.2782928620533));
#3566=CARTESIAN_POINT('Ctrl Pts',(9.52872087465552,113.13426554621,-32.1239010787948));
#3567=CARTESIAN_POINT('Ctrl Pts',(10.1250512904271,113.113504599903,-31.9684015715883));
#3568=CARTESIAN_POINT('Ctrl Pts',(10.7166020805128,113.092782165443,-31.7967449381646));
#3569=CARTESIAN_POINT('Ctrl Pts',(11.3027216388596,113.072090297181,-31.6092426625966));
#3570=CARTESIAN_POINT('Ctrl Pts',(11.8923678295018,113.051273927681,-31.4206122015397));
#3571=CARTESIAN_POINT('Ctrl Pts',(12.4765177059786,113.030488493314,-31.2159447588402));
#3572=CARTESIAN_POINT('Ctrl Pts',(13.0545032953494,113.009725904143,-30.9955048449044));
#3573=CARTESIAN_POINT('Ctrl Pts',(13.5941636050383,112.990340048322,-30.7896819413405));
#3574=CARTESIAN_POINT('Ctrl Pts',(14.1284502785026,112.970974108488,-30.5701083357667));
#3575=CARTESIAN_POINT('Ctrl Pts',(14.6568105613557,112.951621499642,-30.3369593231263));
#3576=CARTESIAN_POINT('Ctrl Pts',(-25.2859264769857,114.481999880791,-19.8749327043634));
#3577=CARTESIAN_POINT('Ctrl Pts',(-28.1026165531301,114.549666547457,-16.291392612265));
#3578=CARTESIAN_POINT('Ctrl Pts',(-30.1447239390855,114.617333214124,-12.1021547261451));
#3579=CARTESIAN_POINT('Ctrl Pts',(-31.2325516878105,114.684999880791,-7.67585453684122));
#3580=CARTESIAN_POINT('Ctrl Pts',(-25.2327265199471,114.521067249006,-19.8331171289294));
#3581=CARTESIAN_POINT('Ctrl Pts',(-28.0434904619957,114.588733915673,-16.2571165738584));
#3582=CARTESIAN_POINT('Ctrl Pts',(-30.081301385834,114.656400582339,-12.0766925738252));
#3583=CARTESIAN_POINT('Ctrl Pts',(-31.1668404151977,114.724067249006,-7.65970503439108));
#3584=CARTESIAN_POINT('Ctrl Pts',(-25.1795265629086,114.560134617221,-19.7913015534955));
#3585=CARTESIAN_POINT('Ctrl Pts',(-27.9843643708612,114.627801283888,-16.2228405354519));
#3586=CARTESIAN_POINT('Ctrl Pts',(-30.0178788325826,114.695467950554,-12.0512304215054));
#3587=CARTESIAN_POINT('Ctrl Pts',(-31.1011291425849,114.763134617221,-7.64355553194094));
#3588=CARTESIAN_POINT('Ctrl Pts',(-25.12632660587,114.599201985436,-19.7494859780615));
#3589=CARTESIAN_POINT('Ctrl Pts',(-27.9252382797268,114.666868652103,-16.1885644970453));
#3590=CARTESIAN_POINT('Ctrl Pts',(-29.9544562793312,114.73453531877,-12.0257682691856));
#3591=CARTESIAN_POINT('Ctrl Pts',(-31.0354178699721,114.802201985436,-7.6274060294908));
#3592=CARTESIAN_POINT('',(-28.2515598098723,114.684999880791,-14.9406778096477));
#3593=CARTESIAN_POINT('Ctrl Pts',(-31.2325516878105,114.684999880791,-7.67585453684121));
#3594=CARTESIAN_POINT('Ctrl Pts',(-31.0787708081394,114.684999880791,-8.23873286979562));
#3595=CARTESIAN_POINT('Ctrl Pts',(-30.9093387976345,114.684999880791,-8.7977461377334));
#3596=CARTESIAN_POINT('Ctrl Pts',(-30.724478985446,114.684999880791,-9.35231726799353));
#3597=CARTESIAN_POINT('Ctrl Pts',(-30.6437911816366,114.684999880791,-9.594377053877));
#3598=CARTESIAN_POINT('Ctrl Pts',(-30.5601635689972,114.684999880791,-9.83559019295541));
#3599=CARTESIAN_POINT('Ctrl Pts',(-30.4736121386674,114.684999880791,-10.0759069321766));
#3600=CARTESIAN_POINT('Ctrl Pts',(-30.4563783346837,114.684999880791,-10.1237579216051));
#3601=CARTESIAN_POINT('Ctrl Pts',(-30.4390286043556,114.684999880791,-10.1715733674679));
#3602=CARTESIAN_POINT('Ctrl Pts',(-30.4215630667792,114.684999880791,-10.2193528713625));
#3603=CARTESIAN_POINT('Ctrl Pts',(-30.4038261923029,114.684999880791,-10.2678746565871));
#3604=CARTESIAN_POINT('Ctrl Pts',(-30.3859733886359,114.684999880791,-10.3163497817728));
#3605=CARTESIAN_POINT('Ctrl Pts',(-30.368005386942,114.684999880791,-10.3647766307314));
#3606=CARTESIAN_POINT('Ctrl Pts',(-30.1602854620379,114.684999880791,-10.9246174856261));
#3607=CARTESIAN_POINT('Ctrl Pts',(-29.9371539495653,114.684999880791,-11.4780622856831));
#3608=CARTESIAN_POINT('Ctrl Pts',(-29.6990111918989,114.684999880791,-12.0245261587359));
#3609=CARTESIAN_POINT('Ctrl Pts',(-29.4594513878737,114.684999880791,-12.5742417143048));
#3610=CARTESIAN_POINT('Ctrl Pts',(-29.2047009621381,114.684999880791,-13.1168934585606));
#3611=CARTESIAN_POINT('Ctrl Pts',(-28.935117711697,114.684999880791,-13.6518683845317));
#3612=CARTESIAN_POINT('Ctrl Pts',(-28.7162180344194,114.684999880791,-14.0862642101442));
#3613=CARTESIAN_POINT('Ctrl Pts',(-28.487537607393,114.684999880791,-14.5155982259477));
#3614=CARTESIAN_POINT('Ctrl Pts',(-28.2492454793067,114.684999880791,-14.9395307379765));
#3615=CARTESIAN_POINT('Ctrl Pts',(-28.2492454793066,114.684999880791,-14.9395307379766));
#3616=CARTESIAN_POINT('Ctrl Pts',(-27.9879933626979,114.663820454275,-15.479145108235));
#3617=CARTESIAN_POINT('Ctrl Pts',(-27.711696430958,114.642665200571,-16.0113747995135));
#3618=CARTESIAN_POINT('Ctrl Pts',(-27.4206576712198,114.621525783684,-16.5355748926097));
#3619=CARTESIAN_POINT('Ctrl Pts',(-27.1304185456878,114.600444447724,-17.0583347365591));
#3620=CARTESIAN_POINT('Ctrl Pts',(-26.825518287088,114.579378861677,-17.5731094905563));
#3621=CARTESIAN_POINT('Ctrl Pts',(-26.5062108554423,114.558320758068,-18.0792369708172));
#3622=CARTESIAN_POINT('Ctrl Pts',(-26.3973742616947,114.551143060212,-18.2517515617547));
#3623=CARTESIAN_POINT('Ctrl Pts',(-26.2868634552741,114.543966231667,-18.4232612875598));
#3624=CARTESIAN_POINT('Ctrl Pts',(-26.1746873158997,114.536789945038,-18.593739181253));
#3625=CARTESIAN_POINT('Ctrl Pts',(-26.1232555318257,114.533499680046,-18.6719018125106));
#3626=CARTESIAN_POINT('Ctrl Pts',(-26.071473662887,114.530209528972,-18.7498475322443));
#3627=CARTESIAN_POINT('Ctrl Pts',(-26.0193425240605,114.526919460263,-18.8275737115677));
#3628=CARTESIAN_POINT('Ctrl Pts',(-25.9876513280626,114.524919384786,-18.8748244649286));
#3629=CARTESIAN_POINT('Ctrl Pts',(-25.9558310560201,114.522919339748,-18.9219940849617));
#3630=CARTESIAN_POINT('Ctrl Pts',(-25.9238818864396,114.52091931806,-18.9690819775371));
#3631=CARTESIAN_POINT('Ctrl Pts',(-25.8922220620799,114.518937409415,-19.0157434222001));
#3632=CARTESIAN_POINT('Ctrl Pts',(-25.8604400855905,114.516955801023,-19.0623180780449));
#3633=CARTESIAN_POINT('Ctrl Pts',(-25.8285396076204,114.514974693868,-19.1088005711903));
#3634=CARTESIAN_POINT('Ctrl Pts',(-25.6513401328507,114.503970120594,-19.3669996294949));
#3635=CARTESIAN_POINT('Ctrl Pts',(-25.4704520084853,114.492978971861,-19.6224031448756));
#3636=CARTESIAN_POINT('Ctrl Pts',(-25.2859264769905,114.481999880791,-19.874932704357));
#3637=CARTESIAN_POINT('Origin',(0.,114.684999880791,-36.0000005364418));
#3638=CARTESIAN_POINT('',(0.844636172127196,114.684999880791,-31.9477866970348));
#3639=CARTESIAN_POINT('Origin',(0.,114.684999880791,-2.56739074444567E-15));
#3640=CARTESIAN_POINT('Ctrl Pts',(0.844636172164339,114.684999880749,-31.9477866969628));
#3641=CARTESIAN_POINT('Ctrl Pts',(1.43836986150446,114.684999880767,-31.9474536971802));
#3642=CARTESIAN_POINT('Ctrl Pts',(2.03246731546946,114.684999880792,-31.9303557896221));
#3643=CARTESIAN_POINT('Ctrl Pts',(2.62626352901621,114.684999880811,-31.8966046911351));
#3644=CARTESIAN_POINT('Ctrl Pts',(2.87968702002596,114.684999880819,-31.8822002186766));
#3645=CARTESIAN_POINT('Ctrl Pts',(3.13305555437111,114.684999880826,-31.8647617981224));
#3646=CARTESIAN_POINT('Ctrl Pts',(3.38631690576635,114.68499988083,-31.8442952694579));
#3647=CARTESIAN_POINT('Ctrl Pts',(3.50133867142341,114.684999880832,-31.8350001430958));
#3648=CARTESIAN_POINT('Ctrl Pts',(3.61633832363901,114.684999880834,-31.8250804057379));
#3649=CARTESIAN_POINT('Ctrl Pts',(3.73131093973567,114.684999880835,-31.8145364897336));
#3650=CARTESIAN_POINT('Ctrl Pts',(3.80752394048548,114.684999880835,-31.8075471430036));
#3651=CARTESIAN_POINT('Ctrl Pts',(3.88372506090607,114.684999880836,-31.8002835248702));
#3652=CARTESIAN_POINT('Ctrl Pts',(3.95991286195415,114.684999880836,-31.7927457439914));
#3653=CARTESIAN_POINT('Ctrl Pts',(4.00900036353813,114.684999880836,-31.7878891813169));
#3654=CARTESIAN_POINT('Ctrl Pts',(4.05807317310543,114.684999880836,-31.7829197102772));
#3655=CARTESIAN_POINT('Ctrl Pts',(4.10712776166839,114.684999880835,-31.7778378253064));
#3656=CARTESIAN_POINT('Ctrl Pts',(4.69550654719507,114.684999880832,-31.716883827019));
#3657=CARTESIAN_POINT('Ctrl Pts',(5.2814469709252,114.684999880801,-31.6397433660839));
#3658=CARTESIAN_POINT('Ctrl Pts',(5.86430257252304,114.68499988076,-31.546698007339));
#3659=CARTESIAN_POINT('Ctrl Pts',(6.45356436792881,114.684999880718,-31.4526299826036));
#3660=CARTESIAN_POINT('Ctrl Pts',(7.03967360967322,114.684999880665,-31.3423055143111));
#3661=CARTESIAN_POINT('Ctrl Pts',(7.62196830196917,114.684999880616,-31.2159625773163));
#3662=CARTESIAN_POINT('Ctrl Pts',(7.96167111905595,114.684999880587,-31.1422558233582));
#3663=CARTESIAN_POINT('Ctrl Pts',(8.30007577091272,114.68499988056,-31.0630963595266));
#3664=CARTESIAN_POINT('Ctrl Pts',(8.63705080408921,114.684999880537,-30.9785232605856));
#3665=CARTESIAN_POINT('Ctrl Pts',(20.5166159997412,114.364797594356,-24.5039375002697));
#3666=CARTESIAN_POINT('Ctrl Pts',(18.1690334188877,114.410540778126,-26.469517535663));
#3667=CARTESIAN_POINT('Ctrl Pts',(12.0280657597676,114.517274873591,-30.2646293874906));
#3668=CARTESIAN_POINT('Ctrl Pts',(4.92561662929251,114.624008969056,-31.8398936605989));
#3669=CARTESIAN_POINT('Ctrl Pts',(0.844636172129152,114.68499988075,-31.9477866969638));
#3670=CARTESIAN_POINT('Ctrl Pts',(20.5600495408953,114.403865023598,-24.5558249295429));
#3671=CARTESIAN_POINT('Ctrl Pts',(18.2074959211985,114.449608207369,-26.5255660849454));
#3672=CARTESIAN_POINT('Ctrl Pts',(12.0535250224529,114.556342302833,-30.3287117515505));
#3673=CARTESIAN_POINT('Ctrl Pts',(4.93603747692808,114.663076398298,-31.907309511097));
#3674=CARTESIAN_POINT('Ctrl Pts',(0.84641633454905,114.724067309992,-32.015429943748));
#3675=CARTESIAN_POINT('Ctrl Pts',(20.6034831020728,114.442932452406,-24.60771234238));
#3676=CARTESIAN_POINT('Ctrl Pts',(18.2459584451074,114.488675636177,-26.58161461971));
#3677=CARTESIAN_POINT('Ctrl Pts',(12.078984309764,114.595409731642,-30.3927941061001));
#3678=CARTESIAN_POINT('Ctrl Pts',(4.94645835041013,114.702143827106,-31.974725357854));
#3679=CARTESIAN_POINT('Ctrl Pts',(0.848196522870679,114.7631347388,-32.0830731900999));
#3680=CARTESIAN_POINT('Ctrl Pts',(20.6469166828971,114.481999880791,-24.6595997390882));
#3681=CARTESIAN_POINT('Ctrl Pts',(18.2844209902082,114.527743064562,-26.6376631402281));
#3682=CARTESIAN_POINT('Ctrl Pts',(12.1044436212381,114.634477160026,-30.4568764513164));
#3683=CARTESIAN_POINT('Ctrl Pts',(4.95687924925341,114.741211255491,-32.0421412009388));
#3684=CARTESIAN_POINT('Ctrl Pts',(0.849976736607901,114.802202167185,-32.1507164360261));
#3685=CARTESIAN_POINT('Ctrl Pts',(0.844636172131002,114.68499988079,-31.9477866970339));
#3686=CARTESIAN_POINT('Ctrl Pts',(1.43973048083203,114.679362858215,-31.9376925750409));
#3687=CARTESIAN_POINT('Ctrl Pts',(2.03490975469249,114.673723503341,-31.9107521600952));
#3688=CARTESIAN_POINT('Ctrl Pts',(2.62949856490714,114.668079604474,-31.8670762174256));
#3689=CARTESIAN_POINT('Ctrl Pts',(3.06567513366887,114.66393937109,-31.8350365582799));
#3690=CARTESIAN_POINT('Ctrl Pts',(3.50153384190035,114.659796692425,-31.7939898539624));
#3691=CARTESIAN_POINT('Ctrl Pts',(3.93680343633233,114.655650695384,-31.7439625890538));
#3692=CARTESIAN_POINT('Ctrl Pts',(3.98553007181193,114.655186568119,-31.7383622431247));
#3693=CARTESIAN_POINT('Ctrl Pts',(4.03424937998478,114.654722398669,-31.7326493095443));
#3694=CARTESIAN_POINT('Ctrl Pts',(4.08294645998293,114.654258324214,-31.7268256170331));
#3695=CARTESIAN_POINT('Ctrl Pts',(4.67046149748719,114.648659411085,-31.6565645885638));
#3696=CARTESIAN_POINT('Ctrl Pts',(5.25526712154192,114.643069310131,-31.5701264903334));
#3697=CARTESIAN_POINT('Ctrl Pts',(5.83671798693309,114.637485893571,-31.4677915001328));
#3698=CARTESIAN_POINT('Ctrl Pts',(6.43270890429303,114.631762855297,-31.3628974698407));
#3699=CARTESIAN_POINT('Ctrl Pts',(7.02517566038213,114.626046839904,-31.2413016624586));
#3700=CARTESIAN_POINT('Ctrl Pts',(7.61342617413617,114.620335555962,-31.1032499152804));
#3701=CARTESIAN_POINT('Ctrl Pts',(8.19525302804009,114.614686638894,-30.9667056847892));
#3702=CARTESIAN_POINT('Ctrl Pts',(8.77295569621771,114.609042350507,-30.8140627383034));
#3703=CARTESIAN_POINT('Ctrl Pts',(9.34586012936858,114.603400473621,-30.6455062266304));
#3704=CARTESIAN_POINT('Ctrl Pts',(9.92825229030434,114.597665163016,-30.4741582925027));
#3705=CARTESIAN_POINT('Ctrl Pts',(10.5056865145424,114.591932344445,-30.2863653837008));
#3706=CARTESIAN_POINT('Ctrl Pts',(11.0774424339298,114.586199688741,-30.0822681859107));
#3707=CARTESIAN_POINT('Ctrl Pts',(11.6491983533172,114.580467033037,-29.8781709881205));
#3708=CARTESIAN_POINT('Ctrl Pts',(12.2152764891781,114.574734540199,-29.6577693955831));
#3709=CARTESIAN_POINT('Ctrl Pts',(12.7749363435137,114.568999881059,-29.4211514649644));
#3710=CARTESIAN_POINT('Ctrl Pts',(13.3241759900743,114.563371994522,-29.1889390817175));
#3711=CARTESIAN_POINT('Ctrl Pts',(13.8672344520389,114.557742021599,-28.9411081144175));
#3712=CARTESIAN_POINT('Ctrl Pts',(14.4034985411583,114.552107760814,-28.6779900255031));
#3713=CARTESIAN_POINT('Ctrl Pts',(14.6819863425302,114.549181827621,-28.5413499267725));
#3714=CARTESIAN_POINT('Ctrl Pts',(14.958641358477,114.546254738061,-28.4005864149739));
#3715=CARTESIAN_POINT('Ctrl Pts',(15.2333744491899,114.543326183818,-28.2557414072872));
#3716=CARTESIAN_POINT('Ctrl Pts',(15.3535701763768,114.542044941336,-28.1923717164242));
#3717=CARTESIAN_POINT('Ctrl Pts',(15.4733980039741,114.540763418505,-28.1282207633354));
#3718=CARTESIAN_POINT('Ctrl Pts',(15.5928503169027,114.539481589506,-28.0632918819662));
#3719=CARTESIAN_POINT('Ctrl Pts',(15.6504624182722,114.538863360688,-28.0319765461344));
#3720=CARTESIAN_POINT('Ctrl Pts',(15.7079871677685,114.53824506065,-28.0004802507009));
#3721=CARTESIAN_POINT('Ctrl Pts',(15.7654237030302,114.537626686497,-27.9688033610082));
#3722=CARTESIAN_POINT('Ctrl Pts',(15.8030337514419,114.537221768586,-27.9480609999057));
#3723=CARTESIAN_POINT('Ctrl Pts',(15.840604317408,114.536816836686,-27.9272421047697));
#3724=CARTESIAN_POINT('Ctrl Pts',(15.8781273077304,114.536411974983,-27.9063512145852));
#3725=CARTESIAN_POINT('Ctrl Pts',(16.3985609835295,114.53079665322,-27.6166002465518));
#3726=CARTESIAN_POINT('Ctrl Pts',(16.9102749775797,114.525190193459,-27.3127664104607));
#3727=CARTESIAN_POINT('Ctrl Pts',(17.4127385718908,114.519590449112,-26.995328673546));
#3728=CARTESIAN_POINT('Ctrl Pts',(17.9180822330606,114.513958607637,-26.6760714179316));
#3729=CARTESIAN_POINT('Ctrl Pts',(18.4140695672257,114.508333558781,-26.3430536435045));
#3730=CARTESIAN_POINT('Ctrl Pts',(18.9001434373794,114.502713118829,-25.9967126737674));
#3731=CARTESIAN_POINT('Ctrl Pts',(19.3877563364377,114.497074883188,-25.6492751037068));
#3732=CARTESIAN_POINT('Ctrl Pts',(19.8653933208651,114.491441285684,-25.288429596302));
#3733=CARTESIAN_POINT('Ctrl Pts',(20.3324682737356,114.485810121796,-24.9145710275362));
#3734=CARTESIAN_POINT('Ctrl Pts',(20.437824222428,114.484539926059,-24.8302414698345));
#3735=CARTESIAN_POINT('Ctrl Pts',(20.5426426678222,114.483269854145,-24.7452496320658));
#3736=CARTESIAN_POINT('Ctrl Pts',(20.6469166828528,114.481999880751,-24.6595997390353));
#3737=CARTESIAN_POINT('Origin',(0.,114.583499880791,-3.12250225675825E-15));
#3738=CARTESIAN_POINT('Ctrl Pts',(-20.6007659380468,107.480607130429,-26.6604946975498));
#3739=CARTESIAN_POINT('Ctrl Pts',(-24.9803127639844,107.559040767962,-23.2763857341048));
#3740=CARTESIAN_POINT('Ctrl Pts',(-32.03539477553,107.715908043027,-14.3115315378943));
#3741=CARTESIAN_POINT('Ctrl Pts',(-34.9942706748296,107.951208955626,2.54942746520701));
#3742=CARTESIAN_POINT('Ctrl Pts',(-29.6241128051902,108.186509868224,18.8011474498805));
#3743=CARTESIAN_POINT('Ctrl Pts',(-17.2040324439698,108.421810780822,30.579684632134));
#3744=CARTESIAN_POINT('Ctrl Pts',(-0.689430868586103,108.65711169342,35.0800008604834));
#3745=CARTESIAN_POINT('Ctrl Pts',(15.9891786643626,108.892412606019,31.2319410285388));
#3746=CARTESIAN_POINT('Ctrl Pts',(28.8625711577116,109.127713518617,19.9508879647298));
#3747=CARTESIAN_POINT('Ctrl Pts',(34.8669715036221,109.363014431215,3.92180408071517));
#3748=CARTESIAN_POINT('Ctrl Pts',(32.5734207823026,109.598315343813,-13.0406558971025));
#3749=CARTESIAN_POINT('Ctrl Pts',(22.5277482894217,109.833616256412,-26.8995682546571));
#3750=CARTESIAN_POINT('Ctrl Pts',(7.12071933169577,110.06891716901,-34.3566837694642));
#3751=CARTESIAN_POINT('Ctrl Pts',(-9.98096366387758,110.304218081608,-33.6372807423315));
#3752=CARTESIAN_POINT('Ctrl Pts',(-24.7072862934353,110.539518994206,-24.9125737092735));
#3753=CARTESIAN_POINT('Ctrl Pts',(-33.5535441357711,110.774819906804,-10.2589457219994));
#3754=CARTESIAN_POINT('Ctrl Pts',(-34.414426370139,111.010120819403,6.83619931321689));
#3755=CARTESIAN_POINT('Ctrl Pts',(-27.0850479493333,111.245421732001,22.3044029927011));
#3756=CARTESIAN_POINT('Ctrl Pts',(-13.3097305571033,111.480722644599,32.4644038938788));
#3757=CARTESIAN_POINT('Ctrl Pts',(3.63317131322767,111.716023557197,34.8982279677729));
#3758=CARTESIAN_POINT('Ctrl Pts',(19.7113884763024,111.951324469796,29.0266620325427));
#3759=CARTESIAN_POINT('Ctrl Pts',(31.0985732072888,112.186625382394,16.2470526324602));
#3760=CARTESIAN_POINT('Ctrl Pts',(35.0845045239579,112.421926294992,-0.399146091620683));
#3761=CARTESIAN_POINT('Ctrl Pts',(30.7209885194096,112.65722720759,-16.9504191371257));
#3762=CARTESIAN_POINT('Ctrl Pts',(19.0456215631708,112.892528120188,-29.4675330524846));
#3763=CARTESIAN_POINT('Ctrl Pts',(2.83889201442515,113.127829032787,-34.9719781052491));
#3764=CARTESIAN_POINT('Ctrl Pts',(-14.0459723184924,113.363129945385,-32.1527155153704));
#3765=CARTESIAN_POINT('Ctrl Pts',(-23.0688952357508,113.51999722045,-25.1720525828004));
#3766=CARTESIAN_POINT('Ctrl Pts',(-26.4891258784738,113.598430857983,-20.8206566886503));
#3767=CARTESIAN_POINT('Ctrl Pts',(-20.2888539310788,107.775130138032,-26.2568335699548));
#3768=CARTESIAN_POINT('Ctrl Pts',(-24.6020909293044,107.853563775565,-22.9239627120134));
#3769=CARTESIAN_POINT('Ctrl Pts',(-31.550353379084,108.01043105063,-14.094843549778));
#3770=CARTESIAN_POINT('Ctrl Pts',(-34.464429540214,108.245731963228,2.51082710249801));
#3771=CARTESIAN_POINT('Ctrl Pts',(-29.1755801386137,108.481032875827,18.5164831004079));
#3772=CARTESIAN_POINT('Ctrl Pts',(-16.9435496879559,108.716333788425,30.1166838468846));
#3773=CARTESIAN_POINT('Ctrl Pts',(-0.678992336031859,108.951634701023,34.5488617025639));
#3774=CARTESIAN_POINT('Ctrl Pts',(15.7470897623301,109.186935613621,30.7590645618573));
#3775=CARTESIAN_POINT('Ctrl Pts',(28.4255688383255,109.42223652622,19.6488156279737));
#3776=CARTESIAN_POINT('Ctrl Pts',(34.3390577798656,109.657537438818,3.86242484280578));
#3777=CARTESIAN_POINT('Ctrl Pts',(32.0802332435201,109.892838351416,-12.8432099785733));
#3778=CARTESIAN_POINT('Ctrl Pts',(22.1866602346109,110.128139264014,-26.4922873629605));
#3779=CARTESIAN_POINT('Ctrl Pts',(7.01290596861576,110.363440176612,-33.8364962085005));
#3780=CARTESIAN_POINT('Ctrl Pts',(-9.82984392312443,110.598741089211,-33.1279855162784));
#3781=CARTESIAN_POINT('Ctrl Pts',(-24.3331982970135,110.834042001809,-24.5353774978431));
#3782=CARTESIAN_POINT('Ctrl Pts',(-33.0455167486463,111.069342914407,-10.1036171114444));
#3783=CARTESIAN_POINT('Ctrl Pts',(-33.8933645402031,111.304643827005,6.73269380986665));
#3784=CARTESIAN_POINT('Ctrl Pts',(-26.6749587473053,111.539944739603,21.9666965636005));
#3785=CARTESIAN_POINT('Ctrl Pts',(-13.1082106338755,111.775245652202,31.9728669576304));
#3786=CARTESIAN_POINT('Ctrl Pts',(3.57816220534424,112.0105465648,34.3698409962501));
#3787=CARTESIAN_POINT('Ctrl Pts',(19.4129423525875,112.245847477398,28.5871752465961));
#3788=CARTESIAN_POINT('Ctrl Pts',(30.6277160356625,112.481148389996,16.0010593131271));
#3789=CARTESIAN_POINT('Ctrl Pts',(34.5532971769857,112.716449302595,-0.393102701831903));
#3790=CARTESIAN_POINT('Ctrl Pts',(30.2558482807435,112.951750215193,-16.693776288607));
#3791=CARTESIAN_POINT('Ctrl Pts',(18.7572556808738,113.187051127791,-29.0213711280961));
#3792=CARTESIAN_POINT('Ctrl Pts',(2.79590892785217,113.422352040389,-34.4424744978953));
#3793=CARTESIAN_POINT('Ctrl Pts',(-13.8333051085035,113.657652952987,-31.6658977894651));
#3794=CARTESIAN_POINT('Ctrl Pts',(-22.7196137850924,113.814520228053,-24.7909276545227));
#3795=CARTESIAN_POINT('Ctrl Pts',(-26.0880594113129,113.892953865586,-20.5054153605522));
#3796=CARTESIAN_POINT('Ctrl Pts',(-19.9769419241109,108.069653145635,-25.8531724423599));
#3797=CARTESIAN_POINT('Ctrl Pts',(-24.2238690946244,108.148086783167,-22.5715396899219));
#3798=CARTESIAN_POINT('Ctrl Pts',(-31.0653119826381,108.304954058233,-13.8781555616617));
#3799=CARTESIAN_POINT('Ctrl Pts',(-33.9345884055984,108.540254970831,2.472226739789));
#3800=CARTESIAN_POINT('Ctrl Pts',(-28.7270474720371,108.775555883429,18.2318187509353));
#3801=CARTESIAN_POINT('Ctrl Pts',(-16.6830669319419,109.010856796028,29.6536830616351));
#3802=CARTESIAN_POINT('Ctrl Pts',(-0.668553803477631,109.246157708626,34.0177225446444));
#3803=CARTESIAN_POINT('Ctrl Pts',(15.5050008602977,109.481458621224,30.2861880951758));
#3804=CARTESIAN_POINT('Ctrl Pts',(27.9885665189393,109.716759533822,19.3467432912176));
#3805=CARTESIAN_POINT('Ctrl Pts',(33.8111440561092,109.95206044642,3.80304560489637));
#3806=CARTESIAN_POINT('Ctrl Pts',(31.5870457047376,110.187361359018,-12.645764060044));
#3807=CARTESIAN_POINT('Ctrl Pts',(21.8455721798,110.422662271617,-26.0850064712639));
#3808=CARTESIAN_POINT('Ctrl Pts',(6.90509260553575,110.657963184215,-33.3163086475368));
#3809=CARTESIAN_POINT('Ctrl Pts',(-9.67872418237126,110.893264096813,-32.6186902902253));
#3810=CARTESIAN_POINT('Ctrl Pts',(-23.9591103005918,111.128565009411,-24.1581812864126));
#3811=CARTESIAN_POINT('Ctrl Pts',(-32.5374893615215,111.36386592201,-9.94828850088951));
#3812=CARTESIAN_POINT('Ctrl Pts',(-33.3723027102672,111.599166834608,6.62918830651639));
#3813=CARTESIAN_POINT('Ctrl Pts',(-26.2648695452773,111.834467747206,21.6289901344999));
#3814=CARTESIAN_POINT('Ctrl Pts',(-12.9066907106477,112.069768659804,31.481330021382));
#3815=CARTESIAN_POINT('Ctrl Pts',(3.52315309746085,112.305069572403,33.8414540247275));
#3816=CARTESIAN_POINT('Ctrl Pts',(19.1144962288726,112.540370485001,28.1476884606495));
#3817=CARTESIAN_POINT('Ctrl Pts',(30.1568588640362,112.775671397599,15.755065993794));
#3818=CARTESIAN_POINT('Ctrl Pts',(34.0220898300136,113.010972310197,-0.387059312043164));
#3819=CARTESIAN_POINT('Ctrl Pts',(29.7907080420774,113.246273222795,-16.4371334400882));
#3820=CARTESIAN_POINT('Ctrl Pts',(18.4688897985767,113.481574135394,-28.5752092037077));
#3821=CARTESIAN_POINT('Ctrl Pts',(2.75292584127919,113.716875047992,-33.9129708905415));
#3822=CARTESIAN_POINT('Ctrl Pts',(-13.6206378985147,113.95217596059,-31.1790800635597));
#3823=CARTESIAN_POINT('Ctrl Pts',(-22.370332334434,114.109043235656,-24.409802726245));
#3824=CARTESIAN_POINT('Ctrl Pts',(-25.686992944152,114.187476873188,-20.1901740324541));
#3825=CARTESIAN_POINT('Ctrl Pts',(-19.665029917143,108.364176153237,-25.449511314765));
#3826=CARTESIAN_POINT('Ctrl Pts',(-23.8456472599444,108.44260979077,-22.2191166678305));
#3827=CARTESIAN_POINT('Ctrl Pts',(-30.5802705861922,108.599477065835,-13.6614675735455));
#3828=CARTESIAN_POINT('Ctrl Pts',(-33.4047472709827,108.834777978434,2.43362637708001));
#3829=CARTESIAN_POINT('Ctrl Pts',(-28.2785148054606,109.070078891032,17.9471544014626));
#3830=CARTESIAN_POINT('Ctrl Pts',(-16.422584175928,109.30537980363,29.1906822763857));
#3831=CARTESIAN_POINT('Ctrl Pts',(-0.658115270923397,109.540680716228,33.4865833867249));
#3832=CARTESIAN_POINT('Ctrl Pts',(15.2629119582652,109.775981628827,29.8133116284944));
#3833=CARTESIAN_POINT('Ctrl Pts',(27.5515641995532,110.011282541425,19.0446709544615));
#3834=CARTESIAN_POINT('Ctrl Pts',(33.2832303323528,110.246583454023,3.74366636698698));
#3835=CARTESIAN_POINT('Ctrl Pts',(31.0938581659552,110.481884366621,-12.4483181415148));
#3836=CARTESIAN_POINT('Ctrl Pts',(21.5044841249892,110.71718527922,-25.6777255795672));
#3837=CARTESIAN_POINT('Ctrl Pts',(6.79727924245576,110.952486191818,-32.7961210865731));
#3838=CARTESIAN_POINT('Ctrl Pts',(-9.52760444161813,111.187787104416,-32.1093950641722));
#3839=CARTESIAN_POINT('Ctrl Pts',(-23.5850223041701,111.423088017014,-23.7809850749822));
#3840=CARTESIAN_POINT('Ctrl Pts',(-32.0294619743967,111.658388929612,-9.79295989033457));
#3841=CARTESIAN_POINT('Ctrl Pts',(-32.8512408803312,111.893689842211,6.52568280316613));
#3842=CARTESIAN_POINT('Ctrl Pts',(-25.8547803432493,112.128990754809,21.2912837053993));
#3843=CARTESIAN_POINT('Ctrl Pts',(-12.7051707874199,112.364291667407,30.9897930851336));
#3844=CARTESIAN_POINT('Ctrl Pts',(3.46814398957742,112.599592580005,33.3130670532048));
#3845=CARTESIAN_POINT('Ctrl Pts',(18.8160501051577,112.834893492604,27.7082016747029));
#3846=CARTESIAN_POINT('Ctrl Pts',(29.6860016924098,113.070194405202,15.5090726744609));
#3847=CARTESIAN_POINT('Ctrl Pts',(33.4908824830415,113.3054953178,-0.381015922254396));
#3848=CARTESIAN_POINT('Ctrl Pts',(29.3255678034112,113.540796230398,-16.1804905915695));
#3849=CARTESIAN_POINT('Ctrl Pts',(18.1805239162796,113.776097142996,-28.1290472793193));
#3850=CARTESIAN_POINT('Ctrl Pts',(2.70994275470621,114.011398055594,-33.3834672831877));
#3851=CARTESIAN_POINT('Ctrl Pts',(-13.4079706885259,114.246698968193,-30.6922623376543));
#3852=CARTESIAN_POINT('Ctrl Pts',(-22.0210508837755,114.403566243258,-24.0286777979673));
#3853=CARTESIAN_POINT('Ctrl Pts',(-25.2859264769911,114.481999880791,-19.874932704356));
#3854=CARTESIAN_POINT('Ctrl Pts',(-19.665029917143,108.364176153237,-25.449511314765));
#3855=CARTESIAN_POINT('Ctrl Pts',(-23.8456472599444,108.44260979077,-22.2191166678305));
#3856=CARTESIAN_POINT('Ctrl Pts',(-27.7818502885383,108.534294420079,-17.217404968338));
#3857=CARTESIAN_POINT('Ctrl Pts',(-30.0606934101735,108.625979049387,-11.47357886208));
#3858=CARTESIAN_POINT('Ctrl Pts',(-30.3548893792143,108.639230041163,-10.6310202107681));
#3859=CARTESIAN_POINT('Origin',(31.6192199510763,107.275999716878,11.0728933496675));
#3860=CARTESIAN_POINT('Origin',(0.,98.1392300411629,-3.67761376907083E-15));
#3861=UNCERTAINTY_MEASURE_WITH_UNIT(LENGTH_MEASURE(0.01),#3865,
'DISTANCE_ACCURACY_VALUE',
'Maximum model space distance between geometric entities at asserted c
onnectivities');
#3862=UNCERTAINTY_MEASURE_WITH_UNIT(LENGTH_MEASURE(0.01),#3865,
'DISTANCE_ACCURACY_VALUE',
'Maximum model space distance between geometric entities at asserted c
onnectivities');
#3863=(
GEOMETRIC_REPRESENTATION_CONTEXT(3)
GLOBAL_UNCERTAINTY_ASSIGNED_CONTEXT((#3861))
GLOBAL_UNIT_ASSIGNED_CONTEXT((#3865,#3867,#3868))
REPRESENTATION_CONTEXT('','3D')
);
#3864=(
GEOMETRIC_REPRESENTATION_CONTEXT(3)
GLOBAL_UNCERTAINTY_ASSIGNED_CONTEXT((#3862))
GLOBAL_UNIT_ASSIGNED_CONTEXT((#3865,#3867,#3868))
REPRESENTATION_CONTEXT('','3D')
);
#3865=(
LENGTH_UNIT()
NAMED_UNIT(*)
SI_UNIT(.MILLI.,.METRE.)
);
#3866=(
LENGTH_UNIT()
NAMED_UNIT(*)
SI_UNIT($,.METRE.)
);
#3867=(
NAMED_UNIT(*)
PLANE_ANGLE_UNIT()
SI_UNIT($,.RADIAN.)
);
#3868=(
NAMED_UNIT(*)
SI_UNIT($,.STERADIAN.)
SOLID_ANGLE_UNIT()
);
#3869=SHAPE_DEFINITION_REPRESENTATION(#3870,#3871);
#3870=PRODUCT_DEFINITION_SHAPE('',$,#3873);
#3871=SHAPE_REPRESENTATION('',(#1111),#3863);
#3872=PRODUCT_DEFINITION_CONTEXT('part definition',#3877,'design');
#3873=PRODUCT_DEFINITION('Filterhalter_2','Filterhalter_2',#3874,#3872);
#3874=PRODUCT_DEFINITION_FORMATION('',$,#3879);
#3875=PRODUCT_RELATED_PRODUCT_CATEGORY('Filterhalter_2',
'Filterhalter_2',(#3879));
#3876=APPLICATION_PROTOCOL_DEFINITION('international standard',
'automotive_design',2009,#3877);
#3877=APPLICATION_CONTEXT(
'Core Data for Automotive Mechanical Design Process');
#3878=PRODUCT_CONTEXT('part definition',#3877,'mechanical');
#3879=PRODUCT('Filterhalter_2','Filterhalter_2',$,(#3878));
#3880=PRESENTATION_STYLE_ASSIGNMENT((#3882));
#3881=PRESENTATION_STYLE_ASSIGNMENT((#3883));
#3882=SURFACE_STYLE_USAGE(.BOTH.,#3884);
#3883=SURFACE_STYLE_USAGE(.BOTH.,#3885);
#3884=SURFACE_SIDE_STYLE('',(#3886));
#3885=SURFACE_SIDE_STYLE('',(#3887));
#3886=SURFACE_STYLE_FILL_AREA(#3888);
#3887=SURFACE_STYLE_FILL_AREA(#3889);
#3888=FILL_AREA_STYLE('Steel - Satin',(#3890));
#3889=FILL_AREA_STYLE('Plastic - Matte (White)',(#3891));
#3890=FILL_AREA_STYLE_COLOUR('Steel - Satin',#3892);
#3891=FILL_AREA_STYLE_COLOUR('Plastic - Matte (White)',#3893);
#3892=COLOUR_RGB('Steel - Satin',0.627450980392157,0.627450980392157,0.627450980392157);
#3893=COLOUR_RGB('Plastic - Matte (White)',1.,0.529411764705882,0.356862745098039);
ENDSEC;
END-ISO-10303-21;
