ISO-10303-21;
HEADER;
/* Generated by software containing ST-Developer
 * from STEP Tools, Inc. (www.steptools.com) 
 */

FILE_DESCRIPTION(
/* description */ (''),
/* implementation_level */ '2;1');

FILE_NAME(
/* name */ '20250626_Knopf.step',
/* time_stamp */ '2026-06-26T18:51:05+02:00',
/* author */ (''),
/* organization */ (''),
/* preprocessor_version */ 'ST-DEVELOPER v20.1',
/* originating_system */ 'Autodesk Translation Framework v15.8.0.0',
/* authorisation */ '');

FILE_SCHEMA (('AUTOMOTIVE_DESIGN { 1 0 10303 214 3 1 1 }'));
ENDSEC;

DATA;
#10=MECHANICAL_DESIGN_GEOMETRIC_PRESENTATION_REPRESENTATION('',(#13),#1600);
#11=SHAPE_REPRESENTATION_RELATIONSHIP('SRR','None',#1607,#12);
#12=ADVANCED_BREP_SHAPE_REPRESENTATION('',(#14),#1599);
#13=STYLED_ITEM('',(#1617),#14);
#14=MANIFOLD_SOLID_BREP('20250610_Knopf',#617);
#15=TOROIDAL_SURFACE('',#664,5.95465996360397,0.354);
#16=CYLINDRICAL_SURFACE('',#644,2.35786709186784);
#17=CYLINDRICAL_SURFACE('',#647,4.38827417990737);
#18=CYLINDRICAL_SURFACE('',#651,2.35786709186784);
#19=CYLINDRICAL_SURFACE('',#654,4.38827417990737);
#20=CYLINDRICAL_SURFACE('',#658,4.38827417990737);
#21=CYLINDRICAL_SURFACE('',#661,2.35786709186784);
#22=CYLINDRICAL_SURFACE('',#666,3.05);
#23=CYLINDRICAL_SURFACE('',#677,7.76600000000001);
#24=CYLINDRICAL_SURFACE('',#678,6.26600000000001);
#25=FACE_BOUND('',#188,.T.);
#26=FACE_BOUND('',#189,.T.);
#27=FACE_BOUND('',#190,.T.);
#28=FACE_BOUND('',#211,.T.);
#29=FACE_BOUND('',#219,.T.);
#30=LINE('',#1251,#77);
#31=LINE('',#1253,#78);
#32=LINE('',#1255,#79);
#33=LINE('',#1256,#80);
#34=LINE('',#1260,#81);
#35=LINE('',#1262,#82);
#36=LINE('',#1264,#83);
#37=LINE('',#1265,#84);
#38=LINE('',#1268,#85);
#39=LINE('',#1270,#86);
#40=LINE('',#1271,#87);
#41=LINE('',#1273,#88);
#42=LINE('',#1274,#89);
#43=LINE('',#1281,#90);
#44=LINE('',#1287,#91);
#45=LINE('',#1290,#92);
#46=LINE('',#1295,#93);
#47=LINE('',#1298,#94);
#48=LINE('',#1301,#95);
#49=LINE('',#1304,#96);
#50=LINE('',#1307,#97);
#51=LINE('',#1308,#98);
#52=LINE('',#1311,#99);
#53=LINE('',#1314,#100);
#54=LINE('',#1318,#101);
#55=LINE('',#1321,#102);
#56=LINE('',#1324,#103);
#57=LINE('',#1325,#104);
#58=LINE('',#1328,#105);
#59=LINE('',#1331,#106);
#60=LINE('',#1335,#107);
#61=LINE('',#1339,#108);
#62=LINE('',#1340,#109);
#63=LINE('',#1350,#110);
#64=LINE('',#1436,#111);
#65=LINE('',#1438,#112);
#66=LINE('',#1439,#113);
#67=LINE('',#1483,#114);
#68=LINE('',#1486,#115);
#69=LINE('',#1488,#116);
#70=LINE('',#1492,#117);
#71=LINE('',#1493,#118);
#72=LINE('',#1497,#119);
#73=LINE('',#1498,#120);
#74=LINE('',#1501,#121);
#75=LINE('',#1503,#122);
#76=LINE('',#1521,#123);
#77=VECTOR('',#688,10.);
#78=VECTOR('',#689,10.);
#79=VECTOR('',#690,10.);
#80=VECTOR('',#691,10.);
#81=VECTOR('',#694,10.);
#82=VECTOR('',#695,10.);
#83=VECTOR('',#696,10.);
#84=VECTOR('',#697,10.);
#85=VECTOR('',#700,10.);
#86=VECTOR('',#701,10.);
#87=VECTOR('',#702,10.);
#88=VECTOR('',#705,10.);
#89=VECTOR('',#706,10.);
#90=VECTOR('',#713,10.);
#91=VECTOR('',#718,10.);
#92=VECTOR('',#721,10.);
#93=VECTOR('',#724,10.);
#94=VECTOR('',#727,10.);
#95=VECTOR('',#730,10.);
#96=VECTOR('',#733,10.);
#97=VECTOR('',#736,10.);
#98=VECTOR('',#737,10.);
#99=VECTOR('',#740,10.);
#100=VECTOR('',#745,10.);
#101=VECTOR('',#750,10.);
#102=VECTOR('',#753,10.);
#103=VECTOR('',#756,10.);
#104=VECTOR('',#757,10.);
#105=VECTOR('',#760,10.);
#106=VECTOR('',#765,10.);
#107=VECTOR('',#770,10.);
#108=VECTOR('',#775,10.);
#109=VECTOR('',#776,10.);
#110=VECTOR('',#791,3.05);
#111=VECTOR('',#796,10.);
#112=VECTOR('',#797,10.);
#113=VECTOR('',#798,10.);
#114=VECTOR('',#799,10.);
#115=VECTOR('',#802,10.);
#116=VECTOR('',#803,10.);
#117=VECTOR('',#806,10.);
#118=VECTOR('',#807,10.);
#119=VECTOR('',#812,10.);
#120=VECTOR('',#813,10.);
#121=VECTOR('',#818,10.);
#122=VECTOR('',#821,10.);
#123=VECTOR('',#826,6.26600000000001);
#124=PLANE('',#632);
#125=PLANE('',#633);
#126=PLANE('',#634);
#127=PLANE('',#635);
#128=PLANE('',#636);
#129=PLANE('',#646);
#130=PLANE('',#649);
#131=PLANE('',#650);
#132=PLANE('',#653);
#133=PLANE('',#656);
#134=PLANE('',#657);
#135=PLANE('',#660);
#136=PLANE('',#663);
#137=PLANE('',#669);
#138=PLANE('',#670);
#139=PLANE('',#673);
#140=PLANE('',#674);
#141=PLANE('',#675);
#142=PLANE('',#676);
#143=PLANE('',#680);
#144=PLANE('',#681);
#145=FACE_OUTER_BOUND('',#181,.T.);
#146=FACE_OUTER_BOUND('',#182,.T.);
#147=FACE_OUTER_BOUND('',#183,.T.);
#148=FACE_OUTER_BOUND('',#184,.T.);
#149=FACE_OUTER_BOUND('',#185,.T.);
#150=FACE_OUTER_BOUND('',#186,.T.);
#151=FACE_OUTER_BOUND('',#187,.T.);
#152=FACE_OUTER_BOUND('',#191,.T.);
#153=FACE_OUTER_BOUND('',#192,.T.);
#154=FACE_OUTER_BOUND('',#193,.T.);
#155=FACE_OUTER_BOUND('',#194,.T.);
#156=FACE_OUTER_BOUND('',#195,.T.);
#157=FACE_OUTER_BOUND('',#196,.T.);
#158=FACE_OUTER_BOUND('',#197,.T.);
#159=FACE_OUTER_BOUND('',#198,.T.);
#160=FACE_OUTER_BOUND('',#199,.T.);
#161=FACE_OUTER_BOUND('',#200,.T.);
#162=FACE_OUTER_BOUND('',#201,.T.);
#163=FACE_OUTER_BOUND('',#202,.T.);
#164=FACE_OUTER_BOUND('',#203,.T.);
#165=FACE_OUTER_BOUND('',#204,.T.);
#166=FACE_OUTER_BOUND('',#205,.T.);
#167=FACE_OUTER_BOUND('',#206,.T.);
#168=FACE_OUTER_BOUND('',#207,.T.);
#169=FACE_OUTER_BOUND('',#208,.T.);
#170=FACE_OUTER_BOUND('',#209,.T.);
#171=FACE_OUTER_BOUND('',#210,.T.);
#172=FACE_OUTER_BOUND('',#212,.T.);
#173=FACE_OUTER_BOUND('',#213,.T.);
#174=FACE_OUTER_BOUND('',#214,.T.);
#175=FACE_OUTER_BOUND('',#215,.T.);
#176=FACE_OUTER_BOUND('',#216,.T.);
#177=FACE_OUTER_BOUND('',#217,.T.);
#178=FACE_OUTER_BOUND('',#218,.T.);
#179=FACE_OUTER_BOUND('',#220,.T.);
#180=FACE_OUTER_BOUND('',#221,.T.);
#181=EDGE_LOOP('',(#404,#405,#406,#407));
#182=EDGE_LOOP('',(#408,#409,#410,#411,#412));
#183=EDGE_LOOP('',(#413,#414,#415,#416));
#184=EDGE_LOOP('',(#417,#418,#419,#420));
#185=EDGE_LOOP('',(#421,#422,#423,#424));
#186=EDGE_LOOP('',(#425,#426,#427,#428));
#187=EDGE_LOOP('',(#429));
#188=EDGE_LOOP('',(#430,#431,#432,#433,#434,#435,#436));
#189=EDGE_LOOP('',(#437,#438,#439,#440));
#190=EDGE_LOOP('',(#441,#442,#443,#444));
#191=EDGE_LOOP('',(#445,#446,#447,#448));
#192=EDGE_LOOP('',(#449,#450,#451,#452));
#193=EDGE_LOOP('',(#453,#454,#455,#456));
#194=EDGE_LOOP('',(#457,#458,#459,#460));
#195=EDGE_LOOP('',(#461,#462,#463,#464));
#196=EDGE_LOOP('',(#465,#466,#467,#468));
#197=EDGE_LOOP('',(#469,#470,#471,#472));
#198=EDGE_LOOP('',(#473,#474,#475,#476));
#199=EDGE_LOOP('',(#477,#478,#479,#480));
#200=EDGE_LOOP('',(#481,#482,#483,#484));
#201=EDGE_LOOP('',(#485,#486,#487,#488));
#202=EDGE_LOOP('',(#489,#490,#491,#492));
#203=EDGE_LOOP('',(#493,#494,#495,#496));
#204=EDGE_LOOP('',(#497,#498,#499,#500,#501,#502,#503));
#205=EDGE_LOOP('',(#504,#505,#506,#507,#508));
#206=EDGE_LOOP('',(#509,#510,#511,#512));
#207=EDGE_LOOP('',(#513,#514,#515,#516,#517,#518,#519));
#208=EDGE_LOOP('',(#520,#521,#522,#523,#524));
#209=EDGE_LOOP('',(#525,#526,#527,#528,#529,#530,#531));
#210=EDGE_LOOP('',(#532,#533,#534,#535,#536,#537));
#211=EDGE_LOOP('',(#538));
#212=EDGE_LOOP('',(#539,#540,#541,#542,#543));
#213=EDGE_LOOP('',(#544,#545,#546,#547));
#214=EDGE_LOOP('',(#548,#549,#550));
#215=EDGE_LOOP('',(#551,#552,#553,#554,#555,#556));
#216=EDGE_LOOP('',(#557,#558,#559,#560));
#217=EDGE_LOOP('',(#561,#562,#563,#564));
#218=EDGE_LOOP('',(#565));
#219=EDGE_LOOP('',(#566));
#220=EDGE_LOOP('',(#567));
#221=EDGE_LOOP('',(#568,#569,#570,#571,#572,#573,#574,#575));
#222=CIRCLE('',#631,96.972);
#223=CIRCLE('',#637,5.95465996360397);
#224=CIRCLE('',#638,2.35786709186784);
#225=CIRCLE('',#639,4.38827417990737);
#226=CIRCLE('',#640,2.35786709186784);
#227=CIRCLE('',#641,4.38827417990737);
#228=CIRCLE('',#642,2.35786709186784);
#229=CIRCLE('',#643,4.38827417990737);
#230=CIRCLE('',#645,2.35786709186784);
#231=CIRCLE('',#648,4.38827417990737);
#232=CIRCLE('',#652,2.35786709186784);
#233=CIRCLE('',#655,4.38827417990737);
#234=CIRCLE('',#659,4.38827417990737);
#235=CIRCLE('',#662,2.35786709186784);
#236=CIRCLE('',#665,0.354);
#237=CIRCLE('',#667,3.05);
#238=CIRCLE('',#668,3.05);
#239=CIRCLE('',#671,7.76600000000001);
#240=CIRCLE('',#672,6.26600000000001);
#241=CIRCLE('',#679,6.26600000000001);
#242=B_SPLINE_CURVE_WITH_KNOTS('',3,(#860,#861,#862,#863),.UNSPECIFIED.,
 .F.,.F.,(4,4),(-1.,0.),.UNSPECIFIED.);
#243=B_SPLINE_CURVE_WITH_KNOTS('',3,(#865,#866,#867,#868,#869,#870),
 .UNSPECIFIED.,.F.,.F.,(4,1,1,4),(32.2225955050618,39.0680953991015,43.631761995128,
48.1954285911544),.UNSPECIFIED.);
#244=B_SPLINE_CURVE_WITH_KNOTS('',3,(#873,#874,#875,#876,#877,#878,#879,
#880,#881,#882,#883,#884,#885,#886,#887,#888,#889,#890,#891,#892,#893,#894,
#895,#896,#897,#898,#899,#900,#901,#902,#903,#904,#905,#906,#907,#908,#909,
#910,#911,#912,#913,#914,#915,#916,#917,#918,#919,#920,#921,#922,#923,#924,
#925,#926,#927,#928,#929,#930,#931,#932,#933,#934,#935,#936,#937,#938,#939,
#940,#941,#942,#943,#944,#945,#946,#947,#948,#949,#950,#951),
 .UNSPECIFIED.,.F.,.F.,(4,3,3,3,3,3,3,3,3,3,3,3,3,3,3,3,3,3,3,3,3,3,3,3,
3,3,4),(-48.1954285911536,-47.915601280744,-47.1685171446541,-46.4140381272098,
-45.6561492046904,-44.9010836205542,-44.155078728192,-43.9226343176057,
-43.630495653599,-42.9132381043351,-42.1673452727914,-41.4437489803765,
-40.6867078792684,-39.9729066154381,-39.9296667781604,-39.2026415078443,
-39.065958057937,-38.350709838918,-37.6243746226588,-36.8950515051734,-36.1666237290399,
-35.936698738479,-35.1964259659241,-34.4520815791168,-33.7101462668956,
-32.9663708859787,-32.2225955050618),.UNSPECIFIED.);
#245=B_SPLINE_CURVE_WITH_KNOTS('',3,(#992,#993,#994,#995,#996,#997,#998,
#999,#1000,#1001),.UNSPECIFIED.,.F.,.F.,(4,1,1,1,1,1,1,4),(-32.2165279390829,
-25.297972944486,-18.37335038391,-11.448727823334,-4.52410526275798,2.40051729781802,
9.32513985839402,16.24976241897),.UNSPECIFIED.);
#246=B_SPLINE_CURVE_WITH_KNOTS('',3,(#1003,#1004,#1005,#1006,#1007,#1008,
#1009,#1010,#1011,#1012,#1013,#1014,#1015,#1016,#1017,#1018,#1019,#1020,
#1021,#1022,#1023,#1024,#1025,#1026,#1027,#1028,#1029,#1030,#1031,#1032,
#1033,#1034,#1035,#1036,#1037,#1038,#1039,#1040,#1041,#1042,#1043,#1044,
#1045,#1046,#1047,#1048,#1049,#1050,#1051,#1052,#1053,#1054,#1055,#1056,
#1057,#1058,#1059,#1060,#1061,#1062,#1063,#1064,#1065,#1066,#1067,#1068,
#1069,#1070,#1071,#1072,#1073,#1074,#1075,#1076,#1077,#1078,#1079,#1080,
#1081,#1082,#1083,#1084,#1085,#1086,#1087,#1088,#1089,#1090,#1091,#1092,
#1093,#1094,#1095,#1096,#1097,#1098,#1099,#1100,#1101,#1102,#1103,#1104,
#1105,#1106,#1107,#1108,#1109,#1110,#1111,#1112,#1113,#1114,#1115,#1116,
#1117,#1118,#1119,#1120,#1121,#1122,#1123,#1124,#1125,#1126,#1127,#1128,
#1129,#1130,#1131,#1132,#1133,#1134,#1135,#1136,#1137,#1138,#1139,#1140,
#1141,#1142,#1143,#1144,#1145,#1146,#1147,#1148,#1149,#1150,#1151,#1152,
#1153,#1154,#1155,#1156,#1157,#1158,#1159,#1160,#1161,#1162),
 .UNSPECIFIED.,.F.,.F.,(4,3,3,3,3,3,3,3,3,3,3,3,3,3,3,3,3,3,3,3,3,3,3,3,
3,3,3,3,3,3,3,3,3,3,3,3,3,3,3,3,3,3,3,3,3,3,3,3,3,3,3,3,3,4),(48.1954285911536,
48.8934780842761,49.6000953920178,50.3139384771998,51.0280498213401,51.7376962628756,
51.9085673779661,52.6027413627271,53.2984869877354,53.991303492181,54.6751030619427,
55.1196580798294,55.8150702306004,55.9015333973734,56.5890787286807,57.2839105249757,
57.9854936578256,58.687564738434,59.3856293240424,59.8945002563253,60.5724488385383,
61.2472252412194,61.9147430255001,62.0437035411348,62.1698453464517,62.8482799657767,
63.5318352435306,64.2194897204414,64.4451910101236,65.1445415010151,65.8476192210974,
66.5501661024946,67.2489536878952,67.9382092006456,68.4381548163868,68.9694379158094,
69.6476405050808,70.3435117175723,71.0359520223314,71.733538688689,72.4311253550465,
73.1200731927392,73.8131593974254,74.5006385553497,75.1965282834168,75.892418011484,
76.4240899590544,77.1151973178976,77.8140784945364,78.5202651281148,79.2271025032235,
79.9299566156665,80.4170478977998,80.4180240962154),.UNSPECIFIED.);
#247=B_SPLINE_CURVE_WITH_KNOTS('',3,(#1163,#1164,#1165,#1166,#1167,#1168,
#1169,#1170,#1171,#1172,#1173,#1174,#1175,#1176,#1177,#1178,#1179,#1180,
#1181,#1182,#1183,#1184,#1185,#1186,#1187,#1188,#1189,#1190,#1191,#1192,
#1193,#1194,#1195,#1196,#1197,#1198,#1199,#1200,#1201,#1202,#1203,#1204,
#1205,#1206,#1207,#1208,#1209,#1210,#1211,#1212,#1213,#1214,#1215,#1216,
#1217,#1218,#1219,#1220,#1221,#1222,#1223,#1224,#1225,#1226,#1227,#1228,
#1229,#1230,#1231,#1232,#1233,#1234,#1235,#1236,#1237,#1238,#1239,#1240,
#1241,#1242,#1243,#1244,#1245,#1246,#1247),.UNSPECIFIED.,.F.,.F.,(4,3,3,
3,3,3,3,3,3,3,3,3,3,3,3,3,3,3,3,3,3,3,3,3,3,3,3,3,4),(80.4180240962154,
81.0915985125397,81.7637311358158,82.4297737959617,82.818413201044,83.4876012602373,
84.1614229236992,84.4100343820703,85.1121554348245,85.8199301949041,86.5304386403548,
87.2388075238647,87.9394925070541,88.4029863211626,89.0788108776921,89.7442363881552,
90.4135508298603,91.0878007745287,91.7655766213593,92.3959584037396,93.1099932025461,
93.8288714150195,94.5477928155011,95.2625300525086,95.965158283847,96.3164723995162,
96.3870744818215,96.4574464667052,96.6677865151854),.UNSPECIFIED.);
#248=B_SPLINE_CURVE_WITH_KNOTS('',3,(#1378,#1379,#1380,#1381,#1382,#1383,
#1384,#1385,#1386,#1387,#1388,#1389),.UNSPECIFIED.,.F.,.F.,(4,2,2,2,2,4),
(0.451701277007785,0.458238175186989,0.771433482239646,0.835023227969936,
0.867226383166839,0.884369516001083),.UNSPECIFIED.);
#249=B_SPLINE_CURVE_WITH_KNOTS('',3,(#1391,#1392,#1393,#1394,#1395,#1396,
#1397),.UNSPECIFIED.,.F.,.F.,(4,3,4),(2.44025563630557,2.48738717257657,
2.76860893398676),.UNSPECIFIED.);
#250=B_SPLINE_CURVE_WITH_KNOTS('',3,(#1399,#1400,#1401,#1402,#1403,#1404,
#1405),.UNSPECIFIED.,.F.,.F.,(4,3,4),(2.11192105115134,2.29969032503977,
2.44025563630557),.UNSPECIFIED.);
#251=B_SPLINE_CURVE_WITH_KNOTS('',3,(#1407,#1408,#1409,#1410,#1411,#1412,
#1413,#1414,#1415,#1416),.UNSPECIFIED.,.F.,.F.,(4,2,2,2,4),(0.,0.0424854683111096,
0.170675055201886,0.436901932496848,0.787219182718778),.UNSPECIFIED.);
#252=B_SPLINE_CURVE_WITH_KNOTS('',3,(#1418,#1419,#1420,#1421),
 .UNSPECIFIED.,.F.,.F.,(4,4),(-7.10458949194545,-7.10045875025492),
 .UNSPECIFIED.);
#253=B_SPLINE_CURVE_WITH_KNOTS('',3,(#1423,#1424,#1425,#1426,#1427),
 .UNSPECIFIED.,.F.,.F.,(4,1,4),(-7.10045875037725,-6.97962649754987,-6.67341274458215),
 .UNSPECIFIED.);
#254=B_SPLINE_CURVE_WITH_KNOTS('',3,(#1428,#1429,#1430,#1431,#1432,#1433),
 .UNSPECIFIED.,.F.,.F.,(4,2,4),(0.,0.191908638928059,0.286055748454271),
 .UNSPECIFIED.);
#255=B_SPLINE_CURVE_WITH_KNOTS('',3,(#1462,#1463,#1464,#1465,#1466,#1467,
#1468),.UNSPECIFIED.,.F.,.F.,(4,3,4),(0.0234749334926741,0.200849829742206,
0.29102797759668),.UNSPECIFIED.);
#256=B_SPLINE_CURVE_WITH_KNOTS('',3,(#1470,#1471,#1472,#1473),
 .UNSPECIFIED.,.F.,.F.,(4,4),(0.,0.269578195544278),.UNSPECIFIED.);
#257=B_SPLINE_CURVE_WITH_KNOTS('',3,(#1474,#1475,#1476,#1477),
 .UNSPECIFIED.,.F.,.F.,(4,4),(1.23342628001404,1.25148606686481),
 .UNSPECIFIED.);
#258=B_SPLINE_CURVE_WITH_KNOTS('',3,(#1479,#1480,#1481,#1482),
 .UNSPECIFIED.,.F.,.F.,(4,4),(-2.36430824666935,-1.92699397591344),
 .UNSPECIFIED.);
#259=B_SPLINE_CURVE_WITH_KNOTS('',3,(#1505,#1506,#1507,#1508,#1509,#1510,
#1511,#1512,#1513,#1514,#1515,#1516,#1517,#1518),.UNSPECIFIED.,.F.,.F.,
(4,1,1,1,1,1,1,1,1,1,1,4),(0.,0.197757780999054,0.395515561998109,0.593273342997163,
0.791031123996218,1.05470816532829,1.18654668599433,1.4502237273264,1.58206224799244,
1.77982002899149,1.97757780999054,2.11192105115134),.UNSPECIFIED.);
#260=B_SPLINE_CURVE_WITH_KNOTS('',3,(#1593,#1594,#1595,#1596),
 .UNSPECIFIED.,.F.,.F.,(4,4),(0.102814908373594,1.),.UNSPECIFIED.);
#261=VERTEX_POINT('',#858);
#262=VERTEX_POINT('',#859);
#263=VERTEX_POINT('',#864);
#264=VERTEX_POINT('',#871);
#265=VERTEX_POINT('',#1002);
#266=VERTEX_POINT('',#1249);
#267=VERTEX_POINT('',#1250);
#268=VERTEX_POINT('',#1252);
#269=VERTEX_POINT('',#1254);
#270=VERTEX_POINT('',#1258);
#271=VERTEX_POINT('',#1259);
#272=VERTEX_POINT('',#1261);
#273=VERTEX_POINT('',#1263);
#274=VERTEX_POINT('',#1267);
#275=VERTEX_POINT('',#1269);
#276=VERTEX_POINT('',#1276);
#277=VERTEX_POINT('',#1278);
#278=VERTEX_POINT('',#1280);
#279=VERTEX_POINT('',#1283);
#280=VERTEX_POINT('',#1284);
#281=VERTEX_POINT('',#1286);
#282=VERTEX_POINT('',#1288);
#283=VERTEX_POINT('',#1291);
#284=VERTEX_POINT('',#1292);
#285=VERTEX_POINT('',#1294);
#286=VERTEX_POINT('',#1296);
#287=VERTEX_POINT('',#1300);
#288=VERTEX_POINT('',#1302);
#289=VERTEX_POINT('',#1306);
#290=VERTEX_POINT('',#1310);
#291=VERTEX_POINT('',#1317);
#292=VERTEX_POINT('',#1319);
#293=VERTEX_POINT('',#1323);
#294=VERTEX_POINT('',#1327);
#295=VERTEX_POINT('',#1334);
#296=VERTEX_POINT('',#1338);
#297=VERTEX_POINT('',#1347);
#298=VERTEX_POINT('',#1349);
#299=VERTEX_POINT('',#1376);
#300=VERTEX_POINT('',#1377);
#301=VERTEX_POINT('',#1390);
#302=VERTEX_POINT('',#1398);
#303=VERTEX_POINT('',#1406);
#304=VERTEX_POINT('',#1417);
#305=VERTEX_POINT('',#1422);
#306=VERTEX_POINT('',#1435);
#307=VERTEX_POINT('',#1437);
#308=VERTEX_POINT('',#1460);
#309=VERTEX_POINT('',#1461);
#310=VERTEX_POINT('',#1469);
#311=VERTEX_POINT('',#1478);
#312=VERTEX_POINT('',#1485);
#313=VERTEX_POINT('',#1487);
#314=VERTEX_POINT('',#1489);
#315=VERTEX_POINT('',#1491);
#316=VERTEX_POINT('',#1494);
#317=VERTEX_POINT('',#1520);
#318=EDGE_CURVE('',#261,#262,#242,.T.);
#319=EDGE_CURVE('',#261,#263,#243,.T.);
#320=EDGE_CURVE('',#263,#264,#222,.T.);
#321=EDGE_CURVE('',#264,#262,#244,.T.);
#322=EDGE_CURVE('',#262,#264,#245,.T.);
#323=EDGE_CURVE('',#263,#265,#246,.T.);
#324=EDGE_CURVE('',#265,#261,#247,.T.);
#325=EDGE_CURVE('',#266,#267,#30,.T.);
#326=EDGE_CURVE('',#268,#266,#31,.T.);
#327=EDGE_CURVE('',#268,#269,#32,.T.);
#328=EDGE_CURVE('',#269,#267,#33,.T.);
#329=EDGE_CURVE('',#270,#271,#34,.T.);
#330=EDGE_CURVE('',#271,#272,#35,.T.);
#331=EDGE_CURVE('',#273,#272,#36,.T.);
#332=EDGE_CURVE('',#270,#273,#37,.T.);
#333=EDGE_CURVE('',#274,#268,#38,.T.);
#334=EDGE_CURVE('',#274,#275,#39,.T.);
#335=EDGE_CURVE('',#275,#269,#40,.T.);
#336=EDGE_CURVE('',#273,#274,#41,.T.);
#337=EDGE_CURVE('',#272,#275,#42,.T.);
#338=EDGE_CURVE('',#276,#276,#223,.T.);
#339=EDGE_CURVE('',#266,#277,#224,.T.);
#340=EDGE_CURVE('',#277,#278,#43,.T.);
#341=EDGE_CURVE('',#278,#270,#225,.T.);
#342=EDGE_CURVE('',#279,#280,#226,.T.);
#343=EDGE_CURVE('',#280,#281,#44,.T.);
#344=EDGE_CURVE('',#281,#282,#227,.T.);
#345=EDGE_CURVE('',#282,#279,#45,.T.);
#346=EDGE_CURVE('',#283,#284,#228,.T.);
#347=EDGE_CURVE('',#284,#285,#46,.T.);
#348=EDGE_CURVE('',#285,#286,#229,.T.);
#349=EDGE_CURVE('',#286,#283,#47,.T.);
#350=EDGE_CURVE('',#283,#287,#48,.T.);
#351=EDGE_CURVE('',#287,#288,#230,.T.);
#352=EDGE_CURVE('',#284,#288,#49,.T.);
#353=EDGE_CURVE('',#286,#289,#50,.T.);
#354=EDGE_CURVE('',#289,#287,#51,.T.);
#355=EDGE_CURVE('',#285,#290,#52,.T.);
#356=EDGE_CURVE('',#290,#289,#231,.T.);
#357=EDGE_CURVE('',#288,#290,#53,.T.);
#358=EDGE_CURVE('',#279,#291,#54,.T.);
#359=EDGE_CURVE('',#291,#292,#232,.T.);
#360=EDGE_CURVE('',#280,#292,#55,.T.);
#361=EDGE_CURVE('',#282,#293,#56,.T.);
#362=EDGE_CURVE('',#293,#291,#57,.T.);
#363=EDGE_CURVE('',#281,#294,#58,.T.);
#364=EDGE_CURVE('',#294,#293,#233,.T.);
#365=EDGE_CURVE('',#292,#294,#59,.T.);
#366=EDGE_CURVE('',#278,#295,#60,.T.);
#367=EDGE_CURVE('',#295,#271,#234,.T.);
#368=EDGE_CURVE('',#277,#296,#61,.T.);
#369=EDGE_CURVE('',#296,#295,#62,.T.);
#370=EDGE_CURVE('',#267,#296,#235,.T.);
#371=EDGE_CURVE('',#276,#262,#236,.T.);
#372=EDGE_CURVE('',#297,#297,#237,.F.);
#373=EDGE_CURVE('',#297,#298,#63,.T.);
#374=EDGE_CURVE('',#298,#298,#238,.F.);
#375=EDGE_CURVE('',#299,#300,#248,.F.);
#376=EDGE_CURVE('',#301,#299,#249,.T.);
#377=EDGE_CURVE('',#302,#301,#250,.T.);
#378=EDGE_CURVE('',#302,#303,#251,.T.);
#379=EDGE_CURVE('',#303,#304,#252,.T.);
#380=EDGE_CURVE('',#304,#305,#253,.T.);
#381=EDGE_CURVE('',#300,#305,#254,.F.);
#382=EDGE_CURVE('',#303,#306,#64,.T.);
#383=EDGE_CURVE('',#306,#307,#65,.T.);
#384=EDGE_CURVE('',#307,#305,#66,.T.);
#385=EDGE_CURVE('',#308,#309,#255,.T.);
#386=EDGE_CURVE('',#310,#308,#256,.T.);
#387=EDGE_CURVE('',#300,#310,#257,.T.);
#388=EDGE_CURVE('',#307,#311,#258,.T.);
#389=EDGE_CURVE('',#311,#309,#67,.T.);
#390=EDGE_CURVE('',#312,#311,#68,.T.);
#391=EDGE_CURVE('',#313,#312,#69,.T.);
#392=EDGE_CURVE('',#314,#313,#239,.F.);
#393=EDGE_CURVE('',#315,#314,#70,.T.);
#394=EDGE_CURVE('',#309,#315,#71,.T.);
#395=EDGE_CURVE('',#316,#316,#240,.T.);
#396=EDGE_CURVE('',#313,#302,#72,.T.);
#397=EDGE_CURVE('',#312,#306,#73,.T.);
#398=EDGE_CURVE('',#315,#308,#74,.T.);
#399=EDGE_CURVE('',#314,#299,#75,.T.);
#400=EDGE_CURVE('',#299,#302,#259,.T.);
#401=EDGE_CURVE('',#316,#317,#76,.T.);
#402=EDGE_CURVE('',#317,#317,#241,.T.);
#403=EDGE_CURVE('',#265,#299,#260,.T.);
#404=ORIENTED_EDGE('',*,*,#318,.F.);
#405=ORIENTED_EDGE('',*,*,#319,.T.);
#406=ORIENTED_EDGE('',*,*,#320,.T.);
#407=ORIENTED_EDGE('',*,*,#321,.T.);
#408=ORIENTED_EDGE('',*,*,#322,.T.);
#409=ORIENTED_EDGE('',*,*,#320,.F.);
#410=ORIENTED_EDGE('',*,*,#323,.T.);
#411=ORIENTED_EDGE('',*,*,#324,.T.);
#412=ORIENTED_EDGE('',*,*,#318,.T.);
#413=ORIENTED_EDGE('',*,*,#325,.F.);
#414=ORIENTED_EDGE('',*,*,#326,.F.);
#415=ORIENTED_EDGE('',*,*,#327,.T.);
#416=ORIENTED_EDGE('',*,*,#328,.T.);
#417=ORIENTED_EDGE('',*,*,#329,.T.);
#418=ORIENTED_EDGE('',*,*,#330,.T.);
#419=ORIENTED_EDGE('',*,*,#331,.F.);
#420=ORIENTED_EDGE('',*,*,#332,.F.);
#421=ORIENTED_EDGE('',*,*,#333,.F.);
#422=ORIENTED_EDGE('',*,*,#334,.T.);
#423=ORIENTED_EDGE('',*,*,#335,.T.);
#424=ORIENTED_EDGE('',*,*,#327,.F.);
#425=ORIENTED_EDGE('',*,*,#336,.F.);
#426=ORIENTED_EDGE('',*,*,#331,.T.);
#427=ORIENTED_EDGE('',*,*,#337,.T.);
#428=ORIENTED_EDGE('',*,*,#334,.F.);
#429=ORIENTED_EDGE('',*,*,#338,.F.);
#430=ORIENTED_EDGE('',*,*,#332,.T.);
#431=ORIENTED_EDGE('',*,*,#336,.T.);
#432=ORIENTED_EDGE('',*,*,#333,.T.);
#433=ORIENTED_EDGE('',*,*,#326,.T.);
#434=ORIENTED_EDGE('',*,*,#339,.T.);
#435=ORIENTED_EDGE('',*,*,#340,.T.);
#436=ORIENTED_EDGE('',*,*,#341,.T.);
#437=ORIENTED_EDGE('',*,*,#342,.T.);
#438=ORIENTED_EDGE('',*,*,#343,.T.);
#439=ORIENTED_EDGE('',*,*,#344,.T.);
#440=ORIENTED_EDGE('',*,*,#345,.T.);
#441=ORIENTED_EDGE('',*,*,#346,.T.);
#442=ORIENTED_EDGE('',*,*,#347,.T.);
#443=ORIENTED_EDGE('',*,*,#348,.T.);
#444=ORIENTED_EDGE('',*,*,#349,.T.);
#445=ORIENTED_EDGE('',*,*,#346,.F.);
#446=ORIENTED_EDGE('',*,*,#350,.T.);
#447=ORIENTED_EDGE('',*,*,#351,.T.);
#448=ORIENTED_EDGE('',*,*,#352,.F.);
#449=ORIENTED_EDGE('',*,*,#349,.F.);
#450=ORIENTED_EDGE('',*,*,#353,.T.);
#451=ORIENTED_EDGE('',*,*,#354,.T.);
#452=ORIENTED_EDGE('',*,*,#350,.F.);
#453=ORIENTED_EDGE('',*,*,#348,.F.);
#454=ORIENTED_EDGE('',*,*,#355,.T.);
#455=ORIENTED_EDGE('',*,*,#356,.T.);
#456=ORIENTED_EDGE('',*,*,#353,.F.);
#457=ORIENTED_EDGE('',*,*,#347,.F.);
#458=ORIENTED_EDGE('',*,*,#352,.T.);
#459=ORIENTED_EDGE('',*,*,#357,.T.);
#460=ORIENTED_EDGE('',*,*,#355,.F.);
#461=ORIENTED_EDGE('',*,*,#357,.F.);
#462=ORIENTED_EDGE('',*,*,#351,.F.);
#463=ORIENTED_EDGE('',*,*,#354,.F.);
#464=ORIENTED_EDGE('',*,*,#356,.F.);
#465=ORIENTED_EDGE('',*,*,#342,.F.);
#466=ORIENTED_EDGE('',*,*,#358,.T.);
#467=ORIENTED_EDGE('',*,*,#359,.T.);
#468=ORIENTED_EDGE('',*,*,#360,.F.);
#469=ORIENTED_EDGE('',*,*,#345,.F.);
#470=ORIENTED_EDGE('',*,*,#361,.T.);
#471=ORIENTED_EDGE('',*,*,#362,.T.);
#472=ORIENTED_EDGE('',*,*,#358,.F.);
#473=ORIENTED_EDGE('',*,*,#344,.F.);
#474=ORIENTED_EDGE('',*,*,#363,.T.);
#475=ORIENTED_EDGE('',*,*,#364,.T.);
#476=ORIENTED_EDGE('',*,*,#361,.F.);
#477=ORIENTED_EDGE('',*,*,#343,.F.);
#478=ORIENTED_EDGE('',*,*,#360,.T.);
#479=ORIENTED_EDGE('',*,*,#365,.T.);
#480=ORIENTED_EDGE('',*,*,#363,.F.);
#481=ORIENTED_EDGE('',*,*,#365,.F.);
#482=ORIENTED_EDGE('',*,*,#359,.F.);
#483=ORIENTED_EDGE('',*,*,#362,.F.);
#484=ORIENTED_EDGE('',*,*,#364,.F.);
#485=ORIENTED_EDGE('',*,*,#341,.F.);
#486=ORIENTED_EDGE('',*,*,#366,.T.);
#487=ORIENTED_EDGE('',*,*,#367,.T.);
#488=ORIENTED_EDGE('',*,*,#329,.F.);
#489=ORIENTED_EDGE('',*,*,#340,.F.);
#490=ORIENTED_EDGE('',*,*,#368,.T.);
#491=ORIENTED_EDGE('',*,*,#369,.T.);
#492=ORIENTED_EDGE('',*,*,#366,.F.);
#493=ORIENTED_EDGE('',*,*,#339,.F.);
#494=ORIENTED_EDGE('',*,*,#325,.T.);
#495=ORIENTED_EDGE('',*,*,#370,.T.);
#496=ORIENTED_EDGE('',*,*,#368,.F.);
#497=ORIENTED_EDGE('',*,*,#367,.F.);
#498=ORIENTED_EDGE('',*,*,#369,.F.);
#499=ORIENTED_EDGE('',*,*,#370,.F.);
#500=ORIENTED_EDGE('',*,*,#328,.F.);
#501=ORIENTED_EDGE('',*,*,#335,.F.);
#502=ORIENTED_EDGE('',*,*,#337,.F.);
#503=ORIENTED_EDGE('',*,*,#330,.F.);
#504=ORIENTED_EDGE('',*,*,#321,.F.);
#505=ORIENTED_EDGE('',*,*,#322,.F.);
#506=ORIENTED_EDGE('',*,*,#371,.F.);
#507=ORIENTED_EDGE('',*,*,#338,.T.);
#508=ORIENTED_EDGE('',*,*,#371,.T.);
#509=ORIENTED_EDGE('',*,*,#372,.T.);
#510=ORIENTED_EDGE('',*,*,#373,.T.);
#511=ORIENTED_EDGE('',*,*,#374,.T.);
#512=ORIENTED_EDGE('',*,*,#373,.F.);
#513=ORIENTED_EDGE('',*,*,#375,.F.);
#514=ORIENTED_EDGE('',*,*,#376,.F.);
#515=ORIENTED_EDGE('',*,*,#377,.F.);
#516=ORIENTED_EDGE('',*,*,#378,.T.);
#517=ORIENTED_EDGE('',*,*,#379,.T.);
#518=ORIENTED_EDGE('',*,*,#380,.T.);
#519=ORIENTED_EDGE('',*,*,#381,.F.);
#520=ORIENTED_EDGE('',*,*,#380,.F.);
#521=ORIENTED_EDGE('',*,*,#379,.F.);
#522=ORIENTED_EDGE('',*,*,#382,.T.);
#523=ORIENTED_EDGE('',*,*,#383,.T.);
#524=ORIENTED_EDGE('',*,*,#384,.T.);
#525=ORIENTED_EDGE('',*,*,#385,.F.);
#526=ORIENTED_EDGE('',*,*,#386,.F.);
#527=ORIENTED_EDGE('',*,*,#387,.F.);
#528=ORIENTED_EDGE('',*,*,#381,.T.);
#529=ORIENTED_EDGE('',*,*,#384,.F.);
#530=ORIENTED_EDGE('',*,*,#388,.T.);
#531=ORIENTED_EDGE('',*,*,#389,.T.);
#532=ORIENTED_EDGE('',*,*,#390,.F.);
#533=ORIENTED_EDGE('',*,*,#391,.F.);
#534=ORIENTED_EDGE('',*,*,#392,.F.);
#535=ORIENTED_EDGE('',*,*,#393,.F.);
#536=ORIENTED_EDGE('',*,*,#394,.F.);
#537=ORIENTED_EDGE('',*,*,#389,.F.);
#538=ORIENTED_EDGE('',*,*,#395,.T.);
#539=ORIENTED_EDGE('',*,*,#396,.F.);
#540=ORIENTED_EDGE('',*,*,#391,.T.);
#541=ORIENTED_EDGE('',*,*,#397,.T.);
#542=ORIENTED_EDGE('',*,*,#382,.F.);
#543=ORIENTED_EDGE('',*,*,#378,.F.);
#544=ORIENTED_EDGE('',*,*,#390,.T.);
#545=ORIENTED_EDGE('',*,*,#388,.F.);
#546=ORIENTED_EDGE('',*,*,#383,.F.);
#547=ORIENTED_EDGE('',*,*,#397,.F.);
#548=ORIENTED_EDGE('',*,*,#385,.T.);
#549=ORIENTED_EDGE('',*,*,#394,.T.);
#550=ORIENTED_EDGE('',*,*,#398,.T.);
#551=ORIENTED_EDGE('',*,*,#386,.T.);
#552=ORIENTED_EDGE('',*,*,#398,.F.);
#553=ORIENTED_EDGE('',*,*,#393,.T.);
#554=ORIENTED_EDGE('',*,*,#399,.T.);
#555=ORIENTED_EDGE('',*,*,#375,.T.);
#556=ORIENTED_EDGE('',*,*,#387,.T.);
#557=ORIENTED_EDGE('',*,*,#399,.F.);
#558=ORIENTED_EDGE('',*,*,#392,.T.);
#559=ORIENTED_EDGE('',*,*,#396,.T.);
#560=ORIENTED_EDGE('',*,*,#400,.F.);
#561=ORIENTED_EDGE('',*,*,#395,.F.);
#562=ORIENTED_EDGE('',*,*,#401,.T.);
#563=ORIENTED_EDGE('',*,*,#402,.T.);
#564=ORIENTED_EDGE('',*,*,#401,.F.);
#565=ORIENTED_EDGE('',*,*,#402,.F.);
#566=ORIENTED_EDGE('',*,*,#372,.F.);
#567=ORIENTED_EDGE('',*,*,#374,.F.);
#568=ORIENTED_EDGE('',*,*,#324,.F.);
#569=ORIENTED_EDGE('',*,*,#403,.T.);
#570=ORIENTED_EDGE('',*,*,#400,.T.);
#571=ORIENTED_EDGE('',*,*,#377,.T.);
#572=ORIENTED_EDGE('',*,*,#376,.T.);
#573=ORIENTED_EDGE('',*,*,#403,.F.);
#574=ORIENTED_EDGE('',*,*,#323,.F.);
#575=ORIENTED_EDGE('',*,*,#319,.F.);
#576=B_SPLINE_SURFACE_WITH_KNOTS('',3,3,((#834,#835,#836,#837,#838,#839),
(#840,#841,#842,#843,#844,#845),(#846,#847,#848,#849,#850,#851),(#852,#853,
#854,#855,#856,#857)),.UNSPECIFIED.,.F.,.F.,.F.,(4,4),(4,1,1,4),(0.,1.),
(32.2225955050618,39.0680953991015,43.631761995128,48.1954285911544),
 .UNSPECIFIED.);
#577=B_SPLINE_SURFACE_WITH_KNOTS('',3,3,((#952,#953,#954,#955,#956,#957,
#958,#959,#960,#961),(#962,#963,#964,#965,#966,#967,#968,#969,#970,#971),
(#972,#973,#974,#975,#976,#977,#978,#979,#980,#981),(#982,#983,#984,#985,
#986,#987,#988,#989,#990,#991)),.UNSPECIFIED.,.F.,.F.,.F.,(4,4),(4,1,1,
1,1,1,1,4),(0.,1.),(-16.24976241897,-9.32513985839402,-2.40051729781802,
4.52410526275798,11.448727823334,18.37335038391,25.297972944486,32.222595505062),
 .UNSPECIFIED.);
#578=B_SPLINE_SURFACE_WITH_KNOTS('',3,3,((#1352,#1353,#1354,#1355,#1356,
#1357),(#1358,#1359,#1360,#1361,#1362,#1363),(#1364,#1365,#1366,#1367,#1368,
#1369),(#1370,#1371,#1372,#1373,#1374,#1375)),.UNSPECIFIED.,.F.,.F.,.F.,
(4,4),(4,1,1,4),(0.,1.),(-7.9423709559521,-7.46099872675098,-6.97962649754987,
-6.2575681537482),.UNSPECIFIED.);
#579=B_SPLINE_SURFACE_WITH_KNOTS('',3,1,((#1440,#1441),(#1442,#1443),(#1444,
#1445),(#1446,#1447),(#1448,#1449),(#1450,#1451),(#1452,#1453),(#1454,#1455),
(#1456,#1457),(#1458,#1459)),.UNSPECIFIED.,.F.,.F.,.F.,(4,3,3,4),(2,2),
(-4.12077893741865,-2.46296070097355,-1.667357747489,-0.856282510508439),
(-0.878762674987478,1.31356174194361),.UNSPECIFIED.);
#580=B_SPLINE_SURFACE_WITH_KNOTS('',3,3,((#1525,#1526,#1527,#1528,#1529,
#1530,#1531,#1532,#1533,#1534,#1535,#1536,#1537,#1538,#1539,#1540,#1541),
(#1542,#1543,#1544,#1545,#1546,#1547,#1548,#1549,#1550,#1551,#1552,#1553,
#1554,#1555,#1556,#1557,#1558),(#1559,#1560,#1561,#1562,#1563,#1564,#1565,
#1566,#1567,#1568,#1569,#1570,#1571,#1572,#1573,#1574,#1575),(#1576,#1577,
#1578,#1579,#1580,#1581,#1582,#1583,#1584,#1585,#1586,#1587,#1588,#1589,
#1590,#1591,#1592)),.UNSPECIFIED.,.F.,.T.,.F.,(4,4),(4,1,1,1,1,1,1,1,1,
1,1,1,1,1,4),(0.102814908373594,1.),(0.,0.197757780999054,0.395515561998109,
0.593273342997163,0.791031123996218,1.05470816532829,1.18654668599433,1.4502237273264,
1.58206224799244,1.77982002899149,1.97757780999054,2.1753355909896,2.37309337198865,
2.57085115298771,2.76860893398676),.UNSPECIFIED.);
#581=ADVANCED_FACE('',(#145),#576,.T.);
#582=ADVANCED_FACE('',(#146),#577,.T.);
#583=ADVANCED_FACE('',(#147),#124,.F.);
#584=ADVANCED_FACE('',(#148),#125,.F.);
#585=ADVANCED_FACE('',(#149),#126,.F.);
#586=ADVANCED_FACE('',(#150),#127,.F.);
#587=ADVANCED_FACE('',(#151,#25,#26,#27),#128,.F.);
#588=ADVANCED_FACE('',(#152),#16,.T.);
#589=ADVANCED_FACE('',(#153),#129,.F.);
#590=ADVANCED_FACE('',(#154),#17,.F.);
#591=ADVANCED_FACE('',(#155),#130,.F.);
#592=ADVANCED_FACE('',(#156),#131,.T.);
#593=ADVANCED_FACE('',(#157),#18,.T.);
#594=ADVANCED_FACE('',(#158),#132,.F.);
#595=ADVANCED_FACE('',(#159),#19,.F.);
#596=ADVANCED_FACE('',(#160),#133,.F.);
#597=ADVANCED_FACE('',(#161),#134,.T.);
#598=ADVANCED_FACE('',(#162),#20,.F.);
#599=ADVANCED_FACE('',(#163),#135,.F.);
#600=ADVANCED_FACE('',(#164),#21,.T.);
#601=ADVANCED_FACE('',(#165),#136,.T.);
#602=ADVANCED_FACE('',(#166),#15,.T.);
#603=ADVANCED_FACE('',(#167),#22,.F.);
#604=ADVANCED_FACE('',(#168),#578,.T.);
#605=ADVANCED_FACE('',(#169),#137,.T.);
#606=ADVANCED_FACE('',(#170),#579,.T.);
#607=ADVANCED_FACE('',(#171,#28),#138,.F.);
#608=ADVANCED_FACE('',(#172),#139,.T.);
#609=ADVANCED_FACE('',(#173),#140,.T.);
#610=ADVANCED_FACE('',(#174),#141,.T.);
#611=ADVANCED_FACE('',(#175),#142,.T.);
#612=ADVANCED_FACE('',(#176),#23,.T.);
#613=ADVANCED_FACE('',(#177),#24,.F.);
#614=ADVANCED_FACE('',(#178,#29),#143,.T.);
#615=ADVANCED_FACE('',(#179),#144,.F.);
#616=ADVANCED_FACE('',(#180),#580,.T.);
#617=CLOSED_SHELL('',(#581,#582,#583,#584,#585,#586,#587,#588,#589,#590,
#591,#592,#593,#594,#595,#596,#597,#598,#599,#600,#601,#602,#603,#604,#605,
#606,#607,#608,#609,#610,#611,#612,#613,#614,#615,#616));
#618=DERIVED_UNIT_ELEMENT(#620,1.);
#619=DERIVED_UNIT_ELEMENT(#1602,-3.);
#620=(
MASS_UNIT()
NAMED_UNIT(*)
SI_UNIT(.KILO.,.GRAM.)
);
#621=DERIVED_UNIT((#618,#619));
#622=MEASURE_REPRESENTATION_ITEM('density measure',
POSITIVE_RATIO_MEASURE(7850.),#621);
#623=PROPERTY_DEFINITION_REPRESENTATION(#628,#625);
#624=PROPERTY_DEFINITION_REPRESENTATION(#629,#626);
#625=REPRESENTATION('material name',(#627),#1599);
#626=REPRESENTATION('density',(#622),#1599);
#627=DESCRIPTIVE_REPRESENTATION_ITEM('Steel','Steel');
#628=PROPERTY_DEFINITION('material property','material name',#1609);
#629=PROPERTY_DEFINITION('material property','density of part',#1609);
#630=AXIS2_PLACEMENT_3D('',#833,#682,#683);
#631=AXIS2_PLACEMENT_3D('',#872,#684,#685);
#632=AXIS2_PLACEMENT_3D('',#1248,#686,#687);
#633=AXIS2_PLACEMENT_3D('',#1257,#692,#693);
#634=AXIS2_PLACEMENT_3D('',#1266,#698,#699);
#635=AXIS2_PLACEMENT_3D('',#1272,#703,#704);
#636=AXIS2_PLACEMENT_3D('',#1275,#707,#708);
#637=AXIS2_PLACEMENT_3D('',#1277,#709,#710);
#638=AXIS2_PLACEMENT_3D('',#1279,#711,#712);
#639=AXIS2_PLACEMENT_3D('',#1282,#714,#715);
#640=AXIS2_PLACEMENT_3D('',#1285,#716,#717);
#641=AXIS2_PLACEMENT_3D('',#1289,#719,#720);
#642=AXIS2_PLACEMENT_3D('',#1293,#722,#723);
#643=AXIS2_PLACEMENT_3D('',#1297,#725,#726);
#644=AXIS2_PLACEMENT_3D('',#1299,#728,#729);
#645=AXIS2_PLACEMENT_3D('',#1303,#731,#732);
#646=AXIS2_PLACEMENT_3D('',#1305,#734,#735);
#647=AXIS2_PLACEMENT_3D('',#1309,#738,#739);
#648=AXIS2_PLACEMENT_3D('',#1312,#741,#742);
#649=AXIS2_PLACEMENT_3D('',#1313,#743,#744);
#650=AXIS2_PLACEMENT_3D('',#1315,#746,#747);
#651=AXIS2_PLACEMENT_3D('',#1316,#748,#749);
#652=AXIS2_PLACEMENT_3D('',#1320,#751,#752);
#653=AXIS2_PLACEMENT_3D('',#1322,#754,#755);
#654=AXIS2_PLACEMENT_3D('',#1326,#758,#759);
#655=AXIS2_PLACEMENT_3D('',#1329,#761,#762);
#656=AXIS2_PLACEMENT_3D('',#1330,#763,#764);
#657=AXIS2_PLACEMENT_3D('',#1332,#766,#767);
#658=AXIS2_PLACEMENT_3D('',#1333,#768,#769);
#659=AXIS2_PLACEMENT_3D('',#1336,#771,#772);
#660=AXIS2_PLACEMENT_3D('',#1337,#773,#774);
#661=AXIS2_PLACEMENT_3D('',#1341,#777,#778);
#662=AXIS2_PLACEMENT_3D('',#1342,#779,#780);
#663=AXIS2_PLACEMENT_3D('',#1343,#781,#782);
#664=AXIS2_PLACEMENT_3D('',#1344,#783,#784);
#665=AXIS2_PLACEMENT_3D('',#1345,#785,#786);
#666=AXIS2_PLACEMENT_3D('',#1346,#787,#788);
#667=AXIS2_PLACEMENT_3D('',#1348,#789,#790);
#668=AXIS2_PLACEMENT_3D('',#1351,#792,#793);
#669=AXIS2_PLACEMENT_3D('',#1434,#794,#795);
#670=AXIS2_PLACEMENT_3D('',#1484,#800,#801);
#671=AXIS2_PLACEMENT_3D('',#1490,#804,#805);
#672=AXIS2_PLACEMENT_3D('',#1495,#808,#809);
#673=AXIS2_PLACEMENT_3D('',#1496,#810,#811);
#674=AXIS2_PLACEMENT_3D('',#1499,#814,#815);
#675=AXIS2_PLACEMENT_3D('',#1500,#816,#817);
#676=AXIS2_PLACEMENT_3D('',#1502,#819,#820);
#677=AXIS2_PLACEMENT_3D('',#1504,#822,#823);
#678=AXIS2_PLACEMENT_3D('',#1519,#824,#825);
#679=AXIS2_PLACEMENT_3D('',#1522,#827,#828);
#680=AXIS2_PLACEMENT_3D('',#1523,#829,#830);
#681=AXIS2_PLACEMENT_3D('',#1524,#831,#832);
#682=DIRECTION('axis',(0.,0.,1.));
#683=DIRECTION('refdir',(1.,0.,0.));
#684=DIRECTION('center_axis',(-0.185651784379689,-0.012439392200926,-0.982536857567343));
#685=DIRECTION('ref_axis',(-0.174410041027286,0.984459874452832,0.0204912952537022));
#686=DIRECTION('center_axis',(-3.74375286520036E-5,0.999999999274196,7.07389448101355E-6));
#687=DIRECTION('ref_axis',(-0.185666615520334,0.,-0.982612796518153));
#688=DIRECTION('',(-0.98261279580497,-3.80999807703115E-5,0.185666615385569));
#689=DIRECTION('',(-0.185666615520334,-8.470329472543E-22,-0.982612796518153));
#690=DIRECTION('',(-0.98261279580497,-3.80999807703115E-5,0.185666615385569));
#691=DIRECTION('',(-0.185666615520334,2.92273675049648E-21,-0.982612796518153));
#692=DIRECTION('center_axis',(-3.74375286520036E-5,0.999999999274196,7.07389448101355E-6));
#693=DIRECTION('ref_axis',(-0.185666615520334,0.,-0.982612796518153));
#694=DIRECTION('',(-0.98261279580497,-3.80999807703115E-5,0.185666615385569));
#695=DIRECTION('',(-0.185666615520334,2.92273675049648E-21,-0.982612796518153));
#696=DIRECTION('',(-0.98261279580497,-3.80999807703115E-5,0.185666615385569));
#697=DIRECTION('',(-0.185666615520334,-8.470329472543E-22,-0.982612796518153));
#698=DIRECTION('center_axis',(0.150434682044518,-0.586260404998276,0.79603275307579));
#699=DIRECTION('ref_axis',(0.108818656298018,0.810122667303939,0.576072707183603));
#700=DIRECTION('',(0.108818656298018,0.810122667303939,0.576072707183603));
#701=DIRECTION('',(-0.98261279580497,-3.80999807703115E-5,0.185666615385569));
#702=DIRECTION('',(0.108818656298018,0.810122667303939,0.576072707183603));
#703=DIRECTION('center_axis',(-0.151342562473359,-0.579112703232516,-0.801076716512673));
#704=DIRECTION('ref_axis',(0.107552416543472,-0.81524749340499,0.569037786260755));
#705=DIRECTION('',(0.107552416543472,-0.81524749340499,0.569037786260755));
#706=DIRECTION('',(0.107552416543472,-0.81524749340499,0.569037786260755));
#707=DIRECTION('center_axis',(-0.982612795804968,-3.8099980775746E-5,0.185666615385577));
#708=DIRECTION('ref_axis',(0.185666615520334,4.10160279049537E-17,0.982612796518153));
#709=DIRECTION('center_axis',(-0.982612795804968,-3.8099980775746E-5,0.185666615385577));
#710=DIRECTION('ref_axis',(-0.185666615520334,-1.92778304940371E-16,-0.982612796518153));
#711=DIRECTION('center_axis',(0.982612795804968,3.8099980775746E-5,-0.185666615385577));
#712=DIRECTION('ref_axis',(-0.185666615520326,3.04975243342888E-19,-0.982612796518154));
#713=DIRECTION('',(0.137637406798582,-0.671306982060908,0.72828763554384));
#714=DIRECTION('center_axis',(-0.982612795804968,-3.8099980775746E-5,0.185666615385577));
#715=DIRECTION('ref_axis',(-0.185666615520326,3.06044769404842E-19,-0.982612796518154));
#716=DIRECTION('center_axis',(0.982612795804968,3.8099980775746E-5,-0.185666615385577));
#717=DIRECTION('ref_axis',(-0.185666615520326,3.04975243342888E-19,-0.982612796518154));
#718=DIRECTION('',(0.114101634530109,-0.789000876489731,0.603703929004934));
#719=DIRECTION('center_axis',(-0.982612795804968,-3.8099980775746E-5,0.185666615385577));
#720=DIRECTION('ref_axis',(-0.185666615520326,3.06044769404842E-19,-0.982612796518154));
#721=DIRECTION('',(-0.123181879050411,0.748347886204738,-0.651768107448125));
#722=DIRECTION('center_axis',(0.982612795804968,3.8099980775746E-5,-0.185666615385577));
#723=DIRECTION('ref_axis',(-0.185666615520326,3.04975243342888E-19,-0.982612796518154));
#724=DIRECTION('',(0.0935891866867344,-0.863763751283217,0.495129524573581));
#725=DIRECTION('center_axis',(-0.982612795804968,-3.8099980775746E-5,0.185666615385577));
#726=DIRECTION('ref_axis',(-0.185666615520326,3.06044769404842E-19,-0.982612796518154));
#727=DIRECTION('',(-0.102338351186949,0.834488154315536,-0.541439176808796));
#728=DIRECTION('center_axis',(-0.98261279580497,-3.80999807703115E-5,0.185666615385569));
#729=DIRECTION('ref_axis',(-0.185666615520326,3.04975243342888E-19,-0.982612796518154));
#730=DIRECTION('',(-0.98261279580497,-3.80999807703115E-5,0.185666615385569));
#731=DIRECTION('center_axis',(0.982612795804968,3.8099980775746E-5,-0.185666615385577));
#732=DIRECTION('ref_axis',(-0.185666615520334,2.92273675049648E-21,-0.982612796518152));
#733=DIRECTION('',(-0.98261279580497,-3.80999807703115E-5,0.185666615385569));
#734=DIRECTION('center_axis',(0.154915962368891,0.551025878571453,0.81998263746733));
#735=DIRECTION('ref_axis',(-0.102338351186949,0.834488154315536,-0.541439176808796));
#736=DIRECTION('',(-0.98261279580497,-3.80999807703115E-5,0.185666615385569));
#737=DIRECTION('',(-0.102338351186949,0.834488154315536,-0.541439176808796));
#738=DIRECTION('center_axis',(-0.98261279580497,-3.80999807703115E-5,0.185666615385569));
#739=DIRECTION('ref_axis',(-0.185666615520326,3.06044769404842E-19,-0.982612796518154));
#740=DIRECTION('',(-0.98261279580497,-3.80999807703115E-5,0.185666615385569));
#741=DIRECTION('center_axis',(-0.982612795804968,-3.8099980775746E-5,0.185666615385577));
#742=DIRECTION('ref_axis',(-0.185666615520334,2.92273675049648E-21,-0.982612796518153));
#743=DIRECTION('center_axis',(-0.160353227768132,-0.503896993955646,-0.848748880309603));
#744=DIRECTION('ref_axis',(0.0935891866867343,-0.863763751283217,0.495129524573581));
#745=DIRECTION('',(0.0935891866867343,-0.863763751283217,0.495129524573581));
#746=DIRECTION('center_axis',(0.982612795804968,3.8099980775746E-5,-0.185666615385577));
#747=DIRECTION('ref_axis',(-0.185666615520334,2.92273675049648E-21,-0.982612796518153));
#748=DIRECTION('center_axis',(-0.98261279580497,-3.80999807703115E-5,0.185666615385569));
#749=DIRECTION('ref_axis',(-0.185666615520326,3.04975243342888E-19,-0.982612796518154));
#750=DIRECTION('',(-0.98261279580497,-3.80999807703115E-5,0.185666615385569));
#751=DIRECTION('center_axis',(0.982612795804968,3.8099980775746E-5,-0.185666615385577));
#752=DIRECTION('ref_axis',(-0.185666615520334,2.92273675049648E-21,-0.982612796518152));
#753=DIRECTION('',(-0.98261279580497,-3.80999807703115E-5,0.185666615385569));
#754=DIRECTION('center_axis',(0.138918386810218,0.66330644483624,0.7353409019256));
#755=DIRECTION('ref_axis',(-0.123181879050411,0.748347886204738,-0.651768107448125));
#756=DIRECTION('',(-0.98261279580497,-3.80999807703115E-5,0.185666615385569));
#757=DIRECTION('',(-0.123181879050411,0.748347886204738,-0.651768107448125));
#758=DIRECTION('center_axis',(-0.98261279580497,-3.80999807703115E-5,0.185666615385569));
#759=DIRECTION('ref_axis',(-0.185666615520326,3.06044769404842E-19,-0.982612796518154));
#760=DIRECTION('',(-0.98261279580497,-3.80999807703115E-5,0.185666615385569));
#761=DIRECTION('center_axis',(-0.982612795804968,-3.8099980775746E-5,0.185666615385577));
#762=DIRECTION('ref_axis',(-0.185666615520334,2.92273675049648E-21,-0.982612796518153));
#763=DIRECTION('center_axis',(-0.14646812116601,-0.614392069811149,-0.775286704410227));
#764=DIRECTION('ref_axis',(0.114101634530109,-0.789000876489731,0.603703929004934));
#765=DIRECTION('',(0.114101634530109,-0.789000876489731,0.603703929004934));
#766=DIRECTION('center_axis',(0.982612795804968,3.8099980775746E-5,-0.185666615385577));
#767=DIRECTION('ref_axis',(-0.185666615520334,2.92273675049648E-21,-0.982612796518153));
#768=DIRECTION('center_axis',(-0.98261279580497,-3.80999807703115E-5,0.185666615385569));
#769=DIRECTION('ref_axis',(0.0607210031197179,0.944943428719131,0.321550736744091));
#770=DIRECTION('',(-0.98261279580497,-3.80999807703115E-5,0.185666615385569));
#771=DIRECTION('center_axis',(-0.982612795804968,-3.8099980775746E-5,0.185666615385577));
#772=DIRECTION('ref_axis',(-0.185666615520334,2.92273675049648E-21,-0.982612796518153));
#773=DIRECTION('center_axis',(-0.12461154749904,-0.741179421182663,-0.659640074468817));
#774=DIRECTION('ref_axis',(0.137637406798582,-0.671306982060908,0.72828763554384));
#775=DIRECTION('',(-0.98261279580497,-3.80999807703115E-5,0.185666615385569));
#776=DIRECTION('',(0.137637406798582,-0.671306982060908,0.72828763554384));
#777=DIRECTION('center_axis',(-0.98261279580497,-3.80999807703115E-5,0.185666615385569));
#778=DIRECTION('ref_axis',(0.0554428764396479,0.954313361421185,0.293618963394903));
#779=DIRECTION('center_axis',(0.982612795804968,3.8099980775746E-5,-0.185666615385577));
#780=DIRECTION('ref_axis',(-0.185666615520334,2.92273675049648E-21,-0.982612796518152));
#781=DIRECTION('center_axis',(0.982612795804968,3.8099980775746E-5,-0.185666615385577));
#782=DIRECTION('ref_axis',(-0.185666615520334,2.92273675049648E-21,-0.982612796518153));
#783=DIRECTION('center_axis',(0.982612795804968,3.8099980775746E-5,-0.185666615385577));
#784=DIRECTION('ref_axis',(-0.185666615520334,0.,-0.982612796518153));
#785=DIRECTION('center_axis',(3.74375286573436E-5,-0.999999999274196,-7.07389448202256E-6));
#786=DIRECTION('ref_axis',(0.185666615520334,0.,0.982612796518153));
#787=DIRECTION('center_axis',(0.982612795804968,3.80999807760088E-5,-0.185666615385576));
#788=DIRECTION('ref_axis',(0.185666615520334,4.09850833872264E-17,0.982612796518153));
#789=DIRECTION('center_axis',(0.982612795804968,3.80999807757471E-5,-0.185666615385577));
#790=DIRECTION('ref_axis',(0.185666615520334,4.09850833872264E-17,0.982612796518153));
#791=DIRECTION('',(0.982612795804968,3.80999807760088E-5,-0.185666615385576));
#792=DIRECTION('center_axis',(-0.982612795804968,-3.80999807757467E-5,0.185666615385577));
#793=DIRECTION('ref_axis',(0.185666615520334,4.09850833872264E-17,0.982612796518153));
#794=DIRECTION('center_axis',(0.982612795804968,3.80999807774111E-5,-0.185666615385578));
#795=DIRECTION('ref_axis',(-0.185666615520336,-4.10126986833016E-17,-0.982612796518152));
#796=DIRECTION('',(-0.00249777653329224,0.999912195639747,-0.0130139203659482));
#797=DIRECTION('',(0.185649817217077,0.0132513983900934,0.982526613282293));
#798=DIRECTION('',(0.00249777653328633,-0.999912195639747,0.0130139203659486));
#799=DIRECTION('',(0.00249777653328633,-0.999912195639747,0.0130139203659486));
#800=DIRECTION('center_axis',(0.982612795804968,3.80999807757462E-5,-0.185666615385577));
#801=DIRECTION('ref_axis',(0.00249777653329466,-0.999912195639746,0.013013920365961));
#802=DIRECTION('',(0.185649817217077,0.0132513983900934,0.982526613282293));
#803=DIRECTION('',(-0.00249777653329224,0.999912195639746,-0.0130139203659482));
#804=DIRECTION('center_axis',(-0.982612795804968,-3.80999807757462E-5,0.185666615385577));
#805=DIRECTION('ref_axis',(0.00249777653329803,-0.999912195639746,0.0130139203659603));
#806=DIRECTION('',(0.185649817217077,0.013251398390091,0.982526613282293));
#807=DIRECTION('',(0.018574097654282,-0.995003562207692,0.0980964529956712));
#808=DIRECTION('center_axis',(0.982612795804968,3.80999807757462E-5,-0.185666615385577));
#809=DIRECTION('ref_axis',(0.185666615520336,4.10734548318856E-17,0.982612796518152));
#810=DIRECTION('center_axis',(-0.185649817217078,-0.0132513983900934,-0.982526613282293));
#811=DIRECTION('ref_axis',(-0.00249777653329224,0.999912195639747,-0.0130139203659482));
#812=DIRECTION('',(0.982612795804968,3.80999807791875E-5,-0.185666615385576));
#813=DIRECTION('',(0.982612795804968,3.80999807774111E-5,-0.185666615385578));
#814=DIRECTION('center_axis',(-0.0024977765332939,0.999912195639746,-0.0130139203659479));
#815=DIRECTION('ref_axis',(0.185649817217077,0.0132513983900934,0.982526613282293));
#816=DIRECTION('center_axis',(0.184735206218722,0.0998394197819388,0.977703939769566));
#817=DIRECTION('ref_axis',(0.018574097654282,-0.995003562207692,0.0980964529956712));
#818=DIRECTION('',(0.982612795804968,3.80999807774111E-5,-0.185666615385578));
#819=DIRECTION('center_axis',(-0.00249777653329344,0.999912195639746,-0.0130139203659454));
#820=DIRECTION('ref_axis',(0.185649817217077,0.013251398390091,0.982526613282293));
#821=DIRECTION('',(0.982612795804968,3.80999807791875E-5,-0.185666615385576));
#822=DIRECTION('center_axis',(0.982612795804968,3.80999807791875E-5,-0.185666615385576));
#823=DIRECTION('ref_axis',(0.00249777653329803,-0.999912195639746,0.0130139203659603));
#824=DIRECTION('center_axis',(0.982612795804968,3.80999807774111E-5,-0.185666615385578));
#825=DIRECTION('ref_axis',(0.185666615520336,4.10734548318856E-17,0.982612796518152));
#826=DIRECTION('',(0.982612795804968,3.80999807774111E-5,-0.185666615385578));
#827=DIRECTION('center_axis',(0.982612795804968,3.80999807757471E-5,-0.185666615385577));
#828=DIRECTION('ref_axis',(0.185666615520334,4.1010608689876E-17,0.982612796518153));
#829=DIRECTION('center_axis',(-0.982612795804968,-3.80999807757471E-5,0.185666615385577));
#830=DIRECTION('ref_axis',(0.185666615520334,4.1010608689876E-17,0.982612796518153));
#831=DIRECTION('center_axis',(0.982612795804968,3.80999807757467E-5,-0.185666615385577));
#832=DIRECTION('ref_axis',(0.00249777653329466,-0.999912195639746,0.013013920365961));
#833=CARTESIAN_POINT('',(0.,0.,0.));
#834=CARTESIAN_POINT('Ctrl Pts',(33.943659642557,100.249992609019,-67.4394718448088));
#835=CARTESIAN_POINT('Ctrl Pts',(33.9435589645042,98.851674712908,-67.4402916121517));
#836=CARTESIAN_POINT('Ctrl Pts',(33.7927013153638,96.5097960027544,-68.2391637282626));
#837=CARTESIAN_POINT('Ctrl Pts',(33.3071243196944,94.4056401035535,-70.8094391469293));
#838=CARTESIAN_POINT('Ctrl Pts',(32.9602911862331,93.9574744217981,-72.6450936039475));
#839=CARTESIAN_POINT('Ctrl Pts',(32.7872208246344,93.9458780338966,-73.561044989987));
#840=CARTESIAN_POINT('Ctrl Pts',(29.7807712604254,100.24971957475,-66.4624870838503));
#841=CARTESIAN_POINT('Ctrl Pts',(29.7806675979288,98.8099507283904,-66.4633311519159));
#842=CARTESIAN_POINT('Ctrl Pts',(29.625334521936,96.3985860562362,-67.2859030543169));
#843=CARTESIAN_POINT('Ctrl Pts',(29.1253593825078,94.2320468033388,-69.9323912970739));
#844=CARTESIAN_POINT('Ctrl Pts',(28.7682362423566,93.7705815309256,-71.8225068048066));
#845=CARTESIAN_POINT('Ctrl Pts',(28.5900354801755,93.758641386215,-72.7656101392263));
#846=CARTESIAN_POINT('Ctrl Pts',(25.6826186232344,100.249280225915,-65.2097616929231));
#847=CARTESIAN_POINT('Ctrl Pts',(25.6825074588785,98.7053180229824,-65.210666844603));
#848=CARTESIAN_POINT('Ctrl Pts',(25.515933481478,96.1194522618921,-66.0927653453895));
#849=CARTESIAN_POINT('Ctrl Pts',(24.9797763805562,93.7961253159086,-68.9307733822423));
#850=CARTESIAN_POINT('Ctrl Pts',(24.5968095602834,93.3012657485247,-70.9576695548634));
#851=CARTESIAN_POINT('Ctrl Pts',(24.4057127449596,93.2884615180559,-71.9690234992746));
#852=CARTESIAN_POINT('Ctrl Pts',(21.6849655570546,100.248678396633,-63.6922279766437));
#853=CARTESIAN_POINT('Ctrl Pts',(21.6848424389005,98.538689841443,-63.6932304616855));
#854=CARTESIAN_POINT('Ctrl Pts',(21.5003601733079,95.6748304835901,-64.6701629456456));
#855=CARTESIAN_POINT('Ctrl Pts',(20.9065530658038,93.1016799031802,-67.8133262862887));
#856=CARTESIAN_POINT('Ctrl Pts',(20.4824143986012,92.5536227061969,-70.0581292181007));
#857=CARTESIAN_POINT('Ctrl Pts',(20.2707684356907,92.5394416028524,-71.1782367355682));
#858=CARTESIAN_POINT('',(21.684965557055,100.248678396633,-63.6922279766435));
#859=CARTESIAN_POINT('',(33.9436596709234,100.251901704509,-67.4394713029253));
#860=CARTESIAN_POINT('Ctrl Pts',(21.6849655570546,100.248678396633,-63.6922279766437));
#861=CARTESIAN_POINT('Ctrl Pts',(25.6826186232344,100.249280225915,-65.2097616929231));
#862=CARTESIAN_POINT('Ctrl Pts',(29.7807712604254,100.24971957475,-66.4624870838503));
#863=CARTESIAN_POINT('Ctrl Pts',(33.943659642557,100.249992609019,-67.4394718448088));
#864=CARTESIAN_POINT('',(20.2707684356905,92.539441602852,-71.1782367355676));
#865=CARTESIAN_POINT('Ctrl Pts',(21.6849655570546,100.248678396633,-63.6922279766437));
#866=CARTESIAN_POINT('Ctrl Pts',(21.6848424389005,98.538689841443,-63.6932304616855));
#867=CARTESIAN_POINT('Ctrl Pts',(21.5003601733079,95.6748304835901,-64.6701629456456));
#868=CARTESIAN_POINT('Ctrl Pts',(20.9065530658038,93.1016799031802,-67.8133262862887));
#869=CARTESIAN_POINT('Ctrl Pts',(20.4824143986012,92.5536227061969,-70.0581292181007));
#870=CARTESIAN_POINT('Ctrl Pts',(20.2707684356907,92.5394416028524,-71.1782367355682));
#871=CARTESIAN_POINT('',(32.7872208246344,93.9458780338966,-73.5610449899865));
#872=CARTESIAN_POINT('Origin',(37.1836589341885,-2.9256013425881,-73.1653186189096));
#873=CARTESIAN_POINT('Ctrl Pts',(32.7872208246345,93.9458780338966,-73.5610449899866));
#874=CARTESIAN_POINT('Ctrl Pts',(32.7978328649268,93.9465890819034,-73.5048822078403));
#875=CARTESIAN_POINT('Ctrl Pts',(32.8084301037656,93.9480980264934,-73.4487924746882));
#876=CARTESIAN_POINT('Ctrl Pts',(32.8190071599602,93.9503919825066,-73.3928058000306));
#877=CARTESIAN_POINT('Ctrl Pts',(32.8472458292952,93.9565163959665,-73.2433323393884));
#878=CARTESIAN_POINT('Ctrl Pts',(32.8755373312128,93.9682820830269,-73.0935731330261));
#879=CARTESIAN_POINT('Ctrl Pts',(32.9037728183881,93.9856394038785,-72.9441082529816));
#880=CARTESIAN_POINT('Ctrl Pts',(32.9322877895834,94.0031685331277,-72.7931639210238));
#881=CARTESIAN_POINT('Ctrl Pts',(32.9607455134091,94.0264004907274,-72.6425203966467));
#882=CARTESIAN_POINT('Ctrl Pts',(32.9890333563463,94.0552311985824,-72.492777920994));
#883=CARTESIAN_POINT('Ctrl Pts',(33.0174490475827,94.0841922082414,-72.3423586768483));
#884=CARTESIAN_POINT('Ctrl Pts',(33.0456931942574,94.1188025680572,-72.1928493041264));
#885=CARTESIAN_POINT('Ctrl Pts',(33.073652943132,94.1589049787956,-72.0448512738919));
#886=CARTESIAN_POINT('Ctrl Pts',(33.1015085344845,94.1988579973576,-71.8974045757946));
#887=CARTESIAN_POINT('Ctrl Pts',(33.1290817231662,94.2442620153672,-71.7514586151239));
#888=CARTESIAN_POINT('Ctrl Pts',(33.1562640449988,94.2949127739193,-71.6075915975958));
#889=CARTESIAN_POINT('Ctrl Pts',(33.1831201823978,94.3449557297574,-71.4654509661323));
#890=CARTESIAN_POINT('Ctrl Pts',(33.2095946736771,94.4001199867129,-71.3253402318963));
#891=CARTESIAN_POINT('Ctrl Pts',(33.2355876275823,94.4601646059495,-71.1877920901906));
#892=CARTESIAN_POINT('Ctrl Pts',(33.243686658717,94.4788736469628,-71.1449340646557));
#893=CARTESIAN_POINT('Ctrl Pts',(33.2517389803686,94.4980561928986,-71.1023246137625));
#894=CARTESIAN_POINT('Ctrl Pts',(33.2597416897801,94.5177041330235,-71.0599792221718));
#895=CARTESIAN_POINT('Ctrl Pts',(33.2697995820306,94.5423978779239,-71.0067590733415));
#896=CARTESIAN_POINT('Ctrl Pts',(33.2798063575854,94.5678952927465,-70.9538082035796));
#897=CARTESIAN_POINT('Ctrl Pts',(33.2897548851322,94.5941912062504,-70.9011644346217));
#898=CARTESIAN_POINT('Ctrl Pts',(33.3141804657424,94.6587528161955,-70.7719136870865));
#899=CARTESIAN_POINT('Ctrl Pts',(33.3382547225321,94.7281313150569,-70.6445152265114));
#900=CARTESIAN_POINT('Ctrl Pts',(33.3618877376993,94.8020983819313,-70.5194461494722));
#901=CARTESIAN_POINT('Ctrl Pts',(33.3864642606219,94.8790184575842,-70.3893839032023));
#902=CARTESIAN_POINT('Ctrl Pts',(33.4105634770075,94.9609007861329,-70.2618414345098));
#903=CARTESIAN_POINT('Ctrl Pts',(33.4340883095461,95.0474337655805,-70.1373338938832));
#904=CARTESIAN_POINT('Ctrl Pts',(33.4569099279942,95.131380065172,-70.016548184509));
#905=CARTESIAN_POINT('Ctrl Pts',(33.4791909169129,95.2197025328886,-69.8986190529516));
#906=CARTESIAN_POINT('Ctrl Pts',(33.500847809833,95.3120716514998,-69.7839895052186));
#907=CARTESIAN_POINT('Ctrl Pts',(33.5235056899724,95.4087100947793,-69.6640617499979));
#908=CARTESIAN_POINT('Ctrl Pts',(33.5454802857246,95.5097778098714,-69.5477465073986));
#909=CARTESIAN_POINT('Ctrl Pts',(33.5666836402482,95.6148519808791,-69.4355107420628));
#910=CARTESIAN_POINT('Ctrl Pts',(33.5866759249925,95.713924641467,-69.3296855351798));
#911=CARTESIAN_POINT('Ctrl Pts',(33.6059825425914,95.8165584412622,-69.2274871619844));
#912=CARTESIAN_POINT('Ctrl Pts',(33.6245374423327,95.9223666697861,-69.129266421673));
#913=CARTESIAN_POINT('Ctrl Pts',(33.6256614398459,95.9287761997433,-69.1233165179062));
#914=CARTESIAN_POINT('Ctrl Pts',(33.6267826813864,95.9351973699011,-69.1173811970679));
#915=CARTESIAN_POINT('Ctrl Pts',(33.6279011532544,95.9416300910686,-69.1114605319362));
#916=CARTESIAN_POINT('Ctrl Pts',(33.646706897295,96.0497884732477,-69.011911749174));
#917=CARTESIAN_POINT('Ctrl Pts',(33.6648467526335,96.1619215312476,-68.9158578714712));
#918=CARTESIAN_POINT('Ctrl Pts',(33.6822320128241,96.2777257768816,-68.8237778777938));
#919=CARTESIAN_POINT('Ctrl Pts',(33.6855005062829,96.2994974049851,-68.8064664971347));
#920=CARTESIAN_POINT('Ctrl Pts',(33.6887423449537,96.3213986748931,-68.7892954867472));
#921=CARTESIAN_POINT('Ctrl Pts',(33.6919569635583,96.3434274097199,-68.7722679015315));
#922=CARTESIAN_POINT('Ctrl Pts',(33.7087786799648,96.4587011561961,-68.6831645755032));
#923=CARTESIAN_POINT('Ctrl Pts',(33.7248544468551,96.5774681302829,-68.5979917428409));
#924=CARTESIAN_POINT('Ctrl Pts',(33.7401387549813,96.6992515898551,-68.516999351461));
#925=CARTESIAN_POINT('Ctrl Pts',(33.7556599837701,96.8229228036981,-68.4347515044283));
#926=CARTESIAN_POINT('Ctrl Pts',(33.7703649667819,96.9497042299141,-68.3568150230369));
#927=CARTESIAN_POINT('Ctrl Pts',(33.7842140149932,97.0790644871384,-68.2834094887553));
#928=CARTESIAN_POINT('Ctrl Pts',(33.7981200335773,97.2089568893868,-68.2097019885481));
#929=CARTESIAN_POINT('Ctrl Pts',(33.8111630169642,97.3414487695832,-68.1405630219397));
#930=CARTESIAN_POINT('Ctrl Pts',(33.8233115247919,97.4759786649033,-68.0761686385459));
#931=CARTESIAN_POINT('Ctrl Pts',(33.8354451187068,97.6103434068428,-68.011853307842));
#932=CARTESIAN_POINT('Ctrl Pts',(33.8466864001067,97.7467405294143,-67.9522710866264));
#933=CARTESIAN_POINT('Ctrl Pts',(33.8570133021844,97.8845966488386,-67.8975483837301));
#934=CARTESIAN_POINT('Ctrl Pts',(33.8602729429346,97.9281103203321,-67.8802754057367));
#935=CARTESIAN_POINT('Ctrl Pts',(33.8634415533013,97.9717692885071,-67.8634862152299));
#936=CARTESIAN_POINT('Ctrl Pts',(33.8665186386003,98.0155553868262,-67.8471837329238));
#937=CARTESIAN_POINT('Ctrl Pts',(33.87642570638,98.1565303035719,-67.7946958161175));
#938=CARTESIAN_POINT('Ctrl Pts',(33.8854638943338,98.2999017889013,-67.7468565912757));
#939=CARTESIAN_POINT('Ctrl Pts',(33.8935759990414,98.4451460764448,-67.7039497542389));
#940=CARTESIAN_POINT('Ctrl Pts',(33.9017327215741,98.5911892299377,-67.6608069229907));
#941=CARTESIAN_POINT('Ctrl Pts',(33.908953090144,98.7391252619338,-67.6226511803914));
#942=CARTESIAN_POINT('Ctrl Pts',(33.9151873426156,98.8883949121612,-67.5897265299168));
#943=CARTESIAN_POINT('Ctrl Pts',(33.9214014178957,99.0371814503679,-67.5569084402495));
#944=CARTESIAN_POINT('Ctrl Pts',(33.9266357098223,99.1872923542483,-67.5292878487592));
#945=CARTESIAN_POINT('Ctrl Pts',(33.9308499499893,99.3381564047681,-67.5070587056642));
#946=CARTESIAN_POINT('Ctrl Pts',(33.9350746418645,99.4893946121881,-67.4847744322233));
#947=CARTESIAN_POINT('Ctrl Pts',(33.9382741703854,99.6413890731415,-67.4679086247799));
#948=CARTESIAN_POINT('Ctrl Pts',(33.9404176952645,99.7935563185815,-67.4566051953393));
#949=CARTESIAN_POINT('Ctrl Pts',(33.9425612201437,99.9457235640216,-67.4453017658987));
#950=CARTESIAN_POINT('Ctrl Pts',(33.9436487037128,100.098062955681,-67.4395609139458));
#951=CARTESIAN_POINT('Ctrl Pts',(33.943659642557,100.249992609018,-67.4394718448088));
#952=CARTESIAN_POINT('Ctrl Pts',(32.7872208246345,93.9458780338966,-73.5610449899865));
#953=CARTESIAN_POINT('Ctrl Pts',(32.5246146711663,93.9282823994227,-74.950852395655));
#954=CARTESIAN_POINT('Ctrl Pts',(31.9936480953491,94.890966494733,-77.760716044076));
#955=CARTESIAN_POINT('Ctrl Pts',(31.5433126376943,98.6796368147926,-80.1432716473609));
#956=CARTESIAN_POINT('Ctrl Pts',(31.628924866471,103.155689512289,-79.6892632149888));
#957=CARTESIAN_POINT('Ctrl Pts',(32.2173704527719,106.37316305383,-76.5743427043017));
#958=CARTESIAN_POINT('Ctrl Pts',(33.0492578776247,106.894734092781,-72.1715958858792));
#959=CARTESIAN_POINT('Ctrl Pts',(33.75947123909,104.509232015101,-68.4133874018443));
#960=CARTESIAN_POINT('Ctrl Pts',(33.9437614842818,101.664472749278,-67.43864260231));
#961=CARTESIAN_POINT('Ctrl Pts',(33.943659642557,100.249992609019,-67.4394718448088));
#962=CARTESIAN_POINT('Ctrl Pts',(28.5900354801756,93.7586413862151,-72.7656101392258));
#963=CARTESIAN_POINT('Ctrl Pts',(28.319644777405,93.7405241566366,-74.1966162149463));
#964=CARTESIAN_POINT('Ctrl Pts',(27.7729256436912,94.7317595223126,-77.0898420613635));
#965=CARTESIAN_POINT('Ctrl Pts',(27.309237024284,98.6327923692029,-79.5430442187691));
#966=CARTESIAN_POINT('Ctrl Pts',(27.3973874279494,103.241589445324,-79.0755756353808));
#967=CARTESIAN_POINT('Ctrl Pts',(28.0032849234295,106.554490087825,-75.8682739230123));
#968=CARTESIAN_POINT('Ctrl Pts',(28.8598437208401,107.091518479758,-71.3349543829407));
#969=CARTESIAN_POINT('Ctrl Pts',(29.5911201994226,104.635288699526,-67.4652870152942));
#970=CARTESIAN_POINT('Ctrl Pts',(29.7808761210891,101.706129769814,-66.4616332597525));
#971=CARTESIAN_POINT('Ctrl Pts',(29.7807712604254,100.24971957475,-66.4624870838501));
#972=CARTESIAN_POINT('Ctrl Pts',(24.4057127449597,93.2884615180559,-71.969023499274));
#973=CARTESIAN_POINT('Ctrl Pts',(24.1157543768797,93.2690331787348,-73.5035887863821));
#974=CARTESIAN_POINT('Ctrl Pts',(23.5294711723195,94.3320013330921,-76.6061868409866));
#975=CARTESIAN_POINT('Ctrl Pts',(23.0322265559266,98.5153405905239,-79.2369211631113));
#976=CARTESIAN_POINT('Ctrl Pts',(23.1267562131436,103.457663231109,-78.7356228927209));
#977=CARTESIAN_POINT('Ctrl Pts',(23.7765007437448,107.010308503649,-75.2962181070872));
#978=CARTESIAN_POINT('Ctrl Pts',(24.6950462372744,107.586200911893,-70.4348352726639));
#979=CARTESIAN_POINT('Ctrl Pts',(25.4792430726654,104.952219400943,-66.2851313065527));
#980=CARTESIAN_POINT('Ctrl Pts',(25.6827310724667,101.811088080645,-65.2088460791851));
#981=CARTESIAN_POINT('Ctrl Pts',(25.6826186232345,100.249280225915,-65.2097616929228));
#982=CARTESIAN_POINT('Ctrl Pts',(20.2707684356908,92.5394416028524,-71.1782367355676));
#983=CARTESIAN_POINT('Ctrl Pts',(19.9496300749479,92.5179240826552,-72.8778178996429));
#984=CARTESIAN_POINT('Ctrl Pts',(19.3003165173057,93.6951805490375,-76.3139712191589));
#985=CARTESIAN_POINT('Ctrl Pts',(18.7496059237202,98.3283064674814,-79.2275739307208));
#986=CARTESIAN_POINT('Ctrl Pts',(18.8543002366518,103.802025216621,-78.6723716941783));
#987=CARTESIAN_POINT('Ctrl Pts',(19.5739042842926,107.736640476808,-74.8631674792898));
#988=CARTESIAN_POINT('Ctrl Pts',(20.5912108493203,108.374464329248,-69.4790937347819));
#989=CARTESIAN_POINT('Ctrl Pts',(21.4597234552379,105.457258404332,-64.8832192819038));
#990=CARTESIAN_POINT('Ctrl Pts',(21.6850900982513,101.978431593961,-63.6912139045311));
#991=CARTESIAN_POINT('Ctrl Pts',(21.6849655570548,100.248678396633,-63.6922279766434));
#992=CARTESIAN_POINT('Ctrl Pts',(33.9436596978048,100.25371085922,-67.4394707894093));
#993=CARTESIAN_POINT('Ctrl Pts',(33.9435999480274,101.666965173533,-67.4394969973176));
#994=CARTESIAN_POINT('Ctrl Pts',(33.7592638022036,104.509928765051,-68.414485087566));
#995=CARTESIAN_POINT('Ctrl Pts',(33.0492578776247,106.894734092781,-72.1715958858792));
#996=CARTESIAN_POINT('Ctrl Pts',(32.2173704527719,106.37316305383,-76.5743427043017));
#997=CARTESIAN_POINT('Ctrl Pts',(31.628924866471,103.155689512289,-79.6892632149888));
#998=CARTESIAN_POINT('Ctrl Pts',(31.5433126376943,98.6796368147926,-80.1432716473609));
#999=CARTESIAN_POINT('Ctrl Pts',(31.9936480953491,94.890966494733,-77.760716044076));
#1000=CARTESIAN_POINT('Ctrl Pts',(32.5246146711663,93.9282823994227,-74.950852395655));
#1001=CARTESIAN_POINT('Ctrl Pts',(32.7872208246345,93.9458780338966,-73.5610449899865));
#1002=CARTESIAN_POINT('',(20.2333938731761,107.966928846848,-71.3728701990074));
#1003=CARTESIAN_POINT('Ctrl Pts',(20.2707684356908,92.5394416028524,-71.1782367355678));
#1004=CARTESIAN_POINT('Ctrl Pts',(20.2383954842443,92.5372724890942,-71.3495661848951));
#1005=CARTESIAN_POINT('Ctrl Pts',(20.2059258428971,92.5413039921807,-71.521406078656));
#1006=CARTESIAN_POINT('Ctrl Pts',(20.1734688097029,92.5514463444545,-71.6931779916668));
#1007=CARTESIAN_POINT('Ctrl Pts',(20.1406134009691,92.5617131833083,-71.8670582220993));
#1008=CARTESIAN_POINT('Ctrl Pts',(20.1077710190548,92.5782417294807,-72.0408682250953));
#1009=CARTESIAN_POINT('Ctrl Pts',(20.075055504735,92.600885637734,-72.2140055454087));
#1010=CARTESIAN_POINT('Ctrl Pts',(20.0420054457858,92.6237610996721,-72.3889133456261));
#1011=CARTESIAN_POINT('Ctrl Pts',(20.009084978852,92.6528775139236,-72.563134018799));
#1012=CARTESIAN_POINT('Ctrl Pts',(19.9764102461614,92.6880314722259,-72.7360529412966));
#1013=CARTESIAN_POINT('Ctrl Pts',(19.943723234456,92.7231986412245,-72.9090368459323));
#1014=CARTESIAN_POINT('Ctrl Pts',(19.9112822567449,92.7644076680436,-73.0807174126188));
#1015=CARTESIAN_POINT('Ctrl Pts',(19.8792006212961,92.811405337444,-73.2504950262549));
#1016=CARTESIAN_POINT('Ctrl Pts',(19.847319572743,92.8581091590876,-73.4192111240426));
#1017=CARTESIAN_POINT('Ctrl Pts',(19.8157934914912,92.9105291800253,-73.5860474374719));
#1018=CARTESIAN_POINT('Ctrl Pts',(19.7847290116826,92.9683718385753,-73.7504396815349));
#1019=CARTESIAN_POINT('Ctrl Pts',(19.7772491992099,92.9822993931824,-73.79002261243));
#1020=CARTESIAN_POINT('Ctrl Pts',(19.7697961239607,92.9965411390099,-73.8294639760938));
#1021=CARTESIAN_POINT('Ctrl Pts',(19.762371224403,93.0110926128639,-73.8687561605662));
#1022=CARTESIAN_POINT('Ctrl Pts',(19.7322071319542,93.0702088337891,-74.0283829778357));
#1023=CARTESIAN_POINT('Ctrl Pts',(19.702305313514,93.1348687544417,-74.1866976510527));
#1024=CARTESIAN_POINT('Ctrl Pts',(19.6727741849017,93.2049640574841,-74.343093842268));
#1025=CARTESIAN_POINT('Ctrl Pts',(19.6431761965232,93.2752180593568,-74.4998441212971));
#1026=CARTESIAN_POINT('Ctrl Pts',(19.6139506923674,93.3509319421947,-74.6546666182519));
#1027=CARTESIAN_POINT('Ctrl Pts',(19.585205061177,93.4319454107851,-74.8069602196675));
#1028=CARTESIAN_POINT('Ctrl Pts',(19.5565804503946,93.5126178090069,-74.95861265813));
#1029=CARTESIAN_POINT('Ctrl Pts',(19.5284317909483,93.5985450495169,-75.107756865322));
#1030=CARTESIAN_POINT('Ctrl Pts',(19.5008616946996,93.6895208488228,-75.2538174307445));
#1031=CARTESIAN_POINT('Ctrl Pts',(19.4736504203835,93.7793126075713,-75.3979770331128));
#1032=CARTESIAN_POINT('Ctrl Pts',(19.447002842957,93.8740220836174,-75.5391322322011));
#1033=CARTESIAN_POINT('Ctrl Pts',(19.4210127562299,93.9734078853765,-75.6767555413755));
#1034=CARTESIAN_POINT('Ctrl Pts',(19.4041159578392,94.0380210539606,-75.7662278595475));
#1035=CARTESIAN_POINT('Ctrl Pts',(19.387496953573,94.1046098642222,-75.8542079231611));
#1036=CARTESIAN_POINT('Ctrl Pts',(19.3711801052362,94.1730988740333,-75.940558257967));
#1037=CARTESIAN_POINT('Ctrl Pts',(19.3456558525809,94.2802354211436,-76.0756350642814));
#1038=CARTESIAN_POINT('Ctrl Pts',(19.3208713465934,94.3920231166911,-76.206721959961));
#1039=CARTESIAN_POINT('Ctrl Pts',(19.2968778465678,94.507934638757,-76.3335150107139));
#1040=CARTESIAN_POINT('Ctrl Pts',(19.2938946458977,94.5223463473419,-76.3492796600384));
#1041=CARTESIAN_POINT('Ctrl Pts',(19.2909236635627,94.5368217653656,-76.3649779828394));
#1042=CARTESIAN_POINT('Ctrl Pts',(19.2879649896819,94.5513598462494,-76.3806094394228));
#1043=CARTESIAN_POINT('Ctrl Pts',(19.2644379493303,94.6669650225439,-76.5049090157228));
#1044=CARTESIAN_POINT('Ctrl Pts',(19.2415742044535,94.7872276439685,-76.6257198391427));
#1045=CARTESIAN_POINT('Ctrl Pts',(19.2194470895092,94.9117559749312,-76.7426538762053));
#1046=CARTESIAN_POINT('Ctrl Pts',(19.1970854759202,95.0376040317101,-76.8608271563085));
#1047=CARTESIAN_POINT('Ctrl Pts',(19.1754762576423,95.1678083137969,-76.9750406769757));
#1048=CARTESIAN_POINT('Ctrl Pts',(19.1546893245267,95.3019213174509,-77.0849246461689));
#1049=CARTESIAN_POINT('Ctrl Pts',(19.1337004150736,95.4373374307624,-77.1958763034875));
#1050=CARTESIAN_POINT('Ctrl Pts',(19.1135499197066,95.5767381553792,-77.3024134843761));
#1051=CARTESIAN_POINT('Ctrl Pts',(19.094302830911,95.7196252224566,-77.4041923257291));
#1052=CARTESIAN_POINT('Ctrl Pts',(19.0750423558559,95.862611666815,-77.5060419537861));
#1053=CARTESIAN_POINT('Ctrl Pts',(19.0566866045647,96.0090887876048,-77.6031263031001));
#1054=CARTESIAN_POINT('Ctrl Pts',(19.0392927948801,96.1585270977656,-77.695142663104));
#1055=CARTESIAN_POINT('Ctrl Pts',(19.0219982461014,96.3071126113093,-77.7866339151858));
#1056=CARTESIAN_POINT('Ctrl Pts',(19.005654737805,96.4586250753321,-77.8731146095297));
#1057=CARTESIAN_POINT('Ctrl Pts',(18.990309911959,96.612522129994,-77.9543327171368));
#1058=CARTESIAN_POINT('Ctrl Pts',(18.9791239329035,96.7247090813104,-78.0135386058014));
#1059=CARTESIAN_POINT('Ctrl Pts',(18.9684684811057,96.838162729742,-78.0699488694845));
#1060=CARTESIAN_POINT('Ctrl Pts',(18.958358896847,96.9526680393003,-78.1234823652757));
#1061=CARTESIAN_POINT('Ctrl Pts',(18.9448902982689,97.1052189266592,-78.1948029207844));
#1062=CARTESIAN_POINT('Ctrl Pts',(18.9323428818228,97.2604386173639,-78.2613899829162));
#1063=CARTESIAN_POINT('Ctrl Pts',(18.9207579503333,97.4178475279243,-78.3229244300583));
#1064=CARTESIAN_POINT('Ctrl Pts',(18.9092272257313,97.5745199086986,-78.3841709522472));
#1065=CARTESIAN_POINT('Ctrl Pts',(18.8986500509998,97.7333605648319,-78.4404117625764));
#1066=CARTESIAN_POINT('Ctrl Pts',(18.8890585077855,97.893874654919,-78.4913779501737));
#1067=CARTESIAN_POINT('Ctrl Pts',(18.879570141493,98.0526620833695,-78.5417958908175));
#1068=CARTESIAN_POINT('Ctrl Pts',(18.8710463510875,98.2130866373173,-78.5870518904536));
#1069=CARTESIAN_POINT('Ctrl Pts',(18.8635090883668,98.3746552306797,-78.6269338162918));
#1070=CARTESIAN_POINT('Ctrl Pts',(18.862052933475,98.4058693340356,-78.6346387701397));
#1071=CARTESIAN_POINT('Ctrl Pts',(18.8606335712774,98.437126107931,-78.6421432927155));
#1072=CARTESIAN_POINT('Ctrl Pts',(18.8592511186601,98.4684219596934,-78.6494460735062));
#1073=CARTESIAN_POINT('Ctrl Pts',(18.8578988825276,98.4990337730908,-78.6565892362661));
#1074=CARTESIAN_POINT('Ctrl Pts',(18.856581960009,98.5296829745076,-78.6635393805133));
#1075=CARTESIAN_POINT('Ctrl Pts',(18.8553001754668,98.5603658420191,-78.6702967883324));
#1076=CARTESIAN_POINT('Ctrl Pts',(18.848406291193,98.7253890037511,-78.7066404841425));
#1077=CARTESIAN_POINT('Ctrl Pts',(18.8425194478886,98.8919449802331,-78.7375278458267));
#1078=CARTESIAN_POINT('Ctrl Pts',(18.8376623815351,99.0594825784761,-78.762923578729));
#1079=CARTESIAN_POINT('Ctrl Pts',(18.8327686552338,99.2282847094982,-78.7885109924066));
#1080=CARTESIAN_POINT('Ctrl Pts',(18.8289203148709,99.3980827791937,-78.8085235375093));
#1081=CARTESIAN_POINT('Ctrl Pts',(18.8261309752586,99.5683017883939,-78.8229761340066));
#1082=CARTESIAN_POINT('Ctrl Pts',(18.8233249083106,99.7395415806117,-78.8375154009946));
#1083=CARTESIAN_POINT('Ctrl Pts',(18.8215905805842,99.9112067853372,-78.8464278402216));
#1084=CARTESIAN_POINT('Ctrl Pts',(18.8209321049125,100.082709364147,-78.8497802340482));
#1085=CARTESIAN_POINT('Ctrl Pts',(18.8207159806622,100.138999775278,-78.8508805535191));
#1086=CARTESIAN_POINT('Ctrl Pts',(18.8206156779263,100.195272684349,-78.8513823125254));
#1087=CARTESIAN_POINT('Ctrl Pts',(18.8206311159348,100.25150740498,-78.8512890694487));
#1088=CARTESIAN_POINT('Ctrl Pts',(18.8206789516333,100.425754435351,-78.8510001495599));
#1089=CARTESIAN_POINT('Ctrl Pts',(18.8218096928726,100.600581135085,-78.8449929296773));
#1090=CARTESIAN_POINT('Ctrl Pts',(18.8240326101765,100.775389270994,-78.8332210394087));
#1091=CARTESIAN_POINT('Ctrl Pts',(18.8262673746477,100.951129057048,-78.8213864101651));
#1092=CARTESIAN_POINT('Ctrl Pts',(18.8296059928945,101.126849490503,-78.8037254738608));
#1093=CARTESIAN_POINT('Ctrl Pts',(18.8340481981303,101.301935766938,-78.7802423796));
#1094=CARTESIAN_POINT('Ctrl Pts',(18.8384870494064,101.476889849497,-78.7567770155765));
#1095=CARTESIAN_POINT('Ctrl Pts',(18.8440278134422,101.651210123661,-78.7274983265381));
#1096=CARTESIAN_POINT('Ctrl Pts',(18.8506606179342,101.824285278031,-78.6924612907282));
#1097=CARTESIAN_POINT('Ctrl Pts',(18.857257930595,101.996434315223,-78.6576117364828));
#1098=CARTESIAN_POINT('Ctrl Pts',(18.8649356092489,102.167350935154,-78.6170653955799));
#1099=CARTESIAN_POINT('Ctrl Pts',(18.8736746467342,102.336444598279,-78.5709255452779));
#1100=CARTESIAN_POINT('Ctrl Pts',(18.8822944761198,102.503231676233,-78.5254150828104));
#1101=CARTESIAN_POINT('Ctrl Pts',(18.8919468731434,102.668244679299,-78.4744628453949));
#1102=CARTESIAN_POINT('Ctrl Pts',(18.9026049365867,102.83093576019,-78.4182137761664));
#1103=CARTESIAN_POINT('Ctrl Pts',(18.91033567213,102.948942350064,-78.3774139928783));
#1104=CARTESIAN_POINT('Ctrl Pts',(18.9185953292825,103.065727694168,-78.333828390915));
#1105=CARTESIAN_POINT('Ctrl Pts',(18.9273708740265,103.181091336911,-78.2875269307948));
#1106=CARTESIAN_POINT('Ctrl Pts',(18.9366964855808,103.303686178725,-78.2383232124984));
#1107=CARTESIAN_POINT('Ctrl Pts',(18.9466298317185,103.425240498451,-78.1858257083088));
#1108=CARTESIAN_POINT('Ctrl Pts',(18.9571715716226,103.545479011233,-78.1300485377359));
#1109=CARTESIAN_POINT('Ctrl Pts',(18.9706284937534,103.698967934158,-78.0588469099298));
#1110=CARTESIAN_POINT('Ctrl Pts',(18.9850771555062,103.850311773211,-77.9822991474067));
#1111=CARTESIAN_POINT('Ctrl Pts',(19.0004675738581,103.999047017315,-77.9007063835496));
#1112=CARTESIAN_POINT('Ctrl Pts',(19.0162589454167,104.151657131596,-77.8169879542573));
#1113=CARTESIAN_POINT('Ctrl Pts',(19.0330417472252,104.301520420789,-77.7279584191378));
#1114=CARTESIAN_POINT('Ctrl Pts',(19.0507524707254,104.44815849769,-77.6339934250301));
#1115=CARTESIAN_POINT('Ctrl Pts',(19.0683758736739,104.594073593524,-77.5404917138102));
#1116=CARTESIAN_POINT('Ctrl Pts',(19.0869179833615,104.736794777237,-77.4421035541521));
#1117=CARTESIAN_POINT('Ctrl Pts',(19.106307924865,104.875879630643,-77.3392429903954));
#1118=CARTESIAN_POINT('Ctrl Pts',(19.1258419764812,105.015998191856,-77.2356179453517));
#1119=CARTESIAN_POINT('Ctrl Pts',(19.1462364334957,105.1524256835,-77.1274541706133));
#1120=CARTESIAN_POINT('Ctrl Pts',(19.1674115880187,105.284746134132,-77.0152133250879));
#1121=CARTESIAN_POINT('Ctrl Pts',(19.1885867425416,105.417066584764,-76.9029724795626));
#1122=CARTESIAN_POINT('Ctrl Pts',(19.2105425076931,105.545279570322,-76.7866550231326));
#1123=CARTESIAN_POINT('Ctrl Pts',(19.2331932000303,105.66901216159,-76.6667542305883));
#1124=CARTESIAN_POINT('Ctrl Pts',(19.255563388941,105.791212463457,-76.5483382749158));
#1125=CARTESIAN_POINT('Ctrl Pts',(19.2787747274145,105.909916416659,-76.4255803583179));
#1126=CARTESIAN_POINT('Ctrl Pts',(19.3027537058264,106.024632075418,-76.2988243355883));
#1127=CARTESIAN_POINT('Ctrl Pts',(19.3268767209961,106.140036807383,-76.1713069156788));
#1128=CARTESIAN_POINT('Ctrl Pts',(19.351776559208,106.251404689084,-76.0397435669055));
#1129=CARTESIAN_POINT('Ctrl Pts',(19.3773704669086,106.358266166384,-75.9045262406134));
#1130=CARTESIAN_POINT('Ctrl Pts',(19.4027573206578,106.464263137515,-75.7704028184654));
#1131=CARTESIAN_POINT('Ctrl Pts',(19.4288269732724,106.5658259219,-75.6326847562593));
#1132=CARTESIAN_POINT('Ctrl Pts',(19.4554920739465,106.662533592662,-75.4917894355448));
#1133=CARTESIAN_POINT('Ctrl Pts',(19.4824833935277,106.760424378051,-75.3491704116984));
#1134=CARTESIAN_POINT('Ctrl Pts',(19.5100847487314,106.85333998532,-75.2032962884109));
#1135=CARTESIAN_POINT('Ctrl Pts',(19.5381999166693,106.940889563532,-75.0546297234737));
#1136=CARTESIAN_POINT('Ctrl Pts',(19.5663150846072,107.028439141744,-74.9059631585365));
#1137=CARTESIAN_POINT('Ctrl Pts',(19.5949439800836,107.110622252549,-74.7545046029205));
#1138=CARTESIAN_POINT('Ctrl Pts',(19.6239859829425,107.187100756096,-74.6007399754903));
#1139=CARTESIAN_POINT('Ctrl Pts',(19.646174582082,107.245531673076,-74.4832611054396));
#1140=CARTESIAN_POINT('Ctrl Pts',(19.6686042014825,107.30063394445,-74.3644367631837));
#1141=CARTESIAN_POINT('Ctrl Pts',(19.6912191110853,107.352391109087,-74.2445410825596));
#1142=CARTESIAN_POINT('Ctrl Pts',(19.7206156788703,107.41966898131,-74.0886916202145));
#1143=CARTESIAN_POINT('Ctrl Pts',(19.7505348621325,107.481690319734,-73.9301020455863));
#1144=CARTESIAN_POINT('Ctrl Pts',(19.7808776278186,107.538270629095,-73.7692957236323));
#1145=CARTESIAN_POINT('Ctrl Pts',(19.8115616995678,107.595487373605,-73.6066805958086));
#1146=CARTESIAN_POINT('Ctrl Pts',(19.8426788420514,107.647139818855,-73.4417990707954));
#1147=CARTESIAN_POINT('Ctrl Pts',(19.8741218435827,107.693083869513,-73.2752177624798));
#1148=CARTESIAN_POINT('Ctrl Pts',(19.9058935211485,107.739508176751,-73.106895167354));
#1149=CARTESIAN_POINT('Ctrl Pts',(19.9379977997601,107.780103960768,-72.9368376286411));
#1150=CARTESIAN_POINT('Ctrl Pts',(19.9703207233652,107.814772556741,-72.7656474185505));
#1151=CARTESIAN_POINT('Ctrl Pts',(20.0026734321118,107.849473099362,-72.5942994589726));
#1152=CARTESIAN_POINT('Ctrl Pts',(20.035245074134,107.878235455942,-72.4218173474682));
#1153=CARTESIAN_POINT('Ctrl Pts',(20.0679197176244,107.901012163132,-72.2488137997987));
#1154=CARTESIAN_POINT('Ctrl Pts',(20.100410228679,107.923660516035,-72.0767851844073));
#1155=CARTESIAN_POINT('Ctrl Pts',(20.1330024711786,107.940390498695,-71.9042415880785));
#1156=CARTESIAN_POINT('Ctrl Pts',(20.1655825229202,107.951206697768,-71.7317850945821));
#1157=CARTESIAN_POINT('Ctrl Pts',(20.1881611190952,107.958702529664,-71.6122694610499));
#1158=CARTESIAN_POINT('Ctrl Pts',(20.2107338610874,107.963359182343,-71.4927956567389));
#1159=CARTESIAN_POINT('Ctrl Pts',(20.2332632735334,107.965192707379,-71.3735617343522));
#1160=CARTESIAN_POINT('Ctrl Pts',(20.2333084255974,107.965196382017,-71.373322773052));
#1161=CARTESIAN_POINT('Ctrl Pts',(20.2333535778978,107.965200045355,-71.3730838105025));
#1162=CARTESIAN_POINT('Ctrl Pts',(20.2333987304345,107.965203697393,-71.3728448467053));
#1163=CARTESIAN_POINT('Ctrl Pts',(20.2333987304345,107.965203697393,-71.3728448467053));
#1164=CARTESIAN_POINT('Ctrl Pts',(20.2645547050928,107.967723442299,-71.2079605928374));
#1165=CARTESIAN_POINT('Ctrl Pts',(20.2958469404185,107.964857819688,-71.04241826905));
#1166=CARTESIAN_POINT('Ctrl Pts',(20.327164507369,107.956471496784,-70.8767785790763));
#1167=CARTESIAN_POINT('Ctrl Pts',(20.3584150387415,107.948103124892,-70.7114934425829));
#1168=CARTESIAN_POINT('Ctrl Pts',(20.3896906847731,107.934237576757,-70.5461119312459));
#1169=CARTESIAN_POINT('Ctrl Pts',(20.4208798224967,107.914791596363,-70.3811985797634));
#1170=CARTESIAN_POINT('Ctrl Pts',(20.4517863661425,107.895521809327,-70.2177794515866));
#1171=CARTESIAN_POINT('Ctrl Pts',(20.4826078560313,107.870772253857,-70.0548205989712));
#1172=CARTESIAN_POINT('Ctrl Pts',(20.5132358955686,107.840512816256,-69.8928701771503));
#1173=CARTESIAN_POINT('Ctrl Pts',(20.5311075181792,107.822856274819,-69.7983712518479));
#1174=CARTESIAN_POINT('Ctrl Pts',(20.5489132873386,107.80332469267,-69.7042156106062));
#1175=CARTESIAN_POINT('Ctrl Pts',(20.5666319198339,107.781920204602,-69.6105108203876));
#1176=CARTESIAN_POINT('Ctrl Pts',(20.597141171176,107.745064374647,-69.4491629851359));
#1177=CARTESIAN_POINT('Ctrl Pts',(20.6273918727991,107.702653021504,-69.289152928209));
#1178=CARTESIAN_POINT('Ctrl Pts',(20.6572875091168,107.654967536759,-69.130965499127));
#1179=CARTESIAN_POINT('Ctrl Pts',(20.6873901493495,107.606951867303,-68.9716827457388));
#1180=CARTESIAN_POINT('Ctrl Pts',(20.7171326944431,107.553589059396,-68.8142484546016));
#1181=CARTESIAN_POINT('Ctrl Pts',(20.7464207558492,107.495214109236,-68.659135665752));
#1182=CARTESIAN_POINT('Ctrl Pts',(20.7572268015047,107.473676242054,-68.6019056615254));
#1183=CARTESIAN_POINT('Ctrl Pts',(20.7679710261638,107.451456517651,-68.5449914300202));
#1184=CARTESIAN_POINT('Ctrl Pts',(20.7786488698492,107.428573262897,-68.4884157730772));
#1185=CARTESIAN_POINT('Ctrl Pts',(20.8088049169543,107.363947058522,-68.3286364930983));
#1186=CARTESIAN_POINT('Ctrl Pts',(20.8386579288876,107.293588614328,-68.1704966526936));
#1187=CARTESIAN_POINT('Ctrl Pts',(20.8681049573907,107.217705910256,-68.0145443156965));
#1188=CARTESIAN_POINT('Ctrl Pts',(20.8977891029552,107.141212173943,-67.8573361997042));
#1189=CARTESIAN_POINT('Ctrl Pts',(20.9270606006947,107.059105063004,-67.7023514863307));
#1190=CARTESIAN_POINT('Ctrl Pts',(20.9558164288205,106.971648920486,-67.5501386965882));
#1191=CARTESIAN_POINT('Ctrl Pts',(20.9846833224874,106.883854990311,-67.3973380052983));
#1192=CARTESIAN_POINT('Ctrl Pts',(21.0130304536653,106.790670905454,-67.2473312299197));
#1193=CARTESIAN_POINT('Ctrl Pts',(21.0407575657111,106.692411845636,-67.1006522858642));
#1194=CARTESIAN_POINT('Ctrl Pts',(21.0684011827978,106.594448674411,-66.9544150377354));
#1195=CARTESIAN_POINT('Ctrl Pts',(21.0954284145536,106.491441391195,-66.8114861100428));
#1196=CARTESIAN_POINT('Ctrl Pts',(21.1217453065793,106.383744979331,-66.6723660258576));
#1197=CARTESIAN_POINT('Ctrl Pts',(21.147776730991,106.277216784356,-66.5347550210297));
#1198=CARTESIAN_POINT('Ctrl Pts',(21.1731130639374,106.166101025413,-66.40087109291));
#1199=CARTESIAN_POINT('Ctrl Pts',(21.1976699433989,106.050777520144,-66.2711638852152));
#1200=CARTESIAN_POINT('Ctrl Pts',(21.2139139931464,105.974492552441,-66.1853642893138));
#1201=CARTESIAN_POINT('Ctrl Pts',(21.2298171183265,105.896367155483,-66.1013915548837));
#1202=CARTESIAN_POINT('Ctrl Pts',(21.2453567567183,105.816518897596,-66.0193660051779));
#1203=CARTESIAN_POINT('Ctrl Pts',(21.2680152451493,105.700091424708,-65.8997638032357));
#1204=CARTESIAN_POINT('Ctrl Pts',(21.290005735592,105.579282106813,-65.7835502413091));
#1205=CARTESIAN_POINT('Ctrl Pts',(21.3112386119828,105.454361899503,-65.671241162398));
#1206=CARTESIAN_POINT('Ctrl Pts',(21.3321447739067,105.331363864121,-65.5606602054884));
#1207=CARTESIAN_POINT('Ctrl Pts',(21.3523163787753,105.204380839139,-65.4538649145935));
#1208=CARTESIAN_POINT('Ctrl Pts',(21.3716734197233,105.073710832729,-65.3513183802029));
#1209=CARTESIAN_POINT('Ctrl Pts',(21.3911435885873,104.942277154559,-65.2481725354235));
#1210=CARTESIAN_POINT('Ctrl Pts',(21.4097895399215,104.807113488627,-65.1493258082242));
#1211=CARTESIAN_POINT('Ctrl Pts',(21.4275726551833,104.6687270228,-65.0550229052768));
#1212=CARTESIAN_POINT('Ctrl Pts',(21.4454869025598,104.529320099667,-64.9600246157847));
#1213=CARTESIAN_POINT('Ctrl Pts',(21.4625254965064,104.386643205241,-64.8696376497538));
#1214=CARTESIAN_POINT('Ctrl Pts',(21.4786571310115,104.241245167217,-64.7840689057562));
#1215=CARTESIAN_POINT('Ctrl Pts',(21.4948731237957,104.095086789114,-64.6980526911702));
#1216=CARTESIAN_POINT('Ctrl Pts',(21.510172606139,103.946179308369,-64.6169054373663));
#1217=CARTESIAN_POINT('Ctrl Pts',(21.5245326528109,103.795102350515,-64.5407903342983));
#1218=CARTESIAN_POINT('Ctrl Pts',(21.5378885607537,103.654589580086,-64.4699976458859));
#1219=CARTESIAN_POINT('Ctrl Pts',(21.5504318897532,103.512200724058,-64.4035575958376));
#1220=CARTESIAN_POINT('Ctrl Pts',(21.5621514573145,103.368412545945,-64.3415630434173));
#1221=CARTESIAN_POINT('Ctrl Pts',(21.5754262366619,103.205543367774,-64.2713416807419));
#1222=CARTESIAN_POINT('Ctrl Pts',(21.5877219787578,103.039686336843,-64.2063023394333));
#1223=CARTESIAN_POINT('Ctrl Pts',(21.5989818540297,102.871399923632,-64.1467456669032));
#1224=CARTESIAN_POINT('Ctrl Pts',(21.610318106859,102.701971996429,-64.0867850118191));
#1225=CARTESIAN_POINT('Ctrl Pts',(21.620604339266,102.530082166405,-64.0323819379897));
#1226=CARTESIAN_POINT('Ctrl Pts',(21.6297907287443,102.356329604352,-63.9838000006251));
#1227=CARTESIAN_POINT('Ctrl Pts',(21.6389776701128,102.182566603776,-63.935215144606));
#1228=CARTESIAN_POINT('Ctrl Pts',(21.6470645943701,102.00694125365,-63.8924523468086));
#1229=CARTESIAN_POINT('Ctrl Pts',(21.6540105168625,101.830073247404,-63.8557283852179));
#1230=CARTESIAN_POINT('Ctrl Pts',(21.6609160136907,101.654234623021,-63.819218159174));
#1231=CARTESIAN_POINT('Ctrl Pts',(21.6666937223041,101.477168379616,-63.788676835513));
#1232=CARTESIAN_POINT('Ctrl Pts',(21.6713126321317,101.299494477953,-63.7642684058253));
#1233=CARTESIAN_POINT('Ctrl Pts',(21.6758532888581,101.124830709484,-63.7402735012741));
#1234=CARTESIAN_POINT('Ctrl Pts',(21.6792740726107,100.949580268098,-63.7222054773509));
#1235=CARTESIAN_POINT('Ctrl Pts',(21.6815547327568,100.774334048624,-63.710171386245));
#1236=CARTESIAN_POINT('Ctrl Pts',(21.6826950628299,100.686710938887,-63.7041543406921));
#1237=CARTESIAN_POINT('Ctrl Pts',(21.6835505077322,100.599088861896,-63.6996450070894));
#1238=CARTESIAN_POINT('Ctrl Pts',(21.684119428745,100.511541198304,-63.6966520430526));
#1239=CARTESIAN_POINT('Ctrl Pts',(21.6842337623467,100.493947122021,-63.6960505599813));
#1240=CARTESIAN_POINT('Ctrl Pts',(21.6843365260082,100.476356049327,-63.6955103084718));
#1241=CARTESIAN_POINT('Ctrl Pts',(21.684427709397,100.458768572935,-63.6950313430858));
#1242=CARTESIAN_POINT('Ctrl Pts',(21.6845185956124,100.441238415433,-63.6945539386835));
#1243=CARTESIAN_POINT('Ctrl Pts',(21.684598029004,100.423701923745,-63.6941371479383));
#1244=CARTESIAN_POINT('Ctrl Pts',(21.6846659654653,100.406158056909,-63.6937812044905));
#1245=CARTESIAN_POINT('Ctrl Pts',(21.6848690257968,100.353719891253,-63.6927172987018));
#1246=CARTESIAN_POINT('Ctrl Pts',(21.6849693400771,100.301220808607,-63.6921971735237));
#1247=CARTESIAN_POINT('Ctrl Pts',(21.6849655570548,100.248678396633,-63.6922279766434));
#1248=CARTESIAN_POINT('Origin',(32.823804142924,100.253723800851,-75.1893604082312));
#1249=CARTESIAN_POINT('',(32.6672635126797,100.253723800851,-76.0178282834171));
#1250=CARTESIAN_POINT('',(32.1759571147772,100.253704750861,-75.9249949757243));
#1251=CARTESIAN_POINT('',(32.6672635126797,100.253723800851,-76.0178282834171));
#1252=CARTESIAN_POINT('',(32.823804142924,100.253723800851,-75.1893604082312));
#1253=CARTESIAN_POINT('',(32.9644224291987,100.253723800851,-74.4451591573449));
#1254=CARTESIAN_POINT('',(32.3324977450215,100.253704750861,-75.0965271005384));
#1255=CARTESIAN_POINT('',(32.823804142924,100.253723800851,-75.1893604082312));
#1256=CARTESIAN_POINT('',(32.6137343175711,100.253704750861,-73.608124598766));
#1257=CARTESIAN_POINT('Origin',(32.823804142924,100.253723800851,-75.1893604082312));
#1258=CARTESIAN_POINT('',(32.2902847005149,100.253723800851,-78.0129322702659));
#1259=CARTESIAN_POINT('',(31.7989783026124,100.253704750861,-77.9200989625731));
#1260=CARTESIAN_POINT('',(32.2902847005149,100.253723800851,-78.0129322702659));
#1261=CARTESIAN_POINT('',(31.6152741336807,100.253704750861,-78.8923258040017));
#1262=CARTESIAN_POINT('',(32.6137343175711,100.253704750861,-73.608124598766));
#1263=CARTESIAN_POINT('',(32.1065805315832,100.253723800851,-78.9851591116945));
#1264=CARTESIAN_POINT('',(32.1065805315832,100.253723800851,-78.9851591116945));
#1265=CARTESIAN_POINT('',(32.9644224291987,100.253723800851,-74.4451591573449));
#1266=CARTESIAN_POINT('Origin',(32.4619630299749,97.5599238814715,-77.1049031708258));
#1267=CARTESIAN_POINT('',(32.4619630299749,97.5599238814715,-77.1049031708258));
#1268=CARTESIAN_POINT('',(32.6912008024836,99.2665312044204,-75.8913463351648));
#1269=CARTESIAN_POINT('',(31.9706566320724,97.5599048314811,-77.012069863133));
#1270=CARTESIAN_POINT('',(32.4619630299749,97.5599238814715,-77.1049031708258));
#1271=CARTESIAN_POINT('',(31.9706566320724,97.5599048314811,-77.012069863133));
#1272=CARTESIAN_POINT('Origin',(32.1065805315832,100.253723800851,-78.9851591116945));
#1273=CARTESIAN_POINT('',(32.2740556136092,98.984262405026,-78.0990827873054));
#1274=CARTESIAN_POINT('',(31.9706566320724,97.5599048314811,-77.012069863133));
#1275=CARTESIAN_POINT('Origin',(33.1050407154735,100.253723800851,-73.7009579064587));
#1276=CARTESIAN_POINT('',(34.2106222774903,100.253723800851,-67.8498328273072));
#1277=CARTESIAN_POINT('Origin',(33.1050407154735,100.253723800851,-73.7009579064587));
#1278=CARTESIAN_POINT('',(33.4646935045885,98.9090033134829,-71.7978252507965));
#1279=CARTESIAN_POINT('Origin',(33.1050407154735,100.253723800851,-73.7009579064587));
#1280=CARTESIAN_POINT('',(33.7454070616423,97.5398626474927,-70.3124716867687));
#1281=CARTESIAN_POINT('',(33.3037781774727,99.6938450590958,-72.6492845003841));
#1282=CARTESIAN_POINT('Origin',(33.1050407154735,100.253723800851,-73.7009579064587));
#1283=CARTESIAN_POINT('',(33.4044678488889,98.5333140103839,-72.1166376207989));
#1284=CARTESIAN_POINT('',(33.3740772046604,98.3933645987209,-72.2775042790267));
#1285=CARTESIAN_POINT('Origin',(33.1050407154735,100.253723800851,-73.7009579064587));
#1286=CARTESIAN_POINT('',(33.6057499721673,96.7913716266267,-71.0517395424978));
#1287=CARTESIAN_POINT('',(33.2395589600669,99.3235441997859,-72.9892310927427));
#1288=CARTESIAN_POINT('',(33.6546290048108,97.0135484922101,-70.7930089798888));
#1289=CARTESIAN_POINT('Origin',(33.1050407154735,100.253723800851,-73.7009579064587));
#1290=CARTESIAN_POINT('',(33.3843811408019,98.6553436924568,-72.2229184781424));
#1291=CARTESIAN_POINT('',(33.3382031678286,98.2578573563183,-72.4673900610146));
#1292=CARTESIAN_POINT('',(33.3257115789169,98.2170836765519,-72.5335082942545));
#1293=CARTESIAN_POINT('Origin',(33.1050407154735,100.253723800851,-73.7009579064587));
#1294=CARTESIAN_POINT('',(33.5157357269295,96.4632916335548,-71.5281937980627));
#1295=CARTESIAN_POINT('',(33.2153761471952,99.2354037387014,-73.1172331003566));
#1296=CARTESIAN_POINT('',(33.5460189946051,96.5632839758315,-71.36790361363));
#1297=CARTESIAN_POINT('Origin',(33.1050407154735,100.253723800851,-73.7009579064587));
#1298=CARTESIAN_POINT('',(33.3214904786384,98.3941360924335,-72.555811503928));
#1299=CARTESIAN_POINT('Origin',(33.1050407154736,100.253723800851,-73.7009579064588));
#1300=CARTESIAN_POINT('',(32.8468967699261,98.2578383063279,-72.3745567533218));
#1301=CARTESIAN_POINT('',(33.3382031678286,98.2578573563183,-72.4673900610146));
#1302=CARTESIAN_POINT('',(32.8344051810144,98.2170646265615,-72.4406749865617));
#1303=CARTESIAN_POINT('Origin',(32.6137343175711,100.253704750861,-73.608124598766));
#1304=CARTESIAN_POINT('',(33.3257115789169,98.2170836765519,-72.5335082942545));
#1305=CARTESIAN_POINT('Origin',(33.5460189946051,96.5632839758315,-71.36790361363));
#1306=CARTESIAN_POINT('',(33.0547125967026,96.5632649258411,-71.2750703059373));
#1307=CARTESIAN_POINT('',(33.5460189946051,96.5632839758315,-71.36790361363));
#1308=CARTESIAN_POINT('',(33.0547125967026,96.5632649258411,-71.2750703059373));
#1309=CARTESIAN_POINT('Origin',(33.1050407154736,100.253723800851,-73.7009579064588));
#1310=CARTESIAN_POINT('',(33.024429329027,96.4632725835644,-71.4353604903699));
#1311=CARTESIAN_POINT('',(33.5157357269295,96.4632916335548,-71.5281937980627));
#1312=CARTESIAN_POINT('Origin',(32.6137343175711,100.253704750861,-73.608124598766));
#1313=CARTESIAN_POINT('Origin',(33.3257115789169,98.2170836765519,-72.5335082942545));
#1314=CARTESIAN_POINT('',(33.024429329027,96.4632725835644,-71.4353604903699));
#1315=CARTESIAN_POINT('Origin',(32.9445599973587,97.3605554449462,-71.8578728557028));
#1316=CARTESIAN_POINT('Origin',(33.1050407154736,100.253723800851,-73.7009579064588));
#1317=CARTESIAN_POINT('',(32.9131614509864,98.5332949603936,-72.0238043131061));
#1318=CARTESIAN_POINT('',(33.4044678488889,98.5333140103839,-72.1166376207989));
#1319=CARTESIAN_POINT('',(32.8827708067579,98.3933455487305,-72.1846709713339));
#1320=CARTESIAN_POINT('Origin',(32.6137343175711,100.253704750861,-73.608124598766));
#1321=CARTESIAN_POINT('',(33.3740772046604,98.3933645987209,-72.2775042790267));
#1322=CARTESIAN_POINT('Origin',(33.6546290048108,97.0135484922101,-70.7930089798888));
#1323=CARTESIAN_POINT('',(33.1633226069083,97.0135294422197,-70.700175672196));
#1324=CARTESIAN_POINT('',(33.6546290048108,97.0135484922101,-70.7930089798888));
#1325=CARTESIAN_POINT('',(33.1633226069083,97.0135294422197,-70.700175672196));
#1326=CARTESIAN_POINT('Origin',(33.1050407154736,100.253723800851,-73.7009579064588));
#1327=CARTESIAN_POINT('',(33.1144435742648,96.7913525766363,-70.958906234805));
#1328=CARTESIAN_POINT('',(33.6057499721673,96.7913716266267,-71.0517395424978));
#1329=CARTESIAN_POINT('Origin',(32.6137343175711,100.253704750861,-73.608124598766));
#1330=CARTESIAN_POINT('Origin',(33.3740772046604,98.3933645987209,-72.2775042790267));
#1331=CARTESIAN_POINT('',(33.1144435742648,96.7913525766363,-70.958906234805));
#1332=CARTESIAN_POINT('Origin',(33.0230482460295,97.6623237685149,-71.4424236125991));
#1333=CARTESIAN_POINT('Origin',(33.1050407154736,100.253723800851,-73.7009579064588));
#1334=CARTESIAN_POINT('',(33.2541006637398,97.5398435975023,-70.2196383790759));
#1335=CARTESIAN_POINT('',(33.7454070616423,97.5398626474927,-70.3124716867687));
#1336=CARTESIAN_POINT('Origin',(32.613734317571,100.253704750861,-73.608124598766));
#1337=CARTESIAN_POINT('Origin',(33.4646935045885,98.9090033134829,-71.7978252507965));
#1338=CARTESIAN_POINT('',(32.973387106686,98.9089842634925,-71.7049919431037));
#1339=CARTESIAN_POINT('',(33.4646935045885,98.9090033134829,-71.7978252507965));
#1340=CARTESIAN_POINT('',(32.973387106686,98.9089842634925,-71.7049919431037));
#1341=CARTESIAN_POINT('Origin',(33.1050407154736,100.253723800851,-73.7009579064588));
#1342=CARTESIAN_POINT('Origin',(32.613734317571,100.253704750861,-73.608124598766));
#1343=CARTESIAN_POINT('Origin',(32.613734317571,100.253704750861,-73.608124598766));
#1344=CARTESIAN_POINT('Origin',(32.7571957857585,100.253710313458,-73.6352319246122));
#1345=CARTESIAN_POINT('Origin',(33.8627773477753,100.253710313458,-67.7841068454607));
#1346=CARTESIAN_POINT('Origin',(16.8673642647965,100.253094198668,-70.632817087212));
#1347=CARTESIAN_POINT('',(18.7576130769718,100.25318944862,-74.0939526550563));
#1348=CARTESIAN_POINT('Origin',(19.3238962543089,100.25318944862,-71.096983625676));
#1349=CARTESIAN_POINT('',(28.7878264886458,100.253578361669,-75.9891811557344));
#1350=CARTESIAN_POINT('',(16.3010810874595,100.253094198668,-73.6297861165924));
#1351=CARTESIAN_POINT('Origin',(29.3541096659828,100.253578361669,-72.992212126354));
#1352=CARTESIAN_POINT('Ctrl Pts',(18.2392916498137,100.774936718109,-78.7776080307921));
#1353=CARTESIAN_POINT('Ctrl Pts',(18.2529605989841,101.871592011086,-78.705042120773));
#1354=CARTESIAN_POINT('Ctrl Pts',(18.3692804920399,104.041817312064,-78.0889911380587));
#1355=CARTESIAN_POINT('Ctrl Pts',(18.8446702415484,107.047270011001,-75.5724452443276));
#1356=CARTESIAN_POINT('Ctrl Pts',(19.3513641857293,107.996595350179,-72.8906485123078));
#1357=CARTESIAN_POINT('Ctrl Pts',(19.6585428078118,108.018521287727,-71.2649470936276));
#1358=CARTESIAN_POINT('Ctrl Pts',(17.7844178671051,100.854576010726,-79.8954773600844));
#1359=CARTESIAN_POINT('Ctrl Pts',(17.8001735157122,102.118646512697,-79.8118335506839));
#1360=CARTESIAN_POINT('Ctrl Pts',(17.9342513883579,104.620181811381,-79.1017331297279));
#1361=CARTESIAN_POINT('Ctrl Pts',(18.4822141263803,108.084447077926,-76.2010113961694));
#1362=CARTESIAN_POINT('Ctrl Pts',(19.0662610041484,109.178700990392,-73.1098060908646));
#1363=CARTESIAN_POINT('Ctrl Pts',(19.4203334620095,109.203974137807,-71.2359253723499));
#1364=CARTESIAN_POINT('Ctrl Pts',(17.4415685018262,100.935825449265,-81.0587816755231));
#1365=CARTESIAN_POINT('Ctrl Pts',(17.4594529379766,102.370687875176,-80.9638365288075));
#1366=CARTESIAN_POINT('Ctrl Pts',(17.6116461821375,105.210210717745,-80.1577938560173));
#1367=CARTESIAN_POINT('Ctrl Pts',(18.2336455926973,109.142541794152,-76.8651480550043));
#1368=CARTESIAN_POINT('Ctrl Pts',(18.8966041388256,110.38464133509,-73.3562842071357));
#1369=CARTESIAN_POINT('Ctrl Pts',(19.2985162671778,110.413329204599,-71.2292184861646));
#1370=CARTESIAN_POINT('Ctrl Pts',(17.2175094802717,101.01708162486,-82.2445638651702));
#1371=CARTESIAN_POINT('Ctrl Pts',(17.2375227676946,102.622741087687,-82.1383170428126));
#1372=CARTESIAN_POINT('Ctrl Pts',(17.4078316497974,105.800259869833,-81.2363307064421));
#1373=CARTESIAN_POINT('Ctrl Pts',(18.1038699169883,110.200670461049,-77.5517492761731));
#1374=CARTESIAN_POINT('Ctrl Pts',(18.8457419814746,111.590617898418,-73.6252170944387));
#1375=CARTESIAN_POINT('Ctrl Pts',(19.2954952124884,111.622720592246,-71.2449587914421));
#1376=CARTESIAN_POINT('',(19.6585428078118,108.018521287727,-71.2649470936274));
#1377=CARTESIAN_POINT('',(18.7925541111386,107.967742719435,-75.0002599048877));
#1378=CARTESIAN_POINT('Ctrl Pts',(18.7925541111387,107.967742719435,-75.0002599048876));
#1379=CARTESIAN_POINT('Ctrl Pts',(18.7976355470421,107.968010937542,-74.9806269074701));
#1380=CARTESIAN_POINT('Ctrl Pts',(18.8027035855655,107.968278539682,-74.9610386658698));
#1381=CARTESIAN_POINT('Ctrl Pts',(19.0499055353327,107.981336527907,-74.0051863094937));
#1382=CARTESIAN_POINT('Ctrl Pts',(19.2602825081692,107.992696368079,-73.1727416842278));
#1383=CARTESIAN_POINT('Ctrl Pts',(19.4977566746712,108.007624687116,-72.071317173977));
#1384=CARTESIAN_POINT('Ctrl Pts',(19.5364380199618,108.01013630001,-71.8857639402876));
#1385=CARTESIAN_POINT('Ctrl Pts',(19.5928405481038,108.013932342518,-71.6049240254097));
#1386=CARTESIAN_POINT('Ctrl Pts',(19.611436469337,108.015207428765,-71.5105231225358));
#1387=CARTESIAN_POINT('Ctrl Pts',(19.6394123855055,108.017162970425,-71.3656403880908));
#1388=CARTESIAN_POINT('Ctrl Pts',(19.6490273597482,108.01784208968,-71.3153063188613));
#1389=CARTESIAN_POINT('Ctrl Pts',(19.6585428078119,108.018521287727,-71.2649470936275));
#1390=CARTESIAN_POINT('',(18.6860258563243,105.890678166902,-76.4122842681979));
#1391=CARTESIAN_POINT('Ctrl Pts',(18.6861558635125,105.888129205874,-76.4115967476604));
#1392=CARTESIAN_POINT('Ctrl Pts',(18.7234519156256,106.078807837122,-76.2141738409337));
#1393=CARTESIAN_POINT('Ctrl Pts',(18.7626300643732,106.258623664544,-76.0067924483502));
#1394=CARTESIAN_POINT('Ctrl Pts',(18.8034981941723,106.426331371257,-75.7904695684496));
#1395=CARTESIAN_POINT('Ctrl Pts',(19.0473478192207,107.427000146672,-74.4997265515197));
#1396=CARTESIAN_POINT('Ctrl Pts',(19.3513641857293,107.996595350179,-72.8906485123078));
#1397=CARTESIAN_POINT('Ctrl Pts',(19.6585428078118,108.018521287727,-71.2649470936276));
#1398=CARTESIAN_POINT('',(18.2392916498137,100.774936718109,-78.7776080307921));
#1399=CARTESIAN_POINT('Ctrl Pts',(18.2392916498137,100.774936718109,-78.7776080307921));
#1400=CARTESIAN_POINT('Ctrl Pts',(18.2529605989841,101.871592011086,-78.705042120773));
#1401=CARTESIAN_POINT('Ctrl Pts',(18.311120545512,102.956704661575,-78.3970166294159));
#1402=CARTESIAN_POINT('Ctrl Pts',(18.4081133401343,103.928611372382,-77.88349732749));
#1403=CARTESIAN_POINT('Ctrl Pts',(18.4807227830122,104.65618711732,-77.499073406465));
#1404=CARTESIAN_POINT('Ctrl Pts',(18.5750946118084,105.320320918942,-76.9994883311886));
#1405=CARTESIAN_POINT('Ctrl Pts',(18.6861558635125,105.888129205874,-76.4115967476604));
#1406=CARTESIAN_POINT('',(17.866003541944,108.478627409562,-78.810974867871));
#1407=CARTESIAN_POINT('Ctrl Pts',(18.2392916498137,100.774936718109,-78.7776080307921));
#1408=CARTESIAN_POINT('Ctrl Pts',(18.2366790303802,100.916523764709,-78.7790239660169));
#1409=CARTESIAN_POINT('Ctrl Pts',(18.2333189380093,101.057847437139,-78.7802951130107));
#1410=CARTESIAN_POINT('Ctrl Pts',(18.2169452702149,101.626519807932,-78.7848710050474));
#1411=CARTESIAN_POINT('Ctrl Pts',(18.1983816048206,102.047347271755,-78.7870391003037));
#1412=CARTESIAN_POINT('Ctrl Pts',(18.1269294526521,103.361359401348,-78.7912602777993));
#1413=CARTESIAN_POINT('Ctrl Pts',(18.0611290308416,104.229199063555,-78.790531801851));
#1414=CARTESIAN_POINT('Ctrl Pts',(17.9247338760257,106.286982189662,-78.792513191889));
#1415=CARTESIAN_POINT('Ctrl Pts',(17.8688312944148,107.346618943585,-78.7962417062055));
#1416=CARTESIAN_POINT('Ctrl Pts',(17.866003541944,108.478627409562,-78.8109748678711));
#1417=CARTESIAN_POINT('',(17.8715919532651,108.507255355137,-78.7813931620533));
#1418=CARTESIAN_POINT('Ctrl Pts',(17.8664449925561,108.476140136854,-78.8086390669289));
#1419=CARTESIAN_POINT('Ctrl Pts',(17.8683028144065,108.485705186464,-78.79880485981));
#1420=CARTESIAN_POINT('Ctrl Pts',(17.8701638577386,108.49525177387,-78.7889536072698));
#1421=CARTESIAN_POINT('Ctrl Pts',(17.872028111365,108.504779826554,-78.7790853685303));
#1422=CARTESIAN_POINT('',(18.5385056742375,110.808429646878,-75.2513798138777));
#1423=CARTESIAN_POINT('Ctrl Pts',(17.8720281111994,108.504779825707,-78.7790853694071));
#1424=CARTESIAN_POINT('Ctrl Pts',(17.9265611666109,108.783493954351,-78.4904201350388));
#1425=CARTESIAN_POINT('Ctrl Pts',(18.129000557864,109.71247540572,-77.4188492983403));
#1426=CARTESIAN_POINT('Ctrl Pts',(18.3622536982253,110.420687166565,-76.184246605987));
#1427=CARTESIAN_POINT('Ctrl Pts',(18.538985601257,110.801979329783,-75.2488411955452));
#1428=CARTESIAN_POINT('Ctrl Pts',(18.5385056742375,110.808429646878,-75.2513798138779));
#1429=CARTESIAN_POINT('Ctrl Pts',(18.5401034905536,110.168790351835,-75.2430548680627));
#1430=CARTESIAN_POINT('Ctrl Pts',(18.5774523757095,109.523182220047,-75.2057371632564));
#1431=CARTESIAN_POINT('Ctrl Pts',(18.6894061915291,108.584331769148,-75.0990235470493));
#1432=CARTESIAN_POINT('Ctrl Pts',(18.7359526333136,108.273868155102,-75.0549628044954));
#1433=CARTESIAN_POINT('Ctrl Pts',(18.7925541111387,107.967742719435,-75.0002599048876));
#1434=CARTESIAN_POINT('Origin',(18.5828824865913,105.943325376588,-75.0175205215836));
#1435=CARTESIAN_POINT('',(17.8579264009765,111.712075899291,-78.8530584041418));
#1436=CARTESIAN_POINT('',(17.8651948934267,108.802346326611,-78.8151880900178));
#1437=CARTESIAN_POINT('',(18.5361274442823,111.760484846567,-75.2637708724196));
#1438=CARTESIAN_POINT('',(18.3622288433467,111.74807223192,-76.1841057587825));
#1439=CARTESIAN_POINT('',(18.5361274442823,111.760484846567,-75.2637708724196));
#1440=CARTESIAN_POINT('Ctrl Pts',(27.5259360917088,120.688338399266,-66.2742917618962));
#1441=CARTESIAN_POINT('Ctrl Pts',(27.5806954565284,98.7670191863837,-65.9889844081135));
#1442=CARTESIAN_POINT('Ctrl Pts',(24.6986700901059,120.643888406682,-69.1469242936273));
#1443=CARTESIAN_POINT('Ctrl Pts',(24.7534294549255,98.7225691937998,-68.8616169398447));
#1444=CARTESIAN_POINT('Ctrl Pts',(21.871404088503,120.599438414098,-72.0195568253584));
#1445=CARTESIAN_POINT('Ctrl Pts',(21.9261634533226,98.6781192012159,-71.7342494715758));
#1446=CARTESIAN_POINT('Ctrl Pts',(19.0441380869001,120.554988421514,-74.8921893570896));
#1447=CARTESIAN_POINT('Ctrl Pts',(19.0988974517198,98.633669208632,-74.6068820033069));
#1448=CARTESIAN_POINT('Ctrl Pts',(17.6873058771248,120.533656441563,-76.270793402019));
#1449=CARTESIAN_POINT('Ctrl Pts',(17.7420652419444,98.6123372286811,-75.9854860482364));
#1450=CARTESIAN_POINT('Ctrl Pts',(15.7604671697623,120.518361914248,-77.0761135197903));
#1451=CARTESIAN_POINT('Ctrl Pts',(15.8152265345819,98.5970427013664,-76.7908061660077));
#1452=CARTESIAN_POINT('Ctrl Pts',(13.8204623235588,120.513516610913,-77.0760504578615));
#1453=CARTESIAN_POINT('Ctrl Pts',(13.8752216883784,98.5921973980312,-76.7907431040788));
#1454=CARTESIAN_POINT('Ctrl Pts',(11.8427297328407,120.508577079789,-77.075986169552));
#1455=CARTESIAN_POINT('Ctrl Pts',(11.8974890976603,98.5872578669076,-76.7906788157693));
#1456=CARTESIAN_POINT('Ctrl Pts',(9.86499714212263,120.503637548666,-77.0759218812425));
#1457=CARTESIAN_POINT('Ctrl Pts',(9.91975650694224,98.5823183357839,-76.7906145274599));
#1458=CARTESIAN_POINT('Ctrl Pts',(7.88726455140454,120.498698017542,-77.0758575929331));
#1459=CARTESIAN_POINT('Ctrl Pts',(7.94202391622415,98.5773788046602,-76.7905502391504));
#1460=CARTESIAN_POINT('',(16.2032498366784,107.941511381086,-76.5187517284801));
#1461=CARTESIAN_POINT('',(15.7210229749769,110.584587519564,-76.6975368414926));
#1462=CARTESIAN_POINT('Ctrl Pts',(16.2032498366783,107.941511381086,-76.5187517284802));
#1463=CARTESIAN_POINT('Ctrl Pts',(16.1041297616501,108.524578316703,-76.5595625389508));
#1464=CARTESIAN_POINT('Ctrl Pts',(15.9999624693589,109.112386243455,-76.599902873116));
#1465=CARTESIAN_POINT('Ctrl Pts',(15.8909684728762,109.696838797136,-76.638992195842));
#1466=CARTESIAN_POINT('Ctrl Pts',(15.8355554638321,109.993976948668,-76.6588653729311));
#1467=CARTESIAN_POINT('Ctrl Pts',(15.7788956306709,110.2902478262,-76.6784149105484));
#1468=CARTESIAN_POINT('Ctrl Pts',(15.7210229749769,110.584587519563,-76.6975368414926));
#1469=CARTESIAN_POINT('',(18.5456102002256,107.964339278875,-75.2143637981475));
#1470=CARTESIAN_POINT('Ctrl Pts',(18.5456102002256,107.964339278875,-75.2143637981475));
#1471=CARTESIAN_POINT('Ctrl Pts',(17.8541896847223,107.955164352063,-75.7866054491194));
#1472=CARTESIAN_POINT('Ctrl Pts',(17.0548418726228,107.947407996298,-76.2291379338337));
#1473=CARTESIAN_POINT('Ctrl Pts',(16.2032498366784,107.941511381086,-76.5187517284801));
#1474=CARTESIAN_POINT('Ctrl Pts',(18.7925541111386,107.967742719435,-75.0002599048877));
#1475=CARTESIAN_POINT('Ctrl Pts',(18.7118965216795,107.966587858617,-75.0735118347723));
#1476=CARTESIAN_POINT('Ctrl Pts',(18.6295486755113,107.965453115318,-75.144893641274));
#1477=CARTESIAN_POINT('Ctrl Pts',(18.5456102002268,107.964339278875,-75.2143637981465));
#1478=CARTESIAN_POINT('',(15.718150273044,111.734590195511,-76.7125041989373));
#1479=CARTESIAN_POINT('Ctrl Pts',(18.5361274442823,111.760484846567,-75.2637708724196));
#1480=CARTESIAN_POINT('Ctrl Pts',(17.7173321049725,111.749619697003,-75.9414319864143));
#1481=CARTESIAN_POINT('Ctrl Pts',(16.7471815122526,111.740743925356,-76.4371913540698));
#1482=CARTESIAN_POINT('Ctrl Pts',(15.718150273044,111.734590195511,-76.7125041989372));
#1483=CARTESIAN_POINT('',(15.718150273044,111.734590195511,-76.7125041989373));
#1484=CARTESIAN_POINT('Origin',(16.8673642647964,100.253094198669,-70.632817087212));
#1485=CARTESIAN_POINT('',(15.4013944114641,111.711980649339,-78.3888918656779));
#1486=CARTESIAN_POINT('',(15.9056968538343,111.747976981968,-75.7199392203186));
#1487=CARTESIAN_POINT('',(15.4287153742408,100.774827740389,-78.2465441299387));
#1488=CARTESIAN_POINT('',(15.4086629039143,108.802251076659,-78.3510215515539));
#1489=CARTESIAN_POINT('',(16.8479665322388,108.018412310007,-70.7338831927741));
#1490=CARTESIAN_POINT('Origin',(16.8673642647964,100.253094198669,-70.632817087212));
#1491=CARTESIAN_POINT('',(15.7703625632273,107.941494596248,-76.4369568289548));
#1492=CARTESIAN_POINT('',(16.4846314001803,107.992478007155,-72.6567853649348));
#1493=CARTESIAN_POINT('',(15.7906052387379,106.857106292893,-76.3300480195099));
#1494=CARTESIAN_POINT('',(15.703977251946,100.253094198669,-76.7898688701948));
#1495=CARTESIAN_POINT('Origin',(16.8673642647964,100.253094198669,-70.632817087212));
#1496=CARTESIAN_POINT('Origin',(15.4302682088796,100.153195551743,-78.2384535477504));
#1497=CARTESIAN_POINT('',(16.6196420827564,100.774873917566,-78.471572067786));
#1498=CARTESIAN_POINT('',(15.4013944114641,111.711980649339,-78.3888918656779));
#1499=CARTESIAN_POINT('Origin',(15.4013944114641,111.711980649339,-78.3888918656779));
#1500=CARTESIAN_POINT('Origin',(15.6995801954901,111.73326469194,-76.8107838292694));
#1501=CARTESIAN_POINT('',(15.7703625632273,107.941494596248,-76.4369568289548));
#1502=CARTESIAN_POINT('Origin',(15.7703625632273,107.941494596248,-76.4369568289548));
#1503=CARTESIAN_POINT('',(18.0388932407545,108.018458487184,-70.9589111306213));
#1504=CARTESIAN_POINT('Origin',(18.0582909733121,100.253140375845,-70.8578450250594));
#1505=CARTESIAN_POINT('Ctrl Pts',(19.6585428078119,108.018521287727,-71.2649470936274));
#1506=CARTESIAN_POINT('Ctrl Pts',(19.8742281007404,108.033916572173,-70.1234617769568));
#1507=CARTESIAN_POINT('Ctrl Pts',(20.3066921554017,107.534936477749,-67.8348128358347));
#1508=CARTESIAN_POINT('Ctrl Pts',(20.8313457870449,105.342161229127,-65.0586119229617));
#1509=CARTESIAN_POINT('Ctrl Pts',(21.1267754701072,102.144834683583,-63.4957506182779));
#1510=CARTESIAN_POINT('Ctrl Pts',(21.1378528021931,98.1688224965366,-63.4379413980207));
#1511=CARTESIAN_POINT('Ctrl Pts',(20.807607304146,94.9942141824708,-65.1863677587837));
#1512=CARTESIAN_POINT('Ctrl Pts',(20.2114137997585,92.7419040698646,-68.3420949095267));
#1513=CARTESIAN_POINT('Ctrl Pts',(19.6190651436977,92.2197293574409,-71.4771187406071));
#1514=CARTESIAN_POINT('Ctrl Pts',(18.9907095068447,93.2175810331603,-74.8023922135801));
#1515=CARTESIAN_POINT('Ctrl Pts',(18.5248029456966,95.1627620084369,-77.2677338493147));
#1516=CARTESIAN_POINT('Ctrl Pts',(18.2604195319021,98.0215271638086,-78.6663568917848));
#1517=CARTESIAN_POINT('Ctrl Pts',(18.2296835285756,99.9880809171067,-78.8286190434258));
#1518=CARTESIAN_POINT('Ctrl Pts',(18.2394071839273,100.775454017029,-78.7769964776207));
#1519=CARTESIAN_POINT('Origin',(16.8673642647964,100.253094198669,-70.632817087212));
#1520=CARTESIAN_POINT('',(18.1605092414584,100.25318944862,-77.2540354086588));
#1521=CARTESIAN_POINT('',(15.703977251946,100.253094198669,-76.7898688701948));
#1522=CARTESIAN_POINT('Origin',(19.3238962543089,100.25318944862,-71.096983625676));
#1523=CARTESIAN_POINT('Origin',(19.3238962543089,100.25318944862,-71.096983625676));
#1524=CARTESIAN_POINT('Origin',(29.3541096659828,100.253578361669,-72.992212126354));
#1525=CARTESIAN_POINT('Ctrl Pts',(20.2333938731773,107.966928846848,-71.3728701990076));
#1526=CARTESIAN_POINT('Ctrl Pts',(20.4476455433006,107.982221801504,-70.2389721376362));
#1527=CARTESIAN_POINT('Ctrl Pts',(20.8772350842538,107.48655834139,-67.9655354498412));
#1528=CARTESIAN_POINT('Ctrl Pts',(21.3984014340295,105.308358090258,-65.2077874638522));
#1529=CARTESIAN_POINT('Ctrl Pts',(21.6918674471298,102.132283620777,-63.655314227716));
#1530=CARTESIAN_POINT('Ctrl Pts',(21.7028711501069,98.1826992984566,-63.5978892553387));
#1531=CARTESIAN_POINT('Ctrl Pts',(21.3748207367171,95.0291920563028,-65.3346941287491));
#1532=CARTESIAN_POINT('Ctrl Pts',(20.7825900273472,92.7918526591212,-68.4694457074042));
#1533=CARTESIAN_POINT('Ctrl Pts',(20.1941786102626,92.2731487516181,-71.5836315777785));
#1534=CARTESIAN_POINT('Ctrl Pts',(19.5699995445541,93.2643678799856,-74.8868025336097));
#1535=CARTESIAN_POINT('Ctrl Pts',(19.1071897836655,95.1966195740468,-77.335757470263));
#1536=CARTESIAN_POINT('Ctrl Pts',(18.8131320740225,98.3762514652105,-78.8913614418583));
#1537=CARTESIAN_POINT('Ctrl Pts',(18.8043247961068,101.925216578676,-78.9372443727019));
#1538=CARTESIAN_POINT('Ctrl Pts',(19.0821023110677,105.144950633739,-77.4664877058342));
#1539=CARTESIAN_POINT('Ctrl Pts',(19.5921110717795,107.394584935759,-74.7668809713079));
#1540=CARTESIAN_POINT('Ctrl Pts',(20.0191422030539,107.951635892192,-72.5067682603789));
#1541=CARTESIAN_POINT('Ctrl Pts',(20.2333938731773,107.966928846848,-71.3728701990076));
#1542=CARTESIAN_POINT('Ctrl Pts',(20.0438782354425,108.00121330252,-71.3375233432023));
#1543=CARTESIAN_POINT('Ctrl Pts',(20.2590831675992,108.016574299553,-70.1985802711154));
#1544=CARTESIAN_POINT('Ctrl Pts',(20.6905827734077,107.518712940427,-67.9150353017435));
#1545=CARTESIAN_POINT('Ctrl Pts',(21.2140671756291,105.330828382417,-65.145021357128));
#1546=CARTESIAN_POINT('Ctrl Pts',(21.5088380518406,102.140632521159,-63.5856452259163));
#1547=CARTESIAN_POINT('Ctrl Pts',(21.5198909363368,98.1734815168177,-63.5279635724999));
#1548=CARTESIAN_POINT('Ctrl Pts',(21.1903813755547,95.0059502607888,-65.2724936430881));
#1549=CARTESIAN_POINT('Ctrl Pts',(20.5955167687064,92.7586593668714,-68.4211867723639));
#1550=CARTESIAN_POINT('Ctrl Pts',(20.0044889839038,92.2376511165124,-71.5492198504784));
#1551=CARTESIAN_POINT('Ctrl Pts',(19.3775332141286,93.2332778762014,-74.8670851928574));
#1552=CARTESIAN_POINT('Ctrl Pts',(18.9126652610194,95.1741242949653,-77.3269310403462));
#1553=CARTESIAN_POINT('Ctrl Pts',(18.6172996040116,98.3678946186565,-78.8894542264715));
#1554=CARTESIAN_POINT('Ctrl Pts',(18.6084534706814,101.932640816463,-78.9355395554061));
#1555=CARTESIAN_POINT('Ctrl Pts',(18.8874663622175,105.166695331388,-77.4582419041124));
#1556=CARTESIAN_POINT('Ctrl Pts',(19.3997434129554,107.426329581741,-74.7466285317882));
#1557=CARTESIAN_POINT('Ctrl Pts',(19.8286733032858,107.985852305487,-72.4764664152892));
#1558=CARTESIAN_POINT('Ctrl Pts',(20.0438782354425,108.00121330252,-71.3375233432023));
#1559=CARTESIAN_POINT('Ctrl Pts',(19.8507761591227,108.018528741412,-71.301269962467));
#1560=CARTESIAN_POINT('Ctrl Pts',(20.0664622472491,108.033924082619,-70.1597804373189));
#1561=CARTESIAN_POINT('Ctrl Pts',(20.4989265982157,107.534949621848,-67.8711299268897));
#1562=CARTESIAN_POINT('Ctrl Pts',(21.0235814068827,105.342173401282,-65.0949227849933));
#1563=CARTESIAN_POINT('Ctrl Pts',(21.3190113307804,102.144844913012,-63.5320602061227));
#1564=CARTESIAN_POINT('Ctrl Pts',(21.3300889279137,98.1688241531732,-63.474249584901));
#1565=CARTESIAN_POINT('Ctrl Pts',(20.9998426495455,94.9942109361662,-65.2226800764031));
#1566=CARTESIAN_POINT('Ctrl Pts',(20.4036480449778,92.7418955486336,-68.3784130507681));
#1567=CARTESIAN_POINT('Ctrl Pts',(19.811298842178,92.2197224349006,-71.5134397750543));
#1568=CARTESIAN_POINT('Ctrl Pts',(19.1829413234951,93.2175752141116,-74.8387232071043));
#1569=CARTESIAN_POINT('Ctrl Pts',(18.7170340193513,95.1627609784274,-77.3040687740497));
#1570=CARTESIAN_POINT('Ctrl Pts',(18.4210079837154,98.3636719239584,-78.8700854500043));
#1571=CARTESIAN_POINT('Ctrl Pts',(18.4121420729941,101.936388171291,-78.916273812318));
#1572=CARTESIAN_POINT('Ctrl Pts',(18.6917787812461,105.177673384601,-77.4356732205605));
#1573=CARTESIAN_POINT('Ctrl Pts',(19.205201180694,107.442359710265,-74.7179972247546));
#1574=CARTESIAN_POINT('Ctrl Pts',(19.6350900709964,108.003133400206,-72.4427594876149));
#1575=CARTESIAN_POINT('Ctrl Pts',(19.8507761591227,108.018528741412,-71.301269962467));
#1576=CARTESIAN_POINT('Ctrl Pts',(19.6585428078119,108.018521287727,-71.2649470936274));
#1577=CARTESIAN_POINT('Ctrl Pts',(19.8742281007404,108.033916572173,-70.1234617769568));
#1578=CARTESIAN_POINT('Ctrl Pts',(20.3066921554017,107.534936477749,-67.8348128358347));
#1579=CARTESIAN_POINT('Ctrl Pts',(20.8313457870449,105.342161229127,-65.0586119229617));
#1580=CARTESIAN_POINT('Ctrl Pts',(21.1267754701072,102.144834683583,-63.4957506182779));
#1581=CARTESIAN_POINT('Ctrl Pts',(21.1378528021931,98.1688224965366,-63.4379413980207));
#1582=CARTESIAN_POINT('Ctrl Pts',(20.807607304146,94.9942141824708,-65.1863677587837));
#1583=CARTESIAN_POINT('Ctrl Pts',(20.2114137997585,92.7419040698646,-68.3420949095267));
#1584=CARTESIAN_POINT('Ctrl Pts',(19.6190651436977,92.2197293574409,-71.4771187406071));
#1585=CARTESIAN_POINT('Ctrl Pts',(18.9907095068447,93.2175810331603,-74.8023922135801));
#1586=CARTESIAN_POINT('Ctrl Pts',(18.5248029456966,95.1627620084369,-77.2677338493147));
#1587=CARTESIAN_POINT('Ctrl Pts',(18.2287776068709,98.3636697794503,-78.8337468381567));
#1588=CARTESIAN_POINT('Ctrl Pts',(18.2199113967916,101.936382093198,-78.8799367855849));
#1589=CARTESIAN_POINT('Ctrl Pts',(18.4995476052226,105.177660363834,-77.3993388404802));
#1590=CARTESIAN_POINT('Ctrl Pts',(19.0129689889947,107.44234765021,-74.6816682197899));
#1591=CARTESIAN_POINT('Ctrl Pts',(19.4428575148834,108.00312600328,-72.4064324102978));
#1592=CARTESIAN_POINT('Ctrl Pts',(19.6585428078119,108.018521287727,-71.2649470936274));
#1593=CARTESIAN_POINT('Ctrl Pts',(20.2333938731773,107.966928846848,-71.3728701990076));
#1594=CARTESIAN_POINT('Ctrl Pts',(20.0438782354425,108.00121330252,-71.3375233432023));
#1595=CARTESIAN_POINT('Ctrl Pts',(19.8507761591227,108.018528741412,-71.301269962467));
#1596=CARTESIAN_POINT('Ctrl Pts',(19.6585428078119,108.018521287727,-71.2649470936274));
#1597=UNCERTAINTY_MEASURE_WITH_UNIT(LENGTH_MEASURE(0.01),#1601,
'DISTANCE_ACCURACY_VALUE',
'Maximum model space distance between geometric entities at asserted c
onnectivities');
#1598=UNCERTAINTY_MEASURE_WITH_UNIT(LENGTH_MEASURE(0.01),#1601,
'DISTANCE_ACCURACY_VALUE',
'Maximum model space distance between geometric entities at asserted c
onnectivities');
#1599=(
GEOMETRIC_REPRESENTATION_CONTEXT(3)
GLOBAL_UNCERTAINTY_ASSIGNED_CONTEXT((#1597))
GLOBAL_UNIT_ASSIGNED_CONTEXT((#1601,#1603,#1604))
REPRESENTATION_CONTEXT('','3D')
);
#1600=(
GEOMETRIC_REPRESENTATION_CONTEXT(3)
GLOBAL_UNCERTAINTY_ASSIGNED_CONTEXT((#1598))
GLOBAL_UNIT_ASSIGNED_CONTEXT((#1601,#1603,#1604))
REPRESENTATION_CONTEXT('','3D')
);
#1601=(
LENGTH_UNIT()
NAMED_UNIT(*)
SI_UNIT(.MILLI.,.METRE.)
);
#1602=(
LENGTH_UNIT()
NAMED_UNIT(*)
SI_UNIT($,.METRE.)
);
#1603=(
NAMED_UNIT(*)
PLANE_ANGLE_UNIT()
SI_UNIT($,.RADIAN.)
);
#1604=(
NAMED_UNIT(*)
SI_UNIT($,.STERADIAN.)
SOLID_ANGLE_UNIT()
);
#1605=SHAPE_DEFINITION_REPRESENTATION(#1606,#1607);
#1606=PRODUCT_DEFINITION_SHAPE('',$,#1609);
#1607=SHAPE_REPRESENTATION('',(#630),#1599);
#1608=PRODUCT_DEFINITION_CONTEXT('part definition',#1613,'design');
#1609=PRODUCT_DEFINITION('20250610_Knopf','20250610_Knopf',#1610,#1608);
#1610=PRODUCT_DEFINITION_FORMATION('',$,#1615);
#1611=PRODUCT_RELATED_PRODUCT_CATEGORY('20250610_Knopf',
'20250610_Knopf',(#1615));
#1612=APPLICATION_PROTOCOL_DEFINITION('international standard',
'automotive_design',2009,#1613);
#1613=APPLICATION_CONTEXT(
'Core Data for Automotive Mechanical Design Process');
#1614=PRODUCT_CONTEXT('part definition',#1613,'mechanical');
#1615=PRODUCT('20250610_Knopf','20250610_Knopf',$,(#1614));
#1616=PRESENTATION_STYLE_ASSIGNMENT((#1618));
#1617=PRESENTATION_STYLE_ASSIGNMENT((#1619));
#1618=SURFACE_STYLE_USAGE(.BOTH.,#1620);
#1619=SURFACE_STYLE_USAGE(.BOTH.,#1621);
#1620=SURFACE_SIDE_STYLE('',(#1622));
#1621=SURFACE_SIDE_STYLE('',(#1623));
#1622=SURFACE_STYLE_FILL_AREA(#1624);
#1623=SURFACE_STYLE_FILL_AREA(#1625);
#1624=FILL_AREA_STYLE('Steel - Satin',(#1626));
#1625=FILL_AREA_STYLE('Plastic - Matte (White)',(#1627));
#1626=FILL_AREA_STYLE_COLOUR('Steel - Satin',#1628);
#1627=FILL_AREA_STYLE_COLOUR('Plastic - Matte (White)',#1629);
#1628=COLOUR_RGB('Steel - Satin',0.627450980392157,0.627450980392157,0.627450980392157);
#1629=COLOUR_RGB('Plastic - Matte (White)',1.,0.529411764705882,0.356862745098039);
ENDSEC;
END-ISO-10303-21;
