ISO-10303-21;
HEADER;
/* Generated by software containing ST-Developer
 * from STEP Tools, Inc. (www.steptools.com) 
 */

FILE_DESCRIPTION(
/* description */ (''),
/* implementation_level */ '2;1');

FILE_NAME(
/* name */ '20250626_Deckel.step',
/* time_stamp */ '2026-06-26T18:49:12+02:00',
/* author */ (''),
/* organization */ (''),
/* preprocessor_version */ 'ST-DEVELOPER v20.1',
/* originating_system */ 'Autodesk Translation Framework v15.8.0.0',
/* authorisation */ '');

FILE_SCHEMA (('AUTOMOTIVE_DESIGN { 1 0 10303 214 3 1 1 }'));
ENDSEC;

DATA;
#10=MECHANICAL_DESIGN_GEOMETRIC_PRESENTATION_REPRESENTATION('',(#13),#9432);
#11=SHAPE_REPRESENTATION_RELATIONSHIP('SRR','None',#9439,#12);
#12=ADVANCED_BREP_SHAPE_REPRESENTATION('',(#14),#9431);
#13=STYLED_ITEM('',(#9449),#14);
#14=MANIFOLD_SOLID_BREP('Deckel',#3505);
#15=(
BOUNDED_CURVE()
B_SPLINE_CURVE(2,(#6127,#6128,#6129),.UNSPECIFIED.,.F.,.F.)
B_SPLINE_CURVE_WITH_KNOTS((3,3),(8.25877964428365,8.27173602627378),
 .UNSPECIFIED.)
CURVE()
GEOMETRIC_REPRESENTATION_ITEM()
RATIONAL_B_SPLINE_CURVE((1.25922307406931,1.25819915325923,1.25717138180969))
REPRESENTATION_ITEM('')
);
#16=(
BOUNDED_CURVE()
B_SPLINE_CURVE(2,(#6168,#6169,#6170),.UNSPECIFIED.,.F.,.F.)
B_SPLINE_CURVE_WITH_KNOTS((3,3),(1.35537853548087,1.36833491747097),
 .UNSPECIFIED.)
CURVE()
GEOMETRIC_REPRESENTATION_ITEM()
RATIONAL_B_SPLINE_CURVE((1.25717138181097,1.25819915326051,1.2592230740706))
REPRESENTATION_ITEM('')
);
#17=(
BOUNDED_SURFACE()
B_SPLINE_SURFACE(1,2,((#6015,#6016,#6017,#6018,#6019),(#6020,#6021,#6022,
#6023,#6024)),.UNSPECIFIED.,.F.,.F.,.F.)
B_SPLINE_SURFACE_WITH_KNOTS((2,2),(3,2,3),(-0.375959143159348,0.207352130943857),
(0.719385989738901,2.0344439357957,3.34950188185251),.UNSPECIFIED.)
GEOMETRIC_REPRESENTATION_ITEM()
RATIONAL_B_SPLINE_SURFACE(((1.,0.791504846398644,1.,0.791504846398644,1.),
(1.,0.791504846398644,1.,0.791504846398644,1.)))
REPRESENTATION_ITEM('')
SURFACE()
);
#18=(
BOUNDED_SURFACE()
B_SPLINE_SURFACE(1,2,((#6058,#6059,#6060,#6061,#6062),(#6063,#6064,#6065,
#6066,#6067)),.UNSPECIFIED.,.F.,.F.,.F.)
B_SPLINE_SURFACE_WITH_KNOTS((2,2),(3,2,3),(-0.375959143159346,0.207352130943859),
(0.7193859897389,2.0344439357957,3.34950188185251),.UNSPECIFIED.)
GEOMETRIC_REPRESENTATION_ITEM()
RATIONAL_B_SPLINE_SURFACE(((1.,0.791504846398644,1.,0.791504846398644,1.),
(1.,0.791504846398644,1.,0.791504846398644,1.)))
REPRESENTATION_ITEM('')
SURFACE()
);
#19=(
BOUNDED_SURFACE()
B_SPLINE_SURFACE(1,2,((#6528,#6529,#6530,#6531,#6532),(#6533,#6534,#6535,
#6536,#6537)),.UNSPECIFIED.,.F.,.F.,.F.)
B_SPLINE_SURFACE_WITH_KNOTS((2,2),(3,2,3),(0.711532501393904,4.80280688299501),
(0.207909228262512,1.7787055550576,3.3495018818527),.UNSPECIFIED.)
GEOMETRIC_REPRESENTATION_ITEM()
RATIONAL_B_SPLINE_SURFACE(((1.,0.707106781186478,1.,0.707106781186478,1.),
(1.,0.707106781186478,1.,0.707106781186478,1.)))
REPRESENTATION_ITEM('')
SURFACE()
);
#20=(
BOUNDED_SURFACE()
B_SPLINE_SURFACE(1,2,((#6973,#6974,#6975,#6976,#6977),(#6978,#6979,#6980,
#6981,#6982)),.UNSPECIFIED.,.F.,.F.,.F.)
B_SPLINE_SURFACE_WITH_KNOTS((2,2),(3,2,3),(0.761053138706124,4.80341485927527),
(0.144750170766995,1.7155464975621,3.2863428243572),.UNSPECIFIED.)
GEOMETRIC_REPRESENTATION_ITEM()
RATIONAL_B_SPLINE_SURFACE(((1.,0.707106781186475,1.,0.707106781186475,1.),
(1.,0.707106781186475,1.,0.707106781186475,1.)))
REPRESENTATION_ITEM('')
SURFACE()
);
#21=(
BOUNDED_SURFACE()
B_SPLINE_SURFACE(1,2,((#6985,#6986,#6987,#6988,#6989),(#6990,#6991,#6992,
#6993,#6994)),.UNSPECIFIED.,.F.,.F.,.F.)
B_SPLINE_SURFACE_WITH_KNOTS((2,2),(3,2,3),(-0.371581153663782,0.196679701900743),
(-5.50064025994518,-4.24874137138388,-2.99684248282258),.UNSPECIFIED.)
GEOMETRIC_REPRESENTATION_ITEM()
RATIONAL_B_SPLINE_SURFACE(((1.,0.810407236810191,1.,0.810407236810191,1.),
(1.,0.810407236810191,1.,0.810407236810191,1.)))
REPRESENTATION_ITEM('')
SURFACE()
);
#22=(
BOUNDED_SURFACE()
B_SPLINE_SURFACE(1,2,((#7202,#7203,#7204,#7205,#7206),(#7207,#7208,#7209,
#7210,#7211)),.UNSPECIFIED.,.F.,.F.,.F.)
B_SPLINE_SURFACE_WITH_KNOTS((2,2),(3,2,3),(-0.422389090458221,3.64350316720221),
(-3.20794241966506,-1.63714609287005,-0.0663497660750517),.UNSPECIFIED.)
GEOMETRIC_REPRESENTATION_ITEM()
RATIONAL_B_SPLINE_SURFACE(((1.,0.70710678118651,1.,0.70710678118651,1.),
(1.,0.70710678118651,1.,0.70710678118651,1.)))
REPRESENTATION_ITEM('')
SURFACE()
);
#23=(
BOUNDED_SURFACE()
B_SPLINE_SURFACE(1,2,((#7214,#7215,#7216,#7217,#7218),(#7219,#7220,#7221,
#7222,#7223)),.UNSPECIFIED.,.F.,.F.,.F.)
B_SPLINE_SURFACE_WITH_KNOTS((2,2),(3,2,3),(-0.0270673086712174,0.526665475185822),
(3.07524288751462,4.24874137138388,5.42223985525314),.UNSPECIFIED.)
GEOMETRIC_REPRESENTATION_ITEM()
RATIONAL_B_SPLINE_SURFACE(((1.,0.832744880548257,1.,0.832744880548257,1.),
(1.,0.832744880548257,1.,0.832744880548257,1.)))
REPRESENTATION_ITEM('')
SURFACE()
);
#24=(
BOUNDED_SURFACE()
B_SPLINE_SURFACE(1,2,((#7482,#7483,#7484,#7485,#7486),(#7487,#7488,#7489,
#7490,#7491)),.UNSPECIFIED.,.F.,.F.,.F.)
B_SPLINE_SURFACE_WITH_KNOTS((2,2),(3,2,3),(0.23685180421484,4.79548396426713),
(0.968643914761881,2.53944024155686,4.11023656835185),.UNSPECIFIED.)
GEOMETRIC_REPRESENTATION_ITEM()
RATIONAL_B_SPLINE_SURFACE(((1.,0.707106781186517,1.,0.707106781186517,1.),
(1.,0.707106781186517,1.,0.707106781186517,1.)))
REPRESENTATION_ITEM('')
SURFACE()
);
#25=(
BOUNDED_SURFACE()
B_SPLINE_SURFACE(1,2,((#7494,#7495,#7496,#7497,#7498),(#7499,#7500,#7501,
#7502,#7503)),.UNSPECIFIED.,.F.,.F.,.F.)
B_SPLINE_SURFACE_WITH_KNOTS((2,2),(3,2,3),(-0.391422190207852,0.147852863696664),
(-2.17294873882784,-1.10714871779409,-0.0413486967603387),.UNSPECIFIED.)
GEOMETRIC_REPRESENTATION_ITEM()
RATIONAL_B_SPLINE_SURFACE(((1.,0.861337392436062,1.,0.861337392436062,1.),
(1.,0.861337392436062,1.,0.861337392436062,1.)))
REPRESENTATION_ITEM('')
SURFACE()
);
#26=(
BOUNDED_SURFACE()
B_SPLINE_SURFACE(1,2,((#7723,#7724,#7725,#7726,#7727),(#7728,#7729,#7730,
#7731,#7732)),.UNSPECIFIED.,.F.,.F.,.F.)
B_SPLINE_SURFACE_WITH_KNOTS((2,2),(3,2,3),(0.178195248664002,4.79392005285323),
(1.13110941564425,2.70190574243922,4.2727020692342),.UNSPECIFIED.)
GEOMETRIC_REPRESENTATION_ITEM()
RATIONAL_B_SPLINE_SURFACE(((1.,0.707106781186519,1.,0.707106781186519,1.),
(1.,0.707106781186519,1.,0.707106781186519,1.)))
REPRESENTATION_ITEM('')
SURFACE()
);
#27=(
BOUNDED_SURFACE()
B_SPLINE_SURFACE(1,2,((#7735,#7736,#7737,#7738,#7739),(#7740,#7741,#7742,
#7743,#7744)),.UNSPECIFIED.,.F.,.F.,.F.)
B_SPLINE_SURFACE_WITH_KNOTS((2,2),(3,2,3),(-0.388300480288819,0.107880272377257),
(-2.01048323794554,-1.10714871779409,-0.203814197642642),.UNSPECIFIED.)
GEOMETRIC_REPRESENTATION_ITEM()
RATIONAL_B_SPLINE_SURFACE(((1.,0.899720650507918,1.,0.899720650507918,1.),
(1.,0.899720650507918,1.,0.899720650507918,1.)))
REPRESENTATION_ITEM('')
SURFACE()
);
#28=(
BOUNDED_SURFACE()
B_SPLINE_SURFACE(1,2,((#7998,#7999,#8000,#8001,#8002),(#8003,#8004,#8005,
#8006,#8007)),.UNSPECIFIED.,.F.,.F.,.F.)
B_SPLINE_SURFACE_WITH_KNOTS((2,2),(3,2,3),(0.359639247929026,4.83043228863935),
(-5.56379931744066,-3.99300299064572,-2.42220666385079),.UNSPECIFIED.)
GEOMETRIC_REPRESENTATION_ITEM()
RATIONAL_B_SPLINE_SURFACE(((1.,0.707106781186534,1.,0.707106781186534,1.),
(1.,0.707106781186534,1.,0.707106781186534,1.)))
REPRESENTATION_ITEM('')
SURFACE()
);
#29=(
BOUNDED_SURFACE()
B_SPLINE_SURFACE(1,2,((#8440,#8441,#8442,#8443,#8444),(#8445,#8446,#8447,
#8448,#8449)),.UNSPECIFIED.,.F.,.F.,.F.)
B_SPLINE_SURFACE_WITH_KNOTS((2,2),(3,2,3),(0.324961043147096,4.82424008392059),
(-5.50064025994534,-3.92984393315028,-2.35904760635523),.UNSPECIFIED.)
GEOMETRIC_REPRESENTATION_ITEM()
RATIONAL_B_SPLINE_SURFACE(((1.,0.707106781186492,1.,0.707106781186492,1.),
(1.,0.707106781186492,1.,0.707106781186492,1.)))
REPRESENTATION_ITEM('')
SURFACE()
);
#30=(
BOUNDED_SURFACE()
B_SPLINE_SURFACE(1,2,((#8452,#8453,#8454,#8455,#8456),(#8457,#8458,#8459,
#8460,#8461)),.UNSPECIFIED.,.F.,.F.,.F.)
B_SPLINE_SURFACE_WITH_KNOTS((2,2),(3,2,3),(-0.371581153663783,0.196679701900741),
(0.782545047234411,2.03444393579571,3.286342824357),.UNSPECIFIED.)
GEOMETRIC_REPRESENTATION_ITEM()
RATIONAL_B_SPLINE_SURFACE(((1.,0.810407236810193,1.,0.810407236810193,1.),
(1.,0.810407236810193,1.,0.810407236810193,1.)))
REPRESENTATION_ITEM('')
SURFACE()
);
#31=(
BOUNDED_SURFACE()
B_SPLINE_SURFACE(1,2,((#8669,#8670,#8671,#8672,#8673),(#8674,#8675,#8676,
#8677,#8678)),.UNSPECIFIED.,.F.,.F.,.F.)
B_SPLINE_SURFACE_WITH_KNOTS((2,2),(3,2,3),(-0.442671544973577,4.15605064246469),
(2.28064720166322,3.85144352845826,5.42223985525329),.UNSPECIFIED.)
GEOMETRIC_REPRESENTATION_ITEM()
RATIONAL_B_SPLINE_SURFACE(((1.,0.707106781186499,1.,0.707106781186499,1.),
(1.,0.707106781186499,1.,0.707106781186499,1.)))
REPRESENTATION_ITEM('')
SURFACE()
);
#32=(
BOUNDED_SURFACE()
B_SPLINE_SURFACE(1,2,((#8681,#8682,#8683,#8684,#8685),(#8686,#8687,#8688,
#8689,#8690)),.UNSPECIFIED.,.F.,.F.,.F.)
B_SPLINE_SURFACE_WITH_KNOTS((2,2),(3,2,3),(-0.0270673086712149,0.526665475185823),
(-3.20794241966496,-2.0344439357957,-0.860945451926447),.UNSPECIFIED.)
GEOMETRIC_REPRESENTATION_ITEM()
RATIONAL_B_SPLINE_SURFACE(((1.,0.832744880548258,1.,0.832744880548258,1.),
(1.,0.832744880548258,1.,0.832744880548258,1.)))
REPRESENTATION_ITEM('')
SURFACE()
);
#33=(
BOUNDED_SURFACE()
B_SPLINE_SURFACE(1,2,((#9124,#9125,#9126,#9127,#9128),(#9129,#9130,#9131,
#9132,#9133)),.UNSPECIFIED.,.F.,.F.,.F.)
B_SPLINE_SURFACE_WITH_KNOTS((2,2),(3,2,3),(0.236851804214866,4.83384488578731),
(-5.31454139241779,-3.74374506562273,-2.17294873882767),.UNSPECIFIED.)
GEOMETRIC_REPRESENTATION_ITEM()
RATIONAL_B_SPLINE_SURFACE(((1.,0.707106781186489,1.,0.707106781186489,1.),
(1.,0.707106781186489,1.,0.707106781186489,1.)))
REPRESENTATION_ITEM('')
SURFACE()
);
#34=(
BOUNDED_SURFACE()
B_SPLINE_SURFACE(1,2,((#9136,#9137,#9138,#9139,#9140),(#9141,#9142,#9143,
#9144,#9145)),.UNSPECIFIED.,.F.,.F.,.F.)
B_SPLINE_SURFACE_WITH_KNOTS((2,2),(3,2,3),(-0.359098702615531,0.161245431885552),
(-2.17294873882784,-1.10714871779409,-0.0413486967603419),.UNSPECIFIED.)
GEOMETRIC_REPRESENTATION_ITEM()
RATIONAL_B_SPLINE_SURFACE(((1.,0.861337392436063,1.,0.861337392436063,1.),
(1.,0.861337392436063,1.,0.861337392436063,1.)))
REPRESENTATION_ITEM('')
SURFACE()
);
#35=(
BOUNDED_SURFACE()
B_SPLINE_SURFACE(1,2,((#9147,#9148,#9149,#9150,#9151),(#9152,#9153,#9154,
#9155,#9156)),.UNSPECIFIED.,.F.,.F.,.F.)
B_SPLINE_SURFACE_WITH_KNOTS((2,2),(3,2,3),(-0.396676987709856,0.200805124518982),
(0.719385989738896,2.0344439357957,3.34950188185251),.UNSPECIFIED.)
GEOMETRIC_REPRESENTATION_ITEM()
RATIONAL_B_SPLINE_SURFACE(((1.,0.791504846398643,1.,0.791504846398643,1.),
(1.,0.791504846398643,1.,0.791504846398643,1.)))
REPRESENTATION_ITEM('')
SURFACE()
);
#36=(
BOUNDED_SURFACE()
B_SPLINE_SURFACE(1,2,((#9158,#9159,#9160,#9161,#9162),(#9163,#9164,#9165,
#9166,#9167)),.UNSPECIFIED.,.F.,.F.,.F.)
B_SPLINE_SURFACE_WITH_KNOTS((2,2),(3,2,3),(0.359639247929026,4.79788334943978),
(0.719385989738709,2.29018231653377,3.86097864332883),.UNSPECIFIED.)
GEOMETRIC_REPRESENTATION_ITEM()
RATIONAL_B_SPLINE_SURFACE(((1.,0.70710678118649,1.,0.70710678118649,1.),
(1.,0.70710678118649,1.,0.70710678118649,1.)))
REPRESENTATION_ITEM('')
SURFACE()
);
#37=(
BOUNDED_SURFACE()
B_SPLINE_SURFACE(1,2,((#9168,#9169,#9170,#9171,#9172),(#9173,#9174,#9175,
#9176,#9177)),.UNSPECIFIED.,.F.,.F.,.F.)
B_SPLINE_SURFACE_WITH_KNOTS((2,2),(3,2,3),(-0.394763944122103,0.188526338683813),
(0.782545047234398,2.0344439357957,3.286342824357),.UNSPECIFIED.)
GEOMETRIC_REPRESENTATION_ITEM()
RATIONAL_B_SPLINE_SURFACE(((1.,0.810407236810191,1.,0.810407236810191,1.),
(1.,0.810407236810191,1.,0.810407236810191,1.)))
REPRESENTATION_ITEM('')
SURFACE()
);
#38=(
BOUNDED_SURFACE()
B_SPLINE_SURFACE(1,2,((#9179,#9180,#9181,#9182,#9183),(#9184,#9185,#9186,
#9187,#9188)),.UNSPECIFIED.,.F.,.F.,.F.)
B_SPLINE_SURFACE_WITH_KNOTS((2,2),(3,2,3),(0.324961043147179,4.79727537315961),
(0.782545047234218,2.35334137402929,3.92413770082436),.UNSPECIFIED.)
GEOMETRIC_REPRESENTATION_ITEM()
RATIONAL_B_SPLINE_SURFACE(((1.,0.707106781186486,1.,0.707106781186486,1.),
(1.,0.707106781186486,1.,0.707106781186486,1.)))
REPRESENTATION_ITEM('')
SURFACE()
);
#39=(
BOUNDED_SURFACE()
B_SPLINE_SURFACE(1,2,((#9189,#9190,#9191,#9192,#9193),(#9194,#9195,#9196,
#9197,#9198)),.UNSPECIFIED.,.F.,.F.,.F.)
B_SPLINE_SURFACE_WITH_KNOTS((2,2),(3,2,3),(-0.0270673086712165,0.540286137864001),
(-3.20794241966496,-2.0344439357957,-0.860945451926443),.UNSPECIFIED.)
GEOMETRIC_REPRESENTATION_ITEM()
RATIONAL_B_SPLINE_SURFACE(((1.,0.832744880548258,1.,0.832744880548258,1.),
(1.,0.832744880548258,1.,0.832744880548258,1.)))
REPRESENTATION_ITEM('')
SURFACE()
);
#40=(
BOUNDED_SURFACE()
B_SPLINE_SURFACE(1,2,((#9200,#9201,#9202,#9203,#9204),(#9205,#9206,#9207,
#9208,#9209)),.UNSPECIFIED.,.F.,.F.,.F.)
B_SPLINE_SURFACE_WITH_KNOTS((2,2),(3,2,3),(-0.413394690809744,4.15605064246466),
(-4.00253810551631,-2.43174177872135,-0.86094545192639),.UNSPECIFIED.)
GEOMETRIC_REPRESENTATION_ITEM()
RATIONAL_B_SPLINE_SURFACE(((1.,0.707106781186525,1.,0.707106781186525,1.),
(1.,0.707106781186525,1.,0.707106781186525,1.)))
REPRESENTATION_ITEM('')
SURFACE()
);
#41=(
BOUNDED_SURFACE()
B_SPLINE_SURFACE(1,2,((#9210,#9211,#9212,#9213,#9214),(#9215,#9216,#9217,
#9218,#9219)),.UNSPECIFIED.,.F.,.F.,.F.)
B_SPLINE_SURFACE_WITH_KNOTS((2,2),(3,2,3),(-0.360786242431088,0.161245431885555),
(-2.17294873882785,-1.10714871779409,-0.0413486967603327),.UNSPECIFIED.)
GEOMETRIC_REPRESENTATION_ITEM()
RATIONAL_B_SPLINE_SURFACE(((1.,0.861337392436061,1.,0.861337392436061,1.),
(1.,0.861337392436061,1.,0.861337392436061,1.)))
REPRESENTATION_ITEM('')
SURFACE()
);
#42=(
BOUNDED_SURFACE()
B_SPLINE_SURFACE(1,2,((#9221,#9222,#9223,#9224,#9225),(#9226,#9227,#9228,
#9229,#9230)),.UNSPECIFIED.,.F.,.F.,.F.)
B_SPLINE_SURFACE_WITH_KNOTS((2,2),(3,2,3),(0.843282438525284,4.79626350905014),
(3.10024395682944,4.67104028362435,6.24183661041926),.UNSPECIFIED.)
GEOMETRIC_REPRESENTATION_ITEM()
RATIONAL_B_SPLINE_SURFACE(((1.,0.707106781186543,1.,0.707106781186543,1.),
(1.,0.707106781186543,1.,0.707106781186543,1.)))
REPRESENTATION_ITEM('')
SURFACE()
);
#43=(
BOUNDED_SURFACE()
B_SPLINE_SURFACE(1,2,((#9231,#9232,#9233,#9234,#9235),(#9236,#9237,#9238,
#9239,#9240)),.UNSPECIFIED.,.F.,.F.,.F.)
B_SPLINE_SURFACE_WITH_KNOTS((2,2),(3,2,3),(-0.351388492343647,0.12602429084533),
(-2.01048323794554,-1.10714871779409,-0.203814197642644),.UNSPECIFIED.)
GEOMETRIC_REPRESENTATION_ITEM()
RATIONAL_B_SPLINE_SURFACE(((1.,0.899720650507917,1.,0.899720650507917,1.),
(1.,0.899720650507917,1.,0.899720650507917,1.)))
REPRESENTATION_ITEM('')
SURFACE()
);
#44=(
BOUNDED_SURFACE()
B_SPLINE_SURFACE(1,2,((#9242,#9243,#9244,#9245,#9246),(#9247,#9248,#9249,
#9250,#9251)),.UNSPECIFIED.,.F.,.F.,.F.)
B_SPLINE_SURFACE_WITH_KNOTS((2,2),(3,2,3),(0.714720529251424,4.81349450976284),
(2.93777845594695,4.50857478274204,6.07937110953714),.UNSPECIFIED.)
GEOMETRIC_REPRESENTATION_ITEM()
RATIONAL_B_SPLINE_SURFACE(((1.,0.707106781186477,1.,0.707106781186477,1.),
(1.,0.707106781186477,1.,0.707106781186477,1.)))
REPRESENTATION_ITEM('')
SURFACE()
);
#45=(
BOUNDED_SURFACE()
B_SPLINE_SURFACE(1,2,((#9301,#9302,#9303,#9304,#9305),(#9306,#9307,#9308,
#9309,#9310)),.UNSPECIFIED.,.F.,.F.,.F.)
B_SPLINE_SURFACE_WITH_KNOTS((2,2),(3,2,3),(0.178195248664086,4.83808490766453),
(-5.15207589153541,-3.58127956474045,-2.0104832379455),.UNSPECIFIED.)
GEOMETRIC_REPRESENTATION_ITEM()
RATIONAL_B_SPLINE_SURFACE(((1.,0.707106781186526,1.,0.707106781186526,1.),
(1.,0.707106781186526,1.,0.707106781186526,1.)))
REPRESENTATION_ITEM('')
SURFACE()
);
#46=(
BOUNDED_SURFACE()
B_SPLINE_SURFACE(1,2,((#9313,#9314,#9315,#9316,#9317),(#9318,#9319,#9320,
#9321,#9322)),.UNSPECIFIED.,.F.,.F.,.F.)
B_SPLINE_SURFACE_WITH_KNOTS((2,2),(3,2,3),(-0.351447341977042,0.126024290845333),
(-2.01048323794553,-1.10714871779409,-0.203814197642646),.UNSPECIFIED.)
GEOMETRIC_REPRESENTATION_ITEM()
RATIONAL_B_SPLINE_SURFACE(((1.,0.899720650507918,1.,0.899720650507918,1.),
(1.,0.899720650507918,1.,0.899720650507918,1.)))
REPRESENTATION_ITEM('')
SURFACE()
);
#47=(
BOUNDED_SURFACE()
B_SPLINE_SURFACE(1,2,((#9324,#9325,#9326,#9327,#9328),(#9329,#9330,#9331,
#9332,#9333)),.UNSPECIFIED.,.F.,.F.,.F.)
B_SPLINE_SURFACE_WITH_KNOTS((2,2),(3,2,3),(-0.388299298257908,0.107880272377253),
(-2.01048323794553,-1.10714871779409,-0.203814197642645),.UNSPECIFIED.)
GEOMETRIC_REPRESENTATION_ITEM()
RATIONAL_B_SPLINE_SURFACE(((1.,0.899720650507919,1.,0.899720650507919,1.),
(1.,0.899720650507919,1.,0.899720650507919,1.)))
REPRESENTATION_ITEM('')
SURFACE()
);
#48=(
BOUNDED_SURFACE()
B_SPLINE_SURFACE(1,2,((#9335,#9336,#9337,#9338,#9339),(#9340,#9341,#9342,
#9343,#9344)),.UNSPECIFIED.,.F.,.F.,.F.)
B_SPLINE_SURFACE_WITH_KNOTS((2,2),(3,2,3),(0.714720529251426,4.80284630222616),
(-3.34540685123251,-1.77461052443756,-0.203814197642619),.UNSPECIFIED.)
GEOMETRIC_REPRESENTATION_ITEM()
RATIONAL_B_SPLINE_SURFACE(((1.,0.70710678118653,1.,0.70710678118653,1.),
(1.,0.70710678118653,1.,0.70710678118653,1.)))
REPRESENTATION_ITEM('')
SURFACE()
);
#49=(
BOUNDED_SURFACE()
B_SPLINE_SURFACE(1,2,((#9345,#9346,#9347,#9348,#9349),(#9350,#9351,#9352,
#9353,#9354)),.UNSPECIFIED.,.F.,.F.,.F.)
B_SPLINE_SURFACE_WITH_KNOTS((2,2),(3,2,3),(-0.391422190207852,0.147852863696662),
(-2.17294873882784,-1.10714871779409,-0.0413486967603413),.UNSPECIFIED.)
GEOMETRIC_REPRESENTATION_ITEM()
RATIONAL_B_SPLINE_SURFACE(((1.,0.861337392436062,1.,0.861337392436062,1.),
(1.,0.861337392436062,1.,0.861337392436062,1.)))
REPRESENTATION_ITEM('')
SURFACE()
);
#50=(
BOUNDED_SURFACE()
B_SPLINE_SURFACE(1,2,((#9356,#9357,#9358,#9359,#9360),(#9361,#9362,#9363,
#9364,#9365)),.UNSPECIFIED.,.F.,.F.,.F.)
B_SPLINE_SURFACE_WITH_KNOTS((2,2),(3,2,3),(0.843282438525279,4.80441021363995),
(-3.18294135035018,-1.61214502355525,-0.0413486967603107),.UNSPECIFIED.)
GEOMETRIC_REPRESENTATION_ITEM()
RATIONAL_B_SPLINE_SURFACE(((1.,0.707106781186534,1.,0.707106781186534,1.),
(1.,0.707106781186534,1.,0.707106781186534,1.)))
REPRESENTATION_ITEM('')
SURFACE()
);
#51=(
BOUNDED_SURFACE()
B_SPLINE_SURFACE(1,2,((#9366,#9367,#9368,#9369,#9370),(#9371,#9372,#9373,
#9374,#9375)),.UNSPECIFIED.,.F.,.F.,.F.)
B_SPLINE_SURFACE_WITH_KNOTS((2,2),(3,2,3),(-0.0270673086712144,0.538734747824148),
(3.07524288751463,4.24874137138389,5.42223985525314),.UNSPECIFIED.)
GEOMETRIC_REPRESENTATION_ITEM()
RATIONAL_B_SPLINE_SURFACE(((1.,0.832744880548258,1.,0.832744880548258,1.),
(1.,0.832744880548258,1.,0.832744880548258,1.)))
REPRESENTATION_ITEM('')
SURFACE()
);
#52=(
BOUNDED_SURFACE()
B_SPLINE_SURFACE(1,2,((#9377,#9378,#9379,#9380,#9381),(#9382,#9383,#9384,
#9385,#9386)),.UNSPECIFIED.,.F.,.F.,.F.)
B_SPLINE_SURFACE_WITH_KNOTS((2,2),(3,2,3),(-0.409197431304697,3.64350316720229),
(3.07524288751453,4.64603921430953,6.21683554110453),.UNSPECIFIED.)
GEOMETRIC_REPRESENTATION_ITEM()
RATIONAL_B_SPLINE_SURFACE(((1.,0.70710678118651,1.,0.70710678118651,1.),
(1.,0.70710678118651,1.,0.70710678118651,1.)))
REPRESENTATION_ITEM('')
SURFACE()
);
#53=(
BOUNDED_SURFACE()
B_SPLINE_SURFACE(1,2,((#9387,#9388,#9389,#9390,#9391),(#9392,#9393,#9394,
#9395,#9396)),.UNSPECIFIED.,.F.,.F.,.F.)
B_SPLINE_SURFACE_WITH_KNOTS((2,2),(3,2,3),(-0.394689246950506,0.18852633868381),
(-5.50064025994518,-4.24874137138388,-2.99684248282259),.UNSPECIFIED.)
GEOMETRIC_REPRESENTATION_ITEM()
RATIONAL_B_SPLINE_SURFACE(((1.,0.810407236810192,1.,0.810407236810192,1.),
(1.,0.810407236810192,1.,0.810407236810192,1.)))
REPRESENTATION_ITEM('')
SURFACE()
);
#54=(
BOUNDED_SURFACE()
B_SPLINE_SURFACE(1,2,((#9398,#9399,#9400,#9401,#9402),(#9403,#9404,#9405,
#9406,#9407)),.UNSPECIFIED.,.F.,.F.,.F.)
B_SPLINE_SURFACE_WITH_KNOTS((2,2),(3,2,3),(0.761053138706107,4.80399487808921),
(-6.13843513641265,-4.56763880961752,-2.99684248282239),.UNSPECIFIED.)
GEOMETRIC_REPRESENTATION_ITEM()
RATIONAL_B_SPLINE_SURFACE(((1.,0.707106781186466,1.,0.707106781186466,1.),
(1.,0.707106781186466,1.,0.707106781186466,1.)))
REPRESENTATION_ITEM('')
SURFACE()
);
#55=(
BOUNDED_SURFACE()
B_SPLINE_SURFACE(1,2,((#9408,#9409,#9410,#9411,#9412),(#9413,#9414,#9415,
#9416,#9417)),.UNSPECIFIED.,.F.,.F.,.F.)
B_SPLINE_SURFACE_WITH_KNOTS((2,2),(3,2,3),(-0.396679376892611,0.20080512451898),
(0.719385989738901,2.0344439357957,3.3495018818525),.UNSPECIFIED.)
GEOMETRIC_REPRESENTATION_ITEM()
RATIONAL_B_SPLINE_SURFACE(((1.,0.791504846398645,1.,0.791504846398645,1.),
(1.,0.791504846398645,1.,0.791504846398645,1.)))
REPRESENTATION_ITEM('')
SURFACE()
);
#56=(
BOUNDED_SURFACE()
B_SPLINE_SURFACE(1,2,((#9419,#9420,#9421,#9422,#9423),(#9424,#9425,#9426,
#9427,#9428)),.UNSPECIFIED.,.F.,.F.,.F.)
B_SPLINE_SURFACE_WITH_KNOTS((2,2),(3,2,3),(0.711532501393986,4.81409767612835),
(-6.0752760789169,-4.504479752122,-2.9336834253271),.UNSPECIFIED.)
GEOMETRIC_REPRESENTATION_ITEM()
RATIONAL_B_SPLINE_SURFACE(((1.,0.707106781186547,1.,0.707106781186547,1.),
(1.,0.707106781186547,1.,0.707106781186547,1.)))
REPRESENTATION_ITEM('')
SURFACE()
);
#57=B_SPLINE_SURFACE_WITH_KNOTS('',3,3,((#5701,#5702,#5703,#5704,#5705),
(#5706,#5707,#5708,#5709,#5710),(#5711,#5712,#5713,#5714,#5715),(#5716,
#5717,#5718,#5719,#5720),(#5721,#5722,#5723,#5724,#5725),(#5726,#5727,#5728,
#5729,#5730),(#5731,#5732,#5733,#5734,#5735)),.UNSPECIFIED.,.F.,.F.,.F.,
(4,1,1,1,4),(4,1,4),(0.,0.285714285714286,0.571428571428571,0.785714285714286,
1.),(-0.19199882079333,-0.0321708497242324,0.180933111701231),
 .UNSPECIFIED.);
#58=B_SPLINE_SURFACE_WITH_KNOTS('',3,3,((#5781,#5782,#5783,#5784,#5785),
(#5786,#5787,#5788,#5789,#5790),(#5791,#5792,#5793,#5794,#5795),(#5796,
#5797,#5798,#5799,#5800),(#5801,#5802,#5803,#5804,#5805),(#5806,#5807,#5808,
#5809,#5810),(#5811,#5812,#5813,#5814,#5815)),.UNSPECIFIED.,.F.,.F.,.F.,
(4,1,1,1,4),(4,1,4),(0.,0.285714285714286,0.571428571428571,0.785714285714286,
1.),(0.00277863770308027,0.216080463563339,0.376056832958532),
 .UNSPECIFIED.);
#59=B_SPLINE_SURFACE_WITH_KNOTS('',3,3,((#5846,#5847,#5848,#5849,#5850),
(#5851,#5852,#5853,#5854,#5855),(#5856,#5857,#5858,#5859,#5860),(#5861,
#5862,#5863,#5864,#5865),(#5866,#5867,#5868,#5869,#5870),(#5871,#5872,#5873,
#5874,#5875),(#5876,#5877,#5878,#5879,#5880)),.UNSPECIFIED.,.F.,.F.,.F.,
(4,1,1,1,4),(4,1,4),(0.,0.285714285714286,0.571428571428571,0.785714285714286,
1.),(0.00312489929460696,0.162952870894762,0.376056833028303),
 .UNSPECIFIED.);
#60=B_SPLINE_SURFACE_WITH_KNOTS('',3,3,((#5935,#5936,#5937,#5938,#5939),
(#5940,#5941,#5942,#5943,#5944),(#5945,#5946,#5947,#5948,#5949),(#5950,
#5951,#5952,#5953,#5954),(#5955,#5956,#5957,#5958,#5959),(#5960,#5961,#5962,
#5963,#5964),(#5965,#5966,#5967,#5968,#5969)),.UNSPECIFIED.,.F.,.F.,.F.,
(4,1,1,1,4),(4,1,4),(0.,0.285714285714286,0.571428571428571,0.785714285714286,
1.),(-0.19199882140715,0.0213030041508548,0.181279373319358),
 .UNSPECIFIED.);
#61=B_SPLINE_SURFACE_WITH_KNOTS('',3,3,((#6276,#6277,#6278,#6279,#6280,
#6281,#6282,#6283,#6284,#6285),(#6286,#6287,#6288,#6289,#6290,#6291,#6292,
#6293,#6294,#6295),(#6296,#6297,#6298,#6299,#6300,#6301,#6302,#6303,#6304,
#6305),(#6306,#6307,#6308,#6309,#6310,#6311,#6312,#6313,#6314,#6315),(#6316,
#6317,#6318,#6319,#6320,#6321,#6322,#6323,#6324,#6325),(#6326,#6327,#6328,
#6329,#6330,#6331,#6332,#6333,#6334,#6335)),.UNSPECIFIED.,.F.,.F.,.F.,(4,
1,1,4),(4,1,1,1,1,1,1,4),(0.,0.285714285714286,0.571428571428571,1.),(0.,
1.6331303976057,3.2662607952114,4.8993911928171,6.53252159042281,8.16565198802851,
9.79878238563421,11.4319127832399),.UNSPECIFIED.);
#62=B_SPLINE_SURFACE_WITH_KNOTS('',3,3,((#6338,#6339,#6340,#6341,#6342,
#6343,#6344,#6345,#6346),(#6347,#6348,#6349,#6350,#6351,#6352,#6353,#6354,
#6355),(#6356,#6357,#6358,#6359,#6360,#6361,#6362,#6363,#6364),(#6365,#6366,
#6367,#6368,#6369,#6370,#6371,#6372,#6373),(#6374,#6375,#6376,#6377,#6378,
#6379,#6380,#6381,#6382),(#6383,#6384,#6385,#6386,#6387,#6388,#6389,#6390,
#6391)),.UNSPECIFIED.,.F.,.F.,.F.,(4,1,1,4),(4,1,1,1,1,1,4),(0.,0.285714285714286,
0.571428571428571,1.),(0.,0.206283227215701,0.309424840823552,0.412566454431403,
0.515708068039254,0.618849681647104,0.721991295254955),.UNSPECIFIED.);
#63=B_SPLINE_SURFACE_WITH_KNOTS('',3,3,((#6403,#6404,#6405,#6406,#6407,
#6408,#6409,#6410,#6411,#6412),(#6413,#6414,#6415,#6416,#6417,#6418,#6419,
#6420,#6421,#6422),(#6423,#6424,#6425,#6426,#6427,#6428,#6429,#6430,#6431,
#6432),(#6433,#6434,#6435,#6436,#6437,#6438,#6439,#6440,#6441,#6442),(#6443,
#6444,#6445,#6446,#6447,#6448,#6449,#6450,#6451,#6452)),.UNSPECIFIED.,.F.,
 .F.,.F.,(4,1,4),(4,1,1,1,1,1,1,4),(0.,0.571428571428571,1.),(0.,1.80465835625078,
3.60931671250156,5.41397506875233,7.21863342500311,9.02329178125389,10.8279501375047,
12.6326084937554),.UNSPECIFIED.);
#64=B_SPLINE_SURFACE_WITH_KNOTS('',3,3,((#6465,#6466,#6467,#6468,#6469,
#6470,#6471,#6472,#6473),(#6474,#6475,#6476,#6477,#6478,#6479,#6480,#6481,
#6482),(#6483,#6484,#6485,#6486,#6487,#6488,#6489,#6490,#6491),(#6492,#6493,
#6494,#6495,#6496,#6497,#6498,#6499,#6500),(#6501,#6502,#6503,#6504,#6505,
#6506,#6507,#6508,#6509),(#6510,#6511,#6512,#6513,#6514,#6515,#6516,#6517,
#6518)),.UNSPECIFIED.,.F.,.F.,.F.,(4,1,1,4),(4,1,1,1,1,1,4),(0.,0.285714285714286,
0.571428571428571,1.),(0.,0.206283361184296,0.309425041776443,0.412566722368591,
0.515708402960739,0.567279243256813,0.721991764145035),.UNSPECIFIED.);
#65=B_SPLINE_SURFACE_WITH_KNOTS('',3,3,((#6539,#6540,#6541,#6542,#6543,
#6544,#6545,#6546,#6547,#6548),(#6549,#6550,#6551,#6552,#6553,#6554,#6555,
#6556,#6557,#6558),(#6559,#6560,#6561,#6562,#6563,#6564,#6565,#6566,#6567,
#6568),(#6569,#6570,#6571,#6572,#6573,#6574,#6575,#6576,#6577,#6578),(#6579,
#6580,#6581,#6582,#6583,#6584,#6585,#6586,#6587,#6588),(#6589,#6590,#6591,
#6592,#6593,#6594,#6595,#6596,#6597,#6598)),.UNSPECIFIED.,.F.,.F.,.F.,(4,
1,1,4),(4,1,1,1,1,1,1,4),(0.,0.285714285714286,0.571428571428571,1.),(0.,
1.38496470748985,2.76992941497969,4.15489412246954,5.53985882995939,6.92482353744923,
8.30978824493908,9.69475295242893),.UNSPECIFIED.);
#66=B_SPLINE_SURFACE_WITH_KNOTS('',3,3,((#6647,#6648,#6649,#6650,#6651,
#6652,#6653,#6654,#6655),(#6656,#6657,#6658,#6659,#6660,#6661,#6662,#6663,
#6664),(#6665,#6666,#6667,#6668,#6669,#6670,#6671,#6672,#6673),(#6674,#6675,
#6676,#6677,#6678,#6679,#6680,#6681,#6682),(#6683,#6684,#6685,#6686,#6687,
#6688,#6689,#6690,#6691),(#6692,#6693,#6694,#6695,#6696,#6697,#6698,#6699,
#6700)),.UNSPECIFIED.,.F.,.F.,.F.,(4,1,1,4),(4,1,1,1,1,1,4),(0.,0.285714285714286,
0.571428571428571,1.),(1.65146339496829E-16,0.206283216748235,0.309424825122353,
0.41256643349647,0.515708041870588,0.618849650244705,0.721991258618823),
 .UNSPECIFIED.);
#67=B_SPLINE_SURFACE_WITH_KNOTS('',3,3,((#6712,#6713,#6714,#6715,#6716,
#6717,#6718,#6719,#6720,#6721),(#6722,#6723,#6724,#6725,#6726,#6727,#6728,
#6729,#6730,#6731),(#6732,#6733,#6734,#6735,#6736,#6737,#6738,#6739,#6740,
#6741),(#6742,#6743,#6744,#6745,#6746,#6747,#6748,#6749,#6750,#6751),(#6752,
#6753,#6754,#6755,#6756,#6757,#6758,#6759,#6760,#6761)),.UNSPECIFIED.,.F.,
 .F.,.F.,(4,1,4),(4,1,1,1,1,1,1,4),(0.,0.571428571428571,1.),(2.0993808100289E-16,
1.54793843954561,3.09587687909121,4.64381531863682,6.19175375818243,7.73969219772803,
9.28763063727364,10.8355690768192),.UNSPECIFIED.);
#68=B_SPLINE_SURFACE_WITH_KNOTS('',3,3,((#6774,#6775,#6776,#6777,#6778,
#6779,#6780,#6781,#6782),(#6783,#6784,#6785,#6786,#6787,#6788,#6789,#6790,
#6791),(#6792,#6793,#6794,#6795,#6796,#6797,#6798,#6799,#6800),(#6801,#6802,
#6803,#6804,#6805,#6806,#6807,#6808,#6809),(#6810,#6811,#6812,#6813,#6814,
#6815,#6816,#6817,#6818),(#6819,#6820,#6821,#6822,#6823,#6824,#6825,#6826,
#6827)),.UNSPECIFIED.,.F.,.F.,.F.,(4,1,1,4),(4,1,1,1,1,1,4),(0.,0.285714285714286,
0.571428571428571,1.),(0.,0.206283378443907,0.309425067665861,0.412566756887815,
0.515708446109768,0.567279290720745,0.721991824553676),.UNSPECIFIED.);
#69=B_SPLINE_SURFACE_WITH_KNOTS('',3,3,((#6837,#6838,#6839,#6840,#6841,
#6842,#6843,#6844,#6845,#6846),(#6847,#6848,#6849,#6850,#6851,#6852,#6853,
#6854,#6855,#6856),(#6857,#6858,#6859,#6860,#6861,#6862,#6863,#6864,#6865,
#6866),(#6867,#6868,#6869,#6870,#6871,#6872,#6873,#6874,#6875,#6876),(#6877,
#6878,#6879,#6880,#6881,#6882,#6883,#6884,#6885,#6886),(#6887,#6888,#6889,
#6890,#6891,#6892,#6893,#6894,#6895,#6896)),.UNSPECIFIED.,.F.,.F.,.F.,(4,
1,1,4),(4,1,1,1,1,1,1,4),(0.,0.285714285714286,0.571428571428571,1.),(7.27170148509673E-16,
0.0984372717352447,0.196874543470489,0.393749086940977,0.492186358676221,
0.590623630411465,0.615232948345276,0.689060902146709),.UNSPECIFIED.);
#70=B_SPLINE_SURFACE_WITH_KNOTS('',3,3,((#6911,#6912,#6913,#6914,#6915,
#6916,#6917,#6918,#6919,#6920),(#6921,#6922,#6923,#6924,#6925,#6926,#6927,
#6928,#6929,#6930),(#6931,#6932,#6933,#6934,#6935,#6936,#6937,#6938,#6939,
#6940),(#6941,#6942,#6943,#6944,#6945,#6946,#6947,#6948,#6949,#6950),(#6951,
#6952,#6953,#6954,#6955,#6956,#6957,#6958,#6959,#6960)),.UNSPECIFIED.,.F.,
 .F.,.F.,(4,1,4),(4,1,1,1,1,1,1,4),(0.,0.571428571428571,1.),(0.,1.2965162674612,
2.5930325349224,3.88954880238359,5.18606506984479,6.48258133730599,7.77909760476719,
9.07561387222838),.UNSPECIFIED.);
#71=B_SPLINE_SURFACE_WITH_KNOTS('',3,3,((#6996,#6997,#6998,#6999,#7000,
#7001,#7002,#7003,#7004,#7005),(#7006,#7007,#7008,#7009,#7010,#7011,#7012,
#7013,#7014,#7015),(#7016,#7017,#7018,#7019,#7020,#7021,#7022,#7023,#7024,
#7025),(#7026,#7027,#7028,#7029,#7030,#7031,#7032,#7033,#7034,#7035),(#7036,
#7037,#7038,#7039,#7040,#7041,#7042,#7043,#7044,#7045),(#7046,#7047,#7048,
#7049,#7050,#7051,#7052,#7053,#7054,#7055)),.UNSPECIFIED.,.F.,.F.,.F.,(4,
1,1,4),(4,1,1,1,1,1,1,4),(0.,0.285714285714286,0.571428571428571,1.),(0.,
1.15097765806969,2.30195531613938,3.45293297420907,4.60391063227876,5.75488829034845,
6.90586594841813,8.05684360648782),.UNSPECIFIED.);
#72=B_SPLINE_SURFACE_WITH_KNOTS('',3,3,((#7080,#7081,#7082,#7083,#7084,
#7085,#7086,#7087,#7088,#7089),(#7090,#7091,#7092,#7093,#7094,#7095,#7096,
#7097,#7098,#7099),(#7100,#7101,#7102,#7103,#7104,#7105,#7106,#7107,#7108,
#7109),(#7110,#7111,#7112,#7113,#7114,#7115,#7116,#7117,#7118,#7119),(#7120,
#7121,#7122,#7123,#7124,#7125,#7126,#7127,#7128,#7129),(#7130,#7131,#7132,
#7133,#7134,#7135,#7136,#7137,#7138,#7139)),.UNSPECIFIED.,.F.,.F.,.F.,(4,
1,1,4),(4,1,1,1,1,1,1,4),(0.,0.285714285714286,0.571428571428571,1.),(0.,
0.0984371858801509,0.123046482350189,0.295311557640453,0.393748743520604,
0.492185929400755,0.566013818810868,0.689060301161056),.UNSPECIFIED.);
#73=B_SPLINE_SURFACE_WITH_KNOTS('',3,3,((#7150,#7151,#7152,#7153,#7154,
#7155,#7156,#7157),(#7158,#7159,#7160,#7161,#7162,#7163,#7164,#7165),(#7166,
#7167,#7168,#7169,#7170,#7171,#7172,#7173),(#7174,#7175,#7176,#7177,#7178,
#7179,#7180,#7181),(#7182,#7183,#7184,#7185,#7186,#7187,#7188,#7189)),
 .UNSPECIFIED.,.F.,.F.,.F.,(4,1,4),(4,1,1,1,1,4),(0.,0.571428571428571,
1.),(0.,1.04336935705313,2.08673871410627,4.17347742821253,6.2602161423188,
7.30358549937194),.UNSPECIFIED.);
#74=B_SPLINE_SURFACE_WITH_KNOTS('',3,3,((#7233,#7234,#7235,#7236,#7237,
#7238,#7239,#7240,#7241),(#7242,#7243,#7244,#7245,#7246,#7247,#7248,#7249,
#7250),(#7251,#7252,#7253,#7254,#7255,#7256,#7257,#7258,#7259),(#7260,#7261,
#7262,#7263,#7264,#7265,#7266,#7267,#7268),(#7269,#7270,#7271,#7272,#7273,
#7274,#7275,#7276,#7277),(#7278,#7279,#7280,#7281,#7282,#7283,#7284,#7285,
#7286)),.UNSPECIFIED.,.F.,.F.,.F.,(4,1,1,4),(4,1,1,1,1,1,4),(0.,0.285714285714286,
0.571428571428571,1.),(2.37933816008921E-15,0.103141712467976,0.309425137403923,
0.412566849871897,0.51570856233987,0.618850274807843,0.721991987275817),
 .UNSPECIFIED.);
#75=B_SPLINE_SURFACE_WITH_KNOTS('',3,3,((#7298,#7299,#7300,#7301,#7302,
#7303,#7304,#7305,#7306,#7307),(#7308,#7309,#7310,#7311,#7312,#7313,#7314,
#7315,#7316,#7317),(#7318,#7319,#7320,#7321,#7322,#7323,#7324,#7325,#7326,
#7327),(#7328,#7329,#7330,#7331,#7332,#7333,#7334,#7335,#7336,#7337),(#7338,
#7339,#7340,#7341,#7342,#7343,#7344,#7345,#7346,#7347),(#7348,#7349,#7350,
#7351,#7352,#7353,#7354,#7355,#7356,#7357)),.UNSPECIFIED.,.F.,.F.,.F.,(4,
1,1,4),(4,1,1,1,1,1,1,4),(0.,0.285714285714286,0.571428571428571,1.),(0.,
0.905450842573476,1.81090168514695,2.71635252772043,3.6218033702939,4.52725421286738,
5.43270505544086,6.33815589801433),.UNSPECIFIED.);
#76=B_SPLINE_SURFACE_WITH_KNOTS('',3,3,((#7419,#7420,#7421,#7422,#7423,
#7424,#7425,#7426,#7427),(#7428,#7429,#7430,#7431,#7432,#7433,#7434,#7435,
#7436),(#7437,#7438,#7439,#7440,#7441,#7442,#7443,#7444,#7445),(#7446,#7447,
#7448,#7449,#7450,#7451,#7452,#7453,#7454),(#7455,#7456,#7457,#7458,#7459,
#7460,#7461,#7462,#7463),(#7464,#7465,#7466,#7467,#7468,#7469,#7470,#7471,
#7472)),.UNSPECIFIED.,.F.,.F.,.F.,(4,1,1,4),(4,1,1,1,1,1,4),(0.,0.285714285714286,
0.571428571428571,1.),(0.,0.103141601206752,0.206283202413504,0.309424803620256,
0.412566404827008,0.51570800603376,0.721991208447263),.UNSPECIFIED.);
#77=B_SPLINE_SURFACE_WITH_KNOTS('',3,3,((#7505,#7506,#7507,#7508,#7509,
#7510,#7511,#7512),(#7513,#7514,#7515,#7516,#7517,#7518,#7519,#7520),(#7521,
#7522,#7523,#7524,#7525,#7526,#7527,#7528),(#7529,#7530,#7531,#7532,#7533,
#7534,#7535,#7536),(#7537,#7538,#7539,#7540,#7541,#7542,#7543,#7544),(#7545,
#7546,#7547,#7548,#7549,#7550,#7551,#7552)),.UNSPECIFIED.,.F.,.F.,.F.,(4,
1,1,4),(4,1,1,1,1,4),(0.,0.285714285714286,0.571428571428571,1.),(0.,0.103141729687189,
0.309425189061568,0.515708648435946,0.618850378123135,0.721992107810325),
 .UNSPECIFIED.);
#78=B_SPLINE_SURFACE_WITH_KNOTS('',3,3,((#7565,#7566,#7567,#7568,#7569,
#7570,#7571),(#7572,#7573,#7574,#7575,#7576,#7577,#7578),(#7579,#7580,#7581,
#7582,#7583,#7584,#7585),(#7586,#7587,#7588,#7589,#7590,#7591,#7592),(#7593,
#7594,#7595,#7596,#7597,#7598,#7599)),.UNSPECIFIED.,.F.,.F.,.F.,(4,1,4),
(4,1,1,1,4),(0.,0.569830220641747,0.997202886123058),(0.,1.5357303587555,
2.30359553813325,3.83932589688874,5.37505625564424),.UNSPECIFIED.);
#79=B_SPLINE_SURFACE_WITH_KNOTS('',3,3,((#7609,#7610,#7611,#7612,#7613,
#7614,#7615),(#7616,#7617,#7618,#7619,#7620,#7621,#7622),(#7623,#7624,#7625,
#7626,#7627,#7628,#7629),(#7630,#7631,#7632,#7633,#7634,#7635,#7636),(#7637,
#7638,#7639,#7640,#7641,#7642,#7643),(#7644,#7645,#7646,#7647,#7648,#7649,
#7650)),.UNSPECIFIED.,.F.,.F.,.F.,(4,1,1,4),(4,1,1,1,4),(0.,0.285714285714286,
0.571428571428571,1.),(0.,1.30321536942543,1.95482305413814,3.25803842356356,
4.56125379298899),.UNSPECIFIED.);
#80=B_SPLINE_SURFACE_WITH_KNOTS('',3,3,((#7660,#7661,#7662,#7663,#7664,
#7665,#7666,#7667,#7668),(#7669,#7670,#7671,#7672,#7673,#7674,#7675,#7676,
#7677),(#7678,#7679,#7680,#7681,#7682,#7683,#7684,#7685,#7686),(#7687,#7688,
#7689,#7690,#7691,#7692,#7693,#7694,#7695),(#7696,#7697,#7698,#7699,#7700,
#7701,#7702,#7703,#7704),(#7705,#7706,#7707,#7708,#7709,#7710,#7711,#7712,
#7713)),.UNSPECIFIED.,.F.,.F.,.F.,(4,1,1,4),(4,1,1,1,1,1,4),(0.,0.285714285714286,
0.571428571428571,1.),(1.74392793947989E-16,0.103141606959088,0.206283213918176,
0.309424820877264,0.412566427836352,0.51570803479544,0.721991248713615),
 .UNSPECIFIED.);
#81=B_SPLINE_SURFACE_WITH_KNOTS('',3,3,((#7746,#7747,#7748,#7749,#7750,
#7751,#7752,#7753,#7754,#7755),(#7756,#7757,#7758,#7759,#7760,#7761,#7762,
#7763,#7764,#7765),(#7766,#7767,#7768,#7769,#7770,#7771,#7772,#7773,#7774,
#7775),(#7776,#7777,#7778,#7779,#7780,#7781,#7782,#7783,#7784,#7785),(#7786,
#7787,#7788,#7789,#7790,#7791,#7792,#7793,#7794,#7795),(#7796,#7797,#7798,
#7799,#7800,#7801,#7802,#7803,#7804,#7805)),.UNSPECIFIED.,.F.,.F.,.F.,(4,
1,1,4),(4,1,1,1,1,1,1,4),(0.,0.285714285714286,0.571428571428571,1.),(0.,
1.6331303976057,3.2662607952114,4.8993911928171,6.53252159042281,8.16565198802851,
9.79878238563421,11.4319127832399),.UNSPECIFIED.);
#82=B_SPLINE_SURFACE_WITH_KNOTS('',3,3,((#7808,#7809,#7810,#7811,#7812,
#7813,#7814,#7815,#7816),(#7817,#7818,#7819,#7820,#7821,#7822,#7823,#7824,
#7825),(#7826,#7827,#7828,#7829,#7830,#7831,#7832,#7833,#7834),(#7835,#7836,
#7837,#7838,#7839,#7840,#7841,#7842,#7843),(#7844,#7845,#7846,#7847,#7848,
#7849,#7850,#7851,#7852),(#7853,#7854,#7855,#7856,#7857,#7858,#7859,#7860,
#7861)),.UNSPECIFIED.,.F.,.F.,.F.,(4,1,1,4),(4,1,1,1,1,1,4),(0.,0.285714285714286,
0.571428571428571,1.),(4.10868753347141E-16,0.154712531263692,0.206283375018255,
0.309425062527383,0.412566750036511,0.515708437545638,0.721991812563893),
 .UNSPECIFIED.);
#83=B_SPLINE_SURFACE_WITH_KNOTS('',3,3,((#7873,#7874,#7875,#7876,#7877,
#7878,#7879,#7880,#7881,#7882),(#7883,#7884,#7885,#7886,#7887,#7888,#7889,
#7890,#7891,#7892),(#7893,#7894,#7895,#7896,#7897,#7898,#7899,#7900,#7901,
#7902),(#7903,#7904,#7905,#7906,#7907,#7908,#7909,#7910,#7911,#7912),(#7913,
#7914,#7915,#7916,#7917,#7918,#7919,#7920,#7921,#7922)),.UNSPECIFIED.,.F.,
 .F.,.F.,(4,1,4),(4,1,1,1,1,1,1,4),(0.,0.571428571428571,1.),(1.46344950431531E-16,
1.80467748718278,3.60935497436556,5.41403246154834,7.21870994873112,9.02338743591391,
10.8280649230967,12.6327424102795),.UNSPECIFIED.);
#84=B_SPLINE_SURFACE_WITH_KNOTS('',3,3,((#7935,#7936,#7937,#7938,#7939,
#7940,#7941,#7942,#7943),(#7944,#7945,#7946,#7947,#7948,#7949,#7950,#7951,
#7952),(#7953,#7954,#7955,#7956,#7957,#7958,#7959,#7960,#7961),(#7962,#7963,
#7964,#7965,#7966,#7967,#7968,#7969,#7970),(#7971,#7972,#7973,#7974,#7975,
#7976,#7977,#7978,#7979),(#7980,#7981,#7982,#7983,#7984,#7985,#7986,#7987,
#7988)),.UNSPECIFIED.,.F.,.F.,.F.,(4,1,1,4),(4,1,1,1,1,1,4),(0.,0.285714285714286,
0.571428571428571,1.),(0.,0.206283213871344,0.309424820807015,0.412566427742687,
0.515708034678359,0.593064239880113,0.721991248549703),.UNSPECIFIED.);
#85=B_SPLINE_SURFACE_WITH_KNOTS('',3,3,((#8009,#8010,#8011,#8012,#8013,
#8014,#8015,#8016,#8017,#8018),(#8019,#8020,#8021,#8022,#8023,#8024,#8025,
#8026,#8027,#8028),(#8029,#8030,#8031,#8032,#8033,#8034,#8035,#8036,#8037,
#8038),(#8039,#8040,#8041,#8042,#8043,#8044,#8045,#8046,#8047,#8048),(#8049,
#8050,#8051,#8052,#8053,#8054,#8055,#8056,#8057,#8058),(#8059,#8060,#8061,
#8062,#8063,#8064,#8065,#8066,#8067,#8068)),.UNSPECIFIED.,.F.,.F.,.F.,(4,
1,1,4),(4,1,1,1,1,1,1,4),(0.,0.285714285714286,0.571428571428571,1.),(0.,
1.38496470748985,2.76992941497969,4.15489412246954,5.53985882995939,6.92482353744923,
8.30978824493908,9.69475295242893),.UNSPECIFIED.);
#86=B_SPLINE_SURFACE_WITH_KNOTS('',3,3,((#8114,#8115,#8116,#8117,#8118,
#8119,#8120,#8121,#8122),(#8123,#8124,#8125,#8126,#8127,#8128,#8129,#8130,
#8131),(#8132,#8133,#8134,#8135,#8136,#8137,#8138,#8139,#8140),(#8141,#8142,
#8143,#8144,#8145,#8146,#8147,#8148,#8149),(#8150,#8151,#8152,#8153,#8154,
#8155,#8156,#8157,#8158),(#8159,#8160,#8161,#8162,#8163,#8164,#8165,#8166,
#8167)),.UNSPECIFIED.,.F.,.F.,.F.,(4,1,1,4),(4,1,1,1,1,1,4),(0.,0.285714285714286,
0.571428571428571,1.),(4.45590410271981E-16,0.103141699576689,0.206283399153378,
0.309425098730067,0.515708497883445,0.618850197460134,0.721991897036823),
 .UNSPECIFIED.);
#87=B_SPLINE_SURFACE_WITH_KNOTS('',3,3,((#8179,#8180,#8181,#8182,#8183,
#8184,#8185,#8186,#8187,#8188),(#8189,#8190,#8191,#8192,#8193,#8194,#8195,
#8196,#8197,#8198),(#8199,#8200,#8201,#8202,#8203,#8204,#8205,#8206,#8207,
#8208),(#8209,#8210,#8211,#8212,#8213,#8214,#8215,#8216,#8217,#8218),(#8219,
#8220,#8221,#8222,#8223,#8224,#8225,#8226,#8227,#8228)),.UNSPECIFIED.,.F.,
 .F.,.F.,(4,1,4),(4,1,1,1,1,1,1,4),(0.,0.571428571428571,1.),(1.74639446759598E-15,
1.54794723477818,3.09589446955635,4.64384170433452,6.1917889391127,7.73973617389087,
9.28768340866904,10.8356306434472),.UNSPECIFIED.);
#88=B_SPLINE_SURFACE_WITH_KNOTS('',3,3,((#8241,#8242,#8243,#8244,#8245,
#8246,#8247,#8248,#8249),(#8250,#8251,#8252,#8253,#8254,#8255,#8256,#8257,
#8258),(#8259,#8260,#8261,#8262,#8263,#8264,#8265,#8266,#8267),(#8268,#8269,
#8270,#8271,#8272,#8273,#8274,#8275,#8276),(#8277,#8278,#8279,#8280,#8281,
#8282,#8283,#8284,#8285),(#8286,#8287,#8288,#8289,#8290,#8291,#8292,#8293,
#8294)),.UNSPECIFIED.,.F.,.F.,.F.,(4,1,1,4),(4,1,1,1,1,1,4),(0.,0.285714285714286,
0.571428571428571,1.),(8.33111264179828E-16,0.103141603232013,0.206283206464026,
0.309424809696039,0.412566412928051,0.515708016160064,0.721991222624089),
 .UNSPECIFIED.);
#89=B_SPLINE_SURFACE_WITH_KNOTS('',3,3,((#8304,#8305,#8306,#8307,#8308,
#8309,#8310,#8311,#8312,#8313),(#8314,#8315,#8316,#8317,#8318,#8319,#8320,
#8321,#8322,#8323),(#8324,#8325,#8326,#8327,#8328,#8329,#8330,#8331,#8332,
#8333),(#8334,#8335,#8336,#8337,#8338,#8339,#8340,#8341,#8342,#8343),(#8344,
#8345,#8346,#8347,#8348,#8349,#8350,#8351,#8352,#8353)),.UNSPECIFIED.,.F.,
 .F.,.F.,(4,1,4),(4,1,1,1,1,1,1,4),(0.,0.571428571428571,1.),(3.91340206546032E-15,
1.2965229257245,2.593045851449,3.8895687771735,5.186091702898,6.4826146286225,
7.779137554347,9.07566048007149),.UNSPECIFIED.);
#90=B_SPLINE_SURFACE_WITH_KNOTS('',3,3,((#8368,#8369,#8370,#8371,#8372,
#8373,#8374,#8375,#8376,#8377),(#8378,#8379,#8380,#8381,#8382,#8383,#8384,
#8385,#8386,#8387),(#8388,#8389,#8390,#8391,#8392,#8393,#8394,#8395,#8396,
#8397),(#8398,#8399,#8400,#8401,#8402,#8403,#8404,#8405,#8406,#8407),(#8408,
#8409,#8410,#8411,#8412,#8413,#8414,#8415,#8416,#8417),(#8418,#8419,#8420,
#8421,#8422,#8423,#8424,#8425,#8426,#8427)),.UNSPECIFIED.,.F.,.F.,.F.,(4,
1,1,4),(4,1,1,1,1,1,1,4),(0.,0.285714285714286,0.571428571428571,1.),(0.,
0.0738279700384675,0.0984372933846234,0.196874586769247,0.29531188015387,
0.492186466923117,0.59062376030774,0.689061053692363),.UNSPECIFIED.);
#91=B_SPLINE_SURFACE_WITH_KNOTS('',3,3,((#8463,#8464,#8465,#8466,#8467,
#8468,#8469,#8470,#8471,#8472),(#8473,#8474,#8475,#8476,#8477,#8478,#8479,
#8480,#8481,#8482),(#8483,#8484,#8485,#8486,#8487,#8488,#8489,#8490,#8491,
#8492),(#8493,#8494,#8495,#8496,#8497,#8498,#8499,#8500,#8501,#8502),(#8503,
#8504,#8505,#8506,#8507,#8508,#8509,#8510,#8511,#8512),(#8513,#8514,#8515,
#8516,#8517,#8518,#8519,#8520,#8521,#8522)),.UNSPECIFIED.,.F.,.F.,.F.,(4,
1,1,4),(4,1,1,1,1,1,1,4),(0.,0.285714285714286,0.571428571428571,1.),(0.,
1.15097765806969,2.30195531613938,3.45293297420907,4.60391063227876,5.75488829034845,
6.90586594841814,8.05684360648783),.UNSPECIFIED.);
#92=B_SPLINE_SURFACE_WITH_KNOTS('',3,3,((#8547,#8548,#8549,#8550,#8551,
#8552,#8553,#8554,#8555,#8556),(#8557,#8558,#8559,#8560,#8561,#8562,#8563,
#8564,#8565,#8566),(#8567,#8568,#8569,#8570,#8571,#8572,#8573,#8574,#8575,
#8576),(#8577,#8578,#8579,#8580,#8581,#8582,#8583,#8584,#8585,#8586),(#8587,
#8588,#8589,#8590,#8591,#8592,#8593,#8594,#8595,#8596),(#8597,#8598,#8599,
#8600,#8601,#8602,#8603,#8604,#8605,#8606)),.UNSPECIFIED.,.F.,.F.,.F.,(4,
1,1,4),(4,1,1,1,1,1,1,4),(0.,0.285714285714286,0.571428571428571,1.),(0.,
0.123046480402534,0.196874368644054,0.295311552966081,0.393748737288108,
0.566013809851655,0.590623105932162,0.689060290254189),.UNSPECIFIED.);
#93=B_SPLINE_SURFACE_WITH_KNOTS('',3,3,((#8617,#8618,#8619,#8620,#8621,
#8622,#8623,#8624),(#8625,#8626,#8627,#8628,#8629,#8630,#8631,#8632),(#8633,
#8634,#8635,#8636,#8637,#8638,#8639,#8640),(#8641,#8642,#8643,#8644,#8645,
#8646,#8647,#8648),(#8649,#8650,#8651,#8652,#8653,#8654,#8655,#8656)),
 .UNSPECIFIED.,.F.,.F.,.F.,(4,1,4),(4,1,1,1,1,4),(0.,0.571428571428571,
1.),(2.77067039164541E-16,1.04336935705313,3.1301080711594,5.21684678526567,
6.2602161423188,7.30358549937194),.UNSPECIFIED.);
#94=B_SPLINE_SURFACE_WITH_KNOTS('',3,3,((#8692,#8693,#8694,#8695,#8696,
#8697,#8698,#8699,#8700,#8701),(#8702,#8703,#8704,#8705,#8706,#8707,#8708,
#8709,#8710,#8711),(#8712,#8713,#8714,#8715,#8716,#8717,#8718,#8719,#8720,
#8721),(#8722,#8723,#8724,#8725,#8726,#8727,#8728,#8729,#8730,#8731),(#8732,
#8733,#8734,#8735,#8736,#8737,#8738,#8739,#8740,#8741),(#8742,#8743,#8744,
#8745,#8746,#8747,#8748,#8749,#8750,#8751)),.UNSPECIFIED.,.F.,.F.,.F.,(4,
1,1,4),(4,1,1,1,1,1,1,4),(0.,0.285714285714286,0.571428571428571,1.),(0.,
0.905449371193291,1.81089874238658,2.71634811357987,3.62179748477316,4.52724685596645,
5.43269622715975,6.33814559835304),.UNSPECIFIED.);
#95=B_SPLINE_SURFACE_WITH_KNOTS('',3,3,((#8815,#8816,#8817,#8818,#8819,
#8820,#8821,#8822,#8823),(#8824,#8825,#8826,#8827,#8828,#8829,#8830,#8831,
#8832),(#8833,#8834,#8835,#8836,#8837,#8838,#8839,#8840,#8841),(#8842,#8843,
#8844,#8845,#8846,#8847,#8848,#8849,#8850),(#8851,#8852,#8853,#8854,#8855,
#8856,#8857,#8858,#8859),(#8860,#8861,#8862,#8863,#8864,#8865,#8866,#8867,
#8868)),.UNSPECIFIED.,.F.,.F.,.F.,(4,1,1,4),(4,1,1,1,1,1,4),(0.,0.285714285714286,
0.571428571428571,1.),(0.,0.103141730765547,0.206283461531095,0.309425192296642,
0.515708653827737,0.618850384593285,0.721992115358832),.UNSPECIFIED.);
#96=B_SPLINE_SURFACE_WITH_KNOTS('',3,3,((#8878,#8879,#8880,#8881,#8882,
#8883,#8884,#8885,#8886,#8887),(#8888,#8889,#8890,#8891,#8892,#8893,#8894,
#8895,#8896,#8897),(#8898,#8899,#8900,#8901,#8902,#8903,#8904,#8905,#8906,
#8907),(#8908,#8909,#8910,#8911,#8912,#8913,#8914,#8915,#8916,#8917),(#8918,
#8919,#8920,#8921,#8922,#8923,#8924,#8925,#8926,#8927),(#8928,#8929,#8930,
#8931,#8932,#8933,#8934,#8935,#8936,#8937)),.UNSPECIFIED.,.F.,.F.,.F.,(4,
1,1,4),(4,1,1,1,1,1,1,4),(0.,0.285714285714286,0.571428571428571,1.),(5.48347212367681E-16,
0.103141602823445,0.128927003529306,0.309424808470333,0.412566411293778,
0.515708014117222,0.593064216234805,0.721991219764111),.UNSPECIFIED.);
#97=B_SPLINE_SURFACE_WITH_KNOTS('',3,3,((#8948,#8949,#8950,#8951,#8952,
#8953,#8954,#8955,#8956),(#8957,#8958,#8959,#8960,#8961,#8962,#8963,#8964,
#8965),(#8966,#8967,#8968,#8969,#8970,#8971,#8972,#8973,#8974),(#8975,#8976,
#8977,#8978,#8979,#8980,#8981,#8982,#8983),(#8984,#8985,#8986,#8987,#8988,
#8989,#8990,#8991,#8992),(#8993,#8994,#8995,#8996,#8997,#8998,#8999,#9000,
#9001)),.UNSPECIFIED.,.F.,.F.,.F.,(4,1,1,4),(4,1,1,1,1,1,4),(0.,0.285714285714286,
0.571428571428571,1.),(0.,0.10314161382683,0.30942484148049,0.412566455307321,
0.515708069134151,0.618849682960981,0.721991296787811),.UNSPECIFIED.);
#98=B_SPLINE_SURFACE_WITH_KNOTS('',3,3,((#9015,#9016,#9017,#9018,#9019,
#9020,#9021),(#9022,#9023,#9024,#9025,#9026,#9027,#9028),(#9029,#9030,#9031,
#9032,#9033,#9034,#9035),(#9036,#9037,#9038,#9039,#9040,#9041,#9042),(#9043,
#9044,#9045,#9046,#9047,#9048,#9049)),.UNSPECIFIED.,.F.,.F.,.F.,(4,1,4),
(4,1,1,1,4),(0.,0.569830220641802,0.997202886123153),(1.96566504424431E-15,
0.767865181736166,2.30359554520849,3.83932590868082,5.37505627215315),
 .UNSPECIFIED.);
#99=B_SPLINE_SURFACE_WITH_KNOTS('',3,3,((#9059,#9060,#9061,#9062,#9063,
#9064,#9065,#9066,#9067),(#9068,#9069,#9070,#9071,#9072,#9073,#9074,#9075,
#9076),(#9077,#9078,#9079,#9080,#9081,#9082,#9083,#9084,#9085),(#9086,#9087,
#9088,#9089,#9090,#9091,#9092,#9093,#9094),(#9095,#9096,#9097,#9098,#9099,
#9100,#9101,#9102,#9103),(#9104,#9105,#9106,#9107,#9108,#9109,#9110,#9111,
#9112)),.UNSPECIFIED.,.F.,.F.,.F.,(4,1,1,4),(4,1,1,1,1,1,4),(0.,0.285714285714286,
0.571428571428571,1.),(5.866125638069E-16,0.103141749799792,0.206283499599584,
0.309425249399375,0.515708748998958,0.593065061348802,0.721992248598541),
 .UNSPECIFIED.);
#100=B_SPLINE_SURFACE_WITH_KNOTS('',3,3,((#9252,#9253,#9254,#9255,#9256,
#9257,#9258),(#9259,#9260,#9261,#9262,#9263,#9264,#9265),(#9266,#9267,#9268,
#9269,#9270,#9271,#9272),(#9273,#9274,#9275,#9276,#9277,#9278,#9279),(#9280,
#9281,#9282,#9283,#9284,#9285,#9286),(#9287,#9288,#9289,#9290,#9291,#9292,
#9293)),.UNSPECIFIED.,.F.,.F.,.F.,(4,1,1,4),(4,1,1,1,4),(0.,0.285714285714286,
0.571428571428571,1.),(0.,0.651606714474453,1.95482014342336,3.25803357237226,
4.56124700132117),.UNSPECIFIED.);
#101=ELLIPSE('',#3562,38.4972807481249,19.1);
#102=ELLIPSE('',#3564,38.4972807481263,19.1);
#103=ELLIPSE('',#3626,38.4972807481242,19.1);
#104=ELLIPSE('',#3636,38.4972807481242,19.1);
#105=CONICAL_SURFACE('',#3536,51.3034161488878,1.4904654553468);
#106=CONICAL_SURFACE('',#3538,48.4554160054343,0.0158253859335997);
#107=CONICAL_SURFACE('',#3540,48.4554160054343,0.0158253859335997);
#108=CONICAL_SURFACE('',#3543,51.3034161488878,1.4904654553468);
#109=CONICAL_SURFACE('',#3552,22.1,0.51914611424653);
#110=CONICAL_SURFACE('',#3555,2.56699999999997,0.519146114246511);
#111=CONICAL_SURFACE('',#3558,2.56699999999997,0.519146114246511);
#112=CONICAL_SURFACE('',#3629,22.1,0.519146114246529);
#113=CONICAL_SURFACE('',#3631,2.56699999999997,0.51914611424651);
#114=CONICAL_SURFACE('',#3633,2.56699999999997,0.519146114246511);
#115=CONICAL_SURFACE('',#3751,52.4050023146175,0.909753157944167);
#116=CONICAL_SURFACE('',#3754,52.4050023146175,0.909753157944167);
#117=CONICAL_SURFACE('',#3770,52.4050023146175,0.909753157944167);
#118=FACE_BOUND('',#878,.T.);
#119=FACE_BOUND('',#879,.T.);
#120=FACE_BOUND('',#880,.T.);
#121=FACE_BOUND('',#881,.T.);
#122=FACE_BOUND('',#882,.T.);
#123=FACE_BOUND('',#895,.T.);
#124=FACE_BOUND('',#896,.T.);
#125=FACE_BOUND('',#897,.T.);
#126=FACE_BOUND('',#898,.T.);
#127=FACE_BOUND('',#899,.T.);
#128=FACE_BOUND('',#900,.T.);
#129=FACE_BOUND('',#901,.T.);
#130=FACE_BOUND('',#902,.T.);
#131=FACE_BOUND('',#903,.T.);
#132=FACE_BOUND('',#905,.T.);
#133=FACE_BOUND('',#983,.T.);
#134=FACE_BOUND('',#984,.T.);
#135=FACE_BOUND('',#985,.T.);
#136=B_SPLINE_CURVE_WITH_KNOTS('',3,(#4777,#4778,#4779,#4780,#4781,#4782,
#4783,#4784,#4785,#4786),.UNSPECIFIED.,.F.,.F.,(4,1,1,1,1,1,1,4),(-11.4319127832399,
-9.79878238563421,-8.16565198802851,-6.53252159042281,-4.8993911928171,
-3.2662607952114,-1.6331303976057,0.),.UNSPECIFIED.);
#137=B_SPLINE_CURVE_WITH_KNOTS('',3,(#4788,#4789,#4790,#4791,#4792,#4793,
#4794,#4795,#4796),.UNSPECIFIED.,.F.,.F.,(4,1,1,1,1,1,4),(-0.721991812563893,
-0.515708437545638,-0.412566750036511,-0.309425062527383,-0.206283375018255,
-0.154712531263692,-4.10868753347141E-16),.UNSPECIFIED.);
#138=B_SPLINE_CURVE_WITH_KNOTS('',3,(#4798,#4799,#4800,#4801,#4802,#4803,
#4804,#4805,#4806,#4807),.UNSPECIFIED.,.F.,.F.,(4,1,1,1,1,1,1,4),(-12.6327424102795,
-10.8280649230967,-9.02338743591391,-7.21870994873112,-5.41403246154834,
-3.60935497436556,-1.80467748718278,-1.46344950431531E-16),
 .UNSPECIFIED.);
#139=B_SPLINE_CURVE_WITH_KNOTS('',3,(#4808,#4809,#4810,#4811,#4812,#4813,
#4814,#4815,#4816),.UNSPECIFIED.,.F.,.F.,(4,1,1,1,1,1,4),(-0.721991248549703,
-0.593064239880113,-0.515708034678359,-0.412566427742687,-0.309424820807015,
-0.206283213871344,0.),.UNSPECIFIED.);
#140=B_SPLINE_CURVE_WITH_KNOTS('',3,(#4819,#4820,#4821,#4822,#4823,#4824,
#4825,#4826,#4827,#4828),.UNSPECIFIED.,.F.,.F.,(4,1,1,1,1,1,1,4),(-11.4319127832399,
-9.79878238563421,-8.16565198802851,-6.53252159042281,-4.8993911928171,
-3.2662607952114,-1.6331303976057,0.),.UNSPECIFIED.);
#141=B_SPLINE_CURVE_WITH_KNOTS('',3,(#4830,#4831,#4832,#4833,#4834,#4835,
#4836,#4837,#4838),.UNSPECIFIED.,.F.,.F.,(4,1,1,1,1,1,4),(-0.721991295254955,
-0.618849681647104,-0.515708068039254,-0.412566454431403,-0.309424840823552,
-0.206283227215701,0.),.UNSPECIFIED.);
#142=B_SPLINE_CURVE_WITH_KNOTS('',3,(#4840,#4841,#4842,#4843,#4844,#4845,
#4846,#4847,#4848,#4849),.UNSPECIFIED.,.F.,.F.,(4,1,1,1,1,1,1,4),(-12.6326084937554,
-10.8279501375047,-9.02329178125389,-7.21863342500311,-5.41397506875233,
-3.60931671250156,-1.80465835625078,0.),.UNSPECIFIED.);
#143=B_SPLINE_CURVE_WITH_KNOTS('',3,(#4850,#4851,#4852,#4853,#4854,#4855,
#4856,#4857,#4858),.UNSPECIFIED.,.F.,.F.,(4,1,1,1,1,1,4),(-0.721991764145035,
-0.567279243256813,-0.515708402960739,-0.412566722368591,-0.309425041776443,
-0.206283361184296,0.),.UNSPECIFIED.);
#144=B_SPLINE_CURVE_WITH_KNOTS('',3,(#4885,#4886,#4887,#4888,#4889,#4890,
#4891,#4892,#4893,#4894),.UNSPECIFIED.,.F.,.F.,(4,1,1,1,1,1,1,4),(-10.8356306434472,
-9.28768340866904,-7.73973617389087,-6.1917889391127,-4.64384170433452,
-3.09589446955635,-1.54794723477818,-1.74639446759598E-15),
 .UNSPECIFIED.);
#145=B_SPLINE_CURVE_WITH_KNOTS('',3,(#4896,#4897,#4898,#4899,#4900,#4901,
#4902,#4903,#4904),.UNSPECIFIED.,.F.,.F.,(4,1,1,1,1,1,4),(-0.721991222624089,
-0.515708016160064,-0.412566412928051,-0.309424809696039,-0.206283206464026,
-0.103141603232013,-8.33111264179828E-16),.UNSPECIFIED.);
#146=B_SPLINE_CURVE_WITH_KNOTS('',3,(#4906,#4907,#4908,#4909,#4910,#4911),
 .UNSPECIFIED.,.F.,.F.,(4,1,1,4),(-3.16034500788317,-2.76992941497969,-1.38496470748985,
0.),.UNSPECIFIED.);
#147=B_SPLINE_CURVE_WITH_KNOTS('',3,(#4913,#4914,#4915,#4916,#4917,#4918),
 .UNSPECIFIED.,.F.,.F.,(4,1,1,4),(-9.07566048007149,-7.779137554347,-6.4826146286225,
-6.22411712199601),.UNSPECIFIED.);
#148=B_SPLINE_CURVE_WITH_KNOTS('',3,(#4920,#4921,#4922,#4923,#4924,#4925,
#4926,#4927,#4928,#4929),.UNSPECIFIED.,.F.,.F.,(4,1,1,1,1,1,1,4),(-0.689060290254189,
-0.590623105932162,-0.566013809851655,-0.393748737288108,-0.295311552966081,
-0.196874368644054,-0.123046480402534,0.),.UNSPECIFIED.);
#149=B_SPLINE_CURVE_WITH_KNOTS('',3,(#4931,#4932,#4933,#4934,#4935,#4936,
#4937),.UNSPECIFIED.,.F.,.F.,(4,1,1,1,4),(-3.85198509927384,-3.45293297420907,
-2.30195531613938,-1.15097765806969,0.),.UNSPECIFIED.);
#150=B_SPLINE_CURVE_WITH_KNOTS('',3,(#4939,#4940,#4941,#4942,#4943,#4944),
 .UNSPECIFIED.,.F.,.F.,(4,1,1,4),(-7.30358549937194,-6.2602161423188,-5.21684678526567,
-3.82364887079923),.UNSPECIFIED.);
#151=B_SPLINE_CURVE_WITH_KNOTS('',3,(#4946,#4947,#4948,#4949,#4950,#4951,
#4952,#4953,#4954,#4955),.UNSPECIFIED.,.F.,.F.,(4,1,1,1,1,1,1,4),(-0.721991219764111,
-0.593064216234805,-0.515708014117222,-0.412566411293778,-0.309424808470333,
-0.128927003529306,-0.103141602823445,-5.48347212367681E-16),
 .UNSPECIFIED.);
#152=B_SPLINE_CURVE_WITH_KNOTS('',3,(#4957,#4958,#4959,#4960),
 .UNSPECIFIED.,.F.,.F.,(4,4),(-0.46779218500673,0.),.UNSPECIFIED.);
#153=B_SPLINE_CURVE_WITH_KNOTS('',3,(#4962,#4963,#4964,#4965,#4966,#4967,
#4968,#4969,#4970),.UNSPECIFIED.,.F.,.F.,(4,1,1,1,1,1,4),(-0.721991296787811,
-0.618849682960981,-0.515708069134151,-0.412566455307321,-0.30942484148049,
-0.10314161382683,-0.0202781596855694),.UNSPECIFIED.);
#154=B_SPLINE_CURVE_WITH_KNOTS('',3,(#4972,#4973,#4974,#4975,#4976,#4977,
#4978),.UNSPECIFIED.,.F.,.F.,(4,1,1,1,4),(-4.56124700132117,-3.25803357237226,
-1.95482014342336,-0.651606714474453,0.),.UNSPECIFIED.);
#155=B_SPLINE_CURVE_WITH_KNOTS('',3,(#4980,#4981,#4982,#4983,#4984,#4985,
#4986,#4987,#4988),.UNSPECIFIED.,.F.,.F.,(4,1,1,1,1,1,4),(-0.635370110409824,
-0.593065061348802,-0.515708748998958,-0.309425249399375,-0.206283499599584,
-0.103141749799792,-5.866125638069E-16),.UNSPECIFIED.);
#156=B_SPLINE_CURVE_WITH_KNOTS('',3,(#4990,#4991,#4992,#4993),
 .UNSPECIFIED.,.F.,.F.,(4,4),(-6.33814559835304,-5.92457764913215),
 .UNSPECIFIED.);
#157=B_SPLINE_CURVE_WITH_KNOTS('',3,(#4995,#4996,#4997,#4998,#4999,#5000,
#5001,#5002,#5003),.UNSPECIFIED.,.F.,.F.,(4,1,1,1,1,1,4),(-0.721992115358832,
-0.618850384593285,-0.515708653827737,-0.309425192296642,-0.206283461531095,
-0.103141730765547,0.),.UNSPECIFIED.);
#158=B_SPLINE_CURVE_WITH_KNOTS('',3,(#5005,#5006,#5007,#5008),
 .UNSPECIFIED.,.F.,.F.,(4,4),(-0.294101333198647,-2.77067039164541E-16),
 .UNSPECIFIED.);
#159=B_SPLINE_CURVE_WITH_KNOTS('',3,(#5010,#5011,#5012,#5013),
 .UNSPECIFIED.,.F.,.F.,(4,4),(-8.05684360648783,-7.37868175991021),
 .UNSPECIFIED.);
#160=B_SPLINE_CURVE_WITH_KNOTS('',3,(#5015,#5016,#5017,#5018,#5019,#5020,
#5021,#5022,#5023,#5024),.UNSPECIFIED.,.F.,.F.,(4,1,1,1,1,1,1,4),(-0.646769639922779,
-0.59062376030774,-0.492186466923117,-0.29531188015387,-0.196874586769247,
-0.0984372933846234,-0.0738279700384675,0.),.UNSPECIFIED.);
#161=B_SPLINE_CURVE_WITH_KNOTS('',3,(#5026,#5027,#5028,#5029),
 .UNSPECIFIED.,.F.,.F.,(4,4),(-9.69475295242893,-9.41251522100963),
 .UNSPECIFIED.);
#162=B_SPLINE_CURVE_WITH_KNOTS('',3,(#5030,#5031,#5032,#5033,#5034,#5035,
#5036,#5037,#5038),.UNSPECIFIED.,.F.,.F.,(4,1,1,1,1,1,4),(-0.721991897036823,
-0.618850197460134,-0.515708497883445,-0.309425098730067,-0.206283399153378,
-0.103141699576689,-4.45590410271981E-16),.UNSPECIFIED.);
#163=B_SPLINE_CURVE_WITH_KNOTS('',3,(#5041,#5042,#5043,#5044,#5045,#5046,
#5047,#5048,#5049,#5050),.UNSPECIFIED.,.F.,.F.,(4,1,1,1,1,1,1,4),(-10.8355690768192,
-9.28763063727364,-7.73969219772803,-6.19175375818243,-4.64381531863682,
-3.09587687909121,-1.54793843954561,-2.0993808100289E-16),.UNSPECIFIED.);
#164=B_SPLINE_CURVE_WITH_KNOTS('',3,(#5052,#5053,#5054,#5055,#5056,#5057,
#5058,#5059,#5060),.UNSPECIFIED.,.F.,.F.,(4,1,1,1,1,1,4),(-0.721991824553676,
-0.567279290720745,-0.515708446109768,-0.412566756887815,-0.309425067665861,
-0.206283378443907,0.),.UNSPECIFIED.);
#165=B_SPLINE_CURVE_WITH_KNOTS('',3,(#5062,#5063,#5064,#5065),
 .UNSPECIFIED.,.F.,.F.,(4,4),(-0.282237731419311,0.),.UNSPECIFIED.);
#166=B_SPLINE_CURVE_WITH_KNOTS('',3,(#5067,#5068,#5069,#5070,#5071,#5072,
#5073,#5074,#5075,#5076),.UNSPECIFIED.,.F.,.F.,(4,1,1,1,1,1,1,4),(-0.689060902146709,
-0.615232948345276,-0.590623630411465,-0.492186358676221,-0.393749086940977,
-0.196874543470489,-0.0984372717352447,-0.0422881776545914),
 .UNSPECIFIED.);
#167=B_SPLINE_CURVE_WITH_KNOTS('',3,(#5078,#5079,#5080,#5081),
 .UNSPECIFIED.,.F.,.F.,(4,4),(-0.678161846511134,0.),.UNSPECIFIED.);
#168=B_SPLINE_CURVE_WITH_KNOTS('',3,(#5083,#5084,#5085,#5086),
 .UNSPECIFIED.,.F.,.F.,(4,4),(-7.30358549937194,-7.00948416623977),
 .UNSPECIFIED.);
#169=B_SPLINE_CURVE_WITH_KNOTS('',3,(#5088,#5089,#5090,#5091,#5092,#5093,
#5094,#5095,#5096),.UNSPECIFIED.,.F.,.F.,(4,1,1,1,1,1,4),(-0.721991987275817,
-0.618850274807843,-0.51570856233987,-0.412566849871897,-0.309425137403923,
-0.103141712467976,-2.37933816008921E-15),.UNSPECIFIED.);
#170=B_SPLINE_CURVE_WITH_KNOTS('',3,(#5098,#5099,#5100,#5101),
 .UNSPECIFIED.,.F.,.F.,(4,4),(-0.413559159613939,0.),.UNSPECIFIED.);
#171=B_SPLINE_CURVE_WITH_KNOTS('',3,(#5103,#5104,#5105,#5106,#5107,#5108,
#5109,#5110),.UNSPECIFIED.,.F.,.F.,(4,1,1,1,1,4),(-0.721992107810325,-0.618850378123135,
-0.515708648435946,-0.309425189061568,-0.103141729687189,-0.0865680038848325),
 .UNSPECIFIED.);
#172=B_SPLINE_CURVE_WITH_KNOTS('',3,(#5112,#5113,#5114,#5115,#5116,#5117,
#5118),.UNSPECIFIED.,.F.,.F.,(4,1,1,1,4),(-4.56125379298899,-3.25803842356356,
-1.95482305413814,-1.30321536942543,0.),.UNSPECIFIED.);
#173=B_SPLINE_CURVE_WITH_KNOTS('',3,(#5120,#5121,#5122,#5123,#5124,#5125,
#5126,#5127,#5128),.UNSPECIFIED.,.F.,.F.,(4,1,1,1,1,1,4),(-0.701696455370557,
-0.51570803479544,-0.412566427836352,-0.309424820877264,-0.206283213918176,
-0.103141606959088,-1.74392793947989E-16),.UNSPECIFIED.);
#174=B_SPLINE_CURVE_WITH_KNOTS('',3,(#5130,#5131,#5132,#5133),
 .UNSPECIFIED.,.F.,.F.,(4,4),(-6.33815589801433,-5.87035039731692),
 .UNSPECIFIED.);
#175=B_SPLINE_CURVE_WITH_KNOTS('',3,(#5135,#5136,#5137,#5138,#5139,#5140,
#5141,#5142,#5143),.UNSPECIFIED.,.F.,.F.,(4,1,1,1,1,1,4),(-0.721991208447263,
-0.51570800603376,-0.412566404827008,-0.309424803620256,-0.206283202413504,
-0.103141601206752,0.),.UNSPECIFIED.);
#176=B_SPLINE_CURVE_WITH_KNOTS('',3,(#5145,#5146,#5147,#5148,#5149,#5150),
 .UNSPECIFIED.,.F.,.F.,(4,1,1,4),(-3.47993662858366,-2.08673871410627,-1.04336935705313,
0.),.UNSPECIFIED.);
#177=B_SPLINE_CURVE_WITH_KNOTS('',3,(#5152,#5153,#5154,#5155,#5156,#5157,
#5158),.UNSPECIFIED.,.F.,.F.,(4,1,1,1,4),(-8.05684360648782,-6.90586594841813,
-5.75488829034845,-4.60391063227876,-4.20485850720304),.UNSPECIFIED.);
#178=B_SPLINE_CURVE_WITH_KNOTS('',3,(#5160,#5161,#5162,#5163,#5164,#5165,
#5166,#5167,#5168,#5169),.UNSPECIFIED.,.F.,.F.,(4,1,1,1,1,1,1,4),(-0.689060301161056,
-0.566013818810868,-0.492185929400755,-0.393748743520604,-0.295311557640453,
-0.123046482350189,-0.0984371858801509,0.),.UNSPECIFIED.);
#179=B_SPLINE_CURVE_WITH_KNOTS('',3,(#5171,#5172,#5173,#5174,#5175,#5176),
 .UNSPECIFIED.,.F.,.F.,(4,1,1,4),(-2.85144585929494,-2.5930325349224,-1.2965162674612,
0.),.UNSPECIFIED.);
#180=B_SPLINE_CURVE_WITH_KNOTS('',3,(#5178,#5179,#5180,#5181,#5182,#5183),
 .UNSPECIFIED.,.F.,.F.,(4,1,1,4),(-9.69475295242893,-8.30978824493908,-6.92482353744923,
-6.53440794454885),.UNSPECIFIED.);
#181=B_SPLINE_CURVE_WITH_KNOTS('',3,(#5184,#5185,#5186,#5187,#5188,#5189,
#5190,#5191,#5192),.UNSPECIFIED.,.F.,.F.,(4,1,1,1,1,1,4),(-0.721991258618823,
-0.618849650244705,-0.515708041870588,-0.41256643349647,-0.309424825122353,
-0.206283216748235,-1.65146339496829E-16),.UNSPECIFIED.);
#182=B_SPLINE_CURVE_WITH_KNOTS('',3,(#5196,#5197,#5198,#5199,#5200,#5201,
#5202,#5203,#5204,#5205),.UNSPECIFIED.,.F.,.F.,(4,2,2,2,4),(1.05202643398068,
1.12102003126231,1.22879050909746,1.33656098693261,1.40555458421424),
 .UNSPECIFIED.);
#183=B_SPLINE_CURVE_WITH_KNOTS('',3,(#5209,#5210,#5211,#5212),
 .UNSPECIFIED.,.F.,.F.,(4,4),(0.939392519967176,1.03599046628835),
 .UNSPECIFIED.);
#184=B_SPLINE_CURVE_WITH_KNOTS('',3,(#5215,#5216,#5217,#5218),
 .UNSPECIFIED.,.F.,.F.,(4,4),(0.939300167608424,1.0358981139296),
 .UNSPECIFIED.);
#185=B_SPLINE_CURVE_WITH_KNOTS('',3,(#5222,#5223,#5224,#5225),
 .UNSPECIFIED.,.F.,.F.,(4,4),(0.939392519967179,1.03599046628836),
 .UNSPECIFIED.);
#186=B_SPLINE_CURVE_WITH_KNOTS('',3,(#5229,#5230,#5231,#5232),
 .UNSPECIFIED.,.F.,.F.,(4,4),(0.939300167608421,1.0358981139296),
 .UNSPECIFIED.);
#187=B_SPLINE_CURVE_WITH_KNOTS('',3,(#5235,#5236,#5237,#5238,#5239,#5240,
#5241,#5242,#5243,#5244),.UNSPECIFIED.,.F.,.F.,(4,2,2,2,4),(0.254721623426084,
0.323715220707714,0.431485698542865,0.539256176378016,0.608249773659645),
 .UNSPECIFIED.);
#188=B_SPLINE_CURVE_WITH_KNOTS('',3,(#5524,#5525,#5526,#5527,#5528,#5529,
#5530,#5531,#5532,#5533),.UNSPECIFIED.,.F.,.F.,(4,2,2,2,4),(0.,0.0633199891461525,
0.132161708443533,0.203355694668282,0.257343513602782),.UNSPECIFIED.);
#189=B_SPLINE_CURVE_WITH_KNOTS('',3,(#5539,#5540,#5541,#5542,#5543,#5544,
#5545,#5546,#5547,#5548),.UNSPECIFIED.,.F.,.F.,(4,2,2,2,4),(0.,0.0765139981095364,
0.154351914864953,0.230333958098346,0.244588964017867),.UNSPECIFIED.);
#190=B_SPLINE_CURVE_WITH_KNOTS('',3,(#5561,#5562,#5563,#5564,#5565,#5566,
#5567,#5568,#5569,#5570),.UNSPECIFIED.,.F.,.F.,(4,2,2,2,4),(0.132087478862238,
0.205932738222943,0.278458593362482,0.336300902300463,0.38797438444756),
 .UNSPECIFIED.);
#191=B_SPLINE_CURVE_WITH_KNOTS('',3,(#5583,#5584,#5585,#5586,#5587,#5588,
#5589,#5590,#5591,#5592),.UNSPECIFIED.,.F.,.F.,(4,2,2,2,4),(0.,0.0765139981198397,
0.154351914719577,0.230333956347753,0.244588964008839),.UNSPECIFIED.);
#192=B_SPLINE_CURVE_WITH_KNOTS('',3,(#5738,#5739,#5740,#5741),
 .UNSPECIFIED.,.F.,.F.,(4,4),(0.,0.0670430952221913),.UNSPECIFIED.);
#193=B_SPLINE_CURVE_WITH_KNOTS('',3,(#5743,#5744,#5745,#5746,#5747),
 .UNSPECIFIED.,.F.,.F.,(4,1,4),(-0.148928761663565,0.0321708497242324,0.19199882079333),
 .UNSPECIFIED.);
#194=B_SPLINE_CURVE_WITH_KNOTS('',3,(#5748,#5749,#5750,#5751,#5752,#5753),
 .UNSPECIFIED.,.F.,.F.,(4,2,4),(0.267884286589419,0.296720147588087,0.3871908233483),
 .UNSPECIFIED.);
#195=B_SPLINE_CURVE_WITH_KNOTS('',3,(#5755,#5756,#5757,#5758),
 .UNSPECIFIED.,.F.,.F.,(4,4),(-0.00385925106658454,0.180933111701231),
 .UNSPECIFIED.);
#196=B_SPLINE_CURVE_WITH_KNOTS('',3,(#5759,#5760,#5761,#5762,#5763,#5764,
#5765,#5766,#5767,#5768),.UNSPECIFIED.,.F.,.F.,(4,2,2,2,4),(0.0678943304340428,
0.0818397846986815,0.16073951944885,0.236067882090651,0.313051894709406),
 .UNSPECIFIED.);
#197=B_SPLINE_CURVE_WITH_KNOTS('',3,(#5771,#5772,#5773,#5774),
 .UNSPECIFIED.,.F.,.F.,(4,4),(0.0175569341731248,0.187571491194779),
 .UNSPECIFIED.);
#198=B_SPLINE_CURVE_WITH_KNOTS('',3,(#5775,#5776,#5777,#5778),
 .UNSPECIFIED.,.F.,.F.,(4,4),(0.00277863770308027,0.0175569341731248),
 .UNSPECIFIED.);
#199=B_SPLINE_CURVE_WITH_KNOTS('',3,(#5817,#5818,#5819,#5820),
 .UNSPECIFIED.,.F.,.F.,(4,4),(0.,0.126292334868297),.UNSPECIFIED.);
#200=B_SPLINE_CURVE_WITH_KNOTS('',3,(#5822,#5823,#5824,#5825,#5826),
 .UNSPECIFIED.,.F.,.F.,(4,1,4),(-0.376056832958532,-0.216080463563339,-0.0351295792116183),
 .UNSPECIFIED.);
#201=B_SPLINE_CURVE_WITH_KNOTS('',3,(#5827,#5828,#5829,#5830,#5831,#5832,
#5833,#5834,#5835,#5836,#5837,#5838,#5839,#5840,#5841,#5842),
 .UNSPECIFIED.,.F.,.F.,(4,3,3,3,3,4),(0.249035868235215,0.265646105858502,
0.270543915387306,0.287043492504428,0.302766634492376,0.315884609361652),
 .UNSPECIFIED.);
#202=B_SPLINE_CURVE_WITH_KNOTS('',3,(#5882,#5883,#5884,#5885,#5886),
 .UNSPECIFIED.,.F.,.F.,(4,1,4),(0.00312489929460696,0.162952870894762,0.187884245216362),
 .UNSPECIFIED.);
#203=B_SPLINE_CURVE_WITH_KNOTS('',3,(#5888,#5889,#5890,#5891,#5892,#5893,
#5894,#5895,#5896,#5897),.UNSPECIFIED.,.F.,.F.,(4,2,2,2,4),(0.132087797536271,
0.205939111141981,0.278423953666588,0.336223134317609,0.387859273242739),
 .UNSPECIFIED.);
#204=B_SPLINE_CURVE_WITH_KNOTS('',3,(#5899,#5900,#5901,#5902),
 .UNSPECIFIED.,.F.,.F.,(4,4),(0.,0.126664972433758),.UNSPECIFIED.);
#205=B_SPLINE_CURVE_WITH_KNOTS('',3,(#5904,#5905,#5906,#5907,#5908),
 .UNSPECIFIED.,.F.,.F.,(4,1,4),(-0.376056833028303,-0.162952870894762,-0.035103214490734),
 .UNSPECIFIED.);
#206=B_SPLINE_CURVE_WITH_KNOTS('',3,(#5909,#5910,#5911,#5912,#5913,#5914,
#5915,#5916,#5917,#5918,#5919,#5920,#5921,#5922,#5923,#5924),
 .UNSPECIFIED.,.F.,.F.,(4,3,3,3,3,4),(0.250946613114694,0.267516149225957,
0.271807695913642,0.288397915440236,0.304222311956189,0.317786850693799),
 .UNSPECIFIED.);
#207=B_SPLINE_CURVE_WITH_KNOTS('',3,(#5929,#5930,#5931,#5932,#5933),
 .UNSPECIFIED.,.F.,.F.,(4,1,4),(-0.148954992060194,-0.0213030041508548,
0.19199882140715),.UNSPECIFIED.);
#208=B_SPLINE_CURVE_WITH_KNOTS('',3,(#5971,#5972,#5973,#5974),
 .UNSPECIFIED.,.F.,.F.,(4,4),(0.,0.0670939069305613),.UNSPECIFIED.);
#209=B_SPLINE_CURVE_WITH_KNOTS('',3,(#5976,#5977,#5978,#5979,#5980,#5981),
 .UNSPECIFIED.,.F.,.F.,(4,2,4),(0.26764157027996,0.298533562661656,0.387551495987061),
 .UNSPECIFIED.);
#210=B_SPLINE_CURVE_WITH_KNOTS('',3,(#5983,#5984,#5985,#5986,#5987,#5988,
#5989,#5990,#5991,#5992),.UNSPECIFIED.,.F.,.F.,(4,2,2,2,4),(0.,0.0633199894873293,
0.132161681994801,0.203355529045917,0.257343588781799),.UNSPECIFIED.);
#211=B_SPLINE_CURVE_WITH_KNOTS('',3,(#5994,#5995,#5996,#5997,#5998),
 .UNSPECIFIED.,.F.,.F.,(4,1,4),(-0.00347984121970189,0.0213030041508548,
0.166506907400207),.UNSPECIFIED.);
#212=B_SPLINE_CURVE_WITH_KNOTS('',3,(#6000,#6001,#6002,#6003),
 .UNSPECIFIED.,.F.,.F.,(4,4),(0.166506907400207,0.181279373319358),
 .UNSPECIFIED.);
#213=B_SPLINE_CURVE_WITH_KNOTS('',3,(#6004,#6005,#6006,#6007,#6008,#6009,
#6010,#6011,#6012,#6013),.UNSPECIFIED.,.F.,.F.,(4,2,2,2,4),(0.0678943304304927,
0.0818397845932804,0.160739519263902,0.236067882105849,0.313051894707),
 .UNSPECIFIED.);
#214=B_SPLINE_CURVE_WITH_KNOTS('',3,(#6032,#6033,#6034,#6035,#6036,#6037,
#6038,#6039,#6040,#6041),.UNSPECIFIED.,.F.,.F.,(4,1,1,1,1,1,1,4),(0.,1.6331303976057,
3.2662607952114,4.8993911928171,6.53252159042281,8.16565198802851,9.79878238563421,
11.4319127832399),.UNSPECIFIED.);
#215=B_SPLINE_CURVE_WITH_KNOTS('',3,(#6071,#6072,#6073,#6074,#6075,#6076,
#6077,#6078,#6079,#6080),.UNSPECIFIED.,.F.,.F.,(4,1,1,1,1,1,1,4),(0.,1.6331303976057,
3.2662607952114,4.8993911928171,6.53252159042281,8.16565198802851,9.79878238563421,
11.4319127832399),.UNSPECIFIED.);
#216=B_SPLINE_CURVE_WITH_KNOTS('',3,(#6091,#6092,#6093,#6094,#6095,#6096),
 .UNSPECIFIED.,.F.,.F.,(4,2,4),(3.22515025373529,3.26165835513006,3.2796320826833),
 .UNSPECIFIED.);
#217=B_SPLINE_CURVE_WITH_KNOTS('',3,(#6105,#6106,#6107,#6108,#6109,#6110),
 .UNSPECIFIED.,.F.,.F.,(4,2,4),(2.72435744640864,2.74233117396186,2.77883927535666),
 .UNSPECIFIED.);
#218=B_SPLINE_CURVE_WITH_KNOTS('',3,(#6116,#6117,#6118,#6119,#6120,#6121),
 .UNSPECIFIED.,.F.,.F.,(4,2,4),(2.72435744640855,2.74233117396186,2.77883927535671),
 .UNSPECIFIED.);
#219=B_SPLINE_CURVE_WITH_KNOTS('',3,(#6149,#6150,#6151,#6152,#6153,#6154),
 .UNSPECIFIED.,.F.,.F.,(4,2,4),(3.22515025373518,3.26165835513006,3.27963208268335),
 .UNSPECIFIED.);
#220=B_SPLINE_CURVE_WITH_KNOTS('',3,(#6394,#6395,#6396,#6397,#6398,#6399,
#6400,#6401,#6402),.UNSPECIFIED.,.F.,.F.,(4,1,1,1,1,1,4),(0.,0.206283227215701,
0.309424840823552,0.412566454431403,0.515708068039254,0.618849681647104,
0.721991295254955),.UNSPECIFIED.);
#221=B_SPLINE_CURVE_WITH_KNOTS('',3,(#6455,#6456,#6457,#6458,#6459,#6460,
#6461,#6462,#6463,#6464),.UNSPECIFIED.,.F.,.F.,(4,1,1,1,1,1,1,4),(0.,1.80465835625078,
3.60931671250156,5.41397506875233,7.21863342500311,9.02329178125389,10.8279501375047,
12.6326084937554),.UNSPECIFIED.);
#222=B_SPLINE_CURVE_WITH_KNOTS('',3,(#6519,#6520,#6521,#6522,#6523,#6524,
#6525,#6526,#6527),.UNSPECIFIED.,.F.,.F.,(4,1,1,1,1,1,4),(0.,0.206283361184296,
0.309425041776443,0.412566722368591,0.515708402960739,0.567279243256813,
0.721991764145035),.UNSPECIFIED.);
#223=B_SPLINE_CURVE_WITH_KNOTS('',3,(#6600,#6601,#6602,#6603,#6604,#6605,
#6606,#6607,#6608,#6609,#6610,#6611,#6612,#6613,#6614,#6615,#6616,#6617,
#6618),.UNSPECIFIED.,.F.,.F.,(4,3,3,3,3,3,4),(0.,0.00396615857429557,0.0106060234727958,
0.03190788043601,0.0353310293726894,0.040833845245464,0.0421068267598533),
 .UNSPECIFIED.);
#224=B_SPLINE_CURVE_WITH_KNOTS('',3,(#6622,#6623,#6624,#6625,#6626,#6627,
#6628,#6629,#6630,#6631),.UNSPECIFIED.,.F.,.F.,(4,1,1,1,1,1,1,4),(0.,1.38496470748985,
2.76992941497969,4.15489412246954,5.53985882995939,6.92482353744923,8.30978824493908,
9.69475295242893),.UNSPECIFIED.);
#225=B_SPLINE_CURVE_WITH_KNOTS('',3,(#6633,#6634,#6635,#6636,#6637,#6638,
#6639,#6640,#6641,#6642,#6643,#6644,#6645,#6646),.UNSPECIFIED.,.F.,.F.,
(4,2,2,2,2,2,4),(-0.0445114669643646,0.,0.822273218498601,1.64745020628553,
3.15650958574314,4.67172175490699,6.18884656544509),.UNSPECIFIED.);
#226=B_SPLINE_CURVE_WITH_KNOTS('',3,(#6703,#6704,#6705,#6706,#6707,#6708,
#6709,#6710,#6711),.UNSPECIFIED.,.F.,.F.,(4,1,1,1,1,1,4),(1.65146339496829E-16,
0.206283216748235,0.309424825122353,0.41256643349647,0.515708041870588,
0.618849650244705,0.721991258618823),.UNSPECIFIED.);
#227=B_SPLINE_CURVE_WITH_KNOTS('',3,(#6764,#6765,#6766,#6767,#6768,#6769,
#6770,#6771,#6772,#6773),.UNSPECIFIED.,.F.,.F.,(4,1,1,1,1,1,1,4),(2.0993808100289E-16,
1.54793843954561,3.09587687909121,4.64381531863682,6.19175375818243,7.73969219772803,
9.28763063727364,10.8355690768192),.UNSPECIFIED.);
#228=B_SPLINE_CURVE_WITH_KNOTS('',3,(#6828,#6829,#6830,#6831,#6832,#6833,
#6834,#6835,#6836),.UNSPECIFIED.,.F.,.F.,(4,1,1,1,1,1,4),(0.,0.206283378443907,
0.309425067665861,0.412566756887815,0.515708446109768,0.567279290720745,
0.721991824553676),.UNSPECIFIED.);
#229=B_SPLINE_CURVE_WITH_KNOTS('',3,(#6900,#6901,#6902,#6903,#6904,#6905,
#6906,#6907,#6908,#6909),.UNSPECIFIED.,.F.,.F.,(4,1,1,1,1,1,1,4),(7.27170148509673E-16,
0.0984372717352447,0.196874543470489,0.393749086940977,0.492186358676221,
0.590623630411465,0.615232948345276,0.689060902146709),.UNSPECIFIED.);
#230=B_SPLINE_CURVE_WITH_KNOTS('',3,(#6963,#6964,#6965,#6966,#6967,#6968,
#6969,#6970,#6971,#6972),.UNSPECIFIED.,.F.,.F.,(4,1,1,1,1,1,1,4),(0.,1.2965162674612,
2.5930325349224,3.88954880238359,5.18606506984479,6.48258133730599,7.77909760476719,
9.07561387222838),.UNSPECIFIED.);
#231=B_SPLINE_CURVE_WITH_KNOTS('',3,(#7056,#7057,#7058,#7059,#7060,#7061,
#7062,#7063,#7064,#7065,#7066,#7067),.UNSPECIFIED.,.F.,.F.,(4,2,2,2,2,4),
(-0.0372659971970534,0.,1.05885309781131,2.11913141036646,3.46187677248978,
3.4991420159912),.UNSPECIFIED.);
#232=B_SPLINE_CURVE_WITH_KNOTS('',3,(#7069,#7070,#7071,#7072,#7073,#7074,
#7075,#7076,#7077,#7078),.UNSPECIFIED.,.F.,.F.,(4,1,1,1,1,1,1,4),(0.,1.15097765806969,
2.30195531613938,3.45293297420907,4.60391063227876,5.75488829034845,6.90586594841813,
8.05684360648782),.UNSPECIFIED.);
#233=B_SPLINE_CURVE_WITH_KNOTS('',3,(#7140,#7141,#7142,#7143,#7144,#7145,
#7146,#7147,#7148,#7149),.UNSPECIFIED.,.F.,.F.,(4,1,1,1,1,1,1,4),(0.,0.0984371858801509,
0.123046482350189,0.295311557640453,0.393748743520604,0.492185929400755,
0.566013818810868,0.689060301161056),.UNSPECIFIED.);
#234=B_SPLINE_CURVE_WITH_KNOTS('',3,(#7193,#7194,#7195,#7196,#7197,#7198,
#7199,#7200),.UNSPECIFIED.,.F.,.F.,(4,1,1,1,1,4),(0.,1.04336935705313,2.08673871410627,
4.17347742821253,6.2602161423188,7.30358549937194),.UNSPECIFIED.);
#235=B_SPLINE_CURVE_WITH_KNOTS('',3,(#7289,#7290,#7291,#7292,#7293,#7294,
#7295,#7296,#7297),.UNSPECIFIED.,.F.,.F.,(4,1,1,1,1,1,4),(2.37933816008921E-15,
0.103141712467976,0.309425137403923,0.412566849871897,0.51570856233987,
0.618850274807843,0.721991987275817),.UNSPECIFIED.);
#236=B_SPLINE_CURVE_WITH_KNOTS('',3,(#7359,#7360,#7361,#7362,#7363,#7364,
#7365,#7366,#7367,#7368,#7369,#7370,#7371,#7372,#7373,#7374,#7375,#7376,
#7377,#7378,#7379,#7380),.UNSPECIFIED.,.F.,.F.,(4,3,3,3,3,3,3,4),(0.,0.0061632977200615,
0.0157437494241235,0.0375936258989607,0.0427018783819531,0.0653100502205693,
0.0826208748767886,0.0851177802029436),.UNSPECIFIED.);
#237=B_SPLINE_CURVE_WITH_KNOTS('',3,(#7382,#7383,#7384,#7385,#7386,#7387,
#7388,#7389,#7390,#7391),.UNSPECIFIED.,.F.,.F.,(4,1,1,1,1,1,1,4),(0.,0.905450842573476,
1.81090168514695,2.71635252772043,3.6218033702939,4.52725421286738,5.43270505544086,
6.33815589801433),.UNSPECIFIED.);
#238=B_SPLINE_CURVE_WITH_KNOTS('',3,(#7394,#7395,#7396,#7397,#7398,#7399,
#7400,#7401,#7402,#7403,#7404,#7405,#7406),.UNSPECIFIED.,.F.,.F.,(4,3,3,
3,4),(-0.00239697519976732,4.33680868994202E-19,0.00444109773355139,0.0125914536776071,
0.017876915198823),.UNSPECIFIED.);
#239=B_SPLINE_CURVE_WITH_KNOTS('',3,(#7407,#7408,#7409,#7410,#7411,#7412,
#7413,#7414,#7415,#7416,#7417,#7418),.UNSPECIFIED.,.F.,.F.,(4,2,2,2,2,4),
(0.,1.16036228888764,2.32320143956517,3.48789046310976,4.43351570464548,
5.37863910999337),.UNSPECIFIED.);
#240=B_SPLINE_CURVE_WITH_KNOTS('',3,(#7473,#7474,#7475,#7476,#7477,#7478,
#7479,#7480,#7481),.UNSPECIFIED.,.F.,.F.,(4,1,1,1,1,1,4),(0.,0.103141601206752,
0.206283202413504,0.309424803620256,0.412566404827008,0.51570800603376,
0.721991208447263),.UNSPECIFIED.);
#241=B_SPLINE_CURVE_WITH_KNOTS('',3,(#7556,#7557,#7558,#7559,#7560,#7561,
#7562,#7563),.UNSPECIFIED.,.F.,.F.,(4,1,1,1,1,4),(0.,0.103141729687189,
0.309425189061568,0.515708648435946,0.618850378123135,0.721992107810325),
 .UNSPECIFIED.);
#242=B_SPLINE_CURVE_WITH_KNOTS('',3,(#7602,#7603,#7604,#7605,#7606,#7607,
#7608),.UNSPECIFIED.,.F.,.F.,(4,1,1,1,4),(0.,1.5357303587555,2.30359553813325,
3.83932589688874,5.37505625564424),.UNSPECIFIED.);
#243=B_SPLINE_CURVE_WITH_KNOTS('',3,(#7653,#7654,#7655,#7656,#7657,#7658,
#7659),.UNSPECIFIED.,.F.,.F.,(4,1,1,1,4),(0.,1.30321536942543,1.95482305413814,
3.25803842356356,4.56125379298899),.UNSPECIFIED.);
#244=B_SPLINE_CURVE_WITH_KNOTS('',3,(#7714,#7715,#7716,#7717,#7718,#7719,
#7720,#7721,#7722),.UNSPECIFIED.,.F.,.F.,(4,1,1,1,1,1,4),(1.74392793947989E-16,
0.103141606959088,0.206283213918176,0.309424820877264,0.412566427836352,
0.51570803479544,0.721991248713615),.UNSPECIFIED.);
#245=B_SPLINE_CURVE_WITH_KNOTS('',3,(#7864,#7865,#7866,#7867,#7868,#7869,
#7870,#7871,#7872),.UNSPECIFIED.,.F.,.F.,(4,1,1,1,1,1,4),(4.10868753347141E-16,
0.154712531263692,0.206283375018255,0.309425062527383,0.412566750036511,
0.515708437545638,0.721991812563893),.UNSPECIFIED.);
#246=B_SPLINE_CURVE_WITH_KNOTS('',3,(#7925,#7926,#7927,#7928,#7929,#7930,
#7931,#7932,#7933,#7934),.UNSPECIFIED.,.F.,.F.,(4,1,1,1,1,1,1,4),(1.46344950431531E-16,
1.80467748718278,3.60935497436556,5.41403246154834,7.21870994873112,9.02338743591391,
10.8280649230967,12.6327424102795),.UNSPECIFIED.);
#247=B_SPLINE_CURVE_WITH_KNOTS('',3,(#7989,#7990,#7991,#7992,#7993,#7994,
#7995,#7996,#7997),.UNSPECIFIED.,.F.,.F.,(4,1,1,1,1,1,4),(0.,0.206283213871344,
0.309424820807015,0.412566427742687,0.515708034678359,0.593064239880113,
0.721991248549703),.UNSPECIFIED.);
#248=B_SPLINE_CURVE_WITH_KNOTS('',3,(#8070,#8071,#8072,#8073,#8074,#8075,
#8076,#8077,#8078,#8079,#8080,#8081,#8082,#8083),.UNSPECIFIED.,.F.,.F.,
(4,2,2,2,2,2,4),(0.,1.51712426334352,3.03233588600439,4.54139472117835,
5.36657141134426,6.1888443329317,6.23335578388902),.UNSPECIFIED.);
#249=B_SPLINE_CURVE_WITH_KNOTS('',3,(#8087,#8088,#8089,#8090,#8091,#8092,
#8093,#8094,#8095,#8096),.UNSPECIFIED.,.F.,.F.,(4,1,1,1,1,1,1,4),(0.,1.38496470748985,
2.76992941497969,4.15489412246954,5.53985882995939,6.92482353744923,8.30978824493908,
9.69475295242893),.UNSPECIFIED.);
#250=B_SPLINE_CURVE_WITH_KNOTS('',3,(#8098,#8099,#8100,#8101,#8102,#8103,
#8104,#8105,#8106,#8107,#8108,#8109,#8110,#8111,#8112,#8113),
 .UNSPECIFIED.,.F.,.F.,(4,3,3,3,3,4),(-0.00483968100190386,-1.73472347597681E-18,
0.0187674858334667,0.0266556747712116,0.0332952219747686,0.0372611907757825),
 .UNSPECIFIED.);
#251=B_SPLINE_CURVE_WITH_KNOTS('',3,(#8170,#8171,#8172,#8173,#8174,#8175,
#8176,#8177,#8178),.UNSPECIFIED.,.F.,.F.,(4,1,1,1,1,1,4),(4.45590410271981E-16,
0.103141699576689,0.206283399153378,0.309425098730067,0.515708497883445,
0.618850197460134,0.721991897036823),.UNSPECIFIED.);
#252=B_SPLINE_CURVE_WITH_KNOTS('',3,(#8231,#8232,#8233,#8234,#8235,#8236,
#8237,#8238,#8239,#8240),.UNSPECIFIED.,.F.,.F.,(4,1,1,1,1,1,1,4),(1.74639446759598E-15,
1.54794723477818,3.09589446955635,4.64384170433452,6.1917889391127,7.73973617389087,
9.28768340866904,10.8356306434472),.UNSPECIFIED.);
#253=B_SPLINE_CURVE_WITH_KNOTS('',3,(#8295,#8296,#8297,#8298,#8299,#8300,
#8301,#8302,#8303),.UNSPECIFIED.,.F.,.F.,(4,1,1,1,1,1,4),(8.33111264179828E-16,
0.103141603232013,0.206283206464026,0.309424809696039,0.412566412928051,
0.515708016160064,0.721991222624089),.UNSPECIFIED.);
#254=B_SPLINE_CURVE_WITH_KNOTS('',3,(#8357,#8358,#8359,#8360,#8361,#8362,
#8363,#8364,#8365,#8366),.UNSPECIFIED.,.F.,.F.,(4,1,1,1,1,1,1,4),(3.91340206546032E-15,
1.2965229257245,2.593045851449,3.8895687771735,5.186091702898,6.4826146286225,
7.779137554347,9.07566048007149),.UNSPECIFIED.);
#255=B_SPLINE_CURVE_WITH_KNOTS('',3,(#8430,#8431,#8432,#8433,#8434,#8435,
#8436,#8437,#8438,#8439),.UNSPECIFIED.,.F.,.F.,(4,1,1,1,1,1,1,4),(0.,0.0738279700384675,
0.0984372933846234,0.196874586769247,0.29531188015387,0.492186466923117,
0.59062376030774,0.689061053692363),.UNSPECIFIED.);
#256=B_SPLINE_CURVE_WITH_KNOTS('',3,(#8523,#8524,#8525,#8526,#8527,#8528,
#8529,#8530,#8531,#8532,#8533,#8534),.UNSPECIFIED.,.F.,.F.,(4,2,2,2,2,4),
(-0.0372652509871427,0.,1.34274563172938,2.40302415881381,3.46187747102714,
3.499143475695),.UNSPECIFIED.);
#257=B_SPLINE_CURVE_WITH_KNOTS('',3,(#8537,#8538,#8539,#8540,#8541,#8542,
#8543,#8544,#8545,#8546),.UNSPECIFIED.,.F.,.F.,(4,1,1,1,1,1,1,4),(0.,1.15097765806969,
2.30195531613938,3.45293297420907,4.60391063227876,5.75488829034845,6.90586594841814,
8.05684360648783),.UNSPECIFIED.);
#258=B_SPLINE_CURVE_WITH_KNOTS('',3,(#8607,#8608,#8609,#8610,#8611,#8612,
#8613,#8614,#8615,#8616),.UNSPECIFIED.,.F.,.F.,(4,1,1,1,1,1,1,4),(0.,0.123046480402534,
0.196874368644054,0.295311552966081,0.393748737288108,0.566013809851655,
0.590623105932162,0.689060290254189),.UNSPECIFIED.);
#259=B_SPLINE_CURVE_WITH_KNOTS('',3,(#8660,#8661,#8662,#8663,#8664,#8665,
#8666,#8667),.UNSPECIFIED.,.F.,.F.,(4,1,1,1,1,4),(2.77067039164541E-16,
1.04336935705313,3.1301080711594,5.21684678526567,6.2602161423188,7.30358549937194),
 .UNSPECIFIED.);
#260=B_SPLINE_CURVE_WITH_KNOTS('',3,(#8753,#8754,#8755,#8756,#8757,#8758,
#8759,#8760,#8761,#8762,#8763,#8764,#8765),.UNSPECIFIED.,.F.,.F.,(4,3,3,
3,4),(0.,0.00528514274974985,0.0134348058509414,0.017876924755405,0.0202739143391336),
 .UNSPECIFIED.);
#261=B_SPLINE_CURVE_WITH_KNOTS('',3,(#8769,#8770,#8771,#8772,#8773,#8774,
#8775,#8776,#8777,#8778),.UNSPECIFIED.,.F.,.F.,(4,1,1,1,1,1,1,4),(0.,0.905449371193291,
1.81089874238658,2.71634811357987,3.62179748477316,4.52724685596645,5.43269622715975,
6.33814559835304),.UNSPECIFIED.);
#262=B_SPLINE_CURVE_WITH_KNOTS('',3,(#8781,#8782,#8783,#8784,#8785,#8786,
#8787,#8788,#8789,#8790,#8791,#8792,#8793,#8794,#8795,#8796,#8797,#8798,
#8799,#8800,#8801,#8802),.UNSPECIFIED.,.F.,.F.,(4,3,3,3,3,3,3,4),(-0.00249499332939541,
3.46944695195361E-18,0.0225910395107288,0.0398879389173272,0.0617214524171799,
0.0668251792970893,0.0763987759424484,0.0825577007017746),.UNSPECIFIED.);
#263=B_SPLINE_CURVE_WITH_KNOTS('',3,(#8803,#8804,#8805,#8806,#8807,#8808,
#8809,#8810,#8811,#8812,#8813,#8814),.UNSPECIFIED.,.F.,.F.,(4,2,2,2,2,4),
(0.,1.16430270225002,2.32604300588812,3.48592587776065,4.43164123161003,
5.37863351414506),.UNSPECIFIED.);
#264=B_SPLINE_CURVE_WITH_KNOTS('',3,(#8869,#8870,#8871,#8872,#8873,#8874,
#8875,#8876,#8877),.UNSPECIFIED.,.F.,.F.,(4,1,1,1,1,1,4),(0.,0.103141730765547,
0.206283461531095,0.309425192296642,0.515708653827737,0.618850384593285,
0.721992115358832),.UNSPECIFIED.);
#265=B_SPLINE_CURVE_WITH_KNOTS('',3,(#8938,#8939,#8940,#8941,#8942,#8943,
#8944,#8945,#8946,#8947),.UNSPECIFIED.,.F.,.F.,(4,1,1,1,1,1,1,4),(5.48347212367681E-16,
0.103141602823445,0.128927003529306,0.309424808470333,0.412566411293778,
0.515708014117222,0.593064216234805,0.721991219764111),.UNSPECIFIED.);
#266=B_SPLINE_CURVE_WITH_KNOTS('',3,(#9005,#9006,#9007,#9008,#9009,#9010,
#9011,#9012,#9013),.UNSPECIFIED.,.F.,.F.,(4,1,1,1,1,1,4),(0.,0.10314161382683,
0.30942484148049,0.412566455307321,0.515708069134151,0.618849682960981,
0.721991296787811),.UNSPECIFIED.);
#267=B_SPLINE_CURVE_WITH_KNOTS('',3,(#9052,#9053,#9054,#9055,#9056,#9057,
#9058),.UNSPECIFIED.,.F.,.F.,(4,1,1,1,4),(1.96566504424431E-15,0.767865181736166,
2.30359554520849,3.83932590868082,5.37505627215315),.UNSPECIFIED.);
#268=B_SPLINE_CURVE_WITH_KNOTS('',3,(#9115,#9116,#9117,#9118,#9119,#9120,
#9121,#9122,#9123),.UNSPECIFIED.,.F.,.F.,(4,1,1,1,1,1,4),(5.866125638069E-16,
0.103141749799792,0.206283499599584,0.309425249399375,0.515708748998958,
0.593065061348802,0.721992248598541),.UNSPECIFIED.);
#269=B_SPLINE_CURVE_WITH_KNOTS('',3,(#9294,#9295,#9296,#9297,#9298,#9299,
#9300),.UNSPECIFIED.,.F.,.F.,(4,1,1,1,4),(0.,0.651606714474453,1.95482014342336,
3.25803357237226,4.56124700132117),.UNSPECIFIED.);
#270=PLANE('',#3527);
#271=PLANE('',#3561);
#272=PLANE('',#3563);
#273=PLANE('',#3565);
#274=PLANE('',#3635);
#275=PLANE('',#3637);
#276=PLANE('',#3639);
#277=PLANE('',#3642);
#278=PLANE('',#3643);
#279=PLANE('',#3646);
#280=PLANE('',#3648);
#281=PLANE('',#3649);
#282=PLANE('',#3650);
#283=PLANE('',#3651);
#284=PLANE('',#3652);
#285=PLANE('',#3729);
#286=PLANE('',#3732);
#287=PLANE('',#3735);
#288=PLANE('',#3744);
#289=PLANE('',#3779);
#290=PLANE('',#3780);
#291=PLANE('',#3782);
#292=PLANE('',#3783);
#293=PLANE('',#3788);
#294=LINE('',#4772,#452);
#295=LINE('',#4867,#453);
#296=LINE('',#4871,#454);
#297=LINE('',#4879,#455);
#298=LINE('',#4882,#456);
#299=LINE('',#5249,#457);
#300=LINE('',#5256,#458);
#301=LINE('',#5262,#459);
#302=LINE('',#5266,#460);
#303=LINE('',#5272,#461);
#304=LINE('',#5277,#462);
#305=LINE('',#5284,#463);
#306=LINE('',#5285,#464);
#307=LINE('',#5290,#465);
#308=LINE('',#5291,#466);
#309=LINE('',#5340,#467);
#310=LINE('',#5348,#468);
#311=LINE('',#5415,#469);
#312=LINE('',#5417,#470);
#313=LINE('',#5421,#471);
#314=LINE('',#5425,#472);
#315=LINE('',#5429,#473);
#316=LINE('',#5432,#474);
#317=LINE('',#5436,#475);
#318=LINE('',#5439,#476);
#319=LINE('',#5444,#477);
#320=LINE('',#5446,#478);
#321=LINE('',#5448,#479);
#322=LINE('',#5449,#480);
#323=LINE('',#5452,#481);
#324=LINE('',#5453,#482);
#325=LINE('',#5455,#483);
#326=LINE('',#5456,#484);
#327=LINE('',#5458,#485);
#328=LINE('',#5460,#486);
#329=LINE('',#5462,#487);
#330=LINE('',#5465,#488);
#331=LINE('',#5470,#489);
#332=LINE('',#5472,#490);
#333=LINE('',#5474,#491);
#334=LINE('',#5475,#492);
#335=LINE('',#5477,#493);
#336=LINE('',#5478,#494);
#337=LINE('',#5480,#495);
#338=LINE('',#5481,#496);
#339=LINE('',#5486,#497);
#340=LINE('',#5488,#498);
#341=LINE('',#5493,#499);
#342=LINE('',#5497,#500);
#343=LINE('',#5502,#501);
#344=LINE('',#5503,#502);
#345=LINE('',#5507,#503);
#346=LINE('',#5511,#504);
#347=LINE('',#5514,#505);
#348=LINE('',#5519,#506);
#349=LINE('',#5522,#507);
#350=LINE('',#5537,#508);
#351=LINE('',#5551,#509);
#352=LINE('',#5554,#510);
#353=LINE('',#5556,#511);
#354=LINE('',#5573,#512);
#355=LINE('',#5581,#513);
#356=LINE('',#5599,#514);
#357=LINE('',#5604,#515);
#358=LINE('',#5607,#516);
#359=LINE('',#5611,#517);
#360=LINE('',#5616,#518);
#361=LINE('',#5619,#519);
#362=LINE('',#5625,#520);
#363=LINE('',#5630,#521);
#364=LINE('',#5633,#522);
#365=LINE('',#5639,#523);
#366=LINE('',#5644,#524);
#367=LINE('',#5647,#525);
#368=LINE('',#5651,#526);
#369=LINE('',#5656,#527);
#370=LINE('',#5659,#528);
#371=LINE('',#5663,#529);
#372=LINE('',#5668,#530);
#373=LINE('',#5671,#531);
#374=LINE('',#5675,#532);
#375=LINE('',#5680,#533);
#376=LINE('',#5683,#534);
#377=LINE('',#5689,#535);
#378=LINE('',#5694,#536);
#379=LINE('',#5697,#537);
#380=LINE('',#5780,#538);
#381=LINE('',#6030,#539);
#382=LINE('',#6043,#540);
#383=LINE('',#6046,#541);
#384=LINE('',#6047,#542);
#385=LINE('',#6050,#543);
#386=LINE('',#6055,#544);
#387=LINE('',#6069,#545);
#388=LINE('',#6081,#546);
#389=LINE('',#6089,#547);
#390=LINE('',#6097,#548);
#391=LINE('',#6103,#549);
#392=LINE('',#6111,#550);
#393=LINE('',#6134,#551);
#394=LINE('',#6137,#552);
#395=LINE('',#6141,#553);
#396=LINE('',#6147,#554);
#397=LINE('',#6155,#555);
#398=LINE('',#6159,#556);
#399=LINE('',#6164,#557);
#400=LINE('',#6176,#558);
#401=LINE('',#6180,#559);
#402=LINE('',#6183,#560);
#403=LINE('',#6186,#561);
#404=LINE('',#6192,#562);
#405=LINE('',#6193,#563);
#406=LINE('',#6195,#564);
#407=LINE('',#6197,#565);
#408=LINE('',#6206,#566);
#409=LINE('',#6214,#567);
#410=LINE('',#6224,#568);
#411=LINE('',#6234,#569);
#412=LINE('',#6242,#570);
#413=LINE('',#6250,#571);
#414=LINE('',#6258,#572);
#415=LINE('',#6268,#573);
#416=LINE('',#6538,#574);
#417=LINE('',#6983,#575);
#418=LINE('',#6984,#576);
#419=LINE('',#6995,#577);
#420=LINE('',#7212,#578);
#421=LINE('',#7213,#579);
#422=LINE('',#7224,#580);
#423=LINE('',#7492,#581);
#424=LINE('',#7493,#582);
#425=LINE('',#7504,#583);
#426=LINE('',#7733,#584);
#427=LINE('',#7734,#585);
#428=LINE('',#7745,#586);
#429=LINE('',#8008,#587);
#430=LINE('',#8450,#588);
#431=LINE('',#8451,#589);
#432=LINE('',#8462,#590);
#433=LINE('',#8679,#591);
#434=LINE('',#8680,#592);
#435=LINE('',#8691,#593);
#436=LINE('',#9134,#594);
#437=LINE('',#9135,#595);
#438=LINE('',#9146,#596);
#439=LINE('',#9157,#597);
#440=LINE('',#9178,#598);
#441=LINE('',#9199,#599);
#442=LINE('',#9220,#600);
#443=LINE('',#9241,#601);
#444=LINE('',#9311,#602);
#445=LINE('',#9312,#603);
#446=LINE('',#9323,#604);
#447=LINE('',#9334,#605);
#448=LINE('',#9355,#606);
#449=LINE('',#9376,#607);
#450=LINE('',#9397,#608);
#451=LINE('',#9418,#609);
#452=VECTOR('',#3895,55.75);
#453=VECTOR('',#3906,10.);
#454=VECTOR('',#3909,10.);
#455=VECTOR('',#3916,10.);
#456=VECTOR('',#3919,10.);
#457=VECTOR('',#3940,2.95);
#458=VECTOR('',#3949,2.95);
#459=VECTOR('',#3956,10.);
#460=VECTOR('',#3959,10.);
#461=VECTOR('',#3966,10.);
#462=VECTOR('',#3971,10.);
#463=VECTOR('',#3980,10.);
#464=VECTOR('',#3981,10.);
#465=VECTOR('',#3986,10.);
#466=VECTOR('',#3987,10.);
#467=VECTOR('',#4036,10.);
#468=VECTOR('',#4043,10.);
#469=VECTOR('',#4112,10.);
#470=VECTOR('',#4113,10.);
#471=VECTOR('',#4116,10.);
#472=VECTOR('',#4119,10.);
#473=VECTOR('',#4124,10.);
#474=VECTOR('',#4127,10.);
#475=VECTOR('',#4132,10.);
#476=VECTOR('',#4135,10.);
#477=VECTOR('',#4142,10.);
#478=VECTOR('',#4145,10.);
#479=VECTOR('',#4148,10.);
#480=VECTOR('',#4149,10.);
#481=VECTOR('',#4154,10.);
#482=VECTOR('',#4155,10.);
#483=VECTOR('',#4158,10.);
#484=VECTOR('',#4159,10.);
#485=VECTOR('',#4162,10.);
#486=VECTOR('',#4165,10.);
#487=VECTOR('',#4168,10.);
#488=VECTOR('',#4173,10.);
#489=VECTOR('',#4178,10.);
#490=VECTOR('',#4179,10.);
#491=VECTOR('',#4180,10.);
#492=VECTOR('',#4181,10.);
#493=VECTOR('',#4184,10.);
#494=VECTOR('',#4185,10.);
#495=VECTOR('',#4188,10.);
#496=VECTOR('',#4189,10.);
#497=VECTOR('',#4196,10.);
#498=VECTOR('',#4197,10.);
#499=VECTOR('',#4204,10.);
#500=VECTOR('',#4209,10.);
#501=VECTOR('',#4214,10.);
#502=VECTOR('',#4215,10.);
#503=VECTOR('',#4220,10.);
#504=VECTOR('',#4225,10.);
#505=VECTOR('',#4228,10.);
#506=VECTOR('',#4233,10.);
#507=VECTOR('',#4236,10.);
#508=VECTOR('',#4241,10.);
#509=VECTOR('',#4244,10.);
#510=VECTOR('',#4247,10.);
#511=VECTOR('',#4248,10.);
#512=VECTOR('',#4255,10.);
#513=VECTOR('',#4264,10.);
#514=VECTOR('',#4273,10.);
#515=VECTOR('',#4278,10.);
#516=VECTOR('',#4281,10.);
#517=VECTOR('',#4286,10.);
#518=VECTOR('',#4291,10.);
#519=VECTOR('',#4294,10.);
#520=VECTOR('',#4301,10.);
#521=VECTOR('',#4306,10.);
#522=VECTOR('',#4309,10.);
#523=VECTOR('',#4316,10.);
#524=VECTOR('',#4321,10.);
#525=VECTOR('',#4324,10.);
#526=VECTOR('',#4329,10.);
#527=VECTOR('',#4334,10.);
#528=VECTOR('',#4337,10.);
#529=VECTOR('',#4342,10.);
#530=VECTOR('',#4347,10.);
#531=VECTOR('',#4350,10.);
#532=VECTOR('',#4355,10.);
#533=VECTOR('',#4360,10.);
#534=VECTOR('',#4363,10.);
#535=VECTOR('',#4370,10.);
#536=VECTOR('',#4375,10.);
#537=VECTOR('',#4378,10.);
#538=VECTOR('',#4387,10.);
#539=VECTOR('',#4406,10.);
#540=VECTOR('',#4407,10.);
#541=VECTOR('',#4412,10.);
#542=VECTOR('',#4413,10.);
#543=VECTOR('',#4416,10.);
#544=VECTOR('',#4421,10.);
#545=VECTOR('',#4426,10.);
#546=VECTOR('',#4427,10.);
#547=VECTOR('',#4436,10.);
#548=VECTOR('',#4437,10.);
#549=VECTOR('',#4442,10.);
#550=VECTOR('',#4443,10.);
#551=VECTOR('',#4460,10.);
#552=VECTOR('',#4463,10.);
#553=VECTOR('',#4470,10.);
#554=VECTOR('',#4475,10.);
#555=VECTOR('',#4476,10.);
#556=VECTOR('',#4481,10.);
#557=VECTOR('',#4486,10.);
#558=VECTOR('',#4497,51.95);
#559=VECTOR('',#4502,10.);
#560=VECTOR('',#4505,10.);
#561=VECTOR('',#4510,10.);
#562=VECTOR('',#4517,10.);
#563=VECTOR('',#4518,10.);
#564=VECTOR('',#4521,10.);
#565=VECTOR('',#4524,10.);
#566=VECTOR('',#4537,10.);
#567=VECTOR('',#4548,10.);
#568=VECTOR('',#4561,10.);
#569=VECTOR('',#4574,10.);
#570=VECTOR('',#4585,10.);
#571=VECTOR('',#4596,10.);
#572=VECTOR('',#4607,10.);
#573=VECTOR('',#4620,10.);
#574=VECTOR('',#4639,10.);
#575=VECTOR('',#4654,10.);
#576=VECTOR('',#4655,10.);
#577=VECTOR('',#4656,10.);
#578=VECTOR('',#4663,10.);
#579=VECTOR('',#4664,10.);
#580=VECTOR('',#4665,10.);
#581=VECTOR('',#4682,10.);
#582=VECTOR('',#4683,10.);
#583=VECTOR('',#4684,10.);
#584=VECTOR('',#4693,10.);
#585=VECTOR('',#4694,10.);
#586=VECTOR('',#4695,10.);
#587=VECTOR('',#4704,10.);
#588=VECTOR('',#4719,10.);
#589=VECTOR('',#4720,10.);
#590=VECTOR('',#4721,10.);
#591=VECTOR('',#4728,10.);
#592=VECTOR('',#4729,10.);
#593=VECTOR('',#4730,10.);
#594=VECTOR('',#4743,10.);
#595=VECTOR('',#4744,10.);
#596=VECTOR('',#4745,10.);
#597=VECTOR('',#4746,10.);
#598=VECTOR('',#4747,10.);
#599=VECTOR('',#4748,10.);
#600=VECTOR('',#4749,10.);
#601=VECTOR('',#4750,10.);
#602=VECTOR('',#4751,10.);
#603=VECTOR('',#4752,10.);
#604=VECTOR('',#4753,10.);
#605=VECTOR('',#4754,10.);
#606=VECTOR('',#4755,10.);
#607=VECTOR('',#4756,10.);
#608=VECTOR('',#4757,10.);
#609=VECTOR('',#4758,10.);
#610=CYLINDRICAL_SURFACE('',#3524,55.75);
#611=CYLINDRICAL_SURFACE('',#3544,2.75);
#612=CYLINDRICAL_SURFACE('',#3548,2.75);
#613=CYLINDRICAL_SURFACE('',#3625,19.1);
#614=CYLINDRICAL_SURFACE('',#3638,1.567);
#615=CYLINDRICAL_SURFACE('',#3640,1.567);
#616=CYLINDRICAL_SURFACE('',#3641,1.567);
#617=CYLINDRICAL_SURFACE('',#3644,1.567);
#618=CYLINDRICAL_SURFACE('',#3645,21.1);
#619=CYLINDRICAL_SURFACE('',#3647,21.1);
#620=CYLINDRICAL_SURFACE('',#3653,3.99999999999278);
#621=CYLINDRICAL_SURFACE('',#3655,48.3980956827249);
#622=CYLINDRICAL_SURFACE('',#3657,3.99999999999978);
#623=CYLINDRICAL_SURFACE('',#3659,4.00000000000014);
#624=CYLINDRICAL_SURFACE('',#3661,48.398095682724);
#625=CYLINDRICAL_SURFACE('',#3663,3.99999999999135);
#626=CYLINDRICAL_SURFACE('',#3665,1.25000000000001);
#627=CYLINDRICAL_SURFACE('',#3668,44.5);
#628=CYLINDRICAL_SURFACE('',#3670,47.);
#629=CYLINDRICAL_SURFACE('',#3672,44.5);
#630=CYLINDRICAL_SURFACE('',#3675,1.24999999999999);
#631=CYLINDRICAL_SURFACE('',#3678,47.);
#632=CYLINDRICAL_SURFACE('',#3682,19.1);
#633=CYLINDRICAL_SURFACE('',#3683,1.25);
#634=CYLINDRICAL_SURFACE('',#3686,30.75);
#635=CYLINDRICAL_SURFACE('',#3688,1.25);
#636=CYLINDRICAL_SURFACE('',#3691,35.25);
#637=CYLINDRICAL_SURFACE('',#3694,1.25);
#638=CYLINDRICAL_SURFACE('',#3697,39.75);
#639=CYLINDRICAL_SURFACE('',#3700,1.25);
#640=CYLINDRICAL_SURFACE('',#3703,28.75);
#641=CYLINDRICAL_SURFACE('',#3705,1.24999999999999);
#642=CYLINDRICAL_SURFACE('',#3708,28.75);
#643=CYLINDRICAL_SURFACE('',#3710,1.24999999999998);
#644=CYLINDRICAL_SURFACE('',#3713,30.75);
#645=CYLINDRICAL_SURFACE('',#3715,1.24999999999997);
#646=CYLINDRICAL_SURFACE('',#3718,35.25);
#647=CYLINDRICAL_SURFACE('',#3721,1.24999999999999);
#648=CYLINDRICAL_SURFACE('',#3724,39.75);
#649=CYLINDRICAL_SURFACE('',#3727,5.99999999999994);
#650=CYLINDRICAL_SURFACE('',#3739,44.5);
#651=CYLINDRICAL_SURFACE('',#3740,47.);
#652=CYLINDRICAL_SURFACE('',#3745,47.);
#653=CYLINDRICAL_SURFACE('',#3747,5.99999999999994);
#654=CYLINDRICAL_SURFACE('',#3749,5.99999999999994);
#655=CYLINDRICAL_SURFACE('',#3757,51.75);
#656=CYLINDRICAL_SURFACE('',#3759,51.75);
#657=CYLINDRICAL_SURFACE('',#3761,5.99999999999994);
#658=CYLINDRICAL_SURFACE('',#3763,5.99999999999994);
#659=CYLINDRICAL_SURFACE('',#3765,5.99999999999994);
#660=CYLINDRICAL_SURFACE('',#3767,51.75);
#661=CYLINDRICAL_SURFACE('',#3772,51.95);
#662=CYLINDRICAL_SURFACE('',#3778,44.5);
#663=CYLINDRICAL_SURFACE('',#3789,1.24999999999998);
#664=CYLINDRICAL_SURFACE('',#3792,33.25);
#665=CYLINDRICAL_SURFACE('',#3794,1.24999999999997);
#666=CYLINDRICAL_SURFACE('',#3797,37.75);
#667=CYLINDRICAL_SURFACE('',#3800,1.24999999999999);
#668=CYLINDRICAL_SURFACE('',#3803,42.25);
#669=CYLINDRICAL_SURFACE('',#3806,1.24999999999999);
#670=CYLINDRICAL_SURFACE('',#3809,26.25);
#671=CYLINDRICAL_SURFACE('',#3811,1.25);
#672=CYLINDRICAL_SURFACE('',#3814,26.25);
#673=CYLINDRICAL_SURFACE('',#3816,1.25);
#674=CYLINDRICAL_SURFACE('',#3819,33.25);
#675=CYLINDRICAL_SURFACE('',#3821,1.25);
#676=CYLINDRICAL_SURFACE('',#3824,37.75);
#677=CYLINDRICAL_SURFACE('',#3827,1.25);
#678=CYLINDRICAL_SURFACE('',#3830,42.25);
#679=CYLINDRICAL_SURFACE('',#3847,1.24999999999999);
#680=CYLINDRICAL_SURFACE('',#3850,1.25000000000001);
#681=FACE_OUTER_BOUND('',#875,.T.);
#682=FACE_OUTER_BOUND('',#876,.T.);
#683=FACE_OUTER_BOUND('',#877,.T.);
#684=FACE_OUTER_BOUND('',#883,.T.);
#685=FACE_OUTER_BOUND('',#884,.T.);
#686=FACE_OUTER_BOUND('',#885,.T.);
#687=FACE_OUTER_BOUND('',#886,.T.);
#688=FACE_OUTER_BOUND('',#887,.T.);
#689=FACE_OUTER_BOUND('',#888,.T.);
#690=FACE_OUTER_BOUND('',#889,.T.);
#691=FACE_OUTER_BOUND('',#890,.T.);
#692=FACE_OUTER_BOUND('',#891,.T.);
#693=FACE_OUTER_BOUND('',#892,.T.);
#694=FACE_OUTER_BOUND('',#893,.T.);
#695=FACE_OUTER_BOUND('',#894,.T.);
#696=FACE_OUTER_BOUND('',#904,.T.);
#697=FACE_OUTER_BOUND('',#906,.T.);
#698=FACE_OUTER_BOUND('',#907,.T.);
#699=FACE_OUTER_BOUND('',#908,.T.);
#700=FACE_OUTER_BOUND('',#909,.T.);
#701=FACE_OUTER_BOUND('',#910,.T.);
#702=FACE_OUTER_BOUND('',#911,.T.);
#703=FACE_OUTER_BOUND('',#912,.T.);
#704=FACE_OUTER_BOUND('',#913,.T.);
#705=FACE_OUTER_BOUND('',#914,.T.);
#706=FACE_OUTER_BOUND('',#915,.T.);
#707=FACE_OUTER_BOUND('',#916,.T.);
#708=FACE_OUTER_BOUND('',#917,.T.);
#709=FACE_OUTER_BOUND('',#918,.T.);
#710=FACE_OUTER_BOUND('',#919,.T.);
#711=FACE_OUTER_BOUND('',#920,.T.);
#712=FACE_OUTER_BOUND('',#921,.T.);
#713=FACE_OUTER_BOUND('',#922,.T.);
#714=FACE_OUTER_BOUND('',#923,.T.);
#715=FACE_OUTER_BOUND('',#924,.T.);
#716=FACE_OUTER_BOUND('',#925,.T.);
#717=FACE_OUTER_BOUND('',#926,.T.);
#718=FACE_OUTER_BOUND('',#927,.T.);
#719=FACE_OUTER_BOUND('',#928,.T.);
#720=FACE_OUTER_BOUND('',#929,.T.);
#721=FACE_OUTER_BOUND('',#930,.T.);
#722=FACE_OUTER_BOUND('',#931,.T.);
#723=FACE_OUTER_BOUND('',#932,.T.);
#724=FACE_OUTER_BOUND('',#933,.T.);
#725=FACE_OUTER_BOUND('',#934,.T.);
#726=FACE_OUTER_BOUND('',#935,.T.);
#727=FACE_OUTER_BOUND('',#936,.T.);
#728=FACE_OUTER_BOUND('',#937,.T.);
#729=FACE_OUTER_BOUND('',#938,.T.);
#730=FACE_OUTER_BOUND('',#939,.T.);
#731=FACE_OUTER_BOUND('',#940,.T.);
#732=FACE_OUTER_BOUND('',#941,.T.);
#733=FACE_OUTER_BOUND('',#942,.T.);
#734=FACE_OUTER_BOUND('',#943,.T.);
#735=FACE_OUTER_BOUND('',#944,.T.);
#736=FACE_OUTER_BOUND('',#945,.T.);
#737=FACE_OUTER_BOUND('',#946,.T.);
#738=FACE_OUTER_BOUND('',#947,.T.);
#739=FACE_OUTER_BOUND('',#948,.T.);
#740=FACE_OUTER_BOUND('',#949,.T.);
#741=FACE_OUTER_BOUND('',#950,.T.);
#742=FACE_OUTER_BOUND('',#951,.T.);
#743=FACE_OUTER_BOUND('',#952,.T.);
#744=FACE_OUTER_BOUND('',#953,.T.);
#745=FACE_OUTER_BOUND('',#954,.T.);
#746=FACE_OUTER_BOUND('',#955,.T.);
#747=FACE_OUTER_BOUND('',#956,.T.);
#748=FACE_OUTER_BOUND('',#957,.T.);
#749=FACE_OUTER_BOUND('',#958,.T.);
#750=FACE_OUTER_BOUND('',#959,.T.);
#751=FACE_OUTER_BOUND('',#960,.T.);
#752=FACE_OUTER_BOUND('',#961,.T.);
#753=FACE_OUTER_BOUND('',#962,.T.);
#754=FACE_OUTER_BOUND('',#963,.T.);
#755=FACE_OUTER_BOUND('',#964,.T.);
#756=FACE_OUTER_BOUND('',#965,.T.);
#757=FACE_OUTER_BOUND('',#966,.T.);
#758=FACE_OUTER_BOUND('',#967,.T.);
#759=FACE_OUTER_BOUND('',#968,.T.);
#760=FACE_OUTER_BOUND('',#969,.T.);
#761=FACE_OUTER_BOUND('',#970,.T.);
#762=FACE_OUTER_BOUND('',#971,.T.);
#763=FACE_OUTER_BOUND('',#972,.T.);
#764=FACE_OUTER_BOUND('',#973,.T.);
#765=FACE_OUTER_BOUND('',#974,.T.);
#766=FACE_OUTER_BOUND('',#975,.T.);
#767=FACE_OUTER_BOUND('',#976,.T.);
#768=FACE_OUTER_BOUND('',#977,.T.);
#769=FACE_OUTER_BOUND('',#978,.T.);
#770=FACE_OUTER_BOUND('',#979,.T.);
#771=FACE_OUTER_BOUND('',#980,.T.);
#772=FACE_OUTER_BOUND('',#981,.T.);
#773=FACE_OUTER_BOUND('',#982,.T.);
#774=FACE_OUTER_BOUND('',#986,.T.);
#775=FACE_OUTER_BOUND('',#987,.T.);
#776=FACE_OUTER_BOUND('',#988,.T.);
#777=FACE_OUTER_BOUND('',#989,.T.);
#778=FACE_OUTER_BOUND('',#990,.T.);
#779=FACE_OUTER_BOUND('',#991,.T.);
#780=FACE_OUTER_BOUND('',#992,.T.);
#781=FACE_OUTER_BOUND('',#993,.T.);
#782=FACE_OUTER_BOUND('',#994,.T.);
#783=FACE_OUTER_BOUND('',#995,.T.);
#784=FACE_OUTER_BOUND('',#996,.T.);
#785=FACE_OUTER_BOUND('',#997,.T.);
#786=FACE_OUTER_BOUND('',#998,.T.);
#787=FACE_OUTER_BOUND('',#999,.T.);
#788=FACE_OUTER_BOUND('',#1000,.T.);
#789=FACE_OUTER_BOUND('',#1001,.T.);
#790=FACE_OUTER_BOUND('',#1002,.T.);
#791=FACE_OUTER_BOUND('',#1003,.T.);
#792=FACE_OUTER_BOUND('',#1004,.T.);
#793=FACE_OUTER_BOUND('',#1005,.T.);
#794=FACE_OUTER_BOUND('',#1006,.T.);
#795=FACE_OUTER_BOUND('',#1007,.T.);
#796=FACE_OUTER_BOUND('',#1008,.T.);
#797=FACE_OUTER_BOUND('',#1009,.T.);
#798=FACE_OUTER_BOUND('',#1010,.T.);
#799=FACE_OUTER_BOUND('',#1011,.T.);
#800=FACE_OUTER_BOUND('',#1012,.T.);
#801=FACE_OUTER_BOUND('',#1013,.T.);
#802=FACE_OUTER_BOUND('',#1014,.T.);
#803=FACE_OUTER_BOUND('',#1015,.T.);
#804=FACE_OUTER_BOUND('',#1016,.T.);
#805=FACE_OUTER_BOUND('',#1017,.T.);
#806=FACE_OUTER_BOUND('',#1018,.T.);
#807=FACE_OUTER_BOUND('',#1019,.T.);
#808=FACE_OUTER_BOUND('',#1020,.T.);
#809=FACE_OUTER_BOUND('',#1021,.T.);
#810=FACE_OUTER_BOUND('',#1022,.T.);
#811=FACE_OUTER_BOUND('',#1023,.T.);
#812=FACE_OUTER_BOUND('',#1024,.T.);
#813=FACE_OUTER_BOUND('',#1025,.T.);
#814=FACE_OUTER_BOUND('',#1026,.T.);
#815=FACE_OUTER_BOUND('',#1027,.T.);
#816=FACE_OUTER_BOUND('',#1028,.T.);
#817=FACE_OUTER_BOUND('',#1029,.T.);
#818=FACE_OUTER_BOUND('',#1030,.T.);
#819=FACE_OUTER_BOUND('',#1031,.T.);
#820=FACE_OUTER_BOUND('',#1032,.T.);
#821=FACE_OUTER_BOUND('',#1033,.T.);
#822=FACE_OUTER_BOUND('',#1034,.T.);
#823=FACE_OUTER_BOUND('',#1035,.T.);
#824=FACE_OUTER_BOUND('',#1036,.T.);
#825=FACE_OUTER_BOUND('',#1037,.T.);
#826=FACE_OUTER_BOUND('',#1038,.T.);
#827=FACE_OUTER_BOUND('',#1039,.T.);
#828=FACE_OUTER_BOUND('',#1040,.T.);
#829=FACE_OUTER_BOUND('',#1041,.T.);
#830=FACE_OUTER_BOUND('',#1042,.T.);
#831=FACE_OUTER_BOUND('',#1043,.T.);
#832=FACE_OUTER_BOUND('',#1044,.T.);
#833=FACE_OUTER_BOUND('',#1045,.T.);
#834=FACE_OUTER_BOUND('',#1046,.T.);
#835=FACE_OUTER_BOUND('',#1047,.T.);
#836=FACE_OUTER_BOUND('',#1048,.T.);
#837=FACE_OUTER_BOUND('',#1049,.T.);
#838=FACE_OUTER_BOUND('',#1050,.T.);
#839=FACE_OUTER_BOUND('',#1051,.T.);
#840=FACE_OUTER_BOUND('',#1052,.T.);
#841=FACE_OUTER_BOUND('',#1053,.T.);
#842=FACE_OUTER_BOUND('',#1054,.T.);
#843=FACE_OUTER_BOUND('',#1055,.T.);
#844=FACE_OUTER_BOUND('',#1056,.T.);
#845=FACE_OUTER_BOUND('',#1057,.T.);
#846=FACE_OUTER_BOUND('',#1058,.T.);
#847=FACE_OUTER_BOUND('',#1059,.T.);
#848=FACE_OUTER_BOUND('',#1060,.T.);
#849=FACE_OUTER_BOUND('',#1061,.T.);
#850=FACE_OUTER_BOUND('',#1062,.T.);
#851=FACE_OUTER_BOUND('',#1063,.T.);
#852=FACE_OUTER_BOUND('',#1064,.T.);
#853=FACE_OUTER_BOUND('',#1065,.T.);
#854=FACE_OUTER_BOUND('',#1066,.T.);
#855=FACE_OUTER_BOUND('',#1067,.T.);
#856=FACE_OUTER_BOUND('',#1068,.T.);
#857=FACE_OUTER_BOUND('',#1069,.T.);
#858=FACE_OUTER_BOUND('',#1070,.T.);
#859=FACE_OUTER_BOUND('',#1071,.T.);
#860=FACE_OUTER_BOUND('',#1072,.T.);
#861=FACE_OUTER_BOUND('',#1073,.T.);
#862=FACE_OUTER_BOUND('',#1074,.T.);
#863=FACE_OUTER_BOUND('',#1075,.T.);
#864=FACE_OUTER_BOUND('',#1076,.T.);
#865=FACE_OUTER_BOUND('',#1077,.T.);
#866=FACE_OUTER_BOUND('',#1078,.T.);
#867=FACE_OUTER_BOUND('',#1079,.T.);
#868=FACE_OUTER_BOUND('',#1080,.T.);
#869=FACE_OUTER_BOUND('',#1081,.T.);
#870=FACE_OUTER_BOUND('',#1082,.T.);
#871=FACE_OUTER_BOUND('',#1083,.T.);
#872=FACE_OUTER_BOUND('',#1084,.T.);
#873=FACE_OUTER_BOUND('',#1085,.T.);
#874=FACE_OUTER_BOUND('',#1086,.T.);
#875=EDGE_LOOP('',(#2221,#2222,#2223,#2224,#2225));
#876=EDGE_LOOP('',(#2226,#2227,#2228,#2229,#2230,#2231));
#877=EDGE_LOOP('',(#2232));
#878=EDGE_LOOP('',(#2233,#2234,#2235,#2236));
#879=EDGE_LOOP('',(#2237,#2238,#2239,#2240));
#880=EDGE_LOOP('',(#2241,#2242,#2243,#2244,#2245,#2246,#2247,#2248,#2249,
#2250,#2251,#2252));
#881=EDGE_LOOP('',(#2253,#2254,#2255,#2256,#2257,#2258,#2259,#2260,#2261,
#2262,#2263,#2264,#2265,#2266,#2267,#2268,#2269,#2270,#2271));
#882=EDGE_LOOP('',(#2272,#2273,#2274,#2275,#2276,#2277,#2278,#2279,#2280,
#2281,#2282,#2283,#2284,#2285,#2286,#2287,#2288,#2289,#2290));
#883=EDGE_LOOP('',(#2291,#2292));
#884=EDGE_LOOP('',(#2293,#2294,#2295,#2296));
#885=EDGE_LOOP('',(#2297,#2298,#2299,#2300));
#886=EDGE_LOOP('',(#2301,#2302));
#887=EDGE_LOOP('',(#2303,#2304,#2305,#2306,#2307,#2308,#2309,#2310));
#888=EDGE_LOOP('',(#2311,#2312,#2313,#2314,#2315,#2316,#2317,#2318));
#889=EDGE_LOOP('',(#2319,#2320,#2321,#2322));
#890=EDGE_LOOP('',(#2323,#2324,#2325,#2326));
#891=EDGE_LOOP('',(#2327,#2328,#2329,#2330));
#892=EDGE_LOOP('',(#2331,#2332,#2333,#2334));
#893=EDGE_LOOP('',(#2335,#2336,#2337,#2338));
#894=EDGE_LOOP('',(#2339,#2340,#2341,#2342,#2343,#2344,#2345,#2346,#2347,
#2348,#2349,#2350,#2351,#2352,#2353,#2354,#2355,#2356,#2357,#2358,#2359,
#2360));
#895=EDGE_LOOP('',(#2361,#2362,#2363,#2364,#2365,#2366,#2367,#2368,#2369,
#2370,#2371,#2372));
#896=EDGE_LOOP('',(#2373,#2374,#2375,#2376));
#897=EDGE_LOOP('',(#2377,#2378,#2379,#2380));
#898=EDGE_LOOP('',(#2381,#2382,#2383,#2384));
#899=EDGE_LOOP('',(#2385,#2386,#2387,#2388));
#900=EDGE_LOOP('',(#2389,#2390,#2391,#2392));
#901=EDGE_LOOP('',(#2393,#2394,#2395,#2396));
#902=EDGE_LOOP('',(#2397,#2398,#2399,#2400));
#903=EDGE_LOOP('',(#2401,#2402,#2403,#2404));
#904=EDGE_LOOP('',(#2405,#2406,#2407,#2408,#2409,#2410));
#905=EDGE_LOOP('',(#2411,#2412,#2413,#2414));
#906=EDGE_LOOP('',(#2415,#2416,#2417,#2418));
#907=EDGE_LOOP('',(#2419,#2420,#2421,#2422));
#908=EDGE_LOOP('',(#2423,#2424,#2425,#2426));
#909=EDGE_LOOP('',(#2427,#2428,#2429,#2430));
#910=EDGE_LOOP('',(#2431,#2432,#2433,#2434));
#911=EDGE_LOOP('',(#2435,#2436,#2437,#2438));
#912=EDGE_LOOP('',(#2439,#2440,#2441,#2442));
#913=EDGE_LOOP('',(#2443,#2444,#2445,#2446));
#914=EDGE_LOOP('',(#2447,#2448,#2449,#2450));
#915=EDGE_LOOP('',(#2451,#2452,#2453,#2454));
#916=EDGE_LOOP('',(#2455,#2456,#2457,#2458));
#917=EDGE_LOOP('',(#2459,#2460,#2461,#2462));
#918=EDGE_LOOP('',(#2463,#2464,#2465,#2466));
#919=EDGE_LOOP('',(#2467,#2468,#2469,#2470));
#920=EDGE_LOOP('',(#2471,#2472,#2473,#2474));
#921=EDGE_LOOP('',(#2475,#2476,#2477,#2478));
#922=EDGE_LOOP('',(#2479,#2480,#2481,#2482));
#923=EDGE_LOOP('',(#2483,#2484,#2485,#2486));
#924=EDGE_LOOP('',(#2487,#2488,#2489,#2490));
#925=EDGE_LOOP('',(#2491,#2492,#2493,#2494));
#926=EDGE_LOOP('',(#2495,#2496,#2497,#2498));
#927=EDGE_LOOP('',(#2499,#2500,#2501,#2502));
#928=EDGE_LOOP('',(#2503,#2504,#2505,#2506));
#929=EDGE_LOOP('',(#2507,#2508,#2509,#2510));
#930=EDGE_LOOP('',(#2511,#2512,#2513,#2514));
#931=EDGE_LOOP('',(#2515,#2516,#2517,#2518));
#932=EDGE_LOOP('',(#2519,#2520,#2521,#2522,#2523));
#933=EDGE_LOOP('',(#2524,#2525,#2526,#2527,#2528));
#934=EDGE_LOOP('',(#2529,#2530,#2531,#2532,#2533));
#935=EDGE_LOOP('',(#2534,#2535,#2536,#2537,#2538,#2539));
#936=EDGE_LOOP('',(#2540,#2541,#2542,#2543,#2544));
#937=EDGE_LOOP('',(#2545,#2546,#2547,#2548,#2549,#2550,#2551,#2552));
#938=EDGE_LOOP('',(#2553,#2554,#2555,#2556,#2557,#2558));
#939=EDGE_LOOP('',(#2559,#2560,#2561,#2562,#2563));
#940=EDGE_LOOP('',(#2564,#2565,#2566,#2567));
#941=EDGE_LOOP('',(#2568,#2569,#2570,#2571,#2572));
#942=EDGE_LOOP('',(#2573,#2574,#2575,#2576,#2577));
#943=EDGE_LOOP('',(#2578,#2579,#2580,#2581,#2582));
#944=EDGE_LOOP('',(#2583,#2584,#2585,#2586,#2587));
#945=EDGE_LOOP('',(#2588,#2589,#2590,#2591,#2592));
#946=EDGE_LOOP('',(#2593,#2594,#2595,#2596));
#947=EDGE_LOOP('',(#2597,#2598,#2599,#2600,#2601));
#948=EDGE_LOOP('',(#2602,#2603,#2604,#2605));
#949=EDGE_LOOP('',(#2606,#2607,#2608,#2609,#2610));
#950=EDGE_LOOP('',(#2611,#2612,#2613,#2614));
#951=EDGE_LOOP('',(#2615,#2616,#2617,#2618,#2619));
#952=EDGE_LOOP('',(#2620,#2621,#2622,#2623,#2624));
#953=EDGE_LOOP('',(#2625,#2626,#2627,#2628,#2629));
#954=EDGE_LOOP('',(#2630,#2631,#2632,#2633,#2634));
#955=EDGE_LOOP('',(#2635,#2636,#2637,#2638,#2639,#2640));
#956=EDGE_LOOP('',(#2641,#2642,#2643,#2644,#2645,#2646,#2647,#2648,#2649,
#2650,#2651));
#957=EDGE_LOOP('',(#2652,#2653,#2654,#2655,#2656,#2657,#2658));
#958=EDGE_LOOP('',(#2659,#2660,#2661,#2662));
#959=EDGE_LOOP('',(#2663,#2664,#2665,#2666,#2667,#2668));
#960=EDGE_LOOP('',(#2669,#2670,#2671,#2672));
#961=EDGE_LOOP('',(#2673,#2674,#2675,#2676,#2677,#2678,#2679));
#962=EDGE_LOOP('',(#2680,#2681,#2682));
#963=EDGE_LOOP('',(#2683,#2684,#2685,#2686,#2687,#2688,#2689,#2690,#2691));
#964=EDGE_LOOP('',(#2692,#2693,#2694,#2695,#2696));
#965=EDGE_LOOP('',(#2697,#2698,#2699,#2700,#2701,#2702,#2703,#2704));
#966=EDGE_LOOP('',(#2705,#2706,#2707));
#967=EDGE_LOOP('',(#2708,#2709,#2710,#2711,#2712,#2713,#2714,#2715,#2716));
#968=EDGE_LOOP('',(#2717,#2718,#2719,#2720,#2721));
#969=EDGE_LOOP('',(#2722,#2723,#2724,#2725));
#970=EDGE_LOOP('',(#2726,#2727,#2728,#2729));
#971=EDGE_LOOP('',(#2730,#2731,#2732,#2733));
#972=EDGE_LOOP('',(#2734,#2735,#2736,#2737));
#973=EDGE_LOOP('',(#2738,#2739,#2740,#2741));
#974=EDGE_LOOP('',(#2742,#2743,#2744,#2745));
#975=EDGE_LOOP('',(#2746,#2747,#2748,#2749,#2750,#2751,#2752,#2753,#2754,
#2755,#2756));
#976=EDGE_LOOP('',(#2757,#2758,#2759,#2760));
#977=EDGE_LOOP('',(#2761,#2762,#2763,#2764));
#978=EDGE_LOOP('',(#2765,#2766,#2767,#2768));
#979=EDGE_LOOP('',(#2769,#2770,#2771,#2772));
#980=EDGE_LOOP('',(#2773,#2774,#2775,#2776,#2777,#2778,#2779,#2780,#2781,
#2782,#2783,#2784,#2785,#2786,#2787,#2788));
#981=EDGE_LOOP('',(#2789,#2790,#2791,#2792,#2793,#2794));
#982=EDGE_LOOP('',(#2795));
#983=EDGE_LOOP('',(#2796,#2797,#2798,#2799,#2800,#2801,#2802,#2803,#2804,
#2805));
#984=EDGE_LOOP('',(#2806));
#985=EDGE_LOOP('',(#2807));
#986=EDGE_LOOP('',(#2808,#2809,#2810,#2811));
#987=EDGE_LOOP('',(#2812,#2813,#2814,#2815,#2816));
#988=EDGE_LOOP('',(#2817,#2818,#2819,#2820,#2821));
#989=EDGE_LOOP('',(#2822,#2823,#2824,#2825,#2826,#2827,#2828));
#990=EDGE_LOOP('',(#2829,#2830,#2831,#2832,#2833,#2834,#2835,#2836,#2837,
#2838,#2839,#2840,#2841,#2842));
#991=EDGE_LOOP('',(#2843,#2844,#2845,#2846,#2847));
#992=EDGE_LOOP('',(#2848,#2849,#2850,#2851));
#993=EDGE_LOOP('',(#2852,#2853,#2854,#2855,#2856));
#994=EDGE_LOOP('',(#2857,#2858,#2859,#2860,#2861));
#995=EDGE_LOOP('',(#2862,#2863,#2864,#2865,#2866));
#996=EDGE_LOOP('',(#2867,#2868,#2869,#2870,#2871));
#997=EDGE_LOOP('',(#2872,#2873,#2874,#2875,#2876));
#998=EDGE_LOOP('',(#2877,#2878,#2879,#2880));
#999=EDGE_LOOP('',(#2881,#2882,#2883,#2884,#2885));
#1000=EDGE_LOOP('',(#2886,#2887,#2888,#2889));
#1001=EDGE_LOOP('',(#2890,#2891,#2892,#2893,#2894));
#1002=EDGE_LOOP('',(#2895,#2896,#2897,#2898));
#1003=EDGE_LOOP('',(#2899,#2900,#2901,#2902,#2903));
#1004=EDGE_LOOP('',(#2904,#2905,#2906,#2907,#2908));
#1005=EDGE_LOOP('',(#2909,#2910,#2911,#2912,#2913));
#1006=EDGE_LOOP('',(#2914,#2915,#2916,#2917,#2918));
#1007=EDGE_LOOP('',(#2919,#2920,#2921,#2922));
#1008=EDGE_LOOP('',(#2923,#2924,#2925,#2926));
#1009=EDGE_LOOP('',(#2927,#2928,#2929,#2930));
#1010=EDGE_LOOP('',(#2931,#2932,#2933,#2934));
#1011=EDGE_LOOP('',(#2935,#2936,#2937,#2938,#2939));
#1012=EDGE_LOOP('',(#2940,#2941,#2942,#2943,#2944,#2945,#2946));
#1013=EDGE_LOOP('',(#2947,#2948,#2949,#2950));
#1014=EDGE_LOOP('',(#2951,#2952,#2953,#2954));
#1015=EDGE_LOOP('',(#2955,#2956,#2957,#2958));
#1016=EDGE_LOOP('',(#2959,#2960,#2961,#2962,#2963));
#1017=EDGE_LOOP('',(#2964,#2965,#2966,#2967,#2968));
#1018=EDGE_LOOP('',(#2969,#2970,#2971,#2972,#2973));
#1019=EDGE_LOOP('',(#2974,#2975,#2976,#2977,#2978));
#1020=EDGE_LOOP('',(#2979,#2980,#2981,#2982,#2983,#2984));
#1021=EDGE_LOOP('',(#2985,#2986,#2987,#2988));
#1022=EDGE_LOOP('',(#2989,#2990,#2991,#2992,#2993,#2994));
#1023=EDGE_LOOP('',(#2995,#2996,#2997,#2998,#2999));
#1024=EDGE_LOOP('',(#3000,#3001,#3002,#3003,#3004));
#1025=EDGE_LOOP('',(#3005,#3006,#3007,#3008,#3009));
#1026=EDGE_LOOP('',(#3010,#3011,#3012,#3013,#3014));
#1027=EDGE_LOOP('',(#3015,#3016,#3017,#3018));
#1028=EDGE_LOOP('',(#3019,#3020,#3021,#3022,#3023,#3024,#3025,#3026));
#1029=EDGE_LOOP('',(#3027,#3028,#3029,#3030));
#1030=EDGE_LOOP('',(#3031,#3032,#3033,#3034,#3035));
#1031=EDGE_LOOP('',(#3036,#3037,#3038,#3039));
#1032=EDGE_LOOP('',(#3040,#3041,#3042,#3043,#3044));
#1033=EDGE_LOOP('',(#3045,#3046,#3047,#3048));
#1034=EDGE_LOOP('',(#3049,#3050,#3051,#3052));
#1035=EDGE_LOOP('',(#3053,#3054,#3055,#3056,#3057));
#1036=EDGE_LOOP('',(#3058,#3059,#3060,#3061,#3062));
#1037=EDGE_LOOP('',(#3063,#3064,#3065,#3066));
#1038=EDGE_LOOP('',(#3067,#3068,#3069,#3070));
#1039=EDGE_LOOP('',(#3071,#3072,#3073,#3074));
#1040=EDGE_LOOP('',(#3075,#3076,#3077,#3078));
#1041=EDGE_LOOP('',(#3079,#3080,#3081,#3082));
#1042=EDGE_LOOP('',(#3083,#3084,#3085,#3086,#3087));
#1043=EDGE_LOOP('',(#3088,#3089,#3090,#3091,#3092,#3093,#3094));
#1044=EDGE_LOOP('',(#3095,#3096,#3097,#3098));
#1045=EDGE_LOOP('',(#3099,#3100,#3101,#3102));
#1046=EDGE_LOOP('',(#3103,#3104,#3105,#3106));
#1047=EDGE_LOOP('',(#3107,#3108,#3109,#3110,#3111));
#1048=EDGE_LOOP('',(#3112,#3113,#3114,#3115,#3116));
#1049=EDGE_LOOP('',(#3117,#3118,#3119,#3120,#3121));
#1050=EDGE_LOOP('',(#3122,#3123,#3124,#3125,#3126));
#1051=EDGE_LOOP('',(#3127,#3128,#3129,#3130,#3131,#3132));
#1052=EDGE_LOOP('',(#3133,#3134,#3135,#3136));
#1053=EDGE_LOOP('',(#3137,#3138,#3139,#3140,#3141,#3142));
#1054=EDGE_LOOP('',(#3143,#3144,#3145,#3146,#3147));
#1055=EDGE_LOOP('',(#3148,#3149,#3150,#3151,#3152));
#1056=EDGE_LOOP('',(#3153,#3154,#3155,#3156,#3157,#3158,#3159,#3160));
#1057=EDGE_LOOP('',(#3161,#3162,#3163,#3164));
#1058=EDGE_LOOP('',(#3165,#3166,#3167,#3168));
#1059=EDGE_LOOP('',(#3169,#3170,#3171,#3172,#3173));
#1060=EDGE_LOOP('',(#3174,#3175,#3176,#3177));
#1061=EDGE_LOOP('',(#3178,#3179,#3180,#3181,#3182));
#1062=EDGE_LOOP('',(#3183,#3184,#3185,#3186,#3187));
#1063=EDGE_LOOP('',(#3188,#3189,#3190,#3191));
#1064=EDGE_LOOP('',(#3192,#3193,#3194,#3195,#3196,#3197,#3198,#3199,#3200));
#1065=EDGE_LOOP('',(#3201,#3202,#3203,#3204,#3205));
#1066=EDGE_LOOP('',(#3206,#3207,#3208,#3209,#3210));
#1067=EDGE_LOOP('',(#3211,#3212,#3213,#3214,#3215));
#1068=EDGE_LOOP('',(#3216,#3217,#3218,#3219,#3220));
#1069=EDGE_LOOP('',(#3221,#3222,#3223,#3224,#3225));
#1070=EDGE_LOOP('',(#3226,#3227,#3228,#3229));
#1071=EDGE_LOOP('',(#3230,#3231,#3232,#3233,#3234));
#1072=EDGE_LOOP('',(#3235,#3236,#3237,#3238));
#1073=EDGE_LOOP('',(#3239,#3240,#3241,#3242,#3243));
#1074=EDGE_LOOP('',(#3244,#3245,#3246,#3247));
#1075=EDGE_LOOP('',(#3248,#3249,#3250,#3251,#3252));
#1076=EDGE_LOOP('',(#3253,#3254,#3255,#3256));
#1077=EDGE_LOOP('',(#3257,#3258,#3259,#3260));
#1078=EDGE_LOOP('',(#3261,#3262,#3263,#3264,#3265));
#1079=EDGE_LOOP('',(#3266,#3267,#3268,#3269));
#1080=EDGE_LOOP('',(#3270,#3271,#3272,#3273,#3274));
#1081=EDGE_LOOP('',(#3275,#3276,#3277,#3278,#3279));
#1082=EDGE_LOOP('',(#3280,#3281,#3282,#3283,#3284));
#1083=EDGE_LOOP('',(#3285,#3286,#3287,#3288,#3289));
#1084=EDGE_LOOP('',(#3290,#3291,#3292,#3293,#3294));
#1085=EDGE_LOOP('',(#3295,#3296,#3297,#3298,#3299,#3300,#3301,#3302,#3303));
#1086=EDGE_LOOP('',(#3304,#3305,#3306,#3307,#3308));
#1087=CIRCLE('',#3520,55.75);
#1088=CIRCLE('',#3521,55.75);
#1089=CIRCLE('',#3522,8.787);
#1090=CIRCLE('',#3523,53.178);
#1091=CIRCLE('',#3525,55.75);
#1092=CIRCLE('',#3526,55.75);
#1093=CIRCLE('',#3528,1.567);
#1094=CIRCLE('',#3529,21.1);
#1095=CIRCLE('',#3530,1.567);
#1096=CIRCLE('',#3531,19.1);
#1097=CIRCLE('',#3532,1.567);
#1098=CIRCLE('',#3533,21.1);
#1099=CIRCLE('',#3534,1.567);
#1100=CIRCLE('',#3535,19.1);
#1101=CIRCLE('',#3537,48.5068335070048);
#1102=CIRCLE('',#3539,48.4900235885588);
#1103=CIRCLE('',#3541,48.4900235885588);
#1104=CIRCLE('',#3542,48.5068335070048);
#1105=CIRCLE('',#3545,2.75);
#1106=CIRCLE('',#3546,2.75);
#1107=CIRCLE('',#3547,2.75);
#1108=CIRCLE('',#3549,2.75);
#1109=CIRCLE('',#3550,2.75);
#1110=CIRCLE('',#3551,2.75);
#1111=CIRCLE('',#3553,21.1);
#1112=CIRCLE('',#3554,23.1);
#1113=CIRCLE('',#3556,1.567);
#1114=CIRCLE('',#3557,3.56699999999994);
#1115=CIRCLE('',#3559,1.567);
#1116=CIRCLE('',#3560,3.56699999999994);
#1117=CIRCLE('',#3566,47.);
#1118=CIRCLE('',#3567,5.99999999999972);
#1119=CIRCLE('',#3568,4.00000000000014);
#1120=CIRCLE('',#3569,48.398095682724);
#1121=CIRCLE('',#3570,3.99999999999135);
#1122=CIRCLE('',#3571,6.00000000000004);
#1123=CIRCLE('',#3572,47.);
#1124=CIRCLE('',#3573,1.25000000000001);
#1125=CIRCLE('',#3574,44.5);
#1126=CIRCLE('',#3575,6.00000000000004);
#1127=CIRCLE('',#3576,44.5);
#1128=CIRCLE('',#3577,1.24999999999999);
#1129=CIRCLE('',#3578,47.);
#1130=CIRCLE('',#3579,3.99999999999978);
#1131=CIRCLE('',#3580,48.3980956827249);
#1132=CIRCLE('',#3581,3.99999999999278);
#1133=CIRCLE('',#3582,47.);
#1134=CIRCLE('',#3583,1.24999999999999);
#1135=CIRCLE('',#3584,44.5);
#1136=CIRCLE('',#3585,5.99999999999972);
#1137=CIRCLE('',#3586,44.5);
#1138=CIRCLE('',#3587,1.25000000000001);
#1139=CIRCLE('',#3588,19.1);
#1140=CIRCLE('',#3589,3.56699999999994);
#1141=CIRCLE('',#3590,23.1);
#1142=CIRCLE('',#3591,3.56699999999994);
#1143=CIRCLE('',#3592,19.1);
#1144=CIRCLE('',#3593,1.25);
#1145=CIRCLE('',#3594,39.75);
#1146=CIRCLE('',#3595,1.24999999999999);
#1147=CIRCLE('',#3596,42.25);
#1148=CIRCLE('',#3597,1.25);
#1149=CIRCLE('',#3598,35.25);
#1150=CIRCLE('',#3599,1.24999999999997);
#1151=CIRCLE('',#3600,37.75);
#1152=CIRCLE('',#3601,1.25);
#1153=CIRCLE('',#3602,30.75);
#1154=CIRCLE('',#3603,1.24999999999998);
#1155=CIRCLE('',#3604,33.25);
#1156=CIRCLE('',#3605,1.25);
#1157=CIRCLE('',#3606,28.75);
#1158=CIRCLE('',#3607,1.24999999999999);
#1159=CIRCLE('',#3608,26.25);
#1160=CIRCLE('',#3609,1.24999999999999);
#1161=CIRCLE('',#3610,28.75);
#1162=CIRCLE('',#3611,1.25);
#1163=CIRCLE('',#3612,26.25);
#1164=CIRCLE('',#3613,1.24999999999999);
#1165=CIRCLE('',#3614,39.75);
#1166=CIRCLE('',#3615,1.25);
#1167=CIRCLE('',#3616,42.25);
#1168=CIRCLE('',#3617,1.24999999999997);
#1169=CIRCLE('',#3618,35.25);
#1170=CIRCLE('',#3619,1.25);
#1171=CIRCLE('',#3620,37.75);
#1172=CIRCLE('',#3621,1.24999999999998);
#1173=CIRCLE('',#3622,30.75);
#1174=CIRCLE('',#3623,1.25);
#1175=CIRCLE('',#3624,33.25);
#1176=CIRCLE('',#3627,19.1);
#1177=CIRCLE('',#3628,19.1);
#1178=CIRCLE('',#3630,21.1);
#1179=CIRCLE('',#3632,1.567);
#1180=CIRCLE('',#3634,1.567);
#1181=CIRCLE('',#3654,3.99999999999278);
#1182=CIRCLE('',#3656,48.3980956827249);
#1183=CIRCLE('',#3658,3.99999999999978);
#1184=CIRCLE('',#3660,4.00000000000014);
#1185=CIRCLE('',#3662,48.398095682724);
#1186=CIRCLE('',#3664,3.99999999999135);
#1187=CIRCLE('',#3666,1.25000000000001);
#1188=CIRCLE('',#3667,1.25000000000001);
#1189=CIRCLE('',#3669,44.5);
#1190=CIRCLE('',#3671,47.);
#1191=CIRCLE('',#3673,44.5);
#1192=CIRCLE('',#3674,44.5000000000001);
#1193=CIRCLE('',#3676,1.24999999999999);
#1194=CIRCLE('',#3677,1.24999999999999);
#1195=CIRCLE('',#3679,47.);
#1196=CIRCLE('',#3680,47.);
#1197=CIRCLE('',#3681,47.);
#1198=CIRCLE('',#3684,1.25);
#1199=CIRCLE('',#3685,1.25);
#1200=CIRCLE('',#3687,30.75);
#1201=CIRCLE('',#3689,1.25);
#1202=CIRCLE('',#3690,1.25);
#1203=CIRCLE('',#3692,35.25);
#1204=CIRCLE('',#3693,35.25);
#1205=CIRCLE('',#3695,1.25);
#1206=CIRCLE('',#3696,1.25);
#1207=CIRCLE('',#3698,39.75);
#1208=CIRCLE('',#3699,39.75);
#1209=CIRCLE('',#3701,1.25);
#1210=CIRCLE('',#3702,1.25);
#1211=CIRCLE('',#3704,28.75);
#1212=CIRCLE('',#3706,1.24999999999999);
#1213=CIRCLE('',#3707,1.25);
#1214=CIRCLE('',#3709,28.75);
#1215=CIRCLE('',#3711,1.24999999999998);
#1216=CIRCLE('',#3712,1.24999999999998);
#1217=CIRCLE('',#3714,30.75);
#1218=CIRCLE('',#3716,1.24999999999997);
#1219=CIRCLE('',#3717,1.24999999999997);
#1220=CIRCLE('',#3719,35.25);
#1221=CIRCLE('',#3720,35.25);
#1222=CIRCLE('',#3722,1.24999999999999);
#1223=CIRCLE('',#3723,1.24999999999999);
#1224=CIRCLE('',#3725,39.75);
#1225=CIRCLE('',#3726,39.75);
#1226=CIRCLE('',#3728,5.99999999999972);
#1227=CIRCLE('',#3730,47.);
#1228=CIRCLE('',#3731,44.5);
#1229=CIRCLE('',#3733,44.5);
#1230=CIRCLE('',#3734,47.);
#1231=CIRCLE('',#3736,44.5);
#1232=CIRCLE('',#3737,44.5);
#1233=CIRCLE('',#3738,44.5);
#1234=CIRCLE('',#3741,47.);
#1235=CIRCLE('',#3742,47.);
#1236=CIRCLE('',#3743,47.);
#1237=CIRCLE('',#3746,47.0000000000001);
#1238=CIRCLE('',#3748,5.99999999999994);
#1239=CIRCLE('',#3750,5.99999999999994);
#1240=CIRCLE('',#3752,51.75);
#1241=CIRCLE('',#3753,51.95);
#1242=CIRCLE('',#3755,51.95);
#1243=CIRCLE('',#3756,51.75);
#1244=CIRCLE('',#3758,51.75);
#1245=CIRCLE('',#3760,51.75);
#1246=CIRCLE('',#3762,6.00000000000004);
#1247=CIRCLE('',#3764,5.99999999999994);
#1248=CIRCLE('',#3766,5.99999999999994);
#1249=CIRCLE('',#3768,51.75);
#1250=CIRCLE('',#3769,51.75);
#1251=CIRCLE('',#3771,51.95);
#1252=CIRCLE('',#3773,51.9499999999994);
#1253=CIRCLE('',#3774,51.9499999999994);
#1254=CIRCLE('',#3775,51.9499999999994);
#1255=CIRCLE('',#3776,51.9499999999994);
#1256=CIRCLE('',#3777,51.9499999999994);
#1257=CIRCLE('',#3781,55.25);
#1258=CIRCLE('',#3785,0.5);
#1259=CIRCLE('',#3786,55.25);
#1260=CIRCLE('',#3787,55.25);
#1261=CIRCLE('',#3790,1.24999999999998);
#1262=CIRCLE('',#3791,1.24999999999998);
#1263=CIRCLE('',#3793,33.25);
#1264=CIRCLE('',#3795,1.24999999999997);
#1265=CIRCLE('',#3796,1.24999999999997);
#1266=CIRCLE('',#3798,37.75);
#1267=CIRCLE('',#3799,37.75);
#1268=CIRCLE('',#3801,1.24999999999999);
#1269=CIRCLE('',#3802,1.24999999999999);
#1270=CIRCLE('',#3804,42.25);
#1271=CIRCLE('',#3805,42.25);
#1272=CIRCLE('',#3807,1.24999999999999);
#1273=CIRCLE('',#3808,1.24999999999999);
#1274=CIRCLE('',#3810,26.25);
#1275=CIRCLE('',#3812,1.25);
#1276=CIRCLE('',#3813,1.25);
#1277=CIRCLE('',#3815,26.25);
#1278=CIRCLE('',#3817,1.25);
#1279=CIRCLE('',#3818,1.25);
#1280=CIRCLE('',#3820,33.25);
#1281=CIRCLE('',#3822,1.25);
#1282=CIRCLE('',#3823,1.25);
#1283=CIRCLE('',#3825,37.75);
#1284=CIRCLE('',#3826,37.75);
#1285=CIRCLE('',#3828,1.25);
#1286=CIRCLE('',#3829,1.25);
#1287=CIRCLE('',#3831,42.25);
#1288=CIRCLE('',#3832,42.25);
#1289=CIRCLE('',#3833,0.999999999999998);
#1290=CIRCLE('',#3834,0.999999999999996);
#1291=CIRCLE('',#3835,0.999999999999998);
#1292=CIRCLE('',#3836,1.);
#1293=CIRCLE('',#3837,1.);
#1294=CIRCLE('',#3838,1.);
#1295=CIRCLE('',#3839,0.999999999999996);
#1296=CIRCLE('',#3840,1.);
#1297=CIRCLE('',#3841,0.900000000000001);
#1298=CIRCLE('',#3842,0.899999999999999);
#1299=CIRCLE('',#3843,0.899999999999997);
#1300=CIRCLE('',#3844,0.9);
#1301=CIRCLE('',#3845,1.);
#1302=CIRCLE('',#3846,0.999999999999998);
#1303=CIRCLE('',#3848,1.24999999999999);
#1304=CIRCLE('',#3849,1.24999999999999);
#1305=CIRCLE('',#3851,1.25000000000001);
#1306=CIRCLE('',#3852,1.25000000000001);
#1307=CIRCLE('',#3853,0.999999999999995);
#1308=CIRCLE('',#3854,0.999999999999999);
#1309=CIRCLE('',#3855,1.00000000000001);
#1310=CIRCLE('',#3856,0.999999999999998);
#1311=CIRCLE('',#3857,1.);
#1312=CIRCLE('',#3858,1.);
#1313=CIRCLE('',#3859,0.999999999999997);
#1314=CIRCLE('',#3860,1.);
#1315=CIRCLE('',#3861,1.00000000000001);
#1316=CIRCLE('',#3862,0.999999999999999);
#1317=CIRCLE('',#3863,1.);
#1318=CIRCLE('',#3864,1.00000000000001);
#1319=CIRCLE('',#3865,1.00000000000001);
#1320=CIRCLE('',#3866,1.00000000000001);
#1321=CIRCLE('',#3867,0.899999999999998);
#1322=CIRCLE('',#3868,0.900000000000012);
#1323=CIRCLE('',#3869,0.899999999999994);
#1324=CIRCLE('',#3870,0.899999999999999);
#1325=CIRCLE('',#3871,1.);
#1326=CIRCLE('',#3872,1.);
#1327=CIRCLE('',#3873,1.);
#1328=CIRCLE('',#3874,0.999999999999992);
#1329=CIRCLE('',#3875,1.00000000000001);
#1330=CIRCLE('',#3876,1.);
#1331=CIRCLE('',#3877,1.);
#1332=CIRCLE('',#3878,1.);
#1333=VERTEX_POINT('',#4761);
#1334=VERTEX_POINT('',#4762);
#1335=VERTEX_POINT('',#4765);
#1336=VERTEX_POINT('',#4769);
#1337=VERTEX_POINT('',#4770);
#1338=VERTEX_POINT('',#4775);
#1339=VERTEX_POINT('',#4776);
#1340=VERTEX_POINT('',#4787);
#1341=VERTEX_POINT('',#4797);
#1342=VERTEX_POINT('',#4817);
#1343=VERTEX_POINT('',#4818);
#1344=VERTEX_POINT('',#4829);
#1345=VERTEX_POINT('',#4839);
#1346=VERTEX_POINT('',#4859);
#1347=VERTEX_POINT('',#4860);
#1348=VERTEX_POINT('',#4862);
#1349=VERTEX_POINT('',#4864);
#1350=VERTEX_POINT('',#4866);
#1351=VERTEX_POINT('',#4868);
#1352=VERTEX_POINT('',#4870);
#1353=VERTEX_POINT('',#4872);
#1354=VERTEX_POINT('',#4874);
#1355=VERTEX_POINT('',#4876);
#1356=VERTEX_POINT('',#4878);
#1357=VERTEX_POINT('',#4880);
#1358=VERTEX_POINT('',#4883);
#1359=VERTEX_POINT('',#4884);
#1360=VERTEX_POINT('',#4895);
#1361=VERTEX_POINT('',#4905);
#1362=VERTEX_POINT('',#4912);
#1363=VERTEX_POINT('',#4919);
#1364=VERTEX_POINT('',#4930);
#1365=VERTEX_POINT('',#4938);
#1366=VERTEX_POINT('',#4945);
#1367=VERTEX_POINT('',#4956);
#1368=VERTEX_POINT('',#4961);
#1369=VERTEX_POINT('',#4971);
#1370=VERTEX_POINT('',#4979);
#1371=VERTEX_POINT('',#4989);
#1372=VERTEX_POINT('',#4994);
#1373=VERTEX_POINT('',#5004);
#1374=VERTEX_POINT('',#5009);
#1375=VERTEX_POINT('',#5014);
#1376=VERTEX_POINT('',#5025);
#1377=VERTEX_POINT('',#5039);
#1378=VERTEX_POINT('',#5040);
#1379=VERTEX_POINT('',#5051);
#1380=VERTEX_POINT('',#5061);
#1381=VERTEX_POINT('',#5066);
#1382=VERTEX_POINT('',#5077);
#1383=VERTEX_POINT('',#5082);
#1384=VERTEX_POINT('',#5087);
#1385=VERTEX_POINT('',#5097);
#1386=VERTEX_POINT('',#5102);
#1387=VERTEX_POINT('',#5111);
#1388=VERTEX_POINT('',#5119);
#1389=VERTEX_POINT('',#5129);
#1390=VERTEX_POINT('',#5134);
#1391=VERTEX_POINT('',#5144);
#1392=VERTEX_POINT('',#5151);
#1393=VERTEX_POINT('',#5159);
#1394=VERTEX_POINT('',#5170);
#1395=VERTEX_POINT('',#5177);
#1396=VERTEX_POINT('',#5194);
#1397=VERTEX_POINT('',#5195);
#1398=VERTEX_POINT('',#5208);
#1399=VERTEX_POINT('',#5213);
#1400=VERTEX_POINT('',#5220);
#1401=VERTEX_POINT('',#5221);
#1402=VERTEX_POINT('',#5226);
#1403=VERTEX_POINT('',#5228);
#1404=VERTEX_POINT('',#5246);
#1405=VERTEX_POINT('',#5248);
#1406=VERTEX_POINT('',#5253);
#1407=VERTEX_POINT('',#5255);
#1408=VERTEX_POINT('',#5260);
#1409=VERTEX_POINT('',#5261);
#1410=VERTEX_POINT('',#5263);
#1411=VERTEX_POINT('',#5265);
#1412=VERTEX_POINT('',#5269);
#1413=VERTEX_POINT('',#5271);
#1414=VERTEX_POINT('',#5275);
#1415=VERTEX_POINT('',#5276);
#1416=VERTEX_POINT('',#5281);
#1417=VERTEX_POINT('',#5282);
#1418=VERTEX_POINT('',#5287);
#1419=VERTEX_POINT('',#5288);
#1420=VERTEX_POINT('',#5293);
#1421=VERTEX_POINT('',#5294);
#1422=VERTEX_POINT('',#5296);
#1423=VERTEX_POINT('',#5298);
#1424=VERTEX_POINT('',#5300);
#1425=VERTEX_POINT('',#5302);
#1426=VERTEX_POINT('',#5304);
#1427=VERTEX_POINT('',#5306);
#1428=VERTEX_POINT('',#5308);
#1429=VERTEX_POINT('',#5310);
#1430=VERTEX_POINT('',#5312);
#1431=VERTEX_POINT('',#5314);
#1432=VERTEX_POINT('',#5316);
#1433=VERTEX_POINT('',#5318);
#1434=VERTEX_POINT('',#5320);
#1435=VERTEX_POINT('',#5322);
#1436=VERTEX_POINT('',#5324);
#1437=VERTEX_POINT('',#5326);
#1438=VERTEX_POINT('',#5328);
#1439=VERTEX_POINT('',#5330);
#1440=VERTEX_POINT('',#5332);
#1441=VERTEX_POINT('',#5334);
#1442=VERTEX_POINT('',#5337);
#1443=VERTEX_POINT('',#5339);
#1444=VERTEX_POINT('',#5341);
#1445=VERTEX_POINT('',#5343);
#1446=VERTEX_POINT('',#5345);
#1447=VERTEX_POINT('',#5347);
#1448=VERTEX_POINT('',#5350);
#1449=VERTEX_POINT('',#5351);
#1450=VERTEX_POINT('',#5353);
#1451=VERTEX_POINT('',#5355);
#1452=VERTEX_POINT('',#5358);
#1453=VERTEX_POINT('',#5359);
#1454=VERTEX_POINT('',#5361);
#1455=VERTEX_POINT('',#5363);
#1456=VERTEX_POINT('',#5366);
#1457=VERTEX_POINT('',#5367);
#1458=VERTEX_POINT('',#5369);
#1459=VERTEX_POINT('',#5371);
#1460=VERTEX_POINT('',#5374);
#1461=VERTEX_POINT('',#5375);
#1462=VERTEX_POINT('',#5377);
#1463=VERTEX_POINT('',#5379);
#1464=VERTEX_POINT('',#5382);
#1465=VERTEX_POINT('',#5383);
#1466=VERTEX_POINT('',#5385);
#1467=VERTEX_POINT('',#5387);
#1468=VERTEX_POINT('',#5390);
#1469=VERTEX_POINT('',#5391);
#1470=VERTEX_POINT('',#5393);
#1471=VERTEX_POINT('',#5395);
#1472=VERTEX_POINT('',#5398);
#1473=VERTEX_POINT('',#5399);
#1474=VERTEX_POINT('',#5401);
#1475=VERTEX_POINT('',#5403);
#1476=VERTEX_POINT('',#5406);
#1477=VERTEX_POINT('',#5407);
#1478=VERTEX_POINT('',#5409);
#1479=VERTEX_POINT('',#5411);
#1480=VERTEX_POINT('',#5416);
#1481=VERTEX_POINT('',#5419);
#1482=VERTEX_POINT('',#5420);
#1483=VERTEX_POINT('',#5422);
#1484=VERTEX_POINT('',#5424);
#1485=VERTEX_POINT('',#5428);
#1486=VERTEX_POINT('',#5430);
#1487=VERTEX_POINT('',#5434);
#1488=VERTEX_POINT('',#5438);
#1489=VERTEX_POINT('',#5442);
#1490=VERTEX_POINT('',#5468);
#1491=VERTEX_POINT('',#5469);
#1492=VERTEX_POINT('',#5471);
#1493=VERTEX_POINT('',#5473);
#1494=VERTEX_POINT('',#5485);
#1495=VERTEX_POINT('',#5487);
#1496=VERTEX_POINT('',#5491);
#1497=VERTEX_POINT('',#5495);
#1498=VERTEX_POINT('',#5499);
#1499=VERTEX_POINT('',#5500);
#1500=VERTEX_POINT('',#5505);
#1501=VERTEX_POINT('',#5509);
#1502=VERTEX_POINT('',#5513);
#1503=VERTEX_POINT('',#5515);
#1504=VERTEX_POINT('',#5517);
#1505=VERTEX_POINT('',#5521);
#1506=VERTEX_POINT('',#5523);
#1507=VERTEX_POINT('',#5536);
#1508=VERTEX_POINT('',#5538);
#1509=VERTEX_POINT('',#5549);
#1510=VERTEX_POINT('',#5553);
#1511=VERTEX_POINT('',#5555);
#1512=VERTEX_POINT('',#5557);
#1513=VERTEX_POINT('',#5559);
#1514=VERTEX_POINT('',#5572);
#1515=VERTEX_POINT('',#5574);
#1516=VERTEX_POINT('',#5578);
#1517=VERTEX_POINT('',#5580);
#1518=VERTEX_POINT('',#5582);
#1519=VERTEX_POINT('',#5593);
#1520=VERTEX_POINT('',#5598);
#1521=VERTEX_POINT('',#5600);
#1522=VERTEX_POINT('',#5602);
#1523=VERTEX_POINT('',#5606);
#1524=VERTEX_POINT('',#5610);
#1525=VERTEX_POINT('',#5612);
#1526=VERTEX_POINT('',#5614);
#1527=VERTEX_POINT('',#5618);
#1528=VERTEX_POINT('',#5620);
#1529=VERTEX_POINT('',#5624);
#1530=VERTEX_POINT('',#5626);
#1531=VERTEX_POINT('',#5628);
#1532=VERTEX_POINT('',#5632);
#1533=VERTEX_POINT('',#5634);
#1534=VERTEX_POINT('',#5638);
#1535=VERTEX_POINT('',#5640);
#1536=VERTEX_POINT('',#5642);
#1537=VERTEX_POINT('',#5646);
#1538=VERTEX_POINT('',#5650);
#1539=VERTEX_POINT('',#5652);
#1540=VERTEX_POINT('',#5654);
#1541=VERTEX_POINT('',#5658);
#1542=VERTEX_POINT('',#5662);
#1543=VERTEX_POINT('',#5664);
#1544=VERTEX_POINT('',#5666);
#1545=VERTEX_POINT('',#5670);
#1546=VERTEX_POINT('',#5674);
#1547=VERTEX_POINT('',#5676);
#1548=VERTEX_POINT('',#5678);
#1549=VERTEX_POINT('',#5682);
#1550=VERTEX_POINT('',#5684);
#1551=VERTEX_POINT('',#5688);
#1552=VERTEX_POINT('',#5690);
#1553=VERTEX_POINT('',#5692);
#1554=VERTEX_POINT('',#5696);
#1555=VERTEX_POINT('',#5698);
#1556=VERTEX_POINT('',#5736);
#1557=VERTEX_POINT('',#5737);
#1558=VERTEX_POINT('',#5742);
#1559=VERTEX_POINT('',#5754);
#1560=VERTEX_POINT('',#5770);
#1561=VERTEX_POINT('',#5816);
#1562=VERTEX_POINT('',#5821);
#1563=VERTEX_POINT('',#5881);
#1564=VERTEX_POINT('',#5887);
#1565=VERTEX_POINT('',#5898);
#1566=VERTEX_POINT('',#5903);
#1567=VERTEX_POINT('',#5926);
#1568=VERTEX_POINT('',#5928);
#1569=VERTEX_POINT('',#5970);
#1570=VERTEX_POINT('',#5975);
#1571=VERTEX_POINT('',#5982);
#1572=VERTEX_POINT('',#5993);
#1573=VERTEX_POINT('',#5999);
#1574=VERTEX_POINT('',#6025);
#1575=VERTEX_POINT('',#6027);
#1576=VERTEX_POINT('',#6029);
#1577=VERTEX_POINT('',#6031);
#1578=VERTEX_POINT('',#6042);
#1579=VERTEX_POINT('',#6049);
#1580=VERTEX_POINT('',#6051);
#1581=VERTEX_POINT('',#6054);
#1582=VERTEX_POINT('',#6068);
#1583=VERTEX_POINT('',#6070);
#1584=VERTEX_POINT('',#6085);
#1585=VERTEX_POINT('',#6086);
#1586=VERTEX_POINT('',#6088);
#1587=VERTEX_POINT('',#6090);
#1588=VERTEX_POINT('',#6099);
#1589=VERTEX_POINT('',#6100);
#1590=VERTEX_POINT('',#6102);
#1591=VERTEX_POINT('',#6104);
#1592=VERTEX_POINT('',#6113);
#1593=VERTEX_POINT('',#6115);
#1594=VERTEX_POINT('',#6124);
#1595=VERTEX_POINT('',#6126);
#1596=VERTEX_POINT('',#6132);
#1597=VERTEX_POINT('',#6136);
#1598=VERTEX_POINT('',#6143);
#1599=VERTEX_POINT('',#6144);
#1600=VERTEX_POINT('',#6146);
#1601=VERTEX_POINT('',#6148);
#1602=VERTEX_POINT('',#6157);
#1603=VERTEX_POINT('',#6161);
#1604=VERTEX_POINT('',#6163);
#1605=VERTEX_POINT('',#6167);
#1606=VERTEX_POINT('',#6173);
#1607=VERTEX_POINT('',#6175);
#1608=VERTEX_POINT('',#6179);
#1609=VERTEX_POINT('',#6181);
#1610=VERTEX_POINT('',#6189);
#1611=VERTEX_POINT('',#6190);
#1612=VERTEX_POINT('',#6199);
#1613=VERTEX_POINT('',#6205);
#1614=VERTEX_POINT('',#6207);
#1615=VERTEX_POINT('',#6213);
#1616=VERTEX_POINT('',#6215);
#1617=VERTEX_POINT('',#6219);
#1618=VERTEX_POINT('',#6223);
#1619=VERTEX_POINT('',#6225);
#1620=VERTEX_POINT('',#6229);
#1621=VERTEX_POINT('',#6233);
#1622=VERTEX_POINT('',#6235);
#1623=VERTEX_POINT('',#6241);
#1624=VERTEX_POINT('',#6243);
#1625=VERTEX_POINT('',#6249);
#1626=VERTEX_POINT('',#6251);
#1627=VERTEX_POINT('',#6257);
#1628=VERTEX_POINT('',#6259);
#1629=VERTEX_POINT('',#6263);
#1630=VERTEX_POINT('',#6267);
#1631=VERTEX_POINT('',#6269);
#1632=VERTEX_POINT('',#6273);
#1633=VERTEX_POINT('',#6392);
#1634=VERTEX_POINT('',#6453);
#1635=VERTEX_POINT('',#6599);
#1636=VERTEX_POINT('',#6619);
#1637=VERTEX_POINT('',#6621);
#1638=VERTEX_POINT('',#6701);
#1639=VERTEX_POINT('',#6762);
#1640=VERTEX_POINT('',#6897);
#1641=VERTEX_POINT('',#6899);
#1642=VERTEX_POINT('',#6961);
#1643=VERTEX_POINT('',#7068);
#1644=VERTEX_POINT('',#7190);
#1645=VERTEX_POINT('',#7192);
#1646=VERTEX_POINT('',#7226);
#1647=VERTEX_POINT('',#7230);
#1648=VERTEX_POINT('',#7287);
#1649=VERTEX_POINT('',#7358);
#1650=VERTEX_POINT('',#7381);
#1651=VERTEX_POINT('',#7393);
#1652=VERTEX_POINT('',#7553);
#1653=VERTEX_POINT('',#7555);
#1654=VERTEX_POINT('',#7600);
#1655=VERTEX_POINT('',#7651);
#1656=VERTEX_POINT('',#7862);
#1657=VERTEX_POINT('',#7923);
#1658=VERTEX_POINT('',#8069);
#1659=VERTEX_POINT('',#8084);
#1660=VERTEX_POINT('',#8086);
#1661=VERTEX_POINT('',#8168);
#1662=VERTEX_POINT('',#8229);
#1663=VERTEX_POINT('',#8354);
#1664=VERTEX_POINT('',#8356);
#1665=VERTEX_POINT('',#8428);
#1666=VERTEX_POINT('',#8535);
#1667=VERTEX_POINT('',#8657);
#1668=VERTEX_POINT('',#8659);
#1669=VERTEX_POINT('',#8752);
#1670=VERTEX_POINT('',#8766);
#1671=VERTEX_POINT('',#8768);
#1672=VERTEX_POINT('',#8780);
#1673=VERTEX_POINT('',#9002);
#1674=VERTEX_POINT('',#9004);
#1675=VERTEX_POINT('',#9050);
#1676=VERTEX_POINT('',#9113);
#1677=EDGE_CURVE('',#1333,#1334,#1087,.T.);
#1678=EDGE_CURVE('',#1334,#1333,#1088,.T.);
#1679=EDGE_CURVE('',#1333,#1335,#1089,.T.);
#1680=EDGE_CURVE('',#1335,#1335,#1090,.T.);
#1681=EDGE_CURVE('',#1336,#1337,#1091,.T.);
#1682=EDGE_CURVE('',#1336,#1334,#294,.T.);
#1683=EDGE_CURVE('',#1337,#1336,#1092,.T.);
#1684=EDGE_CURVE('',#1338,#1339,#136,.T.);
#1685=EDGE_CURVE('',#1340,#1338,#137,.T.);
#1686=EDGE_CURVE('',#1341,#1340,#138,.T.);
#1687=EDGE_CURVE('',#1339,#1341,#139,.T.);
#1688=EDGE_CURVE('',#1342,#1343,#140,.T.);
#1689=EDGE_CURVE('',#1344,#1342,#141,.T.);
#1690=EDGE_CURVE('',#1345,#1344,#142,.T.);
#1691=EDGE_CURVE('',#1343,#1345,#143,.T.);
#1692=EDGE_CURVE('',#1346,#1347,#1093,.T.);
#1693=EDGE_CURVE('',#1346,#1348,#1094,.T.);
#1694=EDGE_CURVE('',#1348,#1349,#1095,.F.);
#1695=EDGE_CURVE('',#1349,#1350,#295,.T.);
#1696=EDGE_CURVE('',#1351,#1350,#1096,.T.);
#1697=EDGE_CURVE('',#1351,#1352,#296,.T.);
#1698=EDGE_CURVE('',#1353,#1352,#1097,.T.);
#1699=EDGE_CURVE('',#1353,#1354,#1098,.T.);
#1700=EDGE_CURVE('',#1354,#1355,#1099,.F.);
#1701=EDGE_CURVE('',#1356,#1355,#297,.T.);
#1702=EDGE_CURVE('',#1357,#1356,#1100,.T.);
#1703=EDGE_CURVE('',#1347,#1357,#298,.T.);
#1704=EDGE_CURVE('',#1358,#1359,#144,.T.);
#1705=EDGE_CURVE('',#1360,#1358,#145,.T.);
#1706=EDGE_CURVE('',#1361,#1360,#146,.T.);
#1707=EDGE_CURVE('',#1362,#1361,#147,.T.);
#1708=EDGE_CURVE('',#1363,#1362,#148,.T.);
#1709=EDGE_CURVE('',#1364,#1363,#149,.T.);
#1710=EDGE_CURVE('',#1365,#1364,#150,.T.);
#1711=EDGE_CURVE('',#1366,#1365,#151,.T.);
#1712=EDGE_CURVE('',#1367,#1366,#152,.T.);
#1713=EDGE_CURVE('',#1368,#1367,#153,.T.);
#1714=EDGE_CURVE('',#1369,#1368,#154,.T.);
#1715=EDGE_CURVE('',#1370,#1369,#155,.T.);
#1716=EDGE_CURVE('',#1371,#1370,#156,.T.);
#1717=EDGE_CURVE('',#1372,#1371,#157,.T.);
#1718=EDGE_CURVE('',#1373,#1372,#158,.T.);
#1719=EDGE_CURVE('',#1374,#1373,#159,.T.);
#1720=EDGE_CURVE('',#1375,#1374,#160,.T.);
#1721=EDGE_CURVE('',#1376,#1375,#161,.T.);
#1722=EDGE_CURVE('',#1359,#1376,#162,.T.);
#1723=EDGE_CURVE('',#1377,#1378,#163,.T.);
#1724=EDGE_CURVE('',#1379,#1377,#164,.T.);
#1725=EDGE_CURVE('',#1380,#1379,#165,.T.);
#1726=EDGE_CURVE('',#1381,#1380,#166,.T.);
#1727=EDGE_CURVE('',#1382,#1381,#167,.T.);
#1728=EDGE_CURVE('',#1383,#1382,#168,.T.);
#1729=EDGE_CURVE('',#1384,#1383,#169,.T.);
#1730=EDGE_CURVE('',#1385,#1384,#170,.T.);
#1731=EDGE_CURVE('',#1386,#1385,#171,.T.);
#1732=EDGE_CURVE('',#1387,#1386,#172,.T.);
#1733=EDGE_CURVE('',#1388,#1387,#173,.T.);
#1734=EDGE_CURVE('',#1389,#1388,#174,.T.);
#1735=EDGE_CURVE('',#1390,#1389,#175,.T.);
#1736=EDGE_CURVE('',#1391,#1390,#176,.T.);
#1737=EDGE_CURVE('',#1392,#1391,#177,.T.);
#1738=EDGE_CURVE('',#1393,#1392,#178,.T.);
#1739=EDGE_CURVE('',#1394,#1393,#179,.T.);
#1740=EDGE_CURVE('',#1395,#1394,#180,.T.);
#1741=EDGE_CURVE('',#1378,#1395,#181,.T.);
#1742=EDGE_CURVE('',#1396,#1397,#182,.T.);
#1743=EDGE_CURVE('',#1397,#1396,#1101,.T.);
#1744=EDGE_CURVE('',#1397,#1398,#183,.T.);
#1745=EDGE_CURVE('',#1399,#1398,#1102,.T.);
#1746=EDGE_CURVE('',#1399,#1396,#184,.T.);
#1747=EDGE_CURVE('',#1400,#1401,#185,.T.);
#1748=EDGE_CURVE('',#1402,#1401,#1103,.T.);
#1749=EDGE_CURVE('',#1402,#1403,#186,.T.);
#1750=EDGE_CURVE('',#1400,#1403,#1104,.T.);
#1751=EDGE_CURVE('',#1403,#1400,#187,.T.);
#1752=EDGE_CURVE('',#1404,#1404,#1105,.T.);
#1753=EDGE_CURVE('',#1404,#1405,#299,.T.);
#1754=EDGE_CURVE('',#1405,#1401,#1106,.F.);
#1755=EDGE_CURVE('',#1402,#1405,#1107,.F.);
#1756=EDGE_CURVE('',#1406,#1406,#1108,.T.);
#1757=EDGE_CURVE('',#1406,#1407,#300,.T.);
#1758=EDGE_CURVE('',#1407,#1398,#1109,.F.);
#1759=EDGE_CURVE('',#1399,#1407,#1110,.F.);
#1760=EDGE_CURVE('',#1408,#1409,#301,.T.);
#1761=EDGE_CURVE('',#1409,#1410,#1111,.T.);
#1762=EDGE_CURVE('',#1410,#1411,#302,.T.);
#1763=EDGE_CURVE('',#1411,#1408,#1112,.T.);
#1764=EDGE_CURVE('',#1410,#1412,#1113,.T.);
#1765=EDGE_CURVE('',#1412,#1413,#303,.T.);
#1766=EDGE_CURVE('',#1413,#1411,#1114,.T.);
#1767=EDGE_CURVE('',#1414,#1415,#304,.T.);
#1768=EDGE_CURVE('',#1415,#1409,#1115,.T.);
#1769=EDGE_CURVE('',#1408,#1414,#1116,.T.);
#1770=EDGE_CURVE('',#1416,#1417,#101,.T.);
#1771=EDGE_CURVE('',#1417,#1413,#305,.T.);
#1772=EDGE_CURVE('',#1412,#1416,#306,.T.);
#1773=EDGE_CURVE('',#1418,#1419,#102,.T.);
#1774=EDGE_CURVE('',#1419,#1415,#307,.T.);
#1775=EDGE_CURVE('',#1414,#1418,#308,.T.);
#1776=EDGE_CURVE('',#1420,#1421,#1117,.T.);
#1777=EDGE_CURVE('',#1422,#1420,#1118,.T.);
#1778=EDGE_CURVE('',#1423,#1422,#1119,.T.);
#1779=EDGE_CURVE('',#1424,#1423,#1120,.T.);
#1780=EDGE_CURVE('',#1425,#1424,#1121,.T.);
#1781=EDGE_CURVE('',#1426,#1425,#1122,.T.);
#1782=EDGE_CURVE('',#1427,#1426,#1123,.T.);
#1783=EDGE_CURVE('',#1428,#1427,#1124,.T.);
#1784=EDGE_CURVE('',#1429,#1428,#1125,.T.);
#1785=EDGE_CURVE('',#1430,#1429,#1126,.T.);
#1786=EDGE_CURVE('',#1431,#1430,#1127,.T.);
#1787=EDGE_CURVE('',#1432,#1431,#1128,.T.);
#1788=EDGE_CURVE('',#1433,#1432,#1129,.T.);
#1789=EDGE_CURVE('',#1434,#1433,#1130,.T.);
#1790=EDGE_CURVE('',#1435,#1434,#1131,.T.);
#1791=EDGE_CURVE('',#1436,#1435,#1132,.T.);
#1792=EDGE_CURVE('',#1437,#1436,#1133,.T.);
#1793=EDGE_CURVE('',#1438,#1437,#1134,.T.);
#1794=EDGE_CURVE('',#1439,#1438,#1135,.T.);
#1795=EDGE_CURVE('',#1440,#1439,#1136,.T.);
#1796=EDGE_CURVE('',#1441,#1440,#1137,.T.);
#1797=EDGE_CURVE('',#1421,#1441,#1138,.T.);
#1798=EDGE_CURVE('',#1442,#1417,#1139,.T.);
#1799=EDGE_CURVE('',#1443,#1442,#309,.T.);
#1800=EDGE_CURVE('',#1444,#1443,#1140,.T.);
#1801=EDGE_CURVE('',#1445,#1444,#1141,.T.);
#1802=EDGE_CURVE('',#1446,#1445,#1142,.T.);
#1803=EDGE_CURVE('',#1447,#1446,#310,.T.);
#1804=EDGE_CURVE('',#1447,#1418,#1143,.T.);
#1805=EDGE_CURVE('',#1448,#1449,#1144,.T.);
#1806=EDGE_CURVE('',#1450,#1448,#1145,.T.);
#1807=EDGE_CURVE('',#1451,#1450,#1146,.T.);
#1808=EDGE_CURVE('',#1449,#1451,#1147,.T.);
#1809=EDGE_CURVE('',#1452,#1453,#1148,.T.);
#1810=EDGE_CURVE('',#1454,#1452,#1149,.T.);
#1811=EDGE_CURVE('',#1455,#1454,#1150,.T.);
#1812=EDGE_CURVE('',#1453,#1455,#1151,.T.);
#1813=EDGE_CURVE('',#1456,#1457,#1152,.T.);
#1814=EDGE_CURVE('',#1458,#1456,#1153,.T.);
#1815=EDGE_CURVE('',#1459,#1458,#1154,.T.);
#1816=EDGE_CURVE('',#1457,#1459,#1155,.T.);
#1817=EDGE_CURVE('',#1460,#1461,#1156,.T.);
#1818=EDGE_CURVE('',#1462,#1460,#1157,.T.);
#1819=EDGE_CURVE('',#1463,#1462,#1158,.T.);
#1820=EDGE_CURVE('',#1461,#1463,#1159,.T.);
#1821=EDGE_CURVE('',#1464,#1465,#1160,.T.);
#1822=EDGE_CURVE('',#1466,#1464,#1161,.T.);
#1823=EDGE_CURVE('',#1467,#1466,#1162,.T.);
#1824=EDGE_CURVE('',#1465,#1467,#1163,.T.);
#1825=EDGE_CURVE('',#1468,#1469,#1164,.T.);
#1826=EDGE_CURVE('',#1470,#1468,#1165,.T.);
#1827=EDGE_CURVE('',#1471,#1470,#1166,.T.);
#1828=EDGE_CURVE('',#1469,#1471,#1167,.T.);
#1829=EDGE_CURVE('',#1472,#1473,#1168,.T.);
#1830=EDGE_CURVE('',#1474,#1472,#1169,.T.);
#1831=EDGE_CURVE('',#1475,#1474,#1170,.T.);
#1832=EDGE_CURVE('',#1473,#1475,#1171,.T.);
#1833=EDGE_CURVE('',#1476,#1477,#1172,.T.);
#1834=EDGE_CURVE('',#1478,#1476,#1173,.T.);
#1835=EDGE_CURVE('',#1479,#1478,#1174,.T.);
#1836=EDGE_CURVE('',#1477,#1479,#1175,.T.);
#1837=EDGE_CURVE('',#1357,#1416,#311,.T.);
#1838=EDGE_CURVE('',#1480,#1356,#312,.T.);
#1839=EDGE_CURVE('',#1442,#1480,#103,.T.);
#1840=EDGE_CURVE('',#1481,#1482,#313,.T.);
#1841=EDGE_CURVE('',#1482,#1483,#1176,.T.);
#1842=EDGE_CURVE('',#1483,#1484,#314,.T.);
#1843=EDGE_CURVE('',#1484,#1481,#1177,.T.);
#1844=EDGE_CURVE('',#1444,#1485,#315,.T.);
#1845=EDGE_CURVE('',#1485,#1486,#1178,.T.);
#1846=EDGE_CURVE('',#1486,#1445,#316,.T.);
#1847=EDGE_CURVE('',#1486,#1487,#1179,.T.);
#1848=EDGE_CURVE('',#1487,#1446,#317,.T.);
#1849=EDGE_CURVE('',#1443,#1488,#318,.T.);
#1850=EDGE_CURVE('',#1488,#1485,#1180,.T.);
#1851=EDGE_CURVE('',#1489,#1447,#104,.T.);
#1852=EDGE_CURVE('',#1487,#1489,#319,.T.);
#1853=EDGE_CURVE('',#1480,#1488,#320,.T.);
#1854=EDGE_CURVE('',#1488,#1355,#321,.T.);
#1855=EDGE_CURVE('',#1354,#1485,#322,.T.);
#1856=EDGE_CURVE('',#1415,#1349,#323,.T.);
#1857=EDGE_CURVE('',#1348,#1409,#324,.T.);
#1858=EDGE_CURVE('',#1486,#1353,#325,.T.);
#1859=EDGE_CURVE('',#1352,#1487,#326,.T.);
#1860=EDGE_CURVE('',#1351,#1489,#327,.T.);
#1861=EDGE_CURVE('',#1347,#1412,#328,.T.);
#1862=EDGE_CURVE('',#1410,#1346,#329,.T.);
#1863=EDGE_CURVE('',#1350,#1419,#330,.T.);
#1864=EDGE_CURVE('',#1490,#1491,#331,.T.);
#1865=EDGE_CURVE('',#1491,#1492,#332,.T.);
#1866=EDGE_CURVE('',#1493,#1492,#333,.T.);
#1867=EDGE_CURVE('',#1490,#1493,#334,.T.);
#1868=EDGE_CURVE('',#1483,#1490,#335,.T.);
#1869=EDGE_CURVE('',#1484,#1493,#336,.T.);
#1870=EDGE_CURVE('',#1491,#1482,#337,.T.);
#1871=EDGE_CURVE('',#1492,#1481,#338,.T.);
#1872=EDGE_CURVE('',#1436,#1494,#339,.T.);
#1873=EDGE_CURVE('',#1495,#1435,#340,.T.);
#1874=EDGE_CURVE('',#1494,#1495,#1181,.T.);
#1875=EDGE_CURVE('',#1495,#1496,#1182,.T.);
#1876=EDGE_CURVE('',#1496,#1434,#341,.T.);
#1877=EDGE_CURVE('',#1496,#1497,#1183,.T.);
#1878=EDGE_CURVE('',#1497,#1433,#342,.T.);
#1879=EDGE_CURVE('',#1498,#1499,#1184,.T.);
#1880=EDGE_CURVE('',#1498,#1423,#343,.T.);
#1881=EDGE_CURVE('',#1499,#1422,#344,.T.);
#1882=EDGE_CURVE('',#1500,#1498,#1185,.T.);
#1883=EDGE_CURVE('',#1500,#1424,#345,.T.);
#1884=EDGE_CURVE('',#1501,#1500,#1186,.T.);
#1885=EDGE_CURVE('',#1501,#1425,#346,.T.);
#1886=EDGE_CURVE('',#1502,#1441,#347,.T.);
#1887=EDGE_CURVE('',#1502,#1503,#1187,.T.);
#1888=EDGE_CURVE('',#1503,#1504,#1188,.T.);
#1889=EDGE_CURVE('',#1504,#1421,#348,.T.);
#1890=EDGE_CURVE('',#1440,#1505,#349,.T.);
#1891=EDGE_CURVE('',#1505,#1506,#188,.T.);
#1892=EDGE_CURVE('',#1506,#1502,#1189,.T.);
#1893=EDGE_CURVE('',#1426,#1507,#350,.T.);
#1894=EDGE_CURVE('',#1507,#1508,#189,.T.);
#1895=EDGE_CURVE('',#1508,#1509,#1190,.T.);
#1896=EDGE_CURVE('',#1509,#1427,#351,.T.);
#1897=EDGE_CURVE('',#1510,#1439,#352,.T.);
#1898=EDGE_CURVE('',#1511,#1438,#353,.T.);
#1899=EDGE_CURVE('',#1511,#1512,#1191,.T.);
#1900=EDGE_CURVE('',#1513,#1512,#1192,.F.);
#1901=EDGE_CURVE('',#1510,#1513,#190,.F.);
#1902=EDGE_CURVE('',#1514,#1437,#354,.T.);
#1903=EDGE_CURVE('',#1514,#1515,#1193,.T.);
#1904=EDGE_CURVE('',#1515,#1511,#1194,.T.);
#1905=EDGE_CURVE('',#1494,#1516,#1195,.F.);
#1906=EDGE_CURVE('',#1516,#1517,#355,.T.);
#1907=EDGE_CURVE('',#1517,#1518,#191,.T.);
#1908=EDGE_CURVE('',#1518,#1519,#1196,.T.);
#1909=EDGE_CURVE('',#1519,#1514,#1197,.T.);
#1910=EDGE_CURVE('',#1520,#1478,#356,.T.);
#1911=EDGE_CURVE('',#1520,#1521,#1198,.T.);
#1912=EDGE_CURVE('',#1521,#1522,#1199,.T.);
#1913=EDGE_CURVE('',#1522,#1479,#357,.T.);
#1914=EDGE_CURVE('',#1523,#1476,#358,.T.);
#1915=EDGE_CURVE('',#1523,#1520,#1200,.T.);
#1916=EDGE_CURVE('',#1524,#1474,#359,.T.);
#1917=EDGE_CURVE('',#1524,#1525,#1201,.T.);
#1918=EDGE_CURVE('',#1525,#1526,#1202,.T.);
#1919=EDGE_CURVE('',#1526,#1475,#360,.T.);
#1920=EDGE_CURVE('',#1527,#1472,#361,.T.);
#1921=EDGE_CURVE('',#1527,#1528,#1203,.T.);
#1922=EDGE_CURVE('',#1528,#1524,#1204,.T.);
#1923=EDGE_CURVE('',#1529,#1470,#362,.T.);
#1924=EDGE_CURVE('',#1529,#1530,#1205,.T.);
#1925=EDGE_CURVE('',#1530,#1531,#1206,.T.);
#1926=EDGE_CURVE('',#1531,#1471,#363,.T.);
#1927=EDGE_CURVE('',#1532,#1468,#364,.T.);
#1928=EDGE_CURVE('',#1532,#1533,#1207,.T.);
#1929=EDGE_CURVE('',#1533,#1529,#1208,.T.);
#1930=EDGE_CURVE('',#1534,#1466,#365,.T.);
#1931=EDGE_CURVE('',#1534,#1535,#1209,.T.);
#1932=EDGE_CURVE('',#1535,#1536,#1210,.T.);
#1933=EDGE_CURVE('',#1536,#1467,#366,.T.);
#1934=EDGE_CURVE('',#1537,#1464,#367,.T.);
#1935=EDGE_CURVE('',#1537,#1534,#1211,.T.);
#1936=EDGE_CURVE('',#1538,#1462,#368,.T.);
#1937=EDGE_CURVE('',#1538,#1539,#1212,.T.);
#1938=EDGE_CURVE('',#1539,#1540,#1213,.T.);
#1939=EDGE_CURVE('',#1540,#1463,#369,.T.);
#1940=EDGE_CURVE('',#1541,#1460,#370,.T.);
#1941=EDGE_CURVE('',#1541,#1538,#1214,.T.);
#1942=EDGE_CURVE('',#1542,#1458,#371,.T.);
#1943=EDGE_CURVE('',#1542,#1543,#1215,.T.);
#1944=EDGE_CURVE('',#1543,#1544,#1216,.T.);
#1945=EDGE_CURVE('',#1544,#1459,#372,.T.);
#1946=EDGE_CURVE('',#1545,#1456,#373,.T.);
#1947=EDGE_CURVE('',#1545,#1542,#1217,.T.);
#1948=EDGE_CURVE('',#1546,#1454,#374,.T.);
#1949=EDGE_CURVE('',#1546,#1547,#1218,.T.);
#1950=EDGE_CURVE('',#1547,#1548,#1219,.T.);
#1951=EDGE_CURVE('',#1548,#1455,#375,.T.);
#1952=EDGE_CURVE('',#1549,#1452,#376,.T.);
#1953=EDGE_CURVE('',#1549,#1550,#1220,.T.);
#1954=EDGE_CURVE('',#1550,#1546,#1221,.T.);
#1955=EDGE_CURVE('',#1551,#1450,#377,.T.);
#1956=EDGE_CURVE('',#1551,#1552,#1222,.T.);
#1957=EDGE_CURVE('',#1552,#1553,#1223,.T.);
#1958=EDGE_CURVE('',#1553,#1451,#378,.T.);
#1959=EDGE_CURVE('',#1554,#1448,#379,.T.);
#1960=EDGE_CURVE('',#1554,#1555,#1224,.T.);
#1961=EDGE_CURVE('',#1555,#1551,#1225,.T.);
#1962=EDGE_CURVE('',#1556,#1557,#192,.F.);
#1963=EDGE_CURVE('',#1557,#1558,#193,.T.);
#1964=EDGE_CURVE('',#1558,#1506,#194,.F.);
#1965=EDGE_CURVE('',#1505,#1559,#195,.T.);
#1966=EDGE_CURVE('',#1559,#1556,#196,.F.);
#1967=EDGE_CURVE('',#1560,#1510,#197,.T.);
#1968=EDGE_CURVE('',#1517,#1560,#198,.T.);
#1969=EDGE_CURVE('',#1499,#1516,#1226,.T.);
#1970=EDGE_CURVE('',#1559,#1420,#380,.T.);
#1971=EDGE_CURVE('',#1561,#1513,#199,.T.);
#1972=EDGE_CURVE('',#1561,#1562,#200,.T.);
#1973=EDGE_CURVE('',#1518,#1562,#201,.T.);
#1974=EDGE_CURVE('',#1562,#1557,#1227,.T.);
#1975=EDGE_CURVE('',#1558,#1561,#1228,.T.);
#1976=EDGE_CURVE('',#1507,#1563,#202,.T.);
#1977=EDGE_CURVE('',#1563,#1564,#203,.F.);
#1978=EDGE_CURVE('',#1565,#1564,#204,.T.);
#1979=EDGE_CURVE('',#1565,#1566,#205,.T.);
#1980=EDGE_CURVE('',#1508,#1566,#206,.T.);
#1981=EDGE_CURVE('',#1567,#1565,#1229,.T.);
#1982=EDGE_CURVE('',#1568,#1567,#207,.T.);
#1983=EDGE_CURVE('',#1566,#1568,#1230,.T.);
#1984=EDGE_CURVE('',#1569,#1568,#208,.F.);
#1985=EDGE_CURVE('',#1567,#1570,#209,.F.);
#1986=EDGE_CURVE('',#1571,#1570,#210,.T.);
#1987=EDGE_CURVE('',#1571,#1572,#211,.T.);
#1988=EDGE_CURVE('',#1572,#1573,#212,.T.);
#1989=EDGE_CURVE('',#1573,#1569,#213,.F.);
#1990=EDGE_CURVE('',#1570,#1574,#1231,.T.);
#1991=EDGE_CURVE('',#1564,#1575,#1232,.F.);
#1992=EDGE_CURVE('',#1575,#1576,#381,.T.);
#1993=EDGE_CURVE('',#1577,#1576,#214,.T.);
#1994=EDGE_CURVE('',#1577,#1578,#382,.T.);
#1995=EDGE_CURVE('',#1574,#1578,#1233,.T.);
#1996=EDGE_CURVE('',#1575,#1428,#383,.T.);
#1997=EDGE_CURVE('',#1563,#1429,#384,.T.);
#1998=EDGE_CURVE('',#1579,#1432,#385,.T.);
#1999=EDGE_CURVE('',#1579,#1580,#1234,.T.);
#2000=EDGE_CURVE('',#1569,#1580,#1235,.T.);
#2001=EDGE_CURVE('',#1573,#1581,#386,.T.);
#2002=EDGE_CURVE('',#1581,#1497,#1236,.F.);
#2003=EDGE_CURVE('',#1582,#1511,#387,.T.);
#2004=EDGE_CURVE('',#1583,#1582,#215,.T.);
#2005=EDGE_CURVE('',#1502,#1583,#388,.T.);
#2006=EDGE_CURVE('',#1556,#1504,#1237,.T.);
#2007=EDGE_CURVE('',#1584,#1585,#1238,.T.);
#2008=EDGE_CURVE('',#1586,#1584,#389,.T.);
#2009=EDGE_CURVE('',#1587,#1586,#216,.T.);
#2010=EDGE_CURVE('',#1587,#1585,#390,.T.);
#2011=EDGE_CURVE('',#1588,#1589,#1239,.T.);
#2012=EDGE_CURVE('',#1590,#1588,#391,.T.);
#2013=EDGE_CURVE('',#1591,#1590,#217,.T.);
#2014=EDGE_CURVE('',#1589,#1591,#392,.T.);
#2015=EDGE_CURVE('',#1586,#1592,#1240,.F.);
#2016=EDGE_CURVE('',#1592,#1593,#218,.T.);
#2017=EDGE_CURVE('',#1587,#1593,#1241,.F.);
#2018=EDGE_CURVE('',#1594,#1590,#1242,.F.);
#2019=EDGE_CURVE('',#1594,#1595,#15,.F.);
#2020=EDGE_CURVE('',#1595,#1591,#1243,.F.);
#2021=EDGE_CURVE('',#1584,#1596,#1244,.T.);
#2022=EDGE_CURVE('',#1596,#1592,#393,.T.);
#2023=EDGE_CURVE('',#1595,#1597,#394,.T.);
#2024=EDGE_CURVE('',#1597,#1589,#1245,.T.);
#2025=EDGE_CURVE('',#1581,#1501,#1246,.T.);
#2026=EDGE_CURVE('',#1430,#1571,#395,.T.);
#2027=EDGE_CURVE('',#1598,#1599,#1247,.T.);
#2028=EDGE_CURVE('',#1600,#1598,#396,.T.);
#2029=EDGE_CURVE('',#1601,#1600,#219,.T.);
#2030=EDGE_CURVE('',#1601,#1599,#397,.T.);
#2031=EDGE_CURVE('',#1602,#1596,#1248,.T.);
#2032=EDGE_CURVE('',#1593,#1602,#398,.T.);
#2033=EDGE_CURVE('',#1598,#1603,#1249,.T.);
#2034=EDGE_CURVE('',#1603,#1604,#399,.T.);
#2035=EDGE_CURVE('',#1600,#1604,#1250,.F.);
#2036=EDGE_CURVE('',#1604,#1605,#16,.F.);
#2037=EDGE_CURVE('',#1601,#1605,#1251,.F.);
#2038=EDGE_CURVE('',#1606,#1606,#1252,.T.);
#2039=EDGE_CURVE('',#1606,#1607,#400,.T.);
#2040=EDGE_CURVE('',#1585,#1607,#1253,.T.);
#2041=EDGE_CURVE('',#1599,#1602,#1254,.T.);
#2042=EDGE_CURVE('',#1608,#1605,#401,.T.);
#2043=EDGE_CURVE('',#1608,#1609,#1255,.T.);
#2044=EDGE_CURVE('',#1594,#1609,#402,.T.);
#2045=EDGE_CURVE('',#1607,#1588,#1256,.T.);
#2046=EDGE_CURVE('',#1578,#1431,#403,.T.);
#2047=EDGE_CURVE('',#1610,#1611,#1257,.T.);
#2048=EDGE_CURVE('',#1609,#1610,#404,.T.);
#2049=EDGE_CURVE('',#1611,#1608,#405,.T.);
#2050=EDGE_CURVE('',#1597,#1610,#406,.F.);
#2051=EDGE_CURVE('',#1611,#1603,#407,.F.);
#2052=EDGE_CURVE('',#1337,#1612,#1258,.T.);
#2053=EDGE_CURVE('',#1612,#1610,#1259,.T.);
#2054=EDGE_CURVE('',#1611,#1612,#1260,.T.);
#2055=EDGE_CURVE('',#1613,#1477,#408,.T.);
#2056=EDGE_CURVE('',#1613,#1614,#1261,.T.);
#2057=EDGE_CURVE('',#1614,#1523,#1262,.T.);
#2058=EDGE_CURVE('',#1522,#1613,#1263,.T.);
#2059=EDGE_CURVE('',#1615,#1473,#409,.T.);
#2060=EDGE_CURVE('',#1615,#1616,#1264,.T.);
#2061=EDGE_CURVE('',#1616,#1527,#1265,.T.);
#2062=EDGE_CURVE('',#1526,#1617,#1266,.T.);
#2063=EDGE_CURVE('',#1617,#1615,#1267,.T.);
#2064=EDGE_CURVE('',#1618,#1469,#410,.T.);
#2065=EDGE_CURVE('',#1618,#1619,#1268,.T.);
#2066=EDGE_CURVE('',#1619,#1532,#1269,.T.);
#2067=EDGE_CURVE('',#1531,#1620,#1270,.T.);
#2068=EDGE_CURVE('',#1620,#1618,#1271,.T.);
#2069=EDGE_CURVE('',#1621,#1465,#411,.T.);
#2070=EDGE_CURVE('',#1621,#1622,#1272,.T.);
#2071=EDGE_CURVE('',#1622,#1537,#1273,.T.);
#2072=EDGE_CURVE('',#1536,#1621,#1274,.T.);
#2073=EDGE_CURVE('',#1623,#1461,#412,.T.);
#2074=EDGE_CURVE('',#1623,#1624,#1275,.T.);
#2075=EDGE_CURVE('',#1624,#1541,#1276,.T.);
#2076=EDGE_CURVE('',#1540,#1623,#1277,.T.);
#2077=EDGE_CURVE('',#1625,#1457,#413,.T.);
#2078=EDGE_CURVE('',#1625,#1626,#1278,.T.);
#2079=EDGE_CURVE('',#1626,#1545,#1279,.T.);
#2080=EDGE_CURVE('',#1544,#1625,#1280,.T.);
#2081=EDGE_CURVE('',#1627,#1453,#414,.T.);
#2082=EDGE_CURVE('',#1627,#1628,#1281,.T.);
#2083=EDGE_CURVE('',#1628,#1549,#1282,.T.);
#2084=EDGE_CURVE('',#1548,#1629,#1283,.T.);
#2085=EDGE_CURVE('',#1629,#1627,#1284,.T.);
#2086=EDGE_CURVE('',#1630,#1449,#415,.T.);
#2087=EDGE_CURVE('',#1630,#1631,#1285,.T.);
#2088=EDGE_CURVE('',#1631,#1554,#1286,.T.);
#2089=EDGE_CURVE('',#1553,#1632,#1287,.T.);
#2090=EDGE_CURVE('',#1632,#1630,#1288,.T.);
#2091=EDGE_CURVE('',#1582,#1342,#1289,.T.);
#2092=EDGE_CURVE('',#1343,#1583,#1290,.T.);
#2093=EDGE_CURVE('',#1633,#1344,#1291,.T.);
#2094=EDGE_CURVE('',#1582,#1633,#220,.T.);
#2095=EDGE_CURVE('',#1634,#1345,#1292,.T.);
#2096=EDGE_CURVE('',#1633,#1634,#221,.T.);
#2097=EDGE_CURVE('',#1634,#1583,#222,.T.);
#2098=EDGE_CURVE('',#1514,#1633,#416,.T.);
#2099=EDGE_CURVE('',#1635,#1380,#223,.T.);
#2100=EDGE_CURVE('',#1379,#1636,#1293,.T.);
#2101=EDGE_CURVE('',#1636,#1637,#224,.T.);
#2102=EDGE_CURVE('',#1637,#1395,#1294,.T.);
#2103=EDGE_CURVE('',#1394,#1635,#225,.T.);
#2104=EDGE_CURVE('',#1638,#1378,#1295,.T.);
#2105=EDGE_CURVE('',#1637,#1638,#226,.T.);
#2106=EDGE_CURVE('',#1639,#1377,#1296,.T.);
#2107=EDGE_CURVE('',#1638,#1639,#227,.T.);
#2108=EDGE_CURVE('',#1639,#1636,#228,.T.);
#2109=EDGE_CURVE('',#1640,#1635,#1297,.T.);
#2110=EDGE_CURVE('',#1640,#1641,#229,.T.);
#2111=EDGE_CURVE('',#1381,#1641,#1298,.T.);
#2112=EDGE_CURVE('',#1642,#1393,#1299,.T.);
#2113=EDGE_CURVE('',#1642,#1640,#230,.T.);
#2114=EDGE_CURVE('',#1637,#1554,#417,.T.);
#2115=EDGE_CURVE('',#1630,#1638,#418,.T.);
#2116=EDGE_CURVE('',#1551,#1636,#419,.T.);
#2117=EDGE_CURVE('',#1391,#1382,#231,.T.);
#2118=EDGE_CURVE('',#1641,#1643,#232,.T.);
#2119=EDGE_CURVE('',#1643,#1392,#1300,.T.);
#2120=EDGE_CURVE('',#1643,#1642,#233,.T.);
#2121=EDGE_CURVE('',#1390,#1644,#1301,.T.);
#2122=EDGE_CURVE('',#1644,#1645,#234,.T.);
#2123=EDGE_CURVE('',#1645,#1383,#1302,.T.);
#2124=EDGE_CURVE('',#1643,#1549,#420,.T.);
#2125=EDGE_CURVE('',#1627,#1642,#421,.T.);
#2126=EDGE_CURVE('',#1546,#1641,#422,.T.);
#2127=EDGE_CURVE('',#1578,#1646,#1303,.T.);
#2128=EDGE_CURVE('',#1646,#1579,#1304,.T.);
#2129=EDGE_CURVE('',#1509,#1647,#1305,.T.);
#2130=EDGE_CURVE('',#1647,#1575,#1306,.T.);
#2131=EDGE_CURVE('',#1648,#1384,#1307,.T.);
#2132=EDGE_CURVE('',#1645,#1648,#235,.T.);
#2133=EDGE_CURVE('',#1649,#1385,#236,.T.);
#2134=EDGE_CURVE('',#1648,#1650,#237,.T.);
#2135=EDGE_CURVE('',#1650,#1389,#1308,.T.);
#2136=EDGE_CURVE('',#1388,#1651,#238,.T.);
#2137=EDGE_CURVE('',#1651,#1649,#239,.T.);
#2138=EDGE_CURVE('',#1650,#1644,#240,.T.);
#2139=EDGE_CURVE('',#1645,#1544,#423,.T.);
#2140=EDGE_CURVE('',#1542,#1648,#424,.T.);
#2141=EDGE_CURVE('',#1625,#1644,#425,.T.);
#2142=EDGE_CURVE('',#1652,#1649,#1309,.T.);
#2143=EDGE_CURVE('',#1652,#1653,#241,.T.);
#2144=EDGE_CURVE('',#1653,#1386,#1310,.T.);
#2145=EDGE_CURVE('',#1651,#1654,#1311,.T.);
#2146=EDGE_CURVE('',#1654,#1652,#242,.T.);
#2147=EDGE_CURVE('',#1655,#1387,#1312,.T.);
#2148=EDGE_CURVE('',#1653,#1655,#243,.T.);
#2149=EDGE_CURVE('',#1655,#1654,#244,.T.);
#2150=EDGE_CURVE('',#1652,#1537,#426,.T.);
#2151=EDGE_CURVE('',#1621,#1653,#427,.T.);
#2152=EDGE_CURVE('',#1534,#1654,#428,.T.);
#2153=EDGE_CURVE('',#1576,#1338,#1313,.T.);
#2154=EDGE_CURVE('',#1339,#1577,#1314,.T.);
#2155=EDGE_CURVE('',#1656,#1340,#1315,.T.);
#2156=EDGE_CURVE('',#1576,#1656,#245,.T.);
#2157=EDGE_CURVE('',#1657,#1341,#1316,.T.);
#2158=EDGE_CURVE('',#1656,#1657,#246,.T.);
#2159=EDGE_CURVE('',#1657,#1577,#247,.T.);
#2160=EDGE_CURVE('',#1656,#1509,#429,.T.);
#2161=EDGE_CURVE('',#1658,#1361,#248,.T.);
#2162=EDGE_CURVE('',#1360,#1659,#1317,.T.);
#2163=EDGE_CURVE('',#1659,#1660,#249,.T.);
#2164=EDGE_CURVE('',#1660,#1376,#1318,.T.);
#2165=EDGE_CURVE('',#1375,#1658,#250,.T.);
#2166=EDGE_CURVE('',#1661,#1359,#1319,.T.);
#2167=EDGE_CURVE('',#1660,#1661,#251,.T.);
#2168=EDGE_CURVE('',#1662,#1358,#1320,.T.);
#2169=EDGE_CURVE('',#1661,#1662,#252,.T.);
#2170=EDGE_CURVE('',#1662,#1659,#253,.T.);
#2171=EDGE_CURVE('',#1663,#1658,#1321,.T.);
#2172=EDGE_CURVE('',#1663,#1664,#254,.T.);
#2173=EDGE_CURVE('',#1664,#1362,#1322,.T.);
#2174=EDGE_CURVE('',#1665,#1374,#1323,.T.);
#2175=EDGE_CURVE('',#1665,#1663,#255,.T.);
#2176=EDGE_CURVE('',#1532,#1660,#430,.T.);
#2177=EDGE_CURVE('',#1661,#1618,#431,.T.);
#2178=EDGE_CURVE('',#1659,#1529,#432,.T.);
#2179=EDGE_CURVE('',#1373,#1364,#256,.T.);
#2180=EDGE_CURVE('',#1363,#1666,#1324,.T.);
#2181=EDGE_CURVE('',#1666,#1665,#257,.T.);
#2182=EDGE_CURVE('',#1664,#1666,#258,.T.);
#2183=EDGE_CURVE('',#1667,#1372,#1325,.T.);
#2184=EDGE_CURVE('',#1667,#1668,#259,.T.);
#2185=EDGE_CURVE('',#1668,#1365,#1326,.T.);
#2186=EDGE_CURVE('',#1527,#1665,#433,.T.);
#2187=EDGE_CURVE('',#1663,#1615,#434,.T.);
#2188=EDGE_CURVE('',#1666,#1524,#435,.T.);
#2189=EDGE_CURVE('',#1669,#1367,#260,.T.);
#2190=EDGE_CURVE('',#1366,#1670,#1327,.T.);
#2191=EDGE_CURVE('',#1670,#1671,#261,.T.);
#2192=EDGE_CURVE('',#1671,#1371,#1328,.T.);
#2193=EDGE_CURVE('',#1370,#1672,#262,.T.);
#2194=EDGE_CURVE('',#1672,#1669,#263,.T.);
#2195=EDGE_CURVE('',#1671,#1667,#264,.T.);
#2196=EDGE_CURVE('',#1668,#1670,#265,.T.);
#2197=EDGE_CURVE('',#1673,#1669,#1329,.T.);
#2198=EDGE_CURVE('',#1673,#1674,#266,.T.);
#2199=EDGE_CURVE('',#1368,#1674,#1330,.T.);
#2200=EDGE_CURVE('',#1675,#1672,#1331,.T.);
#2201=EDGE_CURVE('',#1675,#1673,#267,.T.);
#2202=EDGE_CURVE('',#1676,#1369,#1332,.T.);
#2203=EDGE_CURVE('',#1676,#1675,#268,.T.);
#2204=EDGE_CURVE('',#1523,#1671,#436,.T.);
#2205=EDGE_CURVE('',#1667,#1613,#437,.T.);
#2206=EDGE_CURVE('',#1670,#1520,#438,.T.);
#2207=EDGE_CURVE('',#1634,#1504,#439,.T.);
#2208=EDGE_CURVE('',#1639,#1553,#440,.T.);
#2209=EDGE_CURVE('',#1640,#1548,#441,.T.);
#2210=EDGE_CURVE('',#1650,#1545,#442,.T.);
#2211=EDGE_CURVE('',#1655,#1536,#443,.T.);
#2212=EDGE_CURVE('',#1674,#1676,#269,.T.);
#2213=EDGE_CURVE('',#1540,#1676,#444,.T.);
#2214=EDGE_CURVE('',#1675,#1538,#445,.T.);
#2215=EDGE_CURVE('',#1674,#1623,#446,.T.);
#2216=EDGE_CURVE('',#1541,#1673,#447,.T.);
#2217=EDGE_CURVE('',#1522,#1668,#448,.T.);
#2218=EDGE_CURVE('',#1526,#1664,#449,.T.);
#2219=EDGE_CURVE('',#1531,#1662,#450,.T.);
#2220=EDGE_CURVE('',#1579,#1657,#451,.T.);
#2221=ORIENTED_EDGE('',*,*,#1677,.T.);
#2222=ORIENTED_EDGE('',*,*,#1678,.T.);
#2223=ORIENTED_EDGE('',*,*,#1679,.T.);
#2224=ORIENTED_EDGE('',*,*,#1680,.T.);
#2225=ORIENTED_EDGE('',*,*,#1679,.F.);
#2226=ORIENTED_EDGE('',*,*,#1681,.F.);
#2227=ORIENTED_EDGE('',*,*,#1682,.T.);
#2228=ORIENTED_EDGE('',*,*,#1677,.F.);
#2229=ORIENTED_EDGE('',*,*,#1678,.F.);
#2230=ORIENTED_EDGE('',*,*,#1682,.F.);
#2231=ORIENTED_EDGE('',*,*,#1683,.F.);
#2232=ORIENTED_EDGE('',*,*,#1680,.F.);
#2233=ORIENTED_EDGE('',*,*,#1684,.F.);
#2234=ORIENTED_EDGE('',*,*,#1685,.F.);
#2235=ORIENTED_EDGE('',*,*,#1686,.F.);
#2236=ORIENTED_EDGE('',*,*,#1687,.F.);
#2237=ORIENTED_EDGE('',*,*,#1688,.F.);
#2238=ORIENTED_EDGE('',*,*,#1689,.F.);
#2239=ORIENTED_EDGE('',*,*,#1690,.F.);
#2240=ORIENTED_EDGE('',*,*,#1691,.F.);
#2241=ORIENTED_EDGE('',*,*,#1692,.F.);
#2242=ORIENTED_EDGE('',*,*,#1693,.T.);
#2243=ORIENTED_EDGE('',*,*,#1694,.T.);
#2244=ORIENTED_EDGE('',*,*,#1695,.T.);
#2245=ORIENTED_EDGE('',*,*,#1696,.F.);
#2246=ORIENTED_EDGE('',*,*,#1697,.T.);
#2247=ORIENTED_EDGE('',*,*,#1698,.F.);
#2248=ORIENTED_EDGE('',*,*,#1699,.T.);
#2249=ORIENTED_EDGE('',*,*,#1700,.T.);
#2250=ORIENTED_EDGE('',*,*,#1701,.F.);
#2251=ORIENTED_EDGE('',*,*,#1702,.F.);
#2252=ORIENTED_EDGE('',*,*,#1703,.F.);
#2253=ORIENTED_EDGE('',*,*,#1704,.F.);
#2254=ORIENTED_EDGE('',*,*,#1705,.F.);
#2255=ORIENTED_EDGE('',*,*,#1706,.F.);
#2256=ORIENTED_EDGE('',*,*,#1707,.F.);
#2257=ORIENTED_EDGE('',*,*,#1708,.F.);
#2258=ORIENTED_EDGE('',*,*,#1709,.F.);
#2259=ORIENTED_EDGE('',*,*,#1710,.F.);
#2260=ORIENTED_EDGE('',*,*,#1711,.F.);
#2261=ORIENTED_EDGE('',*,*,#1712,.F.);
#2262=ORIENTED_EDGE('',*,*,#1713,.F.);
#2263=ORIENTED_EDGE('',*,*,#1714,.F.);
#2264=ORIENTED_EDGE('',*,*,#1715,.F.);
#2265=ORIENTED_EDGE('',*,*,#1716,.F.);
#2266=ORIENTED_EDGE('',*,*,#1717,.F.);
#2267=ORIENTED_EDGE('',*,*,#1718,.F.);
#2268=ORIENTED_EDGE('',*,*,#1719,.F.);
#2269=ORIENTED_EDGE('',*,*,#1720,.F.);
#2270=ORIENTED_EDGE('',*,*,#1721,.F.);
#2271=ORIENTED_EDGE('',*,*,#1722,.F.);
#2272=ORIENTED_EDGE('',*,*,#1723,.F.);
#2273=ORIENTED_EDGE('',*,*,#1724,.F.);
#2274=ORIENTED_EDGE('',*,*,#1725,.F.);
#2275=ORIENTED_EDGE('',*,*,#1726,.F.);
#2276=ORIENTED_EDGE('',*,*,#1727,.F.);
#2277=ORIENTED_EDGE('',*,*,#1728,.F.);
#2278=ORIENTED_EDGE('',*,*,#1729,.F.);
#2279=ORIENTED_EDGE('',*,*,#1730,.F.);
#2280=ORIENTED_EDGE('',*,*,#1731,.F.);
#2281=ORIENTED_EDGE('',*,*,#1732,.F.);
#2282=ORIENTED_EDGE('',*,*,#1733,.F.);
#2283=ORIENTED_EDGE('',*,*,#1734,.F.);
#2284=ORIENTED_EDGE('',*,*,#1735,.F.);
#2285=ORIENTED_EDGE('',*,*,#1736,.F.);
#2286=ORIENTED_EDGE('',*,*,#1737,.F.);
#2287=ORIENTED_EDGE('',*,*,#1738,.F.);
#2288=ORIENTED_EDGE('',*,*,#1739,.F.);
#2289=ORIENTED_EDGE('',*,*,#1740,.F.);
#2290=ORIENTED_EDGE('',*,*,#1741,.F.);
#2291=ORIENTED_EDGE('',*,*,#1742,.T.);
#2292=ORIENTED_EDGE('',*,*,#1743,.T.);
#2293=ORIENTED_EDGE('',*,*,#1744,.T.);
#2294=ORIENTED_EDGE('',*,*,#1745,.F.);
#2295=ORIENTED_EDGE('',*,*,#1746,.T.);
#2296=ORIENTED_EDGE('',*,*,#1743,.F.);
#2297=ORIENTED_EDGE('',*,*,#1747,.T.);
#2298=ORIENTED_EDGE('',*,*,#1748,.F.);
#2299=ORIENTED_EDGE('',*,*,#1749,.T.);
#2300=ORIENTED_EDGE('',*,*,#1750,.F.);
#2301=ORIENTED_EDGE('',*,*,#1751,.T.);
#2302=ORIENTED_EDGE('',*,*,#1750,.T.);
#2303=ORIENTED_EDGE('',*,*,#1752,.F.);
#2304=ORIENTED_EDGE('',*,*,#1753,.T.);
#2305=ORIENTED_EDGE('',*,*,#1754,.T.);
#2306=ORIENTED_EDGE('',*,*,#1747,.F.);
#2307=ORIENTED_EDGE('',*,*,#1751,.F.);
#2308=ORIENTED_EDGE('',*,*,#1749,.F.);
#2309=ORIENTED_EDGE('',*,*,#1755,.T.);
#2310=ORIENTED_EDGE('',*,*,#1753,.F.);
#2311=ORIENTED_EDGE('',*,*,#1756,.F.);
#2312=ORIENTED_EDGE('',*,*,#1757,.T.);
#2313=ORIENTED_EDGE('',*,*,#1758,.T.);
#2314=ORIENTED_EDGE('',*,*,#1744,.F.);
#2315=ORIENTED_EDGE('',*,*,#1742,.F.);
#2316=ORIENTED_EDGE('',*,*,#1746,.F.);
#2317=ORIENTED_EDGE('',*,*,#1759,.T.);
#2318=ORIENTED_EDGE('',*,*,#1757,.F.);
#2319=ORIENTED_EDGE('',*,*,#1760,.T.);
#2320=ORIENTED_EDGE('',*,*,#1761,.T.);
#2321=ORIENTED_EDGE('',*,*,#1762,.T.);
#2322=ORIENTED_EDGE('',*,*,#1763,.T.);
#2323=ORIENTED_EDGE('',*,*,#1762,.F.);
#2324=ORIENTED_EDGE('',*,*,#1764,.T.);
#2325=ORIENTED_EDGE('',*,*,#1765,.T.);
#2326=ORIENTED_EDGE('',*,*,#1766,.T.);
#2327=ORIENTED_EDGE('',*,*,#1767,.T.);
#2328=ORIENTED_EDGE('',*,*,#1768,.T.);
#2329=ORIENTED_EDGE('',*,*,#1760,.F.);
#2330=ORIENTED_EDGE('',*,*,#1769,.T.);
#2331=ORIENTED_EDGE('',*,*,#1770,.T.);
#2332=ORIENTED_EDGE('',*,*,#1771,.T.);
#2333=ORIENTED_EDGE('',*,*,#1765,.F.);
#2334=ORIENTED_EDGE('',*,*,#1772,.T.);
#2335=ORIENTED_EDGE('',*,*,#1773,.T.);
#2336=ORIENTED_EDGE('',*,*,#1774,.T.);
#2337=ORIENTED_EDGE('',*,*,#1767,.F.);
#2338=ORIENTED_EDGE('',*,*,#1775,.T.);
#2339=ORIENTED_EDGE('',*,*,#1776,.F.);
#2340=ORIENTED_EDGE('',*,*,#1777,.F.);
#2341=ORIENTED_EDGE('',*,*,#1778,.F.);
#2342=ORIENTED_EDGE('',*,*,#1779,.F.);
#2343=ORIENTED_EDGE('',*,*,#1780,.F.);
#2344=ORIENTED_EDGE('',*,*,#1781,.F.);
#2345=ORIENTED_EDGE('',*,*,#1782,.F.);
#2346=ORIENTED_EDGE('',*,*,#1783,.F.);
#2347=ORIENTED_EDGE('',*,*,#1784,.F.);
#2348=ORIENTED_EDGE('',*,*,#1785,.F.);
#2349=ORIENTED_EDGE('',*,*,#1786,.F.);
#2350=ORIENTED_EDGE('',*,*,#1787,.F.);
#2351=ORIENTED_EDGE('',*,*,#1788,.F.);
#2352=ORIENTED_EDGE('',*,*,#1789,.F.);
#2353=ORIENTED_EDGE('',*,*,#1790,.F.);
#2354=ORIENTED_EDGE('',*,*,#1791,.F.);
#2355=ORIENTED_EDGE('',*,*,#1792,.F.);
#2356=ORIENTED_EDGE('',*,*,#1793,.F.);
#2357=ORIENTED_EDGE('',*,*,#1794,.F.);
#2358=ORIENTED_EDGE('',*,*,#1795,.F.);
#2359=ORIENTED_EDGE('',*,*,#1796,.F.);
#2360=ORIENTED_EDGE('',*,*,#1797,.F.);
#2361=ORIENTED_EDGE('',*,*,#1775,.F.);
#2362=ORIENTED_EDGE('',*,*,#1769,.F.);
#2363=ORIENTED_EDGE('',*,*,#1763,.F.);
#2364=ORIENTED_EDGE('',*,*,#1766,.F.);
#2365=ORIENTED_EDGE('',*,*,#1771,.F.);
#2366=ORIENTED_EDGE('',*,*,#1798,.F.);
#2367=ORIENTED_EDGE('',*,*,#1799,.F.);
#2368=ORIENTED_EDGE('',*,*,#1800,.F.);
#2369=ORIENTED_EDGE('',*,*,#1801,.F.);
#2370=ORIENTED_EDGE('',*,*,#1802,.F.);
#2371=ORIENTED_EDGE('',*,*,#1803,.F.);
#2372=ORIENTED_EDGE('',*,*,#1804,.T.);
#2373=ORIENTED_EDGE('',*,*,#1805,.F.);
#2374=ORIENTED_EDGE('',*,*,#1806,.F.);
#2375=ORIENTED_EDGE('',*,*,#1807,.F.);
#2376=ORIENTED_EDGE('',*,*,#1808,.F.);
#2377=ORIENTED_EDGE('',*,*,#1809,.F.);
#2378=ORIENTED_EDGE('',*,*,#1810,.F.);
#2379=ORIENTED_EDGE('',*,*,#1811,.F.);
#2380=ORIENTED_EDGE('',*,*,#1812,.F.);
#2381=ORIENTED_EDGE('',*,*,#1813,.F.);
#2382=ORIENTED_EDGE('',*,*,#1814,.F.);
#2383=ORIENTED_EDGE('',*,*,#1815,.F.);
#2384=ORIENTED_EDGE('',*,*,#1816,.F.);
#2385=ORIENTED_EDGE('',*,*,#1817,.F.);
#2386=ORIENTED_EDGE('',*,*,#1818,.F.);
#2387=ORIENTED_EDGE('',*,*,#1819,.F.);
#2388=ORIENTED_EDGE('',*,*,#1820,.F.);
#2389=ORIENTED_EDGE('',*,*,#1821,.F.);
#2390=ORIENTED_EDGE('',*,*,#1822,.F.);
#2391=ORIENTED_EDGE('',*,*,#1823,.F.);
#2392=ORIENTED_EDGE('',*,*,#1824,.F.);
#2393=ORIENTED_EDGE('',*,*,#1825,.F.);
#2394=ORIENTED_EDGE('',*,*,#1826,.F.);
#2395=ORIENTED_EDGE('',*,*,#1827,.F.);
#2396=ORIENTED_EDGE('',*,*,#1828,.F.);
#2397=ORIENTED_EDGE('',*,*,#1829,.F.);
#2398=ORIENTED_EDGE('',*,*,#1830,.F.);
#2399=ORIENTED_EDGE('',*,*,#1831,.F.);
#2400=ORIENTED_EDGE('',*,*,#1832,.F.);
#2401=ORIENTED_EDGE('',*,*,#1833,.F.);
#2402=ORIENTED_EDGE('',*,*,#1834,.F.);
#2403=ORIENTED_EDGE('',*,*,#1835,.F.);
#2404=ORIENTED_EDGE('',*,*,#1836,.F.);
#2405=ORIENTED_EDGE('',*,*,#1770,.F.);
#2406=ORIENTED_EDGE('',*,*,#1837,.F.);
#2407=ORIENTED_EDGE('',*,*,#1702,.T.);
#2408=ORIENTED_EDGE('',*,*,#1838,.F.);
#2409=ORIENTED_EDGE('',*,*,#1839,.F.);
#2410=ORIENTED_EDGE('',*,*,#1798,.T.);
#2411=ORIENTED_EDGE('',*,*,#1840,.T.);
#2412=ORIENTED_EDGE('',*,*,#1841,.T.);
#2413=ORIENTED_EDGE('',*,*,#1842,.T.);
#2414=ORIENTED_EDGE('',*,*,#1843,.T.);
#2415=ORIENTED_EDGE('',*,*,#1844,.T.);
#2416=ORIENTED_EDGE('',*,*,#1845,.T.);
#2417=ORIENTED_EDGE('',*,*,#1846,.T.);
#2418=ORIENTED_EDGE('',*,*,#1801,.T.);
#2419=ORIENTED_EDGE('',*,*,#1846,.F.);
#2420=ORIENTED_EDGE('',*,*,#1847,.T.);
#2421=ORIENTED_EDGE('',*,*,#1848,.T.);
#2422=ORIENTED_EDGE('',*,*,#1802,.T.);
#2423=ORIENTED_EDGE('',*,*,#1849,.T.);
#2424=ORIENTED_EDGE('',*,*,#1850,.T.);
#2425=ORIENTED_EDGE('',*,*,#1844,.F.);
#2426=ORIENTED_EDGE('',*,*,#1800,.T.);
#2427=ORIENTED_EDGE('',*,*,#1851,.T.);
#2428=ORIENTED_EDGE('',*,*,#1803,.T.);
#2429=ORIENTED_EDGE('',*,*,#1848,.F.);
#2430=ORIENTED_EDGE('',*,*,#1852,.T.);
#2431=ORIENTED_EDGE('',*,*,#1839,.T.);
#2432=ORIENTED_EDGE('',*,*,#1853,.T.);
#2433=ORIENTED_EDGE('',*,*,#1849,.F.);
#2434=ORIENTED_EDGE('',*,*,#1799,.T.);
#2435=ORIENTED_EDGE('',*,*,#1850,.F.);
#2436=ORIENTED_EDGE('',*,*,#1854,.T.);
#2437=ORIENTED_EDGE('',*,*,#1700,.F.);
#2438=ORIENTED_EDGE('',*,*,#1855,.T.);
#2439=ORIENTED_EDGE('',*,*,#1853,.F.);
#2440=ORIENTED_EDGE('',*,*,#1838,.T.);
#2441=ORIENTED_EDGE('',*,*,#1701,.T.);
#2442=ORIENTED_EDGE('',*,*,#1854,.F.);
#2443=ORIENTED_EDGE('',*,*,#1768,.F.);
#2444=ORIENTED_EDGE('',*,*,#1856,.T.);
#2445=ORIENTED_EDGE('',*,*,#1694,.F.);
#2446=ORIENTED_EDGE('',*,*,#1857,.T.);
#2447=ORIENTED_EDGE('',*,*,#1847,.F.);
#2448=ORIENTED_EDGE('',*,*,#1858,.T.);
#2449=ORIENTED_EDGE('',*,*,#1698,.T.);
#2450=ORIENTED_EDGE('',*,*,#1859,.T.);
#2451=ORIENTED_EDGE('',*,*,#1852,.F.);
#2452=ORIENTED_EDGE('',*,*,#1859,.F.);
#2453=ORIENTED_EDGE('',*,*,#1697,.F.);
#2454=ORIENTED_EDGE('',*,*,#1860,.T.);
#2455=ORIENTED_EDGE('',*,*,#1772,.F.);
#2456=ORIENTED_EDGE('',*,*,#1861,.F.);
#2457=ORIENTED_EDGE('',*,*,#1703,.T.);
#2458=ORIENTED_EDGE('',*,*,#1837,.T.);
#2459=ORIENTED_EDGE('',*,*,#1764,.F.);
#2460=ORIENTED_EDGE('',*,*,#1862,.T.);
#2461=ORIENTED_EDGE('',*,*,#1692,.T.);
#2462=ORIENTED_EDGE('',*,*,#1861,.T.);
#2463=ORIENTED_EDGE('',*,*,#1761,.F.);
#2464=ORIENTED_EDGE('',*,*,#1857,.F.);
#2465=ORIENTED_EDGE('',*,*,#1693,.F.);
#2466=ORIENTED_EDGE('',*,*,#1862,.F.);
#2467=ORIENTED_EDGE('',*,*,#1774,.F.);
#2468=ORIENTED_EDGE('',*,*,#1863,.F.);
#2469=ORIENTED_EDGE('',*,*,#1695,.F.);
#2470=ORIENTED_EDGE('',*,*,#1856,.F.);
#2471=ORIENTED_EDGE('',*,*,#1845,.F.);
#2472=ORIENTED_EDGE('',*,*,#1855,.F.);
#2473=ORIENTED_EDGE('',*,*,#1699,.F.);
#2474=ORIENTED_EDGE('',*,*,#1858,.F.);
#2475=ORIENTED_EDGE('',*,*,#1864,.T.);
#2476=ORIENTED_EDGE('',*,*,#1865,.T.);
#2477=ORIENTED_EDGE('',*,*,#1866,.F.);
#2478=ORIENTED_EDGE('',*,*,#1867,.F.);
#2479=ORIENTED_EDGE('',*,*,#1868,.T.);
#2480=ORIENTED_EDGE('',*,*,#1867,.T.);
#2481=ORIENTED_EDGE('',*,*,#1869,.F.);
#2482=ORIENTED_EDGE('',*,*,#1842,.F.);
#2483=ORIENTED_EDGE('',*,*,#1870,.T.);
#2484=ORIENTED_EDGE('',*,*,#1840,.F.);
#2485=ORIENTED_EDGE('',*,*,#1871,.F.);
#2486=ORIENTED_EDGE('',*,*,#1865,.F.);
#2487=ORIENTED_EDGE('',*,*,#1870,.F.);
#2488=ORIENTED_EDGE('',*,*,#1864,.F.);
#2489=ORIENTED_EDGE('',*,*,#1868,.F.);
#2490=ORIENTED_EDGE('',*,*,#1841,.F.);
#2491=ORIENTED_EDGE('',*,*,#1871,.T.);
#2492=ORIENTED_EDGE('',*,*,#1843,.F.);
#2493=ORIENTED_EDGE('',*,*,#1869,.T.);
#2494=ORIENTED_EDGE('',*,*,#1866,.T.);
#2495=ORIENTED_EDGE('',*,*,#1872,.F.);
#2496=ORIENTED_EDGE('',*,*,#1791,.T.);
#2497=ORIENTED_EDGE('',*,*,#1873,.F.);
#2498=ORIENTED_EDGE('',*,*,#1874,.F.);
#2499=ORIENTED_EDGE('',*,*,#1875,.F.);
#2500=ORIENTED_EDGE('',*,*,#1873,.T.);
#2501=ORIENTED_EDGE('',*,*,#1790,.T.);
#2502=ORIENTED_EDGE('',*,*,#1876,.F.);
#2503=ORIENTED_EDGE('',*,*,#1877,.F.);
#2504=ORIENTED_EDGE('',*,*,#1876,.T.);
#2505=ORIENTED_EDGE('',*,*,#1789,.T.);
#2506=ORIENTED_EDGE('',*,*,#1878,.F.);
#2507=ORIENTED_EDGE('',*,*,#1879,.F.);
#2508=ORIENTED_EDGE('',*,*,#1880,.T.);
#2509=ORIENTED_EDGE('',*,*,#1778,.T.);
#2510=ORIENTED_EDGE('',*,*,#1881,.F.);
#2511=ORIENTED_EDGE('',*,*,#1882,.F.);
#2512=ORIENTED_EDGE('',*,*,#1883,.T.);
#2513=ORIENTED_EDGE('',*,*,#1779,.T.);
#2514=ORIENTED_EDGE('',*,*,#1880,.F.);
#2515=ORIENTED_EDGE('',*,*,#1884,.F.);
#2516=ORIENTED_EDGE('',*,*,#1885,.T.);
#2517=ORIENTED_EDGE('',*,*,#1780,.T.);
#2518=ORIENTED_EDGE('',*,*,#1883,.F.);
#2519=ORIENTED_EDGE('',*,*,#1797,.T.);
#2520=ORIENTED_EDGE('',*,*,#1886,.F.);
#2521=ORIENTED_EDGE('',*,*,#1887,.T.);
#2522=ORIENTED_EDGE('',*,*,#1888,.T.);
#2523=ORIENTED_EDGE('',*,*,#1889,.T.);
#2524=ORIENTED_EDGE('',*,*,#1796,.T.);
#2525=ORIENTED_EDGE('',*,*,#1890,.T.);
#2526=ORIENTED_EDGE('',*,*,#1891,.T.);
#2527=ORIENTED_EDGE('',*,*,#1892,.T.);
#2528=ORIENTED_EDGE('',*,*,#1886,.T.);
#2529=ORIENTED_EDGE('',*,*,#1782,.T.);
#2530=ORIENTED_EDGE('',*,*,#1893,.T.);
#2531=ORIENTED_EDGE('',*,*,#1894,.T.);
#2532=ORIENTED_EDGE('',*,*,#1895,.T.);
#2533=ORIENTED_EDGE('',*,*,#1896,.T.);
#2534=ORIENTED_EDGE('',*,*,#1897,.T.);
#2535=ORIENTED_EDGE('',*,*,#1794,.T.);
#2536=ORIENTED_EDGE('',*,*,#1898,.F.);
#2537=ORIENTED_EDGE('',*,*,#1899,.T.);
#2538=ORIENTED_EDGE('',*,*,#1900,.F.);
#2539=ORIENTED_EDGE('',*,*,#1901,.F.);
#2540=ORIENTED_EDGE('',*,*,#1793,.T.);
#2541=ORIENTED_EDGE('',*,*,#1902,.F.);
#2542=ORIENTED_EDGE('',*,*,#1903,.T.);
#2543=ORIENTED_EDGE('',*,*,#1904,.T.);
#2544=ORIENTED_EDGE('',*,*,#1898,.T.);
#2545=ORIENTED_EDGE('',*,*,#1792,.T.);
#2546=ORIENTED_EDGE('',*,*,#1872,.T.);
#2547=ORIENTED_EDGE('',*,*,#1905,.T.);
#2548=ORIENTED_EDGE('',*,*,#1906,.T.);
#2549=ORIENTED_EDGE('',*,*,#1907,.T.);
#2550=ORIENTED_EDGE('',*,*,#1908,.T.);
#2551=ORIENTED_EDGE('',*,*,#1909,.T.);
#2552=ORIENTED_EDGE('',*,*,#1902,.T.);
#2553=ORIENTED_EDGE('',*,*,#1773,.F.);
#2554=ORIENTED_EDGE('',*,*,#1804,.F.);
#2555=ORIENTED_EDGE('',*,*,#1851,.F.);
#2556=ORIENTED_EDGE('',*,*,#1860,.F.);
#2557=ORIENTED_EDGE('',*,*,#1696,.T.);
#2558=ORIENTED_EDGE('',*,*,#1863,.T.);
#2559=ORIENTED_EDGE('',*,*,#1835,.T.);
#2560=ORIENTED_EDGE('',*,*,#1910,.F.);
#2561=ORIENTED_EDGE('',*,*,#1911,.T.);
#2562=ORIENTED_EDGE('',*,*,#1912,.T.);
#2563=ORIENTED_EDGE('',*,*,#1913,.T.);
#2564=ORIENTED_EDGE('',*,*,#1834,.T.);
#2565=ORIENTED_EDGE('',*,*,#1914,.F.);
#2566=ORIENTED_EDGE('',*,*,#1915,.T.);
#2567=ORIENTED_EDGE('',*,*,#1910,.T.);
#2568=ORIENTED_EDGE('',*,*,#1831,.T.);
#2569=ORIENTED_EDGE('',*,*,#1916,.F.);
#2570=ORIENTED_EDGE('',*,*,#1917,.T.);
#2571=ORIENTED_EDGE('',*,*,#1918,.T.);
#2572=ORIENTED_EDGE('',*,*,#1919,.T.);
#2573=ORIENTED_EDGE('',*,*,#1830,.T.);
#2574=ORIENTED_EDGE('',*,*,#1920,.F.);
#2575=ORIENTED_EDGE('',*,*,#1921,.T.);
#2576=ORIENTED_EDGE('',*,*,#1922,.T.);
#2577=ORIENTED_EDGE('',*,*,#1916,.T.);
#2578=ORIENTED_EDGE('',*,*,#1827,.T.);
#2579=ORIENTED_EDGE('',*,*,#1923,.F.);
#2580=ORIENTED_EDGE('',*,*,#1924,.T.);
#2581=ORIENTED_EDGE('',*,*,#1925,.T.);
#2582=ORIENTED_EDGE('',*,*,#1926,.T.);
#2583=ORIENTED_EDGE('',*,*,#1826,.T.);
#2584=ORIENTED_EDGE('',*,*,#1927,.F.);
#2585=ORIENTED_EDGE('',*,*,#1928,.T.);
#2586=ORIENTED_EDGE('',*,*,#1929,.T.);
#2587=ORIENTED_EDGE('',*,*,#1923,.T.);
#2588=ORIENTED_EDGE('',*,*,#1823,.T.);
#2589=ORIENTED_EDGE('',*,*,#1930,.F.);
#2590=ORIENTED_EDGE('',*,*,#1931,.T.);
#2591=ORIENTED_EDGE('',*,*,#1932,.T.);
#2592=ORIENTED_EDGE('',*,*,#1933,.T.);
#2593=ORIENTED_EDGE('',*,*,#1822,.T.);
#2594=ORIENTED_EDGE('',*,*,#1934,.F.);
#2595=ORIENTED_EDGE('',*,*,#1935,.T.);
#2596=ORIENTED_EDGE('',*,*,#1930,.T.);
#2597=ORIENTED_EDGE('',*,*,#1819,.T.);
#2598=ORIENTED_EDGE('',*,*,#1936,.F.);
#2599=ORIENTED_EDGE('',*,*,#1937,.T.);
#2600=ORIENTED_EDGE('',*,*,#1938,.T.);
#2601=ORIENTED_EDGE('',*,*,#1939,.T.);
#2602=ORIENTED_EDGE('',*,*,#1818,.T.);
#2603=ORIENTED_EDGE('',*,*,#1940,.F.);
#2604=ORIENTED_EDGE('',*,*,#1941,.T.);
#2605=ORIENTED_EDGE('',*,*,#1936,.T.);
#2606=ORIENTED_EDGE('',*,*,#1815,.T.);
#2607=ORIENTED_EDGE('',*,*,#1942,.F.);
#2608=ORIENTED_EDGE('',*,*,#1943,.T.);
#2609=ORIENTED_EDGE('',*,*,#1944,.T.);
#2610=ORIENTED_EDGE('',*,*,#1945,.T.);
#2611=ORIENTED_EDGE('',*,*,#1814,.T.);
#2612=ORIENTED_EDGE('',*,*,#1946,.F.);
#2613=ORIENTED_EDGE('',*,*,#1947,.T.);
#2614=ORIENTED_EDGE('',*,*,#1942,.T.);
#2615=ORIENTED_EDGE('',*,*,#1811,.T.);
#2616=ORIENTED_EDGE('',*,*,#1948,.F.);
#2617=ORIENTED_EDGE('',*,*,#1949,.T.);
#2618=ORIENTED_EDGE('',*,*,#1950,.T.);
#2619=ORIENTED_EDGE('',*,*,#1951,.T.);
#2620=ORIENTED_EDGE('',*,*,#1810,.T.);
#2621=ORIENTED_EDGE('',*,*,#1952,.F.);
#2622=ORIENTED_EDGE('',*,*,#1953,.T.);
#2623=ORIENTED_EDGE('',*,*,#1954,.T.);
#2624=ORIENTED_EDGE('',*,*,#1948,.T.);
#2625=ORIENTED_EDGE('',*,*,#1807,.T.);
#2626=ORIENTED_EDGE('',*,*,#1955,.F.);
#2627=ORIENTED_EDGE('',*,*,#1956,.T.);
#2628=ORIENTED_EDGE('',*,*,#1957,.T.);
#2629=ORIENTED_EDGE('',*,*,#1958,.T.);
#2630=ORIENTED_EDGE('',*,*,#1806,.T.);
#2631=ORIENTED_EDGE('',*,*,#1959,.F.);
#2632=ORIENTED_EDGE('',*,*,#1960,.T.);
#2633=ORIENTED_EDGE('',*,*,#1961,.T.);
#2634=ORIENTED_EDGE('',*,*,#1955,.T.);
#2635=ORIENTED_EDGE('',*,*,#1962,.T.);
#2636=ORIENTED_EDGE('',*,*,#1963,.T.);
#2637=ORIENTED_EDGE('',*,*,#1964,.T.);
#2638=ORIENTED_EDGE('',*,*,#1891,.F.);
#2639=ORIENTED_EDGE('',*,*,#1965,.T.);
#2640=ORIENTED_EDGE('',*,*,#1966,.T.);
#2641=ORIENTED_EDGE('',*,*,#1965,.F.);
#2642=ORIENTED_EDGE('',*,*,#1890,.F.);
#2643=ORIENTED_EDGE('',*,*,#1795,.T.);
#2644=ORIENTED_EDGE('',*,*,#1897,.F.);
#2645=ORIENTED_EDGE('',*,*,#1967,.F.);
#2646=ORIENTED_EDGE('',*,*,#1968,.F.);
#2647=ORIENTED_EDGE('',*,*,#1906,.F.);
#2648=ORIENTED_EDGE('',*,*,#1969,.F.);
#2649=ORIENTED_EDGE('',*,*,#1881,.T.);
#2650=ORIENTED_EDGE('',*,*,#1777,.T.);
#2651=ORIENTED_EDGE('',*,*,#1970,.F.);
#2652=ORIENTED_EDGE('',*,*,#1907,.F.);
#2653=ORIENTED_EDGE('',*,*,#1968,.T.);
#2654=ORIENTED_EDGE('',*,*,#1967,.T.);
#2655=ORIENTED_EDGE('',*,*,#1901,.T.);
#2656=ORIENTED_EDGE('',*,*,#1971,.F.);
#2657=ORIENTED_EDGE('',*,*,#1972,.T.);
#2658=ORIENTED_EDGE('',*,*,#1973,.F.);
#2659=ORIENTED_EDGE('',*,*,#1963,.F.);
#2660=ORIENTED_EDGE('',*,*,#1974,.F.);
#2661=ORIENTED_EDGE('',*,*,#1972,.F.);
#2662=ORIENTED_EDGE('',*,*,#1975,.F.);
#2663=ORIENTED_EDGE('',*,*,#1894,.F.);
#2664=ORIENTED_EDGE('',*,*,#1976,.T.);
#2665=ORIENTED_EDGE('',*,*,#1977,.T.);
#2666=ORIENTED_EDGE('',*,*,#1978,.F.);
#2667=ORIENTED_EDGE('',*,*,#1979,.T.);
#2668=ORIENTED_EDGE('',*,*,#1980,.F.);
#2669=ORIENTED_EDGE('',*,*,#1979,.F.);
#2670=ORIENTED_EDGE('',*,*,#1981,.F.);
#2671=ORIENTED_EDGE('',*,*,#1982,.F.);
#2672=ORIENTED_EDGE('',*,*,#1983,.F.);
#2673=ORIENTED_EDGE('',*,*,#1984,.T.);
#2674=ORIENTED_EDGE('',*,*,#1982,.T.);
#2675=ORIENTED_EDGE('',*,*,#1985,.T.);
#2676=ORIENTED_EDGE('',*,*,#1986,.F.);
#2677=ORIENTED_EDGE('',*,*,#1987,.T.);
#2678=ORIENTED_EDGE('',*,*,#1988,.T.);
#2679=ORIENTED_EDGE('',*,*,#1989,.T.);
#2680=ORIENTED_EDGE('',*,*,#1748,.T.);
#2681=ORIENTED_EDGE('',*,*,#1754,.F.);
#2682=ORIENTED_EDGE('',*,*,#1755,.F.);
#2683=ORIENTED_EDGE('',*,*,#1990,.F.);
#2684=ORIENTED_EDGE('',*,*,#1985,.F.);
#2685=ORIENTED_EDGE('',*,*,#1981,.T.);
#2686=ORIENTED_EDGE('',*,*,#1978,.T.);
#2687=ORIENTED_EDGE('',*,*,#1991,.T.);
#2688=ORIENTED_EDGE('',*,*,#1992,.T.);
#2689=ORIENTED_EDGE('',*,*,#1993,.F.);
#2690=ORIENTED_EDGE('',*,*,#1994,.T.);
#2691=ORIENTED_EDGE('',*,*,#1995,.F.);
#2692=ORIENTED_EDGE('',*,*,#1784,.T.);
#2693=ORIENTED_EDGE('',*,*,#1996,.F.);
#2694=ORIENTED_EDGE('',*,*,#1991,.F.);
#2695=ORIENTED_EDGE('',*,*,#1977,.F.);
#2696=ORIENTED_EDGE('',*,*,#1997,.T.);
#2697=ORIENTED_EDGE('',*,*,#1788,.T.);
#2698=ORIENTED_EDGE('',*,*,#1998,.F.);
#2699=ORIENTED_EDGE('',*,*,#1999,.T.);
#2700=ORIENTED_EDGE('',*,*,#2000,.F.);
#2701=ORIENTED_EDGE('',*,*,#1989,.F.);
#2702=ORIENTED_EDGE('',*,*,#2001,.T.);
#2703=ORIENTED_EDGE('',*,*,#2002,.T.);
#2704=ORIENTED_EDGE('',*,*,#1878,.T.);
#2705=ORIENTED_EDGE('',*,*,#1745,.T.);
#2706=ORIENTED_EDGE('',*,*,#1758,.F.);
#2707=ORIENTED_EDGE('',*,*,#1759,.F.);
#2708=ORIENTED_EDGE('',*,*,#1892,.F.);
#2709=ORIENTED_EDGE('',*,*,#1964,.F.);
#2710=ORIENTED_EDGE('',*,*,#1975,.T.);
#2711=ORIENTED_EDGE('',*,*,#1971,.T.);
#2712=ORIENTED_EDGE('',*,*,#1900,.T.);
#2713=ORIENTED_EDGE('',*,*,#1899,.F.);
#2714=ORIENTED_EDGE('',*,*,#2003,.F.);
#2715=ORIENTED_EDGE('',*,*,#2004,.F.);
#2716=ORIENTED_EDGE('',*,*,#2005,.F.);
#2717=ORIENTED_EDGE('',*,*,#1776,.T.);
#2718=ORIENTED_EDGE('',*,*,#1889,.F.);
#2719=ORIENTED_EDGE('',*,*,#2006,.F.);
#2720=ORIENTED_EDGE('',*,*,#1966,.F.);
#2721=ORIENTED_EDGE('',*,*,#1970,.T.);
#2722=ORIENTED_EDGE('',*,*,#2007,.F.);
#2723=ORIENTED_EDGE('',*,*,#2008,.F.);
#2724=ORIENTED_EDGE('',*,*,#2009,.F.);
#2725=ORIENTED_EDGE('',*,*,#2010,.T.);
#2726=ORIENTED_EDGE('',*,*,#2011,.F.);
#2727=ORIENTED_EDGE('',*,*,#2012,.F.);
#2728=ORIENTED_EDGE('',*,*,#2013,.F.);
#2729=ORIENTED_EDGE('',*,*,#2014,.F.);
#2730=ORIENTED_EDGE('',*,*,#2009,.T.);
#2731=ORIENTED_EDGE('',*,*,#2015,.T.);
#2732=ORIENTED_EDGE('',*,*,#2016,.T.);
#2733=ORIENTED_EDGE('',*,*,#2017,.F.);
#2734=ORIENTED_EDGE('',*,*,#2013,.T.);
#2735=ORIENTED_EDGE('',*,*,#2018,.F.);
#2736=ORIENTED_EDGE('',*,*,#2019,.T.);
#2737=ORIENTED_EDGE('',*,*,#2020,.T.);
#2738=ORIENTED_EDGE('',*,*,#2008,.T.);
#2739=ORIENTED_EDGE('',*,*,#2021,.T.);
#2740=ORIENTED_EDGE('',*,*,#2022,.T.);
#2741=ORIENTED_EDGE('',*,*,#2015,.F.);
#2742=ORIENTED_EDGE('',*,*,#2014,.T.);
#2743=ORIENTED_EDGE('',*,*,#2020,.F.);
#2744=ORIENTED_EDGE('',*,*,#2023,.T.);
#2745=ORIENTED_EDGE('',*,*,#2024,.T.);
#2746=ORIENTED_EDGE('',*,*,#1976,.F.);
#2747=ORIENTED_EDGE('',*,*,#1893,.F.);
#2748=ORIENTED_EDGE('',*,*,#1781,.T.);
#2749=ORIENTED_EDGE('',*,*,#1885,.F.);
#2750=ORIENTED_EDGE('',*,*,#2025,.F.);
#2751=ORIENTED_EDGE('',*,*,#2001,.F.);
#2752=ORIENTED_EDGE('',*,*,#1988,.F.);
#2753=ORIENTED_EDGE('',*,*,#1987,.F.);
#2754=ORIENTED_EDGE('',*,*,#2026,.F.);
#2755=ORIENTED_EDGE('',*,*,#1785,.T.);
#2756=ORIENTED_EDGE('',*,*,#1997,.F.);
#2757=ORIENTED_EDGE('',*,*,#2027,.F.);
#2758=ORIENTED_EDGE('',*,*,#2028,.F.);
#2759=ORIENTED_EDGE('',*,*,#2029,.F.);
#2760=ORIENTED_EDGE('',*,*,#2030,.T.);
#2761=ORIENTED_EDGE('',*,*,#2031,.F.);
#2762=ORIENTED_EDGE('',*,*,#2032,.F.);
#2763=ORIENTED_EDGE('',*,*,#2016,.F.);
#2764=ORIENTED_EDGE('',*,*,#2022,.F.);
#2765=ORIENTED_EDGE('',*,*,#2028,.T.);
#2766=ORIENTED_EDGE('',*,*,#2033,.T.);
#2767=ORIENTED_EDGE('',*,*,#2034,.T.);
#2768=ORIENTED_EDGE('',*,*,#2035,.F.);
#2769=ORIENTED_EDGE('',*,*,#2029,.T.);
#2770=ORIENTED_EDGE('',*,*,#2035,.T.);
#2771=ORIENTED_EDGE('',*,*,#2036,.T.);
#2772=ORIENTED_EDGE('',*,*,#2037,.F.);
#2773=ORIENTED_EDGE('',*,*,#2038,.F.);
#2774=ORIENTED_EDGE('',*,*,#2039,.T.);
#2775=ORIENTED_EDGE('',*,*,#2040,.F.);
#2776=ORIENTED_EDGE('',*,*,#2010,.F.);
#2777=ORIENTED_EDGE('',*,*,#2017,.T.);
#2778=ORIENTED_EDGE('',*,*,#2032,.T.);
#2779=ORIENTED_EDGE('',*,*,#2041,.F.);
#2780=ORIENTED_EDGE('',*,*,#2030,.F.);
#2781=ORIENTED_EDGE('',*,*,#2037,.T.);
#2782=ORIENTED_EDGE('',*,*,#2042,.F.);
#2783=ORIENTED_EDGE('',*,*,#2043,.T.);
#2784=ORIENTED_EDGE('',*,*,#2044,.F.);
#2785=ORIENTED_EDGE('',*,*,#2018,.T.);
#2786=ORIENTED_EDGE('',*,*,#2012,.T.);
#2787=ORIENTED_EDGE('',*,*,#2045,.F.);
#2788=ORIENTED_EDGE('',*,*,#2039,.F.);
#2789=ORIENTED_EDGE('',*,*,#2026,.T.);
#2790=ORIENTED_EDGE('',*,*,#1986,.T.);
#2791=ORIENTED_EDGE('',*,*,#1990,.T.);
#2792=ORIENTED_EDGE('',*,*,#1995,.T.);
#2793=ORIENTED_EDGE('',*,*,#2046,.T.);
#2794=ORIENTED_EDGE('',*,*,#1786,.T.);
#2795=ORIENTED_EDGE('',*,*,#2038,.T.);
#2796=ORIENTED_EDGE('',*,*,#1969,.T.);
#2797=ORIENTED_EDGE('',*,*,#1905,.F.);
#2798=ORIENTED_EDGE('',*,*,#1874,.T.);
#2799=ORIENTED_EDGE('',*,*,#1875,.T.);
#2800=ORIENTED_EDGE('',*,*,#1877,.T.);
#2801=ORIENTED_EDGE('',*,*,#2002,.F.);
#2802=ORIENTED_EDGE('',*,*,#2025,.T.);
#2803=ORIENTED_EDGE('',*,*,#1884,.T.);
#2804=ORIENTED_EDGE('',*,*,#1882,.T.);
#2805=ORIENTED_EDGE('',*,*,#1879,.T.);
#2806=ORIENTED_EDGE('',*,*,#1756,.T.);
#2807=ORIENTED_EDGE('',*,*,#1752,.T.);
#2808=ORIENTED_EDGE('',*,*,#2047,.F.);
#2809=ORIENTED_EDGE('',*,*,#2048,.F.);
#2810=ORIENTED_EDGE('',*,*,#2043,.F.);
#2811=ORIENTED_EDGE('',*,*,#2049,.F.);
#2812=ORIENTED_EDGE('',*,*,#2050,.F.);
#2813=ORIENTED_EDGE('',*,*,#2023,.F.);
#2814=ORIENTED_EDGE('',*,*,#2019,.F.);
#2815=ORIENTED_EDGE('',*,*,#2044,.T.);
#2816=ORIENTED_EDGE('',*,*,#2048,.T.);
#2817=ORIENTED_EDGE('',*,*,#2049,.T.);
#2818=ORIENTED_EDGE('',*,*,#2042,.T.);
#2819=ORIENTED_EDGE('',*,*,#2036,.F.);
#2820=ORIENTED_EDGE('',*,*,#2034,.F.);
#2821=ORIENTED_EDGE('',*,*,#2051,.F.);
#2822=ORIENTED_EDGE('',*,*,#1681,.T.);
#2823=ORIENTED_EDGE('',*,*,#2052,.T.);
#2824=ORIENTED_EDGE('',*,*,#2053,.T.);
#2825=ORIENTED_EDGE('',*,*,#2047,.T.);
#2826=ORIENTED_EDGE('',*,*,#2054,.T.);
#2827=ORIENTED_EDGE('',*,*,#2052,.F.);
#2828=ORIENTED_EDGE('',*,*,#1683,.T.);
#2829=ORIENTED_EDGE('',*,*,#2011,.T.);
#2830=ORIENTED_EDGE('',*,*,#2024,.F.);
#2831=ORIENTED_EDGE('',*,*,#2050,.T.);
#2832=ORIENTED_EDGE('',*,*,#2053,.F.);
#2833=ORIENTED_EDGE('',*,*,#2054,.F.);
#2834=ORIENTED_EDGE('',*,*,#2051,.T.);
#2835=ORIENTED_EDGE('',*,*,#2033,.F.);
#2836=ORIENTED_EDGE('',*,*,#2027,.T.);
#2837=ORIENTED_EDGE('',*,*,#2041,.T.);
#2838=ORIENTED_EDGE('',*,*,#2031,.T.);
#2839=ORIENTED_EDGE('',*,*,#2021,.F.);
#2840=ORIENTED_EDGE('',*,*,#2007,.T.);
#2841=ORIENTED_EDGE('',*,*,#2040,.T.);
#2842=ORIENTED_EDGE('',*,*,#2045,.T.);
#2843=ORIENTED_EDGE('',*,*,#1833,.T.);
#2844=ORIENTED_EDGE('',*,*,#2055,.F.);
#2845=ORIENTED_EDGE('',*,*,#2056,.T.);
#2846=ORIENTED_EDGE('',*,*,#2057,.T.);
#2847=ORIENTED_EDGE('',*,*,#1914,.T.);
#2848=ORIENTED_EDGE('',*,*,#1836,.T.);
#2849=ORIENTED_EDGE('',*,*,#1913,.F.);
#2850=ORIENTED_EDGE('',*,*,#2058,.T.);
#2851=ORIENTED_EDGE('',*,*,#2055,.T.);
#2852=ORIENTED_EDGE('',*,*,#1829,.T.);
#2853=ORIENTED_EDGE('',*,*,#2059,.F.);
#2854=ORIENTED_EDGE('',*,*,#2060,.T.);
#2855=ORIENTED_EDGE('',*,*,#2061,.T.);
#2856=ORIENTED_EDGE('',*,*,#1920,.T.);
#2857=ORIENTED_EDGE('',*,*,#1832,.T.);
#2858=ORIENTED_EDGE('',*,*,#1919,.F.);
#2859=ORIENTED_EDGE('',*,*,#2062,.T.);
#2860=ORIENTED_EDGE('',*,*,#2063,.T.);
#2861=ORIENTED_EDGE('',*,*,#2059,.T.);
#2862=ORIENTED_EDGE('',*,*,#1825,.T.);
#2863=ORIENTED_EDGE('',*,*,#2064,.F.);
#2864=ORIENTED_EDGE('',*,*,#2065,.T.);
#2865=ORIENTED_EDGE('',*,*,#2066,.T.);
#2866=ORIENTED_EDGE('',*,*,#1927,.T.);
#2867=ORIENTED_EDGE('',*,*,#1828,.T.);
#2868=ORIENTED_EDGE('',*,*,#1926,.F.);
#2869=ORIENTED_EDGE('',*,*,#2067,.T.);
#2870=ORIENTED_EDGE('',*,*,#2068,.T.);
#2871=ORIENTED_EDGE('',*,*,#2064,.T.);
#2872=ORIENTED_EDGE('',*,*,#1821,.T.);
#2873=ORIENTED_EDGE('',*,*,#2069,.F.);
#2874=ORIENTED_EDGE('',*,*,#2070,.T.);
#2875=ORIENTED_EDGE('',*,*,#2071,.T.);
#2876=ORIENTED_EDGE('',*,*,#1934,.T.);
#2877=ORIENTED_EDGE('',*,*,#1824,.T.);
#2878=ORIENTED_EDGE('',*,*,#1933,.F.);
#2879=ORIENTED_EDGE('',*,*,#2072,.T.);
#2880=ORIENTED_EDGE('',*,*,#2069,.T.);
#2881=ORIENTED_EDGE('',*,*,#1817,.T.);
#2882=ORIENTED_EDGE('',*,*,#2073,.F.);
#2883=ORIENTED_EDGE('',*,*,#2074,.T.);
#2884=ORIENTED_EDGE('',*,*,#2075,.T.);
#2885=ORIENTED_EDGE('',*,*,#1940,.T.);
#2886=ORIENTED_EDGE('',*,*,#1820,.T.);
#2887=ORIENTED_EDGE('',*,*,#1939,.F.);
#2888=ORIENTED_EDGE('',*,*,#2076,.T.);
#2889=ORIENTED_EDGE('',*,*,#2073,.T.);
#2890=ORIENTED_EDGE('',*,*,#1813,.T.);
#2891=ORIENTED_EDGE('',*,*,#2077,.F.);
#2892=ORIENTED_EDGE('',*,*,#2078,.T.);
#2893=ORIENTED_EDGE('',*,*,#2079,.T.);
#2894=ORIENTED_EDGE('',*,*,#1946,.T.);
#2895=ORIENTED_EDGE('',*,*,#1816,.T.);
#2896=ORIENTED_EDGE('',*,*,#1945,.F.);
#2897=ORIENTED_EDGE('',*,*,#2080,.T.);
#2898=ORIENTED_EDGE('',*,*,#2077,.T.);
#2899=ORIENTED_EDGE('',*,*,#1809,.T.);
#2900=ORIENTED_EDGE('',*,*,#2081,.F.);
#2901=ORIENTED_EDGE('',*,*,#2082,.T.);
#2902=ORIENTED_EDGE('',*,*,#2083,.T.);
#2903=ORIENTED_EDGE('',*,*,#1952,.T.);
#2904=ORIENTED_EDGE('',*,*,#1812,.T.);
#2905=ORIENTED_EDGE('',*,*,#1951,.F.);
#2906=ORIENTED_EDGE('',*,*,#2084,.T.);
#2907=ORIENTED_EDGE('',*,*,#2085,.T.);
#2908=ORIENTED_EDGE('',*,*,#2081,.T.);
#2909=ORIENTED_EDGE('',*,*,#1805,.T.);
#2910=ORIENTED_EDGE('',*,*,#2086,.F.);
#2911=ORIENTED_EDGE('',*,*,#2087,.T.);
#2912=ORIENTED_EDGE('',*,*,#2088,.T.);
#2913=ORIENTED_EDGE('',*,*,#1959,.T.);
#2914=ORIENTED_EDGE('',*,*,#1808,.T.);
#2915=ORIENTED_EDGE('',*,*,#1958,.F.);
#2916=ORIENTED_EDGE('',*,*,#2089,.T.);
#2917=ORIENTED_EDGE('',*,*,#2090,.T.);
#2918=ORIENTED_EDGE('',*,*,#2086,.T.);
#2919=ORIENTED_EDGE('',*,*,#2091,.T.);
#2920=ORIENTED_EDGE('',*,*,#1688,.T.);
#2921=ORIENTED_EDGE('',*,*,#2092,.T.);
#2922=ORIENTED_EDGE('',*,*,#2004,.T.);
#2923=ORIENTED_EDGE('',*,*,#2093,.T.);
#2924=ORIENTED_EDGE('',*,*,#1689,.T.);
#2925=ORIENTED_EDGE('',*,*,#2091,.F.);
#2926=ORIENTED_EDGE('',*,*,#2094,.T.);
#2927=ORIENTED_EDGE('',*,*,#2095,.T.);
#2928=ORIENTED_EDGE('',*,*,#1690,.T.);
#2929=ORIENTED_EDGE('',*,*,#2093,.F.);
#2930=ORIENTED_EDGE('',*,*,#2096,.T.);
#2931=ORIENTED_EDGE('',*,*,#2092,.F.);
#2932=ORIENTED_EDGE('',*,*,#1691,.T.);
#2933=ORIENTED_EDGE('',*,*,#2095,.F.);
#2934=ORIENTED_EDGE('',*,*,#2097,.T.);
#2935=ORIENTED_EDGE('',*,*,#2094,.F.);
#2936=ORIENTED_EDGE('',*,*,#2003,.T.);
#2937=ORIENTED_EDGE('',*,*,#1904,.F.);
#2938=ORIENTED_EDGE('',*,*,#1903,.F.);
#2939=ORIENTED_EDGE('',*,*,#2098,.T.);
#2940=ORIENTED_EDGE('',*,*,#2099,.T.);
#2941=ORIENTED_EDGE('',*,*,#1725,.T.);
#2942=ORIENTED_EDGE('',*,*,#2100,.T.);
#2943=ORIENTED_EDGE('',*,*,#2101,.T.);
#2944=ORIENTED_EDGE('',*,*,#2102,.T.);
#2945=ORIENTED_EDGE('',*,*,#1740,.T.);
#2946=ORIENTED_EDGE('',*,*,#2103,.T.);
#2947=ORIENTED_EDGE('',*,*,#2104,.T.);
#2948=ORIENTED_EDGE('',*,*,#1741,.T.);
#2949=ORIENTED_EDGE('',*,*,#2102,.F.);
#2950=ORIENTED_EDGE('',*,*,#2105,.T.);
#2951=ORIENTED_EDGE('',*,*,#2106,.T.);
#2952=ORIENTED_EDGE('',*,*,#1723,.T.);
#2953=ORIENTED_EDGE('',*,*,#2104,.F.);
#2954=ORIENTED_EDGE('',*,*,#2107,.T.);
#2955=ORIENTED_EDGE('',*,*,#2100,.F.);
#2956=ORIENTED_EDGE('',*,*,#1724,.T.);
#2957=ORIENTED_EDGE('',*,*,#2106,.F.);
#2958=ORIENTED_EDGE('',*,*,#2108,.T.);
#2959=ORIENTED_EDGE('',*,*,#2099,.F.);
#2960=ORIENTED_EDGE('',*,*,#2109,.F.);
#2961=ORIENTED_EDGE('',*,*,#2110,.T.);
#2962=ORIENTED_EDGE('',*,*,#2111,.F.);
#2963=ORIENTED_EDGE('',*,*,#1726,.T.);
#2964=ORIENTED_EDGE('',*,*,#2103,.F.);
#2965=ORIENTED_EDGE('',*,*,#1739,.T.);
#2966=ORIENTED_EDGE('',*,*,#2112,.F.);
#2967=ORIENTED_EDGE('',*,*,#2113,.T.);
#2968=ORIENTED_EDGE('',*,*,#2109,.T.);
#2969=ORIENTED_EDGE('',*,*,#2105,.F.);
#2970=ORIENTED_EDGE('',*,*,#2114,.T.);
#2971=ORIENTED_EDGE('',*,*,#2088,.F.);
#2972=ORIENTED_EDGE('',*,*,#2087,.F.);
#2973=ORIENTED_EDGE('',*,*,#2115,.T.);
#2974=ORIENTED_EDGE('',*,*,#2101,.F.);
#2975=ORIENTED_EDGE('',*,*,#2116,.F.);
#2976=ORIENTED_EDGE('',*,*,#1961,.F.);
#2977=ORIENTED_EDGE('',*,*,#1960,.F.);
#2978=ORIENTED_EDGE('',*,*,#2114,.F.);
#2979=ORIENTED_EDGE('',*,*,#2117,.T.);
#2980=ORIENTED_EDGE('',*,*,#1727,.T.);
#2981=ORIENTED_EDGE('',*,*,#2111,.T.);
#2982=ORIENTED_EDGE('',*,*,#2118,.T.);
#2983=ORIENTED_EDGE('',*,*,#2119,.T.);
#2984=ORIENTED_EDGE('',*,*,#1737,.T.);
#2985=ORIENTED_EDGE('',*,*,#2112,.T.);
#2986=ORIENTED_EDGE('',*,*,#1738,.T.);
#2987=ORIENTED_EDGE('',*,*,#2119,.F.);
#2988=ORIENTED_EDGE('',*,*,#2120,.T.);
#2989=ORIENTED_EDGE('',*,*,#2117,.F.);
#2990=ORIENTED_EDGE('',*,*,#1736,.T.);
#2991=ORIENTED_EDGE('',*,*,#2121,.T.);
#2992=ORIENTED_EDGE('',*,*,#2122,.T.);
#2993=ORIENTED_EDGE('',*,*,#2123,.T.);
#2994=ORIENTED_EDGE('',*,*,#1728,.T.);
#2995=ORIENTED_EDGE('',*,*,#2120,.F.);
#2996=ORIENTED_EDGE('',*,*,#2124,.T.);
#2997=ORIENTED_EDGE('',*,*,#2083,.F.);
#2998=ORIENTED_EDGE('',*,*,#2082,.F.);
#2999=ORIENTED_EDGE('',*,*,#2125,.T.);
#3000=ORIENTED_EDGE('',*,*,#2118,.F.);
#3001=ORIENTED_EDGE('',*,*,#2126,.F.);
#3002=ORIENTED_EDGE('',*,*,#1954,.F.);
#3003=ORIENTED_EDGE('',*,*,#1953,.F.);
#3004=ORIENTED_EDGE('',*,*,#2124,.F.);
#3005=ORIENTED_EDGE('',*,*,#1787,.T.);
#3006=ORIENTED_EDGE('',*,*,#2046,.F.);
#3007=ORIENTED_EDGE('',*,*,#2127,.T.);
#3008=ORIENTED_EDGE('',*,*,#2128,.T.);
#3009=ORIENTED_EDGE('',*,*,#1998,.T.);
#3010=ORIENTED_EDGE('',*,*,#1783,.T.);
#3011=ORIENTED_EDGE('',*,*,#1896,.F.);
#3012=ORIENTED_EDGE('',*,*,#2129,.T.);
#3013=ORIENTED_EDGE('',*,*,#2130,.T.);
#3014=ORIENTED_EDGE('',*,*,#1996,.T.);
#3015=ORIENTED_EDGE('',*,*,#2131,.T.);
#3016=ORIENTED_EDGE('',*,*,#1729,.T.);
#3017=ORIENTED_EDGE('',*,*,#2123,.F.);
#3018=ORIENTED_EDGE('',*,*,#2132,.T.);
#3019=ORIENTED_EDGE('',*,*,#2133,.T.);
#3020=ORIENTED_EDGE('',*,*,#1730,.T.);
#3021=ORIENTED_EDGE('',*,*,#2131,.F.);
#3022=ORIENTED_EDGE('',*,*,#2134,.T.);
#3023=ORIENTED_EDGE('',*,*,#2135,.T.);
#3024=ORIENTED_EDGE('',*,*,#1734,.T.);
#3025=ORIENTED_EDGE('',*,*,#2136,.T.);
#3026=ORIENTED_EDGE('',*,*,#2137,.T.);
#3027=ORIENTED_EDGE('',*,*,#2121,.F.);
#3028=ORIENTED_EDGE('',*,*,#1735,.T.);
#3029=ORIENTED_EDGE('',*,*,#2135,.F.);
#3030=ORIENTED_EDGE('',*,*,#2138,.T.);
#3031=ORIENTED_EDGE('',*,*,#2132,.F.);
#3032=ORIENTED_EDGE('',*,*,#2139,.T.);
#3033=ORIENTED_EDGE('',*,*,#1944,.F.);
#3034=ORIENTED_EDGE('',*,*,#1943,.F.);
#3035=ORIENTED_EDGE('',*,*,#2140,.T.);
#3036=ORIENTED_EDGE('',*,*,#2122,.F.);
#3037=ORIENTED_EDGE('',*,*,#2141,.F.);
#3038=ORIENTED_EDGE('',*,*,#2080,.F.);
#3039=ORIENTED_EDGE('',*,*,#2139,.F.);
#3040=ORIENTED_EDGE('',*,*,#2133,.F.);
#3041=ORIENTED_EDGE('',*,*,#2142,.F.);
#3042=ORIENTED_EDGE('',*,*,#2143,.T.);
#3043=ORIENTED_EDGE('',*,*,#2144,.T.);
#3044=ORIENTED_EDGE('',*,*,#1731,.T.);
#3045=ORIENTED_EDGE('',*,*,#2137,.F.);
#3046=ORIENTED_EDGE('',*,*,#2145,.T.);
#3047=ORIENTED_EDGE('',*,*,#2146,.T.);
#3048=ORIENTED_EDGE('',*,*,#2142,.T.);
#3049=ORIENTED_EDGE('',*,*,#2147,.T.);
#3050=ORIENTED_EDGE('',*,*,#1732,.T.);
#3051=ORIENTED_EDGE('',*,*,#2144,.F.);
#3052=ORIENTED_EDGE('',*,*,#2148,.T.);
#3053=ORIENTED_EDGE('',*,*,#2136,.F.);
#3054=ORIENTED_EDGE('',*,*,#1733,.T.);
#3055=ORIENTED_EDGE('',*,*,#2147,.F.);
#3056=ORIENTED_EDGE('',*,*,#2149,.T.);
#3057=ORIENTED_EDGE('',*,*,#2145,.F.);
#3058=ORIENTED_EDGE('',*,*,#2143,.F.);
#3059=ORIENTED_EDGE('',*,*,#2150,.T.);
#3060=ORIENTED_EDGE('',*,*,#2071,.F.);
#3061=ORIENTED_EDGE('',*,*,#2070,.F.);
#3062=ORIENTED_EDGE('',*,*,#2151,.T.);
#3063=ORIENTED_EDGE('',*,*,#2146,.F.);
#3064=ORIENTED_EDGE('',*,*,#2152,.F.);
#3065=ORIENTED_EDGE('',*,*,#1935,.F.);
#3066=ORIENTED_EDGE('',*,*,#2150,.F.);
#3067=ORIENTED_EDGE('',*,*,#2153,.T.);
#3068=ORIENTED_EDGE('',*,*,#1684,.T.);
#3069=ORIENTED_EDGE('',*,*,#2154,.T.);
#3070=ORIENTED_EDGE('',*,*,#1993,.T.);
#3071=ORIENTED_EDGE('',*,*,#2155,.T.);
#3072=ORIENTED_EDGE('',*,*,#1685,.T.);
#3073=ORIENTED_EDGE('',*,*,#2153,.F.);
#3074=ORIENTED_EDGE('',*,*,#2156,.T.);
#3075=ORIENTED_EDGE('',*,*,#2157,.T.);
#3076=ORIENTED_EDGE('',*,*,#1686,.T.);
#3077=ORIENTED_EDGE('',*,*,#2155,.F.);
#3078=ORIENTED_EDGE('',*,*,#2158,.T.);
#3079=ORIENTED_EDGE('',*,*,#2154,.F.);
#3080=ORIENTED_EDGE('',*,*,#1687,.T.);
#3081=ORIENTED_EDGE('',*,*,#2157,.F.);
#3082=ORIENTED_EDGE('',*,*,#2159,.T.);
#3083=ORIENTED_EDGE('',*,*,#2156,.F.);
#3084=ORIENTED_EDGE('',*,*,#1992,.F.);
#3085=ORIENTED_EDGE('',*,*,#2130,.F.);
#3086=ORIENTED_EDGE('',*,*,#2129,.F.);
#3087=ORIENTED_EDGE('',*,*,#2160,.F.);
#3088=ORIENTED_EDGE('',*,*,#2161,.T.);
#3089=ORIENTED_EDGE('',*,*,#1706,.T.);
#3090=ORIENTED_EDGE('',*,*,#2162,.T.);
#3091=ORIENTED_EDGE('',*,*,#2163,.T.);
#3092=ORIENTED_EDGE('',*,*,#2164,.T.);
#3093=ORIENTED_EDGE('',*,*,#1721,.T.);
#3094=ORIENTED_EDGE('',*,*,#2165,.T.);
#3095=ORIENTED_EDGE('',*,*,#2166,.T.);
#3096=ORIENTED_EDGE('',*,*,#1722,.T.);
#3097=ORIENTED_EDGE('',*,*,#2164,.F.);
#3098=ORIENTED_EDGE('',*,*,#2167,.T.);
#3099=ORIENTED_EDGE('',*,*,#2168,.T.);
#3100=ORIENTED_EDGE('',*,*,#1704,.T.);
#3101=ORIENTED_EDGE('',*,*,#2166,.F.);
#3102=ORIENTED_EDGE('',*,*,#2169,.T.);
#3103=ORIENTED_EDGE('',*,*,#2162,.F.);
#3104=ORIENTED_EDGE('',*,*,#1705,.T.);
#3105=ORIENTED_EDGE('',*,*,#2168,.F.);
#3106=ORIENTED_EDGE('',*,*,#2170,.T.);
#3107=ORIENTED_EDGE('',*,*,#2161,.F.);
#3108=ORIENTED_EDGE('',*,*,#2171,.F.);
#3109=ORIENTED_EDGE('',*,*,#2172,.T.);
#3110=ORIENTED_EDGE('',*,*,#2173,.T.);
#3111=ORIENTED_EDGE('',*,*,#1707,.T.);
#3112=ORIENTED_EDGE('',*,*,#2165,.F.);
#3113=ORIENTED_EDGE('',*,*,#1720,.T.);
#3114=ORIENTED_EDGE('',*,*,#2174,.F.);
#3115=ORIENTED_EDGE('',*,*,#2175,.T.);
#3116=ORIENTED_EDGE('',*,*,#2171,.T.);
#3117=ORIENTED_EDGE('',*,*,#2167,.F.);
#3118=ORIENTED_EDGE('',*,*,#2176,.F.);
#3119=ORIENTED_EDGE('',*,*,#2066,.F.);
#3120=ORIENTED_EDGE('',*,*,#2065,.F.);
#3121=ORIENTED_EDGE('',*,*,#2177,.F.);
#3122=ORIENTED_EDGE('',*,*,#2163,.F.);
#3123=ORIENTED_EDGE('',*,*,#2178,.T.);
#3124=ORIENTED_EDGE('',*,*,#1929,.F.);
#3125=ORIENTED_EDGE('',*,*,#1928,.F.);
#3126=ORIENTED_EDGE('',*,*,#2176,.T.);
#3127=ORIENTED_EDGE('',*,*,#2179,.T.);
#3128=ORIENTED_EDGE('',*,*,#1709,.T.);
#3129=ORIENTED_EDGE('',*,*,#2180,.T.);
#3130=ORIENTED_EDGE('',*,*,#2181,.T.);
#3131=ORIENTED_EDGE('',*,*,#2174,.T.);
#3132=ORIENTED_EDGE('',*,*,#1719,.T.);
#3133=ORIENTED_EDGE('',*,*,#2180,.F.);
#3134=ORIENTED_EDGE('',*,*,#1708,.T.);
#3135=ORIENTED_EDGE('',*,*,#2173,.F.);
#3136=ORIENTED_EDGE('',*,*,#2182,.T.);
#3137=ORIENTED_EDGE('',*,*,#2179,.F.);
#3138=ORIENTED_EDGE('',*,*,#1718,.T.);
#3139=ORIENTED_EDGE('',*,*,#2183,.F.);
#3140=ORIENTED_EDGE('',*,*,#2184,.T.);
#3141=ORIENTED_EDGE('',*,*,#2185,.T.);
#3142=ORIENTED_EDGE('',*,*,#1710,.T.);
#3143=ORIENTED_EDGE('',*,*,#2175,.F.);
#3144=ORIENTED_EDGE('',*,*,#2186,.F.);
#3145=ORIENTED_EDGE('',*,*,#2061,.F.);
#3146=ORIENTED_EDGE('',*,*,#2060,.F.);
#3147=ORIENTED_EDGE('',*,*,#2187,.F.);
#3148=ORIENTED_EDGE('',*,*,#2181,.F.);
#3149=ORIENTED_EDGE('',*,*,#2188,.T.);
#3150=ORIENTED_EDGE('',*,*,#1922,.F.);
#3151=ORIENTED_EDGE('',*,*,#1921,.F.);
#3152=ORIENTED_EDGE('',*,*,#2186,.T.);
#3153=ORIENTED_EDGE('',*,*,#2189,.T.);
#3154=ORIENTED_EDGE('',*,*,#1712,.T.);
#3155=ORIENTED_EDGE('',*,*,#2190,.T.);
#3156=ORIENTED_EDGE('',*,*,#2191,.T.);
#3157=ORIENTED_EDGE('',*,*,#2192,.T.);
#3158=ORIENTED_EDGE('',*,*,#1716,.T.);
#3159=ORIENTED_EDGE('',*,*,#2193,.T.);
#3160=ORIENTED_EDGE('',*,*,#2194,.T.);
#3161=ORIENTED_EDGE('',*,*,#2183,.T.);
#3162=ORIENTED_EDGE('',*,*,#1717,.T.);
#3163=ORIENTED_EDGE('',*,*,#2192,.F.);
#3164=ORIENTED_EDGE('',*,*,#2195,.T.);
#3165=ORIENTED_EDGE('',*,*,#2190,.F.);
#3166=ORIENTED_EDGE('',*,*,#1711,.T.);
#3167=ORIENTED_EDGE('',*,*,#2185,.F.);
#3168=ORIENTED_EDGE('',*,*,#2196,.T.);
#3169=ORIENTED_EDGE('',*,*,#2189,.F.);
#3170=ORIENTED_EDGE('',*,*,#2197,.F.);
#3171=ORIENTED_EDGE('',*,*,#2198,.T.);
#3172=ORIENTED_EDGE('',*,*,#2199,.F.);
#3173=ORIENTED_EDGE('',*,*,#1713,.T.);
#3174=ORIENTED_EDGE('',*,*,#2194,.F.);
#3175=ORIENTED_EDGE('',*,*,#2200,.F.);
#3176=ORIENTED_EDGE('',*,*,#2201,.T.);
#3177=ORIENTED_EDGE('',*,*,#2197,.T.);
#3178=ORIENTED_EDGE('',*,*,#2193,.F.);
#3179=ORIENTED_EDGE('',*,*,#1715,.T.);
#3180=ORIENTED_EDGE('',*,*,#2202,.F.);
#3181=ORIENTED_EDGE('',*,*,#2203,.T.);
#3182=ORIENTED_EDGE('',*,*,#2200,.T.);
#3183=ORIENTED_EDGE('',*,*,#2195,.F.);
#3184=ORIENTED_EDGE('',*,*,#2204,.F.);
#3185=ORIENTED_EDGE('',*,*,#2057,.F.);
#3186=ORIENTED_EDGE('',*,*,#2056,.F.);
#3187=ORIENTED_EDGE('',*,*,#2205,.F.);
#3188=ORIENTED_EDGE('',*,*,#2191,.F.);
#3189=ORIENTED_EDGE('',*,*,#2206,.T.);
#3190=ORIENTED_EDGE('',*,*,#1915,.F.);
#3191=ORIENTED_EDGE('',*,*,#2204,.T.);
#3192=ORIENTED_EDGE('',*,*,#2006,.T.);
#3193=ORIENTED_EDGE('',*,*,#2207,.F.);
#3194=ORIENTED_EDGE('',*,*,#2096,.F.);
#3195=ORIENTED_EDGE('',*,*,#2098,.F.);
#3196=ORIENTED_EDGE('',*,*,#1909,.F.);
#3197=ORIENTED_EDGE('',*,*,#1908,.F.);
#3198=ORIENTED_EDGE('',*,*,#1973,.T.);
#3199=ORIENTED_EDGE('',*,*,#1974,.T.);
#3200=ORIENTED_EDGE('',*,*,#1962,.F.);
#3201=ORIENTED_EDGE('',*,*,#2097,.F.);
#3202=ORIENTED_EDGE('',*,*,#2207,.T.);
#3203=ORIENTED_EDGE('',*,*,#1888,.F.);
#3204=ORIENTED_EDGE('',*,*,#1887,.F.);
#3205=ORIENTED_EDGE('',*,*,#2005,.T.);
#3206=ORIENTED_EDGE('',*,*,#2107,.F.);
#3207=ORIENTED_EDGE('',*,*,#2115,.F.);
#3208=ORIENTED_EDGE('',*,*,#2090,.F.);
#3209=ORIENTED_EDGE('',*,*,#2089,.F.);
#3210=ORIENTED_EDGE('',*,*,#2208,.F.);
#3211=ORIENTED_EDGE('',*,*,#2108,.F.);
#3212=ORIENTED_EDGE('',*,*,#2208,.T.);
#3213=ORIENTED_EDGE('',*,*,#1957,.F.);
#3214=ORIENTED_EDGE('',*,*,#1956,.F.);
#3215=ORIENTED_EDGE('',*,*,#2116,.T.);
#3216=ORIENTED_EDGE('',*,*,#2113,.F.);
#3217=ORIENTED_EDGE('',*,*,#2125,.F.);
#3218=ORIENTED_EDGE('',*,*,#2085,.F.);
#3219=ORIENTED_EDGE('',*,*,#2084,.F.);
#3220=ORIENTED_EDGE('',*,*,#2209,.F.);
#3221=ORIENTED_EDGE('',*,*,#2110,.F.);
#3222=ORIENTED_EDGE('',*,*,#2209,.T.);
#3223=ORIENTED_EDGE('',*,*,#1950,.F.);
#3224=ORIENTED_EDGE('',*,*,#1949,.F.);
#3225=ORIENTED_EDGE('',*,*,#2126,.T.);
#3226=ORIENTED_EDGE('',*,*,#2134,.F.);
#3227=ORIENTED_EDGE('',*,*,#2140,.F.);
#3228=ORIENTED_EDGE('',*,*,#1947,.F.);
#3229=ORIENTED_EDGE('',*,*,#2210,.F.);
#3230=ORIENTED_EDGE('',*,*,#2138,.F.);
#3231=ORIENTED_EDGE('',*,*,#2210,.T.);
#3232=ORIENTED_EDGE('',*,*,#2079,.F.);
#3233=ORIENTED_EDGE('',*,*,#2078,.F.);
#3234=ORIENTED_EDGE('',*,*,#2141,.T.);
#3235=ORIENTED_EDGE('',*,*,#2148,.F.);
#3236=ORIENTED_EDGE('',*,*,#2151,.F.);
#3237=ORIENTED_EDGE('',*,*,#2072,.F.);
#3238=ORIENTED_EDGE('',*,*,#2211,.F.);
#3239=ORIENTED_EDGE('',*,*,#2149,.F.);
#3240=ORIENTED_EDGE('',*,*,#2211,.T.);
#3241=ORIENTED_EDGE('',*,*,#1932,.F.);
#3242=ORIENTED_EDGE('',*,*,#1931,.F.);
#3243=ORIENTED_EDGE('',*,*,#2152,.T.);
#3244=ORIENTED_EDGE('',*,*,#2202,.T.);
#3245=ORIENTED_EDGE('',*,*,#1714,.T.);
#3246=ORIENTED_EDGE('',*,*,#2199,.T.);
#3247=ORIENTED_EDGE('',*,*,#2212,.T.);
#3248=ORIENTED_EDGE('',*,*,#2203,.F.);
#3249=ORIENTED_EDGE('',*,*,#2213,.F.);
#3250=ORIENTED_EDGE('',*,*,#1938,.F.);
#3251=ORIENTED_EDGE('',*,*,#1937,.F.);
#3252=ORIENTED_EDGE('',*,*,#2214,.F.);
#3253=ORIENTED_EDGE('',*,*,#2212,.F.);
#3254=ORIENTED_EDGE('',*,*,#2215,.T.);
#3255=ORIENTED_EDGE('',*,*,#2076,.F.);
#3256=ORIENTED_EDGE('',*,*,#2213,.T.);
#3257=ORIENTED_EDGE('',*,*,#2201,.F.);
#3258=ORIENTED_EDGE('',*,*,#2214,.T.);
#3259=ORIENTED_EDGE('',*,*,#1941,.F.);
#3260=ORIENTED_EDGE('',*,*,#2216,.T.);
#3261=ORIENTED_EDGE('',*,*,#2198,.F.);
#3262=ORIENTED_EDGE('',*,*,#2216,.F.);
#3263=ORIENTED_EDGE('',*,*,#2075,.F.);
#3264=ORIENTED_EDGE('',*,*,#2074,.F.);
#3265=ORIENTED_EDGE('',*,*,#2215,.F.);
#3266=ORIENTED_EDGE('',*,*,#2184,.F.);
#3267=ORIENTED_EDGE('',*,*,#2205,.T.);
#3268=ORIENTED_EDGE('',*,*,#2058,.F.);
#3269=ORIENTED_EDGE('',*,*,#2217,.T.);
#3270=ORIENTED_EDGE('',*,*,#2196,.F.);
#3271=ORIENTED_EDGE('',*,*,#2217,.F.);
#3272=ORIENTED_EDGE('',*,*,#1912,.F.);
#3273=ORIENTED_EDGE('',*,*,#1911,.F.);
#3274=ORIENTED_EDGE('',*,*,#2206,.F.);
#3275=ORIENTED_EDGE('',*,*,#2172,.F.);
#3276=ORIENTED_EDGE('',*,*,#2187,.T.);
#3277=ORIENTED_EDGE('',*,*,#2063,.F.);
#3278=ORIENTED_EDGE('',*,*,#2062,.F.);
#3279=ORIENTED_EDGE('',*,*,#2218,.T.);
#3280=ORIENTED_EDGE('',*,*,#2182,.F.);
#3281=ORIENTED_EDGE('',*,*,#2218,.F.);
#3282=ORIENTED_EDGE('',*,*,#1918,.F.);
#3283=ORIENTED_EDGE('',*,*,#1917,.F.);
#3284=ORIENTED_EDGE('',*,*,#2188,.F.);
#3285=ORIENTED_EDGE('',*,*,#2169,.F.);
#3286=ORIENTED_EDGE('',*,*,#2177,.T.);
#3287=ORIENTED_EDGE('',*,*,#2068,.F.);
#3288=ORIENTED_EDGE('',*,*,#2067,.F.);
#3289=ORIENTED_EDGE('',*,*,#2219,.T.);
#3290=ORIENTED_EDGE('',*,*,#2170,.F.);
#3291=ORIENTED_EDGE('',*,*,#2219,.F.);
#3292=ORIENTED_EDGE('',*,*,#1925,.F.);
#3293=ORIENTED_EDGE('',*,*,#1924,.F.);
#3294=ORIENTED_EDGE('',*,*,#2178,.F.);
#3295=ORIENTED_EDGE('',*,*,#2000,.T.);
#3296=ORIENTED_EDGE('',*,*,#1999,.F.);
#3297=ORIENTED_EDGE('',*,*,#2220,.T.);
#3298=ORIENTED_EDGE('',*,*,#2158,.F.);
#3299=ORIENTED_EDGE('',*,*,#2160,.T.);
#3300=ORIENTED_EDGE('',*,*,#1895,.F.);
#3301=ORIENTED_EDGE('',*,*,#1980,.T.);
#3302=ORIENTED_EDGE('',*,*,#1983,.T.);
#3303=ORIENTED_EDGE('',*,*,#1984,.F.);
#3304=ORIENTED_EDGE('',*,*,#2159,.F.);
#3305=ORIENTED_EDGE('',*,*,#2220,.F.);
#3306=ORIENTED_EDGE('',*,*,#2128,.F.);
#3307=ORIENTED_EDGE('',*,*,#2127,.F.);
#3308=ORIENTED_EDGE('',*,*,#1994,.F.);
#3309=TOROIDAL_SURFACE('',#3519,46.963,8.787);
#3310=TOROIDAL_SURFACE('',#3784,55.25,0.5);
#3311=ADVANCED_FACE('',(#681),#3309,.T.);
#3312=ADVANCED_FACE('',(#682),#610,.T.);
#3313=ADVANCED_FACE('',(#683,#118,#119,#120,#121,#122),#270,.T.);
#3314=ADVANCED_FACE('',(#684),#105,.T.);
#3315=ADVANCED_FACE('',(#685),#106,.F.);
#3316=ADVANCED_FACE('',(#686),#107,.F.);
#3317=ADVANCED_FACE('',(#687),#108,.T.);
#3318=ADVANCED_FACE('',(#688),#611,.F.);
#3319=ADVANCED_FACE('',(#689),#612,.F.);
#3320=ADVANCED_FACE('',(#690),#109,.F.);
#3321=ADVANCED_FACE('',(#691),#110,.F.);
#3322=ADVANCED_FACE('',(#692),#111,.F.);
#3323=ADVANCED_FACE('',(#693),#271,.T.);
#3324=ADVANCED_FACE('',(#694),#272,.T.);
#3325=ADVANCED_FACE('',(#695,#123,#124,#125,#126,#127,#128,#129,#130,#131),
#273,.T.);
#3326=ADVANCED_FACE('',(#696,#132),#613,.F.);
#3327=ADVANCED_FACE('',(#697),#112,.F.);
#3328=ADVANCED_FACE('',(#698),#113,.F.);
#3329=ADVANCED_FACE('',(#699),#114,.F.);
#3330=ADVANCED_FACE('',(#700),#274,.T.);
#3331=ADVANCED_FACE('',(#701),#275,.T.);
#3332=ADVANCED_FACE('',(#702),#614,.F.);
#3333=ADVANCED_FACE('',(#703),#276,.F.);
#3334=ADVANCED_FACE('',(#704),#615,.F.);
#3335=ADVANCED_FACE('',(#705),#616,.F.);
#3336=ADVANCED_FACE('',(#706),#277,.F.);
#3337=ADVANCED_FACE('',(#707),#278,.F.);
#3338=ADVANCED_FACE('',(#708),#617,.F.);
#3339=ADVANCED_FACE('',(#709),#618,.F.);
#3340=ADVANCED_FACE('',(#710),#279,.F.);
#3341=ADVANCED_FACE('',(#711),#619,.F.);
#3342=ADVANCED_FACE('',(#712),#280,.T.);
#3343=ADVANCED_FACE('',(#713),#281,.T.);
#3344=ADVANCED_FACE('',(#714),#282,.T.);
#3345=ADVANCED_FACE('',(#715),#283,.T.);
#3346=ADVANCED_FACE('',(#716),#284,.F.);
#3347=ADVANCED_FACE('',(#717),#620,.F.);
#3348=ADVANCED_FACE('',(#718),#621,.F.);
#3349=ADVANCED_FACE('',(#719),#622,.F.);
#3350=ADVANCED_FACE('',(#720),#623,.F.);
#3351=ADVANCED_FACE('',(#721),#624,.F.);
#3352=ADVANCED_FACE('',(#722),#625,.F.);
#3353=ADVANCED_FACE('',(#723),#626,.F.);
#3354=ADVANCED_FACE('',(#724),#627,.T.);
#3355=ADVANCED_FACE('',(#725),#628,.F.);
#3356=ADVANCED_FACE('',(#726),#629,.T.);
#3357=ADVANCED_FACE('',(#727),#630,.F.);
#3358=ADVANCED_FACE('',(#728),#631,.F.);
#3359=ADVANCED_FACE('',(#729),#632,.F.);
#3360=ADVANCED_FACE('',(#730),#633,.F.);
#3361=ADVANCED_FACE('',(#731),#634,.T.);
#3362=ADVANCED_FACE('',(#732),#635,.F.);
#3363=ADVANCED_FACE('',(#733),#636,.T.);
#3364=ADVANCED_FACE('',(#734),#637,.F.);
#3365=ADVANCED_FACE('',(#735),#638,.T.);
#3366=ADVANCED_FACE('',(#736),#639,.F.);
#3367=ADVANCED_FACE('',(#737),#640,.F.);
#3368=ADVANCED_FACE('',(#738),#641,.F.);
#3369=ADVANCED_FACE('',(#739),#642,.F.);
#3370=ADVANCED_FACE('',(#740),#643,.F.);
#3371=ADVANCED_FACE('',(#741),#644,.T.);
#3372=ADVANCED_FACE('',(#742),#645,.F.);
#3373=ADVANCED_FACE('',(#743),#646,.T.);
#3374=ADVANCED_FACE('',(#744),#647,.F.);
#3375=ADVANCED_FACE('',(#745),#648,.T.);
#3376=ADVANCED_FACE('',(#746),#57,.T.);
#3377=ADVANCED_FACE('',(#747),#649,.T.);
#3378=ADVANCED_FACE('',(#748),#58,.T.);
#3379=ADVANCED_FACE('',(#749),#285,.T.);
#3380=ADVANCED_FACE('',(#750),#59,.T.);
#3381=ADVANCED_FACE('',(#751),#286,.T.);
#3382=ADVANCED_FACE('',(#752),#60,.T.);
#3383=ADVANCED_FACE('',(#753),#287,.F.);
#3384=ADVANCED_FACE('',(#754),#17,.F.);
#3385=ADVANCED_FACE('',(#755),#650,.T.);
#3386=ADVANCED_FACE('',(#756),#651,.F.);
#3387=ADVANCED_FACE('',(#757),#288,.F.);
#3388=ADVANCED_FACE('',(#758),#18,.T.);
#3389=ADVANCED_FACE('',(#759),#652,.F.);
#3390=ADVANCED_FACE('',(#760),#653,.T.);
#3391=ADVANCED_FACE('',(#761),#654,.T.);
#3392=ADVANCED_FACE('',(#762),#115,.T.);
#3393=ADVANCED_FACE('',(#763),#116,.T.);
#3394=ADVANCED_FACE('',(#764),#655,.T.);
#3395=ADVANCED_FACE('',(#765),#656,.T.);
#3396=ADVANCED_FACE('',(#766),#657,.T.);
#3397=ADVANCED_FACE('',(#767),#658,.T.);
#3398=ADVANCED_FACE('',(#768),#659,.T.);
#3399=ADVANCED_FACE('',(#769),#660,.T.);
#3400=ADVANCED_FACE('',(#770),#117,.T.);
#3401=ADVANCED_FACE('',(#771),#661,.T.);
#3402=ADVANCED_FACE('',(#772),#662,.T.);
#3403=ADVANCED_FACE('',(#773,#133,#134,#135),#289,.T.);
#3404=ADVANCED_FACE('',(#774),#290,.T.);
#3405=ADVANCED_FACE('',(#775),#291,.T.);
#3406=ADVANCED_FACE('',(#776),#292,.T.);
#3407=ADVANCED_FACE('',(#777),#3310,.T.);
#3408=ADVANCED_FACE('',(#778),#293,.T.);
#3409=ADVANCED_FACE('',(#779),#663,.F.);
#3410=ADVANCED_FACE('',(#780),#664,.F.);
#3411=ADVANCED_FACE('',(#781),#665,.F.);
#3412=ADVANCED_FACE('',(#782),#666,.F.);
#3413=ADVANCED_FACE('',(#783),#667,.F.);
#3414=ADVANCED_FACE('',(#784),#668,.F.);
#3415=ADVANCED_FACE('',(#785),#669,.F.);
#3416=ADVANCED_FACE('',(#786),#670,.T.);
#3417=ADVANCED_FACE('',(#787),#671,.F.);
#3418=ADVANCED_FACE('',(#788),#672,.T.);
#3419=ADVANCED_FACE('',(#789),#673,.F.);
#3420=ADVANCED_FACE('',(#790),#674,.F.);
#3421=ADVANCED_FACE('',(#791),#675,.F.);
#3422=ADVANCED_FACE('',(#792),#676,.F.);
#3423=ADVANCED_FACE('',(#793),#677,.F.);
#3424=ADVANCED_FACE('',(#794),#678,.F.);
#3425=ADVANCED_FACE('',(#795),#61,.F.);
#3426=ADVANCED_FACE('',(#796),#62,.F.);
#3427=ADVANCED_FACE('',(#797),#63,.F.);
#3428=ADVANCED_FACE('',(#798),#64,.F.);
#3429=ADVANCED_FACE('',(#799),#19,.F.);
#3430=ADVANCED_FACE('',(#800),#65,.F.);
#3431=ADVANCED_FACE('',(#801),#66,.F.);
#3432=ADVANCED_FACE('',(#802),#67,.F.);
#3433=ADVANCED_FACE('',(#803),#68,.F.);
#3434=ADVANCED_FACE('',(#804),#69,.F.);
#3435=ADVANCED_FACE('',(#805),#70,.F.);
#3436=ADVANCED_FACE('',(#806),#20,.F.);
#3437=ADVANCED_FACE('',(#807),#21,.T.);
#3438=ADVANCED_FACE('',(#808),#71,.F.);
#3439=ADVANCED_FACE('',(#809),#72,.F.);
#3440=ADVANCED_FACE('',(#810),#73,.F.);
#3441=ADVANCED_FACE('',(#811),#22,.F.);
#3442=ADVANCED_FACE('',(#812),#23,.T.);
#3443=ADVANCED_FACE('',(#813),#679,.F.);
#3444=ADVANCED_FACE('',(#814),#680,.F.);
#3445=ADVANCED_FACE('',(#815),#74,.F.);
#3446=ADVANCED_FACE('',(#816),#75,.F.);
#3447=ADVANCED_FACE('',(#817),#76,.F.);
#3448=ADVANCED_FACE('',(#818),#24,.F.);
#3449=ADVANCED_FACE('',(#819),#25,.F.);
#3450=ADVANCED_FACE('',(#820),#77,.F.);
#3451=ADVANCED_FACE('',(#821),#78,.F.);
#3452=ADVANCED_FACE('',(#822),#79,.F.);
#3453=ADVANCED_FACE('',(#823),#80,.F.);
#3454=ADVANCED_FACE('',(#824),#26,.F.);
#3455=ADVANCED_FACE('',(#825),#27,.F.);
#3456=ADVANCED_FACE('',(#826),#81,.F.);
#3457=ADVANCED_FACE('',(#827),#82,.F.);
#3458=ADVANCED_FACE('',(#828),#83,.F.);
#3459=ADVANCED_FACE('',(#829),#84,.F.);
#3460=ADVANCED_FACE('',(#830),#28,.T.);
#3461=ADVANCED_FACE('',(#831),#85,.F.);
#3462=ADVANCED_FACE('',(#832),#86,.F.);
#3463=ADVANCED_FACE('',(#833),#87,.F.);
#3464=ADVANCED_FACE('',(#834),#88,.F.);
#3465=ADVANCED_FACE('',(#835),#89,.F.);
#3466=ADVANCED_FACE('',(#836),#90,.F.);
#3467=ADVANCED_FACE('',(#837),#29,.T.);
#3468=ADVANCED_FACE('',(#838),#30,.F.);
#3469=ADVANCED_FACE('',(#839),#91,.F.);
#3470=ADVANCED_FACE('',(#840),#92,.F.);
#3471=ADVANCED_FACE('',(#841),#93,.F.);
#3472=ADVANCED_FACE('',(#842),#31,.T.);
#3473=ADVANCED_FACE('',(#843),#32,.F.);
#3474=ADVANCED_FACE('',(#844),#94,.F.);
#3475=ADVANCED_FACE('',(#845),#95,.F.);
#3476=ADVANCED_FACE('',(#846),#96,.F.);
#3477=ADVANCED_FACE('',(#847),#97,.F.);
#3478=ADVANCED_FACE('',(#848),#98,.F.);
#3479=ADVANCED_FACE('',(#849),#99,.F.);
#3480=ADVANCED_FACE('',(#850),#33,.T.);
#3481=ADVANCED_FACE('',(#851),#34,.F.);
#3482=ADVANCED_FACE('',(#852),#35,.F.);
#3483=ADVANCED_FACE('',(#853),#36,.F.);
#3484=ADVANCED_FACE('',(#854),#37,.F.);
#3485=ADVANCED_FACE('',(#855),#38,.F.);
#3486=ADVANCED_FACE('',(#856),#39,.F.);
#3487=ADVANCED_FACE('',(#857),#40,.F.);
#3488=ADVANCED_FACE('',(#858),#41,.T.);
#3489=ADVANCED_FACE('',(#859),#42,.F.);
#3490=ADVANCED_FACE('',(#860),#43,.T.);
#3491=ADVANCED_FACE('',(#861),#44,.F.);
#3492=ADVANCED_FACE('',(#862),#100,.F.);
#3493=ADVANCED_FACE('',(#863),#45,.T.);
#3494=ADVANCED_FACE('',(#864),#46,.F.);
#3495=ADVANCED_FACE('',(#865),#47,.T.);
#3496=ADVANCED_FACE('',(#866),#48,.T.);
#3497=ADVANCED_FACE('',(#867),#49,.T.);
#3498=ADVANCED_FACE('',(#868),#50,.T.);
#3499=ADVANCED_FACE('',(#869),#51,.T.);
#3500=ADVANCED_FACE('',(#870),#52,.T.);
#3501=ADVANCED_FACE('',(#871),#53,.T.);
#3502=ADVANCED_FACE('',(#872),#54,.T.);
#3503=ADVANCED_FACE('',(#873),#55,.T.);
#3504=ADVANCED_FACE('',(#874),#56,.T.);
#3505=CLOSED_SHELL('',(#3311,#3312,#3313,#3314,#3315,#3316,#3317,#3318,
#3319,#3320,#3321,#3322,#3323,#3324,#3325,#3326,#3327,#3328,#3329,#3330,
#3331,#3332,#3333,#3334,#3335,#3336,#3337,#3338,#3339,#3340,#3341,#3342,
#3343,#3344,#3345,#3346,#3347,#3348,#3349,#3350,#3351,#3352,#3353,#3354,
#3355,#3356,#3357,#3358,#3359,#3360,#3361,#3362,#3363,#3364,#3365,#3366,
#3367,#3368,#3369,#3370,#3371,#3372,#3373,#3374,#3375,#3376,#3377,#3378,
#3379,#3380,#3381,#3382,#3383,#3384,#3385,#3386,#3387,#3388,#3389,#3390,
#3391,#3392,#3393,#3394,#3395,#3396,#3397,#3398,#3399,#3400,#3401,#3402,
#3403,#3404,#3405,#3406,#3407,#3408,#3409,#3410,#3411,#3412,#3413,#3414,
#3415,#3416,#3417,#3418,#3419,#3420,#3421,#3422,#3423,#3424,#3425,#3426,
#3427,#3428,#3429,#3430,#3431,#3432,#3433,#3434,#3435,#3436,#3437,#3438,
#3439,#3440,#3441,#3442,#3443,#3444,#3445,#3446,#3447,#3448,#3449,#3450,
#3451,#3452,#3453,#3454,#3455,#3456,#3457,#3458,#3459,#3460,#3461,#3462,
#3463,#3464,#3465,#3466,#3467,#3468,#3469,#3470,#3471,#3472,#3473,#3474,
#3475,#3476,#3477,#3478,#3479,#3480,#3481,#3482,#3483,#3484,#3485,#3486,
#3487,#3488,#3489,#3490,#3491,#3492,#3493,#3494,#3495,#3496,#3497,#3498,
#3499,#3500,#3501,#3502,#3503,#3504));
#3506=DERIVED_UNIT_ELEMENT(#3508,1.);
#3507=DERIVED_UNIT_ELEMENT(#9434,-3.);
#3508=(
MASS_UNIT()
NAMED_UNIT(*)
SI_UNIT(.KILO.,.GRAM.)
);
#3509=DERIVED_UNIT((#3506,#3507));
#3510=MEASURE_REPRESENTATION_ITEM('density measure',
POSITIVE_RATIO_MEASURE(7850.),#3509);
#3511=PROPERTY_DEFINITION_REPRESENTATION(#3516,#3513);
#3512=PROPERTY_DEFINITION_REPRESENTATION(#3517,#3514);
#3513=REPRESENTATION('material name',(#3515),#9431);
#3514=REPRESENTATION('density',(#3510),#9431);
#3515=DESCRIPTIVE_REPRESENTATION_ITEM('Steel','Steel');
#3516=PROPERTY_DEFINITION('material property','material name',#9441);
#3517=PROPERTY_DEFINITION('material property','density of part',#9441);
#3518=AXIS2_PLACEMENT_3D('',#4759,#3879,#3880);
#3519=AXIS2_PLACEMENT_3D('',#4760,#3881,#3882);
#3520=AXIS2_PLACEMENT_3D('',#4763,#3883,#3884);
#3521=AXIS2_PLACEMENT_3D('',#4764,#3885,#3886);
#3522=AXIS2_PLACEMENT_3D('',#4766,#3887,#3888);
#3523=AXIS2_PLACEMENT_3D('',#4767,#3889,#3890);
#3524=AXIS2_PLACEMENT_3D('',#4768,#3891,#3892);
#3525=AXIS2_PLACEMENT_3D('',#4771,#3893,#3894);
#3526=AXIS2_PLACEMENT_3D('',#4773,#3896,#3897);
#3527=AXIS2_PLACEMENT_3D('',#4774,#3898,#3899);
#3528=AXIS2_PLACEMENT_3D('',#4861,#3900,#3901);
#3529=AXIS2_PLACEMENT_3D('',#4863,#3902,#3903);
#3530=AXIS2_PLACEMENT_3D('',#4865,#3904,#3905);
#3531=AXIS2_PLACEMENT_3D('',#4869,#3907,#3908);
#3532=AXIS2_PLACEMENT_3D('',#4873,#3910,#3911);
#3533=AXIS2_PLACEMENT_3D('',#4875,#3912,#3913);
#3534=AXIS2_PLACEMENT_3D('',#4877,#3914,#3915);
#3535=AXIS2_PLACEMENT_3D('',#4881,#3917,#3918);
#3536=AXIS2_PLACEMENT_3D('',#5193,#3920,#3921);
#3537=AXIS2_PLACEMENT_3D('',#5206,#3922,#3923);
#3538=AXIS2_PLACEMENT_3D('',#5207,#3924,#3925);
#3539=AXIS2_PLACEMENT_3D('',#5214,#3926,#3927);
#3540=AXIS2_PLACEMENT_3D('',#5219,#3928,#3929);
#3541=AXIS2_PLACEMENT_3D('',#5227,#3930,#3931);
#3542=AXIS2_PLACEMENT_3D('',#5233,#3932,#3933);
#3543=AXIS2_PLACEMENT_3D('',#5234,#3934,#3935);
#3544=AXIS2_PLACEMENT_3D('',#5245,#3936,#3937);
#3545=AXIS2_PLACEMENT_3D('',#5247,#3938,#3939);
#3546=AXIS2_PLACEMENT_3D('',#5250,#3941,#3942);
#3547=AXIS2_PLACEMENT_3D('',#5251,#3943,#3944);
#3548=AXIS2_PLACEMENT_3D('',#5252,#3945,#3946);
#3549=AXIS2_PLACEMENT_3D('',#5254,#3947,#3948);
#3550=AXIS2_PLACEMENT_3D('',#5257,#3950,#3951);
#3551=AXIS2_PLACEMENT_3D('',#5258,#3952,#3953);
#3552=AXIS2_PLACEMENT_3D('',#5259,#3954,#3955);
#3553=AXIS2_PLACEMENT_3D('',#5264,#3957,#3958);
#3554=AXIS2_PLACEMENT_3D('',#5267,#3960,#3961);
#3555=AXIS2_PLACEMENT_3D('',#5268,#3962,#3963);
#3556=AXIS2_PLACEMENT_3D('',#5270,#3964,#3965);
#3557=AXIS2_PLACEMENT_3D('',#5273,#3967,#3968);
#3558=AXIS2_PLACEMENT_3D('',#5274,#3969,#3970);
#3559=AXIS2_PLACEMENT_3D('',#5278,#3972,#3973);
#3560=AXIS2_PLACEMENT_3D('',#5279,#3974,#3975);
#3561=AXIS2_PLACEMENT_3D('',#5280,#3976,#3977);
#3562=AXIS2_PLACEMENT_3D('',#5283,#3978,#3979);
#3563=AXIS2_PLACEMENT_3D('',#5286,#3982,#3983);
#3564=AXIS2_PLACEMENT_3D('',#5289,#3984,#3985);
#3565=AXIS2_PLACEMENT_3D('',#5292,#3988,#3989);
#3566=AXIS2_PLACEMENT_3D('',#5295,#3990,#3991);
#3567=AXIS2_PLACEMENT_3D('',#5297,#3992,#3993);
#3568=AXIS2_PLACEMENT_3D('',#5299,#3994,#3995);
#3569=AXIS2_PLACEMENT_3D('',#5301,#3996,#3997);
#3570=AXIS2_PLACEMENT_3D('',#5303,#3998,#3999);
#3571=AXIS2_PLACEMENT_3D('',#5305,#4000,#4001);
#3572=AXIS2_PLACEMENT_3D('',#5307,#4002,#4003);
#3573=AXIS2_PLACEMENT_3D('',#5309,#4004,#4005);
#3574=AXIS2_PLACEMENT_3D('',#5311,#4006,#4007);
#3575=AXIS2_PLACEMENT_3D('',#5313,#4008,#4009);
#3576=AXIS2_PLACEMENT_3D('',#5315,#4010,#4011);
#3577=AXIS2_PLACEMENT_3D('',#5317,#4012,#4013);
#3578=AXIS2_PLACEMENT_3D('',#5319,#4014,#4015);
#3579=AXIS2_PLACEMENT_3D('',#5321,#4016,#4017);
#3580=AXIS2_PLACEMENT_3D('',#5323,#4018,#4019);
#3581=AXIS2_PLACEMENT_3D('',#5325,#4020,#4021);
#3582=AXIS2_PLACEMENT_3D('',#5327,#4022,#4023);
#3583=AXIS2_PLACEMENT_3D('',#5329,#4024,#4025);
#3584=AXIS2_PLACEMENT_3D('',#5331,#4026,#4027);
#3585=AXIS2_PLACEMENT_3D('',#5333,#4028,#4029);
#3586=AXIS2_PLACEMENT_3D('',#5335,#4030,#4031);
#3587=AXIS2_PLACEMENT_3D('',#5336,#4032,#4033);
#3588=AXIS2_PLACEMENT_3D('',#5338,#4034,#4035);
#3589=AXIS2_PLACEMENT_3D('',#5342,#4037,#4038);
#3590=AXIS2_PLACEMENT_3D('',#5344,#4039,#4040);
#3591=AXIS2_PLACEMENT_3D('',#5346,#4041,#4042);
#3592=AXIS2_PLACEMENT_3D('',#5349,#4044,#4045);
#3593=AXIS2_PLACEMENT_3D('',#5352,#4046,#4047);
#3594=AXIS2_PLACEMENT_3D('',#5354,#4048,#4049);
#3595=AXIS2_PLACEMENT_3D('',#5356,#4050,#4051);
#3596=AXIS2_PLACEMENT_3D('',#5357,#4052,#4053);
#3597=AXIS2_PLACEMENT_3D('',#5360,#4054,#4055);
#3598=AXIS2_PLACEMENT_3D('',#5362,#4056,#4057);
#3599=AXIS2_PLACEMENT_3D('',#5364,#4058,#4059);
#3600=AXIS2_PLACEMENT_3D('',#5365,#4060,#4061);
#3601=AXIS2_PLACEMENT_3D('',#5368,#4062,#4063);
#3602=AXIS2_PLACEMENT_3D('',#5370,#4064,#4065);
#3603=AXIS2_PLACEMENT_3D('',#5372,#4066,#4067);
#3604=AXIS2_PLACEMENT_3D('',#5373,#4068,#4069);
#3605=AXIS2_PLACEMENT_3D('',#5376,#4070,#4071);
#3606=AXIS2_PLACEMENT_3D('',#5378,#4072,#4073);
#3607=AXIS2_PLACEMENT_3D('',#5380,#4074,#4075);
#3608=AXIS2_PLACEMENT_3D('',#5381,#4076,#4077);
#3609=AXIS2_PLACEMENT_3D('',#5384,#4078,#4079);
#3610=AXIS2_PLACEMENT_3D('',#5386,#4080,#4081);
#3611=AXIS2_PLACEMENT_3D('',#5388,#4082,#4083);
#3612=AXIS2_PLACEMENT_3D('',#5389,#4084,#4085);
#3613=AXIS2_PLACEMENT_3D('',#5392,#4086,#4087);
#3614=AXIS2_PLACEMENT_3D('',#5394,#4088,#4089);
#3615=AXIS2_PLACEMENT_3D('',#5396,#4090,#4091);
#3616=AXIS2_PLACEMENT_3D('',#5397,#4092,#4093);
#3617=AXIS2_PLACEMENT_3D('',#5400,#4094,#4095);
#3618=AXIS2_PLACEMENT_3D('',#5402,#4096,#4097);
#3619=AXIS2_PLACEMENT_3D('',#5404,#4098,#4099);
#3620=AXIS2_PLACEMENT_3D('',#5405,#4100,#4101);
#3621=AXIS2_PLACEMENT_3D('',#5408,#4102,#4103);
#3622=AXIS2_PLACEMENT_3D('',#5410,#4104,#4105);
#3623=AXIS2_PLACEMENT_3D('',#5412,#4106,#4107);
#3624=AXIS2_PLACEMENT_3D('',#5413,#4108,#4109);
#3625=AXIS2_PLACEMENT_3D('',#5414,#4110,#4111);
#3626=AXIS2_PLACEMENT_3D('',#5418,#4114,#4115);
#3627=AXIS2_PLACEMENT_3D('',#5423,#4117,#4118);
#3628=AXIS2_PLACEMENT_3D('',#5426,#4120,#4121);
#3629=AXIS2_PLACEMENT_3D('',#5427,#4122,#4123);
#3630=AXIS2_PLACEMENT_3D('',#5431,#4125,#4126);
#3631=AXIS2_PLACEMENT_3D('',#5433,#4128,#4129);
#3632=AXIS2_PLACEMENT_3D('',#5435,#4130,#4131);
#3633=AXIS2_PLACEMENT_3D('',#5437,#4133,#4134);
#3634=AXIS2_PLACEMENT_3D('',#5440,#4136,#4137);
#3635=AXIS2_PLACEMENT_3D('',#5441,#4138,#4139);
#3636=AXIS2_PLACEMENT_3D('',#5443,#4140,#4141);
#3637=AXIS2_PLACEMENT_3D('',#5445,#4143,#4144);
#3638=AXIS2_PLACEMENT_3D('',#5447,#4146,#4147);
#3639=AXIS2_PLACEMENT_3D('',#5450,#4150,#4151);
#3640=AXIS2_PLACEMENT_3D('',#5451,#4152,#4153);
#3641=AXIS2_PLACEMENT_3D('',#5454,#4156,#4157);
#3642=AXIS2_PLACEMENT_3D('',#5457,#4160,#4161);
#3643=AXIS2_PLACEMENT_3D('',#5459,#4163,#4164);
#3644=AXIS2_PLACEMENT_3D('',#5461,#4166,#4167);
#3645=AXIS2_PLACEMENT_3D('',#5463,#4169,#4170);
#3646=AXIS2_PLACEMENT_3D('',#5464,#4171,#4172);
#3647=AXIS2_PLACEMENT_3D('',#5466,#4174,#4175);
#3648=AXIS2_PLACEMENT_3D('',#5467,#4176,#4177);
#3649=AXIS2_PLACEMENT_3D('',#5476,#4182,#4183);
#3650=AXIS2_PLACEMENT_3D('',#5479,#4186,#4187);
#3651=AXIS2_PLACEMENT_3D('',#5482,#4190,#4191);
#3652=AXIS2_PLACEMENT_3D('',#5483,#4192,#4193);
#3653=AXIS2_PLACEMENT_3D('',#5484,#4194,#4195);
#3654=AXIS2_PLACEMENT_3D('',#5489,#4198,#4199);
#3655=AXIS2_PLACEMENT_3D('',#5490,#4200,#4201);
#3656=AXIS2_PLACEMENT_3D('',#5492,#4202,#4203);
#3657=AXIS2_PLACEMENT_3D('',#5494,#4205,#4206);
#3658=AXIS2_PLACEMENT_3D('',#5496,#4207,#4208);
#3659=AXIS2_PLACEMENT_3D('',#5498,#4210,#4211);
#3660=AXIS2_PLACEMENT_3D('',#5501,#4212,#4213);
#3661=AXIS2_PLACEMENT_3D('',#5504,#4216,#4217);
#3662=AXIS2_PLACEMENT_3D('',#5506,#4218,#4219);
#3663=AXIS2_PLACEMENT_3D('',#5508,#4221,#4222);
#3664=AXIS2_PLACEMENT_3D('',#5510,#4223,#4224);
#3665=AXIS2_PLACEMENT_3D('',#5512,#4226,#4227);
#3666=AXIS2_PLACEMENT_3D('',#5516,#4229,#4230);
#3667=AXIS2_PLACEMENT_3D('',#5518,#4231,#4232);
#3668=AXIS2_PLACEMENT_3D('',#5520,#4234,#4235);
#3669=AXIS2_PLACEMENT_3D('',#5534,#4237,#4238);
#3670=AXIS2_PLACEMENT_3D('',#5535,#4239,#4240);
#3671=AXIS2_PLACEMENT_3D('',#5550,#4242,#4243);
#3672=AXIS2_PLACEMENT_3D('',#5552,#4245,#4246);
#3673=AXIS2_PLACEMENT_3D('',#5558,#4249,#4250);
#3674=AXIS2_PLACEMENT_3D('',#5560,#4251,#4252);
#3675=AXIS2_PLACEMENT_3D('',#5571,#4253,#4254);
#3676=AXIS2_PLACEMENT_3D('',#5575,#4256,#4257);
#3677=AXIS2_PLACEMENT_3D('',#5576,#4258,#4259);
#3678=AXIS2_PLACEMENT_3D('',#5577,#4260,#4261);
#3679=AXIS2_PLACEMENT_3D('',#5579,#4262,#4263);
#3680=AXIS2_PLACEMENT_3D('',#5594,#4265,#4266);
#3681=AXIS2_PLACEMENT_3D('',#5595,#4267,#4268);
#3682=AXIS2_PLACEMENT_3D('',#5596,#4269,#4270);
#3683=AXIS2_PLACEMENT_3D('',#5597,#4271,#4272);
#3684=AXIS2_PLACEMENT_3D('',#5601,#4274,#4275);
#3685=AXIS2_PLACEMENT_3D('',#5603,#4276,#4277);
#3686=AXIS2_PLACEMENT_3D('',#5605,#4279,#4280);
#3687=AXIS2_PLACEMENT_3D('',#5608,#4282,#4283);
#3688=AXIS2_PLACEMENT_3D('',#5609,#4284,#4285);
#3689=AXIS2_PLACEMENT_3D('',#5613,#4287,#4288);
#3690=AXIS2_PLACEMENT_3D('',#5615,#4289,#4290);
#3691=AXIS2_PLACEMENT_3D('',#5617,#4292,#4293);
#3692=AXIS2_PLACEMENT_3D('',#5621,#4295,#4296);
#3693=AXIS2_PLACEMENT_3D('',#5622,#4297,#4298);
#3694=AXIS2_PLACEMENT_3D('',#5623,#4299,#4300);
#3695=AXIS2_PLACEMENT_3D('',#5627,#4302,#4303);
#3696=AXIS2_PLACEMENT_3D('',#5629,#4304,#4305);
#3697=AXIS2_PLACEMENT_3D('',#5631,#4307,#4308);
#3698=AXIS2_PLACEMENT_3D('',#5635,#4310,#4311);
#3699=AXIS2_PLACEMENT_3D('',#5636,#4312,#4313);
#3700=AXIS2_PLACEMENT_3D('',#5637,#4314,#4315);
#3701=AXIS2_PLACEMENT_3D('',#5641,#4317,#4318);
#3702=AXIS2_PLACEMENT_3D('',#5643,#4319,#4320);
#3703=AXIS2_PLACEMENT_3D('',#5645,#4322,#4323);
#3704=AXIS2_PLACEMENT_3D('',#5648,#4325,#4326);
#3705=AXIS2_PLACEMENT_3D('',#5649,#4327,#4328);
#3706=AXIS2_PLACEMENT_3D('',#5653,#4330,#4331);
#3707=AXIS2_PLACEMENT_3D('',#5655,#4332,#4333);
#3708=AXIS2_PLACEMENT_3D('',#5657,#4335,#4336);
#3709=AXIS2_PLACEMENT_3D('',#5660,#4338,#4339);
#3710=AXIS2_PLACEMENT_3D('',#5661,#4340,#4341);
#3711=AXIS2_PLACEMENT_3D('',#5665,#4343,#4344);
#3712=AXIS2_PLACEMENT_3D('',#5667,#4345,#4346);
#3713=AXIS2_PLACEMENT_3D('',#5669,#4348,#4349);
#3714=AXIS2_PLACEMENT_3D('',#5672,#4351,#4352);
#3715=AXIS2_PLACEMENT_3D('',#5673,#4353,#4354);
#3716=AXIS2_PLACEMENT_3D('',#5677,#4356,#4357);
#3717=AXIS2_PLACEMENT_3D('',#5679,#4358,#4359);
#3718=AXIS2_PLACEMENT_3D('',#5681,#4361,#4362);
#3719=AXIS2_PLACEMENT_3D('',#5685,#4364,#4365);
#3720=AXIS2_PLACEMENT_3D('',#5686,#4366,#4367);
#3721=AXIS2_PLACEMENT_3D('',#5687,#4368,#4369);
#3722=AXIS2_PLACEMENT_3D('',#5691,#4371,#4372);
#3723=AXIS2_PLACEMENT_3D('',#5693,#4373,#4374);
#3724=AXIS2_PLACEMENT_3D('',#5695,#4376,#4377);
#3725=AXIS2_PLACEMENT_3D('',#5699,#4379,#4380);
#3726=AXIS2_PLACEMENT_3D('',#5700,#4381,#4382);
#3727=AXIS2_PLACEMENT_3D('',#5769,#4383,#4384);
#3728=AXIS2_PLACEMENT_3D('',#5779,#4385,#4386);
#3729=AXIS2_PLACEMENT_3D('',#5843,#4388,#4389);
#3730=AXIS2_PLACEMENT_3D('',#5844,#4390,#4391);
#3731=AXIS2_PLACEMENT_3D('',#5845,#4392,#4393);
#3732=AXIS2_PLACEMENT_3D('',#5925,#4394,#4395);
#3733=AXIS2_PLACEMENT_3D('',#5927,#4396,#4397);
#3734=AXIS2_PLACEMENT_3D('',#5934,#4398,#4399);
#3735=AXIS2_PLACEMENT_3D('',#6014,#4400,#4401);
#3736=AXIS2_PLACEMENT_3D('',#6026,#4402,#4403);
#3737=AXIS2_PLACEMENT_3D('',#6028,#4404,#4405);
#3738=AXIS2_PLACEMENT_3D('',#6044,#4408,#4409);
#3739=AXIS2_PLACEMENT_3D('',#6045,#4410,#4411);
#3740=AXIS2_PLACEMENT_3D('',#6048,#4414,#4415);
#3741=AXIS2_PLACEMENT_3D('',#6052,#4417,#4418);
#3742=AXIS2_PLACEMENT_3D('',#6053,#4419,#4420);
#3743=AXIS2_PLACEMENT_3D('',#6056,#4422,#4423);
#3744=AXIS2_PLACEMENT_3D('',#6057,#4424,#4425);
#3745=AXIS2_PLACEMENT_3D('',#6082,#4428,#4429);
#3746=AXIS2_PLACEMENT_3D('',#6083,#4430,#4431);
#3747=AXIS2_PLACEMENT_3D('',#6084,#4432,#4433);
#3748=AXIS2_PLACEMENT_3D('',#6087,#4434,#4435);
#3749=AXIS2_PLACEMENT_3D('',#6098,#4438,#4439);
#3750=AXIS2_PLACEMENT_3D('',#6101,#4440,#4441);
#3751=AXIS2_PLACEMENT_3D('',#6112,#4444,#4445);
#3752=AXIS2_PLACEMENT_3D('',#6114,#4446,#4447);
#3753=AXIS2_PLACEMENT_3D('',#6122,#4448,#4449);
#3754=AXIS2_PLACEMENT_3D('',#6123,#4450,#4451);
#3755=AXIS2_PLACEMENT_3D('',#6125,#4452,#4453);
#3756=AXIS2_PLACEMENT_3D('',#6130,#4454,#4455);
#3757=AXIS2_PLACEMENT_3D('',#6131,#4456,#4457);
#3758=AXIS2_PLACEMENT_3D('',#6133,#4458,#4459);
#3759=AXIS2_PLACEMENT_3D('',#6135,#4461,#4462);
#3760=AXIS2_PLACEMENT_3D('',#6138,#4464,#4465);
#3761=AXIS2_PLACEMENT_3D('',#6139,#4466,#4467);
#3762=AXIS2_PLACEMENT_3D('',#6140,#4468,#4469);
#3763=AXIS2_PLACEMENT_3D('',#6142,#4471,#4472);
#3764=AXIS2_PLACEMENT_3D('',#6145,#4473,#4474);
#3765=AXIS2_PLACEMENT_3D('',#6156,#4477,#4478);
#3766=AXIS2_PLACEMENT_3D('',#6158,#4479,#4480);
#3767=AXIS2_PLACEMENT_3D('',#6160,#4482,#4483);
#3768=AXIS2_PLACEMENT_3D('',#6162,#4484,#4485);
#3769=AXIS2_PLACEMENT_3D('',#6165,#4487,#4488);
#3770=AXIS2_PLACEMENT_3D('',#6166,#4489,#4490);
#3771=AXIS2_PLACEMENT_3D('',#6171,#4491,#4492);
#3772=AXIS2_PLACEMENT_3D('',#6172,#4493,#4494);
#3773=AXIS2_PLACEMENT_3D('',#6174,#4495,#4496);
#3774=AXIS2_PLACEMENT_3D('',#6177,#4498,#4499);
#3775=AXIS2_PLACEMENT_3D('',#6178,#4500,#4501);
#3776=AXIS2_PLACEMENT_3D('',#6182,#4503,#4504);
#3777=AXIS2_PLACEMENT_3D('',#6184,#4506,#4507);
#3778=AXIS2_PLACEMENT_3D('',#6185,#4508,#4509);
#3779=AXIS2_PLACEMENT_3D('',#6187,#4511,#4512);
#3780=AXIS2_PLACEMENT_3D('',#6188,#4513,#4514);
#3781=AXIS2_PLACEMENT_3D('',#6191,#4515,#4516);
#3782=AXIS2_PLACEMENT_3D('',#6194,#4519,#4520);
#3783=AXIS2_PLACEMENT_3D('',#6196,#4522,#4523);
#3784=AXIS2_PLACEMENT_3D('',#6198,#4525,#4526);
#3785=AXIS2_PLACEMENT_3D('',#6200,#4527,#4528);
#3786=AXIS2_PLACEMENT_3D('',#6201,#4529,#4530);
#3787=AXIS2_PLACEMENT_3D('',#6202,#4531,#4532);
#3788=AXIS2_PLACEMENT_3D('',#6203,#4533,#4534);
#3789=AXIS2_PLACEMENT_3D('',#6204,#4535,#4536);
#3790=AXIS2_PLACEMENT_3D('',#6208,#4538,#4539);
#3791=AXIS2_PLACEMENT_3D('',#6209,#4540,#4541);
#3792=AXIS2_PLACEMENT_3D('',#6210,#4542,#4543);
#3793=AXIS2_PLACEMENT_3D('',#6211,#4544,#4545);
#3794=AXIS2_PLACEMENT_3D('',#6212,#4546,#4547);
#3795=AXIS2_PLACEMENT_3D('',#6216,#4549,#4550);
#3796=AXIS2_PLACEMENT_3D('',#6217,#4551,#4552);
#3797=AXIS2_PLACEMENT_3D('',#6218,#4553,#4554);
#3798=AXIS2_PLACEMENT_3D('',#6220,#4555,#4556);
#3799=AXIS2_PLACEMENT_3D('',#6221,#4557,#4558);
#3800=AXIS2_PLACEMENT_3D('',#6222,#4559,#4560);
#3801=AXIS2_PLACEMENT_3D('',#6226,#4562,#4563);
#3802=AXIS2_PLACEMENT_3D('',#6227,#4564,#4565);
#3803=AXIS2_PLACEMENT_3D('',#6228,#4566,#4567);
#3804=AXIS2_PLACEMENT_3D('',#6230,#4568,#4569);
#3805=AXIS2_PLACEMENT_3D('',#6231,#4570,#4571);
#3806=AXIS2_PLACEMENT_3D('',#6232,#4572,#4573);
#3807=AXIS2_PLACEMENT_3D('',#6236,#4575,#4576);
#3808=AXIS2_PLACEMENT_3D('',#6237,#4577,#4578);
#3809=AXIS2_PLACEMENT_3D('',#6238,#4579,#4580);
#3810=AXIS2_PLACEMENT_3D('',#6239,#4581,#4582);
#3811=AXIS2_PLACEMENT_3D('',#6240,#4583,#4584);
#3812=AXIS2_PLACEMENT_3D('',#6244,#4586,#4587);
#3813=AXIS2_PLACEMENT_3D('',#6245,#4588,#4589);
#3814=AXIS2_PLACEMENT_3D('',#6246,#4590,#4591);
#3815=AXIS2_PLACEMENT_3D('',#6247,#4592,#4593);
#3816=AXIS2_PLACEMENT_3D('',#6248,#4594,#4595);
#3817=AXIS2_PLACEMENT_3D('',#6252,#4597,#4598);
#3818=AXIS2_PLACEMENT_3D('',#6253,#4599,#4600);
#3819=AXIS2_PLACEMENT_3D('',#6254,#4601,#4602);
#3820=AXIS2_PLACEMENT_3D('',#6255,#4603,#4604);
#3821=AXIS2_PLACEMENT_3D('',#6256,#4605,#4606);
#3822=AXIS2_PLACEMENT_3D('',#6260,#4608,#4609);
#3823=AXIS2_PLACEMENT_3D('',#6261,#4610,#4611);
#3824=AXIS2_PLACEMENT_3D('',#6262,#4612,#4613);
#3825=AXIS2_PLACEMENT_3D('',#6264,#4614,#4615);
#3826=AXIS2_PLACEMENT_3D('',#6265,#4616,#4617);
#3827=AXIS2_PLACEMENT_3D('',#6266,#4618,#4619);
#3828=AXIS2_PLACEMENT_3D('',#6270,#4621,#4622);
#3829=AXIS2_PLACEMENT_3D('',#6271,#4623,#4624);
#3830=AXIS2_PLACEMENT_3D('',#6272,#4625,#4626);
#3831=AXIS2_PLACEMENT_3D('',#6274,#4627,#4628);
#3832=AXIS2_PLACEMENT_3D('',#6275,#4629,#4630);
#3833=AXIS2_PLACEMENT_3D('',#6336,#4631,#4632);
#3834=AXIS2_PLACEMENT_3D('',#6337,#4633,#4634);
#3835=AXIS2_PLACEMENT_3D('',#6393,#4635,#4636);
#3836=AXIS2_PLACEMENT_3D('',#6454,#4637,#4638);
#3837=AXIS2_PLACEMENT_3D('',#6620,#4640,#4641);
#3838=AXIS2_PLACEMENT_3D('',#6632,#4642,#4643);
#3839=AXIS2_PLACEMENT_3D('',#6702,#4644,#4645);
#3840=AXIS2_PLACEMENT_3D('',#6763,#4646,#4647);
#3841=AXIS2_PLACEMENT_3D('',#6898,#4648,#4649);
#3842=AXIS2_PLACEMENT_3D('',#6910,#4650,#4651);
#3843=AXIS2_PLACEMENT_3D('',#6962,#4652,#4653);
#3844=AXIS2_PLACEMENT_3D('',#7079,#4657,#4658);
#3845=AXIS2_PLACEMENT_3D('',#7191,#4659,#4660);
#3846=AXIS2_PLACEMENT_3D('',#7201,#4661,#4662);
#3847=AXIS2_PLACEMENT_3D('',#7225,#4666,#4667);
#3848=AXIS2_PLACEMENT_3D('',#7227,#4668,#4669);
#3849=AXIS2_PLACEMENT_3D('',#7228,#4670,#4671);
#3850=AXIS2_PLACEMENT_3D('',#7229,#4672,#4673);
#3851=AXIS2_PLACEMENT_3D('',#7231,#4674,#4675);
#3852=AXIS2_PLACEMENT_3D('',#7232,#4676,#4677);
#3853=AXIS2_PLACEMENT_3D('',#7288,#4678,#4679);
#3854=AXIS2_PLACEMENT_3D('',#7392,#4680,#4681);
#3855=AXIS2_PLACEMENT_3D('',#7554,#4685,#4686);
#3856=AXIS2_PLACEMENT_3D('',#7564,#4687,#4688);
#3857=AXIS2_PLACEMENT_3D('',#7601,#4689,#4690);
#3858=AXIS2_PLACEMENT_3D('',#7652,#4691,#4692);
#3859=AXIS2_PLACEMENT_3D('',#7806,#4696,#4697);
#3860=AXIS2_PLACEMENT_3D('',#7807,#4698,#4699);
#3861=AXIS2_PLACEMENT_3D('',#7863,#4700,#4701);
#3862=AXIS2_PLACEMENT_3D('',#7924,#4702,#4703);
#3863=AXIS2_PLACEMENT_3D('',#8085,#4705,#4706);
#3864=AXIS2_PLACEMENT_3D('',#8097,#4707,#4708);
#3865=AXIS2_PLACEMENT_3D('',#8169,#4709,#4710);
#3866=AXIS2_PLACEMENT_3D('',#8230,#4711,#4712);
#3867=AXIS2_PLACEMENT_3D('',#8355,#4713,#4714);
#3868=AXIS2_PLACEMENT_3D('',#8367,#4715,#4716);
#3869=AXIS2_PLACEMENT_3D('',#8429,#4717,#4718);
#3870=AXIS2_PLACEMENT_3D('',#8536,#4722,#4723);
#3871=AXIS2_PLACEMENT_3D('',#8658,#4724,#4725);
#3872=AXIS2_PLACEMENT_3D('',#8668,#4726,#4727);
#3873=AXIS2_PLACEMENT_3D('',#8767,#4731,#4732);
#3874=AXIS2_PLACEMENT_3D('',#8779,#4733,#4734);
#3875=AXIS2_PLACEMENT_3D('',#9003,#4735,#4736);
#3876=AXIS2_PLACEMENT_3D('',#9014,#4737,#4738);
#3877=AXIS2_PLACEMENT_3D('',#9051,#4739,#4740);
#3878=AXIS2_PLACEMENT_3D('',#9114,#4741,#4742);
#3879=DIRECTION('axis',(0.,0.,1.));
#3880=DIRECTION('refdir',(1.,0.,0.));
#3881=DIRECTION('center_axis',(-7.56492063709835E-16,-1.,-1.66533453693774E-16));
#3882=DIRECTION('ref_axis',(1.,-5.09806447182135E-16,4.47558656802016E-16));
#3883=DIRECTION('center_axis',(7.56492063709835E-16,1.,1.66533453693774E-16));
#3884=DIRECTION('ref_axis',(1.,-7.56492063709835E-16,4.47558656802016E-16));
#3885=DIRECTION('center_axis',(7.56492063709835E-16,1.,1.66533453693774E-16));
#3886=DIRECTION('ref_axis',(1.,-7.56492063709835E-16,4.47558656802016E-16));
#3887=DIRECTION('center_axis',(3.25093976887281E-16,1.66533453693774E-16,
-1.));
#3888=DIRECTION('ref_axis',(-1.,6.37258058977668E-16,-3.25093976887281E-16));
#3889=DIRECTION('center_axis',(-4.20653449201308E-16,-1.,-1.66533453693774E-16));
#3890=DIRECTION('ref_axis',(-1.,4.20653449201308E-16,-4.47558656802016E-16));
#3891=DIRECTION('center_axis',(-4.20653449201308E-16,-1.,-1.66533453693774E-16));
#3892=DIRECTION('ref_axis',(-1.,4.20653449201308E-16,-4.47558656802016E-16));
#3893=DIRECTION('center_axis',(-4.20653449201308E-16,-1.,-1.66533453693774E-16));
#3894=DIRECTION('ref_axis',(-1.,4.20689890496977E-16,-4.47558656802016E-16));
#3895=DIRECTION('',(4.20653449201308E-16,1.,1.66533453693774E-16));
#3896=DIRECTION('center_axis',(-4.20653449201308E-16,-1.,-1.66533453693774E-16));
#3897=DIRECTION('ref_axis',(-1.,4.20689890496977E-16,-4.47558656802016E-16));
#3898=DIRECTION('center_axis',(4.20653449201308E-16,1.,1.66533453693774E-16));
#3899=DIRECTION('ref_axis',(4.47558656802016E-16,1.66533453693773E-16,-1.));
#3900=DIRECTION('center_axis',(4.20653449201308E-16,1.,1.66533453693774E-16));
#3901=DIRECTION('ref_axis',(-0.0401439658056336,3.46665025196743E-18,0.999193906111019));
#3902=DIRECTION('center_axis',(-4.20653449201308E-16,-1.,-1.66533453693774E-16));
#3903=DIRECTION('ref_axis',(-1.,1.11022302462516E-16,-3.46944695195359E-18));
#3904=DIRECTION('center_axis',(4.20653449201308E-16,1.,1.66533453693774E-16));
#3905=DIRECTION('ref_axis',(-0.0401439658056336,-3.46665025196743E-18,-0.999193906111019));
#3906=DIRECTION('',(0.707106781186548,-4.15203840861039E-16,0.707106781186547));
#3907=DIRECTION('center_axis',(4.20653449201308E-16,1.,1.66533453693774E-16));
#3908=DIRECTION('ref_axis',(-1.,4.20653449201308E-16,-4.47558656802016E-16));
#3909=DIRECTION('',(0.707106781186548,-1.79689972058473E-16,-0.707106781186547));
#3910=DIRECTION('center_axis',(4.20653449201308E-16,1.,1.66533453693774E-16));
#3911=DIRECTION('ref_axis',(0.0401439658056336,-3.46665025196743E-18,-0.999193906111019));
#3912=DIRECTION('center_axis',(-4.20653449201308E-16,-1.,-1.66533453693774E-16));
#3913=DIRECTION('ref_axis',(-1.,1.11022302462516E-16,-3.46944695195359E-18));
#3914=DIRECTION('center_axis',(4.20653449201308E-16,1.,1.66533453693774E-16));
#3915=DIRECTION('ref_axis',(0.0401439658056336,3.46665025196743E-18,0.999193906111019));
#3916=DIRECTION('',(0.707106781186548,-4.15203840861039E-16,0.707106781186547));
#3917=DIRECTION('center_axis',(4.20653449201308E-16,1.,1.66533453693774E-16));
#3918=DIRECTION('ref_axis',(-1.,4.20653449201308E-16,-4.47558656802016E-16));
#3919=DIRECTION('',(0.707106781186548,-1.79689972058473E-16,-0.707106781186547));
#3920=DIRECTION('center_axis',(0.,1.,2.21772640534909E-16));
#3921=DIRECTION('ref_axis',(0.,-2.2849017010681E-16,1.));
#3922=DIRECTION('center_axis',(0.,1.,2.21772640534909E-16));
#3923=DIRECTION('ref_axis',(1.,0.,0.));
#3924=DIRECTION('center_axis',(0.,-1.,-2.21772640534909E-16));
#3925=DIRECTION('ref_axis',(0.,-2.2849017010681E-16,1.));
#3926=DIRECTION('center_axis',(-3.5942110924394E-16,-1.,-2.00010218035514E-16));
#3927=DIRECTION('ref_axis',(0.,-2.2849017010681E-16,1.));
#3928=DIRECTION('center_axis',(0.,-1.,-2.21772640534909E-16));
#3929=DIRECTION('ref_axis',(0.,-2.2849017010681E-16,1.));
#3930=DIRECTION('center_axis',(-3.5942110924394E-16,-1.,-2.00010218035514E-16));
#3931=DIRECTION('ref_axis',(0.,-2.2849017010681E-16,1.));
#3932=DIRECTION('center_axis',(0.,1.,2.21772640534909E-16));
#3933=DIRECTION('ref_axis',(1.,0.,0.));
#3934=DIRECTION('center_axis',(0.,1.,2.21772640534909E-16));
#3935=DIRECTION('ref_axis',(0.,-2.2849017010681E-16,1.));
#3936=DIRECTION('center_axis',(1.14423774522196E-17,-1.,-2.27765793651141E-16));
#3937=DIRECTION('ref_axis',(-1.,-1.14423774522197E-17,-3.46944695195364E-18));
#3938=DIRECTION('center_axis',(3.5942110924394E-16,1.,2.00010218035514E-16));
#3939=DIRECTION('ref_axis',(-1.,-1.14423774522197E-17,-3.46944695195364E-18));
#3940=DIRECTION('',(-1.14423774522196E-17,1.,2.27765793651141E-16));
#3941=DIRECTION('center_axis',(-3.5942110924394E-16,-1.,-2.00010218035514E-16));
#3942=DIRECTION('ref_axis',(-1.,-1.14423774522197E-17,-3.46944695195364E-18));
#3943=DIRECTION('center_axis',(-3.5942110924394E-16,-1.,-2.00010218035514E-16));
#3944=DIRECTION('ref_axis',(-1.,-1.14423774522197E-17,-3.46944695195364E-18));
#3945=DIRECTION('center_axis',(1.11022302462516E-16,1.,2.27765793651141E-16));
#3946=DIRECTION('ref_axis',(1.,-1.11022302462516E-16,3.46944695195361E-18));
#3947=DIRECTION('center_axis',(3.5942110924394E-16,1.,2.00010218035514E-16));
#3948=DIRECTION('ref_axis',(1.,-1.11022302462516E-16,3.46944695195361E-18));
#3949=DIRECTION('',(1.11022302462516E-16,1.,2.27765793651141E-16));
#3950=DIRECTION('center_axis',(-3.5942110924394E-16,-1.,-2.00010218035514E-16));
#3951=DIRECTION('ref_axis',(1.,-1.11022302462516E-16,3.46944695195361E-18));
#3952=DIRECTION('center_axis',(-3.5942110924394E-16,-1.,-2.00010218035514E-16));
#3953=DIRECTION('ref_axis',(1.,-1.11022302462516E-16,3.46944695195361E-18));
#3954=DIRECTION('center_axis',(0.,-1.,3.46944695195354E-18));
#3955=DIRECTION('ref_axis',(-1.,5.29993344334634E-17,-3.46944695195359E-18));
#3956=DIRECTION('',(0.377836642436096,0.86824314212446,0.321548313300602));
#3957=DIRECTION('center_axis',(5.27200894267312E-32,1.,-3.46944695195354E-18));
#3958=DIRECTION('ref_axis',(-1.,1.11022302462516E-16,-3.46944695195359E-18));
#3959=DIRECTION('',(-0.377836642436096,-0.86824314212446,0.321548313300602));
#3960=DIRECTION('center_axis',(-5.27200894267312E-32,-1.,3.46944695195354E-18));
#3961=DIRECTION('ref_axis',(-1.,4.2675241358898E-32,-3.46944695195359E-18));
#3962=DIRECTION('center_axis',(0.,-1.,3.46944695195354E-18));
#3963=DIRECTION('ref_axis',(-0.0401439658056336,3.46665025196743E-18,0.999193906111019));
#3964=DIRECTION('center_axis',(5.27200894267312E-32,1.,-3.46944695195354E-18));
#3965=DIRECTION('ref_axis',(-0.0401439658056336,3.46665025196743E-18,0.999193906111019));
#3966=DIRECTION('',(0.350823207722825,-0.868243142124449,0.350823207722825));
#3967=DIRECTION('center_axis',(-5.27200894267312E-32,-1.,3.46944695195354E-18));
#3968=DIRECTION('ref_axis',(-0.0401439658056336,3.46665025196743E-18,0.999193906111019));
#3969=DIRECTION('center_axis',(0.,-1.,3.46944695195354E-18));
#3970=DIRECTION('ref_axis',(-0.0401439658056336,-3.46665025196743E-18,-0.999193906111019));
#3971=DIRECTION('',(-0.350823207722794,0.868243142124459,0.350823207722829));
#3972=DIRECTION('center_axis',(5.27200894267312E-32,1.,-3.46944695195354E-18));
#3973=DIRECTION('ref_axis',(-0.0401439658056336,-3.46665025196743E-18,-0.999193906111019));
#3974=DIRECTION('center_axis',(-5.27200894267312E-32,-1.,3.46944695195354E-18));
#3975=DIRECTION('ref_axis',(-0.0401439658056336,-3.46665025196743E-18,-0.999193906111019));
#3976=DIRECTION('center_axis',(-0.613940613514916,-0.496138938356843,-0.613940613514917));
#3977=DIRECTION('ref_axis',(-0.707106781186548,2.45326946669334E-18,0.707106781186547));
#3978=DIRECTION('center_axis',(0.613940613514916,0.496138938356843,0.613940613514917));
#3979=DIRECTION('ref_axis',(-0.350823207722818,0.868243142124454,-0.350823207722819));
#3980=DIRECTION('',(-0.707106781186548,2.45326946669338E-18,0.707106781186547));
#3981=DIRECTION('',(0.707106781186548,-2.45326946669338E-18,-0.707106781186547));
#3982=DIRECTION('center_axis',(-0.613940613514924,-0.496138938356824,0.613940613514925));
#3983=DIRECTION('ref_axis',(0.707106781186548,2.45326946669334E-18,0.707106781186547));
#3984=DIRECTION('center_axis',(0.613940613514924,0.496138938356824,-0.613940613514925));
#3985=DIRECTION('ref_axis',(-0.350823207722804,0.868243142124465,0.350823207722805));
#3986=DIRECTION('',(-0.707106781186548,-2.45326946669331E-18,-0.707106781186547));
#3987=DIRECTION('',(0.707106781186548,2.45326946669331E-18,0.707106781186547));
#3988=DIRECTION('center_axis',(-5.27200894267312E-32,-1.,3.46944695195354E-18));
#3989=DIRECTION('ref_axis',(-1.,5.27200894267312E-32,-1.82909553568291E-49));
#3990=DIRECTION('center_axis',(-5.27200894267312E-32,-1.,3.46944695195354E-18));
#3991=DIRECTION('ref_axis',(-0.447213595499958,3.91698922819395E-17,0.894427190999916));
#3992=DIRECTION('center_axis',(-5.27200894267312E-32,-1.,3.46944695195354E-18));
#3993=DIRECTION('ref_axis',(-0.296488599427784,3.31344809989206E-18,0.955036392191078));
#3994=DIRECTION('center_axis',(5.27200894267312E-32,1.,-3.46944695195354E-18));
#3995=DIRECTION('ref_axis',(0.296488599427807,-3.31344809989203E-18,-0.955036392191071));
#3996=DIRECTION('center_axis',(5.27200894267312E-32,1.,-3.46944695195354E-18));
#3997=DIRECTION('ref_axis',(0.97659037373271,7.4630410357465E-19,0.215107512496907));
#3998=DIRECTION('center_axis',(5.27200894267312E-32,1.,-3.46944695195354E-18));
#3999=DIRECTION('ref_axis',(-0.976590373732743,7.46304103574223E-19,0.215107512496754));
#4000=DIRECTION('center_axis',(-5.27200894267312E-32,-1.,3.46944695195354E-18));
#4001=DIRECTION('ref_axis',(0.296488599427721,-3.31344809989213E-18,-0.955036392191098));
#4002=DIRECTION('center_axis',(-5.27200894267312E-32,-1.,3.46944695195354E-18));
#4003=DIRECTION('ref_axis',(0.447213595499957,-3.37073990671612E-16,0.894427190999916));
#4004=DIRECTION('center_axis',(-5.27200894267312E-32,-1.,3.46944695195354E-18));
#4005=DIRECTION('ref_axis',(0.894427190999915,-3.01767858356133E-16,-0.447213595499959));
#4006=DIRECTION('center_axis',(5.27200894267312E-32,1.,-3.46944695195354E-18));
#4007=DIRECTION('ref_axis',(-0.894427190999915,3.01767858356133E-16,0.447213595499959));
#4008=DIRECTION('center_axis',(-5.27200894267312E-32,-1.,3.46944695195354E-18));
#4009=DIRECTION('ref_axis',(0.296488599427721,-3.31344809989213E-18,-0.955036392191098));
#4010=DIRECTION('center_axis',(5.27200894267312E-32,1.,-3.46944695195354E-18));
#4011=DIRECTION('ref_axis',(-0.894427190999915,3.01767858356133E-16,0.447213595499959));
#4012=DIRECTION('center_axis',(-5.27200894267312E-32,-1.,3.46944695195354E-18));
#4013=DIRECTION('ref_axis',(0.894427190999918,-3.01767858356136E-16,-0.447213595499953));
#4014=DIRECTION('center_axis',(-5.27200894267312E-32,-1.,3.46944695195354E-18));
#4015=DIRECTION('ref_axis',(0.447213595499957,-3.37073990671612E-16,0.894427190999916));
#4016=DIRECTION('center_axis',(5.27200894267312E-32,1.,-3.46944695195354E-18));
#4017=DIRECTION('ref_axis',(-0.296488599427763,3.31344809989208E-18,0.955036392191085));
#4018=DIRECTION('center_axis',(5.27200894267312E-32,1.,-3.46944695195354E-18));
#4019=DIRECTION('ref_axis',(-0.976590373732709,-7.46304103574657E-19,-0.215107512496909));
#4020=DIRECTION('center_axis',(5.27200894267312E-32,1.,-3.46944695195354E-18));
#4021=DIRECTION('ref_axis',(0.976590373732322,-7.46304103580858E-19,-0.215107512498666));
#4022=DIRECTION('center_axis',(-5.27200894267312E-32,-1.,3.46944695195354E-18));
#4023=DIRECTION('ref_axis',(-0.447213595499958,3.91698922819395E-17,0.894427190999916));
#4024=DIRECTION('center_axis',(-5.27200894267312E-32,-1.,3.46944695195354E-18));
#4025=DIRECTION('ref_axis',(-0.894427190999918,4.5071990755097E-16,-0.447213595499954));
#4026=DIRECTION('center_axis',(5.27200894267312E-32,1.,-3.46944695195354E-18));
#4027=DIRECTION('ref_axis',(0.894427190999915,-4.5071990755097E-16,0.447213595499959));
#4028=DIRECTION('center_axis',(-5.27200894267312E-32,-1.,3.46944695195354E-18));
#4029=DIRECTION('ref_axis',(-0.296488599427784,3.31344809989206E-18,0.955036392191078));
#4030=DIRECTION('center_axis',(5.27200894267312E-32,1.,-3.46944695195354E-18));
#4031=DIRECTION('ref_axis',(0.894427190999915,-4.5071990755097E-16,0.447213595499959));
#4032=DIRECTION('center_axis',(-5.27200894267312E-32,-1.,3.46944695195354E-18));
#4033=DIRECTION('ref_axis',(-0.894427190999915,4.5071990755097E-16,-0.44721359549996));
#4034=DIRECTION('center_axis',(-5.27200894267312E-32,-1.,3.46944695195354E-18));
#4035=DIRECTION('ref_axis',(-1.,4.20653449201308E-16,-4.47558656802016E-16));
#4036=DIRECTION('',(-0.707106781186548,-2.45326946669331E-18,-0.707106781186547));
#4037=DIRECTION('center_axis',(-5.27200894267312E-32,-1.,3.46944695195354E-18));
#4038=DIRECTION('ref_axis',(0.0401439658056336,3.46665025196743E-18,0.999193906111019));
#4039=DIRECTION('center_axis',(-5.27200894267312E-32,-1.,3.46944695195354E-18));
#4040=DIRECTION('ref_axis',(1.,-4.2675241358898E-32,3.46944695195359E-18));
#4041=DIRECTION('center_axis',(-5.27200894267312E-32,-1.,3.46944695195354E-18));
#4042=DIRECTION('ref_axis',(0.0401439658056336,-3.46665025196743E-18,-0.999193906111019));
#4043=DIRECTION('',(0.707106781186548,-2.45326946669338E-18,-0.707106781186547));
#4044=DIRECTION('center_axis',(5.27200894267312E-32,1.,-3.46944695195354E-18));
#4045=DIRECTION('ref_axis',(-1.,-1.55278101766218E-33,-4.47558656802016E-16));
#4046=DIRECTION('center_axis',(-5.27200894267312E-32,-1.,3.46944695195354E-18));
#4047=DIRECTION('ref_axis',(-0.894427190999916,4.5071990755097E-16,-0.447213595499957));
#4048=DIRECTION('center_axis',(5.27200894267312E-32,1.,-3.46944695195354E-18));
#4049=DIRECTION('ref_axis',(0.894427190999915,-4.5071990755097E-16,0.44721359549996));
#4050=DIRECTION('center_axis',(-5.27200894267312E-32,-1.,3.46944695195354E-18));
#4051=DIRECTION('ref_axis',(-0.894427190999915,4.5071990755097E-16,-0.447213595499959));
#4052=DIRECTION('center_axis',(-5.27200894267312E-32,-1.,3.46944695195354E-18));
#4053=DIRECTION('ref_axis',(-0.447213595499956,3.91698922819382E-17,0.894427190999917));
#4054=DIRECTION('center_axis',(-5.27200894267312E-32,-1.,3.46944695195354E-18));
#4055=DIRECTION('ref_axis',(0.447213595499956,-3.91698922819382E-17,-0.894427190999917));
#4056=DIRECTION('center_axis',(5.27200894267312E-32,1.,-3.46944695195354E-18));
#4057=DIRECTION('ref_axis',(-0.447213595499957,3.91698922819392E-17,0.894427190999916));
#4058=DIRECTION('center_axis',(-5.27200894267312E-32,-1.,3.46944695195354E-18));
#4059=DIRECTION('ref_axis',(0.894427190999915,-4.5071990755097E-16,0.447213595499959));
#4060=DIRECTION('center_axis',(-5.27200894267312E-32,-1.,3.46944695195354E-18));
#4061=DIRECTION('ref_axis',(-0.447213595499956,3.91698922819383E-17,0.894427190999917));
#4062=DIRECTION('center_axis',(-5.27200894267312E-32,-1.,3.46944695195354E-18));
#4063=DIRECTION('ref_axis',(-0.447213595499958,3.91698922819395E-17,0.894427190999916));
#4064=DIRECTION('center_axis',(5.27200894267312E-32,1.,-3.46944695195354E-18));
#4065=DIRECTION('ref_axis',(-0.894427190999915,4.5071990755097E-16,-0.447213595499959));
#4066=DIRECTION('center_axis',(-5.27200894267312E-32,-1.,3.46944695195354E-18));
#4067=DIRECTION('ref_axis',(0.447213595499958,-3.91698922819392E-17,-0.894427190999916));
#4068=DIRECTION('center_axis',(-5.27200894267312E-32,-1.,3.46944695195354E-18));
#4069=DIRECTION('ref_axis',(-0.894427190999915,4.5071990755097E-16,-0.447213595499959));
#4070=DIRECTION('center_axis',(-5.27200894267312E-32,-1.,3.46944695195354E-18));
#4071=DIRECTION('ref_axis',(0.447213595499956,-3.37073990671612E-16,0.894427190999917));
#4072=DIRECTION('center_axis',(-5.27200894267312E-32,-1.,3.46944695195354E-18));
#4073=DIRECTION('ref_axis',(-0.44721359549996,3.37073990671613E-16,-0.894427190999915));
#4074=DIRECTION('center_axis',(-5.27200894267312E-32,-1.,3.46944695195354E-18));
#4075=DIRECTION('ref_axis',(-0.447213595499957,3.37073990671612E-16,-0.894427190999916));
#4076=DIRECTION('center_axis',(5.27200894267312E-32,1.,-3.46944695195354E-18));
#4077=DIRECTION('ref_axis',(-0.447213595499956,3.37073990671612E-16,-0.894427190999917));
#4078=DIRECTION('center_axis',(-5.27200894267312E-32,-1.,3.46944695195354E-18));
#4079=DIRECTION('ref_axis',(0.447213595499958,-3.91698922819396E-17,-0.894427190999916));
#4080=DIRECTION('center_axis',(-5.27200894267312E-32,-1.,3.46944695195354E-18));
#4081=DIRECTION('ref_axis',(0.447213595499961,-3.91698922819408E-17,-0.894427190999915));
#4082=DIRECTION('center_axis',(-5.27200894267312E-32,-1.,3.46944695195354E-18));
#4083=DIRECTION('ref_axis',(-0.447213595499956,3.91698922819386E-17,0.894427190999917));
#4084=DIRECTION('center_axis',(5.27200894267312E-32,1.,-3.46944695195354E-18));
#4085=DIRECTION('ref_axis',(0.447213595499957,-3.91698922819392E-17,-0.894427190999916));
#4086=DIRECTION('center_axis',(-5.27200894267312E-32,-1.,3.46944695195354E-18));
#4087=DIRECTION('ref_axis',(0.894427190999916,-3.01767858356134E-16,-0.447213595499958));
#4088=DIRECTION('center_axis',(5.27200894267312E-32,1.,-3.46944695195354E-18));
#4089=DIRECTION('ref_axis',(-0.894427190999915,3.01767858356133E-16,0.447213595499959));
#4090=DIRECTION('center_axis',(-5.27200894267312E-32,-1.,3.46944695195354E-18));
#4091=DIRECTION('ref_axis',(0.894427190999917,-3.01767858356135E-16,-0.447213595499956));
#4092=DIRECTION('center_axis',(-5.27200894267312E-32,-1.,3.46944695195354E-18));
#4093=DIRECTION('ref_axis',(0.447213595499955,-3.37073990671611E-16,0.894427190999917));
#4094=DIRECTION('center_axis',(-5.27200894267312E-32,-1.,3.46944695195354E-18));
#4095=DIRECTION('ref_axis',(-0.894427190999916,3.01767858356134E-16,0.447213595499958));
#4096=DIRECTION('center_axis',(5.27200894267312E-32,1.,-3.46944695195354E-18));
#4097=DIRECTION('ref_axis',(0.447213595499957,-3.37073990671612E-16,0.894427190999916));
#4098=DIRECTION('center_axis',(-5.27200894267312E-32,-1.,3.46944695195354E-18));
#4099=DIRECTION('ref_axis',(-0.447213595499955,3.37073990671611E-16,-0.894427190999917));
#4100=DIRECTION('center_axis',(-5.27200894267312E-32,-1.,3.46944695195354E-18));
#4101=DIRECTION('ref_axis',(0.447213595499955,-3.37073990671612E-16,0.894427190999917));
#4102=DIRECTION('center_axis',(-5.27200894267312E-32,-1.,3.46944695195354E-18));
#4103=DIRECTION('ref_axis',(-0.447213595499957,3.37073990671612E-16,-0.894427190999917));
#4104=DIRECTION('center_axis',(5.27200894267312E-32,1.,-3.46944695195354E-18));
#4105=DIRECTION('ref_axis',(0.894427190999916,-3.01767858356134E-16,-0.447213595499958));
#4106=DIRECTION('center_axis',(-5.27200894267312E-32,-1.,3.46944695195354E-18));
#4107=DIRECTION('ref_axis',(0.447213595499957,-3.37073990671612E-16,0.894427190999916));
#4108=DIRECTION('center_axis',(-5.27200894267312E-32,-1.,3.46944695195354E-18));
#4109=DIRECTION('ref_axis',(0.894427190999916,-3.01767858356134E-16,-0.447213595499958));
#4110=DIRECTION('center_axis',(-4.20653449201308E-16,-1.,-1.66533453693774E-16));
#4111=DIRECTION('ref_axis',(-1.,4.20653449201308E-16,-4.47558656802016E-16));
#4112=DIRECTION('',(-4.20653449201308E-16,-1.,-1.66533453693774E-16));
#4113=DIRECTION('',(4.20653449201308E-16,1.,1.66533453693774E-16));
#4114=DIRECTION('center_axis',(-0.613940613514913,0.496138938356852,0.613940613514913));
#4115=DIRECTION('ref_axis',(-0.350823207722825,-0.868243142124449,0.350823207722825));
#4116=DIRECTION('',(4.20653449201308E-16,1.,1.66533453693774E-16));
#4117=DIRECTION('center_axis',(-4.20653449201308E-16,-1.,-1.66533453693774E-16));
#4118=DIRECTION('ref_axis',(-1.,4.20653449201308E-16,-4.47558656802016E-16));
#4119=DIRECTION('',(-4.20653449201308E-16,-1.,-1.66533453693774E-16));
#4120=DIRECTION('center_axis',(4.20653449201308E-16,1.,1.66533453693774E-16));
#4121=DIRECTION('ref_axis',(-1.,4.20653449201308E-16,-4.47558656802016E-16));
#4122=DIRECTION('center_axis',(0.,-1.,3.46944695195354E-18));
#4123=DIRECTION('ref_axis',(1.,-5.29993344334634E-17,3.46944695195359E-18));
#4124=DIRECTION('',(-0.377836642436096,0.86824314212446,-0.321548313300602));
#4125=DIRECTION('center_axis',(5.27200894267312E-32,1.,-3.46944695195354E-18));
#4126=DIRECTION('ref_axis',(1.,-1.11022302462516E-16,3.46944695195359E-18));
#4127=DIRECTION('',(0.377836642436096,-0.86824314212446,-0.321548313300602));
#4128=DIRECTION('center_axis',(0.,-1.,3.46944695195354E-18));
#4129=DIRECTION('ref_axis',(0.0401439658056336,-3.46665025196743E-18,-0.999193906111019));
#4130=DIRECTION('center_axis',(5.27200894267312E-32,1.,-3.46944695195354E-18));
#4131=DIRECTION('ref_axis',(0.0401439658056336,-3.46665025196743E-18,-0.999193906111019));
#4132=DIRECTION('',(-0.350823207722794,-0.868243142124459,-0.350823207722829));
#4133=DIRECTION('center_axis',(0.,-1.,3.46944695195354E-18));
#4134=DIRECTION('ref_axis',(0.0401439658056336,3.46665025196743E-18,0.999193906111019));
#4135=DIRECTION('',(0.350823207722825,0.868243142124449,-0.350823207722825));
#4136=DIRECTION('center_axis',(5.27200894267312E-32,1.,-3.46944695195354E-18));
#4137=DIRECTION('ref_axis',(0.0401439658056336,3.46665025196743E-18,0.999193906111019));
#4138=DIRECTION('center_axis',(0.613940613514913,-0.496138938356852,0.613940613514913));
#4139=DIRECTION('ref_axis',(0.707106781186548,-2.45326946669334E-18,-0.707106781186547));
#4140=DIRECTION('center_axis',(-0.613940613514913,0.496138938356852,-0.613940613514913));
#4141=DIRECTION('ref_axis',(-0.350823207722825,-0.868243142124449,-0.350823207722825));
#4142=DIRECTION('',(-0.707106781186548,2.45326946669338E-18,0.707106781186547));
#4143=DIRECTION('center_axis',(0.613940613514913,-0.496138938356852,-0.613940613514913));
#4144=DIRECTION('ref_axis',(-0.707106781186548,-2.45326946669334E-18,-0.707106781186547));
#4145=DIRECTION('',(0.707106781186548,2.45326946669331E-18,0.707106781186547));
#4146=DIRECTION('center_axis',(-1.11022302462516E-16,-1.,-1.4486074010037E-16));
#4147=DIRECTION('ref_axis',(0.0401439658056336,3.46665025196743E-18,0.999193906111019));
#4148=DIRECTION('',(1.11022302462516E-16,1.,1.4486074010037E-16));
#4149=DIRECTION('',(-1.11022302462516E-16,-1.,-1.4486074010037E-16));
#4150=DIRECTION('center_axis',(-0.707106781186547,-2.39273887184848E-17,
0.707106781186548));
#4151=DIRECTION('ref_axis',(-0.707106781186548,4.15203840861039E-16,-0.707106781186547));
#4152=DIRECTION('center_axis',(-1.11022302462516E-16,-1.,-1.4486074010037E-16));
#4153=DIRECTION('ref_axis',(-0.0401439658056336,-3.46665025196743E-18,-0.999193906111019));
#4154=DIRECTION('',(1.11022302462516E-16,1.,1.4486074010037E-16));
#4155=DIRECTION('',(-1.11022302462516E-16,-1.,-1.4486074010037E-16));
#4156=DIRECTION('center_axis',(1.11022302462516E-16,1.,1.4486074010037E-16));
#4157=DIRECTION('ref_axis',(0.0401439658056336,-3.46665025196743E-18,-0.999193906111019));
#4158=DIRECTION('',(1.11022302462516E-16,1.,1.4486074010037E-16));
#4159=DIRECTION('',(-1.11022302462516E-16,-1.,-1.4486074010037E-16));
#4160=DIRECTION('center_axis',(-0.707106781186547,1.80936634586862E-16,
-0.707106781186548));
#4161=DIRECTION('ref_axis',(0.707106781186548,-1.79689972058473E-16,-0.707106781186547));
#4162=DIRECTION('',(-4.20653449201308E-16,-1.,-1.66533453693774E-16));
#4163=DIRECTION('center_axis',(0.707106781186547,-1.80936634586862E-16,
0.707106781186548));
#4164=DIRECTION('ref_axis',(-0.707106781186548,1.79689972058473E-16,0.707106781186547));
#4165=DIRECTION('',(-1.11022302462516E-16,-1.,-1.4486074010037E-16));
#4166=DIRECTION('center_axis',(1.11022302462516E-16,1.,1.4486074010037E-16));
#4167=DIRECTION('ref_axis',(-0.0401439658056336,3.46665025196743E-18,0.999193906111019));
#4168=DIRECTION('',(1.11022302462516E-16,1.,1.4486074010037E-16));
#4169=DIRECTION('center_axis',(-1.11022302462516E-16,-1.,-1.4486074010037E-16));
#4170=DIRECTION('ref_axis',(-1.,1.11022302462516E-16,-3.46944695195359E-18));
#4171=DIRECTION('center_axis',(0.707106781186547,2.39273887184848E-17,-0.707106781186548));
#4172=DIRECTION('ref_axis',(0.707106781186548,-4.15203840861039E-16,0.707106781186547));
#4173=DIRECTION('',(-4.20653449201308E-16,-1.,-1.66533453693774E-16));
#4174=DIRECTION('center_axis',(-1.11022302462516E-16,-1.,-1.4486074010037E-16));
#4175=DIRECTION('ref_axis',(1.,-1.11022302462516E-16,-1.18995232962782E-16));
#4176=DIRECTION('center_axis',(0.,-3.46944695195354E-18,-1.));
#4177=DIRECTION('ref_axis',(1.,-4.20653449201308E-16,1.45943482716022E-33));
#4178=DIRECTION('',(1.,-4.20653449201308E-16,1.45943482716022E-33));
#4179=DIRECTION('',(0.,-1.,3.46944695195354E-18));
#4180=DIRECTION('',(1.,-4.20653449201308E-16,1.45943482716022E-33));
#4181=DIRECTION('',(0.,-1.,3.46944695195354E-18));
#4182=DIRECTION('center_axis',(-1.,0.,0.));
#4183=DIRECTION('ref_axis',(0.,1.66533453693774E-16,-1.));
#4184=DIRECTION('',(0.,1.66533453693774E-16,-1.));
#4185=DIRECTION('',(0.,1.66533453693774E-16,-1.));
#4186=DIRECTION('center_axis',(1.,0.,0.));
#4187=DIRECTION('ref_axis',(0.,-1.66533453693774E-16,1.));
#4188=DIRECTION('',(0.,-1.66533453693774E-16,1.));
#4189=DIRECTION('',(0.,-1.66533453693774E-16,1.));
#4190=DIRECTION('center_axis',(4.20653449201308E-16,1.,1.66533453693774E-16));
#4191=DIRECTION('ref_axis',(0.,-1.66533453693774E-16,1.));
#4192=DIRECTION('center_axis',(4.20653449201308E-16,1.,1.66533453693774E-16));
#4193=DIRECTION('ref_axis',(0.,-1.66533453693774E-16,1.));
#4194=DIRECTION('center_axis',(0.,1.,-3.46944695195354E-18));
#4195=DIRECTION('ref_axis',(0.976590373732322,-7.46304103580806E-19,-0.215107512498666));
#4196=DIRECTION('',(0.,-1.,3.46944695195354E-18));
#4197=DIRECTION('',(0.,1.,-3.46944695195354E-18));
#4198=DIRECTION('center_axis',(3.5942110924394E-16,1.,2.00010218035514E-16));
#4199=DIRECTION('ref_axis',(0.976590373732322,-7.46304103580806E-19,-0.215107512498666));
#4200=DIRECTION('center_axis',(0.,1.,-3.46944695195354E-18));
#4201=DIRECTION('ref_axis',(-0.976590373732709,-7.46304103574708E-19,-0.215107512496909));
#4202=DIRECTION('center_axis',(3.5942110924394E-16,1.,2.00010218035514E-16));
#4203=DIRECTION('ref_axis',(-0.976590373732709,-7.46304103574708E-19,-0.215107512496909));
#4204=DIRECTION('',(0.,1.,-3.46944695195354E-18));
#4205=DIRECTION('center_axis',(0.,1.,-3.46944695195354E-18));
#4206=DIRECTION('ref_axis',(-0.296488599427763,3.31344809989207E-18,0.955036392191085));
#4207=DIRECTION('center_axis',(3.5942110924394E-16,1.,2.00010218035514E-16));
#4208=DIRECTION('ref_axis',(-0.296488599427763,3.31344809989207E-18,0.955036392191085));
#4209=DIRECTION('',(0.,1.,-3.46944695195354E-18));
#4210=DIRECTION('center_axis',(0.,1.,-3.46944695195354E-18));
#4211=DIRECTION('ref_axis',(0.296488599427807,-3.31344809989202E-18,-0.955036392191071));
#4212=DIRECTION('center_axis',(3.5942110924394E-16,1.,2.00010218035514E-16));
#4213=DIRECTION('ref_axis',(0.296488599427807,-3.31344809989202E-18,-0.955036392191071));
#4214=DIRECTION('',(0.,1.,-3.46944695195354E-18));
#4215=DIRECTION('',(0.,1.,-3.46944695195354E-18));
#4216=DIRECTION('center_axis',(0.,1.,-3.46944695195354E-18));
#4217=DIRECTION('ref_axis',(0.97659037373271,7.46304103574701E-19,0.215107512496907));
#4218=DIRECTION('center_axis',(3.5942110924394E-16,1.,2.00010218035514E-16));
#4219=DIRECTION('ref_axis',(0.97659037373271,7.46304103574701E-19,0.215107512496907));
#4220=DIRECTION('',(0.,1.,-3.46944695195354E-18));
#4221=DIRECTION('center_axis',(0.,1.,-3.46944695195354E-18));
#4222=DIRECTION('ref_axis',(-0.976590373732743,7.46304103574171E-19,0.215107512496754));
#4223=DIRECTION('center_axis',(3.5942110924394E-16,1.,2.00010218035514E-16));
#4224=DIRECTION('ref_axis',(-0.976590373732743,7.46304103574171E-19,0.215107512496754));
#4225=DIRECTION('',(0.,1.,-3.46944695195354E-18));
#4226=DIRECTION('center_axis',(-4.20653449201308E-16,-1.,-1.66533453693774E-16));
#4227=DIRECTION('ref_axis',(-0.894427190999915,4.5071990755097E-16,-0.44721359549996));
#4228=DIRECTION('',(-4.20653449201308E-16,-1.,-1.66533453693774E-16));
#4229=DIRECTION('center_axis',(4.20653449201308E-16,1.,1.66533453693774E-16));
#4230=DIRECTION('ref_axis',(-0.894427190999915,4.5071990755097E-16,-0.44721359549996));
#4231=DIRECTION('center_axis',(4.20653449201308E-16,1.,1.66533453693774E-16));
#4232=DIRECTION('ref_axis',(-0.894427190999915,4.5071990755097E-16,-0.44721359549996));
#4233=DIRECTION('',(-4.20653449201308E-16,-1.,-1.66533453693774E-16));
#4234=DIRECTION('center_axis',(-4.20653449201308E-16,-1.,-1.66533453693774E-16));
#4235=DIRECTION('ref_axis',(0.894427190999915,-4.5071990755097E-16,0.447213595499959));
#4236=DIRECTION('',(0.,-1.,3.46944695195354E-18));
#4237=DIRECTION('center_axis',(-4.20653449201308E-16,-1.,-1.66533453693774E-16));
#4238=DIRECTION('ref_axis',(0.894427190999915,-4.5071990755097E-16,0.447213595499959));
#4239=DIRECTION('center_axis',(-4.20653449201308E-16,-1.,-1.66533453693774E-16));
#4240=DIRECTION('ref_axis',(0.447213595499957,-3.37073990671612E-16,0.894427190999916));
#4241=DIRECTION('',(0.,-1.,3.46944695195354E-18));
#4242=DIRECTION('center_axis',(4.20653449201308E-16,1.,1.66533453693774E-16));
#4243=DIRECTION('ref_axis',(0.447213595499957,-3.37073990671612E-16,0.894427190999916));
#4244=DIRECTION('',(-4.20653449201308E-16,-1.,-1.66533453693774E-16));
#4245=DIRECTION('center_axis',(-4.20653449201308E-16,-1.,-1.66533453693774E-16));
#4246=DIRECTION('ref_axis',(0.894427190999915,-4.5071990755097E-16,0.447213595499959));
#4247=DIRECTION('',(0.,1.,-3.46944695195354E-18));
#4248=DIRECTION('',(-4.20653449201308E-16,-1.,-1.66533453693774E-16));
#4249=DIRECTION('center_axis',(-4.20653449201308E-16,-1.,-1.66533453693774E-16));
#4250=DIRECTION('ref_axis',(0.894427190999915,-4.5071990755097E-16,0.447213595499959));
#4251=DIRECTION('center_axis',(4.70899906474116E-15,-1.,2.62854316469178E-15));
#4252=DIRECTION('ref_axis',(0.894427190999915,5.38737704550632E-15,0.447213595499959));
#4253=DIRECTION('center_axis',(-4.20653449201308E-16,-1.,-1.66533453693774E-16));
#4254=DIRECTION('ref_axis',(-0.894427190999918,4.5071990755097E-16,-0.447213595499954));
#4255=DIRECTION('',(-4.20653449201308E-16,-1.,-1.66533453693774E-16));
#4256=DIRECTION('center_axis',(4.20653449201308E-16,1.,1.66533453693774E-16));
#4257=DIRECTION('ref_axis',(-0.894427190999918,4.5071990755097E-16,-0.447213595499954));
#4258=DIRECTION('center_axis',(4.20653449201308E-16,1.,1.66533453693774E-16));
#4259=DIRECTION('ref_axis',(-0.894427190999918,4.5071990755097E-16,-0.447213595499954));
#4260=DIRECTION('center_axis',(-4.20653449201308E-16,-1.,-1.66533453693774E-16));
#4261=DIRECTION('ref_axis',(0.768490974693937,-2.16710179110342E-16,-0.639860626866478));
#4262=DIRECTION('center_axis',(3.5942110924394E-16,1.,2.00010218035514E-16));
#4263=DIRECTION('ref_axis',(-0.447213595499958,3.91698922819395E-17,0.894427190999916));
#4264=DIRECTION('',(1.11022302462516E-16,1.,2.27765793651141E-16));
#4265=DIRECTION('center_axis',(4.20653449201308E-16,1.,1.66533453693774E-16));
#4266=DIRECTION('ref_axis',(-0.447213595499958,3.91698922819395E-17,0.894427190999916));
#4267=DIRECTION('center_axis',(4.20653449201308E-16,1.,1.66533453693774E-16));
#4268=DIRECTION('ref_axis',(-0.447213595499958,3.91698922819395E-17,0.894427190999916));
#4269=DIRECTION('center_axis',(-4.20653449201308E-16,-1.,-1.66533453693774E-16));
#4270=DIRECTION('ref_axis',(-1.,4.20653449201308E-16,-4.47558656802016E-16));
#4271=DIRECTION('center_axis',(-4.20653449201308E-16,-1.,-1.66533453693774E-16));
#4272=DIRECTION('ref_axis',(0.875176261720471,-2.87576327612378E-16,-0.483804207217116));
#4273=DIRECTION('',(-4.20653449201308E-16,-1.,-1.66533453693774E-16));
#4274=DIRECTION('center_axis',(4.20653449201308E-16,1.,1.66533453693774E-16));
#4275=DIRECTION('ref_axis',(0.447213595499957,-3.37073990671612E-16,0.894427190999916));
#4276=DIRECTION('center_axis',(4.20653449201308E-16,1.,1.66533453693774E-16));
#4277=DIRECTION('ref_axis',(0.447213595499957,-3.37073990671612E-16,0.894427190999916));
#4278=DIRECTION('',(-4.20653449201308E-16,-1.,-1.66533453693774E-16));
#4279=DIRECTION('center_axis',(-4.20653449201308E-16,-1.,-1.66533453693774E-16));
#4280=DIRECTION('ref_axis',(-1.,4.20653449201309E-16,-4.26036802945588E-15));
#4281=DIRECTION('',(-4.20653449201308E-16,-1.,-1.66533453693774E-16));
#4282=DIRECTION('center_axis',(-4.20653449201308E-16,-1.,-1.66533453693774E-16));
#4283=DIRECTION('ref_axis',(0.894427190999916,-3.01767858356134E-16,-0.447213595499958));
#4284=DIRECTION('center_axis',(-4.20653449201308E-16,-1.,-1.66533453693774E-16));
#4285=DIRECTION('ref_axis',(0.922109899619106,-3.23452241629788E-16,-0.386928072158694));
#4286=DIRECTION('',(-4.20653449201308E-16,-1.,-1.66533453693774E-16));
#4287=DIRECTION('center_axis',(4.20653449201308E-16,1.,1.66533453693774E-16));
#4288=DIRECTION('ref_axis',(-0.447213595499955,3.37073990671611E-16,-0.894427190999917));
#4289=DIRECTION('center_axis',(4.20653449201308E-16,1.,1.66533453693774E-16));
#4290=DIRECTION('ref_axis',(-0.447213595499955,3.37073990671611E-16,-0.894427190999917));
#4291=DIRECTION('',(-4.20653449201308E-16,-1.,-1.66533453693774E-16));
#4292=DIRECTION('center_axis',(-4.20653449201308E-16,-1.,-1.66533453693774E-16));
#4293=DIRECTION('ref_axis',(-1.,4.20653449201309E-16,-3.71649125973811E-15));
#4294=DIRECTION('',(-4.20653449201308E-16,-1.,-1.66533453693774E-16));
#4295=DIRECTION('center_axis',(-4.20653449201308E-16,-1.,-1.66533453693774E-16));
#4296=DIRECTION('ref_axis',(0.447213595499957,-3.37073990671612E-16,0.894427190999916));
#4297=DIRECTION('center_axis',(-4.20653449201308E-16,-1.,-1.66533453693774E-16));
#4298=DIRECTION('ref_axis',(0.447213595499957,-3.37073990671612E-16,0.894427190999916));
#4299=DIRECTION('center_axis',(-4.20653449201308E-16,-1.,-1.66533453693774E-16));
#4300=DIRECTION('ref_axis',(0.894427190999917,-3.01767858356135E-16,-0.447213595499956));
#4301=DIRECTION('',(-4.20653449201308E-16,-1.,-1.66533453693774E-16));
#4302=DIRECTION('center_axis',(4.20653449201308E-16,1.,1.66533453693774E-16));
#4303=DIRECTION('ref_axis',(0.894427190999917,-3.01767858356135E-16,-0.447213595499956));
#4304=DIRECTION('center_axis',(4.20653449201308E-16,1.,1.66533453693774E-16));
#4305=DIRECTION('ref_axis',(0.894427190999917,-3.01767858356135E-16,-0.447213595499956));
#4306=DIRECTION('',(-4.20653449201308E-16,-1.,-1.66533453693774E-16));
#4307=DIRECTION('center_axis',(-4.20653449201308E-16,-1.,-1.66533453693774E-16));
#4308=DIRECTION('ref_axis',(-0.894427190999915,3.01767858356133E-16,0.447213595499959));
#4309=DIRECTION('',(-4.20653449201308E-16,-1.,-1.66533453693774E-16));
#4310=DIRECTION('center_axis',(-4.20653449201308E-16,-1.,-1.66533453693774E-16));
#4311=DIRECTION('ref_axis',(-0.894427190999915,3.01767858356133E-16,0.447213595499959));
#4312=DIRECTION('center_axis',(-4.20653449201308E-16,-1.,-1.66533453693774E-16));
#4313=DIRECTION('ref_axis',(-0.894427190999915,3.01767858356133E-16,0.447213595499959));
#4314=DIRECTION('center_axis',(-4.20653449201308E-16,-1.,-1.66533453693774E-16));
#4315=DIRECTION('ref_axis',(-0.785395321840256,4.33462542671536E-16,-0.618994497900781));
#4316=DIRECTION('',(-4.20653449201308E-16,-1.,-1.66533453693774E-16));
#4317=DIRECTION('center_axis',(4.20653449201308E-16,1.,1.66533453693774E-16));
#4318=DIRECTION('ref_axis',(-0.447213595499956,3.91698922819386E-17,0.894427190999917));
#4319=DIRECTION('center_axis',(4.20653449201308E-16,1.,1.66533453693774E-16));
#4320=DIRECTION('ref_axis',(-0.447213595499956,3.91698922819386E-17,0.894427190999917));
#4321=DIRECTION('',(-4.20653449201308E-16,-1.,-1.66533453693774E-16));
#4322=DIRECTION('center_axis',(-4.20653449201308E-16,-1.,-1.66533453693774E-16));
#4323=DIRECTION('ref_axis',(0.447213595499961,-3.91698922819408E-17,-0.894427190999915));
#4324=DIRECTION('',(-4.20653449201308E-16,-1.,-1.66533453693774E-16));
#4325=DIRECTION('center_axis',(4.20653449201308E-16,1.,1.66533453693774E-16));
#4326=DIRECTION('ref_axis',(0.447213595499961,-3.91698922819408E-17,-0.894427190999915));
#4327=DIRECTION('center_axis',(-4.20653449201308E-16,-1.,-1.66533453693774E-16));
#4328=DIRECTION('ref_axis',(0.785395321840273,-4.33462542671539E-16,0.618994497900761));
#4329=DIRECTION('',(-4.20653449201308E-16,-1.,-1.66533453693774E-16));
#4330=DIRECTION('center_axis',(4.20653449201308E-16,1.,1.66533453693774E-16));
#4331=DIRECTION('ref_axis',(-0.447213595499957,3.37073990671612E-16,-0.894427190999916));
#4332=DIRECTION('center_axis',(4.20653449201308E-16,1.,1.66533453693774E-16));
#4333=DIRECTION('ref_axis',(0.618994497900787,-1.29587575117608E-16,-0.785395321840252));
#4334=DIRECTION('',(-4.20653449201308E-16,-1.,-1.66533453693774E-16));
#4335=DIRECTION('center_axis',(-4.20653449201308E-16,-1.,-1.66533453693774E-16));
#4336=DIRECTION('ref_axis',(-0.44721359549996,3.37073990671613E-16,-0.894427190999915));
#4337=DIRECTION('',(-4.20653449201308E-16,-1.,-1.66533453693774E-16));
#4338=DIRECTION('center_axis',(4.20653449201308E-16,1.,1.66533453693774E-16));
#4339=DIRECTION('ref_axis',(-0.44721359549996,3.37073990671613E-16,-0.894427190999915));
#4340=DIRECTION('center_axis',(-4.20653449201308E-16,-1.,-1.66533453693774E-16));
#4341=DIRECTION('ref_axis',(-0.875176261720439,2.87576327612356E-16,0.483804207217173));
#4342=DIRECTION('',(-4.20653449201308E-16,-1.,-1.66533453693774E-16));
#4343=DIRECTION('center_axis',(4.20653449201308E-16,1.,1.66533453693774E-16));
#4344=DIRECTION('ref_axis',(0.447213595499958,-3.91698922819392E-17,-0.894427190999916));
#4345=DIRECTION('center_axis',(4.20653449201308E-16,1.,1.66533453693774E-16));
#4346=DIRECTION('ref_axis',(0.447213595499958,-3.91698922819392E-17,-0.894427190999916));
#4347=DIRECTION('',(-4.20653449201308E-16,-1.,-1.66533453693774E-16));
#4348=DIRECTION('center_axis',(-4.20653449201308E-16,-1.,-1.66533453693774E-16));
#4349=DIRECTION('ref_axis',(1.,-4.20653449201308E-16,0.));
#4350=DIRECTION('',(-4.20653449201308E-16,-1.,-1.66533453693774E-16));
#4351=DIRECTION('center_axis',(-4.20653449201308E-16,-1.,-1.66533453693774E-16));
#4352=DIRECTION('ref_axis',(-0.894427190999915,4.5071990755097E-16,-0.447213595499959));
#4353=DIRECTION('center_axis',(-4.20653449201308E-16,-1.,-1.66533453693774E-16));
#4354=DIRECTION('ref_axis',(-0.922109899619101,3.23452241629784E-16,0.386928072158704));
#4355=DIRECTION('',(-4.20653449201308E-16,-1.,-1.66533453693774E-16));
#4356=DIRECTION('center_axis',(4.20653449201308E-16,1.,1.66533453693774E-16));
#4357=DIRECTION('ref_axis',(0.894427190999915,-4.5071990755097E-16,0.447213595499959));
#4358=DIRECTION('center_axis',(4.20653449201308E-16,1.,1.66533453693774E-16));
#4359=DIRECTION('ref_axis',(0.894427190999915,-4.5071990755097E-16,0.447213595499959));
#4360=DIRECTION('',(-4.20653449201308E-16,-1.,-1.66533453693774E-16));
#4361=DIRECTION('center_axis',(-4.20653449201308E-16,-1.,-1.66533453693774E-16));
#4362=DIRECTION('ref_axis',(1.,-4.20653449201308E-16,6.29913772836968E-17));
#4363=DIRECTION('',(-4.20653449201308E-16,-1.,-1.66533453693774E-16));
#4364=DIRECTION('center_axis',(-4.20653449201308E-16,-1.,-1.66533453693774E-16));
#4365=DIRECTION('ref_axis',(-0.447213595499957,3.91698922819392E-17,0.894427190999916));
#4366=DIRECTION('center_axis',(-4.20653449201308E-16,-1.,-1.66533453693774E-16));
#4367=DIRECTION('ref_axis',(-0.447213595499957,3.91698922819392E-17,0.894427190999916));
#4368=DIRECTION('center_axis',(-4.20653449201308E-16,-1.,-1.66533453693774E-16));
#4369=DIRECTION('ref_axis',(-0.894427190999915,4.5071990755097E-16,-0.447213595499959));
#4370=DIRECTION('',(-4.20653449201308E-16,-1.,-1.66533453693774E-16));
#4371=DIRECTION('center_axis',(4.20653449201308E-16,1.,1.66533453693774E-16));
#4372=DIRECTION('ref_axis',(-0.894427190999915,4.5071990755097E-16,-0.447213595499959));
#4373=DIRECTION('center_axis',(4.20653449201308E-16,1.,1.66533453693774E-16));
#4374=DIRECTION('ref_axis',(-0.894427190999915,4.5071990755097E-16,-0.447213595499959));
#4375=DIRECTION('',(-4.20653449201308E-16,-1.,-1.66533453693774E-16));
#4376=DIRECTION('center_axis',(-4.20653449201308E-16,-1.,-1.66533453693774E-16));
#4377=DIRECTION('ref_axis',(0.894427190999915,-4.5071990755097E-16,0.44721359549996));
#4378=DIRECTION('',(-4.20653449201308E-16,-1.,-1.66533453693774E-16));
#4379=DIRECTION('center_axis',(-4.20653449201308E-16,-1.,-1.66533453693774E-16));
#4380=DIRECTION('ref_axis',(0.894427190999915,-4.5071990755097E-16,0.44721359549996));
#4381=DIRECTION('center_axis',(-4.20653449201308E-16,-1.,-1.66533453693774E-16));
#4382=DIRECTION('ref_axis',(0.894427190999915,-4.5071990755097E-16,0.44721359549996));
#4383=DIRECTION('center_axis',(1.11022302462516E-16,1.,2.27765793651141E-16));
#4384=DIRECTION('ref_axis',(-0.999833254106864,1.15163020241034E-16,-0.0182609961962552));
#4385=DIRECTION('center_axis',(-3.5942110924394E-16,-1.,-2.00010218035514E-16));
#4386=DIRECTION('ref_axis',(-0.296488599427784,3.31344809989204E-18,0.955036392191078));
#4387=DIRECTION('',(0.,1.,-3.46944695195354E-18));
#4388=DIRECTION('center_axis',(3.5942110924394E-16,1.,2.00010218035514E-16));
#4389=DIRECTION('ref_axis',(-1.,3.5942110924394E-16,-3.46944695195355E-18));
#4390=DIRECTION('center_axis',(-3.5942110924394E-16,-1.,-2.00010218035514E-16));
#4391=DIRECTION('ref_axis',(-0.447213595499958,-1.81565709252198E-17,0.894427190999916));
#4392=DIRECTION('center_axis',(3.5942110924394E-16,1.,2.00010218035514E-16));
#4393=DIRECTION('ref_axis',(0.894427190999915,-4.50649645781004E-16,0.447213595499959));
#4394=DIRECTION('center_axis',(3.5942110924394E-16,1.,2.00010218035514E-16));
#4395=DIRECTION('ref_axis',(-1.,3.5942110924394E-16,-3.46944695195355E-18));
#4396=DIRECTION('center_axis',(3.5942110924394E-16,1.,2.00010218035514E-16));
#4397=DIRECTION('ref_axis',(-0.894427190999916,2.46929726759747E-16,0.447213595499959));
#4398=DIRECTION('center_axis',(-3.5942110924394E-16,-1.,-2.00010218035514E-16));
#4399=DIRECTION('ref_axis',(0.447213595499957,-3.39632584052351E-16,0.894427190999916));
#4400=DIRECTION('center_axis',(3.5942110924394E-16,1.,2.00010218035514E-16));
#4401=DIRECTION('ref_axis',(-1.,3.5942110924394E-16,-3.46944695195355E-18));
#4402=DIRECTION('center_axis',(-4.20653449201308E-16,-1.,-1.66533453693774E-16));
#4403=DIRECTION('ref_axis',(-0.894427190999915,3.01767858356133E-16,0.447213595499959));
#4404=DIRECTION('center_axis',(-8.25099542048247E-16,-1.,1.29272826141725E-16));
#4405=DIRECTION('ref_axis',(-0.894427190999916,8.45701695096909E-16,0.447213595499959));
#4406=DIRECTION('',(-0.365148371670118,0.912870929175273,0.182574185835058));
#4407=DIRECTION('',(0.365148371670119,-0.912870929175273,-0.182574185835059));
#4408=DIRECTION('center_axis',(-4.20653449201308E-16,-1.,-1.66533453693774E-16));
#4409=DIRECTION('ref_axis',(-0.894427190999915,3.01767858356133E-16,0.447213595499959));
#4410=DIRECTION('center_axis',(-4.20653449201308E-16,-1.,-1.66533453693774E-16));
#4411=DIRECTION('ref_axis',(-0.894427190999915,3.01767858356133E-16,0.447213595499959));
#4412=DIRECTION('',(-4.20653449201308E-16,-1.,-1.66533453693774E-16));
#4413=DIRECTION('',(0.,1.,-3.46944695195354E-18));
#4414=DIRECTION('center_axis',(-4.20653449201308E-16,-1.,-1.66533453693774E-16));
#4415=DIRECTION('ref_axis',(-0.768490974693958,4.29826579259822E-16,-0.639860626866454));
#4416=DIRECTION('',(-4.20653449201308E-16,-1.,-1.66533453693774E-16));
#4417=DIRECTION('center_axis',(4.20653449201308E-16,1.,1.66533453693774E-16));
#4418=DIRECTION('ref_axis',(0.447213595499957,-3.37073990671612E-16,0.894427190999916));
#4419=DIRECTION('center_axis',(-1.11022302462516E-16,-1.,-2.27765793651141E-16));
#4420=DIRECTION('ref_axis',(0.447213595499957,-2.53370602086202E-16,0.894427190999916));
#4421=DIRECTION('',(-1.11022302462516E-16,-1.,-1.99116355567296E-16));
#4422=DIRECTION('center_axis',(3.5942110924394E-16,1.,2.00010218035514E-16));
#4423=DIRECTION('ref_axis',(0.447213595499957,-3.37073990671612E-16,0.894427190999916));
#4424=DIRECTION('center_axis',(3.5942110924394E-16,1.,2.00010218035514E-16));
#4425=DIRECTION('ref_axis',(-1.,3.5942110924394E-16,-3.46944695195355E-18));
#4426=DIRECTION('',(-0.36514837167012,-0.912870929175272,-0.182574185835059));
#4427=DIRECTION('',(0.365148371670119,0.912870929175273,0.182574185835058));
#4428=DIRECTION('center_axis',(-4.20653449201308E-16,-1.,-1.66533453693774E-16));
#4429=DIRECTION('ref_axis',(-0.447213595499958,3.91698922819395E-17,0.894427190999916));
#4430=DIRECTION('center_axis',(3.94554414369472E-15,-1.,1.80051742942747E-15));
#4431=DIRECTION('ref_axis',(0.894427190999916,4.28697430582287E-15,0.447213595499958));
#4432=DIRECTION('center_axis',(1.11022302462516E-16,1.,2.27765793651141E-16));
#4433=DIRECTION('ref_axis',(1.,-1.11022302462516E-16,3.46944695195361E-18));
#4434=DIRECTION('center_axis',(4.20653449201308E-16,1.,1.66533453693774E-16));
#4435=DIRECTION('ref_axis',(1.,-1.11022302462516E-16,3.46944695195361E-18));
#4436=DIRECTION('',(1.11022302462516E-16,1.,2.27765793651141E-16));
#4437=DIRECTION('',(1.11022302462516E-16,1.,2.27765793651141E-16));
#4438=DIRECTION('center_axis',(1.11022302462516E-16,1.,2.27765793651141E-16));
#4439=DIRECTION('ref_axis',(1.,-1.11022302462516E-16,3.46944695195361E-18));
#4440=DIRECTION('center_axis',(4.20653449201308E-16,1.,1.66533453693774E-16));
#4441=DIRECTION('ref_axis',(1.,-1.11022302462516E-16,3.46944695195361E-18));
#4442=DIRECTION('',(1.11022302462516E-16,1.,2.27765793651141E-16));
#4443=DIRECTION('',(-1.11022302462516E-16,-1.,-2.27765793651141E-16));
#4444=DIRECTION('center_axis',(-3.5942110924394E-16,-1.,-2.00010218035514E-16));
#4445=DIRECTION('ref_axis',(-1.,3.63226287931057E-16,-1.25261053183034E-14));
#4446=DIRECTION('center_axis',(4.20653449201308E-16,1.,1.66533453693774E-16));
#4447=DIRECTION('ref_axis',(-1.,4.20653449201308E-16,-4.47558656802016E-16));
#4448=DIRECTION('center_axis',(3.5942110924394E-16,1.,2.00010218035514E-16));
#4449=DIRECTION('ref_axis',(-1.,3.63226287931057E-16,-1.25261053183034E-14));
#4450=DIRECTION('center_axis',(-3.5942110924394E-16,-1.,-2.00010218035514E-16));
#4451=DIRECTION('ref_axis',(-1.,3.63226287931057E-16,-1.25261053183034E-14));
#4452=DIRECTION('center_axis',(3.5942110924394E-16,1.,2.00010218035514E-16));
#4453=DIRECTION('ref_axis',(-1.,3.63226287931057E-16,-1.25261053183034E-14));
#4454=DIRECTION('center_axis',(4.20653449201308E-16,1.,1.66533453693774E-16));
#4455=DIRECTION('ref_axis',(-1.,4.20653449201308E-16,-4.47558656802016E-16));
#4456=DIRECTION('center_axis',(-4.20653449201308E-16,-1.,-1.66533453693774E-16));
#4457=DIRECTION('ref_axis',(-1.,4.20653449201308E-16,-4.47558656802016E-16));
#4458=DIRECTION('center_axis',(-4.20653449201308E-16,-1.,-1.66533453693774E-16));
#4459=DIRECTION('ref_axis',(-1.,4.20653449201308E-16,-4.47558656802016E-16));
#4460=DIRECTION('',(-1.11022302462516E-16,-1.,-1.99116355567296E-16));
#4461=DIRECTION('center_axis',(-4.20653449201308E-16,-1.,-1.66533453693774E-16));
#4462=DIRECTION('ref_axis',(-1.,4.20653449201308E-16,-4.47558656802016E-16));
#4463=DIRECTION('',(4.20653449201308E-16,1.,1.66533453693774E-16));
#4464=DIRECTION('center_axis',(-4.20653449201308E-16,-1.,-1.66533453693774E-16));
#4465=DIRECTION('ref_axis',(-1.,4.20653449201308E-16,-4.47558656802016E-16));
#4466=DIRECTION('center_axis',(1.11022302462516E-16,1.,1.99116355567296E-16));
#4467=DIRECTION('ref_axis',(0.999833254106868,-1.07367726937955E-16,-0.0182609961960149));
#4468=DIRECTION('center_axis',(-3.5942110924394E-16,-1.,-2.00010218035514E-16));
#4469=DIRECTION('ref_axis',(0.296488599427721,-3.31344809989211E-18,-0.955036392191098));
#4470=DIRECTION('',(0.,-1.,3.46944695195354E-18));
#4471=DIRECTION('center_axis',(1.11022302462516E-16,1.,1.99116355567296E-16));
#4472=DIRECTION('ref_axis',(-0.929912165290015,1.76472337634453E-16,-0.367781680954389));
#4473=DIRECTION('center_axis',(4.20653449201308E-16,1.,1.66533453693774E-16));
#4474=DIRECTION('ref_axis',(-0.929912165290015,1.76472337634453E-16,-0.367781680954389));
#4475=DIRECTION('',(1.11022302462516E-16,1.,1.99116355567296E-16));
#4476=DIRECTION('',(1.11022302462516E-16,1.,1.99116355567296E-16));
#4477=DIRECTION('center_axis',(1.11022302462516E-16,1.,1.99116355567296E-16));
#4478=DIRECTION('ref_axis',(-0.929912165290015,1.76472337634453E-16,-0.367781680954389));
#4479=DIRECTION('center_axis',(4.20653449201308E-16,1.,1.66533453693774E-16));
#4480=DIRECTION('ref_axis',(-0.929912165290015,1.76472337634453E-16,-0.367781680954389));
#4481=DIRECTION('',(1.11022302462516E-16,1.,1.99116355567296E-16));
#4482=DIRECTION('center_axis',(-4.20653449201308E-16,-1.,-1.66533453693774E-16));
#4483=DIRECTION('ref_axis',(-1.,4.20653449201308E-16,-4.47558656802016E-16));
#4484=DIRECTION('center_axis',(-4.20653449201308E-16,-1.,-1.66533453693774E-16));
#4485=DIRECTION('ref_axis',(-1.,4.20653449201308E-16,-4.47558656802016E-16));
#4486=DIRECTION('',(-4.20653449201308E-16,-1.,-1.66533453693774E-16));
#4487=DIRECTION('center_axis',(4.20653449201308E-16,1.,1.66533453693774E-16));
#4488=DIRECTION('ref_axis',(-1.,4.20653449201308E-16,-4.47558656802016E-16));
#4489=DIRECTION('center_axis',(-3.5942110924394E-16,-1.,-2.00010218035514E-16));
#4490=DIRECTION('ref_axis',(-1.,3.63226287931057E-16,-1.25261053183034E-14));
#4491=DIRECTION('center_axis',(3.5942110924394E-16,1.,2.00010218035514E-16));
#4492=DIRECTION('ref_axis',(-1.,3.63226287931057E-16,-1.25261053183034E-14));
#4493=DIRECTION('center_axis',(-3.5942110924394E-16,-1.,-2.00010218035514E-16));
#4494=DIRECTION('ref_axis',(-1.,3.63226287931057E-16,-1.25261053183034E-14));
#4495=DIRECTION('center_axis',(-3.5942110924394E-16,-1.,-2.00010218035514E-16));
#4496=DIRECTION('ref_axis',(2.25514051876985E-16,2.27765793651141E-16,-1.));
#4497=DIRECTION('',(3.5942110924394E-16,1.,2.00010218035514E-16));
#4498=DIRECTION('center_axis',(4.20653449201308E-16,1.,1.66533453693774E-16));
#4499=DIRECTION('ref_axis',(1.,-1.11022302462516E-16,3.46944695195361E-18));
#4500=DIRECTION('center_axis',(4.20653449201308E-16,1.,1.66533453693774E-16));
#4501=DIRECTION('ref_axis',(1.,-1.11022302462516E-16,3.4694469519536E-18));
#4502=DIRECTION('',(-3.25061829091619E-16,-1.,-2.27765793651141E-16));
#4503=DIRECTION('center_axis',(-3.5942110924394E-16,-1.,-2.00010218035514E-16));
#4504=DIRECTION('ref_axis',(2.25514051876985E-16,2.00010218035514E-16,-1.));
#4505=DIRECTION('',(3.25061829091619E-16,1.,2.27765793651141E-16));
#4506=DIRECTION('center_axis',(4.20653449201308E-16,1.,1.66533453693774E-16));
#4507=DIRECTION('ref_axis',(1.,-1.11022302462516E-16,3.46944695195361E-18));
#4508=DIRECTION('center_axis',(-4.20653449201308E-16,-1.,-1.66533453693774E-16));
#4509=DIRECTION('ref_axis',(-0.894427190999915,3.01767858356133E-16,0.447213595499959));
#4510=DIRECTION('',(-4.20653449201308E-16,-1.,-1.66533453693774E-16));
#4511=DIRECTION('center_axis',(-3.5942110924394E-16,-1.,-2.00010218035514E-16));
#4512=DIRECTION('ref_axis',(-1.,3.5942110924394E-16,-2.25514051876985E-16));
#4513=DIRECTION('center_axis',(-3.5942110924394E-16,-1.,-2.00010218035514E-16));
#4514=DIRECTION('ref_axis',(2.25514051876985E-16,2.00010218035514E-16,-1.));
#4515=DIRECTION('center_axis',(3.5942110924394E-16,1.,2.00010218035514E-16));
#4516=DIRECTION('ref_axis',(-1.,4.20653449201308E-16,-4.47558656802016E-16));
#4517=DIRECTION('',(4.47558656802016E-16,2.00010218035514E-16,-1.));
#4518=DIRECTION('',(-7.516816391015E-16,-2.00010218035514E-16,1.));
#4519=DIRECTION('center_axis',(1.,-4.20653449201308E-16,4.47558656802016E-16));
#4520=DIRECTION('ref_axis',(-4.47558656802016E-16,-1.66533453693773E-16,
1.));
#4521=DIRECTION('',(-4.47558656802016E-16,-1.66533453693773E-16,1.));
#4522=DIRECTION('center_axis',(-1.,4.20653449201308E-16,-7.51681639101499E-16));
#4523=DIRECTION('ref_axis',(7.516816391015E-16,1.66533453693773E-16,-1.));
#4524=DIRECTION('',(7.516816391015E-16,1.66533453693773E-16,-1.));
#4525=DIRECTION('center_axis',(4.20653449201308E-16,1.,1.66533453693774E-16));
#4526=DIRECTION('ref_axis',(1.,-5.09806447182135E-16,2.25514051876985E-16));
#4527=DIRECTION('center_axis',(-1.0304937196225E-16,-1.66533453693774E-16,
1.));
#4528=DIRECTION('ref_axis',(-1.,6.37258058977668E-16,-1.0304937196225E-16));
#4529=DIRECTION('center_axis',(4.20653449201308E-16,1.,1.66533453693774E-16));
#4530=DIRECTION('ref_axis',(-1.,4.20653449201308E-16,-4.47558656802016E-16));
#4531=DIRECTION('center_axis',(4.20653449201308E-16,1.,1.66533453693774E-16));
#4532=DIRECTION('ref_axis',(-1.,4.20653449201308E-16,-4.47558656802016E-16));
#4533=DIRECTION('center_axis',(-4.20653449201308E-16,-1.,-1.66533453693774E-16));
#4534=DIRECTION('ref_axis',(-4.47558656802016E-16,-1.66533453693773E-16,
1.));
#4535=DIRECTION('center_axis',(-4.20653449201308E-16,-1.,-1.66533453693774E-16));
#4536=DIRECTION('ref_axis',(0.87517626172047,-4.48715498691267E-16,0.483804207217118));
#4537=DIRECTION('',(-4.20653449201308E-16,-1.,-1.66533453693774E-16));
#4538=DIRECTION('center_axis',(4.20653449201308E-16,1.,1.66533453693774E-16));
#4539=DIRECTION('ref_axis',(-0.447213595499957,3.37073990671612E-16,-0.894427190999917));
#4540=DIRECTION('center_axis',(4.20653449201308E-16,1.,1.66533453693774E-16));
#4541=DIRECTION('ref_axis',(-0.447213595499957,3.37073990671612E-16,-0.894427190999917));
#4542=DIRECTION('center_axis',(-4.20653449201308E-16,-1.,-1.66533453693774E-16));
#4543=DIRECTION('ref_axis',(-1.,4.20653449201308E-16,6.67803323082801E-17));
#4544=DIRECTION('center_axis',(4.20653449201308E-16,1.,1.66533453693774E-16));
#4545=DIRECTION('ref_axis',(0.894427190999916,-3.01767858356134E-16,-0.447213595499958));
#4546=DIRECTION('center_axis',(-4.20653449201308E-16,-1.,-1.66533453693774E-16));
#4547=DIRECTION('ref_axis',(0.922109899619125,-4.5232517800511E-16,0.386928072158648));
#4548=DIRECTION('',(-4.20653449201308E-16,-1.,-1.66533453693774E-16));
#4549=DIRECTION('center_axis',(4.20653449201308E-16,1.,1.66533453693774E-16));
#4550=DIRECTION('ref_axis',(-0.894427190999916,3.01767858356134E-16,0.447213595499958));
#4551=DIRECTION('center_axis',(4.20653449201308E-16,1.,1.66533453693774E-16));
#4552=DIRECTION('ref_axis',(-0.894427190999916,3.01767858356134E-16,0.447213595499958));
#4553=DIRECTION('center_axis',(-4.20653449201308E-16,-1.,-1.66533453693774E-16));
#4554=DIRECTION('ref_axis',(-1.,4.20653449201308E-16,2.35279051576192E-16));
#4555=DIRECTION('center_axis',(4.20653449201308E-16,1.,1.66533453693774E-16));
#4556=DIRECTION('ref_axis',(0.447213595499955,-3.37073990671611E-16,0.894427190999917));
#4557=DIRECTION('center_axis',(4.20653449201308E-16,1.,1.66533453693774E-16));
#4558=DIRECTION('ref_axis',(0.447213595499955,-3.37073990671611E-16,0.894427190999917));
#4559=DIRECTION('center_axis',(-4.20653449201308E-16,-1.,-1.66533453693774E-16));
#4560=DIRECTION('ref_axis',(0.894427190999916,-3.01767858356134E-16,-0.447213595499958));
#4561=DIRECTION('',(-4.20653449201308E-16,-1.,-1.66533453693774E-16));
#4562=DIRECTION('center_axis',(4.20653449201308E-16,1.,1.66533453693774E-16));
#4563=DIRECTION('ref_axis',(0.894427190999916,-3.01767858356134E-16,-0.447213595499958));
#4564=DIRECTION('center_axis',(4.20653449201308E-16,1.,1.66533453693774E-16));
#4565=DIRECTION('ref_axis',(0.894427190999916,-3.01767858356134E-16,-0.447213595499958));
#4566=DIRECTION('center_axis',(-4.20653449201308E-16,-1.,-1.66533453693774E-16));
#4567=DIRECTION('ref_axis',(-1.,4.20653449201308E-16,-1.05109872153861E-16));
#4568=DIRECTION('center_axis',(4.20653449201308E-16,1.,1.66533453693774E-16));
#4569=DIRECTION('ref_axis',(0.447213595499955,-3.37073990671611E-16,0.894427190999917));
#4570=DIRECTION('center_axis',(4.20653449201308E-16,1.,1.66533453693774E-16));
#4571=DIRECTION('ref_axis',(0.447213595499955,-3.37073990671611E-16,0.894427190999917));
#4572=DIRECTION('center_axis',(-4.20653449201308E-16,-1.,-1.66533453693774E-16));
#4573=DIRECTION('ref_axis',(-0.785395321840237,2.27295959565803E-16,0.618994497900805));
#4574=DIRECTION('',(-4.20653449201308E-16,-1.,-1.66533453693774E-16));
#4575=DIRECTION('center_axis',(4.20653449201308E-16,1.,1.66533453693774E-16));
#4576=DIRECTION('ref_axis',(0.447213595499958,-3.91698922819396E-17,-0.894427190999916));
#4577=DIRECTION('center_axis',(4.20653449201308E-16,1.,1.66533453693774E-16));
#4578=DIRECTION('ref_axis',(0.447213595499958,-3.91698922819396E-17,-0.894427190999916));
#4579=DIRECTION('center_axis',(-4.20653449201308E-16,-1.,-1.66533453693774E-16));
#4580=DIRECTION('ref_axis',(0.447213595499957,-3.91698922819392E-17,-0.894427190999916));
#4581=DIRECTION('center_axis',(-4.20653449201308E-16,-1.,-1.66533453693774E-16));
#4582=DIRECTION('ref_axis',(0.618994497900784,-3.91176766039587E-16,0.785395321840254));
#4583=DIRECTION('center_axis',(-4.20653449201308E-16,-1.,-1.66533453693774E-16));
#4584=DIRECTION('ref_axis',(0.785395321840272,-2.27295959565825E-16,-0.618994497900761));
#4585=DIRECTION('',(-4.20653449201308E-16,-1.,-1.66533453693774E-16));
#4586=DIRECTION('center_axis',(4.20653449201308E-16,1.,1.66533453693774E-16));
#4587=DIRECTION('ref_axis',(0.447213595499956,-3.37073990671612E-16,0.894427190999917));
#4588=DIRECTION('center_axis',(4.20653449201308E-16,1.,1.66533453693774E-16));
#4589=DIRECTION('ref_axis',(0.447213595499956,-3.37073990671612E-16,0.894427190999917));
#4590=DIRECTION('center_axis',(-4.20653449201308E-16,-1.,-1.66533453693774E-16));
#4591=DIRECTION('ref_axis',(-0.447213595499956,3.37073990671612E-16,-0.894427190999917));
#4592=DIRECTION('center_axis',(-4.20653449201308E-16,-1.,-1.66533453693774E-16));
#4593=DIRECTION('ref_axis',(-0.447213595499956,3.37073990671612E-16,-0.894427190999917));
#4594=DIRECTION('center_axis',(-4.20653449201308E-16,-1.,-1.66533453693774E-16));
#4595=DIRECTION('ref_axis',(-0.875176261720471,4.48715498691267E-16,-0.483804207217116));
#4596=DIRECTION('',(-4.20653449201308E-16,-1.,-1.66533453693774E-16));
#4597=DIRECTION('center_axis',(4.20653449201308E-16,1.,1.66533453693774E-16));
#4598=DIRECTION('ref_axis',(-0.447213595499958,3.91698922819395E-17,0.894427190999916));
#4599=DIRECTION('center_axis',(4.20653449201308E-16,1.,1.66533453693774E-16));
#4600=DIRECTION('ref_axis',(-0.447213595499958,3.91698922819395E-17,0.894427190999916));
#4601=DIRECTION('center_axis',(-4.20653449201308E-16,-1.,-1.66533453693774E-16));
#4602=DIRECTION('ref_axis',(1.,-4.20653449201308E-16,1.20204598154904E-15));
#4603=DIRECTION('center_axis',(4.20653449201308E-16,1.,1.66533453693774E-16));
#4604=DIRECTION('ref_axis',(-0.894427190999915,4.5071990755097E-16,-0.447213595499959));
#4605=DIRECTION('center_axis',(-4.20653449201308E-16,-1.,-1.66533453693774E-16));
#4606=DIRECTION('ref_axis',(-0.922109899619106,4.5232517800511E-16,-0.386928072158694));
#4607=DIRECTION('',(-4.20653449201308E-16,-1.,-1.66533453693774E-16));
#4608=DIRECTION('center_axis',(4.20653449201308E-16,1.,1.66533453693774E-16));
#4609=DIRECTION('ref_axis',(0.447213595499956,-3.91698922819382E-17,-0.894427190999917));
#4610=DIRECTION('center_axis',(4.20653449201308E-16,1.,1.66533453693774E-16));
#4611=DIRECTION('ref_axis',(0.447213595499956,-3.91698922819382E-17,-0.894427190999917));
#4612=DIRECTION('center_axis',(-4.20653449201308E-16,-1.,-1.66533453693774E-16));
#4613=DIRECTION('ref_axis',(1.,-4.20653449201308E-16,-5.8819762894048E-17));
#4614=DIRECTION('center_axis',(4.20653449201308E-16,1.,1.66533453693774E-16));
#4615=DIRECTION('ref_axis',(-0.447213595499956,3.91698922819383E-17,0.894427190999917));
#4616=DIRECTION('center_axis',(4.20653449201308E-16,1.,1.66533453693774E-16));
#4617=DIRECTION('ref_axis',(-0.447213595499956,3.91698922819383E-17,0.894427190999917));
#4618=DIRECTION('center_axis',(-4.20653449201308E-16,-1.,-1.66533453693774E-16));
#4619=DIRECTION('ref_axis',(-0.894427190999916,4.5071990755097E-16,-0.447213595499957));
#4620=DIRECTION('',(-4.20653449201308E-16,-1.,-1.66533453693774E-16));
#4621=DIRECTION('center_axis',(4.20653449201308E-16,1.,1.66533453693774E-16));
#4622=DIRECTION('ref_axis',(-0.894427190999916,4.5071990755097E-16,-0.447213595499957));
#4623=DIRECTION('center_axis',(4.20653449201308E-16,1.,1.66533453693774E-16));
#4624=DIRECTION('ref_axis',(-0.894427190999916,4.5071990755097E-16,-0.447213595499957));
#4625=DIRECTION('center_axis',(-4.20653449201308E-16,-1.,-1.66533453693774E-16));
#4626=DIRECTION('ref_axis',(1.,-4.20653449201309E-16,2.4175270595388E-15));
#4627=DIRECTION('center_axis',(4.20653449201308E-16,1.,1.66533453693774E-16));
#4628=DIRECTION('ref_axis',(-0.447213595499956,3.91698922819382E-17,0.894427190999917));
#4629=DIRECTION('center_axis',(4.20653449201308E-16,1.,1.66533453693774E-16));
#4630=DIRECTION('ref_axis',(-0.447213595499956,3.91698922819382E-17,0.894427190999917));
#4631=DIRECTION('center_axis',(0.967476778766529,-2.59732871158858E-15,
0.252959843745089));
#4632=DIRECTION('ref_axis',(0.251888897628111,0.0919206030433808,-0.963380810473115));
#4633=DIRECTION('center_axis',(0.967476778766529,-3.64846167585604E-16,
-0.252959843745091));
#4634=DIRECTION('ref_axis',(4.20653449201308E-16,1.,1.66533453693774E-16));
#4635=DIRECTION('center_axis',(-0.96747677876653,4.49098720435019E-16,-0.252959843745087));
#4636=DIRECTION('ref_axis',(-0.251888897628109,-0.0919206030433809,0.963380810473116));
#4637=DIRECTION('center_axis',(0.96747677876653,-3.64846167585605E-16,-0.252959843745087));
#4638=DIRECTION('ref_axis',(-0.242644023849932,0.28266213483202,-0.928022626460216));
#4639=DIRECTION('',(0.365148371670121,0.912870929175272,0.182574185835059));
#4640=DIRECTION('center_axis',(0.949581670109518,-3.47233273240278E-16,
-0.313519778948663));
#4641=DIRECTION('ref_axis',(4.20653449201308E-16,1.,1.66533453693774E-16));
#4642=DIRECTION('center_axis',(0.949581670109518,-4.51656336419537E-16,
0.313519778948663));
#4643=DIRECTION('ref_axis',(0.312869477179549,0.0643746192693939,-0.947612050706045));
#4644=DIRECTION('center_axis',(-0.949581670109518,-1.65683853141565E-15,
-0.313519778948664));
#4645=DIRECTION('ref_axis',(-0.312869477179551,-0.0643746192693897,0.947612050706045));
#4646=DIRECTION('center_axis',(0.949581670109519,-2.45572814107547E-15,
-0.313519778948662));
#4647=DIRECTION('ref_axis',(-0.299006944541592,0.300727882410853,-0.905625522971049));
#4648=DIRECTION('center_axis',(0.922109899619116,-3.23452241629797E-16,
-0.386928072158668));
#4649=DIRECTION('ref_axis',(-0.36642295489331,0.321217783838179,-0.873243009404223));
#4650=DIRECTION('center_axis',(0.922109899619112,-2.59844700116742E-15,
-0.386928072158679));
#4651=DIRECTION('ref_axis',(2.8878157261461E-15,1.,1.66533453693775E-16));
#4652=DIRECTION('center_axis',(-0.922109899619115,2.72731993754274E-15,
-0.386928072158671));
#4653=DIRECTION('ref_axis',(-0.38675809702422,-0.0296377256668498,0.921704822382687));
#4654=DIRECTION('',(-0.36514837167012,-0.912870929175272,-0.182574185835059));
#4655=DIRECTION('',(0.36514837167012,0.912870929175272,0.182574185835061));
#4656=DIRECTION('',(0.36514837167012,0.912870929175272,0.18257418583506));
#4657=DIRECTION('center_axis',(0.922109899619117,-4.5232517800511E-16,0.386928072158667));
#4658=DIRECTION('ref_axis',(0.386758097024216,0.0296377256668546,-0.921704822382689));
#4659=DIRECTION('center_axis',(0.875176261720472,-4.48715498691268E-16,
0.483804207217114));
#4660=DIRECTION('ref_axis',(4.20653449201308E-16,1.,1.66533453693774E-16));
#4661=DIRECTION('center_axis',(0.875176261720484,-2.87576327612388E-16,
-0.483804207217093));
#4662=DIRECTION('ref_axis',(-0.453954334632036,0.345817617563037,-0.821179418551032));
#4663=DIRECTION('',(-0.365148371670118,-0.912870929175273,-0.182574185835061));
#4664=DIRECTION('',(0.36514837167012,0.912870929175272,0.18257418583506));
#4665=DIRECTION('',(0.365148371670118,0.912870929175274,0.182574185835055));
#4666=DIRECTION('center_axis',(-4.20653449201308E-16,-1.,-1.66533453693774E-16));
#4667=DIRECTION('ref_axis',(0.894427190999918,-3.01767858356136E-16,-0.447213595499953));
#4668=DIRECTION('center_axis',(4.20653449201308E-16,1.,1.66533453693774E-16));
#4669=DIRECTION('ref_axis',(0.894427190999918,-3.01767858356136E-16,-0.447213595499953));
#4670=DIRECTION('center_axis',(4.20653449201308E-16,1.,1.66533453693774E-16));
#4671=DIRECTION('ref_axis',(0.894427190999918,-3.01767858356136E-16,-0.447213595499953));
#4672=DIRECTION('center_axis',(-4.20653449201308E-16,-1.,-1.66533453693774E-16));
#4673=DIRECTION('ref_axis',(0.894427190999915,-3.01767858356133E-16,-0.447213595499959));
#4674=DIRECTION('center_axis',(4.20653449201308E-16,1.,1.66533453693774E-16));
#4675=DIRECTION('ref_axis',(0.894427190999915,-3.01767858356133E-16,-0.447213595499959));
#4676=DIRECTION('center_axis',(4.20653449201308E-16,1.,1.66533453693774E-16));
#4677=DIRECTION('ref_axis',(0.894427190999915,-3.01767858356133E-16,-0.447213595499959));
#4678=DIRECTION('center_axis',(-0.875176261720469,-1.65570534512249E-15,
0.483804207217118));
#4679=DIRECTION('ref_axis',(0.45395433463206,-0.345817617563042,0.821179418551016));
#4680=DIRECTION('center_axis',(0.875176261720472,-4.48715498691268E-16,
0.483804207217114));
#4681=DIRECTION('ref_axis',(0.483721558812481,-0.0184832725007801,-0.875026755121057));
#4682=DIRECTION('',(-0.365148371670116,-0.912870929175275,-0.182574185835053));
#4683=DIRECTION('',(0.365148371670121,0.912870929175271,0.182574185835061));
#4684=DIRECTION('',(0.36514837167012,0.912870929175272,0.18257418583506));
#4685=DIRECTION('center_axis',(0.785395321840255,-3.71515183852555E-15,
-0.618994497900783));
#4686=DIRECTION('ref_axis',(-0.573791946146162,0.375125022713029,-0.728041221272772));
#4687=DIRECTION('center_axis',(-0.785395321840258,2.27295959565816E-16,
0.618994497900779));
#4688=DIRECTION('ref_axis',(0.573791946146159,-0.375125022713029,0.728041221272774));
#4689=DIRECTION('center_axis',(0.785395321840254,-4.33462542671535E-16,
0.618994497900784));
#4690=DIRECTION('ref_axis',(4.20653449201308E-16,1.,1.66533453693774E-16));
#4691=DIRECTION('center_axis',(0.785395321840253,-4.33462542671535E-16,
0.618994497900786));
#4692=DIRECTION('ref_axis',(0.616474066544916,-0.090150159210034,-0.782197337039688));
#4693=DIRECTION('',(-0.365148371670119,-0.912870929175273,-0.182574185835059));
#4694=DIRECTION('',(0.365148371670122,0.912870929175272,0.182574185835058));
#4695=DIRECTION('',(0.36514837167012,0.912870929175272,0.18257418583506));
#4696=DIRECTION('center_axis',(-0.96747677876653,4.49098720435019E-16,-0.252959843745086));
#4697=DIRECTION('ref_axis',(-0.242644023849931,-0.282662134832027,0.928022626460215));
#4698=DIRECTION('center_axis',(-0.967476778766531,3.64846167585606E-16,
0.252959843745084));
#4699=DIRECTION('ref_axis',(4.20653449201308E-16,1.,1.66533453693774E-16));
#4700=DIRECTION('center_axis',(0.96747677876653,-4.49098720435019E-16,0.252959843745086));
#4701=DIRECTION('ref_axis',(0.242644023849931,0.282662134832024,-0.928022626460216));
#4702=DIRECTION('center_axis',(-0.967476778766529,3.64846167585604E-16,
0.252959843745093));
#4703=DIRECTION('ref_axis',(0.251888897628114,-0.0919206030433809,0.963380810473114));
#4704=DIRECTION('',(0.365148371670122,-0.91287092917527,-0.182574185835067));
#4705=DIRECTION('center_axis',(-0.949581670109518,3.47233273240279E-16,
0.313519778948662));
#4706=DIRECTION('ref_axis',(4.20653449201308E-16,1.,1.66533453693774E-16));
#4707=DIRECTION('center_axis',(-0.949581670109518,4.51656336419537E-16,
-0.313519778948662));
#4708=DIRECTION('ref_axis',(-0.299006944541592,-0.300727882410857,0.905625522971047));
#4709=DIRECTION('center_axis',(0.949581670109516,-4.51656336419537E-16,
0.313519778948668));
#4710=DIRECTION('ref_axis',(0.299006944541599,0.300727882410852,-0.905625522971047));
#4711=DIRECTION('center_axis',(-0.949581670109518,3.47233273240278E-16,
0.313519778948665));
#4712=DIRECTION('ref_axis',(0.312869477179551,-0.0643746192693849,0.947612050706045));
#4713=DIRECTION('center_axis',(0.922109899619114,-4.5232517800511E-16,0.386928072158673));
#4714=DIRECTION('ref_axis',(0.366422954893315,0.32121778383818,-0.873243009404221));
#4715=DIRECTION('center_axis',(-0.922109899619114,3.23452241629795E-16,
0.386928072158673));
#4716=DIRECTION('ref_axis',(0.386758097024222,-0.0296377256668545,0.921704822382686));
#4717=DIRECTION('center_axis',(-0.922109899619119,4.5232517800511E-16,-0.386928072158662));
#4718=DIRECTION('ref_axis',(-0.366422954893304,-0.321217783838181,0.873243009404225));
#4719=DIRECTION('',(-0.365148371670119,0.912870929175273,0.18257418583506));
#4720=DIRECTION('',(0.365148371670124,-0.912870929175271,-0.182574185835055));
#4721=DIRECTION('',(0.365148371670119,-0.912870929175273,-0.182574185835059));
#4722=DIRECTION('center_axis',(-0.922109899619115,3.23452241629795E-16,
0.386928072158672));
#4723=DIRECTION('ref_axis',(4.20653449201308E-16,1.,1.66533453693774E-16));
#4724=DIRECTION('center_axis',(0.87517626172047,-4.48715498691267E-16,0.483804207217118));
#4725=DIRECTION('ref_axis',(0.45395433463206,0.345817617563039,-0.821179418551018));
#4726=DIRECTION('center_axis',(-0.875176261720474,2.87576327612381E-16,
0.48380420721711));
#4727=DIRECTION('ref_axis',(0.483721558812476,0.018483272500784,0.875026755121059));
#4728=DIRECTION('',(-0.365148371670117,0.912870929175275,0.182574185835055));
#4729=DIRECTION('',(0.36514837167012,-0.912870929175271,-0.182574185835065));
#4730=DIRECTION('',(0.365148371670117,-0.912870929175273,-0.182574185835061));
#4731=DIRECTION('center_axis',(-0.875176261720468,2.87576327612377E-16,
0.48380420721712));
#4732=DIRECTION('ref_axis',(4.20653449201308E-16,1.,1.66533453693774E-16));
#4733=DIRECTION('center_axis',(-0.875176261720474,4.48715498691268E-16,
-0.483804207217111));
#4734=DIRECTION('ref_axis',(-0.453954334632054,-0.345817617563034,0.821179418551023));
#4735=DIRECTION('center_axis',(-0.785395321840254,2.27295959565813E-16,
0.618994497900784));
#4736=DIRECTION('ref_axis',(0.616474066544915,0.0901501592100287,0.78219733703969));
#4737=DIRECTION('center_axis',(-0.785395321840256,2.27295959565815E-16,
0.618994497900782));
#4738=DIRECTION('ref_axis',(4.20653449201308E-16,1.,1.66533453693774E-16));
#4739=DIRECTION('center_axis',(0.785395321840254,-4.33462542671535E-16,
0.618994497900784));
#4740=DIRECTION('ref_axis',(0.573791946146165,0.375125022713027,-0.728041221272771));
#4741=DIRECTION('center_axis',(-0.785395321840252,4.33462542671535E-16,
-0.618994497900787));
#4742=DIRECTION('ref_axis',(-0.573791946146166,-0.375125022713031,0.728041221272768));
#4743=DIRECTION('',(-0.365148371670121,0.912870929175272,0.18257418583506));
#4744=DIRECTION('',(0.365148371670116,-0.912870929175275,-0.182574185835052));
#4745=DIRECTION('',(0.36514837167012,-0.912870929175272,-0.18257418583506));
#4746=DIRECTION('',(-0.365148371670122,-0.91287092917527,-0.182574185835067));
#4747=DIRECTION('',(-0.365148371670125,-0.912870929175271,-0.182574185835055));
#4748=DIRECTION('',(-0.365148371670121,-0.912870929175271,-0.182574185835066));
#4749=DIRECTION('',(-0.36514837167012,-0.912870929175272,-0.18257418583506));
#4750=DIRECTION('',(-0.36514837167012,-0.912870929175273,-0.182574185835059));
#4751=DIRECTION('',(-0.365148371670121,0.912870929175272,0.182574185835058));
#4752=DIRECTION('',(0.365148371670119,-0.912870929175273,-0.182574185835058));
#4753=DIRECTION('',(0.365148371670119,-0.912870929175273,-0.182574185835058));
#4754=DIRECTION('',(-0.365148371670119,0.912870929175273,0.18257418583506));
#4755=DIRECTION('',(-0.365148371670119,0.912870929175273,0.18257418583506));
#4756=DIRECTION('',(-0.365148371670119,0.912870929175273,0.18257418583506));
#4757=DIRECTION('',(-0.36514837167012,0.912870929175272,0.182574185835061));
#4758=DIRECTION('',(-0.36514837167012,0.912870929175272,0.182574185835059));
#4759=CARTESIAN_POINT('',(0.,0.,0.));
#4760=CARTESIAN_POINT('Origin',(5.4193030664573E-16,181.200305867157,2.1454602547155E-16));
#4761=CARTESIAN_POINT('',(-55.75,181.200305867157,-1.79094431859944E-14));
#4762=CARTESIAN_POINT('',(55.75,181.200305867157,3.19933470474304E-14));
#4763=CARTESIAN_POINT('Origin',(5.41930306645735E-16,181.200305867157,2.14546025471551E-16));
#4764=CARTESIAN_POINT('Origin',(5.41930306645735E-16,181.200305867157,2.14546025471551E-16));
#4765=CARTESIAN_POINT('',(-53.178,187.412,-1.60388466002085E-14));
#4766=CARTESIAN_POINT('Origin',(-46.963,181.200305867157,-1.50528424110858E-14));
#4767=CARTESIAN_POINT('Origin',(3.15490086900979E-15,187.412,1.24900090270329E-15));
#4768=CARTESIAN_POINT('Origin',(0.,179.912,0.));
#4769=CARTESIAN_POINT('',(55.7499999999999,173.411,1.4210854715202E-13));
#4770=CARTESIAN_POINT('',(-55.75,173.411,-5.74500248689541E-15));
#4771=CARTESIAN_POINT('Origin',(0.,173.411,0.));
#4772=CARTESIAN_POINT('',(55.75,179.912,3.17788010219589E-14));
#4773=CARTESIAN_POINT('Origin',(0.,173.411,0.));
#4774=CARTESIAN_POINT('Origin',(-55.7499999999999,187.412,0.));
#4775=CARTESIAN_POINT('',(-10.5010041688735,187.412,41.8681616016841));
#4776=CARTESIAN_POINT('',(-10.6415923902455,187.412,-42.2709517240288));
#4777=CARTESIAN_POINT('Ctrl Pts',(-10.5010041688735,187.412,41.868161601684));
#4778=CARTESIAN_POINT('Ctrl Pts',(-15.7677232901447,187.412,40.4911069010383));
#4779=CARTESIAN_POINT('Ctrl Pts',(-25.77589194764,187.412,35.7346447569393));
#4780=CARTESIAN_POINT('Ctrl Pts',(-37.1303695452548,187.412,23.5960037742839));
#4781=CARTESIAN_POINT('Ctrl Pts',(-43.25629190996,187.412,8.1440048431512));
#4782=CARTESIAN_POINT('Ctrl Pts',(-43.2947648785069,187.412,-8.47764774140473));
#4783=CARTESIAN_POINT('Ctrl Pts',(-37.2421324898971,187.412,-23.9600539912773));
#4784=CARTESIAN_POINT('Ctrl Pts',(-25.914840842889,187.412,-36.1304834094738));
#4785=CARTESIAN_POINT('Ctrl Pts',(-15.9083115115163,187.412,-40.8938970233832));
#4786=CARTESIAN_POINT('Ctrl Pts',(-10.6415923902455,187.412,-42.2709517240288));
#4787=CARTESIAN_POINT('',(-11.844821533802,187.412,46.2559636554536));
#4788=CARTESIAN_POINT('Ctrl Pts',(-11.8448215338017,187.412,46.2559636554536));
#4789=CARTESIAN_POINT('Ctrl Pts',(-11.1795736165513,187.412,46.4299016898258));
#4790=CARTESIAN_POINT('Ctrl Pts',(-10.0760195199711,187.412,46.2206622862282));
#4791=CARTESIAN_POINT('Ctrl Pts',(-9.11001159576886,187.412,45.1971447215589));
#4792=CARTESIAN_POINT('Ctrl Pts',(-8.77476832302772,187.412,44.1946560068288));
#4793=CARTESIAN_POINT('Ctrl Pts',(-8.9009735521831,187.412,43.3207444148169));
#4794=CARTESIAN_POINT('Ctrl Pts',(-9.39949829496391,187.412,42.4078698478891));
#4795=CARTESIAN_POINT('Ctrl Pts',(-10.0020682309347,187.412,41.9986151274634));
#4796=CARTESIAN_POINT('Ctrl Pts',(-10.5010041688734,187.412,41.868161601684));
#4797=CARTESIAN_POINT('',(-11.7042333124297,187.412,-46.6531735331087));
#4798=CARTESIAN_POINT('Ctrl Pts',(-11.7042333124297,187.412,-46.6531735331087));
#4799=CARTESIAN_POINT('Ctrl Pts',(-17.5241785191369,187.412,-45.1314704158819));
#4800=CARTESIAN_POINT('Ctrl Pts',(-28.5851498725511,187.412,-39.8844383208652));
#4801=CARTESIAN_POINT('Ctrl Pts',(-41.1534373754792,187.412,-26.4890003248838));
#4802=CARTESIAN_POINT('Ctrl Pts',(-47.9339976691493,187.412,-9.41791540901581));
#4803=CARTESIAN_POINT('Ctrl Pts',(-47.9799431761538,187.412,8.95268479432648));
#4804=CARTESIAN_POINT('Ctrl Pts',(-41.260197508713,187.412,26.0503551780741));
#4805=CARTESIAN_POINT('Ctrl Pts',(-28.7276047777932,187.412,39.4813917847815));
#4806=CARTESIAN_POINT('Ctrl Pts',(-17.6647667405086,187.412,44.7342605382268));
#4807=CARTESIAN_POINT('Ctrl Pts',(-11.8448215338017,187.412,46.2559636554536));
#4808=CARTESIAN_POINT('Ctrl Pts',(-10.6415923902455,187.412,-42.2709517240289));
#4809=CARTESIAN_POINT('Ctrl Pts',(-10.2258127667669,187.412,-42.3796629105874));
#4810=CARTESIAN_POINT('Ctrl Pts',(-9.60835322624676,187.412,-42.7325882518639));
#4811=CARTESIAN_POINT('Ctrl Pts',(-8.99479762725616,187.412,-43.5783692221921));
#4812=CARTESIAN_POINT('Ctrl Pts',(-8.76392730638808,187.412,-44.5208329796367));
#4813=CARTESIAN_POINT('Ctrl Pts',(-9.00265037710089,187.412,-45.5527345943538));
#4814=CARTESIAN_POINT('Ctrl Pts',(-9.92247728823873,187.412,-46.6333843644058));
#4815=CARTESIAN_POINT('Ctrl Pts',(-11.0389859148636,187.412,-46.8271114316025));
#4816=CARTESIAN_POINT('Ctrl Pts',(-11.7042333124297,187.412,-46.6531735331088));
#4817=CARTESIAN_POINT('',(10.6415923902455,187.412,-42.2709517240288));
#4818=CARTESIAN_POINT('',(10.5010041688735,187.412,41.8681616016841));
#4819=CARTESIAN_POINT('Ctrl Pts',(10.6415923902455,187.412,-42.2709517240288));
#4820=CARTESIAN_POINT('Ctrl Pts',(15.9083115115163,187.412,-40.8938970233832));
#4821=CARTESIAN_POINT('Ctrl Pts',(25.9155941358032,187.412,-36.1305680787458));
#4822=CARTESIAN_POINT('Ctrl Pts',(37.2398444956658,187.412,-23.9593534874777));
#4823=CARTESIAN_POINT('Ctrl Pts',(43.2985321898807,187.412,-8.47830831731644));
#4824=CARTESIAN_POINT('Ctrl Pts',(43.2525344907109,187.412,8.14373017541094));
#4825=CARTESIAN_POINT('Ctrl Pts',(37.1326398815012,187.412,23.596520965018));
#4826=CARTESIAN_POINT('Ctrl Pts',(25.7751427248701,187.412,35.7346360478808));
#4827=CARTESIAN_POINT('Ctrl Pts',(15.7677232901442,187.412,40.4911069010384));
#4828=CARTESIAN_POINT('Ctrl Pts',(10.5010041688735,187.412,41.868161601684));
#4829=CARTESIAN_POINT('',(11.7042333124294,187.412,-46.6531735331087));
#4830=CARTESIAN_POINT('Ctrl Pts',(11.7042333124295,187.412,-46.6531735331088));
#4831=CARTESIAN_POINT('Ctrl Pts',(11.37160959213,187.412,-46.7401424879814));
#4832=CARTESIAN_POINT('Ctrl Pts',(10.668760986873,187.412,-46.7718845999605));
#4833=CARTESIAN_POINT('Ctrl Pts',(9.6926926959212,187.412,-46.3637034193528));
#4834=CARTESIAN_POINT('Ctrl Pts',(9.00365055877642,187.412,-45.5560275967688));
#4835=CARTESIAN_POINT('Ctrl Pts',(8.76469061533257,187.412,-44.5234966817219));
#4836=CARTESIAN_POINT('Ctrl Pts',(9.09922227346754,187.412,-43.1496351727965));
#4837=CARTESIAN_POINT('Ctrl Pts',(9.97634494964431,187.412,-42.4448896337746));
#4838=CARTESIAN_POINT('Ctrl Pts',(10.6415923902455,187.412,-42.2709517240288));
#4839=CARTESIAN_POINT('',(11.8448215338015,187.412,46.2559636554536));
#4840=CARTESIAN_POINT('Ctrl Pts',(11.8448215338015,187.412,46.2559636554536));
#4841=CARTESIAN_POINT('Ctrl Pts',(17.6647050447335,187.412,44.7342766694188));
#4842=CARTESIAN_POINT('Ctrl Pts',(28.7254700074854,187.412,39.4800466936504));
#4843=CARTESIAN_POINT('Ctrl Pts',(41.2632627531468,187.412,26.0522301796855));
#4844=CARTESIAN_POINT('Ctrl Pts',(47.9760759411494,187.412,8.95277647980505));
#4845=CARTESIAN_POINT('Ctrl Pts',(47.937826933029,187.412,-9.41784524829881));
#4846=CARTESIAN_POINT('Ctrl Pts',(41.1506273146528,187.412,-26.4867244157057));
#4847=CARTESIAN_POINT('Ctrl Pts',(28.5877950767406,187.412,-39.8854385693481));
#4848=CARTESIAN_POINT('Ctrl Pts',(17.5241168233615,187.412,-45.131486547074));
#4849=CARTESIAN_POINT('Ctrl Pts',(11.7042333124295,187.412,-46.6531735331088));
#4850=CARTESIAN_POINT('Ctrl Pts',(10.5010041688734,187.412,41.868161601684));
#4851=CARTESIAN_POINT('Ctrl Pts',(10.0020682643932,187.412,41.9986151187151));
#4852=CARTESIAN_POINT('Ctrl Pts',(9.39955092793761,187.412,42.4078275035345));
#4853=CARTESIAN_POINT('Ctrl Pts',(8.90098354556181,187.412,43.320701291541));
#4854=CARTESIAN_POINT('Ctrl Pts',(8.77476995707877,187.412,44.1946072873715));
#4855=CARTESIAN_POINT('Ctrl Pts',(9.10999854505848,187.412,45.1971112876131));
#4856=CARTESIAN_POINT('Ctrl Pts',(10.0759940850643,187.412,46.2206434448543));
#4857=CARTESIAN_POINT('Ctrl Pts',(11.1795736611629,187.412,46.4299016781614));
#4858=CARTESIAN_POINT('Ctrl Pts',(11.8448215338014,187.412,46.2559636554536));
#4859=CARTESIAN_POINT('',(-16.0687914998269,187.412,13.6749383814001));
#4860=CARTESIAN_POINT('',(-13.7673998997633,187.412,13.7673998997633));
#4861=CARTESIAN_POINT('Origin',(-14.8754362258825,187.412,12.659363573644));
#4862=CARTESIAN_POINT('',(-16.0687914998269,187.412,-13.6749383814001));
#4863=CARTESIAN_POINT('Origin',(0.,187.412,0.));
#4864=CARTESIAN_POINT('',(-13.7673998997633,187.412,-13.7673998997631));
#4865=CARTESIAN_POINT('Origin',(-14.8754362258825,187.412,-12.659363573644));
#4866=CARTESIAN_POINT('',(-13.505739520663,187.412,-13.505739520663));
#4867=CARTESIAN_POINT('',(-21.397476541518,187.412,-21.397476541518));
#4868=CARTESIAN_POINT('',(13.505739520663,187.412,-13.505739520663));
#4869=CARTESIAN_POINT('Origin',(0.,187.412,0.));
#4870=CARTESIAN_POINT('',(13.7673998997633,187.412,-13.7673998997631));
#4871=CARTESIAN_POINT('',(-7.18463023966848,187.412,7.18463023966848));
#4872=CARTESIAN_POINT('',(16.0687914998269,187.412,-13.6749383814001));
#4873=CARTESIAN_POINT('Origin',(14.8754362258825,187.412,-12.659363573644));
#4874=CARTESIAN_POINT('',(16.0687914998269,187.412,13.6749383814001));
#4875=CARTESIAN_POINT('Origin',(0.,187.412,0.));
#4876=CARTESIAN_POINT('',(13.7673998997633,187.412,13.7673998997633));
#4877=CARTESIAN_POINT('Origin',(14.8754362258825,187.412,12.659363573644));
#4878=CARTESIAN_POINT('',(13.505739520663,187.412,13.505739520663));
#4879=CARTESIAN_POINT('',(-21.397476541518,187.412,-21.397476541518));
#4880=CARTESIAN_POINT('',(-13.505739520663,187.412,13.505739520663));
#4881=CARTESIAN_POINT('Origin',(0.,187.412,0.));
#4882=CARTESIAN_POINT('',(-7.18463023966848,187.412,7.18463023966848));
#4883=CARTESIAN_POINT('',(-13.1333302900526,187.412,-41.2803125366871));
#4884=CARTESIAN_POINT('',(-13.2655087580872,187.412,40.8855966615803));
#4885=CARTESIAN_POINT('Ctrl Pts',(-13.1333302900527,187.412,-41.2803125366871));
#4886=CARTESIAN_POINT('Ctrl Pts',(-18.0330046915264,187.412,-39.6626056204476));
#4887=CARTESIAN_POINT('Ctrl Pts',(-27.248503273971,187.412,-34.6637334459653));
#4888=CARTESIAN_POINT('Ctrl Pts',(-37.5917320011721,187.412,-22.8135769455136));
#4889=CARTESIAN_POINT('Ctrl Pts',(-43.1350036746285,187.412,-8.09347516936));
#4890=CARTESIAN_POINT('Ctrl Pts',(-43.1766889716191,187.412,7.63742104772928));
#4891=CARTESIAN_POINT('Ctrl Pts',(-37.6905658020141,187.412,22.3817360101687));
#4892=CARTESIAN_POINT('Ctrl Pts',(-27.3799367194362,187.412,34.2617531116822));
#4893=CARTESIAN_POINT('Ctrl Pts',(-18.1651831595605,187.412,39.2678897453409));
#4894=CARTESIAN_POINT('Ctrl Pts',(-13.2655087580872,187.412,40.8855966615803));
#4895=CARTESIAN_POINT('',(-11.7752915837377,187.412,-36.9853844122935));
#4896=CARTESIAN_POINT('Ctrl Pts',(-11.7752915837377,187.412,-36.9853844122934));
#4897=CARTESIAN_POINT('Ctrl Pts',(-11.1223490780376,187.412,-37.2009639632651));
#4898=CARTESIAN_POINT('Ctrl Pts',(-10.2902837279746,187.412,-37.9597110041336));
#4899=CARTESIAN_POINT('Ctrl Pts',(-10.0501390314414,187.412,-39.3541010402317));
#4900=CARTESIAN_POINT('Ctrl Pts',(-10.3622094237166,187.412,-40.3670358214769));
#4901=CARTESIAN_POINT('Ctrl Pts',(-11.1066772723188,187.412,-41.1235743366969));
#4902=CARTESIAN_POINT('Ctrl Pts',(-12.1076230536571,187.412,-41.4646454065585));
#4903=CARTESIAN_POINT('Ctrl Pts',(-12.8068590372036,187.412,-41.3881023121726));
#4904=CARTESIAN_POINT('Ctrl Pts',(-13.1333302900526,187.412,-41.2803125366871));
#4905=CARTESIAN_POINT('',(-34.7015092736208,187.412,-16.5246057215714));
#4906=CARTESIAN_POINT('Ctrl Pts',(-34.7016518627525,187.412,-16.5248189764809));
#4907=CARTESIAN_POINT('Ctrl Pts',(-34.1560023434905,187.412,-17.7064033073189));
#4908=CARTESIAN_POINT('Ctrl Pts',(-31.404240070312,187.412,-22.9542968773205));
#4909=CARTESIAN_POINT('Ctrl Pts',(-24.4006406182647,187.412,-31.0515035187511));
#4910=CARTESIAN_POINT('Ctrl Pts',(-16.1590819170073,187.412,-35.5380049824804));
#4911=CARTESIAN_POINT('Ctrl Pts',(-11.7752915837377,187.412,-36.9853844122934));
#4912=CARTESIAN_POINT('',(-14.5839474300715,187.412,-35.824517841386));
#4913=CARTESIAN_POINT('Ctrl Pts',(-14.5839474300715,187.412,-35.8245178413861));
#4914=CARTESIAN_POINT('Ctrl Pts',(-18.5690695130506,187.412,-34.1523141208524));
#4915=CARTESIAN_POINT('Ctrl Pts',(-25.974823689568,187.412,-29.4654967896097));
#4916=CARTESIAN_POINT('Ctrl Pts',(-31.9811612163827,187.412,-21.9257997697647));
#4917=CARTESIAN_POINT('Ctrl Pts',(-34.3365163313494,187.412,-17.305346517894));
#4918=CARTESIAN_POINT('Ctrl Pts',(-34.7019915385869,187.412,-16.5250296847326));
#4919=CARTESIAN_POINT('',(-12.9418018375114,187.412,-31.8495048308094));
#4920=CARTESIAN_POINT('Ctrl Pts',(-12.9418018375114,187.412,-31.8495048308094));
#4921=CARTESIAN_POINT('Ctrl Pts',(-12.6392354969986,187.412,-31.9764651973373));
#4922=CARTESIAN_POINT('Ctrl Pts',(-12.2964047725411,187.412,-32.2170293185709));
#4923=CARTESIAN_POINT('Ctrl Pts',(-11.6611707246575,187.412,-32.9713900992698));
#4924=CARTESIAN_POINT('Ctrl Pts',(-11.3909900750578,187.412,-33.9981763889144));
#4925=CARTESIAN_POINT('Ctrl Pts',(-11.8747685307722,187.412,-35.172898038533));
#4926=CARTESIAN_POINT('Ctrl Pts',(-12.5787021857391,187.412,-35.7734251529103));
#4927=CARTESIAN_POINT('Ctrl Pts',(-13.5321746068606,187.412,-36.073482418356));
#4928=CARTESIAN_POINT('Ctrl Pts',(-14.2057395044301,187.412,-35.9832182995462));
#4929=CARTESIAN_POINT('Ctrl Pts',(-14.5839474300715,187.412,-35.824517841386));
#4930=CARTESIAN_POINT('',(-33.8797310776363,187.412,-1.92420498748788));
#4931=CARTESIAN_POINT('Ctrl Pts',(-33.8796523256195,187.412,-1.92451920953693));
#4932=CARTESIAN_POINT('Ctrl Pts',(-33.8151781560672,187.412,-3.2532055326245));
#4933=CARTESIAN_POINT('Ctrl Pts',(-33.2661311972351,187.412,-8.39946311844945));
#4934=CARTESIAN_POINT('Ctrl Pts',(-30.2849309846069,187.412,-17.0310664769858));
#4935=CARTESIAN_POINT('Ctrl Pts',(-23.0500642456147,187.412,-26.1928746491781));
#4936=CARTESIAN_POINT('Ctrl Pts',(-16.47956148,187.412,-30.3650196096939));
#4937=CARTESIAN_POINT('Ctrl Pts',(-12.9418018375114,187.412,-31.8495048308094));
#4938=CARTESIAN_POINT('',(-16.177604757782,187.412,-30.1709408028266));
#4939=CARTESIAN_POINT('Ctrl Pts',(-16.1776047577819,187.412,-30.1709408028265));
#4940=CARTESIAN_POINT('Ctrl Pts',(-19.22137840278,187.412,-28.4883191874141));
#4941=CARTESIAN_POINT('Ctrl Pts',(-24.7878011174408,187.412,-24.1905462986649));
#4942=CARTESIAN_POINT('Ctrl Pts',(-31.5449005912347,187.412,-14.5924903311917));
#4943=CARTESIAN_POINT('Ctrl Pts',(-33.6219972763953,187.412,-6.561386735146));
#4944=CARTESIAN_POINT('Ctrl Pts',(-33.8753644758869,187.412,-1.92396641844092));
#4945=CARTESIAN_POINT('',(-13.9858645041136,187.412,-26.2403399472836));
#4946=CARTESIAN_POINT('Ctrl Pts',(-13.9858645041135,187.412,-26.2403399472836));
#4947=CARTESIAN_POINT('Ctrl Pts',(-13.6097516608351,187.412,-26.448258036388));
#4948=CARTESIAN_POINT('Ctrl Pts',(-13.0976933213694,187.412,-26.9426505056851));
#4949=CARTESIAN_POINT('Ctrl Pts',(-12.7220146677037,187.412,-27.9201668749982));
#4950=CARTESIAN_POINT('Ctrl Pts',(-12.7546133884212,187.412,-28.8890970410721));
#4951=CARTESIAN_POINT('Ctrl Pts',(-13.4031374861423,187.412,-30.0521242556619));
#4952=CARTESIAN_POINT('Ctrl Pts',(-14.4235901691824,187.412,-30.4967648549414));
#4953=CARTESIAN_POINT('Ctrl Pts',(-15.4563278948977,187.412,-30.4632561206554));
#4954=CARTESIAN_POINT('Ctrl Pts',(-15.8767144831589,187.412,-30.3372752741103));
#4955=CARTESIAN_POINT('Ctrl Pts',(-16.1776047577819,187.412,-30.1709408028265));
#4956=CARTESIAN_POINT('',(-17.8842245824541,187.412,-23.6631118593648));
#4957=CARTESIAN_POINT('Ctrl Pts',(-17.883845957411,187.412,-23.6625013427581));
#4958=CARTESIAN_POINT('Ctrl Pts',(-16.6550143113819,187.412,-24.6226304064487));
#4959=CARTESIAN_POINT('Ctrl Pts',(-15.3505332232342,187.412,-25.4859405232518));
#4960=CARTESIAN_POINT('Ctrl Pts',(-13.9858645041135,187.412,-26.2403399472836));
#4961=CARTESIAN_POINT('',(-15.1960714396665,187.412,-20.0524598931089));
#4962=CARTESIAN_POINT('Ctrl Pts',(-15.1960714396666,187.412,-20.0524598931091));
#4963=CARTESIAN_POINT('Ctrl Pts',(-14.9260483030448,187.412,-20.2652735313203));
#4964=CARTESIAN_POINT('Ctrl Pts',(-14.4767573984574,187.412,-20.8065050140912));
#4965=CARTESIAN_POINT('Ctrl Pts',(-14.2137760975168,187.412,-21.8333676703373));
#4966=CARTESIAN_POINT('Ctrl Pts',(-14.440983949952,187.412,-22.8669965660715));
#4967=CARTESIAN_POINT('Ctrl Pts',(-15.3488780113066,187.412,-23.9625979189271));
#4968=CARTESIAN_POINT('Ctrl Pts',(-16.7614054502431,187.412,-24.2191341972116));
#4969=CARTESIAN_POINT('Ctrl Pts',(-17.654118963409,187.412,-23.8164834632659));
#4970=CARTESIAN_POINT('Ctrl Pts',(-17.88437453955,187.412,-23.6633385441054));
#4971=CARTESIAN_POINT('',(-15.1247636146644,187.412,19.6135609724914));
#4972=CARTESIAN_POINT('Ctrl Pts',(-15.1247636146643,187.412,19.6135609724912));
#4973=CARTESIAN_POINT('Ctrl Pts',(-18.5365560495167,187.412,16.924621165459));
#4974=CARTESIAN_POINT('Ctrl Pts',(-23.9398680746877,187.412,9.75513352977838));
#4975=CARTESIAN_POINT('Ctrl Pts',(-25.7120409450602,187.412,-3.60233450894584));
#4976=CARTESIAN_POINT('Ctrl Pts',(-21.5013525907848,187.412,-14.0106480537256));
#4977=CARTESIAN_POINT('Ctrl Pts',(-16.9019676570932,187.412,-18.7079899895926));
#4978=CARTESIAN_POINT('Ctrl Pts',(-15.1960714396666,187.412,-20.052459893109));
#4979=CARTESIAN_POINT('',(-17.3538141978759,187.412,23.5758452173981));
#4980=CARTESIAN_POINT('Ctrl Pts',(-17.3541804132562,187.412,23.5736503249785));
#4981=CARTESIAN_POINT('Ctrl Pts',(-17.2188189813517,187.412,23.6129000847671));
#4982=CARTESIAN_POINT('Ctrl Pts',(-16.825592593669,187.412,23.6895065691182));
#4983=CARTESIAN_POINT('Ctrl Pts',(-15.7247371761296,187.412,23.6237642943624));
#4984=CARTESIAN_POINT('Ctrl Pts',(-14.5986944261821,187.412,22.7844514766542));
#4985=CARTESIAN_POINT('Ctrl Pts',(-14.2161351419696,187.412,21.4220240669953));
#4986=CARTESIAN_POINT('Ctrl Pts',(-14.4159071397798,187.412,20.382377879109));
#4987=CARTESIAN_POINT('Ctrl Pts',(-14.8547401220672,187.412,19.8263748912576));
#4988=CARTESIAN_POINT('Ctrl Pts',(-15.1247636146643,187.412,19.6135609724913));
#4989=CARTESIAN_POINT('',(-13.8846979902689,187.412,25.8213271058409));
#4990=CARTESIAN_POINT('Ctrl Pts',(-13.8846979902689,187.412,25.8213271058409));
#4991=CARTESIAN_POINT('Ctrl Pts',(-15.0911808294907,187.412,25.1543740598302));
#4992=CARTESIAN_POINT('Ctrl Pts',(-16.2509080418814,187.412,24.4029643246165));
#4993=CARTESIAN_POINT('Ctrl Pts',(-17.3534193778563,187.412,23.5753122608962));
#4994=CARTESIAN_POINT('',(-16.2787712716263,187.412,29.7899536442694));
#4995=CARTESIAN_POINT('Ctrl Pts',(-16.2787712716264,187.412,29.7899536442694));
#4996=CARTESIAN_POINT('Ctrl Pts',(-15.977880623764,187.412,29.9562883218828));
#4997=CARTESIAN_POINT('Ctrl Pts',(-15.3005816686005,187.412,30.144719437033));
#4998=CARTESIAN_POINT('Ctrl Pts',(-13.9082503900433,187.412,29.9273842973203));
#4999=CARTESIAN_POINT('Ctrl Pts',(-12.8489127784722,187.412,28.8640405016694));
#5000=CARTESIAN_POINT('Ctrl Pts',(-12.688699212978,187.412,27.4553669292028));
#5001=CARTESIAN_POINT('Ctrl Pts',(-13.059131655249,187.412,26.4634296367887));
#5002=CARTESIAN_POINT('Ctrl Pts',(-13.5838073424068,187.412,25.9876617834543));
#5003=CARTESIAN_POINT('Ctrl Pts',(-13.8846979902689,187.412,25.8213271058411));
#5004=CARTESIAN_POINT('',(-18.7884746565027,187.412,28.2583078546615));
#5005=CARTESIAN_POINT('Ctrl Pts',(-18.7894877814629,187.412,28.2591274395591));
#5006=CARTESIAN_POINT('Ctrl Pts',(-17.9747233289041,187.412,28.8047561859929));
#5007=CARTESIAN_POINT('Ctrl Pts',(-17.1367396228123,187.412,29.3156621031037));
#5008=CARTESIAN_POINT('Ctrl Pts',(-16.2787712716263,187.412,29.7899536442693));
#5009=CARTESIAN_POINT('',(-12.8337954820074,187.412,31.4806360520193));
#5010=CARTESIAN_POINT('Ctrl Pts',(-12.8337954820074,187.412,31.4806360520193));
#5011=CARTESIAN_POINT('Ctrl Pts',(-14.9182613229183,187.412,30.6059698656597));
#5012=CARTESIAN_POINT('Ctrl Pts',(-16.915322549819,187.412,29.5236071497746));
#5013=CARTESIAN_POINT('Ctrl Pts',(-18.787986379737,187.412,28.2573970859508));
#5014=CARTESIAN_POINT('',(-14.288609367386,187.412,35.5983547914326));
#5015=CARTESIAN_POINT('Ctrl Pts',(-14.2889317865768,187.412,35.597599324479));
#5016=CARTESIAN_POINT('Ctrl Pts',(-14.1058788947091,187.412,35.635164036938));
#5017=CARTESIAN_POINT('Ctrl Pts',(-13.5886170778496,187.412,35.6751344889742));
#5018=CARTESIAN_POINT('Ctrl Pts',(-12.4271463454398,187.412,35.3727506900707));
#5019=CARTESIAN_POINT('Ctrl Pts',(-11.5242813757154,187.412,34.2578547585802));
#5020=CARTESIAN_POINT('Ctrl Pts',(-11.5251924329468,187.412,32.9021591037601));
#5021=CARTESIAN_POINT('Ctrl Pts',(-11.8689927084739,187.412,32.2281189272085));
#5022=CARTESIAN_POINT('Ctrl Pts',(-12.3266048160324,187.412,31.755158192175));
#5023=CARTESIAN_POINT('Ctrl Pts',(-12.6068704752032,187.412,31.5758564324138));
#5024=CARTESIAN_POINT('Ctrl Pts',(-12.8337954820074,187.412,31.4806360520192));
#5025=CARTESIAN_POINT('',(-11.6431131157037,187.412,36.5801002874002));
#5026=CARTESIAN_POINT('Ctrl Pts',(-11.6431131157037,187.412,36.5801002874));
#5027=CARTESIAN_POINT('Ctrl Pts',(-12.5364723702672,187.412,36.2851432501815));
#5028=CARTESIAN_POINT('Ctrl Pts',(-13.418931024476,187.412,35.9572837708839));
#5029=CARTESIAN_POINT('Ctrl Pts',(-14.2883034342883,187.412,35.5977316078465));
#5030=CARTESIAN_POINT('Ctrl Pts',(-13.2655087580872,187.412,40.8855966615802));
#5031=CARTESIAN_POINT('Ctrl Pts',(-12.9390372002803,187.412,40.9933865377526));
#5032=CARTESIAN_POINT('Ctrl Pts',(-12.2398806904612,187.412,41.0563865227308));
#5033=CARTESIAN_POINT('Ctrl Pts',(-10.9056186804033,187.412,40.6054369249049));
#5034=CARTESIAN_POINT('Ctrl Pts',(-10.0441767269977,187.412,39.3713203304413));
#5035=CARTESIAN_POINT('Ctrl Pts',(-10.1550200248421,187.412,37.9551397000948));
#5036=CARTESIAN_POINT('Ctrl Pts',(-10.711518508772,187.412,37.0549836242344));
#5037=CARTESIAN_POINT('Ctrl Pts',(-11.3166415578967,187.412,36.6878901635723));
#5038=CARTESIAN_POINT('Ctrl Pts',(-11.6431131157036,187.412,36.5801002874));
#5039=CARTESIAN_POINT('',(13.2655087580866,187.412,40.8855966615805));
#5040=CARTESIAN_POINT('',(13.1333302900526,187.412,-41.2803125366871));
#5041=CARTESIAN_POINT('Ctrl Pts',(13.2655087580867,187.412,40.8855966615805));
#5042=CARTESIAN_POINT('Ctrl Pts',(18.1651553202552,187.412,39.2678989369388));
#5043=CARTESIAN_POINT('Ctrl Pts',(27.3785165459835,187.412,34.2623218196031));
#5044=CARTESIAN_POINT('Ctrl Pts',(37.6927164803967,187.412,22.3822641194045));
#5045=CARTESIAN_POINT('Ctrl Pts',(43.1730369944111,187.412,7.63773467798667));
#5046=CARTESIAN_POINT('Ctrl Pts',(43.1386879432321,187.412,-8.09369396991558));
#5047=CARTESIAN_POINT('Ctrl Pts',(37.5888429214397,187.412,-22.8116029084853));
#5048=CARTESIAN_POINT('Ctrl Pts',(27.2508392468387,187.412,-34.6649678177106));
#5049=CARTESIAN_POINT('Ctrl Pts',(18.032976852221,187.412,-39.6626148120455));
#5050=CARTESIAN_POINT('Ctrl Pts',(13.1333302900527,187.412,-41.2803125366871));
#5051=CARTESIAN_POINT('',(11.6431131157032,187.412,36.5801002874002));
#5052=CARTESIAN_POINT('Ctrl Pts',(11.6431131157032,187.412,36.5801002874003));
#5053=CARTESIAN_POINT('Ctrl Pts',(11.1534058281577,187.412,36.7417850854263));
#5054=CARTESIAN_POINT('Ctrl Pts',(10.5790143663093,187.412,37.1901581439138));
#5055=CARTESIAN_POINT('Ctrl Pts',(10.1430517021328,187.412,38.1345227681772));
#5056=CARTESIAN_POINT('Ctrl Pts',(10.0752577710548,187.412,39.0146443836573));
#5057=CARTESIAN_POINT('Ctrl Pts',(10.4730933617872,187.412,39.9934410909732));
#5058=CARTESIAN_POINT('Ctrl Pts',(11.4980091501135,187.412,40.9573355688138));
#5059=CARTESIAN_POINT('Ctrl Pts',(12.6125657080258,187.412,41.1011763922818));
#5060=CARTESIAN_POINT('Ctrl Pts',(13.2655087580867,187.412,40.8855966615805));
#5061=CARTESIAN_POINT('',(14.288609367386,187.412,35.5983547914326));
#5062=CARTESIAN_POINT('Ctrl Pts',(14.2883288028832,187.412,35.5977289408797));
#5063=CARTESIAN_POINT('Ctrl Pts',(13.4189416124223,187.412,35.9572829381255));
#5064=CARTESIAN_POINT('Ctrl Pts',(12.5364723702667,187.412,36.2851432501817));
#5065=CARTESIAN_POINT('Ctrl Pts',(11.6431131157032,187.412,36.5801002874002));
#5066=CARTESIAN_POINT('',(12.8337954820074,187.412,31.4806360520193));
#5067=CARTESIAN_POINT('Ctrl Pts',(12.8337954820074,187.412,31.4806360520192));
#5068=CARTESIAN_POINT('Ctrl Pts',(12.6068705251105,187.412,31.5758564114721));
#5069=CARTESIAN_POINT('Ctrl Pts',(12.326662745773,187.412,31.7551126141698));
#5070=CARTESIAN_POINT('Ctrl Pts',(11.8690324680498,187.412,32.2280696354161));
#5071=CARTESIAN_POINT('Ctrl Pts',(11.5252234649852,187.412,32.902096239202));
#5072=CARTESIAN_POINT('Ctrl Pts',(11.5242794756708,187.412,34.2578037877889));
#5073=CARTESIAN_POINT('Ctrl Pts',(12.4271395161511,187.412,35.3727192255013));
#5074=CARTESIAN_POINT('Ctrl Pts',(13.5886097176538,187.412,35.6751225110295));
#5075=CARTESIAN_POINT('Ctrl Pts',(14.1058933921091,187.412,35.6351570324422));
#5076=CARTESIAN_POINT('Ctrl Pts',(14.2889593012123,187.412,35.5975898752704));
#5077=CARTESIAN_POINT('',(18.7884746559513,187.412,28.258307855033));
#5078=CARTESIAN_POINT('Ctrl Pts',(18.787981293256,187.412,28.2574020334356));
#5079=CARTESIAN_POINT('Ctrl Pts',(16.9153193043639,187.412,29.5236103339404));
#5080=CARTESIAN_POINT('Ctrl Pts',(14.9182613227136,187.412,30.6059698657456));
#5081=CARTESIAN_POINT('Ctrl Pts',(12.8337954820074,187.412,31.4806360520193));
#5082=CARTESIAN_POINT('',(16.2787712716261,187.412,29.7899536442694));
#5083=CARTESIAN_POINT('Ctrl Pts',(16.2787712716261,187.412,29.7899536442694));
#5084=CARTESIAN_POINT('Ctrl Pts',(17.1367396226182,187.412,29.3156621032111));
#5085=CARTESIAN_POINT('Ctrl Pts',(17.9747233285251,187.412,28.804756186224));
#5086=CARTESIAN_POINT('Ctrl Pts',(18.7894877809102,187.412,28.2591274399292));
#5087=CARTESIAN_POINT('',(13.8846979902689,187.412,25.821327105841));
#5088=CARTESIAN_POINT('Ctrl Pts',(13.8846979902689,187.412,25.8213271058409));
#5089=CARTESIAN_POINT('Ctrl Pts',(13.5838073957842,187.412,25.9876617539467));
#5090=CARTESIAN_POINT('Ctrl Pts',(13.0597746106769,187.412,26.4620268714613));
#5091=CARTESIAN_POINT('Ctrl Pts',(12.6872447103965,187.412,27.4573075455201));
#5092=CARTESIAN_POINT('Ctrl Pts',(12.810980721493,187.412,28.508132536539));
#5093=CARTESIAN_POINT('Ctrl Pts',(13.5626979835046,187.412,29.7014636500528));
#5094=CARTESIAN_POINT('Ctrl Pts',(14.9572075048901,187.412,30.2482785417819));
#5095=CARTESIAN_POINT('Ctrl Pts',(15.9778806771422,187.412,29.9562882923747));
#5096=CARTESIAN_POINT('Ctrl Pts',(16.2787712716261,187.412,29.7899536442694));
#5097=CARTESIAN_POINT('',(17.3538141978756,187.412,23.5758452173981));
#5098=CARTESIAN_POINT('Ctrl Pts',(17.3534605342699,187.412,23.5752754884683));
#5099=CARTESIAN_POINT('Ctrl Pts',(16.2509142175996,187.412,24.4029594463407));
#5100=CARTESIAN_POINT('Ctrl Pts',(15.0911551879729,187.412,25.1543882346596));
#5101=CARTESIAN_POINT('Ctrl Pts',(13.8846979902689,187.412,25.8213271058409));
#5102=CARTESIAN_POINT('',(15.1247636146641,187.412,19.6135609724914));
#5103=CARTESIAN_POINT('Ctrl Pts',(15.124763614664,187.412,19.6135609724913));
#5104=CARTESIAN_POINT('Ctrl Pts',(14.8547401747219,187.412,19.8263748497586));
#5105=CARTESIAN_POINT('Ctrl Pts',(14.418109061208,187.412,20.3793507178421));
#5106=CARTESIAN_POINT('Ctrl Pts',(14.1446252839732,187.412,21.7748772542859));
#5107=CARTESIAN_POINT('Ctrl Pts',(15.055902018731,187.412,23.4275176547939));
#5108=CARTESIAN_POINT('Ctrl Pts',(16.5805053341861,187.412,23.7738660603346));
#5109=CARTESIAN_POINT('Ctrl Pts',(17.3009555086238,187.412,23.5919311425351));
#5110=CARTESIAN_POINT('Ctrl Pts',(17.3539939932096,187.412,23.5764575416965));
#5111=CARTESIAN_POINT('',(15.1960714396665,187.412,-20.0524598931089));
#5112=CARTESIAN_POINT('Ctrl Pts',(15.1960714396666,187.412,-20.052459893109));
#5113=CARTESIAN_POINT('Ctrl Pts',(18.6078689546569,187.412,-17.363516082262));
#5114=CARTESIAN_POINT('Ctrl Pts',(23.9997982914045,187.412,-10.1728006218932));
#5115=CARTESIAN_POINT('Ctrl Pts',(25.4010372468151,187.412,0.9602380184567));
#5116=CARTESIAN_POINT('Ctrl Pts',(22.5792847235793,187.412,11.5458893842688));
#5117=CARTESIAN_POINT('Ctrl Pts',(18.5365611296546,187.412,16.9246171616442));
#5118=CARTESIAN_POINT('Ctrl Pts',(15.1247636146641,187.412,19.6135609724914));
#5119=CARTESIAN_POINT('',(17.8842245824541,187.412,-23.6631118593647));
#5120=CARTESIAN_POINT('Ctrl Pts',(17.8840179163493,187.412,-23.6627970687916));
#5121=CARTESIAN_POINT('Ctrl Pts',(17.3659478138756,187.412,-24.0029201196338));
#5122=CARTESIAN_POINT('Ctrl Pts',(16.3535642879778,187.412,-24.2167227377461));
#5123=CARTESIAN_POINT('Ctrl Pts',(15.1199721325013,187.412,-23.6819815544141));
#5124=CARTESIAN_POINT('Ctrl Pts',(14.4410540997089,187.412,-22.8681658735804));
#5125=CARTESIAN_POINT('Ctrl Pts',(14.2131031266301,187.412,-21.8312686744989));
#5126=CARTESIAN_POINT('Ctrl Pts',(14.4766616141724,187.412,-20.806703000348));
#5127=CARTESIAN_POINT('Ctrl Pts',(14.9260483210242,187.412,-20.2652735171499));
#5128=CARTESIAN_POINT('Ctrl Pts',(15.1960714396665,187.412,-20.0524598931089));
#5129=CARTESIAN_POINT('',(13.9858645041133,187.412,-26.2403399472836));
#5130=CARTESIAN_POINT('Ctrl Pts',(13.9858645041133,187.412,-26.2403399472837));
#5131=CARTESIAN_POINT('Ctrl Pts',(15.3505720684889,187.412,-25.4859190492946));
#5132=CARTESIAN_POINT('Ctrl Pts',(16.6550143613099,187.412,-24.6226320687667));
#5133=CARTESIAN_POINT('Ctrl Pts',(17.8838112314596,187.412,-23.6625375702106));
#5134=CARTESIAN_POINT('',(16.1776047577817,187.412,-30.1709408028266));
#5135=CARTESIAN_POINT('Ctrl Pts',(16.1776047577817,187.412,-30.1709408028267));
#5136=CARTESIAN_POINT('Ctrl Pts',(15.5758242179691,187.412,-30.5036097401792));
#5137=CARTESIAN_POINT('Ctrl Pts',(14.4519426596753,187.412,-30.5986209592302));
#5138=CARTESIAN_POINT('Ctrl Pts',(13.2722409713543,187.412,-29.8147604149256));
#5139=CARTESIAN_POINT('Ctrl Pts',(12.7541439584416,187.412,-28.8901091927358));
#5140=CARTESIAN_POINT('Ctrl Pts',(12.7180627221039,187.412,-27.8298722335109));
#5141=CARTESIAN_POINT('Ctrl Pts',(13.1536903917625,187.412,-26.8671991317655));
#5142=CARTESIAN_POINT('Ctrl Pts',(13.6849742342066,187.412,-26.4066744159602));
#5143=CARTESIAN_POINT('Ctrl Pts',(13.9858645041133,187.412,-26.2403399472837));
#5144=CARTESIAN_POINT('',(33.8797310776417,187.412,-1.92420498737846));
#5145=CARTESIAN_POINT('Ctrl Pts',(33.8753644758929,187.412,-1.92396641833149));
#5146=CARTESIAN_POINT('Ctrl Pts',(33.621997276414,187.412,-6.56138673507375));
#5147=CARTESIAN_POINT('Ctrl Pts',(31.544900591256,187.412,-14.5924903311614));
#5148=CARTESIAN_POINT('Ctrl Pts',(24.7878011174408,187.412,-24.1905462986649));
#5149=CARTESIAN_POINT('Ctrl Pts',(19.2213784027802,187.412,-28.4883191874141));
#5150=CARTESIAN_POINT('Ctrl Pts',(16.1776047577817,187.412,-30.1709408028266));
#5151=CARTESIAN_POINT('',(12.9418018375114,187.412,-31.8495048308094));
#5152=CARTESIAN_POINT('Ctrl Pts',(12.9418018375114,187.412,-31.8495048308094));
#5153=CARTESIAN_POINT('Ctrl Pts',(16.4795614799997,187.412,-30.3650196096941));
#5154=CARTESIAN_POINT('Ctrl Pts',(23.0511273351745,187.412,-26.1938603673077));
#5155=CARTESIAN_POINT('Ctrl Pts',(30.2840509990406,187.412,-17.03026186869));
#5156=CARTESIAN_POINT('Ctrl Pts',(33.2660297354775,187.412,-8.39938365626522));
#5157=CARTESIAN_POINT('Ctrl Pts',(33.8151601633237,187.412,-3.25319862818943));
#5158=CARTESIAN_POINT('Ctrl Pts',(33.8796423941667,187.412,-1.92451840758503));
#5159=CARTESIAN_POINT('',(14.5839474300715,187.412,-35.824517841386));
#5160=CARTESIAN_POINT('Ctrl Pts',(14.5839474300715,187.412,-35.824517841386));
#5161=CARTESIAN_POINT('Ctrl Pts',(14.2057394984434,187.412,-35.9832183020583));
#5162=CARTESIAN_POINT('Ctrl Pts',(13.532229914755,187.412,-36.0734801224565));
#5163=CARTESIAN_POINT('Ctrl Pts',(12.5787316610596,187.412,-35.7734495418181));
#5164=CARTESIAN_POINT('Ctrl Pts',(11.8747969671669,187.412,-35.1729381548135));
#5165=CARTESIAN_POINT('Ctrl Pts',(11.3909823138203,187.412,-33.9982301227736));
#5166=CARTESIAN_POINT('Ctrl Pts',(11.661149648374,187.412,-32.9714302972504));
#5167=CARTESIAN_POINT('Ctrl Pts',(12.2963685739598,187.412,-32.2170589813614));
#5168=CARTESIAN_POINT('Ctrl Pts',(12.639235492209,187.412,-31.9764651993471));
#5169=CARTESIAN_POINT('Ctrl Pts',(12.9418018375111,187.412,-31.8495048308095));
#5170=CARTESIAN_POINT('',(34.7015092736075,187.412,-16.5246057215995));
#5171=CARTESIAN_POINT('Ctrl Pts',(34.7017633695972,187.412,-16.5249929340748));
#5172=CARTESIAN_POINT('Ctrl Pts',(34.3362760895772,187.412,-17.305049270057));
#5173=CARTESIAN_POINT('Ctrl Pts',(31.9804311341185,187.412,-21.9252377338084));
#5174=CARTESIAN_POINT('Ctrl Pts',(25.9757323050827,187.412,-29.4650817631786));
#5175=CARTESIAN_POINT('Ctrl Pts',(18.5690490475487,187.412,-34.1523227084158));
#5176=CARTESIAN_POINT('Ctrl Pts',(14.5839474300715,187.412,-35.8245178413861));
#5177=CARTESIAN_POINT('',(11.7752915837374,187.412,-36.9853844122933));
#5178=CARTESIAN_POINT('Ctrl Pts',(11.7752915837374,187.412,-36.9853844122935));
#5179=CARTESIAN_POINT('Ctrl Pts',(16.1590819170075,187.412,-35.5380049824804));
#5180=CARTESIAN_POINT('Ctrl Pts',(24.4001272424951,187.412,-31.0514575238028));
#5181=CARTESIAN_POINT('Ctrl Pts',(31.4054210432998,187.412,-22.9547525268623));
#5182=CARTESIAN_POINT('Ctrl Pts',(34.1562490993189,187.412,-17.7066113468472));
#5183=CARTESIAN_POINT('Ctrl Pts',(34.7016672097466,187.412,-16.5249609364866));
#5184=CARTESIAN_POINT('Ctrl Pts',(13.1333302900526,187.412,-41.2803125366871));
#5185=CARTESIAN_POINT('Ctrl Pts',(12.8068590209274,187.412,-41.3881023175465));
#5186=CARTESIAN_POINT('Ctrl Pts',(12.1076982986837,187.412,-41.464644019473));
#5187=CARTESIAN_POINT('Ctrl Pts',(11.1067168945284,187.412,-41.1235971934829));
#5188=CARTESIAN_POINT('Ctrl Pts',(10.3622474633,187.412,-40.3670756485318));
#5189=CARTESIAN_POINT('Ctrl Pts',(10.0501516970547,187.412,-39.3541433290505));
#5190=CARTESIAN_POINT('Ctrl Pts',(10.2902614321002,187.412,-37.9597485883619));
#5191=CARTESIAN_POINT('Ctrl Pts',(11.122349045487,187.412,-37.2009639740123));
#5192=CARTESIAN_POINT('Ctrl Pts',(11.7752915837375,187.412,-36.9853844122934));
#5193=CARTESIAN_POINT('Origin',(0.,176.57485964698,3.91594728759917E-14));
#5194=CARTESIAN_POINT('',(48.4766527919376,176.349723245748,-1.71085679301636));
#5195=CARTESIAN_POINT('',(48.4766527919376,176.349723245748,1.71085679301638));
#5196=CARTESIAN_POINT('Ctrl Pts',(48.4766527919376,176.349723245748,-1.71085679301631));
#5197=CARTESIAN_POINT('Ctrl Pts',(48.6248182654983,176.361114323531,-1.5243991470118));
#5198=CARTESIAN_POINT('Ctrl Pts',(48.7517219494217,176.37082073452,-1.31383497160591));
#5199=CARTESIAN_POINT('Ctrl Pts',(48.9989919633064,176.389693482374,-0.741318291011997));
#5200=CARTESIAN_POINT('Ctrl Pts',(49.07363885009,176.39535340637,-0.359234926117165));
#5201=CARTESIAN_POINT('Ctrl Pts',(49.07363885009,176.39535340637,0.359234926117176));
#5202=CARTESIAN_POINT('Ctrl Pts',(48.9989919633064,176.389693482374,0.741318291012011));
#5203=CARTESIAN_POINT('Ctrl Pts',(48.7517219494217,176.37082073452,1.31383497160592));
#5204=CARTESIAN_POINT('Ctrl Pts',(48.6248182654983,176.361114323531,1.52439914701182));
#5205=CARTESIAN_POINT('Ctrl Pts',(48.4766527919376,176.349723245748,1.71085679301633));
#5206=CARTESIAN_POINT('Origin',(0.,176.349723245748,3.91095437818099E-14));
#5207=CARTESIAN_POINT('Origin',(0.,179.598503991623,3.98300344663417E-14));
#5208=CARTESIAN_POINT('',(48.4590536859761,177.411846797439,1.73277334890565));
#5209=CARTESIAN_POINT('Ctrl Pts',(48.4766527919376,176.349723245748,1.71085679301625));
#5210=CARTESIAN_POINT('Ctrl Pts',(48.4707862848624,176.703711436035,1.71823945156167));
#5211=CARTESIAN_POINT('Ctrl Pts',(48.4649182109896,177.057855531059,1.72554609455806));
#5212=CARTESIAN_POINT('Ctrl Pts',(48.4590536859761,177.411846797439,1.73277334890567));
#5213=CARTESIAN_POINT('',(48.4590536859761,177.411846797439,-1.73277334890565));
#5214=CARTESIAN_POINT('Origin',(0.,177.411846797439,3.93450937264427E-14));
#5215=CARTESIAN_POINT('Ctrl Pts',(48.4590536859761,177.411846797439,-1.73277334890565));
#5216=CARTESIAN_POINT('Ctrl Pts',(48.4649182108862,177.057855537298,-1.72554609468543));
#5217=CARTESIAN_POINT('Ctrl Pts',(48.4707862848163,176.703711438814,-1.71823945161959));
#5218=CARTESIAN_POINT('Ctrl Pts',(48.4766527919376,176.349723245748,-1.71085679301623));
#5219=CARTESIAN_POINT('Origin',(0.,179.598503991623,3.98300344663417E-14));
#5220=CARTESIAN_POINT('',(-48.4766527919376,176.349723245748,-1.71085679301636));
#5221=CARTESIAN_POINT('',(-48.4590536859761,177.411846797439,-1.73277334890565));
#5222=CARTESIAN_POINT('Ctrl Pts',(-48.4766527919376,176.349723245748,-1.71085679301622));
#5223=CARTESIAN_POINT('Ctrl Pts',(-48.4707862848624,176.703711436035,-1.71823945156164));
#5224=CARTESIAN_POINT('Ctrl Pts',(-48.4649182109896,177.057855531059,-1.72554609455804));
#5225=CARTESIAN_POINT('Ctrl Pts',(-48.4590536859761,177.411846797439,-1.73277334890565));
#5226=CARTESIAN_POINT('',(-48.4590536859761,177.411846797439,1.73277334890565));
#5227=CARTESIAN_POINT('Origin',(0.,177.411846797439,3.93450937264427E-14));
#5228=CARTESIAN_POINT('',(-48.4766527919376,176.349723245748,1.71085679301638));
#5229=CARTESIAN_POINT('Ctrl Pts',(-48.4590536859761,177.411846797439,1.73277334890566));
#5230=CARTESIAN_POINT('Ctrl Pts',(-48.4649182108862,177.057855537298,1.72554609468544));
#5231=CARTESIAN_POINT('Ctrl Pts',(-48.4707862848163,176.703711438814,1.7182394516196));
#5232=CARTESIAN_POINT('Ctrl Pts',(-48.4766527919376,176.349723245748,1.71085679301624));
#5233=CARTESIAN_POINT('Origin',(0.,176.349723245748,3.91095437818099E-14));
#5234=CARTESIAN_POINT('Origin',(0.,176.57485964698,3.91594728759917E-14));
#5235=CARTESIAN_POINT('Ctrl Pts',(-48.4766527919375,176.349723245748,1.71085679301633));
#5236=CARTESIAN_POINT('Ctrl Pts',(-48.6248182654982,176.361114323531,1.52439914701182));
#5237=CARTESIAN_POINT('Ctrl Pts',(-48.7517219494217,176.37082073452,1.31383497160592));
#5238=CARTESIAN_POINT('Ctrl Pts',(-48.9989919633064,176.389693482374,0.741318291012002));
#5239=CARTESIAN_POINT('Ctrl Pts',(-49.07363885009,176.39535340637,0.359234926117177));
#5240=CARTESIAN_POINT('Ctrl Pts',(-49.07363885009,176.39535340637,-0.359234926117164));
#5241=CARTESIAN_POINT('Ctrl Pts',(-48.9989919633064,176.389693482374,-0.741318291011991));
#5242=CARTESIAN_POINT('Ctrl Pts',(-48.7517219494217,176.37082073452,-1.3138349716059));
#5243=CARTESIAN_POINT('Ctrl Pts',(-48.6248182654982,176.361114323531,-1.52439914701179));
#5244=CARTESIAN_POINT('Ctrl Pts',(-48.4766527919375,176.349723245748,-1.71085679301631));
#5245=CARTESIAN_POINT('Origin',(-46.32363885009,128.776201909099,0.));
#5246=CARTESIAN_POINT('',(-43.5736388500902,167.723846797439,0.));
#5247=CARTESIAN_POINT('Origin',(-46.32363885009,167.723846797439,0.));
#5248=CARTESIAN_POINT('',(-43.57363885009,177.411846797439,1.14238551066112E-14));
#5249=CARTESIAN_POINT('',(-43.57363885009,128.776201909099,3.46318848883394E-16));
#5250=CARTESIAN_POINT('Origin',(-46.32363885009,177.411846797439,0.));
#5251=CARTESIAN_POINT('Origin',(-46.32363885009,177.411846797439,0.));
#5252=CARTESIAN_POINT('Origin',(46.32363885009,128.776201909099,0.));
#5253=CARTESIAN_POINT('',(43.5736388500897,167.723846797439,0.));
#5254=CARTESIAN_POINT('Origin',(46.32363885009,167.723846797439,0.));
#5255=CARTESIAN_POINT('',(43.57363885009,177.411846797439,1.14047731483754E-14));
#5256=CARTESIAN_POINT('',(43.57363885009,128.776201909099,3.2723689064765E-16));
#5257=CARTESIAN_POINT('Origin',(46.32363885009,177.411846797439,0.));
#5258=CARTESIAN_POINT('Origin',(46.32363885009,177.411846797439,0.));
#5259=CARTESIAN_POINT('Origin',(0.,184.008846797439,0.));
#5260=CARTESIAN_POINT('',(-17.5918996988628,182.258846797439,-14.9711410715801));
#5261=CARTESIAN_POINT('',(-16.0687914998269,185.758846797439,-13.6749383814001));
#5262=CARTESIAN_POINT('',(-17.5918996988628,182.258846797439,-14.9711410715801));
#5263=CARTESIAN_POINT('',(-16.0687914998269,185.758846797439,13.6749383814001));
#5264=CARTESIAN_POINT('Origin',(0.,185.758846797439,0.));
#5265=CARTESIAN_POINT('',(-17.5918996988628,182.258846797439,14.9711410715801));
#5266=CARTESIAN_POINT('',(-16.0687914998269,185.758846797439,13.6749383814001));
#5267=CARTESIAN_POINT('Origin',(0.,182.258846797439,0.));
#5268=CARTESIAN_POINT('Origin',(-14.8754362258825,184.008846797439,12.659363573644));
#5269=CARTESIAN_POINT('',(-13.7673998997633,185.758846797439,13.7673998997631));
#5270=CARTESIAN_POINT('Origin',(-14.8754362258825,185.758846797439,12.659363573644));
#5271=CARTESIAN_POINT('',(-12.3531863373901,182.258846797439,15.1816134621363));
#5272=CARTESIAN_POINT('',(-13.7673998997633,185.758846797439,13.7673998997631));
#5273=CARTESIAN_POINT('Origin',(-14.8754362258825,182.258846797439,12.659363573644));
#5274=CARTESIAN_POINT('Origin',(-14.8754362258825,184.008846797439,-12.659363573644));
#5275=CARTESIAN_POINT('',(-12.3531863373901,182.258846797439,-15.1816134621365));
#5276=CARTESIAN_POINT('',(-13.7673998997633,185.758846797439,-13.7673998997633));
#5277=CARTESIAN_POINT('',(-12.3531863373901,182.258846797439,-15.1816134621365));
#5278=CARTESIAN_POINT('Origin',(-14.8754362258825,185.758846797439,-12.659363573644));
#5279=CARTESIAN_POINT('Origin',(-14.8754362258825,182.258846797439,-12.659363573644));
#5280=CARTESIAN_POINT('Origin',(-6.04576297914463,184.008846797439,7.45997654151779));
#5281=CARTESIAN_POINT('',(-13.505739520663,185.758846797439,13.505739520663));
#5282=CARTESIAN_POINT('',(-12.017279280941,182.258846797439,14.8457064056873));
#5283=CARTESIAN_POINT('Origin',(0.,185.758846797439,0.));
#5284=CARTESIAN_POINT('',(-5.33865619795819,182.258846797439,8.16708332270437));
#5285=CARTESIAN_POINT('',(-6.75286976033121,185.758846797439,6.75286976033121));
#5286=CARTESIAN_POINT('Origin',(-6.75286976033149,184.008846797439,-8.16708332270451));
#5287=CARTESIAN_POINT('',(-12.017279280941,182.258846797439,-14.8457064056873));
#5288=CARTESIAN_POINT('',(-13.5057395206633,185.758846797439,-13.505739520663));
#5289=CARTESIAN_POINT('Origin',(0.,185.758846797439,0.));
#5290=CARTESIAN_POINT('',(-7.45997654151807,185.758846797439,-7.45997654151807));
#5291=CARTESIAN_POINT('',(-6.04576297914491,182.258846797439,-8.8741901038911));
#5292=CARTESIAN_POINT('Origin',(5.6843418860808E-13,182.258846797439,-4.2632564145606E-13));
#5293=CARTESIAN_POINT('',(44.5168927682943,182.258846797439,5.72150929352674));
#5294=CARTESIAN_POINT('',(9.88911265601871,182.258846797439,44.4714086020269));
#5295=CARTESIAN_POINT('Origin',(-2.00000000000017,182.258846797439,-0.999999999999943));
#5296=CARTESIAN_POINT('',(44.5447072535234,182.258846797439,5.7302183531462));
#5297=CARTESIAN_POINT('Origin',(46.32363885009,182.258846797439,0.));
#5298=CARTESIAN_POINT('',(47.2651143507431,182.258846797439,10.410793971898));
#5299=CARTESIAN_POINT('Origin',(43.3587528558121,182.258846797439,9.55036392191062));
#5300=CARTESIAN_POINT('',(-47.2651143507449,182.258846797439,10.4107939718898));
#5301=CARTESIAN_POINT('Origin',(0.,182.258846797439,0.));
#5302=CARTESIAN_POINT('',(-44.5447072535265,182.258846797439,5.73021835314719));
#5303=CARTESIAN_POINT('Origin',(-43.3587528558223,182.258846797439,9.55036392190465));
#5304=CARTESIAN_POINT('',(-44.5168927682948,182.258846797439,5.72150929352716));
#5305=CARTESIAN_POINT('Origin',(-46.32363885009,182.258846797439,0.));
#5306=CARTESIAN_POINT('',(-9.88911265601899,182.258846797439,44.4714086020269));
#5307=CARTESIAN_POINT('Origin',(1.99999999999989,182.258846797439,-0.999999999999943));
#5308=CARTESIAN_POINT('',(-9.25671304665627,182.258846797439,42.0527166551106));
#5309=CARTESIAN_POINT('Origin',(-9.57291285133749,182.258846797439,43.2620626285689));
#5310=CARTESIAN_POINT('',(-42.1786665072796,182.258846797439,4.3381106806234));
#5311=CARTESIAN_POINT('Origin',(1.99999999999989,182.258846797439,-0.999999999999943));
#5312=CARTESIAN_POINT('',(-42.3616822069687,182.258846797439,-4.5058738950425));
#5313=CARTESIAN_POINT('Origin',(-46.32363885009,182.258846797439,0.));
#5314=CARTESIAN_POINT('',(-9.25671304665627,182.258846797439,-44.0527166551105));
#5315=CARTESIAN_POINT('Origin',(1.99999999999989,182.258846797439,-0.999999999999943));
#5316=CARTESIAN_POINT('',(-9.88911265601899,182.258846797439,-46.4714086020268));
#5317=CARTESIAN_POINT('Origin',(-9.57291285133749,182.258846797439,-45.2620626285687));
#5318=CARTESIAN_POINT('',(-44.7540843736851,182.258846797439,-5.80162413963336));
#5319=CARTESIAN_POINT('Origin',(1.99999999999989,182.258846797439,-0.999999999999943));
#5320=CARTESIAN_POINT('',(-47.2651143507431,182.258846797439,-10.4107939718982));
#5321=CARTESIAN_POINT('Origin',(-43.3587528558127,182.258846797439,-9.55036392191076));
#5322=CARTESIAN_POINT('',(47.265114350744,182.258846797439,-10.410793971899));
#5323=CARTESIAN_POINT('Origin',(0.,182.258846797439,0.));
#5324=CARTESIAN_POINT('',(44.7540843736854,182.258846797439,-5.80162413963265));
#5325=CARTESIAN_POINT('Origin',(43.3587528558218,182.258846797439,-9.55036392190593));
#5326=CARTESIAN_POINT('',(9.88911265601871,182.258846797439,-46.4714086020268));
#5327=CARTESIAN_POINT('Origin',(-2.00000000000017,182.258846797439,-0.999999999999943));
#5328=CARTESIAN_POINT('',(9.25671304665627,182.258846797439,-44.0527166551105));
#5329=CARTESIAN_POINT('Origin',(9.57291285133749,182.258846797439,-45.2620626285687));
#5330=CARTESIAN_POINT('',(42.3616822069681,182.258846797439,-4.50587389504193));
#5331=CARTESIAN_POINT('Origin',(-2.00000000000017,182.258846797439,-0.999999999999943));
#5332=CARTESIAN_POINT('',(42.178666507279,182.258846797439,4.33811068062255));
#5333=CARTESIAN_POINT('Origin',(46.32363885009,182.258846797439,0.));
#5334=CARTESIAN_POINT('',(9.25671304665627,182.258846797439,42.0527166551106));
#5335=CARTESIAN_POINT('Origin',(-2.00000000000017,182.258846797439,-0.999999999999943));
#5336=CARTESIAN_POINT('Origin',(9.57291285133749,182.258846797439,43.2620626285689));
#5337=CARTESIAN_POINT('',(12.017279280941,182.258846797439,14.8457064056873));
#5338=CARTESIAN_POINT('Origin',(0.,182.258846797439,0.));
#5339=CARTESIAN_POINT('',(12.3531863373901,182.258846797439,15.1816134621363));
#5340=CARTESIAN_POINT('',(6.04576297914491,182.258846797439,8.87419010389138));
#5341=CARTESIAN_POINT('',(17.5918996988628,182.258846797439,14.9711410715801));
#5342=CARTESIAN_POINT('Origin',(14.8754362258825,182.258846797439,12.659363573644));
#5343=CARTESIAN_POINT('',(17.5918996988628,182.258846797439,-14.9711410715801));
#5344=CARTESIAN_POINT('Origin',(0.,182.258846797439,0.));
#5345=CARTESIAN_POINT('',(12.3531863373901,182.258846797439,-15.1816134621365));
#5346=CARTESIAN_POINT('Origin',(14.8754362258825,182.258846797439,-12.659363573644));
#5347=CARTESIAN_POINT('',(12.017279280941,182.258846797439,-14.8457064056873));
#5348=CARTESIAN_POINT('',(5.33865619795861,182.258846797439,-8.16708332270494));
#5349=CARTESIAN_POINT('Origin',(0.,182.258846797439,0.));
#5350=CARTESIAN_POINT('',(10.4624112132092,182.258846797439,-38.7458713868533));
#5351=CARTESIAN_POINT('',(11.246210660581,182.258846797439,-41.1198255621271));
#5352=CARTESIAN_POINT('Origin',(10.8543109368952,182.258846797439,-39.9328484744902));
#5353=CARTESIAN_POINT('',(10.4624112132092,182.258846797439,36.7458713868534));
#5354=CARTESIAN_POINT('Origin',(-2.00000000000017,182.258846797439,-0.999999999999943));
#5355=CARTESIAN_POINT('',(11.2462106605807,182.258846797439,39.1198255621272));
#5356=CARTESIAN_POINT('Origin',(10.8543109368952,182.258846797439,37.9328484744903));
#5357=CARTESIAN_POINT('Origin',(-2.00000000000017,182.258846797439,-0.999999999999943));
#5358=CARTESIAN_POINT('',(11.639214543593,182.258846797439,-33.5043739615737));
#5359=CARTESIAN_POINT('',(12.6065347239899,182.258846797439,-35.8096487106215));
#5360=CARTESIAN_POINT('Origin',(12.1228746337914,182.258846797439,-34.6570113360977));
#5361=CARTESIAN_POINT('',(11.639214543593,182.258846797439,31.5043739615739));
#5362=CARTESIAN_POINT('Origin',(-2.00000000000017,182.258846797439,-0.999999999999943));
#5363=CARTESIAN_POINT('',(12.6065347239899,182.258846797439,33.8096487106216));
#5364=CARTESIAN_POINT('Origin',(12.1228746337914,182.258846797439,32.6570113360978));
#5365=CARTESIAN_POINT('Origin',(-2.00000000000017,182.258846797439,-0.999999999999943));
#5366=CARTESIAN_POINT('',(12.876979371926,182.258846797439,-27.9116700479045));
#5367=CARTESIAN_POINT('',(14.086489889969,182.258846797439,-30.0996107022057));
#5368=CARTESIAN_POINT('Origin',(13.4817346309475,182.258846797439,-29.005640375055));
#5369=CARTESIAN_POINT('',(12.876979371926,182.258846797439,25.9116700479046));
#5370=CARTESIAN_POINT('Origin',(-2.00000000000017,182.258846797439,-0.999999999999943));
#5371=CARTESIAN_POINT('',(14.086489889969,182.258846797439,28.0996107022058));
#5372=CARTESIAN_POINT('Origin',(13.4817346309472,182.258846797439,27.0056403750552));
#5373=CARTESIAN_POINT('Origin',(-2.00000000000017,182.258846797439,-0.999999999999943));
#5374=CARTESIAN_POINT('',(-15.7960918146478,182.258846797439,-23.5801155029073));
#5375=CARTESIAN_POINT('',(-14.2486055698959,182.258846797439,-21.6166271983066));
#5376=CARTESIAN_POINT('Origin',(-15.0223486922715,182.258846797439,-22.5983713506069));
#5377=CARTESIAN_POINT('',(-15.7960918146478,182.258846797439,21.5801155029074));
#5378=CARTESIAN_POINT('Origin',(1.99999999999989,182.258846797439,-0.999999999999943));
#5379=CARTESIAN_POINT('',(-14.2486055698959,182.258846797439,19.6166271983067));
#5380=CARTESIAN_POINT('Origin',(-15.0223486922715,182.258846797439,20.598371350607));
#5381=CARTESIAN_POINT('Origin',(1.99999999999989,182.258846797439,-0.999999999999943));
#5382=CARTESIAN_POINT('',(15.7960918146475,182.258846797439,21.5801155029074));
#5383=CARTESIAN_POINT('',(14.2486055698953,182.258846797439,19.6166271983067));
#5384=CARTESIAN_POINT('Origin',(15.0223486922715,182.258846797439,20.598371350607));
#5385=CARTESIAN_POINT('',(15.7960918146475,182.258846797439,-23.5801155029073));
#5386=CARTESIAN_POINT('Origin',(-2.00000000000017,182.258846797439,-0.999999999999943));
#5387=CARTESIAN_POINT('',(14.2486055698956,182.258846797439,-21.6166271983066));
#5388=CARTESIAN_POINT('Origin',(15.0223486922715,182.258846797439,-22.5983713506069));
#5389=CARTESIAN_POINT('Origin',(-2.00000000000017,182.258846797439,-0.999999999999943));
#5390=CARTESIAN_POINT('',(-10.4624112132095,182.258846797439,36.7458713868534));
#5391=CARTESIAN_POINT('',(-11.2462106605813,182.258846797439,39.1198255621272));
#5392=CARTESIAN_POINT('Origin',(-10.8543109368952,182.258846797439,37.9328484744903));
#5393=CARTESIAN_POINT('',(-10.4624112132095,182.258846797439,-38.7458713868533));
#5394=CARTESIAN_POINT('Origin',(1.99999999999989,182.258846797439,-0.999999999999943));
#5395=CARTESIAN_POINT('',(-11.2462106605813,182.258846797439,-41.1198255621271));
#5396=CARTESIAN_POINT('Origin',(-10.8543109368952,182.258846797439,-39.9328484744902));
#5397=CARTESIAN_POINT('Origin',(1.99999999999989,182.258846797439,-0.999999999999943));
#5398=CARTESIAN_POINT('',(-11.6392145435933,182.258846797439,31.5043739615739));
#5399=CARTESIAN_POINT('',(-12.6065347239899,182.258846797439,33.8096487106216));
#5400=CARTESIAN_POINT('Origin',(-12.1228746337914,182.258846797439,32.6570113360978));
#5401=CARTESIAN_POINT('',(-11.639214543593,182.258846797439,-33.5043739615737));
#5402=CARTESIAN_POINT('Origin',(1.99999999999989,182.258846797439,-0.999999999999943));
#5403=CARTESIAN_POINT('',(-12.6065347239899,182.258846797439,-35.8096487106215));
#5404=CARTESIAN_POINT('Origin',(-12.1228746337914,182.258846797439,-34.6570113360977));
#5405=CARTESIAN_POINT('Origin',(1.99999999999989,182.258846797439,-0.999999999999943));
#5406=CARTESIAN_POINT('',(-12.8769793719263,182.258846797439,25.9116700479046));
#5407=CARTESIAN_POINT('',(-14.086489889969,182.258846797439,28.0996107022058));
#5408=CARTESIAN_POINT('Origin',(-13.4817346309478,182.258846797439,27.0056403750552));
#5409=CARTESIAN_POINT('',(-12.876979371926,182.258846797439,-27.9116700479045));
#5410=CARTESIAN_POINT('Origin',(1.99999999999989,182.258846797439,-0.999999999999943));
#5411=CARTESIAN_POINT('',(-14.086489889969,182.258846797439,-30.0996107022057));
#5412=CARTESIAN_POINT('Origin',(-13.4817346309475,182.258846797439,-29.005640375055));
#5413=CARTESIAN_POINT('Origin',(1.99999999999989,182.258846797439,-0.999999999999943));
#5414=CARTESIAN_POINT('Origin',(0.,182.412,0.));
#5415=CARTESIAN_POINT('',(-13.505739520663,182.412,13.505739520663));
#5416=CARTESIAN_POINT('',(13.505739520663,185.758846797439,13.505739520663));
#5417=CARTESIAN_POINT('',(13.505739520663,182.412,13.505739520663));
#5418=CARTESIAN_POINT('Origin',(0.,185.758846797439,0.));
#5419=CARTESIAN_POINT('',(0.749999999999886,182.259,19.0852691884939));
#5420=CARTESIAN_POINT('',(0.749999999999886,185.412,19.0852691884939));
#5421=CARTESIAN_POINT('',(0.749999999999886,182.412,19.0852691885654));
#5422=CARTESIAN_POINT('',(-0.749999999999886,185.412,19.0852691884939));
#5423=CARTESIAN_POINT('Origin',(0.,185.412,0.));
#5424=CARTESIAN_POINT('',(-0.749999999999886,182.259,19.0852691884939));
#5425=CARTESIAN_POINT('',(-0.749999999999886,182.412,19.0852691885654));
#5426=CARTESIAN_POINT('Origin',(0.,182.259,0.));
#5427=CARTESIAN_POINT('Origin',(0.,184.008846797439,0.));
#5428=CARTESIAN_POINT('',(16.0687914998269,185.758846797439,13.6749383814001));
#5429=CARTESIAN_POINT('',(17.5918996988628,182.258846797439,14.9711410715801));
#5430=CARTESIAN_POINT('',(16.0687914998269,185.758846797439,-13.6749383814001));
#5431=CARTESIAN_POINT('Origin',(0.,185.758846797439,0.));
#5432=CARTESIAN_POINT('',(16.0687914998269,185.758846797439,-13.6749383814001));
#5433=CARTESIAN_POINT('Origin',(14.8754362258825,184.008846797439,-12.659363573644));
#5434=CARTESIAN_POINT('',(13.7673998997633,185.758846797439,-13.7673998997633));
#5435=CARTESIAN_POINT('Origin',(14.8754362258825,185.758846797439,-12.659363573644));
#5436=CARTESIAN_POINT('',(13.7673998997633,185.758846797439,-13.7673998997633));
#5437=CARTESIAN_POINT('Origin',(14.8754362258825,184.008846797439,12.659363573644));
#5438=CARTESIAN_POINT('',(13.7673998997633,185.758846797439,13.7673998997631));
#5439=CARTESIAN_POINT('',(12.3531863373901,182.258846797439,15.1816134621363));
#5440=CARTESIAN_POINT('Origin',(14.8754362258825,185.758846797439,12.659363573644));
#5441=CARTESIAN_POINT('Origin',(6.0457629791452,184.008846797439,-7.45997654151836));
#5442=CARTESIAN_POINT('',(13.505739520663,185.758846797439,-13.505739520663));
#5443=CARTESIAN_POINT('Origin',(0.,185.758846797439,0.));
#5444=CARTESIAN_POINT('',(6.75286976033178,185.758846797439,-6.75286976033178));
#5445=CARTESIAN_POINT('Origin',(6.75286976033163,184.008846797439,8.1670833227048));
#5446=CARTESIAN_POINT('',(7.45997654151807,185.758846797439,7.45997654151822));
#5447=CARTESIAN_POINT('Origin',(14.8754362258825,187.412,12.659363573644));
#5448=CARTESIAN_POINT('',(13.7673998997633,187.412,13.7673998997631));
#5449=CARTESIAN_POINT('',(16.0687914998269,187.412,13.6749383814001));
#5450=CARTESIAN_POINT('Origin',(14.9199530830361,187.412,14.9199530830361));
#5451=CARTESIAN_POINT('Origin',(-14.8754362258825,187.412,-12.659363573644));
#5452=CARTESIAN_POINT('',(-13.7673998997633,187.412,-13.7673998997633));
#5453=CARTESIAN_POINT('',(-16.0687914998269,187.412,-13.6749383814001));
#5454=CARTESIAN_POINT('Origin',(14.8754362258825,187.412,-12.659363573644));
#5455=CARTESIAN_POINT('',(16.0687914998269,187.412,-13.6749383814001));
#5456=CARTESIAN_POINT('',(13.7673998997633,187.412,-13.7673998997633));
#5457=CARTESIAN_POINT('Origin',(13.505739520663,187.412,-13.505739520663));
#5458=CARTESIAN_POINT('',(13.505739520663,182.412,-13.505739520663));
#5459=CARTESIAN_POINT('Origin',(-13.505739520663,187.412,13.505739520663));
#5460=CARTESIAN_POINT('',(-13.7673998997633,187.412,13.7673998997631));
#5461=CARTESIAN_POINT('Origin',(-14.8754362258825,187.412,12.659363573644));
#5462=CARTESIAN_POINT('',(-16.0687914998269,187.412,13.6749383814001));
#5463=CARTESIAN_POINT('Origin',(0.,187.412,0.));
#5464=CARTESIAN_POINT('Origin',(-14.9199530830361,187.412,-14.9199530830361));
#5465=CARTESIAN_POINT('',(-13.5057395206633,182.412,-13.505739520663));
#5466=CARTESIAN_POINT('Origin',(0.,187.412,0.));
#5467=CARTESIAN_POINT('Origin',(-0.749999999999886,185.412,18.3499999999285));
#5468=CARTESIAN_POINT('',(-0.749999999999886,185.412,18.3499999999286));
#5469=CARTESIAN_POINT('',(0.749999999999886,185.412,18.3499999999286));
#5470=CARTESIAN_POINT('',(-0.374999999999943,185.412,18.3499999999285));
#5471=CARTESIAN_POINT('',(0.749999999999886,182.259,18.3499999999286));
#5472=CARTESIAN_POINT('',(0.749999999999886,185.412,18.3499999999286));
#5473=CARTESIAN_POINT('',(-0.749999999999886,182.259,18.3499999999286));
#5474=CARTESIAN_POINT('',(-0.374999999999943,182.259,18.3499999999285));
#5475=CARTESIAN_POINT('',(-0.749999999999886,185.412,18.3499999999286));
#5476=CARTESIAN_POINT('Origin',(-0.749999999999886,185.412,19.0852691884939));
#5477=CARTESIAN_POINT('',(-0.749999999999886,185.412,18.9051345942113));
#5478=CARTESIAN_POINT('',(-0.749999999999886,182.259,18.9051345942113));
#5479=CARTESIAN_POINT('Origin',(0.749999999999886,185.412,18.3499999999286));
#5480=CARTESIAN_POINT('',(0.749999999999886,185.412,18.5374999999286));
#5481=CARTESIAN_POINT('',(0.749999999999886,182.259,18.5374999999286));
#5482=CARTESIAN_POINT('Origin',(0.,185.412,18.7249999999287));
#5483=CARTESIAN_POINT('Origin',(0.,182.259,18.7249999999287));
#5484=CARTESIAN_POINT('Origin',(43.3587528558218,149.937846797439,-9.55036392190593));
#5485=CARTESIAN_POINT('',(44.7540843736854,167.723846797439,-5.80162413963265));
#5486=CARTESIAN_POINT('',(44.7540843736854,149.937846797439,-5.80162413963265));
#5487=CARTESIAN_POINT('',(47.265114350744,167.723846797439,-10.410793971899));
#5488=CARTESIAN_POINT('',(47.265114350744,149.937846797439,-10.410793971899));
#5489=CARTESIAN_POINT('Origin',(43.3587528558218,167.723846797439,-9.55036392190593));
#5490=CARTESIAN_POINT('Origin',(0.,149.937846797439,0.));
#5491=CARTESIAN_POINT('',(-47.2651143507431,167.723846797439,-10.4107939718982));
#5492=CARTESIAN_POINT('Origin',(0.,167.723846797439,0.));
#5493=CARTESIAN_POINT('',(-47.2651143507431,149.937846797439,-10.4107939718982));
#5494=CARTESIAN_POINT('Origin',(-43.3587528558127,149.937846797439,-9.55036392191076));
#5495=CARTESIAN_POINT('',(-44.7540843736854,167.723846797439,-5.80162413963322));
#5496=CARTESIAN_POINT('Origin',(-43.3587528558127,167.723846797439,-9.55036392191076));
#5497=CARTESIAN_POINT('',(-44.7540843736851,149.937846797439,-5.80162413963336));
#5498=CARTESIAN_POINT('Origin',(43.3587528558121,149.937846797439,9.55036392191062));
#5499=CARTESIAN_POINT('',(47.2651143507431,167.723846797439,10.410793971898));
#5500=CARTESIAN_POINT('',(44.5447072535234,167.723846797439,5.7302183531462));
#5501=CARTESIAN_POINT('Origin',(43.3587528558121,167.723846797439,9.55036392191062));
#5502=CARTESIAN_POINT('',(47.2651143507431,149.937846797439,10.410793971898));
#5503=CARTESIAN_POINT('',(44.5447072535234,149.937846797439,5.7302183531462));
#5504=CARTESIAN_POINT('Origin',(0.,149.937846797439,0.));
#5505=CARTESIAN_POINT('',(-47.2651143507449,167.723846797439,10.4107939718898));
#5506=CARTESIAN_POINT('Origin',(0.,167.723846797439,0.));
#5507=CARTESIAN_POINT('',(-47.2651143507449,149.937846797439,10.4107939718898));
#5508=CARTESIAN_POINT('Origin',(-43.3587528558223,149.937846797439,9.55036392190465));
#5509=CARTESIAN_POINT('',(-44.5447072535265,167.723846797439,5.73021835314719));
#5510=CARTESIAN_POINT('Origin',(-43.3587528558223,167.723846797439,9.55036392190465));
#5511=CARTESIAN_POINT('',(-44.5447072535265,149.937846797439,5.73021835314719));
#5512=CARTESIAN_POINT('Origin',(9.57291285133749,182.412,43.2620626285689));
#5513=CARTESIAN_POINT('',(9.25671304665627,182.412,42.0527166551106));
#5514=CARTESIAN_POINT('',(9.25671304665627,182.412,42.0527166551106));
#5515=CARTESIAN_POINT('',(9.01389585696251,182.412,44.3800966173187));
#5516=CARTESIAN_POINT('Origin',(9.57291285133749,182.412,43.2620626285689));
#5517=CARTESIAN_POINT('',(9.88911265601871,182.412,44.4714086020269));
#5518=CARTESIAN_POINT('Origin',(9.57291285133749,182.412,43.2620626285689));
#5519=CARTESIAN_POINT('',(9.88911265601871,182.412,44.4714086020269));
#5520=CARTESIAN_POINT('Origin',(-2.00000000000017,182.412,-0.999999999999943));
#5521=CARTESIAN_POINT('',(42.1786665072796,180.564696547458,4.33811068062326));
#5522=CARTESIAN_POINT('',(42.178666507279,149.937846797439,4.33811068062255));
#5523=CARTESIAN_POINT('',(42.3620349139952,182.41199999853,2.50140804026486));
#5524=CARTESIAN_POINT('Ctrl Pts',(42.1786665072794,180.564696547458,4.33811068062287));
#5525=CARTESIAN_POINT('Ctrl Pts',(42.1786665072794,180.775763177945,4.33811068062288));
#5526=CARTESIAN_POINT('Ctrl Pts',(42.1838342388838,180.983245398093,4.29579276425912));
#5527=CARTESIAN_POINT('Ctrl Pts',(42.203749199453,181.390163786725,4.12702568044338));
#5528=CARTESIAN_POINT('Ctrl Pts',(42.2188703925156,181.580003440642,3.9967892551914));
#5529=CARTESIAN_POINT('Ctrl Pts',(42.2547843221997,181.912236236796,3.66822250093179));
#5530=CARTESIAN_POINT('Ctrl Pts',(42.2778017161676,182.070592935702,3.45039039535379));
#5531=CARTESIAN_POINT('Ctrl Pts',(42.3243100747712,182.295687683627,2.95618092556055));
#5532=CARTESIAN_POINT('Ctrl Pts',(42.3438802146324,182.364108051941,2.73142391109217));
#5533=CARTESIAN_POINT('Ctrl Pts',(42.3620349142774,182.411999998417,2.5014080402636));
#5534=CARTESIAN_POINT('Origin',(-2.00000000000017,182.412,-0.999999999999943));
#5535=CARTESIAN_POINT('Origin',(1.99999999999989,182.412,-0.999999999999943));
#5536=CARTESIAN_POINT('',(-44.5168927682948,180.564696547458,5.72150929352702));
#5537=CARTESIAN_POINT('',(-44.5168927682948,149.937846797439,5.72150929352716));
#5538=CARTESIAN_POINT('',(-44.6897837889941,182.411999999982,4.39111210573898));
#5539=CARTESIAN_POINT('Ctrl Pts',(-44.5168927682948,180.564696547458,5.72150929352711));
#5540=CARTESIAN_POINT('Ctrl Pts',(-44.5168927682948,180.819743207823,5.72150929352711));
#5541=CARTESIAN_POINT('Ctrl Pts',(-44.5241985027957,181.072172720888,5.67147528528437));
#5542=CARTESIAN_POINT('Ctrl Pts',(-44.5518876780002,181.547129541304,5.47547052508378));
#5543=CARTESIAN_POINT('Ctrl Pts',(-44.572152411863,181.76392254983,5.32999829514438));
#5544=CARTESIAN_POINT('Ctrl Pts',(-44.61998639375,182.123585600696,4.96737070806091));
#5545=CARTESIAN_POINT('Ctrl Pts',(-44.646801449158,182.264263855903,4.7559263148905));
#5546=CARTESIAN_POINT('Ctrl Pts',(-44.6794658935772,182.38015935707,4.47990800814793));
#5547=CARTESIAN_POINT('Ctrl Pts',(-44.6846297907566,182.396874909354,4.43574836238029));
#5548=CARTESIAN_POINT('Ctrl Pts',(-44.6897837889978,182.411999999983,4.39111210573957));
#5549=CARTESIAN_POINT('',(-9.88911265601899,182.412,44.4714086020269));
#5550=CARTESIAN_POINT('Origin',(1.99999999999989,182.412,-0.999999999999943));
#5551=CARTESIAN_POINT('',(-9.88911265601899,182.412,44.4714086020269));
#5552=CARTESIAN_POINT('Origin',(-2.00000000000017,182.412,-0.999999999999943));
#5553=CARTESIAN_POINT('',(42.3616822069681,180.564696547458,-4.50587389504221));
#5554=CARTESIAN_POINT('',(42.3616822069681,149.937846797439,-4.50587389504193));
#5555=CARTESIAN_POINT('',(9.25671304665627,182.412,-44.0527166551105));
#5556=CARTESIAN_POINT('',(9.25671304665627,182.412,-44.0527166551105));
#5557=CARTESIAN_POINT('',(17.9010049997481,182.412,-40.8020099994962));
#5558=CARTESIAN_POINT('Origin',(-2.00000000000017,182.412,-0.999999999999943));
#5559=CARTESIAN_POINT('',(42.4689094357734,182.411999999999,-2.66315771740707));
#5560=CARTESIAN_POINT('Origin',(-2.00000000000017,182.412,-1.00000000000009));
#5561=CARTESIAN_POINT('Ctrl Pts',(42.4689094357734,182.411999999999,-2.66315771740735));
#5562=CARTESIAN_POINT('Ctrl Pts',(42.4588404987482,182.356080107244,-2.93237731336005));
#5563=CARTESIAN_POINT('Ctrl Pts',(42.4453348492608,182.266351552902,-3.22210355502975));
#5564=CARTESIAN_POINT('Ctrl Pts',(42.4147732063165,181.970786186653,-3.76600434920064));
#5565=CARTESIAN_POINT('Ctrl Pts',(42.4007196617359,181.791879798755,-3.97498927134876));
#5566=CARTESIAN_POINT('Ctrl Pts',(42.3809362578385,181.443822393311,-4.25546617773847));
#5567=CARTESIAN_POINT('Ctrl Pts',(42.3735137879532,181.270973826928,-4.35342945304953));
#5568=CARTESIAN_POINT('Ctrl Pts',(42.3640718389049,180.916478025972,-4.4759881690841));
#5569=CARTESIAN_POINT('Ctrl Pts',(42.3616822069683,180.741641233209,-4.50587389504224));
#5570=CARTESIAN_POINT('Ctrl Pts',(42.3616822069683,180.564696547458,-4.50587389504224));
#5571=CARTESIAN_POINT('Origin',(9.57291285133749,182.412,-45.2620626285687));
#5572=CARTESIAN_POINT('',(9.88911265601871,182.412,-46.4714086020268));
#5573=CARTESIAN_POINT('',(9.88911265601871,182.412,-46.4714086020268));
#5574=CARTESIAN_POINT('',(9.01389585696251,182.412,-44.1440286398189));
#5575=CARTESIAN_POINT('Origin',(9.57291285133749,182.412,-45.2620626285687));
#5576=CARTESIAN_POINT('Origin',(9.57291285133749,182.412,-45.2620626285687));
#5577=CARTESIAN_POINT('Origin',(-2.00000000000017,182.412,-0.999999999999943));
#5578=CARTESIAN_POINT('',(44.7551377674401,167.723846797439,-5.79135600302081));
#5579=CARTESIAN_POINT('Origin',(-2.00000000000017,167.723846797439,-0.999999999999943));
#5580=CARTESIAN_POINT('',(44.7551377674404,180.564696547458,-5.79135600302081));
#5581=CARTESIAN_POINT('',(44.7551377674401,167.723846797439,-5.79135600302081));
#5582=CARTESIAN_POINT('',(44.8728423831338,182.411999999998,-4.45494528550796));
#5583=CARTESIAN_POINT('Ctrl Pts',(44.7551377674401,180.564696547458,-5.79135600302082));
#5584=CARTESIAN_POINT('Ctrl Pts',(44.7551377674401,180.819743207858,-5.79135600302081));
#5585=CARTESIAN_POINT('Ctrl Pts',(44.7603673457971,181.072172720956,-5.74106259143448));
#5586=CARTESIAN_POINT('Ctrl Pts',(44.7799241197788,181.547129540915,-5.5440801328939));
#5587=CARTESIAN_POINT('Ctrl Pts',(44.7941533339849,181.763922549054,-5.39789409226543));
#5588=CARTESIAN_POINT('Ctrl Pts',(44.8269444993247,182.123585596087,-5.03359806844287));
#5589=CARTESIAN_POINT('Ctrl Pts',(44.8449891654221,182.2642638493,-4.82122536210611));
#5590=CARTESIAN_POINT('Ctrl Pts',(44.8662067972768,182.38015935302,-4.54409203073851));
#5591=CARTESIAN_POINT('Ctrl Pts',(44.8695393941138,182.39687490753,-4.49975655484678));
#5592=CARTESIAN_POINT('Ctrl Pts',(44.8728423831341,182.411999999998,-4.45494528550808));
#5593=CARTESIAN_POINT('',(19.0190389884981,182.412,-43.038077976996));
#5594=CARTESIAN_POINT('Origin',(-2.00000000000017,182.412,-0.999999999999943));
#5595=CARTESIAN_POINT('Origin',(-2.00000000000017,182.412,-0.999999999999943));
#5596=CARTESIAN_POINT('Origin',(0.,182.412,0.));
#5597=CARTESIAN_POINT('Origin',(-13.4817346309475,182.412,-29.005640375055));
#5598=CARTESIAN_POINT('',(-12.876979371926,182.412,-27.9116700479045));
#5599=CARTESIAN_POINT('',(-12.876979371926,182.412,-27.9116700479045));
#5600=CARTESIAN_POINT('',(-14.0407516253225,182.412,-30.123674363805));
#5601=CARTESIAN_POINT('Origin',(-13.4817346309475,182.412,-29.005640375055));
#5602=CARTESIAN_POINT('',(-14.086489889969,182.412,-30.0996107022057));
#5603=CARTESIAN_POINT('Origin',(-13.4817346309475,182.412,-29.005640375055));
#5604=CARTESIAN_POINT('',(-14.086489889969,182.412,-30.0996107022057));
#5605=CARTESIAN_POINT('Origin',(1.99999999999989,182.412,-0.999999999999943));
#5606=CARTESIAN_POINT('',(-12.8769793719263,182.412,25.9116700479046));
#5607=CARTESIAN_POINT('',(-12.8769793719263,182.412,25.9116700479046));
#5608=CARTESIAN_POINT('Origin',(1.99999999999989,182.412,-0.999999999999943));
#5609=CARTESIAN_POINT('Origin',(-12.1228746337914,182.412,-34.6570113360977));
#5610=CARTESIAN_POINT('',(-11.639214543593,182.412,-33.5043739615737));
#5611=CARTESIAN_POINT('',(-11.639214543593,182.412,-33.5043739615737));
#5612=CARTESIAN_POINT('',(-11.5638576394164,182.412,-33.5389773473479));
#5613=CARTESIAN_POINT('Origin',(-12.1228746337914,182.412,-34.6570113360977));
#5614=CARTESIAN_POINT('',(-12.6065347239899,182.412,-35.8096487106215));
#5615=CARTESIAN_POINT('Origin',(-12.1228746337914,182.412,-34.6570113360977));
#5616=CARTESIAN_POINT('',(-12.6065347239899,182.412,-35.8096487106215));
#5617=CARTESIAN_POINT('Origin',(1.99999999999989,182.412,-0.999999999999943));
#5618=CARTESIAN_POINT('',(-11.6392145435933,182.412,31.5043739615739));
#5619=CARTESIAN_POINT('',(-11.6392145435933,182.412,31.5043739615739));
#5620=CARTESIAN_POINT('',(-13.7642792413735,182.412,-32.5285584827471));
#5621=CARTESIAN_POINT('Origin',(1.99999999999989,182.412,-0.999999999999943));
#5622=CARTESIAN_POINT('Origin',(1.99999999999989,182.412,-0.999999999999943));
#5623=CARTESIAN_POINT('Origin',(-10.8543109368952,182.412,-39.9328484744902));
#5624=CARTESIAN_POINT('',(-10.4624112132095,182.412,-38.7458713868533));
#5625=CARTESIAN_POINT('',(-10.4624112132095,182.412,-38.7458713868533));
#5626=CARTESIAN_POINT('',(-10.2952939425202,182.412,-38.8148144857404));
#5627=CARTESIAN_POINT('Origin',(-10.8543109368952,182.412,-39.9328484744902));
#5628=CARTESIAN_POINT('',(-11.2462106605813,182.412,-41.1198255621271));
#5629=CARTESIAN_POINT('Origin',(-10.8543109368952,182.412,-39.9328484744902));
#5630=CARTESIAN_POINT('',(-11.2462106605813,182.412,-41.1198255621271));
#5631=CARTESIAN_POINT('Origin',(1.99999999999989,182.412,-0.999999999999943));
#5632=CARTESIAN_POINT('',(-10.4624112132095,182.412,36.7458713868534));
#5633=CARTESIAN_POINT('',(-10.4624112132095,182.412,36.7458713868534));
#5634=CARTESIAN_POINT('',(-15.7767404211233,182.412,-36.5534808422466));
#5635=CARTESIAN_POINT('Origin',(1.99999999999989,182.412,-0.999999999999943));
#5636=CARTESIAN_POINT('Origin',(1.99999999999989,182.412,-0.999999999999943));
#5637=CARTESIAN_POINT('Origin',(15.0223486922715,182.412,-22.5983713506069));
#5638=CARTESIAN_POINT('',(15.7960918146475,182.412,-23.5801155029073));
#5639=CARTESIAN_POINT('',(15.7960918146475,182.412,-23.5801155029073));
#5640=CARTESIAN_POINT('',(15.5813656866462,182.412,-23.7164053393569));
#5641=CARTESIAN_POINT('Origin',(15.0223486922715,182.412,-22.5983713506069));
#5642=CARTESIAN_POINT('',(14.2486055698956,182.412,-21.6166271983066));
#5643=CARTESIAN_POINT('Origin',(15.0223486922715,182.412,-22.5983713506069));
#5644=CARTESIAN_POINT('',(14.2486055698956,182.412,-21.6166271983066));
#5645=CARTESIAN_POINT('Origin',(-2.00000000000017,182.412,-0.999999999999943));
#5646=CARTESIAN_POINT('',(15.7960918146475,182.412,21.5801155029074));
#5647=CARTESIAN_POINT('',(15.7960918146475,182.412,21.5801155029074));
#5648=CARTESIAN_POINT('Origin',(-2.00000000000017,182.412,-0.999999999999943));
#5649=CARTESIAN_POINT('Origin',(-15.0223486922715,182.412,20.598371350607));
#5650=CARTESIAN_POINT('',(-15.7960918146478,182.412,21.5801155029074));
#5651=CARTESIAN_POINT('',(-15.7960918146478,182.412,21.5801155029074));
#5652=CARTESIAN_POINT('',(-14.4633316978968,182.412,21.7164053393569));
#5653=CARTESIAN_POINT('Origin',(-15.0223486922715,182.412,20.598371350607));
#5654=CARTESIAN_POINT('',(-14.2486055698959,182.412,19.6166271983067));
#5655=CARTESIAN_POINT('Origin',(-15.0223486922715,182.412,20.598371350607));
#5656=CARTESIAN_POINT('',(-14.2486055698959,182.412,19.6166271983067));
#5657=CARTESIAN_POINT('Origin',(1.99999999999989,182.412,-0.999999999999943));
#5658=CARTESIAN_POINT('',(-15.7960918146478,182.412,-23.5801155029073));
#5659=CARTESIAN_POINT('',(-15.7960918146478,182.412,-23.5801155029073));
#5660=CARTESIAN_POINT('Origin',(1.99999999999989,182.412,-0.999999999999943));
#5661=CARTESIAN_POINT('Origin',(13.4817346309472,182.412,27.0056403750552));
#5662=CARTESIAN_POINT('',(12.876979371926,182.412,25.9116700479046));
#5663=CARTESIAN_POINT('',(12.876979371926,182.412,25.9116700479046));
#5664=CARTESIAN_POINT('',(12.9227176365725,182.412,28.1236743638051));
#5665=CARTESIAN_POINT('Origin',(13.4817346309472,182.412,27.0056403750552));
#5666=CARTESIAN_POINT('',(14.086489889969,182.412,28.0996107022058));
#5667=CARTESIAN_POINT('Origin',(13.4817346309472,182.412,27.0056403750552));
#5668=CARTESIAN_POINT('',(14.086489889969,182.412,28.0996107022058));
#5669=CARTESIAN_POINT('Origin',(-2.00000000000017,182.412,-0.999999999999943));
#5670=CARTESIAN_POINT('',(12.876979371926,182.412,-27.9116700479045));
#5671=CARTESIAN_POINT('',(12.876979371926,182.412,-27.9116700479045));
#5672=CARTESIAN_POINT('Origin',(-2.00000000000017,182.412,-0.999999999999943));
#5673=CARTESIAN_POINT('Origin',(12.1228746337914,182.412,32.6570113360978));
#5674=CARTESIAN_POINT('',(11.639214543593,182.412,31.5043739615739));
#5675=CARTESIAN_POINT('',(11.639214543593,182.412,31.5043739615739));
#5676=CARTESIAN_POINT('',(11.5638576394161,182.412,33.7750453248476));
#5677=CARTESIAN_POINT('Origin',(12.1228746337914,182.412,32.6570113360978));
#5678=CARTESIAN_POINT('',(12.6065347239899,182.412,33.8096487106216));
#5679=CARTESIAN_POINT('Origin',(12.1228746337914,182.412,32.6570113360978));
#5680=CARTESIAN_POINT('',(12.6065347239899,182.412,33.8096487106216));
#5681=CARTESIAN_POINT('Origin',(-2.00000000000017,182.412,-0.999999999999943));
#5682=CARTESIAN_POINT('',(11.639214543593,182.412,-33.5043739615737));
#5683=CARTESIAN_POINT('',(11.639214543593,182.412,-33.5043739615737));
#5684=CARTESIAN_POINT('',(13.7642792413732,182.412,-32.5285584827471));
#5685=CARTESIAN_POINT('Origin',(-2.00000000000017,182.412,-0.999999999999943));
#5686=CARTESIAN_POINT('Origin',(-2.00000000000017,182.412,-0.999999999999943));
#5687=CARTESIAN_POINT('Origin',(10.8543109368952,182.412,37.9328484744903));
#5688=CARTESIAN_POINT('',(10.4624112132092,182.412,36.7458713868534));
#5689=CARTESIAN_POINT('',(10.4624112132092,182.412,36.7458713868534));
#5690=CARTESIAN_POINT('',(10.2952939425199,182.412,39.0508824632401));
#5691=CARTESIAN_POINT('Origin',(10.8543109368952,182.412,37.9328484744903));
#5692=CARTESIAN_POINT('',(11.2462106605807,182.412,39.1198255621272));
#5693=CARTESIAN_POINT('Origin',(10.8543109368952,182.412,37.9328484744903));
#5694=CARTESIAN_POINT('',(11.2462106605807,182.412,39.1198255621272));
#5695=CARTESIAN_POINT('Origin',(-2.00000000000017,182.412,-0.999999999999943));
#5696=CARTESIAN_POINT('',(10.4624112132092,182.412,-38.7458713868533));
#5697=CARTESIAN_POINT('',(10.4624112132092,182.412,-38.7458713868533));
#5698=CARTESIAN_POINT('',(15.7767404211233,182.412,-36.5534808422466));
#5699=CARTESIAN_POINT('Origin',(-2.00000000000017,182.412,-0.999999999999943));
#5700=CARTESIAN_POINT('Origin',(-2.00000000000017,182.412,-0.999999999999943));
#5701=CARTESIAN_POINT('Ctrl Pts',(42.4859073326316,182.519846797439,1.27774265802492));
#5702=CARTESIAN_POINT('Ctrl Pts',(42.6784501380091,182.519846797439,1.8560497122788));
#5703=CARTESIAN_POINT('Ctrl Pts',(43.3518910445296,182.519846797439,2.9532321428132));
#5704=CARTESIAN_POINT('Ctrl Pts',(44.4281768799722,182.519846797439,3.64317856408874));
#5705=CARTESIAN_POINT('Ctrl Pts',(45.1056361105404,182.519846797439,3.85710757260923));
#5706=CARTESIAN_POINT('Ctrl Pts',(42.2360580933797,182.519846797439,1.3609280058313));
#5707=CARTESIAN_POINT('Ctrl Pts',(42.4410445736444,182.519846797439,1.97660994383662));
#5708=CARTESIAN_POINT('Ctrl Pts',(43.1584422007346,182.519846797439,3.14513731419847));
#5709=CARTESIAN_POINT('Ctrl Pts',(44.3050979018287,182.519846797439,3.88046342527454));
#5710=CARTESIAN_POINT('Ctrl Pts',(45.026340032506,182.519846797439,4.10821825826959));
#5711=CARTESIAN_POINT('Ctrl Pts',(41.6881890996787,182.409893759381,1.54333669728779));
#5712=CARTESIAN_POINT('Ctrl Pts',(41.9207685291542,182.409893759381,2.24189473728467));
#5713=CARTESIAN_POINT('Ctrl Pts',(42.7341744162377,182.409893759381,3.56715295296641));
#5714=CARTESIAN_POINT('Ctrl Pts',(44.034132179744,182.409893759381,4.40044075057709));
#5715=CARTESIAN_POINT('Ctrl Pts',(44.8524597252968,182.409893759381,4.65885334954385));
#5716=CARTESIAN_POINT('Ctrl Pts',(41.0290359880341,181.867720072017,1.762796564422));
#5717=CARTESIAN_POINT('Ctrl Pts',(41.2946564046943,181.867720072017,2.56059402253683));
#5718=CARTESIAN_POINT('Ctrl Pts',(42.2237661789387,181.867720072017,4.07427242171996));
#5719=CARTESIAN_POINT('Ctrl Pts',(43.7086787352662,181.867720072017,5.02621088349267));
#5720=CARTESIAN_POINT('Ctrl Pts',(44.6432605428856,181.867720072017,5.32133441338782));
#5721=CARTESIAN_POINT('Ctrl Pts',(40.6885623342921,181.183296216517,1.87615460141359));
#5722=CARTESIAN_POINT('Ctrl Pts',(40.9712732324831,181.183296216517,2.72528374138754));
#5723=CARTESIAN_POINT('Ctrl Pts',(41.9601183120706,181.183296216517,4.3363093397107));
#5724=CARTESIAN_POINT('Ctrl Pts',(43.5404880441352,181.183296216517,5.34941476756705));
#5725=CARTESIAN_POINT('Ctrl Pts',(44.5352024775635,181.183296216517,5.66352706082768));
#5726=CARTESIAN_POINT('Ctrl Pts',(40.6308713734634,180.762196547458,1.89536235508208));
#5727=CARTESIAN_POINT('Ctrl Pts',(40.9164876234896,180.762196547458,2.75321779079089));
#5728=CARTESIAN_POINT('Ctrl Pts',(41.9154426876641,180.762196547458,4.38074705902618));
#5729=CARTESIAN_POINT('Ctrl Pts',(43.5119558941219,180.762196547458,5.4041689438544));
#5730=CARTESIAN_POINT('Ctrl Pts',(44.5168927682947,180.762196547458,5.72150929352707));
#5731=CARTESIAN_POINT('Ctrl Pts',(40.6308713734634,180.564696547458,1.89536235508208));
#5732=CARTESIAN_POINT('Ctrl Pts',(40.9164831770315,180.564696547458,2.75320443574449));
#5733=CARTESIAN_POINT('Ctrl Pts',(41.9154437537757,180.564696547458,4.38072955782726));
#5734=CARTESIAN_POINT('Ctrl Pts',(43.5119715389241,180.564696547458,5.40417388419157));
#5735=CARTESIAN_POINT('Ctrl Pts',(44.5168927682947,180.564696547458,5.72150929352707));
#5736=CARTESIAN_POINT('',(44.6897837890032,182.411999999999,4.39111210569081));
#5737=CARTESIAN_POINT('',(44.8047976801058,182.519846797439,3.7488572926415));
#5738=CARTESIAN_POINT('Ctrl Pts',(44.8047976801059,182.519846797439,3.74885729264166));
#5739=CARTESIAN_POINT('Ctrl Pts',(44.7823202322304,182.519846797439,3.97120100572523));
#5740=CARTESIAN_POINT('Ctrl Pts',(44.7439322747269,182.484543978064,4.18797452194153));
#5741=CARTESIAN_POINT('Ctrl Pts',(44.6897837890019,182.411999999998,4.39111210569431));
#5742=CARTESIAN_POINT('',(42.4859073326314,182.519846797439,1.27774265802529));
#5743=CARTESIAN_POINT('Ctrl Pts',(44.8048687534523,182.519846797439,3.74868164881202));
#5744=CARTESIAN_POINT('Ctrl Pts',(44.2464138953899,182.519846797439,3.52175943611983));
#5745=CARTESIAN_POINT('Ctrl Pts',(43.2940975529458,182.519846797439,2.85907391311397));
#5746=CARTESIAN_POINT('Ctrl Pts',(42.6784501380091,182.519846797439,1.8560497122788));
#5747=CARTESIAN_POINT('Ctrl Pts',(42.4859073326316,182.519846797439,1.27774265802492));
#5748=CARTESIAN_POINT('Ctrl Pts',(42.3620349135543,182.411999998233,2.50140804011609));
#5749=CARTESIAN_POINT('Ctrl Pts',(42.3784779646527,182.433963227552,2.40877863523846));
#5750=CARTESIAN_POINT('Ctrl Pts',(42.3928479016053,182.451419417278,2.31458897781096));
#5751=CARTESIAN_POINT('Ctrl Pts',(42.4449967636264,182.508931273675,1.92303106458468));
#5752=CARTESIAN_POINT('Ctrl Pts',(42.4692234514131,182.519846797439,1.60638668242414));
#5753=CARTESIAN_POINT('Ctrl Pts',(42.4859073326316,182.519846797439,1.27774265802516));
#5754=CARTESIAN_POINT('',(44.5168927682943,180.564696547458,5.72150929352702));
#5755=CARTESIAN_POINT('Ctrl Pts',(42.1784224018762,180.564696547458,4.33836778207598));
#5756=CARTESIAN_POINT('Ctrl Pts',(42.843709534255,180.564696547458,4.97001948378139));
#5757=CARTESIAN_POINT('Ctrl Pts',(43.6454788014741,180.564696547458,5.4463329913657));
#5758=CARTESIAN_POINT('Ctrl Pts',(44.5168927682947,180.564696547458,5.72150929352707));
#5759=CARTESIAN_POINT('Ctrl Pts',(44.6897837890031,182.411999999999,4.39111210569078));
#5760=CARTESIAN_POINT('Ctrl Pts',(44.6847527678453,182.397235801915,4.43468331799179));
#5761=CARTESIAN_POINT('Ctrl Pts',(44.6797122624287,182.380955964068,4.47780086734838));
#5762=CARTESIAN_POINT('Ctrl Pts',(44.6461754936837,182.262463300703,4.76135285958762));
#5763=CARTESIAN_POINT('Ctrl Pts',(44.6184119026589,182.115526950147,4.97978876614994));
#5764=CARTESIAN_POINT('Ctrl Pts',(44.571007656115,181.751357776368,5.33817179452313));
#5765=CARTESIAN_POINT('Ctrl Pts',(44.5516087840835,181.541403749936,5.47742821464212));
#5766=CARTESIAN_POINT('Ctrl Pts',(44.5242550238123,181.074093868759,5.67109188697131));
#5767=CARTESIAN_POINT('Ctrl Pts',(44.5168927682946,180.820718962891,5.72150929352703));
#5768=CARTESIAN_POINT('Ctrl Pts',(44.5168927682946,180.564696547458,5.72150929352703));
#5769=CARTESIAN_POINT('Origin',(46.32363885009,167.723846797439,0.));
#5770=CARTESIAN_POINT('',(44.5447072535265,180.564696547446,-5.73021835314719));
#5771=CARTESIAN_POINT('Ctrl Pts',(44.5447278439118,180.564696547458,-5.73015216788847));
#5772=CARTESIAN_POINT('Ctrl Pts',(43.7426288594656,180.564696547458,-5.48061747652798));
#5773=CARTESIAN_POINT('Ctrl Pts',(42.9970345559113,180.564696547458,-5.06142894282462));
#5774=CARTESIAN_POINT('Ctrl Pts',(42.3614544993695,180.564696547458,-4.50613452238669));
#5775=CARTESIAN_POINT('Ctrl Pts',(44.7551377674406,180.564696547458,-5.79135600302097));
#5776=CARTESIAN_POINT('Ctrl Pts',(44.6845976211164,180.564696547458,-5.77225127248427));
#5777=CARTESIAN_POINT('Ctrl Pts',(44.6144492654073,180.564696547458,-5.75184264965126));
#5778=CARTESIAN_POINT('Ctrl Pts',(44.5447278439118,180.564696547458,-5.73015216788847));
#5779=CARTESIAN_POINT('Origin',(46.32363885009,167.723846797439,0.));
#5780=CARTESIAN_POINT('',(44.5168927682943,149.937846797439,5.72150929352674));
#5781=CARTESIAN_POINT('Ctrl Pts',(45.2662469814135,182.519846797439,-3.90419414684857));
#5782=CARTESIAN_POINT('Ctrl Pts',(44.5798779217733,182.519846797439,-3.71830147981497));
#5783=CARTESIAN_POINT('Ctrl Pts',(43.4750226063555,182.519846797439,-3.07253117210561));
#5784=CARTESIAN_POINT('Ctrl Pts',(42.7568402249609,182.519846797439,-2.00273788902004));
#5785=CARTESIAN_POINT('Ctrl Pts',(42.5408253341297,182.519846797439,-1.43217715513753));
#5786=CARTESIAN_POINT('Ctrl Pts',(45.197407211675,182.519846797439,-4.15837032698116));
#5787=CARTESIAN_POINT('Ctrl Pts',(44.4666794266381,182.519846797439,-3.96046377083879));
#5788=CARTESIAN_POINT('Ctrl Pts',(43.2895754500986,182.519846797439,-3.27220219450948));
#5789=CARTESIAN_POINT('Ctrl Pts',(42.5245269635322,182.519846797439,-2.13285169621709));
#5790=CARTESIAN_POINT('Ctrl Pts',(42.2945514416244,182.519846797439,-1.52541670851883));
#5791=CARTESIAN_POINT('Ctrl Pts',(45.046455470113,182.409893744024,-4.71572746516333));
#5792=CARTESIAN_POINT('Ctrl Pts',(44.2173654192657,182.409893744024,-4.4911809786946));
#5793=CARTESIAN_POINT('Ctrl Pts',(42.8829025960456,182.409893744024,-3.71124987187745));
#5794=CARTESIAN_POINT('Ctrl Pts',(42.0154546394094,182.409893744024,-2.41907323726156));
#5795=CARTESIAN_POINT('Ctrl Pts',(41.7545224276384,182.409893744024,-1.72987225825158));
#5796=CARTESIAN_POINT('Ctrl Pts',(44.8648421615548,181.867720067771,-5.38629590555673));
#5797=CARTESIAN_POINT('Ctrl Pts',(43.9179688922738,181.867720067771,-5.12984961780923));
#5798=CARTESIAN_POINT('Ctrl Pts',(42.3936382643728,181.867720067771,-4.23885934811025));
#5799=CARTESIAN_POINT('Ctrl Pts',(41.4028029156965,181.867720067771,-2.76296825957367));
#5800=CARTESIAN_POINT('Ctrl Pts',(41.10480182864,181.867720067771,-1.97585715684143));
#5801=CARTESIAN_POINT('Ctrl Pts',(44.7710330780927,181.183296215374,-5.73266595569921));
#5802=CARTESIAN_POINT('Ctrl Pts',(43.7632363288918,181.183296215374,-5.45971946589829));
#5803=CARTESIAN_POINT('Ctrl Pts',(42.1409156782805,181.183296215374,-4.5114802565172));
#5804=CARTESIAN_POINT('Ctrl Pts',(41.086375352951,181.183296215374,-2.9406714315463));
#5805=CARTESIAN_POINT('Ctrl Pts',(40.7692003554754,181.183296215374,-2.10291622572465));
#5806=CARTESIAN_POINT('Ctrl Pts',(44.7551377674406,180.762196547458,-5.79135600302097));
#5807=CARTESIAN_POINT('Ctrl Pts',(43.7369841336857,180.762196547458,-5.51560450785906));
#5808=CARTESIAN_POINT('Ctrl Pts',(42.0980927944496,180.762196547458,-4.55771144590949));
#5809=CARTESIAN_POINT('Ctrl Pts',(41.0327694987844,180.762196547458,-2.97081013445367));
#5810=CARTESIAN_POINT('Ctrl Pts',(40.7123349702229,180.762196547458,-2.12444552008006));
#5811=CARTESIAN_POINT('Ctrl Pts',(44.7551377674406,180.564696547458,-5.79135600302097));
#5812=CARTESIAN_POINT('Ctrl Pts',(43.7369999842457,180.564696547458,-5.51560880074323));
#5813=CARTESIAN_POINT('Ctrl Pts',(42.0980931515566,180.564696547458,-4.55769390013714));
#5814=CARTESIAN_POINT('Ctrl Pts',(41.0327645102772,180.564696547458,-2.97079695829574));
#5815=CARTESIAN_POINT('Ctrl Pts',(40.7123349702229,180.564696547458,-2.12444552008006));
#5816=CARTESIAN_POINT('',(42.5408253341297,182.519846797439,-1.43217715513785));
#5817=CARTESIAN_POINT('Ctrl Pts',(42.5408253341297,182.519846797439,-1.43217715513828));
#5818=CARTESIAN_POINT('Ctrl Pts',(42.5365328467312,182.519846797439,-1.85312971984729));
#5819=CARTESIAN_POINT('Ctrl Pts',(42.5188150883103,182.502339679283,-2.27691836281833));
#5820=CARTESIAN_POINT('Ctrl Pts',(42.4689094357722,182.411999999997,-2.66315771741459));
#5821=CARTESIAN_POINT('',(44.9579276147483,182.519846797439,-3.80731431876754));
#5822=CARTESIAN_POINT('Ctrl Pts',(42.5408253341297,182.519846797439,-1.43217715513753));
#5823=CARTESIAN_POINT('Ctrl Pts',(42.7568402249609,182.519846797439,-2.00273788902004));
#5824=CARTESIAN_POINT('Ctrl Pts',(43.4127798166392,182.519846797439,-2.97981528254329));
#5825=CARTESIAN_POINT('Ctrl Pts',(44.3912730657151,182.519846797439,-3.60318247425558));
#5826=CARTESIAN_POINT('Ctrl Pts',(44.957993099548,182.519846797439,-3.80713151051354));
#5827=CARTESIAN_POINT('Ctrl Pts',(44.8727320527464,182.412076451809,-4.45576181926119));
#5828=CARTESIAN_POINT('Ctrl Pts',(44.8833865609744,182.429911243636,-4.40489579174257));
#5829=CARTESIAN_POINT('Ctrl Pts',(44.8932010088404,182.445530800043,-4.3530109408477));
#5830=CARTESIAN_POINT('Ctrl Pts',(44.9021510835049,182.458958348245,-4.3002285655109));
#5831=CARTESIAN_POINT('Ctrl Pts',(44.9047901644121,182.462917687962,-4.28466478931813));
#5832=CARTESIAN_POINT('Ctrl Pts',(44.9073541801165,182.466686164533,-4.2690231596399));
#5833=CARTESIAN_POINT('Ctrl Pts',(44.9098426991274,182.470263697882,-4.253307307325));
#5834=CARTESIAN_POINT('Ctrl Pts',(44.918225870039,182.482315473807,-4.20036470355072));
#5835=CARTESIAN_POINT('Ctrl Pts',(44.9257123613623,182.492140500622,-4.14685686807936));
#5836=CARTESIAN_POINT('Ctrl Pts',(44.9322825662968,182.499782529934,-4.09292701747179));
#5837=CARTESIAN_POINT('Ctrl Pts',(44.9385435913123,182.507064941543,-4.04153499133243));
#5838=CARTESIAN_POINT('Ctrl Pts',(44.9439731633376,182.512364423548,-3.9897590589238));
#5839=CARTESIAN_POINT('Ctrl Pts',(44.9485549258059,182.515684744339,-3.93775338617062));
#5840=CARTESIAN_POINT('Ctrl Pts',(44.9523775361316,182.518454921237,-3.89436453241869));
#5841=CARTESIAN_POINT('Ctrl Pts',(44.9556102550937,182.519846797439,-3.85081601452019));
#5842=CARTESIAN_POINT('Ctrl Pts',(44.9582388220099,182.519846797439,-3.80721993115132));
#5843=CARTESIAN_POINT('Origin',(46.32363885009,182.519846797439,0.));
#5844=CARTESIAN_POINT('Origin',(-1.95686128102437,182.519846797439,-0.978430640512187));
#5845=CARTESIAN_POINT('Origin',(-1.95686128102437,182.519846797439,-0.978430640512187));
#5846=CARTESIAN_POINT('Ctrl Pts',(-45.1056361105405,182.519846797439,3.85710757260929));
#5847=CARTESIAN_POINT('Ctrl Pts',(-44.5975416832319,182.519846797439,3.69666081483502));
#5848=CARTESIAN_POINT('Ctrl Pts',(-43.4911928494314,182.519846797439,3.07625359486647));
#5849=CARTESIAN_POINT('Ctrl Pts',(-42.7426310720108,182.519846797439,2.04881872698742));
#5850=CARTESIAN_POINT('Ctrl Pts',(-42.4859073326315,182.519846797439,1.27774265802463));
#5851=CARTESIAN_POINT('Ctrl Pts',(-45.0263400325062,182.519846797439,4.10821825826965));
#5852=CARTESIAN_POINT('Ctrl Pts',(-44.4854084298325,182.519846797439,3.93740213205003));
#5853=CARTESIAN_POINT('Ctrl Pts',(-43.3071165603655,182.519846797439,3.27647339991341));
#5854=CARTESIAN_POINT('Ctrl Pts',(-42.5093733992026,182.519846797439,2.18183725291087));
#5855=CARTESIAN_POINT('Ctrl Pts',(-42.2360580933796,182.519846797439,1.36092800583099));
#5856=CARTESIAN_POINT('Ctrl Pts',(-44.8524597252971,182.409893759381,4.65885334954392));
#5857=CARTESIAN_POINT('Ctrl Pts',(-44.2387140608386,182.409893759381,4.46504389864719));
#5858=CARTESIAN_POINT('Ctrl Pts',(-42.9023843040048,182.409893759381,3.71569811221754));
#5859=CARTESIAN_POINT('Ctrl Pts',(-41.9982950042882,182.409893759381,2.47474741320563));
#5860=CARTESIAN_POINT('Ctrl Pts',(-41.6881890996786,182.409893759381,1.54333669728743));
#5861=CARTESIAN_POINT('Ctrl Pts',(-44.6432605428859,181.867720072017,5.32133441338791));
#5862=CARTESIAN_POINT('Ctrl Pts',(-43.9423241811254,181.867720072017,5.0999917640574));
#5863=CARTESIAN_POINT('Ctrl Pts',(-42.4159994290661,181.867720072017,4.24404533353083));
#5864=CARTESIAN_POINT('Ctrl Pts',(-41.3831965420303,181.867720072017,2.82652650391778));
#5865=CARTESIAN_POINT('Ctrl Pts',(-41.029035988034,181.867720072017,1.76279656442159));
#5866=CARTESIAN_POINT('Ctrl Pts',(-44.5352024775638,181.183296216517,5.66352706082777));
#5867=CARTESIAN_POINT('Ctrl Pts',(-43.7891666460577,181.183296216517,5.42794283885032));
#5868=CARTESIAN_POINT('Ctrl Pts',(-42.1646816000736,181.183296216517,4.51696775234958));
#5869=CARTESIAN_POINT('Ctrl Pts',(-41.0655101968963,181.183296216517,3.00832678308853));
#5870=CARTESIAN_POINT('Ctrl Pts',(-40.6885623342919,181.183296216517,1.87615460141316));
#5871=CARTESIAN_POINT('Ctrl Pts',(-44.516892768295,180.762196547458,5.72150929352716));
#5872=CARTESIAN_POINT('Ctrl Pts',(-43.7631901061644,180.762196547458,5.4835040292198));
#5873=CARTESIAN_POINT('Ctrl Pts',(-42.1220637549274,180.762196547458,4.5632182781616));
#5874=CARTESIAN_POINT('Ctrl Pts',(-41.0116930384976,180.762196547458,3.03916959768589));
#5875=CARTESIAN_POINT('Ctrl Pts',(-40.6308713734633,180.762196547458,1.89536235508164));
#5876=CARTESIAN_POINT('Ctrl Pts',(-44.516892768295,180.564696547458,5.72150929352716));
#5877=CARTESIAN_POINT('Ctrl Pts',(-43.7632018397661,180.564696547458,5.48350773447271));
#5878=CARTESIAN_POINT('Ctrl Pts',(-42.1220795699533,180.564696547458,4.56321562231362));
#5879=CARTESIAN_POINT('Ctrl Pts',(-41.0116871098867,180.564696547458,3.03915179095743));
#5880=CARTESIAN_POINT('Ctrl Pts',(-40.6308713734633,180.564696547458,1.89536235508164));
#5881=CARTESIAN_POINT('',(-42.1786665072796,180.564696547458,4.33811068062283));
#5882=CARTESIAN_POINT('Ctrl Pts',(-44.516892768295,180.564696547458,5.72150929352716));
#5883=CARTESIAN_POINT('Ctrl Pts',(-43.7632018397661,180.564696547458,5.48350773447271));
#5884=CARTESIAN_POINT('Ctrl Pts',(-42.9501508518484,180.564696547458,5.02757314341438));
#5885=CARTESIAN_POINT('Ctrl Pts',(-42.2673646910855,180.564696547458,4.42344597451733));
#5886=CARTESIAN_POINT('Ctrl Pts',(-42.1777304083343,180.564696547458,4.33910553599733));
#5887=CARTESIAN_POINT('',(-42.3620349148769,182.411999999999,2.50140803266532));
#5888=CARTESIAN_POINT('Ctrl Pts',(-42.3620349148774,182.411999999999,2.5014080326655));
#5889=CARTESIAN_POINT('Ctrl Pts',(-42.3408333165587,182.356070360631,2.77002740981008));
#5890=CARTESIAN_POINT('Ctrl Pts',(-42.3153420510906,182.266306373353,3.05907121267111));
#5891=CARTESIAN_POINT('Ctrl Pts',(-42.2622956990313,181.97061128429,3.60130501996835));
#5892=CARTESIAN_POINT('Ctrl Pts',(-42.2396121293414,181.791694321536,3.80948803544413));
#5893=CARTESIAN_POINT('Ctrl Pts',(-42.208251011059,181.443646338439,4.08882039528393));
#5894=CARTESIAN_POINT('Ctrl Pts',(-42.1967869582977,181.270828193925,4.18635072851487));
#5895=CARTESIAN_POINT('Ctrl Pts',(-42.1822889090919,180.916403934957,4.30836206923473));
#5896=CARTESIAN_POINT('Ctrl Pts',(-42.1786665072796,180.741603511545,4.33811068062311));
#5897=CARTESIAN_POINT('Ctrl Pts',(-42.1786665072796,180.564696547458,4.33811068062311));
#5898=CARTESIAN_POINT('',(-42.485907332632,182.519846797439,1.27774265802458));
#5899=CARTESIAN_POINT('Ctrl Pts',(-42.4859073326317,182.519846797439,1.27774265802472));
#5900=CARTESIAN_POINT('Ctrl Pts',(-42.4645007312336,182.519846797439,1.69941622067114));
#5901=CARTESIAN_POINT('Ctrl Pts',(-42.4295287486045,182.502152522947,2.12119187560396));
#5902=CARTESIAN_POINT('Ctrl Pts',(-42.3620349148783,182.412000000001,2.50140803265802));
#5903=CARTESIAN_POINT('',(-44.8047976801058,182.519846797439,3.7488572926415));
#5904=CARTESIAN_POINT('Ctrl Pts',(-42.4859073326315,182.519846797439,1.27774265802463));
#5905=CARTESIAN_POINT('Ctrl Pts',(-42.7426310720108,182.519846797439,2.04881872698742));
#5906=CARTESIAN_POINT('Ctrl Pts',(-43.4270048775877,182.519846797439,2.98815270278253));
#5907=CARTESIAN_POINT('Ctrl Pts',(-44.4104371392146,182.519846797439,3.58727017889365));
#5908=CARTESIAN_POINT('Ctrl Pts',(-44.8049892408678,182.519846797439,3.74838383689813));
#5909=CARTESIAN_POINT('Ctrl Pts',(-44.6895816762553,182.412076459378,4.39172503840057));
#5910=CARTESIAN_POINT('Ctrl Pts',(-44.7029228712237,182.429870739948,4.34168430500466));
#5911=CARTESIAN_POINT('Ctrl Pts',(-44.715376100893,182.445464423416,4.29054685557485));
#5912=CARTESIAN_POINT('Ctrl Pts',(-44.7269165405712,182.458877236957,4.23843259416185));
#5913=CARTESIAN_POINT('Ctrl Pts',(-44.7299055401028,182.462351185482,4.2249348846034));
#5914=CARTESIAN_POINT('Ctrl Pts',(-44.7328333763746,182.465678620822,4.21137179694243));
#5915=CARTESIAN_POINT('Ctrl Pts',(-44.7356997417932,182.468859442758,4.19774576141171));
#5916=CARTESIAN_POINT('Ctrl Pts',(-44.7467804151728,182.481155728753,4.14507081348143));
#5917=CARTESIAN_POINT('Ctrl Pts',(-44.7568837658665,182.49119428476,4.09175588362602));
#5918=CARTESIAN_POINT('Ctrl Pts',(-44.7659947859095,182.499023297247,4.03794845623983));
#5919=CARTESIAN_POINT('Ctrl Pts',(-44.7746852311199,182.506490913799,3.98662483962961));
#5920=CARTESIAN_POINT('Ctrl Pts',(-44.78247352659,182.511947706122,3.93485246694494));
#5921=CARTESIAN_POINT('Ctrl Pts',(-44.7893461747622,182.515400507797,3.88278852123155));
#5922=CARTESIAN_POINT('Ctrl Pts',(-44.7952373505974,182.518360220164,3.83815974769506));
#5923=CARTESIAN_POINT('Ctrl Pts',(-44.800456035521,182.519846797439,3.7933168712234));
#5924=CARTESIAN_POINT('Ctrl Pts',(-44.8049872746378,182.519846797439,3.7483830339959));
#5925=CARTESIAN_POINT('Origin',(-46.32363885009,182.519846797439,0.));
#5926=CARTESIAN_POINT('',(-42.5408253341297,182.519846797439,-1.43217715513728));
#5927=CARTESIAN_POINT('Origin',(1.95686128102437,182.519846797439,-0.978430640512187));
#5928=CARTESIAN_POINT('',(-44.9579276147483,182.519846797439,-3.80731431876725));
#5929=CARTESIAN_POINT('Ctrl Pts',(-44.9581033964841,182.519846797439,-3.80682354519403));
#5930=CARTESIAN_POINT('Ctrl Pts',(-44.5579669982506,182.519846797439,-3.66204172403182));
#5931=CARTESIAN_POINT('Ctrl Pts',(-43.5509482588772,182.519846797439,-3.10354280883892));
#5932=CARTESIAN_POINT('Ctrl Pts',(-42.8288451891351,182.519846797439,-2.19292480180348));
#5933=CARTESIAN_POINT('Ctrl Pts',(-42.5408253341296,182.519846797439,-1.43217715513733));
#5934=CARTESIAN_POINT('Origin',(1.95686128102437,182.519846797439,-0.978430640512187));
#5935=CARTESIAN_POINT('Ctrl Pts',(-42.5408253341296,182.519846797439,-1.43217715513733));
#5936=CARTESIAN_POINT('Ctrl Pts',(-42.8288451891351,182.519846797439,-2.19292480180348));
#5937=CARTESIAN_POINT('Ctrl Pts',(-43.61940778041,182.519846797439,-3.18987462997778));
#5938=CARTESIAN_POINT('Ctrl Pts',(-44.751470186595,182.519846797439,-3.76477464654942));
#5939=CARTESIAN_POINT('Ctrl Pts',(-45.2662469814134,182.519846797439,-3.90419414684855));
#5940=CARTESIAN_POINT('Ctrl Pts',(-42.2945514416243,182.519846797439,-1.52541670851861));
#5941=CARTESIAN_POINT('Ctrl Pts',(-42.601185471435,182.519846797439,-2.33533002703535));
#5942=CARTESIAN_POINT('Ctrl Pts',(-43.4436765417031,182.519846797439,-3.39747810291255));
#5943=CARTESIAN_POINT('Ctrl Pts',(-44.6493613728032,182.519846797439,-4.00994040984889));
#5944=CARTESIAN_POINT('Ctrl Pts',(-45.1974072116749,182.519846797439,-4.15837032698114));
#5945=CARTESIAN_POINT('Ctrl Pts',(-41.7545224276383,182.409893744024,-1.72987225825134));
#5946=CARTESIAN_POINT('Ctrl Pts',(-42.102432044014,182.409893744024,-2.64880689873048));
#5947=CARTESIAN_POINT('Ctrl Pts',(-43.0572505576556,182.409893744024,-3.85293876341098));
#5948=CARTESIAN_POINT('Ctrl Pts',(-44.4246379318708,182.409893744024,-4.54731760028286));
#5949=CARTESIAN_POINT('Ctrl Pts',(-45.046455470113,182.409893744024,-4.7157274651633));
#5950=CARTESIAN_POINT('Ctrl Pts',(-41.1048018286399,181.867720067771,-1.97585715684116));
#5951=CARTESIAN_POINT('Ctrl Pts',(-41.5021366121598,181.867720067771,-3.02533862920557));
#5952=CARTESIAN_POINT('Ctrl Pts',(-42.5928866696474,181.867720067771,-4.40079673733579));
#5953=CARTESIAN_POINT('Ctrl Pts',(-44.1546872094721,181.867720067771,-5.19396118971307));
#5954=CARTESIAN_POINT('Ctrl Pts',(-44.8648421615547,181.867720067771,-5.3862959055567));
#5955=CARTESIAN_POINT('Ctrl Pts',(-40.7692003554753,181.183296215374,-2.10291622572436));
#5956=CARTESIAN_POINT('Ctrl Pts',(-41.1921003529374,181.183296215374,-3.21992316900686));
#5957=CARTESIAN_POINT('Ctrl Pts',(-42.3529439411644,181.183296215374,-4.68380058462285));
#5958=CARTESIAN_POINT('Ctrl Pts',(-44.0151855160623,181.183296215374,-5.52795608831336));
#5959=CARTESIAN_POINT('Ctrl Pts',(-44.7710330780926,181.183296215374,-5.73266595569918));
#5960=CARTESIAN_POINT('Ctrl Pts',(-40.7123349702228,180.762196547458,-2.12444552007977));
#5961=CARTESIAN_POINT('Ctrl Pts',(-41.1395810091412,180.762196547458,-3.25293167478736));
#5962=CARTESIAN_POINT('Ctrl Pts',(-42.312253764578,180.762196547458,-4.73176071979945));
#5963=CARTESIAN_POINT('Ctrl Pts',(-43.9915225419934,180.762196547458,-5.58454238161402));
#5964=CARTESIAN_POINT('Ctrl Pts',(-44.7551377674405,180.762196547458,-5.79135600302094));
#5965=CARTESIAN_POINT('Ctrl Pts',(-40.7123349702228,180.564696547458,-2.12444552007977));
#5966=CARTESIAN_POINT('Ctrl Pts',(-41.1395743577983,180.564696547458,-3.25291410657676));
#5967=CARTESIAN_POINT('Ctrl Pts',(-42.3122694740079,180.564696547458,-4.73175741071123));
#5968=CARTESIAN_POINT('Ctrl Pts',(-43.9915344299133,180.564696547458,-5.58454560127714));
#5969=CARTESIAN_POINT('Ctrl Pts',(-44.7551377674405,180.564696547458,-5.79135600302094));
#5970=CARTESIAN_POINT('',(-44.8728423831341,182.411999999999,-4.45494528550512));
#5971=CARTESIAN_POINT('Ctrl Pts',(-44.9579276147482,182.519846797439,-3.80731431876725));
#5972=CARTESIAN_POINT('Ctrl Pts',(-44.9444665609733,182.519846797439,-4.03055520386232));
#5973=CARTESIAN_POINT('Ctrl Pts',(-44.9159423453051,182.484484987773,-4.24907426720752));
#5974=CARTESIAN_POINT('Ctrl Pts',(-44.8728423831342,182.411999999999,-4.45494528550515));
#5975=CARTESIAN_POINT('',(-42.4689094351845,182.411999998427,-2.66315772546264));
#5976=CARTESIAN_POINT('Ctrl Pts',(-42.4689094347482,182.411999998144,-2.66315772533991));
#5977=CARTESIAN_POINT('Ctrl Pts',(-42.4818378149091,182.43540307296,-2.56309993818917));
#5978=CARTESIAN_POINT('Ctrl Pts',(-42.4925187272117,182.453716036355,-2.46141715787687));
#5979=CARTESIAN_POINT('Ctrl Pts',(-42.5266694900381,182.509423008356,-2.06511587113269));
#5980=CARTESIAN_POINT('Ctrl Pts',(-42.5375441783421,182.519846797439,-1.75395117933149));
#5981=CARTESIAN_POINT('Ctrl Pts',(-42.5408253341298,182.519846797439,-1.4321771551377));
#5982=CARTESIAN_POINT('',(-42.3616822069687,180.564696547458,-4.50587389504221));
#5983=CARTESIAN_POINT('Ctrl Pts',(-42.3616822069686,180.564696547458,-4.50587389504247));
#5984=CARTESIAN_POINT('Ctrl Pts',(-42.3616822069686,180.775763179083,-4.50587389504247));
#5985=CARTESIAN_POINT('Ctrl Pts',(-42.365094826726,180.98324540031,-4.46337841809822));
#5986=CARTESIAN_POINT('Ctrl Pts',(-42.3780108589034,181.390163707175,-4.29393196911548));
#5987=CARTESIAN_POINT('Ctrl Pts',(-42.387731234503,181.580003296937,-4.16318154341013));
#5988=CARTESIAN_POINT('Ctrl Pts',(-42.4100216177479,181.912235742759,-3.83341075659956));
#5989=CARTESIAN_POINT('Ctrl Pts',(-42.4240075777891,182.070592127148,-3.61481350458689));
#5990=CARTESIAN_POINT('Ctrl Pts',(-42.4500307317052,182.295687236921,-3.11910342863229));
#5991=CARTESIAN_POINT('Ctrl Pts',(-42.4602859814857,182.36410788979,-2.89372851768948));
#5992=CARTESIAN_POINT('Ctrl Pts',(-42.4689094354728,182.411999998328,-2.66315772545286));
#5993=CARTESIAN_POINT('',(-44.5447072535237,180.564696547446,-5.73021835314663));
#5994=CARTESIAN_POINT('Ctrl Pts',(-42.3607984418789,180.564696547458,-4.50689466552173));
#5995=CARTESIAN_POINT('Ctrl Pts',(-42.4532876641787,180.564696547458,-4.58697018632437));
#5996=CARTESIAN_POINT('Ctrl Pts',(-43.1038249217571,180.564696547458,-5.11643394633215));
#5997=CARTESIAN_POINT('Ctrl Pts',(-43.8594141542054,180.564696547458,-5.51606698823541));
#5998=CARTESIAN_POINT('Ctrl Pts',(-44.5447629709351,180.564696547458,-5.73003989194333));
#5999=CARTESIAN_POINT('',(-44.7551377674404,180.564696547458,-5.79135600302081));
#6000=CARTESIAN_POINT('Ctrl Pts',(-44.5447629709351,180.564696547458,-5.73003989194333));
#6001=CARTESIAN_POINT('Ctrl Pts',(-44.6144876257916,180.564696547458,-5.75180864165951));
#6002=CARTESIAN_POINT('Ctrl Pts',(-44.6846254515404,180.564696547458,-5.7722588099332));
#6003=CARTESIAN_POINT('Ctrl Pts',(-44.7551377674405,180.564696547458,-5.79135600302094));
#6004=CARTESIAN_POINT('Ctrl Pts',(-44.8728423831346,182.411999999999,-4.45494528550513));
#6005=CARTESIAN_POINT('Ctrl Pts',(-44.8696182055689,182.397235802022,-4.49868732897062));
#6006=CARTESIAN_POINT('Ctrl Pts',(-44.8663657838989,182.380955964306,-4.54197649024437));
#6007=CARTESIAN_POINT('Ctrl Pts',(-44.8445882423903,182.262463301307,-4.82667314560246));
#6008=CARTESIAN_POINT('Ctrl Pts',(-44.8258850904591,182.115526951057,-5.04607062578572));
#6009=CARTESIAN_POINT('Ctrl Pts',(-44.7933476951806,181.751357777336,-5.40610795157633));
#6010=CARTESIAN_POINT('Ctrl Pts',(-44.779726454077,181.541403750393,-5.54604768397695));
#6011=CARTESIAN_POINT('Ctrl Pts',(-44.7604079572832,181.074093868629,-5.74067718312406));
#6012=CARTESIAN_POINT('Ctrl Pts',(-44.7551377674404,180.820718962825,-5.79135600302089));
#6013=CARTESIAN_POINT('Ctrl Pts',(-44.7551377674404,180.564696547458,-5.79135600302089));
#6014=CARTESIAN_POINT('Origin',(-46.32363885009,177.411846797439,0.));
#6015=CARTESIAN_POINT('Ctrl Pts',(-12.994635531219,191.756806211407,43.9216778973921));
#6016=CARTESIAN_POINT('Ctrl Pts',(-42.3849445865669,182.124361466417,33.3032835116434));
#6017=CARTESIAN_POINT('Ctrl Pts',(-44.6756653344577,187.851163336144,0.0878326672287896));
#6018=CARTESIAN_POINT('Ctrl Pts',(-46.9663860823484,193.577965205871,-33.1276181771858));
#6019=CARTESIAN_POINT('Ctrl Pts',(-18.7349977519007,206.107711763111,-39.3135743024884));
#6020=CARTESIAN_POINT('Ctrl Pts',(-3.51635082597451,168.061094448296,39.1825355447698));
#6021=CARTESIAN_POINT('Ctrl Pts',(-32.9066598813224,158.428649703306,28.5641411590211));
#6022=CARTESIAN_POINT('Ctrl Pts',(-35.1973806292131,164.155451573033,-4.65130968539348));
#6023=CARTESIAN_POINT('Ctrl Pts',(-37.4881013771039,169.88225344276,-37.8667605298081));
#6024=CARTESIAN_POINT('Ctrl Pts',(-9.25671304665614,182.412,-44.0527166551107));
#6025=CARTESIAN_POINT('',(-17.9010049997481,182.412,-40.8020099994962));
#6026=CARTESIAN_POINT('Origin',(1.99999999999989,182.412,-0.999999999999943));
#6027=CARTESIAN_POINT('',(-9.25671304665627,182.412,42.0527166551106));
#6028=CARTESIAN_POINT('Origin',(1.99999999999989,182.412,-0.999999999999943));
#6029=CARTESIAN_POINT('',(-10.7436481927238,186.129337865168,42.7961842281442));
#6030=CARTESIAN_POINT('',(-9.25671304665627,182.412,42.0527166551106));
#6031=CARTESIAN_POINT('',(-10.8934812878738,186.503920603043,-43.2343325345019));
#6032=CARTESIAN_POINT('Ctrl Pts',(-10.8934812878736,186.503920603043,-43.234332534502));
#6033=CARTESIAN_POINT('Ctrl Pts',(-16.2825441948103,186.449621586314,-41.8304703215415));
#6034=CARTESIAN_POINT('Ctrl Pts',(-26.5232463581753,186.333891752766,-36.9567532038783));
#6035=CARTESIAN_POINT('Ctrl Pts',(-38.0905956380605,186.178134809546,-24.4876543353347));
#6036=CARTESIAN_POINT('Ctrl Pts',(-44.2416020811293,186.067860264304,-8.65062346817203));
#6037=CARTESIAN_POINT('Ctrl Pts',(-44.1756967700195,186.008446971229,8.32296026688712));
#6038=CARTESIAN_POINT('Ctrl Pts',(-37.9175775562139,185.997579544265,24.0936900310406));
#6039=CARTESIAN_POINT('Ctrl Pts',(-26.3384829214101,186.034229905066,36.4983132840703));
#6040=CARTESIAN_POINT('Ctrl Pts',(-16.1238884656603,186.092132192415,41.3781155879295));
#6041=CARTESIAN_POINT('Ctrl Pts',(-10.7436481927234,186.129337865168,42.7961842281442));
#6042=CARTESIAN_POINT('',(-9.25671304665627,182.412,-44.0527166551105));
#6043=CARTESIAN_POINT('',(-11.2567130466562,187.412,-43.0527166551106));
#6044=CARTESIAN_POINT('Origin',(1.99999999999989,182.412,-0.999999999999943));
#6045=CARTESIAN_POINT('Origin',(1.99999999999989,182.412,-0.999999999999943));
#6046=CARTESIAN_POINT('',(-9.25671304665627,182.412,42.0527166551106));
#6047=CARTESIAN_POINT('',(-42.1786665072796,149.937846797439,4.3381106806234));
#6048=CARTESIAN_POINT('Origin',(1.99999999999989,182.412,-0.999999999999943));
#6049=CARTESIAN_POINT('',(-9.88911265601899,182.412,-46.4714086020268));
#6050=CARTESIAN_POINT('',(-9.88911265601899,182.412,-46.4714086020268));
#6051=CARTESIAN_POINT('',(-19.0190389884981,182.412,-43.038077976996));
#6052=CARTESIAN_POINT('Origin',(1.99999999999989,182.412,-0.999999999999943));
#6053=CARTESIAN_POINT('Origin',(1.99999999999989,182.412,-0.999999999999943));
#6054=CARTESIAN_POINT('',(-44.7551377674404,167.723846797439,-5.79135600302081));
#6055=CARTESIAN_POINT('',(-44.7551377674404,167.723846797439,-5.79135600302081));
#6056=CARTESIAN_POINT('Origin',(1.99999999999989,167.723846797439,-0.999999999999943));
#6057=CARTESIAN_POINT('Origin',(46.32363885009,177.411846797439,0.));
#6058=CARTESIAN_POINT('Ctrl Pts',(12.994635531219,191.756806211407,43.9216778973921));
#6059=CARTESIAN_POINT('Ctrl Pts',(42.3849445865669,182.124361466417,33.3032835116435));
#6060=CARTESIAN_POINT('Ctrl Pts',(44.6756653344576,187.851163336144,0.0878326672288401));
#6061=CARTESIAN_POINT('Ctrl Pts',(46.9663860823484,193.577965205871,-33.1276181771858));
#6062=CARTESIAN_POINT('Ctrl Pts',(18.7349977519007,206.107711763111,-39.3135743024884));
#6063=CARTESIAN_POINT('Ctrl Pts',(3.51635082597441,168.061094448296,39.1825355447698));
#6064=CARTESIAN_POINT('Ctrl Pts',(32.9066598813223,158.428649703306,28.5641411590212));
#6065=CARTESIAN_POINT('Ctrl Pts',(35.1973806292131,164.155451573033,-4.65130968539347));
#6066=CARTESIAN_POINT('Ctrl Pts',(37.4881013771039,169.88225344276,-37.8667605298081));
#6067=CARTESIAN_POINT('Ctrl Pts',(9.2567130466561,182.412,-44.0527166551107));
#6068=CARTESIAN_POINT('',(10.8934812878735,186.503920603043,-43.2343325345019));
#6069=CARTESIAN_POINT('',(11.2567130466562,187.412,-43.0527166551106));
#6070=CARTESIAN_POINT('',(10.7436481927232,186.129337865168,42.7961842281442));
#6071=CARTESIAN_POINT('Ctrl Pts',(10.7436481927234,186.129337865168,42.7961842281442));
#6072=CARTESIAN_POINT('Ctrl Pts',(16.1238884656598,186.092132192415,41.3781155879296));
#6073=CARTESIAN_POINT('Ctrl Pts',(26.3377356771044,186.034231575715,36.498292264836));
#6074=CARTESIAN_POINT('Ctrl Pts',(37.9198321192982,185.997583320729,24.0942198857795));
#6075=CARTESIAN_POINT('Ctrl Pts',(44.171957252242,186.008450075776,8.32263427346542));
#6076=CARTESIAN_POINT('Ctrl Pts',(44.2453874461899,186.067830647399,-8.65117206693115));
#6077=CARTESIAN_POINT('Ctrl Pts',(38.0882521084223,186.178172293716,-24.4870301815738));
#6078=CARTESIAN_POINT('Ctrl Pts',(26.5240006261026,186.333887135624,-36.9568167374666));
#6079=CARTESIAN_POINT('Ctrl Pts',(16.2825441948103,186.449621586314,-41.8304703215415));
#6080=CARTESIAN_POINT('Ctrl Pts',(10.8934812878736,186.503920603043,-43.2343325345019));
#6081=CARTESIAN_POINT('',(9.25671304665627,182.412,42.0527166551106));
#6082=CARTESIAN_POINT('Origin',(-2.00000000000017,182.412,-0.999999999999943));
#6083=CARTESIAN_POINT('Origin',(-2.00000000000017,182.412,-1.00000000000009));
#6084=CARTESIAN_POINT('Origin',(46.32363885009,167.723846797439,0.));
#6085=CARTESIAN_POINT('',(51.679252053234,172.911,2.70507064941143));
#6086=CARTESIAN_POINT('',(51.9031118418297,172.911,2.20669008572713));
#6087=CARTESIAN_POINT('Origin',(46.32363885009,172.911,0.));
#6088=CARTESIAN_POINT('',(51.679252053234,172.167312581503,2.70507064941143));
#6089=CARTESIAN_POINT('',(51.679252053234,167.723846797439,2.70507064941171));
#6090=CARTESIAN_POINT('',(51.9031118418297,172.011757025948,2.20669008572713));
#6091=CARTESIAN_POINT('Ctrl Pts',(51.9031118418297,172.011757025948,2.20669008572715));
#6092=CARTESIAN_POINT('Ctrl Pts',(51.8579766198953,172.043060189336,2.32081157174287));
#6093=CARTESIAN_POINT('Ctrl Pts',(51.8094723317932,172.076736229134,2.4332034108815));
#6094=CARTESIAN_POINT('Ctrl Pts',(51.7323845239395,172.130333680134,2.59789704955082));
#6095=CARTESIAN_POINT('Ctrl Pts',(51.7061870083789,172.148559868799,2.65174368679376));
#6096=CARTESIAN_POINT('Ctrl Pts',(51.6792520532341,172.167312581503,2.70507064941151));
#6097=CARTESIAN_POINT('',(51.9031118418297,167.723846797439,2.20669008572713));
#6098=CARTESIAN_POINT('Origin',(46.32363885009,167.723846797439,0.));
#6099=CARTESIAN_POINT('',(51.9031118418297,172.911,-2.20669008572699));
#6100=CARTESIAN_POINT('',(51.679252053234,172.911,-2.70507064941143));
#6101=CARTESIAN_POINT('Origin',(46.32363885009,172.911,0.));
#6102=CARTESIAN_POINT('',(51.9031118418297,172.011757025948,-2.20669008572699));
#6103=CARTESIAN_POINT('',(51.9031118418297,167.723846797439,-2.20669008572699));
#6104=CARTESIAN_POINT('',(51.679252053234,172.167312581503,-2.70507064941143));
#6105=CARTESIAN_POINT('Ctrl Pts',(51.6792520532341,172.167312581503,-2.70507064941152));
#6106=CARTESIAN_POINT('Ctrl Pts',(51.7061870083789,172.148559868799,-2.65174368679378));
#6107=CARTESIAN_POINT('Ctrl Pts',(51.7323845239395,172.130333680134,-2.59789704955097));
#6108=CARTESIAN_POINT('Ctrl Pts',(51.8094723317932,172.076736229134,-2.43320341088165));
#6109=CARTESIAN_POINT('Ctrl Pts',(51.8579766198952,172.043060189336,-2.32081157174298));
#6110=CARTESIAN_POINT('Ctrl Pts',(51.9031118418297,172.011757025948,-2.20669008572702));
#6111=CARTESIAN_POINT('',(51.679252053234,167.723846797439,-2.70507064941171));
#6112=CARTESIAN_POINT('Origin',(0.,171.6578663368,7.105427357601E-13));
#6113=CARTESIAN_POINT('',(-51.679252053234,172.167312581503,2.70507064941214));
#6114=CARTESIAN_POINT('Origin',(0.,172.167312581503,0.));
#6115=CARTESIAN_POINT('',(-51.9031118418303,172.011757025948,2.20669008572642));
#6116=CARTESIAN_POINT('Ctrl Pts',(-51.6792520532339,172.167312581503,2.70507064941201));
#6117=CARTESIAN_POINT('Ctrl Pts',(-51.7061870083788,172.148559868799,2.65174368679394));
#6118=CARTESIAN_POINT('Ctrl Pts',(-51.7323845239395,172.130333680134,2.59789704955111));
#6119=CARTESIAN_POINT('Ctrl Pts',(-51.8094723317938,172.076736229134,2.43320341088136));
#6120=CARTESIAN_POINT('Ctrl Pts',(-51.8579766198955,172.043060189336,2.32081157174227));
#6121=CARTESIAN_POINT('Ctrl Pts',(-51.90311184183,172.011757025948,2.20669008572629));
#6122=CARTESIAN_POINT('Origin',(0.,172.011757025947,7.105427357601E-13));
#6123=CARTESIAN_POINT('Origin',(0.,171.6578663368,7.105427357601E-13));
#6124=CARTESIAN_POINT('',(1.99999999999989,172.011757025947,-51.9114871680627));
#6125=CARTESIAN_POINT('Origin',(0.,172.011757025947,7.105427357601E-13));
#6126=CARTESIAN_POINT('',(1.99999999999989,172.167312581503,-51.7113382151342));
#6127=CARTESIAN_POINT('Ctrl Pts',(1.99999999999989,172.167312581503,-51.7113382151342));
#6128=CARTESIAN_POINT('Ctrl Pts',(1.99999999999989,172.089685032603,-51.8112196839293));
#6129=CARTESIAN_POINT('Ctrl Pts',(1.99999999999989,172.011757025948,-51.9114871680625));
#6130=CARTESIAN_POINT('Origin',(0.,172.167312581503,0.));
#6131=CARTESIAN_POINT('Origin',(0.,169.912,0.));
#6132=CARTESIAN_POINT('',(-51.679252053234,172.911,2.70507064941214));
#6133=CARTESIAN_POINT('Origin',(0.,172.911,0.));
#6134=CARTESIAN_POINT('',(-51.6792520532343,167.723846797439,2.70507064941171));
#6135=CARTESIAN_POINT('Origin',(0.,169.912,0.));
#6136=CARTESIAN_POINT('',(1.99999999999989,172.911,-51.7113382151342));
#6137=CARTESIAN_POINT('',(1.99999999999989,169.912,-51.7113382151342));
#6138=CARTESIAN_POINT('Origin',(0.,172.911,0.));
#6139=CARTESIAN_POINT('Origin',(-46.32363885009,167.723846797439,0.));
#6140=CARTESIAN_POINT('Origin',(-46.32363885009,167.723846797439,0.));
#6141=CARTESIAN_POINT('',(-42.3616822069687,149.937846797439,-4.5058738950425));
#6142=CARTESIAN_POINT('Origin',(-46.32363885009,167.723846797439,0.));
#6143=CARTESIAN_POINT('',(-51.679252053234,172.911,-2.70507064941199));
#6144=CARTESIAN_POINT('',(-51.9031118418303,172.911,-2.20669008572628));
#6145=CARTESIAN_POINT('Origin',(-46.32363885009,172.911,0.));
#6146=CARTESIAN_POINT('',(-51.679252053234,172.167312581503,-2.70507064941199));
#6147=CARTESIAN_POINT('',(-51.6792520532343,167.723846797439,-2.70507064941171));
#6148=CARTESIAN_POINT('',(-51.9031118418303,172.011757025948,-2.20669008572628));
#6149=CARTESIAN_POINT('Ctrl Pts',(-51.9031118418301,172.011757025948,-2.20669008572619));
#6150=CARTESIAN_POINT('Ctrl Pts',(-51.8579766198955,172.043060189336,-2.32081157174241));
#6151=CARTESIAN_POINT('Ctrl Pts',(-51.8094723317938,172.076736229134,-2.43320341088136));
#6152=CARTESIAN_POINT('Ctrl Pts',(-51.7323845239395,172.130333680134,-2.59789704955111));
#6153=CARTESIAN_POINT('Ctrl Pts',(-51.7061870083788,172.148559868799,-2.65174368679396));
#6154=CARTESIAN_POINT('Ctrl Pts',(-51.6792520532339,172.167312581503,-2.70507064941192));
#6155=CARTESIAN_POINT('',(-51.9031118418303,167.723846797439,-2.20669008572628));
#6156=CARTESIAN_POINT('Origin',(-46.32363885009,167.723846797439,0.));
#6157=CARTESIAN_POINT('',(-51.9031118418303,172.911,2.20669008572642));
#6158=CARTESIAN_POINT('Origin',(-46.32363885009,172.911,0.));
#6159=CARTESIAN_POINT('',(-51.9031118418303,167.723846797439,2.20669008572642));
#6160=CARTESIAN_POINT('Origin',(0.,169.912,0.));
#6161=CARTESIAN_POINT('',(-1.99999999999989,172.911,-51.7113382151342));
#6162=CARTESIAN_POINT('Origin',(0.,172.911,0.));
#6163=CARTESIAN_POINT('',(-1.99999999999989,172.167312581503,-51.7113382151342));
#6164=CARTESIAN_POINT('',(-1.99999999999989,169.912,-51.7113382151342));
#6165=CARTESIAN_POINT('Origin',(0.,172.167312581503,0.));
#6166=CARTESIAN_POINT('Origin',(0.,171.6578663368,7.105427357601E-13));
#6167=CARTESIAN_POINT('',(-1.99999999999989,172.011757025947,-51.9114871680627));
#6168=CARTESIAN_POINT('Ctrl Pts',(-1.99999999999989,172.011757025949,-51.9114871680607));
#6169=CARTESIAN_POINT('Ctrl Pts',(-1.99999999999989,172.089685032604,-51.8112196839273));
#6170=CARTESIAN_POINT('Ctrl Pts',(-1.99999999999989,172.167312581504,-51.7113382151322));
#6171=CARTESIAN_POINT('Origin',(0.,172.011757025947,7.105427357601E-13));
#6172=CARTESIAN_POINT('Origin',(0.,169.785680475977,7.105427357601E-13));
#6173=CARTESIAN_POINT('',(51.95,167.723846797439,1.36722355936393E-12));
#6174=CARTESIAN_POINT('Origin',(0.,167.723846797439,0.));
#6175=CARTESIAN_POINT('',(51.95,172.911,1.36826104300696E-12));
#6176=CARTESIAN_POINT('',(51.95,169.785680475977,1.36763594716753E-12));
#6177=CARTESIAN_POINT('Origin',(0.,172.911,0.));
#6178=CARTESIAN_POINT('Origin',(0.,172.911,0.));
#6179=CARTESIAN_POINT('',(-1.99999999999989,172.910846797439,-51.9114871680627));
#6180=CARTESIAN_POINT('',(-1.99999999999989,167.723846797439,-51.9114871680627));
#6181=CARTESIAN_POINT('',(1.99999999999989,172.910846797439,-51.9114871680627));
#6182=CARTESIAN_POINT('Origin',(0.,172.910846797439,0.));
#6183=CARTESIAN_POINT('',(1.99999999999989,167.723846797439,-51.9114871680627));
#6184=CARTESIAN_POINT('Origin',(0.,172.911,0.));
#6185=CARTESIAN_POINT('Origin',(1.99999999999989,182.412,-0.999999999999943));
#6186=CARTESIAN_POINT('',(-9.25671304665627,182.412,-44.0527166551105));
#6187=CARTESIAN_POINT('Origin',(-51.7500000000001,167.723846797439,0.));
#6188=CARTESIAN_POINT('Origin',(0.,172.910846797439,-53.5807435840312));
#6189=CARTESIAN_POINT('',(2.00000000000006,172.910846797439,-55.2137890386088));
#6190=CARTESIAN_POINT('',(-2.00000000000003,172.910846797439,-55.2137890386089));
#6191=CARTESIAN_POINT('Origin',(0.,172.910846797439,0.));
#6192=CARTESIAN_POINT('',(1.99999999999989,172.910846797439,-54.39726631132));
#6193=CARTESIAN_POINT('',(-1.99999999999989,172.910846797439,-52.6460408995827));
#6194=CARTESIAN_POINT('Origin',(1.99999999999989,172.412,-55.2137890386088));
#6195=CARTESIAN_POINT('',(1.99999999999989,172.911,-27.6068945193043));
#6196=CARTESIAN_POINT('Origin',(-1.99999999999989,172.412,-51.7113382151342));
#6197=CARTESIAN_POINT('',(-1.99999999999989,172.911,-25.8556691075671));
#6198=CARTESIAN_POINT('Origin',(0.,173.411,0.));
#6199=CARTESIAN_POINT('',(-55.25,172.911,-5.77674452776118E-15));
#6200=CARTESIAN_POINT('Origin',(-55.25,173.411,-5.69347780091429E-15));
#6201=CARTESIAN_POINT('Origin',(0.,172.911,0.));
#6202=CARTESIAN_POINT('Origin',(0.,172.911,0.));
#6203=CARTESIAN_POINT('Origin',(-51.7500000000001,172.911,0.));
#6204=CARTESIAN_POINT('Origin',(-13.4817346309478,182.412,27.0056403750552));
#6205=CARTESIAN_POINT('',(-14.086489889969,182.412,28.0996107022058));
#6206=CARTESIAN_POINT('',(-14.086489889969,182.412,28.0996107022058));
#6207=CARTESIAN_POINT('',(-12.9227176365725,182.412,28.1236743638051));
#6208=CARTESIAN_POINT('Origin',(-13.4817346309478,182.412,27.0056403750552));
#6209=CARTESIAN_POINT('Origin',(-13.4817346309478,182.412,27.0056403750552));
#6210=CARTESIAN_POINT('Origin',(1.99999999999989,182.412,-0.999999999999943));
#6211=CARTESIAN_POINT('Origin',(1.99999999999989,182.412,-0.999999999999943));
#6212=CARTESIAN_POINT('Origin',(-12.1228746337914,182.412,32.6570113360978));
#6213=CARTESIAN_POINT('',(-12.6065347239899,182.412,33.8096487106216));
#6214=CARTESIAN_POINT('',(-12.6065347239899,182.412,33.8096487106216));
#6215=CARTESIAN_POINT('',(-11.5638576394167,182.412,33.7750453248476));
#6216=CARTESIAN_POINT('Origin',(-12.1228746337914,182.412,32.6570113360978));
#6217=CARTESIAN_POINT('Origin',(-12.1228746337914,182.412,32.6570113360978));
#6218=CARTESIAN_POINT('Origin',(1.99999999999989,182.412,-0.999999999999943));
#6219=CARTESIAN_POINT('',(-14.8823132301231,182.412,-34.7646264602469));
#6220=CARTESIAN_POINT('Origin',(1.99999999999989,182.412,-0.999999999999943));
#6221=CARTESIAN_POINT('Origin',(1.99999999999989,182.412,-0.999999999999943));
#6222=CARTESIAN_POINT('Origin',(-10.8543109368952,182.412,37.9328484744903));
#6223=CARTESIAN_POINT('',(-11.2462106605813,182.412,39.1198255621272));
#6224=CARTESIAN_POINT('',(-11.2462106605813,182.412,39.1198255621272));
#6225=CARTESIAN_POINT('',(-10.2952939425202,182.412,39.0508824632401));
#6226=CARTESIAN_POINT('Origin',(-10.8543109368952,182.412,37.9328484744903));
#6227=CARTESIAN_POINT('Origin',(-10.8543109368952,182.412,37.9328484744903));
#6228=CARTESIAN_POINT('Origin',(1.99999999999989,182.412,-0.999999999999943));
#6229=CARTESIAN_POINT('',(-16.8947744098733,182.412,-38.7895488197465));
#6230=CARTESIAN_POINT('Origin',(1.99999999999989,182.412,-0.999999999999943));
#6231=CARTESIAN_POINT('Origin',(1.99999999999989,182.412,-0.999999999999943));
#6232=CARTESIAN_POINT('Origin',(15.0223486922715,182.412,20.598371350607));
#6233=CARTESIAN_POINT('',(14.2486055698953,182.412,19.6166271983067));
#6234=CARTESIAN_POINT('',(14.2486055698953,182.412,19.6166271983067));
#6235=CARTESIAN_POINT('',(14.4633316978965,182.412,21.7164053393569));
#6236=CARTESIAN_POINT('Origin',(15.0223486922715,182.412,20.598371350607));
#6237=CARTESIAN_POINT('Origin',(15.0223486922715,182.412,20.598371350607));
#6238=CARTESIAN_POINT('Origin',(-2.00000000000017,182.412,-0.999999999999943));
#6239=CARTESIAN_POINT('Origin',(-1.99999999999989,182.412,-0.999999999999943));
#6240=CARTESIAN_POINT('Origin',(-15.0223486922715,182.412,-22.5983713506069));
#6241=CARTESIAN_POINT('',(-14.2486055698959,182.412,-21.6166271983066));
#6242=CARTESIAN_POINT('',(-14.2486055698959,182.412,-21.6166271983066));
#6243=CARTESIAN_POINT('',(-15.5813656866465,182.412,-23.7164053393569));
#6244=CARTESIAN_POINT('Origin',(-15.0223486922715,182.412,-22.5983713506069));
#6245=CARTESIAN_POINT('Origin',(-15.0223486922715,182.412,-22.5983713506069));
#6246=CARTESIAN_POINT('Origin',(1.99999999999989,182.412,-0.999999999999943));
#6247=CARTESIAN_POINT('Origin',(1.99999999999989,182.412,-0.999999999999943));
#6248=CARTESIAN_POINT('Origin',(13.4817346309475,182.412,-29.005640375055));
#6249=CARTESIAN_POINT('',(14.086489889969,182.412,-30.0996107022057));
#6250=CARTESIAN_POINT('',(14.086489889969,182.412,-30.0996107022057));
#6251=CARTESIAN_POINT('',(14.0407516253225,182.412,-30.123674363805));
#6252=CARTESIAN_POINT('Origin',(13.4817346309475,182.412,-29.005640375055));
#6253=CARTESIAN_POINT('Origin',(13.4817346309475,182.412,-29.005640375055));
#6254=CARTESIAN_POINT('Origin',(-2.00000000000017,182.412,-0.999999999999943));
#6255=CARTESIAN_POINT('Origin',(-2.00000000000017,182.412,-0.999999999999943));
#6256=CARTESIAN_POINT('Origin',(12.1228746337914,182.412,-34.6570113360977));
#6257=CARTESIAN_POINT('',(12.6065347239899,182.412,-35.8096487106215));
#6258=CARTESIAN_POINT('',(12.6065347239899,182.412,-35.8096487106215));
#6259=CARTESIAN_POINT('',(11.5638576394164,182.412,-33.5389773473477));
#6260=CARTESIAN_POINT('Origin',(12.1228746337914,182.412,-34.6570113360977));
#6261=CARTESIAN_POINT('Origin',(12.1228746337914,182.412,-34.6570113360977));
#6262=CARTESIAN_POINT('Origin',(-2.00000000000017,182.412,-0.999999999999943));
#6263=CARTESIAN_POINT('',(14.8823132301231,182.412,-34.7646264602469));
#6264=CARTESIAN_POINT('Origin',(-2.00000000000017,182.412,-0.999999999999943));
#6265=CARTESIAN_POINT('Origin',(-2.00000000000017,182.412,-0.999999999999943));
#6266=CARTESIAN_POINT('Origin',(10.8543109368952,182.412,-39.9328484744902));
#6267=CARTESIAN_POINT('',(11.246210660581,182.412,-41.1198255621271));
#6268=CARTESIAN_POINT('',(11.246210660581,182.412,-41.1198255621271));
#6269=CARTESIAN_POINT('',(10.2952939425199,182.412,-38.8148144857404));
#6270=CARTESIAN_POINT('Origin',(10.8543109368952,182.412,-39.9328484744902));
#6271=CARTESIAN_POINT('Origin',(10.8543109368952,182.412,-39.9328484744902));
#6272=CARTESIAN_POINT('Origin',(-2.00000000000017,182.412,-0.999999999999943));
#6273=CARTESIAN_POINT('',(16.894774409873,182.412,-38.7895488197465));
#6274=CARTESIAN_POINT('Origin',(-2.00000000000017,182.412,-0.999999999999943));
#6275=CARTESIAN_POINT('Origin',(-2.00000000000017,182.412,-0.999999999999943));
#6276=CARTESIAN_POINT('Ctrl Pts',(10.7436481927234,186.129337865168,42.7961842281442));
#6277=CARTESIAN_POINT('Ctrl Pts',(16.1238884656598,186.092132192415,41.3781155879296));
#6278=CARTESIAN_POINT('Ctrl Pts',(26.3377356771044,186.034231575715,36.498292264836));
#6279=CARTESIAN_POINT('Ctrl Pts',(37.9198321192982,185.997583320729,24.0942198857795));
#6280=CARTESIAN_POINT('Ctrl Pts',(44.171957252242,186.008450075776,8.32263427346542));
#6281=CARTESIAN_POINT('Ctrl Pts',(44.2453874461899,186.067830647399,-8.65117206693115));
#6282=CARTESIAN_POINT('Ctrl Pts',(38.0882521084223,186.178172293716,-24.4870301815738));
#6283=CARTESIAN_POINT('Ctrl Pts',(26.5240006261026,186.333887135624,-36.9568167374666));
#6284=CARTESIAN_POINT('Ctrl Pts',(16.2825441948103,186.449621586314,-41.8304703215415));
#6285=CARTESIAN_POINT('Ctrl Pts',(10.8934812878736,186.503920603043,-43.2343325345019));
#6286=CARTESIAN_POINT('Ctrl Pts',(10.7562963450794,186.299016001106,42.8445586796681));
#6287=CARTESIAN_POINT('Ctrl Pts',(16.1445689942081,186.26340479419,41.4322932596845));
#6288=CARTESIAN_POINT('Ctrl Pts',(26.3787818988576,186.207073355798,36.5575534844674));
#6289=CARTESIAN_POINT('Ctrl Pts',(37.988004299327,186.170734105501,24.1378452390595));
#6290=CARTESIAN_POINT('Ctrl Pts',(44.2489351088436,186.181568048699,8.33637978324177));
#6291=CARTESIAN_POINT('Ctrl Pts',(44.3082594907697,186.239996012631,-8.66542069396316));
#6292=CARTESIAN_POINT('Ctrl Pts',(38.1207848499,186.346137532595,-24.5116082526831));
#6293=CARTESIAN_POINT('Ctrl Pts',(26.5278958873341,186.491264880259,-36.9683236099689));
#6294=CARTESIAN_POINT('Ctrl Pts',(16.2795292957651,186.595737371728,-41.825308441724));
#6295=CARTESIAN_POINT('Ctrl Pts',(10.8902066093663,186.644157295971,-43.2218081141561));
#6296=CARTESIAN_POINT('Ctrl Pts',(10.7581626816159,186.664594051287,42.8516967187879));
#6297=CARTESIAN_POINT('Ctrl Pts',(16.1504444374352,186.636900488703,41.4511173379526));
#6298=CARTESIAN_POINT('Ctrl Pts',(26.4010333317476,186.591874517163,36.5932128307225));
#6299=CARTESIAN_POINT('Ctrl Pts',(38.0358688654805,186.562160697316,24.1689470823136));
#6300=CARTESIAN_POINT('Ctrl Pts',(44.3007352709402,186.571055663155,8.34451809720369));
#6301=CARTESIAN_POINT('Ctrl Pts',(44.335973908258,186.618459872939,-8.67474583946338));
#6302=CARTESIAN_POINT('Ctrl Pts',(38.1094963248989,186.701754969899,-24.5110645420983));
#6303=CARTESIAN_POINT('Ctrl Pts',(26.4915943350548,186.81033605612,-36.9278303097095));
#6304=CARTESIAN_POINT('Ctrl Pts',(16.2496610113154,186.884858027208,-41.7538920048562));
#6305=CARTESIAN_POINT('Ctrl Pts',(10.8684123152199,186.918688103973,-43.1384530915403));
#6306=CARTESIAN_POINT('Ctrl Pts',(10.6791681131863,187.225718502668,42.5495720436901));
#6307=CARTESIAN_POINT('Ctrl Pts',(16.0349668552593,187.217521806474,41.1641747328889));
#6308=CARTESIAN_POINT('Ctrl Pts',(26.220786572175,187.203920176877,36.3495440243631));
#6309=CARTESIAN_POINT('Ctrl Pts',(37.7868168795613,187.194638201642,24.0116531153796));
#6310=CARTESIAN_POINT('Ctrl Pts',(44.0090598167255,187.197449471366,8.28738975958524));
#6311=CARTESIAN_POINT('Ctrl Pts',(44.0308685049505,187.212039929243,-8.61979034398425));
#6312=CARTESIAN_POINT('Ctrl Pts',(37.830467763362,187.236816754368,-24.3384193262223));
#6313=CARTESIAN_POINT('Ctrl Pts',(26.2882977152046,187.267511471171,-36.6525824341894));
#6314=CARTESIAN_POINT('Ctrl Pts',(16.1241337419893,187.287375778329,-41.4399309431442));
#6315=CARTESIAN_POINT('Ctrl Pts',(10.7838248328941,187.296215904221,-42.8149376129054));
#6316=CARTESIAN_POINT('Ctrl Pts',(10.5681239779886,187.412,42.1248697643424));
#6317=CARTESIAN_POINT('Ctrl Pts',(15.8685055064769,187.412182452816,40.7448091780651));
#6318=CARTESIAN_POINT('Ctrl Pts',(25.9431190002006,187.411935170795,35.9665761743092));
#6319=CARTESIAN_POINT('Ctrl Pts',(37.3795689783122,187.412194327101,23.7532248425711));
#6320=CARTESIAN_POINT('Ctrl Pts',(43.5379544194511,187.412021866878,8.19790305825037));
#6321=CARTESIAN_POINT('Ctrl Pts',(43.5746470467678,187.412068340572,-8.53173807131349));
#6322=CARTESIAN_POINT('Ctrl Pts',(37.4622098154043,187.412078548994,-24.102150061997));
#6323=CARTESIAN_POINT('Ctrl Pts',(26.0556595476024,187.411836310316,-36.3268990835819));
#6324=CARTESIAN_POINT('Ctrl Pts',(15.9894382073701,187.412130060476,-41.0991254459778));
#6325=CARTESIAN_POINT('Ctrl Pts',(10.6950300048632,187.412,-42.4753306107718));
#6326=CARTESIAN_POINT('Ctrl Pts',(10.5010041688735,187.412,41.868161601684));
#6327=CARTESIAN_POINT('Ctrl Pts',(15.7677232901442,187.412,40.4911069010384));
#6328=CARTESIAN_POINT('Ctrl Pts',(25.7751427248701,187.412,35.7346360478808));
#6329=CARTESIAN_POINT('Ctrl Pts',(37.1326398815012,187.412,23.596520965018));
#6330=CARTESIAN_POINT('Ctrl Pts',(43.2525344907109,187.412,8.14373017541094));
#6331=CARTESIAN_POINT('Ctrl Pts',(43.2985321898807,187.412,-8.47830831731644));
#6332=CARTESIAN_POINT('Ctrl Pts',(37.2398444956658,187.412,-23.9593534874777));
#6333=CARTESIAN_POINT('Ctrl Pts',(25.9155941358032,187.412,-36.1305680787458));
#6334=CARTESIAN_POINT('Ctrl Pts',(15.9083115115163,187.412,-40.8938970233832));
#6335=CARTESIAN_POINT('Ctrl Pts',(10.6415923902455,187.412,-42.2709517240288));
#6336=CARTESIAN_POINT('Origin',(10.6415923902455,186.412,-42.2709517240288));
#6337=CARTESIAN_POINT('Origin',(10.5010041688735,186.412,41.8681616016841));
#6338=CARTESIAN_POINT('Ctrl Pts',(10.8934812878735,186.503920603043,-43.2343325345019));
#6339=CARTESIAN_POINT('Ctrl Pts',(10.5031483296122,186.381907163665,-43.348032212034));
#6340=CARTESIAN_POINT('Ctrl Pts',(9.97442883948371,186.179856069708,-43.7393286533684));
#6341=CARTESIAN_POINT('Ctrl Pts',(9.72241799989824,186.029387240948,-44.5258876555941));
#6342=CARTESIAN_POINT('Ctrl Pts',(9.84422938498731,185.990872828425,-45.1315493913152));
#6343=CARTESIAN_POINT('Ctrl Pts',(10.2596548852376,186.030317660526,-45.5892161006151));
#6344=CARTESIAN_POINT('Ctrl Pts',(10.8456102191214,186.144489495898,-45.7880305439487));
#6345=CARTESIAN_POINT('Ctrl Pts',(11.2571779356713,186.259072677267,-45.7466425614015));
#6346=CARTESIAN_POINT('Ctrl Pts',(11.4523444148014,186.320079396956,-45.6897927226356));
#6347=CARTESIAN_POINT('Ctrl Pts',(10.8902066093662,186.644157295971,-43.2218081141561));
#6348=CARTESIAN_POINT('Ctrl Pts',(10.5004573925344,186.535354561646,-43.3520519014444));
#6349=CARTESIAN_POINT('Ctrl Pts',(10.0041279816197,186.34882970968,-43.7727996556254));
#6350=CARTESIAN_POINT('Ctrl Pts',(9.79788968822688,186.202123684052,-44.529403500371));
#6351=CARTESIAN_POINT('Ctrl Pts',(9.91976765631638,186.163904946691,-45.0935209914394));
#6352=CARTESIAN_POINT('Ctrl Pts',(10.3011581786326,186.203168155633,-45.5270920940776));
#6353=CARTESIAN_POINT('Ctrl Pts',(10.8494055959613,186.314237395591,-45.7399379429386));
#6354=CARTESIAN_POINT('Ctrl Pts',(11.2529249454081,186.421682823733,-45.7221385815438));
#6355=CARTESIAN_POINT('Ctrl Pts',(11.4486620449395,186.477775296089,-45.6757090353615));
#6356=CARTESIAN_POINT('Ctrl Pts',(10.8684123457954,186.918688281979,-43.1384532084805));
#6357=CARTESIAN_POINT('Ctrl Pts',(10.4605203450652,186.842669888475,-43.2955237782075));
#6358=CARTESIAN_POINT('Ctrl Pts',(9.98588385083765,186.705244734239,-43.7808155327045));
#6359=CARTESIAN_POINT('Ctrl Pts',(9.84379135832432,186.588116949341,-44.5348646459462));
#6360=CARTESIAN_POINT('Ctrl Pts',(9.9747357641245,186.556782237945,-45.0658643330537));
#6361=CARTESIAN_POINT('Ctrl Pts',(10.3233208052141,186.589071295858,-45.4881165360896));
#6362=CARTESIAN_POINT('Ctrl Pts',(10.842395518162,186.677463186944,-45.737779143735));
#6363=CARTESIAN_POINT('Ctrl Pts',(11.2546375954153,186.758508219308,-45.7552042330556));
#6364=CARTESIAN_POINT('Ctrl Pts',(11.4606705001462,186.799596400743,-45.7216368845781));
#6365=CARTESIAN_POINT('Ctrl Pts',(10.7838248673113,187.296216175414,-42.8149377445386));
#6366=CARTESIAN_POINT('Ctrl Pts',(10.2839384895147,187.276351834776,-42.9934777135336));
#6367=CARTESIAN_POINT('Ctrl Pts',(9.6965596388096,187.238184198472,-43.5889673123896));
#6368=CARTESIAN_POINT('Ctrl Pts',(9.53824949553884,187.202545384669,-44.5352670636805));
#6369=CARTESIAN_POINT('Ctrl Pts',(9.70947656868265,187.192747884757,-45.1998564794681));
#6370=CARTESIAN_POINT('Ctrl Pts',(10.141496772718,187.202891464223,-45.7348573368956));
#6371=CARTESIAN_POINT('Ctrl Pts',(10.783478297263,187.229712296983,-46.0592849574857));
#6372=CARTESIAN_POINT('Ctrl Pts',(11.2923254593394,187.252885027299,-46.084267363943));
#6373=CARTESIAN_POINT('Ctrl Pts',(11.54446942781,187.264249454251,-46.0421364366019));
#6374=CARTESIAN_POINT('Ctrl Pts',(10.6950300048632,187.412,-42.4753306107718));
#6375=CARTESIAN_POINT('Ctrl Pts',(10.0920017394581,187.412292254389,-42.6511774830986));
#6376=CARTESIAN_POINT('Ctrl Pts',(9.32430696337128,187.412678989957,-43.3154854679717));
#6377=CARTESIAN_POINT('Ctrl Pts',(9.05713271388386,187.413476136708,-44.5280814853374));
#6378=CARTESIAN_POINT('Ctrl Pts',(9.27069589155659,187.413618628519,-45.421378508678));
#6379=CARTESIAN_POINT('Ctrl Pts',(9.86232106962443,187.413346511154,-46.1260859959847));
#6380=CARTESIAN_POINT('Ctrl Pts',(10.7119836725723,187.412675447826,-46.5032120677674));
#6381=CARTESIAN_POINT('Ctrl Pts',(11.3417882094007,187.412207415301,-46.493289894866));
#6382=CARTESIAN_POINT('Ctrl Pts',(11.6441428146525,187.412,-46.4233498568958));
#6383=CARTESIAN_POINT('Ctrl Pts',(10.6415923902455,187.412,-42.2709517240288));
#6384=CARTESIAN_POINT('Ctrl Pts',(9.97634494964431,187.412,-42.4448896337746));
#6385=CARTESIAN_POINT('Ctrl Pts',(9.09922227346754,187.412,-43.1496351727965));
#6386=CARTESIAN_POINT('Ctrl Pts',(8.76469061533257,187.412,-44.5234966817219));
#6387=CARTESIAN_POINT('Ctrl Pts',(9.00365055877642,187.412,-45.5560275967688));
#6388=CARTESIAN_POINT('Ctrl Pts',(9.6926926959212,187.412,-46.3637034193528));
#6389=CARTESIAN_POINT('Ctrl Pts',(10.668760986873,187.412,-46.7718845999605));
#6390=CARTESIAN_POINT('Ctrl Pts',(11.37160959213,187.412,-46.7401424879814));
#6391=CARTESIAN_POINT('Ctrl Pts',(11.7042333124295,187.412,-46.6531735331088));
#6392=CARTESIAN_POINT('',(11.4523444148017,186.320079396957,-45.6897927226356));
#6393=CARTESIAN_POINT('Origin',(11.7042333124294,186.412,-46.6531735331087));
#6394=CARTESIAN_POINT('Ctrl Pts',(10.8934812878735,186.503920603043,-43.2343325345019));
#6395=CARTESIAN_POINT('Ctrl Pts',(10.5031483296122,186.381907163665,-43.348032212034));
#6396=CARTESIAN_POINT('Ctrl Pts',(9.97442883948371,186.179856069708,-43.7393286533684));
#6397=CARTESIAN_POINT('Ctrl Pts',(9.72241799989824,186.029387240948,-44.5258876555941));
#6398=CARTESIAN_POINT('Ctrl Pts',(9.84422938498731,185.990872828425,-45.1315493913152));
#6399=CARTESIAN_POINT('Ctrl Pts',(10.2596548852376,186.030317660526,-45.5892161006151));
#6400=CARTESIAN_POINT('Ctrl Pts',(10.8456102191214,186.144489495898,-45.7880305439487));
#6401=CARTESIAN_POINT('Ctrl Pts',(11.2571779356713,186.259072677267,-45.7466425614015));
#6402=CARTESIAN_POINT('Ctrl Pts',(11.4523444148014,186.320079396956,-45.6897927226356));
#6403=CARTESIAN_POINT('Ctrl Pts',(11.4523444148014,186.320079396956,-45.6897927226357));
#6404=CARTESIAN_POINT('Ctrl Pts',(17.1506972620663,186.374017531237,-44.1947350806672));
#6405=CARTESIAN_POINT('Ctrl Pts',(27.9818197193588,186.488834430413,-39.0576600066494));
#6406=CARTESIAN_POINT('Ctrl Pts',(40.304794534876,186.643907668488,-25.9545971985945));
#6407=CARTESIAN_POINT('Ctrl Pts',(46.9913203194181,186.754993553234,-9.23979978724639));
#6408=CARTESIAN_POINT('Ctrl Pts',(47.055611571172,186.815245308689,8.77747867631263));
#6409=CARTESIAN_POINT('Ctrl Pts',(40.4749325242826,186.826577707838,25.5560020982237));
#6410=CARTESIAN_POINT('Ctrl Pts',(28.1626442028615,186.789857446321,38.7164110712927));
#6411=CARTESIAN_POINT('Ctrl Pts',(17.3086711707442,186.731824774532,43.8472205447348));
#6412=CARTESIAN_POINT('Ctrl Pts',(11.6021775099515,186.694662134832,45.3279410289934));
#6413=CARTESIAN_POINT('Ctrl Pts',(11.4449796750776,186.635471195222,-45.6616253480875));
#6414=CARTESIAN_POINT('Ctrl Pts',(17.1440301377452,186.680701771225,-44.1856380640068));
#6415=CARTESIAN_POINT('Ctrl Pts',(27.9913781647376,186.773919721037,-39.0805198126055));
#6416=CARTESIAN_POINT('Ctrl Pts',(40.3550619170944,186.892258428316,-25.990934912733));
#6417=CARTESIAN_POINT('Ctrl Pts',(47.0718255057607,186.97359128041,-9.25708533500377));
#6418=CARTESIAN_POINT('Ctrl Pts',(47.1451828797995,187.016721225852,8.79368420791424));
#6419=CARTESIAN_POINT('Ctrl Pts',(40.5530690440082,187.024684865379,25.6055463058981));
#6420=CARTESIAN_POINT('Ctrl Pts',(28.2134513048536,186.998677328879,38.7876587273455));
#6421=CARTESIAN_POINT('Ctrl Pts',(17.3361984150955,186.956638609244,43.9189156950495));
#6422=CARTESIAN_POINT('Ctrl Pts',(11.6196680033901,186.929301490824,45.3948356238052));
#6423=CARTESIAN_POINT('Ctrl Pts',(11.503726073662,187.205789098676,-45.88630834767));
#6424=CARTESIAN_POINT('Ctrl Pts',(17.2344959051843,187.219909996947,-44.4145153366771));
#6425=CARTESIAN_POINT('Ctrl Pts',(28.1498637426276,187.247900768675,-39.3027094624811));
#6426=CARTESIAN_POINT('Ctrl Pts',(40.5954920514388,187.28138303307,-26.144113511554));
#6427=CARTESIAN_POINT('Ctrl Pts',(47.3520786435,187.303419657329,-9.31067784501318));
#6428=CARTESIAN_POINT('Ctrl Pts',(47.4226540904417,187.314805275191,8.84625272196803));
#6429=CARTESIAN_POINT('Ctrl Pts',(40.7913289081267,187.316918052743,25.7555933766115));
#6430=CARTESIAN_POINT('Ctrl Pts',(28.3813942837391,187.310043248689,39.0166857583222));
#6431=CARTESIAN_POINT('Ctrl Pts',(17.440533444361,187.298860372318,44.179521092013));
#6432=CARTESIAN_POINT('Ctrl Pts',(11.6900438152176,187.291369020928,45.6639967788799));
#6433=CARTESIAN_POINT('Ctrl Pts',(11.6441428146525,187.412,-46.4233498568958));
#6434=CARTESIAN_POINT('Ctrl Pts',(17.4373425344551,187.411823663519,-44.9165573392149));
#6435=CARTESIAN_POINT('Ctrl Pts',(28.4565351018413,187.412063296364,-39.710781621586));
#6436=CARTESIAN_POINT('Ctrl Pts',(40.9841918864288,187.411962061695,-26.3839858207754));
#6437=CARTESIAN_POINT('Ctrl Pts',(47.7621812969319,187.411977215838,-9.38570349729471));
#6438=CARTESIAN_POINT('Ctrl Pts',(47.8101115264842,187.41199853665,8.92083628874631));
#6439=CARTESIAN_POINT('Ctrl Pts',(41.1217354572577,187.411970650982,25.9632682235944));
#6440=CARTESIAN_POINT('Ctrl Pts',(28.6222893839894,187.412013834317,39.3411004424085));
#6441=CARTESIAN_POINT('Ctrl Pts',(17.5974963096464,187.411955821336,44.5679147945443));
#6442=CARTESIAN_POINT('Ctrl Pts',(11.7984132305219,187.412,46.078469255156));
#6443=CARTESIAN_POINT('Ctrl Pts',(11.7042333124295,187.412,-46.6531735331088));
#6444=CARTESIAN_POINT('Ctrl Pts',(17.5241168233615,187.412,-45.131486547074));
#6445=CARTESIAN_POINT('Ctrl Pts',(28.5877950767406,187.412,-39.8854385693481));
#6446=CARTESIAN_POINT('Ctrl Pts',(41.1506273146528,187.412,-26.4867244157057));
#6447=CARTESIAN_POINT('Ctrl Pts',(47.937826933029,187.412,-9.41784524829881));
#6448=CARTESIAN_POINT('Ctrl Pts',(47.9760759411494,187.412,8.95277647980505));
#6449=CARTESIAN_POINT('Ctrl Pts',(41.2632627531468,187.412,26.0522301796855));
#6450=CARTESIAN_POINT('Ctrl Pts',(28.7254700074854,187.412,39.4800466936504));
#6451=CARTESIAN_POINT('Ctrl Pts',(17.6647050447335,187.412,44.7342766694188));
#6452=CARTESIAN_POINT('Ctrl Pts',(11.8448215338015,187.412,46.2559636554536));
#6453=CARTESIAN_POINT('',(11.6021775099517,186.694662134832,45.3279410289935));
#6454=CARTESIAN_POINT('Origin',(11.8448215338015,186.412,46.2559636554536));
#6455=CARTESIAN_POINT('Ctrl Pts',(11.4523444148014,186.320079396956,-45.6897927226357));
#6456=CARTESIAN_POINT('Ctrl Pts',(17.1506972620663,186.374017531237,-44.1947350806672));
#6457=CARTESIAN_POINT('Ctrl Pts',(27.9818197193588,186.488834430413,-39.0576600066494));
#6458=CARTESIAN_POINT('Ctrl Pts',(40.304794534876,186.643907668488,-25.9545971985945));
#6459=CARTESIAN_POINT('Ctrl Pts',(46.9913203194181,186.754993553234,-9.23979978724639));
#6460=CARTESIAN_POINT('Ctrl Pts',(47.055611571172,186.815245308689,8.77747867631263));
#6461=CARTESIAN_POINT('Ctrl Pts',(40.4749325242826,186.826577707838,25.5560020982237));
#6462=CARTESIAN_POINT('Ctrl Pts',(28.1626442028615,186.789857446321,38.7164110712927));
#6463=CARTESIAN_POINT('Ctrl Pts',(17.3086711707442,186.731824774532,43.8472205447348));
#6464=CARTESIAN_POINT('Ctrl Pts',(11.6021775099515,186.694662134832,45.3279410289934));
#6465=CARTESIAN_POINT('Ctrl Pts',(11.6021775099515,186.694662134832,45.3279410289934));
#6466=CARTESIAN_POINT('Ctrl Pts',(11.206689298856,186.606250508083,45.4044178623603));
#6467=CARTESIAN_POINT('Ctrl Pts',(10.5691009546946,186.407946098697,45.2546992121086));
#6468=CARTESIAN_POINT('Ctrl Pts',(9.97381034351771,186.169212740187,44.6834239897611));
#6469=CARTESIAN_POINT('Ctrl Pts',(9.73615918702927,186.044194350608,44.1108570744289));
#6470=CARTESIAN_POINT('Ctrl Pts',(9.78930509242358,186.000788245512,43.6001169702555));
#6471=CARTESIAN_POINT('Ctrl Pts',(10.0807714364593,186.006668635415,43.072043309414));
#6472=CARTESIAN_POINT('Ctrl Pts',(10.4470320344009,186.063029145106,42.8535418531695));
#6473=CARTESIAN_POINT('Ctrl Pts',(10.7436481927233,186.129337865168,42.7961842281442));
#6474=CARTESIAN_POINT('Ctrl Pts',(11.6109227566708,186.811981812828,45.3613883263993));
#6475=CARTESIAN_POINT('Ctrl Pts',(11.2033812919582,186.735184172136,45.4323819454667));
#6476=CARTESIAN_POINT('Ctrl Pts',(10.5592738292181,186.560316422243,45.2500127747113));
#6477=CARTESIAN_POINT('Ctrl Pts',(10.0082544896347,186.337879744686,44.6560767697294));
#6478=CARTESIAN_POINT('Ctrl Pts',(9.80656750977522,186.216995309926,44.1002347849512));
#6479=CARTESIAN_POINT('Ctrl Pts',(9.8662840534953,186.17390381571,43.6228230409163));
#6480=CARTESIAN_POINT('Ctrl Pts',(10.1377620287476,186.179739452758,43.1283132783103));
#6481=CARTESIAN_POINT('Ctrl Pts',(10.4739956538607,186.23554897106,42.912258923904));
#6482=CARTESIAN_POINT('Ctrl Pts',(10.7562963450793,186.299016001106,42.8445586796681));
#6483=CARTESIAN_POINT('Ctrl Pts',(11.6394404870908,187.033569429252,45.4704579777557));
#6484=CARTESIAN_POINT('Ctrl Pts',(11.1971037078635,186.982099697923,45.5411065582645));
#6485=CARTESIAN_POINT('Ctrl Pts',(10.5110730712079,186.86201359786,45.3105476658809));
#6486=CARTESIAN_POINT('Ctrl Pts',(9.99821044348499,186.695820672078,44.6518508880587));
#6487=CARTESIAN_POINT('Ctrl Pts',(9.84440566255809,186.60035363084,44.0901879731631));
#6488=CARTESIAN_POINT('Ctrl Pts',(9.92000035008821,186.565009777847,43.6376191187605));
#6489=CARTESIAN_POINT('Ctrl Pts',(10.1757479485587,186.569767043443,43.1667181600897));
#6490=CARTESIAN_POINT('Ctrl Pts',(10.4830071902654,186.615238397643,42.9402243963985));
#6491=CARTESIAN_POINT('Ctrl Pts',(10.7581627685595,186.664594438082,42.8516970513151));
#6492=CARTESIAN_POINT('Ctrl Pts',(11.7211994736393,187.325432234639,45.7831555180851));
#6493=CARTESIAN_POINT('Ctrl Pts',(11.1879231155595,187.312670817147,45.8864701037807));
#6494=CARTESIAN_POINT('Ctrl Pts',(10.3443635097458,187.282109669598,45.6339786294996));
#6495=CARTESIAN_POINT('Ctrl Pts',(9.71407581610548,187.235143893967,44.8192939113079));
#6496=CARTESIAN_POINT('Ctrl Pts',(9.53622205989052,187.206464230788,44.1158385730971));
#6497=CARTESIAN_POINT('Ctrl Pts',(9.63885876925984,187.195425253236,43.5488115078946));
#6498=CARTESIAN_POINT('Ctrl Pts',(9.95949981803929,187.196923638363,42.9562019109135));
#6499=CARTESIAN_POINT('Ctrl Pts',(10.3389918544902,187.21111082297,42.6651575776568));
#6500=CARTESIAN_POINT('Ctrl Pts',(10.679168215008,187.225719144582,42.5495724331201));
#6501=CARTESIAN_POINT('Ctrl Pts',(11.7984132305219,187.412,46.078469255156));
#6502=CARTESIAN_POINT('Ctrl Pts',(11.1827080103915,187.412144141293,46.2258084378155));
#6503=CARTESIAN_POINT('Ctrl Pts',(10.1767291818255,187.411884248149,45.9998047159519));
#6504=CARTESIAN_POINT('Ctrl Pts',(9.33770852155765,187.41260918481,45.0543404539013));
#6505=CARTESIAN_POINT('Ctrl Pts',(9.06244498450773,187.412989893249,44.1644964411913));
#6506=CARTESIAN_POINT('Ctrl Pts',(9.18000751356155,187.413092717788,43.4066379941204));
#6507=CARTESIAN_POINT('Ctrl Pts',(9.61120326372279,187.412963442613,42.6149016547892));
#6508=CARTESIAN_POINT('Ctrl Pts',(10.1291819123954,187.412325171185,42.2499661297849));
#6509=CARTESIAN_POINT('Ctrl Pts',(10.5681239779886,187.412,42.1248697643423));
#6510=CARTESIAN_POINT('Ctrl Pts',(11.8448215338014,187.412,46.2559636554536));
#6511=CARTESIAN_POINT('Ctrl Pts',(11.1795736611629,187.412,46.4299016781614));
#6512=CARTESIAN_POINT('Ctrl Pts',(10.0759940850643,187.412,46.2206434448543));
#6513=CARTESIAN_POINT('Ctrl Pts',(9.10999854505848,187.412,45.1971112876131));
#6514=CARTESIAN_POINT('Ctrl Pts',(8.77476995707877,187.412,44.1946072873715));
#6515=CARTESIAN_POINT('Ctrl Pts',(8.90098354556181,187.412,43.320701291541));
#6516=CARTESIAN_POINT('Ctrl Pts',(9.39955092793761,187.412,42.4078275035345));
#6517=CARTESIAN_POINT('Ctrl Pts',(10.0020682643932,187.412,41.9986151187151));
#6518=CARTESIAN_POINT('Ctrl Pts',(10.5010041688734,187.412,41.868161601684));
#6519=CARTESIAN_POINT('Ctrl Pts',(11.6021775099515,186.694662134832,45.3279410289934));
#6520=CARTESIAN_POINT('Ctrl Pts',(11.206689298856,186.606250508083,45.4044178623603));
#6521=CARTESIAN_POINT('Ctrl Pts',(10.5691009546946,186.407946098697,45.2546992121086));
#6522=CARTESIAN_POINT('Ctrl Pts',(9.97381034351771,186.169212740187,44.6834239897611));
#6523=CARTESIAN_POINT('Ctrl Pts',(9.73615918702927,186.044194350608,44.1108570744289));
#6524=CARTESIAN_POINT('Ctrl Pts',(9.78930509242358,186.000788245512,43.6001169702555));
#6525=CARTESIAN_POINT('Ctrl Pts',(10.0807714364593,186.006668635415,43.072043309414));
#6526=CARTESIAN_POINT('Ctrl Pts',(10.4470320344009,186.063029145106,42.8535418531695));
#6527=CARTESIAN_POINT('Ctrl Pts',(10.7436481927233,186.129337865168,42.7961842281442));
#6528=CARTESIAN_POINT('Ctrl Pts',(11.6028070791157,186.696236057742,-45.6145613904785));
#6529=CARTESIAN_POINT('Ctrl Pts',(10.5757872224306,187.152051349675,-45.8395981367736));
#6530=CARTESIAN_POINT('Ctrl Pts',(10.2211243268095,187.055893622326,-44.649483708785));
#6531=CARTESIAN_POINT('Ctrl Pts',(9.86646143118834,186.959735894976,-43.4593692807965));
#6532=CARTESIAN_POINT('Ctrl Pts',(10.8934812878736,186.503920603043,-43.2343325345019));
#6533=CARTESIAN_POINT('Ctrl Pts',(9.73540435599405,182.027729249938,-46.5482627520393));
#6534=CARTESIAN_POINT('Ctrl Pts',(8.70838449930895,182.483544541871,-46.7732994983344));
#6535=CARTESIAN_POINT('Ctrl Pts',(8.35372160368782,182.387386814522,-45.5831850703458));
#6536=CARTESIAN_POINT('Ctrl Pts',(7.9990587080667,182.291229087172,-44.3930706423573));
#6537=CARTESIAN_POINT('Ctrl Pts',(9.02607856475194,181.835413795239,-44.1680338960627));
#6538=CARTESIAN_POINT('',(9.88911265601871,182.412,-46.4714086020268));
#6539=CARTESIAN_POINT('Ctrl Pts',(11.9421200602447,186.111272117589,37.4857258103713));
#6540=CARTESIAN_POINT('Ctrl Pts',(16.430674331672,186.078463381107,35.9928621866519));
#6541=CARTESIAN_POINT('Ctrl Pts',(24.8628902704358,186.02803043971,31.3875056557156));
#6542=CARTESIAN_POINT('Ctrl Pts',(34.3057185772241,185.997526350072,20.5136721060892));
#6543=CARTESIAN_POINT('Ctrl Pts',(39.3790470764359,186.010036494778,7.03546034163863));
#6544=CARTESIAN_POINT('Ctrl Pts',(39.4403951336969,186.066595541416,-7.37156191914627));
#6545=CARTESIAN_POINT('Ctrl Pts',(34.4679987139945,186.169209425704,-20.9088701769078));
#6546=CARTESIAN_POINT('Ctrl Pts',(25.0425057804239,186.313863498509,-31.845532092205));
#6547=CARTESIAN_POINT('Ctrl Pts',(16.5864755537611,186.423717984032,-36.4513821761468));
#6548=CARTESIAN_POINT('Ctrl Pts',(12.088161060917,186.476374619269,-37.9329964629995));
#6549=CARTESIAN_POINT('Ctrl Pts',(11.9589677568404,186.28169120024,37.5367537357049));
#6550=CARTESIAN_POINT('Ctrl Pts',(16.4557954565101,186.250149275279,36.0483895752532));
#6551=CARTESIAN_POINT('Ctrl Pts',(24.9076419551905,186.200938159768,31.4456784278809));
#6552=CARTESIAN_POINT('Ctrl Pts',(34.3749042113317,186.170687168133,20.5552219202539));
#6553=CARTESIAN_POINT('Ctrl Pts',(39.455655593248,186.183122783438,7.04848765628669));
#6554=CARTESIAN_POINT('Ctrl Pts',(39.5035209210709,186.238768703727,-7.38494530149841));
#6555=CARTESIAN_POINT('Ctrl Pts',(34.5029529377172,186.337564165817,-20.9331728395098));
#6556=CARTESIAN_POINT('Ctrl Pts',(25.0493666153202,186.472788450979,-31.8593616330088));
#6557=CARTESIAN_POINT('Ctrl Pts',(16.5848185805386,186.572388337072,-36.4498385730018));
#6558=CARTESIAN_POINT('Ctrl Pts',(12.0852655577687,186.619541537279,-37.9242266280481));
#6559=CARTESIAN_POINT('Ctrl Pts',(11.9631809118116,186.651056536239,37.5495144449251));
#6560=CARTESIAN_POINT('Ctrl Pts',(16.4650268737431,186.626369418451,36.0712426480998));
#6561=CARTESIAN_POINT('Ctrl Pts',(24.9334200944569,186.586880118781,31.4818176036302));
#6562=CARTESIAN_POINT('Ctrl Pts',(34.4235318458484,186.562111643154,20.5847562582511));
#6563=CARTESIAN_POINT('Ctrl Pts',(39.5068107332773,186.572351317451,7.05612667360045));
#6564=CARTESIAN_POINT('Ctrl Pts',(39.5317659749824,186.617436966872,-7.39358460186971));
#6565=CARTESIAN_POINT('Ctrl Pts',(34.4946114750021,186.695078422463,-20.9340192403147));
#6566=CARTESIAN_POINT('Ctrl Pts',(25.014966198615,186.796725135105,-31.8244647634631));
#6567=CARTESIAN_POINT('Ctrl Pts',(16.553192784069,186.86825584483,-36.3850674208738));
#6568=CARTESIAN_POINT('Ctrl Pts',(12.0598110951972,186.901418290947,-37.8471307230899));
#6569=CARTESIAN_POINT('Ctrl Pts',(11.8661346962014,187.221710321896,37.2555830451074));
#6570=CARTESIAN_POINT('Ctrl Pts',(16.3345325199764,187.214352038758,35.7937647756493));
#6571=CARTESIAN_POINT('Ctrl Pts',(24.7439080863542,187.202364171833,31.2479203845599));
#6572=CARTESIAN_POINT('Ctrl Pts',(34.1709475734486,187.194635490558,20.4344342857379));
#6573=CARTESIAN_POINT('Ctrl Pts',(39.2149179941008,187.197832503358,7.00168092170274));
#6574=CARTESIAN_POINT('Ctrl Pts',(39.2271783314329,187.211726111406,-7.34133719297077));
#6575=CARTESIAN_POINT('Ctrl Pts',(34.2128680279271,187.234851969387,-20.7699546353562));
#6576=CARTESIAN_POINT('Ctrl Pts',(24.8007012779832,187.263730680025,-31.5603726483588));
#6577=CARTESIAN_POINT('Ctrl Pts',(16.4100041322372,187.282954564153,-36.0792394035373));
#6578=CARTESIAN_POINT('Ctrl Pts',(11.9548437578266,187.291690553915,-37.5292080074591));
#6579=CARTESIAN_POINT('Ctrl Pts',(11.7271477076769,187.412,36.8346223735696));
#6580=CARTESIAN_POINT('Ctrl Pts',(16.1429265989811,187.412166746772,35.3819211355965));
#6581=CARTESIAN_POINT('Ctrl Pts',(24.4486930364641,187.411997828496,30.8776922717723));
#6582=CARTESIAN_POINT('Ctrl Pts',(33.7577781213535,187.412124165798,20.1876972688135));
#6583=CARTESIAN_POINT('Ctrl Pts',(38.7444824099243,187.412153748252,6.9165540889094));
#6584=CARTESIAN_POINT('Ctrl Pts',(38.7708829579751,187.412021194296,-7.25790461431945));
#6585=CARTESIAN_POINT('Ctrl Pts',(33.836978660786,187.412066824939,-20.5436337628349));
#6586=CARTESIAN_POINT('Ctrl Pts',(24.5507039411527,187.411871016235,-31.2428778116371));
#6587=CARTESIAN_POINT('Ctrl Pts',(16.2534163811328,187.412133013416,-35.741459603578));
#6588=CARTESIAN_POINT('Ctrl Pts',(11.8427600172874,187.412,-37.1897312896255));
#6589=CARTESIAN_POINT('Ctrl Pts',(11.6431131157032,187.412,36.5801002874002));
#6590=CARTESIAN_POINT('Ctrl Pts',(16.026903448973,187.412,35.1327208575872));
#6591=CARTESIAN_POINT('Ctrl Pts',(24.2700322457732,187.412,30.6533739035901));
#6592=CARTESIAN_POINT('Ctrl Pts',(33.5073001581486,187.412,20.0381406946026));
#6593=CARTESIAN_POINT('Ctrl Pts',(38.459357824338,187.412,6.86502131972391));
#6594=CARTESIAN_POINT('Ctrl Pts',(38.4947709849439,187.412,-7.20733591456093));
#6595=CARTESIAN_POINT('Ctrl Pts',(33.6099616012634,187.412,-20.4067488229246));
#6596=CARTESIAN_POINT('Ctrl Pts',(24.4001272424951,187.412,-31.0514575238028));
#6597=CARTESIAN_POINT('Ctrl Pts',(16.1590819170075,187.412,-35.5380049824804));
#6598=CARTESIAN_POINT('Ctrl Pts',(11.7752915837374,187.412,-36.9853844122935));
#6599=CARTESIAN_POINT('',(14.6842689455917,187.411780825735,35.4550724487945));
#6600=CARTESIAN_POINT('Ctrl Pts',(14.6839273097305,187.411774030727,35.454306094309));
#6601=CARTESIAN_POINT('Ctrl Pts',(14.671751817101,187.411774810142,35.4594574649463));
#6602=CARTESIAN_POINT('Ctrl Pts',(14.6595509176804,187.411776886255,35.4645480062155));
#6603=CARTESIAN_POINT('Ctrl Pts',(14.6473247443928,187.411780202767,35.4695778164495));
#6604=CARTESIAN_POINT('Ctrl Pts',(14.6268565413861,187.411785755037,35.4779983724593));
#6605=CARTESIAN_POINT('Ctrl Pts',(14.6063194474436,187.411794810659,35.4862479178212));
#6606=CARTESIAN_POINT('Ctrl Pts',(14.5857141857236,187.41180669133,35.4943269725884));
#6607=CARTESIAN_POINT('Ctrl Pts',(14.5196088741608,187.411844806613,35.5202460043276));
#6608=CARTESIAN_POINT('Ctrl Pts',(14.4528542145784,187.411915911117,35.5443897469918));
#6609=CARTESIAN_POINT('Ctrl Pts',(14.3854896639803,187.411962576905,35.5667788352986));
#6610=CARTESIAN_POINT('Ctrl Pts',(14.374664368789,187.411970075966,35.5703766992765));
#6611=CARTESIAN_POINT('Ctrl Pts',(14.3638233222496,187.41197683474,35.5739292522896));
#6612=CARTESIAN_POINT('Ctrl Pts',(14.3529666865087,187.411982490377,35.5774365816138));
#6613=CARTESIAN_POINT('Ctrl Pts',(14.3355143148518,187.411991581985,35.5830747200158));
#6614=CARTESIAN_POINT('Ctrl Pts',(14.3180244619726,187.411997832665,35.588595085318));
#6615=CARTESIAN_POINT('Ctrl Pts',(14.3004979535468,187.411999556116,35.5939981109058));
#6616=CARTESIAN_POINT('Ctrl Pts',(14.2964434981999,187.411999954807,35.5952480076594));
#6617=CARTESIAN_POINT('Ctrl Pts',(14.2923871102465,187.412000110285,35.596491616061));
#6618=CARTESIAN_POINT('Ctrl Pts',(14.2883288028833,187.412,35.5977289408797));
#6619=CARTESIAN_POINT('',(11.9421200602449,186.111272117589,37.4857258103712));
#6620=CARTESIAN_POINT('Origin',(11.6431131157032,186.412,36.5801002874002));
#6621=CARTESIAN_POINT('',(12.0881610609172,186.476374619269,-37.9329964629994));
#6622=CARTESIAN_POINT('Ctrl Pts',(11.9421200602447,186.111272117589,37.4857258103713));
#6623=CARTESIAN_POINT('Ctrl Pts',(16.430674331672,186.078463381107,35.9928621866519));
#6624=CARTESIAN_POINT('Ctrl Pts',(24.8628902704358,186.02803043971,31.3875056557156));
#6625=CARTESIAN_POINT('Ctrl Pts',(34.3057185772241,185.997526350072,20.5136721060892));
#6626=CARTESIAN_POINT('Ctrl Pts',(39.3790470764359,186.010036494778,7.03546034163863));
#6627=CARTESIAN_POINT('Ctrl Pts',(39.4403951336969,186.066595541416,-7.37156191914627));
#6628=CARTESIAN_POINT('Ctrl Pts',(34.4679987139945,186.169209425704,-20.9088701769078));
#6629=CARTESIAN_POINT('Ctrl Pts',(25.0425057804239,186.313863498509,-31.845532092205));
#6630=CARTESIAN_POINT('Ctrl Pts',(16.5864755537611,186.423717984032,-36.4513821761468));
#6631=CARTESIAN_POINT('Ctrl Pts',(12.088161060917,186.476374619269,-37.9329964629995));
#6632=CARTESIAN_POINT('Origin',(11.7752915837374,186.412,-36.9853844122933));
#6633=CARTESIAN_POINT('Ctrl Pts',(34.7015092736058,187.412,-16.5246057216038));
#6634=CARTESIAN_POINT('Ctrl Pts',(34.7641309397864,187.412,-16.3900968158866));
#6635=CARTESIAN_POINT('Ctrl Pts',(34.8259785053423,187.411999735681,-16.2552288733102));
#6636=CARTESIAN_POINT('Ctrl Pts',(36.0152200316378,187.411989413966,-13.6220451133478));
#6637=CARTESIAN_POINT('Ctrl Pts',(36.8748161368276,187.411884648462,-11.0112728235381));
#6638=CARTESIAN_POINT('Ctrl Pts',(38.0299442413332,187.411525765628,-5.64263512469296));
#6639=CARTESIAN_POINT('Ctrl Pts',(38.3201900282887,187.411273973603,-2.89954403503103));
#6640=CARTESIAN_POINT('Ctrl Pts',(38.3116728270579,187.410536300879,4.88124217093841));
#6641=CARTESIAN_POINT('Ctrl Pts',(37.3254801210987,187.410063950257,9.86245211427303));
#6642=CARTESIAN_POINT('Ctrl Pts',(33.4945585514166,187.409816278276,19.1870908292614));
#6643=CARTESIAN_POINT('Ctrl Pts',(30.6790598985748,187.410059664757,23.438284211594));
#6644=CARTESIAN_POINT('Ctrl Pts',(23.5696638568868,187.410924347353,30.6232719153248));
#6645=CARTESIAN_POINT('Ctrl Pts',(19.3423484829885,187.411490508946,33.4862245765869));
#6646=CARTESIAN_POINT('Ctrl Pts',(14.6842689455916,187.411780825735,35.4550724487942));
#6647=CARTESIAN_POINT('Ctrl Pts',(12.088161060917,186.476374619269,-37.9329964629995));
#6648=CARTESIAN_POINT('Ctrl Pts',(11.704488201172,186.352568120323,-38.0680828869994));
#6649=CARTESIAN_POINT('Ctrl Pts',(11.196583449101,186.155049694995,-38.4876410973419));
#6650=CARTESIAN_POINT('Ctrl Pts',(11.0011133136686,186.018833737936,-39.2902352519614));
#6651=CARTESIAN_POINT('Ctrl Pts',(11.1710756628102,185.991847352307,-39.8839688090856));
#6652=CARTESIAN_POINT('Ctrl Pts',(11.6215071479826,186.042839392194,-40.3073746613614));
#6653=CARTESIAN_POINT('Ctrl Pts',(12.2200265679354,186.167186482974,-40.4652329728479));
#6654=CARTESIAN_POINT('Ctrl Pts',(12.6286243830006,186.285722131257,-40.400243697981));
#6655=CARTESIAN_POINT('Ctrl Pts',(12.8204608128731,186.34762538073,-40.3327004859811));
#6656=CARTESIAN_POINT('Ctrl Pts',(12.0852655577687,186.619541537279,-37.924226628048));
#6657=CARTESIAN_POINT('Ctrl Pts',(11.704504734717,186.508674737579,-38.0763033982122));
#6658=CARTESIAN_POINT('Ctrl Pts',(11.2333299175271,186.325126838258,-38.5216222468134));
#6659=CARTESIAN_POINT('Ctrl Pts',(11.0792612616198,186.191650778595,-39.2878007707037));
#6660=CARTESIAN_POINT('Ctrl Pts',(11.2432213051368,186.164879876098,-39.8402989080183));
#6661=CARTESIAN_POINT('Ctrl Pts',(11.656646154799,186.215532780338,-40.2448845556228));
#6662=CARTESIAN_POINT('Ctrl Pts',(12.2200397410025,186.335889596494,-40.4217549518835));
#6663=CARTESIAN_POINT('Ctrl Pts',(12.6236960758653,186.446404646927,-40.380731471097));
#6664=CARTESIAN_POINT('Ctrl Pts',(12.8173176613946,186.503037164786,-40.3231805793251));
#6665=CARTESIAN_POINT('Ctrl Pts',(12.0598111057536,186.90141833946,-37.8471307550627));
#6666=CARTESIAN_POINT('Ctrl Pts',(11.6645402168705,186.823446658745,-38.0281855351471));
#6667=CARTESIAN_POINT('Ctrl Pts',(11.2234012090428,186.686867955058,-38.5349517102406));
#6668=CARTESIAN_POINT('Ctrl Pts',(11.1299150615611,186.579540148781,-39.288987972707));
#6669=CARTESIAN_POINT('Ctrl Pts',(11.2952655567943,186.557595537371,-39.8082378335111));
#6670=CARTESIAN_POINT('Ctrl Pts',(11.672817810055,186.599135085936,-40.2085129375293));
#6671=CARTESIAN_POINT('Ctrl Pts',(12.2120073705567,186.694229484824,-40.4276601354088));
#6672=CARTESIAN_POINT('Ctrl Pts',(12.628853524456,186.776883333843,-40.4206596819286));
#6673=CARTESIAN_POINT('Ctrl Pts',(12.8342829106783,186.818051585933,-40.3745645456021));
#6674=CARTESIAN_POINT('Ctrl Pts',(11.9548437697389,187.291690628277,-37.5292080435385));
#6675=CARTESIAN_POINT('Ctrl Pts',(11.4697067679298,187.271150532953,-37.7386999283651));
#6676=CARTESIAN_POINT('Ctrl Pts',(10.9250718345155,187.232771034941,-38.3642217479038));
#6677=CARTESIAN_POINT('Ctrl Pts',(10.8275362690472,187.199861965602,-39.310361363875));
#6678=CARTESIAN_POINT('Ctrl Pts',(11.0398635590732,187.193002653642,-39.9606230408569));
#6679=CARTESIAN_POINT('Ctrl Pts',(11.5070194889237,187.20600951771,-40.4694487908844));
#6680=CARTESIAN_POINT('Ctrl Pts',(12.1741017052047,187.234637462347,-40.7554490069957));
#6681=CARTESIAN_POINT('Ctrl Pts',(12.6878362218922,187.258037417317,-40.7486462595087));
#6682=CARTESIAN_POINT('Ctrl Pts',(12.9385713545986,187.269322246958,-40.6904310439871));
#6683=CARTESIAN_POINT('Ctrl Pts',(11.8427600172874,187.412,-37.1897312896255));
#6684=CARTESIAN_POINT('Ctrl Pts',(11.2529850014414,187.412312741695,-37.4032129747891));
#6685=CARTESIAN_POINT('Ctrl Pts',(10.5295720940898,187.412778582833,-38.112504408371));
#6686=CARTESIAN_POINT('Ctrl Pts',(10.3441077943013,187.413542835672,-39.3376962615409));
#6687=CARTESIAN_POINT('Ctrl Pts',(10.6186075729512,187.413633659769,-40.2133767875609));
#6688=CARTESIAN_POINT('Ctrl Pts',(11.257966674134,187.413313876809,-40.8764550786091));
#6689=CARTESIAN_POINT('Ctrl Pts',(12.1326905243706,187.412631502658,-41.1973286014967));
#6690=CARTESIAN_POINT('Ctrl Pts',(12.7620885676696,187.412199776658,-41.1474808252904));
#6691=CARTESIAN_POINT('Ctrl Pts',(13.0600913758454,187.412,-41.0584881570478));
#6692=CARTESIAN_POINT('Ctrl Pts',(11.7752915837375,187.412,-36.9853844122934));
#6693=CARTESIAN_POINT('Ctrl Pts',(11.122349045487,187.412,-37.2009639740123));
#6694=CARTESIAN_POINT('Ctrl Pts',(10.2902614321002,187.412,-37.9597485883619));
#6695=CARTESIAN_POINT('Ctrl Pts',(10.0501516970547,187.412,-39.3541433290505));
#6696=CARTESIAN_POINT('Ctrl Pts',(10.3622474633,187.412,-40.3670756485318));
#6697=CARTESIAN_POINT('Ctrl Pts',(11.1067168945284,187.412,-41.1235971934829));
#6698=CARTESIAN_POINT('Ctrl Pts',(12.1076982986837,187.412,-41.464644019473));
#6699=CARTESIAN_POINT('Ctrl Pts',(12.8068590209274,187.412,-41.3881023175465));
#6700=CARTESIAN_POINT('Ctrl Pts',(13.1333302900526,187.412,-41.2803125366871));
#6701=CARTESIAN_POINT('',(12.8204608128732,186.347625380731,-40.332700485981));
#6702=CARTESIAN_POINT('Origin',(13.1333302900526,186.412,-41.2803125366871));
#6703=CARTESIAN_POINT('Ctrl Pts',(12.088161060917,186.476374619269,-37.9329964629995));
#6704=CARTESIAN_POINT('Ctrl Pts',(11.704488201172,186.352568120323,-38.0680828869994));
#6705=CARTESIAN_POINT('Ctrl Pts',(11.196583449101,186.155049694995,-38.4876410973419));
#6706=CARTESIAN_POINT('Ctrl Pts',(11.0011133136686,186.018833737936,-39.2902352519614));
#6707=CARTESIAN_POINT('Ctrl Pts',(11.1710756628102,185.991847352307,-39.8839688090856));
#6708=CARTESIAN_POINT('Ctrl Pts',(11.6215071479826,186.042839392194,-40.3073746613614));
#6709=CARTESIAN_POINT('Ctrl Pts',(12.2200265679354,186.167186482974,-40.4652329728479));
#6710=CARTESIAN_POINT('Ctrl Pts',(12.6286243830006,186.285722131257,-40.400243697981));
#6711=CARTESIAN_POINT('Ctrl Pts',(12.8204608128731,186.34762538073,-40.3327004859811));
#6712=CARTESIAN_POINT('Ctrl Pts',(12.8204608128731,186.34762538073,-40.3327004859811));
#6713=CARTESIAN_POINT('Ctrl Pts',(17.6065003673483,186.399860322133,-38.7489634529659));
#6714=CARTESIAN_POINT('Ctrl Pts',(26.6110187371933,186.508752694653,-33.8690902716859));
#6715=CARTESIAN_POINT('Ctrl Pts',(36.7333951629624,186.652779978122,-22.3046072821427));
#6716=CARTESIAN_POINT('Ctrl Pts',(42.193400068968,186.756196066058,-7.92409855167961));
#6717=CARTESIAN_POINT('Ctrl Pts',(42.2522518571194,186.813607924457,7.47126533028517));
#6718=CARTESIAN_POINT('Ctrl Pts',(36.8930681022992,186.826619891923,21.9084614159841));
#6719=CARTESIAN_POINT('Ctrl Pts',(26.7852930746199,186.796083950181,33.528349011427));
#6720=CARTESIAN_POINT('Ctrl Pts',(17.7614494629293,186.745516255012,38.407729376531));
#6721=CARTESIAN_POINT('Ctrl Pts',(12.9665018135451,186.712727882411,39.9799711386094));
#6722=CARTESIAN_POINT('Ctrl Pts',(12.8141745099161,186.658448948842,-40.3136606726692));
#6723=CARTESIAN_POINT('Ctrl Pts',(17.602994059811,186.70176045061,-38.7473886807289));
#6724=CARTESIAN_POINT('Ctrl Pts',(26.6254006855943,186.789363479279,-33.8950354340476));
#6725=CARTESIAN_POINT('Ctrl Pts',(36.7862014855391,186.898775879299,-22.3400327213741));
#6726=CARTESIAN_POINT('Ctrl Pts',(42.2740278413129,186.974431050617,-7.9405048025812));
#6727=CARTESIAN_POINT('Ctrl Pts',(42.3415287579928,187.015552157442,7.48661440604449));
#6728=CARTESIAN_POINT('Ctrl Pts',(36.9723811772538,187.024711863384,21.9556932901978));
#6729=CARTESIAN_POINT('Ctrl Pts',(26.83984167398,187.003100764543,33.5976141586758));
#6730=CARTESIAN_POINT('Ctrl Pts',(17.7941504007309,186.966579138426,38.4796683654609));
#6731=CARTESIAN_POINT('Ctrl Pts',(12.9892259173279,186.942588439238,40.0487973941466));
#6732=CARTESIAN_POINT('Ctrl Pts',(12.8889570217466,187.212918716405,-40.5401602661466));
#6733=CARTESIAN_POINT('Ctrl Pts',(17.708591440057,187.226292002087,-38.9750713275155));
#6734=CARTESIAN_POINT('Ctrl Pts',(26.7951462223708,187.252329865629,-34.1106507630047));
#6735=CARTESIAN_POINT('Ctrl Pts',(37.030261128279,187.283167499263,-22.4862096603113));
#6736=CARTESIAN_POINT('Ctrl Pts',(42.554018327827,187.303640976552,-7.99147936914916));
#6737=CARTESIAN_POINT('Ctrl Pts',(42.6189636588947,187.31449991363,7.53649847687929));
#6738=CARTESIAN_POINT('Ctrl Pts',(37.214076451758,187.316927013541,22.0989408765281));
#6739=CARTESIAN_POINT('Ctrl Pts',(27.0172963369765,187.311213567309,33.8180553588077));
#6740=CARTESIAN_POINT('Ctrl Pts',(17.9130817891245,187.301522708107,38.7335021437314));
#6741=CARTESIAN_POINT('Ctrl Pts',(13.0765021175177,187.294983696074,40.3131375905289));
#6742=CARTESIAN_POINT('Ctrl Pts',(13.0600913758454,187.412,-41.0584881570478));
#6743=CARTESIAN_POINT('Ctrl Pts',(17.9357742466912,187.411840905119,-39.4565010271806));
#6744=CARTESIAN_POINT('Ctrl Pts',(27.1142540767185,187.412046212116,-34.4988191033282));
#6745=CARTESIAN_POINT('Ctrl Pts',(37.4213708273167,187.411946759552,-22.714020679454));
#6746=CARTESIAN_POINT('Ctrl Pts',(42.9633659286504,187.411969880103,-8.06303583573247));
#6747=CARTESIAN_POINT('Ctrl Pts',(43.0068780515809,187.41199680918,7.60737911180881));
#6748=CARTESIAN_POINT('Ctrl Pts',(37.5491776942381,187.411969028071,22.2972955170049));
#6749=CARTESIAN_POINT('Ctrl Pts',(27.2701942297975,187.412007817703,34.1290995501193));
#6750=CARTESIAN_POINT('Ctrl Pts',(18.0895769208555,187.411963051902,39.1076409249428));
#6751=CARTESIAN_POINT('Ctrl Pts',(13.2088360023032,187.412,40.7139474907785));
#6752=CARTESIAN_POINT('Ctrl Pts',(13.1333302900527,187.412,-41.2803125366871));
#6753=CARTESIAN_POINT('Ctrl Pts',(18.032976852221,187.412,-39.6626148120455));
#6754=CARTESIAN_POINT('Ctrl Pts',(27.2508392468387,187.412,-34.6649678177106));
#6755=CARTESIAN_POINT('Ctrl Pts',(37.5888429214397,187.412,-22.8116029084853));
#6756=CARTESIAN_POINT('Ctrl Pts',(43.1386879432321,187.412,-8.09369396991558));
#6757=CARTESIAN_POINT('Ctrl Pts',(43.1730369944111,187.412,7.63773467798667));
#6758=CARTESIAN_POINT('Ctrl Pts',(37.6927164803967,187.412,22.3822641194045));
#6759=CARTESIAN_POINT('Ctrl Pts',(27.3785165459835,187.412,34.2623218196031));
#6760=CARTESIAN_POINT('Ctrl Pts',(18.1651553202552,187.412,39.2678989369388));
#6761=CARTESIAN_POINT('Ctrl Pts',(13.2655087580867,187.412,40.8855966615805));
#6762=CARTESIAN_POINT('',(12.9665018135452,186.712727882411,39.9799711386095));
#6763=CARTESIAN_POINT('Origin',(13.2655087580866,186.412,40.8855966615805));
#6764=CARTESIAN_POINT('Ctrl Pts',(12.8204608128731,186.34762538073,-40.3327004859811));
#6765=CARTESIAN_POINT('Ctrl Pts',(17.6065003673483,186.399860322133,-38.7489634529659));
#6766=CARTESIAN_POINT('Ctrl Pts',(26.6110187371933,186.508752694653,-33.8690902716859));
#6767=CARTESIAN_POINT('Ctrl Pts',(36.7333951629624,186.652779978122,-22.3046072821427));
#6768=CARTESIAN_POINT('Ctrl Pts',(42.193400068968,186.756196066058,-7.92409855167961));
#6769=CARTESIAN_POINT('Ctrl Pts',(42.2522518571194,186.813607924457,7.47126533028517));
#6770=CARTESIAN_POINT('Ctrl Pts',(36.8930681022992,186.826619891923,21.9084614159841));
#6771=CARTESIAN_POINT('Ctrl Pts',(26.7852930746199,186.796083950181,33.528349011427));
#6772=CARTESIAN_POINT('Ctrl Pts',(17.7614494629293,186.745516255012,38.407729376531));
#6773=CARTESIAN_POINT('Ctrl Pts',(12.9665018135451,186.712727882411,39.9799711386094));
#6774=CARTESIAN_POINT('Ctrl Pts',(12.9665018135451,186.712727882411,39.9799711386095));
#6775=CARTESIAN_POINT('Ctrl Pts',(12.5772125840741,186.630159883591,40.0810832222295));
#6776=CARTESIAN_POINT('Ctrl Pts',(11.9325140574936,186.43690825549,39.9637844766026));
#6777=CARTESIAN_POINT('Ctrl Pts',(11.3081995829262,186.191775225012,39.424352523632));
#6778=CARTESIAN_POINT('Ctrl Pts',(11.0345071216438,186.057640286531,38.8679442498239));
#6779=CARTESIAN_POINT('Ctrl Pts',(11.050042627422,186.005194246863,38.3545696832849));
#6780=CARTESIAN_POINT('Ctrl Pts',(11.3006228021379,186.00020325123,37.8059250161042));
#6781=CARTESIAN_POINT('Ctrl Pts',(11.6501531381419,186.049346118474,37.5615598730864));
#6782=CARTESIAN_POINT('Ctrl Pts',(11.9421200602448,186.111272117589,37.4857258103713));
#6783=CARTESIAN_POINT('Ctrl Pts',(12.9778638654366,186.827658160824,40.014384266378));
#6784=CARTESIAN_POINT('Ctrl Pts',(12.5759160625939,186.75609836893,40.1117880265477));
#6785=CARTESIAN_POINT('Ctrl Pts',(11.9207867835042,186.586442535536,39.9640945942184));
#6786=CARTESIAN_POINT('Ctrl Pts',(11.3369399996603,186.359305490192,39.3975666134829));
#6787=CARTESIAN_POINT('Ctrl Pts',(11.1007844195931,186.230228733396,38.8529679797964));
#6788=CARTESIAN_POINT('Ctrl Pts',(11.1273222616686,186.178307079705,38.3715515315461));
#6789=CARTESIAN_POINT('Ctrl Pts',(11.3626635116796,186.173335171402,37.8588790670393));
#6790=CARTESIAN_POINT('Ctrl Pts',(11.6826168067301,186.222156288912,37.6210804680016));
#6791=CARTESIAN_POINT('Ctrl Pts',(11.9589677568405,186.28169120024,37.536753735705));
#6792=CARTESIAN_POINT('Ctrl Pts',(13.0137747966118,187.044062875355,40.1231504887673));
#6793=CARTESIAN_POINT('Ctrl Pts',(12.5766812952792,186.996277288803,40.2237761272555));
#6794=CARTESIAN_POINT('Ctrl Pts',(11.874120609752,186.880575892001,40.033548907009));
#6795=CARTESIAN_POINT('Ctrl Pts',(11.3204758561972,186.712274685707,39.3981741055755));
#6796=CARTESIAN_POINT('Ctrl Pts',(11.1323852483679,186.611049739424,38.8408775692799));
#6797=CARTESIAN_POINT('Ctrl Pts',(11.1801126054497,186.568633215679,38.3818507740353));
#6798=CARTESIAN_POINT('Ctrl Pts',(11.4055473472134,186.564517275461,37.8957532858129));
#6799=CARTESIAN_POINT('Ctrl Pts',(11.6963018914214,186.604460094232,37.6528904679355));
#6800=CARTESIAN_POINT('Ctrl Pts',(11.9631809466128,186.651056659606,37.5495145503299));
#6801=CARTESIAN_POINT('Ctrl Pts',(13.1145350513138,187.328026699089,40.4283308868318));
#6802=CARTESIAN_POINT('Ctrl Pts',(12.5885584987023,187.316234219053,40.5674162231629));
#6803=CARTESIAN_POINT('Ctrl Pts',(11.7269896229585,187.287056003202,40.3667849678855));
#6804=CARTESIAN_POINT('Ctrl Pts',(11.0448703091495,187.239948803443,39.5844773784474));
#6805=CARTESIAN_POINT('Ctrl Pts',(10.8237804153895,187.209771273564,38.8868140289991));
#6806=CARTESIAN_POINT('Ctrl Pts',(10.8926644055373,187.196576077335,38.3116532490146));
#6807=CARTESIAN_POINT('Ctrl Pts',(11.1769927221571,187.195293093682,37.7008461480474));
#6808=CARTESIAN_POINT('Ctrl Pts',(11.5361228216651,187.207821878539,37.3900148731484));
#6809=CARTESIAN_POINT('Ctrl Pts',(11.8661347370637,187.221710527843,37.2555831688702));
#6810=CARTESIAN_POINT('Ctrl Pts',(13.2088360023032,187.412,40.7139474907786));
#6811=CARTESIAN_POINT('Ctrl Pts',(12.6035499513128,187.412129513458,40.9007359722857));
#6812=CARTESIAN_POINT('Ctrl Pts',(11.5839036726906,187.411802602431,40.7350916788587));
#6813=CARTESIAN_POINT('Ctrl Pts',(10.6885319578552,187.412488572729,39.838968563959));
#6814=CARTESIAN_POINT('Ctrl Pts',(10.3579454958154,187.412874818853,38.9659887844566));
#6815=CARTESIAN_POINT('Ctrl Pts',(10.4264613063128,187.413010894274,38.2011483476536));
#6816=CARTESIAN_POINT('Ctrl Pts',(10.8050570959235,187.412946773479,37.3829819843178));
#6817=CARTESIAN_POINT('Ctrl Pts',(11.2978183447011,187.412314732038,36.9862623383363));
#6818=CARTESIAN_POINT('Ctrl Pts',(11.7271477076769,187.412,36.8346223735697));
#6819=CARTESIAN_POINT('Ctrl Pts',(13.2655087580867,187.412,40.8855966615805));
#6820=CARTESIAN_POINT('Ctrl Pts',(12.6125657080258,187.412,41.1011763922818));
#6821=CARTESIAN_POINT('Ctrl Pts',(11.4980091501135,187.412,40.9573355688138));
#6822=CARTESIAN_POINT('Ctrl Pts',(10.4730933617872,187.412,39.9934410909732));
#6823=CARTESIAN_POINT('Ctrl Pts',(10.0752577710548,187.412,39.0146443836573));
#6824=CARTESIAN_POINT('Ctrl Pts',(10.1430517021328,187.412,38.1345227681772));
#6825=CARTESIAN_POINT('Ctrl Pts',(10.5790143663093,187.412,37.1901581439138));
#6826=CARTESIAN_POINT('Ctrl Pts',(11.1534058281577,187.412,36.7417850854263));
#6827=CARTESIAN_POINT('Ctrl Pts',(11.6431131157032,187.412,36.5801002874003));
#6828=CARTESIAN_POINT('Ctrl Pts',(12.9665018135451,186.712727882411,39.9799711386095));
#6829=CARTESIAN_POINT('Ctrl Pts',(12.5772125840741,186.630159883591,40.0810832222295));
#6830=CARTESIAN_POINT('Ctrl Pts',(11.9325140574936,186.43690825549,39.9637844766026));
#6831=CARTESIAN_POINT('Ctrl Pts',(11.3081995829262,186.191775225012,39.424352523632));
#6832=CARTESIAN_POINT('Ctrl Pts',(11.0345071216438,186.057640286531,38.8679442498239));
#6833=CARTESIAN_POINT('Ctrl Pts',(11.050042627422,186.005194246863,38.3545696832849));
#6834=CARTESIAN_POINT('Ctrl Pts',(11.3006228021379,186.00020325123,37.8059250161042));
#6835=CARTESIAN_POINT('Ctrl Pts',(11.6501531381419,186.049346118474,37.5615598730864));
#6836=CARTESIAN_POINT('Ctrl Pts',(11.9421200602448,186.111272117589,37.4857258103713));
#6837=CARTESIAN_POINT('Ctrl Pts',(14.3621731261715,186.801096005454,34.6874679117126));
#6838=CARTESIAN_POINT('Ctrl Pts',(14.1741695629296,186.767366620114,34.7539492257787));
#6839=CARTESIAN_POINT('Ctrl Pts',(13.7665080445455,186.679816214743,34.7961291318947));
#6840=CARTESIAN_POINT('Ctrl Pts',(12.9820627954171,186.450970278733,34.5680212733037));
#6841=CARTESIAN_POINT('Ctrl Pts',(12.3943982755062,186.230425018668,33.9254410947776));
#6842=CARTESIAN_POINT('Ctrl Pts',(12.3511424812231,186.141663238134,33.1019420160576));
#6843=CARTESIAN_POINT('Ctrl Pts',(12.5614983507869,186.142000243085,32.6931366545154));
#6844=CARTESIAN_POINT('Ctrl Pts',(12.8468914159398,186.17166150606,32.4163477435336));
#6845=CARTESIAN_POINT('Ctrl Pts',(13.0225734689796,186.19760695554,32.3164157460328));
#6846=CARTESIAN_POINT('Ctrl Pts',(13.1635761414114,186.222903994546,32.2665547604831));
#6847=CARTESIAN_POINT('Ctrl Pts',(14.3754234659582,186.902056071826,34.7190455365215));
#6848=CARTESIAN_POINT('Ctrl Pts',(14.1815192721657,186.872897195454,34.7848432885124));
#6849=CARTESIAN_POINT('Ctrl Pts',(13.7634205518309,186.79669877,34.8203862273294));
#6850=CARTESIAN_POINT('Ctrl Pts',(12.9770859166125,186.593467107617,34.5570711944776));
#6851=CARTESIAN_POINT('Ctrl Pts',(12.4422258484184,186.385511215704,33.8960935300604));
#6852=CARTESIAN_POINT('Ctrl Pts',(12.4236684804305,186.29730430044,33.1180987576364));
#6853=CARTESIAN_POINT('Ctrl Pts',(12.6204224387355,186.297860302621,32.7334192747225));
#6854=CARTESIAN_POINT('Ctrl Pts',(12.8862968358659,186.327073567727,32.4671144878703));
#6855=CARTESIAN_POINT('Ctrl Pts',(13.0503836924752,186.352506410397,32.3672728446769));
#6856=CARTESIAN_POINT('Ctrl Pts',(13.183794043891,186.376952932844,32.3147371731005));
#6857=CARTESIAN_POINT('Ctrl Pts',(14.4159706644573,187.091501134576,34.8156758299226));
#6858=CARTESIAN_POINT('Ctrl Pts',(14.2062797635251,187.072108529767,34.8848617397188));
#6859=CARTESIAN_POINT('Ctrl Pts',(13.7569046720904,187.020777105619,34.916651073539));
#6860=CARTESIAN_POINT('Ctrl Pts',(12.9314185478754,186.879748526991,34.5977253649523));
#6861=CARTESIAN_POINT('Ctrl Pts',(12.4516539288274,186.721554323706,33.8757963824619));
#6862=CARTESIAN_POINT('Ctrl Pts',(12.4752081056907,186.649154780617,33.1284261894287));
#6863=CARTESIAN_POINT('Ctrl Pts',(12.6606611518431,186.649808823894,32.761808437975));
#6864=CARTESIAN_POINT('Ctrl Pts',(12.9090059825986,186.67346517443,32.4971374789362));
#6865=CARTESIAN_POINT('Ctrl Pts',(13.0628873328897,186.693891094472,32.3916568521091));
#6866=CARTESIAN_POINT('Ctrl Pts',(13.1909358823914,186.713168431015,32.3317572873195));
#6867=CARTESIAN_POINT('Ctrl Pts',(14.527109175688,187.339042865562,35.080536223388));
#6868=CARTESIAN_POINT('Ctrl Pts',(14.2787993706813,187.334282339427,35.1700779329194));
#6869=CARTESIAN_POINT('Ctrl Pts',(13.7442593903017,187.321514271277,35.2249736757777));
#6870=CARTESIAN_POINT('Ctrl Pts',(12.744553482357,187.285047850772,34.866501654624));
#6871=CARTESIAN_POINT('Ctrl Pts',(12.1681084521134,187.239506694735,33.9813803217246));
#6872=CARTESIAN_POINT('Ctrl Pts',(12.2141673161961,187.216867284387,33.0646837994892));
#6873=CARTESIAN_POINT('Ctrl Pts',(12.441186764662,187.217165859726,32.6147036016667));
#6874=CARTESIAN_POINT('Ctrl Pts',(12.7427474297873,187.224488129545,32.2859929426938));
#6875=CARTESIAN_POINT('Ctrl Pts',(12.9290409397536,187.230775646789,32.1535662632994));
#6876=CARTESIAN_POINT('Ctrl Pts',(13.0843036344769,187.236568221699,32.0776360216486));
#6877=CARTESIAN_POINT('Ctrl Pts',(14.6300782896343,187.412,35.3259276699046));
#6878=CARTESIAN_POINT('Ctrl Pts',(14.3478741206526,187.412050607218,35.4388133159584));
#6879=CARTESIAN_POINT('Ctrl Pts',(13.7343071378038,187.411877635709,35.5286873624916));
#6880=CARTESIAN_POINT('Ctrl Pts',(12.5463958553757,187.412168661322,35.1820834398106));
#6881=CARTESIAN_POINT('Ctrl Pts',(11.7671485759869,187.412551551936,34.1530103014525));
#6882=CARTESIAN_POINT('Ctrl Pts',(11.7857119917513,187.412879254387,32.9632426178937));
#6883=CARTESIAN_POINT('Ctrl Pts',(12.0852779517187,187.412683454668,32.3739455414913));
#6884=CARTESIAN_POINT('Ctrl Pts',(12.4837690912713,187.412450344527,31.9554051355444));
#6885=CARTESIAN_POINT('Ctrl Pts',(12.7283923888854,187.412133936895,31.7936720600839));
#6886=CARTESIAN_POINT('Ctrl Pts',(12.9282076075041,187.412,31.7056348614334));
#6887=CARTESIAN_POINT('Ctrl Pts',(14.6919537855754,187.412,35.4733866201764));
#6888=CARTESIAN_POINT('Ctrl Pts',(14.3893871763804,187.412,35.6003470994465));
#6889=CARTESIAN_POINT('Ctrl Pts',(13.728359137643,187.412,35.7115080194143));
#6890=CARTESIAN_POINT('Ctrl Pts',(12.4271395161511,187.412,35.3727192255013));
#6891=CARTESIAN_POINT('Ctrl Pts',(11.5242794756708,187.412,34.2578037877889));
#6892=CARTESIAN_POINT('Ctrl Pts',(11.5252234649852,187.412,32.902096239202));
#6893=CARTESIAN_POINT('Ctrl Pts',(11.8690324680498,187.412,32.2280696354161));
#6894=CARTESIAN_POINT('Ctrl Pts',(12.326662745773,187.412,31.7551126141698));
#6895=CARTESIAN_POINT('Ctrl Pts',(12.6068705251105,187.412,31.5758564114721));
#6896=CARTESIAN_POINT('Ctrl Pts',(12.8337954820074,187.412,31.4806360520192));
#6897=CARTESIAN_POINT('',(14.3621731261715,186.801096005454,34.6874679117126));
#6898=CARTESIAN_POINT('Origin',(14.6919537855754,186.512,35.4733866201764));
#6899=CARTESIAN_POINT('',(13.1635761414111,186.222903994546,32.2665547604831));
#6900=CARTESIAN_POINT('Ctrl Pts',(14.3621731261715,186.801096005454,34.6874679117126));
#6901=CARTESIAN_POINT('Ctrl Pts',(14.1741695629296,186.767366620114,34.7539492257787));
#6902=CARTESIAN_POINT('Ctrl Pts',(13.7665080445455,186.679816214743,34.7961291318947));
#6903=CARTESIAN_POINT('Ctrl Pts',(12.9820627954171,186.450970278733,34.5680212733037));
#6904=CARTESIAN_POINT('Ctrl Pts',(12.3943982755062,186.230425018668,33.9254410947776));
#6905=CARTESIAN_POINT('Ctrl Pts',(12.3511424812231,186.141663238134,33.1019420160576));
#6906=CARTESIAN_POINT('Ctrl Pts',(12.5614983507869,186.142000243085,32.6931366545154));
#6907=CARTESIAN_POINT('Ctrl Pts',(12.8468914159398,186.17166150606,32.4163477435336));
#6908=CARTESIAN_POINT('Ctrl Pts',(13.0225734689796,186.19760695554,32.3164157460328));
#6909=CARTESIAN_POINT('Ctrl Pts',(13.1635761414114,186.222903994546,32.2665547604831));
#6910=CARTESIAN_POINT('Origin',(12.8337954820074,186.512,31.4806360520193));
#6911=CARTESIAN_POINT('Ctrl Pts',(14.2358651427497,186.4853260469,-34.9949835012416));
#6912=CARTESIAN_POINT('Ctrl Pts',(18.1281252939016,186.529967016868,-33.3603102854618));
#6913=CARTESIAN_POINT('Ctrl Pts',(25.3643393296693,186.620801923267,-28.7863054286894));
#6914=CARTESIAN_POINT('Ctrl Pts',(33.3864131699042,186.738471688087,-18.7524251738893));
#6915=CARTESIAN_POINT('Ctrl Pts',(37.6759831057148,186.823198239931,-6.63087208954869));
#6916=CARTESIAN_POINT('Ctrl Pts',(37.7238959528189,186.871650586764,6.23573018625955));
#6917=CARTESIAN_POINT('Ctrl Pts',(33.5158479712536,186.884929270002,18.4001905219853));
#6918=CARTESIAN_POINT('Ctrl Pts',(25.5140748174327,186.863790860052,28.4819486301624));
#6919=CARTESIAN_POINT('Ctrl Pts',(18.2627028575651,186.825995463311,33.0599192616244));
#6920=CARTESIAN_POINT('Ctrl Pts',(14.3621731261715,186.801096005454,34.6874679117126));
#6921=CARTESIAN_POINT('Ctrl Pts',(14.2327188633951,186.759566389241,-34.9874854271844));
#6922=CARTESIAN_POINT('Ctrl Pts',(18.1293544209827,186.796075378459,-33.3664782828328));
#6923=CARTESIAN_POINT('Ctrl Pts',(25.3827784516861,186.868346793794,-28.8123487297158));
#6924=CARTESIAN_POINT('Ctrl Pts',(33.4366965920398,186.957265452875,-18.7832426053687));
#6925=CARTESIAN_POINT('Ctrl Pts',(37.7486978451888,187.019198138844,-6.6445752617342));
#6926=CARTESIAN_POINT('Ctrl Pts',(37.8039303012968,187.053905429647,6.24857997483318));
#6927=CARTESIAN_POINT('Ctrl Pts',(33.5884258357401,187.063281104863,18.4401031574052));
#6928=CARTESIAN_POINT('Ctrl Pts',(25.5671493064946,187.048330789182,28.5417602196358));
#6929=CARTESIAN_POINT('Ctrl Pts',(18.2978629178068,187.021125977259,33.1242109976243));
#6930=CARTESIAN_POINT('Ctrl Pts',(14.388673805745,187.003016138197,34.7506231613305));
#6931=CARTESIAN_POINT('Ctrl Pts',(14.3182983243542,187.240717753809,-35.1914346204136));
#6932=CARTESIAN_POINT('Ctrl Pts',(18.2412247639837,187.251839027826,-33.5683503644192));
#6933=CARTESIAN_POINT('Ctrl Pts',(25.5474183342469,187.273072250334,-28.9982492773579));
#6934=CARTESIAN_POINT('Ctrl Pts',(33.6602778256371,187.298009671706,-18.9067658077002));
#6935=CARTESIAN_POINT('Ctrl Pts',(38.0004186144849,187.314737244365,-6.68753668372507));
#6936=CARTESIAN_POINT('Ctrl Pts',(38.0535603693929,187.323915541717,6.29061170974647));
#6937=CARTESIAN_POINT('Ctrl Pts',(33.8095750101906,187.326392394133,18.5613758740249));
#6938=CARTESIAN_POINT('Ctrl Pts',(25.7369920833201,187.322439385027,28.7301576993093));
#6939=CARTESIAN_POINT('Ctrl Pts',(18.4206071434001,187.31523955184,33.344019396346));
#6940=CARTESIAN_POINT('Ctrl Pts',(14.4856010950395,187.310333095132,34.9816159980691));
#6941=CARTESIAN_POINT('Ctrl Pts',(14.5043289889499,187.412,-35.634774687469));
#6942=CARTESIAN_POINT('Ctrl Pts',(18.470803698,187.411875690954,-33.9772515171688));
#6943=CARTESIAN_POINT('Ctrl Pts',(25.8473453692153,187.412036310532,-29.3251493663145));
#6944=CARTESIAN_POINT('Ctrl Pts',(34.0147342294961,187.411921746817,-19.0982356960628));
#6945=CARTESIAN_POINT('Ctrl Pts',(38.3680040794371,187.411981275249,-6.74792455502893));
#6946=CARTESIAN_POINT('Ctrl Pts',(38.403164990286,187.411987690242,6.3503616080972));
#6947=CARTESIAN_POINT('Ctrl Pts',(34.1162044562027,187.411974632575,18.7294423786806));
#6948=CARTESIAN_POINT('Ctrl Pts',(25.9774223963966,187.412000716799,28.9948642977405));
#6949=CARTESIAN_POINT('Ctrl Pts',(18.6001612897682,187.411973615704,33.6640907988713));
#6950=CARTESIAN_POINT('Ctrl Pts',(14.6300782896343,187.412,35.3259276699047));
#6951=CARTESIAN_POINT('Ctrl Pts',(14.5839474300715,187.412,-35.8245178413861));
#6952=CARTESIAN_POINT('Ctrl Pts',(18.5690490475487,187.412,-34.1523227084158));
#6953=CARTESIAN_POINT('Ctrl Pts',(25.9757323050827,187.412,-29.4650817631786));
#6954=CARTESIAN_POINT('Ctrl Pts',(34.166513505791,187.412,-19.1802674052278));
#6955=CARTESIAN_POINT('Ctrl Pts',(38.525439510548,187.412,-6.77379369956092));
#6956=CARTESIAN_POINT('Ctrl Pts',(38.5529139455362,187.412,6.37594713464512));
#6957=CARTESIAN_POINT('Ctrl Pts',(34.2475481801785,187.412,18.801436454147));
#6958=CARTESIAN_POINT('Ctrl Pts',(26.0804056851371,187.412,29.1082411950139));
#6959=CARTESIAN_POINT('Ctrl Pts',(18.6770554030526,187.412,33.8011914872062));
#6960=CARTESIAN_POINT('Ctrl Pts',(14.6919537855755,187.412,35.4733866201764));
#6961=CARTESIAN_POINT('',(14.2358651427497,186.4853260469,-34.9949835012416));
#6962=CARTESIAN_POINT('Origin',(14.5839474300715,186.512,-35.824517841386));
#6963=CARTESIAN_POINT('Ctrl Pts',(14.2358651427497,186.4853260469,-34.9949835012416));
#6964=CARTESIAN_POINT('Ctrl Pts',(18.1281252939016,186.529967016868,-33.3603102854618));
#6965=CARTESIAN_POINT('Ctrl Pts',(25.3643393296693,186.620801923267,-28.7863054286894));
#6966=CARTESIAN_POINT('Ctrl Pts',(33.3864131699042,186.738471688087,-18.7524251738893));
#6967=CARTESIAN_POINT('Ctrl Pts',(37.6759831057148,186.823198239931,-6.63087208954869));
#6968=CARTESIAN_POINT('Ctrl Pts',(37.7238959528189,186.871650586764,6.23573018625955));
#6969=CARTESIAN_POINT('Ctrl Pts',(33.5158479712536,186.884929270002,18.4001905219853));
#6970=CARTESIAN_POINT('Ctrl Pts',(25.5140748174327,186.863790860052,28.4819486301624));
#6971=CARTESIAN_POINT('Ctrl Pts',(18.2627028575651,186.825995463311,33.0599192616244));
#6972=CARTESIAN_POINT('Ctrl Pts',(14.3621731261715,186.801096005454,34.6874679117126));
#6973=CARTESIAN_POINT('Ctrl Pts',(12.9257175269909,186.610767166024,-40.2800721289222));
#6974=CARTESIAN_POINT('Ctrl Pts',(11.9231306992846,187.071742815851,-40.579776722643));
#6975=CARTESIAN_POINT('Ctrl Pts',(11.5043524662476,187.004546542473,-39.4062388896814));
#6976=CARTESIAN_POINT('Ctrl Pts',(11.0855742332107,186.937350269096,-38.2327010567197));
#6977=CARTESIAN_POINT('Ctrl Pts',(12.0881610609172,186.476374619269,-37.9329964629994));
#6978=CARTESIAN_POINT('Ctrl Pts',(11.0806402770316,181.998074041126,-41.2026107539018));
#6979=CARTESIAN_POINT('Ctrl Pts',(10.0780534493253,182.459049690953,-41.5023153476226));
#6980=CARTESIAN_POINT('Ctrl Pts',(9.65927521628833,182.391853417575,-40.328777514661));
#6981=CARTESIAN_POINT('Ctrl Pts',(9.2404969832514,182.324657144198,-39.1552396816994));
#6982=CARTESIAN_POINT('Ctrl Pts',(10.2430838109579,181.863681494371,-38.855535087979));
#6983=CARTESIAN_POINT('',(12.4624112132094,187.412,-37.7458713868533));
#6984=CARTESIAN_POINT('',(11.246210660581,182.412,-41.1198255621271));
#6985=CARTESIAN_POINT('Ctrl Pts',(13.6777345238352,190.450308276565,38.3535330421665));
#6986=CARTESIAN_POINT('Ctrl Pts',(37.9276074529067,182.856018632267,27.8252354055144));
#6987=CARTESIAN_POINT('Ctrl Pts',(39.8433695648442,187.64542391211,0.0466847824221758));
#6988=CARTESIAN_POINT('Ctrl Pts',(41.7591316767818,192.434829191954,-27.7318658406701));
#6989=CARTESIAN_POINT('Ctrl Pts',(18.7105173754161,203.032265405517,-34.62181830575));
#6990=CARTESIAN_POINT('Ctrl Pts',(5.42962836162833,169.830042871048,34.229479961063));
#6991=CARTESIAN_POINT('Ctrl Pts',(29.6795012906998,162.23575322675,23.701182324411));
#6992=CARTESIAN_POINT('Ctrl Pts',(31.5952634026373,167.025158506594,-4.0773682986813));
#6993=CARTESIAN_POINT('Ctrl Pts',(33.5110255145749,171.814563786437,-31.8559189217736));
#6994=CARTESIAN_POINT('Ctrl Pts',(10.4624112132092,182.412,-38.7458713868534));
#6995=CARTESIAN_POINT('',(10.4624112132092,182.412,36.7458713868534));
#6996=CARTESIAN_POINT('Ctrl Pts',(13.1635761414114,186.222903994546,32.2665547604831));
#6997=CARTESIAN_POINT('Ctrl Pts',(16.7858927317471,186.198008934769,30.7374309425544));
#6998=CARTESIAN_POINT('Ctrl Pts',(23.5094199413488,186.160326712332,26.4572250959905));
#6999=CARTESIAN_POINT('Ctrl Pts',(30.936481937563,186.139165027613,17.0951764433794));
#7000=CARTESIAN_POINT('Ctrl Pts',(34.8917078664177,186.152029235152,5.8196349762915));
#7001=CARTESIAN_POINT('Ctrl Pts',(34.9459296281688,186.199765039241,-6.13499517325889));
#7002=CARTESIAN_POINT('Ctrl Pts',(31.0659519169055,186.283992203469,-17.4540247217669));
#7003=CARTESIAN_POINT('Ctrl Pts',(23.6648181639047,186.401924113589,-26.870862592712));
#7004=CARTESIAN_POINT('Ctrl Pts',(16.9212962580165,186.493643018217,-31.156704256812));
#7005=CARTESIAN_POINT('Ctrl Pts',(13.2898841248332,186.5386739531,-32.6790391709538));
#7006=CARTESIAN_POINT('Ctrl Pts',(13.1837940438911,186.376952932844,32.3147371731006));
#7007=CARTESIAN_POINT('Ctrl Pts',(16.8135823104768,186.352894874606,30.7882455394564));
#7008=CARTESIAN_POINT('Ctrl Pts',(23.5536338351671,186.316007071915,26.5079720467324));
#7009=CARTESIAN_POINT('Ctrl Pts',(30.9998398104362,186.295002304005,17.1302465102952));
#7010=CARTESIAN_POINT('Ctrl Pts',(34.9601073852513,186.307793051409,5.83056361590014));
#7011=CARTESIAN_POINT('Ctrl Pts',(35.003133690829,186.354720096579,-6.14622642685622));
#7012=CARTESIAN_POINT('Ctrl Pts',(31.0999819034463,186.435900846794,-17.4753118583074));
#7013=CARTESIAN_POINT('Ctrl Pts',(23.6745331322336,186.546561985628,-26.8856365191933));
#7014=CARTESIAN_POINT('Ctrl Pts',(16.9219049143424,186.630168869781,-31.1592518550753));
#7015=CARTESIAN_POINT('Ctrl Pts',(13.2883692580776,186.670714859458,-32.6754290073797));
#7016=CARTESIAN_POINT('Ctrl Pts',(13.1909359255298,186.713168553196,32.3317573901249));
#7017=CARTESIAN_POINT('Ctrl Pts',(16.8260007930305,186.694197540602,30.8125126347296));
#7018=CARTESIAN_POINT('Ctrl Pts',(23.5805770633686,186.664456405616,26.5405519280574));
#7019=CARTESIAN_POINT('Ctrl Pts',(31.0443922687076,186.647270958598,17.1550377807956));
#7020=CARTESIAN_POINT('Ctrl Pts',(35.0052867531847,186.657754219407,5.83693262901554));
#7021=CARTESIAN_POINT('Ctrl Pts',(35.029224712613,186.69577812557,-6.15341444600234));
#7022=CARTESIAN_POINT('Ctrl Pts',(31.0956872283875,186.759660023629,-17.4772499155473));
#7023=CARTESIAN_POINT('Ctrl Pts',(23.6462273477346,186.843291930745,-26.8601848079704));
#7024=CARTESIAN_POINT('Ctrl Pts',(16.892473703757,186.903871317052,-31.1085798707531));
#7025=CARTESIAN_POINT('Ctrl Pts',(13.2624207304495,186.932631239091,-32.6135896219018));
#7026=CARTESIAN_POINT('Ctrl Pts',(13.0843036852813,187.236568427042,32.0776361427234));
#7027=CARTESIAN_POINT('Ctrl Pts',(16.6925868503105,187.230867898271,30.5741673308538));
#7028=CARTESIAN_POINT('Ctrl Pts',(23.400120879657,187.221796324553,26.3412591939317));
#7029=CARTESIAN_POINT('Ctrl Pts',(30.813254537682,187.216414479385,17.0276334112723));
#7030=CARTESIAN_POINT('Ctrl Pts',(34.7422932252309,187.219707946604,5.79104662991973));
#7031=CARTESIAN_POINT('Ctrl Pts',(34.7556490009173,187.231394398472,-6.10938716754604));
#7032=CARTESIAN_POINT('Ctrl Pts',(30.8394474461758,187.250461810872,-17.3389947072344));
#7033=CARTESIAN_POINT('Ctrl Pts',(23.4420093197602,187.274386162733,-26.6355192036777));
#7034=CARTESIAN_POINT('Ctrl Pts',(16.7447297415302,187.290818199482,-30.8439393934546));
#7035=CARTESIAN_POINT('Ctrl Pts',(13.1458010673498,187.298473594383,-32.3356667892821));
#7036=CARTESIAN_POINT('Ctrl Pts',(12.9282076075041,187.412,31.7056348614334));
#7037=CARTESIAN_POINT('Ctrl Pts',(16.4926462045849,187.412131808589,30.2140806225759));
#7038=CARTESIAN_POINT('Ctrl Pts',(23.115698407161,187.411997562159,26.0233165853871));
#7039=CARTESIAN_POINT('Ctrl Pts',(30.4351298245546,187.412193172924,16.8188714331516));
#7040=CARTESIAN_POINT('Ctrl Pts',(34.3196548812539,187.41205280297,5.71939798749088));
#7041=CARTESIAN_POINT('Ctrl Pts',(34.3448481247395,187.412102644847,-6.03924801101743));
#7042=CARTESIAN_POINT('Ctrl Pts',(30.4932081071236,187.412057939951,-17.1465865996413));
#7043=CARTESIAN_POINT('Ctrl Pts',(23.1980673853438,187.411818689293,-26.3600660440036));
#7044=CARTESIAN_POINT('Ctrl Pts',(16.5792709856608,187.412121577664,-30.5450840733499));
#7045=CARTESIAN_POINT('Ctrl Pts',(13.0184710178277,187.412,-32.0322194365782));
#7046=CARTESIAN_POINT('Ctrl Pts',(12.8337954820074,187.412,31.4806360520193));
#7047=CARTESIAN_POINT('Ctrl Pts',(16.3715551244954,187.412,29.996150830904));
#7048=CARTESIAN_POINT('Ctrl Pts',(22.9435186585538,187.412,25.8306612232409));
#7049=CARTESIAN_POINT('Ctrl Pts',(30.2058352960843,187.412,16.6922948644023));
#7050=CARTESIAN_POINT('Ctrl Pts',(34.0635866605599,187.412,5.67602356376999));
#7051=CARTESIAN_POINT('Ctrl Pts',(34.0961740425822,187.412,-5.99665880587977));
#7052=CARTESIAN_POINT('Ctrl Pts',(30.2840509990406,187.412,-17.03026186869));
#7053=CARTESIAN_POINT('Ctrl Pts',(23.0511273351745,187.412,-26.1938603673077));
#7054=CARTESIAN_POINT('Ctrl Pts',(16.4795614799997,187.412,-30.3650196096941));
#7055=CARTESIAN_POINT('Ctrl Pts',(12.9418018375114,187.412,-31.8495048308094));
#7056=CARTESIAN_POINT('Ctrl Pts',(33.8797310776357,187.412,-1.9242049874947));
#7057=CARTESIAN_POINT('Ctrl Pts',(33.8860197602273,187.412,-1.80014428239417));
#7058=CARTESIAN_POINT('Ctrl Pts',(33.8916344709011,187.411999912876,-1.67605033159234));
#7059=CARTESIAN_POINT('Ctrl Pts',(34.0369509606376,187.411994889275,1.97478907119134));
#7060=CARTESIAN_POINT('Ctrl Pts',(33.6321466709694,187.411922307094,5.50212988160766));
#7061=CARTESIAN_POINT('Ctrl Pts',(31.759490397782,187.411825693785,12.3131499379001));
#7062=CARTESIAN_POINT('Ctrl Pts',(30.3014150800971,187.411809530069,15.55573389279));
#7063=CARTESIAN_POINT('Ctrl Pts',(25.9329226356715,187.41188193661,22.2697188188437));
#7064=CARTESIAN_POINT('Ctrl Pts',(22.7810260145037,187.411993588304,25.5074658659105));
#7065=CARTESIAN_POINT('Ctrl Pts',(18.9941363073044,187.411999912879,28.1189405771218));
#7066=CARTESIAN_POINT('Ctrl Pts',(18.8914943675309,187.412,28.1889037672468));
#7067=CARTESIAN_POINT('Ctrl Pts',(18.7884746565962,187.412,28.2583078545986));
#7068=CARTESIAN_POINT('',(13.2898841248331,186.5386739531,-32.6790391709538));
#7069=CARTESIAN_POINT('Ctrl Pts',(13.1635761414114,186.222903994546,32.2665547604831));
#7070=CARTESIAN_POINT('Ctrl Pts',(16.7858927317471,186.198008934769,30.7374309425544));
#7071=CARTESIAN_POINT('Ctrl Pts',(23.5094199413488,186.160326712332,26.4572250959905));
#7072=CARTESIAN_POINT('Ctrl Pts',(30.936481937563,186.139165027613,17.0951764433794));
#7073=CARTESIAN_POINT('Ctrl Pts',(34.8917078664177,186.152029235152,5.8196349762915));
#7074=CARTESIAN_POINT('Ctrl Pts',(34.9459296281688,186.199765039241,-6.13499517325889));
#7075=CARTESIAN_POINT('Ctrl Pts',(31.0659519169055,186.283992203469,-17.4540247217669));
#7076=CARTESIAN_POINT('Ctrl Pts',(23.6648181639047,186.401924113589,-26.870862592712));
#7077=CARTESIAN_POINT('Ctrl Pts',(16.9212962580165,186.493643018217,-31.156704256812));
#7078=CARTESIAN_POINT('Ctrl Pts',(13.2898841248332,186.5386739531,-32.6790391709538));
#7079=CARTESIAN_POINT('Origin',(12.9418018375114,186.512,-31.8495048308094));
#7080=CARTESIAN_POINT('Ctrl Pts',(13.289884124833,186.5386739531,-32.6790391709538));
#7081=CARTESIAN_POINT('Ctrl Pts',(13.1048573303476,186.482157401113,-32.7584958811919));
#7082=CARTESIAN_POINT('Ctrl Pts',(12.8922224130759,186.410628025274,-32.9019067859666));
#7083=CARTESIAN_POINT('Ctrl Pts',(12.4831832795972,186.257673712943,-33.34386612441));
#7084=CARTESIAN_POINT('Ctrl Pts',(12.2753053145055,186.150315804243,-33.9584551453576));
#7085=CARTESIAN_POINT('Ctrl Pts',(12.5626862965858,186.137448383888,-34.6759587330893));
#7086=CARTESIAN_POINT('Ctrl Pts',(13.0059217891987,186.190706086128,-35.021360228737));
#7087=CARTESIAN_POINT('Ctrl Pts',(13.5964666909512,186.305115794229,-35.1675326459919));
#7088=CARTESIAN_POINT('Ctrl Pts',(14.0045816496427,186.414680356916,-35.0943043890393));
#7089=CARTESIAN_POINT('Ctrl Pts',(14.2358651427497,186.4853260469,-34.9949835012416));
#7090=CARTESIAN_POINT('Ctrl Pts',(13.2883692580774,186.670714859458,-32.6754290073798));
#7091=CARTESIAN_POINT('Ctrl Pts',(13.106007613737,186.619827185477,-32.7626140818614));
#7092=CARTESIAN_POINT('Ctrl Pts',(12.9017149692812,186.554350861715,-32.9149987158605));
#7093=CARTESIAN_POINT('Ctrl Pts',(12.5219798717821,186.411397246338,-33.367543184531));
#7094=CARTESIAN_POINT('Ctrl Pts',(12.350103677016,186.306105739453,-33.9593473689523));
#7095=CARTESIAN_POINT('Ctrl Pts',(12.6226295775293,186.293187296276,-34.6307416748976));
#7096=CARTESIAN_POINT('Ctrl Pts',(13.0336990588891,186.345922003546,-34.9670469343505));
#7097=CARTESIAN_POINT('Ctrl Pts',(13.5948203062569,186.456193081866,-35.1306342447408));
#7098=CARTESIAN_POINT('Ctrl Pts',(13.9994390075207,186.558207627569,-35.0801268742804));
#7099=CARTESIAN_POINT('Ctrl Pts',(14.2342920030724,186.62244621807,-34.991234464213));
#7100=CARTESIAN_POINT('Ctrl Pts',(13.2624207089226,186.932631161067,-32.6135895706004));
#7101=CARTESIAN_POINT('Ctrl Pts',(13.0756880864331,186.896535716163,-32.7147904102356));
#7102=CARTESIAN_POINT('Ctrl Pts',(12.8742467898052,186.848878778796,-32.8865367495321));
#7103=CARTESIAN_POINT('Ctrl Pts',(12.5215363323351,186.741563704164,-33.3765166371225));
#7104=CARTESIAN_POINT('Ctrl Pts',(12.4004720517754,186.656794404495,-33.9637714757586));
#7105=CARTESIAN_POINT('Ctrl Pts',(12.6647178368137,186.646022856935,-34.5972901127654));
#7106=CARTESIAN_POINT('Ctrl Pts',(13.0449909667578,186.68908058517,-34.9385277645846));
#7107=CARTESIAN_POINT('Ctrl Pts',(13.5877615073012,186.77568388073,-35.1397176115201));
#7108=CARTESIAN_POINT('Ctrl Pts',(14.0059116265588,186.851835452568,-35.1209879512926));
#7109=CARTESIAN_POINT('Ctrl Pts',(14.2559012502026,186.898099220795,-35.0427326679771));
#7110=CARTESIAN_POINT('Ctrl Pts',(13.14580104298,187.298473473856,-32.3356667312055));
#7111=CARTESIAN_POINT('Ctrl Pts',(12.9200055390685,187.288865489367,-32.4535377316303));
#7112=CARTESIAN_POINT('Ctrl Pts',(12.6760511809012,187.27580165578,-32.6589893170065));
#7113=CARTESIAN_POINT('Ctrl Pts',(12.2525433658446,187.245279184262,-33.2559359439943));
#7114=CARTESIAN_POINT('Ctrl Pts',(12.1198379035158,187.219270500326,-33.9776860744409));
#7115=CARTESIAN_POINT('Ctrl Pts',(12.447131034301,187.215841331101,-34.7539149868332));
#7116=CARTESIAN_POINT('Ctrl Pts',(12.90704692013,187.229261838997,-35.1797680528518));
#7117=CARTESIAN_POINT('Ctrl Pts',(13.5657441796772,187.255166078149,-35.4373076998012));
#7118=CARTESIAN_POINT('Ctrl Pts',(14.0725876371108,187.276668959349,-35.416686258282));
#7119=CARTESIAN_POINT('Ctrl Pts',(14.3721758984356,187.289210929837,-35.3198332763983));
#7120=CARTESIAN_POINT('Ctrl Pts',(13.0184710178274,187.412,-32.0322194365783));
#7121=CARTESIAN_POINT('Ctrl Pts',(12.7448216769917,187.412152587336,-32.1558537161754));
#7122=CARTESIAN_POINT('Ctrl Pts',(12.4392887559407,187.412291058091,-32.3834201484452));
#7123=CARTESIAN_POINT('Ctrl Pts',(11.8842133846647,187.41287606859,-33.0787996486137));
#7124=CARTESIAN_POINT('Ctrl Pts',(11.6666234397894,187.413421736831,-33.9905696957888));
#7125=CARTESIAN_POINT('Ctrl Pts',(12.0912961877451,187.413478245024,-35.014435188066));
#7126=CARTESIAN_POINT('Ctrl Pts',(12.7027568570747,187.413161840282,-35.5491874702095));
#7127=CARTESIAN_POINT('Ctrl Pts',(13.5448074986466,187.412561841235,-35.8336825359992));
#7128=CARTESIAN_POINT('Ctrl Pts',(14.1556527075689,187.412213482106,-35.7700633902663));
#7129=CARTESIAN_POINT('Ctrl Pts',(14.5043289889499,187.412,-35.6347746874689));
#7130=CARTESIAN_POINT('Ctrl Pts',(12.9418018375111,187.412,-31.8495048308095));
#7131=CARTESIAN_POINT('Ctrl Pts',(12.639235492209,187.412,-31.9764651993471));
#7132=CARTESIAN_POINT('Ctrl Pts',(12.2963685739598,187.412,-32.2170589813614));
#7133=CARTESIAN_POINT('Ctrl Pts',(11.661149648374,187.412,-32.9714302972504));
#7134=CARTESIAN_POINT('Ctrl Pts',(11.3909823138203,187.412,-33.9982301227736));
#7135=CARTESIAN_POINT('Ctrl Pts',(11.8747969671669,187.412,-35.1729381548135));
#7136=CARTESIAN_POINT('Ctrl Pts',(12.5787316610596,187.412,-35.7734495418181));
#7137=CARTESIAN_POINT('Ctrl Pts',(13.532229914755,187.412,-36.0734801224565));
#7138=CARTESIAN_POINT('Ctrl Pts',(14.2057394984434,187.412,-35.9832183020583));
#7139=CARTESIAN_POINT('Ctrl Pts',(14.5839474300715,187.412,-35.824517841386));
#7140=CARTESIAN_POINT('Ctrl Pts',(13.289884124833,186.5386739531,-32.6790391709538));
#7141=CARTESIAN_POINT('Ctrl Pts',(13.1048573303476,186.482157401113,-32.7584958811919));
#7142=CARTESIAN_POINT('Ctrl Pts',(12.8922224130759,186.410628025274,-32.9019067859666));
#7143=CARTESIAN_POINT('Ctrl Pts',(12.4831832795972,186.257673712943,-33.34386612441));
#7144=CARTESIAN_POINT('Ctrl Pts',(12.2753053145055,186.150315804243,-33.9584551453576));
#7145=CARTESIAN_POINT('Ctrl Pts',(12.5626862965858,186.137448383888,-34.6759587330893));
#7146=CARTESIAN_POINT('Ctrl Pts',(13.0059217891987,186.190706086128,-35.021360228737));
#7147=CARTESIAN_POINT('Ctrl Pts',(13.5964666909512,186.305115794229,-35.1675326459919));
#7148=CARTESIAN_POINT('Ctrl Pts',(14.0045816496427,186.414680356916,-35.0943043890393));
#7149=CARTESIAN_POINT('Ctrl Pts',(14.2358651427497,186.4853260469,-34.9949835012416));
#7150=CARTESIAN_POINT('Ctrl Pts',(15.6938831989692,186.430483272501,-29.2959140477056));
#7151=CARTESIAN_POINT('Ctrl Pts',(18.649720243629,186.475570796816,-27.6628568531945));
#7152=CARTESIAN_POINT('Ctrl Pts',(24.0590789947508,186.564616754306,-23.496185824817));
#7153=CARTESIAN_POINT('Ctrl Pts',(31.9601987940927,186.715772253187,-12.3357458025913));
#7154=CARTESIAN_POINT('Ctrl Pts',(34.764132047674,186.825225236044,5.16252692795418));
#7155=CARTESIAN_POINT('Ctrl Pts',(26.9529893490882,186.82595768218,21.0998227205692));
#7156=CARTESIAN_POINT('Ctrl Pts',(18.7889730255951,186.779071868712,27.3391164673539));
#7157=CARTESIAN_POINT('Ctrl Pts',(15.824816936994,186.757817617563,28.9687742257184));
#7158=CARTESIAN_POINT('Ctrl Pts',(15.6965272401743,186.726111238184,-29.3006969786169));
#7159=CARTESIAN_POINT('Ctrl Pts',(18.6591444000948,186.762316986105,-27.6793965152431));
#7160=CARTESIAN_POINT('Ctrl Pts',(24.0877592113741,186.832180378205,-23.5281820489313));
#7161=CARTESIAN_POINT('Ctrl Pts',(32.0307123994741,186.945545554801,-12.3678844312306));
#7162=CARTESIAN_POINT('Ctrl Pts',(34.8600450415088,187.023761020382,5.17543339101429));
#7163=CARTESIAN_POINT('Ctrl Pts',(27.0260802752722,187.024312419292,21.1582641064067));
#7164=CARTESIAN_POINT('Ctrl Pts',(18.8365256225605,186.99079728349,27.408504787701));
#7165=CARTESIAN_POINT('Ctrl Pts',(15.8636224002293,186.975447558191,29.0389712594397));
#7166=CARTESIAN_POINT('Ctrl Pts',(15.8196570005631,187.233446980604,-29.5234322128212));
#7167=CARTESIAN_POINT('Ctrl Pts',(18.8084976510135,187.244278163112,-27.8956808326544));
#7168=CARTESIAN_POINT('Ctrl Pts',(24.287510270106,187.264517165888,-23.7207246735371));
#7169=CARTESIAN_POINT('Ctrl Pts',(32.30262834898,187.296070364318,-12.4702196018084));
#7170=CARTESIAN_POINT('Ctrl Pts',(35.1497782110586,187.316659399319,5.22026081870463));
#7171=CARTESIAN_POINT('Ctrl Pts',(27.251226605493,187.31683817145,21.3333570102228));
#7172=CARTESIAN_POINT('Ctrl Pts',(18.9955536774139,187.307968365366,27.6375636535783));
#7173=CARTESIAN_POINT('Ctrl Pts',(15.9981083360717,187.303839194451,29.2822492153335));
#7174=CARTESIAN_POINT('Ctrl Pts',(16.0703168895894,187.412,-29.9768627150137));
#7175=CARTESIAN_POINT('Ctrl Pts',(19.0976262392482,187.411889209073,-28.3106419963507));
#7176=CARTESIAN_POINT('Ctrl Pts',(24.6378319241546,187.411988590689,-24.0496964372856));
#7177=CARTESIAN_POINT('Ctrl Pts',(32.7149759357861,187.411876954124,-12.6167893550172));
#7178=CARTESIAN_POINT('Ctrl Pts',(35.5499080968702,187.412002666874,5.28609692854971));
#7179=CARTESIAN_POINT('Ctrl Pts',(27.5649241672975,187.411963082833,21.5739500104188));
#7180=CARTESIAN_POINT('Ctrl Pts',(19.2244941262878,187.411979108306,27.96645241662));
#7181=CARTESIAN_POINT('Ctrl Pts',(16.1946110208225,187.412,29.6377121949703));
#7182=CARTESIAN_POINT('Ctrl Pts',(16.1776047577817,187.412,-30.1709408028266));
#7183=CARTESIAN_POINT('Ctrl Pts',(19.2213784027802,187.412,-28.4883191874141));
#7184=CARTESIAN_POINT('Ctrl Pts',(24.7878011174408,187.412,-24.1905462986649));
#7185=CARTESIAN_POINT('Ctrl Pts',(32.8915699914252,187.412,-12.6796269313201));
#7186=CARTESIAN_POINT('Ctrl Pts',(35.7213050950627,187.412,5.31430701339535));
#7187=CARTESIAN_POINT('Ctrl Pts',(27.6992952798894,187.412,21.6769992698671));
#7188=CARTESIAN_POINT('Ctrl Pts',(19.3225449166244,187.412,28.107332028857));
#7189=CARTESIAN_POINT('Ctrl Pts',(16.2787712716261,187.412,29.7899536442694));
#7190=CARTESIAN_POINT('',(15.6938831989692,186.430483272501,-29.2959140477055));
#7191=CARTESIAN_POINT('Origin',(16.1776047577817,186.412,-30.1709408028266));
#7192=CARTESIAN_POINT('',(15.8248169369941,186.757817617563,28.9687742257183));
#7193=CARTESIAN_POINT('Ctrl Pts',(15.6938831989692,186.430483272501,-29.2959140477056));
#7194=CARTESIAN_POINT('Ctrl Pts',(18.649720243629,186.475570796816,-27.6628568531945));
#7195=CARTESIAN_POINT('Ctrl Pts',(24.0590789947508,186.564616754306,-23.496185824817));
#7196=CARTESIAN_POINT('Ctrl Pts',(31.9601987940927,186.715772253187,-12.3357458025913));
#7197=CARTESIAN_POINT('Ctrl Pts',(34.764132047674,186.825225236044,5.16252692795418));
#7198=CARTESIAN_POINT('Ctrl Pts',(26.9529893490882,186.82595768218,21.0998227205692));
#7199=CARTESIAN_POINT('Ctrl Pts',(18.7889730255951,186.779071868712,27.3391164673539));
#7200=CARTESIAN_POINT('Ctrl Pts',(15.824816936994,186.757817617563,28.9687742257184));
#7201=CARTESIAN_POINT('Origin',(16.2787712716261,186.412,29.7899536442694));
#7202=CARTESIAN_POINT('Ctrl Pts',(11.4340667032447,181.899130399129,-33.606947881748));
#7203=CARTESIAN_POINT('Ctrl Pts',(10.4673583180037,182.363952872336,-33.9976434773047));
#7204=CARTESIAN_POINT('Ctrl Pts',(10.9633728878106,182.394839071358,-35.1441036120245));
#7205=CARTESIAN_POINT('Ctrl Pts',(11.4593874576174,182.425725270379,-36.2905637467443));
#7206=CARTESIAN_POINT('Ctrl Pts',(12.4260958428583,181.960902797171,-35.8998681511873));
#7207=CARTESIAN_POINT('Ctrl Pts',(13.2898841248332,186.5386739531,-32.6790391709538));
#7208=CARTESIAN_POINT('Ctrl Pts',(12.3231757395922,187.003496426308,-33.0697347665105));
#7209=CARTESIAN_POINT('Ctrl Pts',(12.8191903093991,187.034382625329,-34.2161949012302));
#7210=CARTESIAN_POINT('Ctrl Pts',(13.315204879206,187.06526882435,-35.36265503595));
#7211=CARTESIAN_POINT('Ctrl Pts',(14.2819132644468,186.600446351142,-34.9719594403931));
#7212=CARTESIAN_POINT('',(13.6392145435929,187.412,-32.5043739615738));
#7213=CARTESIAN_POINT('',(12.6065347239899,182.412,-35.8096487106215));
#7214=CARTESIAN_POINT('Ctrl Pts',(11.6392145435929,182.412,-33.504373961574));
#7215=CARTESIAN_POINT('Ctrl Pts',(29.7640194250746,173.697048562687,-26.1792265379722));
#7216=CARTESIAN_POINT('Ctrl Pts',(28.2016036750406,169.791009187602,-3.5241981624798));
#7217=CARTESIAN_POINT('Ctrl Pts',(26.6391879250066,165.884969812517,19.1308302130126));
#7218=CARTESIAN_POINT('Ctrl Pts',(7.30529801538289,171.577208679475,29.3374156974689));
#7219=CARTESIAN_POINT('Ctrl Pts',(18.766575052486,200.230401272232,-29.9406937071274));
#7220=CARTESIAN_POINT('Ctrl Pts',(36.8913799339677,191.515449834919,-22.6155462835256));
#7221=CARTESIAN_POINT('Ctrl Pts',(35.3289641839337,187.609410459834,0.039482091966743));
#7222=CARTESIAN_POINT('Ctrl Pts',(33.7665484338997,183.703371084749,22.6945104674591));
#7223=CARTESIAN_POINT('Ctrl Pts',(14.432658524276,189.395609951707,32.9010959519155));
#7224=CARTESIAN_POINT('',(11.639214543593,182.412,31.5043739615739));
#7225=CARTESIAN_POINT('Origin',(-9.57291285133749,182.412,-45.2620626285687));
#7226=CARTESIAN_POINT('',(-9.01389585696279,182.412,-44.1440286398189));
#7227=CARTESIAN_POINT('Origin',(-9.57291285133749,182.412,-45.2620626285687));
#7228=CARTESIAN_POINT('Origin',(-9.57291285133749,182.412,-45.2620626285687));
#7229=CARTESIAN_POINT('Origin',(-9.57291285133749,182.412,43.2620626285689));
#7230=CARTESIAN_POINT('',(-9.01389585696279,182.412,44.3800966173187));
#7231=CARTESIAN_POINT('Origin',(-9.57291285133749,182.412,43.2620626285689));
#7232=CARTESIAN_POINT('Origin',(-9.57291285133749,182.412,43.2620626285689));
#7233=CARTESIAN_POINT('Ctrl Pts',(15.824816936994,186.757817617563,28.9687742257184));
#7234=CARTESIAN_POINT('Ctrl Pts',(15.6441676860464,186.725718670676,29.055120921185));
#7235=CARTESIAN_POINT('Ctrl Pts',(15.0371860095884,186.59380458452,29.1792986097824));
#7236=CARTESIAN_POINT('Ctrl Pts',(14.2283941336359,186.316241200154,28.8488653490214));
#7237=CARTESIAN_POINT('Ctrl Pts',(13.7424105686167,186.104773737422,28.1814041551827));
#7238=CARTESIAN_POINT('Ctrl Pts',(13.6317289223908,186.01112142172,27.5727320129305));
#7239=CARTESIAN_POINT('Ctrl Pts',(13.8406136209138,185.993811370827,26.9912919968511));
#7240=CARTESIAN_POINT('Ctrl Pts',(14.1580030739528,186.03408343555,26.7288532198588));
#7241=CARTESIAN_POINT('Ctrl Pts',(14.3386523249009,186.066182382437,26.642506524392));
#7242=CARTESIAN_POINT('Ctrl Pts',(15.8442196686116,186.866632587877,29.0038727425791));
#7243=CARTESIAN_POINT('Ctrl Pts',(15.6569346726595,186.838965539611,29.090913851508));
#7244=CARTESIAN_POINT('Ctrl Pts',(15.0273494843092,186.725278163357,29.2085288625175));
#7245=CARTESIAN_POINT('Ctrl Pts',(14.2282495998976,186.476743132183,28.8297095662617));
#7246=CARTESIAN_POINT('Ctrl Pts',(13.7945236380218,186.27606957912,28.1578996200924));
#7247=CARTESIAN_POINT('Ctrl Pts',(13.7103999919131,186.184271726178,27.5797200758616));
#7248=CARTESIAN_POINT('Ctrl Pts',(13.9090458634462,186.16696565141,27.0387544788749));
#7249=CARTESIAN_POINT('Ctrl Pts',(14.20060976475,186.206885931848,26.7857303239458));
#7250=CARTESIAN_POINT('Ctrl Pts',(14.3693080353022,186.238106639445,26.6979610856158));
#7251=CARTESIAN_POINT('Ctrl Pts',(15.9015483165565,187.069987910729,29.1075772392524));
#7252=CARTESIAN_POINT('Ctrl Pts',(15.6971291000605,187.051675460938,29.2011985032363));
#7253=CARTESIAN_POINT('Ctrl Pts',(15.0087917903335,186.976335918919,29.3226827792121));
#7254=CARTESIAN_POINT('Ctrl Pts',(14.1815545529067,186.801554730625,28.8619373090781));
#7255=CARTESIAN_POINT('Ctrl Pts',(13.8064306630906,186.64750527914,28.1460004039218));
#7256=CARTESIAN_POINT('Ctrl Pts',(13.7626448984925,186.573563196659,27.5822362534887));
#7257=CARTESIAN_POINT('Ctrl Pts',(13.9575934618443,186.559201739154,27.0735621524625));
#7258=CARTESIAN_POINT('Ctrl Pts',(14.22434842788,186.591752831022,26.8193899638551));
#7259=CARTESIAN_POINT('Ctrl Pts',(14.3834747095293,186.616601084125,26.7235878511671));
#7260=CARTESIAN_POINT('Ctrl Pts',(16.0545399235599,187.334385138549,29.3843309770135));
#7261=CARTESIAN_POINT('Ctrl Pts',(15.8095952860158,187.329917809153,29.5049053447709));
#7262=CARTESIAN_POINT('Ctrl Pts',(14.9816960360148,187.311589806995,29.6833198123912));
#7263=CARTESIAN_POINT('Ctrl Pts',(13.957874549754,187.26573022188,29.1454852476274));
#7264=CARTESIAN_POINT('Ctrl Pts',(13.503577942738,187.220838647721,28.2510023644168));
#7265=CARTESIAN_POINT('Ctrl Pts',(13.4628388958272,187.198153487713,27.5448704603925));
#7266=CARTESIAN_POINT('Ctrl Pts',(13.7107356323394,187.193646597775,26.9066270596613));
#7267=CARTESIAN_POINT('Ctrl Pts',(14.0405910164474,187.203840248332,26.5827140726837));
#7268=CARTESIAN_POINT('Ctrl Pts',(14.2374184361198,187.211381418786,26.4593797656305));
#7269=CARTESIAN_POINT('Ctrl Pts',(16.1946110208225,187.412,29.6377121949703));
#7270=CARTESIAN_POINT('Ctrl Pts',(15.914713834479,187.412045615032,29.7868457142393));
#7271=CARTESIAN_POINT('Ctrl Pts',(14.9662912038157,187.411759125236,30.0360099520842));
#7272=CARTESIAN_POINT('Ctrl Pts',(13.7111406719079,187.411746416488,29.4918212806484));
#7273=CARTESIAN_POINT('Ctrl Pts',(13.0722477822218,187.412567120935,28.4106961335565));
#7274=CARTESIAN_POINT('Ctrl Pts',(12.9803706893302,187.412872559678,27.4900193152027));
#7275=CARTESIAN_POINT('Ctrl Pts',(13.3057956196406,187.412763729219,26.6298364730892));
#7276=CARTESIAN_POINT('Ctrl Pts',(13.7561713900499,187.412178602154,26.2120827034573));
#7277=CARTESIAN_POINT('Ctrl Pts',(14.017668559918,187.412,26.0618638443157));
#7278=CARTESIAN_POINT('Ctrl Pts',(16.2787712716261,187.412,29.7899536442694));
#7279=CARTESIAN_POINT('Ctrl Pts',(15.9778806771422,187.412,29.9562882923747));
#7280=CARTESIAN_POINT('Ctrl Pts',(14.9572075048901,187.412,30.2482785417819));
#7281=CARTESIAN_POINT('Ctrl Pts',(13.5626979835046,187.412,29.7014636500528));
#7282=CARTESIAN_POINT('Ctrl Pts',(12.810980721493,187.412,28.508132536539));
#7283=CARTESIAN_POINT('Ctrl Pts',(12.6872447103965,187.412,27.4573075455201));
#7284=CARTESIAN_POINT('Ctrl Pts',(13.0597746106769,187.412,26.4620268714613));
#7285=CARTESIAN_POINT('Ctrl Pts',(13.5838073957842,187.412,25.9876617539467));
#7286=CARTESIAN_POINT('Ctrl Pts',(13.8846979902689,187.412,25.8213271058409));
#7287=CARTESIAN_POINT('',(14.3386523249009,186.066182382437,26.6425065243921));
#7288=CARTESIAN_POINT('Origin',(13.8846979902689,186.412,25.821327105841));
#7289=CARTESIAN_POINT('Ctrl Pts',(15.824816936994,186.757817617563,28.9687742257184));
#7290=CARTESIAN_POINT('Ctrl Pts',(15.6441676860464,186.725718670676,29.055120921185));
#7291=CARTESIAN_POINT('Ctrl Pts',(15.0371860095884,186.59380458452,29.1792986097824));
#7292=CARTESIAN_POINT('Ctrl Pts',(14.2283941336359,186.316241200154,28.8488653490214));
#7293=CARTESIAN_POINT('Ctrl Pts',(13.7424105686167,186.104773737422,28.1814041551827));
#7294=CARTESIAN_POINT('Ctrl Pts',(13.6317289223908,186.01112142172,27.5727320129305));
#7295=CARTESIAN_POINT('Ctrl Pts',(13.8406136209138,185.993811370827,26.9912919968511));
#7296=CARTESIAN_POINT('Ctrl Pts',(14.1580030739528,186.03408343555,26.7288532198588));
#7297=CARTESIAN_POINT('Ctrl Pts',(14.3386523249009,186.066182382437,26.642506524392));
#7298=CARTESIAN_POINT('Ctrl Pts',(14.338652324901,186.066182382437,26.6425065243919));
#7299=CARTESIAN_POINT('Ctrl Pts',(17.0595835253706,186.044959267375,25.1294171657117));
#7300=CARTESIAN_POINT('Ctrl Pts',(22.0363446370829,186.013595287246,21.272627455707));
#7301=CARTESIAN_POINT('Ctrl Pts',(27.4379108155928,185.998567172329,13.5326392819876));
#7302=CARTESIAN_POINT('Ctrl Pts',(30.2948056651131,186.014703048928,4.5358857936851));
#7303=CARTESIAN_POINT('Ctrl Pts',(30.3417272235127,186.062891377483,-4.90823815242577));
#7304=CARTESIAN_POINT('Ctrl Pts',(27.5644013749728,186.144395459455,-13.9445703934229));
#7305=CARTESIAN_POINT('Ctrl Pts',(22.1899839957648,186.257735361899,-21.7354612416807));
#7306=CARTESIAN_POINT('Ctrl Pts',(17.1999797520255,186.347902729239,-25.6050204419182));
#7307=CARTESIAN_POINT('Ctrl Pts',(14.4695860629258,186.393516727499,-27.1153667024047));
#7308=CARTESIAN_POINT('Ctrl Pts',(14.3693080353024,186.238106639445,26.6979610856157));
#7309=CARTESIAN_POINT('Ctrl Pts',(17.0981409601787,186.217464196813,25.1858122808724));
#7310=CARTESIAN_POINT('Ctrl Pts',(22.0910575188188,186.186639625955,21.3258795128842));
#7311=CARTESIAN_POINT('Ctrl Pts',(27.5096182496159,186.171722949433,13.567982040764));
#7312=CARTESIAN_POINT('Ctrl Pts',(30.3701424890119,186.187726248122,4.54685974784949));
#7313=CARTESIAN_POINT('Ctrl Pts',(30.4057743064541,186.2350803807,-4.91935721525808));
#7314=CARTESIAN_POINT('Ctrl Pts',(27.6060979390571,186.313760892571,-13.9672676098743));
#7315=CARTESIAN_POINT('Ctrl Pts',(22.2066252319846,186.420622981348,-21.7545675587391));
#7316=CARTESIAN_POINT('Ctrl Pts',(17.2049866771978,186.503452639776,-25.6134515136358));
#7317=CARTESIAN_POINT('Ctrl Pts',(14.4709395677384,186.544850932701,-27.1178151211338));
#7318=CARTESIAN_POINT('Ctrl Pts',(14.3834749039837,186.616601517292,26.7235882029244));
#7319=CARTESIAN_POINT('Ctrl Pts',(17.1186366166104,186.600172400892,25.2167505573721));
#7320=CARTESIAN_POINT('Ctrl Pts',(22.1262711185901,186.575199667727,21.3612120191322));
#7321=CARTESIAN_POINT('Ctrl Pts',(27.5598907941545,186.56297646098,13.5927654812187));
#7322=CARTESIAN_POINT('Ctrl Pts',(30.4192180322805,186.576114615028,4.55317624321721));
#7323=CARTESIAN_POINT('Ctrl Pts',(30.4357082985681,186.614407807721,-4.92634132438243));
#7324=CARTESIAN_POINT('Ctrl Pts',(27.6061926049215,186.676485987443,-13.9710819712215));
#7325=CARTESIAN_POINT('Ctrl Pts',(22.1802417514002,186.757843989086,-21.7344900462707));
#7326=CARTESIAN_POINT('Ctrl Pts',(17.1728088434341,186.818566862361,-25.5688669321648));
#7327=CARTESIAN_POINT('Ctrl Pts',(14.4397330526382,186.848294175002,-27.0613641832971));
#7328=CARTESIAN_POINT('Ctrl Pts',(14.2374186659841,187.211382152736,26.4593801814425));
#7329=CARTESIAN_POINT('Ctrl Pts',(16.9476532184441,187.206396097312,24.9707462150009));
#7330=CARTESIAN_POINT('Ctrl Pts',(21.9115871331433,187.198725901104,21.1574081267745));
#7331=CARTESIAN_POINT('Ctrl Pts',(27.2975656941014,187.194904934851,13.4633426625243));
#7332=CARTESIAN_POINT('Ctrl Pts',(30.1266188349641,187.19899247142,4.50676312040163));
#7333=CARTESIAN_POINT('Ctrl Pts',(30.132555954095,187.210775588906,-4.8820813502296));
#7334=CARTESIAN_POINT('Ctrl Pts',(27.3177204187108,187.229344437829,-13.8320416863014));
#7335=CARTESIAN_POINT('Ctrl Pts',(21.9377042262444,187.252801120848,-21.5057666200589));
#7336=CARTESIAN_POINT('Ctrl Pts',(16.9817875167772,187.269508660474,-25.2938709462212));
#7337=CARTESIAN_POINT('Ctrl Pts',(14.2780486609901,187.277539501438,-26.7688856571696));
#7338=CARTESIAN_POINT('Ctrl Pts',(14.0176685599181,187.412,26.0618638443156));
#7339=CARTESIAN_POINT('Ctrl Pts',(16.6851449012049,187.412118087801,24.5910053502087));
#7340=CARTESIAN_POINT('Ctrl Pts',(21.5688663890601,187.412076453214,20.829498988219));
#7341=CARTESIAN_POINT('Ctrl Pts',(26.8688091180206,187.412153860088,13.2518010205074));
#7342=CARTESIAN_POINT('Ctrl Pts',(29.6581229422655,187.412199456039,4.43445517903351));
#7343=CARTESIAN_POINT('Ctrl Pts',(29.6758861144876,187.412062774143,-4.81187809078295));
#7344=CARTESIAN_POINT('Ctrl Pts',(26.9213718435152,187.412096957636,-13.6360803881539));
#7345=CARTESIAN_POINT('Ctrl Pts',(21.6388110896583,187.411891600682,-21.2178288811142));
#7346=CARTESIAN_POINT('Ctrl Pts',(16.7606297974938,187.412134955806,-24.9733438324549));
#7347=CARTESIAN_POINT('Ctrl Pts',(14.0957074563737,187.412,-26.4390400472447));
#7348=CARTESIAN_POINT('Ctrl Pts',(13.8846979902689,187.412,25.8213271058409));
#7349=CARTESIAN_POINT('Ctrl Pts',(16.5261282688525,187.412,24.3611240156232));
#7350=CARTESIAN_POINT('Ctrl Pts',(21.3612917007101,187.412,20.6307097646858));
#7351=CARTESIAN_POINT('Ctrl Pts',(26.6088457153269,187.412,13.1236053441638));
#7352=CARTESIAN_POINT('Ctrl Pts',(29.3741626876615,187.412,4.39068699322987));
#7353=CARTESIAN_POINT('Ctrl Pts',(29.3994829618064,187.412,-4.76929274159892));
#7354=CARTESIAN_POINT('Ctrl Pts',(26.6818462113003,187.412,-13.5174827688021));
#7355=CARTESIAN_POINT('Ctrl Pts',(21.4586153492973,187.412,-21.0440471392515));
#7356=CARTESIAN_POINT('Ctrl Pts',(16.6272947826973,187.412,-24.7801368570658));
#7357=CARTESIAN_POINT('Ctrl Pts',(13.9858645041133,187.412,-26.2403399472837));
#7358=CARTESIAN_POINT('',(18.0710645638857,187.408878629518,23.1211752877945));
#7359=CARTESIAN_POINT('Ctrl Pts',(18.0706916456664,187.408734751788,23.1205652149463));
#7360=CARTESIAN_POINT('Ctrl Pts',(18.0545859724547,187.408738814294,23.1333195970827));
#7361=CARTESIAN_POINT('Ctrl Pts',(18.0383825165039,187.408754345343,23.1459483765971));
#7362=CARTESIAN_POINT('Ctrl Pts',(18.0220813980548,187.408781065209,23.1584520302524));
#7363=CARTESIAN_POINT('Ctrl Pts',(17.9967423530957,187.408822599529,23.1778881593199));
#7364=CARTESIAN_POINT('Ctrl Pts',(17.9711737394122,187.408891257473,23.1970170415247));
#7365=CARTESIAN_POINT('Ctrl Pts',(17.9453765433751,187.408984256016,23.2158406338977));
#7366=CARTESIAN_POINT('Ctrl Pts',(17.886541577737,187.409196355271,23.2587710907141));
#7367=CARTESIAN_POINT('Ctrl Pts',(17.8265868364525,187.409538333841,23.3000631254578));
#7368=CARTESIAN_POINT('Ctrl Pts',(17.7655452479299,187.409937580741,23.3397400736506));
#7369=CARTESIAN_POINT('Ctrl Pts',(17.7512744191454,187.410030920123,23.3490160926412));
#7370=CARTESIAN_POINT('Ctrl Pts',(17.7369441751698,187.410127165036,23.3582038299381));
#7371=CARTESIAN_POINT('Ctrl Pts',(17.7225549200577,187.410224980701,23.3673035778322));
#7372=CARTESIAN_POINT('Ctrl Pts',(17.6588707632377,187.410657894571,23.407577363195));
#7373=CARTESIAN_POINT('Ctrl Pts',(17.5941261022117,187.411125113644,23.4460674585876));
#7374=CARTESIAN_POINT('Ctrl Pts',(17.528402935906,187.411476914778,23.4827929977382));
#7375=CARTESIAN_POINT('Ctrl Pts',(17.4780794415567,187.411746284976,23.5109133328622));
#7376=CARTESIAN_POINT('Ctrl Pts',(17.4271822122418,187.411946845557,23.5379991391384));
#7377=CARTESIAN_POINT('Ctrl Pts',(17.3757490626927,187.411991022695,23.5640619274329));
#7378=CARTESIAN_POINT('Ctrl Pts',(17.3683303690372,187.411997394784,23.5678212119383));
#7379=CARTESIAN_POINT('Ctrl Pts',(17.3609008200024,187.412000484268,23.5715590533508));
#7380=CARTESIAN_POINT('Ctrl Pts',(17.3534605342699,187.412,23.5752754884683));
#7381=CARTESIAN_POINT('',(14.4695860629258,186.393516727499,-27.1153667024046));
#7382=CARTESIAN_POINT('Ctrl Pts',(14.338652324901,186.066182382437,26.6425065243919));
#7383=CARTESIAN_POINT('Ctrl Pts',(17.0595835253706,186.044959267375,25.1294171657117));
#7384=CARTESIAN_POINT('Ctrl Pts',(22.0363446370829,186.013595287246,21.272627455707));
#7385=CARTESIAN_POINT('Ctrl Pts',(27.4379108155928,185.998567172329,13.5326392819876));
#7386=CARTESIAN_POINT('Ctrl Pts',(30.2948056651131,186.014703048928,4.5358857936851));
#7387=CARTESIAN_POINT('Ctrl Pts',(30.3417272235127,186.062891377483,-4.90823815242577));
#7388=CARTESIAN_POINT('Ctrl Pts',(27.5644013749728,186.144395459455,-13.9445703934229));
#7389=CARTESIAN_POINT('Ctrl Pts',(22.1899839957648,186.257735361899,-21.7354612416807));
#7390=CARTESIAN_POINT('Ctrl Pts',(17.1999797520255,186.347902729239,-25.6050204419182));
#7391=CARTESIAN_POINT('Ctrl Pts',(14.4695860629258,186.393516727499,-27.1153667024047));
#7392=CARTESIAN_POINT('Origin',(13.9858645041133,186.412,-26.2403399472836));
#7393=CARTESIAN_POINT('',(18.0460625764385,187.411991425272,-23.5410303436872));
#7394=CARTESIAN_POINT('Ctrl Pts',(17.8838112314594,187.412,-23.6625375702108));
#7395=CARTESIAN_POINT('Ctrl Pts',(17.8902965407914,187.412000069406,-23.6578706426571));
#7396=CARTESIAN_POINT('Ctrl Pts',(17.8967694559434,187.411999978618,-23.6531865440412));
#7397=CARTESIAN_POINT('Ctrl Pts',(17.9032299241605,187.411999778084,-23.6484852916151));
#7398=CARTESIAN_POINT('Ctrl Pts',(17.9151998313832,187.411999406536,-23.6397748462603));
#7399=CARTESIAN_POINT('Ctrl Pts',(17.9271267709005,187.411998662475,-23.6310056888522));
#7400=CARTESIAN_POINT('Ctrl Pts',(17.9390104204171,187.411997811938,-23.6221779297332));
#7401=CARTESIAN_POINT('Ctrl Pts',(17.9608194368553,187.411996251021,-23.6059771200855));
#7402=CARTESIAN_POINT('Ctrl Pts',(17.9824811246428,187.411994379426,-23.5895800754253));
#7403=CARTESIAN_POINT('Ctrl Pts',(18.003993596054,187.41199321394,-23.572987519975));
#7404=CARTESIAN_POINT('Ctrl Pts',(18.0179443168141,187.411992458128,-23.562227337969));
#7405=CARTESIAN_POINT('Ctrl Pts',(18.0318315843271,187.411991982809,-23.5513854753455));
#7406=CARTESIAN_POINT('Ctrl Pts',(18.0456549163121,187.411991881444,-23.5404621408044));
#7407=CARTESIAN_POINT('Ctrl Pts',(18.0460625764361,187.411991425272,-23.541030343684));
#7408=CARTESIAN_POINT('Ctrl Pts',(21.0806733983779,187.411970037619,-21.1427833316328));
#7409=CARTESIAN_POINT('Ctrl Pts',(23.6186441818552,187.41188520306,-18.1755688330387));
#7410=CARTESIAN_POINT('Ctrl Pts',(27.4205774363554,187.411162381733,-11.4291016072156));
#7411=CARTESIAN_POINT('Ctrl Pts',(28.6454365897325,187.410506138813,-7.71267112706838));
#7412=CARTESIAN_POINT('Ctrl Pts',(29.6015701146393,187.408990963924,-0.0133885089952912));
#7413=CARTESIAN_POINT('Ctrl Pts',(29.3212876945603,187.408187618921,3.89597171086749));
#7414=CARTESIAN_POINT('Ctrl Pts',(27.4673286964162,187.407420287465,10.6816430578088));
#7415=CARTESIAN_POINT('Ctrl Pts',(26.1585742542866,187.407341767364,13.5710062181428));
#7416=CARTESIAN_POINT('Ctrl Pts',(22.6840584692158,187.407777871976,18.8292548158523));
#7417=CARTESIAN_POINT('Ctrl Pts',(20.5407138547098,187.408282229631,21.1651794846268));
#7418=CARTESIAN_POINT('Ctrl Pts',(18.0710645638857,187.408878629518,23.1211752877946));
#7419=CARTESIAN_POINT('Ctrl Pts',(14.4695860629259,186.393516727499,-27.1153667024047));
#7420=CARTESIAN_POINT('Ctrl Pts',(14.2909573334459,186.330829858145,-27.2127899051644));
#7421=CARTESIAN_POINT('Ctrl Pts',(13.968566910573,186.207077531523,-27.4723398270008));
#7422=CARTESIAN_POINT('Ctrl Pts',(13.6742689633164,186.066997453276,-28.0172719823191));
#7423=CARTESIAN_POINT('Ctrl Pts',(13.6638485979526,185.997216019304,-28.6355985682783));
#7424=CARTESIAN_POINT('Ctrl Pts',(13.9681496167764,186.005208847947,-29.1726219455046));
#7425=CARTESIAN_POINT('Ctrl Pts',(14.6830348329917,186.117247295375,-29.5870417827388));
#7426=CARTESIAN_POINT('Ctrl Pts',(15.3366257400098,186.305109533793,-29.4907604532246));
#7427=CARTESIAN_POINT('Ctrl Pts',(15.6938831989693,186.430483272501,-29.2959140477056));
#7428=CARTESIAN_POINT('Ctrl Pts',(14.4709395677385,186.544850932701,-27.1178151211337));
#7429=CARTESIAN_POINT('Ctrl Pts',(14.29733169794,186.487957665742,-27.223460225077));
#7430=CARTESIAN_POINT('Ctrl Pts',(13.9938218125187,186.373650943683,-27.4971665697766));
#7431=CARTESIAN_POINT('Ctrl Pts',(13.7380898929422,186.239255645441,-28.0340405990589));
#7432=CARTESIAN_POINT('Ctrl Pts',(13.7441396409625,186.170258196429,-28.6146548942058));
#7433=CARTESIAN_POINT('Ctrl Pts',(14.0268649730917,186.178083881402,-29.1159142682577));
#7434=CARTESIAN_POINT('Ctrl Pts',(14.6859501536095,186.288695412938,-29.5286554402924));
#7435=CARTESIAN_POINT('Ctrl Pts',(15.3284296376939,186.465206685579,-29.477430581337));
#7436=CARTESIAN_POINT('Ctrl Pts',(15.6952052195719,186.578297255342,-29.2983055131612));
#7437=CARTESIAN_POINT('Ctrl Pts',(14.4397329584729,186.848293911812,-27.0613640129568));
#7438=CARTESIAN_POINT('Ctrl Pts',(14.2647902149848,186.807439958315,-27.1833169337892));
#7439=CARTESIAN_POINT('Ctrl Pts',(13.9738158189395,186.723133909149,-27.4913525099238));
#7440=CARTESIAN_POINT('Ctrl Pts',(13.7660459434637,186.618285257142,-28.0461522665916));
#7441=CARTESIAN_POINT('Ctrl Pts',(13.8013591203768,186.562064252835,-28.601063678194));
#7442=CARTESIAN_POINT('Ctrl Pts',(14.0662291040074,186.568371169032,-29.0753261064903));
#7443=CARTESIAN_POINT('Ctrl Pts',(14.673448140441,186.658263077983,-29.5132844311639));
#7444=CARTESIAN_POINT('Ctrl Pts',(15.3333165079008,186.791779262726,-29.5282241903673));
#7445=CARTESIAN_POINT('Ctrl Pts',(15.7301712529754,186.872220921415,-29.3615572210729));
#7446=CARTESIAN_POINT('Ctrl Pts',(14.2780485538945,187.277539090446,-26.7688854634392));
#7447=CARTESIAN_POINT('Ctrl Pts',(14.0627883490504,187.266502384665,-26.9148644673665));
#7448=CARTESIAN_POINT('Ctrl Pts',(13.7044907804744,187.243022586231,-27.2925308270577));
#7449=CARTESIAN_POINT('Ctrl Pts',(13.4577333966228,187.211895396497,-27.9868545722111));
#7450=CARTESIAN_POINT('Ctrl Pts',(13.5138179412885,187.194415637551,-28.6819495049464));
#7451=CARTESIAN_POINT('Ctrl Pts',(13.8452933740872,187.19634952495,-29.2781030088829));
#7452=CARTESIAN_POINT('Ctrl Pts',(14.5956478810139,187.22422890624,-29.8420276791635));
#7453=CARTESIAN_POINT('Ctrl Pts',(15.4124902591044,187.262471875161,-29.8657190575136));
#7454=CARTESIAN_POINT('Ctrl Pts',(15.8921542852996,187.28395671578,-29.6545759724126));
#7455=CARTESIAN_POINT('Ctrl Pts',(14.0957074563737,187.412,-26.4390400472447));
#7456=CARTESIAN_POINT('Ctrl Pts',(13.8271020970479,187.412185468437,-26.5978253688278));
#7457=CARTESIAN_POINT('Ctrl Pts',(13.3611789203363,187.412551645959,-27.0274821805547));
#7458=CARTESIAN_POINT('Ctrl Pts',(12.9974084730205,187.413236572389,-27.8891824881805));
#7459=CARTESIAN_POINT('Ctrl Pts',(13.0414806391493,187.413625284283,-28.8113644195547));
#7460=CARTESIAN_POINT('Ctrl Pts',(13.4889443851373,187.41362294063,-29.6117377456196));
#7461=CARTESIAN_POINT('Ctrl Pts',(14.5059678482359,187.412933109535,-30.313060924392));
#7462=CARTESIAN_POINT('Ctrl Pts',(15.5143643203492,187.412345770825,-30.2636130261731));
#7463=CARTESIAN_POINT('Ctrl Pts',(16.0703168895894,187.412,-29.9768627150138));
#7464=CARTESIAN_POINT('Ctrl Pts',(13.9858645041133,187.412,-26.2403399472837));
#7465=CARTESIAN_POINT('Ctrl Pts',(13.6849742342066,187.412,-26.4066744159602));
#7466=CARTESIAN_POINT('Ctrl Pts',(13.1536903917625,187.412,-26.8671991317655));
#7467=CARTESIAN_POINT('Ctrl Pts',(12.7180627221039,187.412,-27.8298722335109));
#7468=CARTESIAN_POINT('Ctrl Pts',(12.7541439584416,187.412,-28.8901091927358));
#7469=CARTESIAN_POINT('Ctrl Pts',(13.2722409713543,187.412,-29.8147604149256));
#7470=CARTESIAN_POINT('Ctrl Pts',(14.4519426596753,187.412,-30.5986209592302));
#7471=CARTESIAN_POINT('Ctrl Pts',(15.5758242179691,187.412,-30.5036097401792));
#7472=CARTESIAN_POINT('Ctrl Pts',(16.1776047577817,187.412,-30.1709408028267));
#7473=CARTESIAN_POINT('Ctrl Pts',(14.4695860629259,186.393516727499,-27.1153667024047));
#7474=CARTESIAN_POINT('Ctrl Pts',(14.2909573334459,186.330829858145,-27.2127899051644));
#7475=CARTESIAN_POINT('Ctrl Pts',(13.968566910573,186.207077531523,-27.4723398270008));
#7476=CARTESIAN_POINT('Ctrl Pts',(13.6742689633164,186.066997453276,-28.0172719823191));
#7477=CARTESIAN_POINT('Ctrl Pts',(13.6638485979526,185.997216019304,-28.6355985682783));
#7478=CARTESIAN_POINT('Ctrl Pts',(13.9681496167764,186.005208847947,-29.1726219455046));
#7479=CARTESIAN_POINT('Ctrl Pts',(14.6830348329917,186.117247295375,-29.5870417827388));
#7480=CARTESIAN_POINT('Ctrl Pts',(15.3366257400098,186.305109533793,-29.4907604532246));
#7481=CARTESIAN_POINT('Ctrl Pts',(15.6938831989693,186.430483272501,-29.2959140477056));
#7482=CARTESIAN_POINT('Ctrl Pts',(14.9224371983104,187.525644565961,26.9343989610968));
#7483=CARTESIAN_POINT('Ctrl Pts',(13.9340125641784,187.789508798507,27.5919270666275));
#7484=CARTESIAN_POINT('Ctrl Pts',(14.3852024335203,187.405595324308,28.6091146989383));
#7485=CARTESIAN_POINT('Ctrl Pts',(14.8363923028621,187.02168185011,29.6263023312492));
#7486=CARTESIAN_POINT('Ctrl Pts',(15.8248169369941,186.757817617563,28.9687742257184));
#7487=CARTESIAN_POINT('Ctrl Pts',(12.8417158104528,182.323841096317,25.894038267168));
#7488=CARTESIAN_POINT('Ctrl Pts',(11.8532911763208,182.587705328863,26.5515663726986));
#7489=CARTESIAN_POINT('Ctrl Pts',(12.3044810456626,182.203791854664,27.5687540050095));
#7490=CARTESIAN_POINT('Ctrl Pts',(12.7556709150045,181.819878380466,28.5859416373204));
#7491=CARTESIAN_POINT('Ctrl Pts',(13.7440955491365,181.556014147919,27.9284135317895));
#7492=CARTESIAN_POINT('',(16.0864898899689,187.412,29.0996107022058));
#7493=CARTESIAN_POINT('',(12.876979371926,182.412,25.9116700479046));
#7494=CARTESIAN_POINT('Ctrl Pts',(16.7539791062082,189.080723040598,29.4333553103255));
#7495=CARTESIAN_POINT('Ctrl Pts',(32.2615626117999,184.9409065295,19.1172708546339));
#7496=CARTESIAN_POINT('Ctrl Pts',(33.5689952483822,188.209488120955,0.159497624191191));
#7497=CARTESIAN_POINT('Ctrl Pts',(34.8764278849646,191.478069712411,-18.7982756062516));
#7498=CARTESIAN_POINT('Ctrl Pts',(20.6339271998359,198.780593274667,-26.8258920472722));
#7499=CARTESIAN_POINT('Ctrl Pts',(10.2065417963412,172.712129765931,26.1596366553919));
#7500=CARTESIAN_POINT('Ctrl Pts',(25.7141253019328,168.572313254833,15.8435521997004));
#7501=CARTESIAN_POINT('Ctrl Pts',(27.0215579385152,171.840894846288,-3.11422103074234));
#7502=CARTESIAN_POINT('Ctrl Pts',(28.3289905750975,175.109476437744,-22.0719942611851));
#7503=CARTESIAN_POINT('Ctrl Pts',(14.0864898899689,182.412,-30.0996107022058));
#7504=CARTESIAN_POINT('',(14.086489889969,182.412,-30.0996107022057));
#7505=CARTESIAN_POINT('Ctrl Pts',(17.5461418237326,186.787125022713,22.4551405074499));
#7506=CARTESIAN_POINT('Ctrl Pts',(17.3836723056329,186.763492151589,22.5710108966502));
#7507=CARTESIAN_POINT('Ctrl Pts',(16.8030169038193,186.657200671192,22.7878047981144));
#7508=CARTESIAN_POINT('Ctrl Pts',(15.7491839094639,186.318309243392,22.5094076563672));
#7509=CARTESIAN_POINT('Ctrl Pts',(15.1443777058457,186.048515929191,21.5927927645873));
#7510=CARTESIAN_POINT('Ctrl Pts',(15.2723823753965,185.991969821279,20.7709549830671));
#7511=CARTESIAN_POINT('Ctrl Pts',(15.5360860427109,186.013242106163,20.4574725829641));
#7512=CARTESIAN_POINT('Ctrl Pts',(15.6985555608102,186.036874977287,20.3416021937641));
#7513=CARTESIAN_POINT('Ctrl Pts',(17.5723752566178,186.891852335902,22.4884261271666));
#7514=CARTESIAN_POINT('Ctrl Pts',(17.4036319556844,186.871552875253,22.6069952647745));
#7515=CARTESIAN_POINT('Ctrl Pts',(16.7997223856944,186.780352455166,22.8267469181254));
#7516=CARTESIAN_POINT('Ctrl Pts',(15.7385773921011,186.480893145245,22.4873587412872));
#7517=CARTESIAN_POINT('Ctrl Pts',(15.2156895503173,186.221688743322,21.5694708674136));
#7518=CARTESIAN_POINT('Ctrl Pts',(15.349056313883,186.164947700865,20.8070264115336));
#7519=CARTESIAN_POINT('Ctrl Pts',(15.5912177990565,186.186325262146,20.5097468587684));
#7520=CARTESIAN_POINT('Ctrl Pts',(15.7417963027294,186.209497704221,20.3964671021459));
#7521=CARTESIAN_POINT('Ctrl Pts',(17.6470491011686,187.086642234747,22.5831741231066));
#7522=CARTESIAN_POINT('Ctrl Pts',(17.4625536236771,187.073281353931,22.7121362906883));
#7523=CARTESIAN_POINT('Ctrl Pts',(16.8019898306037,187.013173567472,22.9529572926488));
#7524=CARTESIAN_POINT('Ctrl Pts',(15.6745846447259,186.807132312363,22.5205725319701));
#7525=CARTESIAN_POINT('Ctrl Pts',(15.2517496760548,186.604534198277,21.5472126556884));
#7526=CARTESIAN_POINT('Ctrl Pts',(15.4053232846071,186.55726442473,20.8342169637642));
#7527=CARTESIAN_POINT('Ctrl Pts',(15.6265359733874,186.575004355036,20.5444484392294));
#7528=CARTESIAN_POINT('Ctrl Pts',(15.7666514544478,186.593659886736,20.4280039250894));
#7529=CARTESIAN_POINT('Ctrl Pts',(17.8404239935156,187.338431732023,22.8285329046882));
#7530=CARTESIAN_POINT('Ctrl Pts',(17.6196907977574,187.335196222614,22.9901769676841));
#7531=CARTESIAN_POINT('Ctrl Pts',(16.8311851101512,187.320674764014,23.3095934679159));
#7532=CARTESIAN_POINT('Ctrl Pts',(15.4397172929516,187.268047755505,22.8263508907202));
#7533=CARTESIAN_POINT('Ctrl Pts',(14.9302428346556,187.207994441206,21.6030013893836));
#7534=CARTESIAN_POINT('Ctrl Pts',(15.136115966904,187.192979870246,20.710834780377));
#7535=CARTESIAN_POINT('Ctrl Pts',(15.4097984193661,187.198669979175,20.3440615649336));
#7536=CARTESIAN_POINT('Ctrl Pts',(15.5832578796419,187.20440107144,20.195309682739));
#7537=CARTESIAN_POINT('Ctrl Pts',(18.0150350109444,187.412,23.0500836239522));
#7538=CARTESIAN_POINT('Ctrl Pts',(17.7635055179188,187.41203143231,23.2436758485604));
#7539=CARTESIAN_POINT('Ctrl Pts',(16.8666210461518,187.411666513268,23.6431176137343));
#7540=CARTESIAN_POINT('Ctrl Pts',(15.1998889020628,187.411906526128,23.2009410334085));
#7541=CARTESIAN_POINT('Ctrl Pts',(14.4411619264173,187.412444108429,21.7093413516021));
#7542=CARTESIAN_POINT('Ctrl Pts',(14.689457899962,187.412624092886,20.5043490139731));
#7543=CARTESIAN_POINT('Ctrl Pts',(15.0642255313494,187.412139634423,20.0216372387956));
#7544=CARTESIAN_POINT('Ctrl Pts',(15.2976689367608,187.412,19.8329474639005));
#7545=CARTESIAN_POINT('Ctrl Pts',(18.1199337698788,187.412,23.1831817287226));
#7546=CARTESIAN_POINT('Ctrl Pts',(17.8499103299361,187.412,23.3959956059904));
#7547=CARTESIAN_POINT('Ctrl Pts',(16.8880545430782,187.412,23.8437328755548));
#7548=CARTESIAN_POINT('Ctrl Pts',(15.055902018731,187.412,23.4275176547939));
#7549=CARTESIAN_POINT('Ctrl Pts',(14.1446252839732,187.412,21.7748772542859));
#7550=CARTESIAN_POINT('Ctrl Pts',(14.418109061208,187.412,20.3793507178421));
#7551=CARTESIAN_POINT('Ctrl Pts',(14.8547401747219,187.412,19.8263748497586));
#7552=CARTESIAN_POINT('Ctrl Pts',(15.124763614664,187.412,19.6135609724913));
#7553=CARTESIAN_POINT('',(17.5461418237325,186.787125022713,22.45514050745));
#7554=CARTESIAN_POINT('Origin',(18.1199337698789,186.412,23.1831817287227));
#7555=CARTESIAN_POINT('',(15.6985555608105,186.036874977287,20.3416021937642));
#7556=CARTESIAN_POINT('Ctrl Pts',(17.5461418237326,186.787125022713,22.4551405074499));
#7557=CARTESIAN_POINT('Ctrl Pts',(17.3836723056329,186.763492151589,22.5710108966502));
#7558=CARTESIAN_POINT('Ctrl Pts',(16.8030169038193,186.657200671192,22.7878047981144));
#7559=CARTESIAN_POINT('Ctrl Pts',(15.7491839094639,186.318309243392,22.5094076563672));
#7560=CARTESIAN_POINT('Ctrl Pts',(15.1443777058457,186.048515929191,21.5927927645873));
#7561=CARTESIAN_POINT('Ctrl Pts',(15.2723823753965,185.991969821279,20.7709549830671));
#7562=CARTESIAN_POINT('Ctrl Pts',(15.5360860427109,186.013242106163,20.4574725829641));
#7563=CARTESIAN_POINT('Ctrl Pts',(15.6985555608102,186.036874977287,20.3416021937641));
#7564=CARTESIAN_POINT('Origin',(15.1247636146641,186.412,19.6135609724914));
#7565=CARTESIAN_POINT('Ctrl Pts',(17.4321518783316,186.50215015921,-22.7620854710653));
#7566=CARTESIAN_POINT('Ctrl Pts',(21.3230556458577,186.576131841561,-19.7040696809427));
#7567=CARTESIAN_POINT('Ctrl Pts',(25.9548103921233,186.676379483197,-13.5951089139172));
#7568=CARTESIAN_POINT('Ctrl Pts',(29.2181448044967,186.784892169215,-1.52842635255233));
#7569=CARTESIAN_POINT('Ctrl Pts',(27.6300898965659,186.834431570742,11.1935107930827));
#7570=CARTESIAN_POINT('Ctrl Pts',(21.4477444213844,186.813254385845,19.3936292845545));
#7571=CARTESIAN_POINT('Ctrl Pts',(17.5461418237327,186.787125022713,22.4551405074499));
#7572=CARTESIAN_POINT('Ctrl Pts',(17.4478444039933,186.782220799176,-22.7819965305083));
#7573=CARTESIAN_POINT('Ctrl Pts',(21.3542611201188,186.840164794618,-19.7373284144465));
#7574=CARTESIAN_POINT('Ctrl Pts',(26.0144294385003,186.915618875888,-13.6287398257844));
#7575=CARTESIAN_POINT('Ctrl Pts',(29.3047957686133,186.994487034442,-1.53454615543749));
#7576=CARTESIAN_POINT('Ctrl Pts',(27.7186617849544,187.029694423806,11.2290904147809));
#7577=CARTESIAN_POINT('Ctrl Pts',(21.5138486660343,187.014730212264,19.4542130908628));
#7578=CARTESIAN_POINT('Ctrl Pts',(17.5984619337048,186.995993780649,22.5215255395457));
#7579=CARTESIAN_POINT('Ctrl Pts',(17.6109535349465,187.248218715323,-22.9889533755764));
#7580=CARTESIAN_POINT('Ctrl Pts',(21.5584643349176,187.265291842253,-19.922804835954));
#7581=CARTESIAN_POINT('Ctrl Pts',(26.2683313652155,187.286374120542,-13.7588679979669));
#7582=CARTESIAN_POINT('Ctrl Pts',(29.588143150839,187.307902498279,-1.54719731009595));
#7583=CARTESIAN_POINT('Ctrl Pts',(27.9834281410067,187.317169745676,11.3369133490076));
#7584=CARTESIAN_POINT('Ctrl Pts',(21.72145027216,187.313236062255,19.6405080830203));
#7585=CARTESIAN_POINT('Ctrl Pts',(17.769260576915,187.308183468304,22.7382390253827));
#7586=CARTESIAN_POINT('Ctrl Pts',(17.9155104683773,187.411118001379,-23.3753826436261));
#7587=CARTESIAN_POINT('Ctrl Pts',(21.9138246051471,187.411057778268,-20.237828247232));
#7588=CARTESIAN_POINT('Ctrl Pts',(26.6659029615156,187.411326386779,-13.9565349401936));
#7589=CARTESIAN_POINT('Ctrl Pts',(29.9935718387731,187.411338156927,-1.56252735905978));
#7590=CARTESIAN_POINT('Ctrl Pts',(28.3479557698248,187.411473345678,11.4860617869893));
#7591=CARTESIAN_POINT('Ctrl Pts',(22.013015242718,187.411437496692,19.9007260036102));
#7592=CARTESIAN_POINT('Ctrl Pts',(18.0132751079145,187.411433759568,23.0478506160478));
#7593=CARTESIAN_POINT('Ctrl Pts',(18.0460625764387,187.411991425272,-23.5410303436873));
#7594=CARTESIAN_POINT('Ctrl Pts',(22.0661531345741,187.411992285732,-20.3729364069127));
#7595=CARTESIAN_POINT('Ctrl Pts',(26.8363215662888,187.411993367175,-14.0412628320889));
#7596=CARTESIAN_POINT('Ctrl Pts',(30.1673818951478,187.411994477926,-1.56913579865172));
#7597=CARTESIAN_POINT('Ctrl Pts',(28.5042296315359,187.411994962199,11.549997286153));
#7598=CARTESIAN_POINT('Ctrl Pts',(22.1379977247982,187.411994756668,20.0122960889346));
#7599=CARTESIAN_POINT('Ctrl Pts',(18.1178798772277,187.411994495053,23.1805756996138));
#7600=CARTESIAN_POINT('',(17.4321518783313,186.50215015921,-22.7620854710652));
#7601=CARTESIAN_POINT('Origin',(18.0486259448764,186.412,-23.544282808105));
#7602=CARTESIAN_POINT('Ctrl Pts',(17.4321518783316,186.50215015921,-22.7620854710653));
#7603=CARTESIAN_POINT('Ctrl Pts',(21.3230556458577,186.576131841561,-19.7040696809427));
#7604=CARTESIAN_POINT('Ctrl Pts',(25.9548103921233,186.676379483197,-13.5951089139172));
#7605=CARTESIAN_POINT('Ctrl Pts',(29.2181448044967,186.784892169215,-1.52842635255233));
#7606=CARTESIAN_POINT('Ctrl Pts',(27.6300898965659,186.834431570742,11.1935107930827));
#7607=CARTESIAN_POINT('Ctrl Pts',(21.4477444213844,186.813254385845,19.3936292845545));
#7608=CARTESIAN_POINT('Ctrl Pts',(17.5461418237327,186.787125022713,22.4551405074499));
#7609=CARTESIAN_POINT('Ctrl Pts',(15.6985555608103,186.036874977287,20.3416021937641));
#7610=CARTESIAN_POINT('Ctrl Pts',(19.2288648010201,186.010834343149,17.5458381031654));
#7611=CARTESIAN_POINT('Ctrl Pts',(23.4092308709201,185.995064933744,11.9706724208661));
#7612=CARTESIAN_POINT('Ctrl Pts',(26.3452994658736,186.02469614525,1.00823285408862));
#7613=CARTESIAN_POINT('Ctrl Pts',(24.9323407814986,186.112323974721,-10.5395054756882));
#7614=CARTESIAN_POINT('Ctrl Pts',(19.3557077208769,186.246869096339,-18.0335390963986));
#7615=CARTESIAN_POINT('Ctrl Pts',(15.8125455062115,186.32184984079,-20.8346572301487));
#7616=CARTESIAN_POINT('Ctrl Pts',(15.7417963027294,186.209497704221,20.396467102146));
#7617=CARTESIAN_POINT('Ctrl Pts',(19.2852080371128,186.183964408542,17.5978484402688));
#7618=CARTESIAN_POINT('Ctrl Pts',(23.4819590531922,186.168266845793,12.007490514562));
#7619=CARTESIAN_POINT('Ctrl Pts',(26.4201414136836,186.197569111485,1.01044295833421));
#7620=CARTESIAN_POINT('Ctrl Pts',(24.9815216008527,186.283629236085,-10.5657359900035));
#7621=CARTESIAN_POINT('Ctrl Pts',(19.3742676878387,186.410484422834,-18.0530393541779));
#7622=CARTESIAN_POINT('Ctrl Pts',(15.821373289686,186.479402743392,-20.845858137211));
#7623=CARTESIAN_POINT('Ctrl Pts',(15.7666518786933,186.593660610911,20.4280044633824));
#7624=CARTESIAN_POINT('Ctrl Pts',(19.3215926288445,186.573104417247,17.6328729906925));
#7625=CARTESIAN_POINT('Ctrl Pts',(23.533802793465,186.56016947247,12.0333394119312));
#7626=CARTESIAN_POINT('Ctrl Pts',(26.466620861655,186.584125504764,1.01033260192448));
#7627=CARTESIAN_POINT('Ctrl Pts',(24.9891366122381,186.653634426453,-10.5791627637396));
#7628=CARTESIAN_POINT('Ctrl Pts',(19.3495035708716,186.75033325819,-18.0350401468006));
#7629=CARTESIAN_POINT('Ctrl Pts',(15.7917194540619,186.80079137717,-20.8082326270446));
#7630=CARTESIAN_POINT('Ctrl Pts',(15.5832583834632,187.204402310733,20.1953103219997));
#7631=CARTESIAN_POINT('Ctrl Pts',(19.1014580047481,187.198087323607,17.435777755048));
#7632=CARTESIAN_POINT('Ctrl Pts',(23.271491652904,187.194034151212,11.8989654151656));
#7633=CARTESIAN_POINT('Ctrl Pts',(26.1657801180262,187.201461529794,0.994544559149992));
#7634=CARTESIAN_POINT('Ctrl Pts',(24.6852085110981,187.222822394653,-10.4613030276906));
#7635=CARTESIAN_POINT('Ctrl Pts',(19.1018149871502,187.250633663085,-17.813549736757));
#7636=CARTESIAN_POINT('Ctrl Pts',(15.5866026562919,187.264581561828,-20.5479754293703));
#7637=CARTESIAN_POINT('Ctrl Pts',(15.2976689367608,187.412,19.8329474639005));
#7638=CARTESIAN_POINT('Ctrl Pts',(18.7497733315614,187.412153860651,17.1174217400696));
#7639=CARTESIAN_POINT('Ctrl Pts',(22.8405426372278,187.41218157674,11.6792206338811));
#7640=CARTESIAN_POINT('Ctrl Pts',(25.6896605106714,187.412242156481,0.973043912529622));
#7641=CARTESIAN_POINT('Ctrl Pts',(24.2579859993576,187.4119794049,-10.2816796863504));
#7642=CARTESIAN_POINT('Ctrl Pts',(18.793809176661,187.412254072652,-17.5329028431348));
#7643=CARTESIAN_POINT('Ctrl Pts',(15.3429560966401,187.412,-20.2388307297293));
#7644=CARTESIAN_POINT('Ctrl Pts',(15.1247636146641,187.412,19.6135609724914));
#7645=CARTESIAN_POINT('Ctrl Pts',(18.5365611296546,187.412,16.9246171616442));
#7646=CARTESIAN_POINT('Ctrl Pts',(22.5792847235793,187.412,11.5458893842688));
#7647=CARTESIAN_POINT('Ctrl Pts',(25.4010372468151,187.412,0.9602380184567));
#7648=CARTESIAN_POINT('Ctrl Pts',(23.9997982914045,187.412,-10.1728006218932));
#7649=CARTESIAN_POINT('Ctrl Pts',(18.6078689546569,187.412,-17.363516082262));
#7650=CARTESIAN_POINT('Ctrl Pts',(15.1960714396666,187.412,-20.052459893109));
#7651=CARTESIAN_POINT('',(15.8125455062117,186.32184984079,-20.8346572301487));
#7652=CARTESIAN_POINT('Origin',(15.1960714396665,186.412,-20.0524598931089));
#7653=CARTESIAN_POINT('Ctrl Pts',(15.6985555608103,186.036874977287,20.3416021937641));
#7654=CARTESIAN_POINT('Ctrl Pts',(19.2288648010201,186.010834343149,17.5458381031654));
#7655=CARTESIAN_POINT('Ctrl Pts',(23.4092308709201,185.995064933744,11.9706724208661));
#7656=CARTESIAN_POINT('Ctrl Pts',(26.3452994658736,186.02469614525,1.00823285408862));
#7657=CARTESIAN_POINT('Ctrl Pts',(24.9323407814986,186.112323974721,-10.5395054756882));
#7658=CARTESIAN_POINT('Ctrl Pts',(19.3557077208769,186.246869096339,-18.0335390963986));
#7659=CARTESIAN_POINT('Ctrl Pts',(15.8125455062115,186.32184984079,-20.8346572301487));
#7660=CARTESIAN_POINT('Ctrl Pts',(15.8125455062114,186.32184984079,-20.8346572301487));
#7661=CARTESIAN_POINT('Ctrl Pts',(15.649523093937,186.260775650843,-20.9561013171932));
#7662=CARTESIAN_POINT('Ctrl Pts',(15.3682965443171,186.145906824334,-21.2595069823103));
#7663=CARTESIAN_POINT('Ctrl Pts',(15.1731289884011,186.031072814193,-21.8466844690079));
#7664=CARTESIAN_POINT('Ctrl Pts',(15.2868869955043,185.990879574824,-22.4542295392921));
#7665=CARTESIAN_POINT('Ctrl Pts',(15.6959379401187,186.028652748137,-22.9171769103324));
#7666=CARTESIAN_POINT('Ctrl Pts',(16.4751677721943,186.178216723651,-23.1910353232925));
#7667=CARTESIAN_POINT('Ctrl Pts',(17.1061070537821,186.380001779317,-23.0049736451548));
#7668=CARTESIAN_POINT('Ctrl Pts',(17.4321518783314,186.50215015921,-22.7620854710652));
#7669=CARTESIAN_POINT('Ctrl Pts',(15.8213732896859,186.479402743392,-20.8458581372109));
#7670=CARTESIAN_POINT('Ctrl Pts',(15.666278048944,186.423266589619,-20.9740623081388));
#7671=CARTESIAN_POINT('Ctrl Pts',(15.4086614380949,186.315593989701,-21.2853689368121));
#7672=CARTESIAN_POINT('Ctrl Pts',(15.2475225540204,186.203916075723,-21.8511165697271));
#7673=CARTESIAN_POINT('Ctrl Pts',(15.3628142786062,186.163913093514,-22.417001131642));
#7674=CARTESIAN_POINT('Ctrl Pts',(15.738818618071,186.20139723884,-22.8547567627265));
#7675=CARTESIAN_POINT('Ctrl Pts',(16.4664260449167,186.347269499502,-23.1468020847189));
#7676=CARTESIAN_POINT('Ctrl Pts',(17.1011488232395,186.533626157864,-23.0044226626786));
#7677=CARTESIAN_POINT('Ctrl Pts',(17.4400201496131,186.642578272618,-22.7720689256461));
#7678=CARTESIAN_POINT('Ctrl Pts',(15.7917192265515,186.800790905639,-20.8082323383739));
#7679=CARTESIAN_POINT('Ctrl Pts',(15.6406068164448,186.759691170426,-20.9524227542141));
#7680=CARTESIAN_POINT('Ctrl Pts',(15.4057145414752,186.678518519187,-21.2920483657299));
#7681=CARTESIAN_POINT('Ctrl Pts',(15.2916576608154,186.589681898455,-21.8570083405644));
#7682=CARTESIAN_POINT('Ctrl Pts',(15.4180646082811,186.55678906387,-22.3899320121034));
#7683=CARTESIAN_POINT('Ctrl Pts',(15.7623903913751,186.587523488454,-22.8146450598473));
#7684=CARTESIAN_POINT('Ctrl Pts',(16.4490685793597,186.704040830507,-23.1559530053315));
#7685=CARTESIAN_POINT('Ctrl Pts',(17.1219548496853,186.841430180545,-23.06999078301));
#7686=CARTESIAN_POINT('Ctrl Pts',(17.4931581891656,186.917584765885,-22.8394917667503));
#7687=CARTESIAN_POINT('Ctrl Pts',(15.5866023956367,187.264580813059,-20.5479750986447));
#7688=CARTESIAN_POINT('Ctrl Pts',(15.4008139182196,187.253219807998,-20.7237422902119));
#7689=CARTESIAN_POINT('Ctrl Pts',(15.1136007414917,187.230026157153,-21.1449428174555));
#7690=CARTESIAN_POINT('Ctrl Pts',(14.985021677124,187.203083755157,-21.8530568955502));
#7691=CARTESIAN_POINT('Ctrl Pts',(15.1511198015278,187.1927530354,-22.5205436709576));
#7692=CARTESIAN_POINT('Ctrl Pts',(15.5777555948447,187.202362952499,-23.057889956693));
#7693=CARTESIAN_POINT('Ctrl Pts',(16.4275016182495,187.237834145551,-23.502223186449));
#7694=CARTESIAN_POINT('Ctrl Pts',(17.2563007843179,187.276019004057,-23.3929914591834));
#7695=CARTESIAN_POINT('Ctrl Pts',(17.700166332863,187.29592919057,-23.1021487502842));
#7696=CARTESIAN_POINT('Ctrl Pts',(15.34295609664,187.412,-20.2388307297292));
#7697=CARTESIAN_POINT('Ctrl Pts',(15.1047449720585,187.412206950218,-20.4378102864257));
#7698=CARTESIAN_POINT('Ctrl Pts',(14.7167834803806,187.412667181128,-20.9342525811448));
#7699=CARTESIAN_POINT('Ctrl Pts',(14.5048014995201,187.413337781878,-21.8394710285785));
#7700=CARTESIAN_POINT('Ctrl Pts',(14.7096162900889,187.413609399369,-22.736585411076));
#7701=CARTESIAN_POINT('Ctrl Pts',(15.2929296620568,187.413472156244,-23.4459640528814));
#7702=CARTESIAN_POINT('Ctrl Pts',(16.4209538609426,187.412676695334,-23.9645442761546));
#7703=CARTESIAN_POINT('Ctrl Pts',(17.4137077730599,187.412293582624,-23.7529734595429));
#7704=CARTESIAN_POINT('Ctrl Pts',(17.9177065208188,187.412,-23.3781690485456));
#7705=CARTESIAN_POINT('Ctrl Pts',(15.1960714396665,187.412,-20.0524598931089));
#7706=CARTESIAN_POINT('Ctrl Pts',(14.9260483210242,187.412,-20.2652735171499));
#7707=CARTESIAN_POINT('Ctrl Pts',(14.4766616141724,187.412,-20.806703000348));
#7708=CARTESIAN_POINT('Ctrl Pts',(14.2131031266301,187.412,-21.8312686744989));
#7709=CARTESIAN_POINT('Ctrl Pts',(14.4410540997089,187.412,-22.8681658735804));
#7710=CARTESIAN_POINT('Ctrl Pts',(15.1199721325013,187.412,-23.6819815544141));
#7711=CARTESIAN_POINT('Ctrl Pts',(16.4173861289258,187.412,-24.2443884184976));
#7712=CARTESIAN_POINT('Ctrl Pts',(17.5085797075908,187.412,-23.9699100561875));
#7713=CARTESIAN_POINT('Ctrl Pts',(18.0486259448764,187.412,-23.5442828081049));
#7714=CARTESIAN_POINT('Ctrl Pts',(15.8125455062114,186.32184984079,-20.8346572301487));
#7715=CARTESIAN_POINT('Ctrl Pts',(15.649523093937,186.260775650843,-20.9561013171932));
#7716=CARTESIAN_POINT('Ctrl Pts',(15.3682965443171,186.145906824334,-21.2595069823103));
#7717=CARTESIAN_POINT('Ctrl Pts',(15.1731289884011,186.031072814193,-21.8466844690079));
#7718=CARTESIAN_POINT('Ctrl Pts',(15.2868869955043,185.990879574824,-22.4542295392921));
#7719=CARTESIAN_POINT('Ctrl Pts',(15.6959379401187,186.028652748137,-22.9171769103324));
#7720=CARTESIAN_POINT('Ctrl Pts',(16.4751677721943,186.178216723651,-23.1910353232925));
#7721=CARTESIAN_POINT('Ctrl Pts',(17.1061070537821,186.380001779317,-23.0049736451548));
#7722=CARTESIAN_POINT('Ctrl Pts',(17.4321518783314,186.50215015921,-22.7620854710652));
#7723=CARTESIAN_POINT('Ctrl Pts',(16.3358862985877,187.63020182173,20.6602675626528));
#7724=CARTESIAN_POINT('Ctrl Pts',(15.4334584917689,187.828492685435,21.4736688577696));
#7725=CARTESIAN_POINT('Ctrl Pts',(16.0385862543415,187.406954285926,22.3711053301682));
#7726=CARTESIAN_POINT('Ctrl Pts',(16.6437140169141,186.985415886417,23.2685418025668));
#7727=CARTESIAN_POINT('Ctrl Pts',(17.5461418237328,186.787125022713,22.4551405074498));
#7728=CARTESIAN_POINT('Ctrl Pts',(14.2291058031788,182.363250583208,19.6068773149484));
#7729=CARTESIAN_POINT('Ctrl Pts',(13.3266779963601,182.561541446913,20.4202786100652));
#7730=CARTESIAN_POINT('Ctrl Pts',(13.9318057589327,182.140003047404,21.3177150824638));
#7731=CARTESIAN_POINT('Ctrl Pts',(14.5369335215053,181.718464647895,22.2151515548624));
#7732=CARTESIAN_POINT('Ctrl Pts',(15.4393613283239,181.520173784191,21.4017502597454));
#7733=CARTESIAN_POINT('',(17.7960918146476,187.412,22.5801155029073));
#7734=CARTESIAN_POINT('',(14.2486055698953,182.412,19.6166271983067));
#7735=CARTESIAN_POINT('Ctrl Pts',(17.9943230719325,187.907578143212,22.6792311315499));
#7736=CARTESIAN_POINT('Ctrl Pts',(28.0632512306988,185.695128076747,13.6036251463455));
#7737=CARTESIAN_POINT('Ctrl Pts',(28.9930511994319,188.019627998579,0.121525599715992));
#7738=CARTESIAN_POINT('Ctrl Pts',(29.922851168165,190.344127920412,-13.3605739469135));
#7739=CARTESIAN_POINT('Ctrl Pts',(21.005005138987,195.434283310848,-20.9756588407376));
#7740=CARTESIAN_POINT('Ctrl Pts',(12.7854097475929,174.885294832364,20.0747744693801));
#7741=CARTESIAN_POINT('Ctrl Pts',(22.8543379063592,172.672844765898,10.9991684841757));
#7742=CARTESIAN_POINT('Ctrl Pts',(23.7841378750923,174.997344687731,-2.48293106245381));
#7743=CARTESIAN_POINT('Ctrl Pts',(24.7139378438255,177.321844609564,-15.9650306090833));
#7744=CARTESIAN_POINT('Ctrl Pts',(15.7960918146475,182.412,-23.5801155029074));
#7745=CARTESIAN_POINT('',(15.7960918146475,182.412,-23.5801155029073));
#7746=CARTESIAN_POINT('Ctrl Pts',(-10.8934812878736,186.503920603043,-43.234332534502));
#7747=CARTESIAN_POINT('Ctrl Pts',(-16.2825441948103,186.449621586314,-41.8304703215415));
#7748=CARTESIAN_POINT('Ctrl Pts',(-26.5232463581753,186.333891752766,-36.9567532038783));
#7749=CARTESIAN_POINT('Ctrl Pts',(-38.0905956380605,186.178134809546,-24.4876543353347));
#7750=CARTESIAN_POINT('Ctrl Pts',(-44.2416020811293,186.067860264304,-8.65062346817203));
#7751=CARTESIAN_POINT('Ctrl Pts',(-44.1756967700195,186.008446971229,8.32296026688712));
#7752=CARTESIAN_POINT('Ctrl Pts',(-37.9175775562139,185.997579544265,24.0936900310406));
#7753=CARTESIAN_POINT('Ctrl Pts',(-26.3384829214101,186.034229905066,36.4983132840703));
#7754=CARTESIAN_POINT('Ctrl Pts',(-16.1238884656603,186.092132192415,41.3781155879295));
#7755=CARTESIAN_POINT('Ctrl Pts',(-10.7436481927234,186.129337865168,42.7961842281442));
#7756=CARTESIAN_POINT('Ctrl Pts',(-10.8902066093663,186.644157295971,-43.2218081141561));
#7757=CARTESIAN_POINT('Ctrl Pts',(-16.2795292957651,186.595737371728,-41.825308441724));
#7758=CARTESIAN_POINT('Ctrl Pts',(-26.527134829661,186.491268402147,-36.9682406810726));
#7759=CARTESIAN_POINT('Ctrl Pts',(-38.1231511827328,186.346104129716,-24.512290736642));
#7760=CARTESIAN_POINT('Ctrl Pts',(-44.3044032015882,186.240031601334,-8.6648144965458));
#7761=CARTESIAN_POINT('Ctrl Pts',(-44.2527519564847,186.181552393002,8.33669803787473));
#7762=CARTESIAN_POINT('Ctrl Pts',(-37.9857049628196,186.170740296246,24.137295910773));
#7763=CARTESIAN_POINT('Ctrl Pts',(-26.379541860852,186.207068478442,36.5575843871069));
#7764=CARTESIAN_POINT('Ctrl Pts',(-16.1445689942086,186.26340479419,41.4322932596843));
#7765=CARTESIAN_POINT('Ctrl Pts',(-10.7562963450794,186.299016001106,42.8445586796681));
#7766=CARTESIAN_POINT('Ctrl Pts',(-10.8684123152199,186.918688103973,-43.1384530915403));
#7767=CARTESIAN_POINT('Ctrl Pts',(-16.2496610113154,186.884858027208,-41.7538920048562));
#7768=CARTESIAN_POINT('Ctrl Pts',(-26.4908193288818,186.810349123804,-36.9277348625561));
#7769=CARTESIAN_POINT('Ctrl Pts',(-38.1118824946225,186.701723894247,-24.5118099284109));
#7770=CARTESIAN_POINT('Ctrl Pts',(-44.3320470431709,186.61847927245,-8.67406358378571));
#7771=CARTESIAN_POINT('Ctrl Pts',(-44.3046363857898,186.571063240783,8.34481179404785));
#7772=CARTESIAN_POINT('Ctrl Pts',(-38.0335160667207,186.562150810986,24.1683948910361));
#7773=CARTESIAN_POINT('Ctrl Pts',(-26.4018098961742,186.591878100986,36.5932371838012));
#7774=CARTESIAN_POINT('Ctrl Pts',(-16.1504444374357,186.636900488703,41.4511173379524));
#7775=CARTESIAN_POINT('Ctrl Pts',(-10.7581626816159,186.664594051287,42.8516967187879));
#7776=CARTESIAN_POINT('Ctrl Pts',(-10.783824832894,187.296215904221,-42.8149376129054));
#7777=CARTESIAN_POINT('Ctrl Pts',(-16.1241337419893,187.287375778329,-41.4399309431442));
#7778=CARTESIAN_POINT('Ctrl Pts',(-26.287519567247,187.267510819789,-36.6524782225058));
#7779=CARTESIAN_POINT('Ctrl Pts',(-37.8328359470056,187.23681165945,-24.3391979695161));
#7780=CARTESIAN_POINT('Ctrl Pts',(-44.0269423729613,187.212053794398,-8.61905772119618));
#7781=CARTESIAN_POINT('Ctrl Pts',(-44.0129773520628,187.197434652074,8.28766069021939));
#7782=CARTESIAN_POINT('Ctrl Pts',(-37.7844521828508,187.194648223993,24.0111072622906));
#7783=CARTESIAN_POINT('Ctrl Pts',(-26.221565573461,187.203916059878,36.3495607797975));
#7784=CARTESIAN_POINT('Ctrl Pts',(-16.0349668552597,187.217521806474,41.1641747328888));
#7785=CARTESIAN_POINT('Ctrl Pts',(-10.6791681131863,187.225718502668,42.5495720436901));
#7786=CARTESIAN_POINT('Ctrl Pts',(-10.6950300048632,187.412,-42.4753306107718));
#7787=CARTESIAN_POINT('Ctrl Pts',(-15.9894382073701,187.412130060476,-41.0991254459778));
#7788=CARTESIAN_POINT('Ctrl Pts',(-26.0549075671618,187.41187289505,-36.3267832131565));
#7789=CARTESIAN_POINT('Ctrl Pts',(-37.4645245383989,187.412057861383,-24.1029248193425));
#7790=CARTESIAN_POINT('Ctrl Pts',(-43.5707780232888,187.41201051095,-8.53100489065623));
#7791=CARTESIAN_POINT('Ctrl Pts',(-43.5418375871891,187.412134345074,8.19817529758357));
#7792=CARTESIAN_POINT('Ctrl Pts',(-37.3772262353658,187.412111899594,23.7526626235114));
#7793=CARTESIAN_POINT('Ctrl Pts',(-25.9438890388885,187.411970944913,35.9666126764702));
#7794=CARTESIAN_POINT('Ctrl Pts',(-15.8685055064773,187.412182452816,40.744809178065));
#7795=CARTESIAN_POINT('Ctrl Pts',(-10.5681239779886,187.412,42.1248697643424));
#7796=CARTESIAN_POINT('Ctrl Pts',(-10.6415923902455,187.412,-42.2709517240288));
#7797=CARTESIAN_POINT('Ctrl Pts',(-15.9083115115163,187.412,-40.8938970233832));
#7798=CARTESIAN_POINT('Ctrl Pts',(-25.914840842889,187.412,-36.1304834094738));
#7799=CARTESIAN_POINT('Ctrl Pts',(-37.2421324898971,187.412,-23.9600539912773));
#7800=CARTESIAN_POINT('Ctrl Pts',(-43.2947648785069,187.412,-8.47764774140473));
#7801=CARTESIAN_POINT('Ctrl Pts',(-43.25629190996,187.412,8.1440048431512));
#7802=CARTESIAN_POINT('Ctrl Pts',(-37.1303695452548,187.412,23.5960037742839));
#7803=CARTESIAN_POINT('Ctrl Pts',(-25.77589194764,187.412,35.7346447569393));
#7804=CARTESIAN_POINT('Ctrl Pts',(-15.7677232901447,187.412,40.4911069010383));
#7805=CARTESIAN_POINT('Ctrl Pts',(-10.5010041688735,187.412,41.868161601684));
#7806=CARTESIAN_POINT('Origin',(-10.5010041688735,186.412,41.8681616016841));
#7807=CARTESIAN_POINT('Origin',(-10.6415923902455,186.412,-42.2709517240288));
#7808=CARTESIAN_POINT('Ctrl Pts',(-10.7436481927234,186.129337865168,42.7961842281442));
#7809=CARTESIAN_POINT('Ctrl Pts',(-10.44703201451,186.063029140659,42.853541857016));
#7810=CARTESIAN_POINT('Ctrl Pts',(-10.0807397191587,186.006664092728,43.0720665358607));
#7811=CARTESIAN_POINT('Ctrl Pts',(-9.78930002469442,186.000789821781,43.6001423608898));
#7812=CARTESIAN_POINT('Ctrl Pts',(-9.73615996704683,186.044197540554,44.1108850160175));
#7813=CARTESIAN_POINT('Ctrl Pts',(-9.97381938936199,186.169217370115,44.6834422837985));
#7814=CARTESIAN_POINT('Ctrl Pts',(-10.5691156571664,186.407952040245,45.2547098106108));
#7815=CARTESIAN_POINT('Ctrl Pts',(-11.2066892723346,186.606250502154,45.4044178674889));
#7816=CARTESIAN_POINT('Ctrl Pts',(-11.6021775099518,186.694662134832,45.3279410289934));
#7817=CARTESIAN_POINT('Ctrl Pts',(-10.7562963450794,186.299016001106,42.8445586796681));
#7818=CARTESIAN_POINT('Ctrl Pts',(-10.4739956349299,186.235548966804,42.912258928444));
#7819=CARTESIAN_POINT('Ctrl Pts',(-10.1377324769109,186.179735055963,43.1283356745383));
#7820=CARTESIAN_POINT('Ctrl Pts',(-9.86627870081328,186.173905469553,43.6228463587295));
#7821=CARTESIAN_POINT('Ctrl Pts',(-9.80656687893077,186.216998570969,44.1002612127577));
#7822=CARTESIAN_POINT('Ctrl Pts',(-10.0082615773507,186.337884313457,44.6560949800427));
#7823=CARTESIAN_POINT('Ctrl Pts',(-10.5592878183096,186.560321838252,45.2500245321666));
#7824=CARTESIAN_POINT('Ctrl Pts',(-11.2033812646284,186.735184166986,45.4323819502276));
#7825=CARTESIAN_POINT('Ctrl Pts',(-11.6109227566711,186.811981812828,45.3613883263993));
#7826=CARTESIAN_POINT('Ctrl Pts',(-10.7581627685596,186.664594438082,42.8516970513151));
#7827=CARTESIAN_POINT('Ctrl Pts',(-10.4830071718137,186.615238394333,42.9402244023352));
#7828=CARTESIAN_POINT('Ctrl Pts',(-10.175720239883,186.569763562195,43.1667406974589));
#7829=CARTESIAN_POINT('Ctrl Pts',(-9.91999422263629,186.565011224095,43.6376405460743));
#7830=CARTESIAN_POINT('Ctrl Pts',(-9.84440270804573,186.600356396782,44.0902136193295));
#7831=CARTESIAN_POINT('Ctrl Pts',(-9.99821494589691,186.695824365373,44.6518700940389));
#7832=CARTESIAN_POINT('Ctrl Pts',(-10.5110868502386,186.862017506897,45.3105616224565));
#7833=CARTESIAN_POINT('Ctrl Pts',(-11.1971036782004,186.982099694472,45.5411065630022));
#7834=CARTESIAN_POINT('Ctrl Pts',(-11.639440487091,187.033569429252,45.4704579777556));
#7835=CARTESIAN_POINT('Ctrl Pts',(-10.6791682150081,187.225719144582,42.5495724331202));
#7836=CARTESIAN_POINT('Ctrl Pts',(-10.3389918316782,187.21111082199,42.665157585408));
#7837=CARTESIAN_POINT('Ctrl Pts',(-9.95946562520012,187.196922585464,42.9562307445222));
#7838=CARTESIAN_POINT('Ctrl Pts',(-9.63885092000995,187.195425731632,43.5488384105467));
#7839=CARTESIAN_POINT('Ctrl Pts',(-9.53621793860322,187.206465121822,44.1158709070066));
#7840=CARTESIAN_POINT('Ctrl Pts',(-9.71408131427715,187.235145027093,44.819318252942));
#7841=CARTESIAN_POINT('Ctrl Pts',(-10.344380857203,187.282110729402,45.6339954805));
#7842=CARTESIAN_POINT('Ctrl Pts',(-11.1879230797979,187.312670816291,45.886470110709));
#7843=CARTESIAN_POINT('Ctrl Pts',(-11.7211994736396,187.325432234639,45.7831555180851));
#7844=CARTESIAN_POINT('Ctrl Pts',(-10.5681239779886,187.412,42.1248697643424));
#7845=CARTESIAN_POINT('Ctrl Pts',(-10.1291818829601,187.412325171207,42.249966138174));
#7846=CARTESIAN_POINT('Ctrl Pts',(-9.61115761604617,187.41296346762,42.6149389054987));
#7847=CARTESIAN_POINT('Ctrl Pts',(-9.17999832006915,187.413092704915,43.4066749720559));
#7848=CARTESIAN_POINT('Ctrl Pts',(-9.06244238196316,187.41298987064,44.1645389704171));
#7849=CARTESIAN_POINT('Ctrl Pts',(-9.33771869686676,187.412609158641,45.0543704720243));
#7850=CARTESIAN_POINT('Ctrl Pts',(-10.1767515690283,187.411884231894,45.9998228242189));
#7851=CARTESIAN_POINT('Ctrl Pts',(-11.1827079691022,187.412144141303,46.2258084476961));
#7852=CARTESIAN_POINT('Ctrl Pts',(-11.7984132305222,187.412,46.078469255156));
#7853=CARTESIAN_POINT('Ctrl Pts',(-10.5010041688734,187.412,41.868161601684));
#7854=CARTESIAN_POINT('Ctrl Pts',(-10.0020682309347,187.412,41.9986151274634));
#7855=CARTESIAN_POINT('Ctrl Pts',(-9.39949829496391,187.412,42.4078698478891));
#7856=CARTESIAN_POINT('Ctrl Pts',(-8.9009735521831,187.412,43.3207444148169));
#7857=CARTESIAN_POINT('Ctrl Pts',(-8.77476832302772,187.412,44.1946560068288));
#7858=CARTESIAN_POINT('Ctrl Pts',(-9.11001159576886,187.412,45.1971447215589));
#7859=CARTESIAN_POINT('Ctrl Pts',(-10.0760195199711,187.412,46.2206622862282));
#7860=CARTESIAN_POINT('Ctrl Pts',(-11.1795736165513,187.412,46.4299016898258));
#7861=CARTESIAN_POINT('Ctrl Pts',(-11.8448215338017,187.412,46.2559636554536));
#7862=CARTESIAN_POINT('',(-11.6021775099517,186.694662134832,45.3279410289935));
#7863=CARTESIAN_POINT('Origin',(-11.844821533802,186.412,46.2559636554536));
#7864=CARTESIAN_POINT('Ctrl Pts',(-10.7436481927234,186.129337865168,42.7961842281442));
#7865=CARTESIAN_POINT('Ctrl Pts',(-10.44703201451,186.063029140659,42.853541857016));
#7866=CARTESIAN_POINT('Ctrl Pts',(-10.0807397191587,186.006664092728,43.0720665358607));
#7867=CARTESIAN_POINT('Ctrl Pts',(-9.78930002469442,186.000789821781,43.6001423608898));
#7868=CARTESIAN_POINT('Ctrl Pts',(-9.73615996704683,186.044197540554,44.1108850160175));
#7869=CARTESIAN_POINT('Ctrl Pts',(-9.97381938936199,186.169217370115,44.6834422837985));
#7870=CARTESIAN_POINT('Ctrl Pts',(-10.5691156571664,186.407952040245,45.2547098106108));
#7871=CARTESIAN_POINT('Ctrl Pts',(-11.2066892723346,186.606250502154,45.4044178674889));
#7872=CARTESIAN_POINT('Ctrl Pts',(-11.6021775099518,186.694662134832,45.3279410289934));
#7873=CARTESIAN_POINT('Ctrl Pts',(-11.6021775099518,186.694662134832,45.3279410289933));
#7874=CARTESIAN_POINT('Ctrl Pts',(-17.3087316644893,186.731825168488,43.847204847823));
#7875=CARTESIAN_POINT('Ctrl Pts',(-28.1647585086896,186.789859476111,38.7177869424328));
#7876=CARTESIAN_POINT('Ctrl Pts',(-40.4718635593411,186.826583179251,25.5541071805637));
#7877=CARTESIAN_POINT('Ctrl Pts',(-47.0594666110956,186.815254270432,8.77736657228317));
#7878=CARTESIAN_POINT('Ctrl Pts',(-46.9875490761719,186.754952528973,-9.23978086792713));
#7879=CARTESIAN_POINT('Ctrl Pts',(-40.307433722221,186.643982234446,-25.9569041906004));
#7880=CARTESIAN_POINT('Ctrl Pts',(-27.9793348778395,186.488773922381,-39.0566779433464));
#7881=CARTESIAN_POINT('Ctrl Pts',(-17.1507576695121,186.374018103027,-44.1947192317692));
#7882=CARTESIAN_POINT('Ctrl Pts',(-11.4523444148016,186.320079396956,-45.6897927226356));
#7883=CARTESIAN_POINT('Ctrl Pts',(-11.6196680033904,186.929301490824,45.3948356238051));
#7884=CARTESIAN_POINT('Ctrl Pts',(-17.3362590152388,186.956638899041,43.9189000490278));
#7885=CARTESIAN_POINT('Ctrl Pts',(-28.2156100932232,186.998649073035,38.7889664272772));
#7886=CARTESIAN_POINT('Ctrl Pts',(-40.5499629125641,187.024741349179,25.6036850660962));
#7887=CARTESIAN_POINT('Ctrl Pts',(-47.149076480275,187.016681186617,8.79348863203293));
#7888=CARTESIAN_POINT('Ctrl Pts',(-47.0679973849414,186.973609784667,-9.25690820279487));
#7889=CARTESIAN_POINT('Ctrl Pts',(-40.3577028703783,186.892295358514,-25.9935146157849));
#7890=CARTESIAN_POINT('Ctrl Pts',(-27.9889647280928,186.77383637065,-39.0794904697508));
#7891=CARTESIAN_POINT('Ctrl Pts',(-17.1440905525863,186.680702250708,-44.1856224172709));
#7892=CARTESIAN_POINT('Ctrl Pts',(-11.4449796750778,186.635471195222,-45.6616253480874));
#7893=CARTESIAN_POINT('Ctrl Pts',(-11.6900438152183,187.291369020925,45.6639967788816));
#7894=CARTESIAN_POINT('Ctrl Pts',(-17.4405944045017,187.29886045173,44.1795053552945));
#7895=CARTESIAN_POINT('Ctrl Pts',(-28.3835366282213,187.310047743099,39.0180641213374));
#7896=CARTESIAN_POINT('Ctrl Pts',(-40.7882341169899,187.316910320727,25.7537018286026));
#7897=CARTESIAN_POINT('Ctrl Pts',(-47.4265498925062,187.314814254956,8.84616708358208));
#7898=CARTESIAN_POINT('Ctrl Pts',(-47.3482258264175,187.303404574626,-9.31071680168139));
#7899=CARTESIAN_POINT('Ctrl Pts',(-40.5983019636949,187.281401459172,-26.1464368617675));
#7900=CARTESIAN_POINT('Ctrl Pts',(-28.1472452151859,187.24789374418,-39.3016219290454));
#7901=CARTESIAN_POINT('Ctrl Pts',(-17.2345566562795,187.219910146634,-44.41449973441));
#7902=CARTESIAN_POINT('Ctrl Pts',(-11.5037260736638,187.205789098669,-45.8863083476758));
#7903=CARTESIAN_POINT('Ctrl Pts',(-11.7984132305222,187.412,46.078469255156));
#7904=CARTESIAN_POINT('Ctrl Pts',(-17.597557784919,187.411955820868,44.5678987813667));
#7905=CARTESIAN_POINT('Ctrl Pts',(-28.624424590727,187.411995441178,39.3424606695438));
#7906=CARTESIAN_POINT('Ctrl Pts',(-41.1186622538003,187.412000702112,25.961385997625));
#7907=CARTESIAN_POINT('Ctrl Pts',(-47.8139869125647,187.411964441875,8.92075231653645));
#7908=CARTESIAN_POINT('Ctrl Pts',(-47.7583451561956,187.41202131479,-9.38577530475019));
#7909=CARTESIAN_POINT('Ctrl Pts',(-40.9870076574167,187.411907156493,-26.3862614459651));
#7910=CARTESIAN_POINT('Ctrl Pts',(-28.4538896865825,187.412066617239,-39.7097523467774));
#7911=CARTESIAN_POINT('Ctrl Pts',(-17.4374039473594,187.41182366165,-44.916541365917));
#7912=CARTESIAN_POINT('Ctrl Pts',(-11.6441428146528,187.412,-46.4233498568958));
#7913=CARTESIAN_POINT('Ctrl Pts',(-11.8448215338017,187.412,46.2559636554536));
#7914=CARTESIAN_POINT('Ctrl Pts',(-17.6647667405086,187.412,44.7342605382268));
#7915=CARTESIAN_POINT('Ctrl Pts',(-28.7276047777932,187.412,39.4813917847815));
#7916=CARTESIAN_POINT('Ctrl Pts',(-41.260197508713,187.412,26.0503551780741));
#7917=CARTESIAN_POINT('Ctrl Pts',(-47.9799431761538,187.412,8.95268479432648));
#7918=CARTESIAN_POINT('Ctrl Pts',(-47.9339976691493,187.412,-9.41791540901581));
#7919=CARTESIAN_POINT('Ctrl Pts',(-41.1534373754792,187.412,-26.4890003248838));
#7920=CARTESIAN_POINT('Ctrl Pts',(-28.5851498725511,187.412,-39.8844383208652));
#7921=CARTESIAN_POINT('Ctrl Pts',(-17.5241785191369,187.412,-45.1314704158819));
#7922=CARTESIAN_POINT('Ctrl Pts',(-11.7042333124297,187.412,-46.6531735331087));
#7923=CARTESIAN_POINT('',(-11.4523444148017,186.320079396957,-45.6897927226356));
#7924=CARTESIAN_POINT('Origin',(-11.7042333124297,186.412,-46.6531735331087));
#7925=CARTESIAN_POINT('Ctrl Pts',(-11.6021775099518,186.694662134832,45.3279410289933));
#7926=CARTESIAN_POINT('Ctrl Pts',(-17.3087316644893,186.731825168488,43.847204847823));
#7927=CARTESIAN_POINT('Ctrl Pts',(-28.1647585086896,186.789859476111,38.7177869424328));
#7928=CARTESIAN_POINT('Ctrl Pts',(-40.4718635593411,186.826583179251,25.5541071805637));
#7929=CARTESIAN_POINT('Ctrl Pts',(-47.0594666110956,186.815254270432,8.77736657228317));
#7930=CARTESIAN_POINT('Ctrl Pts',(-46.9875490761719,186.754952528973,-9.23978086792713));
#7931=CARTESIAN_POINT('Ctrl Pts',(-40.307433722221,186.643982234446,-25.9569041906004));
#7932=CARTESIAN_POINT('Ctrl Pts',(-27.9793348778395,186.488773922381,-39.0566779433464));
#7933=CARTESIAN_POINT('Ctrl Pts',(-17.1507576695121,186.374018103027,-44.1947192317692));
#7934=CARTESIAN_POINT('Ctrl Pts',(-11.4523444148016,186.320079396956,-45.6897927226356));
#7935=CARTESIAN_POINT('Ctrl Pts',(-11.4523444148016,186.320079396957,-45.6897927226357));
#7936=CARTESIAN_POINT('Ctrl Pts',(-11.0620114817911,186.198065965471,-45.8034923928125));
#7937=CARTESIAN_POINT('Ctrl Pts',(-10.3991289372496,186.043063577809,-45.7420055514722));
#7938=CARTESIAN_POINT('Ctrl Pts',(-9.84247385837314,185.99150720657,-45.1299175897471));
#7939=CARTESIAN_POINT('Ctrl Pts',(-9.7226919048826,186.029347495235,-44.525099652802));
#7940=CARTESIAN_POINT('Ctrl Pts',(-9.89493850037856,186.133174407174,-43.9845230043076));
#7941=CARTESIAN_POINT('Ctrl Pts',(-10.2841503112388,186.297051177871,-43.5094383112052));
#7942=CARTESIAN_POINT('Ctrl Pts',(-10.6495232047421,186.427662208365,-43.3053948283625));
#7943=CARTESIAN_POINT('Ctrl Pts',(-10.8934812878736,186.503920603043,-43.234332534502));
#7944=CARTESIAN_POINT('Ctrl Pts',(-11.4486620449397,186.477775296089,-45.6757090353616));
#7945=CARTESIAN_POINT('Ctrl Pts',(-11.0571878712003,186.365590358633,-45.7685681217193));
#7946=CARTESIAN_POINT('Ctrl Pts',(-10.4284946564285,186.216020288138,-45.6718428788371));
#7947=CARTESIAN_POINT('Ctrl Pts',(-9.91897369287961,186.164403490683,-45.0923338547773));
#7948=CARTESIAN_POINT('Ctrl Pts',(-9.79764700205444,186.202238740054,-44.528929686068));
#7949=CARTESIAN_POINT('Ctrl Pts',(-9.939590274521,186.303196988437,-44.0087429620707));
#7950=CARTESIAN_POINT('Ctrl Pts',(-10.2929967264502,186.457501596498,-43.5265911769506));
#7951=CARTESIAN_POINT('Ctrl Pts',(-10.6466133646047,186.576155591417,-43.3032104759454));
#7952=CARTESIAN_POINT('Ctrl Pts',(-10.8902066093664,186.644157295971,-43.2218081141561));
#7953=CARTESIAN_POINT('Ctrl Pts',(-11.4606705001465,186.799596400743,-45.7216368845781));
#7954=CARTESIAN_POINT('Ctrl Pts',(-11.0486047173399,186.717420043188,-45.7887715771905));
#7955=CARTESIAN_POINT('Ctrl Pts',(-10.4384754423467,186.599816894001,-45.6291825849188));
#7956=CARTESIAN_POINT('Ctrl Pts',(-9.97554589330714,186.55704446587,-45.0650838817766));
#7957=CARTESIAN_POINT('Ctrl Pts',(-9.84272912407737,186.58836014077,-44.5345424845956));
#7958=CARTESIAN_POINT('Ctrl Pts',(-9.94245718068802,186.668701219845,-44.0161738652568));
#7959=CARTESIAN_POINT('Ctrl Pts',(-10.2588538591302,186.785821403484,-43.4974456585265));
#7960=CARTESIAN_POINT('Ctrl Pts',(-10.6134798618309,186.871176789113,-43.2366223082093));
#7961=CARTESIAN_POINT('Ctrl Pts',(-10.8684123457956,186.918688281979,-43.1384532084806));
#7962=CARTESIAN_POINT('Ctrl Pts',(-11.5444694278103,187.264249454251,-46.0421364366019));
#7963=CARTESIAN_POINT('Ctrl Pts',(-11.0401815234899,187.241520601818,-46.1263982858336));
#7964=CARTESIAN_POINT('Ctrl Pts',(-10.2839660849176,187.206323838648,-45.9136199168826));
#7965=CARTESIAN_POINT('Ctrl Pts',(-9.71087435423854,187.192770483756,-45.1984208991289));
#7966=CARTESIAN_POINT('Ctrl Pts',(-9.53674790604483,187.202665414279,-44.5341510503911));
#7967=CARTESIAN_POINT('Ctrl Pts',(-9.64852203250157,187.2270154505,-43.8844270435931));
#7968=CARTESIAN_POINT('Ctrl Pts',(-10.0335498720247,187.260745026506,-43.2395385899371));
#7969=CARTESIAN_POINT('Ctrl Pts',(-10.4713959013998,187.283800963318,-42.926525217942));
#7970=CARTESIAN_POINT('Ctrl Pts',(-10.7838248673114,187.296216175414,-42.8149377445387));
#7971=CARTESIAN_POINT('Ctrl Pts',(-11.6441428146528,187.412,-46.4233498568958));
#7972=CARTESIAN_POINT('Ctrl Pts',(-11.039433643266,187.412414830575,-46.5632299237879));
#7973=CARTESIAN_POINT('Ctrl Pts',(-10.0589613200824,187.413247343498,-46.3613961580222));
#7974=CARTESIAN_POINT('Ctrl Pts',(-9.27063113356273,187.413669809999,-45.4187543492923));
#7975=CARTESIAN_POINT('Ctrl Pts',(-9.05606510347735,187.413455271142,-44.5259730957264));
#7976=CARTESIAN_POINT('Ctrl Pts',(-9.24144285409309,187.413012812971,-43.69390900087));
#7977=CARTESIAN_POINT('Ctrl Pts',(-9.76837763883793,187.412337600199,-42.9235040839946));
#7978=CARTESIAN_POINT('Ctrl Pts',(-10.3181373633665,187.412182658981,-42.5852348988664));
#7979=CARTESIAN_POINT('Ctrl Pts',(-10.6950300048632,187.412,-42.4753306107719));
#7980=CARTESIAN_POINT('Ctrl Pts',(-11.7042333124297,187.412,-46.6531735331088));
#7981=CARTESIAN_POINT('Ctrl Pts',(-11.0389859148636,187.412,-46.8271114316025));
#7982=CARTESIAN_POINT('Ctrl Pts',(-9.92247728823873,187.412,-46.6333843644058));
#7983=CARTESIAN_POINT('Ctrl Pts',(-9.00265037710089,187.412,-45.5527345943538));
#7984=CARTESIAN_POINT('Ctrl Pts',(-8.76392730638808,187.412,-44.5208329796367));
#7985=CARTESIAN_POINT('Ctrl Pts',(-8.99479762725616,187.412,-43.5783692221921));
#7986=CARTESIAN_POINT('Ctrl Pts',(-9.60835322624676,187.412,-42.7325882518639));
#7987=CARTESIAN_POINT('Ctrl Pts',(-10.2258127667669,187.412,-42.3796629105874));
#7988=CARTESIAN_POINT('Ctrl Pts',(-10.6415923902455,187.412,-42.2709517240289));
#7989=CARTESIAN_POINT('Ctrl Pts',(-11.4523444148016,186.320079396957,-45.6897927226357));
#7990=CARTESIAN_POINT('Ctrl Pts',(-11.0620114817911,186.198065965471,-45.8034923928125));
#7991=CARTESIAN_POINT('Ctrl Pts',(-10.3991289372496,186.043063577809,-45.7420055514722));
#7992=CARTESIAN_POINT('Ctrl Pts',(-9.84247385837314,185.99150720657,-45.1299175897471));
#7993=CARTESIAN_POINT('Ctrl Pts',(-9.7226919048826,186.029347495235,-44.525099652802));
#7994=CARTESIAN_POINT('Ctrl Pts',(-9.89493850037856,186.133174407174,-43.9845230043076));
#7995=CARTESIAN_POINT('Ctrl Pts',(-10.2841503112388,186.297051177871,-43.5094383112052));
#7996=CARTESIAN_POINT('Ctrl Pts',(-10.6495232047421,186.427662208365,-43.3053948283625));
#7997=CARTESIAN_POINT('Ctrl Pts',(-10.8934812878736,186.503920603043,-43.234332534502));
#7998=CARTESIAN_POINT('Ctrl Pts',(-11.2153439782986,187.308577329106,43.0320321209318));
#7999=CARTESIAN_POINT('Ctrl Pts',(-10.146164147656,187.658992686145,43.418314997021));
#8000=CARTESIAN_POINT('Ctrl Pts',(-10.3395809134827,187.352035089008,44.5662694510519));
#8001=CARTESIAN_POINT('Ctrl Pts',(-10.5329976793094,187.045077491871,45.7142239050827));
#8002=CARTESIAN_POINT('Ctrl Pts',(-11.602177509952,186.694662134832,45.3279410289934));
#8003=CARTESIAN_POINT('Ctrl Pts',(-9.17471547968671,182.207006082576,42.0117178716258));
#8004=CARTESIAN_POINT('Ctrl Pts',(-8.10553564904417,182.557421439615,42.3980007477151));
#8005=CARTESIAN_POINT('Ctrl Pts',(-8.29895241487088,182.250463842478,43.5459552017459));
#8006=CARTESIAN_POINT('Ctrl Pts',(-8.49236918069758,181.943506245342,44.6939096557767));
#8007=CARTESIAN_POINT('Ctrl Pts',(-9.5615490113401,181.593090888302,44.3076267796874));
#8008=CARTESIAN_POINT('',(-11.8891126560192,187.412,45.471408602027));
#8009=CARTESIAN_POINT('Ctrl Pts',(-12.0881610609173,186.476374619269,-37.9329964629994));
#8010=CARTESIAN_POINT('Ctrl Pts',(-16.5864755537609,186.423717984032,-36.4513821761468));
#8011=CARTESIAN_POINT('Ctrl Pts',(-25.0430147302657,186.313862387539,-31.8455636804468));
#8012=CARTESIAN_POINT('Ctrl Pts',(-34.4662454763717,186.169237977912,-20.9083213042845));
#8013=CARTESIAN_POINT('Ctrl Pts',(-39.443353997391,186.066570727995,-7.37212607409997));
#8014=CARTESIAN_POINT('Ctrl Pts',(-39.3760813518927,186.010038401584,7.03529184990897));
#8015=CARTESIAN_POINT('Ctrl Pts',(-34.3074333704934,185.997529665455,20.5140251173623));
#8016=CARTESIAN_POINT('Ctrl Pts',(-24.8623814242812,186.028032374483,31.3875339695674));
#8017=CARTESIAN_POINT('Ctrl Pts',(-16.4306743316725,186.078463381107,35.9928621866517));
#8018=CARTESIAN_POINT('Ctrl Pts',(-11.9421200602453,186.111272117589,37.4857258103711));
#8019=CARTESIAN_POINT('Ctrl Pts',(-12.0852655577689,186.619541537279,-37.924226628048));
#8020=CARTESIAN_POINT('Ctrl Pts',(-16.5848185805384,186.572388337072,-36.4498385730018));
#8021=CARTESIAN_POINT('Ctrl Pts',(-25.0498803576079,186.472788280882,-31.8594095219957));
#8022=CARTESIAN_POINT('Ctrl Pts',(-34.5011788313105,186.337589602576,-20.9325726361729));
#8023=CARTESIAN_POINT('Ctrl Pts',(-39.5065446655921,186.238738359117,-7.3855625951623));
#8024=CARTESIAN_POINT('Ctrl Pts',(-39.4526179030785,186.183136637217,7.04832552500998));
#8025=CARTESIAN_POINT('Ctrl Pts',(-34.3766581146745,186.170681552723,20.5555933796634));
#8026=CARTESIAN_POINT('Ctrl Pts',(-24.9071233688085,186.200942803909,31.4456968458439));
#8027=CARTESIAN_POINT('Ctrl Pts',(-16.4557954565105,186.250149275279,36.048389575253));
#8028=CARTESIAN_POINT('Ctrl Pts',(-11.9589677568409,186.28169120024,37.5367537357048));
#8029=CARTESIAN_POINT('Ctrl Pts',(-12.0598110951975,186.901418290947,-37.8471307230898));
#8030=CARTESIAN_POINT('Ctrl Pts',(-16.5531927840688,186.86825584483,-36.3850674208738));
#8031=CARTESIAN_POINT('Ctrl Pts',(-25.0154926883724,186.796713796657,-31.8245198638906));
#8032=CARTESIAN_POINT('Ctrl Pts',(-34.4928167370608,186.695105110249,-20.9333666060911));
#8033=CARTESIAN_POINT('Ctrl Pts',(-39.5348525532778,186.61742174647,-7.39426926250581));
#8034=CARTESIAN_POINT('Ctrl Pts',(-39.5036969731406,186.572341833541,7.05598677040724));
#8035=CARTESIAN_POINT('Ctrl Pts',(-34.4253321897954,186.562121642513,20.5851283143097));
#8036=CARTESIAN_POINT('Ctrl Pts',(-24.9328887062108,186.586876395123,31.4818432178348));
#8037=CARTESIAN_POINT('Ctrl Pts',(-16.4650268737436,186.626369418451,36.0712426480996));
#8038=CARTESIAN_POINT('Ctrl Pts',(-11.9631809118121,186.651056536239,37.549514444925));
#8039=CARTESIAN_POINT('Ctrl Pts',(-11.9548437578269,187.291690553915,-37.5292080074591));
#8040=CARTESIAN_POINT('Ctrl Pts',(-16.410004132237,187.282954564153,-36.0792394035373));
#8041=CARTESIAN_POINT('Ctrl Pts',(-24.8012329883299,187.263732144076,-31.5604334679722));
#8042=CARTESIAN_POINT('Ctrl Pts',(-34.2110847673274,187.234855600789,-20.769273717495));
#8043=CARTESIAN_POINT('Ctrl Pts',(-39.2302648583849,187.211713828497,-7.34206504233949));
#8044=CARTESIAN_POINT('Ctrl Pts',(-39.2117896074508,187.197846470346,7.00156100338249));
#8045=CARTESIAN_POINT('Ctrl Pts',(-34.1727583887928,187.194626390575,20.4347992996886));
#8046=CARTESIAN_POINT('Ctrl Pts',(-24.7433752272979,187.202367863722,31.2479535705494));
#8047=CARTESIAN_POINT('Ctrl Pts',(-16.3345325199768,187.214352038758,35.7937647756491));
#8048=CARTESIAN_POINT('Ctrl Pts',(-11.8661346962019,187.221710321896,37.2555830451073));
#8049=CARTESIAN_POINT('Ctrl Pts',(-11.8427600172876,187.412,-37.1897312896254));
#8050=CARTESIAN_POINT('Ctrl Pts',(-16.2534163811326,187.412133013416,-35.7414596035781));
#8051=CARTESIAN_POINT('Ctrl Pts',(-24.551212623188,187.411831108288,-31.2429528873794));
#8052=CARTESIAN_POINT('Ctrl Pts',(-33.835243355673,187.412091979848,-20.5429513742496));
#8053=CARTESIAN_POINT('Ctrl Pts',(-38.7739221852654,187.412077133228,-7.25863523265412));
#8054=CARTESIAN_POINT('Ctrl Pts',(-38.7413801921972,187.412041926152,6.91643191288556));
#8055=CARTESIAN_POINT('Ctrl Pts',(-33.7595719302513,187.412201907949,20.1880808875544));
#8056=CARTESIAN_POINT('Ctrl Pts',(-24.4481665996071,187.411963823407,30.8777046145336));
#8057=CARTESIAN_POINT('Ctrl Pts',(-16.1429265989816,187.412166746772,35.3819211355963));
#8058=CARTESIAN_POINT('Ctrl Pts',(-11.7271477076774,187.412,36.8346223735695));
#8059=CARTESIAN_POINT('Ctrl Pts',(-11.7752915837377,187.412,-36.9853844122934));
#8060=CARTESIAN_POINT('Ctrl Pts',(-16.1590819170073,187.412,-35.5380049824804));
#8061=CARTESIAN_POINT('Ctrl Pts',(-24.4006406182647,187.412,-31.0515035187511));
#8062=CARTESIAN_POINT('Ctrl Pts',(-33.6082474228564,187.412,-20.4061353076912));
#8063=CARTESIAN_POINT('Ctrl Pts',(-38.4977157528049,187.412,-7.2079959449509));
#8064=CARTESIAN_POINT('Ctrl Pts',(-38.4563746269642,187.412,6.86489730768829));
#8065=CARTESIAN_POINT('Ctrl Pts',(-33.5090296595795,187.412,20.0384808664656));
#8066=CARTESIAN_POINT('Ctrl Pts',(-24.2695223410766,187.412,30.6534140083931));
#8067=CARTESIAN_POINT('Ctrl Pts',(-16.0269034489734,187.412,35.132720857587));
#8068=CARTESIAN_POINT('Ctrl Pts',(-11.6431131157037,187.412,36.5801002874));
#8069=CARTESIAN_POINT('',(-14.6842689455917,187.411780825735,35.4550724487946));
#8070=CARTESIAN_POINT('Ctrl Pts',(-14.6842689455916,187.411780825735,35.4550724487942));
#8071=CARTESIAN_POINT('Ctrl Pts',(-19.3423484829736,187.411490508946,33.4862245765932));
#8072=CARTESIAN_POINT('Ctrl Pts',(-23.5696638568618,187.410924347353,30.6232719153437));
#8073=CARTESIAN_POINT('Ctrl Pts',(-30.6790598985518,187.410059664757,23.438284211624));
#8074=CARTESIAN_POINT('Ctrl Pts',(-33.4945585513981,187.409816278276,19.1870908292942));
#8075=CARTESIAN_POINT('Ctrl Pts',(-37.3254801210896,187.410063950257,9.86245211430926));
#8076=CARTESIAN_POINT('Ctrl Pts',(-38.3116728270534,187.410536300879,4.88124217097621));
#8077=CARTESIAN_POINT('Ctrl Pts',(-38.3201900282916,187.411273973603,-2.8995440349982));
#8078=CARTESIAN_POINT('Ctrl Pts',(-38.0299442413377,187.411525765629,-5.64263512466866));
#8079=CARTESIAN_POINT('Ctrl Pts',(-36.8748161370678,187.411884648462,-11.0112728224303));
#8080=CARTESIAN_POINT('Ctrl Pts',(-36.0152200321221,187.411989413966,-13.6220451122394));
#8081=CARTESIAN_POINT('Ctrl Pts',(-34.8259785052187,187.411999735681,-16.2552288735947));
#8082=CARTESIAN_POINT('Ctrl Pts',(-34.7641309399128,187.412,-16.3900968156152));
#8083=CARTESIAN_POINT('Ctrl Pts',(-34.701509273612,187.412,-16.5246057215906));
#8084=CARTESIAN_POINT('',(-12.0881610609172,186.476374619269,-37.9329964629994));
#8085=CARTESIAN_POINT('Origin',(-11.7752915837377,186.412,-36.9853844122935));
#8086=CARTESIAN_POINT('',(-11.9421200602451,186.111272117589,37.4857258103712));
#8087=CARTESIAN_POINT('Ctrl Pts',(-12.0881610609173,186.476374619269,-37.9329964629994));
#8088=CARTESIAN_POINT('Ctrl Pts',(-16.5864755537609,186.423717984032,-36.4513821761468));
#8089=CARTESIAN_POINT('Ctrl Pts',(-25.0430147302657,186.313862387539,-31.8455636804468));
#8090=CARTESIAN_POINT('Ctrl Pts',(-34.4662454763717,186.169237977912,-20.9083213042845));
#8091=CARTESIAN_POINT('Ctrl Pts',(-39.443353997391,186.066570727995,-7.37212607409997));
#8092=CARTESIAN_POINT('Ctrl Pts',(-39.3760813518927,186.010038401584,7.03529184990897));
#8093=CARTESIAN_POINT('Ctrl Pts',(-34.3074333704934,185.997529665455,20.5140251173623));
#8094=CARTESIAN_POINT('Ctrl Pts',(-24.8623814242812,186.028032374483,31.3875339695674));
#8095=CARTESIAN_POINT('Ctrl Pts',(-16.4306743316725,186.078463381107,35.9928621866517));
#8096=CARTESIAN_POINT('Ctrl Pts',(-11.9421200602453,186.111272117589,37.4857258103711));
#8097=CARTESIAN_POINT('Origin',(-11.6431131157037,186.412,36.5801002874002));
#8098=CARTESIAN_POINT('Ctrl Pts',(-14.2883034342884,187.412,35.5977316078465));
#8099=CARTESIAN_POINT('Ctrl Pts',(-14.3037336410471,187.412000409343,35.593027084352));
#8100=CARTESIAN_POINT('Ctrl Pts',(-14.3191358310836,187.411996987224,35.5882318033792));
#8101=CARTESIAN_POINT('Ctrl Pts',(-14.3345094601256,187.41199092484,35.5833454563386));
#8102=CARTESIAN_POINT('Ctrl Pts',(-14.394125861525,187.411967415913,35.564397007293));
#8103=CARTESIAN_POINT('Ctrl Pts',(-14.453288231493,187.411906617284,35.5440869361104));
#8104=CARTESIAN_POINT('Ctrl Pts',(-14.5119676652657,187.411858870181,35.5224000706501));
#8105=CARTESIAN_POINT('Ctrl Pts',(-14.5366313023914,187.411838801527,35.5132848330666));
#8106=CARTESIAN_POINT('Ctrl Pts',(-14.5612037923849,187.411820668997,35.5039285290269));
#8107=CARTESIAN_POINT('Ctrl Pts',(-14.5856836659796,187.41180654692,35.4943301683797));
#8108=CARTESIAN_POINT('Ctrl Pts',(-14.6062885573624,187.411794660262,35.4862511569493));
#8109=CARTESIAN_POINT('Ctrl Pts',(-14.6268252794968,187.411785599678,35.4780016563544));
#8110=CARTESIAN_POINT('Ctrl Pts',(-14.647293109359,187.411780043588,35.469581146647));
#8111=CARTESIAN_POINT('Ctrl Pts',(-14.6595190597392,187.411776724796,35.4645513640783));
#8112=CARTESIAN_POINT('Ctrl Pts',(-14.6717197358166,187.411774646809,35.4594608510096));
#8113=CARTESIAN_POINT('Ctrl Pts',(-14.6838950046677,187.411773865956,35.4543095091436));
#8114=CARTESIAN_POINT('Ctrl Pts',(-11.9421200602451,186.111272117589,37.4857258103711));
#8115=CARTESIAN_POINT('Ctrl Pts',(-11.747475425968,186.069988114034,37.5362818572568));
#8116=CARTESIAN_POINT('Ctrl Pts',(-11.3823601508521,186.008910524824,37.7287477159531));
#8117=CARTESIAN_POINT('Ctrl Pts',(-11.051062547538,185.995004409486,38.2480326072698));
#8118=CARTESIAN_POINT('Ctrl Pts',(-11.0279549939972,186.077435559978,39.076585996551));
#8119=CARTESIAN_POINT('Ctrl Pts',(-11.5826134807675,186.310186633025,39.7605141590502));
#8120=CARTESIAN_POINT('Ctrl Pts',(-12.3585748173846,186.567782092878,40.0400878044923));
#8121=CARTESIAN_POINT('Ctrl Pts',(-12.7718571792684,186.671443878856,40.0305271854949));
#8122=CARTESIAN_POINT('Ctrl Pts',(-12.9665018135454,186.712727882411,39.9799711386092));
#8123=CARTESIAN_POINT('Ctrl Pts',(-11.9589677568408,186.28169120024,37.5367537357048));
#8124=CARTESIAN_POINT('Ctrl Pts',(-11.774733771604,186.24200125537,37.5929715628799));
#8125=CARTESIAN_POINT('Ctrl Pts',(-11.4364217705662,186.182140013693,37.7861945728891));
#8126=CARTESIAN_POINT('Ctrl Pts',(-11.1310230306996,186.168003368438,38.2731279049906));
#8127=CARTESIAN_POINT('Ctrl Pts',(-11.0889253799662,186.250172192686,39.0472756527552));
#8128=CARTESIAN_POINT('Ctrl Pts',(-11.5815051709618,186.471358742673,39.7428886453518));
#8129=CARTESIAN_POINT('Ctrl Pts',(-12.3533677498291,186.70136276127,40.0631966373317));
#8130=CARTESIAN_POINT('Ctrl Pts',(-12.7768899438386,186.791878261285,40.0630861513522));
#8131=CARTESIAN_POINT('Ctrl Pts',(-12.9778638654369,186.827658160825,40.0143842663778));
#8132=CARTESIAN_POINT('Ctrl Pts',(-11.963180946613,186.651056659606,37.5495145503297));
#8133=CARTESIAN_POINT('Ctrl Pts',(-11.7852615586229,186.619992279571,37.6184318356524));
#8134=CARTESIAN_POINT('Ctrl Pts',(-11.4705851272488,186.571896827225,37.8257998251215));
#8135=CARTESIAN_POINT('Ctrl Pts',(-11.1889450555078,186.559973368462,38.290573244976));
#8136=CARTESIAN_POINT('Ctrl Pts',(-11.1101752150082,186.627728628209,39.02416013144));
#8137=CARTESIAN_POINT('Ctrl Pts',(-11.5326805725052,186.797929817479,39.7768124967548));
#8138=CARTESIAN_POINT('Ctrl Pts',(-12.3384234874938,186.958888484148,40.1650281003056));
#8139=CARTESIAN_POINT('Ctrl Pts',(-12.7952280240046,187.020170079681,40.1734633130624));
#8140=CARTESIAN_POINT('Ctrl Pts',(-13.0137747966121,187.044062875355,40.123150488767));
#8141=CARTESIAN_POINT('Ctrl Pts',(-11.8661347370641,187.221710527843,37.2555831688699));
#8142=CARTESIAN_POINT('Ctrl Pts',(-11.646126771377,187.212451427378,37.345204314053));
#8143=CARTESIAN_POINT('Ctrl Pts',(-11.256981767569,187.197662665098,37.6124263525072));
#8144=CARTESIAN_POINT('Ctrl Pts',(-10.9061533272825,187.193798648033,38.1977621148135));
#8145=CARTESIAN_POINT('Ctrl Pts',(-10.7914018894127,187.215085419116,39.116829118221));
#8146=CARTESIAN_POINT('Ctrl Pts',(-11.3051884397136,187.264724020669,40.0581662018706));
#8147=CARTESIAN_POINT('Ctrl Pts',(-12.2986801764149,187.30678147299,40.5072574588212));
#8148=CARTESIAN_POINT('Ctrl Pts',(-12.8515467486055,187.322130458479,40.497873561979));
#8149=CARTESIAN_POINT('Ctrl Pts',(-13.1145350513142,187.328026699089,40.4283308868315));
#8150=CARTESIAN_POINT('Ctrl Pts',(-11.7271477076773,187.412,36.8346223735694));
#8151=CARTESIAN_POINT('Ctrl Pts',(-11.4409281036247,187.412209821379,36.9357156935631));
#8152=CARTESIAN_POINT('Ctrl Pts',(-10.9176206508122,187.412832704704,37.2654586387526));
#8153=CARTESIAN_POINT('Ctrl Pts',(-10.4390848134033,187.413072678146,38.0465662920397));
#8154=CARTESIAN_POINT('Ctrl Pts',(-10.3262192709134,187.412795046098,39.274750535458));
#8155=CARTESIAN_POINT('Ctrl Pts',(-11.0558231744742,187.412294821615,40.3992600720785));
#8156=CARTESIAN_POINT('Ctrl Pts',(-12.2619498398664,187.411915103002,40.8500262208536));
#8157=CARTESIAN_POINT('Ctrl Pts',(-12.9061929464243,187.412064756735,40.8073417409083));
#8158=CARTESIAN_POINT('Ctrl Pts',(-13.2088360023037,187.412,40.7139474907783));
#8159=CARTESIAN_POINT('Ctrl Pts',(-11.6431131157036,187.412,36.5801002874));
#8160=CARTESIAN_POINT('Ctrl Pts',(-11.3166415578967,187.412,36.6878901635723));
#8161=CARTESIAN_POINT('Ctrl Pts',(-10.711518508772,187.412,37.0549836242344));
#8162=CARTESIAN_POINT('Ctrl Pts',(-10.1550200248421,187.412,37.9551397000948));
#8163=CARTESIAN_POINT('Ctrl Pts',(-10.0441767269977,187.412,39.3713203304413));
#8164=CARTESIAN_POINT('Ctrl Pts',(-10.9056186804033,187.412,40.6054369249049));
#8165=CARTESIAN_POINT('Ctrl Pts',(-12.2398806904612,187.412,41.0563865227308));
#8166=CARTESIAN_POINT('Ctrl Pts',(-12.9390372002803,187.412,40.9933865377526));
#8167=CARTESIAN_POINT('Ctrl Pts',(-13.2655087580872,187.412,40.8855966615802));
#8168=CARTESIAN_POINT('',(-12.9665018135455,186.712727882411,39.9799711386093));
#8169=CARTESIAN_POINT('Origin',(-13.2655087580872,186.412,40.8855966615803));
#8170=CARTESIAN_POINT('Ctrl Pts',(-11.9421200602451,186.111272117589,37.4857258103711));
#8171=CARTESIAN_POINT('Ctrl Pts',(-11.747475425968,186.069988114034,37.5362818572568));
#8172=CARTESIAN_POINT('Ctrl Pts',(-11.3823601508521,186.008910524824,37.7287477159531));
#8173=CARTESIAN_POINT('Ctrl Pts',(-11.051062547538,185.995004409486,38.2480326072698));
#8174=CARTESIAN_POINT('Ctrl Pts',(-11.0279549939972,186.077435559978,39.076585996551));
#8175=CARTESIAN_POINT('Ctrl Pts',(-11.5826134807675,186.310186633025,39.7605141590502));
#8176=CARTESIAN_POINT('Ctrl Pts',(-12.3585748173846,186.567782092878,40.0400878044923));
#8177=CARTESIAN_POINT('Ctrl Pts',(-12.7718571792684,186.671443878856,40.0305271854949));
#8178=CARTESIAN_POINT('Ctrl Pts',(-12.9665018135454,186.712727882411,39.9799711386092));
#8179=CARTESIAN_POINT('Ctrl Pts',(-12.9665018135456,186.712727882411,39.9799711386093));
#8180=CARTESIAN_POINT('Ctrl Pts',(-17.7614767073458,186.745516441312,38.4077204432093));
#8181=CARTESIAN_POINT('Ctrl Pts',(-26.786695181752,186.796090859788,33.5277818881124));
#8182=CARTESIAN_POINT('Ctrl Pts',(-36.8909146570937,186.826617898307,21.9079488084754));
#8183=CARTESIAN_POINT('Ctrl Pts',(-42.2558988322827,186.813617315241,7.47091475019718));
#8184=CARTESIAN_POINT('Ctrl Pts',(-42.189763317934,186.756156915657,-7.92377903425528));
#8185=CARTESIAN_POINT('Ctrl Pts',(-36.7361359746509,186.652851305802,-22.3066414214832));
#8186=CARTESIAN_POINT('Ctrl Pts',(-26.6088255710392,186.508692576971,-33.8678409249582));
#8187=CARTESIAN_POINT('Ctrl Pts',(-17.6065275611499,186.399860618927,-38.7489544543293));
#8188=CARTESIAN_POINT('Ctrl Pts',(-12.8204608128731,186.34762538073,-40.3327004859811));
#8189=CARTESIAN_POINT('Ctrl Pts',(-12.9892259173284,186.942588439238,40.0487973941464));
#8190=CARTESIAN_POINT('Ctrl Pts',(-17.7941777018348,186.966579274739,38.4796594498254));
#8191=CARTESIAN_POINT('Ctrl Pts',(-26.8412749530775,187.003091743339,33.5969873517238));
#8192=CARTESIAN_POINT('Ctrl Pts',(-36.970181100948,187.024742060702,21.955254640461));
#8193=CARTESIAN_POINT('Ctrl Pts',(-42.3452336720087,187.015511634695,7.48614068385139));
#8194=CARTESIAN_POINT('Ctrl Pts',(-42.2703439516396,186.974442835294,-7.94005432099656));
#8195=CARTESIAN_POINT('Ctrl Pts',(-36.7889467230515,186.898818440925,-22.3422682354372));
#8196=CARTESIAN_POINT('Ctrl Pts',(-26.6232585831357,186.789286070949,-33.8937544845248));
#8197=CARTESIAN_POINT('Ctrl Pts',(-17.6030212694083,186.701760696702,-38.7473797813269));
#8198=CARTESIAN_POINT('Ctrl Pts',(-12.8141745099161,186.658448948842,-40.3136606726692));
#8199=CARTESIAN_POINT('Ctrl Pts',(-13.0765021197986,187.294983684503,40.3131375974356));
#8200=CARTESIAN_POINT('Ctrl Pts',(-17.9131092723704,187.30152273369,38.7334931753064));
#8201=CARTESIAN_POINT('Ctrl Pts',(-27.018708492989,187.311217512201,33.8175026686787));
#8202=CARTESIAN_POINT('Ctrl Pts',(-37.2119131449296,187.316921344869,22.0984010821532));
#8203=CARTESIAN_POINT('Ctrl Pts',(-42.6226419810224,187.314509102849,7.53619579462837));
#8204=CARTESIAN_POINT('Ctrl Pts',(-42.5503030493846,187.303628761106,-7.99122476875178));
#8205=CARTESIAN_POINT('Ctrl Pts',(-37.0331621544014,187.283181500746,-22.4882429165974));
#8206=CARTESIAN_POINT('Ctrl Pts',(-26.7928167028971,187.252324700957,-34.1093297490607));
#8207=CARTESIAN_POINT('Ctrl Pts',(-17.7086188323056,187.226292050719,-38.9750624577459));
#8208=CARTESIAN_POINT('Ctrl Pts',(-12.8889570293108,187.212918689051,-40.540160289057));
#8209=CARTESIAN_POINT('Ctrl Pts',(-13.2088360023037,187.412,40.7139474907784));
#8210=CARTESIAN_POINT('Ctrl Pts',(-18.0896046527408,187.411963051692,39.1076317980683));
#8211=CARTESIAN_POINT('Ctrl Pts',(-27.271610235928,187.411997960573,34.128540251384));
#8212=CARTESIAN_POINT('Ctrl Pts',(-37.5470256426756,187.411988435291,22.2967580073419));
#8213=CARTESIAN_POINT('Ctrl Pts',(-43.0105358792985,187.411962001638,7.60707812180773));
#8214=CARTESIAN_POINT('Ctrl Pts',(-42.9596718973131,187.412007904733,-8.0628156466976));
#8215=CARTESIAN_POINT('Ctrl Pts',(-37.4242688893247,187.411906186485,-22.7160019522814));
#8216=CARTESIAN_POINT('Ctrl Pts',(-27.1119126839487,187.412047865258,-34.4975560111615));
#8217=CARTESIAN_POINT('Ctrl Pts',(-17.9358019498373,187.411840904215,-39.4564919248487));
#8218=CARTESIAN_POINT('Ctrl Pts',(-13.0600913758454,187.412,-41.0584881570478));
#8219=CARTESIAN_POINT('Ctrl Pts',(-13.2655087580872,187.412,40.8855966615803));
#8220=CARTESIAN_POINT('Ctrl Pts',(-18.1651831595605,187.412,39.2678897453409));
#8221=CARTESIAN_POINT('Ctrl Pts',(-27.3799367194362,187.412,34.2617531116822));
#8222=CARTESIAN_POINT('Ctrl Pts',(-37.6905658020141,187.412,22.3817360101687));
#8223=CARTESIAN_POINT('Ctrl Pts',(-43.1766889716191,187.412,7.63742104772928));
#8224=CARTESIAN_POINT('Ctrl Pts',(-43.1350036746285,187.412,-8.09347516936));
#8225=CARTESIAN_POINT('Ctrl Pts',(-37.5917320011721,187.412,-22.8135769455136));
#8226=CARTESIAN_POINT('Ctrl Pts',(-27.248503273971,187.412,-34.6637334459653));
#8227=CARTESIAN_POINT('Ctrl Pts',(-18.0330046915264,187.412,-39.6626056204476));
#8228=CARTESIAN_POINT('Ctrl Pts',(-13.1333302900527,187.412,-41.2803125366871));
#8229=CARTESIAN_POINT('',(-12.8204608128732,186.347625380731,-40.332700485981));
#8230=CARTESIAN_POINT('Origin',(-13.1333302900526,186.412,-41.2803125366871));
#8231=CARTESIAN_POINT('Ctrl Pts',(-12.9665018135456,186.712727882411,39.9799711386093));
#8232=CARTESIAN_POINT('Ctrl Pts',(-17.7614767073458,186.745516441312,38.4077204432093));
#8233=CARTESIAN_POINT('Ctrl Pts',(-26.786695181752,186.796090859788,33.5277818881124));
#8234=CARTESIAN_POINT('Ctrl Pts',(-36.8909146570937,186.826617898307,21.9079488084754));
#8235=CARTESIAN_POINT('Ctrl Pts',(-42.2558988322827,186.813617315241,7.47091475019718));
#8236=CARTESIAN_POINT('Ctrl Pts',(-42.189763317934,186.756156915657,-7.92377903425528));
#8237=CARTESIAN_POINT('Ctrl Pts',(-36.7361359746509,186.652851305802,-22.3066414214832));
#8238=CARTESIAN_POINT('Ctrl Pts',(-26.6088255710392,186.508692576971,-33.8678409249582));
#8239=CARTESIAN_POINT('Ctrl Pts',(-17.6065275611499,186.399860618927,-38.7489544543293));
#8240=CARTESIAN_POINT('Ctrl Pts',(-12.8204608128731,186.34762538073,-40.3327004859811));
#8241=CARTESIAN_POINT('Ctrl Pts',(-12.8204608128731,186.34762538073,-40.332700485981));
#8242=CARTESIAN_POINT('Ctrl Pts',(-12.6286243925646,186.285722134344,-40.4002436946136));
#8243=CARTESIAN_POINT('Ctrl Pts',(-12.2199823847286,186.167174441174,-40.4652362745697));
#8244=CARTESIAN_POINT('Ctrl Pts',(-11.6214831447117,186.042835342671,-40.3073627948398));
#8245=CARTESIAN_POINT('Ctrl Pts',(-11.1710531758873,185.991844544736,-39.883946049498));
#8246=CARTESIAN_POINT('Ctrl Pts',(-11.0011072894449,186.018834602717,-39.2902105698218));
#8247=CARTESIAN_POINT('Ctrl Pts',(-11.196598179961,186.155056086694,-38.487620341578));
#8248=CARTESIAN_POINT('Ctrl Pts',(-11.7044882202989,186.352568126495,-38.068082880265));
#8249=CARTESIAN_POINT('Ctrl Pts',(-12.0881610609171,186.476374619269,-37.9329964629994));
#8250=CARTESIAN_POINT('Ctrl Pts',(-12.8173176613946,186.503037164786,-40.3231805793251));
#8251=CARTESIAN_POINT('Ctrl Pts',(-12.6236960855184,186.446404649751,-40.3807314682277));
#8252=CARTESIAN_POINT('Ctrl Pts',(-12.2199966041583,186.335878287611,-40.4217559318659));
#8253=CARTESIAN_POINT('Ctrl Pts',(-11.6566240742013,186.215528798997,-40.2448727713657));
#8254=CARTESIAN_POINT('Ctrl Pts',(-11.2432001261814,186.164877228353,-39.8402775238306));
#8255=CARTESIAN_POINT('Ctrl Pts',(-11.079254718548,186.191651803235,-39.2877780570433));
#8256=CARTESIAN_POINT('Ctrl Pts',(-11.233342769036,186.325132933187,-38.5216010950504));
#8257=CARTESIAN_POINT('Ctrl Pts',(-11.7045047536987,186.508674743106,-38.0763033906308));
#8258=CARTESIAN_POINT('Ctrl Pts',(-12.0852655577688,186.619541537279,-37.924226628048));
#8259=CARTESIAN_POINT('Ctrl Pts',(-12.8342829106783,186.818051585933,-40.3745645456021));
#8260=CARTESIAN_POINT('Ctrl Pts',(-12.6288535346977,186.776883335895,-40.4206596796304));
#8261=CARTESIAN_POINT('Ctrl Pts',(-12.2119635833975,186.694220933859,-40.4276575490563));
#8262=CARTESIAN_POINT('Ctrl Pts',(-11.6727975290195,186.599131868729,-40.2085004198876));
#8263=CARTESIAN_POINT('Ctrl Pts',(-11.2952452687926,186.557593520598,-39.8082173326381));
#8264=CARTESIAN_POINT('Ctrl Pts',(-11.1299071864983,186.579541169136,-39.2889669558875));
#8265=CARTESIAN_POINT('Ctrl Pts',(-11.223411796444,186.686872666284,-38.5349287410076));
#8266=CARTESIAN_POINT('Ctrl Pts',(-11.6645402365756,186.823446662632,-38.0281855261211));
#8267=CARTESIAN_POINT('Ctrl Pts',(-12.0598111057537,186.90141833946,-37.8471307550626));
#8268=CARTESIAN_POINT('Ctrl Pts',(-12.9385713545986,187.269322246958,-40.6904310439871));
#8269=CARTESIAN_POINT('Ctrl Pts',(-12.6878362343927,187.25803741788,-40.7486462566064));
#8270=CARTESIAN_POINT('Ctrl Pts',(-12.1740476589916,187.234635009928,-40.7554453238082));
#8271=CARTESIAN_POINT('Ctrl Pts',(-11.506994392894,187.206008525687,-40.4694324983299));
#8272=CARTESIAN_POINT('Ctrl Pts',(-11.0398383534665,187.193002069562,-39.9605971244581));
#8273=CARTESIAN_POINT('Ctrl Pts',(-10.8275259464538,187.199862340148,-39.3103348373976));
#8274=CARTESIAN_POINT('Ctrl Pts',(-10.9250845803125,187.23277241878,-38.3641929850095));
#8275=CARTESIAN_POINT('Ctrl Pts',(-11.4697067921149,187.271150533977,-37.7386999179214));
#8276=CARTESIAN_POINT('Ctrl Pts',(-11.954843769739,187.291690628278,-37.5292080435384));
#8277=CARTESIAN_POINT('Ctrl Pts',(-13.0600913758454,187.412,-41.0584881570478));
#8278=CARTESIAN_POINT('Ctrl Pts',(-12.7620885825266,187.412199776648,-41.1474808208537));
#8279=CARTESIAN_POINT('Ctrl Pts',(-12.1326232694944,187.412631552141,-41.1973280368769));
#8280=CARTESIAN_POINT('Ctrl Pts',(-11.2579325558348,187.413313900926,-40.876434684237));
#8281=CARTESIAN_POINT('Ctrl Pts',(-10.6185743886657,187.413633672077,-40.2133422213693));
#8282=CARTESIAN_POINT('Ctrl Pts',(-10.3440959911516,187.413542823688,-39.3376599393555));
#8283=CARTESIAN_POINT('Ctrl Pts',(-10.5295907612893,187.412778553781,-38.1124701286789));
#8284=CARTESIAN_POINT('Ctrl Pts',(-11.2529850308429,187.412312741679,-37.4032129641466));
#8285=CARTESIAN_POINT('Ctrl Pts',(-11.8427600172876,187.412,-37.1897312896254));
#8286=CARTESIAN_POINT('Ctrl Pts',(-13.1333302900526,187.412,-41.2803125366871));
#8287=CARTESIAN_POINT('Ctrl Pts',(-12.8068590372036,187.412,-41.3881023121726));
#8288=CARTESIAN_POINT('Ctrl Pts',(-12.1076230536571,187.412,-41.4646454065585));
#8289=CARTESIAN_POINT('Ctrl Pts',(-11.1066772723188,187.412,-41.1235743366969));
#8290=CARTESIAN_POINT('Ctrl Pts',(-10.3622094237166,187.412,-40.3670358214769));
#8291=CARTESIAN_POINT('Ctrl Pts',(-10.0501390314414,187.412,-39.3541010402317));
#8292=CARTESIAN_POINT('Ctrl Pts',(-10.2902837279746,187.412,-37.9597110041336));
#8293=CARTESIAN_POINT('Ctrl Pts',(-11.1223490780376,187.412,-37.2009639632651));
#8294=CARTESIAN_POINT('Ctrl Pts',(-11.7752915837377,187.412,-36.9853844122934));
#8295=CARTESIAN_POINT('Ctrl Pts',(-12.8204608128731,186.34762538073,-40.332700485981));
#8296=CARTESIAN_POINT('Ctrl Pts',(-12.6286243925646,186.285722134344,-40.4002436946136));
#8297=CARTESIAN_POINT('Ctrl Pts',(-12.2199823847286,186.167174441174,-40.4652362745697));
#8298=CARTESIAN_POINT('Ctrl Pts',(-11.6214831447117,186.042835342671,-40.3073627948398));
#8299=CARTESIAN_POINT('Ctrl Pts',(-11.1710531758873,185.991844544736,-39.883946049498));
#8300=CARTESIAN_POINT('Ctrl Pts',(-11.0011072894449,186.018834602717,-39.2902105698218));
#8301=CARTESIAN_POINT('Ctrl Pts',(-11.196598179961,186.155056086694,-38.487620341578));
#8302=CARTESIAN_POINT('Ctrl Pts',(-11.7044882202989,186.352568126495,-38.068082880265));
#8303=CARTESIAN_POINT('Ctrl Pts',(-12.0881610609171,186.476374619269,-37.9329964629994));
#8304=CARTESIAN_POINT('Ctrl Pts',(-14.3621731261718,186.801096005454,34.6874679117125));
#8305=CARTESIAN_POINT('Ctrl Pts',(-18.2627228887479,186.825995591182,33.0599109033431));
#8306=CARTESIAN_POINT('Ctrl Pts',(-25.5151683317643,186.863796178114,28.4814173510725));
#8307=CARTESIAN_POINT('Ctrl Pts',(-33.51480505954,186.884930033092,18.399062690914));
#8308=CARTESIAN_POINT('Ctrl Pts',(-37.7265286607468,186.871652334259,6.23518523513195));
#8309=CARTESIAN_POINT('Ctrl Pts',(-37.6733923325747,186.823173406883,-6.63139717855483));
#8310=CARTESIAN_POINT('Ctrl Pts',(-33.3874810483065,186.738486266201,-18.7533709873644));
#8311=CARTESIAN_POINT('Ctrl Pts',(-25.3634390083389,186.620794766612,-28.7867012602119));
#8312=CARTESIAN_POINT('Ctrl Pts',(-18.1281452826159,186.529967246122,-33.3603018905923));
#8313=CARTESIAN_POINT('Ctrl Pts',(-14.2358651427497,186.4853260469,-34.9949835012417));
#8314=CARTESIAN_POINT('Ctrl Pts',(-14.3886738057452,187.003016138197,34.7506231613304));
#8315=CARTESIAN_POINT('Ctrl Pts',(-18.2978829934599,187.021126070262,33.1242026451794));
#8316=CARTESIAN_POINT('Ctrl Pts',(-25.5682702181111,187.048323625661,28.5411814084752));
#8317=CARTESIAN_POINT('Ctrl Pts',(-33.5873450307882,187.063305739163,18.4390238101637));
#8318=CARTESIAN_POINT('Ctrl Pts',(-37.8066102082431,187.053868913965,6.24795672770177));
#8319=CARTESIAN_POINT('Ctrl Pts',(-37.7460747739594,187.019205223711,-6.64506395044662));
#8320=CARTESIAN_POINT('Ctrl Pts',(-33.4377570831218,186.957279137893,-18.7841811312519));
#8321=CARTESIAN_POINT('Ctrl Pts',(-25.38189789724,186.868329315659,-28.8128007445621));
#8322=CARTESIAN_POINT('Ctrl Pts',(-18.1293744321668,186.796075565951,-33.3664699581455));
#8323=CARTESIAN_POINT('Ctrl Pts',(-14.2327188633951,186.759566389241,-34.9874854271844));
#8324=CARTESIAN_POINT('Ctrl Pts',(-14.4856010950401,187.310333095131,34.9816159980698));
#8325=CARTESIAN_POINT('Ctrl Pts',(-18.4206273516365,187.315239577036,33.3440109864643));
#8326=CARTESIAN_POINT('Ctrl Pts',(-25.7380915459084,187.322442509829,28.7296387731735));
#8327=CARTESIAN_POINT('Ctrl Pts',(-33.808534303514,187.326388529925,18.5602181551501));
#8328=CARTESIAN_POINT('Ctrl Pts',(-38.0562073434173,187.323921727943,6.29010349795368));
#8329=CARTESIAN_POINT('Ctrl Pts',(-37.9977822653913,187.314730707134,-6.68811480112617));
#8330=CARTESIAN_POINT('Ctrl Pts',(-33.6613876740929,187.29800917102,-18.9077020855555));
#8331=CARTESIAN_POINT('Ctrl Pts',(-25.5465050665917,187.273074299148,-28.9986397189478));
#8332=CARTESIAN_POINT('Ctrl Pts',(-18.241244910186,187.251839084936,-33.5683420290677));
#8333=CARTESIAN_POINT('Ctrl Pts',(-14.3182983243554,187.240717753806,-35.1914346204164));
#8334=CARTESIAN_POINT('Ctrl Pts',(-14.6300782896346,187.412,35.3259276699045));
#8335=CARTESIAN_POINT('Ctrl Pts',(-18.600181678142,187.411973615569,33.6640822645028));
#8336=CARTESIAN_POINT('Ctrl Pts',(-25.9785263029595,187.411993683975,28.9943385426414));
#8337=CARTESIAN_POINT('Ctrl Pts',(-34.1151763632583,187.411987530057,18.7282802301349));
#8338=CARTESIAN_POINT('Ctrl Pts',(-38.4057954683364,187.411963343984,6.3498490235704));
#8339=CARTESIAN_POINT('Ctrl Pts',(-38.3653880596949,187.411999140651,-6.74853278382597));
#8340=CARTESIAN_POINT('Ctrl Pts',(-34.0158314838643,187.411919471133,-19.0991575885585));
#8341=CARTESIAN_POINT('Ctrl Pts',(-25.8464336027168,187.412027230102,-29.3255527882472));
#8342=CARTESIAN_POINT('Ctrl Pts',(-18.4708240678433,187.411875690315,-33.9772430049533));
#8343=CARTESIAN_POINT('Ctrl Pts',(-14.5043289889499,187.412,-35.634774687469));
#8344=CARTESIAN_POINT('Ctrl Pts',(-14.6919537855757,187.412,35.4733866201763));
#8345=CARTESIAN_POINT('Ctrl Pts',(-18.6770758685546,187.412,33.8011828996427));
#8346=CARTESIAN_POINT('Ctrl Pts',(-26.0815138898734,187.412,29.1077071254249));
#8347=CARTESIAN_POINT('Ctrl Pts',(-34.246522235251,187.412,18.800278504951));
#8348=CARTESIAN_POINT('Ctrl Pts',(-38.5555402962978,187.412,6.37542363532534));
#8349=CARTESIAN_POINT('Ctrl Pts',(-38.5228323670086,187.412,-6.7744102130086));
#8350=CARTESIAN_POINT('Ctrl Pts',(-34.167602117188,187.412,-19.1811817941226));
#8351=CARTESIAN_POINT('Ctrl Pts',(-25.974823689568,187.412,-29.4654967896097));
#8352=CARTESIAN_POINT('Ctrl Pts',(-18.5690695130506,187.412,-34.1523141208524));
#8353=CARTESIAN_POINT('Ctrl Pts',(-14.5839474300715,187.412,-35.8245178413861));
#8354=CARTESIAN_POINT('',(-14.3621731261715,186.801096005454,34.6874679117126));
#8355=CARTESIAN_POINT('Origin',(-14.6919537855757,186.512,35.4733866201764));
#8356=CARTESIAN_POINT('',(-14.2358651427497,186.4853260469,-34.9949835012416));
#8357=CARTESIAN_POINT('Ctrl Pts',(-14.3621731261718,186.801096005454,34.6874679117125));
#8358=CARTESIAN_POINT('Ctrl Pts',(-18.2627228887479,186.825995591182,33.0599109033431));
#8359=CARTESIAN_POINT('Ctrl Pts',(-25.5151683317643,186.863796178114,28.4814173510725));
#8360=CARTESIAN_POINT('Ctrl Pts',(-33.51480505954,186.884930033092,18.399062690914));
#8361=CARTESIAN_POINT('Ctrl Pts',(-37.7265286607468,186.871652334259,6.23518523513195));
#8362=CARTESIAN_POINT('Ctrl Pts',(-37.6733923325747,186.823173406883,-6.63139717855483));
#8363=CARTESIAN_POINT('Ctrl Pts',(-33.3874810483065,186.738486266201,-18.7533709873644));
#8364=CARTESIAN_POINT('Ctrl Pts',(-25.3634390083389,186.620794766612,-28.7867012602119));
#8365=CARTESIAN_POINT('Ctrl Pts',(-18.1281452826159,186.529967246122,-33.3603018905923));
#8366=CARTESIAN_POINT('Ctrl Pts',(-14.2358651427497,186.4853260469,-34.9949835012417));
#8367=CARTESIAN_POINT('Origin',(-14.5839474300715,186.512,-35.824517841386));
#8368=CARTESIAN_POINT('Ctrl Pts',(-13.1635761414114,186.222903994546,32.266554760483));
#8369=CARTESIAN_POINT('Ctrl Pts',(-13.022573437969,186.197606949977,32.3164157569986));
#8370=CARTESIAN_POINT('Ctrl Pts',(-12.8468551458982,186.171656751138,32.4163737767539));
#8371=CARTESIAN_POINT('Ctrl Pts',(-12.5614735950552,186.141998255917,32.6931658744598));
#8372=CARTESIAN_POINT('Ctrl Pts',(-12.3511240946694,186.141663181796,33.1019798713317));
#8373=CARTESIAN_POINT('Ctrl Pts',(-12.3944010507039,186.230428916835,33.925470824428));
#8374=CARTESIAN_POINT('Ctrl Pts',(-12.9820666862465,186.450974181797,34.5680390994701));
#8375=CARTESIAN_POINT('Ctrl Pts',(-13.7665195250812,186.679820265024,34.7961374047588));
#8376=CARTESIAN_POINT('Ctrl Pts',(-14.1741695215818,186.767366612696,34.7539492404));
#8377=CARTESIAN_POINT('Ctrl Pts',(-14.3621731261716,186.801096005454,34.6874679117125));
#8378=CARTESIAN_POINT('Ctrl Pts',(-13.183794043891,186.376952932844,32.3147371731005));
#8379=CARTESIAN_POINT('Ctrl Pts',(-13.0503836631344,186.35250640502,32.367272856231));
#8380=CARTESIAN_POINT('Ctrl Pts',(-12.8862628874016,186.327068925002,32.4671399554266));
#8381=CARTESIAN_POINT('Ctrl Pts',(-12.6203992495541,186.297858366422,32.7334470968165));
#8382=CARTESIAN_POINT('Ctrl Pts',(-12.4236505651101,186.297304347568,33.1181344869853));
#8383=CARTESIAN_POINT('Ctrl Pts',(-12.4422270733775,186.385515082315,33.8961226463174));
#8384=CARTESIAN_POINT('Ctrl Pts',(-12.9770890023911,186.593470736432,34.557089913787));
#8385=CARTESIAN_POINT('Ctrl Pts',(-13.7634321480696,186.796702345457,34.820395142532));
#8386=CARTESIAN_POINT('Ctrl Pts',(-14.1815192295202,186.872897189041,34.7848433029833));
#8387=CARTESIAN_POINT('Ctrl Pts',(-14.3754234659583,186.902056071826,34.7190455365214));
#8388=CARTESIAN_POINT('Ctrl Pts',(-13.1909358823914,186.713168431015,32.3317572873195));
#8389=CARTESIAN_POINT('Ctrl Pts',(-13.0628873047282,186.693891090232,32.3916568652827));
#8390=CARTESIAN_POINT('Ctrl Pts',(-12.9089740427104,186.673461456289,32.4971635224602));
#8391=CARTESIAN_POINT('Ctrl Pts',(-12.6606393079748,186.649807275308,32.7618355859617));
#8392=CARTESIAN_POINT('Ctrl Pts',(-12.4751899994239,186.649154929208,33.1284604720061));
#8393=CARTESIAN_POINT('Ctrl Pts',(-12.4516527761582,186.72155747524,33.8758261398018));
#8394=CARTESIAN_POINT('Ctrl Pts',(-12.9314207881688,186.879751217471,34.5977463173748));
#8395=CARTESIAN_POINT('Ctrl Pts',(-13.7569169926764,187.0207795627,34.9166611468727));
#8396=CARTESIAN_POINT('Ctrl Pts',(-14.2062797174075,187.072108525502,34.884861754935));
#8397=CARTESIAN_POINT('Ctrl Pts',(-14.4159706644574,187.091501134576,34.8156758299225));
#8398=CARTESIAN_POINT('Ctrl Pts',(-13.0843036344769,187.236568221699,32.0776360216486));
#8399=CARTESIAN_POINT('Ctrl Pts',(-12.9290409056068,187.230775645515,32.1535662799986));
#8400=CARTESIAN_POINT('Ctrl Pts',(-12.7427087710277,187.224486992629,32.2860254937447));
#8401=CARTESIAN_POINT('Ctrl Pts',(-12.4411602762697,187.217165385841,32.6147372066009));
#8402=CARTESIAN_POINT('Ctrl Pts',(-12.214145048274,187.2168673635,33.0647260079511));
#8403=CARTESIAN_POINT('Ctrl Pts',(-12.1681066743733,187.239507670875,33.9814171654771));
#8404=CARTESIAN_POINT('Ctrl Pts',(-12.7445567052742,187.285048600693,34.8665273156829));
#8405=CARTESIAN_POINT('Ctrl Pts',(-13.7442743841977,187.321514899462,35.2249852642449));
#8406=CARTESIAN_POINT('Ctrl Pts',(-14.2787993160702,187.33428233838,35.1700779526124));
#8407=CARTESIAN_POINT('Ctrl Pts',(-14.5271091756882,187.339042865562,35.0805362233879));
#8408=CARTESIAN_POINT('Ctrl Pts',(-12.9282076075041,187.412,31.7056348614333));
#8409=CARTESIAN_POINT('Ctrl Pts',(-12.7283923449402,187.412133936925,31.7936720794458));
#8410=CARTESIAN_POINT('Ctrl Pts',(-12.4837184615434,187.412450372421,31.9554458076317));
#8411=CARTESIAN_POINT('Ctrl Pts',(-12.0852432202451,187.412683466816,32.3739889061209));
#8412=CARTESIAN_POINT('Ctrl Pts',(-11.7856842645832,187.412879251957,32.9632976691062));
#8413=CARTESIAN_POINT('Ctrl Pts',(-11.7671490615368,187.412551529617,34.1530559529464));
#8414=CARTESIAN_POINT('Ctrl Pts',(-12.5464013241931,187.412168648824,35.1821127353618));
#8415=CARTESIAN_POINT('Ctrl Pts',(-13.7343248648819,187.411877628314,35.5286996761761));
#8416=CARTESIAN_POINT('Ctrl Pts',(-14.347874058587,187.412050607229,35.4388133407856));
#8417=CARTESIAN_POINT('Ctrl Pts',(-14.6300782896345,187.412,35.3259276699045));
#8418=CARTESIAN_POINT('Ctrl Pts',(-12.8337954820074,187.412,31.4806360520192));
#8419=CARTESIAN_POINT('Ctrl Pts',(-12.6068704752032,187.412,31.5758564324138));
#8420=CARTESIAN_POINT('Ctrl Pts',(-12.3266048160324,187.412,31.755158192175));
#8421=CARTESIAN_POINT('Ctrl Pts',(-11.8689927084739,187.412,32.2281189272085));
#8422=CARTESIAN_POINT('Ctrl Pts',(-11.5251924329468,187.412,32.9021591037601));
#8423=CARTESIAN_POINT('Ctrl Pts',(-11.5242813757154,187.412,34.2578547585802));
#8424=CARTESIAN_POINT('Ctrl Pts',(-12.4271463454398,187.412,35.3727506900707));
#8425=CARTESIAN_POINT('Ctrl Pts',(-13.7283785085203,187.412,35.7115207630034));
#8426=CARTESIAN_POINT('Ctrl Pts',(-14.3893871098365,187.412,35.6003471273692));
#8427=CARTESIAN_POINT('Ctrl Pts',(-14.6919537855757,187.412,35.4733866201762));
#8428=CARTESIAN_POINT('',(-13.1635761414114,186.222903994546,32.2665547604831));
#8429=CARTESIAN_POINT('Origin',(-12.8337954820074,186.512,31.4806360520193));
#8430=CARTESIAN_POINT('Ctrl Pts',(-13.1635761414114,186.222903994546,32.266554760483));
#8431=CARTESIAN_POINT('Ctrl Pts',(-13.022573437969,186.197606949977,32.3164157569986));
#8432=CARTESIAN_POINT('Ctrl Pts',(-12.8468551458982,186.171656751138,32.4163737767539));
#8433=CARTESIAN_POINT('Ctrl Pts',(-12.5614735950552,186.141998255917,32.6931658744598));
#8434=CARTESIAN_POINT('Ctrl Pts',(-12.3511240946694,186.141663181796,33.1019798713317));
#8435=CARTESIAN_POINT('Ctrl Pts',(-12.3944010507039,186.230428916835,33.925470824428));
#8436=CARTESIAN_POINT('Ctrl Pts',(-12.9820666862465,186.450974181797,34.5680390994701));
#8437=CARTESIAN_POINT('Ctrl Pts',(-13.7665195250812,186.679820265024,34.7961374047588));
#8438=CARTESIAN_POINT('Ctrl Pts',(-14.1741695215818,186.767366612696,34.7539492404));
#8439=CARTESIAN_POINT('Ctrl Pts',(-14.3621731261716,186.801096005454,34.6874679117125));
#8440=CARTESIAN_POINT('Ctrl Pts',(-12.4454725708416,187.36965339408,37.7374020656694));
#8441=CARTESIAN_POINT('Ctrl Pts',(-11.3906324466437,187.699995802678,38.1953702710747));
#8442=CARTESIAN_POINT('Ctrl Pts',(-11.6511470679957,187.371533046844,39.3166548075448));
#8443=CARTESIAN_POINT('Ctrl Pts',(-11.9116616893476,187.043070291009,40.4379393440149));
#8444=CARTESIAN_POINT('Ctrl Pts',(-12.9665018135455,186.712727882411,39.9799711386092));
#8445=CARTESIAN_POINT('Ctrl Pts',(-10.3918420515567,182.235577095868,36.7105868060269));
#8446=CARTESIAN_POINT('Ctrl Pts',(-9.33700192735884,182.565919504466,37.1685550114322));
#8447=CARTESIAN_POINT('Ctrl Pts',(-9.5975165487108,182.237456748631,38.2898395479024));
#8448=CARTESIAN_POINT('Ctrl Pts',(-9.85803117006276,181.908993992797,39.4111240843725));
#8449=CARTESIAN_POINT('Ctrl Pts',(-10.9128712942606,181.578651584199,38.9531558789668));
#8450=CARTESIAN_POINT('',(-10.4624112132095,182.412,36.7458713868534));
#8451=CARTESIAN_POINT('',(-13.2462106605811,187.412,40.1198255621271));
#8452=CARTESIAN_POINT('Ctrl Pts',(-13.6777345238356,190.450308276565,38.3535330421664));
#8453=CARTESIAN_POINT('Ctrl Pts',(-37.9276074529068,182.856018632267,27.8252354055142));
#8454=CARTESIAN_POINT('Ctrl Pts',(-39.8433695648443,187.64542391211,0.0466847824220837));
#8455=CARTESIAN_POINT('Ctrl Pts',(-41.7591316767817,192.434829191954,-27.73186584067));
#8456=CARTESIAN_POINT('Ctrl Pts',(-18.7105173754162,203.032265405517,-34.6218183057499));
#8457=CARTESIAN_POINT('Ctrl Pts',(-5.42962836162869,169.830042871049,34.229479961063));
#8458=CARTESIAN_POINT('Ctrl Pts',(-29.6795012906999,162.23575322675,23.7011823244107));
#8459=CARTESIAN_POINT('Ctrl Pts',(-31.5952634026374,167.025158506594,-4.07736829868138));
#8460=CARTESIAN_POINT('Ctrl Pts',(-33.5110255145749,171.814563786437,-31.8559189217735));
#8461=CARTESIAN_POINT('Ctrl Pts',(-10.4624112132093,182.412,-38.7458713868534));
#8462=CARTESIAN_POINT('',(-12.4624112132094,187.412,-37.7458713868533));
#8463=CARTESIAN_POINT('Ctrl Pts',(-13.2898841248332,186.5386739531,-32.6790391709538));
#8464=CARTESIAN_POINT('Ctrl Pts',(-16.9212962580169,186.493643018217,-31.1567042568119));
#8465=CARTESIAN_POINT('Ctrl Pts',(-23.6636468551966,186.401971407527,-26.8698969059783));
#8466=CARTESIAN_POINT('Ctrl Pts',(-31.0669205081501,186.283952418803,-17.4548076180903));
#8467=CARTESIAN_POINT('Ctrl Pts',(-34.9458007677153,186.199770353005,-6.13487215038553));
#8468=CARTESIAN_POINT('Ctrl Pts',(-34.8918088932259,186.152025076516,5.81954925258558));
#8469=CARTESIAN_POINT('Ctrl Pts',(-30.9364445952447,186.139166566565,17.0952105098818));
#8470=CARTESIAN_POINT('Ctrl Pts',(-23.5094406655051,186.160325858824,26.4572069620428));
#8471=CARTESIAN_POINT('Ctrl Pts',(-16.7858927317477,186.198008934769,30.7374309425541));
#8472=CARTESIAN_POINT('Ctrl Pts',(-13.1635761414114,186.222903994546,32.2665547604831));
#8473=CARTESIAN_POINT('Ctrl Pts',(-13.2883692580776,186.670714859458,-32.6754290073797));
#8474=CARTESIAN_POINT('Ctrl Pts',(-16.9219049143428,186.630168869781,-31.1592518550752));
#8475=CARTESIAN_POINT('Ctrl Pts',(-23.6733771319134,186.546598178248,-26.8846242182086));
#8476=CARTESIAN_POINT('Ctrl Pts',(-31.1009517568435,186.435867755599,-17.4761312448109));
#8477=CARTESIAN_POINT('Ctrl Pts',(-35.0030024632918,186.354724851756,-6.14609965514458));
#8478=CARTESIAN_POINT('Ctrl Pts',(-34.9602091233305,186.307789500864,5.83047434502599));
#8479=CARTESIAN_POINT('Ctrl Pts',(-30.9998019414778,186.295003657749,17.1302817505044));
#8480=CARTESIAN_POINT('Ctrl Pts',(-23.5536547665364,186.316006334033,26.5079532167616));
#8481=CARTESIAN_POINT('Ctrl Pts',(-16.8135823104775,186.352894874606,30.7882455394561));
#8482=CARTESIAN_POINT('Ctrl Pts',(-13.1837940438911,186.376952932844,32.3147371731006));
#8483=CARTESIAN_POINT('Ctrl Pts',(-13.262420729878,186.93263123702,-32.6135896205399));
#8484=CARTESIAN_POINT('Ctrl Pts',(-16.8924737031859,186.903871314981,-31.108579869391));
#8485=CARTESIAN_POINT('Ctrl Pts',(-23.6451019053186,186.843320533794,-26.8591221892831));
#8486=CARTESIAN_POINT('Ctrl Pts',(-31.096633597784,186.75964920862,-17.478114436133));
#8487=CARTESIAN_POINT('Ctrl Pts',(-35.0290982079648,186.695775459728,-6.15328235205564));
#8488=CARTESIAN_POINT('Ctrl Pts',(-35.0053856955073,186.657754080803,5.83683877735813));
#8489=CARTESIAN_POINT('Ctrl Pts',(-31.0443556311121,186.64727050048,17.1550746225722));
#8490=CARTESIAN_POINT('Ctrl Pts',(-23.5805973717629,186.664456490821,26.5405321766439));
#8491=CARTESIAN_POINT('Ctrl Pts',(-16.8260007916525,186.694197536697,30.8125126314437));
#8492=CARTESIAN_POINT('Ctrl Pts',(-13.1909359241511,186.713168549291,32.3317573868393));
#8493=CARTESIAN_POINT('Ctrl Pts',(-13.1458010667029,187.298473591183,-32.3356667877402));
#8494=CARTESIAN_POINT('Ctrl Pts',(-16.7447297408836,187.290818196282,-30.8439393919126));
#8495=CARTESIAN_POINT('Ctrl Pts',(-23.440926979817,187.27438730814,-26.6344471066205));
#8496=CARTESIAN_POINT('Ctrl Pts',(-30.840356564818,187.250456939324,-17.3398685106352));
#8497=CARTESIAN_POINT('Ctrl Pts',(-34.7555286290041,187.231395785185,-6.10925548613406));
#8498=CARTESIAN_POINT('Ctrl Pts',(-34.7423880104022,187.219707240407,5.79095216483434));
#8499=CARTESIAN_POINT('Ctrl Pts',(-30.8132195822423,187.216414820557,17.0276702709822));
#8500=CARTESIAN_POINT('Ctrl Pts',(-23.4001403007553,187.221796152847,26.3412393650021));
#8501=CARTESIAN_POINT('Ctrl Pts',(-16.6925868486874,187.230867891708,30.5741673269839));
#8502=CARTESIAN_POINT('Ctrl Pts',(-13.0843036836576,187.236568420479,32.0776361388538));
#8503=CARTESIAN_POINT('Ctrl Pts',(-13.0184710178277,187.412,-32.0322194365782));
#8504=CARTESIAN_POINT('Ctrl Pts',(-16.5792709856612,187.412121577664,-30.5450840733498));
#8505=CARTESIAN_POINT('Ctrl Pts',(-23.1970136985481,187.411849710596,-26.3590301599494));
#8506=CARTESIAN_POINT('Ctrl Pts',(-30.4941102278695,187.412097249069,-17.1474310394691));
#8507=CARTESIAN_POINT('Ctrl Pts',(-34.34472307325,187.412079928178,-6.03912083754503));
#8508=CARTESIAN_POINT('Ctrl Pts',(-34.319750294585,187.412061207557,5.71930671525854));
#8509=CARTESIAN_POINT('Ctrl Pts',(-30.4350939517727,187.412187928698,16.8189070387594));
#8510=CARTESIAN_POINT('Ctrl Pts',(-23.1157181202926,187.411999783265,26.0232974310154));
#8511=CARTESIAN_POINT('Ctrl Pts',(-16.4926462045855,187.412131808589,30.2140806225756));
#8512=CARTESIAN_POINT('Ctrl Pts',(-12.9282076075041,187.412,31.7056348614334));
#8513=CARTESIAN_POINT('Ctrl Pts',(-12.9418018375114,187.412,-31.8495048308094));
#8514=CARTESIAN_POINT('Ctrl Pts',(-16.47956148,187.412,-30.3650196096939));
#8515=CARTESIAN_POINT('Ctrl Pts',(-23.0500642456147,187.412,-26.1928746491781));
#8516=CARTESIAN_POINT('Ctrl Pts',(-30.2849309846069,187.412,-17.0310664769858));
#8517=CARTESIAN_POINT('Ctrl Pts',(-34.0960587733974,187.412,-5.99653639672184));
#8518=CARTESIAN_POINT('Ctrl Pts',(-34.0636780527662,187.412,5.67593631608485));
#8519=CARTESIAN_POINT('Ctrl Pts',(-30.2058017420619,187.412,16.6923290490754));
#8520=CARTESIAN_POINT('Ctrl Pts',(-22.943537353328,187.412,25.8306428805188));
#8521=CARTESIAN_POINT('Ctrl Pts',(-16.371555124496,187.412,29.9961508309038));
#8522=CARTESIAN_POINT('Ctrl Pts',(-12.8337954820074,187.412,31.4806360520193));
#8523=CARTESIAN_POINT('Ctrl Pts',(-18.788474656503,187.412,28.2583078546617));
#8524=CARTESIAN_POINT('Ctrl Pts',(-18.8914943672427,187.412,28.1889037674418));
#8525=CARTESIAN_POINT('Ctrl Pts',(-18.9941363074979,187.411999912879,28.1189405769844));
#8526=CARTESIAN_POINT('Ctrl Pts',(-22.781026007213,187.411993588304,25.5074658709792));
#8527=CARTESIAN_POINT('Ctrl Pts',(-25.932922628636,187.41188193661,22.2697188263008));
#8528=CARTESIAN_POINT('Ctrl Pts',(-30.3014150749379,187.411809530069,15.5557339033703));
#8529=CARTESIAN_POINT('Ctrl Pts',(-31.7594903945991,187.411825693785,12.3131499467483));
#8530=CARTESIAN_POINT('Ctrl Pts',(-33.6321466705701,187.411922307094,5.50212988578721));
#8531=CARTESIAN_POINT('Ctrl Pts',(-34.0369509606398,187.411994889275,1.97478907061765));
#8532=CARTESIAN_POINT('Ctrl Pts',(-33.8916344709082,187.411999912876,-1.67605033131167));
#8533=CARTESIAN_POINT('Ctrl Pts',(-33.8860197602133,187.412,-1.80014428266972));
#8534=CARTESIAN_POINT('Ctrl Pts',(-33.8797310776357,187.412,-1.9242049875001));
#8535=CARTESIAN_POINT('',(-13.2898841248334,186.5386739531,-32.6790391709538));
#8536=CARTESIAN_POINT('Origin',(-12.9418018375114,186.512,-31.8495048308094));
#8537=CARTESIAN_POINT('Ctrl Pts',(-13.2898841248332,186.5386739531,-32.6790391709538));
#8538=CARTESIAN_POINT('Ctrl Pts',(-16.9212962580169,186.493643018217,-31.1567042568119));
#8539=CARTESIAN_POINT('Ctrl Pts',(-23.6636468551966,186.401971407527,-26.8698969059783));
#8540=CARTESIAN_POINT('Ctrl Pts',(-31.0669205081501,186.283952418803,-17.4548076180903));
#8541=CARTESIAN_POINT('Ctrl Pts',(-34.9458007677153,186.199770353005,-6.13487215038553));
#8542=CARTESIAN_POINT('Ctrl Pts',(-34.8918088932259,186.152025076516,5.81954925258558));
#8543=CARTESIAN_POINT('Ctrl Pts',(-30.9364445952447,186.139166566565,17.0952105098818));
#8544=CARTESIAN_POINT('Ctrl Pts',(-23.5094406655051,186.160325858824,26.4572069620428));
#8545=CARTESIAN_POINT('Ctrl Pts',(-16.7858927317477,186.198008934769,30.7374309425541));
#8546=CARTESIAN_POINT('Ctrl Pts',(-13.1635761414114,186.222903994546,32.2665547604831));
#8547=CARTESIAN_POINT('Ctrl Pts',(-14.2358651427497,186.4853260469,-34.9949835012416));
#8548=CARTESIAN_POINT('Ctrl Pts',(-14.0045816533037,186.414680358035,-35.0943043874672));
#8549=CARTESIAN_POINT('Ctrl Pts',(-13.5964330220062,186.305107301001,-35.1675357536542));
#8550=CARTESIAN_POINT('Ctrl Pts',(-13.0059032039273,186.190703912659,-35.0213467525816));
#8551=CARTESIAN_POINT('Ctrl Pts',(-12.562668555587,186.137447337007,-34.6759347732002));
#8552=CARTESIAN_POINT('Ctrl Pts',(-12.2753116237377,186.150320557551,-33.9584222740303));
#8553=CARTESIAN_POINT('Ctrl Pts',(-12.4831976348748,186.257679734201,-33.3438425907085));
#8554=CARTESIAN_POINT('Ctrl Pts',(-12.8922450434913,186.410635878162,-32.9018892512813));
#8555=CARTESIAN_POINT('Ctrl Pts',(-13.1048573332765,186.482157402008,-32.7584958799341));
#8556=CARTESIAN_POINT('Ctrl Pts',(-13.2898841248331,186.5386739531,-32.6790391709538));
#8557=CARTESIAN_POINT('Ctrl Pts',(-14.2342920030724,186.62244621807,-34.991234464213));
#8558=CARTESIAN_POINT('Ctrl Pts',(-13.9994390112382,186.558207628586,-35.0801268728734));
#8559=CARTESIAN_POINT('Ctrl Pts',(-13.5947871560006,186.456185129511,-35.1306355470678));
#8560=CARTESIAN_POINT('Ctrl Pts',(-13.0336819595758,186.345919777831,-34.9670333463011));
#8561=CARTESIAN_POINT('Ctrl Pts',(-12.6226130597296,186.293186240456,-34.6307188046904));
#8562=CARTESIAN_POINT('Ctrl Pts',(-12.3501090108353,186.306110347937,-33.959316269669));
#8563=CARTESIAN_POINT('Ctrl Pts',(-12.5219926090074,186.411402995153,-33.3675196980659));
#8564=CARTESIAN_POINT('Ctrl Pts',(-12.9017365374049,186.554358090865,-32.9149803175587));
#8565=CARTESIAN_POINT('Ctrl Pts',(-13.1060076166237,186.619827186282,-32.7626140804812));
#8566=CARTESIAN_POINT('Ctrl Pts',(-13.2883692580776,186.670714859458,-32.6754290073797));
#8567=CARTESIAN_POINT('Ctrl Pts',(-14.2559012502026,186.898099220795,-35.0427326679771));
#8568=CARTESIAN_POINT('Ctrl Pts',(-14.0059116305159,186.8518354533,-35.1209879500538));
#8569=CARTESIAN_POINT('Ctrl Pts',(-13.5877276006918,186.775677894343,-35.1397162071403));
#8570=CARTESIAN_POINT('Ctrl Pts',(-13.0449753453145,186.689078690184,-34.938513179409));
#8571=CARTESIAN_POINT('Ctrl Pts',(-12.6647024501641,186.646021973126,-34.5972677584108));
#8572=CARTESIAN_POINT('Ctrl Pts',(-12.400475957768,186.656798060485,-33.9637415934053));
#8573=CARTESIAN_POINT('Ctrl Pts',(-12.5215471305063,186.741568156463,-33.3764920199955));
#8574=CARTESIAN_POINT('Ctrl Pts',(-12.8742677783638,186.848884083144,-32.8865162737761));
#8575=CARTESIAN_POINT('Ctrl Pts',(-13.075688089389,186.896535716735,-32.7147904086336));
#8576=CARTESIAN_POINT('Ctrl Pts',(-13.2624207089228,186.932631161067,-32.6135895706003));
#8577=CARTESIAN_POINT('Ctrl Pts',(-14.3721758984356,187.289210929837,-35.3198332763983));
#8578=CARTESIAN_POINT('Ctrl Pts',(-14.0725876418531,187.276668959548,-35.4166862567489));
#8579=CARTESIAN_POINT('Ctrl Pts',(-13.5657030933019,187.255164369812,-35.4373056911537));
#8580=CARTESIAN_POINT('Ctrl Pts',(-12.9070279787847,187.229261225099,-35.1797497012462));
#8581=CARTESIAN_POINT('Ctrl Pts',(-12.447112374461,187.215841048475,-34.7538874568717));
#8582=CARTESIAN_POINT('Ctrl Pts',(-12.1198420057976,187.219271607478,-33.9776495933378));
#8583=CARTESIAN_POINT('Ctrl Pts',(-12.252556086962,187.245280495092,-33.255905698181));
#8584=CARTESIAN_POINT('Ctrl Pts',(-12.676076566554,187.275803125226,-32.6589646509069));
#8585=CARTESIAN_POINT('Ctrl Pts',(-12.9200055426428,187.288865489519,-32.4535377297645));
#8586=CARTESIAN_POINT('Ctrl Pts',(-13.1458010429802,187.298473473856,-32.3356667312054));
#8587=CARTESIAN_POINT('Ctrl Pts',(-14.5043289889499,187.412,-35.6347746874689));
#8588=CARTESIAN_POINT('Ctrl Pts',(-14.1556527130881,187.412213482103,-35.7700633881248));
#8589=CARTESIAN_POINT('Ctrl Pts',(-13.5447575478857,187.41256187512,-35.8336831795792));
#8590=CARTESIAN_POINT('Ctrl Pts',(-12.7027313752644,187.413161856935,-35.5491653433775));
#8591=CARTESIAN_POINT('Ctrl Pts',(-12.0912714573977,187.413478252746,-35.0143998284248));
#8592=CARTESIAN_POINT('Ctrl Pts',(-11.6666297985624,187.413421711628,-33.9905224885369));
#8593=CARTESIAN_POINT('Ctrl Pts',(-11.8842312864393,187.412876040791,-33.0787631910936));
#8594=CARTESIAN_POINT('Ctrl Pts',(-12.4393208710449,187.412291031954,-32.3833923517611));
#8595=CARTESIAN_POINT('Ctrl Pts',(-12.7448216813235,187.412152587333,-32.1558537142182));
#8596=CARTESIAN_POINT('Ctrl Pts',(-13.0184710178277,187.412,-32.0322194365782));
#8597=CARTESIAN_POINT('Ctrl Pts',(-14.5839474300715,187.412,-35.824517841386));
#8598=CARTESIAN_POINT('Ctrl Pts',(-14.2057395044301,187.412,-35.9832182995462));
#8599=CARTESIAN_POINT('Ctrl Pts',(-13.5321746068606,187.412,-36.073482418356));
#8600=CARTESIAN_POINT('Ctrl Pts',(-12.5787021857391,187.412,-35.7734251529103));
#8601=CARTESIAN_POINT('Ctrl Pts',(-11.8747685307722,187.412,-35.172898038533));
#8602=CARTESIAN_POINT('Ctrl Pts',(-11.3909900750578,187.412,-33.9981763889144));
#8603=CARTESIAN_POINT('Ctrl Pts',(-11.6611707246575,187.412,-32.9713900992698));
#8604=CARTESIAN_POINT('Ctrl Pts',(-12.2964047725411,187.412,-32.2170293185709));
#8605=CARTESIAN_POINT('Ctrl Pts',(-12.6392354969986,187.412,-31.9764651973373));
#8606=CARTESIAN_POINT('Ctrl Pts',(-12.9418018375114,187.412,-31.8495048308094));
#8607=CARTESIAN_POINT('Ctrl Pts',(-14.2358651427497,186.4853260469,-34.9949835012416));
#8608=CARTESIAN_POINT('Ctrl Pts',(-14.0045816533037,186.414680358035,-35.0943043874672));
#8609=CARTESIAN_POINT('Ctrl Pts',(-13.5964330220062,186.305107301001,-35.1675357536542));
#8610=CARTESIAN_POINT('Ctrl Pts',(-13.0059032039273,186.190703912659,-35.0213467525816));
#8611=CARTESIAN_POINT('Ctrl Pts',(-12.562668555587,186.137447337007,-34.6759347732002));
#8612=CARTESIAN_POINT('Ctrl Pts',(-12.2753116237377,186.150320557551,-33.9584222740303));
#8613=CARTESIAN_POINT('Ctrl Pts',(-12.4831976348748,186.257679734201,-33.3438425907085));
#8614=CARTESIAN_POINT('Ctrl Pts',(-12.8922450434913,186.410635878162,-32.9018892512813));
#8615=CARTESIAN_POINT('Ctrl Pts',(-13.1048573332765,186.482157402008,-32.7584958799341));
#8616=CARTESIAN_POINT('Ctrl Pts',(-13.2898841248331,186.5386739531,-32.6790391709538));
#8617=CARTESIAN_POINT('Ctrl Pts',(-15.8248169369942,186.757817617563,28.9687742257183));
#8618=CARTESIAN_POINT('Ctrl Pts',(-18.7889730255953,186.779071868712,27.3391164673538));
#8619=CARTESIAN_POINT('Ctrl Pts',(-26.9529893490882,186.82595768218,21.0998227205691));
#8620=CARTESIAN_POINT('Ctrl Pts',(-34.764132047674,186.825225236044,5.16252692795413));
#8621=CARTESIAN_POINT('Ctrl Pts',(-31.9601987940926,186.715772253187,-12.3357458025914));
#8622=CARTESIAN_POINT('Ctrl Pts',(-24.0590789947509,186.564616754306,-23.496185824817));
#8623=CARTESIAN_POINT('Ctrl Pts',(-18.6497202436288,186.475570796816,-27.6628568531945));
#8624=CARTESIAN_POINT('Ctrl Pts',(-15.6938831989694,186.430483272501,-29.2959140477055));
#8625=CARTESIAN_POINT('Ctrl Pts',(-15.8636224002295,186.975447558191,29.0389712594396));
#8626=CARTESIAN_POINT('Ctrl Pts',(-18.8365256225606,186.99079728349,27.4085047877008));
#8627=CARTESIAN_POINT('Ctrl Pts',(-27.0260802752722,187.024312419292,21.1582641064066));
#8628=CARTESIAN_POINT('Ctrl Pts',(-34.8600450415088,187.023761020382,5.17543339101423));
#8629=CARTESIAN_POINT('Ctrl Pts',(-32.0307123994741,186.945545554801,-12.3678844312307));
#8630=CARTESIAN_POINT('Ctrl Pts',(-24.0877592113741,186.832180378205,-23.5281820489313));
#8631=CARTESIAN_POINT('Ctrl Pts',(-18.6591444000947,186.762316986105,-27.6793965152431));
#8632=CARTESIAN_POINT('Ctrl Pts',(-15.6965272401745,186.726111238184,-29.3006969786168));
#8633=CARTESIAN_POINT('Ctrl Pts',(-15.9981083360719,187.303839194451,29.2822492153334));
#8634=CARTESIAN_POINT('Ctrl Pts',(-18.9955536774141,187.307968365366,27.6375636535782));
#8635=CARTESIAN_POINT('Ctrl Pts',(-27.251226605493,187.316838171449,21.3333570102227));
#8636=CARTESIAN_POINT('Ctrl Pts',(-35.1497782110586,187.316659399319,5.22026081870457));
#8637=CARTESIAN_POINT('Ctrl Pts',(-32.3026283489799,187.296070364318,-12.4702196018085));
#8638=CARTESIAN_POINT('Ctrl Pts',(-24.2875102701061,187.264517165888,-23.720724673537));
#8639=CARTESIAN_POINT('Ctrl Pts',(-18.8084976510134,187.244278163112,-27.8956808326544));
#8640=CARTESIAN_POINT('Ctrl Pts',(-15.8196570005633,187.233446980604,-29.5234322128211));
#8641=CARTESIAN_POINT('Ctrl Pts',(-16.1946110208227,187.412,29.6377121949701));
#8642=CARTESIAN_POINT('Ctrl Pts',(-19.224494126288,187.411979108306,27.9664524166199));
#8643=CARTESIAN_POINT('Ctrl Pts',(-27.5649241672975,187.411963082833,21.5739500104187));
#8644=CARTESIAN_POINT('Ctrl Pts',(-35.5499080968702,187.412002666874,5.28609692854966));
#8645=CARTESIAN_POINT('Ctrl Pts',(-32.714975935786,187.411876954124,-12.6167893550173));
#8646=CARTESIAN_POINT('Ctrl Pts',(-24.6378319241546,187.411988590689,-24.0496964372855));
#8647=CARTESIAN_POINT('Ctrl Pts',(-19.097626239248,187.411889209073,-28.3106419963508));
#8648=CARTESIAN_POINT('Ctrl Pts',(-16.0703168895896,187.412,-29.9768627150136));
#8649=CARTESIAN_POINT('Ctrl Pts',(-16.2787712716263,187.412,29.7899536442693));
#8650=CARTESIAN_POINT('Ctrl Pts',(-19.3225449166246,187.412,28.1073320288568));
#8651=CARTESIAN_POINT('Ctrl Pts',(-27.6992952798895,187.412,21.676999269867));
#8652=CARTESIAN_POINT('Ctrl Pts',(-35.7213050950627,187.412,5.3143070133953));
#8653=CARTESIAN_POINT('Ctrl Pts',(-32.8915699914251,187.412,-12.6796269313201));
#8654=CARTESIAN_POINT('Ctrl Pts',(-24.7878011174408,187.412,-24.1905462986649));
#8655=CARTESIAN_POINT('Ctrl Pts',(-19.22137840278,187.412,-28.4883191874141));
#8656=CARTESIAN_POINT('Ctrl Pts',(-16.1776047577819,187.412,-30.1709408028265));
#8657=CARTESIAN_POINT('',(-15.8248169369944,186.757817617563,28.9687742257183));
#8658=CARTESIAN_POINT('Origin',(-16.2787712716263,186.412,29.7899536442694));
#8659=CARTESIAN_POINT('',(-15.6938831989692,186.430483272501,-29.2959140477055));
#8660=CARTESIAN_POINT('Ctrl Pts',(-15.8248169369942,186.757817617563,28.9687742257183));
#8661=CARTESIAN_POINT('Ctrl Pts',(-18.7889730255953,186.779071868712,27.3391164673538));
#8662=CARTESIAN_POINT('Ctrl Pts',(-26.9529893490882,186.82595768218,21.0998227205691));
#8663=CARTESIAN_POINT('Ctrl Pts',(-34.764132047674,186.825225236044,5.16252692795413));
#8664=CARTESIAN_POINT('Ctrl Pts',(-31.9601987940926,186.715772253187,-12.3357458025914));
#8665=CARTESIAN_POINT('Ctrl Pts',(-24.0590789947509,186.564616754306,-23.496185824817));
#8666=CARTESIAN_POINT('Ctrl Pts',(-18.6497202436288,186.475570796816,-27.6628568531945));
#8667=CARTESIAN_POINT('Ctrl Pts',(-15.6938831989694,186.430483272501,-29.2959140477055));
#8668=CARTESIAN_POINT('Origin',(-16.177604757782,186.412,-30.1709408028266));
#8669=CARTESIAN_POINT('Ctrl Pts',(-12.2631532280387,181.553546260122,33.637957962646));
#8670=CARTESIAN_POINT('Ctrl Pts',(-11.2319568307714,181.857148703264,34.1823385414729));
#8671=CARTESIAN_POINT('Ctrl Pts',(-10.8896272442344,182.210474962417,33.1003664187796));
#8672=CARTESIAN_POINT('Ctrl Pts',(-10.5472976576974,182.563801221571,32.0183942960862));
#8673=CARTESIAN_POINT('Ctrl Pts',(-11.5784940549649,182.260198778429,31.4740137172597));
#8674=CARTESIAN_POINT('Ctrl Pts',(-14.3621731261716,186.801096005454,34.6874679117125));
#8675=CARTESIAN_POINT('Ctrl Pts',(-13.3309767289043,187.104698448596,35.2318484905393));
#8676=CARTESIAN_POINT('Ctrl Pts',(-12.9886471423673,187.458024707749,34.149876367846));
#8677=CARTESIAN_POINT('Ctrl Pts',(-12.6463175558303,187.811350966903,33.0679042451526));
#8678=CARTESIAN_POINT('Ctrl Pts',(-13.6775139530977,187.507748523761,32.5235236663261));
#8679=CARTESIAN_POINT('',(-11.6392145435933,182.412,31.5043739615739));
#8680=CARTESIAN_POINT('',(-14.6065347239897,187.412,34.8096487106217));
#8681=CARTESIAN_POINT('Ctrl Pts',(-11.6392145435931,182.412,-33.5043739615739));
#8682=CARTESIAN_POINT('Ctrl Pts',(-29.7640194250747,173.697048562687,-26.179226537972));
#8683=CARTESIAN_POINT('Ctrl Pts',(-28.2016036750406,169.791009187602,-3.52419816247971));
#8684=CARTESIAN_POINT('Ctrl Pts',(-26.6391879250066,165.884969812517,19.1308302130126));
#8685=CARTESIAN_POINT('Ctrl Pts',(-7.30529801538302,171.577208679475,29.3374156974689));
#8686=CARTESIAN_POINT('Ctrl Pts',(-18.7665750524861,200.230401272232,-29.9406937071273));
#8687=CARTESIAN_POINT('Ctrl Pts',(-36.8913799339677,191.515449834919,-22.6155462835255));
#8688=CARTESIAN_POINT('Ctrl Pts',(-35.3289641839337,187.609410459834,0.0394820919668115));
#8689=CARTESIAN_POINT('Ctrl Pts',(-33.7665484338997,183.703371084749,22.6945104674591));
#8690=CARTESIAN_POINT('Ctrl Pts',(-14.4326585242761,189.395609951707,32.9010959519154));
#8691=CARTESIAN_POINT('',(-13.6392145435931,187.412,-32.5043739615738));
#8692=CARTESIAN_POINT('Ctrl Pts',(-14.469586062926,186.393516727499,-27.1153667024046));
#8693=CARTESIAN_POINT('Ctrl Pts',(-17.1999753150675,186.347902803363,-25.6050228962686));
#8694=CARTESIAN_POINT('Ctrl Pts',(-22.1905344761054,186.257729964181,-21.7350750034208));
#8695=CARTESIAN_POINT('Ctrl Pts',(-27.5638270905204,186.144403258034,-13.9440143022615));
#8696=CARTESIAN_POINT('Ctrl Pts',(-30.3432729934869,186.06287036743,-4.90753167731591));
#8697=CARTESIAN_POINT('Ctrl Pts',(-30.2933046302702,186.014701482683,4.53637113817328));
#8698=CARTESIAN_POINT('Ctrl Pts',(-27.4384166214319,185.998568032162,13.5333171769877));
#8699=CARTESIAN_POINT('Ctrl Pts',(-22.0357896503435,186.013599488595,21.2729926933221));
#8700=CARTESIAN_POINT('Ctrl Pts',(-17.0595791037896,186.044959301863,25.1294196245196));
#8701=CARTESIAN_POINT('Ctrl Pts',(-14.338652324901,186.066182382437,26.6425065243919));
#8702=CARTESIAN_POINT('Ctrl Pts',(-14.4709395677386,186.544850932701,-27.1178151211336));
#8703=CARTESIAN_POINT('Ctrl Pts',(-17.2049822343028,186.50345270705,-25.6134539582642));
#8704=CARTESIAN_POINT('Ctrl Pts',(-22.207176388501,186.420619430445,-21.7541937522473));
#8705=CARTESIAN_POINT('Ctrl Pts',(-27.6055128167764,186.313766998538,-13.9666790905321));
#8706=CARTESIAN_POINT('Ctrl Pts',(-30.4073663292854,186.235055746293,-4.91868602057599));
#8707=CARTESIAN_POINT('Ctrl Pts',(-30.3685905397083,186.187733697475,4.54734873793746));
#8708=CARTESIAN_POINT('Ctrl Pts',(-27.5101467165852,186.171717980778,13.5686767061412));
#8709=CARTESIAN_POINT('Ctrl Pts',(-22.090496861807,186.186645652893,21.3262345748646));
#8710=CARTESIAN_POINT('Ctrl Pts',(-17.0981365257572,186.217464230358,25.1858147381519));
#8711=CARTESIAN_POINT('Ctrl Pts',(-14.3693080353024,186.238106639445,26.6979610856157));
#8712=CARTESIAN_POINT('Ctrl Pts',(-14.4397330526388,186.848294175003,-27.0613641832976));
#8713=CARTESIAN_POINT('Ctrl Pts',(-17.1728044021179,186.81856691067,-25.5688693575108));
#8714=CARTESIAN_POINT('Ctrl Pts',(-22.1808000867834,186.757830250886,-21.7341175978171));
#8715=CARTESIAN_POINT('Ctrl Pts',(-27.6055935917193,186.676499812992,-13.9704683409157));
#8716=CARTESIAN_POINT('Ctrl Pts',(-30.4373422592467,186.614395671275,-4.9257105107842));
#8717=CARTESIAN_POINT('Ctrl Pts',(-30.4176178931295,186.576101542101,4.55368065634604));
#8718=CARTESIAN_POINT('Ctrl Pts',(-27.5604455679817,186.562984687702,13.5934587963842));
#8719=CARTESIAN_POINT('Ctrl Pts',(-22.1257038833605,186.575197229265,21.3615726155063));
#8720=CARTESIAN_POINT('Ctrl Pts',(-17.1186321719053,186.600172427592,25.2167530060224));
#8721=CARTESIAN_POINT('Ctrl Pts',(-14.3834749039846,186.616601517294,26.7235882029261));
#8722=CARTESIAN_POINT('Ctrl Pts',(-14.2780486609907,187.277539501439,-26.7688856571703));
#8723=CARTESIAN_POINT('Ctrl Pts',(-16.9817831231344,187.269508673526,-25.2938733431578));
#8724=CARTESIAN_POINT('Ctrl Pts',(-21.9382638903112,187.252802332949,-21.5053986847198));
#8725=CARTESIAN_POINT('Ctrl Pts',(-27.3171215948403,187.229344021751,-13.8314173670074));
#8726=CARTESIAN_POINT('Ctrl Pts',(-30.1341902554213,187.210766065087,-4.8814856930007));
#8727=CARTESIAN_POINT('Ctrl Pts',(-30.125011156459,187.199002540297,4.50727530576799));
#8728=CARTESIAN_POINT('Ctrl Pts',(-27.298128153683,187.19489843736,13.4640241069317));
#8729=CARTESIAN_POINT('Ctrl Pts',(-21.9110236962853,187.198729319469,21.1577709809562));
#8730=CARTESIAN_POINT('Ctrl Pts',(-16.9476488142465,187.206396105418,24.9707486340701));
#8731=CARTESIAN_POINT('Ctrl Pts',(-14.2374186659851,187.21138215274,26.4593801814444));
#8732=CARTESIAN_POINT('Ctrl Pts',(-14.0957074563739,187.412,-26.4390400472445));
#8733=CARTESIAN_POINT('Ctrl Pts',(-16.7606254669283,187.412134955586,-24.9733462142479));
#8734=CARTESIAN_POINT('Ctrl Pts',(-21.6393492904282,187.411849126344,-21.2174810777444));
#8735=CARTESIAN_POINT('Ctrl Pts',(-26.9208006790111,187.41212927615,-13.635448433742));
#8736=CARTESIAN_POINT('Ctrl Pts',(-29.6774940040767,187.412106116289,-4.81130725812733));
#8737=CARTESIAN_POINT('Ctrl Pts',(-29.6565218766763,187.412103482604,4.43495705152396));
#8738=CARTESIAN_POINT('Ctrl Pts',(-26.8693691028614,187.412213754778,13.2524936324122));
#8739=CARTESIAN_POINT('Ctrl Pts',(-21.5683102489637,187.412045644161,20.829837161953));
#8740=CARTESIAN_POINT('Ctrl Pts',(-16.6851405664893,187.41211808761,24.5910077403904));
#8741=CARTESIAN_POINT('Ctrl Pts',(-14.017668559918,187.412,26.0618638443156));
#8742=CARTESIAN_POINT('Ctrl Pts',(-13.9858645041135,187.412,-26.2403399472836));
#8743=CARTESIAN_POINT('Ctrl Pts',(-16.627290490307,187.412,-24.7801392299323));
#8744=CARTESIAN_POINT('Ctrl Pts',(-21.4591599896572,187.412,-21.043676209617));
#8745=CARTESIAN_POINT('Ctrl Pts',(-26.6812799303401,187.412,-13.5169036917291));
#8746=CARTESIAN_POINT('Ctrl Pts',(-29.4010204030862,187.412,-4.76867465936647));
#8747=CARTESIAN_POINT('Ctrl Pts',(-29.3726515726276,187.412,4.39118466687331));
#8748=CARTESIAN_POINT('Ctrl Pts',(-26.6093672153134,187.412,13.1242561500361));
#8749=CARTESIAN_POINT('Ctrl Pts',(-21.360748474161,187.412,20.6310724886655));
#8750=CARTESIAN_POINT('Ctrl Pts',(-16.5261239764625,187.412,24.3611263884896));
#8751=CARTESIAN_POINT('Ctrl Pts',(-13.8846979902689,187.412,25.8213271058409));
#8752=CARTESIAN_POINT('',(-18.046062576438,187.411991425272,-23.5410303436863));
#8753=CARTESIAN_POINT('Ctrl Pts',(-18.045688826187,187.411991681617,-23.5404256231548));
#8754=CARTESIAN_POINT('Ctrl Pts',(-18.0318664285041,187.411991785079,-23.5513483077814));
#8755=CARTESIAN_POINT('Ctrl Pts',(-18.017980099724,187.411992266629,-23.5621895313231));
#8756=CARTESIAN_POINT('Ctrl Pts',(-18.0040303218774,187.411993032656,-23.5729490852786));
#8757=CARTESIAN_POINT('Ctrl Pts',(-17.9825198357526,187.411994213866,-23.5895402624726));
#8758=CARTESIAN_POINT('Ctrl Pts',(-17.9608601505277,187.411996110601,-23.6059359647764));
#8759=CARTESIAN_POINT('Ctrl Pts',(-17.9390531535568,187.411997705892,-23.6221354681884));
#8760=CARTESIAN_POINT('Ctrl Pts',(-17.9271668617812,187.411998575434,-23.630965295809));
#8761=CARTESIAN_POINT('Ctrl Pts',(-17.9152372575864,187.411999341186,-23.6397364956486));
#8762=CARTESIAN_POINT('Ctrl Pts',(-17.9032646634711,187.411999736872,-23.6484489573126));
#8763=CARTESIAN_POINT('Ctrl Pts',(-17.8968041917903,187.411999950386,-23.6531502452129));
#8764=CARTESIAN_POINT('Ctrl Pts',(-17.8903312718788,187.412000054915,-23.6578343796676));
#8765=CARTESIAN_POINT('Ctrl Pts',(-17.8838459574113,187.412,-23.6625013427578));
#8766=CARTESIAN_POINT('',(-14.4695860629258,186.393516727499,-27.1153667024046));
#8767=CARTESIAN_POINT('Origin',(-13.9858645041136,186.412,-26.2403399472836));
#8768=CARTESIAN_POINT('',(-14.3386523249012,186.066182382437,26.6425065243919));
#8769=CARTESIAN_POINT('Ctrl Pts',(-14.469586062926,186.393516727499,-27.1153667024046));
#8770=CARTESIAN_POINT('Ctrl Pts',(-17.1999753150675,186.347902803363,-25.6050228962686));
#8771=CARTESIAN_POINT('Ctrl Pts',(-22.1905344761054,186.257729964181,-21.7350750034208));
#8772=CARTESIAN_POINT('Ctrl Pts',(-27.5638270905204,186.144403258034,-13.9440143022615));
#8773=CARTESIAN_POINT('Ctrl Pts',(-30.3432729934869,186.06287036743,-4.90753167731591));
#8774=CARTESIAN_POINT('Ctrl Pts',(-30.2933046302702,186.014701482683,4.53637113817328));
#8775=CARTESIAN_POINT('Ctrl Pts',(-27.4384166214319,185.998568032162,13.5333171769877));
#8776=CARTESIAN_POINT('Ctrl Pts',(-22.0357896503435,186.013599488595,21.2729926933221));
#8777=CARTESIAN_POINT('Ctrl Pts',(-17.0595791037896,186.044959301863,25.1294196245196));
#8778=CARTESIAN_POINT('Ctrl Pts',(-14.338652324901,186.066182382437,26.6425065243919));
#8779=CARTESIAN_POINT('Origin',(-13.8846979902689,186.412,25.8213271058409));
#8780=CARTESIAN_POINT('',(-18.071064563886,187.408878629518,23.1211752877945));
#8781=CARTESIAN_POINT('Ctrl Pts',(-17.3534193778563,187.412,23.5753122608962));
#8782=CARTESIAN_POINT('Ctrl Pts',(-17.3608596067545,187.412000452111,23.5715958649449));
#8783=CARTESIAN_POINT('Ctrl Pts',(-17.3682890998914,187.411997330933,23.5678580626791));
#8784=CARTESIAN_POINT('Ctrl Pts',(-17.3757077385358,187.411990927605,23.5640988173228));
#8785=CARTESIAN_POINT('Ctrl Pts',(-17.4428801661157,187.41193294836,23.5300605458076));
#8786=CARTESIAN_POINT('Ctrl Pts',(-17.5091384211678,187.411609994972,23.4942769974652));
#8787=CARTESIAN_POINT('Ctrl Pts',(-17.5743987131762,187.411211267992,23.4567235973993));
#8788=CARTESIAN_POINT('Ctrl Pts',(-17.6243654579814,187.410905981445,23.4279707202682));
#8789=CARTESIAN_POINT('Ctrl Pts',(-17.6737473234188,187.410555334471,23.3981806028765));
#8790=CARTESIAN_POINT('Ctrl Pts',(-17.7225075559818,187.410223745245,23.3673449245449));
#8791=CARTESIAN_POINT('Ctrl Pts',(-17.7840565753114,187.409805187118,23.328421694242));
#8792=CARTESIAN_POINT('Ctrl Pts',(-17.8445261402325,187.409419452396,23.287888605845));
#8793=CARTESIAN_POINT('Ctrl Pts',(-17.9038839066743,187.409151324653,23.2457225990632));
#8794=CARTESIAN_POINT('Ctrl Pts',(-17.9177591736176,187.409088648035,23.2358660186172));
#8795=CARTESIAN_POINT('Ctrl Pts',(-17.9315736791929,187.40903217429,23.2259202073908));
#8796=CARTESIAN_POINT('Ctrl Pts',(-17.9453269879137,187.408982572743,23.2158848584411));
#8797=CARTESIAN_POINT('Ctrl Pts',(-17.9711255138399,187.408889529911,23.1970605002219));
#8798=CARTESIAN_POINT('Ctrl Pts',(-17.9966954513892,187.408820835786,23.1779308196124));
#8799=CARTESIAN_POINT('Ctrl Pts',(-18.0220358142512,187.408779274209,23.1584938595528));
#8800=CARTESIAN_POINT('Ctrl Pts',(-18.0383378785665,187.408752536648,23.1459895961091));
#8801=CARTESIAN_POINT('Ctrl Pts',(-18.0545422763397,187.408736991729,23.133360192106));
#8802=CARTESIAN_POINT('Ctrl Pts',(-18.0706488873721,187.408732919342,23.1206051708032));
#8803=CARTESIAN_POINT('Ctrl Pts',(-18.0710645638858,187.408878629518,23.1211752877944));
#8804=CARTESIAN_POINT('Ctrl Pts',(-21.1134396908307,187.408143921077,20.7115728385411));
#8805=CARTESIAN_POINT('Ctrl Pts',(-23.6550999561464,187.407561452028,17.7297634804411));
#8806=CARTESIAN_POINT('Ctrl Pts',(-27.4456277418369,187.407347035873,10.9660135297946));
#8807=CARTESIAN_POINT('Ctrl Pts',(-28.6610982337123,187.407722769647,7.25049641259318));
#8808=CARTESIAN_POINT('Ctrl Pts',(-29.599192431362,187.409017284839,-0.431179305130627));
#8809=CARTESIAN_POINT('Ctrl Pts',(-29.3152647835501,187.409878559491,-4.32376524977386));
#8810=CARTESIAN_POINT('Ctrl Pts',(-27.4625659810121,187.411081657846,-11.0934825232272));
#8811=CARTESIAN_POINT('Ctrl Pts',(-26.1524352170557,187.41147627697,-13.9825776343173));
#8812=CARTESIAN_POINT('Ctrl Pts',(-22.6720296930898,187.411917423041,-19.2447582749772));
#8813=CARTESIAN_POINT('Ctrl Pts',(-20.5226624957963,187.411973970427,-21.5837782592635));
#8814=CARTESIAN_POINT('Ctrl Pts',(-18.046062576439,187.411991425272,-23.5410303436872));
#8815=CARTESIAN_POINT('Ctrl Pts',(-14.338652324901,186.066182382437,26.6425065243921));
#8816=CARTESIAN_POINT('Ctrl Pts',(-14.1580030419061,186.034083429856,26.7288532351766));
#8817=CARTESIAN_POINT('Ctrl Pts',(-13.8408359241227,185.993607045198,26.9919858730518));
#8818=CARTESIAN_POINT('Ctrl Pts',(-13.6317708952469,186.011382848983,27.5723093197502));
#8819=CARTESIAN_POINT('Ctrl Pts',(-13.7797945682014,186.135145151975,28.3865511623337));
#8820=CARTESIAN_POINT('Ctrl Pts',(-14.4309796356033,186.393647681326,28.97368739957));
#8821=CARTESIAN_POINT('Ctrl Pts',(-15.2392585381168,186.637978338149,29.1374740072552));
#8822=CARTESIAN_POINT('Ctrl Pts',(-15.6441676539992,186.725718664982,29.055120936503));
#8823=CARTESIAN_POINT('Ctrl Pts',(-15.8248169369943,186.757817617563,28.9687742257184));
#8824=CARTESIAN_POINT('Ctrl Pts',(-14.3693080353024,186.238106639445,26.6979610856159));
#8825=CARTESIAN_POINT('Ctrl Pts',(-14.2006097348234,186.206885926309,26.7857303395159));
#8826=CARTESIAN_POINT('Ctrl Pts',(-13.9088904661197,186.166880858933,27.0391220479196));
#8827=CARTESIAN_POINT('Ctrl Pts',(-13.7110906649072,186.184360239549,27.5794918597456));
#8828=CARTESIAN_POINT('Ctrl Pts',(-13.8213549878839,186.306312890823,28.3518008866713));
#8829=CARTESIAN_POINT('Ctrl Pts',(-14.4209398404796,186.547424127295,28.9698914579654));
#8830=CARTESIAN_POINT('Ctrl Pts',(-15.2392881483719,186.762869036349,29.168826886593));
#8831=CARTESIAN_POINT('Ctrl Pts',(-15.6569346394351,186.838965534703,29.0909138669492));
#8832=CARTESIAN_POINT('Ctrl Pts',(-15.8442196686119,186.866632587877,29.0038727425791));
#8833=CARTESIAN_POINT('Ctrl Pts',(-14.3834747095295,186.616601084125,26.7235878511672));
#8834=CARTESIAN_POINT('Ctrl Pts',(-14.2243483996515,186.591752826614,26.8193899808503));
#8835=CARTESIAN_POINT('Ctrl Pts',(-13.9567902557314,186.55925844905,27.0735600125606));
#8836=CARTESIAN_POINT('Ctrl Pts',(-13.7644119133315,186.573446319423,27.5820893270732));
#8837=CARTESIAN_POINT('Ctrl Pts',(-13.8169322776407,186.672354896931,28.3340049587214));
#8838=CARTESIAN_POINT('Ctrl Pts',(-14.3706260201998,186.852830919739,29.0310509096837));
#8839=CARTESIAN_POINT('Ctrl Pts',(-15.2439148953064,187.000683340442,29.2808463264617));
#8840=CARTESIAN_POINT('Ctrl Pts',(-15.6971290637965,187.051675457689,29.2011985198449));
#8841=CARTESIAN_POINT('Ctrl Pts',(-15.9015483165568,187.069987910729,29.1075772392524));
#8842=CARTESIAN_POINT('Ctrl Pts',(-14.2374184361199,187.211381418786,26.4593797656305));
#8843=CARTESIAN_POINT('Ctrl Pts',(-14.0405909815307,187.203840246995,26.582714094563));
#8844=CARTESIAN_POINT('Ctrl Pts',(-13.7095387758792,187.193700868434,26.9068741664397));
#8845=CARTESIAN_POINT('Ctrl Pts',(-13.4652164230203,187.198072852508,27.5441313091063));
#8846=CARTESIAN_POINT('Ctrl Pts',(-13.5113401596647,187.228619136351,28.4876683354535));
#8847=CARTESIAN_POINT('Ctrl Pts',(-14.194223501508,187.279628560173,29.3507244829026));
#8848=CARTESIAN_POINT('Ctrl Pts',(-15.2648268171713,187.31732876843,29.6201653574159));
#8849=CARTESIAN_POINT('Ctrl Pts',(-15.8095952425624,187.329917808361,29.504905366161));
#8850=CARTESIAN_POINT('Ctrl Pts',(-16.0545399235602,187.334385138549,29.3843309770134));
#8851=CARTESIAN_POINT('Ctrl Pts',(-14.0176685599181,187.412,26.0618638443158));
#8852=CARTESIAN_POINT('Ctrl Pts',(-13.7561713436609,187.412178602186,26.212082730106));
#8853=CARTESIAN_POINT('Ctrl Pts',(-13.3049330329229,187.412765865052,26.6308079522069));
#8854=CARTESIAN_POINT('Ctrl Pts',(-12.982172407153,187.412822826797,27.4885119251692));
#8855=CARTESIAN_POINT('Ctrl Pts',(-13.0985692976605,187.412393837644,28.7215641483013));
#8856=CARTESIAN_POINT('Ctrl Pts',(-14.0156070985105,187.41203914216,29.7103379682753));
#8857=CARTESIAN_POINT('Ctrl Pts',(-15.2871173694518,187.41181229388,29.9476426612772));
#8858=CARTESIAN_POINT('Ctrl Pts',(-15.9147137848251,187.412045615041,29.7868457406958));
#8859=CARTESIAN_POINT('Ctrl Pts',(-16.1946110208228,187.412,29.6377121949703));
#8860=CARTESIAN_POINT('Ctrl Pts',(-13.8846979902689,187.412,25.8213271058411));
#8861=CARTESIAN_POINT('Ctrl Pts',(-13.5838073424068,187.412,25.9876617834543));
#8862=CARTESIAN_POINT('Ctrl Pts',(-13.059131655249,187.412,26.4634296367887));
#8863=CARTESIAN_POINT('Ctrl Pts',(-12.688699212978,187.412,27.4553669292028));
#8864=CARTESIAN_POINT('Ctrl Pts',(-12.8489127784722,187.412,28.8640405016694));
#8865=CARTESIAN_POINT('Ctrl Pts',(-13.9082503900433,187.412,29.9273842973203));
#8866=CARTESIAN_POINT('Ctrl Pts',(-15.3005816686005,187.412,30.144719437033));
#8867=CARTESIAN_POINT('Ctrl Pts',(-15.977880623764,187.412,29.9562883218828));
#8868=CARTESIAN_POINT('Ctrl Pts',(-16.2787712716264,187.412,29.7899536442694));
#8869=CARTESIAN_POINT('Ctrl Pts',(-14.338652324901,186.066182382437,26.6425065243921));
#8870=CARTESIAN_POINT('Ctrl Pts',(-14.1580030419061,186.034083429856,26.7288532351766));
#8871=CARTESIAN_POINT('Ctrl Pts',(-13.8408359241227,185.993607045198,26.9919858730518));
#8872=CARTESIAN_POINT('Ctrl Pts',(-13.6317708952469,186.011382848983,27.5723093197502));
#8873=CARTESIAN_POINT('Ctrl Pts',(-13.7797945682014,186.135145151975,28.3865511623337));
#8874=CARTESIAN_POINT('Ctrl Pts',(-14.4309796356033,186.393647681326,28.97368739957));
#8875=CARTESIAN_POINT('Ctrl Pts',(-15.2392585381168,186.637978338149,29.1374740072552));
#8876=CARTESIAN_POINT('Ctrl Pts',(-15.6441676539992,186.725718664982,29.055120936503));
#8877=CARTESIAN_POINT('Ctrl Pts',(-15.8248169369943,186.757817617563,28.9687742257184));
#8878=CARTESIAN_POINT('Ctrl Pts',(-15.6938831989694,186.430483272501,-29.2959140477055));
#8879=CARTESIAN_POINT('Ctrl Pts',(-15.5152544666895,186.367796402164,-29.3933372519922));
#8880=CARTESIAN_POINT('Ctrl Pts',(-15.2689299042576,186.289012065457,-29.4735204666607));
#8881=CARTESIAN_POINT('Ctrl Pts',(-14.6636305074424,186.121771941431,-29.5257052386173));
#8882=CARTESIAN_POINT('Ctrl Pts',(-14.0465408003281,186.006187685697,-29.3098693125162));
#8883=CARTESIAN_POINT('Ctrl Pts',(-13.6636446174728,185.997451469864,-28.6344168484946));
#8884=CARTESIAN_POINT('Ctrl Pts',(-13.6738736140584,186.061160997078,-28.069689753096));
#8885=CARTESIAN_POINT('Ctrl Pts',(-13.9323943731296,186.192374627754,-27.5139257479785));
#8886=CARTESIAN_POINT('Ctrl Pts',(-14.2463001475763,186.315158139578,-27.2371457077629));
#8887=CARTESIAN_POINT('Ctrl Pts',(-14.469586062926,186.393516727499,-27.1153667024047));
#8888=CARTESIAN_POINT('Ctrl Pts',(-15.695205219572,186.578297255342,-29.2983055131612));
#8889=CARTESIAN_POINT('Ctrl Pts',(-15.5118174257582,186.521751969574,-29.3878680486531));
#8890=CARTESIAN_POINT('Ctrl Pts',(-15.2637041953233,186.449488991595,-29.4544640132679));
#8891=CARTESIAN_POINT('Ctrl Pts',(-14.6700839298669,186.292870514369,-29.4739257134646));
#8892=CARTESIAN_POINT('Ctrl Pts',(-14.0982681702769,186.179289997204,-29.2435009472546));
#8893=CARTESIAN_POINT('Ctrl Pts',(-13.7441023329295,186.170503826644,-28.6139200310365));
#8894=CARTESIAN_POINT('Ctrl Pts',(-13.7388562771875,186.23350045605,-28.0830256727739));
#8895=CARTESIAN_POINT('Ctrl Pts',(-13.9616237589196,186.359694748468,-27.5396862546897));
#8896=CARTESIAN_POINT('Ctrl Pts',(-14.2539297270892,186.473734347888,-27.2498715031325));
#8897=CARTESIAN_POINT('Ctrl Pts',(-14.4709395677386,186.544850932701,-27.1178151211337));
#8898=CARTESIAN_POINT('Ctrl Pts',(-15.7301712529755,186.872220921415,-29.3615572210728));
#8899=CARTESIAN_POINT('Ctrl Pts',(-15.5317438773277,186.83200009144,-29.4448907070264));
#8900=CARTESIAN_POINT('Ctrl Pts',(-15.269136956498,186.779241876991,-29.495368703541));
#8901=CARTESIAN_POINT('Ctrl Pts',(-14.6625997969322,186.661315889205,-29.4654738604251));
#8902=CARTESIAN_POINT('Ctrl Pts',(-14.1306840139642,186.569621970889,-29.1955644296957));
#8903=CARTESIAN_POINT('Ctrl Pts',(-13.8017090661725,186.562269657543,-28.6010291878593));
#8904=CARTESIAN_POINT('Ctrl Pts',(-13.7690294402316,186.613609190618,-28.0927338065448));
#8905=CARTESIAN_POINT('Ctrl Pts',(-13.9461253088767,186.712408646058,-27.5377082048312));
#8906=CARTESIAN_POINT('Ctrl Pts',(-14.2210545256854,186.79722646914,-27.2138051663865));
#8907=CARTESIAN_POINT('Ctrl Pts',(-14.439732958473,186.848293911812,-27.0613640129567));
#8908=CARTESIAN_POINT('Ctrl Pts',(-15.8921542852998,187.28395671578,-29.6545759724125));
#8909=CARTESIAN_POINT('Ctrl Pts',(-15.6523222684426,187.273214295302,-29.760147516618));
#8910=CARTESIAN_POINT('Ctrl Pts',(-15.3311926675103,187.258699693987,-29.824133049652));
#8911=CARTESIAN_POINT('Ctrl Pts',(-14.5830017743772,187.225044670638,-29.7819281816283));
#8912=CARTESIAN_POINT('Ctrl Pts',(-13.9256876876872,187.196828612235,-29.4300064485735));
#8913=CARTESIAN_POINT('Ctrl Pts',(-13.5145404484188,187.194479402011,-28.6821018999674));
#8914=CARTESIAN_POINT('Ctrl Pts',(-13.4626258772146,187.21044712088,-28.04551698549));
#8915=CARTESIAN_POINT('Ctrl Pts',(-13.6709458253779,187.239898359725,-27.3505811476357));
#8916=CARTESIAN_POINT('Ctrl Pts',(-14.0089732936221,187.263743208004,-26.9513592212082));
#8917=CARTESIAN_POINT('Ctrl Pts',(-14.2780485538947,187.277539090446,-26.7688854634391));
#8918=CARTESIAN_POINT('Ctrl Pts',(-16.0703168895896,187.412,-29.9768627150137));
#8919=CARTESIAN_POINT('Ctrl Pts',(-15.7923406006119,187.412172885415,-30.1202378728409));
#8920=CARTESIAN_POINT('Ctrl Pts',(-15.409211699705,187.412332916518,-30.2226522160862));
#8921=CARTESIAN_POINT('Ctrl Pts',(-14.4836734952883,187.412984516041,-30.2270758943538));
#8922=CARTESIAN_POINT('Ctrl Pts',(-13.600682704703,187.413589278397,-29.8167693342691));
#8923=CARTESIAN_POINT('Ctrl Pts',(-13.0420601475244,187.41361928887,-28.8108119955915));
#8924=CARTESIAN_POINT('Ctrl Pts',(-13.0017485896355,187.413258711953,-27.9675184264429));
#8925=CARTESIAN_POINT('Ctrl Pts',(-13.313704454884,187.412585001803,-27.0964486684261));
#8926=CARTESIAN_POINT('Ctrl Pts',(-13.7599507519541,187.41223183555,-26.6375217023344));
#8927=CARTESIAN_POINT('Ctrl Pts',(-14.0957074563739,187.412,-26.4390400472446));
#8928=CARTESIAN_POINT('Ctrl Pts',(-16.1776047577819,187.412,-30.1709408028265));
#8929=CARTESIAN_POINT('Ctrl Pts',(-15.8767144831589,187.412,-30.3372752741103));
#8930=CARTESIAN_POINT('Ctrl Pts',(-15.4563278948977,187.412,-30.4632561206554));
#8931=CARTESIAN_POINT('Ctrl Pts',(-14.4235901691824,187.412,-30.4967648549414));
#8932=CARTESIAN_POINT('Ctrl Pts',(-13.4031374861423,187.412,-30.0521242556619));
#8933=CARTESIAN_POINT('Ctrl Pts',(-12.7546133884212,187.412,-28.8890970410721));
#8934=CARTESIAN_POINT('Ctrl Pts',(-12.7220146677037,187.412,-27.9201668749982));
#8935=CARTESIAN_POINT('Ctrl Pts',(-13.0976933213694,187.412,-26.9426505056851));
#8936=CARTESIAN_POINT('Ctrl Pts',(-13.6097516608351,187.412,-26.448258036388));
#8937=CARTESIAN_POINT('Ctrl Pts',(-13.9858645041135,187.412,-26.2403399472836));
#8938=CARTESIAN_POINT('Ctrl Pts',(-15.6938831989694,186.430483272501,-29.2959140477055));
#8939=CARTESIAN_POINT('Ctrl Pts',(-15.5152544666895,186.367796402164,-29.3933372519922));
#8940=CARTESIAN_POINT('Ctrl Pts',(-15.2689299042576,186.289012065457,-29.4735204666607));
#8941=CARTESIAN_POINT('Ctrl Pts',(-14.6636305074424,186.121771941431,-29.5257052386173));
#8942=CARTESIAN_POINT('Ctrl Pts',(-14.0465408003281,186.006187685697,-29.3098693125162));
#8943=CARTESIAN_POINT('Ctrl Pts',(-13.6636446174728,185.997451469864,-28.6344168484946));
#8944=CARTESIAN_POINT('Ctrl Pts',(-13.6738736140584,186.061160997078,-28.069689753096));
#8945=CARTESIAN_POINT('Ctrl Pts',(-13.9323943731296,186.192374627754,-27.5139257479785));
#8946=CARTESIAN_POINT('Ctrl Pts',(-14.2463001475763,186.315158139578,-27.2371457077629));
#8947=CARTESIAN_POINT('Ctrl Pts',(-14.469586062926,186.393516727499,-27.1153667024047));
#8948=CARTESIAN_POINT('Ctrl Pts',(-17.4321518783316,186.50215015921,-22.7620854710653));
#8949=CARTESIAN_POINT('Ctrl Pts',(-17.2691294552022,186.441075965197,-22.8835295661963));
#8950=CARTESIAN_POINT('Ctrl Pts',(-16.7176738257837,186.244955325949,-23.1636757597123));
#8951=CARTESIAN_POINT('Ctrl Pts',(-15.8367187550029,186.039353270354,-23.0750457580901));
#8952=CARTESIAN_POINT('Ctrl Pts',(-15.2862289778464,185.991154425424,-22.4532587489836));
#8953=CARTESIAN_POINT('Ctrl Pts',(-15.174119542824,186.030656741009,-21.847338265998));
#8954=CARTESIAN_POINT('Ctrl Pts',(-15.3682193889951,186.145962403538,-21.2592410128598));
#8955=CARTESIAN_POINT('Ctrl Pts',(-15.6495230830823,186.260775646777,-20.9561013252797));
#8956=CARTESIAN_POINT('Ctrl Pts',(-15.8125455062116,186.32184984079,-20.8346572301487));
#8957=CARTESIAN_POINT('Ctrl Pts',(-17.4400201496133,186.642578272617,-22.7720689256462));
#8958=CARTESIAN_POINT('Ctrl Pts',(-17.2705844751448,186.588102211614,-22.888245801898));
#8959=CARTESIAN_POINT('Ctrl Pts',(-16.7012208615263,186.411014548419,-23.1390848160124));
#8960=CARTESIAN_POINT('Ctrl Pts',(-15.8655078853386,186.212600399498,-23.0037486448668));
#8961=CARTESIAN_POINT('Ctrl Pts',(-15.3624886284389,186.164165318216,-22.416413173537));
#8962=CARTESIAN_POINT('Ctrl Pts',(-15.2477982343256,186.20365001146,-21.8517476985364));
#8963=CARTESIAN_POINT('Ctrl Pts',(-15.4086134739826,186.315657314169,-21.2852220405203));
#8964=CARTESIAN_POINT('Ctrl Pts',(-15.6662780386172,186.423266585881,-20.9740623166754));
#8965=CARTESIAN_POINT('Ctrl Pts',(-15.8213732896861,186.479402743392,-20.845858137211));
#8966=CARTESIAN_POINT('Ctrl Pts',(-17.4931581891658,186.917584765885,-22.8394917667503));
#8967=CARTESIAN_POINT('Ctrl Pts',(-17.3075565070675,186.879507470679,-22.954741282554));
#8968=CARTESIAN_POINT('Ctrl Pts',(-16.6853017154048,186.753408795753,-23.1785683045924));
#8969=CARTESIAN_POINT('Ctrl Pts',(-15.8737160580924,186.597362064337,-22.9594287296904));
#8970=CARTESIAN_POINT('Ctrl Pts',(-15.4183587680761,186.556965677481,-22.3898641075298));
#8971=CARTESIAN_POINT('Ctrl Pts',(-15.2908435240387,186.589625881055,-21.8578139697853));
#8972=CARTESIAN_POINT('Ctrl Pts',(-15.4057486522755,186.678577035409,-21.2920830930393));
#8973=CARTESIAN_POINT('Ctrl Pts',(-15.6406068063832,186.75969116769,-20.9524227638151));
#8974=CARTESIAN_POINT('Ctrl Pts',(-15.7917192265517,186.800790905639,-20.808232338374));
#8975=CARTESIAN_POINT('Ctrl Pts',(-17.7001663328632,187.29592919057,-23.1021487502843));
#8976=CARTESIAN_POINT('Ctrl Pts',(-17.4782335438134,187.285974096651,-23.2475701144166));
#8977=CARTESIAN_POINT('Ctrl Pts',(-16.7216169179364,187.252330994168,-23.5341120034007));
#8978=CARTESIAN_POINT('Ctrl Pts',(-15.715157556978,187.205646854579,-23.2425630860247));
#8979=CARTESIAN_POINT('Ctrl Pts',(-15.1517755982871,187.192794000807,-22.5204409319421));
#8980=CARTESIAN_POINT('Ctrl Pts',(-14.9839495513931,187.203116515597,-21.8544607262288));
#8981=CARTESIAN_POINT('Ctrl Pts',(-15.1137291805646,187.230044937036,-21.1450220395554));
#8982=CARTESIAN_POINT('Ctrl Pts',(-15.4008139058491,187.253219807241,-20.7237423019156));
#8983=CARTESIAN_POINT('Ctrl Pts',(-15.5866023956369,187.264580813059,-20.5479750986448));
#8984=CARTESIAN_POINT('Ctrl Pts',(-17.9177065208189,187.412,-23.3781690485457));
#8985=CARTESIAN_POINT('Ctrl Pts',(-17.6657071301603,187.412146791322,-23.5655712665223));
#8986=CARTESIAN_POINT('Ctrl Pts',(-16.7917150037086,187.41247344424,-23.9694781783727));
#8987=CARTESIAN_POINT('Ctrl Pts',(-15.487104328815,187.413400909034,-23.6903632145341));
#8988=CARTESIAN_POINT('Ctrl Pts',(-14.7098344453493,187.413617612066,-22.7358178164402));
#8989=CARTESIAN_POINT('Ctrl Pts',(-14.5048024433119,187.413333650913,-21.8413138729726));
#8990=CARTESIAN_POINT('Ctrl Pts',(-14.716894741073,187.412669316115,-20.9341595605675));
#8991=CARTESIAN_POINT('Ctrl Pts',(-15.1047449561974,187.412206950232,-20.437810299675));
#8992=CARTESIAN_POINT('Ctrl Pts',(-15.3429560966402,187.412,-20.2388307297293));
#8993=CARTESIAN_POINT('Ctrl Pts',(-18.0486259448765,187.412,-23.544282808105));
#8994=CARTESIAN_POINT('Ctrl Pts',(-17.7786028082544,187.412,-23.7570964463163));
#8995=CARTESIAN_POINT('Ctrl Pts',(-16.8344217938014,187.412,-24.2323950660018));
#8996=CARTESIAN_POINT('Ctrl Pts',(-15.3488780113066,187.412,-23.9625979189271));
#8997=CARTESIAN_POINT('Ctrl Pts',(-14.440983949952,187.412,-22.8669965660715));
#8998=CARTESIAN_POINT('Ctrl Pts',(-14.2137760975168,187.412,-21.8333676703373));
#8999=CARTESIAN_POINT('Ctrl Pts',(-14.4767573984574,187.412,-20.8065050140912));
#9000=CARTESIAN_POINT('Ctrl Pts',(-14.9260483030448,187.412,-20.2652735313203));
#9001=CARTESIAN_POINT('Ctrl Pts',(-15.1960714396666,187.412,-20.0524598931091));
#9002=CARTESIAN_POINT('',(-17.4321518783316,186.50215015921,-22.7620854710652));
#9003=CARTESIAN_POINT('Origin',(-18.0486259448764,186.412,-23.544282808105));
#9004=CARTESIAN_POINT('',(-15.8125455062117,186.32184984079,-20.8346572301487));
#9005=CARTESIAN_POINT('Ctrl Pts',(-17.4321518783316,186.50215015921,-22.7620854710653));
#9006=CARTESIAN_POINT('Ctrl Pts',(-17.2691294552022,186.441075965197,-22.8835295661963));
#9007=CARTESIAN_POINT('Ctrl Pts',(-16.7176738257837,186.244955325949,-23.1636757597123));
#9008=CARTESIAN_POINT('Ctrl Pts',(-15.8367187550029,186.039353270354,-23.0750457580901));
#9009=CARTESIAN_POINT('Ctrl Pts',(-15.2862289778464,185.991154425424,-22.4532587489836));
#9010=CARTESIAN_POINT('Ctrl Pts',(-15.174119542824,186.030656741009,-21.847338265998));
#9011=CARTESIAN_POINT('Ctrl Pts',(-15.3682193889951,186.145962403538,-21.2592410128598));
#9012=CARTESIAN_POINT('Ctrl Pts',(-15.6495230830823,186.260775646777,-20.9561013252797));
#9013=CARTESIAN_POINT('Ctrl Pts',(-15.8125455062116,186.32184984079,-20.8346572301487));
#9014=CARTESIAN_POINT('Origin',(-15.1960714396665,186.412,-20.0524598931089));
#9015=CARTESIAN_POINT('Ctrl Pts',(-17.5461418237329,186.787125022713,22.4551405074498));
#9016=CARTESIAN_POINT('Ctrl Pts',(-19.4969431285503,186.800189704319,20.9243848913006));
#9017=CARTESIAN_POINT('Ctrl Pts',(-24.7621851730394,186.827519384032,15.5740377580764));
#9018=CARTESIAN_POINT('Ctrl Pts',(-29.5880494495453,186.816386384339,3.68373405702645));
#9019=CARTESIAN_POINT('Ctrl Pts',(-27.5154448724396,186.709871986418,-11.5622051162898));
#9020=CARTESIAN_POINT('Ctrl Pts',(-21.3230556578079,186.576131841788,-19.7040696715506));
#9021=CARTESIAN_POINT('Ctrl Pts',(-17.4321518783316,186.50215015921,-22.7620854710653));
#9022=CARTESIAN_POINT('Ctrl Pts',(-17.598461933705,186.995993780649,22.5215255395456));
#9023=CARTESIAN_POINT('Ctrl Pts',(-19.5561553058825,187.005361996485,20.9878693104938));
#9024=CARTESIAN_POINT('Ctrl Pts',(-24.8403196127612,187.024841522125,15.6236793604473));
#9025=CARTESIAN_POINT('Ctrl Pts',(-29.6807465573595,187.016865358844,3.69413615785254));
#9026=CARTESIAN_POINT('Ctrl Pts',(-27.5848329662326,186.940660936908,-11.5959866043499));
#9027=CARTESIAN_POINT('Ctrl Pts',(-21.3542611321167,186.840164794796,-19.7373284050954));
#9028=CARTESIAN_POINT('Ctrl Pts',(-17.4478444039933,186.782220799176,-22.7819965305083));
#9029=CARTESIAN_POINT('Ctrl Pts',(-17.7692605769286,187.308183468267,22.7382390253995));
#9030=CARTESIAN_POINT('Ctrl Pts',(-19.7453554306203,187.31070976525,21.1893735494612));
#9031=CARTESIAN_POINT('Ctrl Pts',(-25.0785168812989,187.315906073851,15.7728012763774));
#9032=CARTESIAN_POINT('Ctrl Pts',(-29.965496099447,187.313820226762,3.73165742691453));
#9033=CARTESIAN_POINT('Ctrl Pts',(-27.8551453984781,187.29339310357,-11.7067737125594));
#9034=CARTESIAN_POINT('Ctrl Pts',(-21.5584643470797,187.265291842226,-19.9228048265852));
#9035=CARTESIAN_POINT('Ctrl Pts',(-17.6109535349846,187.248218715243,-22.9889533756247));
#9036=CARTESIAN_POINT('Ctrl Pts',(-18.0132751079147,187.411433759568,23.0478506160477));
#9037=CARTESIAN_POINT('Ctrl Pts',(-20.0131451814587,187.41143562813,21.4742883049959));
#9038=CARTESIAN_POINT('Ctrl Pts',(-25.4091727473187,187.411459473029,15.9786250634537));
#9039=CARTESIAN_POINT('Ctrl Pts',(-30.3624017301189,187.411390811446,3.78616692219425));
#9040=CARTESIAN_POINT('Ctrl Pts',(-28.2664483889499,187.411341011776,-11.8651636987291));
#9041=CARTESIAN_POINT('Ctrl Pts',(-21.9138246174273,187.411057778268,-20.2378282375957));
#9042=CARTESIAN_POINT('Ctrl Pts',(-17.9155104683774,187.411118001379,-23.3753826436262));
#9043=CARTESIAN_POINT('Ctrl Pts',(-18.117879877228,187.411994495053,23.1805756996137));
#9044=CARTESIAN_POINT('Ctrl Pts',(-20.1279388071868,187.411994625861,21.5964358894087));
#9045=CARTESIAN_POINT('Ctrl Pts',(-25.5509218556496,187.411994895958,16.066862580569));
#9046=CARTESIAN_POINT('Ctrl Pts',(-30.5325569330899,187.411994786547,3.80951054694537));
#9047=CARTESIAN_POINT('Ctrl Pts',(-28.4427599861929,187.411993726486,-11.9330661550437));
#9048=CARTESIAN_POINT('Ctrl Pts',(-22.0661531469211,187.411992285732,-20.3729363971826));
#9049=CARTESIAN_POINT('Ctrl Pts',(-18.0460625764388,187.411991425272,-23.5410303436874));
#9050=CARTESIAN_POINT('',(-17.546141823733,186.787125022713,22.45514050745));
#9051=CARTESIAN_POINT('Origin',(-18.1199337698791,186.412,23.1831817287227));
#9052=CARTESIAN_POINT('Ctrl Pts',(-17.5461418237329,186.787125022713,22.4551405074498));
#9053=CARTESIAN_POINT('Ctrl Pts',(-19.4969431285503,186.800189704319,20.9243848913006));
#9054=CARTESIAN_POINT('Ctrl Pts',(-24.7621851730394,186.827519384032,15.5740377580764));
#9055=CARTESIAN_POINT('Ctrl Pts',(-29.5880494495453,186.816386384339,3.68373405702645));
#9056=CARTESIAN_POINT('Ctrl Pts',(-27.5154448724396,186.709871986418,-11.5622051162898));
#9057=CARTESIAN_POINT('Ctrl Pts',(-21.3230556578079,186.576131841788,-19.7040696715506));
#9058=CARTESIAN_POINT('Ctrl Pts',(-17.4321518783316,186.50215015921,-22.7620854710653));
#9059=CARTESIAN_POINT('Ctrl Pts',(-15.6985555608105,186.036874977287,20.3416021937641));
#9060=CARTESIAN_POINT('Ctrl Pts',(-15.5360860110295,186.013242101555,20.457472605559));
#9061=CARTESIAN_POINT('Ctrl Pts',(-15.2728954790198,185.990873641602,20.7740329926187));
#9062=CARTESIAN_POINT('Ctrl Pts',(-15.1762879428701,186.035566605715,21.3838854366188));
#9063=CARTESIAN_POINT('Ctrl Pts',(-15.457548141644,186.193098363616,22.1612522276517));
#9064=CARTESIAN_POINT('Ctrl Pts',(-16.130594603722,186.448447993564,22.6298094713547));
#9065=CARTESIAN_POINT('Ctrl Pts',(-16.9436659135811,186.678454026608,22.72368140027));
#9066=CARTESIAN_POINT('Ctrl Pts',(-17.3430548865062,186.757583928048,22.5999785221938));
#9067=CARTESIAN_POINT('Ctrl Pts',(-17.5461418237329,186.787125022713,22.4551405074499));
#9068=CARTESIAN_POINT('Ctrl Pts',(-15.7417963027296,186.209497704221,20.3964671021459));
#9069=CARTESIAN_POINT('Ctrl Pts',(-15.5912177696938,186.186325257627,20.5097468808581));
#9070=CARTESIAN_POINT('Ctrl Pts',(-15.3490511722468,186.164132109042,20.8084665688772));
#9071=CARTESIAN_POINT('Ctrl Pts',(-15.249617527653,186.208366401704,21.3771115925249));
#9072=CARTESIAN_POINT('Ctrl Pts',(-15.4825576857542,186.361702151965,22.1278233795493));
#9073=CARTESIAN_POINT('Ctrl Pts',(-16.1197134582888,186.59628695329,22.6356010626017));
#9074=CARTESIAN_POINT('Ctrl Pts',(-16.9480808378345,186.798154983494,22.7583585672633));
#9075=CARTESIAN_POINT('Ctrl Pts',(-17.3614460893199,186.866478005143,22.6366375780778));
#9076=CARTESIAN_POINT('Ctrl Pts',(-17.5723752566181,186.891852335902,22.4884261271666));
#9077=CARTESIAN_POINT('Ctrl Pts',(-15.7666514544481,186.593659886736,20.4280039250894));
#9078=CARTESIAN_POINT('Ctrl Pts',(-15.626535946065,186.575004351398,20.5444484619362));
#9079=CARTESIAN_POINT('Ctrl Pts',(-15.4040832403161,186.556923361653,20.8332596168953));
#9080=CARTESIAN_POINT('Ctrl Pts',(-15.2922402404582,186.593083288134,21.369572261264));
#9081=CARTESIAN_POINT('Ctrl Pts',(-15.458647785655,186.715271558659,22.1226687767816));
#9082=CARTESIAN_POINT('Ctrl Pts',(-16.0766984920276,186.886914360865,22.7127068314461));
#9083=CARTESIAN_POINT('Ctrl Pts',(-16.966365736763,187.024444469432,22.8730108928987));
#9084=CARTESIAN_POINT('Ctrl Pts',(-17.4164297093334,187.06994113047,22.7443768640184));
#9085=CARTESIAN_POINT('Ctrl Pts',(-17.6470491011689,187.086642234747,22.5831741231066));
#9086=CARTESIAN_POINT('Ctrl Pts',(-15.5832578796422,187.20440107144,20.195309682739));
#9087=CARTESIAN_POINT('Ctrl Pts',(-15.4097983855414,187.198669978057,20.3440615939405));
#9088=CARTESIAN_POINT('Ctrl Pts',(-15.1335521037283,187.192971810818,20.7096001212142));
#9089=CARTESIAN_POINT('Ctrl Pts',(-14.9853467827881,187.20423099093,21.3806128545217));
#9090=CARTESIAN_POINT('Ctrl Pts',(-15.173929007118,187.241276827629,22.3261064349109));
#9091=CARTESIAN_POINT('Ctrl Pts',(-15.9397799431957,187.288505142044,23.0466273442201));
#9092=CARTESIAN_POINT('Ctrl Pts',(-17.0253195447117,187.323286153386,23.2042664347625));
#9093=CARTESIAN_POINT('Ctrl Pts',(-17.5645074450141,187.334387344473,23.0305880228341));
#9094=CARTESIAN_POINT('Ctrl Pts',(-17.8404239935158,187.338431732023,22.8285329046882));
#9095=CARTESIAN_POINT('Ctrl Pts',(-15.297668936761,187.412,19.8329474639005));
#9096=CARTESIAN_POINT('Ctrl Pts',(-15.0642254858278,187.41213963445,20.0216372755904));
#9097=CARTESIAN_POINT('Ctrl Pts',(-14.6870890687413,187.412659942137,20.5057759434289));
#9098=CARTESIAN_POINT('Ctrl Pts',(-14.5066062052682,187.412572813317,21.4059268928418));
#9099=CARTESIAN_POINT('Ctrl Pts',(-14.8151717386224,187.412030463082,22.6112141804252));
#9100=CARTESIAN_POINT('Ctrl Pts',(-15.8054027479567,187.411906251821,23.4066374468726));
#9101=CARTESIAN_POINT('Ctrl Pts',(-17.0832045532686,187.411610130614,23.5180997912142));
#9102=CARTESIAN_POINT('Ctrl Pts',(-17.7006230833519,187.412039290395,23.2920739519008));
#9103=CARTESIAN_POINT('Ctrl Pts',(-18.0150350109447,187.412,23.0500836239522));
#9104=CARTESIAN_POINT('Ctrl Pts',(-15.1247636146643,187.412,19.6135609724913));
#9105=CARTESIAN_POINT('Ctrl Pts',(-14.8547401220672,187.412,19.8263748912576));
#9106=CARTESIAN_POINT('Ctrl Pts',(-14.4159071397798,187.412,20.382377879109));
#9107=CARTESIAN_POINT('Ctrl Pts',(-14.2161351419696,187.412,21.4220240669953));
#9108=CARTESIAN_POINT('Ctrl Pts',(-14.5986944261821,187.412,22.7844514766542));
#9109=CARTESIAN_POINT('Ctrl Pts',(-15.7247371761296,187.412,23.6237642943624));
#9110=CARTESIAN_POINT('Ctrl Pts',(-17.1181526598356,187.412,23.7069780407993));
#9111=CARTESIAN_POINT('Ctrl Pts',(-17.782404404132,187.412,23.4491991271811));
#9112=CARTESIAN_POINT('Ctrl Pts',(-18.1199337698791,187.412,23.1831817287226));
#9113=CARTESIAN_POINT('',(-15.6985555608105,186.036874977287,20.341602193764));
#9114=CARTESIAN_POINT('Origin',(-15.1247636146644,186.412,19.6135609724914));
#9115=CARTESIAN_POINT('Ctrl Pts',(-15.6985555608105,186.036874977287,20.3416021937641));
#9116=CARTESIAN_POINT('Ctrl Pts',(-15.5360860110295,186.013242101555,20.457472605559));
#9117=CARTESIAN_POINT('Ctrl Pts',(-15.2728954790198,185.990873641602,20.7740329926187));
#9118=CARTESIAN_POINT('Ctrl Pts',(-15.1762879428701,186.035566605715,21.3838854366188));
#9119=CARTESIAN_POINT('Ctrl Pts',(-15.457548141644,186.193098363616,22.1612522276517));
#9120=CARTESIAN_POINT('Ctrl Pts',(-16.130594603722,186.448447993564,22.6298094713547));
#9121=CARTESIAN_POINT('Ctrl Pts',(-16.9436659135811,186.678454026608,22.72368140027));
#9122=CARTESIAN_POINT('Ctrl Pts',(-17.3430548865062,186.757583928048,22.5999785221938));
#9123=CARTESIAN_POINT('Ctrl Pts',(-17.5461418237329,186.787125022713,22.4551405074499));
#9124=CARTESIAN_POINT('Ctrl Pts',(-14.9224371983108,187.525644565961,26.9343989610967));
#9125=CARTESIAN_POINT('Ctrl Pts',(-13.9340125641786,187.789508798507,27.5919270666274));
#9126=CARTESIAN_POINT('Ctrl Pts',(-14.3852024335205,187.405595324308,28.6091146989383));
#9127=CARTESIAN_POINT('Ctrl Pts',(-14.8363923028624,187.021681850109,29.6263023312493));
#9128=CARTESIAN_POINT('Ctrl Pts',(-15.8248169369944,186.757817617563,28.9687742257183));
#9129=CARTESIAN_POINT('Ctrl Pts',(-12.8242065254171,182.280067883727,25.8852836246499));
#9130=CARTESIAN_POINT('Ctrl Pts',(-11.8357818912849,182.543932116273,26.5428117301805));
#9131=CARTESIAN_POINT('Ctrl Pts',(-12.2869717606268,182.160018642074,27.5599993624915));
#9132=CARTESIAN_POINT('Ctrl Pts',(-12.7381616299688,181.776105167875,28.5771869948024));
#9133=CARTESIAN_POINT('Ctrl Pts',(-13.7265862641008,181.512240935329,27.9196588892714));
#9134=CARTESIAN_POINT('',(-12.8769793719263,182.412,25.9116700479046));
#9135=CARTESIAN_POINT('',(-16.0864898899689,187.412,29.0996107022058));
#9136=CARTESIAN_POINT('Ctrl Pts',(-15.131343211573,188.047909599117,27.0388519677279));
#9137=CARTESIAN_POINT('Ctrl Pts',(-29.4729429949396,184.219357487349,17.4984129598327));
#9138=CARTESIAN_POINT('Ctrl Pts',(-30.6820724257639,187.24218106441,-0.0339637871180284));
#9139=CARTESIAN_POINT('Ctrl Pts',(-31.8912018565882,190.26500464147,-17.5663405340688));
#9140=CARTESIAN_POINT('Ctrl Pts',(-18.7195658846271,197.018466281752,-24.9903767915541));
#9141=CARTESIAN_POINT('Ctrl Pts',(-9.28875669887205,173.441443317365,24.1175587113775));
#9142=CARTESIAN_POINT('Ctrl Pts',(-23.6303564822387,169.612891205597,14.5771197034823));
#9143=CARTESIAN_POINT('Ctrl Pts',(-24.839485913063,172.635714782658,-2.95525704346849));
#9144=CARTESIAN_POINT('Ctrl Pts',(-26.0486153438872,175.658538359718,-20.4876337904193));
#9145=CARTESIAN_POINT('Ctrl Pts',(-12.8769793719262,182.412,-27.9116700479045));
#9146=CARTESIAN_POINT('',(-14.8769793719262,187.412,-26.9116700479044));
#9147=CARTESIAN_POINT('Ctrl Pts',(14.0802303337202,192.889794194253,46.5669674408777));
#9148=CARTESIAN_POINT('Ctrl Pts',(45.1216803472337,182.716200868084,35.3520340446939));
#9149=CARTESIAN_POINT('Ctrl Pts',(47.5410932719723,188.764733179931,0.270546635986162));
#9150=CARTESIAN_POINT('Ctrl Pts',(49.9605061967109,194.813265491777,-34.8109407727215));
#9151=CARTESIAN_POINT('Ctrl Pts',(20.1430848139908,208.046930394929,-41.344422523041));
#9152=CARTESIAN_POINT('Ctrl Pts',(3.82625817574811,167.254863799324,41.4399813618917));
#9153=CARTESIAN_POINT('Ctrl Pts',(34.8677081892617,157.081270473155,30.2250479657078));
#9154=CARTESIAN_POINT('Ctrl Pts',(37.2871211140003,163.129802785001,-4.85643944299987));
#9155=CARTESIAN_POINT('Ctrl Pts',(39.7065340387389,169.178335096848,-39.9379268517076));
#9156=CARTESIAN_POINT('Ctrl Pts',(9.88911265601869,182.412,-46.471408602027));
#9157=CARTESIAN_POINT('',(11.8891126560189,187.412,45.471408602027));
#9158=CARTESIAN_POINT('Ctrl Pts',(11.2153439782985,187.308577329106,43.0320321209317));
#9159=CARTESIAN_POINT('Ctrl Pts',(10.1461641476558,187.658992686145,43.4183149970207));
#9160=CARTESIAN_POINT('Ctrl Pts',(10.3395809134824,187.352035089008,44.5662694510517));
#9161=CARTESIAN_POINT('Ctrl Pts',(10.5329976793091,187.045077491871,45.7142239050827));
#9162=CARTESIAN_POINT('Ctrl Pts',(11.6021775099517,186.694662134832,45.3279410289933));
#9163=CARTESIAN_POINT('Ctrl Pts',(9.18957196987205,182.244147308039,42.0191461167185));
#9164=CARTESIAN_POINT('Ctrl Pts',(8.12039213922934,182.594562665079,42.4054289928075));
#9165=CARTESIAN_POINT('Ctrl Pts',(8.31380890505596,182.287605067942,43.5533834468385));
#9166=CARTESIAN_POINT('Ctrl Pts',(8.50722567088259,181.980647470805,44.7013379008695));
#9167=CARTESIAN_POINT('Ctrl Pts',(9.57640550152523,181.630232113766,44.3150550247801));
#9168=CARTESIAN_POINT('Ctrl Pts',(14.8956223329331,191.535529180881,40.9445313983035));
#9169=CARTESIAN_POINT('Ctrl Pts',(40.6706445028266,183.463611257067,29.7540766775852));
#9170=CARTESIAN_POINT('Ctrl Pts',(42.7068947979049,188.554236994762,0.228447398952494));
#9171=CARTESIAN_POINT('Ctrl Pts',(44.7431450929832,193.644862732457,-29.2971818796802));
#9172=CARTESIAN_POINT('Ctrl Pts',(20.2449324078838,204.908804368257,-36.6204646884758));
#9173=CARTESIAN_POINT('Ctrl Pts',(5.89690058563013,169.038724812624,36.445170524652));
#9174=CARTESIAN_POINT('Ctrl Pts',(31.6719227555237,160.96680688881,25.2547158039337));
#9175=CARTESIAN_POINT('Ctrl Pts',(33.7081730506019,166.057432626505,-4.27091347469895));
#9176=CARTESIAN_POINT('Ctrl Pts',(35.7444233456802,171.148058364201,-33.7965427533316));
#9177=CARTESIAN_POINT('Ctrl Pts',(11.2462106605808,182.412,-41.1198255621272));
#9178=CARTESIAN_POINT('',(13.2462106605809,187.412,40.1198255621271));
#9179=CARTESIAN_POINT('Ctrl Pts',(12.4454725708416,187.36965339408,37.7374020656695));
#9180=CARTESIAN_POINT('Ctrl Pts',(11.3906324466437,187.699995802678,38.1953702710748));
#9181=CARTESIAN_POINT('Ctrl Pts',(11.6511470679956,187.371533046843,39.3166548075449));
#9182=CARTESIAN_POINT('Ctrl Pts',(11.9116616893476,187.043070291009,40.437939344015));
#9183=CARTESIAN_POINT('Ctrl Pts',(12.9665018135454,186.712727882411,39.9799711386094));
#9184=CARTESIAN_POINT('Ctrl Pts',(10.4041497018404,182.266346221577,36.7167406311689));
#9185=CARTESIAN_POINT('Ctrl Pts',(9.3493095776425,182.596688630175,37.1747088365742));
#9186=CARTESIAN_POINT('Ctrl Pts',(9.60982419899445,182.268225874341,38.2959933730443));
#9187=CARTESIAN_POINT('Ctrl Pts',(9.8703388203464,181.939763118506,39.4172779095144));
#9188=CARTESIAN_POINT('Ctrl Pts',(10.9251789445442,181.609420709908,38.9593097041088));
#9189=CARTESIAN_POINT('Ctrl Pts',(12.6065347239897,182.412,-35.8096487106217));
#9190=CARTESIAN_POINT('Ctrl Pts',(32.0167867601863,173.078966900466,-27.9649872853458));
#9191=CARTESIAN_POINT('Ctrl Pts',(30.3435613824903,168.895903456226,-3.70321930875481));
#9192=CARTESIAN_POINT('Ctrl Pts',(28.6703360047942,164.712840011986,20.5585486678362));
#9193=CARTESIAN_POINT('Ctrl Pts',(7.96524822923986,170.808783763126,31.4890054632469));
#9194=CARTESIAN_POINT('Ctrl Pts',(20.4271337894219,201.96349766358,-31.8993491779056));
#9195=CARTESIAN_POINT('Ctrl Pts',(39.8373858256185,192.630464564045,-24.0546877526298));
#9196=CARTESIAN_POINT('Ctrl Pts',(38.1641604479224,188.447401119806,0.207080223961251));
#9197=CARTESIAN_POINT('Ctrl Pts',(36.4909350702264,184.264337675566,24.4688482005523));
#9198=CARTESIAN_POINT('Ctrl Pts',(15.785847294672,190.360281426706,35.3993049959629));
#9199=CARTESIAN_POINT('',(14.6065347239897,187.412,34.8096487106217));
#9200=CARTESIAN_POINT('Ctrl Pts',(12.2765162225706,181.586953746452,33.644639459912));
#9201=CARTESIAN_POINT('Ctrl Pts',(11.2453198253033,181.890556189594,34.1890200387388));
#9202=CARTESIAN_POINT('Ctrl Pts',(10.9029902387664,182.243882448747,33.1070479160455));
#9203=CARTESIAN_POINT('Ctrl Pts',(10.5606606522294,182.5972087079,32.0250757933523));
#9204=CARTESIAN_POINT('Ctrl Pts',(11.5918570494967,182.293606264759,31.4806952145257));
#9205=CARTESIAN_POINT('Ctrl Pts',(14.3621731261716,186.801096005454,34.6874679117125));
#9206=CARTESIAN_POINT('Ctrl Pts',(13.3309767289043,187.104698448596,35.2318484905393));
#9207=CARTESIAN_POINT('Ctrl Pts',(12.9886471423673,187.458024707749,34.149876367846));
#9208=CARTESIAN_POINT('Ctrl Pts',(12.6463175558303,187.811350966903,33.0679042451528));
#9209=CARTESIAN_POINT('Ctrl Pts',(13.6775139530976,187.507748523761,32.5235236663262));
#9210=CARTESIAN_POINT('Ctrl Pts',(15.150291435858,188.09528015983,27.0483260798706));
#9211=CARTESIAN_POINT('Ctrl Pts',(29.4918912192248,184.266728048062,17.5078870719754));
#9212=CARTESIAN_POINT('Ctrl Pts',(30.7010206500491,187.289551625123,-0.0244896749754625));
#9213=CARTESIAN_POINT('Ctrl Pts',(31.9101500808734,190.312375202183,-17.5568664219264));
#9214=CARTESIAN_POINT('Ctrl Pts',(18.7385141089122,197.065836842465,-24.9809026794116));
#9215=CARTESIAN_POINT('Ctrl Pts',(9.28875669887186,173.441443317365,24.1175587113775));
#9216=CARTESIAN_POINT('Ctrl Pts',(23.6303564822387,169.612891205597,14.5771197034823));
#9217=CARTESIAN_POINT('Ctrl Pts',(24.8394859130629,172.635714782658,-2.95525704346855));
#9218=CARTESIAN_POINT('Ctrl Pts',(26.0486153438872,175.658538359718,-20.4876337904194));
#9219=CARTESIAN_POINT('Ctrl Pts',(12.876979371926,182.412,-27.9116700479047));
#9220=CARTESIAN_POINT('',(14.8769793719259,187.412,-26.9116700479044));
#9221=CARTESIAN_POINT('Ctrl Pts',(15.6938831989694,186.430483272501,-29.2959140477055));
#9222=CARTESIAN_POINT('Ctrl Pts',(14.7860925993737,186.895932591388,-29.8075794429495));
#9223=CARTESIAN_POINT('Ctrl Pts',(14.1890400197451,186.91518928987,-28.7097577761025));
#9224=CARTESIAN_POINT('Ctrl Pts',(13.5919874401165,186.934445988352,-27.6119361092555));
#9225=CARTESIAN_POINT('Ctrl Pts',(14.4997780397122,186.468996669465,-27.1002707140115));
#9226=CARTESIAN_POINT('Ctrl Pts',(13.8896024475382,181.919781393923,-30.1980544234211));
#9227=CARTESIAN_POINT('Ctrl Pts',(12.9818118479425,182.38523071281,-30.7097198186651));
#9228=CARTESIAN_POINT('Ctrl Pts',(12.3847592683139,182.404487411292,-29.6118981518181));
#9229=CARTESIAN_POINT('Ctrl Pts',(11.7877066886853,182.423744109774,-28.5140764849711));
#9230=CARTESIAN_POINT('Ctrl Pts',(12.695497288281,181.958294790887,-28.0024110897271));
#9231=CARTESIAN_POINT('Ctrl Pts',(16.0757925788482,186.979967522382,20.5302207027832));
#9232=CARTESIAN_POINT('Ctrl Pts',(25.269161767287,184.959904418218,12.243797846727));
#9233=CARTESIAN_POINT('Ctrl Pts',(26.118109564826,187.082273912065,-0.0659452175869417));
#9234=CARTESIAN_POINT('Ctrl Pts',(26.9670573623649,189.204643405912,-12.3756882819009));
#9235=CARTESIAN_POINT('Ctrl Pts',(18.8246762052893,193.852176588484,-19.3285918806098));
#9236=CARTESIAN_POINT('Ctrl Pts',(11.4997219434544,175.539790933898,18.2421853850863));
#9237=CARTESIAN_POINT('Ctrl Pts',(20.6930911318932,173.519727829733,9.95576252903007));
#9238=CARTESIAN_POINT('Ctrl Pts',(21.5420389294322,175.642097323581,-2.35398053528385));
#9239=CARTESIAN_POINT('Ctrl Pts',(22.3909867269711,177.764466817428,-14.6637235995978));
#9240=CARTESIAN_POINT('Ctrl Pts',(14.2486055698955,182.412,-21.6166271983067));
#9241=CARTESIAN_POINT('',(16.2486055698955,187.412,-20.6166271983066));
#9242=CARTESIAN_POINT('Ctrl Pts',(17.4321518783316,186.50215015921,-22.7620854710652));
#9243=CARTESIAN_POINT('Ctrl Pts',(16.632889821163,186.958355397039,-23.4445875458756));
#9244=CARTESIAN_POINT('Ctrl Pts',(15.8968628382837,187.052645745781,-22.4439853238267));
#9245=CARTESIAN_POINT('Ctrl Pts',(15.1608358554043,187.146936094523,-21.4433831017778));
#9246=CARTESIAN_POINT('Ctrl Pts',(15.9600979125732,186.690730856694,-20.7608810269677));
#9247=CARTESIAN_POINT('Ctrl Pts',(15.5613260722971,181.825085644124,-23.6974983740824));
#9248=CARTESIAN_POINT('Ctrl Pts',(14.7620640151285,182.281290881953,-24.3800004488928));
#9249=CARTESIAN_POINT('Ctrl Pts',(14.0260370322492,182.375581230695,-23.3793982268439));
#9250=CARTESIAN_POINT('Ctrl Pts',(13.2900100493698,182.469871579437,-22.378796004795));
#9251=CARTESIAN_POINT('Ctrl Pts',(14.0892721065387,182.013666341608,-21.696293929985));
#9252=CARTESIAN_POINT('Ctrl Pts',(-15.8125455062115,186.32184984079,-20.8346572301487));
#9253=CARTESIAN_POINT('Ctrl Pts',(-17.5841239756752,186.284359524387,-19.434100248694));
#9254=CARTESIAN_POINT('Ctrl Pts',(-22.354116287489,186.176397595372,-14.5381634239954));
#9255=CARTESIAN_POINT('Ctrl Pts',(-26.6807568177269,186.047347051354,-3.71650151104706));
#9256=CARTESIAN_POINT('Ctrl Pts',(-24.8149774702864,185.98997852575,10.115022109832));
#9257=CARTESIAN_POINT('Ctrl Pts',(-19.2288595444193,186.010834381924,17.5458422660346));
#9258=CARTESIAN_POINT('Ctrl Pts',(-15.6985555608104,186.036874977287,20.341602193764));
#9259=CARTESIAN_POINT('Ctrl Pts',(-15.821373289686,186.479402743392,-20.845858137211));
#9260=CARTESIAN_POINT('Ctrl Pts',(-17.5978178436477,186.444943634423,-19.449450824936));
#9261=CARTESIAN_POINT('Ctrl Pts',(-22.3862885720766,186.344631789962,-14.5632150765568));
#9262=CARTESIAN_POINT('Ctrl Pts',(-26.7502083589045,186.220210956888,-3.72980165942277));
#9263=CARTESIAN_POINT('Ctrl Pts',(-24.8936353808211,186.163121099283,10.1467062038081));
#9264=CARTESIAN_POINT('Ctrl Pts',(-19.2852027610025,186.183964446561,17.5978526073885));
#9265=CARTESIAN_POINT('Ctrl Pts',(-15.7417963027296,186.209497704221,20.3964671021459));
#9266=CARTESIAN_POINT('Ctrl Pts',(-15.7917194436697,186.800791355636,-20.8082326138586));
#9267=CARTESIAN_POINT('Ctrl Pts',(-17.5706088533196,186.775562333712,-19.4216384383665));
#9268=CARTESIAN_POINT('Ctrl Pts',(-22.3741090957106,186.700786267116,-14.5632974792856));
#9269=CARTESIAN_POINT('Ctrl Pts',(-26.7863028436825,186.602896198799,-3.74196711511671));
#9270=CARTESIAN_POINT('Ctrl Pts',(-24.9514127620027,186.555848913338,10.1693377968786));
#9271=CARTESIAN_POINT('Ctrl Pts',(-19.3215873151597,186.573104413029,17.6328771267259));
#9272=CARTESIAN_POINT('Ctrl Pts',(-15.7666518582857,186.593660576085,20.4280044374884));
#9273=CARTESIAN_POINT('Ctrl Pts',(-15.5866026443848,187.264581527618,-20.5479754142622));
#9274=CARTESIAN_POINT('Ctrl Pts',(-17.3442061927535,187.25760758863,-19.1807646037237));
#9275=CARTESIAN_POINT('Ctrl Pts',(-22.0934887266038,187.236604929237,-14.3907287471884));
#9276=CARTESIAN_POINT('Ctrl Pts',(-26.4753841106941,187.207368672119,-3.70674385063663));
#9277=CARTESIAN_POINT('Ctrl Pts',(-24.6754570912694,187.192647502902,10.0555858940877));
#9278=CARTESIAN_POINT('Ctrl Pts',(-19.10145274194,187.198087273378,17.4357818332146));
#9279=CARTESIAN_POINT('Ctrl Pts',(-15.583258359225,187.204402251101,20.1953102912454));
#9280=CARTESIAN_POINT('Ctrl Pts',(-15.3429560966401,187.412,-20.2388307297293));
#9281=CARTESIAN_POINT('Ctrl Pts',(-17.0683800675053,187.412127036137,-18.8858688009837));
#9282=CARTESIAN_POINT('Ctrl Pts',(-21.724267940857,187.412037477435,-14.1538762690836));
#9283=CARTESIAN_POINT('Ctrl Pts',(-26.000009621303,187.412246700347,-3.64189289266683));
#9284=CARTESIAN_POINT('Ctrl Pts',(-24.2175742889401,187.412228826869,9.8685823450892));
#9285=CARTESIAN_POINT('Ctrl Pts',(-18.7497681914069,187.412153860422,17.1174257834646));
#9286=CARTESIAN_POINT('Ctrl Pts',(-15.297668936761,187.412,19.8329474639004));
#9287=CARTESIAN_POINT('Ctrl Pts',(-15.1960714396666,187.412,-20.052459893109));
#9288=CARTESIAN_POINT('Ctrl Pts',(-16.9019676570932,187.412,-18.7079899895926));
#9289=CARTESIAN_POINT('Ctrl Pts',(-21.5013525907848,187.412,-14.0106480537256));
#9290=CARTESIAN_POINT('Ctrl Pts',(-25.7120409450602,187.412,-3.60233450894584));
#9291=CARTESIAN_POINT('Ctrl Pts',(-23.9398680746877,187.412,9.75513352977838));
#9292=CARTESIAN_POINT('Ctrl Pts',(-18.5365560495167,187.412,16.924621165459));
#9293=CARTESIAN_POINT('Ctrl Pts',(-15.1247636146643,187.412,19.6135609724912));
#9294=CARTESIAN_POINT('Ctrl Pts',(-15.8125455062115,186.32184984079,-20.8346572301487));
#9295=CARTESIAN_POINT('Ctrl Pts',(-17.5841239756752,186.284359524387,-19.434100248694));
#9296=CARTESIAN_POINT('Ctrl Pts',(-22.354116287489,186.176397595372,-14.5381634239954));
#9297=CARTESIAN_POINT('Ctrl Pts',(-26.6807568177269,186.047347051354,-3.71650151104706));
#9298=CARTESIAN_POINT('Ctrl Pts',(-24.8149774702864,185.98997852575,10.115022109832));
#9299=CARTESIAN_POINT('Ctrl Pts',(-19.2288595444193,186.010834381924,17.5458422660346));
#9300=CARTESIAN_POINT('Ctrl Pts',(-15.6985555608104,186.036874977287,20.341602193764));
#9301=CARTESIAN_POINT('Ctrl Pts',(-16.335886298588,187.63020182173,20.6602675626527));
#9302=CARTESIAN_POINT('Ctrl Pts',(-15.4334584917692,187.828492685435,21.4736688577695));
#9303=CARTESIAN_POINT('Ctrl Pts',(-16.0385862543417,187.406954285926,22.3711053301681));
#9304=CARTESIAN_POINT('Ctrl Pts',(-16.6437140169142,186.985415886417,23.2685418025667));
#9305=CARTESIAN_POINT('Ctrl Pts',(-17.5461418237329,186.787125022713,22.4551405074499));
#9306=CARTESIAN_POINT('Ctrl Pts',(-14.2089473971549,182.312854568148,19.5967981119362));
#9307=CARTESIAN_POINT('Ctrl Pts',(-13.3065195903362,182.511145431852,20.4101994070529));
#9308=CARTESIAN_POINT('Ctrl Pts',(-13.9116473529087,182.089607032343,21.3076358794516));
#9309=CARTESIAN_POINT('Ctrl Pts',(-14.5167751154812,181.668068632835,22.2050723518502));
#9310=CARTESIAN_POINT('Ctrl Pts',(-15.4192029222999,181.46977776913,21.3916710567334));
#9311=CARTESIAN_POINT('',(-14.2486055698959,182.412,19.6166271983067));
#9312=CARTESIAN_POINT('',(-17.7960918146476,187.412,22.5801155029073));
#9313=CARTESIAN_POINT('Ctrl Pts',(-16.0763566611034,186.981377728019,20.5305027439105));
#9314=CARTESIAN_POINT('Ctrl Pts',(-25.269725849542,184.961314623855,12.2440798878542));
#9315=CARTESIAN_POINT('Ctrl Pts',(-26.1186736470809,187.083684117702,-0.06566317645959));
#9316=CARTESIAN_POINT('Ctrl Pts',(-26.9676214446198,189.206053611549,-12.3754062407734));
#9317=CARTESIAN_POINT('Ctrl Pts',(-18.8252402875443,193.853586794122,-19.3283098394823));
#9318=CARTESIAN_POINT('Ctrl Pts',(-11.4997219434546,175.539790933898,18.2421853850861));
#9319=CARTESIAN_POINT('Ctrl Pts',(-20.6930911318932,173.519727829733,9.95576252902985));
#9320=CARTESIAN_POINT('Ctrl Pts',(-21.5420389294321,175.642097323581,-2.35398053528398));
#9321=CARTESIAN_POINT('Ctrl Pts',(-22.390986726971,177.764466817428,-14.6637235995978));
#9322=CARTESIAN_POINT('Ctrl Pts',(-14.2486055698955,182.412,-21.6166271983067));
#9323=CARTESIAN_POINT('',(-16.2486055698957,187.412,-20.6166271983066));
#9324=CARTESIAN_POINT('Ctrl Pts',(-17.9943106629536,187.907547120765,22.6792249270603));
#9325=CARTESIAN_POINT('Ctrl Pts',(-28.0632388217197,185.695097054299,13.6036189418558));
#9326=CARTESIAN_POINT('Ctrl Pts',(-28.9930387904529,188.019596976132,0.121519395226401));
#9327=CARTESIAN_POINT('Ctrl Pts',(-29.922838759186,190.344096897965,-13.360580151403));
#9328=CARTESIAN_POINT('Ctrl Pts',(-21.004992730008,195.434252288401,-20.9756650452271));
#9329=CARTESIAN_POINT('Ctrl Pts',(-12.7854097475931,174.885294832364,20.07477446938));
#9330=CARTESIAN_POINT('Ctrl Pts',(-22.8543379063593,172.672844765898,10.9991684841756));
#9331=CARTESIAN_POINT('Ctrl Pts',(-23.7841378750924,174.997344687731,-2.48293106245385));
#9332=CARTESIAN_POINT('Ctrl Pts',(-24.7139378438255,177.321844609564,-15.9650306090833));
#9333=CARTESIAN_POINT('Ctrl Pts',(-15.7960918146475,182.412,-23.5801155029073));
#9334=CARTESIAN_POINT('',(-15.7960918146478,182.412,-23.5801155029073));
#9335=CARTESIAN_POINT('Ctrl Pts',(-17.4321518783317,186.50215015921,-22.7620854710652));
#9336=CARTESIAN_POINT('Ctrl Pts',(-16.6328898211632,186.958355397039,-23.4445875458754));
#9337=CARTESIAN_POINT('Ctrl Pts',(-15.896862838284,187.052645745781,-22.4439853238267));
#9338=CARTESIAN_POINT('Ctrl Pts',(-15.1608358554047,187.146936094523,-21.4433831017779));
#9339=CARTESIAN_POINT('Ctrl Pts',(-15.9600979125733,186.690730856694,-20.7608810269679));
#9340=CARTESIAN_POINT('Ctrl Pts',(-15.5661862918513,181.837236193009,-23.6950682643055));
#9341=CARTESIAN_POINT('Ctrl Pts',(-14.7669242346828,182.293441430838,-24.3775703391157));
#9342=CARTESIAN_POINT('Ctrl Pts',(-14.0308972518035,182.38773177958,-23.3769681170669));
#9343=CARTESIAN_POINT('Ctrl Pts',(-13.2948702689243,182.482022128322,-22.3763658950182));
#9344=CARTESIAN_POINT('Ctrl Pts',(-14.0941323260928,182.025816890493,-21.6938638202081));
#9345=CARTESIAN_POINT('Ctrl Pts',(-16.7539791062083,189.080723040598,29.4333553103254));
#9346=CARTESIAN_POINT('Ctrl Pts',(-32.2615626117999,184.9409065295,19.1172708546339));
#9347=CARTESIAN_POINT('Ctrl Pts',(-33.5689952483822,188.209488120955,0.159497624191188));
#9348=CARTESIAN_POINT('Ctrl Pts',(-34.8764278849646,191.478069712411,-18.7982756062515));
#9349=CARTESIAN_POINT('Ctrl Pts',(-20.633927199836,198.780593274667,-26.8258920472722));
#9350=CARTESIAN_POINT('Ctrl Pts',(-10.2065417963412,172.712129765931,26.1596366553919));
#9351=CARTESIAN_POINT('Ctrl Pts',(-25.7141253019329,168.572313254833,15.8435521997004));
#9352=CARTESIAN_POINT('Ctrl Pts',(-27.0215579385152,171.840894846288,-3.11422103074232));
#9353=CARTESIAN_POINT('Ctrl Pts',(-28.3289905750976,175.109476437744,-22.071994261185));
#9354=CARTESIAN_POINT('Ctrl Pts',(-14.086489889969,182.412,-30.0996107022057));
#9355=CARTESIAN_POINT('',(-14.086489889969,182.412,-30.0996107022057));
#9356=CARTESIAN_POINT('Ctrl Pts',(-15.6938831989694,186.430483272501,-29.2959140477055));
#9357=CARTESIAN_POINT('Ctrl Pts',(-14.7860925993737,186.895932591388,-29.8075794429495));
#9358=CARTESIAN_POINT('Ctrl Pts',(-14.1890400197451,186.91518928987,-28.7097577761025));
#9359=CARTESIAN_POINT('Ctrl Pts',(-13.5919874401165,186.934445988352,-27.6119361092555));
#9360=CARTESIAN_POINT('Ctrl Pts',(-14.4997780397123,186.468996669465,-27.1002707140115));
#9361=CARTESIAN_POINT('Ctrl Pts',(-13.8858840026439,181.910485281687,-30.1999136458683));
#9362=CARTESIAN_POINT('Ctrl Pts',(-12.9780934030482,182.375934600574,-30.7115790411123));
#9363=CARTESIAN_POINT('Ctrl Pts',(-12.3810408234196,182.395191299056,-29.6137573742653));
#9364=CARTESIAN_POINT('Ctrl Pts',(-11.783988243791,182.414447997538,-28.5159357074182));
#9365=CARTESIAN_POINT('Ctrl Pts',(-12.6917788433868,181.948998678651,-28.0042703121743));
#9366=CARTESIAN_POINT('Ctrl Pts',(-12.6065347239897,182.412,-35.8096487106216));
#9367=CARTESIAN_POINT('Ctrl Pts',(-32.0167867601863,173.078966900466,-27.9649872853458));
#9368=CARTESIAN_POINT('Ctrl Pts',(-30.3435613824903,168.895903456226,-3.70321930875483));
#9369=CARTESIAN_POINT('Ctrl Pts',(-28.6703360047943,164.712840011986,20.5585486678362));
#9370=CARTESIAN_POINT('Ctrl Pts',(-7.96524822923994,170.808783763126,31.4890054632469));
#9371=CARTESIAN_POINT('Ctrl Pts',(-20.4057488845272,201.910035401343,-31.9100416303529));
#9372=CARTESIAN_POINT('Ctrl Pts',(-39.8160009207239,192.577002301809,-24.0653802050771));
#9373=CARTESIAN_POINT('Ctrl Pts',(-38.1427755430278,188.393938857569,0.196387771513898));
#9374=CARTESIAN_POINT('Ctrl Pts',(-36.4695501653318,184.210875413329,24.4581557481049));
#9375=CARTESIAN_POINT('Ctrl Pts',(-15.7644623897774,190.306819164469,35.3886125435156));
#9376=CARTESIAN_POINT('',(-12.6065347239899,182.412,-35.8096487106215));
#9377=CARTESIAN_POINT('Ctrl Pts',(-11.4400878443191,181.914183251815,-33.6039373112108));
#9378=CARTESIAN_POINT('Ctrl Pts',(-10.4733794590781,182.379005725022,-33.9946329067675));
#9379=CARTESIAN_POINT('Ctrl Pts',(-10.969394028885,182.409891924044,-35.1410930414873));
#9380=CARTESIAN_POINT('Ctrl Pts',(-11.4654085986918,182.440778123065,-36.2875531762071));
#9381=CARTESIAN_POINT('Ctrl Pts',(-12.4321169839327,181.975955649857,-35.8968575806501));
#9382=CARTESIAN_POINT('Ctrl Pts',(-13.2898841248332,186.5386739531,-32.6790391709537));
#9383=CARTESIAN_POINT('Ctrl Pts',(-12.3231757395923,187.003496426308,-33.0697347665104));
#9384=CARTESIAN_POINT('Ctrl Pts',(-12.8191903093992,187.034382625329,-34.2161949012302));
#9385=CARTESIAN_POINT('Ctrl Pts',(-13.315204879206,187.06526882435,-35.36265503595));
#9386=CARTESIAN_POINT('Ctrl Pts',(-14.2819132644469,186.600446351142,-34.971959440393));
#9387=CARTESIAN_POINT('Ctrl Pts',(-14.8944699409215,191.532648200851,40.9439552022974));
#9388=CARTESIAN_POINT('Ctrl Pts',(-40.6694921108149,183.460730277037,29.7535004815789));
#9389=CARTESIAN_POINT('Ctrl Pts',(-42.705742405893,188.551356014732,0.227871202946389));
#9390=CARTESIAN_POINT('Ctrl Pts',(-44.7419927009712,193.641981752428,-29.2977580756862));
#9391=CARTESIAN_POINT('Ctrl Pts',(-20.2437800158719,204.905923388227,-36.6210408844817));
#9392=CARTESIAN_POINT('Ctrl Pts',(-5.89690058563052,169.038724812624,36.4451705246519));
#9393=CARTESIAN_POINT('Ctrl Pts',(-31.6719227555239,160.96680688881,25.2547158039334));
#9394=CARTESIAN_POINT('Ctrl Pts',(-33.708173050602,166.057432626505,-4.27091347469911));
#9395=CARTESIAN_POINT('Ctrl Pts',(-35.7444233456801,171.148058364201,-33.7965427533317));
#9396=CARTESIAN_POINT('Ctrl Pts',(-11.2462106605808,182.412,-41.1198255621272));
#9397=CARTESIAN_POINT('',(-11.2462106605813,182.412,-41.1198255621271));
#9398=CARTESIAN_POINT('Ctrl Pts',(-12.925717526991,186.610767166024,-40.2800721289221));
#9399=CARTESIAN_POINT('Ctrl Pts',(-11.9231306992846,187.071742815851,-40.579776722643));
#9400=CARTESIAN_POINT('Ctrl Pts',(-11.5043524662477,187.004546542474,-39.4062388896814));
#9401=CARTESIAN_POINT('Ctrl Pts',(-11.0855742332107,186.937350269096,-38.2327010567197));
#9402=CARTESIAN_POINT('Ctrl Pts',(-12.0881610609173,186.476374619269,-37.9329964629994));
#9403=CARTESIAN_POINT('Ctrl Pts',(-11.0803755358749,181.997412188234,-41.2027431244802));
#9404=CARTESIAN_POINT('Ctrl Pts',(-10.0777887081685,182.458387838061,-41.5024477182011));
#9405=CARTESIAN_POINT('Ctrl Pts',(-9.65901047513154,182.391191564683,-40.3289098852395));
#9406=CARTESIAN_POINT('Ctrl Pts',(-9.24023224209457,182.323995291306,-39.1553720522778));
#9407=CARTESIAN_POINT('Ctrl Pts',(-10.2428190698011,181.863019641479,-38.8556674585575));
#9408=CARTESIAN_POINT('Ctrl Pts',(-14.0802713368115,192.889896701981,46.5669879424232));
#9409=CARTESIAN_POINT('Ctrl Pts',(-45.1217213503248,182.716303375812,35.3520545462392));
#9410=CARTESIAN_POINT('Ctrl Pts',(-47.5411342750634,188.764835687658,0.270567137531706));
#9411=CARTESIAN_POINT('Ctrl Pts',(-49.960547199802,194.813367999505,-34.8109202711758));
#9412=CARTESIAN_POINT('Ctrl Pts',(-20.143125817082,208.047032902657,-41.3444020214954));
#9413=CARTESIAN_POINT('Ctrl Pts',(-3.82625817574841,167.254863799324,41.4399813618917));
#9414=CARTESIAN_POINT('Ctrl Pts',(-34.8677081892618,157.081270473155,30.2250479657077));
#9415=CARTESIAN_POINT('Ctrl Pts',(-37.2871211140003,163.129802785001,-4.85643944299983));
#9416=CARTESIAN_POINT('Ctrl Pts',(-39.7065340387389,169.178335096848,-39.9379268517073));
#9417=CARTESIAN_POINT('Ctrl Pts',(-9.88911265601895,182.412,-46.471408602027));
#9418=CARTESIAN_POINT('',(-9.88911265601899,182.412,-46.4714086020268));
#9419=CARTESIAN_POINT('Ctrl Pts',(-11.6028070791158,186.696236057742,-45.6145613904786));
#9420=CARTESIAN_POINT('Ctrl Pts',(-10.5757872224308,187.152051349675,-45.8395981367734));
#9421=CARTESIAN_POINT('Ctrl Pts',(-10.2211243268097,187.055893622325,-44.6494837087851));
#9422=CARTESIAN_POINT('Ctrl Pts',(-9.86646143118867,186.959735894976,-43.4593692807967));
#9423=CARTESIAN_POINT('Ctrl Pts',(-10.8934812878736,186.503920603043,-43.234332534502));
#9424=CARTESIAN_POINT('Ctrl Pts',(-9.73025083758478,182.014845453914,-46.5508395112441));
#9425=CARTESIAN_POINT('Ctrl Pts',(-8.70323098089981,182.470660745847,-46.7758762575389));
#9426=CARTESIAN_POINT('Ctrl Pts',(-8.34856808527874,182.374503018498,-45.5857618295505));
#9427=CARTESIAN_POINT('Ctrl Pts',(-7.99390518965768,182.278345291149,-44.3956474015622));
#9428=CARTESIAN_POINT('Ctrl Pts',(-9.02092504634265,181.822529999216,-44.1706106552675));
#9429=UNCERTAINTY_MEASURE_WITH_UNIT(LENGTH_MEASURE(0.01),#9433,
'DISTANCE_ACCURACY_VALUE',
'Maximum model space distance between geometric entities at asserted c
onnectivities');
#9430=UNCERTAINTY_MEASURE_WITH_UNIT(LENGTH_MEASURE(0.01),#9433,
'DISTANCE_ACCURACY_VALUE',
'Maximum model space distance between geometric entities at asserted c
onnectivities');
#9431=(
GEOMETRIC_REPRESENTATION_CONTEXT(3)
GLOBAL_UNCERTAINTY_ASSIGNED_CONTEXT((#9429))
GLOBAL_UNIT_ASSIGNED_CONTEXT((#9433,#9435,#9436))
REPRESENTATION_CONTEXT('','3D')
);
#9432=(
GEOMETRIC_REPRESENTATION_CONTEXT(3)
GLOBAL_UNCERTAINTY_ASSIGNED_CONTEXT((#9430))
GLOBAL_UNIT_ASSIGNED_CONTEXT((#9433,#9435,#9436))
REPRESENTATION_CONTEXT('','3D')
);
#9433=(
LENGTH_UNIT()
NAMED_UNIT(*)
SI_UNIT(.MILLI.,.METRE.)
);
#9434=(
LENGTH_UNIT()
NAMED_UNIT(*)
SI_UNIT($,.METRE.)
);
#9435=(
NAMED_UNIT(*)
PLANE_ANGLE_UNIT()
SI_UNIT($,.RADIAN.)
);
#9436=(
NAMED_UNIT(*)
SI_UNIT($,.STERADIAN.)
SOLID_ANGLE_UNIT()
);
#9437=SHAPE_DEFINITION_REPRESENTATION(#9438,#9439);
#9438=PRODUCT_DEFINITION_SHAPE('',$,#9441);
#9439=SHAPE_REPRESENTATION('',(#3518),#9431);
#9440=PRODUCT_DEFINITION_CONTEXT('part definition',#9445,'design');
#9441=PRODUCT_DEFINITION('Deckel','Deckel',#9442,#9440);
#9442=PRODUCT_DEFINITION_FORMATION('',$,#9447);
#9443=PRODUCT_RELATED_PRODUCT_CATEGORY('Deckel','Deckel',(#9447));
#9444=APPLICATION_PROTOCOL_DEFINITION('international standard',
'automotive_design',2009,#9445);
#9445=APPLICATION_CONTEXT(
'Core Data for Automotive Mechanical Design Process');
#9446=PRODUCT_CONTEXT('part definition',#9445,'mechanical');
#9447=PRODUCT('Deckel','Deckel',$,(#9446));
#9448=PRESENTATION_STYLE_ASSIGNMENT((#9450));
#9449=PRESENTATION_STYLE_ASSIGNMENT((#9451));
#9450=SURFACE_STYLE_USAGE(.BOTH.,#9452);
#9451=SURFACE_STYLE_USAGE(.BOTH.,#9453);
#9452=SURFACE_SIDE_STYLE('',(#9454));
#9453=SURFACE_SIDE_STYLE('',(#9455));
#9454=SURFACE_STYLE_FILL_AREA(#9456);
#9455=SURFACE_STYLE_FILL_AREA(#9457);
#9456=FILL_AREA_STYLE('Steel - Satin',(#9458));
#9457=FILL_AREA_STYLE('Plastic - Matte (White)',(#9459));
#9458=FILL_AREA_STYLE_COLOUR('Steel - Satin',#9460);
#9459=FILL_AREA_STYLE_COLOUR('Plastic - Matte (White)',#9461);
#9460=COLOUR_RGB('Steel - Satin',0.627450980392157,0.627450980392157,0.627450980392157);
#9461=COLOUR_RGB('Plastic - Matte (White)',1.,0.529411764705882,0.356862745098039);
ENDSEC;
END-ISO-10303-21;
