ISO-10303-21;
HEADER;
/* Generated by software containing ST-Developer
 * from STEP Tools, Inc. (www.steptools.com) 
 */

FILE_DESCRIPTION(
/* description */ (''),
/* implementation_level */ '2;1');

FILE_NAME(
/* name */ '20250626_Motorabdeckung.step',
/* time_stamp */ '2026-06-26T18:50:01+02:00',
/* author */ (''),
/* organization */ (''),
/* preprocessor_version */ 'ST-DEVELOPER v20.1',
/* originating_system */ 'Autodesk Translation Framework v15.8.0.0',
/* authorisation */ '');

FILE_SCHEMA (('AUTOMOTIVE_DESIGN { 1 0 10303 214 3 1 1 }'));
ENDSEC;

DATA;
#10=MECHANICAL_DESIGN_GEOMETRIC_PRESENTATION_REPRESENTATION('',(#13),#11086);
#11=SHAPE_REPRESENTATION_RELATIONSHIP('SRR','None',#11093,#12);
#12=ADVANCED_BREP_SHAPE_REPRESENTATION('',(#14),#11085);
#13=STYLED_ITEM('',(#11103),#14);
#14=MANIFOLD_SOLID_BREP('Motorabdeckung',#6015);
#15=CYLINDRICAL_SURFACE('',#6036,17.95);
#16=CYLINDRICAL_SURFACE('',#6050,16.9260862689571);
#17=CYLINDRICAL_SURFACE('',#6052,2.4523265436259);
#18=CYLINDRICAL_SURFACE('',#6055,2.4523265436259);
#19=CYLINDRICAL_SURFACE('',#6058,16.9260862689571);
#20=CYLINDRICAL_SURFACE('',#6060,2.4523265436259);
#21=CYLINDRICAL_SURFACE('',#6064,12.0214331817053);
#22=CYLINDRICAL_SURFACE('',#6067,2.4523265436259);
#23=CYLINDRICAL_SURFACE('',#6071,12.0214331817053);
#24=CYLINDRICAL_SURFACE('',#6176,20.3977823930286);
#25=CYLINDRICAL_SURFACE('',#6534,15.0385475588349);
#26=CYLINDRICAL_SURFACE('',#6545,0.999999999984827);
#27=CYLINDRICAL_SURFACE('',#6547,3.45232655852733);
#28=CYLINDRICAL_SURFACE('',#6549,11.0214331668041);
#29=CYLINDRICAL_SURFACE('',#6551,3.45232655852716);
#30=CYLINDRICAL_SURFACE('',#6553,0.999999999988294);
#31=CYLINDRICAL_SURFACE('',#6563,15.0385475588349);
#32=CYLINDRICAL_SURFACE('',#6571,0.999999999998061);
#33=CYLINDRICAL_SURFACE('',#6572,3.45232654362594);
#34=CYLINDRICAL_SURFACE('',#6573,11.0214331817052);
#35=CYLINDRICAL_SURFACE('',#6574,3.45232654362601);
#36=CYLINDRICAL_SURFACE('',#6575,0.999999999997283);
#37=CYLINDRICAL_SURFACE('',#6578,5.49999999999997);
#38=FACE_BOUND('',#1876,.T.);
#39=FACE_BOUND('',#1891,.T.);
#40=FACE_BOUND('',#2161,.T.);
#41=FACE_BOUND('',#2172,.T.);
#42=FACE_BOUND('',#2178,.T.);
#43=FACE_BOUND('',#2179,.T.);
#44=PLANE('',#6034);
#45=PLANE('',#6074);
#46=PLANE('',#6275);
#47=PLANE('',#6276);
#48=PLANE('',#6277);
#49=PLANE('',#6278);
#50=PLANE('',#6279);
#51=PLANE('',#6280);
#52=PLANE('',#6281);
#53=PLANE('',#6282);
#54=PLANE('',#6283);
#55=PLANE('',#6284);
#56=PLANE('',#6285);
#57=PLANE('',#6286);
#58=PLANE('',#6287);
#59=PLANE('',#6288);
#60=PLANE('',#6289);
#61=PLANE('',#6290);
#62=PLANE('',#6291);
#63=PLANE('',#6292);
#64=PLANE('',#6293);
#65=PLANE('',#6294);
#66=PLANE('',#6295);
#67=PLANE('',#6296);
#68=PLANE('',#6297);
#69=PLANE('',#6298);
#70=PLANE('',#6299);
#71=PLANE('',#6300);
#72=PLANE('',#6301);
#73=PLANE('',#6302);
#74=PLANE('',#6303);
#75=PLANE('',#6304);
#76=PLANE('',#6305);
#77=PLANE('',#6306);
#78=PLANE('',#6307);
#79=PLANE('',#6308);
#80=PLANE('',#6309);
#81=PLANE('',#6310);
#82=PLANE('',#6311);
#83=PLANE('',#6312);
#84=PLANE('',#6313);
#85=PLANE('',#6314);
#86=PLANE('',#6315);
#87=PLANE('',#6316);
#88=PLANE('',#6317);
#89=PLANE('',#6318);
#90=PLANE('',#6319);
#91=PLANE('',#6320);
#92=PLANE('',#6321);
#93=PLANE('',#6322);
#94=PLANE('',#6323);
#95=PLANE('',#6324);
#96=PLANE('',#6325);
#97=PLANE('',#6326);
#98=PLANE('',#6327);
#99=PLANE('',#6328);
#100=PLANE('',#6329);
#101=PLANE('',#6330);
#102=PLANE('',#6331);
#103=PLANE('',#6332);
#104=PLANE('',#6333);
#105=PLANE('',#6334);
#106=PLANE('',#6335);
#107=PLANE('',#6336);
#108=PLANE('',#6337);
#109=PLANE('',#6338);
#110=PLANE('',#6339);
#111=PLANE('',#6340);
#112=PLANE('',#6341);
#113=PLANE('',#6342);
#114=PLANE('',#6343);
#115=PLANE('',#6344);
#116=PLANE('',#6345);
#117=PLANE('',#6346);
#118=PLANE('',#6347);
#119=PLANE('',#6348);
#120=PLANE('',#6349);
#121=PLANE('',#6350);
#122=PLANE('',#6351);
#123=PLANE('',#6352);
#124=PLANE('',#6353);
#125=PLANE('',#6354);
#126=PLANE('',#6355);
#127=PLANE('',#6356);
#128=PLANE('',#6357);
#129=PLANE('',#6358);
#130=PLANE('',#6359);
#131=PLANE('',#6360);
#132=PLANE('',#6361);
#133=PLANE('',#6362);
#134=PLANE('',#6363);
#135=PLANE('',#6364);
#136=PLANE('',#6365);
#137=PLANE('',#6366);
#138=PLANE('',#6367);
#139=PLANE('',#6368);
#140=PLANE('',#6369);
#141=PLANE('',#6370);
#142=PLANE('',#6371);
#143=PLANE('',#6372);
#144=PLANE('',#6373);
#145=PLANE('',#6374);
#146=PLANE('',#6375);
#147=PLANE('',#6376);
#148=PLANE('',#6377);
#149=PLANE('',#6378);
#150=PLANE('',#6379);
#151=PLANE('',#6380);
#152=PLANE('',#6381);
#153=PLANE('',#6382);
#154=PLANE('',#6383);
#155=PLANE('',#6384);
#156=PLANE('',#6385);
#157=PLANE('',#6386);
#158=PLANE('',#6387);
#159=PLANE('',#6388);
#160=PLANE('',#6389);
#161=PLANE('',#6390);
#162=PLANE('',#6391);
#163=PLANE('',#6392);
#164=PLANE('',#6393);
#165=PLANE('',#6394);
#166=PLANE('',#6395);
#167=PLANE('',#6396);
#168=PLANE('',#6397);
#169=PLANE('',#6398);
#170=PLANE('',#6399);
#171=PLANE('',#6400);
#172=PLANE('',#6401);
#173=PLANE('',#6402);
#174=PLANE('',#6403);
#175=PLANE('',#6404);
#176=PLANE('',#6405);
#177=PLANE('',#6408);
#178=PLANE('',#6409);
#179=PLANE('',#6412);
#180=PLANE('',#6413);
#181=PLANE('',#6416);
#182=PLANE('',#6417);
#183=PLANE('',#6420);
#184=PLANE('',#6421);
#185=PLANE('',#6424);
#186=PLANE('',#6425);
#187=PLANE('',#6428);
#188=PLANE('',#6429);
#189=PLANE('',#6432);
#190=PLANE('',#6433);
#191=PLANE('',#6436);
#192=PLANE('',#6437);
#193=PLANE('',#6440);
#194=PLANE('',#6441);
#195=PLANE('',#6444);
#196=PLANE('',#6445);
#197=PLANE('',#6448);
#198=PLANE('',#6449);
#199=PLANE('',#6452);
#200=PLANE('',#6453);
#201=PLANE('',#6456);
#202=PLANE('',#6457);
#203=PLANE('',#6460);
#204=PLANE('',#6461);
#205=PLANE('',#6464);
#206=PLANE('',#6465);
#207=PLANE('',#6468);
#208=PLANE('',#6469);
#209=PLANE('',#6472);
#210=PLANE('',#6473);
#211=PLANE('',#6476);
#212=PLANE('',#6477);
#213=PLANE('',#6480);
#214=PLANE('',#6481);
#215=PLANE('',#6484);
#216=PLANE('',#6485);
#217=PLANE('',#6488);
#218=PLANE('',#6489);
#219=PLANE('',#6492);
#220=PLANE('',#6493);
#221=PLANE('',#6496);
#222=PLANE('',#6497);
#223=PLANE('',#6500);
#224=PLANE('',#6501);
#225=PLANE('',#6504);
#226=PLANE('',#6505);
#227=PLANE('',#6508);
#228=PLANE('',#6509);
#229=PLANE('',#6512);
#230=PLANE('',#6513);
#231=PLANE('',#6516);
#232=PLANE('',#6517);
#233=PLANE('',#6520);
#234=PLANE('',#6521);
#235=PLANE('',#6524);
#236=PLANE('',#6525);
#237=PLANE('',#6528);
#238=PLANE('',#6529);
#239=PLANE('',#6532);
#240=PLANE('',#6533);
#241=PLANE('',#6538);
#242=PLANE('',#6555);
#243=PLANE('',#6565);
#244=PLANE('',#6576);
#245=PLANE('',#6579);
#246=PLANE('',#6588);
#247=LINE('',#9180,#869);
#248=LINE('',#9325,#870);
#249=LINE('',#9333,#871);
#250=LINE('',#9339,#872);
#251=LINE('',#9342,#873);
#252=LINE('',#9347,#874);
#253=LINE('',#9354,#875);
#254=LINE('',#9357,#876);
#255=LINE('',#9362,#877);
#256=LINE('',#9366,#878);
#257=LINE('',#9369,#879);
#258=LINE('',#9372,#880);
#259=LINE('',#9376,#881);
#260=LINE('',#9380,#882);
#261=LINE('',#9384,#883);
#262=LINE('',#9387,#884);
#263=LINE('',#9390,#885);
#264=LINE('',#9396,#886);
#265=LINE('',#9400,#887);
#266=LINE('',#9411,#888);
#267=LINE('',#9414,#889);
#268=LINE('',#9426,#890);
#269=LINE('',#9429,#891);
#270=LINE('',#9435,#892);
#271=LINE('',#9438,#893);
#272=LINE('',#9444,#894);
#273=LINE('',#9447,#895);
#274=LINE('',#9453,#896);
#275=LINE('',#9456,#897);
#276=LINE('',#9462,#898);
#277=LINE('',#9465,#899);
#278=LINE('',#9471,#900);
#279=LINE('',#9474,#901);
#280=LINE('',#9480,#902);
#281=LINE('',#9483,#903);
#282=LINE('',#9489,#904);
#283=LINE('',#9492,#905);
#284=LINE('',#9498,#906);
#285=LINE('',#9501,#907);
#286=LINE('',#9507,#908);
#287=LINE('',#9510,#909);
#288=LINE('',#9516,#910);
#289=LINE('',#9519,#911);
#290=LINE('',#9525,#912);
#291=LINE('',#9528,#913);
#292=LINE('',#9534,#914);
#293=LINE('',#9537,#915);
#294=LINE('',#9543,#916);
#295=LINE('',#9546,#917);
#296=LINE('',#9552,#918);
#297=LINE('',#9555,#919);
#298=LINE('',#9561,#920);
#299=LINE('',#9564,#921);
#300=LINE('',#9570,#922);
#301=LINE('',#9573,#923);
#302=LINE('',#9579,#924);
#303=LINE('',#9582,#925);
#304=LINE('',#9588,#926);
#305=LINE('',#9591,#927);
#306=LINE('',#9597,#928);
#307=LINE('',#9600,#929);
#308=LINE('',#9606,#930);
#309=LINE('',#9609,#931);
#310=LINE('',#9615,#932);
#311=LINE('',#9618,#933);
#312=LINE('',#9624,#934);
#313=LINE('',#9627,#935);
#314=LINE('',#9633,#936);
#315=LINE('',#9636,#937);
#316=LINE('',#9642,#938);
#317=LINE('',#9645,#939);
#318=LINE('',#9651,#940);
#319=LINE('',#9654,#941);
#320=LINE('',#9660,#942);
#321=LINE('',#9663,#943);
#322=LINE('',#9669,#944);
#323=LINE('',#9672,#945);
#324=LINE('',#9678,#946);
#325=LINE('',#9681,#947);
#326=LINE('',#9687,#948);
#327=LINE('',#9690,#949);
#328=LINE('',#9696,#950);
#329=LINE('',#9699,#951);
#330=LINE('',#9705,#952);
#331=LINE('',#9708,#953);
#332=LINE('',#9714,#954);
#333=LINE('',#9717,#955);
#334=LINE('',#9720,#956);
#335=LINE('',#9724,#957);
#336=LINE('',#9728,#958);
#337=LINE('',#9732,#959);
#338=LINE('',#9736,#960);
#339=LINE('',#9740,#961);
#340=LINE('',#9744,#962);
#341=LINE('',#9748,#963);
#342=LINE('',#9752,#964);
#343=LINE('',#9756,#965);
#344=LINE('',#9760,#966);
#345=LINE('',#9764,#967);
#346=LINE('',#9768,#968);
#347=LINE('',#9772,#969);
#348=LINE('',#9776,#970);
#349=LINE('',#9780,#971);
#350=LINE('',#9784,#972);
#351=LINE('',#9788,#973);
#352=LINE('',#9792,#974);
#353=LINE('',#9796,#975);
#354=LINE('',#9800,#976);
#355=LINE('',#9804,#977);
#356=LINE('',#9808,#978);
#357=LINE('',#9812,#979);
#358=LINE('',#9816,#980);
#359=LINE('',#9820,#981);
#360=LINE('',#9824,#982);
#361=LINE('',#9828,#983);
#362=LINE('',#9832,#984);
#363=LINE('',#9836,#985);
#364=LINE('',#9840,#986);
#365=LINE('',#9844,#987);
#366=LINE('',#9848,#988);
#367=LINE('',#9851,#989);
#368=LINE('',#9853,#990);
#369=LINE('',#9856,#991);
#370=LINE('',#9858,#992);
#371=LINE('',#9861,#993);
#372=LINE('',#9863,#994);
#373=LINE('',#9866,#995);
#374=LINE('',#9868,#996);
#375=LINE('',#9871,#997);
#376=LINE('',#9873,#998);
#377=LINE('',#9876,#999);
#378=LINE('',#9878,#1000);
#379=LINE('',#9881,#1001);
#380=LINE('',#9883,#1002);
#381=LINE('',#9886,#1003);
#382=LINE('',#9888,#1004);
#383=LINE('',#9891,#1005);
#384=LINE('',#9893,#1006);
#385=LINE('',#9896,#1007);
#386=LINE('',#9898,#1008);
#387=LINE('',#9901,#1009);
#388=LINE('',#9903,#1010);
#389=LINE('',#9906,#1011);
#390=LINE('',#9908,#1012);
#391=LINE('',#9911,#1013);
#392=LINE('',#9913,#1014);
#393=LINE('',#9916,#1015);
#394=LINE('',#9918,#1016);
#395=LINE('',#9921,#1017);
#396=LINE('',#9923,#1018);
#397=LINE('',#9926,#1019);
#398=LINE('',#9928,#1020);
#399=LINE('',#9931,#1021);
#400=LINE('',#9933,#1022);
#401=LINE('',#9936,#1023);
#402=LINE('',#9938,#1024);
#403=LINE('',#9941,#1025);
#404=LINE('',#9943,#1026);
#405=LINE('',#9946,#1027);
#406=LINE('',#9948,#1028);
#407=LINE('',#9951,#1029);
#408=LINE('',#9953,#1030);
#409=LINE('',#9956,#1031);
#410=LINE('',#9958,#1032);
#411=LINE('',#9961,#1033);
#412=LINE('',#9963,#1034);
#413=LINE('',#9966,#1035);
#414=LINE('',#9968,#1036);
#415=LINE('',#9971,#1037);
#416=LINE('',#9973,#1038);
#417=LINE('',#9976,#1039);
#418=LINE('',#9978,#1040);
#419=LINE('',#9981,#1041);
#420=LINE('',#9983,#1042);
#421=LINE('',#9986,#1043);
#422=LINE('',#9988,#1044);
#423=LINE('',#9991,#1045);
#424=LINE('',#9993,#1046);
#425=LINE('',#9996,#1047);
#426=LINE('',#9998,#1048);
#427=LINE('',#10001,#1049);
#428=LINE('',#10003,#1050);
#429=LINE('',#10006,#1051);
#430=LINE('',#10008,#1052);
#431=LINE('',#10011,#1053);
#432=LINE('',#10013,#1054);
#433=LINE('',#10017,#1055);
#434=LINE('',#10021,#1056);
#435=LINE('',#10025,#1057);
#436=LINE('',#10029,#1058);
#437=LINE('',#10033,#1059);
#438=LINE('',#10037,#1060);
#439=LINE('',#10041,#1061);
#440=LINE('',#10045,#1062);
#441=LINE('',#10049,#1063);
#442=LINE('',#10053,#1064);
#443=LINE('',#10057,#1065);
#444=LINE('',#10061,#1066);
#445=LINE('',#10065,#1067);
#446=LINE('',#10069,#1068);
#447=LINE('',#10073,#1069);
#448=LINE('',#10077,#1070);
#449=LINE('',#10081,#1071);
#450=LINE('',#10085,#1072);
#451=LINE('',#10089,#1073);
#452=LINE('',#10093,#1074);
#453=LINE('',#10097,#1075);
#454=LINE('',#10101,#1076);
#455=LINE('',#10105,#1077);
#456=LINE('',#10109,#1078);
#457=LINE('',#10113,#1079);
#458=LINE('',#10117,#1080);
#459=LINE('',#10121,#1081);
#460=LINE('',#10125,#1082);
#461=LINE('',#10129,#1083);
#462=LINE('',#10133,#1084);
#463=LINE('',#10137,#1085);
#464=LINE('',#10141,#1086);
#465=LINE('',#10145,#1087);
#466=LINE('',#10147,#1088);
#467=LINE('',#10148,#1089);
#468=LINE('',#10151,#1090);
#469=LINE('',#10152,#1091);
#470=LINE('',#10155,#1092);
#471=LINE('',#10156,#1093);
#472=LINE('',#10159,#1094);
#473=LINE('',#10160,#1095);
#474=LINE('',#10163,#1096);
#475=LINE('',#10164,#1097);
#476=LINE('',#10167,#1098);
#477=LINE('',#10168,#1099);
#478=LINE('',#10171,#1100);
#479=LINE('',#10172,#1101);
#480=LINE('',#10175,#1102);
#481=LINE('',#10176,#1103);
#482=LINE('',#10179,#1104);
#483=LINE('',#10180,#1105);
#484=LINE('',#10183,#1106);
#485=LINE('',#10184,#1107);
#486=LINE('',#10187,#1108);
#487=LINE('',#10188,#1109);
#488=LINE('',#10191,#1110);
#489=LINE('',#10192,#1111);
#490=LINE('',#10195,#1112);
#491=LINE('',#10196,#1113);
#492=LINE('',#10199,#1114);
#493=LINE('',#10200,#1115);
#494=LINE('',#10203,#1116);
#495=LINE('',#10204,#1117);
#496=LINE('',#10207,#1118);
#497=LINE('',#10208,#1119);
#498=LINE('',#10211,#1120);
#499=LINE('',#10212,#1121);
#500=LINE('',#10215,#1122);
#501=LINE('',#10216,#1123);
#502=LINE('',#10219,#1124);
#503=LINE('',#10220,#1125);
#504=LINE('',#10223,#1126);
#505=LINE('',#10224,#1127);
#506=LINE('',#10227,#1128);
#507=LINE('',#10228,#1129);
#508=LINE('',#10231,#1130);
#509=LINE('',#10232,#1131);
#510=LINE('',#10235,#1132);
#511=LINE('',#10236,#1133);
#512=LINE('',#10239,#1134);
#513=LINE('',#10240,#1135);
#514=LINE('',#10243,#1136);
#515=LINE('',#10244,#1137);
#516=LINE('',#10247,#1138);
#517=LINE('',#10248,#1139);
#518=LINE('',#10251,#1140);
#519=LINE('',#10252,#1141);
#520=LINE('',#10255,#1142);
#521=LINE('',#10256,#1143);
#522=LINE('',#10259,#1144);
#523=LINE('',#10260,#1145);
#524=LINE('',#10263,#1146);
#525=LINE('',#10264,#1147);
#526=LINE('',#10267,#1148);
#527=LINE('',#10268,#1149);
#528=LINE('',#10271,#1150);
#529=LINE('',#10272,#1151);
#530=LINE('',#10275,#1152);
#531=LINE('',#10276,#1153);
#532=LINE('',#10279,#1154);
#533=LINE('',#10280,#1155);
#534=LINE('',#10282,#1156);
#535=LINE('',#10285,#1157);
#536=LINE('',#10286,#1158);
#537=LINE('',#10289,#1159);
#538=LINE('',#10290,#1160);
#539=LINE('',#10293,#1161);
#540=LINE('',#10294,#1162);
#541=LINE('',#10297,#1163);
#542=LINE('',#10298,#1164);
#543=LINE('',#10301,#1165);
#544=LINE('',#10302,#1166);
#545=LINE('',#10305,#1167);
#546=LINE('',#10306,#1168);
#547=LINE('',#10309,#1169);
#548=LINE('',#10310,#1170);
#549=LINE('',#10313,#1171);
#550=LINE('',#10314,#1172);
#551=LINE('',#10317,#1173);
#552=LINE('',#10318,#1174);
#553=LINE('',#10321,#1175);
#554=LINE('',#10322,#1176);
#555=LINE('',#10325,#1177);
#556=LINE('',#10326,#1178);
#557=LINE('',#10329,#1179);
#558=LINE('',#10330,#1180);
#559=LINE('',#10333,#1181);
#560=LINE('',#10334,#1182);
#561=LINE('',#10337,#1183);
#562=LINE('',#10338,#1184);
#563=LINE('',#10341,#1185);
#564=LINE('',#10342,#1186);
#565=LINE('',#10345,#1187);
#566=LINE('',#10346,#1188);
#567=LINE('',#10349,#1189);
#568=LINE('',#10350,#1190);
#569=LINE('',#10353,#1191);
#570=LINE('',#10354,#1192);
#571=LINE('',#10357,#1193);
#572=LINE('',#10358,#1194);
#573=LINE('',#10361,#1195);
#574=LINE('',#10362,#1196);
#575=LINE('',#10365,#1197);
#576=LINE('',#10366,#1198);
#577=LINE('',#10369,#1199);
#578=LINE('',#10370,#1200);
#579=LINE('',#10373,#1201);
#580=LINE('',#10374,#1202);
#581=LINE('',#10377,#1203);
#582=LINE('',#10378,#1204);
#583=LINE('',#10381,#1205);
#584=LINE('',#10382,#1206);
#585=LINE('',#10385,#1207);
#586=LINE('',#10386,#1208);
#587=LINE('',#10389,#1209);
#588=LINE('',#10390,#1210);
#589=LINE('',#10393,#1211);
#590=LINE('',#10394,#1212);
#591=LINE('',#10397,#1213);
#592=LINE('',#10398,#1214);
#593=LINE('',#10401,#1215);
#594=LINE('',#10402,#1216);
#595=LINE('',#10405,#1217);
#596=LINE('',#10406,#1218);
#597=LINE('',#10409,#1219);
#598=LINE('',#10410,#1220);
#599=LINE('',#10412,#1221);
#600=LINE('',#10415,#1222);
#601=LINE('',#10416,#1223);
#602=LINE('',#10418,#1224);
#603=LINE('',#10421,#1225);
#604=LINE('',#10422,#1226);
#605=LINE('',#10424,#1227);
#606=LINE('',#10427,#1228);
#607=LINE('',#10428,#1229);
#608=LINE('',#10430,#1230);
#609=LINE('',#10433,#1231);
#610=LINE('',#10434,#1232);
#611=LINE('',#10436,#1233);
#612=LINE('',#10439,#1234);
#613=LINE('',#10440,#1235);
#614=LINE('',#10442,#1236);
#615=LINE('',#10445,#1237);
#616=LINE('',#10446,#1238);
#617=LINE('',#10448,#1239);
#618=LINE('',#10451,#1240);
#619=LINE('',#10452,#1241);
#620=LINE('',#10454,#1242);
#621=LINE('',#10457,#1243);
#622=LINE('',#10458,#1244);
#623=LINE('',#10460,#1245);
#624=LINE('',#10463,#1246);
#625=LINE('',#10464,#1247);
#626=LINE('',#10466,#1248);
#627=LINE('',#10469,#1249);
#628=LINE('',#10470,#1250);
#629=LINE('',#10472,#1251);
#630=LINE('',#10475,#1252);
#631=LINE('',#10476,#1253);
#632=LINE('',#10478,#1254);
#633=LINE('',#10481,#1255);
#634=LINE('',#10482,#1256);
#635=LINE('',#10484,#1257);
#636=LINE('',#10487,#1258);
#637=LINE('',#10488,#1259);
#638=LINE('',#10490,#1260);
#639=LINE('',#10493,#1261);
#640=LINE('',#10494,#1262);
#641=LINE('',#10496,#1263);
#642=LINE('',#10499,#1264);
#643=LINE('',#10500,#1265);
#644=LINE('',#10502,#1266);
#645=LINE('',#10505,#1267);
#646=LINE('',#10506,#1268);
#647=LINE('',#10508,#1269);
#648=LINE('',#10511,#1270);
#649=LINE('',#10512,#1271);
#650=LINE('',#10514,#1272);
#651=LINE('',#10517,#1273);
#652=LINE('',#10518,#1274);
#653=LINE('',#10520,#1275);
#654=LINE('',#10523,#1276);
#655=LINE('',#10524,#1277);
#656=LINE('',#10526,#1278);
#657=LINE('',#10529,#1279);
#658=LINE('',#10530,#1280);
#659=LINE('',#10532,#1281);
#660=LINE('',#10535,#1282);
#661=LINE('',#10536,#1283);
#662=LINE('',#10538,#1284);
#663=LINE('',#10541,#1285);
#664=LINE('',#10542,#1286);
#665=LINE('',#10544,#1287);
#666=LINE('',#10547,#1288);
#667=LINE('',#10548,#1289);
#668=LINE('',#10550,#1290);
#669=LINE('',#10553,#1291);
#670=LINE('',#10554,#1292);
#671=LINE('',#10556,#1293);
#672=LINE('',#10559,#1294);
#673=LINE('',#10560,#1295);
#674=LINE('',#10562,#1296);
#675=LINE('',#10565,#1297);
#676=LINE('',#10566,#1298);
#677=LINE('',#10568,#1299);
#678=LINE('',#10571,#1300);
#679=LINE('',#10572,#1301);
#680=LINE('',#10574,#1302);
#681=LINE('',#10577,#1303);
#682=LINE('',#10578,#1304);
#683=LINE('',#10580,#1305);
#684=LINE('',#10583,#1306);
#685=LINE('',#10584,#1307);
#686=LINE('',#10586,#1308);
#687=LINE('',#10589,#1309);
#688=LINE('',#10590,#1310);
#689=LINE('',#10592,#1311);
#690=LINE('',#10594,#1312);
#691=LINE('',#10597,#1313);
#692=LINE('',#10598,#1314);
#693=LINE('',#10601,#1315);
#694=LINE('',#10602,#1316);
#695=LINE('',#10606,#1317);
#696=LINE('',#10609,#1318);
#697=LINE('',#10610,#1319);
#698=LINE('',#10613,#1320);
#699=LINE('',#10614,#1321);
#700=LINE('',#10618,#1322);
#701=LINE('',#10621,#1323);
#702=LINE('',#10622,#1324);
#703=LINE('',#10625,#1325);
#704=LINE('',#10626,#1326);
#705=LINE('',#10630,#1327);
#706=LINE('',#10633,#1328);
#707=LINE('',#10634,#1329);
#708=LINE('',#10637,#1330);
#709=LINE('',#10638,#1331);
#710=LINE('',#10642,#1332);
#711=LINE('',#10645,#1333);
#712=LINE('',#10646,#1334);
#713=LINE('',#10649,#1335);
#714=LINE('',#10650,#1336);
#715=LINE('',#10654,#1337);
#716=LINE('',#10657,#1338);
#717=LINE('',#10658,#1339);
#718=LINE('',#10661,#1340);
#719=LINE('',#10662,#1341);
#720=LINE('',#10666,#1342);
#721=LINE('',#10669,#1343);
#722=LINE('',#10670,#1344);
#723=LINE('',#10673,#1345);
#724=LINE('',#10674,#1346);
#725=LINE('',#10678,#1347);
#726=LINE('',#10681,#1348);
#727=LINE('',#10682,#1349);
#728=LINE('',#10685,#1350);
#729=LINE('',#10686,#1351);
#730=LINE('',#10690,#1352);
#731=LINE('',#10693,#1353);
#732=LINE('',#10694,#1354);
#733=LINE('',#10697,#1355);
#734=LINE('',#10698,#1356);
#735=LINE('',#10702,#1357);
#736=LINE('',#10705,#1358);
#737=LINE('',#10706,#1359);
#738=LINE('',#10709,#1360);
#739=LINE('',#10710,#1361);
#740=LINE('',#10714,#1362);
#741=LINE('',#10717,#1363);
#742=LINE('',#10718,#1364);
#743=LINE('',#10721,#1365);
#744=LINE('',#10722,#1366);
#745=LINE('',#10726,#1367);
#746=LINE('',#10729,#1368);
#747=LINE('',#10730,#1369);
#748=LINE('',#10733,#1370);
#749=LINE('',#10734,#1371);
#750=LINE('',#10738,#1372);
#751=LINE('',#10741,#1373);
#752=LINE('',#10742,#1374);
#753=LINE('',#10745,#1375);
#754=LINE('',#10746,#1376);
#755=LINE('',#10750,#1377);
#756=LINE('',#10753,#1378);
#757=LINE('',#10754,#1379);
#758=LINE('',#10757,#1380);
#759=LINE('',#10758,#1381);
#760=LINE('',#10762,#1382);
#761=LINE('',#10765,#1383);
#762=LINE('',#10766,#1384);
#763=LINE('',#10769,#1385);
#764=LINE('',#10770,#1386);
#765=LINE('',#10774,#1387);
#766=LINE('',#10777,#1388);
#767=LINE('',#10778,#1389);
#768=LINE('',#10781,#1390);
#769=LINE('',#10782,#1391);
#770=LINE('',#10786,#1392);
#771=LINE('',#10789,#1393);
#772=LINE('',#10790,#1394);
#773=LINE('',#10793,#1395);
#774=LINE('',#10794,#1396);
#775=LINE('',#10798,#1397);
#776=LINE('',#10801,#1398);
#777=LINE('',#10802,#1399);
#778=LINE('',#10805,#1400);
#779=LINE('',#10806,#1401);
#780=LINE('',#10810,#1402);
#781=LINE('',#10813,#1403);
#782=LINE('',#10814,#1404);
#783=LINE('',#10817,#1405);
#784=LINE('',#10818,#1406);
#785=LINE('',#10822,#1407);
#786=LINE('',#10825,#1408);
#787=LINE('',#10826,#1409);
#788=LINE('',#10829,#1410);
#789=LINE('',#10830,#1411);
#790=LINE('',#10834,#1412);
#791=LINE('',#10837,#1413);
#792=LINE('',#10838,#1414);
#793=LINE('',#10841,#1415);
#794=LINE('',#10842,#1416);
#795=LINE('',#10846,#1417);
#796=LINE('',#10849,#1418);
#797=LINE('',#10850,#1419);
#798=LINE('',#10853,#1420);
#799=LINE('',#10854,#1421);
#800=LINE('',#10858,#1422);
#801=LINE('',#10861,#1423);
#802=LINE('',#10862,#1424);
#803=LINE('',#10865,#1425);
#804=LINE('',#10866,#1426);
#805=LINE('',#10870,#1427);
#806=LINE('',#10873,#1428);
#807=LINE('',#10874,#1429);
#808=LINE('',#10877,#1430);
#809=LINE('',#10878,#1431);
#810=LINE('',#10882,#1432);
#811=LINE('',#10885,#1433);
#812=LINE('',#10886,#1434);
#813=LINE('',#10889,#1435);
#814=LINE('',#10890,#1436);
#815=LINE('',#10894,#1437);
#816=LINE('',#10897,#1438);
#817=LINE('',#10898,#1439);
#818=LINE('',#10901,#1440);
#819=LINE('',#10902,#1441);
#820=LINE('',#10906,#1442);
#821=LINE('',#10909,#1443);
#822=LINE('',#10910,#1444);
#823=LINE('',#10913,#1445);
#824=LINE('',#10914,#1446);
#825=LINE('',#10918,#1447);
#826=LINE('',#10921,#1448);
#827=LINE('',#10922,#1449);
#828=LINE('',#10925,#1450);
#829=LINE('',#10926,#1451);
#830=LINE('',#10930,#1452);
#831=LINE('',#10933,#1453);
#832=LINE('',#10934,#1454);
#833=LINE('',#10937,#1455);
#834=LINE('',#10938,#1456);
#835=LINE('',#10942,#1457);
#836=LINE('',#10945,#1458);
#837=LINE('',#10946,#1459);
#838=LINE('',#10949,#1460);
#839=LINE('',#10950,#1461);
#840=LINE('',#10954,#1462);
#841=LINE('',#10957,#1463);
#842=LINE('',#10958,#1464);
#843=LINE('',#10961,#1465);
#844=LINE('',#10962,#1466);
#845=LINE('',#10966,#1467);
#846=LINE('',#10969,#1468);
#847=LINE('',#10970,#1469);
#848=LINE('',#10973,#1470);
#849=LINE('',#10974,#1471);
#850=LINE('',#10978,#1472);
#851=LINE('',#10981,#1473);
#852=LINE('',#10982,#1474);
#853=LINE('',#10984,#1475);
#854=LINE('',#10991,#1476);
#855=LINE('',#10994,#1477);
#856=LINE('',#11011,#1478);
#857=LINE('',#11012,#1479);
#858=LINE('',#11016,#1480);
#859=LINE('',#11020,#1481);
#860=LINE('',#11024,#1482);
#861=LINE('',#11044,#1483);
#862=LINE('',#11056,#1484);
#863=LINE('',#11058,#1485);
#864=LINE('',#11060,#1486);
#865=LINE('',#11062,#1487);
#866=LINE('',#11068,#1488);
#867=LINE('',#11073,#1489);
#868=LINE('',#11079,#1490);
#869=VECTOR('',#6595,23.4348751217355);
#870=VECTOR('',#6600,18.069);
#871=VECTOR('',#6611,18.);
#872=VECTOR('',#6616,10.);
#873=VECTOR('',#6619,10.);
#874=VECTOR('',#6624,10.);
#875=VECTOR('',#6631,10.);
#876=VECTOR('',#6634,10.);
#877=VECTOR('',#6639,10.);
#878=VECTOR('',#6644,10.);
#879=VECTOR('',#6647,10.);
#880=VECTOR('',#6650,10.);
#881=VECTOR('',#6653,10.);
#882=VECTOR('',#6658,10.);
#883=VECTOR('',#6661,10.);
#884=VECTOR('',#6664,10.);
#885=VECTOR('',#6667,10.);
#886=VECTOR('',#6674,10.);
#887=VECTOR('',#6677,10.);
#888=VECTOR('',#6692,10.);
#889=VECTOR('',#6695,10.);
#890=VECTOR('',#6712,10.);
#891=VECTOR('',#6715,10.);
#892=VECTOR('',#6720,10.);
#893=VECTOR('',#6723,10.);
#894=VECTOR('',#6728,10.);
#895=VECTOR('',#6731,10.);
#896=VECTOR('',#6736,10.);
#897=VECTOR('',#6739,10.);
#898=VECTOR('',#6744,10.);
#899=VECTOR('',#6747,10.);
#900=VECTOR('',#6752,10.);
#901=VECTOR('',#6755,10.);
#902=VECTOR('',#6760,10.);
#903=VECTOR('',#6763,10.);
#904=VECTOR('',#6768,10.);
#905=VECTOR('',#6771,10.);
#906=VECTOR('',#6776,10.);
#907=VECTOR('',#6779,10.);
#908=VECTOR('',#6784,10.);
#909=VECTOR('',#6787,10.);
#910=VECTOR('',#6792,10.);
#911=VECTOR('',#6795,10.);
#912=VECTOR('',#6800,10.);
#913=VECTOR('',#6803,10.);
#914=VECTOR('',#6808,10.);
#915=VECTOR('',#6811,10.);
#916=VECTOR('',#6816,10.);
#917=VECTOR('',#6819,10.);
#918=VECTOR('',#6824,10.);
#919=VECTOR('',#6827,10.);
#920=VECTOR('',#6832,10.);
#921=VECTOR('',#6835,10.);
#922=VECTOR('',#6840,10.);
#923=VECTOR('',#6843,10.);
#924=VECTOR('',#6848,10.);
#925=VECTOR('',#6851,10.);
#926=VECTOR('',#6856,10.);
#927=VECTOR('',#6859,10.);
#928=VECTOR('',#6864,10.);
#929=VECTOR('',#6867,10.);
#930=VECTOR('',#6872,10.);
#931=VECTOR('',#6875,10.);
#932=VECTOR('',#6880,10.);
#933=VECTOR('',#6883,10.);
#934=VECTOR('',#6888,10.);
#935=VECTOR('',#6891,10.);
#936=VECTOR('',#6896,10.);
#937=VECTOR('',#6899,10.);
#938=VECTOR('',#6904,10.);
#939=VECTOR('',#6907,10.);
#940=VECTOR('',#6912,10.);
#941=VECTOR('',#6915,10.);
#942=VECTOR('',#6920,10.);
#943=VECTOR('',#6923,10.);
#944=VECTOR('',#6928,10.);
#945=VECTOR('',#6931,10.);
#946=VECTOR('',#6936,10.);
#947=VECTOR('',#6939,10.);
#948=VECTOR('',#6944,10.);
#949=VECTOR('',#6947,10.);
#950=VECTOR('',#6952,10.);
#951=VECTOR('',#6955,10.);
#952=VECTOR('',#6960,10.);
#953=VECTOR('',#6963,10.);
#954=VECTOR('',#6968,10.);
#955=VECTOR('',#6971,10.);
#956=VECTOR('',#6974,20.3977823930286);
#957=VECTOR('',#6977,10.);
#958=VECTOR('',#6980,10.);
#959=VECTOR('',#6983,10.);
#960=VECTOR('',#6986,10.);
#961=VECTOR('',#6989,10.);
#962=VECTOR('',#6992,10.);
#963=VECTOR('',#6995,10.);
#964=VECTOR('',#6998,10.);
#965=VECTOR('',#7001,10.);
#966=VECTOR('',#7004,10.);
#967=VECTOR('',#7007,10.);
#968=VECTOR('',#7010,10.);
#969=VECTOR('',#7013,10.);
#970=VECTOR('',#7016,10.);
#971=VECTOR('',#7019,10.);
#972=VECTOR('',#7022,10.);
#973=VECTOR('',#7025,10.);
#974=VECTOR('',#7028,10.);
#975=VECTOR('',#7031,10.);
#976=VECTOR('',#7034,10.);
#977=VECTOR('',#7037,10.);
#978=VECTOR('',#7040,10.);
#979=VECTOR('',#7043,10.);
#980=VECTOR('',#7046,10.);
#981=VECTOR('',#7049,10.);
#982=VECTOR('',#7052,10.);
#983=VECTOR('',#7055,10.);
#984=VECTOR('',#7058,10.);
#985=VECTOR('',#7061,10.);
#986=VECTOR('',#7064,10.);
#987=VECTOR('',#7067,10.);
#988=VECTOR('',#7070,10.);
#989=VECTOR('',#7073,10.);
#990=VECTOR('',#7074,10.);
#991=VECTOR('',#7077,10.);
#992=VECTOR('',#7078,10.);
#993=VECTOR('',#7081,10.);
#994=VECTOR('',#7082,10.);
#995=VECTOR('',#7085,10.);
#996=VECTOR('',#7086,10.);
#997=VECTOR('',#7089,10.);
#998=VECTOR('',#7090,10.);
#999=VECTOR('',#7093,10.);
#1000=VECTOR('',#7094,10.);
#1001=VECTOR('',#7097,10.);
#1002=VECTOR('',#7098,10.);
#1003=VECTOR('',#7101,10.);
#1004=VECTOR('',#7102,10.);
#1005=VECTOR('',#7105,10.);
#1006=VECTOR('',#7106,10.);
#1007=VECTOR('',#7109,10.);
#1008=VECTOR('',#7110,10.);
#1009=VECTOR('',#7113,10.);
#1010=VECTOR('',#7114,10.);
#1011=VECTOR('',#7117,10.);
#1012=VECTOR('',#7118,10.);
#1013=VECTOR('',#7121,10.);
#1014=VECTOR('',#7122,10.);
#1015=VECTOR('',#7125,10.);
#1016=VECTOR('',#7126,10.);
#1017=VECTOR('',#7129,10.);
#1018=VECTOR('',#7130,10.);
#1019=VECTOR('',#7133,10.);
#1020=VECTOR('',#7134,10.);
#1021=VECTOR('',#7137,10.);
#1022=VECTOR('',#7138,10.);
#1023=VECTOR('',#7141,10.);
#1024=VECTOR('',#7142,10.);
#1025=VECTOR('',#7145,10.);
#1026=VECTOR('',#7146,10.);
#1027=VECTOR('',#7149,10.);
#1028=VECTOR('',#7150,10.);
#1029=VECTOR('',#7153,10.);
#1030=VECTOR('',#7154,10.);
#1031=VECTOR('',#7157,10.);
#1032=VECTOR('',#7158,10.);
#1033=VECTOR('',#7161,10.);
#1034=VECTOR('',#7162,10.);
#1035=VECTOR('',#7165,10.);
#1036=VECTOR('',#7166,10.);
#1037=VECTOR('',#7169,10.);
#1038=VECTOR('',#7170,10.);
#1039=VECTOR('',#7173,10.);
#1040=VECTOR('',#7174,10.);
#1041=VECTOR('',#7177,10.);
#1042=VECTOR('',#7178,10.);
#1043=VECTOR('',#7181,10.);
#1044=VECTOR('',#7182,10.);
#1045=VECTOR('',#7185,10.);
#1046=VECTOR('',#7186,10.);
#1047=VECTOR('',#7189,10.);
#1048=VECTOR('',#7190,10.);
#1049=VECTOR('',#7193,10.);
#1050=VECTOR('',#7194,10.);
#1051=VECTOR('',#7197,10.);
#1052=VECTOR('',#7198,10.);
#1053=VECTOR('',#7201,10.);
#1054=VECTOR('',#7202,10.);
#1055=VECTOR('',#7205,10.);
#1056=VECTOR('',#7208,10.);
#1057=VECTOR('',#7211,10.);
#1058=VECTOR('',#7214,10.);
#1059=VECTOR('',#7217,10.);
#1060=VECTOR('',#7220,10.);
#1061=VECTOR('',#7223,10.);
#1062=VECTOR('',#7226,10.);
#1063=VECTOR('',#7229,10.);
#1064=VECTOR('',#7232,10.);
#1065=VECTOR('',#7235,10.);
#1066=VECTOR('',#7238,10.);
#1067=VECTOR('',#7241,10.);
#1068=VECTOR('',#7244,10.);
#1069=VECTOR('',#7247,10.);
#1070=VECTOR('',#7250,10.);
#1071=VECTOR('',#7253,10.);
#1072=VECTOR('',#7256,10.);
#1073=VECTOR('',#7259,10.);
#1074=VECTOR('',#7262,10.);
#1075=VECTOR('',#7265,10.);
#1076=VECTOR('',#7268,10.);
#1077=VECTOR('',#7271,10.);
#1078=VECTOR('',#7274,10.);
#1079=VECTOR('',#7277,10.);
#1080=VECTOR('',#7280,10.);
#1081=VECTOR('',#7283,10.);
#1082=VECTOR('',#7286,10.);
#1083=VECTOR('',#7289,10.);
#1084=VECTOR('',#7292,10.);
#1085=VECTOR('',#7295,10.);
#1086=VECTOR('',#7298,10.);
#1087=VECTOR('',#7303,10.);
#1088=VECTOR('',#7304,10.);
#1089=VECTOR('',#7305,10.);
#1090=VECTOR('',#7308,10.);
#1091=VECTOR('',#7309,10.);
#1092=VECTOR('',#7312,10.);
#1093=VECTOR('',#7313,10.);
#1094=VECTOR('',#7316,10.);
#1095=VECTOR('',#7317,10.);
#1096=VECTOR('',#7320,10.);
#1097=VECTOR('',#7321,10.);
#1098=VECTOR('',#7324,10.);
#1099=VECTOR('',#7325,10.);
#1100=VECTOR('',#7328,10.);
#1101=VECTOR('',#7329,10.);
#1102=VECTOR('',#7332,10.);
#1103=VECTOR('',#7333,10.);
#1104=VECTOR('',#7336,10.);
#1105=VECTOR('',#7337,10.);
#1106=VECTOR('',#7340,10.);
#1107=VECTOR('',#7341,10.);
#1108=VECTOR('',#7344,10.);
#1109=VECTOR('',#7345,10.);
#1110=VECTOR('',#7348,10.);
#1111=VECTOR('',#7349,10.);
#1112=VECTOR('',#7352,10.);
#1113=VECTOR('',#7353,10.);
#1114=VECTOR('',#7356,10.);
#1115=VECTOR('',#7357,10.);
#1116=VECTOR('',#7360,10.);
#1117=VECTOR('',#7361,10.);
#1118=VECTOR('',#7364,10.);
#1119=VECTOR('',#7365,10.);
#1120=VECTOR('',#7368,10.);
#1121=VECTOR('',#7369,10.);
#1122=VECTOR('',#7372,10.);
#1123=VECTOR('',#7373,10.);
#1124=VECTOR('',#7376,10.);
#1125=VECTOR('',#7377,10.);
#1126=VECTOR('',#7380,10.);
#1127=VECTOR('',#7381,10.);
#1128=VECTOR('',#7384,10.);
#1129=VECTOR('',#7385,10.);
#1130=VECTOR('',#7388,10.);
#1131=VECTOR('',#7389,10.);
#1132=VECTOR('',#7392,10.);
#1133=VECTOR('',#7393,10.);
#1134=VECTOR('',#7396,10.);
#1135=VECTOR('',#7397,10.);
#1136=VECTOR('',#7400,10.);
#1137=VECTOR('',#7401,10.);
#1138=VECTOR('',#7404,10.);
#1139=VECTOR('',#7405,10.);
#1140=VECTOR('',#7408,10.);
#1141=VECTOR('',#7409,10.);
#1142=VECTOR('',#7412,10.);
#1143=VECTOR('',#7413,10.);
#1144=VECTOR('',#7416,10.);
#1145=VECTOR('',#7417,10.);
#1146=VECTOR('',#7420,10.);
#1147=VECTOR('',#7421,10.);
#1148=VECTOR('',#7424,10.);
#1149=VECTOR('',#7425,10.);
#1150=VECTOR('',#7428,10.);
#1151=VECTOR('',#7429,10.);
#1152=VECTOR('',#7432,10.);
#1153=VECTOR('',#7433,10.);
#1154=VECTOR('',#7436,10.);
#1155=VECTOR('',#7437,10.);
#1156=VECTOR('',#7440,10.);
#1157=VECTOR('',#7443,10.);
#1158=VECTOR('',#7444,10.);
#1159=VECTOR('',#7447,10.);
#1160=VECTOR('',#7448,10.);
#1161=VECTOR('',#7451,10.);
#1162=VECTOR('',#7452,10.);
#1163=VECTOR('',#7455,10.);
#1164=VECTOR('',#7456,10.);
#1165=VECTOR('',#7459,10.);
#1166=VECTOR('',#7460,10.);
#1167=VECTOR('',#7463,10.);
#1168=VECTOR('',#7464,10.);
#1169=VECTOR('',#7467,10.);
#1170=VECTOR('',#7468,10.);
#1171=VECTOR('',#7471,10.);
#1172=VECTOR('',#7472,10.);
#1173=VECTOR('',#7475,10.);
#1174=VECTOR('',#7476,10.);
#1175=VECTOR('',#7479,10.);
#1176=VECTOR('',#7480,10.);
#1177=VECTOR('',#7483,10.);
#1178=VECTOR('',#7484,10.);
#1179=VECTOR('',#7487,10.);
#1180=VECTOR('',#7488,10.);
#1181=VECTOR('',#7491,10.);
#1182=VECTOR('',#7492,10.);
#1183=VECTOR('',#7495,10.);
#1184=VECTOR('',#7496,10.);
#1185=VECTOR('',#7499,10.);
#1186=VECTOR('',#7500,10.);
#1187=VECTOR('',#7503,10.);
#1188=VECTOR('',#7504,10.);
#1189=VECTOR('',#7507,10.);
#1190=VECTOR('',#7508,10.);
#1191=VECTOR('',#7511,10.);
#1192=VECTOR('',#7512,10.);
#1193=VECTOR('',#7515,10.);
#1194=VECTOR('',#7516,10.);
#1195=VECTOR('',#7519,10.);
#1196=VECTOR('',#7520,10.);
#1197=VECTOR('',#7523,10.);
#1198=VECTOR('',#7524,10.);
#1199=VECTOR('',#7527,10.);
#1200=VECTOR('',#7528,10.);
#1201=VECTOR('',#7531,10.);
#1202=VECTOR('',#7532,10.);
#1203=VECTOR('',#7535,10.);
#1204=VECTOR('',#7536,10.);
#1205=VECTOR('',#7539,10.);
#1206=VECTOR('',#7540,10.);
#1207=VECTOR('',#7543,10.);
#1208=VECTOR('',#7544,10.);
#1209=VECTOR('',#7547,10.);
#1210=VECTOR('',#7548,10.);
#1211=VECTOR('',#7551,10.);
#1212=VECTOR('',#7552,10.);
#1213=VECTOR('',#7555,10.);
#1214=VECTOR('',#7556,10.);
#1215=VECTOR('',#7559,10.);
#1216=VECTOR('',#7560,10.);
#1217=VECTOR('',#7563,10.);
#1218=VECTOR('',#7564,10.);
#1219=VECTOR('',#7567,10.);
#1220=VECTOR('',#7568,10.);
#1221=VECTOR('',#7571,10.);
#1222=VECTOR('',#7574,10.);
#1223=VECTOR('',#7575,10.);
#1224=VECTOR('',#7578,10.);
#1225=VECTOR('',#7581,10.);
#1226=VECTOR('',#7582,10.);
#1227=VECTOR('',#7585,10.);
#1228=VECTOR('',#7588,10.);
#1229=VECTOR('',#7589,10.);
#1230=VECTOR('',#7592,10.);
#1231=VECTOR('',#7595,10.);
#1232=VECTOR('',#7596,10.);
#1233=VECTOR('',#7599,10.);
#1234=VECTOR('',#7602,10.);
#1235=VECTOR('',#7603,10.);
#1236=VECTOR('',#7606,10.);
#1237=VECTOR('',#7609,10.);
#1238=VECTOR('',#7610,10.);
#1239=VECTOR('',#7613,10.);
#1240=VECTOR('',#7616,10.);
#1241=VECTOR('',#7617,10.);
#1242=VECTOR('',#7620,10.);
#1243=VECTOR('',#7623,10.);
#1244=VECTOR('',#7624,10.);
#1245=VECTOR('',#7627,10.);
#1246=VECTOR('',#7630,10.);
#1247=VECTOR('',#7631,10.);
#1248=VECTOR('',#7634,10.);
#1249=VECTOR('',#7637,10.);
#1250=VECTOR('',#7638,10.);
#1251=VECTOR('',#7641,10.);
#1252=VECTOR('',#7644,10.);
#1253=VECTOR('',#7645,10.);
#1254=VECTOR('',#7648,10.);
#1255=VECTOR('',#7651,10.);
#1256=VECTOR('',#7652,10.);
#1257=VECTOR('',#7655,10.);
#1258=VECTOR('',#7658,10.);
#1259=VECTOR('',#7659,10.);
#1260=VECTOR('',#7662,10.);
#1261=VECTOR('',#7665,10.);
#1262=VECTOR('',#7666,10.);
#1263=VECTOR('',#7669,10.);
#1264=VECTOR('',#7672,10.);
#1265=VECTOR('',#7673,10.);
#1266=VECTOR('',#7676,10.);
#1267=VECTOR('',#7679,10.);
#1268=VECTOR('',#7680,10.);
#1269=VECTOR('',#7683,10.);
#1270=VECTOR('',#7686,10.);
#1271=VECTOR('',#7687,10.);
#1272=VECTOR('',#7690,10.);
#1273=VECTOR('',#7693,10.);
#1274=VECTOR('',#7694,10.);
#1275=VECTOR('',#7697,10.);
#1276=VECTOR('',#7700,10.);
#1277=VECTOR('',#7701,10.);
#1278=VECTOR('',#7704,10.);
#1279=VECTOR('',#7707,10.);
#1280=VECTOR('',#7708,10.);
#1281=VECTOR('',#7711,10.);
#1282=VECTOR('',#7714,10.);
#1283=VECTOR('',#7715,10.);
#1284=VECTOR('',#7718,10.);
#1285=VECTOR('',#7721,10.);
#1286=VECTOR('',#7722,10.);
#1287=VECTOR('',#7725,10.);
#1288=VECTOR('',#7728,10.);
#1289=VECTOR('',#7729,10.);
#1290=VECTOR('',#7732,10.);
#1291=VECTOR('',#7735,10.);
#1292=VECTOR('',#7736,10.);
#1293=VECTOR('',#7739,10.);
#1294=VECTOR('',#7742,10.);
#1295=VECTOR('',#7743,10.);
#1296=VECTOR('',#7746,10.);
#1297=VECTOR('',#7749,10.);
#1298=VECTOR('',#7750,10.);
#1299=VECTOR('',#7753,10.);
#1300=VECTOR('',#7756,10.);
#1301=VECTOR('',#7757,10.);
#1302=VECTOR('',#7760,10.);
#1303=VECTOR('',#7763,10.);
#1304=VECTOR('',#7764,10.);
#1305=VECTOR('',#7767,10.);
#1306=VECTOR('',#7770,10.);
#1307=VECTOR('',#7771,10.);
#1308=VECTOR('',#7774,10.);
#1309=VECTOR('',#7777,10.);
#1310=VECTOR('',#7778,10.);
#1311=VECTOR('',#7781,10.);
#1312=VECTOR('',#7784,10.);
#1313=VECTOR('',#7787,10.);
#1314=VECTOR('',#7788,10.);
#1315=VECTOR('',#7791,10.);
#1316=VECTOR('',#7792,10.);
#1317=VECTOR('',#7797,10.);
#1318=VECTOR('',#7800,10.);
#1319=VECTOR('',#7801,10.);
#1320=VECTOR('',#7804,10.);
#1321=VECTOR('',#7805,10.);
#1322=VECTOR('',#7810,10.);
#1323=VECTOR('',#7813,10.);
#1324=VECTOR('',#7814,10.);
#1325=VECTOR('',#7817,10.);
#1326=VECTOR('',#7818,10.);
#1327=VECTOR('',#7823,10.);
#1328=VECTOR('',#7826,10.);
#1329=VECTOR('',#7827,10.);
#1330=VECTOR('',#7830,10.);
#1331=VECTOR('',#7831,10.);
#1332=VECTOR('',#7836,10.);
#1333=VECTOR('',#7839,10.);
#1334=VECTOR('',#7840,10.);
#1335=VECTOR('',#7843,10.);
#1336=VECTOR('',#7844,10.);
#1337=VECTOR('',#7849,10.);
#1338=VECTOR('',#7852,10.);
#1339=VECTOR('',#7853,10.);
#1340=VECTOR('',#7856,10.);
#1341=VECTOR('',#7857,10.);
#1342=VECTOR('',#7862,10.);
#1343=VECTOR('',#7865,10.);
#1344=VECTOR('',#7866,10.);
#1345=VECTOR('',#7869,10.);
#1346=VECTOR('',#7870,10.);
#1347=VECTOR('',#7875,10.);
#1348=VECTOR('',#7878,10.);
#1349=VECTOR('',#7879,10.);
#1350=VECTOR('',#7882,10.);
#1351=VECTOR('',#7883,10.);
#1352=VECTOR('',#7888,10.);
#1353=VECTOR('',#7891,10.);
#1354=VECTOR('',#7892,10.);
#1355=VECTOR('',#7895,10.);
#1356=VECTOR('',#7896,10.);
#1357=VECTOR('',#7901,10.);
#1358=VECTOR('',#7904,10.);
#1359=VECTOR('',#7905,10.);
#1360=VECTOR('',#7908,10.);
#1361=VECTOR('',#7909,10.);
#1362=VECTOR('',#7914,10.);
#1363=VECTOR('',#7917,10.);
#1364=VECTOR('',#7918,10.);
#1365=VECTOR('',#7921,10.);
#1366=VECTOR('',#7922,10.);
#1367=VECTOR('',#7927,10.);
#1368=VECTOR('',#7930,10.);
#1369=VECTOR('',#7931,10.);
#1370=VECTOR('',#7934,10.);
#1371=VECTOR('',#7935,10.);
#1372=VECTOR('',#7940,10.);
#1373=VECTOR('',#7943,10.);
#1374=VECTOR('',#7944,10.);
#1375=VECTOR('',#7947,10.);
#1376=VECTOR('',#7948,10.);
#1377=VECTOR('',#7953,10.);
#1378=VECTOR('',#7956,10.);
#1379=VECTOR('',#7957,10.);
#1380=VECTOR('',#7960,10.);
#1381=VECTOR('',#7961,10.);
#1382=VECTOR('',#7966,10.);
#1383=VECTOR('',#7969,10.);
#1384=VECTOR('',#7970,10.);
#1385=VECTOR('',#7973,10.);
#1386=VECTOR('',#7974,10.);
#1387=VECTOR('',#7979,10.);
#1388=VECTOR('',#7982,10.);
#1389=VECTOR('',#7983,10.);
#1390=VECTOR('',#7986,10.);
#1391=VECTOR('',#7987,10.);
#1392=VECTOR('',#7992,10.);
#1393=VECTOR('',#7995,10.);
#1394=VECTOR('',#7996,10.);
#1395=VECTOR('',#7999,10.);
#1396=VECTOR('',#8000,10.);
#1397=VECTOR('',#8005,10.);
#1398=VECTOR('',#8008,10.);
#1399=VECTOR('',#8009,10.);
#1400=VECTOR('',#8012,10.);
#1401=VECTOR('',#8013,10.);
#1402=VECTOR('',#8018,10.);
#1403=VECTOR('',#8021,10.);
#1404=VECTOR('',#8022,10.);
#1405=VECTOR('',#8025,10.);
#1406=VECTOR('',#8026,10.);
#1407=VECTOR('',#8031,10.);
#1408=VECTOR('',#8034,10.);
#1409=VECTOR('',#8035,10.);
#1410=VECTOR('',#8038,10.);
#1411=VECTOR('',#8039,10.);
#1412=VECTOR('',#8044,10.);
#1413=VECTOR('',#8047,10.);
#1414=VECTOR('',#8048,10.);
#1415=VECTOR('',#8051,10.);
#1416=VECTOR('',#8052,10.);
#1417=VECTOR('',#8057,10.);
#1418=VECTOR('',#8060,10.);
#1419=VECTOR('',#8061,10.);
#1420=VECTOR('',#8064,10.);
#1421=VECTOR('',#8065,10.);
#1422=VECTOR('',#8070,10.);
#1423=VECTOR('',#8073,10.);
#1424=VECTOR('',#8074,10.);
#1425=VECTOR('',#8077,10.);
#1426=VECTOR('',#8078,10.);
#1427=VECTOR('',#8083,10.);
#1428=VECTOR('',#8086,10.);
#1429=VECTOR('',#8087,10.);
#1430=VECTOR('',#8090,10.);
#1431=VECTOR('',#8091,10.);
#1432=VECTOR('',#8096,10.);
#1433=VECTOR('',#8099,10.);
#1434=VECTOR('',#8100,10.);
#1435=VECTOR('',#8103,10.);
#1436=VECTOR('',#8104,10.);
#1437=VECTOR('',#8109,10.);
#1438=VECTOR('',#8112,10.);
#1439=VECTOR('',#8113,10.);
#1440=VECTOR('',#8116,10.);
#1441=VECTOR('',#8117,10.);
#1442=VECTOR('',#8122,10.);
#1443=VECTOR('',#8125,10.);
#1444=VECTOR('',#8126,10.);
#1445=VECTOR('',#8129,10.);
#1446=VECTOR('',#8130,10.);
#1447=VECTOR('',#8135,10.);
#1448=VECTOR('',#8138,10.);
#1449=VECTOR('',#8139,10.);
#1450=VECTOR('',#8142,10.);
#1451=VECTOR('',#8143,10.);
#1452=VECTOR('',#8148,10.);
#1453=VECTOR('',#8151,10.);
#1454=VECTOR('',#8152,10.);
#1455=VECTOR('',#8155,10.);
#1456=VECTOR('',#8156,10.);
#1457=VECTOR('',#8161,10.);
#1458=VECTOR('',#8164,10.);
#1459=VECTOR('',#8165,10.);
#1460=VECTOR('',#8168,10.);
#1461=VECTOR('',#8169,10.);
#1462=VECTOR('',#8174,10.);
#1463=VECTOR('',#8177,10.);
#1464=VECTOR('',#8178,10.);
#1465=VECTOR('',#8181,10.);
#1466=VECTOR('',#8182,10.);
#1467=VECTOR('',#8187,10.);
#1468=VECTOR('',#8190,10.);
#1469=VECTOR('',#8191,10.);
#1470=VECTOR('',#8194,10.);
#1471=VECTOR('',#8195,10.);
#1472=VECTOR('',#8200,10.);
#1473=VECTOR('',#8203,10.);
#1474=VECTOR('',#8204,10.);
#1475=VECTOR('',#8207,10.);
#1476=VECTOR('',#8214,10.);
#1477=VECTOR('',#8217,10.);
#1478=VECTOR('',#8236,10.);
#1479=VECTOR('',#8237,10.);
#1480=VECTOR('',#8242,10.);
#1481=VECTOR('',#8247,10.);
#1482=VECTOR('',#8252,10.);
#1483=VECTOR('',#8277,10.);
#1484=VECTOR('',#8292,10.);
#1485=VECTOR('',#8295,10.);
#1486=VECTOR('',#8298,10.);
#1487=VECTOR('',#8301,10.);
#1488=VECTOR('',#8310,5.49999999999997);
#1489=VECTOR('',#8317,10.);
#1490=VECTOR('',#8326,10.);
#1491=CONICAL_SURFACE('',#6030,24.1348707975162,0.00351495730369418);
#1492=CONICAL_SURFACE('',#6031,18.069,0.272095302444725);
#1493=CONICAL_SURFACE('',#6038,18.4475109501239,0.37248822134211);
#1494=CONICAL_SURFACE('',#6041,3.97375122479274,0.372488221342119);
#1495=CONICAL_SURFACE('',#6044,3.97375122479274,0.372488221342119);
#1496=CONICAL_SURFACE('',#6047,18.4475109501239,0.372488221342108);
#1497=CONICAL_SURFACE('',#6077,20.3977043471546,3.61781442750394E-5);
#1498=CONICAL_SURFACE('',#6080,20.3977043471546,3.61781442750394E-5);
#1499=CONICAL_SURFACE('',#6083,20.3977043471546,3.61781442750394E-5);
#1500=CONICAL_SURFACE('',#6086,20.3977043471546,3.61781442750394E-5);
#1501=CONICAL_SURFACE('',#6089,20.3977043471546,3.61781442750394E-5);
#1502=CONICAL_SURFACE('',#6092,20.3977043471546,3.61781442750394E-5);
#1503=CONICAL_SURFACE('',#6095,20.3977043471546,3.61781442750394E-5);
#1504=CONICAL_SURFACE('',#6098,20.3977043471546,3.61781442750394E-5);
#1505=CONICAL_SURFACE('',#6101,20.3977043471546,3.61781442750394E-5);
#1506=CONICAL_SURFACE('',#6104,20.3977043471546,3.61781442750394E-5);
#1507=CONICAL_SURFACE('',#6107,20.3977043471546,3.61781442750394E-5);
#1508=CONICAL_SURFACE('',#6110,20.3977043471546,3.61781442750394E-5);
#1509=CONICAL_SURFACE('',#6113,20.3977043471546,3.61781442750394E-5);
#1510=CONICAL_SURFACE('',#6116,20.3977043471546,3.61781442750394E-5);
#1511=CONICAL_SURFACE('',#6119,20.3977043471546,3.61781442750394E-5);
#1512=CONICAL_SURFACE('',#6122,20.3977043471546,3.61781442750394E-5);
#1513=CONICAL_SURFACE('',#6125,20.3977043471546,3.61781442750394E-5);
#1514=CONICAL_SURFACE('',#6128,20.3977043471546,3.61781442750394E-5);
#1515=CONICAL_SURFACE('',#6131,20.3977043471546,3.61781442750394E-5);
#1516=CONICAL_SURFACE('',#6134,20.3977043471546,3.61781442750394E-5);
#1517=CONICAL_SURFACE('',#6137,20.3977043471546,3.61781442750394E-5);
#1518=CONICAL_SURFACE('',#6140,20.3977043471546,3.61781442750394E-5);
#1519=CONICAL_SURFACE('',#6143,20.3977043471546,3.61781442750394E-5);
#1520=CONICAL_SURFACE('',#6146,20.3977043471546,3.61781442750394E-5);
#1521=CONICAL_SURFACE('',#6149,20.3977043471546,3.61781442750394E-5);
#1522=CONICAL_SURFACE('',#6152,20.3977043471546,3.61781442750394E-5);
#1523=CONICAL_SURFACE('',#6155,20.3977043471546,3.61781442750394E-5);
#1524=CONICAL_SURFACE('',#6158,20.3977043471546,3.61781442750394E-5);
#1525=CONICAL_SURFACE('',#6161,20.3977043471546,3.61781442750394E-5);
#1526=CONICAL_SURFACE('',#6164,20.3977043471546,3.61781442750394E-5);
#1527=CONICAL_SURFACE('',#6167,20.3977043471546,3.61781442750394E-5);
#1528=CONICAL_SURFACE('',#6170,20.3977043471546,3.61781442750394E-5);
#1529=CONICAL_SURFACE('',#6173,20.3977043471546,3.61781442750394E-5);
#1530=CONICAL_SURFACE('',#6406,20.3977043471546,3.61781442750394E-5);
#1531=CONICAL_SURFACE('',#6410,20.3977043471546,3.61781442750394E-5);
#1532=CONICAL_SURFACE('',#6414,20.3977043471546,3.61781442750394E-5);
#1533=CONICAL_SURFACE('',#6418,20.3977043471546,3.61781442750394E-5);
#1534=CONICAL_SURFACE('',#6422,20.3977043471546,3.61781442750394E-5);
#1535=CONICAL_SURFACE('',#6426,20.3977043471546,3.61781442750394E-5);
#1536=CONICAL_SURFACE('',#6430,20.3977043471546,3.61781442750394E-5);
#1537=CONICAL_SURFACE('',#6434,20.3977043471546,3.61781442750394E-5);
#1538=CONICAL_SURFACE('',#6438,20.3977043471546,3.61781442750394E-5);
#1539=CONICAL_SURFACE('',#6442,20.3977043471546,3.61781442750394E-5);
#1540=CONICAL_SURFACE('',#6446,20.3977043471546,3.61781442750394E-5);
#1541=CONICAL_SURFACE('',#6450,20.3977043471546,3.61781442750394E-5);
#1542=CONICAL_SURFACE('',#6454,20.3977043471546,3.61781442750394E-5);
#1543=CONICAL_SURFACE('',#6458,20.3977043471546,3.61781442750394E-5);
#1544=CONICAL_SURFACE('',#6462,20.3977043471546,3.61781442750394E-5);
#1545=CONICAL_SURFACE('',#6466,20.3977043471546,3.61781442750394E-5);
#1546=CONICAL_SURFACE('',#6470,20.3977043471546,3.61781442750394E-5);
#1547=CONICAL_SURFACE('',#6474,20.3977043471546,3.61781442750394E-5);
#1548=CONICAL_SURFACE('',#6478,20.3977043471546,3.61781442750394E-5);
#1549=CONICAL_SURFACE('',#6482,20.3977043471546,3.61781442750394E-5);
#1550=CONICAL_SURFACE('',#6486,20.3977043471546,3.61781442750394E-5);
#1551=CONICAL_SURFACE('',#6490,20.3977043471546,3.61781442750394E-5);
#1552=CONICAL_SURFACE('',#6494,20.3977043471546,3.61781442750394E-5);
#1553=CONICAL_SURFACE('',#6498,20.3977043471546,3.61781442750394E-5);
#1554=CONICAL_SURFACE('',#6502,20.3977043471546,3.61781442750394E-5);
#1555=CONICAL_SURFACE('',#6506,20.3977043471546,3.61781442750394E-5);
#1556=CONICAL_SURFACE('',#6510,20.3977043471546,3.61781442750394E-5);
#1557=CONICAL_SURFACE('',#6514,20.3977043471546,3.61781442750394E-5);
#1558=CONICAL_SURFACE('',#6518,20.3977043471546,3.61781442750394E-5);
#1559=CONICAL_SURFACE('',#6522,20.3977043471546,3.61781442750394E-5);
#1560=CONICAL_SURFACE('',#6526,20.3977043471546,3.61781442750394E-5);
#1561=CONICAL_SURFACE('',#6530,20.3977043471546,3.61781442750394E-5);
#1562=CONICAL_SURFACE('',#6580,3.97375122479274,0.372488221342119);
#1563=CONICAL_SURFACE('',#6582,10.5000085005385,0.37248822134211);
#1564=CONICAL_SURFACE('',#6584,10.5000085005385,0.372488221342108);
#1565=CONICAL_SURFACE('',#6586,3.97375122479274,0.372488221342119);
#1566=FACE_OUTER_BOUND('',#1870,.T.);
#1567=FACE_OUTER_BOUND('',#1871,.T.);
#1568=FACE_OUTER_BOUND('',#1872,.T.);
#1569=FACE_OUTER_BOUND('',#1873,.T.);
#1570=FACE_OUTER_BOUND('',#1874,.T.);
#1571=FACE_OUTER_BOUND('',#1875,.T.);
#1572=FACE_OUTER_BOUND('',#1877,.T.);
#1573=FACE_OUTER_BOUND('',#1878,.T.);
#1574=FACE_OUTER_BOUND('',#1879,.T.);
#1575=FACE_OUTER_BOUND('',#1880,.T.);
#1576=FACE_OUTER_BOUND('',#1881,.T.);
#1577=FACE_OUTER_BOUND('',#1882,.T.);
#1578=FACE_OUTER_BOUND('',#1883,.T.);
#1579=FACE_OUTER_BOUND('',#1884,.T.);
#1580=FACE_OUTER_BOUND('',#1885,.T.);
#1581=FACE_OUTER_BOUND('',#1886,.T.);
#1582=FACE_OUTER_BOUND('',#1887,.T.);
#1583=FACE_OUTER_BOUND('',#1888,.T.);
#1584=FACE_OUTER_BOUND('',#1889,.T.);
#1585=FACE_OUTER_BOUND('',#1890,.T.);
#1586=FACE_OUTER_BOUND('',#1892,.T.);
#1587=FACE_OUTER_BOUND('',#1893,.T.);
#1588=FACE_OUTER_BOUND('',#1894,.T.);
#1589=FACE_OUTER_BOUND('',#1895,.T.);
#1590=FACE_OUTER_BOUND('',#1896,.T.);
#1591=FACE_OUTER_BOUND('',#1897,.T.);
#1592=FACE_OUTER_BOUND('',#1898,.T.);
#1593=FACE_OUTER_BOUND('',#1899,.T.);
#1594=FACE_OUTER_BOUND('',#1900,.T.);
#1595=FACE_OUTER_BOUND('',#1901,.T.);
#1596=FACE_OUTER_BOUND('',#1902,.T.);
#1597=FACE_OUTER_BOUND('',#1903,.T.);
#1598=FACE_OUTER_BOUND('',#1904,.T.);
#1599=FACE_OUTER_BOUND('',#1905,.T.);
#1600=FACE_OUTER_BOUND('',#1906,.T.);
#1601=FACE_OUTER_BOUND('',#1907,.T.);
#1602=FACE_OUTER_BOUND('',#1908,.T.);
#1603=FACE_OUTER_BOUND('',#1909,.T.);
#1604=FACE_OUTER_BOUND('',#1910,.T.);
#1605=FACE_OUTER_BOUND('',#1911,.T.);
#1606=FACE_OUTER_BOUND('',#1912,.T.);
#1607=FACE_OUTER_BOUND('',#1913,.T.);
#1608=FACE_OUTER_BOUND('',#1914,.T.);
#1609=FACE_OUTER_BOUND('',#1915,.T.);
#1610=FACE_OUTER_BOUND('',#1916,.T.);
#1611=FACE_OUTER_BOUND('',#1917,.T.);
#1612=FACE_OUTER_BOUND('',#1918,.T.);
#1613=FACE_OUTER_BOUND('',#1919,.T.);
#1614=FACE_OUTER_BOUND('',#1920,.T.);
#1615=FACE_OUTER_BOUND('',#1921,.T.);
#1616=FACE_OUTER_BOUND('',#1922,.T.);
#1617=FACE_OUTER_BOUND('',#1923,.T.);
#1618=FACE_OUTER_BOUND('',#1924,.T.);
#1619=FACE_OUTER_BOUND('',#1925,.T.);
#1620=FACE_OUTER_BOUND('',#1926,.T.);
#1621=FACE_OUTER_BOUND('',#1927,.T.);
#1622=FACE_OUTER_BOUND('',#1928,.T.);
#1623=FACE_OUTER_BOUND('',#1929,.T.);
#1624=FACE_OUTER_BOUND('',#1930,.T.);
#1625=FACE_OUTER_BOUND('',#1931,.T.);
#1626=FACE_OUTER_BOUND('',#1932,.T.);
#1627=FACE_OUTER_BOUND('',#1933,.T.);
#1628=FACE_OUTER_BOUND('',#1934,.T.);
#1629=FACE_OUTER_BOUND('',#1935,.T.);
#1630=FACE_OUTER_BOUND('',#1936,.T.);
#1631=FACE_OUTER_BOUND('',#1937,.T.);
#1632=FACE_OUTER_BOUND('',#1938,.T.);
#1633=FACE_OUTER_BOUND('',#1939,.T.);
#1634=FACE_OUTER_BOUND('',#1940,.T.);
#1635=FACE_OUTER_BOUND('',#1941,.T.);
#1636=FACE_OUTER_BOUND('',#1942,.T.);
#1637=FACE_OUTER_BOUND('',#1943,.T.);
#1638=FACE_OUTER_BOUND('',#1944,.T.);
#1639=FACE_OUTER_BOUND('',#1945,.T.);
#1640=FACE_OUTER_BOUND('',#1946,.T.);
#1641=FACE_OUTER_BOUND('',#1947,.T.);
#1642=FACE_OUTER_BOUND('',#1948,.T.);
#1643=FACE_OUTER_BOUND('',#1949,.T.);
#1644=FACE_OUTER_BOUND('',#1950,.T.);
#1645=FACE_OUTER_BOUND('',#1951,.T.);
#1646=FACE_OUTER_BOUND('',#1952,.T.);
#1647=FACE_OUTER_BOUND('',#1953,.T.);
#1648=FACE_OUTER_BOUND('',#1954,.T.);
#1649=FACE_OUTER_BOUND('',#1955,.T.);
#1650=FACE_OUTER_BOUND('',#1956,.T.);
#1651=FACE_OUTER_BOUND('',#1957,.T.);
#1652=FACE_OUTER_BOUND('',#1958,.T.);
#1653=FACE_OUTER_BOUND('',#1959,.T.);
#1654=FACE_OUTER_BOUND('',#1960,.T.);
#1655=FACE_OUTER_BOUND('',#1961,.T.);
#1656=FACE_OUTER_BOUND('',#1962,.T.);
#1657=FACE_OUTER_BOUND('',#1963,.T.);
#1658=FACE_OUTER_BOUND('',#1964,.T.);
#1659=FACE_OUTER_BOUND('',#1965,.T.);
#1660=FACE_OUTER_BOUND('',#1966,.T.);
#1661=FACE_OUTER_BOUND('',#1967,.T.);
#1662=FACE_OUTER_BOUND('',#1968,.T.);
#1663=FACE_OUTER_BOUND('',#1969,.T.);
#1664=FACE_OUTER_BOUND('',#1970,.T.);
#1665=FACE_OUTER_BOUND('',#1971,.T.);
#1666=FACE_OUTER_BOUND('',#1972,.T.);
#1667=FACE_OUTER_BOUND('',#1973,.T.);
#1668=FACE_OUTER_BOUND('',#1974,.T.);
#1669=FACE_OUTER_BOUND('',#1975,.T.);
#1670=FACE_OUTER_BOUND('',#1976,.T.);
#1671=FACE_OUTER_BOUND('',#1977,.T.);
#1672=FACE_OUTER_BOUND('',#1978,.T.);
#1673=FACE_OUTER_BOUND('',#1979,.T.);
#1674=FACE_OUTER_BOUND('',#1980,.T.);
#1675=FACE_OUTER_BOUND('',#1981,.T.);
#1676=FACE_OUTER_BOUND('',#1982,.T.);
#1677=FACE_OUTER_BOUND('',#1983,.T.);
#1678=FACE_OUTER_BOUND('',#1984,.T.);
#1679=FACE_OUTER_BOUND('',#1985,.T.);
#1680=FACE_OUTER_BOUND('',#1986,.T.);
#1681=FACE_OUTER_BOUND('',#1987,.T.);
#1682=FACE_OUTER_BOUND('',#1988,.T.);
#1683=FACE_OUTER_BOUND('',#1989,.T.);
#1684=FACE_OUTER_BOUND('',#1990,.T.);
#1685=FACE_OUTER_BOUND('',#1991,.T.);
#1686=FACE_OUTER_BOUND('',#1992,.T.);
#1687=FACE_OUTER_BOUND('',#1993,.T.);
#1688=FACE_OUTER_BOUND('',#1994,.T.);
#1689=FACE_OUTER_BOUND('',#1995,.T.);
#1690=FACE_OUTER_BOUND('',#1996,.T.);
#1691=FACE_OUTER_BOUND('',#1997,.T.);
#1692=FACE_OUTER_BOUND('',#1998,.T.);
#1693=FACE_OUTER_BOUND('',#1999,.T.);
#1694=FACE_OUTER_BOUND('',#2000,.T.);
#1695=FACE_OUTER_BOUND('',#2001,.T.);
#1696=FACE_OUTER_BOUND('',#2002,.T.);
#1697=FACE_OUTER_BOUND('',#2003,.T.);
#1698=FACE_OUTER_BOUND('',#2004,.T.);
#1699=FACE_OUTER_BOUND('',#2005,.T.);
#1700=FACE_OUTER_BOUND('',#2006,.T.);
#1701=FACE_OUTER_BOUND('',#2007,.T.);
#1702=FACE_OUTER_BOUND('',#2008,.T.);
#1703=FACE_OUTER_BOUND('',#2009,.T.);
#1704=FACE_OUTER_BOUND('',#2010,.T.);
#1705=FACE_OUTER_BOUND('',#2011,.T.);
#1706=FACE_OUTER_BOUND('',#2012,.T.);
#1707=FACE_OUTER_BOUND('',#2013,.T.);
#1708=FACE_OUTER_BOUND('',#2014,.T.);
#1709=FACE_OUTER_BOUND('',#2015,.T.);
#1710=FACE_OUTER_BOUND('',#2016,.T.);
#1711=FACE_OUTER_BOUND('',#2017,.T.);
#1712=FACE_OUTER_BOUND('',#2018,.T.);
#1713=FACE_OUTER_BOUND('',#2019,.T.);
#1714=FACE_OUTER_BOUND('',#2020,.T.);
#1715=FACE_OUTER_BOUND('',#2021,.T.);
#1716=FACE_OUTER_BOUND('',#2022,.T.);
#1717=FACE_OUTER_BOUND('',#2023,.T.);
#1718=FACE_OUTER_BOUND('',#2024,.T.);
#1719=FACE_OUTER_BOUND('',#2025,.T.);
#1720=FACE_OUTER_BOUND('',#2026,.T.);
#1721=FACE_OUTER_BOUND('',#2027,.T.);
#1722=FACE_OUTER_BOUND('',#2028,.T.);
#1723=FACE_OUTER_BOUND('',#2029,.T.);
#1724=FACE_OUTER_BOUND('',#2030,.T.);
#1725=FACE_OUTER_BOUND('',#2031,.T.);
#1726=FACE_OUTER_BOUND('',#2032,.T.);
#1727=FACE_OUTER_BOUND('',#2033,.T.);
#1728=FACE_OUTER_BOUND('',#2034,.T.);
#1729=FACE_OUTER_BOUND('',#2035,.T.);
#1730=FACE_OUTER_BOUND('',#2036,.T.);
#1731=FACE_OUTER_BOUND('',#2037,.T.);
#1732=FACE_OUTER_BOUND('',#2038,.T.);
#1733=FACE_OUTER_BOUND('',#2039,.T.);
#1734=FACE_OUTER_BOUND('',#2040,.T.);
#1735=FACE_OUTER_BOUND('',#2041,.T.);
#1736=FACE_OUTER_BOUND('',#2042,.T.);
#1737=FACE_OUTER_BOUND('',#2043,.T.);
#1738=FACE_OUTER_BOUND('',#2044,.T.);
#1739=FACE_OUTER_BOUND('',#2045,.T.);
#1740=FACE_OUTER_BOUND('',#2046,.T.);
#1741=FACE_OUTER_BOUND('',#2047,.T.);
#1742=FACE_OUTER_BOUND('',#2048,.T.);
#1743=FACE_OUTER_BOUND('',#2049,.T.);
#1744=FACE_OUTER_BOUND('',#2050,.T.);
#1745=FACE_OUTER_BOUND('',#2051,.T.);
#1746=FACE_OUTER_BOUND('',#2052,.T.);
#1747=FACE_OUTER_BOUND('',#2053,.T.);
#1748=FACE_OUTER_BOUND('',#2054,.T.);
#1749=FACE_OUTER_BOUND('',#2055,.T.);
#1750=FACE_OUTER_BOUND('',#2056,.T.);
#1751=FACE_OUTER_BOUND('',#2057,.T.);
#1752=FACE_OUTER_BOUND('',#2058,.T.);
#1753=FACE_OUTER_BOUND('',#2059,.T.);
#1754=FACE_OUTER_BOUND('',#2060,.T.);
#1755=FACE_OUTER_BOUND('',#2061,.T.);
#1756=FACE_OUTER_BOUND('',#2062,.T.);
#1757=FACE_OUTER_BOUND('',#2063,.T.);
#1758=FACE_OUTER_BOUND('',#2064,.T.);
#1759=FACE_OUTER_BOUND('',#2065,.T.);
#1760=FACE_OUTER_BOUND('',#2066,.T.);
#1761=FACE_OUTER_BOUND('',#2067,.T.);
#1762=FACE_OUTER_BOUND('',#2068,.T.);
#1763=FACE_OUTER_BOUND('',#2069,.T.);
#1764=FACE_OUTER_BOUND('',#2070,.T.);
#1765=FACE_OUTER_BOUND('',#2071,.T.);
#1766=FACE_OUTER_BOUND('',#2072,.T.);
#1767=FACE_OUTER_BOUND('',#2073,.T.);
#1768=FACE_OUTER_BOUND('',#2074,.T.);
#1769=FACE_OUTER_BOUND('',#2075,.T.);
#1770=FACE_OUTER_BOUND('',#2076,.T.);
#1771=FACE_OUTER_BOUND('',#2077,.T.);
#1772=FACE_OUTER_BOUND('',#2078,.T.);
#1773=FACE_OUTER_BOUND('',#2079,.T.);
#1774=FACE_OUTER_BOUND('',#2080,.T.);
#1775=FACE_OUTER_BOUND('',#2081,.T.);
#1776=FACE_OUTER_BOUND('',#2082,.T.);
#1777=FACE_OUTER_BOUND('',#2083,.T.);
#1778=FACE_OUTER_BOUND('',#2084,.T.);
#1779=FACE_OUTER_BOUND('',#2085,.T.);
#1780=FACE_OUTER_BOUND('',#2086,.T.);
#1781=FACE_OUTER_BOUND('',#2087,.T.);
#1782=FACE_OUTER_BOUND('',#2088,.T.);
#1783=FACE_OUTER_BOUND('',#2089,.T.);
#1784=FACE_OUTER_BOUND('',#2090,.T.);
#1785=FACE_OUTER_BOUND('',#2091,.T.);
#1786=FACE_OUTER_BOUND('',#2092,.T.);
#1787=FACE_OUTER_BOUND('',#2093,.T.);
#1788=FACE_OUTER_BOUND('',#2094,.T.);
#1789=FACE_OUTER_BOUND('',#2095,.T.);
#1790=FACE_OUTER_BOUND('',#2096,.T.);
#1791=FACE_OUTER_BOUND('',#2097,.T.);
#1792=FACE_OUTER_BOUND('',#2098,.T.);
#1793=FACE_OUTER_BOUND('',#2099,.T.);
#1794=FACE_OUTER_BOUND('',#2100,.T.);
#1795=FACE_OUTER_BOUND('',#2101,.T.);
#1796=FACE_OUTER_BOUND('',#2102,.T.);
#1797=FACE_OUTER_BOUND('',#2103,.T.);
#1798=FACE_OUTER_BOUND('',#2104,.T.);
#1799=FACE_OUTER_BOUND('',#2105,.T.);
#1800=FACE_OUTER_BOUND('',#2106,.T.);
#1801=FACE_OUTER_BOUND('',#2107,.T.);
#1802=FACE_OUTER_BOUND('',#2108,.T.);
#1803=FACE_OUTER_BOUND('',#2109,.T.);
#1804=FACE_OUTER_BOUND('',#2110,.T.);
#1805=FACE_OUTER_BOUND('',#2111,.T.);
#1806=FACE_OUTER_BOUND('',#2112,.T.);
#1807=FACE_OUTER_BOUND('',#2113,.T.);
#1808=FACE_OUTER_BOUND('',#2114,.T.);
#1809=FACE_OUTER_BOUND('',#2115,.T.);
#1810=FACE_OUTER_BOUND('',#2116,.T.);
#1811=FACE_OUTER_BOUND('',#2117,.T.);
#1812=FACE_OUTER_BOUND('',#2118,.T.);
#1813=FACE_OUTER_BOUND('',#2119,.T.);
#1814=FACE_OUTER_BOUND('',#2120,.T.);
#1815=FACE_OUTER_BOUND('',#2121,.T.);
#1816=FACE_OUTER_BOUND('',#2122,.T.);
#1817=FACE_OUTER_BOUND('',#2123,.T.);
#1818=FACE_OUTER_BOUND('',#2124,.T.);
#1819=FACE_OUTER_BOUND('',#2125,.T.);
#1820=FACE_OUTER_BOUND('',#2126,.T.);
#1821=FACE_OUTER_BOUND('',#2127,.T.);
#1822=FACE_OUTER_BOUND('',#2128,.T.);
#1823=FACE_OUTER_BOUND('',#2129,.T.);
#1824=FACE_OUTER_BOUND('',#2130,.T.);
#1825=FACE_OUTER_BOUND('',#2131,.T.);
#1826=FACE_OUTER_BOUND('',#2132,.T.);
#1827=FACE_OUTER_BOUND('',#2133,.T.);
#1828=FACE_OUTER_BOUND('',#2134,.T.);
#1829=FACE_OUTER_BOUND('',#2135,.T.);
#1830=FACE_OUTER_BOUND('',#2136,.T.);
#1831=FACE_OUTER_BOUND('',#2137,.T.);
#1832=FACE_OUTER_BOUND('',#2138,.T.);
#1833=FACE_OUTER_BOUND('',#2139,.T.);
#1834=FACE_OUTER_BOUND('',#2140,.T.);
#1835=FACE_OUTER_BOUND('',#2141,.T.);
#1836=FACE_OUTER_BOUND('',#2142,.T.);
#1837=FACE_OUTER_BOUND('',#2143,.T.);
#1838=FACE_OUTER_BOUND('',#2144,.T.);
#1839=FACE_OUTER_BOUND('',#2145,.T.);
#1840=FACE_OUTER_BOUND('',#2146,.T.);
#1841=FACE_OUTER_BOUND('',#2147,.T.);
#1842=FACE_OUTER_BOUND('',#2148,.T.);
#1843=FACE_OUTER_BOUND('',#2149,.T.);
#1844=FACE_OUTER_BOUND('',#2150,.T.);
#1845=FACE_OUTER_BOUND('',#2151,.T.);
#1846=FACE_OUTER_BOUND('',#2152,.T.);
#1847=FACE_OUTER_BOUND('',#2153,.T.);
#1848=FACE_OUTER_BOUND('',#2154,.T.);
#1849=FACE_OUTER_BOUND('',#2155,.T.);
#1850=FACE_OUTER_BOUND('',#2156,.T.);
#1851=FACE_OUTER_BOUND('',#2157,.T.);
#1852=FACE_OUTER_BOUND('',#2158,.T.);
#1853=FACE_OUTER_BOUND('',#2159,.T.);
#1854=FACE_OUTER_BOUND('',#2160,.T.);
#1855=FACE_OUTER_BOUND('',#2162,.T.);
#1856=FACE_OUTER_BOUND('',#2163,.T.);
#1857=FACE_OUTER_BOUND('',#2164,.T.);
#1858=FACE_OUTER_BOUND('',#2165,.T.);
#1859=FACE_OUTER_BOUND('',#2166,.T.);
#1860=FACE_OUTER_BOUND('',#2167,.T.);
#1861=FACE_OUTER_BOUND('',#2168,.T.);
#1862=FACE_OUTER_BOUND('',#2169,.T.);
#1863=FACE_OUTER_BOUND('',#2170,.T.);
#1864=FACE_OUTER_BOUND('',#2171,.T.);
#1865=FACE_OUTER_BOUND('',#2173,.T.);
#1866=FACE_OUTER_BOUND('',#2174,.T.);
#1867=FACE_OUTER_BOUND('',#2175,.T.);
#1868=FACE_OUTER_BOUND('',#2176,.T.);
#1869=FACE_OUTER_BOUND('',#2177,.T.);
#1870=EDGE_LOOP('',(#3928,#3929,#3930,#3931));
#1871=EDGE_LOOP('',(#3932,#3933,#3934,#3935,#3936));
#1872=EDGE_LOOP('',(#3937,#3938,#3939,#3940,#3941,#3942));
#1873=EDGE_LOOP('',(#3943,#3944,#3945,#3946,#3947));
#1874=EDGE_LOOP('',(#3948,#3949,#3950,#3951));
#1875=EDGE_LOOP('',(#3952));
#1876=EDGE_LOOP('',(#3953));
#1877=EDGE_LOOP('',(#3954,#3955,#3956,#3957));
#1878=EDGE_LOOP('',(#3958,#3959,#3960,#3961));
#1879=EDGE_LOOP('',(#3962,#3963,#3964,#3965));
#1880=EDGE_LOOP('',(#3966,#3967,#3968,#3969));
#1881=EDGE_LOOP('',(#3970,#3971,#3972,#3973));
#1882=EDGE_LOOP('',(#3974,#3975,#3976,#3977));
#1883=EDGE_LOOP('',(#3978,#3979,#3980,#3981,#3982,#3983));
#1884=EDGE_LOOP('',(#3984,#3985,#3986,#3987,#3988,#3989));
#1885=EDGE_LOOP('',(#3990,#3991,#3992,#3993));
#1886=EDGE_LOOP('',(#3994,#3995,#3996,#3997,#3998,#3999));
#1887=EDGE_LOOP('',(#4000,#4001,#4002,#4003));
#1888=EDGE_LOOP('',(#4004,#4005,#4006,#4007,#4008,#4009));
#1889=EDGE_LOOP('',(#4010,#4011,#4012,#4013));
#1890=EDGE_LOOP('',(#4014));
#1891=EDGE_LOOP('',(#4015,#4016,#4017,#4018,#4019,#4020,#4021,#4022));
#1892=EDGE_LOOP('',(#4023,#4024,#4025,#4026));
#1893=EDGE_LOOP('',(#4027,#4028,#4029,#4030));
#1894=EDGE_LOOP('',(#4031,#4032,#4033,#4034));
#1895=EDGE_LOOP('',(#4035,#4036,#4037,#4038));
#1896=EDGE_LOOP('',(#4039,#4040,#4041,#4042));
#1897=EDGE_LOOP('',(#4043,#4044,#4045,#4046));
#1898=EDGE_LOOP('',(#4047,#4048,#4049,#4050));
#1899=EDGE_LOOP('',(#4051,#4052,#4053,#4054));
#1900=EDGE_LOOP('',(#4055,#4056,#4057,#4058));
#1901=EDGE_LOOP('',(#4059,#4060,#4061,#4062));
#1902=EDGE_LOOP('',(#4063,#4064,#4065,#4066));
#1903=EDGE_LOOP('',(#4067,#4068,#4069,#4070));
#1904=EDGE_LOOP('',(#4071,#4072,#4073,#4074));
#1905=EDGE_LOOP('',(#4075,#4076,#4077,#4078));
#1906=EDGE_LOOP('',(#4079,#4080,#4081,#4082));
#1907=EDGE_LOOP('',(#4083,#4084,#4085,#4086));
#1908=EDGE_LOOP('',(#4087,#4088,#4089,#4090));
#1909=EDGE_LOOP('',(#4091,#4092,#4093,#4094));
#1910=EDGE_LOOP('',(#4095,#4096,#4097,#4098));
#1911=EDGE_LOOP('',(#4099,#4100,#4101,#4102));
#1912=EDGE_LOOP('',(#4103,#4104,#4105,#4106));
#1913=EDGE_LOOP('',(#4107,#4108,#4109,#4110));
#1914=EDGE_LOOP('',(#4111,#4112,#4113,#4114));
#1915=EDGE_LOOP('',(#4115,#4116,#4117,#4118));
#1916=EDGE_LOOP('',(#4119,#4120,#4121,#4122));
#1917=EDGE_LOOP('',(#4123,#4124,#4125,#4126));
#1918=EDGE_LOOP('',(#4127,#4128,#4129,#4130));
#1919=EDGE_LOOP('',(#4131,#4132,#4133,#4134));
#1920=EDGE_LOOP('',(#4135,#4136,#4137,#4138));
#1921=EDGE_LOOP('',(#4139,#4140,#4141,#4142));
#1922=EDGE_LOOP('',(#4143,#4144,#4145,#4146));
#1923=EDGE_LOOP('',(#4147,#4148,#4149,#4150));
#1924=EDGE_LOOP('',(#4151,#4152,#4153,#4154));
#1925=EDGE_LOOP('',(#4155,#4156,#4157,#4158,#4159,#4160,#4161,#4162,#4163,
#4164,#4165,#4166,#4167,#4168,#4169,#4170,#4171,#4172,#4173,#4174,#4175,
#4176,#4177,#4178,#4179,#4180,#4181,#4182,#4183,#4184,#4185,#4186,#4187,
#4188,#4189,#4190,#4191,#4192,#4193,#4194,#4195,#4196,#4197,#4198,#4199,
#4200,#4201,#4202,#4203,#4204,#4205,#4206,#4207,#4208,#4209,#4210,#4211,
#4212,#4213,#4214,#4215,#4216,#4217,#4218,#4219,#4220,#4221,#4222,#4223,
#4224,#4225,#4226,#4227,#4228,#4229,#4230,#4231,#4232,#4233,#4234,#4235,
#4236,#4237,#4238,#4239,#4240,#4241,#4242,#4243,#4244,#4245,#4246,#4247,
#4248,#4249,#4250,#4251,#4252,#4253,#4254,#4255,#4256,#4257,#4258,#4259,
#4260,#4261,#4262,#4263,#4264,#4265,#4266,#4267,#4268,#4269,#4270,#4271,
#4272,#4273,#4274,#4275,#4276,#4277,#4278,#4279,#4280,#4281,#4282,#4283,
#4284,#4285,#4286,#4287,#4288,#4289,#4290,#4291,#4292,#4293,#4294,#4295,
#4296,#4297,#4298,#4299,#4300,#4301,#4302,#4303,#4304,#4305,#4306,#4307,
#4308,#4309,#4310,#4311,#4312,#4313,#4314,#4315,#4316,#4317,#4318,#4319,
#4320,#4321,#4322,#4323,#4324,#4325,#4326,#4327,#4328,#4329,#4330,#4331,
#4332,#4333,#4334,#4335,#4336,#4337,#4338,#4339,#4340,#4341,#4342,#4343,
#4344,#4345,#4346,#4347,#4348,#4349,#4350,#4351,#4352,#4353,#4354,#4355,
#4356,#4357,#4358,#4359,#4360,#4361,#4362,#4363,#4364,#4365,#4366,#4367,
#4368,#4369,#4370,#4371,#4372,#4373,#4374,#4375,#4376,#4377,#4378,#4379,
#4380,#4381,#4382,#4383,#4384,#4385,#4386,#4387,#4388,#4389,#4390,#4391,
#4392,#4393,#4394,#4395,#4396,#4397,#4398,#4399,#4400,#4401,#4402,#4403,
#4404,#4405,#4406,#4407,#4408,#4409,#4410,#4411,#4412,#4413,#4414,#4415,
#4416,#4417,#4418));
#1926=EDGE_LOOP('',(#4419,#4420,#4421,#4422,#4423));
#1927=EDGE_LOOP('',(#4424,#4425,#4426));
#1928=EDGE_LOOP('',(#4427,#4428,#4429));
#1929=EDGE_LOOP('',(#4430,#4431,#4432));
#1930=EDGE_LOOP('',(#4433,#4434,#4435));
#1931=EDGE_LOOP('',(#4436,#4437,#4438));
#1932=EDGE_LOOP('',(#4439,#4440,#4441));
#1933=EDGE_LOOP('',(#4442,#4443,#4444));
#1934=EDGE_LOOP('',(#4445,#4446,#4447));
#1935=EDGE_LOOP('',(#4448,#4449,#4450));
#1936=EDGE_LOOP('',(#4451,#4452,#4453));
#1937=EDGE_LOOP('',(#4454,#4455,#4456));
#1938=EDGE_LOOP('',(#4457,#4458,#4459));
#1939=EDGE_LOOP('',(#4460,#4461,#4462));
#1940=EDGE_LOOP('',(#4463,#4464,#4465));
#1941=EDGE_LOOP('',(#4466,#4467,#4468));
#1942=EDGE_LOOP('',(#4469,#4470,#4471));
#1943=EDGE_LOOP('',(#4472,#4473,#4474));
#1944=EDGE_LOOP('',(#4475,#4476,#4477));
#1945=EDGE_LOOP('',(#4478,#4479,#4480));
#1946=EDGE_LOOP('',(#4481,#4482,#4483));
#1947=EDGE_LOOP('',(#4484,#4485,#4486));
#1948=EDGE_LOOP('',(#4487,#4488,#4489));
#1949=EDGE_LOOP('',(#4490,#4491,#4492));
#1950=EDGE_LOOP('',(#4493,#4494,#4495));
#1951=EDGE_LOOP('',(#4496,#4497,#4498));
#1952=EDGE_LOOP('',(#4499,#4500,#4501));
#1953=EDGE_LOOP('',(#4502,#4503,#4504));
#1954=EDGE_LOOP('',(#4505,#4506,#4507));
#1955=EDGE_LOOP('',(#4508,#4509,#4510));
#1956=EDGE_LOOP('',(#4511,#4512,#4513));
#1957=EDGE_LOOP('',(#4514,#4515,#4516));
#1958=EDGE_LOOP('',(#4517,#4518,#4519));
#1959=EDGE_LOOP('',(#4520,#4521,#4522));
#1960=EDGE_LOOP('',(#4523,#4524,#4525));
#1961=EDGE_LOOP('',(#4526,#4527,#4528));
#1962=EDGE_LOOP('',(#4529,#4530,#4531));
#1963=EDGE_LOOP('',(#4532,#4533,#4534));
#1964=EDGE_LOOP('',(#4535,#4536,#4537));
#1965=EDGE_LOOP('',(#4538,#4539,#4540));
#1966=EDGE_LOOP('',(#4541,#4542,#4543));
#1967=EDGE_LOOP('',(#4544,#4545,#4546));
#1968=EDGE_LOOP('',(#4547,#4548,#4549));
#1969=EDGE_LOOP('',(#4550,#4551,#4552));
#1970=EDGE_LOOP('',(#4553,#4554,#4555));
#1971=EDGE_LOOP('',(#4556,#4557,#4558));
#1972=EDGE_LOOP('',(#4559,#4560,#4561));
#1973=EDGE_LOOP('',(#4562,#4563,#4564));
#1974=EDGE_LOOP('',(#4565,#4566,#4567));
#1975=EDGE_LOOP('',(#4568,#4569,#4570));
#1976=EDGE_LOOP('',(#4571,#4572,#4573));
#1977=EDGE_LOOP('',(#4574,#4575,#4576,#4577));
#1978=EDGE_LOOP('',(#4578,#4579,#4580));
#1979=EDGE_LOOP('',(#4581,#4582,#4583));
#1980=EDGE_LOOP('',(#4584,#4585,#4586));
#1981=EDGE_LOOP('',(#4587,#4588,#4589));
#1982=EDGE_LOOP('',(#4590,#4591,#4592));
#1983=EDGE_LOOP('',(#4593,#4594,#4595));
#1984=EDGE_LOOP('',(#4596,#4597,#4598));
#1985=EDGE_LOOP('',(#4599,#4600,#4601));
#1986=EDGE_LOOP('',(#4602,#4603,#4604));
#1987=EDGE_LOOP('',(#4605,#4606,#4607));
#1988=EDGE_LOOP('',(#4608,#4609,#4610));
#1989=EDGE_LOOP('',(#4611,#4612,#4613));
#1990=EDGE_LOOP('',(#4614,#4615,#4616));
#1991=EDGE_LOOP('',(#4617,#4618,#4619));
#1992=EDGE_LOOP('',(#4620,#4621,#4622,#4623,#4624));
#1993=EDGE_LOOP('',(#4625,#4626,#4627,#4628,#4629));
#1994=EDGE_LOOP('',(#4630,#4631,#4632,#4633,#4634));
#1995=EDGE_LOOP('',(#4635,#4636,#4637,#4638,#4639));
#1996=EDGE_LOOP('',(#4640,#4641,#4642,#4643,#4644));
#1997=EDGE_LOOP('',(#4645,#4646,#4647,#4648,#4649));
#1998=EDGE_LOOP('',(#4650,#4651,#4652,#4653,#4654));
#1999=EDGE_LOOP('',(#4655,#4656,#4657,#4658,#4659));
#2000=EDGE_LOOP('',(#4660,#4661,#4662,#4663,#4664));
#2001=EDGE_LOOP('',(#4665,#4666,#4667,#4668,#4669));
#2002=EDGE_LOOP('',(#4670,#4671,#4672,#4673,#4674));
#2003=EDGE_LOOP('',(#4675,#4676,#4677,#4678,#4679));
#2004=EDGE_LOOP('',(#4680,#4681,#4682,#4683,#4684));
#2005=EDGE_LOOP('',(#4685,#4686,#4687,#4688,#4689));
#2006=EDGE_LOOP('',(#4690,#4691,#4692,#4693,#4694));
#2007=EDGE_LOOP('',(#4695,#4696,#4697,#4698,#4699));
#2008=EDGE_LOOP('',(#4700,#4701,#4702,#4703,#4704));
#2009=EDGE_LOOP('',(#4705,#4706,#4707,#4708,#4709));
#2010=EDGE_LOOP('',(#4710,#4711,#4712,#4713,#4714));
#2011=EDGE_LOOP('',(#4715,#4716,#4717,#4718,#4719));
#2012=EDGE_LOOP('',(#4720,#4721,#4722,#4723,#4724));
#2013=EDGE_LOOP('',(#4725,#4726,#4727,#4728,#4729));
#2014=EDGE_LOOP('',(#4730,#4731,#4732,#4733,#4734));
#2015=EDGE_LOOP('',(#4735,#4736,#4737,#4738,#4739));
#2016=EDGE_LOOP('',(#4740,#4741,#4742,#4743,#4744));
#2017=EDGE_LOOP('',(#4745,#4746,#4747,#4748,#4749));
#2018=EDGE_LOOP('',(#4750,#4751,#4752,#4753,#4754));
#2019=EDGE_LOOP('',(#4755,#4756,#4757,#4758,#4759));
#2020=EDGE_LOOP('',(#4760,#4761,#4762,#4763,#4764));
#2021=EDGE_LOOP('',(#4765,#4766,#4767,#4768,#4769));
#2022=EDGE_LOOP('',(#4770,#4771,#4772,#4773,#4774));
#2023=EDGE_LOOP('',(#4775,#4776,#4777,#4778,#4779));
#2024=EDGE_LOOP('',(#4780,#4781,#4782,#4783,#4784));
#2025=EDGE_LOOP('',(#4785,#4786,#4787,#4788,#4789));
#2026=EDGE_LOOP('',(#4790,#4791,#4792,#4793,#4794));
#2027=EDGE_LOOP('',(#4795,#4796,#4797,#4798,#4799));
#2028=EDGE_LOOP('',(#4800,#4801,#4802,#4803,#4804));
#2029=EDGE_LOOP('',(#4805,#4806,#4807,#4808,#4809));
#2030=EDGE_LOOP('',(#4810,#4811,#4812,#4813,#4814));
#2031=EDGE_LOOP('',(#4815,#4816,#4817,#4818,#4819));
#2032=EDGE_LOOP('',(#4820,#4821,#4822,#4823,#4824));
#2033=EDGE_LOOP('',(#4825,#4826,#4827,#4828,#4829));
#2034=EDGE_LOOP('',(#4830,#4831,#4832,#4833,#4834));
#2035=EDGE_LOOP('',(#4835,#4836,#4837,#4838,#4839));
#2036=EDGE_LOOP('',(#4840,#4841,#4842,#4843,#4844));
#2037=EDGE_LOOP('',(#4845,#4846,#4847,#4848,#4849));
#2038=EDGE_LOOP('',(#4850,#4851,#4852,#4853,#4854));
#2039=EDGE_LOOP('',(#4855,#4856,#4857,#4858,#4859));
#2040=EDGE_LOOP('',(#4860,#4861,#4862,#4863,#4864));
#2041=EDGE_LOOP('',(#4865,#4866,#4867,#4868,#4869));
#2042=EDGE_LOOP('',(#4870,#4871,#4872,#4873,#4874));
#2043=EDGE_LOOP('',(#4875,#4876,#4877,#4878,#4879));
#2044=EDGE_LOOP('',(#4880,#4881,#4882,#4883,#4884));
#2045=EDGE_LOOP('',(#4885,#4886,#4887,#4888,#4889));
#2046=EDGE_LOOP('',(#4890,#4891,#4892,#4893,#4894));
#2047=EDGE_LOOP('',(#4895,#4896,#4897,#4898,#4899));
#2048=EDGE_LOOP('',(#4900,#4901,#4902,#4903,#4904));
#2049=EDGE_LOOP('',(#4905,#4906,#4907,#4908,#4909));
#2050=EDGE_LOOP('',(#4910,#4911,#4912,#4913,#4914));
#2051=EDGE_LOOP('',(#4915,#4916,#4917,#4918,#4919));
#2052=EDGE_LOOP('',(#4920,#4921,#4922,#4923,#4924));
#2053=EDGE_LOOP('',(#4925,#4926,#4927,#4928,#4929));
#2054=EDGE_LOOP('',(#4930,#4931,#4932,#4933,#4934));
#2055=EDGE_LOOP('',(#4935,#4936,#4937,#4938,#4939));
#2056=EDGE_LOOP('',(#4940,#4941,#4942,#4943,#4944));
#2057=EDGE_LOOP('',(#4945,#4946,#4947,#4948));
#2058=EDGE_LOOP('',(#4949,#4950,#4951,#4952,#4953));
#2059=EDGE_LOOP('',(#4954,#4955,#4956,#4957,#4958));
#2060=EDGE_LOOP('',(#4959,#4960,#4961,#4962));
#2061=EDGE_LOOP('',(#4963,#4964,#4965,#4966,#4967));
#2062=EDGE_LOOP('',(#4968,#4969,#4970,#4971,#4972));
#2063=EDGE_LOOP('',(#4973,#4974,#4975,#4976));
#2064=EDGE_LOOP('',(#4977,#4978,#4979,#4980,#4981));
#2065=EDGE_LOOP('',(#4982,#4983,#4984,#4985,#4986));
#2066=EDGE_LOOP('',(#4987,#4988,#4989,#4990));
#2067=EDGE_LOOP('',(#4991,#4992,#4993,#4994,#4995));
#2068=EDGE_LOOP('',(#4996,#4997,#4998,#4999,#5000));
#2069=EDGE_LOOP('',(#5001,#5002,#5003,#5004));
#2070=EDGE_LOOP('',(#5005,#5006,#5007,#5008,#5009));
#2071=EDGE_LOOP('',(#5010,#5011,#5012,#5013,#5014));
#2072=EDGE_LOOP('',(#5015,#5016,#5017,#5018));
#2073=EDGE_LOOP('',(#5019,#5020,#5021,#5022,#5023));
#2074=EDGE_LOOP('',(#5024,#5025,#5026,#5027,#5028));
#2075=EDGE_LOOP('',(#5029,#5030,#5031,#5032));
#2076=EDGE_LOOP('',(#5033,#5034,#5035,#5036,#5037));
#2077=EDGE_LOOP('',(#5038,#5039,#5040,#5041,#5042));
#2078=EDGE_LOOP('',(#5043,#5044,#5045,#5046));
#2079=EDGE_LOOP('',(#5047,#5048,#5049,#5050,#5051));
#2080=EDGE_LOOP('',(#5052,#5053,#5054,#5055,#5056));
#2081=EDGE_LOOP('',(#5057,#5058,#5059,#5060));
#2082=EDGE_LOOP('',(#5061,#5062,#5063,#5064,#5065));
#2083=EDGE_LOOP('',(#5066,#5067,#5068,#5069,#5070));
#2084=EDGE_LOOP('',(#5071,#5072,#5073,#5074));
#2085=EDGE_LOOP('',(#5075,#5076,#5077,#5078,#5079));
#2086=EDGE_LOOP('',(#5080,#5081,#5082,#5083,#5084));
#2087=EDGE_LOOP('',(#5085,#5086,#5087,#5088));
#2088=EDGE_LOOP('',(#5089,#5090,#5091,#5092,#5093));
#2089=EDGE_LOOP('',(#5094,#5095,#5096,#5097,#5098));
#2090=EDGE_LOOP('',(#5099,#5100,#5101,#5102));
#2091=EDGE_LOOP('',(#5103,#5104,#5105,#5106,#5107));
#2092=EDGE_LOOP('',(#5108,#5109,#5110,#5111,#5112));
#2093=EDGE_LOOP('',(#5113,#5114,#5115,#5116));
#2094=EDGE_LOOP('',(#5117,#5118,#5119,#5120,#5121));
#2095=EDGE_LOOP('',(#5122,#5123,#5124,#5125,#5126));
#2096=EDGE_LOOP('',(#5127,#5128,#5129,#5130));
#2097=EDGE_LOOP('',(#5131,#5132,#5133,#5134,#5135));
#2098=EDGE_LOOP('',(#5136,#5137,#5138,#5139,#5140));
#2099=EDGE_LOOP('',(#5141,#5142,#5143,#5144));
#2100=EDGE_LOOP('',(#5145,#5146,#5147,#5148,#5149));
#2101=EDGE_LOOP('',(#5150,#5151,#5152,#5153,#5154));
#2102=EDGE_LOOP('',(#5155,#5156,#5157,#5158));
#2103=EDGE_LOOP('',(#5159,#5160,#5161,#5162,#5163));
#2104=EDGE_LOOP('',(#5164,#5165,#5166,#5167,#5168));
#2105=EDGE_LOOP('',(#5169,#5170,#5171,#5172));
#2106=EDGE_LOOP('',(#5173,#5174,#5175,#5176,#5177));
#2107=EDGE_LOOP('',(#5178,#5179,#5180,#5181,#5182));
#2108=EDGE_LOOP('',(#5183,#5184,#5185,#5186));
#2109=EDGE_LOOP('',(#5187,#5188,#5189,#5190,#5191));
#2110=EDGE_LOOP('',(#5192,#5193,#5194,#5195,#5196));
#2111=EDGE_LOOP('',(#5197,#5198,#5199,#5200));
#2112=EDGE_LOOP('',(#5201,#5202,#5203,#5204,#5205));
#2113=EDGE_LOOP('',(#5206,#5207,#5208,#5209,#5210));
#2114=EDGE_LOOP('',(#5211,#5212,#5213,#5214));
#2115=EDGE_LOOP('',(#5215,#5216,#5217,#5218,#5219));
#2116=EDGE_LOOP('',(#5220,#5221,#5222,#5223,#5224));
#2117=EDGE_LOOP('',(#5225,#5226,#5227,#5228));
#2118=EDGE_LOOP('',(#5229,#5230,#5231,#5232,#5233));
#2119=EDGE_LOOP('',(#5234,#5235,#5236,#5237,#5238));
#2120=EDGE_LOOP('',(#5239,#5240,#5241,#5242));
#2121=EDGE_LOOP('',(#5243,#5244,#5245,#5246,#5247));
#2122=EDGE_LOOP('',(#5248,#5249,#5250,#5251,#5252));
#2123=EDGE_LOOP('',(#5253,#5254,#5255,#5256));
#2124=EDGE_LOOP('',(#5257,#5258,#5259,#5260,#5261));
#2125=EDGE_LOOP('',(#5262,#5263,#5264,#5265,#5266));
#2126=EDGE_LOOP('',(#5267,#5268,#5269,#5270));
#2127=EDGE_LOOP('',(#5271,#5272,#5273,#5274,#5275));
#2128=EDGE_LOOP('',(#5276,#5277,#5278,#5279,#5280));
#2129=EDGE_LOOP('',(#5281,#5282,#5283,#5284));
#2130=EDGE_LOOP('',(#5285,#5286,#5287,#5288,#5289));
#2131=EDGE_LOOP('',(#5290,#5291,#5292,#5293,#5294));
#2132=EDGE_LOOP('',(#5295,#5296,#5297,#5298));
#2133=EDGE_LOOP('',(#5299,#5300,#5301,#5302,#5303));
#2134=EDGE_LOOP('',(#5304,#5305,#5306,#5307,#5308));
#2135=EDGE_LOOP('',(#5309,#5310,#5311,#5312));
#2136=EDGE_LOOP('',(#5313,#5314,#5315,#5316,#5317));
#2137=EDGE_LOOP('',(#5318,#5319,#5320,#5321,#5322));
#2138=EDGE_LOOP('',(#5323,#5324,#5325,#5326));
#2139=EDGE_LOOP('',(#5327,#5328,#5329,#5330,#5331));
#2140=EDGE_LOOP('',(#5332,#5333,#5334,#5335,#5336));
#2141=EDGE_LOOP('',(#5337,#5338,#5339,#5340));
#2142=EDGE_LOOP('',(#5341,#5342,#5343,#5344,#5345));
#2143=EDGE_LOOP('',(#5346,#5347,#5348,#5349,#5350));
#2144=EDGE_LOOP('',(#5351,#5352,#5353,#5354));
#2145=EDGE_LOOP('',(#5355,#5356,#5357,#5358,#5359));
#2146=EDGE_LOOP('',(#5360,#5361,#5362,#5363,#5364));
#2147=EDGE_LOOP('',(#5365,#5366,#5367,#5368));
#2148=EDGE_LOOP('',(#5369,#5370,#5371,#5372,#5373));
#2149=EDGE_LOOP('',(#5374,#5375,#5376,#5377,#5378));
#2150=EDGE_LOOP('',(#5379,#5380,#5381,#5382));
#2151=EDGE_LOOP('',(#5383,#5384,#5385,#5386,#5387));
#2152=EDGE_LOOP('',(#5388,#5389,#5390,#5391,#5392));
#2153=EDGE_LOOP('',(#5393,#5394,#5395,#5396,#5397,#5398,#5399,#5400));
#2154=EDGE_LOOP('',(#5401,#5402,#5403,#5404,#5405,#5406,#5407,#5408,#5409,
#5410));
#2155=EDGE_LOOP('',(#5411,#5412,#5413,#5414));
#2156=EDGE_LOOP('',(#5415,#5416,#5417,#5418));
#2157=EDGE_LOOP('',(#5419,#5420,#5421,#5422));
#2158=EDGE_LOOP('',(#5423,#5424,#5425,#5426));
#2159=EDGE_LOOP('',(#5427,#5428,#5429,#5430));
#2160=EDGE_LOOP('',(#5431,#5432,#5433,#5434,#5435,#5436,#5437,#5438,#5439,
#5440,#5441,#5442));
#2161=EDGE_LOOP('',(#5443));
#2162=EDGE_LOOP('',(#5444,#5445,#5446,#5447,#5448,#5449,#5450,#5451));
#2163=EDGE_LOOP('',(#5452,#5453,#5454,#5455,#5456,#5457,#5458,#5459,#5460,
#5461));
#2164=EDGE_LOOP('',(#5462,#5463,#5464,#5465));
#2165=EDGE_LOOP('',(#5466,#5467,#5468,#5469));
#2166=EDGE_LOOP('',(#5470,#5471,#5472,#5473));
#2167=EDGE_LOOP('',(#5474,#5475,#5476,#5477));
#2168=EDGE_LOOP('',(#5478,#5479,#5480,#5481));
#2169=EDGE_LOOP('',(#5482));
#2170=EDGE_LOOP('',(#5483,#5484,#5485,#5486));
#2171=EDGE_LOOP('',(#5487));
#2172=EDGE_LOOP('',(#5488,#5489,#5490,#5491,#5492,#5493,#5494,#5495,#5496,
#5497,#5498,#5499,#5500,#5501,#5502,#5503,#5504,#5505,#5506,#5507,#5508,
#5509,#5510,#5511,#5512,#5513,#5514,#5515,#5516,#5517,#5518,#5519,#5520,
#5521,#5522,#5523,#5524,#5525,#5526,#5527,#5528,#5529,#5530,#5531,#5532,
#5533,#5534,#5535,#5536,#5537,#5538,#5539,#5540,#5541,#5542,#5543,#5544,
#5545,#5546,#5547,#5548,#5549,#5550,#5551,#5552,#5553,#5554,#5555,#5556,
#5557,#5558,#5559,#5560,#5561,#5562,#5563,#5564,#5565,#5566,#5567,#5568,
#5569,#5570,#5571,#5572,#5573,#5574,#5575,#5576,#5577,#5578,#5579,#5580,
#5581,#5582,#5583,#5584,#5585,#5586,#5587,#5588,#5589,#5590,#5591,#5592,
#5593,#5594,#5595,#5596,#5597,#5598,#5599,#5600,#5601,#5602,#5603,#5604,
#5605,#5606,#5607,#5608,#5609,#5610,#5611,#5612,#5613,#5614,#5615,#5616,
#5617,#5618,#5619,#5620,#5621,#5622,#5623,#5624,#5625,#5626,#5627,#5628,
#5629,#5630,#5631,#5632,#5633,#5634,#5635,#5636,#5637,#5638,#5639,#5640,
#5641,#5642,#5643,#5644,#5645,#5646,#5647,#5648,#5649,#5650,#5651,#5652,
#5653,#5654,#5655,#5656,#5657,#5658,#5659,#5660,#5661,#5662,#5663,#5664,
#5665,#5666,#5667,#5668,#5669,#5670,#5671,#5672,#5673,#5674,#5675,#5676,
#5677,#5678,#5679,#5680,#5681,#5682));
#2173=EDGE_LOOP('',(#5683,#5684,#5685,#5686));
#2174=EDGE_LOOP('',(#5687,#5688,#5689,#5690));
#2175=EDGE_LOOP('',(#5691,#5692,#5693,#5694));
#2176=EDGE_LOOP('',(#5695,#5696,#5697,#5698));
#2177=EDGE_LOOP('',(#5699));
#2178=EDGE_LOOP('',(#5700,#5701,#5702,#5703));
#2179=EDGE_LOOP('',(#5704,#5705,#5706,#5707));
#2180=CIRCLE('',#6029,22.9363213850725);
#2181=CIRCLE('',#6032,18.188);
#2182=CIRCLE('',#6033,17.95);
#2183=CIRCLE('',#6035,20.3977823930286);
#2184=CIRCLE('',#6037,17.95);
#2185=CIRCLE('',#6039,17.9004653519108);
#2186=CIRCLE('',#6040,16.9260862689571);
#2187=CIRCLE('',#6042,3.42670562657957);
#2188=CIRCLE('',#6043,2.4523265436259);
#2189=CIRCLE('',#6045,3.42670562657957);
#2190=CIRCLE('',#6046,2.4523265436259);
#2191=CIRCLE('',#6048,17.9004653519108);
#2192=CIRCLE('',#6049,16.9260862689571);
#2193=CIRCLE('',#6051,16.9260862689571);
#2194=CIRCLE('',#6053,2.45232654362597);
#2195=CIRCLE('',#6054,2.4523265436259);
#2196=CIRCLE('',#6056,2.4523265436259);
#2197=CIRCLE('',#6057,2.45232654362596);
#2198=CIRCLE('',#6059,16.9260862689571);
#2199=CIRCLE('',#6061,2.4523265436259);
#2200=CIRCLE('',#6062,2.45232654362597);
#2201=CIRCLE('',#6063,2.4523265436259);
#2202=CIRCLE('',#6065,12.0214331817053);
#2203=CIRCLE('',#6066,12.0214331817053);
#2204=CIRCLE('',#6068,2.4523265436259);
#2205=CIRCLE('',#6069,2.4523265436259);
#2206=CIRCLE('',#6070,2.45232654362596);
#2207=CIRCLE('',#6072,12.0214331817053);
#2208=CIRCLE('',#6073,12.0214331817053);
#2209=CIRCLE('',#6075,15.0385475588349);
#2210=CIRCLE('',#6076,15.0385475588349);
#2211=CIRCLE('',#6078,20.397711356098);
#2212=CIRCLE('',#6079,20.3977823930286);
#2213=CIRCLE('',#6081,20.397711356098);
#2214=CIRCLE('',#6082,20.3977823930286);
#2215=CIRCLE('',#6084,20.397711356098);
#2216=CIRCLE('',#6085,20.3977823930286);
#2217=CIRCLE('',#6087,20.397711356098);
#2218=CIRCLE('',#6088,20.3977823930286);
#2219=CIRCLE('',#6090,20.397711356098);
#2220=CIRCLE('',#6091,20.3977823930286);
#2221=CIRCLE('',#6093,20.397711356098);
#2222=CIRCLE('',#6094,20.3977823930286);
#2223=CIRCLE('',#6096,20.397711356098);
#2224=CIRCLE('',#6097,20.3977823930286);
#2225=CIRCLE('',#6099,20.397711356098);
#2226=CIRCLE('',#6100,20.3977823930286);
#2227=CIRCLE('',#6102,20.397711356098);
#2228=CIRCLE('',#6103,20.3977823930286);
#2229=CIRCLE('',#6105,20.397711356098);
#2230=CIRCLE('',#6106,20.3977823930286);
#2231=CIRCLE('',#6108,20.397711356098);
#2232=CIRCLE('',#6109,20.3977823930286);
#2233=CIRCLE('',#6111,20.397711356098);
#2234=CIRCLE('',#6112,20.3977823930286);
#2235=CIRCLE('',#6114,20.397711356098);
#2236=CIRCLE('',#6115,20.3977823930286);
#2237=CIRCLE('',#6117,20.397711356098);
#2238=CIRCLE('',#6118,20.3977823930286);
#2239=CIRCLE('',#6120,20.397711356098);
#2240=CIRCLE('',#6121,20.3977823930286);
#2241=CIRCLE('',#6123,20.397711356098);
#2242=CIRCLE('',#6124,20.3977823930286);
#2243=CIRCLE('',#6126,20.397711356098);
#2244=CIRCLE('',#6127,20.3977823930286);
#2245=CIRCLE('',#6129,20.397711356098);
#2246=CIRCLE('',#6130,20.3977823930286);
#2247=CIRCLE('',#6132,20.397711356098);
#2248=CIRCLE('',#6133,20.3977823930286);
#2249=CIRCLE('',#6135,20.397711356098);
#2250=CIRCLE('',#6136,20.3977823930286);
#2251=CIRCLE('',#6138,20.397711356098);
#2252=CIRCLE('',#6139,20.3977823930286);
#2253=CIRCLE('',#6141,20.397711356098);
#2254=CIRCLE('',#6142,20.3977823930286);
#2255=CIRCLE('',#6144,20.397711356098);
#2256=CIRCLE('',#6145,20.3977823930286);
#2257=CIRCLE('',#6147,20.397711356098);
#2258=CIRCLE('',#6148,20.3977823930286);
#2259=CIRCLE('',#6150,20.397711356098);
#2260=CIRCLE('',#6151,20.3977823930286);
#2261=CIRCLE('',#6153,20.397711356098);
#2262=CIRCLE('',#6154,20.3977823930286);
#2263=CIRCLE('',#6156,20.397711356098);
#2264=CIRCLE('',#6157,20.3977823930286);
#2265=CIRCLE('',#6159,20.397711356098);
#2266=CIRCLE('',#6160,20.3977823930286);
#2267=CIRCLE('',#6162,20.397711356098);
#2268=CIRCLE('',#6163,20.3977823930286);
#2269=CIRCLE('',#6165,20.397711356098);
#2270=CIRCLE('',#6166,20.3977823930286);
#2271=CIRCLE('',#6168,20.397711356098);
#2272=CIRCLE('',#6169,20.3977823930286);
#2273=CIRCLE('',#6171,20.397711356098);
#2274=CIRCLE('',#6172,20.3977823930286);
#2275=CIRCLE('',#6174,20.397711356098);
#2276=CIRCLE('',#6175,20.3977823930286);
#2277=CIRCLE('',#6177,20.3977823930286);
#2278=CIRCLE('',#6178,20.3977823930286);
#2279=CIRCLE('',#6179,20.3977823930286);
#2280=CIRCLE('',#6180,20.3977823930286);
#2281=CIRCLE('',#6181,20.3977823930286);
#2282=CIRCLE('',#6182,20.3977823930286);
#2283=CIRCLE('',#6183,20.3977823930286);
#2284=CIRCLE('',#6184,20.3977823930286);
#2285=CIRCLE('',#6185,20.3977823930286);
#2286=CIRCLE('',#6186,20.3977823930286);
#2287=CIRCLE('',#6187,20.3977823930286);
#2288=CIRCLE('',#6188,20.3977823930286);
#2289=CIRCLE('',#6189,20.3977823930286);
#2290=CIRCLE('',#6190,20.3977823930286);
#2291=CIRCLE('',#6191,20.3977823930286);
#2292=CIRCLE('',#6192,20.3977823930286);
#2293=CIRCLE('',#6193,20.3977823930286);
#2294=CIRCLE('',#6194,20.3977823930286);
#2295=CIRCLE('',#6195,20.3977823930286);
#2296=CIRCLE('',#6196,20.3977823930286);
#2297=CIRCLE('',#6197,20.3977823930286);
#2298=CIRCLE('',#6198,20.3977823930286);
#2299=CIRCLE('',#6199,20.3977823930286);
#2300=CIRCLE('',#6200,20.3977823930286);
#2301=CIRCLE('',#6201,20.3977823930286);
#2302=CIRCLE('',#6202,20.3977823930286);
#2303=CIRCLE('',#6203,20.3977823930286);
#2304=CIRCLE('',#6204,20.3977823930286);
#2305=CIRCLE('',#6205,20.3977823930286);
#2306=CIRCLE('',#6206,20.3977823930286);
#2307=CIRCLE('',#6207,20.3977823930286);
#2308=CIRCLE('',#6208,20.3977823930286);
#2309=CIRCLE('',#6209,20.3977823930286);
#2310=CIRCLE('',#6210,20.3977823930286);
#2311=CIRCLE('',#6211,20.3977823930286);
#2312=CIRCLE('',#6212,20.3977823930286);
#2313=CIRCLE('',#6213,20.3977823930286);
#2314=CIRCLE('',#6214,20.3977823930286);
#2315=CIRCLE('',#6215,20.3977823930286);
#2316=CIRCLE('',#6216,20.3977823930286);
#2317=CIRCLE('',#6217,20.3977823930286);
#2318=CIRCLE('',#6218,20.3977823930286);
#2319=CIRCLE('',#6219,20.3977823930286);
#2320=CIRCLE('',#6220,20.3977823930286);
#2321=CIRCLE('',#6221,20.3977823930286);
#2322=CIRCLE('',#6222,20.3977823930286);
#2323=CIRCLE('',#6223,20.3977823930286);
#2324=CIRCLE('',#6224,20.3977823930286);
#2325=CIRCLE('',#6225,20.3977823930286);
#2326=CIRCLE('',#6226,20.3977823930286);
#2327=CIRCLE('',#6227,20.3977823930286);
#2328=CIRCLE('',#6228,20.3977823930286);
#2329=CIRCLE('',#6229,20.3977823930286);
#2330=CIRCLE('',#6230,20.3977823930286);
#2331=CIRCLE('',#6231,20.3977823930286);
#2332=CIRCLE('',#6232,20.3977823930286);
#2333=CIRCLE('',#6233,20.3977823930286);
#2334=CIRCLE('',#6234,20.3977823930286);
#2335=CIRCLE('',#6235,20.3977823930286);
#2336=CIRCLE('',#6236,20.3977823930286);
#2337=CIRCLE('',#6237,20.3977823930286);
#2338=CIRCLE('',#6238,20.3977823930286);
#2339=CIRCLE('',#6239,20.3977823930286);
#2340=CIRCLE('',#6240,20.3977823930286);
#2341=CIRCLE('',#6241,20.3977823930286);
#2342=CIRCLE('',#6242,20.3977823930286);
#2343=CIRCLE('',#6243,20.3977823930286);
#2344=CIRCLE('',#6244,20.3977823930286);
#2345=CIRCLE('',#6245,20.3977823930286);
#2346=CIRCLE('',#6246,20.3977823930286);
#2347=CIRCLE('',#6247,20.3977823930286);
#2348=CIRCLE('',#6248,20.3977823930286);
#2349=CIRCLE('',#6249,20.3977823930286);
#2350=CIRCLE('',#6250,20.3977823930286);
#2351=CIRCLE('',#6251,20.3977823930286);
#2352=CIRCLE('',#6252,20.3977823930286);
#2353=CIRCLE('',#6253,20.3977823930286);
#2354=CIRCLE('',#6254,20.3977823930286);
#2355=CIRCLE('',#6255,20.3977823930286);
#2356=CIRCLE('',#6256,20.3977823930286);
#2357=CIRCLE('',#6257,20.3977823930286);
#2358=CIRCLE('',#6258,20.3977823930286);
#2359=CIRCLE('',#6259,20.3977823930286);
#2360=CIRCLE('',#6260,20.3977823930286);
#2361=CIRCLE('',#6261,20.3977823930286);
#2362=CIRCLE('',#6262,20.3977823930286);
#2363=CIRCLE('',#6263,20.3977823930286);
#2364=CIRCLE('',#6264,20.3977823930286);
#2365=CIRCLE('',#6265,20.3977823930286);
#2366=CIRCLE('',#6266,20.3977823930286);
#2367=CIRCLE('',#6267,20.3977823930286);
#2368=CIRCLE('',#6268,20.3977823930286);
#2369=CIRCLE('',#6269,20.3977823930286);
#2370=CIRCLE('',#6270,20.3977823930286);
#2371=CIRCLE('',#6271,20.3977823930286);
#2372=CIRCLE('',#6272,20.3977823930286);
#2373=CIRCLE('',#6273,20.3977823930286);
#2374=CIRCLE('',#6274,20.3977823930286);
#2375=CIRCLE('',#6407,20.397711356098);
#2376=CIRCLE('',#6411,20.397711356098);
#2377=CIRCLE('',#6415,20.397711356098);
#2378=CIRCLE('',#6419,20.397711356098);
#2379=CIRCLE('',#6423,20.397711356098);
#2380=CIRCLE('',#6427,20.397711356098);
#2381=CIRCLE('',#6431,20.397711356098);
#2382=CIRCLE('',#6435,20.397711356098);
#2383=CIRCLE('',#6439,20.397711356098);
#2384=CIRCLE('',#6443,20.397711356098);
#2385=CIRCLE('',#6447,20.397711356098);
#2386=CIRCLE('',#6451,20.397711356098);
#2387=CIRCLE('',#6455,20.397711356098);
#2388=CIRCLE('',#6459,20.397711356098);
#2389=CIRCLE('',#6463,20.397711356098);
#2390=CIRCLE('',#6467,20.397711356098);
#2391=CIRCLE('',#6471,20.397711356098);
#2392=CIRCLE('',#6475,20.397711356098);
#2393=CIRCLE('',#6479,20.397711356098);
#2394=CIRCLE('',#6483,20.397711356098);
#2395=CIRCLE('',#6487,20.397711356098);
#2396=CIRCLE('',#6491,20.397711356098);
#2397=CIRCLE('',#6495,20.397711356098);
#2398=CIRCLE('',#6499,20.397711356098);
#2399=CIRCLE('',#6503,20.397711356098);
#2400=CIRCLE('',#6507,20.397711356098);
#2401=CIRCLE('',#6511,20.397711356098);
#2402=CIRCLE('',#6515,20.397711356098);
#2403=CIRCLE('',#6519,20.397711356098);
#2404=CIRCLE('',#6523,20.397711356098);
#2405=CIRCLE('',#6527,20.397711356098);
#2406=CIRCLE('',#6531,20.397711356098);
#2407=CIRCLE('',#6535,15.0385475588349);
#2408=CIRCLE('',#6536,15.0385475588349);
#2409=CIRCLE('',#6537,15.0385475588349);
#2410=CIRCLE('',#6539,15.0385475588349);
#2411=CIRCLE('',#6540,0.999999999984827);
#2412=CIRCLE('',#6541,3.45232655852733);
#2413=CIRCLE('',#6542,11.0214331668041);
#2414=CIRCLE('',#6543,3.45232655852716);
#2415=CIRCLE('',#6544,0.999999999988294);
#2416=CIRCLE('',#6546,0.999999999984827);
#2417=CIRCLE('',#6548,3.45232655852733);
#2418=CIRCLE('',#6550,11.0214331668041);
#2419=CIRCLE('',#6552,3.45232655852716);
#2420=CIRCLE('',#6554,0.999999999988294);
#2421=CIRCLE('',#6556,0.999999999997283);
#2422=CIRCLE('',#6557,3.45232654362601);
#2423=CIRCLE('',#6558,11.0214331817052);
#2424=CIRCLE('',#6559,3.45232654362594);
#2425=CIRCLE('',#6560,0.999999999998061);
#2426=CIRCLE('',#6561,15.0385475588349);
#2427=CIRCLE('',#6562,5.49999999999997);
#2428=CIRCLE('',#6564,15.0385475588349);
#2429=CIRCLE('',#6566,0.999999999998061);
#2430=CIRCLE('',#6567,3.45232654362594);
#2431=CIRCLE('',#6568,11.0214331817052);
#2432=CIRCLE('',#6569,3.45232654362601);
#2433=CIRCLE('',#6570,0.999999999997283);
#2434=CIRCLE('',#6577,5.49999999999997);
#2435=CIRCLE('',#6581,3.42670562657957);
#2436=CIRCLE('',#6583,11.0470540987517);
#2437=CIRCLE('',#6585,11.0470540987517);
#2438=CIRCLE('',#6587,3.42670562657957);
#2439=B_SPLINE_CURVE_WITH_KNOTS('',3,(#8372,#8373,#8374,#8375),
 .UNSPECIFIED.,.F.,.F.,(4,4),(0.641222074397402,0.706252387012014),
 .UNSPECIFIED.);
#2440=B_SPLINE_CURVE_WITH_KNOTS('',3,(#8376,#8377,#8378,#8379,#8380,#8381,
#8382,#8383,#8384,#8385,#8386,#8387,#8388,#8389,#8390,#8391,#8392,#8393,
#8394,#8395,#8396,#8397,#8398,#8399,#8400,#8401,#8402,#8403,#8404,#8405,
#8406,#8407,#8408,#8409,#8410,#8411,#8412,#8413,#8414),.UNSPECIFIED.,.T.,
 .F.,(4,2,3,2,2,2,2,2,2,2,2,2,2,2,2,2,2,2,4),(13.2295407798957,13.6245833018956,
14.1201523842917,14.995419998925,15.8706876135583,16.7459552281916,17.6212228428249,
18.4964904574582,19.3717580720915,20.2470256867248,21.1222933013581,21.9975609159914,
22.8728285306247,23.748096145258,24.6233637598913,25.4986313745246,26.3738989891579,
27.2491666037912,27.3496931641874),.UNSPECIFIED.);
#2441=B_SPLINE_CURVE_WITH_KNOTS('',3,(#8480,#8481,#8482,#8483,#8484,#8485,
#8486),.UNSPECIFIED.,.F.,.F.,(4,3,4),(0.706252387012046,0.92403243218535,
0.924967102021927),.UNSPECIFIED.);
#2442=B_SPLINE_CURVE_WITH_KNOTS('',3,(#8488,#8489,#8490,#8491,#8492,#8493,
#8494,#8495,#8496,#8497,#8498,#8499,#8500,#8501,#8502,#8503,#8504,#8505,
#8506,#8507),.UNSPECIFIED.,.F.,.F.,(4,2,2,2,2,2,2,2,2,4),(7.59166128246626,
8.46944665204359,9.41049628004845,10.3515459080533,11.2925955360582,12.233645164063,
13.1746947920679,14.1157444200727,14.6485587192,15.1813730183272),
 .UNSPECIFIED.);
#2443=B_SPLINE_CURVE_WITH_KNOTS('',3,(#8508,#8509,#8510,#8511,#8512,#8513,
#8514,#8515,#8516,#8517,#8518,#8519,#8520,#8521,#8522,#8523,#8524,#8525,
#8526,#8527,#8528,#8529,#8530,#8531,#8532,#8533,#8534,#8535,#8536,#8537,
#8538,#8539,#8540,#8541,#8542,#8543,#8544,#8545,#8546,#8547,#8548,#8549,
#8550,#8551,#8552,#8553,#8554,#8555,#8556,#8557,#8558,#8559,#8560,#8561,
#8562,#8563,#8564,#8565,#8566,#8567,#8568,#8569,#8570,#8571,#8572,#8573,
#8574,#8575,#8576,#8577,#8578,#8579,#8580,#8581,#8582,#8583,#8584,#8585,
#8586,#8587,#8588,#8589,#8590,#8591,#8592,#8593,#8594,#8595,#8596,#8597,
#8598,#8599,#8600,#8601,#8602,#8603,#8604,#8605,#8606,#8607,#8608,#8609,
#8610,#8611,#8612,#8613,#8614,#8615,#8616,#8617,#8618,#8619,#8620,#8621,
#8622,#8623,#8624,#8625,#8626,#8627,#8628,#8629,#8630,#8631,#8632,#8633,
#8634,#8635,#8636,#8637,#8638,#8639,#8640,#8641,#8642,#8643,#8644,#8645,
#8646,#8647,#8648,#8649,#8650,#8651,#8652,#8653,#8654,#8655,#8656,#8657,
#8658,#8659,#8660,#8661,#8662,#8663,#8664,#8665,#8666,#8667,#8668,#8669,
#8670,#8671,#8672,#8673,#8674,#8675,#8676,#8677,#8678,#8679,#8680,#8681,
#8682,#8683,#8684,#8685,#8686,#8687,#8688,#8689,#8690,#8691,#8692,#8693,
#8694,#8695,#8696,#8697,#8698,#8699,#8700,#8701,#8702,#8703,#8704,#8705,
#8706,#8707,#8708,#8709,#8710,#8711,#8712,#8713,#8714,#8715,#8716,#8717,
#8718,#8719,#8720,#8721,#8722,#8723,#8724,#8725,#8726,#8727,#8728,#8729,
#8730),.UNSPECIFIED.,.F.,.F.,(4,3,3,3,3,3,3,3,3,3,3,3,3,3,3,3,3,3,3,3,3,
3,3,3,3,3,3,3,3,3,3,3,3,3,3,3,3,3,3,3,3,3,3,3,3,3,3,3,3,3,3,3,3,3,3,3,3,
3,3,3,3,3,3,3,3,3,3,3,3,3,3,3,3,3,4),(15.1813730183272,15.2999927258657,
15.416759000474,15.5317008020415,15.6448466379595,15.7562245701913,15.8658622222319,
15.9741553329688,16.081763713662,16.1887580560903,16.2952081285165,16.4011828763968,
16.5067505212658,16.6119786580017,16.7169343506722,16.8216842271588,16.9262945727488,
17.0308314228875,17.1353606552742,17.2399480814891,17.344659538333,17.4495609790637,
17.5547185647127,17.6601987556637,17.7660684036804,17.8723948445662,17.9792459916484,
18.0866904302762,18.1947975135279,18.3036374593253,18.4132814491612,18.5238017286444,
18.6352717100829,18.7477660773202,18.8613608930588,18.9224807900546,18.9525632393573,
18.967486954441,18.9747152623675,18.9806086511604,19.0991219527115,19.213931713589,
19.3257816337911,19.4366598621173,19.5466395901464,19.6557927213446,19.7641899744123,
19.8719009840612,19.9789943994335,20.0855379803718,20.1915986917376,20.2972427959755,
20.4025359441114,20.5075432653703,20.612329455597,20.7169588646555,20.8214955829868,
20.9260035274965,21.0305465269448,21.1394520128104,21.2444014186903,21.3495993785416,
21.4551065659481,21.5609840093707,21.6672931656681,21.7740959942669,21.8814550321439,
21.9929024407251,22.1019621050707,22.2117428732798,22.3223034384962,22.4349861540705,
22.547719160086,22.6618963973134,22.7730343007935),.UNSPECIFIED.);
#2444=B_SPLINE_CURVE_WITH_KNOTS('',3,(#8734,#8735,#8736,#8737,#8738,#8739,
#8740,#8741,#8742,#8743,#8744,#8745,#8746,#8747,#8748,#8749,#8750,#8751,
#8752,#8753,#8754,#8755,#8756,#8757,#8758,#8759,#8760,#8761,#8762,#8763,
#8764,#8765,#8766,#8767,#8768,#8769,#8770,#8771,#8772,#8773,#8774,#8775,
#8776,#8777,#8778,#8779,#8780,#8781,#8782,#8783,#8784,#8785,#8786,#8787,
#8788,#8789,#8790,#8791,#8792,#8793,#8794,#8795,#8796,#8797,#8798,#8799,
#8800,#8801,#8802,#8803,#8804,#8805,#8806,#8807,#8808,#8809,#8810,#8811,
#8812,#8813,#8814,#8815,#8816,#8817,#8818,#8819,#8820,#8821,#8822,#8823,
#8824,#8825,#8826,#8827,#8828,#8829,#8830,#8831,#8832,#8833,#8834,#8835,
#8836,#8837,#8838,#8839,#8840,#8841,#8842,#8843,#8844,#8845,#8846,#8847,
#8848,#8849,#8850,#8851,#8852,#8853,#8854,#8855,#8856,#8857,#8858,#8859,
#8860,#8861,#8862,#8863,#8864,#8865,#8866,#8867,#8868,#8869,#8870,#8871,
#8872,#8873,#8874,#8875,#8876,#8877,#8878,#8879,#8880,#8881,#8882,#8883,
#8884,#8885,#8886,#8887,#8888,#8889,#8890,#8891,#8892,#8893,#8894,#8895,
#8896,#8897,#8898,#8899,#8900,#8901,#8902,#8903,#8904,#8905,#8906,#8907,
#8908,#8909,#8910,#8911,#8912,#8913,#8914,#8915,#8916,#8917,#8918,#8919,
#8920,#8921,#8922,#8923,#8924,#8925,#8926,#8927,#8928,#8929,#8930,#8931,
#8932,#8933,#8934,#8935,#8936,#8937,#8938,#8939,#8940,#8941,#8942,#8943,
#8944,#8945,#8946,#8947,#8948,#8949,#8950,#8951,#8952,#8953,#8954,#8955,
#8956),.UNSPECIFIED.,.F.,.F.,(4,3,3,3,3,3,3,3,3,3,3,3,3,3,3,3,3,3,3,3,3,
3,3,3,3,3,3,3,3,3,3,3,3,3,3,3,3,3,3,3,3,3,3,3,3,3,3,3,3,3,3,3,3,3,3,3,3,
3,3,3,3,3,3,3,3,3,3,3,3,3,3,3,3,3,4),(0.,0.119034263440487,0.236208616514717,
0.351552120322161,0.465093381882615,0.576860561231186,0.686881378402436,
0.795451243624169,0.903335240126118,1.010604108039,1.11732766414046,1.22357490244607,
1.32941409297861,1.43491287892109,1.54013837235395,1.64515724877031,1.75003584056245,
1.85484022966732,1.95963633955751,2.06449002676113,2.16946717209514,2.27463377179326,
2.38005602871151,2.48580044379336,2.5919339079806,2.69852379475362,2.80563805348956,
2.91334530383147,3.02171493125845,3.13081718405779,3.24072327190476,3.35150546624968,
3.46323720273482,3.57599318585704,3.68984949610054,3.75122986116446,3.78144050959435,
3.79665576555997,3.80774714718779,3.81249299002695,3.93142111096958,4.04663272813276,
4.15876866376412,4.26993129292533,4.38019385756993,4.48962831177884,4.59830542498661,
4.70629488264272,4.81366538451961,4.92048474087499,5.02681996666705,5.1327373740172,
5.23830266310924,5.34358101171053,5.44863716349521,5.55353551534999,5.6583402038351,
5.76311519097651,5.86792434955947,5.97731613147395,6.08253045543252,6.18799279384514,
6.29376385665482,6.39990470743438,6.50647683680985,6.6135422365303,6.72116347434511,
6.83329214757587,6.94261754679366,7.05266409743712,7.16349051824255,7.27716610372971,
7.39017427030224,7.50463379780419,7.61819286019118),.UNSPECIFIED.);
#2445=B_SPLINE_CURVE_WITH_KNOTS('',3,(#8957,#8958,#8959,#8960,#8961,#8962,
#8963,#8964,#8965,#8966,#8967,#8968,#8969,#8970,#8971,#8972,#8973,#8974,
#8975,#8976,#8977,#8978,#8979,#8980,#8981,#8982,#8983,#8984,#8985,#8986,
#8987,#8988,#8989,#8990,#8991,#8992,#8993,#8994,#8995,#8996,#8997,#8998,
#8999,#9000,#9001,#9002,#9003,#9004,#9005,#9006,#9007,#9008,#9009,#9010,
#9011,#9012,#9013,#9014,#9015,#9016,#9017,#9018,#9019,#9020,#9021,#9022,
#9023,#9024,#9025,#9026,#9027,#9028,#9029,#9030,#9031,#9032,#9033,#9034,
#9035,#9036,#9037,#9038,#9039,#9040,#9041,#9042,#9043,#9044,#9045,#9046,
#9047,#9048,#9049,#9050,#9051,#9052,#9053,#9054,#9055,#9056,#9057,#9058,
#9059,#9060,#9061,#9062,#9063,#9064,#9065,#9066,#9067,#9068,#9069,#9070,
#9071,#9072,#9073,#9074,#9075,#9076,#9077,#9078,#9079,#9080,#9081,#9082,
#9083,#9084,#9085,#9086,#9087,#9088,#9089,#9090,#9091,#9092,#9093,#9094,
#9095,#9096,#9097,#9098,#9099,#9100,#9101,#9102,#9103,#9104,#9105,#9106,
#9107,#9108,#9109,#9110,#9111,#9112,#9113,#9114,#9115,#9116,#9117,#9118,
#9119,#9120,#9121,#9122,#9123,#9124,#9125,#9126,#9127,#9128,#9129,#9130,
#9131,#9132,#9133,#9134,#9135,#9136,#9137,#9138,#9139,#9140,#9141,#9142,
#9143,#9144,#9145,#9146,#9147,#9148,#9149,#9150,#9151,#9152,#9153,#9154,
#9155,#9156,#9157,#9158,#9159,#9160,#9161,#9162,#9163,#9164,#9165,#9166,
#9167,#9168,#9169,#9170,#9171,#9172,#9173,#9174,#9175,#9176,#9177,#9178,
#9179),.UNSPECIFIED.,.F.,.F.,(4,3,3,3,3,3,3,3,3,3,3,3,3,3,3,3,3,3,3,3,3,
3,3,3,3,3,3,3,3,3,3,3,3,3,3,3,3,3,3,3,3,3,3,3,3,3,3,3,3,3,3,3,3,3,3,3,3,
3,3,3,3,3,3,3,3,3,3,3,3,3,3,3,3,3,4),(-7.62014972265791,-7.50108488324138,
-7.38388043194073,-7.26850730019166,-7.15493687362616,-7.04314098497575,
-6.93309190708551,-6.82449415384658,-6.71658244550435,-6.60928602375728,
-6.50253505389432,-6.3962605241777,-6.29039414704826,-6.18486826194737,
-6.07961573955615,-5.97456988725445,-5.86966435561131,-5.76483304571561,
-5.6600100171615,-5.55512939650437,-5.4501252860047,-5.34493167247559,-5.23948233605695,
-5.13371075872297,-5.02755003234979,-4.92093276615085,-4.81379099329462,
-4.70605607651297,-4.59765861250343,-4.48852833493385,-4.37859401583825,
-4.26778336520264,-4.15602292852027,-4.04323798210721,-3.92935242593284,
-3.86795629427764,-3.8377378857286,-3.82251872145835,-3.81142449082237,
-3.80667742892144,-3.68771875926765,-3.57247754804053,-3.46031280838616,
-3.34912162521232,-3.23883073775193,-3.12936817344128,-3.02066314466767,
-2.9126459480821,-2.80524786626497,-2.69840107153991,-2.59203853173572,
-2.48609391769677,-2.38050151236353,-2.27519612122732,-2.17011298398229,
-2.06518768720055,-1.96035607784794,-1.85555417746869,-1.75071809687006,
-1.64129821581568,-1.5360568657676,-1.43056743755873,-1.32476920565164,
-1.21860109078847,-1.1120015865482,-1.00490868525788,-0.897259803096612,
-0.785102327709536,-0.675748846402597,-0.565674028430003,-0.454819139972409,
-0.341114354979307,-0.228077160336228,-0.113588231956902,-8.88178419700125E-16),
 .UNSPECIFIED.);
#2446=B_SPLINE_CURVE_WITH_KNOTS('',3,(#9272,#9273,#9274,#9275,#9276,#9277,
#9278,#9279,#9280,#9281),.UNSPECIFIED.,.F.,.F.,(4,3,3,4),(0.121300908958297,
0.423703175253481,0.453216132415222,0.455437718515269),.UNSPECIFIED.);
#2447=B_SPLINE_CURVE_WITH_KNOTS('',3,(#9282,#9283,#9284,#9285,#9286,#9287,
#9288,#9289,#9290,#9291,#9292,#9293,#9294,#9295,#9296,#9297,#9298,#9299,
#9300,#9301,#9302,#9303,#9304,#9305,#9306,#9307,#9308,#9309,#9310,#9311,
#9312,#9313,#9314,#9315,#9316,#9317,#9318,#9319,#9320),.UNSPECIFIED.,.T.,
 .F.,(4,2,3,2,2,2,2,2,2,2,2,2,2,2,2,2,2,2,4),(13.8065780849087,14.2229234316146,
14.7402560323859,15.6539620877755,16.567668143165,17.4813741985546,18.3950802539441,
19.3087863093337,20.2224923647232,21.1361984201128,22.0499044755023,22.9636105308919,
23.8773165862814,24.7910226416709,25.7047286970605,26.61843475245,27.5321408078396,
28.4458468632291,28.5468341172946),.UNSPECIFIED.);
#2448=VERTEX_POINT('',#8370);
#2449=VERTEX_POINT('',#8371);
#2450=VERTEX_POINT('',#8479);
#2451=VERTEX_POINT('',#8487);
#2452=VERTEX_POINT('',#8732);
#2453=VERTEX_POINT('',#8733);
#2454=VERTEX_POINT('',#9271);
#2455=VERTEX_POINT('',#9322);
#2456=VERTEX_POINT('',#9324);
#2457=VERTEX_POINT('',#9328);
#2458=VERTEX_POINT('',#9331);
#2459=VERTEX_POINT('',#9335);
#2460=VERTEX_POINT('',#9336);
#2461=VERTEX_POINT('',#9338);
#2462=VERTEX_POINT('',#9340);
#2463=VERTEX_POINT('',#9344);
#2464=VERTEX_POINT('',#9346);
#2465=VERTEX_POINT('',#9350);
#2466=VERTEX_POINT('',#9351);
#2467=VERTEX_POINT('',#9353);
#2468=VERTEX_POINT('',#9355);
#2469=VERTEX_POINT('',#9359);
#2470=VERTEX_POINT('',#9361);
#2471=VERTEX_POINT('',#9365);
#2472=VERTEX_POINT('',#9367);
#2473=VERTEX_POINT('',#9371);
#2474=VERTEX_POINT('',#9373);
#2475=VERTEX_POINT('',#9375);
#2476=VERTEX_POINT('',#9379);
#2477=VERTEX_POINT('',#9381);
#2478=VERTEX_POINT('',#9383);
#2479=VERTEX_POINT('',#9385);
#2480=VERTEX_POINT('',#9389);
#2481=VERTEX_POINT('',#9393);
#2482=VERTEX_POINT('',#9395);
#2483=VERTEX_POINT('',#9397);
#2484=VERTEX_POINT('',#9399);
#2485=VERTEX_POINT('',#9406);
#2486=VERTEX_POINT('',#9408);
#2487=VERTEX_POINT('',#9410);
#2488=VERTEX_POINT('',#9412);
#2489=VERTEX_POINT('',#9422);
#2490=VERTEX_POINT('',#9423);
#2491=VERTEX_POINT('',#9425);
#2492=VERTEX_POINT('',#9427);
#2493=VERTEX_POINT('',#9431);
#2494=VERTEX_POINT('',#9432);
#2495=VERTEX_POINT('',#9434);
#2496=VERTEX_POINT('',#9436);
#2497=VERTEX_POINT('',#9440);
#2498=VERTEX_POINT('',#9441);
#2499=VERTEX_POINT('',#9443);
#2500=VERTEX_POINT('',#9445);
#2501=VERTEX_POINT('',#9449);
#2502=VERTEX_POINT('',#9450);
#2503=VERTEX_POINT('',#9452);
#2504=VERTEX_POINT('',#9454);
#2505=VERTEX_POINT('',#9458);
#2506=VERTEX_POINT('',#9459);
#2507=VERTEX_POINT('',#9461);
#2508=VERTEX_POINT('',#9463);
#2509=VERTEX_POINT('',#9467);
#2510=VERTEX_POINT('',#9468);
#2511=VERTEX_POINT('',#9470);
#2512=VERTEX_POINT('',#9472);
#2513=VERTEX_POINT('',#9476);
#2514=VERTEX_POINT('',#9477);
#2515=VERTEX_POINT('',#9479);
#2516=VERTEX_POINT('',#9481);
#2517=VERTEX_POINT('',#9485);
#2518=VERTEX_POINT('',#9486);
#2519=VERTEX_POINT('',#9488);
#2520=VERTEX_POINT('',#9490);
#2521=VERTEX_POINT('',#9494);
#2522=VERTEX_POINT('',#9495);
#2523=VERTEX_POINT('',#9497);
#2524=VERTEX_POINT('',#9499);
#2525=VERTEX_POINT('',#9503);
#2526=VERTEX_POINT('',#9504);
#2527=VERTEX_POINT('',#9506);
#2528=VERTEX_POINT('',#9508);
#2529=VERTEX_POINT('',#9512);
#2530=VERTEX_POINT('',#9513);
#2531=VERTEX_POINT('',#9515);
#2532=VERTEX_POINT('',#9517);
#2533=VERTEX_POINT('',#9521);
#2534=VERTEX_POINT('',#9522);
#2535=VERTEX_POINT('',#9524);
#2536=VERTEX_POINT('',#9526);
#2537=VERTEX_POINT('',#9530);
#2538=VERTEX_POINT('',#9531);
#2539=VERTEX_POINT('',#9533);
#2540=VERTEX_POINT('',#9535);
#2541=VERTEX_POINT('',#9539);
#2542=VERTEX_POINT('',#9540);
#2543=VERTEX_POINT('',#9542);
#2544=VERTEX_POINT('',#9544);
#2545=VERTEX_POINT('',#9548);
#2546=VERTEX_POINT('',#9549);
#2547=VERTEX_POINT('',#9551);
#2548=VERTEX_POINT('',#9553);
#2549=VERTEX_POINT('',#9557);
#2550=VERTEX_POINT('',#9558);
#2551=VERTEX_POINT('',#9560);
#2552=VERTEX_POINT('',#9562);
#2553=VERTEX_POINT('',#9566);
#2554=VERTEX_POINT('',#9567);
#2555=VERTEX_POINT('',#9569);
#2556=VERTEX_POINT('',#9571);
#2557=VERTEX_POINT('',#9575);
#2558=VERTEX_POINT('',#9576);
#2559=VERTEX_POINT('',#9578);
#2560=VERTEX_POINT('',#9580);
#2561=VERTEX_POINT('',#9584);
#2562=VERTEX_POINT('',#9585);
#2563=VERTEX_POINT('',#9587);
#2564=VERTEX_POINT('',#9589);
#2565=VERTEX_POINT('',#9593);
#2566=VERTEX_POINT('',#9594);
#2567=VERTEX_POINT('',#9596);
#2568=VERTEX_POINT('',#9598);
#2569=VERTEX_POINT('',#9602);
#2570=VERTEX_POINT('',#9603);
#2571=VERTEX_POINT('',#9605);
#2572=VERTEX_POINT('',#9607);
#2573=VERTEX_POINT('',#9611);
#2574=VERTEX_POINT('',#9612);
#2575=VERTEX_POINT('',#9614);
#2576=VERTEX_POINT('',#9616);
#2577=VERTEX_POINT('',#9620);
#2578=VERTEX_POINT('',#9621);
#2579=VERTEX_POINT('',#9623);
#2580=VERTEX_POINT('',#9625);
#2581=VERTEX_POINT('',#9629);
#2582=VERTEX_POINT('',#9630);
#2583=VERTEX_POINT('',#9632);
#2584=VERTEX_POINT('',#9634);
#2585=VERTEX_POINT('',#9638);
#2586=VERTEX_POINT('',#9639);
#2587=VERTEX_POINT('',#9641);
#2588=VERTEX_POINT('',#9643);
#2589=VERTEX_POINT('',#9647);
#2590=VERTEX_POINT('',#9648);
#2591=VERTEX_POINT('',#9650);
#2592=VERTEX_POINT('',#9652);
#2593=VERTEX_POINT('',#9656);
#2594=VERTEX_POINT('',#9657);
#2595=VERTEX_POINT('',#9659);
#2596=VERTEX_POINT('',#9661);
#2597=VERTEX_POINT('',#9665);
#2598=VERTEX_POINT('',#9666);
#2599=VERTEX_POINT('',#9668);
#2600=VERTEX_POINT('',#9670);
#2601=VERTEX_POINT('',#9674);
#2602=VERTEX_POINT('',#9675);
#2603=VERTEX_POINT('',#9677);
#2604=VERTEX_POINT('',#9679);
#2605=VERTEX_POINT('',#9683);
#2606=VERTEX_POINT('',#9684);
#2607=VERTEX_POINT('',#9686);
#2608=VERTEX_POINT('',#9688);
#2609=VERTEX_POINT('',#9692);
#2610=VERTEX_POINT('',#9693);
#2611=VERTEX_POINT('',#9695);
#2612=VERTEX_POINT('',#9697);
#2613=VERTEX_POINT('',#9701);
#2614=VERTEX_POINT('',#9702);
#2615=VERTEX_POINT('',#9704);
#2616=VERTEX_POINT('',#9706);
#2617=VERTEX_POINT('',#9710);
#2618=VERTEX_POINT('',#9711);
#2619=VERTEX_POINT('',#9713);
#2620=VERTEX_POINT('',#9715);
#2621=VERTEX_POINT('',#9719);
#2622=VERTEX_POINT('',#9721);
#2623=VERTEX_POINT('',#9723);
#2624=VERTEX_POINT('',#9725);
#2625=VERTEX_POINT('',#9727);
#2626=VERTEX_POINT('',#9729);
#2627=VERTEX_POINT('',#9731);
#2628=VERTEX_POINT('',#9733);
#2629=VERTEX_POINT('',#9735);
#2630=VERTEX_POINT('',#9737);
#2631=VERTEX_POINT('',#9739);
#2632=VERTEX_POINT('',#9741);
#2633=VERTEX_POINT('',#9743);
#2634=VERTEX_POINT('',#9745);
#2635=VERTEX_POINT('',#9747);
#2636=VERTEX_POINT('',#9749);
#2637=VERTEX_POINT('',#9751);
#2638=VERTEX_POINT('',#9753);
#2639=VERTEX_POINT('',#9755);
#2640=VERTEX_POINT('',#9757);
#2641=VERTEX_POINT('',#9759);
#2642=VERTEX_POINT('',#9761);
#2643=VERTEX_POINT('',#9763);
#2644=VERTEX_POINT('',#9765);
#2645=VERTEX_POINT('',#9767);
#2646=VERTEX_POINT('',#9769);
#2647=VERTEX_POINT('',#9771);
#2648=VERTEX_POINT('',#9773);
#2649=VERTEX_POINT('',#9775);
#2650=VERTEX_POINT('',#9777);
#2651=VERTEX_POINT('',#9779);
#2652=VERTEX_POINT('',#9781);
#2653=VERTEX_POINT('',#9783);
#2654=VERTEX_POINT('',#9785);
#2655=VERTEX_POINT('',#9787);
#2656=VERTEX_POINT('',#9789);
#2657=VERTEX_POINT('',#9791);
#2658=VERTEX_POINT('',#9793);
#2659=VERTEX_POINT('',#9795);
#2660=VERTEX_POINT('',#9797);
#2661=VERTEX_POINT('',#9799);
#2662=VERTEX_POINT('',#9801);
#2663=VERTEX_POINT('',#9803);
#2664=VERTEX_POINT('',#9805);
#2665=VERTEX_POINT('',#9807);
#2666=VERTEX_POINT('',#9809);
#2667=VERTEX_POINT('',#9811);
#2668=VERTEX_POINT('',#9813);
#2669=VERTEX_POINT('',#9815);
#2670=VERTEX_POINT('',#9817);
#2671=VERTEX_POINT('',#9819);
#2672=VERTEX_POINT('',#9821);
#2673=VERTEX_POINT('',#9823);
#2674=VERTEX_POINT('',#9825);
#2675=VERTEX_POINT('',#9827);
#2676=VERTEX_POINT('',#9829);
#2677=VERTEX_POINT('',#9831);
#2678=VERTEX_POINT('',#9833);
#2679=VERTEX_POINT('',#9835);
#2680=VERTEX_POINT('',#9837);
#2681=VERTEX_POINT('',#9839);
#2682=VERTEX_POINT('',#9841);
#2683=VERTEX_POINT('',#9843);
#2684=VERTEX_POINT('',#9845);
#2685=VERTEX_POINT('',#9847);
#2686=VERTEX_POINT('',#9849);
#2687=VERTEX_POINT('',#9852);
#2688=VERTEX_POINT('',#9854);
#2689=VERTEX_POINT('',#9857);
#2690=VERTEX_POINT('',#9859);
#2691=VERTEX_POINT('',#9862);
#2692=VERTEX_POINT('',#9864);
#2693=VERTEX_POINT('',#9867);
#2694=VERTEX_POINT('',#9869);
#2695=VERTEX_POINT('',#9872);
#2696=VERTEX_POINT('',#9874);
#2697=VERTEX_POINT('',#9877);
#2698=VERTEX_POINT('',#9879);
#2699=VERTEX_POINT('',#9882);
#2700=VERTEX_POINT('',#9884);
#2701=VERTEX_POINT('',#9887);
#2702=VERTEX_POINT('',#9889);
#2703=VERTEX_POINT('',#9892);
#2704=VERTEX_POINT('',#9894);
#2705=VERTEX_POINT('',#9897);
#2706=VERTEX_POINT('',#9899);
#2707=VERTEX_POINT('',#9902);
#2708=VERTEX_POINT('',#9904);
#2709=VERTEX_POINT('',#9907);
#2710=VERTEX_POINT('',#9909);
#2711=VERTEX_POINT('',#9912);
#2712=VERTEX_POINT('',#9914);
#2713=VERTEX_POINT('',#9917);
#2714=VERTEX_POINT('',#9919);
#2715=VERTEX_POINT('',#9922);
#2716=VERTEX_POINT('',#9924);
#2717=VERTEX_POINT('',#9927);
#2718=VERTEX_POINT('',#9929);
#2719=VERTEX_POINT('',#9932);
#2720=VERTEX_POINT('',#9934);
#2721=VERTEX_POINT('',#9937);
#2722=VERTEX_POINT('',#9939);
#2723=VERTEX_POINT('',#9942);
#2724=VERTEX_POINT('',#9944);
#2725=VERTEX_POINT('',#9947);
#2726=VERTEX_POINT('',#9949);
#2727=VERTEX_POINT('',#9952);
#2728=VERTEX_POINT('',#9954);
#2729=VERTEX_POINT('',#9957);
#2730=VERTEX_POINT('',#9959);
#2731=VERTEX_POINT('',#9962);
#2732=VERTEX_POINT('',#9964);
#2733=VERTEX_POINT('',#9967);
#2734=VERTEX_POINT('',#9969);
#2735=VERTEX_POINT('',#9972);
#2736=VERTEX_POINT('',#9974);
#2737=VERTEX_POINT('',#9977);
#2738=VERTEX_POINT('',#9979);
#2739=VERTEX_POINT('',#9982);
#2740=VERTEX_POINT('',#9984);
#2741=VERTEX_POINT('',#9987);
#2742=VERTEX_POINT('',#9989);
#2743=VERTEX_POINT('',#9992);
#2744=VERTEX_POINT('',#9994);
#2745=VERTEX_POINT('',#9997);
#2746=VERTEX_POINT('',#9999);
#2747=VERTEX_POINT('',#10002);
#2748=VERTEX_POINT('',#10004);
#2749=VERTEX_POINT('',#10007);
#2750=VERTEX_POINT('',#10009);
#2751=VERTEX_POINT('',#10012);
#2752=VERTEX_POINT('',#10014);
#2753=VERTEX_POINT('',#10016);
#2754=VERTEX_POINT('',#10018);
#2755=VERTEX_POINT('',#10020);
#2756=VERTEX_POINT('',#10022);
#2757=VERTEX_POINT('',#10024);
#2758=VERTEX_POINT('',#10026);
#2759=VERTEX_POINT('',#10028);
#2760=VERTEX_POINT('',#10030);
#2761=VERTEX_POINT('',#10032);
#2762=VERTEX_POINT('',#10034);
#2763=VERTEX_POINT('',#10036);
#2764=VERTEX_POINT('',#10038);
#2765=VERTEX_POINT('',#10040);
#2766=VERTEX_POINT('',#10042);
#2767=VERTEX_POINT('',#10044);
#2768=VERTEX_POINT('',#10046);
#2769=VERTEX_POINT('',#10048);
#2770=VERTEX_POINT('',#10050);
#2771=VERTEX_POINT('',#10052);
#2772=VERTEX_POINT('',#10054);
#2773=VERTEX_POINT('',#10056);
#2774=VERTEX_POINT('',#10058);
#2775=VERTEX_POINT('',#10060);
#2776=VERTEX_POINT('',#10062);
#2777=VERTEX_POINT('',#10064);
#2778=VERTEX_POINT('',#10066);
#2779=VERTEX_POINT('',#10068);
#2780=VERTEX_POINT('',#10070);
#2781=VERTEX_POINT('',#10072);
#2782=VERTEX_POINT('',#10074);
#2783=VERTEX_POINT('',#10076);
#2784=VERTEX_POINT('',#10078);
#2785=VERTEX_POINT('',#10080);
#2786=VERTEX_POINT('',#10082);
#2787=VERTEX_POINT('',#10084);
#2788=VERTEX_POINT('',#10086);
#2789=VERTEX_POINT('',#10088);
#2790=VERTEX_POINT('',#10090);
#2791=VERTEX_POINT('',#10092);
#2792=VERTEX_POINT('',#10094);
#2793=VERTEX_POINT('',#10096);
#2794=VERTEX_POINT('',#10098);
#2795=VERTEX_POINT('',#10100);
#2796=VERTEX_POINT('',#10102);
#2797=VERTEX_POINT('',#10104);
#2798=VERTEX_POINT('',#10106);
#2799=VERTEX_POINT('',#10108);
#2800=VERTEX_POINT('',#10110);
#2801=VERTEX_POINT('',#10112);
#2802=VERTEX_POINT('',#10114);
#2803=VERTEX_POINT('',#10116);
#2804=VERTEX_POINT('',#10118);
#2805=VERTEX_POINT('',#10120);
#2806=VERTEX_POINT('',#10122);
#2807=VERTEX_POINT('',#10124);
#2808=VERTEX_POINT('',#10126);
#2809=VERTEX_POINT('',#10128);
#2810=VERTEX_POINT('',#10130);
#2811=VERTEX_POINT('',#10132);
#2812=VERTEX_POINT('',#10134);
#2813=VERTEX_POINT('',#10136);
#2814=VERTEX_POINT('',#10138);
#2815=VERTEX_POINT('',#10140);
#2816=VERTEX_POINT('',#10144);
#2817=VERTEX_POINT('',#10146);
#2818=VERTEX_POINT('',#10150);
#2819=VERTEX_POINT('',#10154);
#2820=VERTEX_POINT('',#10158);
#2821=VERTEX_POINT('',#10162);
#2822=VERTEX_POINT('',#10166);
#2823=VERTEX_POINT('',#10170);
#2824=VERTEX_POINT('',#10174);
#2825=VERTEX_POINT('',#10178);
#2826=VERTEX_POINT('',#10182);
#2827=VERTEX_POINT('',#10186);
#2828=VERTEX_POINT('',#10190);
#2829=VERTEX_POINT('',#10194);
#2830=VERTEX_POINT('',#10198);
#2831=VERTEX_POINT('',#10202);
#2832=VERTEX_POINT('',#10206);
#2833=VERTEX_POINT('',#10210);
#2834=VERTEX_POINT('',#10214);
#2835=VERTEX_POINT('',#10218);
#2836=VERTEX_POINT('',#10222);
#2837=VERTEX_POINT('',#10226);
#2838=VERTEX_POINT('',#10230);
#2839=VERTEX_POINT('',#10234);
#2840=VERTEX_POINT('',#10238);
#2841=VERTEX_POINT('',#10242);
#2842=VERTEX_POINT('',#10246);
#2843=VERTEX_POINT('',#10250);
#2844=VERTEX_POINT('',#10254);
#2845=VERTEX_POINT('',#10258);
#2846=VERTEX_POINT('',#10262);
#2847=VERTEX_POINT('',#10266);
#2848=VERTEX_POINT('',#10270);
#2849=VERTEX_POINT('',#10274);
#2850=VERTEX_POINT('',#10278);
#2851=VERTEX_POINT('',#10284);
#2852=VERTEX_POINT('',#10288);
#2853=VERTEX_POINT('',#10292);
#2854=VERTEX_POINT('',#10296);
#2855=VERTEX_POINT('',#10300);
#2856=VERTEX_POINT('',#10304);
#2857=VERTEX_POINT('',#10308);
#2858=VERTEX_POINT('',#10312);
#2859=VERTEX_POINT('',#10316);
#2860=VERTEX_POINT('',#10320);
#2861=VERTEX_POINT('',#10324);
#2862=VERTEX_POINT('',#10328);
#2863=VERTEX_POINT('',#10332);
#2864=VERTEX_POINT('',#10336);
#2865=VERTEX_POINT('',#10340);
#2866=VERTEX_POINT('',#10344);
#2867=VERTEX_POINT('',#10348);
#2868=VERTEX_POINT('',#10352);
#2869=VERTEX_POINT('',#10356);
#2870=VERTEX_POINT('',#10360);
#2871=VERTEX_POINT('',#10364);
#2872=VERTEX_POINT('',#10368);
#2873=VERTEX_POINT('',#10372);
#2874=VERTEX_POINT('',#10376);
#2875=VERTEX_POINT('',#10380);
#2876=VERTEX_POINT('',#10384);
#2877=VERTEX_POINT('',#10388);
#2878=VERTEX_POINT('',#10392);
#2879=VERTEX_POINT('',#10396);
#2880=VERTEX_POINT('',#10400);
#2881=VERTEX_POINT('',#10404);
#2882=VERTEX_POINT('',#10408);
#2883=VERTEX_POINT('',#10414);
#2884=VERTEX_POINT('',#10420);
#2885=VERTEX_POINT('',#10426);
#2886=VERTEX_POINT('',#10432);
#2887=VERTEX_POINT('',#10438);
#2888=VERTEX_POINT('',#10444);
#2889=VERTEX_POINT('',#10450);
#2890=VERTEX_POINT('',#10456);
#2891=VERTEX_POINT('',#10462);
#2892=VERTEX_POINT('',#10468);
#2893=VERTEX_POINT('',#10474);
#2894=VERTEX_POINT('',#10480);
#2895=VERTEX_POINT('',#10486);
#2896=VERTEX_POINT('',#10492);
#2897=VERTEX_POINT('',#10498);
#2898=VERTEX_POINT('',#10504);
#2899=VERTEX_POINT('',#10510);
#2900=VERTEX_POINT('',#10516);
#2901=VERTEX_POINT('',#10522);
#2902=VERTEX_POINT('',#10528);
#2903=VERTEX_POINT('',#10534);
#2904=VERTEX_POINT('',#10540);
#2905=VERTEX_POINT('',#10546);
#2906=VERTEX_POINT('',#10552);
#2907=VERTEX_POINT('',#10558);
#2908=VERTEX_POINT('',#10564);
#2909=VERTEX_POINT('',#10570);
#2910=VERTEX_POINT('',#10576);
#2911=VERTEX_POINT('',#10582);
#2912=VERTEX_POINT('',#10588);
#2913=VERTEX_POINT('',#10596);
#2914=VERTEX_POINT('',#10600);
#2915=VERTEX_POINT('',#10604);
#2916=VERTEX_POINT('',#10608);
#2917=VERTEX_POINT('',#10612);
#2918=VERTEX_POINT('',#10616);
#2919=VERTEX_POINT('',#10620);
#2920=VERTEX_POINT('',#10624);
#2921=VERTEX_POINT('',#10628);
#2922=VERTEX_POINT('',#10632);
#2923=VERTEX_POINT('',#10636);
#2924=VERTEX_POINT('',#10640);
#2925=VERTEX_POINT('',#10644);
#2926=VERTEX_POINT('',#10648);
#2927=VERTEX_POINT('',#10652);
#2928=VERTEX_POINT('',#10656);
#2929=VERTEX_POINT('',#10660);
#2930=VERTEX_POINT('',#10664);
#2931=VERTEX_POINT('',#10668);
#2932=VERTEX_POINT('',#10672);
#2933=VERTEX_POINT('',#10676);
#2934=VERTEX_POINT('',#10680);
#2935=VERTEX_POINT('',#10684);
#2936=VERTEX_POINT('',#10688);
#2937=VERTEX_POINT('',#10692);
#2938=VERTEX_POINT('',#10696);
#2939=VERTEX_POINT('',#10700);
#2940=VERTEX_POINT('',#10704);
#2941=VERTEX_POINT('',#10708);
#2942=VERTEX_POINT('',#10712);
#2943=VERTEX_POINT('',#10716);
#2944=VERTEX_POINT('',#10720);
#2945=VERTEX_POINT('',#10724);
#2946=VERTEX_POINT('',#10728);
#2947=VERTEX_POINT('',#10732);
#2948=VERTEX_POINT('',#10736);
#2949=VERTEX_POINT('',#10740);
#2950=VERTEX_POINT('',#10744);
#2951=VERTEX_POINT('',#10748);
#2952=VERTEX_POINT('',#10752);
#2953=VERTEX_POINT('',#10756);
#2954=VERTEX_POINT('',#10760);
#2955=VERTEX_POINT('',#10764);
#2956=VERTEX_POINT('',#10768);
#2957=VERTEX_POINT('',#10772);
#2958=VERTEX_POINT('',#10776);
#2959=VERTEX_POINT('',#10780);
#2960=VERTEX_POINT('',#10784);
#2961=VERTEX_POINT('',#10788);
#2962=VERTEX_POINT('',#10792);
#2963=VERTEX_POINT('',#10796);
#2964=VERTEX_POINT('',#10800);
#2965=VERTEX_POINT('',#10804);
#2966=VERTEX_POINT('',#10808);
#2967=VERTEX_POINT('',#10812);
#2968=VERTEX_POINT('',#10816);
#2969=VERTEX_POINT('',#10820);
#2970=VERTEX_POINT('',#10824);
#2971=VERTEX_POINT('',#10828);
#2972=VERTEX_POINT('',#10832);
#2973=VERTEX_POINT('',#10836);
#2974=VERTEX_POINT('',#10840);
#2975=VERTEX_POINT('',#10844);
#2976=VERTEX_POINT('',#10848);
#2977=VERTEX_POINT('',#10852);
#2978=VERTEX_POINT('',#10856);
#2979=VERTEX_POINT('',#10860);
#2980=VERTEX_POINT('',#10864);
#2981=VERTEX_POINT('',#10868);
#2982=VERTEX_POINT('',#10872);
#2983=VERTEX_POINT('',#10876);
#2984=VERTEX_POINT('',#10880);
#2985=VERTEX_POINT('',#10884);
#2986=VERTEX_POINT('',#10888);
#2987=VERTEX_POINT('',#10892);
#2988=VERTEX_POINT('',#10896);
#2989=VERTEX_POINT('',#10900);
#2990=VERTEX_POINT('',#10904);
#2991=VERTEX_POINT('',#10908);
#2992=VERTEX_POINT('',#10912);
#2993=VERTEX_POINT('',#10916);
#2994=VERTEX_POINT('',#10920);
#2995=VERTEX_POINT('',#10924);
#2996=VERTEX_POINT('',#10928);
#2997=VERTEX_POINT('',#10932);
#2998=VERTEX_POINT('',#10936);
#2999=VERTEX_POINT('',#10940);
#3000=VERTEX_POINT('',#10944);
#3001=VERTEX_POINT('',#10948);
#3002=VERTEX_POINT('',#10952);
#3003=VERTEX_POINT('',#10956);
#3004=VERTEX_POINT('',#10960);
#3005=VERTEX_POINT('',#10964);
#3006=VERTEX_POINT('',#10968);
#3007=VERTEX_POINT('',#10972);
#3008=VERTEX_POINT('',#10976);
#3009=VERTEX_POINT('',#10980);
#3010=VERTEX_POINT('',#10986);
#3011=VERTEX_POINT('',#10988);
#3012=VERTEX_POINT('',#10990);
#3013=VERTEX_POINT('',#10992);
#3014=VERTEX_POINT('',#10996);
#3015=VERTEX_POINT('',#10998);
#3016=VERTEX_POINT('',#11000);
#3017=VERTEX_POINT('',#11002);
#3018=VERTEX_POINT('',#11004);
#3019=VERTEX_POINT('',#11008);
#3020=VERTEX_POINT('',#11009);
#3021=VERTEX_POINT('',#11014);
#3022=VERTEX_POINT('',#11018);
#3023=VERTEX_POINT('',#11022);
#3024=VERTEX_POINT('',#11028);
#3025=VERTEX_POINT('',#11029);
#3026=VERTEX_POINT('',#11031);
#3027=VERTEX_POINT('',#11033);
#3028=VERTEX_POINT('',#11035);
#3029=VERTEX_POINT('',#11039);
#3030=VERTEX_POINT('',#11042);
#3031=VERTEX_POINT('',#11046);
#3032=VERTEX_POINT('',#11048);
#3033=VERTEX_POINT('',#11050);
#3034=VERTEX_POINT('',#11052);
#3035=VERTEX_POINT('',#11065);
#3036=VERTEX_POINT('',#11071);
#3037=VERTEX_POINT('',#11077);
#3038=EDGE_CURVE('',#2448,#2449,#2439,.T.);
#3039=EDGE_CURVE('',#2448,#2448,#2440,.T.);
#3040=EDGE_CURVE('',#2449,#2449,#2180,.T.);
#3041=EDGE_CURVE('',#2449,#2450,#2441,.T.);
#3042=EDGE_CURVE('',#2451,#2450,#2442,.F.);
#3043=EDGE_CURVE('',#2450,#2451,#2443,.F.);
#3044=EDGE_CURVE('',#2452,#2453,#2444,.F.);
#3045=EDGE_CURVE('',#2453,#2452,#2445,.F.);
#3046=EDGE_CURVE('',#2453,#2451,#247,.T.);
#3047=EDGE_CURVE('',#2454,#2452,#2446,.T.);
#3048=EDGE_CURVE('',#2454,#2454,#2447,.F.);
#3049=EDGE_CURVE('',#2455,#2455,#2181,.T.);
#3050=EDGE_CURVE('',#2455,#2456,#248,.T.);
#3051=EDGE_CURVE('',#2456,#2456,#2182,.T.);
#3052=EDGE_CURVE('',#2457,#2457,#2183,.T.);
#3053=EDGE_CURVE('',#2458,#2458,#2184,.F.);
#3054=EDGE_CURVE('',#2458,#2456,#249,.T.);
#3055=EDGE_CURVE('',#2459,#2460,#2185,.T.);
#3056=EDGE_CURVE('',#2461,#2459,#250,.T.);
#3057=EDGE_CURVE('',#2461,#2462,#2186,.F.);
#3058=EDGE_CURVE('',#2462,#2460,#251,.T.);
#3059=EDGE_CURVE('',#2463,#2459,#2187,.T.);
#3060=EDGE_CURVE('',#2463,#2464,#252,.T.);
#3061=EDGE_CURVE('',#2464,#2461,#2188,.F.);
#3062=EDGE_CURVE('',#2465,#2466,#2189,.T.);
#3063=EDGE_CURVE('',#2467,#2465,#253,.T.);
#3064=EDGE_CURVE('',#2467,#2468,#2190,.F.);
#3065=EDGE_CURVE('',#2468,#2466,#254,.T.);
#3066=EDGE_CURVE('',#2469,#2465,#2191,.T.);
#3067=EDGE_CURVE('',#2469,#2470,#255,.T.);
#3068=EDGE_CURVE('',#2470,#2467,#2192,.F.);
#3069=EDGE_CURVE('',#2461,#2471,#256,.T.);
#3070=EDGE_CURVE('',#2472,#2471,#2193,.T.);
#3071=EDGE_CURVE('',#2462,#2472,#257,.T.);
#3072=EDGE_CURVE('',#2464,#2473,#258,.T.);
#3073=EDGE_CURVE('',#2474,#2473,#2194,.T.);
#3074=EDGE_CURVE('',#2475,#2474,#259,.T.);
#3075=EDGE_CURVE('',#2471,#2475,#2195,.T.);
#3076=EDGE_CURVE('',#2467,#2476,#260,.T.);
#3077=EDGE_CURVE('',#2477,#2476,#2196,.T.);
#3078=EDGE_CURVE('',#2478,#2477,#261,.T.);
#3079=EDGE_CURVE('',#2479,#2478,#2197,.T.);
#3080=EDGE_CURVE('',#2468,#2479,#262,.T.);
#3081=EDGE_CURVE('',#2470,#2480,#263,.T.);
#3082=EDGE_CURVE('',#2476,#2480,#2198,.T.);
#3083=EDGE_CURVE('',#2481,#2470,#2199,.F.);
#3084=EDGE_CURVE('',#2481,#2482,#264,.T.);
#3085=EDGE_CURVE('',#2483,#2482,#2200,.T.);
#3086=EDGE_CURVE('',#2484,#2483,#265,.T.);
#3087=EDGE_CURVE('',#2480,#2484,#2201,.T.);
#3088=EDGE_CURVE('',#2468,#2481,#2202,.F.);
#3089=EDGE_CURVE('',#2482,#2479,#2203,.T.);
#3090=EDGE_CURVE('',#2462,#2485,#2204,.F.);
#3091=EDGE_CURVE('',#2486,#2472,#2205,.T.);
#3092=EDGE_CURVE('',#2487,#2486,#266,.T.);
#3093=EDGE_CURVE('',#2488,#2487,#2206,.T.);
#3094=EDGE_CURVE('',#2485,#2488,#267,.T.);
#3095=EDGE_CURVE('',#2485,#2464,#2207,.F.);
#3096=EDGE_CURVE('',#2473,#2488,#2208,.T.);
#3097=EDGE_CURVE('',#2475,#2477,#2209,.T.);
#3098=EDGE_CURVE('',#2484,#2486,#2210,.T.);
#3099=EDGE_CURVE('',#2489,#2490,#2211,.T.);
#3100=EDGE_CURVE('',#2489,#2491,#268,.T.);
#3101=EDGE_CURVE('',#2491,#2492,#2212,.T.);
#3102=EDGE_CURVE('',#2492,#2490,#269,.T.);
#3103=EDGE_CURVE('',#2493,#2494,#2213,.T.);
#3104=EDGE_CURVE('',#2493,#2495,#270,.T.);
#3105=EDGE_CURVE('',#2495,#2496,#2214,.T.);
#3106=EDGE_CURVE('',#2496,#2494,#271,.T.);
#3107=EDGE_CURVE('',#2497,#2498,#2215,.T.);
#3108=EDGE_CURVE('',#2497,#2499,#272,.T.);
#3109=EDGE_CURVE('',#2499,#2500,#2216,.T.);
#3110=EDGE_CURVE('',#2500,#2498,#273,.T.);
#3111=EDGE_CURVE('',#2501,#2502,#2217,.T.);
#3112=EDGE_CURVE('',#2501,#2503,#274,.T.);
#3113=EDGE_CURVE('',#2503,#2504,#2218,.T.);
#3114=EDGE_CURVE('',#2504,#2502,#275,.T.);
#3115=EDGE_CURVE('',#2505,#2506,#2219,.T.);
#3116=EDGE_CURVE('',#2505,#2507,#276,.T.);
#3117=EDGE_CURVE('',#2507,#2508,#2220,.T.);
#3118=EDGE_CURVE('',#2508,#2506,#277,.T.);
#3119=EDGE_CURVE('',#2509,#2510,#2221,.T.);
#3120=EDGE_CURVE('',#2509,#2511,#278,.T.);
#3121=EDGE_CURVE('',#2511,#2512,#2222,.T.);
#3122=EDGE_CURVE('',#2512,#2510,#279,.T.);
#3123=EDGE_CURVE('',#2513,#2514,#2223,.T.);
#3124=EDGE_CURVE('',#2513,#2515,#280,.T.);
#3125=EDGE_CURVE('',#2515,#2516,#2224,.T.);
#3126=EDGE_CURVE('',#2516,#2514,#281,.T.);
#3127=EDGE_CURVE('',#2517,#2518,#2225,.T.);
#3128=EDGE_CURVE('',#2517,#2519,#282,.T.);
#3129=EDGE_CURVE('',#2519,#2520,#2226,.T.);
#3130=EDGE_CURVE('',#2520,#2518,#283,.T.);
#3131=EDGE_CURVE('',#2521,#2522,#2227,.T.);
#3132=EDGE_CURVE('',#2521,#2523,#284,.T.);
#3133=EDGE_CURVE('',#2523,#2524,#2228,.T.);
#3134=EDGE_CURVE('',#2524,#2522,#285,.T.);
#3135=EDGE_CURVE('',#2525,#2526,#2229,.T.);
#3136=EDGE_CURVE('',#2525,#2527,#286,.T.);
#3137=EDGE_CURVE('',#2527,#2528,#2230,.T.);
#3138=EDGE_CURVE('',#2528,#2526,#287,.T.);
#3139=EDGE_CURVE('',#2529,#2530,#2231,.T.);
#3140=EDGE_CURVE('',#2529,#2531,#288,.T.);
#3141=EDGE_CURVE('',#2531,#2532,#2232,.T.);
#3142=EDGE_CURVE('',#2532,#2530,#289,.T.);
#3143=EDGE_CURVE('',#2533,#2534,#2233,.T.);
#3144=EDGE_CURVE('',#2533,#2535,#290,.T.);
#3145=EDGE_CURVE('',#2535,#2536,#2234,.T.);
#3146=EDGE_CURVE('',#2536,#2534,#291,.T.);
#3147=EDGE_CURVE('',#2537,#2538,#2235,.T.);
#3148=EDGE_CURVE('',#2537,#2539,#292,.T.);
#3149=EDGE_CURVE('',#2539,#2540,#2236,.T.);
#3150=EDGE_CURVE('',#2540,#2538,#293,.T.);
#3151=EDGE_CURVE('',#2541,#2542,#2237,.T.);
#3152=EDGE_CURVE('',#2541,#2543,#294,.T.);
#3153=EDGE_CURVE('',#2543,#2544,#2238,.T.);
#3154=EDGE_CURVE('',#2544,#2542,#295,.T.);
#3155=EDGE_CURVE('',#2545,#2546,#2239,.T.);
#3156=EDGE_CURVE('',#2545,#2547,#296,.T.);
#3157=EDGE_CURVE('',#2547,#2548,#2240,.T.);
#3158=EDGE_CURVE('',#2548,#2546,#297,.T.);
#3159=EDGE_CURVE('',#2549,#2550,#2241,.T.);
#3160=EDGE_CURVE('',#2549,#2551,#298,.T.);
#3161=EDGE_CURVE('',#2551,#2552,#2242,.T.);
#3162=EDGE_CURVE('',#2552,#2550,#299,.T.);
#3163=EDGE_CURVE('',#2553,#2554,#2243,.T.);
#3164=EDGE_CURVE('',#2553,#2555,#300,.T.);
#3165=EDGE_CURVE('',#2555,#2556,#2244,.T.);
#3166=EDGE_CURVE('',#2556,#2554,#301,.T.);
#3167=EDGE_CURVE('',#2557,#2558,#2245,.T.);
#3168=EDGE_CURVE('',#2557,#2559,#302,.T.);
#3169=EDGE_CURVE('',#2559,#2560,#2246,.T.);
#3170=EDGE_CURVE('',#2560,#2558,#303,.T.);
#3171=EDGE_CURVE('',#2561,#2562,#2247,.T.);
#3172=EDGE_CURVE('',#2561,#2563,#304,.T.);
#3173=EDGE_CURVE('',#2563,#2564,#2248,.T.);
#3174=EDGE_CURVE('',#2564,#2562,#305,.T.);
#3175=EDGE_CURVE('',#2565,#2566,#2249,.T.);
#3176=EDGE_CURVE('',#2565,#2567,#306,.T.);
#3177=EDGE_CURVE('',#2567,#2568,#2250,.T.);
#3178=EDGE_CURVE('',#2568,#2566,#307,.T.);
#3179=EDGE_CURVE('',#2569,#2570,#2251,.T.);
#3180=EDGE_CURVE('',#2569,#2571,#308,.T.);
#3181=EDGE_CURVE('',#2571,#2572,#2252,.T.);
#3182=EDGE_CURVE('',#2572,#2570,#309,.T.);
#3183=EDGE_CURVE('',#2573,#2574,#2253,.T.);
#3184=EDGE_CURVE('',#2573,#2575,#310,.T.);
#3185=EDGE_CURVE('',#2575,#2576,#2254,.T.);
#3186=EDGE_CURVE('',#2576,#2574,#311,.T.);
#3187=EDGE_CURVE('',#2577,#2578,#2255,.T.);
#3188=EDGE_CURVE('',#2577,#2579,#312,.T.);
#3189=EDGE_CURVE('',#2579,#2580,#2256,.T.);
#3190=EDGE_CURVE('',#2580,#2578,#313,.T.);
#3191=EDGE_CURVE('',#2581,#2582,#2257,.T.);
#3192=EDGE_CURVE('',#2581,#2583,#314,.T.);
#3193=EDGE_CURVE('',#2583,#2584,#2258,.T.);
#3194=EDGE_CURVE('',#2584,#2582,#315,.T.);
#3195=EDGE_CURVE('',#2585,#2586,#2259,.T.);
#3196=EDGE_CURVE('',#2585,#2587,#316,.T.);
#3197=EDGE_CURVE('',#2587,#2588,#2260,.T.);
#3198=EDGE_CURVE('',#2588,#2586,#317,.T.);
#3199=EDGE_CURVE('',#2589,#2590,#2261,.T.);
#3200=EDGE_CURVE('',#2589,#2591,#318,.T.);
#3201=EDGE_CURVE('',#2591,#2592,#2262,.T.);
#3202=EDGE_CURVE('',#2592,#2590,#319,.T.);
#3203=EDGE_CURVE('',#2593,#2594,#2263,.T.);
#3204=EDGE_CURVE('',#2593,#2595,#320,.T.);
#3205=EDGE_CURVE('',#2595,#2596,#2264,.T.);
#3206=EDGE_CURVE('',#2596,#2594,#321,.T.);
#3207=EDGE_CURVE('',#2597,#2598,#2265,.T.);
#3208=EDGE_CURVE('',#2597,#2599,#322,.T.);
#3209=EDGE_CURVE('',#2599,#2600,#2266,.T.);
#3210=EDGE_CURVE('',#2600,#2598,#323,.T.);
#3211=EDGE_CURVE('',#2601,#2602,#2267,.T.);
#3212=EDGE_CURVE('',#2601,#2603,#324,.T.);
#3213=EDGE_CURVE('',#2603,#2604,#2268,.T.);
#3214=EDGE_CURVE('',#2604,#2602,#325,.T.);
#3215=EDGE_CURVE('',#2605,#2606,#2269,.T.);
#3216=EDGE_CURVE('',#2605,#2607,#326,.T.);
#3217=EDGE_CURVE('',#2607,#2608,#2270,.T.);
#3218=EDGE_CURVE('',#2608,#2606,#327,.T.);
#3219=EDGE_CURVE('',#2609,#2610,#2271,.T.);
#3220=EDGE_CURVE('',#2609,#2611,#328,.T.);
#3221=EDGE_CURVE('',#2611,#2612,#2272,.T.);
#3222=EDGE_CURVE('',#2612,#2610,#329,.T.);
#3223=EDGE_CURVE('',#2613,#2614,#2273,.T.);
#3224=EDGE_CURVE('',#2613,#2615,#330,.T.);
#3225=EDGE_CURVE('',#2615,#2616,#2274,.T.);
#3226=EDGE_CURVE('',#2616,#2614,#331,.T.);
#3227=EDGE_CURVE('',#2617,#2618,#2275,.T.);
#3228=EDGE_CURVE('',#2617,#2619,#332,.T.);
#3229=EDGE_CURVE('',#2619,#2620,#2276,.T.);
#3230=EDGE_CURVE('',#2620,#2618,#333,.T.);
#3231=EDGE_CURVE('',#2457,#2621,#334,.T.);
#3232=EDGE_CURVE('',#2621,#2622,#2277,.T.);
#3233=EDGE_CURVE('',#2622,#2623,#335,.T.);
#3234=EDGE_CURVE('',#2624,#2623,#2278,.T.);
#3235=EDGE_CURVE('',#2624,#2625,#336,.T.);
#3236=EDGE_CURVE('',#2625,#2626,#2279,.T.);
#3237=EDGE_CURVE('',#2626,#2627,#337,.T.);
#3238=EDGE_CURVE('',#2628,#2627,#2280,.T.);
#3239=EDGE_CURVE('',#2628,#2629,#338,.T.);
#3240=EDGE_CURVE('',#2629,#2630,#2281,.T.);
#3241=EDGE_CURVE('',#2630,#2631,#339,.T.);
#3242=EDGE_CURVE('',#2632,#2631,#2282,.T.);
#3243=EDGE_CURVE('',#2632,#2633,#340,.T.);
#3244=EDGE_CURVE('',#2633,#2634,#2283,.T.);
#3245=EDGE_CURVE('',#2634,#2635,#341,.T.);
#3246=EDGE_CURVE('',#2636,#2635,#2284,.T.);
#3247=EDGE_CURVE('',#2636,#2637,#342,.T.);
#3248=EDGE_CURVE('',#2637,#2638,#2285,.T.);
#3249=EDGE_CURVE('',#2638,#2639,#343,.T.);
#3250=EDGE_CURVE('',#2640,#2639,#2286,.T.);
#3251=EDGE_CURVE('',#2640,#2641,#344,.T.);
#3252=EDGE_CURVE('',#2641,#2642,#2287,.T.);
#3253=EDGE_CURVE('',#2642,#2643,#345,.T.);
#3254=EDGE_CURVE('',#2644,#2643,#2288,.T.);
#3255=EDGE_CURVE('',#2644,#2645,#346,.T.);
#3256=EDGE_CURVE('',#2645,#2646,#2289,.T.);
#3257=EDGE_CURVE('',#2646,#2647,#347,.T.);
#3258=EDGE_CURVE('',#2648,#2647,#2290,.T.);
#3259=EDGE_CURVE('',#2648,#2649,#348,.T.);
#3260=EDGE_CURVE('',#2649,#2650,#2291,.T.);
#3261=EDGE_CURVE('',#2650,#2651,#349,.T.);
#3262=EDGE_CURVE('',#2652,#2651,#2292,.T.);
#3263=EDGE_CURVE('',#2652,#2653,#350,.T.);
#3264=EDGE_CURVE('',#2653,#2654,#2293,.T.);
#3265=EDGE_CURVE('',#2654,#2655,#351,.T.);
#3266=EDGE_CURVE('',#2656,#2655,#2294,.T.);
#3267=EDGE_CURVE('',#2656,#2657,#352,.T.);
#3268=EDGE_CURVE('',#2657,#2658,#2295,.T.);
#3269=EDGE_CURVE('',#2658,#2659,#353,.T.);
#3270=EDGE_CURVE('',#2660,#2659,#2296,.T.);
#3271=EDGE_CURVE('',#2660,#2661,#354,.T.);
#3272=EDGE_CURVE('',#2661,#2662,#2297,.T.);
#3273=EDGE_CURVE('',#2662,#2663,#355,.T.);
#3274=EDGE_CURVE('',#2664,#2663,#2298,.T.);
#3275=EDGE_CURVE('',#2664,#2665,#356,.T.);
#3276=EDGE_CURVE('',#2665,#2666,#2299,.T.);
#3277=EDGE_CURVE('',#2666,#2667,#357,.T.);
#3278=EDGE_CURVE('',#2668,#2667,#2300,.T.);
#3279=EDGE_CURVE('',#2668,#2669,#358,.T.);
#3280=EDGE_CURVE('',#2669,#2670,#2301,.T.);
#3281=EDGE_CURVE('',#2670,#2671,#359,.T.);
#3282=EDGE_CURVE('',#2672,#2671,#2302,.T.);
#3283=EDGE_CURVE('',#2672,#2673,#360,.T.);
#3284=EDGE_CURVE('',#2673,#2674,#2303,.T.);
#3285=EDGE_CURVE('',#2674,#2675,#361,.T.);
#3286=EDGE_CURVE('',#2676,#2675,#2304,.T.);
#3287=EDGE_CURVE('',#2676,#2677,#362,.T.);
#3288=EDGE_CURVE('',#2677,#2678,#2305,.T.);
#3289=EDGE_CURVE('',#2678,#2679,#363,.T.);
#3290=EDGE_CURVE('',#2680,#2679,#2306,.T.);
#3291=EDGE_CURVE('',#2680,#2681,#364,.T.);
#3292=EDGE_CURVE('',#2681,#2682,#2307,.T.);
#3293=EDGE_CURVE('',#2682,#2683,#365,.T.);
#3294=EDGE_CURVE('',#2684,#2683,#2308,.T.);
#3295=EDGE_CURVE('',#2684,#2685,#366,.T.);
#3296=EDGE_CURVE('',#2685,#2686,#2309,.T.);
#3297=EDGE_CURVE('',#2686,#2492,#367,.T.);
#3298=EDGE_CURVE('',#2491,#2687,#368,.T.);
#3299=EDGE_CURVE('',#2687,#2688,#2310,.T.);
#3300=EDGE_CURVE('',#2688,#2496,#369,.T.);
#3301=EDGE_CURVE('',#2495,#2689,#370,.T.);
#3302=EDGE_CURVE('',#2689,#2690,#2311,.T.);
#3303=EDGE_CURVE('',#2690,#2500,#371,.T.);
#3304=EDGE_CURVE('',#2499,#2691,#372,.T.);
#3305=EDGE_CURVE('',#2691,#2692,#2312,.T.);
#3306=EDGE_CURVE('',#2692,#2504,#373,.T.);
#3307=EDGE_CURVE('',#2503,#2693,#374,.T.);
#3308=EDGE_CURVE('',#2693,#2694,#2313,.T.);
#3309=EDGE_CURVE('',#2694,#2508,#375,.T.);
#3310=EDGE_CURVE('',#2507,#2695,#376,.T.);
#3311=EDGE_CURVE('',#2695,#2696,#2314,.T.);
#3312=EDGE_CURVE('',#2696,#2512,#377,.T.);
#3313=EDGE_CURVE('',#2511,#2697,#378,.T.);
#3314=EDGE_CURVE('',#2697,#2698,#2315,.T.);
#3315=EDGE_CURVE('',#2698,#2516,#379,.T.);
#3316=EDGE_CURVE('',#2515,#2699,#380,.T.);
#3317=EDGE_CURVE('',#2699,#2700,#2316,.T.);
#3318=EDGE_CURVE('',#2700,#2520,#381,.T.);
#3319=EDGE_CURVE('',#2519,#2701,#382,.T.);
#3320=EDGE_CURVE('',#2701,#2702,#2317,.T.);
#3321=EDGE_CURVE('',#2702,#2524,#383,.T.);
#3322=EDGE_CURVE('',#2523,#2703,#384,.T.);
#3323=EDGE_CURVE('',#2703,#2704,#2318,.T.);
#3324=EDGE_CURVE('',#2704,#2528,#385,.T.);
#3325=EDGE_CURVE('',#2527,#2705,#386,.T.);
#3326=EDGE_CURVE('',#2705,#2706,#2319,.T.);
#3327=EDGE_CURVE('',#2706,#2532,#387,.T.);
#3328=EDGE_CURVE('',#2531,#2707,#388,.T.);
#3329=EDGE_CURVE('',#2707,#2708,#2320,.T.);
#3330=EDGE_CURVE('',#2708,#2536,#389,.T.);
#3331=EDGE_CURVE('',#2535,#2709,#390,.T.);
#3332=EDGE_CURVE('',#2709,#2710,#2321,.T.);
#3333=EDGE_CURVE('',#2710,#2540,#391,.T.);
#3334=EDGE_CURVE('',#2539,#2711,#392,.T.);
#3335=EDGE_CURVE('',#2711,#2712,#2322,.T.);
#3336=EDGE_CURVE('',#2712,#2544,#393,.T.);
#3337=EDGE_CURVE('',#2543,#2713,#394,.T.);
#3338=EDGE_CURVE('',#2713,#2714,#2323,.T.);
#3339=EDGE_CURVE('',#2714,#2548,#395,.T.);
#3340=EDGE_CURVE('',#2547,#2715,#396,.T.);
#3341=EDGE_CURVE('',#2715,#2716,#2324,.T.);
#3342=EDGE_CURVE('',#2716,#2552,#397,.T.);
#3343=EDGE_CURVE('',#2551,#2717,#398,.T.);
#3344=EDGE_CURVE('',#2717,#2718,#2325,.T.);
#3345=EDGE_CURVE('',#2718,#2556,#399,.T.);
#3346=EDGE_CURVE('',#2555,#2719,#400,.T.);
#3347=EDGE_CURVE('',#2719,#2720,#2326,.T.);
#3348=EDGE_CURVE('',#2720,#2560,#401,.T.);
#3349=EDGE_CURVE('',#2559,#2721,#402,.T.);
#3350=EDGE_CURVE('',#2721,#2722,#2327,.T.);
#3351=EDGE_CURVE('',#2722,#2564,#403,.T.);
#3352=EDGE_CURVE('',#2563,#2723,#404,.T.);
#3353=EDGE_CURVE('',#2723,#2724,#2328,.T.);
#3354=EDGE_CURVE('',#2724,#2568,#405,.T.);
#3355=EDGE_CURVE('',#2567,#2725,#406,.T.);
#3356=EDGE_CURVE('',#2725,#2726,#2329,.T.);
#3357=EDGE_CURVE('',#2726,#2572,#407,.T.);
#3358=EDGE_CURVE('',#2571,#2727,#408,.T.);
#3359=EDGE_CURVE('',#2727,#2728,#2330,.T.);
#3360=EDGE_CURVE('',#2728,#2576,#409,.T.);
#3361=EDGE_CURVE('',#2575,#2729,#410,.T.);
#3362=EDGE_CURVE('',#2729,#2730,#2331,.T.);
#3363=EDGE_CURVE('',#2730,#2580,#411,.T.);
#3364=EDGE_CURVE('',#2579,#2731,#412,.T.);
#3365=EDGE_CURVE('',#2731,#2732,#2332,.T.);
#3366=EDGE_CURVE('',#2732,#2584,#413,.T.);
#3367=EDGE_CURVE('',#2583,#2733,#414,.T.);
#3368=EDGE_CURVE('',#2733,#2734,#2333,.T.);
#3369=EDGE_CURVE('',#2734,#2588,#415,.T.);
#3370=EDGE_CURVE('',#2587,#2735,#416,.T.);
#3371=EDGE_CURVE('',#2735,#2736,#2334,.T.);
#3372=EDGE_CURVE('',#2736,#2592,#417,.T.);
#3373=EDGE_CURVE('',#2591,#2737,#418,.T.);
#3374=EDGE_CURVE('',#2737,#2738,#2335,.T.);
#3375=EDGE_CURVE('',#2738,#2596,#419,.T.);
#3376=EDGE_CURVE('',#2595,#2739,#420,.T.);
#3377=EDGE_CURVE('',#2739,#2740,#2336,.T.);
#3378=EDGE_CURVE('',#2740,#2600,#421,.T.);
#3379=EDGE_CURVE('',#2599,#2741,#422,.T.);
#3380=EDGE_CURVE('',#2741,#2742,#2337,.T.);
#3381=EDGE_CURVE('',#2742,#2604,#423,.T.);
#3382=EDGE_CURVE('',#2603,#2743,#424,.T.);
#3383=EDGE_CURVE('',#2743,#2744,#2338,.T.);
#3384=EDGE_CURVE('',#2744,#2608,#425,.T.);
#3385=EDGE_CURVE('',#2607,#2745,#426,.T.);
#3386=EDGE_CURVE('',#2745,#2746,#2339,.T.);
#3387=EDGE_CURVE('',#2746,#2612,#427,.T.);
#3388=EDGE_CURVE('',#2611,#2747,#428,.T.);
#3389=EDGE_CURVE('',#2747,#2748,#2340,.T.);
#3390=EDGE_CURVE('',#2748,#2616,#429,.T.);
#3391=EDGE_CURVE('',#2615,#2749,#430,.T.);
#3392=EDGE_CURVE('',#2749,#2750,#2341,.T.);
#3393=EDGE_CURVE('',#2750,#2620,#431,.T.);
#3394=EDGE_CURVE('',#2619,#2751,#432,.T.);
#3395=EDGE_CURVE('',#2751,#2752,#2342,.T.);
#3396=EDGE_CURVE('',#2752,#2753,#433,.T.);
#3397=EDGE_CURVE('',#2754,#2753,#2343,.T.);
#3398=EDGE_CURVE('',#2754,#2755,#434,.T.);
#3399=EDGE_CURVE('',#2755,#2756,#2344,.T.);
#3400=EDGE_CURVE('',#2756,#2757,#435,.T.);
#3401=EDGE_CURVE('',#2758,#2757,#2345,.T.);
#3402=EDGE_CURVE('',#2758,#2759,#436,.T.);
#3403=EDGE_CURVE('',#2759,#2760,#2346,.T.);
#3404=EDGE_CURVE('',#2760,#2761,#437,.T.);
#3405=EDGE_CURVE('',#2762,#2761,#2347,.T.);
#3406=EDGE_CURVE('',#2762,#2763,#438,.T.);
#3407=EDGE_CURVE('',#2763,#2764,#2348,.T.);
#3408=EDGE_CURVE('',#2764,#2765,#439,.T.);
#3409=EDGE_CURVE('',#2766,#2765,#2349,.T.);
#3410=EDGE_CURVE('',#2766,#2767,#440,.T.);
#3411=EDGE_CURVE('',#2767,#2768,#2350,.T.);
#3412=EDGE_CURVE('',#2768,#2769,#441,.T.);
#3413=EDGE_CURVE('',#2770,#2769,#2351,.T.);
#3414=EDGE_CURVE('',#2770,#2771,#442,.T.);
#3415=EDGE_CURVE('',#2771,#2772,#2352,.T.);
#3416=EDGE_CURVE('',#2772,#2773,#443,.T.);
#3417=EDGE_CURVE('',#2774,#2773,#2353,.T.);
#3418=EDGE_CURVE('',#2774,#2775,#444,.T.);
#3419=EDGE_CURVE('',#2775,#2776,#2354,.T.);
#3420=EDGE_CURVE('',#2776,#2777,#445,.T.);
#3421=EDGE_CURVE('',#2778,#2777,#2355,.T.);
#3422=EDGE_CURVE('',#2778,#2779,#446,.T.);
#3423=EDGE_CURVE('',#2779,#2780,#2356,.T.);
#3424=EDGE_CURVE('',#2780,#2781,#447,.T.);
#3425=EDGE_CURVE('',#2782,#2781,#2357,.T.);
#3426=EDGE_CURVE('',#2782,#2783,#448,.T.);
#3427=EDGE_CURVE('',#2783,#2784,#2358,.T.);
#3428=EDGE_CURVE('',#2784,#2785,#449,.T.);
#3429=EDGE_CURVE('',#2786,#2785,#2359,.T.);
#3430=EDGE_CURVE('',#2786,#2787,#450,.T.);
#3431=EDGE_CURVE('',#2787,#2788,#2360,.T.);
#3432=EDGE_CURVE('',#2788,#2789,#451,.T.);
#3433=EDGE_CURVE('',#2790,#2789,#2361,.T.);
#3434=EDGE_CURVE('',#2790,#2791,#452,.T.);
#3435=EDGE_CURVE('',#2791,#2792,#2362,.T.);
#3436=EDGE_CURVE('',#2792,#2793,#453,.T.);
#3437=EDGE_CURVE('',#2794,#2793,#2363,.T.);
#3438=EDGE_CURVE('',#2794,#2795,#454,.T.);
#3439=EDGE_CURVE('',#2795,#2796,#2364,.T.);
#3440=EDGE_CURVE('',#2796,#2797,#455,.T.);
#3441=EDGE_CURVE('',#2798,#2797,#2365,.T.);
#3442=EDGE_CURVE('',#2798,#2799,#456,.T.);
#3443=EDGE_CURVE('',#2799,#2800,#2366,.T.);
#3444=EDGE_CURVE('',#2800,#2801,#457,.T.);
#3445=EDGE_CURVE('',#2802,#2801,#2367,.T.);
#3446=EDGE_CURVE('',#2802,#2803,#458,.T.);
#3447=EDGE_CURVE('',#2803,#2804,#2368,.T.);
#3448=EDGE_CURVE('',#2804,#2805,#459,.T.);
#3449=EDGE_CURVE('',#2806,#2805,#2369,.T.);
#3450=EDGE_CURVE('',#2806,#2807,#460,.T.);
#3451=EDGE_CURVE('',#2807,#2808,#2370,.T.);
#3452=EDGE_CURVE('',#2808,#2809,#461,.T.);
#3453=EDGE_CURVE('',#2810,#2809,#2371,.T.);
#3454=EDGE_CURVE('',#2810,#2811,#462,.T.);
#3455=EDGE_CURVE('',#2811,#2812,#2372,.T.);
#3456=EDGE_CURVE('',#2812,#2813,#463,.T.);
#3457=EDGE_CURVE('',#2814,#2813,#2373,.T.);
#3458=EDGE_CURVE('',#2814,#2815,#464,.T.);
#3459=EDGE_CURVE('',#2815,#2621,#2374,.T.);
#3460=EDGE_CURVE('',#2816,#2489,#465,.F.);
#3461=EDGE_CURVE('',#2816,#2817,#466,.T.);
#3462=EDGE_CURVE('',#2817,#2687,#467,.T.);
#3463=EDGE_CURVE('',#2818,#2755,#468,.T.);
#3464=EDGE_CURVE('',#2756,#2818,#469,.T.);
#3465=EDGE_CURVE('',#2819,#2751,#470,.T.);
#3466=EDGE_CURVE('',#2752,#2819,#471,.T.);
#3467=EDGE_CURVE('',#2820,#2749,#472,.T.);
#3468=EDGE_CURVE('',#2750,#2820,#473,.T.);
#3469=EDGE_CURVE('',#2821,#2747,#474,.T.);
#3470=EDGE_CURVE('',#2748,#2821,#475,.T.);
#3471=EDGE_CURVE('',#2822,#2745,#476,.T.);
#3472=EDGE_CURVE('',#2746,#2822,#477,.T.);
#3473=EDGE_CURVE('',#2823,#2743,#478,.T.);
#3474=EDGE_CURVE('',#2744,#2823,#479,.T.);
#3475=EDGE_CURVE('',#2824,#2741,#480,.T.);
#3476=EDGE_CURVE('',#2742,#2824,#481,.T.);
#3477=EDGE_CURVE('',#2825,#2739,#482,.T.);
#3478=EDGE_CURVE('',#2740,#2825,#483,.T.);
#3479=EDGE_CURVE('',#2826,#2737,#484,.T.);
#3480=EDGE_CURVE('',#2738,#2826,#485,.T.);
#3481=EDGE_CURVE('',#2827,#2735,#486,.T.);
#3482=EDGE_CURVE('',#2736,#2827,#487,.T.);
#3483=EDGE_CURVE('',#2828,#2733,#488,.T.);
#3484=EDGE_CURVE('',#2734,#2828,#489,.T.);
#3485=EDGE_CURVE('',#2829,#2731,#490,.T.);
#3486=EDGE_CURVE('',#2732,#2829,#491,.T.);
#3487=EDGE_CURVE('',#2830,#2729,#492,.T.);
#3488=EDGE_CURVE('',#2730,#2830,#493,.T.);
#3489=EDGE_CURVE('',#2831,#2727,#494,.T.);
#3490=EDGE_CURVE('',#2728,#2831,#495,.T.);
#3491=EDGE_CURVE('',#2832,#2725,#496,.T.);
#3492=EDGE_CURVE('',#2726,#2832,#497,.T.);
#3493=EDGE_CURVE('',#2833,#2723,#498,.T.);
#3494=EDGE_CURVE('',#2724,#2833,#499,.T.);
#3495=EDGE_CURVE('',#2834,#2721,#500,.T.);
#3496=EDGE_CURVE('',#2722,#2834,#501,.T.);
#3497=EDGE_CURVE('',#2835,#2719,#502,.T.);
#3498=EDGE_CURVE('',#2720,#2835,#503,.T.);
#3499=EDGE_CURVE('',#2836,#2717,#504,.T.);
#3500=EDGE_CURVE('',#2718,#2836,#505,.T.);
#3501=EDGE_CURVE('',#2837,#2715,#506,.T.);
#3502=EDGE_CURVE('',#2716,#2837,#507,.T.);
#3503=EDGE_CURVE('',#2838,#2713,#508,.T.);
#3504=EDGE_CURVE('',#2714,#2838,#509,.T.);
#3505=EDGE_CURVE('',#2839,#2711,#510,.T.);
#3506=EDGE_CURVE('',#2712,#2839,#511,.T.);
#3507=EDGE_CURVE('',#2840,#2709,#512,.T.);
#3508=EDGE_CURVE('',#2710,#2840,#513,.T.);
#3509=EDGE_CURVE('',#2841,#2707,#514,.T.);
#3510=EDGE_CURVE('',#2708,#2841,#515,.T.);
#3511=EDGE_CURVE('',#2842,#2705,#516,.T.);
#3512=EDGE_CURVE('',#2706,#2842,#517,.T.);
#3513=EDGE_CURVE('',#2843,#2703,#518,.T.);
#3514=EDGE_CURVE('',#2704,#2843,#519,.T.);
#3515=EDGE_CURVE('',#2844,#2701,#520,.T.);
#3516=EDGE_CURVE('',#2702,#2844,#521,.T.);
#3517=EDGE_CURVE('',#2845,#2699,#522,.T.);
#3518=EDGE_CURVE('',#2700,#2845,#523,.T.);
#3519=EDGE_CURVE('',#2846,#2697,#524,.T.);
#3520=EDGE_CURVE('',#2698,#2846,#525,.T.);
#3521=EDGE_CURVE('',#2847,#2695,#526,.T.);
#3522=EDGE_CURVE('',#2696,#2847,#527,.T.);
#3523=EDGE_CURVE('',#2848,#2693,#528,.T.);
#3524=EDGE_CURVE('',#2694,#2848,#529,.T.);
#3525=EDGE_CURVE('',#2849,#2691,#530,.T.);
#3526=EDGE_CURVE('',#2692,#2849,#531,.T.);
#3527=EDGE_CURVE('',#2850,#2689,#532,.T.);
#3528=EDGE_CURVE('',#2690,#2850,#533,.T.);
#3529=EDGE_CURVE('',#2688,#2817,#534,.T.);
#3530=EDGE_CURVE('',#2851,#2685,#535,.T.);
#3531=EDGE_CURVE('',#2686,#2851,#536,.T.);
#3532=EDGE_CURVE('',#2852,#2681,#537,.T.);
#3533=EDGE_CURVE('',#2682,#2852,#538,.T.);
#3534=EDGE_CURVE('',#2853,#2677,#539,.T.);
#3535=EDGE_CURVE('',#2678,#2853,#540,.T.);
#3536=EDGE_CURVE('',#2854,#2673,#541,.T.);
#3537=EDGE_CURVE('',#2674,#2854,#542,.T.);
#3538=EDGE_CURVE('',#2855,#2669,#543,.T.);
#3539=EDGE_CURVE('',#2670,#2855,#544,.T.);
#3540=EDGE_CURVE('',#2856,#2665,#545,.T.);
#3541=EDGE_CURVE('',#2666,#2856,#546,.T.);
#3542=EDGE_CURVE('',#2857,#2661,#547,.T.);
#3543=EDGE_CURVE('',#2662,#2857,#548,.T.);
#3544=EDGE_CURVE('',#2858,#2657,#549,.T.);
#3545=EDGE_CURVE('',#2658,#2858,#550,.T.);
#3546=EDGE_CURVE('',#2859,#2653,#551,.T.);
#3547=EDGE_CURVE('',#2654,#2859,#552,.T.);
#3548=EDGE_CURVE('',#2860,#2649,#553,.T.);
#3549=EDGE_CURVE('',#2650,#2860,#554,.T.);
#3550=EDGE_CURVE('',#2861,#2645,#555,.T.);
#3551=EDGE_CURVE('',#2646,#2861,#556,.T.);
#3552=EDGE_CURVE('',#2862,#2641,#557,.T.);
#3553=EDGE_CURVE('',#2642,#2862,#558,.T.);
#3554=EDGE_CURVE('',#2863,#2637,#559,.T.);
#3555=EDGE_CURVE('',#2638,#2863,#560,.T.);
#3556=EDGE_CURVE('',#2864,#2633,#561,.T.);
#3557=EDGE_CURVE('',#2634,#2864,#562,.T.);
#3558=EDGE_CURVE('',#2865,#2629,#563,.T.);
#3559=EDGE_CURVE('',#2630,#2865,#564,.T.);
#3560=EDGE_CURVE('',#2866,#2625,#565,.T.);
#3561=EDGE_CURVE('',#2626,#2866,#566,.T.);
#3562=EDGE_CURVE('',#2867,#2815,#567,.T.);
#3563=EDGE_CURVE('',#2622,#2867,#568,.T.);
#3564=EDGE_CURVE('',#2868,#2811,#569,.T.);
#3565=EDGE_CURVE('',#2812,#2868,#570,.T.);
#3566=EDGE_CURVE('',#2869,#2807,#571,.T.);
#3567=EDGE_CURVE('',#2808,#2869,#572,.T.);
#3568=EDGE_CURVE('',#2870,#2803,#573,.T.);
#3569=EDGE_CURVE('',#2804,#2870,#574,.T.);
#3570=EDGE_CURVE('',#2871,#2799,#575,.T.);
#3571=EDGE_CURVE('',#2800,#2871,#576,.T.);
#3572=EDGE_CURVE('',#2872,#2795,#577,.T.);
#3573=EDGE_CURVE('',#2796,#2872,#578,.T.);
#3574=EDGE_CURVE('',#2873,#2791,#579,.T.);
#3575=EDGE_CURVE('',#2792,#2873,#580,.T.);
#3576=EDGE_CURVE('',#2874,#2787,#581,.T.);
#3577=EDGE_CURVE('',#2788,#2874,#582,.T.);
#3578=EDGE_CURVE('',#2875,#2783,#583,.T.);
#3579=EDGE_CURVE('',#2784,#2875,#584,.T.);
#3580=EDGE_CURVE('',#2876,#2779,#585,.T.);
#3581=EDGE_CURVE('',#2780,#2876,#586,.T.);
#3582=EDGE_CURVE('',#2877,#2775,#587,.T.);
#3583=EDGE_CURVE('',#2776,#2877,#588,.T.);
#3584=EDGE_CURVE('',#2878,#2771,#589,.T.);
#3585=EDGE_CURVE('',#2772,#2878,#590,.T.);
#3586=EDGE_CURVE('',#2879,#2767,#591,.T.);
#3587=EDGE_CURVE('',#2768,#2879,#592,.T.);
#3588=EDGE_CURVE('',#2880,#2763,#593,.T.);
#3589=EDGE_CURVE('',#2764,#2880,#594,.T.);
#3590=EDGE_CURVE('',#2881,#2759,#595,.T.);
#3591=EDGE_CURVE('',#2760,#2881,#596,.T.);
#3592=EDGE_CURVE('',#2618,#2882,#597,.F.);
#3593=EDGE_CURVE('',#2882,#2820,#598,.T.);
#3594=EDGE_CURVE('',#2882,#2613,#599,.F.);
#3595=EDGE_CURVE('',#2614,#2883,#600,.F.);
#3596=EDGE_CURVE('',#2883,#2821,#601,.T.);
#3597=EDGE_CURVE('',#2883,#2609,#602,.F.);
#3598=EDGE_CURVE('',#2610,#2884,#603,.F.);
#3599=EDGE_CURVE('',#2884,#2822,#604,.T.);
#3600=EDGE_CURVE('',#2884,#2605,#605,.F.);
#3601=EDGE_CURVE('',#2606,#2885,#606,.F.);
#3602=EDGE_CURVE('',#2885,#2823,#607,.T.);
#3603=EDGE_CURVE('',#2885,#2601,#608,.F.);
#3604=EDGE_CURVE('',#2602,#2886,#609,.F.);
#3605=EDGE_CURVE('',#2886,#2824,#610,.T.);
#3606=EDGE_CURVE('',#2886,#2597,#611,.F.);
#3607=EDGE_CURVE('',#2598,#2887,#612,.F.);
#3608=EDGE_CURVE('',#2887,#2825,#613,.T.);
#3609=EDGE_CURVE('',#2887,#2593,#614,.F.);
#3610=EDGE_CURVE('',#2594,#2888,#615,.F.);
#3611=EDGE_CURVE('',#2888,#2826,#616,.T.);
#3612=EDGE_CURVE('',#2888,#2589,#617,.F.);
#3613=EDGE_CURVE('',#2590,#2889,#618,.F.);
#3614=EDGE_CURVE('',#2889,#2827,#619,.T.);
#3615=EDGE_CURVE('',#2889,#2585,#620,.F.);
#3616=EDGE_CURVE('',#2586,#2890,#621,.F.);
#3617=EDGE_CURVE('',#2890,#2828,#622,.T.);
#3618=EDGE_CURVE('',#2890,#2581,#623,.F.);
#3619=EDGE_CURVE('',#2582,#2891,#624,.F.);
#3620=EDGE_CURVE('',#2891,#2829,#625,.T.);
#3621=EDGE_CURVE('',#2891,#2577,#626,.F.);
#3622=EDGE_CURVE('',#2578,#2892,#627,.F.);
#3623=EDGE_CURVE('',#2892,#2830,#628,.T.);
#3624=EDGE_CURVE('',#2892,#2573,#629,.F.);
#3625=EDGE_CURVE('',#2574,#2893,#630,.F.);
#3626=EDGE_CURVE('',#2893,#2831,#631,.T.);
#3627=EDGE_CURVE('',#2893,#2569,#632,.F.);
#3628=EDGE_CURVE('',#2570,#2894,#633,.F.);
#3629=EDGE_CURVE('',#2894,#2832,#634,.T.);
#3630=EDGE_CURVE('',#2894,#2565,#635,.F.);
#3631=EDGE_CURVE('',#2566,#2895,#636,.F.);
#3632=EDGE_CURVE('',#2895,#2833,#637,.T.);
#3633=EDGE_CURVE('',#2895,#2561,#638,.F.);
#3634=EDGE_CURVE('',#2562,#2896,#639,.F.);
#3635=EDGE_CURVE('',#2896,#2834,#640,.T.);
#3636=EDGE_CURVE('',#2896,#2557,#641,.F.);
#3637=EDGE_CURVE('',#2558,#2897,#642,.F.);
#3638=EDGE_CURVE('',#2897,#2835,#643,.T.);
#3639=EDGE_CURVE('',#2897,#2553,#644,.F.);
#3640=EDGE_CURVE('',#2554,#2898,#645,.F.);
#3641=EDGE_CURVE('',#2898,#2836,#646,.T.);
#3642=EDGE_CURVE('',#2898,#2549,#647,.F.);
#3643=EDGE_CURVE('',#2550,#2899,#648,.F.);
#3644=EDGE_CURVE('',#2899,#2837,#649,.T.);
#3645=EDGE_CURVE('',#2899,#2545,#650,.F.);
#3646=EDGE_CURVE('',#2546,#2900,#651,.F.);
#3647=EDGE_CURVE('',#2900,#2838,#652,.T.);
#3648=EDGE_CURVE('',#2900,#2541,#653,.F.);
#3649=EDGE_CURVE('',#2542,#2901,#654,.F.);
#3650=EDGE_CURVE('',#2901,#2839,#655,.T.);
#3651=EDGE_CURVE('',#2901,#2537,#656,.F.);
#3652=EDGE_CURVE('',#2538,#2902,#657,.F.);
#3653=EDGE_CURVE('',#2902,#2840,#658,.T.);
#3654=EDGE_CURVE('',#2902,#2533,#659,.F.);
#3655=EDGE_CURVE('',#2534,#2903,#660,.F.);
#3656=EDGE_CURVE('',#2903,#2841,#661,.T.);
#3657=EDGE_CURVE('',#2903,#2529,#662,.F.);
#3658=EDGE_CURVE('',#2530,#2904,#663,.F.);
#3659=EDGE_CURVE('',#2904,#2842,#664,.T.);
#3660=EDGE_CURVE('',#2904,#2525,#665,.F.);
#3661=EDGE_CURVE('',#2526,#2905,#666,.F.);
#3662=EDGE_CURVE('',#2905,#2843,#667,.T.);
#3663=EDGE_CURVE('',#2905,#2521,#668,.F.);
#3664=EDGE_CURVE('',#2522,#2906,#669,.F.);
#3665=EDGE_CURVE('',#2906,#2844,#670,.T.);
#3666=EDGE_CURVE('',#2906,#2517,#671,.F.);
#3667=EDGE_CURVE('',#2518,#2907,#672,.F.);
#3668=EDGE_CURVE('',#2907,#2845,#673,.T.);
#3669=EDGE_CURVE('',#2907,#2513,#674,.F.);
#3670=EDGE_CURVE('',#2514,#2908,#675,.F.);
#3671=EDGE_CURVE('',#2908,#2846,#676,.T.);
#3672=EDGE_CURVE('',#2908,#2509,#677,.F.);
#3673=EDGE_CURVE('',#2510,#2909,#678,.F.);
#3674=EDGE_CURVE('',#2909,#2847,#679,.T.);
#3675=EDGE_CURVE('',#2909,#2505,#680,.F.);
#3676=EDGE_CURVE('',#2506,#2910,#681,.F.);
#3677=EDGE_CURVE('',#2910,#2848,#682,.T.);
#3678=EDGE_CURVE('',#2910,#2501,#683,.F.);
#3679=EDGE_CURVE('',#2502,#2911,#684,.F.);
#3680=EDGE_CURVE('',#2911,#2849,#685,.T.);
#3681=EDGE_CURVE('',#2911,#2497,#686,.F.);
#3682=EDGE_CURVE('',#2498,#2912,#687,.F.);
#3683=EDGE_CURVE('',#2912,#2850,#688,.T.);
#3684=EDGE_CURVE('',#2912,#2493,#689,.F.);
#3685=EDGE_CURVE('',#2494,#2816,#690,.F.);
#3686=EDGE_CURVE('',#2490,#2913,#691,.F.);
#3687=EDGE_CURVE('',#2913,#2851,#692,.T.);
#3688=EDGE_CURVE('',#2913,#2914,#693,.F.);
#3689=EDGE_CURVE('',#2914,#2684,#694,.T.);
#3690=EDGE_CURVE('',#2914,#2915,#2375,.T.);
#3691=EDGE_CURVE('',#2683,#2915,#695,.T.);
#3692=EDGE_CURVE('',#2915,#2916,#696,.F.);
#3693=EDGE_CURVE('',#2916,#2852,#697,.T.);
#3694=EDGE_CURVE('',#2916,#2917,#698,.F.);
#3695=EDGE_CURVE('',#2917,#2680,#699,.T.);
#3696=EDGE_CURVE('',#2917,#2918,#2376,.T.);
#3697=EDGE_CURVE('',#2679,#2918,#700,.T.);
#3698=EDGE_CURVE('',#2918,#2919,#701,.F.);
#3699=EDGE_CURVE('',#2919,#2853,#702,.T.);
#3700=EDGE_CURVE('',#2919,#2920,#703,.F.);
#3701=EDGE_CURVE('',#2920,#2676,#704,.T.);
#3702=EDGE_CURVE('',#2920,#2921,#2377,.T.);
#3703=EDGE_CURVE('',#2675,#2921,#705,.T.);
#3704=EDGE_CURVE('',#2921,#2922,#706,.F.);
#3705=EDGE_CURVE('',#2922,#2854,#707,.T.);
#3706=EDGE_CURVE('',#2922,#2923,#708,.F.);
#3707=EDGE_CURVE('',#2923,#2672,#709,.T.);
#3708=EDGE_CURVE('',#2923,#2924,#2378,.T.);
#3709=EDGE_CURVE('',#2671,#2924,#710,.T.);
#3710=EDGE_CURVE('',#2924,#2925,#711,.F.);
#3711=EDGE_CURVE('',#2925,#2855,#712,.T.);
#3712=EDGE_CURVE('',#2925,#2926,#713,.F.);
#3713=EDGE_CURVE('',#2926,#2668,#714,.T.);
#3714=EDGE_CURVE('',#2926,#2927,#2379,.T.);
#3715=EDGE_CURVE('',#2667,#2927,#715,.T.);
#3716=EDGE_CURVE('',#2927,#2928,#716,.F.);
#3717=EDGE_CURVE('',#2928,#2856,#717,.T.);
#3718=EDGE_CURVE('',#2928,#2929,#718,.F.);
#3719=EDGE_CURVE('',#2929,#2664,#719,.T.);
#3720=EDGE_CURVE('',#2929,#2930,#2380,.T.);
#3721=EDGE_CURVE('',#2663,#2930,#720,.T.);
#3722=EDGE_CURVE('',#2930,#2931,#721,.F.);
#3723=EDGE_CURVE('',#2931,#2857,#722,.T.);
#3724=EDGE_CURVE('',#2931,#2932,#723,.F.);
#3725=EDGE_CURVE('',#2932,#2660,#724,.T.);
#3726=EDGE_CURVE('',#2932,#2933,#2381,.T.);
#3727=EDGE_CURVE('',#2659,#2933,#725,.T.);
#3728=EDGE_CURVE('',#2933,#2934,#726,.F.);
#3729=EDGE_CURVE('',#2934,#2858,#727,.T.);
#3730=EDGE_CURVE('',#2934,#2935,#728,.F.);
#3731=EDGE_CURVE('',#2935,#2656,#729,.T.);
#3732=EDGE_CURVE('',#2935,#2936,#2382,.T.);
#3733=EDGE_CURVE('',#2655,#2936,#730,.T.);
#3734=EDGE_CURVE('',#2936,#2937,#731,.F.);
#3735=EDGE_CURVE('',#2937,#2859,#732,.T.);
#3736=EDGE_CURVE('',#2937,#2938,#733,.F.);
#3737=EDGE_CURVE('',#2938,#2652,#734,.T.);
#3738=EDGE_CURVE('',#2938,#2939,#2383,.T.);
#3739=EDGE_CURVE('',#2651,#2939,#735,.T.);
#3740=EDGE_CURVE('',#2939,#2940,#736,.F.);
#3741=EDGE_CURVE('',#2940,#2860,#737,.T.);
#3742=EDGE_CURVE('',#2940,#2941,#738,.F.);
#3743=EDGE_CURVE('',#2941,#2648,#739,.T.);
#3744=EDGE_CURVE('',#2941,#2942,#2384,.T.);
#3745=EDGE_CURVE('',#2647,#2942,#740,.T.);
#3746=EDGE_CURVE('',#2942,#2943,#741,.F.);
#3747=EDGE_CURVE('',#2943,#2861,#742,.T.);
#3748=EDGE_CURVE('',#2943,#2944,#743,.F.);
#3749=EDGE_CURVE('',#2944,#2644,#744,.T.);
#3750=EDGE_CURVE('',#2944,#2945,#2385,.T.);
#3751=EDGE_CURVE('',#2643,#2945,#745,.T.);
#3752=EDGE_CURVE('',#2945,#2946,#746,.F.);
#3753=EDGE_CURVE('',#2946,#2862,#747,.T.);
#3754=EDGE_CURVE('',#2946,#2947,#748,.F.);
#3755=EDGE_CURVE('',#2947,#2640,#749,.T.);
#3756=EDGE_CURVE('',#2947,#2948,#2386,.T.);
#3757=EDGE_CURVE('',#2639,#2948,#750,.T.);
#3758=EDGE_CURVE('',#2948,#2949,#751,.F.);
#3759=EDGE_CURVE('',#2949,#2863,#752,.T.);
#3760=EDGE_CURVE('',#2949,#2950,#753,.F.);
#3761=EDGE_CURVE('',#2950,#2636,#754,.T.);
#3762=EDGE_CURVE('',#2950,#2951,#2387,.T.);
#3763=EDGE_CURVE('',#2635,#2951,#755,.T.);
#3764=EDGE_CURVE('',#2951,#2952,#756,.F.);
#3765=EDGE_CURVE('',#2952,#2864,#757,.T.);
#3766=EDGE_CURVE('',#2952,#2953,#758,.F.);
#3767=EDGE_CURVE('',#2953,#2632,#759,.T.);
#3768=EDGE_CURVE('',#2953,#2954,#2388,.T.);
#3769=EDGE_CURVE('',#2631,#2954,#760,.T.);
#3770=EDGE_CURVE('',#2954,#2955,#761,.F.);
#3771=EDGE_CURVE('',#2955,#2865,#762,.T.);
#3772=EDGE_CURVE('',#2955,#2956,#763,.F.);
#3773=EDGE_CURVE('',#2956,#2628,#764,.T.);
#3774=EDGE_CURVE('',#2956,#2957,#2389,.T.);
#3775=EDGE_CURVE('',#2627,#2957,#765,.T.);
#3776=EDGE_CURVE('',#2957,#2958,#766,.F.);
#3777=EDGE_CURVE('',#2958,#2866,#767,.T.);
#3778=EDGE_CURVE('',#2958,#2959,#768,.F.);
#3779=EDGE_CURVE('',#2959,#2624,#769,.T.);
#3780=EDGE_CURVE('',#2959,#2960,#2390,.T.);
#3781=EDGE_CURVE('',#2623,#2960,#770,.T.);
#3782=EDGE_CURVE('',#2960,#2961,#771,.F.);
#3783=EDGE_CURVE('',#2961,#2867,#772,.T.);
#3784=EDGE_CURVE('',#2961,#2962,#773,.F.);
#3785=EDGE_CURVE('',#2962,#2814,#774,.T.);
#3786=EDGE_CURVE('',#2962,#2963,#2391,.T.);
#3787=EDGE_CURVE('',#2813,#2963,#775,.T.);
#3788=EDGE_CURVE('',#2963,#2964,#776,.F.);
#3789=EDGE_CURVE('',#2964,#2868,#777,.T.);
#3790=EDGE_CURVE('',#2964,#2965,#778,.F.);
#3791=EDGE_CURVE('',#2965,#2810,#779,.T.);
#3792=EDGE_CURVE('',#2965,#2966,#2392,.T.);
#3793=EDGE_CURVE('',#2809,#2966,#780,.T.);
#3794=EDGE_CURVE('',#2966,#2967,#781,.F.);
#3795=EDGE_CURVE('',#2967,#2869,#782,.T.);
#3796=EDGE_CURVE('',#2967,#2968,#783,.F.);
#3797=EDGE_CURVE('',#2968,#2806,#784,.T.);
#3798=EDGE_CURVE('',#2968,#2969,#2393,.T.);
#3799=EDGE_CURVE('',#2805,#2969,#785,.T.);
#3800=EDGE_CURVE('',#2969,#2970,#786,.F.);
#3801=EDGE_CURVE('',#2970,#2870,#787,.T.);
#3802=EDGE_CURVE('',#2970,#2971,#788,.F.);
#3803=EDGE_CURVE('',#2971,#2802,#789,.T.);
#3804=EDGE_CURVE('',#2971,#2972,#2394,.T.);
#3805=EDGE_CURVE('',#2801,#2972,#790,.T.);
#3806=EDGE_CURVE('',#2972,#2973,#791,.F.);
#3807=EDGE_CURVE('',#2973,#2871,#792,.T.);
#3808=EDGE_CURVE('',#2973,#2974,#793,.F.);
#3809=EDGE_CURVE('',#2974,#2798,#794,.T.);
#3810=EDGE_CURVE('',#2974,#2975,#2395,.T.);
#3811=EDGE_CURVE('',#2797,#2975,#795,.T.);
#3812=EDGE_CURVE('',#2975,#2976,#796,.F.);
#3813=EDGE_CURVE('',#2976,#2872,#797,.T.);
#3814=EDGE_CURVE('',#2976,#2977,#798,.F.);
#3815=EDGE_CURVE('',#2977,#2794,#799,.T.);
#3816=EDGE_CURVE('',#2977,#2978,#2396,.T.);
#3817=EDGE_CURVE('',#2793,#2978,#800,.T.);
#3818=EDGE_CURVE('',#2978,#2979,#801,.F.);
#3819=EDGE_CURVE('',#2979,#2873,#802,.T.);
#3820=EDGE_CURVE('',#2979,#2980,#803,.F.);
#3821=EDGE_CURVE('',#2980,#2790,#804,.T.);
#3822=EDGE_CURVE('',#2980,#2981,#2397,.T.);
#3823=EDGE_CURVE('',#2789,#2981,#805,.T.);
#3824=EDGE_CURVE('',#2981,#2982,#806,.F.);
#3825=EDGE_CURVE('',#2982,#2874,#807,.T.);
#3826=EDGE_CURVE('',#2982,#2983,#808,.F.);
#3827=EDGE_CURVE('',#2983,#2786,#809,.T.);
#3828=EDGE_CURVE('',#2983,#2984,#2398,.T.);
#3829=EDGE_CURVE('',#2785,#2984,#810,.T.);
#3830=EDGE_CURVE('',#2984,#2985,#811,.F.);
#3831=EDGE_CURVE('',#2985,#2875,#812,.T.);
#3832=EDGE_CURVE('',#2985,#2986,#813,.F.);
#3833=EDGE_CURVE('',#2986,#2782,#814,.T.);
#3834=EDGE_CURVE('',#2986,#2987,#2399,.T.);
#3835=EDGE_CURVE('',#2781,#2987,#815,.T.);
#3836=EDGE_CURVE('',#2987,#2988,#816,.F.);
#3837=EDGE_CURVE('',#2988,#2876,#817,.T.);
#3838=EDGE_CURVE('',#2988,#2989,#818,.F.);
#3839=EDGE_CURVE('',#2989,#2778,#819,.T.);
#3840=EDGE_CURVE('',#2989,#2990,#2400,.T.);
#3841=EDGE_CURVE('',#2777,#2990,#820,.T.);
#3842=EDGE_CURVE('',#2990,#2991,#821,.F.);
#3843=EDGE_CURVE('',#2991,#2877,#822,.T.);
#3844=EDGE_CURVE('',#2991,#2992,#823,.F.);
#3845=EDGE_CURVE('',#2992,#2774,#824,.T.);
#3846=EDGE_CURVE('',#2992,#2993,#2401,.T.);
#3847=EDGE_CURVE('',#2773,#2993,#825,.T.);
#3848=EDGE_CURVE('',#2993,#2994,#826,.F.);
#3849=EDGE_CURVE('',#2994,#2878,#827,.T.);
#3850=EDGE_CURVE('',#2994,#2995,#828,.F.);
#3851=EDGE_CURVE('',#2995,#2770,#829,.T.);
#3852=EDGE_CURVE('',#2995,#2996,#2402,.T.);
#3853=EDGE_CURVE('',#2769,#2996,#830,.T.);
#3854=EDGE_CURVE('',#2996,#2997,#831,.F.);
#3855=EDGE_CURVE('',#2997,#2879,#832,.T.);
#3856=EDGE_CURVE('',#2997,#2998,#833,.F.);
#3857=EDGE_CURVE('',#2998,#2766,#834,.T.);
#3858=EDGE_CURVE('',#2998,#2999,#2403,.T.);
#3859=EDGE_CURVE('',#2765,#2999,#835,.T.);
#3860=EDGE_CURVE('',#2999,#3000,#836,.F.);
#3861=EDGE_CURVE('',#3000,#2880,#837,.T.);
#3862=EDGE_CURVE('',#3000,#3001,#838,.F.);
#3863=EDGE_CURVE('',#3001,#2762,#839,.T.);
#3864=EDGE_CURVE('',#3001,#3002,#2404,.T.);
#3865=EDGE_CURVE('',#2761,#3002,#840,.T.);
#3866=EDGE_CURVE('',#3002,#3003,#841,.F.);
#3867=EDGE_CURVE('',#3003,#2881,#842,.T.);
#3868=EDGE_CURVE('',#3003,#3004,#843,.F.);
#3869=EDGE_CURVE('',#3004,#2758,#844,.T.);
#3870=EDGE_CURVE('',#3004,#3005,#2405,.T.);
#3871=EDGE_CURVE('',#2757,#3005,#845,.T.);
#3872=EDGE_CURVE('',#3005,#3006,#846,.F.);
#3873=EDGE_CURVE('',#3006,#2818,#847,.T.);
#3874=EDGE_CURVE('',#3006,#3007,#848,.F.);
#3875=EDGE_CURVE('',#3007,#2754,#849,.T.);
#3876=EDGE_CURVE('',#3007,#3008,#2406,.T.);
#3877=EDGE_CURVE('',#2753,#3008,#850,.T.);
#3878=EDGE_CURVE('',#3008,#3009,#851,.F.);
#3879=EDGE_CURVE('',#3009,#2819,#852,.T.);
#3880=EDGE_CURVE('',#3009,#2617,#853,.F.);
#3881=EDGE_CURVE('',#3010,#2487,#2407,.T.);
#3882=EDGE_CURVE('',#2483,#3011,#2408,.T.);
#3883=EDGE_CURVE('',#3012,#3011,#854,.T.);
#3884=EDGE_CURVE('',#3012,#3013,#2409,.T.);
#3885=EDGE_CURVE('',#3013,#3010,#855,.T.);
#3886=EDGE_CURVE('',#3014,#2478,#2410,.T.);
#3887=EDGE_CURVE('',#3014,#3015,#2411,.T.);
#3888=EDGE_CURVE('',#3015,#3016,#2412,.T.);
#3889=EDGE_CURVE('',#3016,#3017,#2413,.T.);
#3890=EDGE_CURVE('',#3017,#3018,#2414,.T.);
#3891=EDGE_CURVE('',#3018,#3011,#2415,.T.);
#3892=EDGE_CURVE('',#3019,#3020,#2416,.T.);
#3893=EDGE_CURVE('',#3019,#3015,#856,.T.);
#3894=EDGE_CURVE('',#3020,#3014,#857,.T.);
#3895=EDGE_CURVE('',#3021,#3019,#2417,.T.);
#3896=EDGE_CURVE('',#3021,#3016,#858,.T.);
#3897=EDGE_CURVE('',#3022,#3021,#2418,.T.);
#3898=EDGE_CURVE('',#3022,#3017,#859,.T.);
#3899=EDGE_CURVE('',#3023,#3022,#2419,.T.);
#3900=EDGE_CURVE('',#3023,#3018,#860,.T.);
#3901=EDGE_CURVE('',#3012,#3023,#2420,.T.);
#3902=EDGE_CURVE('',#3024,#3025,#2421,.T.);
#3903=EDGE_CURVE('',#3025,#3026,#2422,.T.);
#3904=EDGE_CURVE('',#3026,#3027,#2423,.T.);
#3905=EDGE_CURVE('',#3027,#3028,#2424,.T.);
#3906=EDGE_CURVE('',#3028,#3013,#2425,.T.);
#3907=EDGE_CURVE('',#3024,#3020,#2426,.T.);
#3908=EDGE_CURVE('',#3029,#3029,#2427,.T.);
#3909=EDGE_CURVE('',#2474,#3030,#2428,.T.);
#3910=EDGE_CURVE('',#3024,#3030,#861,.T.);
#3911=EDGE_CURVE('',#3010,#3031,#2429,.T.);
#3912=EDGE_CURVE('',#3031,#3032,#2430,.T.);
#3913=EDGE_CURVE('',#3032,#3033,#2431,.T.);
#3914=EDGE_CURVE('',#3033,#3034,#2432,.T.);
#3915=EDGE_CURVE('',#3034,#3030,#2433,.T.);
#3916=EDGE_CURVE('',#3028,#3031,#862,.T.);
#3917=EDGE_CURVE('',#3027,#3032,#863,.T.);
#3918=EDGE_CURVE('',#3026,#3033,#864,.T.);
#3919=EDGE_CURVE('',#3025,#3034,#865,.T.);
#3920=EDGE_CURVE('',#3035,#3035,#2434,.F.);
#3921=EDGE_CURVE('',#3029,#3035,#866,.T.);
#3922=EDGE_CURVE('',#2460,#3036,#2435,.T.);
#3923=EDGE_CURVE('',#3036,#2485,#867,.T.);
#3924=EDGE_CURVE('',#3036,#2463,#2436,.T.);
#3925=EDGE_CURVE('',#2466,#3037,#2437,.T.);
#3926=EDGE_CURVE('',#3037,#2481,#868,.T.);
#3927=EDGE_CURVE('',#3037,#2469,#2438,.T.);
#3928=ORIENTED_EDGE('',*,*,#3038,.F.);
#3929=ORIENTED_EDGE('',*,*,#3039,.F.);
#3930=ORIENTED_EDGE('',*,*,#3038,.T.);
#3931=ORIENTED_EDGE('',*,*,#3040,.T.);
#3932=ORIENTED_EDGE('',*,*,#3041,.F.);
#3933=ORIENTED_EDGE('',*,*,#3040,.F.);
#3934=ORIENTED_EDGE('',*,*,#3041,.T.);
#3935=ORIENTED_EDGE('',*,*,#3042,.F.);
#3936=ORIENTED_EDGE('',*,*,#3043,.F.);
#3937=ORIENTED_EDGE('',*,*,#3044,.F.);
#3938=ORIENTED_EDGE('',*,*,#3045,.F.);
#3939=ORIENTED_EDGE('',*,*,#3046,.T.);
#3940=ORIENTED_EDGE('',*,*,#3042,.T.);
#3941=ORIENTED_EDGE('',*,*,#3043,.T.);
#3942=ORIENTED_EDGE('',*,*,#3046,.F.);
#3943=ORIENTED_EDGE('',*,*,#3047,.T.);
#3944=ORIENTED_EDGE('',*,*,#3044,.T.);
#3945=ORIENTED_EDGE('',*,*,#3045,.T.);
#3946=ORIENTED_EDGE('',*,*,#3047,.F.);
#3947=ORIENTED_EDGE('',*,*,#3048,.F.);
#3948=ORIENTED_EDGE('',*,*,#3049,.T.);
#3949=ORIENTED_EDGE('',*,*,#3050,.T.);
#3950=ORIENTED_EDGE('',*,*,#3051,.T.);
#3951=ORIENTED_EDGE('',*,*,#3050,.F.);
#3952=ORIENTED_EDGE('',*,*,#3052,.F.);
#3953=ORIENTED_EDGE('',*,*,#3049,.F.);
#3954=ORIENTED_EDGE('',*,*,#3053,.T.);
#3955=ORIENTED_EDGE('',*,*,#3054,.T.);
#3956=ORIENTED_EDGE('',*,*,#3051,.F.);
#3957=ORIENTED_EDGE('',*,*,#3054,.F.);
#3958=ORIENTED_EDGE('',*,*,#3055,.F.);
#3959=ORIENTED_EDGE('',*,*,#3056,.F.);
#3960=ORIENTED_EDGE('',*,*,#3057,.T.);
#3961=ORIENTED_EDGE('',*,*,#3058,.T.);
#3962=ORIENTED_EDGE('',*,*,#3059,.F.);
#3963=ORIENTED_EDGE('',*,*,#3060,.T.);
#3964=ORIENTED_EDGE('',*,*,#3061,.T.);
#3965=ORIENTED_EDGE('',*,*,#3056,.T.);
#3966=ORIENTED_EDGE('',*,*,#3062,.F.);
#3967=ORIENTED_EDGE('',*,*,#3063,.F.);
#3968=ORIENTED_EDGE('',*,*,#3064,.T.);
#3969=ORIENTED_EDGE('',*,*,#3065,.T.);
#3970=ORIENTED_EDGE('',*,*,#3066,.F.);
#3971=ORIENTED_EDGE('',*,*,#3067,.T.);
#3972=ORIENTED_EDGE('',*,*,#3068,.T.);
#3973=ORIENTED_EDGE('',*,*,#3063,.T.);
#3974=ORIENTED_EDGE('',*,*,#3057,.F.);
#3975=ORIENTED_EDGE('',*,*,#3069,.T.);
#3976=ORIENTED_EDGE('',*,*,#3070,.F.);
#3977=ORIENTED_EDGE('',*,*,#3071,.F.);
#3978=ORIENTED_EDGE('',*,*,#3061,.F.);
#3979=ORIENTED_EDGE('',*,*,#3072,.T.);
#3980=ORIENTED_EDGE('',*,*,#3073,.F.);
#3981=ORIENTED_EDGE('',*,*,#3074,.F.);
#3982=ORIENTED_EDGE('',*,*,#3075,.F.);
#3983=ORIENTED_EDGE('',*,*,#3069,.F.);
#3984=ORIENTED_EDGE('',*,*,#3064,.F.);
#3985=ORIENTED_EDGE('',*,*,#3076,.T.);
#3986=ORIENTED_EDGE('',*,*,#3077,.F.);
#3987=ORIENTED_EDGE('',*,*,#3078,.F.);
#3988=ORIENTED_EDGE('',*,*,#3079,.F.);
#3989=ORIENTED_EDGE('',*,*,#3080,.F.);
#3990=ORIENTED_EDGE('',*,*,#3068,.F.);
#3991=ORIENTED_EDGE('',*,*,#3081,.T.);
#3992=ORIENTED_EDGE('',*,*,#3082,.F.);
#3993=ORIENTED_EDGE('',*,*,#3076,.F.);
#3994=ORIENTED_EDGE('',*,*,#3083,.F.);
#3995=ORIENTED_EDGE('',*,*,#3084,.T.);
#3996=ORIENTED_EDGE('',*,*,#3085,.F.);
#3997=ORIENTED_EDGE('',*,*,#3086,.F.);
#3998=ORIENTED_EDGE('',*,*,#3087,.F.);
#3999=ORIENTED_EDGE('',*,*,#3081,.F.);
#4000=ORIENTED_EDGE('',*,*,#3088,.F.);
#4001=ORIENTED_EDGE('',*,*,#3080,.T.);
#4002=ORIENTED_EDGE('',*,*,#3089,.F.);
#4003=ORIENTED_EDGE('',*,*,#3084,.F.);
#4004=ORIENTED_EDGE('',*,*,#3090,.F.);
#4005=ORIENTED_EDGE('',*,*,#3071,.T.);
#4006=ORIENTED_EDGE('',*,*,#3091,.F.);
#4007=ORIENTED_EDGE('',*,*,#3092,.F.);
#4008=ORIENTED_EDGE('',*,*,#3093,.F.);
#4009=ORIENTED_EDGE('',*,*,#3094,.F.);
#4010=ORIENTED_EDGE('',*,*,#3095,.F.);
#4011=ORIENTED_EDGE('',*,*,#3094,.T.);
#4012=ORIENTED_EDGE('',*,*,#3096,.F.);
#4013=ORIENTED_EDGE('',*,*,#3072,.F.);
#4014=ORIENTED_EDGE('',*,*,#3053,.F.);
#4015=ORIENTED_EDGE('',*,*,#3091,.T.);
#4016=ORIENTED_EDGE('',*,*,#3070,.T.);
#4017=ORIENTED_EDGE('',*,*,#3075,.T.);
#4018=ORIENTED_EDGE('',*,*,#3097,.T.);
#4019=ORIENTED_EDGE('',*,*,#3077,.T.);
#4020=ORIENTED_EDGE('',*,*,#3082,.T.);
#4021=ORIENTED_EDGE('',*,*,#3087,.T.);
#4022=ORIENTED_EDGE('',*,*,#3098,.T.);
#4023=ORIENTED_EDGE('',*,*,#3099,.F.);
#4024=ORIENTED_EDGE('',*,*,#3100,.T.);
#4025=ORIENTED_EDGE('',*,*,#3101,.T.);
#4026=ORIENTED_EDGE('',*,*,#3102,.T.);
#4027=ORIENTED_EDGE('',*,*,#3103,.F.);
#4028=ORIENTED_EDGE('',*,*,#3104,.T.);
#4029=ORIENTED_EDGE('',*,*,#3105,.T.);
#4030=ORIENTED_EDGE('',*,*,#3106,.T.);
#4031=ORIENTED_EDGE('',*,*,#3107,.F.);
#4032=ORIENTED_EDGE('',*,*,#3108,.T.);
#4033=ORIENTED_EDGE('',*,*,#3109,.T.);
#4034=ORIENTED_EDGE('',*,*,#3110,.T.);
#4035=ORIENTED_EDGE('',*,*,#3111,.F.);
#4036=ORIENTED_EDGE('',*,*,#3112,.T.);
#4037=ORIENTED_EDGE('',*,*,#3113,.T.);
#4038=ORIENTED_EDGE('',*,*,#3114,.T.);
#4039=ORIENTED_EDGE('',*,*,#3115,.F.);
#4040=ORIENTED_EDGE('',*,*,#3116,.T.);
#4041=ORIENTED_EDGE('',*,*,#3117,.T.);
#4042=ORIENTED_EDGE('',*,*,#3118,.T.);
#4043=ORIENTED_EDGE('',*,*,#3119,.F.);
#4044=ORIENTED_EDGE('',*,*,#3120,.T.);
#4045=ORIENTED_EDGE('',*,*,#3121,.T.);
#4046=ORIENTED_EDGE('',*,*,#3122,.T.);
#4047=ORIENTED_EDGE('',*,*,#3123,.F.);
#4048=ORIENTED_EDGE('',*,*,#3124,.T.);
#4049=ORIENTED_EDGE('',*,*,#3125,.T.);
#4050=ORIENTED_EDGE('',*,*,#3126,.T.);
#4051=ORIENTED_EDGE('',*,*,#3127,.F.);
#4052=ORIENTED_EDGE('',*,*,#3128,.T.);
#4053=ORIENTED_EDGE('',*,*,#3129,.T.);
#4054=ORIENTED_EDGE('',*,*,#3130,.T.);
#4055=ORIENTED_EDGE('',*,*,#3131,.F.);
#4056=ORIENTED_EDGE('',*,*,#3132,.T.);
#4057=ORIENTED_EDGE('',*,*,#3133,.T.);
#4058=ORIENTED_EDGE('',*,*,#3134,.T.);
#4059=ORIENTED_EDGE('',*,*,#3135,.F.);
#4060=ORIENTED_EDGE('',*,*,#3136,.T.);
#4061=ORIENTED_EDGE('',*,*,#3137,.T.);
#4062=ORIENTED_EDGE('',*,*,#3138,.T.);
#4063=ORIENTED_EDGE('',*,*,#3139,.F.);
#4064=ORIENTED_EDGE('',*,*,#3140,.T.);
#4065=ORIENTED_EDGE('',*,*,#3141,.T.);
#4066=ORIENTED_EDGE('',*,*,#3142,.T.);
#4067=ORIENTED_EDGE('',*,*,#3143,.F.);
#4068=ORIENTED_EDGE('',*,*,#3144,.T.);
#4069=ORIENTED_EDGE('',*,*,#3145,.T.);
#4070=ORIENTED_EDGE('',*,*,#3146,.T.);
#4071=ORIENTED_EDGE('',*,*,#3147,.F.);
#4072=ORIENTED_EDGE('',*,*,#3148,.T.);
#4073=ORIENTED_EDGE('',*,*,#3149,.T.);
#4074=ORIENTED_EDGE('',*,*,#3150,.T.);
#4075=ORIENTED_EDGE('',*,*,#3151,.F.);
#4076=ORIENTED_EDGE('',*,*,#3152,.T.);
#4077=ORIENTED_EDGE('',*,*,#3153,.T.);
#4078=ORIENTED_EDGE('',*,*,#3154,.T.);
#4079=ORIENTED_EDGE('',*,*,#3155,.F.);
#4080=ORIENTED_EDGE('',*,*,#3156,.T.);
#4081=ORIENTED_EDGE('',*,*,#3157,.T.);
#4082=ORIENTED_EDGE('',*,*,#3158,.T.);
#4083=ORIENTED_EDGE('',*,*,#3159,.F.);
#4084=ORIENTED_EDGE('',*,*,#3160,.T.);
#4085=ORIENTED_EDGE('',*,*,#3161,.T.);
#4086=ORIENTED_EDGE('',*,*,#3162,.T.);
#4087=ORIENTED_EDGE('',*,*,#3163,.F.);
#4088=ORIENTED_EDGE('',*,*,#3164,.T.);
#4089=ORIENTED_EDGE('',*,*,#3165,.T.);
#4090=ORIENTED_EDGE('',*,*,#3166,.T.);
#4091=ORIENTED_EDGE('',*,*,#3167,.F.);
#4092=ORIENTED_EDGE('',*,*,#3168,.T.);
#4093=ORIENTED_EDGE('',*,*,#3169,.T.);
#4094=ORIENTED_EDGE('',*,*,#3170,.T.);
#4095=ORIENTED_EDGE('',*,*,#3171,.F.);
#4096=ORIENTED_EDGE('',*,*,#3172,.T.);
#4097=ORIENTED_EDGE('',*,*,#3173,.T.);
#4098=ORIENTED_EDGE('',*,*,#3174,.T.);
#4099=ORIENTED_EDGE('',*,*,#3175,.F.);
#4100=ORIENTED_EDGE('',*,*,#3176,.T.);
#4101=ORIENTED_EDGE('',*,*,#3177,.T.);
#4102=ORIENTED_EDGE('',*,*,#3178,.T.);
#4103=ORIENTED_EDGE('',*,*,#3179,.F.);
#4104=ORIENTED_EDGE('',*,*,#3180,.T.);
#4105=ORIENTED_EDGE('',*,*,#3181,.T.);
#4106=ORIENTED_EDGE('',*,*,#3182,.T.);
#4107=ORIENTED_EDGE('',*,*,#3183,.F.);
#4108=ORIENTED_EDGE('',*,*,#3184,.T.);
#4109=ORIENTED_EDGE('',*,*,#3185,.T.);
#4110=ORIENTED_EDGE('',*,*,#3186,.T.);
#4111=ORIENTED_EDGE('',*,*,#3187,.F.);
#4112=ORIENTED_EDGE('',*,*,#3188,.T.);
#4113=ORIENTED_EDGE('',*,*,#3189,.T.);
#4114=ORIENTED_EDGE('',*,*,#3190,.T.);
#4115=ORIENTED_EDGE('',*,*,#3191,.F.);
#4116=ORIENTED_EDGE('',*,*,#3192,.T.);
#4117=ORIENTED_EDGE('',*,*,#3193,.T.);
#4118=ORIENTED_EDGE('',*,*,#3194,.T.);
#4119=ORIENTED_EDGE('',*,*,#3195,.F.);
#4120=ORIENTED_EDGE('',*,*,#3196,.T.);
#4121=ORIENTED_EDGE('',*,*,#3197,.T.);
#4122=ORIENTED_EDGE('',*,*,#3198,.T.);
#4123=ORIENTED_EDGE('',*,*,#3199,.F.);
#4124=ORIENTED_EDGE('',*,*,#3200,.T.);
#4125=ORIENTED_EDGE('',*,*,#3201,.T.);
#4126=ORIENTED_EDGE('',*,*,#3202,.T.);
#4127=ORIENTED_EDGE('',*,*,#3203,.F.);
#4128=ORIENTED_EDGE('',*,*,#3204,.T.);
#4129=ORIENTED_EDGE('',*,*,#3205,.T.);
#4130=ORIENTED_EDGE('',*,*,#3206,.T.);
#4131=ORIENTED_EDGE('',*,*,#3207,.F.);
#4132=ORIENTED_EDGE('',*,*,#3208,.T.);
#4133=ORIENTED_EDGE('',*,*,#3209,.T.);
#4134=ORIENTED_EDGE('',*,*,#3210,.T.);
#4135=ORIENTED_EDGE('',*,*,#3211,.F.);
#4136=ORIENTED_EDGE('',*,*,#3212,.T.);
#4137=ORIENTED_EDGE('',*,*,#3213,.T.);
#4138=ORIENTED_EDGE('',*,*,#3214,.T.);
#4139=ORIENTED_EDGE('',*,*,#3215,.F.);
#4140=ORIENTED_EDGE('',*,*,#3216,.T.);
#4141=ORIENTED_EDGE('',*,*,#3217,.T.);
#4142=ORIENTED_EDGE('',*,*,#3218,.T.);
#4143=ORIENTED_EDGE('',*,*,#3219,.F.);
#4144=ORIENTED_EDGE('',*,*,#3220,.T.);
#4145=ORIENTED_EDGE('',*,*,#3221,.T.);
#4146=ORIENTED_EDGE('',*,*,#3222,.T.);
#4147=ORIENTED_EDGE('',*,*,#3223,.F.);
#4148=ORIENTED_EDGE('',*,*,#3224,.T.);
#4149=ORIENTED_EDGE('',*,*,#3225,.T.);
#4150=ORIENTED_EDGE('',*,*,#3226,.T.);
#4151=ORIENTED_EDGE('',*,*,#3227,.F.);
#4152=ORIENTED_EDGE('',*,*,#3228,.T.);
#4153=ORIENTED_EDGE('',*,*,#3229,.T.);
#4154=ORIENTED_EDGE('',*,*,#3230,.T.);
#4155=ORIENTED_EDGE('',*,*,#3052,.T.);
#4156=ORIENTED_EDGE('',*,*,#3231,.T.);
#4157=ORIENTED_EDGE('',*,*,#3232,.T.);
#4158=ORIENTED_EDGE('',*,*,#3233,.T.);
#4159=ORIENTED_EDGE('',*,*,#3234,.F.);
#4160=ORIENTED_EDGE('',*,*,#3235,.T.);
#4161=ORIENTED_EDGE('',*,*,#3236,.T.);
#4162=ORIENTED_EDGE('',*,*,#3237,.T.);
#4163=ORIENTED_EDGE('',*,*,#3238,.F.);
#4164=ORIENTED_EDGE('',*,*,#3239,.T.);
#4165=ORIENTED_EDGE('',*,*,#3240,.T.);
#4166=ORIENTED_EDGE('',*,*,#3241,.T.);
#4167=ORIENTED_EDGE('',*,*,#3242,.F.);
#4168=ORIENTED_EDGE('',*,*,#3243,.T.);
#4169=ORIENTED_EDGE('',*,*,#3244,.T.);
#4170=ORIENTED_EDGE('',*,*,#3245,.T.);
#4171=ORIENTED_EDGE('',*,*,#3246,.F.);
#4172=ORIENTED_EDGE('',*,*,#3247,.T.);
#4173=ORIENTED_EDGE('',*,*,#3248,.T.);
#4174=ORIENTED_EDGE('',*,*,#3249,.T.);
#4175=ORIENTED_EDGE('',*,*,#3250,.F.);
#4176=ORIENTED_EDGE('',*,*,#3251,.T.);
#4177=ORIENTED_EDGE('',*,*,#3252,.T.);
#4178=ORIENTED_EDGE('',*,*,#3253,.T.);
#4179=ORIENTED_EDGE('',*,*,#3254,.F.);
#4180=ORIENTED_EDGE('',*,*,#3255,.T.);
#4181=ORIENTED_EDGE('',*,*,#3256,.T.);
#4182=ORIENTED_EDGE('',*,*,#3257,.T.);
#4183=ORIENTED_EDGE('',*,*,#3258,.F.);
#4184=ORIENTED_EDGE('',*,*,#3259,.T.);
#4185=ORIENTED_EDGE('',*,*,#3260,.T.);
#4186=ORIENTED_EDGE('',*,*,#3261,.T.);
#4187=ORIENTED_EDGE('',*,*,#3262,.F.);
#4188=ORIENTED_EDGE('',*,*,#3263,.T.);
#4189=ORIENTED_EDGE('',*,*,#3264,.T.);
#4190=ORIENTED_EDGE('',*,*,#3265,.T.);
#4191=ORIENTED_EDGE('',*,*,#3266,.F.);
#4192=ORIENTED_EDGE('',*,*,#3267,.T.);
#4193=ORIENTED_EDGE('',*,*,#3268,.T.);
#4194=ORIENTED_EDGE('',*,*,#3269,.T.);
#4195=ORIENTED_EDGE('',*,*,#3270,.F.);
#4196=ORIENTED_EDGE('',*,*,#3271,.T.);
#4197=ORIENTED_EDGE('',*,*,#3272,.T.);
#4198=ORIENTED_EDGE('',*,*,#3273,.T.);
#4199=ORIENTED_EDGE('',*,*,#3274,.F.);
#4200=ORIENTED_EDGE('',*,*,#3275,.T.);
#4201=ORIENTED_EDGE('',*,*,#3276,.T.);
#4202=ORIENTED_EDGE('',*,*,#3277,.T.);
#4203=ORIENTED_EDGE('',*,*,#3278,.F.);
#4204=ORIENTED_EDGE('',*,*,#3279,.T.);
#4205=ORIENTED_EDGE('',*,*,#3280,.T.);
#4206=ORIENTED_EDGE('',*,*,#3281,.T.);
#4207=ORIENTED_EDGE('',*,*,#3282,.F.);
#4208=ORIENTED_EDGE('',*,*,#3283,.T.);
#4209=ORIENTED_EDGE('',*,*,#3284,.T.);
#4210=ORIENTED_EDGE('',*,*,#3285,.T.);
#4211=ORIENTED_EDGE('',*,*,#3286,.F.);
#4212=ORIENTED_EDGE('',*,*,#3287,.T.);
#4213=ORIENTED_EDGE('',*,*,#3288,.T.);
#4214=ORIENTED_EDGE('',*,*,#3289,.T.);
#4215=ORIENTED_EDGE('',*,*,#3290,.F.);
#4216=ORIENTED_EDGE('',*,*,#3291,.T.);
#4217=ORIENTED_EDGE('',*,*,#3292,.T.);
#4218=ORIENTED_EDGE('',*,*,#3293,.T.);
#4219=ORIENTED_EDGE('',*,*,#3294,.F.);
#4220=ORIENTED_EDGE('',*,*,#3295,.T.);
#4221=ORIENTED_EDGE('',*,*,#3296,.T.);
#4222=ORIENTED_EDGE('',*,*,#3297,.T.);
#4223=ORIENTED_EDGE('',*,*,#3101,.F.);
#4224=ORIENTED_EDGE('',*,*,#3298,.T.);
#4225=ORIENTED_EDGE('',*,*,#3299,.T.);
#4226=ORIENTED_EDGE('',*,*,#3300,.T.);
#4227=ORIENTED_EDGE('',*,*,#3105,.F.);
#4228=ORIENTED_EDGE('',*,*,#3301,.T.);
#4229=ORIENTED_EDGE('',*,*,#3302,.T.);
#4230=ORIENTED_EDGE('',*,*,#3303,.T.);
#4231=ORIENTED_EDGE('',*,*,#3109,.F.);
#4232=ORIENTED_EDGE('',*,*,#3304,.T.);
#4233=ORIENTED_EDGE('',*,*,#3305,.T.);
#4234=ORIENTED_EDGE('',*,*,#3306,.T.);
#4235=ORIENTED_EDGE('',*,*,#3113,.F.);
#4236=ORIENTED_EDGE('',*,*,#3307,.T.);
#4237=ORIENTED_EDGE('',*,*,#3308,.T.);
#4238=ORIENTED_EDGE('',*,*,#3309,.T.);
#4239=ORIENTED_EDGE('',*,*,#3117,.F.);
#4240=ORIENTED_EDGE('',*,*,#3310,.T.);
#4241=ORIENTED_EDGE('',*,*,#3311,.T.);
#4242=ORIENTED_EDGE('',*,*,#3312,.T.);
#4243=ORIENTED_EDGE('',*,*,#3121,.F.);
#4244=ORIENTED_EDGE('',*,*,#3313,.T.);
#4245=ORIENTED_EDGE('',*,*,#3314,.T.);
#4246=ORIENTED_EDGE('',*,*,#3315,.T.);
#4247=ORIENTED_EDGE('',*,*,#3125,.F.);
#4248=ORIENTED_EDGE('',*,*,#3316,.T.);
#4249=ORIENTED_EDGE('',*,*,#3317,.T.);
#4250=ORIENTED_EDGE('',*,*,#3318,.T.);
#4251=ORIENTED_EDGE('',*,*,#3129,.F.);
#4252=ORIENTED_EDGE('',*,*,#3319,.T.);
#4253=ORIENTED_EDGE('',*,*,#3320,.T.);
#4254=ORIENTED_EDGE('',*,*,#3321,.T.);
#4255=ORIENTED_EDGE('',*,*,#3133,.F.);
#4256=ORIENTED_EDGE('',*,*,#3322,.T.);
#4257=ORIENTED_EDGE('',*,*,#3323,.T.);
#4258=ORIENTED_EDGE('',*,*,#3324,.T.);
#4259=ORIENTED_EDGE('',*,*,#3137,.F.);
#4260=ORIENTED_EDGE('',*,*,#3325,.T.);
#4261=ORIENTED_EDGE('',*,*,#3326,.T.);
#4262=ORIENTED_EDGE('',*,*,#3327,.T.);
#4263=ORIENTED_EDGE('',*,*,#3141,.F.);
#4264=ORIENTED_EDGE('',*,*,#3328,.T.);
#4265=ORIENTED_EDGE('',*,*,#3329,.T.);
#4266=ORIENTED_EDGE('',*,*,#3330,.T.);
#4267=ORIENTED_EDGE('',*,*,#3145,.F.);
#4268=ORIENTED_EDGE('',*,*,#3331,.T.);
#4269=ORIENTED_EDGE('',*,*,#3332,.T.);
#4270=ORIENTED_EDGE('',*,*,#3333,.T.);
#4271=ORIENTED_EDGE('',*,*,#3149,.F.);
#4272=ORIENTED_EDGE('',*,*,#3334,.T.);
#4273=ORIENTED_EDGE('',*,*,#3335,.T.);
#4274=ORIENTED_EDGE('',*,*,#3336,.T.);
#4275=ORIENTED_EDGE('',*,*,#3153,.F.);
#4276=ORIENTED_EDGE('',*,*,#3337,.T.);
#4277=ORIENTED_EDGE('',*,*,#3338,.T.);
#4278=ORIENTED_EDGE('',*,*,#3339,.T.);
#4279=ORIENTED_EDGE('',*,*,#3157,.F.);
#4280=ORIENTED_EDGE('',*,*,#3340,.T.);
#4281=ORIENTED_EDGE('',*,*,#3341,.T.);
#4282=ORIENTED_EDGE('',*,*,#3342,.T.);
#4283=ORIENTED_EDGE('',*,*,#3161,.F.);
#4284=ORIENTED_EDGE('',*,*,#3343,.T.);
#4285=ORIENTED_EDGE('',*,*,#3344,.T.);
#4286=ORIENTED_EDGE('',*,*,#3345,.T.);
#4287=ORIENTED_EDGE('',*,*,#3165,.F.);
#4288=ORIENTED_EDGE('',*,*,#3346,.T.);
#4289=ORIENTED_EDGE('',*,*,#3347,.T.);
#4290=ORIENTED_EDGE('',*,*,#3348,.T.);
#4291=ORIENTED_EDGE('',*,*,#3169,.F.);
#4292=ORIENTED_EDGE('',*,*,#3349,.T.);
#4293=ORIENTED_EDGE('',*,*,#3350,.T.);
#4294=ORIENTED_EDGE('',*,*,#3351,.T.);
#4295=ORIENTED_EDGE('',*,*,#3173,.F.);
#4296=ORIENTED_EDGE('',*,*,#3352,.T.);
#4297=ORIENTED_EDGE('',*,*,#3353,.T.);
#4298=ORIENTED_EDGE('',*,*,#3354,.T.);
#4299=ORIENTED_EDGE('',*,*,#3177,.F.);
#4300=ORIENTED_EDGE('',*,*,#3355,.T.);
#4301=ORIENTED_EDGE('',*,*,#3356,.T.);
#4302=ORIENTED_EDGE('',*,*,#3357,.T.);
#4303=ORIENTED_EDGE('',*,*,#3181,.F.);
#4304=ORIENTED_EDGE('',*,*,#3358,.T.);
#4305=ORIENTED_EDGE('',*,*,#3359,.T.);
#4306=ORIENTED_EDGE('',*,*,#3360,.T.);
#4307=ORIENTED_EDGE('',*,*,#3185,.F.);
#4308=ORIENTED_EDGE('',*,*,#3361,.T.);
#4309=ORIENTED_EDGE('',*,*,#3362,.T.);
#4310=ORIENTED_EDGE('',*,*,#3363,.T.);
#4311=ORIENTED_EDGE('',*,*,#3189,.F.);
#4312=ORIENTED_EDGE('',*,*,#3364,.T.);
#4313=ORIENTED_EDGE('',*,*,#3365,.T.);
#4314=ORIENTED_EDGE('',*,*,#3366,.T.);
#4315=ORIENTED_EDGE('',*,*,#3193,.F.);
#4316=ORIENTED_EDGE('',*,*,#3367,.T.);
#4317=ORIENTED_EDGE('',*,*,#3368,.T.);
#4318=ORIENTED_EDGE('',*,*,#3369,.T.);
#4319=ORIENTED_EDGE('',*,*,#3197,.F.);
#4320=ORIENTED_EDGE('',*,*,#3370,.T.);
#4321=ORIENTED_EDGE('',*,*,#3371,.T.);
#4322=ORIENTED_EDGE('',*,*,#3372,.T.);
#4323=ORIENTED_EDGE('',*,*,#3201,.F.);
#4324=ORIENTED_EDGE('',*,*,#3373,.T.);
#4325=ORIENTED_EDGE('',*,*,#3374,.T.);
#4326=ORIENTED_EDGE('',*,*,#3375,.T.);
#4327=ORIENTED_EDGE('',*,*,#3205,.F.);
#4328=ORIENTED_EDGE('',*,*,#3376,.T.);
#4329=ORIENTED_EDGE('',*,*,#3377,.T.);
#4330=ORIENTED_EDGE('',*,*,#3378,.T.);
#4331=ORIENTED_EDGE('',*,*,#3209,.F.);
#4332=ORIENTED_EDGE('',*,*,#3379,.T.);
#4333=ORIENTED_EDGE('',*,*,#3380,.T.);
#4334=ORIENTED_EDGE('',*,*,#3381,.T.);
#4335=ORIENTED_EDGE('',*,*,#3213,.F.);
#4336=ORIENTED_EDGE('',*,*,#3382,.T.);
#4337=ORIENTED_EDGE('',*,*,#3383,.T.);
#4338=ORIENTED_EDGE('',*,*,#3384,.T.);
#4339=ORIENTED_EDGE('',*,*,#3217,.F.);
#4340=ORIENTED_EDGE('',*,*,#3385,.T.);
#4341=ORIENTED_EDGE('',*,*,#3386,.T.);
#4342=ORIENTED_EDGE('',*,*,#3387,.T.);
#4343=ORIENTED_EDGE('',*,*,#3221,.F.);
#4344=ORIENTED_EDGE('',*,*,#3388,.T.);
#4345=ORIENTED_EDGE('',*,*,#3389,.T.);
#4346=ORIENTED_EDGE('',*,*,#3390,.T.);
#4347=ORIENTED_EDGE('',*,*,#3225,.F.);
#4348=ORIENTED_EDGE('',*,*,#3391,.T.);
#4349=ORIENTED_EDGE('',*,*,#3392,.T.);
#4350=ORIENTED_EDGE('',*,*,#3393,.T.);
#4351=ORIENTED_EDGE('',*,*,#3229,.F.);
#4352=ORIENTED_EDGE('',*,*,#3394,.T.);
#4353=ORIENTED_EDGE('',*,*,#3395,.T.);
#4354=ORIENTED_EDGE('',*,*,#3396,.T.);
#4355=ORIENTED_EDGE('',*,*,#3397,.F.);
#4356=ORIENTED_EDGE('',*,*,#3398,.T.);
#4357=ORIENTED_EDGE('',*,*,#3399,.T.);
#4358=ORIENTED_EDGE('',*,*,#3400,.T.);
#4359=ORIENTED_EDGE('',*,*,#3401,.F.);
#4360=ORIENTED_EDGE('',*,*,#3402,.T.);
#4361=ORIENTED_EDGE('',*,*,#3403,.T.);
#4362=ORIENTED_EDGE('',*,*,#3404,.T.);
#4363=ORIENTED_EDGE('',*,*,#3405,.F.);
#4364=ORIENTED_EDGE('',*,*,#3406,.T.);
#4365=ORIENTED_EDGE('',*,*,#3407,.T.);
#4366=ORIENTED_EDGE('',*,*,#3408,.T.);
#4367=ORIENTED_EDGE('',*,*,#3409,.F.);
#4368=ORIENTED_EDGE('',*,*,#3410,.T.);
#4369=ORIENTED_EDGE('',*,*,#3411,.T.);
#4370=ORIENTED_EDGE('',*,*,#3412,.T.);
#4371=ORIENTED_EDGE('',*,*,#3413,.F.);
#4372=ORIENTED_EDGE('',*,*,#3414,.T.);
#4373=ORIENTED_EDGE('',*,*,#3415,.T.);
#4374=ORIENTED_EDGE('',*,*,#3416,.T.);
#4375=ORIENTED_EDGE('',*,*,#3417,.F.);
#4376=ORIENTED_EDGE('',*,*,#3418,.T.);
#4377=ORIENTED_EDGE('',*,*,#3419,.T.);
#4378=ORIENTED_EDGE('',*,*,#3420,.T.);
#4379=ORIENTED_EDGE('',*,*,#3421,.F.);
#4380=ORIENTED_EDGE('',*,*,#3422,.T.);
#4381=ORIENTED_EDGE('',*,*,#3423,.T.);
#4382=ORIENTED_EDGE('',*,*,#3424,.T.);
#4383=ORIENTED_EDGE('',*,*,#3425,.F.);
#4384=ORIENTED_EDGE('',*,*,#3426,.T.);
#4385=ORIENTED_EDGE('',*,*,#3427,.T.);
#4386=ORIENTED_EDGE('',*,*,#3428,.T.);
#4387=ORIENTED_EDGE('',*,*,#3429,.F.);
#4388=ORIENTED_EDGE('',*,*,#3430,.T.);
#4389=ORIENTED_EDGE('',*,*,#3431,.T.);
#4390=ORIENTED_EDGE('',*,*,#3432,.T.);
#4391=ORIENTED_EDGE('',*,*,#3433,.F.);
#4392=ORIENTED_EDGE('',*,*,#3434,.T.);
#4393=ORIENTED_EDGE('',*,*,#3435,.T.);
#4394=ORIENTED_EDGE('',*,*,#3436,.T.);
#4395=ORIENTED_EDGE('',*,*,#3437,.F.);
#4396=ORIENTED_EDGE('',*,*,#3438,.T.);
#4397=ORIENTED_EDGE('',*,*,#3439,.T.);
#4398=ORIENTED_EDGE('',*,*,#3440,.T.);
#4399=ORIENTED_EDGE('',*,*,#3441,.F.);
#4400=ORIENTED_EDGE('',*,*,#3442,.T.);
#4401=ORIENTED_EDGE('',*,*,#3443,.T.);
#4402=ORIENTED_EDGE('',*,*,#3444,.T.);
#4403=ORIENTED_EDGE('',*,*,#3445,.F.);
#4404=ORIENTED_EDGE('',*,*,#3446,.T.);
#4405=ORIENTED_EDGE('',*,*,#3447,.T.);
#4406=ORIENTED_EDGE('',*,*,#3448,.T.);
#4407=ORIENTED_EDGE('',*,*,#3449,.F.);
#4408=ORIENTED_EDGE('',*,*,#3450,.T.);
#4409=ORIENTED_EDGE('',*,*,#3451,.T.);
#4410=ORIENTED_EDGE('',*,*,#3452,.T.);
#4411=ORIENTED_EDGE('',*,*,#3453,.F.);
#4412=ORIENTED_EDGE('',*,*,#3454,.T.);
#4413=ORIENTED_EDGE('',*,*,#3455,.T.);
#4414=ORIENTED_EDGE('',*,*,#3456,.T.);
#4415=ORIENTED_EDGE('',*,*,#3457,.F.);
#4416=ORIENTED_EDGE('',*,*,#3458,.T.);
#4417=ORIENTED_EDGE('',*,*,#3459,.T.);
#4418=ORIENTED_EDGE('',*,*,#3231,.F.);
#4419=ORIENTED_EDGE('',*,*,#3460,.F.);
#4420=ORIENTED_EDGE('',*,*,#3461,.T.);
#4421=ORIENTED_EDGE('',*,*,#3462,.T.);
#4422=ORIENTED_EDGE('',*,*,#3298,.F.);
#4423=ORIENTED_EDGE('',*,*,#3100,.F.);
#4424=ORIENTED_EDGE('',*,*,#3399,.F.);
#4425=ORIENTED_EDGE('',*,*,#3463,.F.);
#4426=ORIENTED_EDGE('',*,*,#3464,.F.);
#4427=ORIENTED_EDGE('',*,*,#3395,.F.);
#4428=ORIENTED_EDGE('',*,*,#3465,.F.);
#4429=ORIENTED_EDGE('',*,*,#3466,.F.);
#4430=ORIENTED_EDGE('',*,*,#3392,.F.);
#4431=ORIENTED_EDGE('',*,*,#3467,.F.);
#4432=ORIENTED_EDGE('',*,*,#3468,.F.);
#4433=ORIENTED_EDGE('',*,*,#3389,.F.);
#4434=ORIENTED_EDGE('',*,*,#3469,.F.);
#4435=ORIENTED_EDGE('',*,*,#3470,.F.);
#4436=ORIENTED_EDGE('',*,*,#3386,.F.);
#4437=ORIENTED_EDGE('',*,*,#3471,.F.);
#4438=ORIENTED_EDGE('',*,*,#3472,.F.);
#4439=ORIENTED_EDGE('',*,*,#3383,.F.);
#4440=ORIENTED_EDGE('',*,*,#3473,.F.);
#4441=ORIENTED_EDGE('',*,*,#3474,.F.);
#4442=ORIENTED_EDGE('',*,*,#3380,.F.);
#4443=ORIENTED_EDGE('',*,*,#3475,.F.);
#4444=ORIENTED_EDGE('',*,*,#3476,.F.);
#4445=ORIENTED_EDGE('',*,*,#3377,.F.);
#4446=ORIENTED_EDGE('',*,*,#3477,.F.);
#4447=ORIENTED_EDGE('',*,*,#3478,.F.);
#4448=ORIENTED_EDGE('',*,*,#3374,.F.);
#4449=ORIENTED_EDGE('',*,*,#3479,.F.);
#4450=ORIENTED_EDGE('',*,*,#3480,.F.);
#4451=ORIENTED_EDGE('',*,*,#3371,.F.);
#4452=ORIENTED_EDGE('',*,*,#3481,.F.);
#4453=ORIENTED_EDGE('',*,*,#3482,.F.);
#4454=ORIENTED_EDGE('',*,*,#3368,.F.);
#4455=ORIENTED_EDGE('',*,*,#3483,.F.);
#4456=ORIENTED_EDGE('',*,*,#3484,.F.);
#4457=ORIENTED_EDGE('',*,*,#3365,.F.);
#4458=ORIENTED_EDGE('',*,*,#3485,.F.);
#4459=ORIENTED_EDGE('',*,*,#3486,.F.);
#4460=ORIENTED_EDGE('',*,*,#3362,.F.);
#4461=ORIENTED_EDGE('',*,*,#3487,.F.);
#4462=ORIENTED_EDGE('',*,*,#3488,.F.);
#4463=ORIENTED_EDGE('',*,*,#3359,.F.);
#4464=ORIENTED_EDGE('',*,*,#3489,.F.);
#4465=ORIENTED_EDGE('',*,*,#3490,.F.);
#4466=ORIENTED_EDGE('',*,*,#3356,.F.);
#4467=ORIENTED_EDGE('',*,*,#3491,.F.);
#4468=ORIENTED_EDGE('',*,*,#3492,.F.);
#4469=ORIENTED_EDGE('',*,*,#3353,.F.);
#4470=ORIENTED_EDGE('',*,*,#3493,.F.);
#4471=ORIENTED_EDGE('',*,*,#3494,.F.);
#4472=ORIENTED_EDGE('',*,*,#3350,.F.);
#4473=ORIENTED_EDGE('',*,*,#3495,.F.);
#4474=ORIENTED_EDGE('',*,*,#3496,.F.);
#4475=ORIENTED_EDGE('',*,*,#3347,.F.);
#4476=ORIENTED_EDGE('',*,*,#3497,.F.);
#4477=ORIENTED_EDGE('',*,*,#3498,.F.);
#4478=ORIENTED_EDGE('',*,*,#3344,.F.);
#4479=ORIENTED_EDGE('',*,*,#3499,.F.);
#4480=ORIENTED_EDGE('',*,*,#3500,.F.);
#4481=ORIENTED_EDGE('',*,*,#3341,.F.);
#4482=ORIENTED_EDGE('',*,*,#3501,.F.);
#4483=ORIENTED_EDGE('',*,*,#3502,.F.);
#4484=ORIENTED_EDGE('',*,*,#3338,.F.);
#4485=ORIENTED_EDGE('',*,*,#3503,.F.);
#4486=ORIENTED_EDGE('',*,*,#3504,.F.);
#4487=ORIENTED_EDGE('',*,*,#3335,.F.);
#4488=ORIENTED_EDGE('',*,*,#3505,.F.);
#4489=ORIENTED_EDGE('',*,*,#3506,.F.);
#4490=ORIENTED_EDGE('',*,*,#3332,.F.);
#4491=ORIENTED_EDGE('',*,*,#3507,.F.);
#4492=ORIENTED_EDGE('',*,*,#3508,.F.);
#4493=ORIENTED_EDGE('',*,*,#3329,.F.);
#4494=ORIENTED_EDGE('',*,*,#3509,.F.);
#4495=ORIENTED_EDGE('',*,*,#3510,.F.);
#4496=ORIENTED_EDGE('',*,*,#3326,.F.);
#4497=ORIENTED_EDGE('',*,*,#3511,.F.);
#4498=ORIENTED_EDGE('',*,*,#3512,.F.);
#4499=ORIENTED_EDGE('',*,*,#3323,.F.);
#4500=ORIENTED_EDGE('',*,*,#3513,.F.);
#4501=ORIENTED_EDGE('',*,*,#3514,.F.);
#4502=ORIENTED_EDGE('',*,*,#3320,.F.);
#4503=ORIENTED_EDGE('',*,*,#3515,.F.);
#4504=ORIENTED_EDGE('',*,*,#3516,.F.);
#4505=ORIENTED_EDGE('',*,*,#3317,.F.);
#4506=ORIENTED_EDGE('',*,*,#3517,.F.);
#4507=ORIENTED_EDGE('',*,*,#3518,.F.);
#4508=ORIENTED_EDGE('',*,*,#3314,.F.);
#4509=ORIENTED_EDGE('',*,*,#3519,.F.);
#4510=ORIENTED_EDGE('',*,*,#3520,.F.);
#4511=ORIENTED_EDGE('',*,*,#3311,.F.);
#4512=ORIENTED_EDGE('',*,*,#3521,.F.);
#4513=ORIENTED_EDGE('',*,*,#3522,.F.);
#4514=ORIENTED_EDGE('',*,*,#3308,.F.);
#4515=ORIENTED_EDGE('',*,*,#3523,.F.);
#4516=ORIENTED_EDGE('',*,*,#3524,.F.);
#4517=ORIENTED_EDGE('',*,*,#3305,.F.);
#4518=ORIENTED_EDGE('',*,*,#3525,.F.);
#4519=ORIENTED_EDGE('',*,*,#3526,.F.);
#4520=ORIENTED_EDGE('',*,*,#3302,.F.);
#4521=ORIENTED_EDGE('',*,*,#3527,.F.);
#4522=ORIENTED_EDGE('',*,*,#3528,.F.);
#4523=ORIENTED_EDGE('',*,*,#3299,.F.);
#4524=ORIENTED_EDGE('',*,*,#3462,.F.);
#4525=ORIENTED_EDGE('',*,*,#3529,.F.);
#4526=ORIENTED_EDGE('',*,*,#3296,.F.);
#4527=ORIENTED_EDGE('',*,*,#3530,.F.);
#4528=ORIENTED_EDGE('',*,*,#3531,.F.);
#4529=ORIENTED_EDGE('',*,*,#3292,.F.);
#4530=ORIENTED_EDGE('',*,*,#3532,.F.);
#4531=ORIENTED_EDGE('',*,*,#3533,.F.);
#4532=ORIENTED_EDGE('',*,*,#3288,.F.);
#4533=ORIENTED_EDGE('',*,*,#3534,.F.);
#4534=ORIENTED_EDGE('',*,*,#3535,.F.);
#4535=ORIENTED_EDGE('',*,*,#3284,.F.);
#4536=ORIENTED_EDGE('',*,*,#3536,.F.);
#4537=ORIENTED_EDGE('',*,*,#3537,.F.);
#4538=ORIENTED_EDGE('',*,*,#3280,.F.);
#4539=ORIENTED_EDGE('',*,*,#3538,.F.);
#4540=ORIENTED_EDGE('',*,*,#3539,.F.);
#4541=ORIENTED_EDGE('',*,*,#3276,.F.);
#4542=ORIENTED_EDGE('',*,*,#3540,.F.);
#4543=ORIENTED_EDGE('',*,*,#3541,.F.);
#4544=ORIENTED_EDGE('',*,*,#3272,.F.);
#4545=ORIENTED_EDGE('',*,*,#3542,.F.);
#4546=ORIENTED_EDGE('',*,*,#3543,.F.);
#4547=ORIENTED_EDGE('',*,*,#3268,.F.);
#4548=ORIENTED_EDGE('',*,*,#3544,.F.);
#4549=ORIENTED_EDGE('',*,*,#3545,.F.);
#4550=ORIENTED_EDGE('',*,*,#3264,.F.);
#4551=ORIENTED_EDGE('',*,*,#3546,.F.);
#4552=ORIENTED_EDGE('',*,*,#3547,.F.);
#4553=ORIENTED_EDGE('',*,*,#3260,.F.);
#4554=ORIENTED_EDGE('',*,*,#3548,.F.);
#4555=ORIENTED_EDGE('',*,*,#3549,.F.);
#4556=ORIENTED_EDGE('',*,*,#3256,.F.);
#4557=ORIENTED_EDGE('',*,*,#3550,.F.);
#4558=ORIENTED_EDGE('',*,*,#3551,.F.);
#4559=ORIENTED_EDGE('',*,*,#3252,.F.);
#4560=ORIENTED_EDGE('',*,*,#3552,.F.);
#4561=ORIENTED_EDGE('',*,*,#3553,.F.);
#4562=ORIENTED_EDGE('',*,*,#3248,.F.);
#4563=ORIENTED_EDGE('',*,*,#3554,.F.);
#4564=ORIENTED_EDGE('',*,*,#3555,.F.);
#4565=ORIENTED_EDGE('',*,*,#3244,.F.);
#4566=ORIENTED_EDGE('',*,*,#3556,.F.);
#4567=ORIENTED_EDGE('',*,*,#3557,.F.);
#4568=ORIENTED_EDGE('',*,*,#3240,.F.);
#4569=ORIENTED_EDGE('',*,*,#3558,.F.);
#4570=ORIENTED_EDGE('',*,*,#3559,.F.);
#4571=ORIENTED_EDGE('',*,*,#3236,.F.);
#4572=ORIENTED_EDGE('',*,*,#3560,.F.);
#4573=ORIENTED_EDGE('',*,*,#3561,.F.);
#4574=ORIENTED_EDGE('',*,*,#3459,.F.);
#4575=ORIENTED_EDGE('',*,*,#3562,.F.);
#4576=ORIENTED_EDGE('',*,*,#3563,.F.);
#4577=ORIENTED_EDGE('',*,*,#3232,.F.);
#4578=ORIENTED_EDGE('',*,*,#3455,.F.);
#4579=ORIENTED_EDGE('',*,*,#3564,.F.);
#4580=ORIENTED_EDGE('',*,*,#3565,.F.);
#4581=ORIENTED_EDGE('',*,*,#3451,.F.);
#4582=ORIENTED_EDGE('',*,*,#3566,.F.);
#4583=ORIENTED_EDGE('',*,*,#3567,.F.);
#4584=ORIENTED_EDGE('',*,*,#3447,.F.);
#4585=ORIENTED_EDGE('',*,*,#3568,.F.);
#4586=ORIENTED_EDGE('',*,*,#3569,.F.);
#4587=ORIENTED_EDGE('',*,*,#3443,.F.);
#4588=ORIENTED_EDGE('',*,*,#3570,.F.);
#4589=ORIENTED_EDGE('',*,*,#3571,.F.);
#4590=ORIENTED_EDGE('',*,*,#3439,.F.);
#4591=ORIENTED_EDGE('',*,*,#3572,.F.);
#4592=ORIENTED_EDGE('',*,*,#3573,.F.);
#4593=ORIENTED_EDGE('',*,*,#3435,.F.);
#4594=ORIENTED_EDGE('',*,*,#3574,.F.);
#4595=ORIENTED_EDGE('',*,*,#3575,.F.);
#4596=ORIENTED_EDGE('',*,*,#3431,.F.);
#4597=ORIENTED_EDGE('',*,*,#3576,.F.);
#4598=ORIENTED_EDGE('',*,*,#3577,.F.);
#4599=ORIENTED_EDGE('',*,*,#3427,.F.);
#4600=ORIENTED_EDGE('',*,*,#3578,.F.);
#4601=ORIENTED_EDGE('',*,*,#3579,.F.);
#4602=ORIENTED_EDGE('',*,*,#3423,.F.);
#4603=ORIENTED_EDGE('',*,*,#3580,.F.);
#4604=ORIENTED_EDGE('',*,*,#3581,.F.);
#4605=ORIENTED_EDGE('',*,*,#3419,.F.);
#4606=ORIENTED_EDGE('',*,*,#3582,.F.);
#4607=ORIENTED_EDGE('',*,*,#3583,.F.);
#4608=ORIENTED_EDGE('',*,*,#3415,.F.);
#4609=ORIENTED_EDGE('',*,*,#3584,.F.);
#4610=ORIENTED_EDGE('',*,*,#3585,.F.);
#4611=ORIENTED_EDGE('',*,*,#3411,.F.);
#4612=ORIENTED_EDGE('',*,*,#3586,.F.);
#4613=ORIENTED_EDGE('',*,*,#3587,.F.);
#4614=ORIENTED_EDGE('',*,*,#3407,.F.);
#4615=ORIENTED_EDGE('',*,*,#3588,.F.);
#4616=ORIENTED_EDGE('',*,*,#3589,.F.);
#4617=ORIENTED_EDGE('',*,*,#3403,.F.);
#4618=ORIENTED_EDGE('',*,*,#3590,.F.);
#4619=ORIENTED_EDGE('',*,*,#3591,.F.);
#4620=ORIENTED_EDGE('',*,*,#3592,.F.);
#4621=ORIENTED_EDGE('',*,*,#3230,.F.);
#4622=ORIENTED_EDGE('',*,*,#3393,.F.);
#4623=ORIENTED_EDGE('',*,*,#3468,.T.);
#4624=ORIENTED_EDGE('',*,*,#3593,.F.);
#4625=ORIENTED_EDGE('',*,*,#3594,.F.);
#4626=ORIENTED_EDGE('',*,*,#3593,.T.);
#4627=ORIENTED_EDGE('',*,*,#3467,.T.);
#4628=ORIENTED_EDGE('',*,*,#3391,.F.);
#4629=ORIENTED_EDGE('',*,*,#3224,.F.);
#4630=ORIENTED_EDGE('',*,*,#3595,.F.);
#4631=ORIENTED_EDGE('',*,*,#3226,.F.);
#4632=ORIENTED_EDGE('',*,*,#3390,.F.);
#4633=ORIENTED_EDGE('',*,*,#3470,.T.);
#4634=ORIENTED_EDGE('',*,*,#3596,.F.);
#4635=ORIENTED_EDGE('',*,*,#3597,.F.);
#4636=ORIENTED_EDGE('',*,*,#3596,.T.);
#4637=ORIENTED_EDGE('',*,*,#3469,.T.);
#4638=ORIENTED_EDGE('',*,*,#3388,.F.);
#4639=ORIENTED_EDGE('',*,*,#3220,.F.);
#4640=ORIENTED_EDGE('',*,*,#3598,.F.);
#4641=ORIENTED_EDGE('',*,*,#3222,.F.);
#4642=ORIENTED_EDGE('',*,*,#3387,.F.);
#4643=ORIENTED_EDGE('',*,*,#3472,.T.);
#4644=ORIENTED_EDGE('',*,*,#3599,.F.);
#4645=ORIENTED_EDGE('',*,*,#3600,.F.);
#4646=ORIENTED_EDGE('',*,*,#3599,.T.);
#4647=ORIENTED_EDGE('',*,*,#3471,.T.);
#4648=ORIENTED_EDGE('',*,*,#3385,.F.);
#4649=ORIENTED_EDGE('',*,*,#3216,.F.);
#4650=ORIENTED_EDGE('',*,*,#3601,.F.);
#4651=ORIENTED_EDGE('',*,*,#3218,.F.);
#4652=ORIENTED_EDGE('',*,*,#3384,.F.);
#4653=ORIENTED_EDGE('',*,*,#3474,.T.);
#4654=ORIENTED_EDGE('',*,*,#3602,.F.);
#4655=ORIENTED_EDGE('',*,*,#3603,.F.);
#4656=ORIENTED_EDGE('',*,*,#3602,.T.);
#4657=ORIENTED_EDGE('',*,*,#3473,.T.);
#4658=ORIENTED_EDGE('',*,*,#3382,.F.);
#4659=ORIENTED_EDGE('',*,*,#3212,.F.);
#4660=ORIENTED_EDGE('',*,*,#3604,.F.);
#4661=ORIENTED_EDGE('',*,*,#3214,.F.);
#4662=ORIENTED_EDGE('',*,*,#3381,.F.);
#4663=ORIENTED_EDGE('',*,*,#3476,.T.);
#4664=ORIENTED_EDGE('',*,*,#3605,.F.);
#4665=ORIENTED_EDGE('',*,*,#3606,.F.);
#4666=ORIENTED_EDGE('',*,*,#3605,.T.);
#4667=ORIENTED_EDGE('',*,*,#3475,.T.);
#4668=ORIENTED_EDGE('',*,*,#3379,.F.);
#4669=ORIENTED_EDGE('',*,*,#3208,.F.);
#4670=ORIENTED_EDGE('',*,*,#3607,.F.);
#4671=ORIENTED_EDGE('',*,*,#3210,.F.);
#4672=ORIENTED_EDGE('',*,*,#3378,.F.);
#4673=ORIENTED_EDGE('',*,*,#3478,.T.);
#4674=ORIENTED_EDGE('',*,*,#3608,.F.);
#4675=ORIENTED_EDGE('',*,*,#3609,.F.);
#4676=ORIENTED_EDGE('',*,*,#3608,.T.);
#4677=ORIENTED_EDGE('',*,*,#3477,.T.);
#4678=ORIENTED_EDGE('',*,*,#3376,.F.);
#4679=ORIENTED_EDGE('',*,*,#3204,.F.);
#4680=ORIENTED_EDGE('',*,*,#3610,.F.);
#4681=ORIENTED_EDGE('',*,*,#3206,.F.);
#4682=ORIENTED_EDGE('',*,*,#3375,.F.);
#4683=ORIENTED_EDGE('',*,*,#3480,.T.);
#4684=ORIENTED_EDGE('',*,*,#3611,.F.);
#4685=ORIENTED_EDGE('',*,*,#3612,.F.);
#4686=ORIENTED_EDGE('',*,*,#3611,.T.);
#4687=ORIENTED_EDGE('',*,*,#3479,.T.);
#4688=ORIENTED_EDGE('',*,*,#3373,.F.);
#4689=ORIENTED_EDGE('',*,*,#3200,.F.);
#4690=ORIENTED_EDGE('',*,*,#3613,.F.);
#4691=ORIENTED_EDGE('',*,*,#3202,.F.);
#4692=ORIENTED_EDGE('',*,*,#3372,.F.);
#4693=ORIENTED_EDGE('',*,*,#3482,.T.);
#4694=ORIENTED_EDGE('',*,*,#3614,.F.);
#4695=ORIENTED_EDGE('',*,*,#3615,.F.);
#4696=ORIENTED_EDGE('',*,*,#3614,.T.);
#4697=ORIENTED_EDGE('',*,*,#3481,.T.);
#4698=ORIENTED_EDGE('',*,*,#3370,.F.);
#4699=ORIENTED_EDGE('',*,*,#3196,.F.);
#4700=ORIENTED_EDGE('',*,*,#3616,.F.);
#4701=ORIENTED_EDGE('',*,*,#3198,.F.);
#4702=ORIENTED_EDGE('',*,*,#3369,.F.);
#4703=ORIENTED_EDGE('',*,*,#3484,.T.);
#4704=ORIENTED_EDGE('',*,*,#3617,.F.);
#4705=ORIENTED_EDGE('',*,*,#3618,.F.);
#4706=ORIENTED_EDGE('',*,*,#3617,.T.);
#4707=ORIENTED_EDGE('',*,*,#3483,.T.);
#4708=ORIENTED_EDGE('',*,*,#3367,.F.);
#4709=ORIENTED_EDGE('',*,*,#3192,.F.);
#4710=ORIENTED_EDGE('',*,*,#3619,.F.);
#4711=ORIENTED_EDGE('',*,*,#3194,.F.);
#4712=ORIENTED_EDGE('',*,*,#3366,.F.);
#4713=ORIENTED_EDGE('',*,*,#3486,.T.);
#4714=ORIENTED_EDGE('',*,*,#3620,.F.);
#4715=ORIENTED_EDGE('',*,*,#3621,.F.);
#4716=ORIENTED_EDGE('',*,*,#3620,.T.);
#4717=ORIENTED_EDGE('',*,*,#3485,.T.);
#4718=ORIENTED_EDGE('',*,*,#3364,.F.);
#4719=ORIENTED_EDGE('',*,*,#3188,.F.);
#4720=ORIENTED_EDGE('',*,*,#3622,.F.);
#4721=ORIENTED_EDGE('',*,*,#3190,.F.);
#4722=ORIENTED_EDGE('',*,*,#3363,.F.);
#4723=ORIENTED_EDGE('',*,*,#3488,.T.);
#4724=ORIENTED_EDGE('',*,*,#3623,.F.);
#4725=ORIENTED_EDGE('',*,*,#3624,.F.);
#4726=ORIENTED_EDGE('',*,*,#3623,.T.);
#4727=ORIENTED_EDGE('',*,*,#3487,.T.);
#4728=ORIENTED_EDGE('',*,*,#3361,.F.);
#4729=ORIENTED_EDGE('',*,*,#3184,.F.);
#4730=ORIENTED_EDGE('',*,*,#3625,.F.);
#4731=ORIENTED_EDGE('',*,*,#3186,.F.);
#4732=ORIENTED_EDGE('',*,*,#3360,.F.);
#4733=ORIENTED_EDGE('',*,*,#3490,.T.);
#4734=ORIENTED_EDGE('',*,*,#3626,.F.);
#4735=ORIENTED_EDGE('',*,*,#3627,.F.);
#4736=ORIENTED_EDGE('',*,*,#3626,.T.);
#4737=ORIENTED_EDGE('',*,*,#3489,.T.);
#4738=ORIENTED_EDGE('',*,*,#3358,.F.);
#4739=ORIENTED_EDGE('',*,*,#3180,.F.);
#4740=ORIENTED_EDGE('',*,*,#3628,.F.);
#4741=ORIENTED_EDGE('',*,*,#3182,.F.);
#4742=ORIENTED_EDGE('',*,*,#3357,.F.);
#4743=ORIENTED_EDGE('',*,*,#3492,.T.);
#4744=ORIENTED_EDGE('',*,*,#3629,.F.);
#4745=ORIENTED_EDGE('',*,*,#3630,.F.);
#4746=ORIENTED_EDGE('',*,*,#3629,.T.);
#4747=ORIENTED_EDGE('',*,*,#3491,.T.);
#4748=ORIENTED_EDGE('',*,*,#3355,.F.);
#4749=ORIENTED_EDGE('',*,*,#3176,.F.);
#4750=ORIENTED_EDGE('',*,*,#3631,.F.);
#4751=ORIENTED_EDGE('',*,*,#3178,.F.);
#4752=ORIENTED_EDGE('',*,*,#3354,.F.);
#4753=ORIENTED_EDGE('',*,*,#3494,.T.);
#4754=ORIENTED_EDGE('',*,*,#3632,.F.);
#4755=ORIENTED_EDGE('',*,*,#3633,.F.);
#4756=ORIENTED_EDGE('',*,*,#3632,.T.);
#4757=ORIENTED_EDGE('',*,*,#3493,.T.);
#4758=ORIENTED_EDGE('',*,*,#3352,.F.);
#4759=ORIENTED_EDGE('',*,*,#3172,.F.);
#4760=ORIENTED_EDGE('',*,*,#3634,.F.);
#4761=ORIENTED_EDGE('',*,*,#3174,.F.);
#4762=ORIENTED_EDGE('',*,*,#3351,.F.);
#4763=ORIENTED_EDGE('',*,*,#3496,.T.);
#4764=ORIENTED_EDGE('',*,*,#3635,.F.);
#4765=ORIENTED_EDGE('',*,*,#3636,.F.);
#4766=ORIENTED_EDGE('',*,*,#3635,.T.);
#4767=ORIENTED_EDGE('',*,*,#3495,.T.);
#4768=ORIENTED_EDGE('',*,*,#3349,.F.);
#4769=ORIENTED_EDGE('',*,*,#3168,.F.);
#4770=ORIENTED_EDGE('',*,*,#3637,.F.);
#4771=ORIENTED_EDGE('',*,*,#3170,.F.);
#4772=ORIENTED_EDGE('',*,*,#3348,.F.);
#4773=ORIENTED_EDGE('',*,*,#3498,.T.);
#4774=ORIENTED_EDGE('',*,*,#3638,.F.);
#4775=ORIENTED_EDGE('',*,*,#3639,.F.);
#4776=ORIENTED_EDGE('',*,*,#3638,.T.);
#4777=ORIENTED_EDGE('',*,*,#3497,.T.);
#4778=ORIENTED_EDGE('',*,*,#3346,.F.);
#4779=ORIENTED_EDGE('',*,*,#3164,.F.);
#4780=ORIENTED_EDGE('',*,*,#3640,.F.);
#4781=ORIENTED_EDGE('',*,*,#3166,.F.);
#4782=ORIENTED_EDGE('',*,*,#3345,.F.);
#4783=ORIENTED_EDGE('',*,*,#3500,.T.);
#4784=ORIENTED_EDGE('',*,*,#3641,.F.);
#4785=ORIENTED_EDGE('',*,*,#3642,.F.);
#4786=ORIENTED_EDGE('',*,*,#3641,.T.);
#4787=ORIENTED_EDGE('',*,*,#3499,.T.);
#4788=ORIENTED_EDGE('',*,*,#3343,.F.);
#4789=ORIENTED_EDGE('',*,*,#3160,.F.);
#4790=ORIENTED_EDGE('',*,*,#3643,.F.);
#4791=ORIENTED_EDGE('',*,*,#3162,.F.);
#4792=ORIENTED_EDGE('',*,*,#3342,.F.);
#4793=ORIENTED_EDGE('',*,*,#3502,.T.);
#4794=ORIENTED_EDGE('',*,*,#3644,.F.);
#4795=ORIENTED_EDGE('',*,*,#3645,.F.);
#4796=ORIENTED_EDGE('',*,*,#3644,.T.);
#4797=ORIENTED_EDGE('',*,*,#3501,.T.);
#4798=ORIENTED_EDGE('',*,*,#3340,.F.);
#4799=ORIENTED_EDGE('',*,*,#3156,.F.);
#4800=ORIENTED_EDGE('',*,*,#3646,.F.);
#4801=ORIENTED_EDGE('',*,*,#3158,.F.);
#4802=ORIENTED_EDGE('',*,*,#3339,.F.);
#4803=ORIENTED_EDGE('',*,*,#3504,.T.);
#4804=ORIENTED_EDGE('',*,*,#3647,.F.);
#4805=ORIENTED_EDGE('',*,*,#3648,.F.);
#4806=ORIENTED_EDGE('',*,*,#3647,.T.);
#4807=ORIENTED_EDGE('',*,*,#3503,.T.);
#4808=ORIENTED_EDGE('',*,*,#3337,.F.);
#4809=ORIENTED_EDGE('',*,*,#3152,.F.);
#4810=ORIENTED_EDGE('',*,*,#3649,.F.);
#4811=ORIENTED_EDGE('',*,*,#3154,.F.);
#4812=ORIENTED_EDGE('',*,*,#3336,.F.);
#4813=ORIENTED_EDGE('',*,*,#3506,.T.);
#4814=ORIENTED_EDGE('',*,*,#3650,.F.);
#4815=ORIENTED_EDGE('',*,*,#3651,.F.);
#4816=ORIENTED_EDGE('',*,*,#3650,.T.);
#4817=ORIENTED_EDGE('',*,*,#3505,.T.);
#4818=ORIENTED_EDGE('',*,*,#3334,.F.);
#4819=ORIENTED_EDGE('',*,*,#3148,.F.);
#4820=ORIENTED_EDGE('',*,*,#3652,.F.);
#4821=ORIENTED_EDGE('',*,*,#3150,.F.);
#4822=ORIENTED_EDGE('',*,*,#3333,.F.);
#4823=ORIENTED_EDGE('',*,*,#3508,.T.);
#4824=ORIENTED_EDGE('',*,*,#3653,.F.);
#4825=ORIENTED_EDGE('',*,*,#3654,.F.);
#4826=ORIENTED_EDGE('',*,*,#3653,.T.);
#4827=ORIENTED_EDGE('',*,*,#3507,.T.);
#4828=ORIENTED_EDGE('',*,*,#3331,.F.);
#4829=ORIENTED_EDGE('',*,*,#3144,.F.);
#4830=ORIENTED_EDGE('',*,*,#3655,.F.);
#4831=ORIENTED_EDGE('',*,*,#3146,.F.);
#4832=ORIENTED_EDGE('',*,*,#3330,.F.);
#4833=ORIENTED_EDGE('',*,*,#3510,.T.);
#4834=ORIENTED_EDGE('',*,*,#3656,.F.);
#4835=ORIENTED_EDGE('',*,*,#3657,.F.);
#4836=ORIENTED_EDGE('',*,*,#3656,.T.);
#4837=ORIENTED_EDGE('',*,*,#3509,.T.);
#4838=ORIENTED_EDGE('',*,*,#3328,.F.);
#4839=ORIENTED_EDGE('',*,*,#3140,.F.);
#4840=ORIENTED_EDGE('',*,*,#3658,.F.);
#4841=ORIENTED_EDGE('',*,*,#3142,.F.);
#4842=ORIENTED_EDGE('',*,*,#3327,.F.);
#4843=ORIENTED_EDGE('',*,*,#3512,.T.);
#4844=ORIENTED_EDGE('',*,*,#3659,.F.);
#4845=ORIENTED_EDGE('',*,*,#3660,.F.);
#4846=ORIENTED_EDGE('',*,*,#3659,.T.);
#4847=ORIENTED_EDGE('',*,*,#3511,.T.);
#4848=ORIENTED_EDGE('',*,*,#3325,.F.);
#4849=ORIENTED_EDGE('',*,*,#3136,.F.);
#4850=ORIENTED_EDGE('',*,*,#3661,.F.);
#4851=ORIENTED_EDGE('',*,*,#3138,.F.);
#4852=ORIENTED_EDGE('',*,*,#3324,.F.);
#4853=ORIENTED_EDGE('',*,*,#3514,.T.);
#4854=ORIENTED_EDGE('',*,*,#3662,.F.);
#4855=ORIENTED_EDGE('',*,*,#3663,.F.);
#4856=ORIENTED_EDGE('',*,*,#3662,.T.);
#4857=ORIENTED_EDGE('',*,*,#3513,.T.);
#4858=ORIENTED_EDGE('',*,*,#3322,.F.);
#4859=ORIENTED_EDGE('',*,*,#3132,.F.);
#4860=ORIENTED_EDGE('',*,*,#3664,.F.);
#4861=ORIENTED_EDGE('',*,*,#3134,.F.);
#4862=ORIENTED_EDGE('',*,*,#3321,.F.);
#4863=ORIENTED_EDGE('',*,*,#3516,.T.);
#4864=ORIENTED_EDGE('',*,*,#3665,.F.);
#4865=ORIENTED_EDGE('',*,*,#3666,.F.);
#4866=ORIENTED_EDGE('',*,*,#3665,.T.);
#4867=ORIENTED_EDGE('',*,*,#3515,.T.);
#4868=ORIENTED_EDGE('',*,*,#3319,.F.);
#4869=ORIENTED_EDGE('',*,*,#3128,.F.);
#4870=ORIENTED_EDGE('',*,*,#3667,.F.);
#4871=ORIENTED_EDGE('',*,*,#3130,.F.);
#4872=ORIENTED_EDGE('',*,*,#3318,.F.);
#4873=ORIENTED_EDGE('',*,*,#3518,.T.);
#4874=ORIENTED_EDGE('',*,*,#3668,.F.);
#4875=ORIENTED_EDGE('',*,*,#3669,.F.);
#4876=ORIENTED_EDGE('',*,*,#3668,.T.);
#4877=ORIENTED_EDGE('',*,*,#3517,.T.);
#4878=ORIENTED_EDGE('',*,*,#3316,.F.);
#4879=ORIENTED_EDGE('',*,*,#3124,.F.);
#4880=ORIENTED_EDGE('',*,*,#3670,.F.);
#4881=ORIENTED_EDGE('',*,*,#3126,.F.);
#4882=ORIENTED_EDGE('',*,*,#3315,.F.);
#4883=ORIENTED_EDGE('',*,*,#3520,.T.);
#4884=ORIENTED_EDGE('',*,*,#3671,.F.);
#4885=ORIENTED_EDGE('',*,*,#3672,.F.);
#4886=ORIENTED_EDGE('',*,*,#3671,.T.);
#4887=ORIENTED_EDGE('',*,*,#3519,.T.);
#4888=ORIENTED_EDGE('',*,*,#3313,.F.);
#4889=ORIENTED_EDGE('',*,*,#3120,.F.);
#4890=ORIENTED_EDGE('',*,*,#3673,.F.);
#4891=ORIENTED_EDGE('',*,*,#3122,.F.);
#4892=ORIENTED_EDGE('',*,*,#3312,.F.);
#4893=ORIENTED_EDGE('',*,*,#3522,.T.);
#4894=ORIENTED_EDGE('',*,*,#3674,.F.);
#4895=ORIENTED_EDGE('',*,*,#3675,.F.);
#4896=ORIENTED_EDGE('',*,*,#3674,.T.);
#4897=ORIENTED_EDGE('',*,*,#3521,.T.);
#4898=ORIENTED_EDGE('',*,*,#3310,.F.);
#4899=ORIENTED_EDGE('',*,*,#3116,.F.);
#4900=ORIENTED_EDGE('',*,*,#3676,.F.);
#4901=ORIENTED_EDGE('',*,*,#3118,.F.);
#4902=ORIENTED_EDGE('',*,*,#3309,.F.);
#4903=ORIENTED_EDGE('',*,*,#3524,.T.);
#4904=ORIENTED_EDGE('',*,*,#3677,.F.);
#4905=ORIENTED_EDGE('',*,*,#3678,.F.);
#4906=ORIENTED_EDGE('',*,*,#3677,.T.);
#4907=ORIENTED_EDGE('',*,*,#3523,.T.);
#4908=ORIENTED_EDGE('',*,*,#3307,.F.);
#4909=ORIENTED_EDGE('',*,*,#3112,.F.);
#4910=ORIENTED_EDGE('',*,*,#3679,.F.);
#4911=ORIENTED_EDGE('',*,*,#3114,.F.);
#4912=ORIENTED_EDGE('',*,*,#3306,.F.);
#4913=ORIENTED_EDGE('',*,*,#3526,.T.);
#4914=ORIENTED_EDGE('',*,*,#3680,.F.);
#4915=ORIENTED_EDGE('',*,*,#3681,.F.);
#4916=ORIENTED_EDGE('',*,*,#3680,.T.);
#4917=ORIENTED_EDGE('',*,*,#3525,.T.);
#4918=ORIENTED_EDGE('',*,*,#3304,.F.);
#4919=ORIENTED_EDGE('',*,*,#3108,.F.);
#4920=ORIENTED_EDGE('',*,*,#3682,.F.);
#4921=ORIENTED_EDGE('',*,*,#3110,.F.);
#4922=ORIENTED_EDGE('',*,*,#3303,.F.);
#4923=ORIENTED_EDGE('',*,*,#3528,.T.);
#4924=ORIENTED_EDGE('',*,*,#3683,.F.);
#4925=ORIENTED_EDGE('',*,*,#3684,.F.);
#4926=ORIENTED_EDGE('',*,*,#3683,.T.);
#4927=ORIENTED_EDGE('',*,*,#3527,.T.);
#4928=ORIENTED_EDGE('',*,*,#3301,.F.);
#4929=ORIENTED_EDGE('',*,*,#3104,.F.);
#4930=ORIENTED_EDGE('',*,*,#3685,.F.);
#4931=ORIENTED_EDGE('',*,*,#3106,.F.);
#4932=ORIENTED_EDGE('',*,*,#3300,.F.);
#4933=ORIENTED_EDGE('',*,*,#3529,.T.);
#4934=ORIENTED_EDGE('',*,*,#3461,.F.);
#4935=ORIENTED_EDGE('',*,*,#3686,.F.);
#4936=ORIENTED_EDGE('',*,*,#3102,.F.);
#4937=ORIENTED_EDGE('',*,*,#3297,.F.);
#4938=ORIENTED_EDGE('',*,*,#3531,.T.);
#4939=ORIENTED_EDGE('',*,*,#3687,.F.);
#4940=ORIENTED_EDGE('',*,*,#3688,.F.);
#4941=ORIENTED_EDGE('',*,*,#3687,.T.);
#4942=ORIENTED_EDGE('',*,*,#3530,.T.);
#4943=ORIENTED_EDGE('',*,*,#3295,.F.);
#4944=ORIENTED_EDGE('',*,*,#3689,.F.);
#4945=ORIENTED_EDGE('',*,*,#3690,.F.);
#4946=ORIENTED_EDGE('',*,*,#3689,.T.);
#4947=ORIENTED_EDGE('',*,*,#3294,.T.);
#4948=ORIENTED_EDGE('',*,*,#3691,.T.);
#4949=ORIENTED_EDGE('',*,*,#3692,.F.);
#4950=ORIENTED_EDGE('',*,*,#3691,.F.);
#4951=ORIENTED_EDGE('',*,*,#3293,.F.);
#4952=ORIENTED_EDGE('',*,*,#3533,.T.);
#4953=ORIENTED_EDGE('',*,*,#3693,.F.);
#4954=ORIENTED_EDGE('',*,*,#3694,.F.);
#4955=ORIENTED_EDGE('',*,*,#3693,.T.);
#4956=ORIENTED_EDGE('',*,*,#3532,.T.);
#4957=ORIENTED_EDGE('',*,*,#3291,.F.);
#4958=ORIENTED_EDGE('',*,*,#3695,.F.);
#4959=ORIENTED_EDGE('',*,*,#3696,.F.);
#4960=ORIENTED_EDGE('',*,*,#3695,.T.);
#4961=ORIENTED_EDGE('',*,*,#3290,.T.);
#4962=ORIENTED_EDGE('',*,*,#3697,.T.);
#4963=ORIENTED_EDGE('',*,*,#3698,.F.);
#4964=ORIENTED_EDGE('',*,*,#3697,.F.);
#4965=ORIENTED_EDGE('',*,*,#3289,.F.);
#4966=ORIENTED_EDGE('',*,*,#3535,.T.);
#4967=ORIENTED_EDGE('',*,*,#3699,.F.);
#4968=ORIENTED_EDGE('',*,*,#3700,.F.);
#4969=ORIENTED_EDGE('',*,*,#3699,.T.);
#4970=ORIENTED_EDGE('',*,*,#3534,.T.);
#4971=ORIENTED_EDGE('',*,*,#3287,.F.);
#4972=ORIENTED_EDGE('',*,*,#3701,.F.);
#4973=ORIENTED_EDGE('',*,*,#3702,.F.);
#4974=ORIENTED_EDGE('',*,*,#3701,.T.);
#4975=ORIENTED_EDGE('',*,*,#3286,.T.);
#4976=ORIENTED_EDGE('',*,*,#3703,.T.);
#4977=ORIENTED_EDGE('',*,*,#3704,.F.);
#4978=ORIENTED_EDGE('',*,*,#3703,.F.);
#4979=ORIENTED_EDGE('',*,*,#3285,.F.);
#4980=ORIENTED_EDGE('',*,*,#3537,.T.);
#4981=ORIENTED_EDGE('',*,*,#3705,.F.);
#4982=ORIENTED_EDGE('',*,*,#3706,.F.);
#4983=ORIENTED_EDGE('',*,*,#3705,.T.);
#4984=ORIENTED_EDGE('',*,*,#3536,.T.);
#4985=ORIENTED_EDGE('',*,*,#3283,.F.);
#4986=ORIENTED_EDGE('',*,*,#3707,.F.);
#4987=ORIENTED_EDGE('',*,*,#3708,.F.);
#4988=ORIENTED_EDGE('',*,*,#3707,.T.);
#4989=ORIENTED_EDGE('',*,*,#3282,.T.);
#4990=ORIENTED_EDGE('',*,*,#3709,.T.);
#4991=ORIENTED_EDGE('',*,*,#3710,.F.);
#4992=ORIENTED_EDGE('',*,*,#3709,.F.);
#4993=ORIENTED_EDGE('',*,*,#3281,.F.);
#4994=ORIENTED_EDGE('',*,*,#3539,.T.);
#4995=ORIENTED_EDGE('',*,*,#3711,.F.);
#4996=ORIENTED_EDGE('',*,*,#3712,.F.);
#4997=ORIENTED_EDGE('',*,*,#3711,.T.);
#4998=ORIENTED_EDGE('',*,*,#3538,.T.);
#4999=ORIENTED_EDGE('',*,*,#3279,.F.);
#5000=ORIENTED_EDGE('',*,*,#3713,.F.);
#5001=ORIENTED_EDGE('',*,*,#3714,.F.);
#5002=ORIENTED_EDGE('',*,*,#3713,.T.);
#5003=ORIENTED_EDGE('',*,*,#3278,.T.);
#5004=ORIENTED_EDGE('',*,*,#3715,.T.);
#5005=ORIENTED_EDGE('',*,*,#3716,.F.);
#5006=ORIENTED_EDGE('',*,*,#3715,.F.);
#5007=ORIENTED_EDGE('',*,*,#3277,.F.);
#5008=ORIENTED_EDGE('',*,*,#3541,.T.);
#5009=ORIENTED_EDGE('',*,*,#3717,.F.);
#5010=ORIENTED_EDGE('',*,*,#3718,.F.);
#5011=ORIENTED_EDGE('',*,*,#3717,.T.);
#5012=ORIENTED_EDGE('',*,*,#3540,.T.);
#5013=ORIENTED_EDGE('',*,*,#3275,.F.);
#5014=ORIENTED_EDGE('',*,*,#3719,.F.);
#5015=ORIENTED_EDGE('',*,*,#3720,.F.);
#5016=ORIENTED_EDGE('',*,*,#3719,.T.);
#5017=ORIENTED_EDGE('',*,*,#3274,.T.);
#5018=ORIENTED_EDGE('',*,*,#3721,.T.);
#5019=ORIENTED_EDGE('',*,*,#3722,.F.);
#5020=ORIENTED_EDGE('',*,*,#3721,.F.);
#5021=ORIENTED_EDGE('',*,*,#3273,.F.);
#5022=ORIENTED_EDGE('',*,*,#3543,.T.);
#5023=ORIENTED_EDGE('',*,*,#3723,.F.);
#5024=ORIENTED_EDGE('',*,*,#3724,.F.);
#5025=ORIENTED_EDGE('',*,*,#3723,.T.);
#5026=ORIENTED_EDGE('',*,*,#3542,.T.);
#5027=ORIENTED_EDGE('',*,*,#3271,.F.);
#5028=ORIENTED_EDGE('',*,*,#3725,.F.);
#5029=ORIENTED_EDGE('',*,*,#3726,.F.);
#5030=ORIENTED_EDGE('',*,*,#3725,.T.);
#5031=ORIENTED_EDGE('',*,*,#3270,.T.);
#5032=ORIENTED_EDGE('',*,*,#3727,.T.);
#5033=ORIENTED_EDGE('',*,*,#3728,.F.);
#5034=ORIENTED_EDGE('',*,*,#3727,.F.);
#5035=ORIENTED_EDGE('',*,*,#3269,.F.);
#5036=ORIENTED_EDGE('',*,*,#3545,.T.);
#5037=ORIENTED_EDGE('',*,*,#3729,.F.);
#5038=ORIENTED_EDGE('',*,*,#3730,.F.);
#5039=ORIENTED_EDGE('',*,*,#3729,.T.);
#5040=ORIENTED_EDGE('',*,*,#3544,.T.);
#5041=ORIENTED_EDGE('',*,*,#3267,.F.);
#5042=ORIENTED_EDGE('',*,*,#3731,.F.);
#5043=ORIENTED_EDGE('',*,*,#3732,.F.);
#5044=ORIENTED_EDGE('',*,*,#3731,.T.);
#5045=ORIENTED_EDGE('',*,*,#3266,.T.);
#5046=ORIENTED_EDGE('',*,*,#3733,.T.);
#5047=ORIENTED_EDGE('',*,*,#3734,.F.);
#5048=ORIENTED_EDGE('',*,*,#3733,.F.);
#5049=ORIENTED_EDGE('',*,*,#3265,.F.);
#5050=ORIENTED_EDGE('',*,*,#3547,.T.);
#5051=ORIENTED_EDGE('',*,*,#3735,.F.);
#5052=ORIENTED_EDGE('',*,*,#3736,.F.);
#5053=ORIENTED_EDGE('',*,*,#3735,.T.);
#5054=ORIENTED_EDGE('',*,*,#3546,.T.);
#5055=ORIENTED_EDGE('',*,*,#3263,.F.);
#5056=ORIENTED_EDGE('',*,*,#3737,.F.);
#5057=ORIENTED_EDGE('',*,*,#3738,.F.);
#5058=ORIENTED_EDGE('',*,*,#3737,.T.);
#5059=ORIENTED_EDGE('',*,*,#3262,.T.);
#5060=ORIENTED_EDGE('',*,*,#3739,.T.);
#5061=ORIENTED_EDGE('',*,*,#3740,.F.);
#5062=ORIENTED_EDGE('',*,*,#3739,.F.);
#5063=ORIENTED_EDGE('',*,*,#3261,.F.);
#5064=ORIENTED_EDGE('',*,*,#3549,.T.);
#5065=ORIENTED_EDGE('',*,*,#3741,.F.);
#5066=ORIENTED_EDGE('',*,*,#3742,.F.);
#5067=ORIENTED_EDGE('',*,*,#3741,.T.);
#5068=ORIENTED_EDGE('',*,*,#3548,.T.);
#5069=ORIENTED_EDGE('',*,*,#3259,.F.);
#5070=ORIENTED_EDGE('',*,*,#3743,.F.);
#5071=ORIENTED_EDGE('',*,*,#3744,.F.);
#5072=ORIENTED_EDGE('',*,*,#3743,.T.);
#5073=ORIENTED_EDGE('',*,*,#3258,.T.);
#5074=ORIENTED_EDGE('',*,*,#3745,.T.);
#5075=ORIENTED_EDGE('',*,*,#3746,.F.);
#5076=ORIENTED_EDGE('',*,*,#3745,.F.);
#5077=ORIENTED_EDGE('',*,*,#3257,.F.);
#5078=ORIENTED_EDGE('',*,*,#3551,.T.);
#5079=ORIENTED_EDGE('',*,*,#3747,.F.);
#5080=ORIENTED_EDGE('',*,*,#3748,.F.);
#5081=ORIENTED_EDGE('',*,*,#3747,.T.);
#5082=ORIENTED_EDGE('',*,*,#3550,.T.);
#5083=ORIENTED_EDGE('',*,*,#3255,.F.);
#5084=ORIENTED_EDGE('',*,*,#3749,.F.);
#5085=ORIENTED_EDGE('',*,*,#3750,.F.);
#5086=ORIENTED_EDGE('',*,*,#3749,.T.);
#5087=ORIENTED_EDGE('',*,*,#3254,.T.);
#5088=ORIENTED_EDGE('',*,*,#3751,.T.);
#5089=ORIENTED_EDGE('',*,*,#3752,.F.);
#5090=ORIENTED_EDGE('',*,*,#3751,.F.);
#5091=ORIENTED_EDGE('',*,*,#3253,.F.);
#5092=ORIENTED_EDGE('',*,*,#3553,.T.);
#5093=ORIENTED_EDGE('',*,*,#3753,.F.);
#5094=ORIENTED_EDGE('',*,*,#3754,.F.);
#5095=ORIENTED_EDGE('',*,*,#3753,.T.);
#5096=ORIENTED_EDGE('',*,*,#3552,.T.);
#5097=ORIENTED_EDGE('',*,*,#3251,.F.);
#5098=ORIENTED_EDGE('',*,*,#3755,.F.);
#5099=ORIENTED_EDGE('',*,*,#3756,.F.);
#5100=ORIENTED_EDGE('',*,*,#3755,.T.);
#5101=ORIENTED_EDGE('',*,*,#3250,.T.);
#5102=ORIENTED_EDGE('',*,*,#3757,.T.);
#5103=ORIENTED_EDGE('',*,*,#3758,.F.);
#5104=ORIENTED_EDGE('',*,*,#3757,.F.);
#5105=ORIENTED_EDGE('',*,*,#3249,.F.);
#5106=ORIENTED_EDGE('',*,*,#3555,.T.);
#5107=ORIENTED_EDGE('',*,*,#3759,.F.);
#5108=ORIENTED_EDGE('',*,*,#3760,.F.);
#5109=ORIENTED_EDGE('',*,*,#3759,.T.);
#5110=ORIENTED_EDGE('',*,*,#3554,.T.);
#5111=ORIENTED_EDGE('',*,*,#3247,.F.);
#5112=ORIENTED_EDGE('',*,*,#3761,.F.);
#5113=ORIENTED_EDGE('',*,*,#3762,.F.);
#5114=ORIENTED_EDGE('',*,*,#3761,.T.);
#5115=ORIENTED_EDGE('',*,*,#3246,.T.);
#5116=ORIENTED_EDGE('',*,*,#3763,.T.);
#5117=ORIENTED_EDGE('',*,*,#3764,.F.);
#5118=ORIENTED_EDGE('',*,*,#3763,.F.);
#5119=ORIENTED_EDGE('',*,*,#3245,.F.);
#5120=ORIENTED_EDGE('',*,*,#3557,.T.);
#5121=ORIENTED_EDGE('',*,*,#3765,.F.);
#5122=ORIENTED_EDGE('',*,*,#3766,.F.);
#5123=ORIENTED_EDGE('',*,*,#3765,.T.);
#5124=ORIENTED_EDGE('',*,*,#3556,.T.);
#5125=ORIENTED_EDGE('',*,*,#3243,.F.);
#5126=ORIENTED_EDGE('',*,*,#3767,.F.);
#5127=ORIENTED_EDGE('',*,*,#3768,.F.);
#5128=ORIENTED_EDGE('',*,*,#3767,.T.);
#5129=ORIENTED_EDGE('',*,*,#3242,.T.);
#5130=ORIENTED_EDGE('',*,*,#3769,.T.);
#5131=ORIENTED_EDGE('',*,*,#3770,.F.);
#5132=ORIENTED_EDGE('',*,*,#3769,.F.);
#5133=ORIENTED_EDGE('',*,*,#3241,.F.);
#5134=ORIENTED_EDGE('',*,*,#3559,.T.);
#5135=ORIENTED_EDGE('',*,*,#3771,.F.);
#5136=ORIENTED_EDGE('',*,*,#3772,.F.);
#5137=ORIENTED_EDGE('',*,*,#3771,.T.);
#5138=ORIENTED_EDGE('',*,*,#3558,.T.);
#5139=ORIENTED_EDGE('',*,*,#3239,.F.);
#5140=ORIENTED_EDGE('',*,*,#3773,.F.);
#5141=ORIENTED_EDGE('',*,*,#3774,.F.);
#5142=ORIENTED_EDGE('',*,*,#3773,.T.);
#5143=ORIENTED_EDGE('',*,*,#3238,.T.);
#5144=ORIENTED_EDGE('',*,*,#3775,.T.);
#5145=ORIENTED_EDGE('',*,*,#3776,.F.);
#5146=ORIENTED_EDGE('',*,*,#3775,.F.);
#5147=ORIENTED_EDGE('',*,*,#3237,.F.);
#5148=ORIENTED_EDGE('',*,*,#3561,.T.);
#5149=ORIENTED_EDGE('',*,*,#3777,.F.);
#5150=ORIENTED_EDGE('',*,*,#3778,.F.);
#5151=ORIENTED_EDGE('',*,*,#3777,.T.);
#5152=ORIENTED_EDGE('',*,*,#3560,.T.);
#5153=ORIENTED_EDGE('',*,*,#3235,.F.);
#5154=ORIENTED_EDGE('',*,*,#3779,.F.);
#5155=ORIENTED_EDGE('',*,*,#3780,.F.);
#5156=ORIENTED_EDGE('',*,*,#3779,.T.);
#5157=ORIENTED_EDGE('',*,*,#3234,.T.);
#5158=ORIENTED_EDGE('',*,*,#3781,.T.);
#5159=ORIENTED_EDGE('',*,*,#3782,.F.);
#5160=ORIENTED_EDGE('',*,*,#3781,.F.);
#5161=ORIENTED_EDGE('',*,*,#3233,.F.);
#5162=ORIENTED_EDGE('',*,*,#3563,.T.);
#5163=ORIENTED_EDGE('',*,*,#3783,.F.);
#5164=ORIENTED_EDGE('',*,*,#3784,.F.);
#5165=ORIENTED_EDGE('',*,*,#3783,.T.);
#5166=ORIENTED_EDGE('',*,*,#3562,.T.);
#5167=ORIENTED_EDGE('',*,*,#3458,.F.);
#5168=ORIENTED_EDGE('',*,*,#3785,.F.);
#5169=ORIENTED_EDGE('',*,*,#3786,.F.);
#5170=ORIENTED_EDGE('',*,*,#3785,.T.);
#5171=ORIENTED_EDGE('',*,*,#3457,.T.);
#5172=ORIENTED_EDGE('',*,*,#3787,.T.);
#5173=ORIENTED_EDGE('',*,*,#3788,.F.);
#5174=ORIENTED_EDGE('',*,*,#3787,.F.);
#5175=ORIENTED_EDGE('',*,*,#3456,.F.);
#5176=ORIENTED_EDGE('',*,*,#3565,.T.);
#5177=ORIENTED_EDGE('',*,*,#3789,.F.);
#5178=ORIENTED_EDGE('',*,*,#3790,.F.);
#5179=ORIENTED_EDGE('',*,*,#3789,.T.);
#5180=ORIENTED_EDGE('',*,*,#3564,.T.);
#5181=ORIENTED_EDGE('',*,*,#3454,.F.);
#5182=ORIENTED_EDGE('',*,*,#3791,.F.);
#5183=ORIENTED_EDGE('',*,*,#3792,.F.);
#5184=ORIENTED_EDGE('',*,*,#3791,.T.);
#5185=ORIENTED_EDGE('',*,*,#3453,.T.);
#5186=ORIENTED_EDGE('',*,*,#3793,.T.);
#5187=ORIENTED_EDGE('',*,*,#3794,.F.);
#5188=ORIENTED_EDGE('',*,*,#3793,.F.);
#5189=ORIENTED_EDGE('',*,*,#3452,.F.);
#5190=ORIENTED_EDGE('',*,*,#3567,.T.);
#5191=ORIENTED_EDGE('',*,*,#3795,.F.);
#5192=ORIENTED_EDGE('',*,*,#3796,.F.);
#5193=ORIENTED_EDGE('',*,*,#3795,.T.);
#5194=ORIENTED_EDGE('',*,*,#3566,.T.);
#5195=ORIENTED_EDGE('',*,*,#3450,.F.);
#5196=ORIENTED_EDGE('',*,*,#3797,.F.);
#5197=ORIENTED_EDGE('',*,*,#3798,.F.);
#5198=ORIENTED_EDGE('',*,*,#3797,.T.);
#5199=ORIENTED_EDGE('',*,*,#3449,.T.);
#5200=ORIENTED_EDGE('',*,*,#3799,.T.);
#5201=ORIENTED_EDGE('',*,*,#3800,.F.);
#5202=ORIENTED_EDGE('',*,*,#3799,.F.);
#5203=ORIENTED_EDGE('',*,*,#3448,.F.);
#5204=ORIENTED_EDGE('',*,*,#3569,.T.);
#5205=ORIENTED_EDGE('',*,*,#3801,.F.);
#5206=ORIENTED_EDGE('',*,*,#3802,.F.);
#5207=ORIENTED_EDGE('',*,*,#3801,.T.);
#5208=ORIENTED_EDGE('',*,*,#3568,.T.);
#5209=ORIENTED_EDGE('',*,*,#3446,.F.);
#5210=ORIENTED_EDGE('',*,*,#3803,.F.);
#5211=ORIENTED_EDGE('',*,*,#3804,.F.);
#5212=ORIENTED_EDGE('',*,*,#3803,.T.);
#5213=ORIENTED_EDGE('',*,*,#3445,.T.);
#5214=ORIENTED_EDGE('',*,*,#3805,.T.);
#5215=ORIENTED_EDGE('',*,*,#3806,.F.);
#5216=ORIENTED_EDGE('',*,*,#3805,.F.);
#5217=ORIENTED_EDGE('',*,*,#3444,.F.);
#5218=ORIENTED_EDGE('',*,*,#3571,.T.);
#5219=ORIENTED_EDGE('',*,*,#3807,.F.);
#5220=ORIENTED_EDGE('',*,*,#3808,.F.);
#5221=ORIENTED_EDGE('',*,*,#3807,.T.);
#5222=ORIENTED_EDGE('',*,*,#3570,.T.);
#5223=ORIENTED_EDGE('',*,*,#3442,.F.);
#5224=ORIENTED_EDGE('',*,*,#3809,.F.);
#5225=ORIENTED_EDGE('',*,*,#3810,.F.);
#5226=ORIENTED_EDGE('',*,*,#3809,.T.);
#5227=ORIENTED_EDGE('',*,*,#3441,.T.);
#5228=ORIENTED_EDGE('',*,*,#3811,.T.);
#5229=ORIENTED_EDGE('',*,*,#3812,.F.);
#5230=ORIENTED_EDGE('',*,*,#3811,.F.);
#5231=ORIENTED_EDGE('',*,*,#3440,.F.);
#5232=ORIENTED_EDGE('',*,*,#3573,.T.);
#5233=ORIENTED_EDGE('',*,*,#3813,.F.);
#5234=ORIENTED_EDGE('',*,*,#3814,.F.);
#5235=ORIENTED_EDGE('',*,*,#3813,.T.);
#5236=ORIENTED_EDGE('',*,*,#3572,.T.);
#5237=ORIENTED_EDGE('',*,*,#3438,.F.);
#5238=ORIENTED_EDGE('',*,*,#3815,.F.);
#5239=ORIENTED_EDGE('',*,*,#3816,.F.);
#5240=ORIENTED_EDGE('',*,*,#3815,.T.);
#5241=ORIENTED_EDGE('',*,*,#3437,.T.);
#5242=ORIENTED_EDGE('',*,*,#3817,.T.);
#5243=ORIENTED_EDGE('',*,*,#3818,.F.);
#5244=ORIENTED_EDGE('',*,*,#3817,.F.);
#5245=ORIENTED_EDGE('',*,*,#3436,.F.);
#5246=ORIENTED_EDGE('',*,*,#3575,.T.);
#5247=ORIENTED_EDGE('',*,*,#3819,.F.);
#5248=ORIENTED_EDGE('',*,*,#3820,.F.);
#5249=ORIENTED_EDGE('',*,*,#3819,.T.);
#5250=ORIENTED_EDGE('',*,*,#3574,.T.);
#5251=ORIENTED_EDGE('',*,*,#3434,.F.);
#5252=ORIENTED_EDGE('',*,*,#3821,.F.);
#5253=ORIENTED_EDGE('',*,*,#3822,.F.);
#5254=ORIENTED_EDGE('',*,*,#3821,.T.);
#5255=ORIENTED_EDGE('',*,*,#3433,.T.);
#5256=ORIENTED_EDGE('',*,*,#3823,.T.);
#5257=ORIENTED_EDGE('',*,*,#3824,.F.);
#5258=ORIENTED_EDGE('',*,*,#3823,.F.);
#5259=ORIENTED_EDGE('',*,*,#3432,.F.);
#5260=ORIENTED_EDGE('',*,*,#3577,.T.);
#5261=ORIENTED_EDGE('',*,*,#3825,.F.);
#5262=ORIENTED_EDGE('',*,*,#3826,.F.);
#5263=ORIENTED_EDGE('',*,*,#3825,.T.);
#5264=ORIENTED_EDGE('',*,*,#3576,.T.);
#5265=ORIENTED_EDGE('',*,*,#3430,.F.);
#5266=ORIENTED_EDGE('',*,*,#3827,.F.);
#5267=ORIENTED_EDGE('',*,*,#3828,.F.);
#5268=ORIENTED_EDGE('',*,*,#3827,.T.);
#5269=ORIENTED_EDGE('',*,*,#3429,.T.);
#5270=ORIENTED_EDGE('',*,*,#3829,.T.);
#5271=ORIENTED_EDGE('',*,*,#3830,.F.);
#5272=ORIENTED_EDGE('',*,*,#3829,.F.);
#5273=ORIENTED_EDGE('',*,*,#3428,.F.);
#5274=ORIENTED_EDGE('',*,*,#3579,.T.);
#5275=ORIENTED_EDGE('',*,*,#3831,.F.);
#5276=ORIENTED_EDGE('',*,*,#3832,.F.);
#5277=ORIENTED_EDGE('',*,*,#3831,.T.);
#5278=ORIENTED_EDGE('',*,*,#3578,.T.);
#5279=ORIENTED_EDGE('',*,*,#3426,.F.);
#5280=ORIENTED_EDGE('',*,*,#3833,.F.);
#5281=ORIENTED_EDGE('',*,*,#3834,.F.);
#5282=ORIENTED_EDGE('',*,*,#3833,.T.);
#5283=ORIENTED_EDGE('',*,*,#3425,.T.);
#5284=ORIENTED_EDGE('',*,*,#3835,.T.);
#5285=ORIENTED_EDGE('',*,*,#3836,.F.);
#5286=ORIENTED_EDGE('',*,*,#3835,.F.);
#5287=ORIENTED_EDGE('',*,*,#3424,.F.);
#5288=ORIENTED_EDGE('',*,*,#3581,.T.);
#5289=ORIENTED_EDGE('',*,*,#3837,.F.);
#5290=ORIENTED_EDGE('',*,*,#3838,.F.);
#5291=ORIENTED_EDGE('',*,*,#3837,.T.);
#5292=ORIENTED_EDGE('',*,*,#3580,.T.);
#5293=ORIENTED_EDGE('',*,*,#3422,.F.);
#5294=ORIENTED_EDGE('',*,*,#3839,.F.);
#5295=ORIENTED_EDGE('',*,*,#3840,.F.);
#5296=ORIENTED_EDGE('',*,*,#3839,.T.);
#5297=ORIENTED_EDGE('',*,*,#3421,.T.);
#5298=ORIENTED_EDGE('',*,*,#3841,.T.);
#5299=ORIENTED_EDGE('',*,*,#3842,.F.);
#5300=ORIENTED_EDGE('',*,*,#3841,.F.);
#5301=ORIENTED_EDGE('',*,*,#3420,.F.);
#5302=ORIENTED_EDGE('',*,*,#3583,.T.);
#5303=ORIENTED_EDGE('',*,*,#3843,.F.);
#5304=ORIENTED_EDGE('',*,*,#3844,.F.);
#5305=ORIENTED_EDGE('',*,*,#3843,.T.);
#5306=ORIENTED_EDGE('',*,*,#3582,.T.);
#5307=ORIENTED_EDGE('',*,*,#3418,.F.);
#5308=ORIENTED_EDGE('',*,*,#3845,.F.);
#5309=ORIENTED_EDGE('',*,*,#3846,.F.);
#5310=ORIENTED_EDGE('',*,*,#3845,.T.);
#5311=ORIENTED_EDGE('',*,*,#3417,.T.);
#5312=ORIENTED_EDGE('',*,*,#3847,.T.);
#5313=ORIENTED_EDGE('',*,*,#3848,.F.);
#5314=ORIENTED_EDGE('',*,*,#3847,.F.);
#5315=ORIENTED_EDGE('',*,*,#3416,.F.);
#5316=ORIENTED_EDGE('',*,*,#3585,.T.);
#5317=ORIENTED_EDGE('',*,*,#3849,.F.);
#5318=ORIENTED_EDGE('',*,*,#3850,.F.);
#5319=ORIENTED_EDGE('',*,*,#3849,.T.);
#5320=ORIENTED_EDGE('',*,*,#3584,.T.);
#5321=ORIENTED_EDGE('',*,*,#3414,.F.);
#5322=ORIENTED_EDGE('',*,*,#3851,.F.);
#5323=ORIENTED_EDGE('',*,*,#3852,.F.);
#5324=ORIENTED_EDGE('',*,*,#3851,.T.);
#5325=ORIENTED_EDGE('',*,*,#3413,.T.);
#5326=ORIENTED_EDGE('',*,*,#3853,.T.);
#5327=ORIENTED_EDGE('',*,*,#3854,.F.);
#5328=ORIENTED_EDGE('',*,*,#3853,.F.);
#5329=ORIENTED_EDGE('',*,*,#3412,.F.);
#5330=ORIENTED_EDGE('',*,*,#3587,.T.);
#5331=ORIENTED_EDGE('',*,*,#3855,.F.);
#5332=ORIENTED_EDGE('',*,*,#3856,.F.);
#5333=ORIENTED_EDGE('',*,*,#3855,.T.);
#5334=ORIENTED_EDGE('',*,*,#3586,.T.);
#5335=ORIENTED_EDGE('',*,*,#3410,.F.);
#5336=ORIENTED_EDGE('',*,*,#3857,.F.);
#5337=ORIENTED_EDGE('',*,*,#3858,.F.);
#5338=ORIENTED_EDGE('',*,*,#3857,.T.);
#5339=ORIENTED_EDGE('',*,*,#3409,.T.);
#5340=ORIENTED_EDGE('',*,*,#3859,.T.);
#5341=ORIENTED_EDGE('',*,*,#3860,.F.);
#5342=ORIENTED_EDGE('',*,*,#3859,.F.);
#5343=ORIENTED_EDGE('',*,*,#3408,.F.);
#5344=ORIENTED_EDGE('',*,*,#3589,.T.);
#5345=ORIENTED_EDGE('',*,*,#3861,.F.);
#5346=ORIENTED_EDGE('',*,*,#3862,.F.);
#5347=ORIENTED_EDGE('',*,*,#3861,.T.);
#5348=ORIENTED_EDGE('',*,*,#3588,.T.);
#5349=ORIENTED_EDGE('',*,*,#3406,.F.);
#5350=ORIENTED_EDGE('',*,*,#3863,.F.);
#5351=ORIENTED_EDGE('',*,*,#3864,.F.);
#5352=ORIENTED_EDGE('',*,*,#3863,.T.);
#5353=ORIENTED_EDGE('',*,*,#3405,.T.);
#5354=ORIENTED_EDGE('',*,*,#3865,.T.);
#5355=ORIENTED_EDGE('',*,*,#3866,.F.);
#5356=ORIENTED_EDGE('',*,*,#3865,.F.);
#5357=ORIENTED_EDGE('',*,*,#3404,.F.);
#5358=ORIENTED_EDGE('',*,*,#3591,.T.);
#5359=ORIENTED_EDGE('',*,*,#3867,.F.);
#5360=ORIENTED_EDGE('',*,*,#3868,.F.);
#5361=ORIENTED_EDGE('',*,*,#3867,.T.);
#5362=ORIENTED_EDGE('',*,*,#3590,.T.);
#5363=ORIENTED_EDGE('',*,*,#3402,.F.);
#5364=ORIENTED_EDGE('',*,*,#3869,.F.);
#5365=ORIENTED_EDGE('',*,*,#3870,.F.);
#5366=ORIENTED_EDGE('',*,*,#3869,.T.);
#5367=ORIENTED_EDGE('',*,*,#3401,.T.);
#5368=ORIENTED_EDGE('',*,*,#3871,.T.);
#5369=ORIENTED_EDGE('',*,*,#3872,.F.);
#5370=ORIENTED_EDGE('',*,*,#3871,.F.);
#5371=ORIENTED_EDGE('',*,*,#3400,.F.);
#5372=ORIENTED_EDGE('',*,*,#3464,.T.);
#5373=ORIENTED_EDGE('',*,*,#3873,.F.);
#5374=ORIENTED_EDGE('',*,*,#3874,.F.);
#5375=ORIENTED_EDGE('',*,*,#3873,.T.);
#5376=ORIENTED_EDGE('',*,*,#3463,.T.);
#5377=ORIENTED_EDGE('',*,*,#3398,.F.);
#5378=ORIENTED_EDGE('',*,*,#3875,.F.);
#5379=ORIENTED_EDGE('',*,*,#3876,.F.);
#5380=ORIENTED_EDGE('',*,*,#3875,.T.);
#5381=ORIENTED_EDGE('',*,*,#3397,.T.);
#5382=ORIENTED_EDGE('',*,*,#3877,.T.);
#5383=ORIENTED_EDGE('',*,*,#3878,.F.);
#5384=ORIENTED_EDGE('',*,*,#3877,.F.);
#5385=ORIENTED_EDGE('',*,*,#3396,.F.);
#5386=ORIENTED_EDGE('',*,*,#3466,.T.);
#5387=ORIENTED_EDGE('',*,*,#3879,.F.);
#5388=ORIENTED_EDGE('',*,*,#3880,.F.);
#5389=ORIENTED_EDGE('',*,*,#3879,.T.);
#5390=ORIENTED_EDGE('',*,*,#3465,.T.);
#5391=ORIENTED_EDGE('',*,*,#3394,.F.);
#5392=ORIENTED_EDGE('',*,*,#3228,.F.);
#5393=ORIENTED_EDGE('',*,*,#3881,.T.);
#5394=ORIENTED_EDGE('',*,*,#3092,.T.);
#5395=ORIENTED_EDGE('',*,*,#3098,.F.);
#5396=ORIENTED_EDGE('',*,*,#3086,.T.);
#5397=ORIENTED_EDGE('',*,*,#3882,.T.);
#5398=ORIENTED_EDGE('',*,*,#3883,.F.);
#5399=ORIENTED_EDGE('',*,*,#3884,.T.);
#5400=ORIENTED_EDGE('',*,*,#3885,.T.);
#5401=ORIENTED_EDGE('',*,*,#3089,.T.);
#5402=ORIENTED_EDGE('',*,*,#3079,.T.);
#5403=ORIENTED_EDGE('',*,*,#3886,.F.);
#5404=ORIENTED_EDGE('',*,*,#3887,.T.);
#5405=ORIENTED_EDGE('',*,*,#3888,.T.);
#5406=ORIENTED_EDGE('',*,*,#3889,.T.);
#5407=ORIENTED_EDGE('',*,*,#3890,.T.);
#5408=ORIENTED_EDGE('',*,*,#3891,.T.);
#5409=ORIENTED_EDGE('',*,*,#3882,.F.);
#5410=ORIENTED_EDGE('',*,*,#3085,.T.);
#5411=ORIENTED_EDGE('',*,*,#3892,.F.);
#5412=ORIENTED_EDGE('',*,*,#3893,.T.);
#5413=ORIENTED_EDGE('',*,*,#3887,.F.);
#5414=ORIENTED_EDGE('',*,*,#3894,.F.);
#5415=ORIENTED_EDGE('',*,*,#3895,.F.);
#5416=ORIENTED_EDGE('',*,*,#3896,.T.);
#5417=ORIENTED_EDGE('',*,*,#3888,.F.);
#5418=ORIENTED_EDGE('',*,*,#3893,.F.);
#5419=ORIENTED_EDGE('',*,*,#3897,.F.);
#5420=ORIENTED_EDGE('',*,*,#3898,.T.);
#5421=ORIENTED_EDGE('',*,*,#3889,.F.);
#5422=ORIENTED_EDGE('',*,*,#3896,.F.);
#5423=ORIENTED_EDGE('',*,*,#3899,.F.);
#5424=ORIENTED_EDGE('',*,*,#3900,.T.);
#5425=ORIENTED_EDGE('',*,*,#3890,.F.);
#5426=ORIENTED_EDGE('',*,*,#3898,.F.);
#5427=ORIENTED_EDGE('',*,*,#3901,.F.);
#5428=ORIENTED_EDGE('',*,*,#3883,.T.);
#5429=ORIENTED_EDGE('',*,*,#3891,.F.);
#5430=ORIENTED_EDGE('',*,*,#3900,.F.);
#5431=ORIENTED_EDGE('',*,*,#3902,.T.);
#5432=ORIENTED_EDGE('',*,*,#3903,.T.);
#5433=ORIENTED_EDGE('',*,*,#3904,.T.);
#5434=ORIENTED_EDGE('',*,*,#3905,.T.);
#5435=ORIENTED_EDGE('',*,*,#3906,.T.);
#5436=ORIENTED_EDGE('',*,*,#3884,.F.);
#5437=ORIENTED_EDGE('',*,*,#3901,.T.);
#5438=ORIENTED_EDGE('',*,*,#3899,.T.);
#5439=ORIENTED_EDGE('',*,*,#3897,.T.);
#5440=ORIENTED_EDGE('',*,*,#3895,.T.);
#5441=ORIENTED_EDGE('',*,*,#3892,.T.);
#5442=ORIENTED_EDGE('',*,*,#3907,.F.);
#5443=ORIENTED_EDGE('',*,*,#3908,.T.);
#5444=ORIENTED_EDGE('',*,*,#3909,.T.);
#5445=ORIENTED_EDGE('',*,*,#3910,.F.);
#5446=ORIENTED_EDGE('',*,*,#3907,.T.);
#5447=ORIENTED_EDGE('',*,*,#3894,.T.);
#5448=ORIENTED_EDGE('',*,*,#3886,.T.);
#5449=ORIENTED_EDGE('',*,*,#3078,.T.);
#5450=ORIENTED_EDGE('',*,*,#3097,.F.);
#5451=ORIENTED_EDGE('',*,*,#3074,.T.);
#5452=ORIENTED_EDGE('',*,*,#3909,.F.);
#5453=ORIENTED_EDGE('',*,*,#3073,.T.);
#5454=ORIENTED_EDGE('',*,*,#3096,.T.);
#5455=ORIENTED_EDGE('',*,*,#3093,.T.);
#5456=ORIENTED_EDGE('',*,*,#3881,.F.);
#5457=ORIENTED_EDGE('',*,*,#3911,.T.);
#5458=ORIENTED_EDGE('',*,*,#3912,.T.);
#5459=ORIENTED_EDGE('',*,*,#3913,.T.);
#5460=ORIENTED_EDGE('',*,*,#3914,.T.);
#5461=ORIENTED_EDGE('',*,*,#3915,.T.);
#5462=ORIENTED_EDGE('',*,*,#3906,.F.);
#5463=ORIENTED_EDGE('',*,*,#3916,.T.);
#5464=ORIENTED_EDGE('',*,*,#3911,.F.);
#5465=ORIENTED_EDGE('',*,*,#3885,.F.);
#5466=ORIENTED_EDGE('',*,*,#3905,.F.);
#5467=ORIENTED_EDGE('',*,*,#3917,.T.);
#5468=ORIENTED_EDGE('',*,*,#3912,.F.);
#5469=ORIENTED_EDGE('',*,*,#3916,.F.);
#5470=ORIENTED_EDGE('',*,*,#3904,.F.);
#5471=ORIENTED_EDGE('',*,*,#3918,.T.);
#5472=ORIENTED_EDGE('',*,*,#3913,.F.);
#5473=ORIENTED_EDGE('',*,*,#3917,.F.);
#5474=ORIENTED_EDGE('',*,*,#3903,.F.);
#5475=ORIENTED_EDGE('',*,*,#3919,.T.);
#5476=ORIENTED_EDGE('',*,*,#3914,.F.);
#5477=ORIENTED_EDGE('',*,*,#3918,.F.);
#5478=ORIENTED_EDGE('',*,*,#3902,.F.);
#5479=ORIENTED_EDGE('',*,*,#3910,.T.);
#5480=ORIENTED_EDGE('',*,*,#3915,.F.);
#5481=ORIENTED_EDGE('',*,*,#3919,.F.);
#5482=ORIENTED_EDGE('',*,*,#3920,.F.);
#5483=ORIENTED_EDGE('',*,*,#3908,.F.);
#5484=ORIENTED_EDGE('',*,*,#3921,.T.);
#5485=ORIENTED_EDGE('',*,*,#3920,.T.);
#5486=ORIENTED_EDGE('',*,*,#3921,.F.);
#5487=ORIENTED_EDGE('',*,*,#3048,.T.);
#5488=ORIENTED_EDGE('',*,*,#3686,.T.);
#5489=ORIENTED_EDGE('',*,*,#3688,.T.);
#5490=ORIENTED_EDGE('',*,*,#3690,.T.);
#5491=ORIENTED_EDGE('',*,*,#3692,.T.);
#5492=ORIENTED_EDGE('',*,*,#3694,.T.);
#5493=ORIENTED_EDGE('',*,*,#3696,.T.);
#5494=ORIENTED_EDGE('',*,*,#3698,.T.);
#5495=ORIENTED_EDGE('',*,*,#3700,.T.);
#5496=ORIENTED_EDGE('',*,*,#3702,.T.);
#5497=ORIENTED_EDGE('',*,*,#3704,.T.);
#5498=ORIENTED_EDGE('',*,*,#3706,.T.);
#5499=ORIENTED_EDGE('',*,*,#3708,.T.);
#5500=ORIENTED_EDGE('',*,*,#3710,.T.);
#5501=ORIENTED_EDGE('',*,*,#3712,.T.);
#5502=ORIENTED_EDGE('',*,*,#3714,.T.);
#5503=ORIENTED_EDGE('',*,*,#3716,.T.);
#5504=ORIENTED_EDGE('',*,*,#3718,.T.);
#5505=ORIENTED_EDGE('',*,*,#3720,.T.);
#5506=ORIENTED_EDGE('',*,*,#3722,.T.);
#5507=ORIENTED_EDGE('',*,*,#3724,.T.);
#5508=ORIENTED_EDGE('',*,*,#3726,.T.);
#5509=ORIENTED_EDGE('',*,*,#3728,.T.);
#5510=ORIENTED_EDGE('',*,*,#3730,.T.);
#5511=ORIENTED_EDGE('',*,*,#3732,.T.);
#5512=ORIENTED_EDGE('',*,*,#3734,.T.);
#5513=ORIENTED_EDGE('',*,*,#3736,.T.);
#5514=ORIENTED_EDGE('',*,*,#3738,.T.);
#5515=ORIENTED_EDGE('',*,*,#3740,.T.);
#5516=ORIENTED_EDGE('',*,*,#3742,.T.);
#5517=ORIENTED_EDGE('',*,*,#3744,.T.);
#5518=ORIENTED_EDGE('',*,*,#3746,.T.);
#5519=ORIENTED_EDGE('',*,*,#3748,.T.);
#5520=ORIENTED_EDGE('',*,*,#3750,.T.);
#5521=ORIENTED_EDGE('',*,*,#3752,.T.);
#5522=ORIENTED_EDGE('',*,*,#3754,.T.);
#5523=ORIENTED_EDGE('',*,*,#3756,.T.);
#5524=ORIENTED_EDGE('',*,*,#3758,.T.);
#5525=ORIENTED_EDGE('',*,*,#3760,.T.);
#5526=ORIENTED_EDGE('',*,*,#3762,.T.);
#5527=ORIENTED_EDGE('',*,*,#3764,.T.);
#5528=ORIENTED_EDGE('',*,*,#3766,.T.);
#5529=ORIENTED_EDGE('',*,*,#3768,.T.);
#5530=ORIENTED_EDGE('',*,*,#3770,.T.);
#5531=ORIENTED_EDGE('',*,*,#3772,.T.);
#5532=ORIENTED_EDGE('',*,*,#3774,.T.);
#5533=ORIENTED_EDGE('',*,*,#3776,.T.);
#5534=ORIENTED_EDGE('',*,*,#3778,.T.);
#5535=ORIENTED_EDGE('',*,*,#3780,.T.);
#5536=ORIENTED_EDGE('',*,*,#3782,.T.);
#5537=ORIENTED_EDGE('',*,*,#3784,.T.);
#5538=ORIENTED_EDGE('',*,*,#3786,.T.);
#5539=ORIENTED_EDGE('',*,*,#3788,.T.);
#5540=ORIENTED_EDGE('',*,*,#3790,.T.);
#5541=ORIENTED_EDGE('',*,*,#3792,.T.);
#5542=ORIENTED_EDGE('',*,*,#3794,.T.);
#5543=ORIENTED_EDGE('',*,*,#3796,.T.);
#5544=ORIENTED_EDGE('',*,*,#3798,.T.);
#5545=ORIENTED_EDGE('',*,*,#3800,.T.);
#5546=ORIENTED_EDGE('',*,*,#3802,.T.);
#5547=ORIENTED_EDGE('',*,*,#3804,.T.);
#5548=ORIENTED_EDGE('',*,*,#3806,.T.);
#5549=ORIENTED_EDGE('',*,*,#3808,.T.);
#5550=ORIENTED_EDGE('',*,*,#3810,.T.);
#5551=ORIENTED_EDGE('',*,*,#3812,.T.);
#5552=ORIENTED_EDGE('',*,*,#3814,.T.);
#5553=ORIENTED_EDGE('',*,*,#3816,.T.);
#5554=ORIENTED_EDGE('',*,*,#3818,.T.);
#5555=ORIENTED_EDGE('',*,*,#3820,.T.);
#5556=ORIENTED_EDGE('',*,*,#3822,.T.);
#5557=ORIENTED_EDGE('',*,*,#3824,.T.);
#5558=ORIENTED_EDGE('',*,*,#3826,.T.);
#5559=ORIENTED_EDGE('',*,*,#3828,.T.);
#5560=ORIENTED_EDGE('',*,*,#3830,.T.);
#5561=ORIENTED_EDGE('',*,*,#3832,.T.);
#5562=ORIENTED_EDGE('',*,*,#3834,.T.);
#5563=ORIENTED_EDGE('',*,*,#3836,.T.);
#5564=ORIENTED_EDGE('',*,*,#3838,.T.);
#5565=ORIENTED_EDGE('',*,*,#3840,.T.);
#5566=ORIENTED_EDGE('',*,*,#3842,.T.);
#5567=ORIENTED_EDGE('',*,*,#3844,.T.);
#5568=ORIENTED_EDGE('',*,*,#3846,.T.);
#5569=ORIENTED_EDGE('',*,*,#3848,.T.);
#5570=ORIENTED_EDGE('',*,*,#3850,.T.);
#5571=ORIENTED_EDGE('',*,*,#3852,.T.);
#5572=ORIENTED_EDGE('',*,*,#3854,.T.);
#5573=ORIENTED_EDGE('',*,*,#3856,.T.);
#5574=ORIENTED_EDGE('',*,*,#3858,.T.);
#5575=ORIENTED_EDGE('',*,*,#3860,.T.);
#5576=ORIENTED_EDGE('',*,*,#3862,.T.);
#5577=ORIENTED_EDGE('',*,*,#3864,.T.);
#5578=ORIENTED_EDGE('',*,*,#3866,.T.);
#5579=ORIENTED_EDGE('',*,*,#3868,.T.);
#5580=ORIENTED_EDGE('',*,*,#3870,.T.);
#5581=ORIENTED_EDGE('',*,*,#3872,.T.);
#5582=ORIENTED_EDGE('',*,*,#3874,.T.);
#5583=ORIENTED_EDGE('',*,*,#3876,.T.);
#5584=ORIENTED_EDGE('',*,*,#3878,.T.);
#5585=ORIENTED_EDGE('',*,*,#3880,.T.);
#5586=ORIENTED_EDGE('',*,*,#3227,.T.);
#5587=ORIENTED_EDGE('',*,*,#3592,.T.);
#5588=ORIENTED_EDGE('',*,*,#3594,.T.);
#5589=ORIENTED_EDGE('',*,*,#3223,.T.);
#5590=ORIENTED_EDGE('',*,*,#3595,.T.);
#5591=ORIENTED_EDGE('',*,*,#3597,.T.);
#5592=ORIENTED_EDGE('',*,*,#3219,.T.);
#5593=ORIENTED_EDGE('',*,*,#3598,.T.);
#5594=ORIENTED_EDGE('',*,*,#3600,.T.);
#5595=ORIENTED_EDGE('',*,*,#3215,.T.);
#5596=ORIENTED_EDGE('',*,*,#3601,.T.);
#5597=ORIENTED_EDGE('',*,*,#3603,.T.);
#5598=ORIENTED_EDGE('',*,*,#3211,.T.);
#5599=ORIENTED_EDGE('',*,*,#3604,.T.);
#5600=ORIENTED_EDGE('',*,*,#3606,.T.);
#5601=ORIENTED_EDGE('',*,*,#3207,.T.);
#5602=ORIENTED_EDGE('',*,*,#3607,.T.);
#5603=ORIENTED_EDGE('',*,*,#3609,.T.);
#5604=ORIENTED_EDGE('',*,*,#3203,.T.);
#5605=ORIENTED_EDGE('',*,*,#3610,.T.);
#5606=ORIENTED_EDGE('',*,*,#3612,.T.);
#5607=ORIENTED_EDGE('',*,*,#3199,.T.);
#5608=ORIENTED_EDGE('',*,*,#3613,.T.);
#5609=ORIENTED_EDGE('',*,*,#3615,.T.);
#5610=ORIENTED_EDGE('',*,*,#3195,.T.);
#5611=ORIENTED_EDGE('',*,*,#3616,.T.);
#5612=ORIENTED_EDGE('',*,*,#3618,.T.);
#5613=ORIENTED_EDGE('',*,*,#3191,.T.);
#5614=ORIENTED_EDGE('',*,*,#3619,.T.);
#5615=ORIENTED_EDGE('',*,*,#3621,.T.);
#5616=ORIENTED_EDGE('',*,*,#3187,.T.);
#5617=ORIENTED_EDGE('',*,*,#3622,.T.);
#5618=ORIENTED_EDGE('',*,*,#3624,.T.);
#5619=ORIENTED_EDGE('',*,*,#3183,.T.);
#5620=ORIENTED_EDGE('',*,*,#3625,.T.);
#5621=ORIENTED_EDGE('',*,*,#3627,.T.);
#5622=ORIENTED_EDGE('',*,*,#3179,.T.);
#5623=ORIENTED_EDGE('',*,*,#3628,.T.);
#5624=ORIENTED_EDGE('',*,*,#3630,.T.);
#5625=ORIENTED_EDGE('',*,*,#3175,.T.);
#5626=ORIENTED_EDGE('',*,*,#3631,.T.);
#5627=ORIENTED_EDGE('',*,*,#3633,.T.);
#5628=ORIENTED_EDGE('',*,*,#3171,.T.);
#5629=ORIENTED_EDGE('',*,*,#3634,.T.);
#5630=ORIENTED_EDGE('',*,*,#3636,.T.);
#5631=ORIENTED_EDGE('',*,*,#3167,.T.);
#5632=ORIENTED_EDGE('',*,*,#3637,.T.);
#5633=ORIENTED_EDGE('',*,*,#3639,.T.);
#5634=ORIENTED_EDGE('',*,*,#3163,.T.);
#5635=ORIENTED_EDGE('',*,*,#3640,.T.);
#5636=ORIENTED_EDGE('',*,*,#3642,.T.);
#5637=ORIENTED_EDGE('',*,*,#3159,.T.);
#5638=ORIENTED_EDGE('',*,*,#3643,.T.);
#5639=ORIENTED_EDGE('',*,*,#3645,.T.);
#5640=ORIENTED_EDGE('',*,*,#3155,.T.);
#5641=ORIENTED_EDGE('',*,*,#3646,.T.);
#5642=ORIENTED_EDGE('',*,*,#3648,.T.);
#5643=ORIENTED_EDGE('',*,*,#3151,.T.);
#5644=ORIENTED_EDGE('',*,*,#3649,.T.);
#5645=ORIENTED_EDGE('',*,*,#3651,.T.);
#5646=ORIENTED_EDGE('',*,*,#3147,.T.);
#5647=ORIENTED_EDGE('',*,*,#3652,.T.);
#5648=ORIENTED_EDGE('',*,*,#3654,.T.);
#5649=ORIENTED_EDGE('',*,*,#3143,.T.);
#5650=ORIENTED_EDGE('',*,*,#3655,.T.);
#5651=ORIENTED_EDGE('',*,*,#3657,.T.);
#5652=ORIENTED_EDGE('',*,*,#3139,.T.);
#5653=ORIENTED_EDGE('',*,*,#3658,.T.);
#5654=ORIENTED_EDGE('',*,*,#3660,.T.);
#5655=ORIENTED_EDGE('',*,*,#3135,.T.);
#5656=ORIENTED_EDGE('',*,*,#3661,.T.);
#5657=ORIENTED_EDGE('',*,*,#3663,.T.);
#5658=ORIENTED_EDGE('',*,*,#3131,.T.);
#5659=ORIENTED_EDGE('',*,*,#3664,.T.);
#5660=ORIENTED_EDGE('',*,*,#3666,.T.);
#5661=ORIENTED_EDGE('',*,*,#3127,.T.);
#5662=ORIENTED_EDGE('',*,*,#3667,.T.);
#5663=ORIENTED_EDGE('',*,*,#3669,.T.);
#5664=ORIENTED_EDGE('',*,*,#3123,.T.);
#5665=ORIENTED_EDGE('',*,*,#3670,.T.);
#5666=ORIENTED_EDGE('',*,*,#3672,.T.);
#5667=ORIENTED_EDGE('',*,*,#3119,.T.);
#5668=ORIENTED_EDGE('',*,*,#3673,.T.);
#5669=ORIENTED_EDGE('',*,*,#3675,.T.);
#5670=ORIENTED_EDGE('',*,*,#3115,.T.);
#5671=ORIENTED_EDGE('',*,*,#3676,.T.);
#5672=ORIENTED_EDGE('',*,*,#3678,.T.);
#5673=ORIENTED_EDGE('',*,*,#3111,.T.);
#5674=ORIENTED_EDGE('',*,*,#3679,.T.);
#5675=ORIENTED_EDGE('',*,*,#3681,.T.);
#5676=ORIENTED_EDGE('',*,*,#3107,.T.);
#5677=ORIENTED_EDGE('',*,*,#3682,.T.);
#5678=ORIENTED_EDGE('',*,*,#3684,.T.);
#5679=ORIENTED_EDGE('',*,*,#3103,.T.);
#5680=ORIENTED_EDGE('',*,*,#3685,.T.);
#5681=ORIENTED_EDGE('',*,*,#3460,.T.);
#5682=ORIENTED_EDGE('',*,*,#3099,.T.);
#5683=ORIENTED_EDGE('',*,*,#3922,.F.);
#5684=ORIENTED_EDGE('',*,*,#3058,.F.);
#5685=ORIENTED_EDGE('',*,*,#3090,.T.);
#5686=ORIENTED_EDGE('',*,*,#3923,.F.);
#5687=ORIENTED_EDGE('',*,*,#3924,.F.);
#5688=ORIENTED_EDGE('',*,*,#3923,.T.);
#5689=ORIENTED_EDGE('',*,*,#3095,.T.);
#5690=ORIENTED_EDGE('',*,*,#3060,.F.);
#5691=ORIENTED_EDGE('',*,*,#3925,.F.);
#5692=ORIENTED_EDGE('',*,*,#3065,.F.);
#5693=ORIENTED_EDGE('',*,*,#3088,.T.);
#5694=ORIENTED_EDGE('',*,*,#3926,.F.);
#5695=ORIENTED_EDGE('',*,*,#3927,.F.);
#5696=ORIENTED_EDGE('',*,*,#3926,.T.);
#5697=ORIENTED_EDGE('',*,*,#3083,.T.);
#5698=ORIENTED_EDGE('',*,*,#3067,.F.);
#5699=ORIENTED_EDGE('',*,*,#3039,.T.);
#5700=ORIENTED_EDGE('',*,*,#3925,.T.);
#5701=ORIENTED_EDGE('',*,*,#3927,.T.);
#5702=ORIENTED_EDGE('',*,*,#3066,.T.);
#5703=ORIENTED_EDGE('',*,*,#3062,.T.);
#5704=ORIENTED_EDGE('',*,*,#3922,.T.);
#5705=ORIENTED_EDGE('',*,*,#3924,.T.);
#5706=ORIENTED_EDGE('',*,*,#3059,.T.);
#5707=ORIENTED_EDGE('',*,*,#3055,.T.);
#5708=(
BOUNDED_SURFACE()
B_SPLINE_SURFACE(3,2,((#8334,#8335,#8336,#8337,#8338,#8339,#8340,#8341,
#8342),(#8343,#8344,#8345,#8346,#8347,#8348,#8349,#8350,#8351),(#8352,#8353,
#8354,#8355,#8356,#8357,#8358,#8359,#8360),(#8361,#8362,#8363,#8364,#8365,
#8366,#8367,#8368,#8369)),.UNSPECIFIED.,.F.,.T.,.F.)
B_SPLINE_SURFACE_WITH_KNOTS((4,4),(3,2,2,2,3),(0.624340031582664,0.706252387012014),
(0.,1.5707963267949,3.14159265358979,4.71238898038469,6.28318530717959),
 .UNSPECIFIED.)
GEOMETRIC_REPRESENTATION_ITEM()
RATIONAL_B_SPLINE_SURFACE(((1.,0.707106781186548,1.,0.707106781186548,1.,
0.707106781186548,1.,0.707106781186548,1.),(1.,0.707106781186548,1.,0.707106781186548,
1.,0.707106781186548,1.,0.707106781186548,1.),(1.,0.707106781186548,1.,
0.707106781186548,1.,0.707106781186548,1.,0.707106781186548,1.),(1.,0.707106781186548,
1.,0.707106781186548,1.,0.707106781186548,1.,0.707106781186548,1.)))
REPRESENTATION_ITEM('')
SURFACE()
);
#5709=(
BOUNDED_SURFACE()
B_SPLINE_SURFACE(3,2,((#8416,#8417,#8418,#8419,#8420,#8421,#8422,#8423,
#8424),(#8425,#8426,#8427,#8428,#8429,#8430,#8431,#8432,#8433),(#8434,#8435,
#8436,#8437,#8438,#8439,#8440,#8441,#8442),(#8443,#8444,#8445,#8446,#8447,
#8448,#8449,#8450,#8451),(#8452,#8453,#8454,#8455,#8456,#8457,#8458,#8459,
#8460),(#8461,#8462,#8463,#8464,#8465,#8466,#8467,#8468,#8469),(#8470,#8471,
#8472,#8473,#8474,#8475,#8476,#8477,#8478)),.UNSPECIFIED.,.F.,.T.,.F.)
B_SPLINE_SURFACE_WITH_KNOTS((4,3,4),(3,2,2,2,3),(-0.926355032719273,-0.924032432185152,
-0.706252387012046),(0.,1.5707963267949,3.14159265358979,4.71238898038469,
6.28318530717959),.UNSPECIFIED.)
GEOMETRIC_REPRESENTATION_ITEM()
RATIONAL_B_SPLINE_SURFACE(((1.,0.707106781186548,1.,0.707106781186548,1.,
0.707106781186548,1.,0.707106781186548,1.),(1.,0.707106781186548,1.,0.707106781186548,
1.,0.707106781186548,1.,0.707106781186548,1.),(1.,0.707106781186548,1.,
0.707106781186548,1.,0.707106781186548,1.,0.707106781186548,1.),(1.,0.707106781186548,
1.,0.707106781186548,1.,0.707106781186548,1.,0.707106781186548,1.),(1.,
0.707106781186548,1.,0.707106781186548,1.,0.707106781186548,1.,0.707106781186548,
1.),(1.,0.707106781186548,1.,0.707106781186548,1.,0.707106781186548,1.,
0.707106781186548,1.),(1.,0.707106781186548,1.,0.707106781186548,1.,0.707106781186548,
1.,0.707106781186548,1.)))
REPRESENTATION_ITEM('')
SURFACE()
);
#5710=(
BOUNDED_SURFACE()
B_SPLINE_SURFACE(3,2,((#9181,#9182,#9183,#9184,#9185,#9186,#9187,#9188,
#9189),(#9190,#9191,#9192,#9193,#9194,#9195,#9196,#9197,#9198),(#9199,#9200,
#9201,#9202,#9203,#9204,#9205,#9206,#9207),(#9208,#9209,#9210,#9211,#9212,
#9213,#9214,#9215,#9216),(#9217,#9218,#9219,#9220,#9221,#9222,#9223,#9224,
#9225),(#9226,#9227,#9228,#9229,#9230,#9231,#9232,#9233,#9234),(#9235,#9236,
#9237,#9238,#9239,#9240,#9241,#9242,#9243),(#9244,#9245,#9246,#9247,#9248,
#9249,#9250,#9251,#9252),(#9253,#9254,#9255,#9256,#9257,#9258,#9259,#9260,
#9261),(#9262,#9263,#9264,#9265,#9266,#9267,#9268,#9269,#9270)),
 .UNSPECIFIED.,.F.,.T.,.F.)
B_SPLINE_SURFACE_WITH_KNOTS((4,3,3,4),(3,2,2,2,3),(0.0857134246430946,0.423703175253481,
0.453216132415222,0.458748492614543),(0.,1.5707963267949,3.14159265358979,
4.71238898038469,6.28318530717959),.UNSPECIFIED.)
GEOMETRIC_REPRESENTATION_ITEM()
RATIONAL_B_SPLINE_SURFACE(((1.,0.707106781186548,1.,0.707106781186548,1.,
0.707106781186548,1.,0.707106781186548,1.),(1.,0.707106781186548,1.,0.707106781186548,
1.,0.707106781186548,1.,0.707106781186548,1.),(1.,0.707106781186548,1.,
0.707106781186548,1.,0.707106781186548,1.,0.707106781186548,1.),(1.,0.707106781186548,
1.,0.707106781186548,1.,0.707106781186548,1.,0.707106781186548,1.),(1.,
0.707106781186548,1.,0.707106781186548,1.,0.707106781186548,1.,0.707106781186548,
1.),(1.,0.707106781186548,1.,0.707106781186548,1.,0.707106781186548,1.,
0.707106781186548,1.),(1.,0.707106781186548,1.,0.707106781186548,1.,0.707106781186548,
1.,0.707106781186548,1.),(1.,0.707106781186548,1.,0.707106781186548,1.,
0.707106781186548,1.,0.707106781186548,1.),(1.,0.707106781186548,1.,0.707106781186548,
1.,0.707106781186548,1.,0.707106781186548,1.),(1.,0.707106781186548,1.,
0.707106781186548,1.,0.707106781186548,1.,0.707106781186548,1.)))
REPRESENTATION_ITEM('')
SURFACE()
);
#5711=ADVANCED_FACE('',(#1566),#5708,.F.);
#5712=ADVANCED_FACE('',(#1567),#5709,.T.);
#5713=ADVANCED_FACE('',(#1568),#1491,.T.);
#5714=ADVANCED_FACE('',(#1569),#5710,.T.);
#5715=ADVANCED_FACE('',(#1570),#1492,.F.);
#5716=ADVANCED_FACE('',(#1571,#38),#44,.T.);
#5717=ADVANCED_FACE('',(#1572),#15,.F.);
#5718=ADVANCED_FACE('',(#1573),#1493,.F.);
#5719=ADVANCED_FACE('',(#1574),#1494,.F.);
#5720=ADVANCED_FACE('',(#1575),#1495,.F.);
#5721=ADVANCED_FACE('',(#1576),#1496,.F.);
#5722=ADVANCED_FACE('',(#1577),#16,.F.);
#5723=ADVANCED_FACE('',(#1578),#17,.F.);
#5724=ADVANCED_FACE('',(#1579),#18,.F.);
#5725=ADVANCED_FACE('',(#1580),#19,.F.);
#5726=ADVANCED_FACE('',(#1581),#20,.F.);
#5727=ADVANCED_FACE('',(#1582),#21,.T.);
#5728=ADVANCED_FACE('',(#1583),#22,.F.);
#5729=ADVANCED_FACE('',(#1584),#23,.T.);
#5730=ADVANCED_FACE('',(#1585,#39),#45,.T.);
#5731=ADVANCED_FACE('',(#1586),#1497,.F.);
#5732=ADVANCED_FACE('',(#1587),#1498,.F.);
#5733=ADVANCED_FACE('',(#1588),#1499,.F.);
#5734=ADVANCED_FACE('',(#1589),#1500,.F.);
#5735=ADVANCED_FACE('',(#1590),#1501,.F.);
#5736=ADVANCED_FACE('',(#1591),#1502,.F.);
#5737=ADVANCED_FACE('',(#1592),#1503,.F.);
#5738=ADVANCED_FACE('',(#1593),#1504,.F.);
#5739=ADVANCED_FACE('',(#1594),#1505,.F.);
#5740=ADVANCED_FACE('',(#1595),#1506,.F.);
#5741=ADVANCED_FACE('',(#1596),#1507,.F.);
#5742=ADVANCED_FACE('',(#1597),#1508,.F.);
#5743=ADVANCED_FACE('',(#1598),#1509,.F.);
#5744=ADVANCED_FACE('',(#1599),#1510,.F.);
#5745=ADVANCED_FACE('',(#1600),#1511,.F.);
#5746=ADVANCED_FACE('',(#1601),#1512,.F.);
#5747=ADVANCED_FACE('',(#1602),#1513,.F.);
#5748=ADVANCED_FACE('',(#1603),#1514,.F.);
#5749=ADVANCED_FACE('',(#1604),#1515,.F.);
#5750=ADVANCED_FACE('',(#1605),#1516,.F.);
#5751=ADVANCED_FACE('',(#1606),#1517,.F.);
#5752=ADVANCED_FACE('',(#1607),#1518,.F.);
#5753=ADVANCED_FACE('',(#1608),#1519,.F.);
#5754=ADVANCED_FACE('',(#1609),#1520,.F.);
#5755=ADVANCED_FACE('',(#1610),#1521,.F.);
#5756=ADVANCED_FACE('',(#1611),#1522,.F.);
#5757=ADVANCED_FACE('',(#1612),#1523,.F.);
#5758=ADVANCED_FACE('',(#1613),#1524,.F.);
#5759=ADVANCED_FACE('',(#1614),#1525,.F.);
#5760=ADVANCED_FACE('',(#1615),#1526,.F.);
#5761=ADVANCED_FACE('',(#1616),#1527,.F.);
#5762=ADVANCED_FACE('',(#1617),#1528,.F.);
#5763=ADVANCED_FACE('',(#1618),#1529,.F.);
#5764=ADVANCED_FACE('',(#1619),#24,.F.);
#5765=ADVANCED_FACE('',(#1620),#46,.F.);
#5766=ADVANCED_FACE('',(#1621),#47,.F.);
#5767=ADVANCED_FACE('',(#1622),#48,.F.);
#5768=ADVANCED_FACE('',(#1623),#49,.F.);
#5769=ADVANCED_FACE('',(#1624),#50,.F.);
#5770=ADVANCED_FACE('',(#1625),#51,.F.);
#5771=ADVANCED_FACE('',(#1626),#52,.F.);
#5772=ADVANCED_FACE('',(#1627),#53,.F.);
#5773=ADVANCED_FACE('',(#1628),#54,.F.);
#5774=ADVANCED_FACE('',(#1629),#55,.F.);
#5775=ADVANCED_FACE('',(#1630),#56,.F.);
#5776=ADVANCED_FACE('',(#1631),#57,.F.);
#5777=ADVANCED_FACE('',(#1632),#58,.F.);
#5778=ADVANCED_FACE('',(#1633),#59,.F.);
#5779=ADVANCED_FACE('',(#1634),#60,.F.);
#5780=ADVANCED_FACE('',(#1635),#61,.F.);
#5781=ADVANCED_FACE('',(#1636),#62,.F.);
#5782=ADVANCED_FACE('',(#1637),#63,.F.);
#5783=ADVANCED_FACE('',(#1638),#64,.F.);
#5784=ADVANCED_FACE('',(#1639),#65,.F.);
#5785=ADVANCED_FACE('',(#1640),#66,.F.);
#5786=ADVANCED_FACE('',(#1641),#67,.F.);
#5787=ADVANCED_FACE('',(#1642),#68,.F.);
#5788=ADVANCED_FACE('',(#1643),#69,.F.);
#5789=ADVANCED_FACE('',(#1644),#70,.F.);
#5790=ADVANCED_FACE('',(#1645),#71,.F.);
#5791=ADVANCED_FACE('',(#1646),#72,.F.);
#5792=ADVANCED_FACE('',(#1647),#73,.F.);
#5793=ADVANCED_FACE('',(#1648),#74,.F.);
#5794=ADVANCED_FACE('',(#1649),#75,.F.);
#5795=ADVANCED_FACE('',(#1650),#76,.F.);
#5796=ADVANCED_FACE('',(#1651),#77,.F.);
#5797=ADVANCED_FACE('',(#1652),#78,.F.);
#5798=ADVANCED_FACE('',(#1653),#79,.F.);
#5799=ADVANCED_FACE('',(#1654),#80,.F.);
#5800=ADVANCED_FACE('',(#1655),#81,.F.);
#5801=ADVANCED_FACE('',(#1656),#82,.F.);
#5802=ADVANCED_FACE('',(#1657),#83,.F.);
#5803=ADVANCED_FACE('',(#1658),#84,.F.);
#5804=ADVANCED_FACE('',(#1659),#85,.F.);
#5805=ADVANCED_FACE('',(#1660),#86,.F.);
#5806=ADVANCED_FACE('',(#1661),#87,.F.);
#5807=ADVANCED_FACE('',(#1662),#88,.F.);
#5808=ADVANCED_FACE('',(#1663),#89,.F.);
#5809=ADVANCED_FACE('',(#1664),#90,.F.);
#5810=ADVANCED_FACE('',(#1665),#91,.F.);
#5811=ADVANCED_FACE('',(#1666),#92,.F.);
#5812=ADVANCED_FACE('',(#1667),#93,.F.);
#5813=ADVANCED_FACE('',(#1668),#94,.F.);
#5814=ADVANCED_FACE('',(#1669),#95,.F.);
#5815=ADVANCED_FACE('',(#1670),#96,.F.);
#5816=ADVANCED_FACE('',(#1671),#97,.F.);
#5817=ADVANCED_FACE('',(#1672),#98,.F.);
#5818=ADVANCED_FACE('',(#1673),#99,.F.);
#5819=ADVANCED_FACE('',(#1674),#100,.F.);
#5820=ADVANCED_FACE('',(#1675),#101,.F.);
#5821=ADVANCED_FACE('',(#1676),#102,.F.);
#5822=ADVANCED_FACE('',(#1677),#103,.F.);
#5823=ADVANCED_FACE('',(#1678),#104,.F.);
#5824=ADVANCED_FACE('',(#1679),#105,.F.);
#5825=ADVANCED_FACE('',(#1680),#106,.F.);
#5826=ADVANCED_FACE('',(#1681),#107,.F.);
#5827=ADVANCED_FACE('',(#1682),#108,.F.);
#5828=ADVANCED_FACE('',(#1683),#109,.F.);
#5829=ADVANCED_FACE('',(#1684),#110,.F.);
#5830=ADVANCED_FACE('',(#1685),#111,.F.);
#5831=ADVANCED_FACE('',(#1686),#112,.F.);
#5832=ADVANCED_FACE('',(#1687),#113,.F.);
#5833=ADVANCED_FACE('',(#1688),#114,.F.);
#5834=ADVANCED_FACE('',(#1689),#115,.F.);
#5835=ADVANCED_FACE('',(#1690),#116,.F.);
#5836=ADVANCED_FACE('',(#1691),#117,.F.);
#5837=ADVANCED_FACE('',(#1692),#118,.F.);
#5838=ADVANCED_FACE('',(#1693),#119,.F.);
#5839=ADVANCED_FACE('',(#1694),#120,.F.);
#5840=ADVANCED_FACE('',(#1695),#121,.F.);
#5841=ADVANCED_FACE('',(#1696),#122,.F.);
#5842=ADVANCED_FACE('',(#1697),#123,.F.);
#5843=ADVANCED_FACE('',(#1698),#124,.F.);
#5844=ADVANCED_FACE('',(#1699),#125,.F.);
#5845=ADVANCED_FACE('',(#1700),#126,.F.);
#5846=ADVANCED_FACE('',(#1701),#127,.F.);
#5847=ADVANCED_FACE('',(#1702),#128,.F.);
#5848=ADVANCED_FACE('',(#1703),#129,.F.);
#5849=ADVANCED_FACE('',(#1704),#130,.F.);
#5850=ADVANCED_FACE('',(#1705),#131,.F.);
#5851=ADVANCED_FACE('',(#1706),#132,.F.);
#5852=ADVANCED_FACE('',(#1707),#133,.F.);
#5853=ADVANCED_FACE('',(#1708),#134,.F.);
#5854=ADVANCED_FACE('',(#1709),#135,.F.);
#5855=ADVANCED_FACE('',(#1710),#136,.F.);
#5856=ADVANCED_FACE('',(#1711),#137,.F.);
#5857=ADVANCED_FACE('',(#1712),#138,.F.);
#5858=ADVANCED_FACE('',(#1713),#139,.F.);
#5859=ADVANCED_FACE('',(#1714),#140,.F.);
#5860=ADVANCED_FACE('',(#1715),#141,.F.);
#5861=ADVANCED_FACE('',(#1716),#142,.F.);
#5862=ADVANCED_FACE('',(#1717),#143,.F.);
#5863=ADVANCED_FACE('',(#1718),#144,.F.);
#5864=ADVANCED_FACE('',(#1719),#145,.F.);
#5865=ADVANCED_FACE('',(#1720),#146,.F.);
#5866=ADVANCED_FACE('',(#1721),#147,.F.);
#5867=ADVANCED_FACE('',(#1722),#148,.F.);
#5868=ADVANCED_FACE('',(#1723),#149,.F.);
#5869=ADVANCED_FACE('',(#1724),#150,.F.);
#5870=ADVANCED_FACE('',(#1725),#151,.F.);
#5871=ADVANCED_FACE('',(#1726),#152,.F.);
#5872=ADVANCED_FACE('',(#1727),#153,.F.);
#5873=ADVANCED_FACE('',(#1728),#154,.F.);
#5874=ADVANCED_FACE('',(#1729),#155,.F.);
#5875=ADVANCED_FACE('',(#1730),#156,.F.);
#5876=ADVANCED_FACE('',(#1731),#157,.F.);
#5877=ADVANCED_FACE('',(#1732),#158,.F.);
#5878=ADVANCED_FACE('',(#1733),#159,.F.);
#5879=ADVANCED_FACE('',(#1734),#160,.F.);
#5880=ADVANCED_FACE('',(#1735),#161,.F.);
#5881=ADVANCED_FACE('',(#1736),#162,.F.);
#5882=ADVANCED_FACE('',(#1737),#163,.F.);
#5883=ADVANCED_FACE('',(#1738),#164,.F.);
#5884=ADVANCED_FACE('',(#1739),#165,.F.);
#5885=ADVANCED_FACE('',(#1740),#166,.F.);
#5886=ADVANCED_FACE('',(#1741),#167,.F.);
#5887=ADVANCED_FACE('',(#1742),#168,.F.);
#5888=ADVANCED_FACE('',(#1743),#169,.F.);
#5889=ADVANCED_FACE('',(#1744),#170,.F.);
#5890=ADVANCED_FACE('',(#1745),#171,.F.);
#5891=ADVANCED_FACE('',(#1746),#172,.F.);
#5892=ADVANCED_FACE('',(#1747),#173,.F.);
#5893=ADVANCED_FACE('',(#1748),#174,.F.);
#5894=ADVANCED_FACE('',(#1749),#175,.F.);
#5895=ADVANCED_FACE('',(#1750),#176,.F.);
#5896=ADVANCED_FACE('',(#1751),#1530,.F.);
#5897=ADVANCED_FACE('',(#1752),#177,.F.);
#5898=ADVANCED_FACE('',(#1753),#178,.F.);
#5899=ADVANCED_FACE('',(#1754),#1531,.F.);
#5900=ADVANCED_FACE('',(#1755),#179,.F.);
#5901=ADVANCED_FACE('',(#1756),#180,.F.);
#5902=ADVANCED_FACE('',(#1757),#1532,.F.);
#5903=ADVANCED_FACE('',(#1758),#181,.F.);
#5904=ADVANCED_FACE('',(#1759),#182,.F.);
#5905=ADVANCED_FACE('',(#1760),#1533,.F.);
#5906=ADVANCED_FACE('',(#1761),#183,.F.);
#5907=ADVANCED_FACE('',(#1762),#184,.F.);
#5908=ADVANCED_FACE('',(#1763),#1534,.F.);
#5909=ADVANCED_FACE('',(#1764),#185,.F.);
#5910=ADVANCED_FACE('',(#1765),#186,.F.);
#5911=ADVANCED_FACE('',(#1766),#1535,.F.);
#5912=ADVANCED_FACE('',(#1767),#187,.F.);
#5913=ADVANCED_FACE('',(#1768),#188,.F.);
#5914=ADVANCED_FACE('',(#1769),#1536,.F.);
#5915=ADVANCED_FACE('',(#1770),#189,.F.);
#5916=ADVANCED_FACE('',(#1771),#190,.F.);
#5917=ADVANCED_FACE('',(#1772),#1537,.F.);
#5918=ADVANCED_FACE('',(#1773),#191,.F.);
#5919=ADVANCED_FACE('',(#1774),#192,.F.);
#5920=ADVANCED_FACE('',(#1775),#1538,.F.);
#5921=ADVANCED_FACE('',(#1776),#193,.F.);
#5922=ADVANCED_FACE('',(#1777),#194,.F.);
#5923=ADVANCED_FACE('',(#1778),#1539,.F.);
#5924=ADVANCED_FACE('',(#1779),#195,.F.);
#5925=ADVANCED_FACE('',(#1780),#196,.F.);
#5926=ADVANCED_FACE('',(#1781),#1540,.F.);
#5927=ADVANCED_FACE('',(#1782),#197,.F.);
#5928=ADVANCED_FACE('',(#1783),#198,.F.);
#5929=ADVANCED_FACE('',(#1784),#1541,.F.);
#5930=ADVANCED_FACE('',(#1785),#199,.F.);
#5931=ADVANCED_FACE('',(#1786),#200,.F.);
#5932=ADVANCED_FACE('',(#1787),#1542,.F.);
#5933=ADVANCED_FACE('',(#1788),#201,.F.);
#5934=ADVANCED_FACE('',(#1789),#202,.F.);
#5935=ADVANCED_FACE('',(#1790),#1543,.F.);
#5936=ADVANCED_FACE('',(#1791),#203,.F.);
#5937=ADVANCED_FACE('',(#1792),#204,.F.);
#5938=ADVANCED_FACE('',(#1793),#1544,.F.);
#5939=ADVANCED_FACE('',(#1794),#205,.F.);
#5940=ADVANCED_FACE('',(#1795),#206,.F.);
#5941=ADVANCED_FACE('',(#1796),#1545,.F.);
#5942=ADVANCED_FACE('',(#1797),#207,.F.);
#5943=ADVANCED_FACE('',(#1798),#208,.F.);
#5944=ADVANCED_FACE('',(#1799),#1546,.F.);
#5945=ADVANCED_FACE('',(#1800),#209,.F.);
#5946=ADVANCED_FACE('',(#1801),#210,.F.);
#5947=ADVANCED_FACE('',(#1802),#1547,.F.);
#5948=ADVANCED_FACE('',(#1803),#211,.F.);
#5949=ADVANCED_FACE('',(#1804),#212,.F.);
#5950=ADVANCED_FACE('',(#1805),#1548,.F.);
#5951=ADVANCED_FACE('',(#1806),#213,.F.);
#5952=ADVANCED_FACE('',(#1807),#214,.F.);
#5953=ADVANCED_FACE('',(#1808),#1549,.F.);
#5954=ADVANCED_FACE('',(#1809),#215,.F.);
#5955=ADVANCED_FACE('',(#1810),#216,.F.);
#5956=ADVANCED_FACE('',(#1811),#1550,.F.);
#5957=ADVANCED_FACE('',(#1812),#217,.F.);
#5958=ADVANCED_FACE('',(#1813),#218,.F.);
#5959=ADVANCED_FACE('',(#1814),#1551,.F.);
#5960=ADVANCED_FACE('',(#1815),#219,.F.);
#5961=ADVANCED_FACE('',(#1816),#220,.F.);
#5962=ADVANCED_FACE('',(#1817),#1552,.F.);
#5963=ADVANCED_FACE('',(#1818),#221,.F.);
#5964=ADVANCED_FACE('',(#1819),#222,.F.);
#5965=ADVANCED_FACE('',(#1820),#1553,.F.);
#5966=ADVANCED_FACE('',(#1821),#223,.F.);
#5967=ADVANCED_FACE('',(#1822),#224,.F.);
#5968=ADVANCED_FACE('',(#1823),#1554,.F.);
#5969=ADVANCED_FACE('',(#1824),#225,.F.);
#5970=ADVANCED_FACE('',(#1825),#226,.F.);
#5971=ADVANCED_FACE('',(#1826),#1555,.F.);
#5972=ADVANCED_FACE('',(#1827),#227,.F.);
#5973=ADVANCED_FACE('',(#1828),#228,.F.);
#5974=ADVANCED_FACE('',(#1829),#1556,.F.);
#5975=ADVANCED_FACE('',(#1830),#229,.F.);
#5976=ADVANCED_FACE('',(#1831),#230,.F.);
#5977=ADVANCED_FACE('',(#1832),#1557,.F.);
#5978=ADVANCED_FACE('',(#1833),#231,.F.);
#5979=ADVANCED_FACE('',(#1834),#232,.F.);
#5980=ADVANCED_FACE('',(#1835),#1558,.F.);
#5981=ADVANCED_FACE('',(#1836),#233,.F.);
#5982=ADVANCED_FACE('',(#1837),#234,.F.);
#5983=ADVANCED_FACE('',(#1838),#1559,.F.);
#5984=ADVANCED_FACE('',(#1839),#235,.F.);
#5985=ADVANCED_FACE('',(#1840),#236,.F.);
#5986=ADVANCED_FACE('',(#1841),#1560,.F.);
#5987=ADVANCED_FACE('',(#1842),#237,.F.);
#5988=ADVANCED_FACE('',(#1843),#238,.F.);
#5989=ADVANCED_FACE('',(#1844),#1561,.F.);
#5990=ADVANCED_FACE('',(#1845),#239,.F.);
#5991=ADVANCED_FACE('',(#1846),#240,.F.);
#5992=ADVANCED_FACE('',(#1847),#25,.F.);
#5993=ADVANCED_FACE('',(#1848),#241,.T.);
#5994=ADVANCED_FACE('',(#1849),#26,.F.);
#5995=ADVANCED_FACE('',(#1850),#27,.T.);
#5996=ADVANCED_FACE('',(#1851),#28,.F.);
#5997=ADVANCED_FACE('',(#1852),#29,.T.);
#5998=ADVANCED_FACE('',(#1853),#30,.F.);
#5999=ADVANCED_FACE('',(#1854,#40),#242,.T.);
#6000=ADVANCED_FACE('',(#1855),#31,.F.);
#6001=ADVANCED_FACE('',(#1856),#243,.T.);
#6002=ADVANCED_FACE('',(#1857),#32,.F.);
#6003=ADVANCED_FACE('',(#1858),#33,.T.);
#6004=ADVANCED_FACE('',(#1859),#34,.F.);
#6005=ADVANCED_FACE('',(#1860),#35,.T.);
#6006=ADVANCED_FACE('',(#1861),#36,.F.);
#6007=ADVANCED_FACE('',(#1862),#244,.T.);
#6008=ADVANCED_FACE('',(#1863),#37,.F.);
#6009=ADVANCED_FACE('',(#1864,#41),#245,.T.);
#6010=ADVANCED_FACE('',(#1865),#1562,.F.);
#6011=ADVANCED_FACE('',(#1866),#1563,.T.);
#6012=ADVANCED_FACE('',(#1867),#1564,.T.);
#6013=ADVANCED_FACE('',(#1868),#1565,.F.);
#6014=ADVANCED_FACE('',(#1869,#42,#43),#246,.T.);
#6015=CLOSED_SHELL('',(#5711,#5712,#5713,#5714,#5715,#5716,#5717,#5718,
#5719,#5720,#5721,#5722,#5723,#5724,#5725,#5726,#5727,#5728,#5729,#5730,
#5731,#5732,#5733,#5734,#5735,#5736,#5737,#5738,#5739,#5740,#5741,#5742,
#5743,#5744,#5745,#5746,#5747,#5748,#5749,#5750,#5751,#5752,#5753,#5754,
#5755,#5756,#5757,#5758,#5759,#5760,#5761,#5762,#5763,#5764,#5765,#5766,
#5767,#5768,#5769,#5770,#5771,#5772,#5773,#5774,#5775,#5776,#5777,#5778,
#5779,#5780,#5781,#5782,#5783,#5784,#5785,#5786,#5787,#5788,#5789,#5790,
#5791,#5792,#5793,#5794,#5795,#5796,#5797,#5798,#5799,#5800,#5801,#5802,
#5803,#5804,#5805,#5806,#5807,#5808,#5809,#5810,#5811,#5812,#5813,#5814,
#5815,#5816,#5817,#5818,#5819,#5820,#5821,#5822,#5823,#5824,#5825,#5826,
#5827,#5828,#5829,#5830,#5831,#5832,#5833,#5834,#5835,#5836,#5837,#5838,
#5839,#5840,#5841,#5842,#5843,#5844,#5845,#5846,#5847,#5848,#5849,#5850,
#5851,#5852,#5853,#5854,#5855,#5856,#5857,#5858,#5859,#5860,#5861,#5862,
#5863,#5864,#5865,#5866,#5867,#5868,#5869,#5870,#5871,#5872,#5873,#5874,
#5875,#5876,#5877,#5878,#5879,#5880,#5881,#5882,#5883,#5884,#5885,#5886,
#5887,#5888,#5889,#5890,#5891,#5892,#5893,#5894,#5895,#5896,#5897,#5898,
#5899,#5900,#5901,#5902,#5903,#5904,#5905,#5906,#5907,#5908,#5909,#5910,
#5911,#5912,#5913,#5914,#5915,#5916,#5917,#5918,#5919,#5920,#5921,#5922,
#5923,#5924,#5925,#5926,#5927,#5928,#5929,#5930,#5931,#5932,#5933,#5934,
#5935,#5936,#5937,#5938,#5939,#5940,#5941,#5942,#5943,#5944,#5945,#5946,
#5947,#5948,#5949,#5950,#5951,#5952,#5953,#5954,#5955,#5956,#5957,#5958,
#5959,#5960,#5961,#5962,#5963,#5964,#5965,#5966,#5967,#5968,#5969,#5970,
#5971,#5972,#5973,#5974,#5975,#5976,#5977,#5978,#5979,#5980,#5981,#5982,
#5983,#5984,#5985,#5986,#5987,#5988,#5989,#5990,#5991,#5992,#5993,#5994,
#5995,#5996,#5997,#5998,#5999,#6000,#6001,#6002,#6003,#6004,#6005,#6006,
#6007,#6008,#6009,#6010,#6011,#6012,#6013,#6014));
#6016=DERIVED_UNIT_ELEMENT(#6018,1.);
#6017=DERIVED_UNIT_ELEMENT(#11088,-3.);
#6018=(
MASS_UNIT()
NAMED_UNIT(*)
SI_UNIT(.KILO.,.GRAM.)
);
#6019=DERIVED_UNIT((#6016,#6017));
#6020=MEASURE_REPRESENTATION_ITEM('density measure',
POSITIVE_RATIO_MEASURE(7850.),#6019);
#6021=PROPERTY_DEFINITION_REPRESENTATION(#6026,#6023);
#6022=PROPERTY_DEFINITION_REPRESENTATION(#6027,#6024);
#6023=REPRESENTATION('material name',(#6025),#11085);
#6024=REPRESENTATION('density',(#6020),#11085);
#6025=DESCRIPTIVE_REPRESENTATION_ITEM('Steel','Steel');
#6026=PROPERTY_DEFINITION('material property','material name',#11095);
#6027=PROPERTY_DEFINITION('material property','density of part',#11095);
#6028=AXIS2_PLACEMENT_3D('',#8333,#6589,#6590);
#6029=AXIS2_PLACEMENT_3D('',#8415,#6591,#6592);
#6030=AXIS2_PLACEMENT_3D('',#8731,#6593,#6594);
#6031=AXIS2_PLACEMENT_3D('',#9321,#6596,#6597);
#6032=AXIS2_PLACEMENT_3D('',#9323,#6598,#6599);
#6033=AXIS2_PLACEMENT_3D('',#9326,#6601,#6602);
#6034=AXIS2_PLACEMENT_3D('',#9327,#6603,#6604);
#6035=AXIS2_PLACEMENT_3D('',#9329,#6605,#6606);
#6036=AXIS2_PLACEMENT_3D('',#9330,#6607,#6608);
#6037=AXIS2_PLACEMENT_3D('',#9332,#6609,#6610);
#6038=AXIS2_PLACEMENT_3D('',#9334,#6612,#6613);
#6039=AXIS2_PLACEMENT_3D('',#9337,#6614,#6615);
#6040=AXIS2_PLACEMENT_3D('',#9341,#6617,#6618);
#6041=AXIS2_PLACEMENT_3D('',#9343,#6620,#6621);
#6042=AXIS2_PLACEMENT_3D('',#9345,#6622,#6623);
#6043=AXIS2_PLACEMENT_3D('',#9348,#6625,#6626);
#6044=AXIS2_PLACEMENT_3D('',#9349,#6627,#6628);
#6045=AXIS2_PLACEMENT_3D('',#9352,#6629,#6630);
#6046=AXIS2_PLACEMENT_3D('',#9356,#6632,#6633);
#6047=AXIS2_PLACEMENT_3D('',#9358,#6635,#6636);
#6048=AXIS2_PLACEMENT_3D('',#9360,#6637,#6638);
#6049=AXIS2_PLACEMENT_3D('',#9363,#6640,#6641);
#6050=AXIS2_PLACEMENT_3D('',#9364,#6642,#6643);
#6051=AXIS2_PLACEMENT_3D('',#9368,#6645,#6646);
#6052=AXIS2_PLACEMENT_3D('',#9370,#6648,#6649);
#6053=AXIS2_PLACEMENT_3D('',#9374,#6651,#6652);
#6054=AXIS2_PLACEMENT_3D('',#9377,#6654,#6655);
#6055=AXIS2_PLACEMENT_3D('',#9378,#6656,#6657);
#6056=AXIS2_PLACEMENT_3D('',#9382,#6659,#6660);
#6057=AXIS2_PLACEMENT_3D('',#9386,#6662,#6663);
#6058=AXIS2_PLACEMENT_3D('',#9388,#6665,#6666);
#6059=AXIS2_PLACEMENT_3D('',#9391,#6668,#6669);
#6060=AXIS2_PLACEMENT_3D('',#9392,#6670,#6671);
#6061=AXIS2_PLACEMENT_3D('',#9394,#6672,#6673);
#6062=AXIS2_PLACEMENT_3D('',#9398,#6675,#6676);
#6063=AXIS2_PLACEMENT_3D('',#9401,#6678,#6679);
#6064=AXIS2_PLACEMENT_3D('',#9402,#6680,#6681);
#6065=AXIS2_PLACEMENT_3D('',#9403,#6682,#6683);
#6066=AXIS2_PLACEMENT_3D('',#9404,#6684,#6685);
#6067=AXIS2_PLACEMENT_3D('',#9405,#6686,#6687);
#6068=AXIS2_PLACEMENT_3D('',#9407,#6688,#6689);
#6069=AXIS2_PLACEMENT_3D('',#9409,#6690,#6691);
#6070=AXIS2_PLACEMENT_3D('',#9413,#6693,#6694);
#6071=AXIS2_PLACEMENT_3D('',#9415,#6696,#6697);
#6072=AXIS2_PLACEMENT_3D('',#9416,#6698,#6699);
#6073=AXIS2_PLACEMENT_3D('',#9417,#6700,#6701);
#6074=AXIS2_PLACEMENT_3D('',#9418,#6702,#6703);
#6075=AXIS2_PLACEMENT_3D('',#9419,#6704,#6705);
#6076=AXIS2_PLACEMENT_3D('',#9420,#6706,#6707);
#6077=AXIS2_PLACEMENT_3D('',#9421,#6708,#6709);
#6078=AXIS2_PLACEMENT_3D('',#9424,#6710,#6711);
#6079=AXIS2_PLACEMENT_3D('',#9428,#6713,#6714);
#6080=AXIS2_PLACEMENT_3D('',#9430,#6716,#6717);
#6081=AXIS2_PLACEMENT_3D('',#9433,#6718,#6719);
#6082=AXIS2_PLACEMENT_3D('',#9437,#6721,#6722);
#6083=AXIS2_PLACEMENT_3D('',#9439,#6724,#6725);
#6084=AXIS2_PLACEMENT_3D('',#9442,#6726,#6727);
#6085=AXIS2_PLACEMENT_3D('',#9446,#6729,#6730);
#6086=AXIS2_PLACEMENT_3D('',#9448,#6732,#6733);
#6087=AXIS2_PLACEMENT_3D('',#9451,#6734,#6735);
#6088=AXIS2_PLACEMENT_3D('',#9455,#6737,#6738);
#6089=AXIS2_PLACEMENT_3D('',#9457,#6740,#6741);
#6090=AXIS2_PLACEMENT_3D('',#9460,#6742,#6743);
#6091=AXIS2_PLACEMENT_3D('',#9464,#6745,#6746);
#6092=AXIS2_PLACEMENT_3D('',#9466,#6748,#6749);
#6093=AXIS2_PLACEMENT_3D('',#9469,#6750,#6751);
#6094=AXIS2_PLACEMENT_3D('',#9473,#6753,#6754);
#6095=AXIS2_PLACEMENT_3D('',#9475,#6756,#6757);
#6096=AXIS2_PLACEMENT_3D('',#9478,#6758,#6759);
#6097=AXIS2_PLACEMENT_3D('',#9482,#6761,#6762);
#6098=AXIS2_PLACEMENT_3D('',#9484,#6764,#6765);
#6099=AXIS2_PLACEMENT_3D('',#9487,#6766,#6767);
#6100=AXIS2_PLACEMENT_3D('',#9491,#6769,#6770);
#6101=AXIS2_PLACEMENT_3D('',#9493,#6772,#6773);
#6102=AXIS2_PLACEMENT_3D('',#9496,#6774,#6775);
#6103=AXIS2_PLACEMENT_3D('',#9500,#6777,#6778);
#6104=AXIS2_PLACEMENT_3D('',#9502,#6780,#6781);
#6105=AXIS2_PLACEMENT_3D('',#9505,#6782,#6783);
#6106=AXIS2_PLACEMENT_3D('',#9509,#6785,#6786);
#6107=AXIS2_PLACEMENT_3D('',#9511,#6788,#6789);
#6108=AXIS2_PLACEMENT_3D('',#9514,#6790,#6791);
#6109=AXIS2_PLACEMENT_3D('',#9518,#6793,#6794);
#6110=AXIS2_PLACEMENT_3D('',#9520,#6796,#6797);
#6111=AXIS2_PLACEMENT_3D('',#9523,#6798,#6799);
#6112=AXIS2_PLACEMENT_3D('',#9527,#6801,#6802);
#6113=AXIS2_PLACEMENT_3D('',#9529,#6804,#6805);
#6114=AXIS2_PLACEMENT_3D('',#9532,#6806,#6807);
#6115=AXIS2_PLACEMENT_3D('',#9536,#6809,#6810);
#6116=AXIS2_PLACEMENT_3D('',#9538,#6812,#6813);
#6117=AXIS2_PLACEMENT_3D('',#9541,#6814,#6815);
#6118=AXIS2_PLACEMENT_3D('',#9545,#6817,#6818);
#6119=AXIS2_PLACEMENT_3D('',#9547,#6820,#6821);
#6120=AXIS2_PLACEMENT_3D('',#9550,#6822,#6823);
#6121=AXIS2_PLACEMENT_3D('',#9554,#6825,#6826);
#6122=AXIS2_PLACEMENT_3D('',#9556,#6828,#6829);
#6123=AXIS2_PLACEMENT_3D('',#9559,#6830,#6831);
#6124=AXIS2_PLACEMENT_3D('',#9563,#6833,#6834);
#6125=AXIS2_PLACEMENT_3D('',#9565,#6836,#6837);
#6126=AXIS2_PLACEMENT_3D('',#9568,#6838,#6839);
#6127=AXIS2_PLACEMENT_3D('',#9572,#6841,#6842);
#6128=AXIS2_PLACEMENT_3D('',#9574,#6844,#6845);
#6129=AXIS2_PLACEMENT_3D('',#9577,#6846,#6847);
#6130=AXIS2_PLACEMENT_3D('',#9581,#6849,#6850);
#6131=AXIS2_PLACEMENT_3D('',#9583,#6852,#6853);
#6132=AXIS2_PLACEMENT_3D('',#9586,#6854,#6855);
#6133=AXIS2_PLACEMENT_3D('',#9590,#6857,#6858);
#6134=AXIS2_PLACEMENT_3D('',#9592,#6860,#6861);
#6135=AXIS2_PLACEMENT_3D('',#9595,#6862,#6863);
#6136=AXIS2_PLACEMENT_3D('',#9599,#6865,#6866);
#6137=AXIS2_PLACEMENT_3D('',#9601,#6868,#6869);
#6138=AXIS2_PLACEMENT_3D('',#9604,#6870,#6871);
#6139=AXIS2_PLACEMENT_3D('',#9608,#6873,#6874);
#6140=AXIS2_PLACEMENT_3D('',#9610,#6876,#6877);
#6141=AXIS2_PLACEMENT_3D('',#9613,#6878,#6879);
#6142=AXIS2_PLACEMENT_3D('',#9617,#6881,#6882);
#6143=AXIS2_PLACEMENT_3D('',#9619,#6884,#6885);
#6144=AXIS2_PLACEMENT_3D('',#9622,#6886,#6887);
#6145=AXIS2_PLACEMENT_3D('',#9626,#6889,#6890);
#6146=AXIS2_PLACEMENT_3D('',#9628,#6892,#6893);
#6147=AXIS2_PLACEMENT_3D('',#9631,#6894,#6895);
#6148=AXIS2_PLACEMENT_3D('',#9635,#6897,#6898);
#6149=AXIS2_PLACEMENT_3D('',#9637,#6900,#6901);
#6150=AXIS2_PLACEMENT_3D('',#9640,#6902,#6903);
#6151=AXIS2_PLACEMENT_3D('',#9644,#6905,#6906);
#6152=AXIS2_PLACEMENT_3D('',#9646,#6908,#6909);
#6153=AXIS2_PLACEMENT_3D('',#9649,#6910,#6911);
#6154=AXIS2_PLACEMENT_3D('',#9653,#6913,#6914);
#6155=AXIS2_PLACEMENT_3D('',#9655,#6916,#6917);
#6156=AXIS2_PLACEMENT_3D('',#9658,#6918,#6919);
#6157=AXIS2_PLACEMENT_3D('',#9662,#6921,#6922);
#6158=AXIS2_PLACEMENT_3D('',#9664,#6924,#6925);
#6159=AXIS2_PLACEMENT_3D('',#9667,#6926,#6927);
#6160=AXIS2_PLACEMENT_3D('',#9671,#6929,#6930);
#6161=AXIS2_PLACEMENT_3D('',#9673,#6932,#6933);
#6162=AXIS2_PLACEMENT_3D('',#9676,#6934,#6935);
#6163=AXIS2_PLACEMENT_3D('',#9680,#6937,#6938);
#6164=AXIS2_PLACEMENT_3D('',#9682,#6940,#6941);
#6165=AXIS2_PLACEMENT_3D('',#9685,#6942,#6943);
#6166=AXIS2_PLACEMENT_3D('',#9689,#6945,#6946);
#6167=AXIS2_PLACEMENT_3D('',#9691,#6948,#6949);
#6168=AXIS2_PLACEMENT_3D('',#9694,#6950,#6951);
#6169=AXIS2_PLACEMENT_3D('',#9698,#6953,#6954);
#6170=AXIS2_PLACEMENT_3D('',#9700,#6956,#6957);
#6171=AXIS2_PLACEMENT_3D('',#9703,#6958,#6959);
#6172=AXIS2_PLACEMENT_3D('',#9707,#6961,#6962);
#6173=AXIS2_PLACEMENT_3D('',#9709,#6964,#6965);
#6174=AXIS2_PLACEMENT_3D('',#9712,#6966,#6967);
#6175=AXIS2_PLACEMENT_3D('',#9716,#6969,#6970);
#6176=AXIS2_PLACEMENT_3D('',#9718,#6972,#6973);
#6177=AXIS2_PLACEMENT_3D('',#9722,#6975,#6976);
#6178=AXIS2_PLACEMENT_3D('',#9726,#6978,#6979);
#6179=AXIS2_PLACEMENT_3D('',#9730,#6981,#6982);
#6180=AXIS2_PLACEMENT_3D('',#9734,#6984,#6985);
#6181=AXIS2_PLACEMENT_3D('',#9738,#6987,#6988);
#6182=AXIS2_PLACEMENT_3D('',#9742,#6990,#6991);
#6183=AXIS2_PLACEMENT_3D('',#9746,#6993,#6994);
#6184=AXIS2_PLACEMENT_3D('',#9750,#6996,#6997);
#6185=AXIS2_PLACEMENT_3D('',#9754,#6999,#7000);
#6186=AXIS2_PLACEMENT_3D('',#9758,#7002,#7003);
#6187=AXIS2_PLACEMENT_3D('',#9762,#7005,#7006);
#6188=AXIS2_PLACEMENT_3D('',#9766,#7008,#7009);
#6189=AXIS2_PLACEMENT_3D('',#9770,#7011,#7012);
#6190=AXIS2_PLACEMENT_3D('',#9774,#7014,#7015);
#6191=AXIS2_PLACEMENT_3D('',#9778,#7017,#7018);
#6192=AXIS2_PLACEMENT_3D('',#9782,#7020,#7021);
#6193=AXIS2_PLACEMENT_3D('',#9786,#7023,#7024);
#6194=AXIS2_PLACEMENT_3D('',#9790,#7026,#7027);
#6195=AXIS2_PLACEMENT_3D('',#9794,#7029,#7030);
#6196=AXIS2_PLACEMENT_3D('',#9798,#7032,#7033);
#6197=AXIS2_PLACEMENT_3D('',#9802,#7035,#7036);
#6198=AXIS2_PLACEMENT_3D('',#9806,#7038,#7039);
#6199=AXIS2_PLACEMENT_3D('',#9810,#7041,#7042);
#6200=AXIS2_PLACEMENT_3D('',#9814,#7044,#7045);
#6201=AXIS2_PLACEMENT_3D('',#9818,#7047,#7048);
#6202=AXIS2_PLACEMENT_3D('',#9822,#7050,#7051);
#6203=AXIS2_PLACEMENT_3D('',#9826,#7053,#7054);
#6204=AXIS2_PLACEMENT_3D('',#9830,#7056,#7057);
#6205=AXIS2_PLACEMENT_3D('',#9834,#7059,#7060);
#6206=AXIS2_PLACEMENT_3D('',#9838,#7062,#7063);
#6207=AXIS2_PLACEMENT_3D('',#9842,#7065,#7066);
#6208=AXIS2_PLACEMENT_3D('',#9846,#7068,#7069);
#6209=AXIS2_PLACEMENT_3D('',#9850,#7071,#7072);
#6210=AXIS2_PLACEMENT_3D('',#9855,#7075,#7076);
#6211=AXIS2_PLACEMENT_3D('',#9860,#7079,#7080);
#6212=AXIS2_PLACEMENT_3D('',#9865,#7083,#7084);
#6213=AXIS2_PLACEMENT_3D('',#9870,#7087,#7088);
#6214=AXIS2_PLACEMENT_3D('',#9875,#7091,#7092);
#6215=AXIS2_PLACEMENT_3D('',#9880,#7095,#7096);
#6216=AXIS2_PLACEMENT_3D('',#9885,#7099,#7100);
#6217=AXIS2_PLACEMENT_3D('',#9890,#7103,#7104);
#6218=AXIS2_PLACEMENT_3D('',#9895,#7107,#7108);
#6219=AXIS2_PLACEMENT_3D('',#9900,#7111,#7112);
#6220=AXIS2_PLACEMENT_3D('',#9905,#7115,#7116);
#6221=AXIS2_PLACEMENT_3D('',#9910,#7119,#7120);
#6222=AXIS2_PLACEMENT_3D('',#9915,#7123,#7124);
#6223=AXIS2_PLACEMENT_3D('',#9920,#7127,#7128);
#6224=AXIS2_PLACEMENT_3D('',#9925,#7131,#7132);
#6225=AXIS2_PLACEMENT_3D('',#9930,#7135,#7136);
#6226=AXIS2_PLACEMENT_3D('',#9935,#7139,#7140);
#6227=AXIS2_PLACEMENT_3D('',#9940,#7143,#7144);
#6228=AXIS2_PLACEMENT_3D('',#9945,#7147,#7148);
#6229=AXIS2_PLACEMENT_3D('',#9950,#7151,#7152);
#6230=AXIS2_PLACEMENT_3D('',#9955,#7155,#7156);
#6231=AXIS2_PLACEMENT_3D('',#9960,#7159,#7160);
#6232=AXIS2_PLACEMENT_3D('',#9965,#7163,#7164);
#6233=AXIS2_PLACEMENT_3D('',#9970,#7167,#7168);
#6234=AXIS2_PLACEMENT_3D('',#9975,#7171,#7172);
#6235=AXIS2_PLACEMENT_3D('',#9980,#7175,#7176);
#6236=AXIS2_PLACEMENT_3D('',#9985,#7179,#7180);
#6237=AXIS2_PLACEMENT_3D('',#9990,#7183,#7184);
#6238=AXIS2_PLACEMENT_3D('',#9995,#7187,#7188);
#6239=AXIS2_PLACEMENT_3D('',#10000,#7191,#7192);
#6240=AXIS2_PLACEMENT_3D('',#10005,#7195,#7196);
#6241=AXIS2_PLACEMENT_3D('',#10010,#7199,#7200);
#6242=AXIS2_PLACEMENT_3D('',#10015,#7203,#7204);
#6243=AXIS2_PLACEMENT_3D('',#10019,#7206,#7207);
#6244=AXIS2_PLACEMENT_3D('',#10023,#7209,#7210);
#6245=AXIS2_PLACEMENT_3D('',#10027,#7212,#7213);
#6246=AXIS2_PLACEMENT_3D('',#10031,#7215,#7216);
#6247=AXIS2_PLACEMENT_3D('',#10035,#7218,#7219);
#6248=AXIS2_PLACEMENT_3D('',#10039,#7221,#7222);
#6249=AXIS2_PLACEMENT_3D('',#10043,#7224,#7225);
#6250=AXIS2_PLACEMENT_3D('',#10047,#7227,#7228);
#6251=AXIS2_PLACEMENT_3D('',#10051,#7230,#7231);
#6252=AXIS2_PLACEMENT_3D('',#10055,#7233,#7234);
#6253=AXIS2_PLACEMENT_3D('',#10059,#7236,#7237);
#6254=AXIS2_PLACEMENT_3D('',#10063,#7239,#7240);
#6255=AXIS2_PLACEMENT_3D('',#10067,#7242,#7243);
#6256=AXIS2_PLACEMENT_3D('',#10071,#7245,#7246);
#6257=AXIS2_PLACEMENT_3D('',#10075,#7248,#7249);
#6258=AXIS2_PLACEMENT_3D('',#10079,#7251,#7252);
#6259=AXIS2_PLACEMENT_3D('',#10083,#7254,#7255);
#6260=AXIS2_PLACEMENT_3D('',#10087,#7257,#7258);
#6261=AXIS2_PLACEMENT_3D('',#10091,#7260,#7261);
#6262=AXIS2_PLACEMENT_3D('',#10095,#7263,#7264);
#6263=AXIS2_PLACEMENT_3D('',#10099,#7266,#7267);
#6264=AXIS2_PLACEMENT_3D('',#10103,#7269,#7270);
#6265=AXIS2_PLACEMENT_3D('',#10107,#7272,#7273);
#6266=AXIS2_PLACEMENT_3D('',#10111,#7275,#7276);
#6267=AXIS2_PLACEMENT_3D('',#10115,#7278,#7279);
#6268=AXIS2_PLACEMENT_3D('',#10119,#7281,#7282);
#6269=AXIS2_PLACEMENT_3D('',#10123,#7284,#7285);
#6270=AXIS2_PLACEMENT_3D('',#10127,#7287,#7288);
#6271=AXIS2_PLACEMENT_3D('',#10131,#7290,#7291);
#6272=AXIS2_PLACEMENT_3D('',#10135,#7293,#7294);
#6273=AXIS2_PLACEMENT_3D('',#10139,#7296,#7297);
#6274=AXIS2_PLACEMENT_3D('',#10142,#7299,#7300);
#6275=AXIS2_PLACEMENT_3D('',#10143,#7301,#7302);
#6276=AXIS2_PLACEMENT_3D('',#10149,#7306,#7307);
#6277=AXIS2_PLACEMENT_3D('',#10153,#7310,#7311);
#6278=AXIS2_PLACEMENT_3D('',#10157,#7314,#7315);
#6279=AXIS2_PLACEMENT_3D('',#10161,#7318,#7319);
#6280=AXIS2_PLACEMENT_3D('',#10165,#7322,#7323);
#6281=AXIS2_PLACEMENT_3D('',#10169,#7326,#7327);
#6282=AXIS2_PLACEMENT_3D('',#10173,#7330,#7331);
#6283=AXIS2_PLACEMENT_3D('',#10177,#7334,#7335);
#6284=AXIS2_PLACEMENT_3D('',#10181,#7338,#7339);
#6285=AXIS2_PLACEMENT_3D('',#10185,#7342,#7343);
#6286=AXIS2_PLACEMENT_3D('',#10189,#7346,#7347);
#6287=AXIS2_PLACEMENT_3D('',#10193,#7350,#7351);
#6288=AXIS2_PLACEMENT_3D('',#10197,#7354,#7355);
#6289=AXIS2_PLACEMENT_3D('',#10201,#7358,#7359);
#6290=AXIS2_PLACEMENT_3D('',#10205,#7362,#7363);
#6291=AXIS2_PLACEMENT_3D('',#10209,#7366,#7367);
#6292=AXIS2_PLACEMENT_3D('',#10213,#7370,#7371);
#6293=AXIS2_PLACEMENT_3D('',#10217,#7374,#7375);
#6294=AXIS2_PLACEMENT_3D('',#10221,#7378,#7379);
#6295=AXIS2_PLACEMENT_3D('',#10225,#7382,#7383);
#6296=AXIS2_PLACEMENT_3D('',#10229,#7386,#7387);
#6297=AXIS2_PLACEMENT_3D('',#10233,#7390,#7391);
#6298=AXIS2_PLACEMENT_3D('',#10237,#7394,#7395);
#6299=AXIS2_PLACEMENT_3D('',#10241,#7398,#7399);
#6300=AXIS2_PLACEMENT_3D('',#10245,#7402,#7403);
#6301=AXIS2_PLACEMENT_3D('',#10249,#7406,#7407);
#6302=AXIS2_PLACEMENT_3D('',#10253,#7410,#7411);
#6303=AXIS2_PLACEMENT_3D('',#10257,#7414,#7415);
#6304=AXIS2_PLACEMENT_3D('',#10261,#7418,#7419);
#6305=AXIS2_PLACEMENT_3D('',#10265,#7422,#7423);
#6306=AXIS2_PLACEMENT_3D('',#10269,#7426,#7427);
#6307=AXIS2_PLACEMENT_3D('',#10273,#7430,#7431);
#6308=AXIS2_PLACEMENT_3D('',#10277,#7434,#7435);
#6309=AXIS2_PLACEMENT_3D('',#10281,#7438,#7439);
#6310=AXIS2_PLACEMENT_3D('',#10283,#7441,#7442);
#6311=AXIS2_PLACEMENT_3D('',#10287,#7445,#7446);
#6312=AXIS2_PLACEMENT_3D('',#10291,#7449,#7450);
#6313=AXIS2_PLACEMENT_3D('',#10295,#7453,#7454);
#6314=AXIS2_PLACEMENT_3D('',#10299,#7457,#7458);
#6315=AXIS2_PLACEMENT_3D('',#10303,#7461,#7462);
#6316=AXIS2_PLACEMENT_3D('',#10307,#7465,#7466);
#6317=AXIS2_PLACEMENT_3D('',#10311,#7469,#7470);
#6318=AXIS2_PLACEMENT_3D('',#10315,#7473,#7474);
#6319=AXIS2_PLACEMENT_3D('',#10319,#7477,#7478);
#6320=AXIS2_PLACEMENT_3D('',#10323,#7481,#7482);
#6321=AXIS2_PLACEMENT_3D('',#10327,#7485,#7486);
#6322=AXIS2_PLACEMENT_3D('',#10331,#7489,#7490);
#6323=AXIS2_PLACEMENT_3D('',#10335,#7493,#7494);
#6324=AXIS2_PLACEMENT_3D('',#10339,#7497,#7498);
#6325=AXIS2_PLACEMENT_3D('',#10343,#7501,#7502);
#6326=AXIS2_PLACEMENT_3D('',#10347,#7505,#7506);
#6327=AXIS2_PLACEMENT_3D('',#10351,#7509,#7510);
#6328=AXIS2_PLACEMENT_3D('',#10355,#7513,#7514);
#6329=AXIS2_PLACEMENT_3D('',#10359,#7517,#7518);
#6330=AXIS2_PLACEMENT_3D('',#10363,#7521,#7522);
#6331=AXIS2_PLACEMENT_3D('',#10367,#7525,#7526);
#6332=AXIS2_PLACEMENT_3D('',#10371,#7529,#7530);
#6333=AXIS2_PLACEMENT_3D('',#10375,#7533,#7534);
#6334=AXIS2_PLACEMENT_3D('',#10379,#7537,#7538);
#6335=AXIS2_PLACEMENT_3D('',#10383,#7541,#7542);
#6336=AXIS2_PLACEMENT_3D('',#10387,#7545,#7546);
#6337=AXIS2_PLACEMENT_3D('',#10391,#7549,#7550);
#6338=AXIS2_PLACEMENT_3D('',#10395,#7553,#7554);
#6339=AXIS2_PLACEMENT_3D('',#10399,#7557,#7558);
#6340=AXIS2_PLACEMENT_3D('',#10403,#7561,#7562);
#6341=AXIS2_PLACEMENT_3D('',#10407,#7565,#7566);
#6342=AXIS2_PLACEMENT_3D('',#10411,#7569,#7570);
#6343=AXIS2_PLACEMENT_3D('',#10413,#7572,#7573);
#6344=AXIS2_PLACEMENT_3D('',#10417,#7576,#7577);
#6345=AXIS2_PLACEMENT_3D('',#10419,#7579,#7580);
#6346=AXIS2_PLACEMENT_3D('',#10423,#7583,#7584);
#6347=AXIS2_PLACEMENT_3D('',#10425,#7586,#7587);
#6348=AXIS2_PLACEMENT_3D('',#10429,#7590,#7591);
#6349=AXIS2_PLACEMENT_3D('',#10431,#7593,#7594);
#6350=AXIS2_PLACEMENT_3D('',#10435,#7597,#7598);
#6351=AXIS2_PLACEMENT_3D('',#10437,#7600,#7601);
#6352=AXIS2_PLACEMENT_3D('',#10441,#7604,#7605);
#6353=AXIS2_PLACEMENT_3D('',#10443,#7607,#7608);
#6354=AXIS2_PLACEMENT_3D('',#10447,#7611,#7612);
#6355=AXIS2_PLACEMENT_3D('',#10449,#7614,#7615);
#6356=AXIS2_PLACEMENT_3D('',#10453,#7618,#7619);
#6357=AXIS2_PLACEMENT_3D('',#10455,#7621,#7622);
#6358=AXIS2_PLACEMENT_3D('',#10459,#7625,#7626);
#6359=AXIS2_PLACEMENT_3D('',#10461,#7628,#7629);
#6360=AXIS2_PLACEMENT_3D('',#10465,#7632,#7633);
#6361=AXIS2_PLACEMENT_3D('',#10467,#7635,#7636);
#6362=AXIS2_PLACEMENT_3D('',#10471,#7639,#7640);
#6363=AXIS2_PLACEMENT_3D('',#10473,#7642,#7643);
#6364=AXIS2_PLACEMENT_3D('',#10477,#7646,#7647);
#6365=AXIS2_PLACEMENT_3D('',#10479,#7649,#7650);
#6366=AXIS2_PLACEMENT_3D('',#10483,#7653,#7654);
#6367=AXIS2_PLACEMENT_3D('',#10485,#7656,#7657);
#6368=AXIS2_PLACEMENT_3D('',#10489,#7660,#7661);
#6369=AXIS2_PLACEMENT_3D('',#10491,#7663,#7664);
#6370=AXIS2_PLACEMENT_3D('',#10495,#7667,#7668);
#6371=AXIS2_PLACEMENT_3D('',#10497,#7670,#7671);
#6372=AXIS2_PLACEMENT_3D('',#10501,#7674,#7675);
#6373=AXIS2_PLACEMENT_3D('',#10503,#7677,#7678);
#6374=AXIS2_PLACEMENT_3D('',#10507,#7681,#7682);
#6375=AXIS2_PLACEMENT_3D('',#10509,#7684,#7685);
#6376=AXIS2_PLACEMENT_3D('',#10513,#7688,#7689);
#6377=AXIS2_PLACEMENT_3D('',#10515,#7691,#7692);
#6378=AXIS2_PLACEMENT_3D('',#10519,#7695,#7696);
#6379=AXIS2_PLACEMENT_3D('',#10521,#7698,#7699);
#6380=AXIS2_PLACEMENT_3D('',#10525,#7702,#7703);
#6381=AXIS2_PLACEMENT_3D('',#10527,#7705,#7706);
#6382=AXIS2_PLACEMENT_3D('',#10531,#7709,#7710);
#6383=AXIS2_PLACEMENT_3D('',#10533,#7712,#7713);
#6384=AXIS2_PLACEMENT_3D('',#10537,#7716,#7717);
#6385=AXIS2_PLACEMENT_3D('',#10539,#7719,#7720);
#6386=AXIS2_PLACEMENT_3D('',#10543,#7723,#7724);
#6387=AXIS2_PLACEMENT_3D('',#10545,#7726,#7727);
#6388=AXIS2_PLACEMENT_3D('',#10549,#7730,#7731);
#6389=AXIS2_PLACEMENT_3D('',#10551,#7733,#7734);
#6390=AXIS2_PLACEMENT_3D('',#10555,#7737,#7738);
#6391=AXIS2_PLACEMENT_3D('',#10557,#7740,#7741);
#6392=AXIS2_PLACEMENT_3D('',#10561,#7744,#7745);
#6393=AXIS2_PLACEMENT_3D('',#10563,#7747,#7748);
#6394=AXIS2_PLACEMENT_3D('',#10567,#7751,#7752);
#6395=AXIS2_PLACEMENT_3D('',#10569,#7754,#7755);
#6396=AXIS2_PLACEMENT_3D('',#10573,#7758,#7759);
#6397=AXIS2_PLACEMENT_3D('',#10575,#7761,#7762);
#6398=AXIS2_PLACEMENT_3D('',#10579,#7765,#7766);
#6399=AXIS2_PLACEMENT_3D('',#10581,#7768,#7769);
#6400=AXIS2_PLACEMENT_3D('',#10585,#7772,#7773);
#6401=AXIS2_PLACEMENT_3D('',#10587,#7775,#7776);
#6402=AXIS2_PLACEMENT_3D('',#10591,#7779,#7780);
#6403=AXIS2_PLACEMENT_3D('',#10593,#7782,#7783);
#6404=AXIS2_PLACEMENT_3D('',#10595,#7785,#7786);
#6405=AXIS2_PLACEMENT_3D('',#10599,#7789,#7790);
#6406=AXIS2_PLACEMENT_3D('',#10603,#7793,#7794);
#6407=AXIS2_PLACEMENT_3D('',#10605,#7795,#7796);
#6408=AXIS2_PLACEMENT_3D('',#10607,#7798,#7799);
#6409=AXIS2_PLACEMENT_3D('',#10611,#7802,#7803);
#6410=AXIS2_PLACEMENT_3D('',#10615,#7806,#7807);
#6411=AXIS2_PLACEMENT_3D('',#10617,#7808,#7809);
#6412=AXIS2_PLACEMENT_3D('',#10619,#7811,#7812);
#6413=AXIS2_PLACEMENT_3D('',#10623,#7815,#7816);
#6414=AXIS2_PLACEMENT_3D('',#10627,#7819,#7820);
#6415=AXIS2_PLACEMENT_3D('',#10629,#7821,#7822);
#6416=AXIS2_PLACEMENT_3D('',#10631,#7824,#7825);
#6417=AXIS2_PLACEMENT_3D('',#10635,#7828,#7829);
#6418=AXIS2_PLACEMENT_3D('',#10639,#7832,#7833);
#6419=AXIS2_PLACEMENT_3D('',#10641,#7834,#7835);
#6420=AXIS2_PLACEMENT_3D('',#10643,#7837,#7838);
#6421=AXIS2_PLACEMENT_3D('',#10647,#7841,#7842);
#6422=AXIS2_PLACEMENT_3D('',#10651,#7845,#7846);
#6423=AXIS2_PLACEMENT_3D('',#10653,#7847,#7848);
#6424=AXIS2_PLACEMENT_3D('',#10655,#7850,#7851);
#6425=AXIS2_PLACEMENT_3D('',#10659,#7854,#7855);
#6426=AXIS2_PLACEMENT_3D('',#10663,#7858,#7859);
#6427=AXIS2_PLACEMENT_3D('',#10665,#7860,#7861);
#6428=AXIS2_PLACEMENT_3D('',#10667,#7863,#7864);
#6429=AXIS2_PLACEMENT_3D('',#10671,#7867,#7868);
#6430=AXIS2_PLACEMENT_3D('',#10675,#7871,#7872);
#6431=AXIS2_PLACEMENT_3D('',#10677,#7873,#7874);
#6432=AXIS2_PLACEMENT_3D('',#10679,#7876,#7877);
#6433=AXIS2_PLACEMENT_3D('',#10683,#7880,#7881);
#6434=AXIS2_PLACEMENT_3D('',#10687,#7884,#7885);
#6435=AXIS2_PLACEMENT_3D('',#10689,#7886,#7887);
#6436=AXIS2_PLACEMENT_3D('',#10691,#7889,#7890);
#6437=AXIS2_PLACEMENT_3D('',#10695,#7893,#7894);
#6438=AXIS2_PLACEMENT_3D('',#10699,#7897,#7898);
#6439=AXIS2_PLACEMENT_3D('',#10701,#7899,#7900);
#6440=AXIS2_PLACEMENT_3D('',#10703,#7902,#7903);
#6441=AXIS2_PLACEMENT_3D('',#10707,#7906,#7907);
#6442=AXIS2_PLACEMENT_3D('',#10711,#7910,#7911);
#6443=AXIS2_PLACEMENT_3D('',#10713,#7912,#7913);
#6444=AXIS2_PLACEMENT_3D('',#10715,#7915,#7916);
#6445=AXIS2_PLACEMENT_3D('',#10719,#7919,#7920);
#6446=AXIS2_PLACEMENT_3D('',#10723,#7923,#7924);
#6447=AXIS2_PLACEMENT_3D('',#10725,#7925,#7926);
#6448=AXIS2_PLACEMENT_3D('',#10727,#7928,#7929);
#6449=AXIS2_PLACEMENT_3D('',#10731,#7932,#7933);
#6450=AXIS2_PLACEMENT_3D('',#10735,#7936,#7937);
#6451=AXIS2_PLACEMENT_3D('',#10737,#7938,#7939);
#6452=AXIS2_PLACEMENT_3D('',#10739,#7941,#7942);
#6453=AXIS2_PLACEMENT_3D('',#10743,#7945,#7946);
#6454=AXIS2_PLACEMENT_3D('',#10747,#7949,#7950);
#6455=AXIS2_PLACEMENT_3D('',#10749,#7951,#7952);
#6456=AXIS2_PLACEMENT_3D('',#10751,#7954,#7955);
#6457=AXIS2_PLACEMENT_3D('',#10755,#7958,#7959);
#6458=AXIS2_PLACEMENT_3D('',#10759,#7962,#7963);
#6459=AXIS2_PLACEMENT_3D('',#10761,#7964,#7965);
#6460=AXIS2_PLACEMENT_3D('',#10763,#7967,#7968);
#6461=AXIS2_PLACEMENT_3D('',#10767,#7971,#7972);
#6462=AXIS2_PLACEMENT_3D('',#10771,#7975,#7976);
#6463=AXIS2_PLACEMENT_3D('',#10773,#7977,#7978);
#6464=AXIS2_PLACEMENT_3D('',#10775,#7980,#7981);
#6465=AXIS2_PLACEMENT_3D('',#10779,#7984,#7985);
#6466=AXIS2_PLACEMENT_3D('',#10783,#7988,#7989);
#6467=AXIS2_PLACEMENT_3D('',#10785,#7990,#7991);
#6468=AXIS2_PLACEMENT_3D('',#10787,#7993,#7994);
#6469=AXIS2_PLACEMENT_3D('',#10791,#7997,#7998);
#6470=AXIS2_PLACEMENT_3D('',#10795,#8001,#8002);
#6471=AXIS2_PLACEMENT_3D('',#10797,#8003,#8004);
#6472=AXIS2_PLACEMENT_3D('',#10799,#8006,#8007);
#6473=AXIS2_PLACEMENT_3D('',#10803,#8010,#8011);
#6474=AXIS2_PLACEMENT_3D('',#10807,#8014,#8015);
#6475=AXIS2_PLACEMENT_3D('',#10809,#8016,#8017);
#6476=AXIS2_PLACEMENT_3D('',#10811,#8019,#8020);
#6477=AXIS2_PLACEMENT_3D('',#10815,#8023,#8024);
#6478=AXIS2_PLACEMENT_3D('',#10819,#8027,#8028);
#6479=AXIS2_PLACEMENT_3D('',#10821,#8029,#8030);
#6480=AXIS2_PLACEMENT_3D('',#10823,#8032,#8033);
#6481=AXIS2_PLACEMENT_3D('',#10827,#8036,#8037);
#6482=AXIS2_PLACEMENT_3D('',#10831,#8040,#8041);
#6483=AXIS2_PLACEMENT_3D('',#10833,#8042,#8043);
#6484=AXIS2_PLACEMENT_3D('',#10835,#8045,#8046);
#6485=AXIS2_PLACEMENT_3D('',#10839,#8049,#8050);
#6486=AXIS2_PLACEMENT_3D('',#10843,#8053,#8054);
#6487=AXIS2_PLACEMENT_3D('',#10845,#8055,#8056);
#6488=AXIS2_PLACEMENT_3D('',#10847,#8058,#8059);
#6489=AXIS2_PLACEMENT_3D('',#10851,#8062,#8063);
#6490=AXIS2_PLACEMENT_3D('',#10855,#8066,#8067);
#6491=AXIS2_PLACEMENT_3D('',#10857,#8068,#8069);
#6492=AXIS2_PLACEMENT_3D('',#10859,#8071,#8072);
#6493=AXIS2_PLACEMENT_3D('',#10863,#8075,#8076);
#6494=AXIS2_PLACEMENT_3D('',#10867,#8079,#8080);
#6495=AXIS2_PLACEMENT_3D('',#10869,#8081,#8082);
#6496=AXIS2_PLACEMENT_3D('',#10871,#8084,#8085);
#6497=AXIS2_PLACEMENT_3D('',#10875,#8088,#8089);
#6498=AXIS2_PLACEMENT_3D('',#10879,#8092,#8093);
#6499=AXIS2_PLACEMENT_3D('',#10881,#8094,#8095);
#6500=AXIS2_PLACEMENT_3D('',#10883,#8097,#8098);
#6501=AXIS2_PLACEMENT_3D('',#10887,#8101,#8102);
#6502=AXIS2_PLACEMENT_3D('',#10891,#8105,#8106);
#6503=AXIS2_PLACEMENT_3D('',#10893,#8107,#8108);
#6504=AXIS2_PLACEMENT_3D('',#10895,#8110,#8111);
#6505=AXIS2_PLACEMENT_3D('',#10899,#8114,#8115);
#6506=AXIS2_PLACEMENT_3D('',#10903,#8118,#8119);
#6507=AXIS2_PLACEMENT_3D('',#10905,#8120,#8121);
#6508=AXIS2_PLACEMENT_3D('',#10907,#8123,#8124);
#6509=AXIS2_PLACEMENT_3D('',#10911,#8127,#8128);
#6510=AXIS2_PLACEMENT_3D('',#10915,#8131,#8132);
#6511=AXIS2_PLACEMENT_3D('',#10917,#8133,#8134);
#6512=AXIS2_PLACEMENT_3D('',#10919,#8136,#8137);
#6513=AXIS2_PLACEMENT_3D('',#10923,#8140,#8141);
#6514=AXIS2_PLACEMENT_3D('',#10927,#8144,#8145);
#6515=AXIS2_PLACEMENT_3D('',#10929,#8146,#8147);
#6516=AXIS2_PLACEMENT_3D('',#10931,#8149,#8150);
#6517=AXIS2_PLACEMENT_3D('',#10935,#8153,#8154);
#6518=AXIS2_PLACEMENT_3D('',#10939,#8157,#8158);
#6519=AXIS2_PLACEMENT_3D('',#10941,#8159,#8160);
#6520=AXIS2_PLACEMENT_3D('',#10943,#8162,#8163);
#6521=AXIS2_PLACEMENT_3D('',#10947,#8166,#8167);
#6522=AXIS2_PLACEMENT_3D('',#10951,#8170,#8171);
#6523=AXIS2_PLACEMENT_3D('',#10953,#8172,#8173);
#6524=AXIS2_PLACEMENT_3D('',#10955,#8175,#8176);
#6525=AXIS2_PLACEMENT_3D('',#10959,#8179,#8180);
#6526=AXIS2_PLACEMENT_3D('',#10963,#8183,#8184);
#6527=AXIS2_PLACEMENT_3D('',#10965,#8185,#8186);
#6528=AXIS2_PLACEMENT_3D('',#10967,#8188,#8189);
#6529=AXIS2_PLACEMENT_3D('',#10971,#8192,#8193);
#6530=AXIS2_PLACEMENT_3D('',#10975,#8196,#8197);
#6531=AXIS2_PLACEMENT_3D('',#10977,#8198,#8199);
#6532=AXIS2_PLACEMENT_3D('',#10979,#8201,#8202);
#6533=AXIS2_PLACEMENT_3D('',#10983,#8205,#8206);
#6534=AXIS2_PLACEMENT_3D('',#10985,#8208,#8209);
#6535=AXIS2_PLACEMENT_3D('',#10987,#8210,#8211);
#6536=AXIS2_PLACEMENT_3D('',#10989,#8212,#8213);
#6537=AXIS2_PLACEMENT_3D('',#10993,#8215,#8216);
#6538=AXIS2_PLACEMENT_3D('',#10995,#8218,#8219);
#6539=AXIS2_PLACEMENT_3D('',#10997,#8220,#8221);
#6540=AXIS2_PLACEMENT_3D('',#10999,#8222,#8223);
#6541=AXIS2_PLACEMENT_3D('',#11001,#8224,#8225);
#6542=AXIS2_PLACEMENT_3D('',#11003,#8226,#8227);
#6543=AXIS2_PLACEMENT_3D('',#11005,#8228,#8229);
#6544=AXIS2_PLACEMENT_3D('',#11006,#8230,#8231);
#6545=AXIS2_PLACEMENT_3D('',#11007,#8232,#8233);
#6546=AXIS2_PLACEMENT_3D('',#11010,#8234,#8235);
#6547=AXIS2_PLACEMENT_3D('',#11013,#8238,#8239);
#6548=AXIS2_PLACEMENT_3D('',#11015,#8240,#8241);
#6549=AXIS2_PLACEMENT_3D('',#11017,#8243,#8244);
#6550=AXIS2_PLACEMENT_3D('',#11019,#8245,#8246);
#6551=AXIS2_PLACEMENT_3D('',#11021,#8248,#8249);
#6552=AXIS2_PLACEMENT_3D('',#11023,#8250,#8251);
#6553=AXIS2_PLACEMENT_3D('',#11025,#8253,#8254);
#6554=AXIS2_PLACEMENT_3D('',#11026,#8255,#8256);
#6555=AXIS2_PLACEMENT_3D('',#11027,#8257,#8258);
#6556=AXIS2_PLACEMENT_3D('',#11030,#8259,#8260);
#6557=AXIS2_PLACEMENT_3D('',#11032,#8261,#8262);
#6558=AXIS2_PLACEMENT_3D('',#11034,#8263,#8264);
#6559=AXIS2_PLACEMENT_3D('',#11036,#8265,#8266);
#6560=AXIS2_PLACEMENT_3D('',#11037,#8267,#8268);
#6561=AXIS2_PLACEMENT_3D('',#11038,#8269,#8270);
#6562=AXIS2_PLACEMENT_3D('',#11040,#8271,#8272);
#6563=AXIS2_PLACEMENT_3D('',#11041,#8273,#8274);
#6564=AXIS2_PLACEMENT_3D('',#11043,#8275,#8276);
#6565=AXIS2_PLACEMENT_3D('',#11045,#8278,#8279);
#6566=AXIS2_PLACEMENT_3D('',#11047,#8280,#8281);
#6567=AXIS2_PLACEMENT_3D('',#11049,#8282,#8283);
#6568=AXIS2_PLACEMENT_3D('',#11051,#8284,#8285);
#6569=AXIS2_PLACEMENT_3D('',#11053,#8286,#8287);
#6570=AXIS2_PLACEMENT_3D('',#11054,#8288,#8289);
#6571=AXIS2_PLACEMENT_3D('',#11055,#8290,#8291);
#6572=AXIS2_PLACEMENT_3D('',#11057,#8293,#8294);
#6573=AXIS2_PLACEMENT_3D('',#11059,#8296,#8297);
#6574=AXIS2_PLACEMENT_3D('',#11061,#8299,#8300);
#6575=AXIS2_PLACEMENT_3D('',#11063,#8302,#8303);
#6576=AXIS2_PLACEMENT_3D('',#11064,#8304,#8305);
#6577=AXIS2_PLACEMENT_3D('',#11066,#8306,#8307);
#6578=AXIS2_PLACEMENT_3D('',#11067,#8308,#8309);
#6579=AXIS2_PLACEMENT_3D('',#11069,#8311,#8312);
#6580=AXIS2_PLACEMENT_3D('',#11070,#8313,#8314);
#6581=AXIS2_PLACEMENT_3D('',#11072,#8315,#8316);
#6582=AXIS2_PLACEMENT_3D('',#11074,#8318,#8319);
#6583=AXIS2_PLACEMENT_3D('',#11075,#8320,#8321);
#6584=AXIS2_PLACEMENT_3D('',#11076,#8322,#8323);
#6585=AXIS2_PLACEMENT_3D('',#11078,#8324,#8325);
#6586=AXIS2_PLACEMENT_3D('',#11080,#8327,#8328);
#6587=AXIS2_PLACEMENT_3D('',#11081,#8329,#8330);
#6588=AXIS2_PLACEMENT_3D('',#11082,#8331,#8332);
#6589=DIRECTION('axis',(0.,0.,1.));
#6590=DIRECTION('refdir',(1.,0.,0.));
#6591=DIRECTION('center_axis',(1.16698005266489E-16,1.,0.));
#6592=DIRECTION('ref_axis',(1.,-1.14960879698905E-16,0.));
#6593=DIRECTION('center_axis',(-1.16698005266489E-16,-1.,0.));
#6594=DIRECTION('ref_axis',(1.,-1.2448905946454E-16,0.));
#6595=DIRECTION('',(0.00351495006585988,0.999993822543937,4.30457234731794E-19));
#6596=DIRECTION('center_axis',(-5.55111512312576E-17,-1.,-1.9992444334607E-16));
#6597=DIRECTION('ref_axis',(3.23912791370046E-17,-1.99924443346071E-16,
1.));
#6598=DIRECTION('center_axis',(-5.55111512312578E-17,-1.,-1.99924443346071E-16));
#6599=DIRECTION('ref_axis',(3.23912791370046E-17,-1.99924443346071E-16,
1.));
#6600=DIRECTION('',(2.92616421365075E-17,0.963209898126239,0.268750241212245));
#6601=DIRECTION('center_axis',(5.55111512312578E-17,1.,1.99924443346071E-16));
#6602=DIRECTION('ref_axis',(3.23912791370046E-17,-1.99924443346071E-16,
1.));
#6603=DIRECTION('center_axis',(-5.55111512312578E-17,-1.,-1.99924443346071E-16));
#6604=DIRECTION('ref_axis',(0.,1.99924443346071E-16,-1.));
#6605=DIRECTION('center_axis',(5.55111512312578E-17,1.,1.99924443346071E-16));
#6606=DIRECTION('ref_axis',(1.,-5.55111512312578E-17,-1.10980360094088E-32));
#6607=DIRECTION('center_axis',(5.55111512312578E-17,1.,1.99924443346071E-16));
#6608=DIRECTION('ref_axis',(3.23912791370046E-17,-1.99924443346071E-16,
1.));
#6609=DIRECTION('center_axis',(-5.55111512312578E-17,-1.,-1.99924443346071E-16));
#6610=DIRECTION('ref_axis',(3.23912791370046E-17,-1.99924443346071E-16,
1.));
#6611=DIRECTION('',(-5.55111512312578E-17,-1.,-1.99924443346071E-16));
#6612=DIRECTION('center_axis',(0.,1.,1.99924443346071E-16));
#6613=DIRECTION('ref_axis',(-1.,7.7269962169213E-18,1.93000140628264E-33));
#6614=DIRECTION('center_axis',(-5.55111512312578E-17,-1.,-1.99924443346071E-16));
#6615=DIRECTION('ref_axis',(-1.,7.7269962169213E-18,1.93000140628264E-33));
#6616=DIRECTION('',(-0.353830418002414,0.931424681166818,0.0851592543974461));
#6617=DIRECTION('center_axis',(-4.33884252237438E-17,1.,1.99924443346071E-16));
#6618=DIRECTION('ref_axis',(-1.,-4.33884252237438E-17,-8.28922077164217E-33));
#6619=DIRECTION('',(-0.353830418002414,0.931424681166818,-0.0851592543974458));
#6620=DIRECTION('center_axis',(0.,1.,1.99924443346071E-16));
#6621=DIRECTION('ref_axis',(-0.972237480246513,-3.15649155482694E-17,0.233996329039391));
#6622=DIRECTION('center_axis',(-5.55111512312578E-17,-1.,-1.99924443346071E-16));
#6623=DIRECTION('ref_axis',(-0.972237480246513,-3.15649155482694E-17,0.233996329039391));
#6624=DIRECTION('',(-0.353830418002434,-0.93142468116681,0.0851592543974451));
#6625=DIRECTION('center_axis',(-4.33884252237438E-17,1.,1.99924443346071E-16));
#6626=DIRECTION('ref_axis',(-0.972237480246513,-8.89654390396213E-17,0.233996329039391));
#6627=DIRECTION('center_axis',(0.,1.,1.99924443346071E-16));
#6628=DIRECTION('ref_axis',(-0.972237480246513,7.89998142018471E-17,-0.233996329039391));
#6629=DIRECTION('center_axis',(-5.55111512312578E-17,-1.,-1.99924443346071E-16));
#6630=DIRECTION('ref_axis',(-0.972237480246513,7.89998142018471E-17,-0.233996329039391));
#6631=DIRECTION('',(0.353830418002414,0.931424681166818,0.0851592543974461));
#6632=DIRECTION('center_axis',(0.,1.,1.99924443346071E-16));
#6633=DIRECTION('ref_axis',(-0.972237480246513,4.67815858282244E-17,-0.233996329039391));
#6634=DIRECTION('',(-0.353830418002434,0.93142468116681,-0.0851592543974451));
#6635=DIRECTION('center_axis',(0.,1.,1.99924443346071E-16));
#6636=DIRECTION('ref_axis',(1.,-2.86904756476208E-17,-6.12111336206205E-33));
#6637=DIRECTION('center_axis',(-5.55111512312578E-17,-1.,-1.99924443346071E-16));
#6638=DIRECTION('ref_axis',(1.,-2.86904756476208E-17,-6.12111336206205E-33));
#6639=DIRECTION('',(-0.353830418002414,-0.931424681166818,0.0851592543974458));
#6640=DIRECTION('center_axis',(0.,1.,1.99924443346071E-16));
#6641=DIRECTION('ref_axis',(-1.,-7.70080944110296E-50,3.85185988877447E-34));
#6642=DIRECTION('center_axis',(4.33884252237438E-17,-1.,-1.99924443346071E-16));
#6643=DIRECTION('ref_axis',(-1.,-4.33884252237438E-17,-8.28922077164217E-33));
#6644=DIRECTION('',(4.33884252237438E-17,-1.,-1.99924443346071E-16));
#6645=DIRECTION('center_axis',(5.55111512312578E-17,1.,1.99924443346071E-16));
#6646=DIRECTION('ref_axis',(-1.,-4.33884252237438E-17,-8.28922077164217E-33));
#6647=DIRECTION('',(4.33884252237438E-17,-1.,-1.99924443346071E-16));
#6648=DIRECTION('center_axis',(4.33884252237438E-17,-1.,-1.99924443346071E-16));
#6649=DIRECTION('ref_axis',(-0.972237480246513,-8.89654390396213E-17,0.233996329039391));
#6650=DIRECTION('',(0.,-1.,-1.99924443346071E-16));
#6651=DIRECTION('center_axis',(0.,1.,1.99924443346071E-16));
#6652=DIRECTION('ref_axis',(0.972237480246529,4.67815858282113E-17,-0.233996329039326));
#6653=DIRECTION('',(-4.33884252237438E-17,1.,1.99924443346071E-16));
#6654=DIRECTION('center_axis',(5.55111512312578E-17,1.,1.99924443346071E-16));
#6655=DIRECTION('ref_axis',(-0.972237480246513,-8.89654390396213E-17,0.233996329039391));
#6656=DIRECTION('center_axis',(0.,-1.,-1.99924443346071E-16));
#6657=DIRECTION('ref_axis',(-0.972237480246513,4.67815858282244E-17,-0.233996329039391));
#6658=DIRECTION('',(0.,-1.,-1.99924443346071E-16));
#6659=DIRECTION('center_axis',(5.55111512312578E-17,1.,1.99924443346071E-16));
#6660=DIRECTION('ref_axis',(-0.972237480246513,4.67815858282244E-17,-0.233996329039391));
#6661=DIRECTION('',(0.,-1.,-1.99924443346071E-16));
#6662=DIRECTION('center_axis',(0.,1.,1.99924443346071E-16));
#6663=DIRECTION('ref_axis',(-0.0854285071308439,-1.99193580163204E-16,0.996344303024509));
#6664=DIRECTION('',(0.,-1.,-1.99924443346071E-16));
#6665=DIRECTION('center_axis',(0.,-1.,-1.99924443346071E-16));
#6666=DIRECTION('ref_axis',(1.,2.44836829615082E-32,-1.22464679914735E-16));
#6667=DIRECTION('',(0.,-1.,-1.99924443346071E-16));
#6668=DIRECTION('center_axis',(5.55111512312578E-17,1.,1.99924443346071E-16));
#6669=DIRECTION('ref_axis',(-1.,-7.70080944110296E-50,3.85185988877447E-34));
#6670=DIRECTION('center_axis',(0.,-1.,-1.99924443346071E-16));
#6671=DIRECTION('ref_axis',(0.972237480246513,4.67815858282244E-17,-0.233996329039391));
#6672=DIRECTION('center_axis',(0.,1.,1.99924443346071E-16));
#6673=DIRECTION('ref_axis',(0.972237480246513,4.67815858282244E-17,-0.233996329039391));
#6674=DIRECTION('',(0.,-1.,-1.99924443346071E-16));
#6675=DIRECTION('center_axis',(0.,1.,1.99924443346071E-16));
#6676=DIRECTION('ref_axis',(-0.972237480246529,-4.67815858282113E-17,0.233996329039326));
#6677=DIRECTION('',(0.,1.,1.99924443346071E-16));
#6678=DIRECTION('center_axis',(5.55111512312578E-17,1.,1.99924443346071E-16));
#6679=DIRECTION('ref_axis',(0.972237480246513,4.67815858282244E-17,-0.233996329039391));
#6680=DIRECTION('center_axis',(0.,-1.,-1.99924443346071E-16));
#6681=DIRECTION('ref_axis',(1.,-2.10633923084498E-30,1.05356763564868E-14));
#6682=DIRECTION('center_axis',(0.,-1.,-1.99924443346071E-16));
#6683=DIRECTION('ref_axis',(-1.,-7.70080944110296E-50,3.85185988877447E-34));
#6684=DIRECTION('center_axis',(0.,-1.,-1.99924443346071E-16));
#6685=DIRECTION('ref_axis',(0.972237480246511,4.67815858282258E-17,-0.233996329039398));
#6686=DIRECTION('center_axis',(4.33884252237438E-17,-1.,-1.99924443346071E-16));
#6687=DIRECTION('ref_axis',(0.972237480246513,-4.59773261682743E-18,0.233996329039391));
#6688=DIRECTION('center_axis',(-4.33884252237438E-17,1.,1.99924443346071E-16));
#6689=DIRECTION('ref_axis',(0.972237480246513,-4.59773261682743E-18,0.233996329039391));
#6690=DIRECTION('center_axis',(5.55111512312578E-17,1.,1.99924443346071E-16));
#6691=DIRECTION('ref_axis',(0.972237480246513,-4.59773261682743E-18,0.233996329039391));
#6692=DIRECTION('',(4.33884252237438E-17,-1.,-1.99924443346071E-16));
#6693=DIRECTION('center_axis',(0.,1.,1.99924443346071E-16));
#6694=DIRECTION('ref_axis',(0.0854285071308439,1.99193580163204E-16,-0.996344303024509));
#6695=DIRECTION('',(0.,-1.,-1.99924443346071E-16));
#6696=DIRECTION('center_axis',(4.33884252237438E-17,-1.,-1.99924443346071E-16));
#6697=DIRECTION('ref_axis',(-1.,-4.33884252237438E-17,-8.28922077164217E-33));
#6698=DIRECTION('center_axis',(4.33884252237438E-17,-1.,-1.99924443346071E-16));
#6699=DIRECTION('ref_axis',(-1.,-4.33884252237438E-17,-8.28922077164217E-33));
#6700=DIRECTION('center_axis',(0.,-1.,-1.99924443346071E-16));
#6701=DIRECTION('ref_axis',(-0.972237480246511,-4.67815858282258E-17,0.233996329039398));
#6702=DIRECTION('center_axis',(-5.55111512312578E-17,-1.,-1.99924443346071E-16));
#6703=DIRECTION('ref_axis',(0.,1.99924443346071E-16,-1.));
#6704=DIRECTION('center_axis',(5.55111512312578E-17,1.,1.99924443346071E-16));
#6705=DIRECTION('ref_axis',(1.,-5.55111512312578E-17,-1.10980360094088E-32));
#6706=DIRECTION('center_axis',(5.55111512312578E-17,1.,1.99924443346071E-16));
#6707=DIRECTION('ref_axis',(1.,-5.55111512312578E-17,-1.10980360094088E-32));
#6708=DIRECTION('center_axis',(5.55111512312578E-17,1.,1.99924443346071E-16));
#6709=DIRECTION('ref_axis',(3.23912791370046E-17,-1.99924443346071E-16,
1.));
#6710=DIRECTION('center_axis',(5.55111512312578E-17,1.,1.99924443346071E-16));
#6711=DIRECTION('ref_axis',(3.23912791370046E-17,-1.99924443346071E-16,
1.));
#6712=DIRECTION('',(3.59871685223182E-5,0.99999999917133,1.90332214019321E-5));
#6713=DIRECTION('center_axis',(5.55111512312578E-17,1.,1.99924443346071E-16));
#6714=DIRECTION('ref_axis',(1.,-5.55111512312578E-17,-1.10980360094088E-32));
#6715=DIRECTION('',(-3.59871685058496E-5,-0.99999999917133,1.90332213685951E-5));
#6716=DIRECTION('center_axis',(5.55111512312578E-17,1.,1.99924443346071E-16));
#6717=DIRECTION('ref_axis',(3.23912791370046E-17,-1.99924443346071E-16,
1.));
#6718=DIRECTION('center_axis',(5.55111512312578E-17,1.,1.99924443346071E-16));
#6719=DIRECTION('ref_axis',(3.23912791370046E-17,-1.99924443346071E-16,
1.));
#6720=DIRECTION('',(3.39821964406182E-5,0.99999999917133,2.24176300986042E-5));
#6721=DIRECTION('center_axis',(5.55111512312578E-17,1.,1.99924443346071E-16));
#6722=DIRECTION('ref_axis',(1.,-5.55111512312578E-17,-1.10980360094088E-32));
#6723=DIRECTION('',(-3.76561380876847E-5,-0.99999999917133,1.54711046098387E-5));
#6724=DIRECTION('center_axis',(5.55111512312578E-17,1.,1.99924443346071E-16));
#6725=DIRECTION('ref_axis',(3.23912791370046E-17,-1.99924443346071E-16,
1.));
#6726=DIRECTION('center_axis',(5.55111512312578E-17,1.,1.99924443346071E-16));
#6727=DIRECTION('ref_axis',(3.23912791370046E-17,-1.99924443346071E-16,
1.));
#6728=DIRECTION('',(3.16599417767348E-5,0.99999999917133,2.5592731452068E-5));
#6729=DIRECTION('center_axis',(5.55111512312578E-17,1.,1.99924443346071E-16));
#6730=DIRECTION('ref_axis',(1.,-5.55111512312578E-17,-1.10980360094088E-32));
#6731=DIRECTION('',(-3.89735224369563E-5,-0.99999999917133,1.17645382481193E-5));
#6732=DIRECTION('center_axis',(5.55111512312578E-17,1.,1.99924443346071E-16));
#6733=DIRECTION('ref_axis',(3.23912791370046E-17,-1.99924443346071E-16,
1.));
#6734=DIRECTION('center_axis',(5.55111512312578E-17,1.,1.99924443346071E-16));
#6735=DIRECTION('ref_axis',(3.23912791370046E-17,-1.99924443346071E-16,
1.));
#6736=DIRECTION('',(2.90420867203861E-5,0.99999999917133,2.8528880311732E-5));
#6737=DIRECTION('center_axis',(5.55111512312578E-17,1.,1.99924443346071E-16));
#6738=DIRECTION('ref_axis',(1.,-5.55111512312578E-17,-1.10980360094088E-32));
#6739=DIRECTION('',(-3.99270215224529E-5,-0.99999999917133,7.94812968516532E-6));
#6740=DIRECTION('center_axis',(5.55111512312578E-17,1.,1.99924443346071E-16));
#6741=DIRECTION('ref_axis',(3.23912791370046E-17,-1.99924443346071E-16,
1.));
#6742=DIRECTION('center_axis',(5.55111512312578E-17,1.,1.99924443346071E-16));
#6743=DIRECTION('ref_axis',(3.23912791370046E-17,-1.99924443346071E-16,
1.));
#6744=DIRECTION('',(2.61530735977929E-5,0.99999999917133,3.11986627581138E-5));
#6745=DIRECTION('center_axis',(5.55111512312578E-17,1.,1.99924443346071E-16));
#6746=DIRECTION('ref_axis',(1.,-5.55111512312578E-17,-1.10980360094088E-32));
#6747=DIRECTION('',(-4.05077327840883E-5,-0.99999999917133,4.05751152567418E-6));
#6748=DIRECTION('center_axis',(5.55111512312578E-17,1.,1.99924443346071E-16));
#6749=DIRECTION('ref_axis',(3.23912791370046E-17,-1.99924443346071E-16,
1.));
#6750=DIRECTION('center_axis',(5.55111512312578E-17,1.,1.99924443346071E-16));
#6751=DIRECTION('ref_axis',(3.23912791370046E-17,-1.99924443346071E-16,
1.));
#6752=DIRECTION('',(2.30198761887706E-5,0.99999999917133,3.35771516954335E-5));
#6753=DIRECTION('center_axis',(5.55111512312578E-17,1.,1.99924443346071E-16));
#6754=DIRECTION('ref_axis',(1.,-5.55111512312578E-17,-1.10980360094088E-32));
#6755=DIRECTION('',(-4.07102342498994E-5,-0.99999999917133,1.29009471627571E-7));
#6756=DIRECTION('center_axis',(5.55111512312578E-17,1.,1.99924443346071E-16));
#6757=DIRECTION('ref_axis',(3.23912791370046E-17,-1.99924443346071E-16,
1.));
#6758=DIRECTION('center_axis',(5.55111512312578E-17,1.,1.99924443346071E-16));
#6759=DIRECTION('ref_axis',(3.23912791370046E-17,-1.99924443346071E-16,
1.));
#6760=DIRECTION('',(1.9671748448908E-5,0.99999999917133,3.56421397834193E-5));
#6761=DIRECTION('center_axis',(5.55111512312578E-17,1.,1.99924443346071E-16));
#6762=DIRECTION('ref_axis',(1.,-5.55111512312578E-17,-1.10980360094088E-32));
#6763=DIRECTION('',(-4.05326352099132E-5,-0.99999999917133,-3.80069716132339E-6));
#6764=DIRECTION('center_axis',(5.55111512312578E-17,1.,1.99924443346071E-16));
#6765=DIRECTION('ref_axis',(3.23912791370046E-17,-1.99924443346071E-16,
1.));
#6766=DIRECTION('center_axis',(5.55111512312578E-17,1.,1.99924443346071E-16));
#6767=DIRECTION('ref_axis',(3.23912791370046E-17,-1.99924443346071E-16,
1.));
#6768=DIRECTION('',(1.61399508673948E-5,0.99999999917133,3.73743468098544E-5));
#6769=DIRECTION('center_axis',(5.55111512312578E-17,1.,1.99924443346071E-16));
#6770=DIRECTION('ref_axis',(1.,-5.55111512312578E-17,-1.10980360094088E-32));
#6771=DIRECTION('',(-3.99765938704801E-5,-0.99999999917133,-7.69491762832274E-6));
#6772=DIRECTION('center_axis',(5.55111512312578E-17,1.,1.99924443346071E-16));
#6773=DIRECTION('ref_axis',(3.23912791370046E-17,-1.99924443346071E-16,
1.));
#6774=DIRECTION('center_axis',(5.55111512312578E-17,1.,1.99924443346071E-16));
#6775=DIRECTION('ref_axis',(3.23912791370046E-17,-1.99924443346071E-16,
1.));
#6776=DIRECTION('',(1.24574589399552E-5,0.99999999917133,3.87575996264451E-5));
#6777=DIRECTION('center_axis',(5.55111512312578E-17,1.,1.99924443346071E-16));
#6778=DIRECTION('ref_axis',(1.,-5.55111512312578E-17,-1.10980360094088E-32));
#6779=DIRECTION('',(-3.90473018573264E-5,-0.99999999917133,-1.15172927632039E-5));
#6780=DIRECTION('center_axis',(5.55111512312578E-17,1.,1.99924443346071E-16));
#6781=DIRECTION('ref_axis',(3.23912791370046E-17,-1.99924443346071E-16,
1.));
#6782=DIRECTION('center_axis',(5.55111512312578E-17,1.,1.99924443346071E-16));
#6783=DIRECTION('ref_axis',(3.23912791370046E-17,-1.99924443346071E-16,
1.));
#6784=DIRECTION('',(8.65865507437424E-6,0.99999999917133,3.97789832317096E-5));
#6785=DIRECTION('center_axis',(5.55111512312578E-17,1.,1.99924443346071E-16));
#6786=DIRECTION('ref_axis',(1.,-5.55111512312578E-17,-1.10980360094088E-32));
#6787=DIRECTION('',(-3.7753435732011E-5,-0.99999999917133,-1.52321340339214E-5));
#6788=DIRECTION('center_axis',(5.55111512312578E-17,1.,1.99924443346071E-16));
#6789=DIRECTION('ref_axis',(3.23912791370046E-17,-1.99924443346071E-16,
1.));
#6790=DIRECTION('center_axis',(5.55111512312578E-17,1.,1.99924443346071E-16));
#6791=DIRECTION('ref_axis',(3.23912791370046E-17,-1.99924443346071E-16,
1.));
#6792=DIRECTION('',(4.77900765052106E-6,0.99999999917133,4.04289611564072E-5));
#6793=DIRECTION('center_axis',(5.55111512312578E-17,1.,1.99924443346071E-16));
#6794=DIRECTION('ref_axis',(1.,-5.55111512312578E-17,-1.10980360094088E-32));
#6795=DIRECTION('',(-3.61070759005637E-5,-0.99999999917133,-1.88047569986598E-5));
#6796=DIRECTION('center_axis',(5.55111512312578E-17,1.,1.99924443346071E-16));
#6797=DIRECTION('ref_axis',(3.23912791370046E-17,-1.99924443346071E-16,
1.));
#6798=DIRECTION('center_axis',(5.55111512312578E-17,1.,1.99924443346071E-16));
#6799=DIRECTION('ref_axis',(3.23912791370046E-17,-1.99924443346071E-16,
1.));
#6800=DIRECTION('',(8.54739952185798E-7,0.99999999917133,4.07014647562596E-5));
#6801=DIRECTION('center_axis',(5.55111512312578E-17,1.,1.99924443346071E-16));
#6802=DIRECTION('ref_axis',(1.,-5.55111512312578E-17,-1.10980360094088E-32));
#6803=DIRECTION('',(-3.4123594001234E-5,-0.99999999917133,-2.22018050125351E-5));
#6804=DIRECTION('center_axis',(5.55111512312578E-17,1.,1.99924443346071E-16));
#6805=DIRECTION('ref_axis',(3.23912791370046E-17,-1.99924443346071E-16,
1.));
#6806=DIRECTION('center_axis',(5.55111512312578E-17,1.,1.99924443346071E-16));
#6807=DIRECTION('ref_axis',(3.23912791370046E-17,-1.99924443346071E-16,
1.));
#6808=DIRECTION('',(-3.07750822960816E-6,0.99999999917133,4.05939497651056E-5));
#6809=DIRECTION('center_axis',(5.55111512312578E-17,1.,1.99924443346071E-16));
#6810=DIRECTION('ref_axis',(1.,-5.55111512312578E-17,-1.10980360094088E-32));
#6811=DIRECTION('',(-3.18215093642176E-5,-0.99999999917133,-2.53915607145981E-5));
#6812=DIRECTION('center_axis',(5.55111512312578E-17,1.,1.99924443346071E-16));
#6813=DIRECTION('ref_axis',(3.23912791370046E-17,-1.99924443346071E-16,
1.));
#6814=DIRECTION('center_axis',(5.55111512312578E-17,1.,1.99924443346071E-16));
#6815=DIRECTION('ref_axis',(3.23912791370046E-17,-1.99924443346071E-16,
1.));
#6816=DIRECTION('',(-6.98102255050837E-6,0.99999999917133,4.0107420009678E-5));
#6817=DIRECTION('center_axis',(5.55111512312578E-17,1.,1.99924443346071E-16));
#6818=DIRECTION('ref_axis',(1.,-5.55111512312578E-17,-1.10980360094088E-32));
#6819=DIRECTION('',(-2.922231586085E-5,-0.99999999917133,-2.83442422649195E-5));
#6820=DIRECTION('center_axis',(5.55111512312578E-17,1.,1.99924443346071E-16));
#6821=DIRECTION('ref_axis',(3.23912791370046E-17,-1.99924443346071E-16,
1.));
#6822=DIRECTION('center_axis',(5.55111512312578E-17,1.,1.99924443346071E-16));
#6823=DIRECTION('ref_axis',(3.23912791370046E-17,-1.99924443346071E-16,
1.));
#6824=DIRECTION('',(-1.08193569560417E-5,0.99999999917133,3.92464180225041E-5));
#6825=DIRECTION('center_axis',(5.55111512312578E-17,1.,1.99924443346071E-16));
#6826=DIRECTION('ref_axis',(1.,-5.55111512312578E-17,-1.10980360094088E-32));
#6827=DIRECTION('',(-2.63502814478696E-5,-0.99999999917133,-3.10322812685971E-5));
#6828=DIRECTION('center_axis',(5.55111512312578E-17,1.,1.99924443346071E-16));
#6829=DIRECTION('ref_axis',(3.23912791370046E-17,-1.99924443346071E-16,
1.));
#6830=DIRECTION('center_axis',(5.55111512312578E-17,1.,1.99924443346071E-16));
#6831=DIRECTION('ref_axis',(3.23912791370046E-17,-1.99924443346071E-16,
1.));
#6832=DIRECTION('',(-1.45566739392532E-5,0.99999999917133,3.80189828823032E-5));
#6833=DIRECTION('center_axis',(5.55111512312578E-17,1.,1.99924443346071E-16));
#6834=DIRECTION('ref_axis',(1.,-5.55111512312578E-17,-1.10980360094088E-32));
#6835=DIRECTION('',(-2.32322216089576E-5,-0.99999999917133,-3.34305802457682E-5));
#6836=DIRECTION('center_axis',(5.55111512312578E-17,1.,1.99924443346071E-16));
#6837=DIRECTION('ref_axis',(3.23912791370046E-17,-1.99924443346071E-16,
1.));
#6838=DIRECTION('center_axis',(5.55111512312578E-17,1.,1.99924443346071E-16));
#6839=DIRECTION('ref_axis',(3.23912791370046E-17,-1.99924443346071E-16,
1.));
#6840=DIRECTION('',(-1.81580791660857E-5,0.99999999917133,3.64365746890104E-5));
#6841=DIRECTION('center_axis',(5.55111512312578E-17,1.,1.99924443346071E-16));
#6842=DIRECTION('ref_axis',(1.,-5.55111512312578E-17,-1.10980360094088E-32));
#6843=DIRECTION('',(-1.98972487356611E-5,-0.99999999917133,-3.55167468809032E-5));
#6844=DIRECTION('center_axis',(5.55111512312578E-17,1.,1.99924443346071E-16));
#6845=DIRECTION('ref_axis',(3.23912791370046E-17,-1.99924443346071E-16,
1.));
#6846=DIRECTION('center_axis',(5.55111512312578E-17,1.,1.99924443346071E-16));
#6847=DIRECTION('ref_axis',(3.23912791370046E-17,-1.99924443346071E-16,
1.));
#6848=DIRECTION('',(-2.15899473394668E-5,0.99999999917133,3.45139680449047E-5));
#6849=DIRECTION('center_axis',(5.55111512312578E-17,1.,1.99924443346071E-16));
#6850=DIRECTION('ref_axis',(1.,-5.55111512312578E-17,-1.10980360094088E-32));
#6851=DIRECTION('',(-1.63765005932009E-5,-0.99999999917133,-3.7271303206898E-5));
#6852=DIRECTION('center_axis',(5.55111512312578E-17,1.,1.99924443346071E-16));
#6853=DIRECTION('ref_axis',(3.23912791370046E-17,-1.99924443346071E-16,
1.));
#6854=DIRECTION('center_axis',(5.55111512312578E-17,1.,1.99924443346071E-16));
#6855=DIRECTION('ref_axis',(3.23912791370046E-17,-1.99924443346071E-16,
1.));
#6856=DIRECTION('',(-2.48202359425099E-5,0.99999999917133,3.22691137184119E-5));
#6857=DIRECTION('center_axis',(5.55111512312578E-17,1.,1.99924443346071E-16));
#6858=DIRECTION('ref_axis',(1.,-5.55111512312578E-17,-1.10980360094088E-32));
#6859=DIRECTION('',(-1.2702849501554E-5,-0.99999999917133,-3.86778674183616E-5));
#6860=DIRECTION('center_axis',(5.55111512312578E-17,1.,1.99924443346071E-16));
#6861=DIRECTION('ref_axis',(3.23912791370046E-17,-1.99924443346071E-16,
1.));
#6862=DIRECTION('center_axis',(5.55111512312578E-17,1.,1.99924443346071E-16));
#6863=DIRECTION('ref_axis',(3.23912791370046E-17,-1.99924443346071E-16,
1.));
#6864=DIRECTION('',(-2.78187846869752E-5,0.99999999917133,2.97229714549296E-5));
#6865=DIRECTION('center_axis',(5.55111512312578E-17,1.,1.99924443346071E-16));
#6866=DIRECTION('ref_axis',(1.,-5.55111512312578E-17,-1.10980360094088E-32));
#6867=DIRECTION('',(-8.91059531143939E-6,-0.99999999917133,-3.97233068319251E-5));
#6868=DIRECTION('center_axis',(5.55111512312578E-17,1.,1.99924443346071E-16));
#6869=DIRECTION('ref_axis',(3.23912791370046E-17,-1.99924443346071E-16,
1.));
#6870=DIRECTION('center_axis',(5.55111512312578E-17,1.,1.99924443346071E-16));
#6871=DIRECTION('ref_axis',(3.23912791370046E-17,-1.99924443346071E-16,
1.));
#6872=DIRECTION('',(-3.05575969286191E-5,0.99999999917133,2.68993138029248E-5));
#6873=DIRECTION('center_axis',(5.55111512312578E-17,1.,1.99924443346071E-16));
#6874=DIRECTION('ref_axis',(1.,-5.55111512312578E-17,-1.10980360094088E-32));
#6875=DIRECTION('',(-5.03514530423923E-6,-0.99999999917133,-4.03978603796506E-5));
#6876=DIRECTION('center_axis',(5.55111512312578E-17,1.,1.99924443346071E-16));
#6877=DIRECTION('ref_axis',(3.23912791370046E-17,-1.99924443346071E-16,
1.));
#6878=DIRECTION('center_axis',(5.55111512312578E-17,1.,1.99924443346071E-16));
#6879=DIRECTION('ref_axis',(3.23912791370046E-17,-1.99924443346071E-16,
1.));
#6880=DIRECTION('',(-3.30111011555436E-5,0.99999999917133,2.38245044795838E-5));
#6881=DIRECTION('center_axis',(5.55111512312578E-17,1.,1.99924443346071E-16));
#6882=DIRECTION('ref_axis',(1.,-5.55111512312578E-17,-1.10980360094088E-32));
#6883=DIRECTION('',(-1.1126835026134E-6,-0.99999999917133,-4.06952300426704E-5));
#6884=DIRECTION('center_axis',(5.55111512312578E-17,1.,1.99924443346071E-16));
#6885=DIRECTION('ref_axis',(3.23912791370046E-17,-1.99924443346071E-16,
1.));
#6886=DIRECTION('center_axis',(5.55111512312578E-17,1.,1.99924443346071E-16));
#6887=DIRECTION('ref_axis',(3.23912791370046E-17,-1.99924443346071E-16,
1.));
#6888=DIRECTION('',(-3.51563896510736E-5,0.99999999917133,2.05272521323815E-5));
#6889=DIRECTION('center_axis',(5.55111512312578E-17,1.,1.99924443346071E-16));
#6890=DIRECTION('ref_axis',(1.,-5.55111512312578E-17,-1.10980360094088E-32));
#6891=DIRECTION('',(2.82016711685009E-6,-0.99999999917133,-4.0612639281761E-5));
#6892=DIRECTION('center_axis',(5.55111512312578E-17,1.,1.99924443346071E-16));
#6893=DIRECTION('ref_axis',(3.23912791370046E-17,-1.99924443346071E-16,
1.));
#6894=DIRECTION('center_axis',(5.55111512312578E-17,1.,1.99924443346071E-16));
#6895=DIRECTION('ref_axis',(3.23912791370046E-17,-1.99924443346071E-16,
1.));
#6896=DIRECTION('',(-3.69734323549301E-5,0.99999999917133,1.70383424609172E-5));
#6897=DIRECTION('center_axis',(5.55111512312578E-17,1.,1.99924443346071E-16));
#6898=DIRECTION('ref_axis',(1.,-5.55111512312578E-17,-1.10980360094088E-32));
#6899=DIRECTION('',(6.72668661047653E-6,-0.99999999917133,-4.01508592882836E-5));
#6900=DIRECTION('center_axis',(5.55111512312578E-17,1.,1.99924443346071E-16));
#6901=DIRECTION('ref_axis',(3.23912791370046E-17,-1.99924443346071E-16,
1.));
#6902=DIRECTION('center_axis',(5.55111512312578E-17,1.,1.99924443346071E-16));
#6903=DIRECTION('ref_axis',(3.23912791370046E-17,-1.99924443346071E-16,
1.));
#6904=DIRECTION('',(-3.84452641276226E-5,0.99999999917133,1.33903503129385E-5));
#6905=DIRECTION('center_axis',(5.55111512312578E-17,1.,1.99924443346071E-16));
#6906=DIRECTION('ref_axis',(1.,-5.55111512312578E-17,-1.10980360094088E-32));
#6907=DIRECTION('',(1.05704008448385E-5,-0.99999999917133,-3.93142014745051E-5));
#6908=DIRECTION('center_axis',(5.55111512312578E-17,1.,1.99924443346071E-16));
#6909=DIRECTION('ref_axis',(3.23912791370046E-17,-1.99924443346071E-16,
1.));
#6910=DIRECTION('center_axis',(5.55111512312578E-17,1.,1.99924443346071E-16));
#6911=DIRECTION('ref_axis',(3.23912791370046E-17,-1.99924443346071E-16,
1.));
#6912=DIRECTION('',(-3.95581428160226E-5,0.99999999917133,9.6173361352005E-6));
#6913=DIRECTION('center_axis',(5.55111512312578E-17,1.,1.99924443346071E-16));
#6914=DIRECTION('ref_axis',(1.,-5.55111512312578E-17,-1.10980360094088E-32));
#6915=DIRECTION('',(1.43154220508295E-5,-0.99999999917133,-3.81104776195982E-5));
#6916=DIRECTION('center_axis',(5.55111512312578E-17,1.,1.99924443346071E-16));
#6917=DIRECTION('ref_axis',(3.23912791370046E-17,-1.99924443346071E-16,
1.));
#6918=DIRECTION('center_axis',(5.55111512312578E-17,1.,1.99924443346071E-16));
#6919=DIRECTION('ref_axis',(3.23912791370046E-17,-1.99924443346071E-16,
1.));
#6920=DIRECTION('',(-4.03016777413412E-5,0.99999999917133,5.75452737202917E-6));
#6921=DIRECTION('center_axis',(5.55111512312578E-17,1.,1.99924443346071E-16));
#6922=DIRECTION('ref_axis',(1.,-5.55111512312578E-17,-1.10980360094088E-32));
#6923=DIRECTION('',(1.79267840913186E-5,-0.99999999917133,-3.65509264526455E-5));
#6924=DIRECTION('center_axis',(5.55111512312578E-17,1.,1.99924443346071E-16));
#6925=DIRECTION('ref_axis',(3.23912791370046E-17,-1.99924443346071E-16,
1.));
#6926=DIRECTION('center_axis',(5.55111512312578E-17,1.,1.99924443346071E-16));
#6927=DIRECTION('ref_axis',(3.23912791370046E-17,-1.99924443346071E-16,
1.));
#6928=DIRECTION('',(-4.06689267814959E-5,0.99999999917133,1.83799018035082E-6));
#6929=DIRECTION('center_axis',(5.55111512312578E-17,1.,1.99924443346071E-16));
#6930=DIRECTION('ref_axis',(1.,-5.55111512312578E-17,-1.10980360094088E-32));
#6931=DIRECTION('',(2.1370768555798E-5,-0.99999999917133,-3.46501091758733E-5));
#6932=DIRECTION('center_axis',(5.55111512312578E-17,1.,1.99924443346071E-16));
#6933=DIRECTION('ref_axis',(3.23912791370046E-17,-1.99924443346071E-16,
1.));
#6934=DIRECTION('center_axis',(5.55111512312578E-17,1.,1.99924443346071E-16));
#6935=DIRECTION('ref_axis',(3.23912791370046E-17,-1.99924443346071E-16,
1.));
#6936=DIRECTION('',(-4.06564610103456E-5,0.99999999917133,-2.09570778125674E-6));
#6937=DIRECTION('center_axis',(5.55111512312578E-17,1.,1.99924443346071E-16));
#6938=DIRECTION('ref_axis',(1.,-5.55111512312578E-17,-1.10980360094088E-32));
#6939=DIRECTION('',(2.46152198869456E-5,-0.99999999917133,-3.24257731046863E-5));
#6940=DIRECTION('center_axis',(5.55111512312578E-17,1.,1.99924443346071E-16));
#6941=DIRECTION('ref_axis',(3.23912791370046E-17,-1.99924443346071E-16,
1.));
#6942=DIRECTION('center_axis',(5.55111512312578E-17,1.,1.99924443346071E-16));
#6943=DIRECTION('ref_axis',(3.23912791370046E-17,-1.99924443346071E-16,
1.));
#6944=DIRECTION('',(-4.02643968443874E-5,0.99999999917133,-6.00983871359907E-6));
#6945=DIRECTION('center_axis',(5.55111512312578E-17,1.,1.99924443346071E-16));
#6946=DIRECTION('ref_axis',(1.,-5.55111512312578E-17,-1.10980360094088E-32));
#6947=DIRECTION('',(2.76298455537049E-5,-0.99999999917133,-2.98986863888493E-5));
#6948=DIRECTION('center_axis',(5.55111512312578E-17,1.,1.99924443346071E-16));
#6949=DIRECTION('ref_axis',(3.23912791370046E-17,-1.99924443346071E-16,
1.));
#6950=DIRECTION('center_axis',(5.55111512312578E-17,1.,1.99924443346071E-16));
#6951=DIRECTION('ref_axis',(3.23912791370046E-17,-1.99924443346071E-16,
1.));
#6952=DIRECTION('',(-3.94963948240812E-5,0.99999999917133,-9.86785742126182E-6));
#6953=DIRECTION('center_axis',(5.55111512312578E-17,1.,1.99924443346071E-16));
#6954=DIRECTION('ref_axis',(1.,-5.55111512312578E-17,-1.10980360094088E-32));
#6955=DIRECTION('',(3.03864988005898E-5,-0.99999999917133,-2.709244365013E-5));
#6956=DIRECTION('center_axis',(5.55111512312578E-17,1.,1.99924443346071E-16));
#6957=DIRECTION('ref_axis',(3.23912791370046E-17,-1.99924443346071E-16,
1.));
#6958=DIRECTION('center_axis',(5.55111512312578E-17,1.,1.99924443346071E-16));
#6959=DIRECTION('ref_axis',(3.23912791370046E-17,-1.99924443346071E-16,
1.));
#6960=DIRECTION('',(-3.83596256226691E-5,0.99999999917133,-1.36337425748339E-5));
#6961=DIRECTION('center_axis',(5.55111512312578E-17,1.,1.99924443346071E-16));
#6962=DIRECTION('ref_axis',(1.,-5.55111512312578E-17,-1.10980360094088E-32));
#6963=DIRECTION('',(3.28594414699906E-5,-0.99999999917133,-2.40332461265576E-5));
#6964=DIRECTION('center_axis',(5.55111512312578E-17,1.,1.99924443346071E-16));
#6965=DIRECTION('ref_axis',(3.23912791370046E-17,-1.99924443346071E-16,
1.));
#6966=DIRECTION('center_axis',(5.55111512312578E-17,1.,1.99924443346071E-16));
#6967=DIRECTION('ref_axis',(3.23912791370046E-17,-1.99924443346071E-16,
1.));
#6968=DIRECTION('',(-3.68647029201835E-5,0.99999999917133,-1.72723330984269E-5));
#6969=DIRECTION('center_axis',(5.55111512312578E-17,1.,1.99924443346071E-16));
#6970=DIRECTION('ref_axis',(1.,-5.55111512312578E-17,-1.10980360094088E-32));
#6971=DIRECTION('',(3.50255844436597E-5,-0.99999999917133,-2.07496566197308E-5));
#6972=DIRECTION('center_axis',(5.55111512312578E-17,1.,1.99924443346071E-16));
#6973=DIRECTION('ref_axis',(3.23912791370046E-17,-1.99924443346071E-16,
1.));
#6974=DIRECTION('',(-5.55111512312578E-17,-1.,-1.99924443346071E-16));
#6975=DIRECTION('center_axis',(0.,-1.,-1.99924443346071E-16));
#6976=DIRECTION('ref_axis',(3.23912791370046E-17,-1.99924443346071E-16,
1.));
#6977=DIRECTION('',(-5.55111512312578E-17,-1.,-1.99924443346071E-16));
#6978=DIRECTION('center_axis',(5.55111512312578E-17,1.,1.99924443346071E-16));
#6979=DIRECTION('ref_axis',(1.,-5.55111512312578E-17,-1.10980360094088E-32));
#6980=DIRECTION('',(5.55111512312578E-17,1.,1.99924443346071E-16));
#6981=DIRECTION('center_axis',(0.,-1.,-1.99924443346071E-16));
#6982=DIRECTION('ref_axis',(3.23912791370046E-17,-1.99924443346071E-16,
1.));
#6983=DIRECTION('',(-5.55111512312578E-17,-1.,-1.99924443346071E-16));
#6984=DIRECTION('center_axis',(5.55111512312578E-17,1.,1.99924443346071E-16));
#6985=DIRECTION('ref_axis',(1.,-5.55111512312578E-17,-1.10980360094088E-32));
#6986=DIRECTION('',(5.55111512312578E-17,1.,1.99924443346071E-16));
#6987=DIRECTION('center_axis',(0.,-1.,-1.99924443346071E-16));
#6988=DIRECTION('ref_axis',(3.23912791370046E-17,-1.99924443346071E-16,
1.));
#6989=DIRECTION('',(-5.55111512312578E-17,-1.,-1.99924443346071E-16));
#6990=DIRECTION('center_axis',(5.55111512312578E-17,1.,1.99924443346071E-16));
#6991=DIRECTION('ref_axis',(1.,-5.55111512312578E-17,-1.10980360094088E-32));
#6992=DIRECTION('',(5.55111512312578E-17,1.,1.99924443346071E-16));
#6993=DIRECTION('center_axis',(0.,-1.,-1.99924443346071E-16));
#6994=DIRECTION('ref_axis',(3.23912791370046E-17,-1.99924443346071E-16,
1.));
#6995=DIRECTION('',(-5.55111512312578E-17,-1.,-1.99924443346071E-16));
#6996=DIRECTION('center_axis',(5.55111512312578E-17,1.,1.99924443346071E-16));
#6997=DIRECTION('ref_axis',(1.,-5.55111512312578E-17,-1.10980360094088E-32));
#6998=DIRECTION('',(5.55111512312578E-17,1.,1.99924443346071E-16));
#6999=DIRECTION('center_axis',(0.,-1.,-1.99924443346071E-16));
#7000=DIRECTION('ref_axis',(3.23912791370046E-17,-1.99924443346071E-16,
1.));
#7001=DIRECTION('',(-5.55111512312578E-17,-1.,-1.99924443346071E-16));
#7002=DIRECTION('center_axis',(5.55111512312578E-17,1.,1.99924443346071E-16));
#7003=DIRECTION('ref_axis',(1.,-5.55111512312578E-17,-1.10980360094088E-32));
#7004=DIRECTION('',(5.55111512312578E-17,1.,1.99924443346071E-16));
#7005=DIRECTION('center_axis',(0.,-1.,-1.99924443346071E-16));
#7006=DIRECTION('ref_axis',(3.23912791370046E-17,-1.99924443346071E-16,
1.));
#7007=DIRECTION('',(-5.55111512312578E-17,-1.,-1.99924443346071E-16));
#7008=DIRECTION('center_axis',(5.55111512312578E-17,1.,1.99924443346071E-16));
#7009=DIRECTION('ref_axis',(1.,-5.55111512312578E-17,-1.10980360094088E-32));
#7010=DIRECTION('',(5.55111512312578E-17,1.,1.99924443346071E-16));
#7011=DIRECTION('center_axis',(0.,-1.,-1.99924443346071E-16));
#7012=DIRECTION('ref_axis',(3.23912791370046E-17,-1.99924443346071E-16,
1.));
#7013=DIRECTION('',(-5.55111512312578E-17,-1.,-1.99924443346071E-16));
#7014=DIRECTION('center_axis',(5.55111512312578E-17,1.,1.99924443346071E-16));
#7015=DIRECTION('ref_axis',(1.,-5.55111512312578E-17,-1.10980360094088E-32));
#7016=DIRECTION('',(5.55111512312578E-17,1.,1.99924443346071E-16));
#7017=DIRECTION('center_axis',(0.,-1.,-1.99924443346071E-16));
#7018=DIRECTION('ref_axis',(3.23912791370046E-17,-1.99924443346071E-16,
1.));
#7019=DIRECTION('',(-5.55111512312578E-17,-1.,-1.99924443346071E-16));
#7020=DIRECTION('center_axis',(5.55111512312578E-17,1.,1.99924443346071E-16));
#7021=DIRECTION('ref_axis',(1.,-5.55111512312578E-17,-1.10980360094088E-32));
#7022=DIRECTION('',(5.55111512312578E-17,1.,1.99924443346071E-16));
#7023=DIRECTION('center_axis',(0.,-1.,-1.99924443346071E-16));
#7024=DIRECTION('ref_axis',(3.23912791370046E-17,-1.99924443346071E-16,
1.));
#7025=DIRECTION('',(-5.55111512312578E-17,-1.,-1.99924443346071E-16));
#7026=DIRECTION('center_axis',(5.55111512312578E-17,1.,1.99924443346071E-16));
#7027=DIRECTION('ref_axis',(1.,-5.55111512312578E-17,-1.10980360094088E-32));
#7028=DIRECTION('',(5.55111512312578E-17,1.,1.99924443346071E-16));
#7029=DIRECTION('center_axis',(0.,-1.,-1.99924443346071E-16));
#7030=DIRECTION('ref_axis',(3.23912791370046E-17,-1.99924443346071E-16,
1.));
#7031=DIRECTION('',(-5.55111512312578E-17,-1.,-1.99924443346071E-16));
#7032=DIRECTION('center_axis',(5.55111512312578E-17,1.,1.99924443346071E-16));
#7033=DIRECTION('ref_axis',(1.,-5.55111512312578E-17,-1.10980360094088E-32));
#7034=DIRECTION('',(5.55111512312578E-17,1.,1.99924443346071E-16));
#7035=DIRECTION('center_axis',(0.,-1.,-1.99924443346071E-16));
#7036=DIRECTION('ref_axis',(3.23912791370046E-17,-1.99924443346071E-16,
1.));
#7037=DIRECTION('',(-5.55111512312578E-17,-1.,-1.99924443346071E-16));
#7038=DIRECTION('center_axis',(5.55111512312578E-17,1.,1.99924443346071E-16));
#7039=DIRECTION('ref_axis',(1.,-5.55111512312578E-17,-1.10980360094088E-32));
#7040=DIRECTION('',(5.55111512312578E-17,1.,1.99924443346071E-16));
#7041=DIRECTION('center_axis',(0.,-1.,-1.99924443346071E-16));
#7042=DIRECTION('ref_axis',(3.23912791370046E-17,-1.99924443346071E-16,
1.));
#7043=DIRECTION('',(-5.55111512312578E-17,-1.,-1.99924443346071E-16));
#7044=DIRECTION('center_axis',(5.55111512312578E-17,1.,1.99924443346071E-16));
#7045=DIRECTION('ref_axis',(1.,-5.55111512312578E-17,-1.10980360094088E-32));
#7046=DIRECTION('',(5.55111512312578E-17,1.,1.99924443346071E-16));
#7047=DIRECTION('center_axis',(0.,-1.,-1.99924443346071E-16));
#7048=DIRECTION('ref_axis',(3.23912791370046E-17,-1.99924443346071E-16,
1.));
#7049=DIRECTION('',(-5.55111512312578E-17,-1.,-1.99924443346071E-16));
#7050=DIRECTION('center_axis',(5.55111512312578E-17,1.,1.99924443346071E-16));
#7051=DIRECTION('ref_axis',(1.,-5.55111512312578E-17,-1.10980360094088E-32));
#7052=DIRECTION('',(5.55111512312578E-17,1.,1.99924443346071E-16));
#7053=DIRECTION('center_axis',(0.,-1.,-1.99924443346071E-16));
#7054=DIRECTION('ref_axis',(3.23912791370046E-17,-1.99924443346071E-16,
1.));
#7055=DIRECTION('',(-5.55111512312578E-17,-1.,-1.99924443346071E-16));
#7056=DIRECTION('center_axis',(5.55111512312578E-17,1.,1.99924443346071E-16));
#7057=DIRECTION('ref_axis',(1.,-5.55111512312578E-17,-1.10980360094088E-32));
#7058=DIRECTION('',(5.55111512312578E-17,1.,1.99924443346071E-16));
#7059=DIRECTION('center_axis',(0.,-1.,-1.99924443346071E-16));
#7060=DIRECTION('ref_axis',(3.23912791370046E-17,-1.99924443346071E-16,
1.));
#7061=DIRECTION('',(-5.55111512312578E-17,-1.,-1.99924443346071E-16));
#7062=DIRECTION('center_axis',(5.55111512312578E-17,1.,1.99924443346071E-16));
#7063=DIRECTION('ref_axis',(1.,-5.55111512312578E-17,-1.10980360094088E-32));
#7064=DIRECTION('',(5.55111512312578E-17,1.,1.99924443346071E-16));
#7065=DIRECTION('center_axis',(0.,-1.,-1.99924443346071E-16));
#7066=DIRECTION('ref_axis',(3.23912791370046E-17,-1.99924443346071E-16,
1.));
#7067=DIRECTION('',(-5.55111512312578E-17,-1.,-1.99924443346071E-16));
#7068=DIRECTION('center_axis',(5.55111512312578E-17,1.,1.99924443346071E-16));
#7069=DIRECTION('ref_axis',(1.,-5.55111512312578E-17,-1.10980360094088E-32));
#7070=DIRECTION('',(5.55111512312578E-17,1.,1.99924443346071E-16));
#7071=DIRECTION('center_axis',(0.,-1.,-1.99924443346071E-16));
#7072=DIRECTION('ref_axis',(3.23912791370046E-17,-1.99924443346071E-16,
1.));
#7073=DIRECTION('',(-5.55111512312578E-17,-1.,-1.99924443346071E-16));
#7074=DIRECTION('',(5.55111512312578E-17,1.,1.99924443346071E-16));
#7075=DIRECTION('center_axis',(0.,-1.,-1.99924443346071E-16));
#7076=DIRECTION('ref_axis',(3.23912791370046E-17,-1.99924443346071E-16,
1.));
#7077=DIRECTION('',(-5.55111512312578E-17,-1.,-1.99924443346071E-16));
#7078=DIRECTION('',(5.55111512312578E-17,1.,1.99924443346071E-16));
#7079=DIRECTION('center_axis',(0.,-1.,-1.99924443346071E-16));
#7080=DIRECTION('ref_axis',(3.23912791370046E-17,-1.99924443346071E-16,
1.));
#7081=DIRECTION('',(-5.55111512312578E-17,-1.,-1.99924443346071E-16));
#7082=DIRECTION('',(5.55111512312578E-17,1.,1.99924443346071E-16));
#7083=DIRECTION('center_axis',(0.,-1.,-1.99924443346071E-16));
#7084=DIRECTION('ref_axis',(3.23912791370046E-17,-1.99924443346071E-16,
1.));
#7085=DIRECTION('',(-5.55111512312578E-17,-1.,-1.99924443346071E-16));
#7086=DIRECTION('',(5.55111512312578E-17,1.,1.99924443346071E-16));
#7087=DIRECTION('center_axis',(0.,-1.,-1.99924443346071E-16));
#7088=DIRECTION('ref_axis',(3.23912791370046E-17,-1.99924443346071E-16,
1.));
#7089=DIRECTION('',(-5.55111512312578E-17,-1.,-1.99924443346071E-16));
#7090=DIRECTION('',(5.55111512312578E-17,1.,1.99924443346071E-16));
#7091=DIRECTION('center_axis',(0.,-1.,-1.99924443346071E-16));
#7092=DIRECTION('ref_axis',(3.23912791370046E-17,-1.99924443346071E-16,
1.));
#7093=DIRECTION('',(-5.55111512312578E-17,-1.,-1.99924443346071E-16));
#7094=DIRECTION('',(5.55111512312578E-17,1.,1.99924443346071E-16));
#7095=DIRECTION('center_axis',(0.,-1.,-1.99924443346071E-16));
#7096=DIRECTION('ref_axis',(3.23912791370046E-17,-1.99924443346071E-16,
1.));
#7097=DIRECTION('',(-5.55111512312578E-17,-1.,-1.99924443346071E-16));
#7098=DIRECTION('',(5.55111512312578E-17,1.,1.99924443346071E-16));
#7099=DIRECTION('center_axis',(0.,-1.,-1.99924443346071E-16));
#7100=DIRECTION('ref_axis',(3.23912791370046E-17,-1.99924443346071E-16,
1.));
#7101=DIRECTION('',(-5.55111512312578E-17,-1.,-1.99924443346071E-16));
#7102=DIRECTION('',(5.55111512312578E-17,1.,1.99924443346071E-16));
#7103=DIRECTION('center_axis',(0.,-1.,-1.99924443346071E-16));
#7104=DIRECTION('ref_axis',(3.23912791370046E-17,-1.99924443346071E-16,
1.));
#7105=DIRECTION('',(-5.55111512312578E-17,-1.,-1.99924443346071E-16));
#7106=DIRECTION('',(5.55111512312578E-17,1.,1.99924443346071E-16));
#7107=DIRECTION('center_axis',(0.,-1.,-1.99924443346071E-16));
#7108=DIRECTION('ref_axis',(3.23912791370046E-17,-1.99924443346071E-16,
1.));
#7109=DIRECTION('',(-5.55111512312578E-17,-1.,-1.99924443346071E-16));
#7110=DIRECTION('',(5.55111512312578E-17,1.,1.99924443346071E-16));
#7111=DIRECTION('center_axis',(0.,-1.,-1.99924443346071E-16));
#7112=DIRECTION('ref_axis',(3.23912791370046E-17,-1.99924443346071E-16,
1.));
#7113=DIRECTION('',(-5.55111512312578E-17,-1.,-1.99924443346071E-16));
#7114=DIRECTION('',(5.55111512312578E-17,1.,1.99924443346071E-16));
#7115=DIRECTION('center_axis',(0.,-1.,-1.99924443346071E-16));
#7116=DIRECTION('ref_axis',(3.23912791370046E-17,-1.99924443346071E-16,
1.));
#7117=DIRECTION('',(-5.55111512312578E-17,-1.,-1.99924443346071E-16));
#7118=DIRECTION('',(5.55111512312578E-17,1.,1.99924443346071E-16));
#7119=DIRECTION('center_axis',(0.,-1.,-1.99924443346071E-16));
#7120=DIRECTION('ref_axis',(3.23912791370046E-17,-1.99924443346071E-16,
1.));
#7121=DIRECTION('',(-5.55111512312578E-17,-1.,-1.99924443346071E-16));
#7122=DIRECTION('',(5.55111512312578E-17,1.,1.99924443346071E-16));
#7123=DIRECTION('center_axis',(0.,-1.,-1.99924443346071E-16));
#7124=DIRECTION('ref_axis',(3.23912791370046E-17,-1.99924443346071E-16,
1.));
#7125=DIRECTION('',(-5.55111512312578E-17,-1.,-1.99924443346071E-16));
#7126=DIRECTION('',(5.55111512312578E-17,1.,1.99924443346071E-16));
#7127=DIRECTION('center_axis',(0.,-1.,-1.99924443346071E-16));
#7128=DIRECTION('ref_axis',(3.23912791370046E-17,-1.99924443346071E-16,
1.));
#7129=DIRECTION('',(-5.55111512312578E-17,-1.,-1.99924443346071E-16));
#7130=DIRECTION('',(5.55111512312578E-17,1.,1.99924443346071E-16));
#7131=DIRECTION('center_axis',(0.,-1.,-1.99924443346071E-16));
#7132=DIRECTION('ref_axis',(3.23912791370046E-17,-1.99924443346071E-16,
1.));
#7133=DIRECTION('',(-5.55111512312578E-17,-1.,-1.99924443346071E-16));
#7134=DIRECTION('',(5.55111512312578E-17,1.,1.99924443346071E-16));
#7135=DIRECTION('center_axis',(0.,-1.,-1.99924443346071E-16));
#7136=DIRECTION('ref_axis',(3.23912791370046E-17,-1.99924443346071E-16,
1.));
#7137=DIRECTION('',(-5.55111512312578E-17,-1.,-1.99924443346071E-16));
#7138=DIRECTION('',(5.55111512312578E-17,1.,1.99924443346071E-16));
#7139=DIRECTION('center_axis',(0.,-1.,-1.99924443346071E-16));
#7140=DIRECTION('ref_axis',(3.23912791370046E-17,-1.99924443346071E-16,
1.));
#7141=DIRECTION('',(-5.55111512312578E-17,-1.,-1.99924443346071E-16));
#7142=DIRECTION('',(5.55111512312578E-17,1.,1.99924443346071E-16));
#7143=DIRECTION('center_axis',(0.,-1.,-1.99924443346071E-16));
#7144=DIRECTION('ref_axis',(3.23912791370046E-17,-1.99924443346071E-16,
1.));
#7145=DIRECTION('',(-5.55111512312578E-17,-1.,-1.99924443346071E-16));
#7146=DIRECTION('',(5.55111512312578E-17,1.,1.99924443346071E-16));
#7147=DIRECTION('center_axis',(0.,-1.,-1.99924443346071E-16));
#7148=DIRECTION('ref_axis',(3.23912791370046E-17,-1.99924443346071E-16,
1.));
#7149=DIRECTION('',(-5.55111512312578E-17,-1.,-1.99924443346071E-16));
#7150=DIRECTION('',(5.55111512312578E-17,1.,1.99924443346071E-16));
#7151=DIRECTION('center_axis',(0.,-1.,-1.99924443346071E-16));
#7152=DIRECTION('ref_axis',(3.23912791370046E-17,-1.99924443346071E-16,
1.));
#7153=DIRECTION('',(-5.55111512312578E-17,-1.,-1.99924443346071E-16));
#7154=DIRECTION('',(5.55111512312578E-17,1.,1.99924443346071E-16));
#7155=DIRECTION('center_axis',(0.,-1.,-1.99924443346071E-16));
#7156=DIRECTION('ref_axis',(3.23912791370046E-17,-1.99924443346071E-16,
1.));
#7157=DIRECTION('',(-5.55111512312578E-17,-1.,-1.99924443346071E-16));
#7158=DIRECTION('',(5.55111512312578E-17,1.,1.99924443346071E-16));
#7159=DIRECTION('center_axis',(0.,-1.,-1.99924443346071E-16));
#7160=DIRECTION('ref_axis',(3.23912791370046E-17,-1.99924443346071E-16,
1.));
#7161=DIRECTION('',(-5.55111512312578E-17,-1.,-1.99924443346071E-16));
#7162=DIRECTION('',(5.55111512312578E-17,1.,1.99924443346071E-16));
#7163=DIRECTION('center_axis',(0.,-1.,-1.99924443346071E-16));
#7164=DIRECTION('ref_axis',(3.23912791370046E-17,-1.99924443346071E-16,
1.));
#7165=DIRECTION('',(-5.55111512312578E-17,-1.,-1.99924443346071E-16));
#7166=DIRECTION('',(5.55111512312578E-17,1.,1.99924443346071E-16));
#7167=DIRECTION('center_axis',(0.,-1.,-1.99924443346071E-16));
#7168=DIRECTION('ref_axis',(3.23912791370046E-17,-1.99924443346071E-16,
1.));
#7169=DIRECTION('',(-5.55111512312578E-17,-1.,-1.99924443346071E-16));
#7170=DIRECTION('',(5.55111512312578E-17,1.,1.99924443346071E-16));
#7171=DIRECTION('center_axis',(0.,-1.,-1.99924443346071E-16));
#7172=DIRECTION('ref_axis',(3.23912791370046E-17,-1.99924443346071E-16,
1.));
#7173=DIRECTION('',(-5.55111512312578E-17,-1.,-1.99924443346071E-16));
#7174=DIRECTION('',(5.55111512312578E-17,1.,1.99924443346071E-16));
#7175=DIRECTION('center_axis',(0.,-1.,-1.99924443346071E-16));
#7176=DIRECTION('ref_axis',(3.23912791370046E-17,-1.99924443346071E-16,
1.));
#7177=DIRECTION('',(-5.55111512312578E-17,-1.,-1.99924443346071E-16));
#7178=DIRECTION('',(5.55111512312578E-17,1.,1.99924443346071E-16));
#7179=DIRECTION('center_axis',(0.,-1.,-1.99924443346071E-16));
#7180=DIRECTION('ref_axis',(3.23912791370046E-17,-1.99924443346071E-16,
1.));
#7181=DIRECTION('',(-5.55111512312578E-17,-1.,-1.99924443346071E-16));
#7182=DIRECTION('',(5.55111512312578E-17,1.,1.99924443346071E-16));
#7183=DIRECTION('center_axis',(0.,-1.,-1.99924443346071E-16));
#7184=DIRECTION('ref_axis',(3.23912791370046E-17,-1.99924443346071E-16,
1.));
#7185=DIRECTION('',(-5.55111512312578E-17,-1.,-1.99924443346071E-16));
#7186=DIRECTION('',(5.55111512312578E-17,1.,1.99924443346071E-16));
#7187=DIRECTION('center_axis',(0.,-1.,-1.99924443346071E-16));
#7188=DIRECTION('ref_axis',(3.23912791370046E-17,-1.99924443346071E-16,
1.));
#7189=DIRECTION('',(-5.55111512312578E-17,-1.,-1.99924443346071E-16));
#7190=DIRECTION('',(5.55111512312578E-17,1.,1.99924443346071E-16));
#7191=DIRECTION('center_axis',(0.,-1.,-1.99924443346071E-16));
#7192=DIRECTION('ref_axis',(3.23912791370046E-17,-1.99924443346071E-16,
1.));
#7193=DIRECTION('',(-5.55111512312578E-17,-1.,-1.99924443346071E-16));
#7194=DIRECTION('',(5.55111512312578E-17,1.,1.99924443346071E-16));
#7195=DIRECTION('center_axis',(0.,-1.,-1.99924443346071E-16));
#7196=DIRECTION('ref_axis',(3.23912791370046E-17,-1.99924443346071E-16,
1.));
#7197=DIRECTION('',(-5.55111512312578E-17,-1.,-1.99924443346071E-16));
#7198=DIRECTION('',(5.55111512312578E-17,1.,1.99924443346071E-16));
#7199=DIRECTION('center_axis',(0.,-1.,-1.99924443346071E-16));
#7200=DIRECTION('ref_axis',(3.23912791370046E-17,-1.99924443346071E-16,
1.));
#7201=DIRECTION('',(-5.55111512312578E-17,-1.,-1.99924443346071E-16));
#7202=DIRECTION('',(5.55111512312578E-17,1.,1.99924443346071E-16));
#7203=DIRECTION('center_axis',(0.,-1.,-1.99924443346071E-16));
#7204=DIRECTION('ref_axis',(3.23912791370046E-17,-1.99924443346071E-16,
1.));
#7205=DIRECTION('',(-5.55111512312578E-17,-1.,-1.99924443346071E-16));
#7206=DIRECTION('center_axis',(5.55111512312578E-17,1.,1.99924443346071E-16));
#7207=DIRECTION('ref_axis',(1.,-5.55111512312578E-17,-1.10980360094088E-32));
#7208=DIRECTION('',(5.55111512312578E-17,1.,1.99924443346071E-16));
#7209=DIRECTION('center_axis',(0.,-1.,-1.99924443346071E-16));
#7210=DIRECTION('ref_axis',(3.23912791370046E-17,-1.99924443346071E-16,
1.));
#7211=DIRECTION('',(-5.55111512312578E-17,-1.,-1.99924443346071E-16));
#7212=DIRECTION('center_axis',(5.55111512312578E-17,1.,1.99924443346071E-16));
#7213=DIRECTION('ref_axis',(1.,-5.55111512312578E-17,-1.10980360094088E-32));
#7214=DIRECTION('',(5.55111512312578E-17,1.,1.99924443346071E-16));
#7215=DIRECTION('center_axis',(0.,-1.,-1.99924443346071E-16));
#7216=DIRECTION('ref_axis',(3.23912791370046E-17,-1.99924443346071E-16,
1.));
#7217=DIRECTION('',(-5.55111512312578E-17,-1.,-1.99924443346071E-16));
#7218=DIRECTION('center_axis',(5.55111512312578E-17,1.,1.99924443346071E-16));
#7219=DIRECTION('ref_axis',(1.,-5.55111512312578E-17,-1.10980360094088E-32));
#7220=DIRECTION('',(5.55111512312578E-17,1.,1.99924443346071E-16));
#7221=DIRECTION('center_axis',(0.,-1.,-1.99924443346071E-16));
#7222=DIRECTION('ref_axis',(3.23912791370046E-17,-1.99924443346071E-16,
1.));
#7223=DIRECTION('',(-5.55111512312578E-17,-1.,-1.99924443346071E-16));
#7224=DIRECTION('center_axis',(5.55111512312578E-17,1.,1.99924443346071E-16));
#7225=DIRECTION('ref_axis',(1.,-5.55111512312578E-17,-1.10980360094088E-32));
#7226=DIRECTION('',(5.55111512312578E-17,1.,1.99924443346071E-16));
#7227=DIRECTION('center_axis',(0.,-1.,-1.99924443346071E-16));
#7228=DIRECTION('ref_axis',(3.23912791370046E-17,-1.99924443346071E-16,
1.));
#7229=DIRECTION('',(-5.55111512312578E-17,-1.,-1.99924443346071E-16));
#7230=DIRECTION('center_axis',(5.55111512312578E-17,1.,1.99924443346071E-16));
#7231=DIRECTION('ref_axis',(1.,-5.55111512312578E-17,-1.10980360094088E-32));
#7232=DIRECTION('',(5.55111512312578E-17,1.,1.99924443346071E-16));
#7233=DIRECTION('center_axis',(0.,-1.,-1.99924443346071E-16));
#7234=DIRECTION('ref_axis',(3.23912791370046E-17,-1.99924443346071E-16,
1.));
#7235=DIRECTION('',(-5.55111512312578E-17,-1.,-1.99924443346071E-16));
#7236=DIRECTION('center_axis',(5.55111512312578E-17,1.,1.99924443346071E-16));
#7237=DIRECTION('ref_axis',(1.,-5.55111512312578E-17,-1.10980360094088E-32));
#7238=DIRECTION('',(5.55111512312578E-17,1.,1.99924443346071E-16));
#7239=DIRECTION('center_axis',(0.,-1.,-1.99924443346071E-16));
#7240=DIRECTION('ref_axis',(3.23912791370046E-17,-1.99924443346071E-16,
1.));
#7241=DIRECTION('',(-5.55111512312578E-17,-1.,-1.99924443346071E-16));
#7242=DIRECTION('center_axis',(5.55111512312578E-17,1.,1.99924443346071E-16));
#7243=DIRECTION('ref_axis',(1.,-5.55111512312578E-17,-1.10980360094088E-32));
#7244=DIRECTION('',(5.55111512312578E-17,1.,1.99924443346071E-16));
#7245=DIRECTION('center_axis',(0.,-1.,-1.99924443346071E-16));
#7246=DIRECTION('ref_axis',(3.23912791370046E-17,-1.99924443346071E-16,
1.));
#7247=DIRECTION('',(-5.55111512312578E-17,-1.,-1.99924443346071E-16));
#7248=DIRECTION('center_axis',(5.55111512312578E-17,1.,1.99924443346071E-16));
#7249=DIRECTION('ref_axis',(1.,-5.55111512312578E-17,-1.10980360094088E-32));
#7250=DIRECTION('',(5.55111512312578E-17,1.,1.99924443346071E-16));
#7251=DIRECTION('center_axis',(0.,-1.,-1.99924443346071E-16));
#7252=DIRECTION('ref_axis',(3.23912791370046E-17,-1.99924443346071E-16,
1.));
#7253=DIRECTION('',(-5.55111512312578E-17,-1.,-1.99924443346071E-16));
#7254=DIRECTION('center_axis',(5.55111512312578E-17,1.,1.99924443346071E-16));
#7255=DIRECTION('ref_axis',(1.,-5.55111512312578E-17,-1.10980360094088E-32));
#7256=DIRECTION('',(5.55111512312578E-17,1.,1.99924443346071E-16));
#7257=DIRECTION('center_axis',(0.,-1.,-1.99924443346071E-16));
#7258=DIRECTION('ref_axis',(3.23912791370046E-17,-1.99924443346071E-16,
1.));
#7259=DIRECTION('',(-5.55111512312578E-17,-1.,-1.99924443346071E-16));
#7260=DIRECTION('center_axis',(5.55111512312578E-17,1.,1.99924443346071E-16));
#7261=DIRECTION('ref_axis',(1.,-5.55111512312578E-17,-1.10980360094088E-32));
#7262=DIRECTION('',(5.55111512312578E-17,1.,1.99924443346071E-16));
#7263=DIRECTION('center_axis',(0.,-1.,-1.99924443346071E-16));
#7264=DIRECTION('ref_axis',(3.23912791370046E-17,-1.99924443346071E-16,
1.));
#7265=DIRECTION('',(-5.55111512312578E-17,-1.,-1.99924443346071E-16));
#7266=DIRECTION('center_axis',(5.55111512312578E-17,1.,1.99924443346071E-16));
#7267=DIRECTION('ref_axis',(1.,-5.55111512312578E-17,-1.10980360094088E-32));
#7268=DIRECTION('',(5.55111512312578E-17,1.,1.99924443346071E-16));
#7269=DIRECTION('center_axis',(0.,-1.,-1.99924443346071E-16));
#7270=DIRECTION('ref_axis',(3.23912791370046E-17,-1.99924443346071E-16,
1.));
#7271=DIRECTION('',(-5.55111512312578E-17,-1.,-1.99924443346071E-16));
#7272=DIRECTION('center_axis',(5.55111512312578E-17,1.,1.99924443346071E-16));
#7273=DIRECTION('ref_axis',(1.,-5.55111512312578E-17,-1.10980360094088E-32));
#7274=DIRECTION('',(5.55111512312578E-17,1.,1.99924443346071E-16));
#7275=DIRECTION('center_axis',(0.,-1.,-1.99924443346071E-16));
#7276=DIRECTION('ref_axis',(3.23912791370046E-17,-1.99924443346071E-16,
1.));
#7277=DIRECTION('',(-5.55111512312578E-17,-1.,-1.99924443346071E-16));
#7278=DIRECTION('center_axis',(5.55111512312578E-17,1.,1.99924443346071E-16));
#7279=DIRECTION('ref_axis',(1.,-5.55111512312578E-17,-1.10980360094088E-32));
#7280=DIRECTION('',(5.55111512312578E-17,1.,1.99924443346071E-16));
#7281=DIRECTION('center_axis',(0.,-1.,-1.99924443346071E-16));
#7282=DIRECTION('ref_axis',(3.23912791370046E-17,-1.99924443346071E-16,
1.));
#7283=DIRECTION('',(-5.55111512312578E-17,-1.,-1.99924443346071E-16));
#7284=DIRECTION('center_axis',(5.55111512312578E-17,1.,1.99924443346071E-16));
#7285=DIRECTION('ref_axis',(1.,-5.55111512312578E-17,-1.10980360094088E-32));
#7286=DIRECTION('',(5.55111512312578E-17,1.,1.99924443346071E-16));
#7287=DIRECTION('center_axis',(0.,-1.,-1.99924443346071E-16));
#7288=DIRECTION('ref_axis',(3.23912791370046E-17,-1.99924443346071E-16,
1.));
#7289=DIRECTION('',(-5.55111512312578E-17,-1.,-1.99924443346071E-16));
#7290=DIRECTION('center_axis',(5.55111512312578E-17,1.,1.99924443346071E-16));
#7291=DIRECTION('ref_axis',(1.,-5.55111512312578E-17,-1.10980360094088E-32));
#7292=DIRECTION('',(5.55111512312578E-17,1.,1.99924443346071E-16));
#7293=DIRECTION('center_axis',(0.,-1.,-1.99924443346071E-16));
#7294=DIRECTION('ref_axis',(3.23912791370046E-17,-1.99924443346071E-16,
1.));
#7295=DIRECTION('',(-5.55111512312578E-17,-1.,-1.99924443346071E-16));
#7296=DIRECTION('center_axis',(5.55111512312578E-17,1.,1.99924443346071E-16));
#7297=DIRECTION('ref_axis',(1.,-5.55111512312578E-17,-1.10980360094088E-32));
#7298=DIRECTION('',(5.55111512312578E-17,1.,1.99924443346071E-16));
#7299=DIRECTION('center_axis',(0.,-1.,-1.99924443346071E-16));
#7300=DIRECTION('ref_axis',(3.23912791370046E-17,-1.99924443346071E-16,
1.));
#7301=DIRECTION('center_axis',(0.467526806654113,1.76728988315152E-16,-0.883978894012639));
#7302=DIRECTION('ref_axis',(-0.883978894012639,4.16725779835698E-17,-0.467526806654113));
#7303=DIRECTION('',(0.883978894012639,-1.42540722640465E-16,0.467526806654113));
#7304=DIRECTION('',(0.,1.,1.99924443346071E-16));
#7305=DIRECTION('',(-0.883978894012639,4.16725779835698E-17,-0.467526806654113));
#7306=DIRECTION('center_axis',(0.,1.,1.99924443346071E-16));
#7307=DIRECTION('ref_axis',(0.,-1.99924443346071E-16,1.));
#7308=DIRECTION('',(0.860358807131172,-5.11670759670279E-17,0.50968884919314));
#7309=DIRECTION('',(-0.942255276546744,-1.17306248533785E-16,0.33489549686405));
#7310=DIRECTION('center_axis',(0.,1.,1.99924443346071E-16));
#7311=DIRECTION('ref_axis',(0.,-1.99924443346071E-16,1.));
#7312=DIRECTION('',(0.905534407227634,-3.20807517633332E-17,0.424272833595197));
#7313=DIRECTION('',(-0.905534407227634,-1.32615266612774E-16,0.424272833595197));
#7314=DIRECTION('center_axis',(0.,1.,1.99924443346071E-16));
#7315=DIRECTION('ref_axis',(0.,-1.99924443346071E-16,1.));
#7316=DIRECTION('',(0.942255276546744,-1.26948982241106E-17,0.33489549686405));
#7317=DIRECTION('',(-0.860358807131165,-1.46686091678636E-16,0.509688849193152));
#7318=DIRECTION('center_axis',(0.,1.,1.99924443346071E-16));
#7319=DIRECTION('ref_axis',(0.,-1.99924443346071E-16,1.));
#7320=DIRECTION('',(0.970178562225573,6.8094841593821E-18,0.242391331111325));
#7321=DIRECTION('',(-0.807150268663554,-1.59387348228901E-16,0.590346037334335));
#7322=DIRECTION('center_axis',(0.,1.,1.99924443346071E-16));
#7323=DIRECTION('ref_axis',(0.,-1.99924443346071E-16,1.));
#7324=DIRECTION('',(0.989043552069231,2.62502882239749E-17,0.147624022808887));
#7325=DIRECTION('',(-0.746405585612226,-1.70600448053328E-16,0.665491323584966));
#7326=DIRECTION('center_axis',(0.,1.,1.99924443346071E-16));
#7327=DIRECTION('ref_axis',(0.,-1.99924443346071E-16,1.));
#7328=DIRECTION('',(0.998674108750479,4.54460004201944E-17,0.0514783887805083));
#7329=DIRECTION('',(-0.678691914715999,-1.8022069746007E-16,0.734423096654191));
#7330=DIRECTION('center_axis',(0.,1.,1.99924443346071E-16));
#7331=DIRECTION('ref_axis',(0.,-1.99924443346071E-16,1.));
#7332=DIRECTION('',(0.998980314356374,6.42173955552353E-17,-0.0451478850937595));
#7333=DIRECTION('',(-0.604641480275636,-1.88158274772443E-16,0.796497759149445));
#7334=DIRECTION('center_axis',(0.,1.,1.99924443346071E-16));
#7335=DIRECTION('ref_axis',(0.,-1.99924443346071E-16,1.));
#7336=DIRECTION('',(0.989959309927679,8.23892101704212E-17,-0.141352625329399));
#7337=DIRECTION('',(-0.52494567124575,-1.94339068969742E-16,0.851135736672095));
#7338=DIRECTION('center_axis',(0.,1.,1.99924443346071E-16));
#7339=DIRECTION('ref_axis',(0.,-1.99924443346071E-16,1.));
#7340=DIRECTION('',(0.971695322152167,9.97917789288041E-17,-0.23623759418771));
#7341=DIRECTION('',(-0.440348585922248,-1.98705371641881E-16,0.8978268891475));
#7342=DIRECTION('center_axis',(0.,1.,1.99924443346071E-16));
#7343=DIRECTION('ref_axis',(0.,-1.99924443346071E-16,1.));
#7344=DIRECTION('',(0.944358876962754,1.16262618734746E-16,-0.328916876279779));
#7345=DIRECTION('',(-0.351640084497524,-2.01216415797237E-16,0.936135273865147));
#7346=DIRECTION('center_axis',(0.,1.,1.99924443346071E-16));
#7347=DIRECTION('ref_axis',(0.,-1.99924443346071E-16,1.));
#7348=DIRECTION('',(0.908205207382758,1.31647945794817E-16,-0.418525150119849));
#7349=DIRECTION('',(-0.259648414348054,-2.018487564931E-16,0.965703215758621));
#7350=DIRECTION('center_axis',(0.,1.,1.99924443346071E-16));
#7351=DIRECTION('ref_axis',(0.,-1.99924443346071E-16,1.));
#7352=DIRECTION('',(0.863571870483945,1.45804111455614E-16,-0.504225767398752));
#7353=DIRECTION('',(-0.165232476912264,-2.00596489734766E-16,0.986254646921087));
#7354=DIRECTION('center_axis',(0.,1.,1.99924443346071E-16));
#7355=DIRECTION('ref_axis',(0.,-1.99924443346071E-16,1.));
#7356=DIRECTION('',(0.810875595707197,1.58598943412517E-16,-0.585218564543623));
#7357=DIRECTION('',(-0.0692738083590453,-1.97471307599555E-16,0.997597684177061));
#7358=DIRECTION('center_axis',(0.,1.,1.99924443346071E-16));
#7359=DIRECTION('ref_axis',(0.,-1.99924443346071E-16,1.));
#7360=DIRECTION('',(0.750608393971795,1.69912979766939E-16,-0.660747333629946));
#7361=DIRECTION('',(0.0273316510780597,-1.92502389071026E-16,0.999626420643906));
#7362=DIRECTION('center_axis',(0.,1.,1.99924443346071E-16));
#7363=DIRECTION('ref_axis',(0.,-1.99924443346071E-16,1.));
#7364=DIRECTION('',(0.683332963902339,1.79640584409821E-16,-0.730106882890748));
#7365=DIRECTION('',(0.123681922253067,-1.85736127602685E-16,0.99232191455585));
#7366=DIRECTION('center_axis',(0.,1.,1.99924443346071E-16));
#7367=DIRECTION('ref_axis',(0.,-1.99924443346071E-16,1.));
#7368=DIRECTION('',(0.609677438062905,1.87690933317589E-16,-0.792649620902611));
#7369=DIRECTION('',(0.218877408644396,-1.77235697954778E-16,0.975752366118122));
#7370=DIRECTION('center_axis',(0.,1.,1.99924443346071E-16));
#7371=DIRECTION('ref_axis',(0.,-1.99924443346071E-16,1.));
#7372=DIRECTION('',(0.530329518252872,1.93988862551535E-16,-0.847791602971908));
#7373=DIRECTION('',(0.312029295644507,-1.67080466348619E-16,0.950072480740071));
#7374=DIRECTION('center_axis',(0.,1.,1.99924443346071E-16));
#7375=DIRECTION('ref_axis',(0.,-1.99924443346071E-16,1.));
#7376=DIRECTION('',(0.446030054620421,1.98475570043281E-16,-0.895017983269221));
#7377=DIRECTION('',(0.402267849182851,-1.55365249445542E-16,0.91552202459242));
#7378=DIRECTION('center_axis',(0.,1.,1.99924443346071E-16));
#7379=DIRECTION('ref_axis',(0.,-1.99924443346071E-16,1.));
#7380=DIRECTION('',(0.357566128544191,2.01109164613858E-16,-0.933887821806195));
#7381=DIRECTION('',(0.488750536198534,-1.42199429069273E-16,0.872423585975096));
#7382=DIRECTION('center_axis',(0.,1.,1.99924443346071E-16));
#7383=DIRECTION('ref_axis',(0.,-1.99924443346071E-16,1.));
#7384=DIRECTION('',(0.265763703866806,2.01865057100342E-16,-0.964038201373263));
#7385=DIRECTION('',(0.57066989114431,-1.27705930937343E-16,0.821179563397277));
#7386=DIRECTION('center_axis',(0.,1.,1.99924443346071E-16));
#7387=DIRECTION('ref_axis',(0.,-1.99924443346071E-16,1.));
#7388=DIRECTION('',(0.171479915092436,2.00736189938252E-16,-0.985187616000065));
#7389=DIRECTION('',(0.647261055075185,-1.12020076936718E-16,0.762268408490709));
#7390=DIRECTION('center_axis',(0.,1.,1.99924443346071E-16));
#7391=DIRECTION('ref_axis',(0.,-1.99924443346071E-16,1.));
#7392=DIRECTION('',(0.0755950645536137,1.97733103056124E-16,-0.997138599300586));
#7393=DIRECTION('',(0.717808916929751,-9.52883216599059E-17,0.696240158836114));
#7394=DIRECTION('center_axis',(0.,1.,1.99924443346071E-16));
#7395=DIRECTION('ref_axis',(0.,-1.99924443346071E-16,1.));
#7396=DIRECTION('',(-0.0209955967350021,1.92883835467037E-16,-0.999779568163773));
#7397=DIRECTION('',(0.781654790329998,-7.76668849977955E-17,0.623711302410151));
#7398=DIRECTION('center_axis',(0.,1.,1.99924443346071E-16));
#7399=DIRECTION('ref_axis',(0.,-1.99924443346071E-16,1.));
#7400=DIRECTION('',(-0.117390227793861,1.86233663475906E-16,-0.993085864574915));
#7401=DIRECTION('',(0.838202563558353,-5.93202935566521E-17,0.545359021603388));
#7402=DIRECTION('center_axis',(0.,1.,1.99924443346071E-16));
#7403=DIRECTION('ref_axis',(0.,-1.99924443346071E-16,1.));
#7404=DIRECTION('',(-0.212688817924868,1.77844677946823E-16,-0.977119985840901));
#7405=DIRECTION('',(0.88692426529211,-4.04198445175538E-17,0.461914870550895));
#7406=DIRECTION('center_axis',(0.,1.,1.99924443346071E-16));
#7407=DIRECTION('ref_axis',(0.,-1.99924443346071E-16,1.));
#7408=DIRECTION('',(-0.306001589868697,1.67795204577393E-16,-0.952031001069729));
#7409=DIRECTION('',(0.927364994129546,-2.11420062807231E-17,0.374157944808216));
#7410=DIRECTION('center_axis',(0.,1.,1.99924443346071E-16));
#7411=DIRECTION('ref_axis',(0.,-1.99924443346071E-16,1.));
#7412=DIRECTION('',(-0.396457307415646,1.56179072592765E-16,-0.918053159352298));
#7413=DIRECTION('',(0.959147165881634,-1.6667708276638E-18,0.282907607146273));
#7414=DIRECTION('center_axis',(0.,1.,1.99924443346071E-16));
#7415=DIRECTION('ref_axis',(0.,-1.99924443346071E-16,1.));
#7416=DIRECTION('',(-0.483211409902791,1.43104738687502E-16,-0.875503702641946));
#7417=DIRECTION('',(0.981974038973998,1.78240268155334E-17,0.189015837381668));
#7418=DIRECTION('center_axis',(0.,1.,1.99924443346071E-16));
#7419=DIRECTION('ref_axis',(0.,-1.99924443346071E-16,1.));
#7420=DIRECTION('',(-0.565453897649983,1.28694274394563E-16,-0.824779903751566));
#7421=DIRECTION('',(0.99563248504293,3.71484063227807E-17,0.0933592776709456));
#7422=DIRECTION('center_axis',(0.,1.,1.99924443346071E-16));
#7423=DIRECTION('ref_axis',(0.,-1.99924443346071E-16,1.));
#7424=DIRECTION('',(-0.642416894707906,1.13082226336412E-16,-0.766355357124781));
#7425=DIRECTION('',(0.999994978857544,5.61259411692724E-17,-0.00316895246104741));
#7426=DIRECTION('center_axis',(0.,1.,1.99924443346071E-16));
#7427=DIRECTION('ref_axis',(0.,-1.99924443346071E-16,1.));
#7428=DIRECTION('',(-0.713381818309821,9.64143599992822E-17,-0.70077555701164));
#7429=DIRECTION('',(0.995020788988519,7.4579443225368E-17,-0.0996675949376944));
#7430=DIRECTION('center_axis',(0.,1.,1.99924443346071E-16));
#7431=DIRECTION('ref_axis',(0.,-1.99924443346071E-16,1.));
#7432=DIRECTION('',(-0.777686088084426,7.88462987602685E-17,-0.628652804336338));
#7433=DIRECTION('',(0.980756358106416,9.23366171144304E-17,-0.195235667934523));
#7434=DIRECTION('center_axis',(0.,1.,1.99924443346071E-16));
#7435=DIRECTION('ref_axis',(0.,-1.99924443346071E-16,1.));
#7436=DIRECTION('',(-0.834729312390673,6.05420708737029E-17,-0.550660489808189));
#7437=DIRECTION('',(0.957334869359049,1.09231668888232E-16,-0.288980878103192));
#7438=DIRECTION('center_axis',(0.,1.,1.99924443346071E-16));
#7439=DIRECTION('ref_axis',(0.,-1.99924443346071E-16,1.));
#7440=DIRECTION('',(0.924975002876309,1.25106854000476E-16,-0.380027951674574));
#7441=DIRECTION('center_axis',(0.,1.,1.99924443346071E-16));
#7442=DIRECTION('ref_axis',(0.,-1.99924443346071E-16,1.));
#7443=DIRECTION('',(-0.924975002876325,2.24139994608684E-17,-0.380027951674536));
#7444=DIRECTION('',(0.883978894012616,1.39813950125128E-16,-0.467526806654156));
#7445=DIRECTION('center_axis',(0.,1.,1.99924443346071E-16));
#7446=DIRECTION('ref_axis',(0.,-1.99924443346071E-16,1.));
#7447=DIRECTION('',(-0.95733486935908,2.94614746431747E-18,-0.28898087810309));
#7448=DIRECTION('',(0.834729312390613,1.53215641068282E-16,-0.550660489808279));
#7449=DIRECTION('center_axis',(0.,1.,1.99924443346071E-16));
#7450=DIRECTION('ref_axis',(0.,-1.99924443346071E-16,1.));
#7451=DIRECTION('',(-0.980756358106416,-1.65492119172954E-17,-0.195235667934523));
#7452=DIRECTION('',(0.777686088084415,1.6518679885247E-16,-0.628652804336352));
#7453=DIRECTION('center_axis',(0.,1.,1.99924443346071E-16));
#7454=DIRECTION('ref_axis',(0.,-1.99924443346071E-16,1.));
#7455=DIRECTION('',(-0.995020788988519,-3.58900557662053E-17,-0.0996675949376999));
#7456=DIRECTION('',(0.713381818309822,1.75615652002934E-16,-0.700775557011639));
#7457=DIRECTION('center_axis',(0.,1.,1.99924443346071E-16));
#7458=DIRECTION('ref_axis',(0.,-1.99924443346071E-16,1.));
#7459=DIRECTION('',(-0.999994978857544,-5.48958038344468E-17,-0.00316895246104732));
#7460=DIRECTION('',(0.642416894707939,1.84404829127699E-16,-0.766355357124754));
#7461=DIRECTION('center_axis',(0.,1.,1.99924443346071E-16));
#7462=DIRECTION('ref_axis',(0.,-1.99924443346071E-16,1.));
#7463=DIRECTION('',(-0.995632485042924,-7.33890045731723E-17,0.0933592776710031));
#7464=DIRECTION('',(0.565453897649919,1.91472268048073E-16,-0.82477990375161));
#7465=DIRECTION('center_axis',(0.,1.,1.99924443346071E-16));
#7466=DIRECTION('ref_axis',(0.,-1.99924443346071E-16,1.));
#7467=DIRECTION('',(-0.981974038973987,-9.11969919497856E-17,0.189015837381722));
#7468=DIRECTION('',(0.483211409902789,1.96751981991068E-16,-0.875503702641947));
#7469=DIRECTION('center_axis',(0.,1.,1.99924443346071E-16));
#7470=DIRECTION('ref_axis',(0.,-1.99924443346071E-16,1.));
#7471=DIRECTION('',(-0.959147165881649,-1.0815349758423E-16,0.282907607146222));
#7472=DIRECTION('',(0.396457307415646,2.0019467569014E-16,-0.918053159352298));
#7473=DIRECTION('center_axis',(0.,1.,1.99924443346071E-16));
#7474=DIRECTION('ref_axis',(0.,-1.99924443346071E-16,1.));
#7475=DIRECTION('',(-0.927364994129526,-1.24100203152131E-16,0.374157944808263));
#7476=DIRECTION('',(0.306001589868697,2.01768205641806E-16,-0.952031001069729));
#7477=DIRECTION('center_axis',(0.,1.,1.99924443346071E-16));
#7478=DIRECTION('ref_axis',(0.,-1.99924443346071E-16,1.));
#7479=DIRECTION('',(-0.886924265292116,-1.38888218560157E-16,0.461914870550884));
#7480=DIRECTION('',(0.21268881792483,2.01457880220872E-16,-0.977119985840909));
#7481=DIRECTION('center_axis',(0.,1.,1.99924443346071E-16));
#7482=DIRECTION('ref_axis',(0.,-1.99924443346071E-16,1.));
#7483=DIRECTION('',(-0.838202563558345,-1.52379472092886E-16,0.545359021603401));
#7484=DIRECTION('',(0.117390227793779,1.99266596852177E-16,-0.993085864574924));
#7485=DIRECTION('center_axis',(0.,1.,1.99924443346071E-16));
#7486=DIRECTION('ref_axis',(0.,-1.99924443346071E-16,1.));
#7487=DIRECTION('',(-0.781654790330014,-1.64447999551084E-16,0.623711302410131));
#7488=DIRECTION('',(0.0209955967349744,1.9521481495813E-16,-0.999779568163774));
#7489=DIRECTION('center_axis',(0.,1.,1.99924443346071E-16));
#7490=DIRECTION('ref_axis',(0.,-1.99924443346071E-16,1.));
#7491=DIRECTION('',(-0.717808916929778,-1.74981120345568E-16,0.696240158836086));
#7492=DIRECTION('',(-0.0755950645536095,1.8934036493458E-16,-0.997138599300587));
#7493=DIRECTION('center_axis',(0.,1.,1.99924443346071E-16));
#7494=DIRECTION('ref_axis',(0.,-1.99924443346071E-16,1.));
#7495=DIRECTION('',(-0.647261055075125,-1.83880489565488E-16,0.76226840849076));
#7496=DIRECTION('',(-0.171479915092427,1.81698094938614E-16,-0.985187616000066));
#7497=DIRECTION('center_axis',(0.,1.,1.99924443346071E-16));
#7498=DIRECTION('ref_axis',(0.,-1.99924443346071E-16,1.));
#7499=DIRECTION('',(-0.57066989114431,-1.91063016198218E-16,0.821179563397277));
#7500=DIRECTION('',(-0.265763703866806,1.72359358786083E-16,-0.964038201373263));
#7501=DIRECTION('center_axis',(0.,1.,1.99924443346071E-16));
#7502=DIRECTION('ref_axis',(0.,-1.99924443346071E-16,1.));
#7503=DIRECTION('',(-0.488750536198516,-1.96461638927825E-16,0.872423585975106));
#7504=DIRECTION('',(-0.357566128544239,1.61411349740268E-16,-0.933887821806176));
#7505=DIRECTION('center_axis',(0.,1.,1.99924443346071E-16));
#7506=DIRECTION('ref_axis',(0.,-1.99924443346071E-16,1.));
#7507=DIRECTION('',(-0.402267849182851,-2.00025952268466E-16,0.91552202459242));
#7508=DIRECTION('',(-0.446030054620399,1.48956286411844E-16,-0.895017983269233));
#7509=DIRECTION('center_axis',(0.,1.,1.99924443346071E-16));
#7510=DIRECTION('ref_axis',(0.,-1.99924443346071E-16,1.));
#7511=DIRECTION('',(-0.312029295644474,-2.0172267718683E-16,0.950072480740082));
#7512=DIRECTION('',(-0.530329518252897,1.3511045837126E-16,-0.847791602971892));
#7513=DIRECTION('center_axis',(0.,1.,1.99924443346071E-16));
#7514=DIRECTION('ref_axis',(0.,-1.99924443346071E-16,1.));
#7515=DIRECTION('',(-0.218877408644437,-2.01535971819508E-16,0.975752366118113));
#7516=DIRECTION('',(-0.60967743806287,1.20003140384405E-16,-0.792649620902638));
#7517=DIRECTION('center_axis',(0.,1.,1.99924443346071E-16));
#7518=DIRECTION('ref_axis',(0.,-1.99924443346071E-16,1.));
#7519=DIRECTION('',(-0.123681922253121,-1.99467579384212E-16,0.992321914555843));
#7520=DIRECTION('',(-0.683332963902309,1.03775385408855E-16,-0.730106882890776));
#7521=DIRECTION('center_axis',(0.,1.,1.99924443346071E-16));
#7522=DIRECTION('ref_axis',(0.,-1.99924443346071E-16,1.));
#7523=DIRECTION('',(-0.0273316510780597,-1.95536811903814E-16,0.999626420643906));
#7524=DIRECTION('',(-0.750608393971795,8.6578707620499E-17,-0.660747333629946));
#7525=DIRECTION('center_axis',(0.,1.,1.99924443346071E-16));
#7526=DIRECTION('ref_axis',(0.,-1.99924443346071E-16,1.));
#7527=DIRECTION('',(0.0692738083590101,-1.89780369895189E-16,0.997597684177063));
#7528=DIRECTION('',(-0.810875595707161,6.85736677664514E-17,-0.585218564543673));
#7529=DIRECTION('center_axis',(0.,1.,1.99924443346071E-16));
#7530=DIRECTION('ref_axis',(0.,-1.99924443346071E-16,1.));
#7531=DIRECTION('',(0.1652324769123,-1.82251999706379E-16,0.986254646921081));
#7532=DIRECTION('',(-0.863571870483952,4.99283740526228E-17,-0.50422576739874));
#7533=DIRECTION('center_axis',(0.,1.,1.99924443346071E-16));
#7534=DIRECTION('ref_axis',(0.,-1.99924443346071E-16,1.));
#7535=DIRECTION('',(0.259648414348014,-1.73021991701442E-16,0.965703215758631));
#7536=DIRECTION('',(-0.908205207382732,3.08169125627492E-17,-0.418525150119905));
#7537=DIRECTION('center_axis',(0.,1.,1.99924443346071E-16));
#7538=DIRECTION('ref_axis',(0.,-1.99924443346071E-16,1.));
#7539=DIRECTION('',(0.351640084497518,-1.62176523978209E-16,0.93613527386515));
#7540=DIRECTION('',(-0.944358876962754,1.14177218634258E-17,-0.328916876279779));
#7541=DIRECTION('center_axis',(0.,1.,1.99924443346071E-16));
#7542=DIRECTION('ref_axis',(0.,-1.99924443346071E-16,1.));
#7543=DIRECTION('',(0.440348585922292,-1.49816857746673E-16,0.897826889147478));
#7544=DIRECTION('',(-0.971695322152179,-8.08807302859615E-18,-0.236237594187657));
#7545=DIRECTION('center_axis',(0.,1.,1.99924443346071E-16));
#7546=DIRECTION('ref_axis',(0.,-1.99924443346071E-16,1.));
#7547=DIRECTION('',(0.52494567124573,-1.36058391880312E-16,0.851135736672107));
#7548=DIRECTION('',(-0.989959309927686,-2.75183517619622E-17,-0.141352625329352));
#7549=DIRECTION('center_axis',(0.,1.,1.99924443346071E-16));
#7550=DIRECTION('ref_axis',(0.,-1.99924443346071E-16,1.));
#7551=DIRECTION('',(0.604641480275618,-1.21029585467902E-16,0.796497759149458));
#7552=DIRECTION('',(-0.998980314356372,-4.66916990593259E-17,-0.0451478850938161));
#7553=DIRECTION('center_axis',(0.,1.,1.99924443346071E-16));
#7554=DIRECTION('ref_axis',(0.,-1.99924443346071E-16,1.));
#7555=DIRECTION('',(0.678691914715984,-1.0487075842561E-16,0.734423096654204));
#7556=DIRECTION('',(-0.998674108750481,-6.54290985429739E-17,0.051478388780453));
#7557=DIRECTION('center_axis',(0.,1.,1.99924443346071E-16));
#7558=DIRECTION('ref_axis',(0.,-1.99924443346071E-16,1.));
#7559=DIRECTION('',(0.746405585612211,-8.773278136778E-17,0.665491323584983));
#7560=DIRECTION('',(-0.989043552069239,-8.35556041624452E-17,0.147624022808829));
#7561=DIRECTION('center_axis',(0.,1.,1.99924443346071E-16));
#7562=DIRECTION('ref_axis',(0.,-1.99924443346071E-16,1.));
#7563=DIRECTION('',(0.807150268663554,-6.97756669686353E-17,0.590346037334335));
#7564=DIRECTION('',(-0.97017856222556,-1.00901973618683E-16,0.242391331111377));
#7565=DIRECTION('center_axis',(-0.509688849193152,1.72006755593588E-16,
-0.860358807131164));
#7566=DIRECTION('ref_axis',(-0.860358807131165,-1.46686091678636E-16,0.509688849193152));
#7567=DIRECTION('',(0.860358807131165,5.41397515988379E-17,-0.509688849193152));
#7568=DIRECTION('',(0.,1.,1.99924443346071E-16));
#7569=DIRECTION('center_axis',(-0.33489549686405,-1.88379861653506E-16,
0.942255276546744));
#7570=DIRECTION('ref_axis',(0.942255276546744,-1.26948982241106E-17,0.33489549686405));
#7571=DIRECTION('',(-0.942255276546744,1.19259470944488E-16,-0.33489549686405));
#7572=DIRECTION('center_axis',(-0.590346037334335,1.61369068159193E-16,
-0.807150268663554));
#7573=DIRECTION('ref_axis',(-0.807150268663554,-1.59387348228901E-16,0.590346037334335));
#7574=DIRECTION('',(0.807150268663554,7.3218762265493E-17,-0.590346037334335));
#7575=DIRECTION('',(0.,1.,1.99924443346071E-16));
#7576=DIRECTION('center_axis',(-0.242391331111325,-1.93962408999239E-16,
0.970178562225573));
#7577=DIRECTION('ref_axis',(0.970178562225573,6.8094841593821E-18,0.242391331111325));
#7578=DIRECTION('',(-0.970178562225573,1.02315680833373E-16,-0.242391331111325));
#7579=DIRECTION('center_axis',(-0.665491323584966,1.49224721213923E-16,
-0.746405585612226));
#7580=DIRECTION('ref_axis',(-0.746405585612226,-1.70600448053328E-16,0.665491323584966));
#7581=DIRECTION('',(0.746405585612226,9.16141490765885E-17,-0.665491323584966));
#7582=DIRECTION('',(0.,1.,1.99924443346071E-16));
#7583=DIRECTION('center_axis',(-0.147624022808887,-1.97733981592462E-16,
0.989043552069231));
#7584=DIRECTION('ref_axis',(0.989043552069231,2.62502882239749E-17,0.147624022808887));
#7585=DIRECTION('',(-0.989043552069231,8.44165967777899E-17,-0.147624022808887));
#7586=DIRECTION('center_axis',(-0.734423096654191,1.35687103253075E-16,
-0.678691914715999));
#7587=DIRECTION('ref_axis',(-0.678691914715999,-1.8022069746007E-16,0.734423096654191));
#7588=DIRECTION('',(0.678691914715999,1.09154159261855E-16,-0.734423096654191));
#7589=DIRECTION('',(0.,1.,1.99924443346071E-16));
#7590=DIRECTION('center_axis',(-0.0514783887805083,-1.99659365276073E-16,
0.998674108750479));
#7591=DIRECTION('ref_axis',(0.998674108750479,4.54460004201944E-17,0.0514783887805083));
#7592=DIRECTION('',(-0.998674108750479,6.57293377028852E-17,-0.0514783887805083));
#7593=DIRECTION('center_axis',(-0.796497759149445,1.20882611368051E-16,
-0.604641480275636));
#7594=DIRECTION('ref_axis',(-0.604641480275636,-1.88158274772443E-16,0.796497759149445));
#7595=DIRECTION('',(0.604641480275636,1.25675026472073E-16,-0.796497759149445));
#7596=DIRECTION('',(0.,1.,1.99924443346071E-16));
#7597=DIRECTION('center_axis',(0.0451478850937595,-1.99720583261381E-16,
0.998980314356374));
#7598=DIRECTION('ref_axis',(0.998980314356374,6.42173955552353E-17,-0.0451478850937595));
#7599=DIRECTION('',(-0.998980314356374,4.64283815116639E-17,0.0451478850937595));
#7600=DIRECTION('center_axis',(-0.851135736672095,1.04949471110736E-16,
-0.52494567124575));
#7601=DIRECTION('ref_axis',(-0.52494567124575,-1.94339068969742E-16,0.851135736672095));
#7602=DIRECTION('',(0.52494567124575,1.410224998214E-16,-0.851135736672095));
#7603=DIRECTION('',(0.,1.,1.99924443346071E-16));
#7604=DIRECTION('center_axis',(0.141352625329399,-1.97917063972552E-16,
0.989959309927679));
#7605=DIRECTION('ref_axis',(0.989959309927679,8.23892101704212E-17,-0.141352625329399));
#7606=DIRECTION('',(-0.989959309927679,2.66939360317012E-17,0.141352625329399));
#7607=DIRECTION('center_axis',(-0.8978268891475,8.8036445918735E-17,-0.440348585922248));
#7608=DIRECTION('ref_axis',(-0.440348585922248,-1.98705371641881E-16,0.8978268891475));
#7609=DIRECTION('',(0.440348585922248,1.55053284086348E-16,-0.8978268891475));
#7610=DIRECTION('',(0.,1.,1.99924443346071E-16));
#7611=DIRECTION('center_axis',(0.23623759418771,-1.94265646383253E-16,0.971695322152167));
#7612=DIRECTION('ref_axis',(0.971695322152167,9.97917789288041E-17,-0.236237594187709));
#7613=DIRECTION('',(-0.971695322152167,6.71025646330184E-18,0.236237594187709));
#7614=DIRECTION('center_axis',(-0.936135273865147,7.03014481513329E-17,
-0.351640084497524));
#7615=DIRECTION('ref_axis',(-0.351640084497524,-2.01216415797237E-16,0.936135273865147));
#7616=DIRECTION('',(0.351640084497524,1.67636377614597E-16,-0.936135273865147));
#7617=DIRECTION('',(0.,1.,1.99924443346071E-16));
#7618=DIRECTION('center_axis',(0.328916876279779,-1.88800422795699E-16,
0.944358876962753));
#7619=DIRECTION('ref_axis',(0.944358876962754,1.16262618734746E-16,-0.328916876279779));
#7620=DIRECTION('',(-0.944358876962754,-1.33360749617031E-17,0.328916876279779));
#7621=DIRECTION('center_axis',(-0.965703215758621,5.19100647042247E-17,
-0.259648414348054));
#7622=DIRECTION('ref_axis',(-0.259648414348054,-2.018487564931E-16,0.965703215758621));
#7623=DIRECTION('',(0.259648414348054,1.78654295452222E-16,-0.965703215758621));
#7624=DIRECTION('',(0.,1.,1.99924443346071E-16));
#7625=DIRECTION('center_axis',(0.418525150119849,-1.81572420530001E-16,
0.908205207382758));
#7626=DIRECTION('ref_axis',(0.908205207382758,1.31647945794817E-16,-0.418525150119849));
#7627=DIRECTION('',(-0.908205207382758,-3.32578910480014E-17,0.418525150119849));
#7628=DIRECTION('center_axis',(-0.986254646921087,3.30340109693769E-17,
-0.165232476912264));
#7629=DIRECTION('ref_axis',(-0.165232476912264,-2.00596489734766E-16,0.986254646921087));
#7630=DIRECTION('',(0.165232476912264,1.88004166268982E-16,-0.986254646921087));
#7631=DIRECTION('',(0.,1.,1.99924443346071E-16));
#7632=DIRECTION('center_axis',(0.504225767398752,-1.72649125495828E-16,
0.863571870483945));
#7633=DIRECTION('ref_axis',(0.863571870483945,1.45804111455614E-16,-0.504225767398752));
#7634=DIRECTION('',(-0.863571870483945,-5.28691871664466E-17,0.504225767398752));
#7635=DIRECTION('center_axis',(-0.997597684177061,1.38495275746445E-17,
-0.0692738083590453));
#7636=DIRECTION('ref_axis',(-0.0692738083590453,-1.97471307599555E-16,0.997597684177061));
#7637=DIRECTION('',(0.0692738083590453,1.95598692840244E-16,-0.997597684177061));
#7638=DIRECTION('',(0.,1.,1.99924443346071E-16));
#7639=DIRECTION('center_axis',(0.585218564543623,-1.62113852094675E-16,
0.810875595707197));
#7640=DIRECTION('ref_axis',(0.810875595707197,1.58598943412517E-16,-0.585218564543623));
#7641=DIRECTION('',(-0.810875595707197,-7.19868579291321E-17,0.585218564543623));
#7642=DIRECTION('center_axis',(-0.999626420643906,-5.46426512751014E-18,
0.0273316510780597));
#7643=DIRECTION('ref_axis',(0.0273316510780597,-1.92502389071026E-16,0.999626420643906));
#7644=DIRECTION('',(-0.0273316510780597,2.01366967117653E-16,-0.999626420643906));
#7645=DIRECTION('',(0.,1.,1.99924443346071E-16));
#7646=DIRECTION('center_axis',(0.660747333629946,-1.500649653357E-16,0.750608393971795));
#7647=DIRECTION('ref_axis',(0.750608393971795,1.69912979766939E-16,-0.660747333629946));
#7648=DIRECTION('',(-0.750608393971795,-9.04324067951478E-17,0.660747333629946));
#7649=DIRECTION('center_axis',(-0.992321914555849,-2.47270394584164E-17,
0.123681922253067));
#7650=DIRECTION('ref_axis',(0.123681922253067,-1.85736127602685E-16,0.99232191455585));
#7651=DIRECTION('',(-0.123681922253067,2.05255132278448E-16,-0.99232191455585));
#7652=DIRECTION('',(0.,1.,1.99924443346071E-16));
#7653=DIRECTION('center_axis',(0.730106882890748,-1.36614962428196E-16,
0.683332963902339));
#7654=DIRECTION('ref_axis',(0.683332963902339,1.79640584409821E-16,-0.730106882890748));
#7655=DIRECTION('',(-0.683332963902339,-1.08033612644582E-16,0.730106882890748));
#7656=DIRECTION('center_axis',(-0.975752366118122,-4.37589440842614E-17,
0.218877408644396));
#7657=DIRECTION('ref_axis',(0.218877408644396,-1.77235697954778E-16,0.975752366118122));
#7658=DIRECTION('',(-0.218877408644396,2.07226885572142E-16,-0.975752366118122));
#7659=DIRECTION('',(0.,1.,1.99924443346071E-16));
#7660=DIRECTION('center_axis',(0.792649620902611,-1.21889422425385E-16,
0.609677438062905));
#7661=DIRECTION('ref_axis',(0.609677438062905,1.87690933317589E-16,-0.792649620902611));
#7662=DIRECTION('',(-0.609677438062905,-1.24626137760833E-16,0.792649620902611));
#7663=DIRECTION('center_axis',(-0.950072480740071,-6.23822832393948E-17,
0.312029295644507));
#7664=DIRECTION('ref_axis',(0.312029295644507,-1.67080466348619E-16,0.950072480740071));
#7665=DIRECTION('',(-0.312029295644507,2.07263817269485E-16,-0.950072480740071));
#7666=DIRECTION('',(0.,1.,1.99924443346071E-16));
#7667=DIRECTION('center_axis',(0.847791602971907,-1.06025833726696E-16,
0.530329518252872));
#7668=DIRECTION('ref_axis',(0.530329518252872,1.93988862551535E-16,-0.847791602971908));
#7669=DIRECTION('',(-0.530329518252872,-1.40055062207497E-16,0.847791602971908));
#7670=DIRECTION('center_axis',(-0.91552202459242,-8.04231758239027E-17,
0.402267849182851));
#7671=DIRECTION('ref_axis',(0.402267849182851,-1.55365249445542E-16,0.91552202459242));
#7672=DIRECTION('',(-0.402267849182851,2.0536558254917E-16,-0.91552202459242));
#7673=DIRECTION('',(0.,1.,1.99924443346071E-16));
#7674=DIRECTION('center_axis',(0.895017983269221,-8.91723103856054E-17,
0.446030054620421));
#7675=DIRECTION('ref_axis',(0.446030054620421,1.98475570043281E-16,-0.895017983269221));
#7676=DIRECTION('',(-0.446030054620421,-1.54176330274102E-16,0.895017983269221));
#7677=DIRECTION('center_axis',(-0.872423585975096,-9.77131788845858E-17,
0.488750536198534));
#7678=DIRECTION('ref_axis',(0.488750536198534,-1.42199429069273E-16,0.872423585975096));
#7679=DIRECTION('',(-0.488750536198534,2.01549904717329E-16,-0.872423585975096));
#7680=DIRECTION('',(0.,1.,1.99924443346071E-16));
#7681=DIRECTION('center_axis',(0.933887821806195,-7.14862092086071E-17,
0.357566128544191));
#7682=DIRECTION('ref_axis',(0.357566128544191,2.01109164613858E-16,-0.933887821806195));
#7683=DIRECTION('',(-0.357566128544191,-1.66858095485486E-16,0.933887821806195));
#7684=DIRECTION('center_axis',(-0.821179563397277,-1.14090860321389E-16,
0.57066989114431));
#7685=DIRECTION('ref_axis',(0.57066989114431,-1.27705930937343E-16,0.821179563397277));
#7686=DIRECTION('',(-0.57066989114431,1.95852409729807E-16,-0.821179563397277));
#7687=DIRECTION('',(0.,1.,1.99924443346071E-16));
#7688=DIRECTION('center_axis',(0.964038201373263,-5.31326605571613E-17,
0.265763703866806));
#7689=DIRECTION('ref_axis',(0.265763703866806,2.01865057100342E-16,-0.964038201373263));
#7690=DIRECTION('',(-0.265763703866806,-1.77981951616768E-16,0.964038201373263));
#7691=DIRECTION('center_axis',(-0.762268408490709,-1.29403306135497E-16,
0.647261055075185));
#7692=DIRECTION('ref_axis',(0.647261055075185,-1.12020076936718E-16,0.762268408490709));
#7693=DIRECTION('',(-0.647261055075185,1.88326293562183E-16,-0.762268408490709));
#7694=DIRECTION('',(0.,1.,1.99924443346071E-16));
#7695=DIRECTION('center_axis',(0.985187616000065,-3.42830265698869E-17,
0.171479915092436));
#7696=DIRECTION('ref_axis',(0.171479915092436,2.00736189938252E-16,-0.985187616000065));
#7697=DIRECTION('',(-0.171479915092436,-1.87444038220436E-16,0.985187616000065));
#7698=DIRECTION('center_axis',(-0.696240158836114,-1.43507548146027E-16,
0.717808916929751));
#7699=DIRECTION('ref_axis',(0.717808916929751,-9.52883216599059E-17,0.696240158836114));
#7700=DIRECTION('',(-0.717808916929751,1.79041825533323E-16,-0.696240158836114));
#7701=DIRECTION('',(0.,1.,1.99924443346071E-16));
#7702=DIRECTION('center_axis',(0.997138599300586,-1.51133012005915E-17,
0.0755950645536137));
#7703=DIRECTION('ref_axis',(0.0755950645536137,1.97733103056124E-16,-0.997138599300586));
#7704=DIRECTION('',(-0.0755950645536137,-1.95156010343278E-16,0.997138599300586));
#7705=DIRECTION('center_axis',(-0.623711302410151,-1.56271898845515E-16,
0.781654790329998));
#7706=DIRECTION('ref_axis',(0.781654790329998,-7.76668849977955E-17,0.623711302410151));
#7707=DIRECTION('',(-0.781654790329998,1.68085692219648E-16,-0.623711302410151));
#7708=DIRECTION('',(0.,1.,1.99924443346071E-16));
#7709=DIRECTION('center_axis',(0.999779568163773,4.19753298996388E-18,-0.0209955967350021));
#7710=DIRECTION('ref_axis',(-0.0209955967350021,1.92883835467037E-16,-0.999779568163773));
#7711=DIRECTION('',(0.0209955967350021,-2.01045863379465E-16,0.999779568163773));
#7712=DIRECTION('center_axis',(-0.545359021603388,-1.67577180930654E-16,
0.838202563558353));
#7713=DIRECTION('ref_axis',(0.838202563558353,-5.93202935566521E-17,0.545359021603388));
#7714=DIRECTION('',(-0.838202563558353,1.55560188085931E-16,-0.545359021603388));
#7715=DIRECTION('',(0.,1.,1.99924443346071E-16));
#7716=DIRECTION('center_axis',(0.993085864574915,2.34691759459561E-17,-0.117390227793861));
#7717=DIRECTION('ref_axis',(-0.117390227793861,1.86233663475906E-16,-0.993085864574915));
#7718=DIRECTION('',(0.117390227793861,-2.05058605358128E-16,0.993085864574915));
#7719=DIRECTION('center_axis',(-0.461914870550895,-1.77317840028648E-16,
0.886924265292111));
#7720=DIRECTION('ref_axis',(0.88692426529211,-4.04198445175538E-17,0.461914870550895));
#7721=DIRECTION('',(-0.88692426529211,1.41582260389463E-16,-0.461914870550895));
#7722=DIRECTION('',(0.,1.,1.99924443346071E-16));
#7723=DIRECTION('center_axis',(0.977119985840901,4.25216935295632E-17,-0.212688817924868));
#7724=DIRECTION('ref_axis',(-0.212688817924868,1.77844677946823E-16,-0.977119985840901));
#7725=DIRECTION('',(0.212688817924868,-2.07156770388588E-16,0.977119985840901));
#7726=DIRECTION('center_axis',(-0.374157944808216,-1.85402930229982E-16,
0.927364994129546));
#7727=DIRECTION('ref_axis',(0.927364994129546,-2.11420062807231E-17,0.374157944808216));
#7728=DIRECTION('',(-0.927364994129546,1.26282417274992E-16,-0.374157944808216));
#7729=DIRECTION('',(0.,1.,1.99924443346071E-16));
#7730=DIRECTION('center_axis',(0.952031001069729,6.1177197517512E-17,-0.306001589868697));
#7731=DIRECTION('ref_axis',(-0.306001589868697,1.67795204577393E-16,-0.952031001069729));
#7732=DIRECTION('',(0.306001589868697,-2.07320768469275E-16,0.952031001069729));
#7733=DIRECTION('center_axis',(-0.282907607146273,-1.91756963225847E-16,
0.959147165881634));
#7734=DIRECTION('ref_axis',(0.959147165881634,-1.6667708276638E-18,0.282907607146273));
#7735=DIRECTION('',(-0.959147165881634,1.09803509255375E-16,-0.282907607146273));
#7736=DIRECTION('',(0.,1.,1.99924443346071E-16));
#7737=DIRECTION('center_axis',(0.918053159352298,7.92615064955552E-17,-0.396457307415646));
#7738=DIRECTION('ref_axis',(-0.396457307415646,1.56179072592765E-16,-0.918053159352298));
#7739=DIRECTION('',(0.396457307415646,-2.05549068394297E-16,0.918053159352298));
#7740=DIRECTION('center_axis',(-0.189015837381668,-1.9632061312217E-16,
0.981974038973998));
#7741=DIRECTION('ref_axis',(0.981974038973998,1.78240268155334E-17,0.189015837381668));
#7742=DIRECTION('',(-0.981974038973998,9.22993954547762E-17,-0.189015837381668));
#7743=DIRECTION('',(0.,1.,1.99924443346071E-16));
#7744=DIRECTION('center_axis',(0.875503702641946,9.66057721432858E-17,-0.483211409902792));
#7745=DIRECTION('ref_axis',(-0.483211409902791,1.43104738687502E-16,-0.875503702641946));
#7746=DIRECTION('',(0.483211409902791,-2.01858212049898E-16,0.875503702641946));
#7747=DIRECTION('center_axis',(-0.0933592776709456,-1.99051270349473E-16,
0.99563248504293));
#7748=DIRECTION('ref_axis',(0.99563248504293,3.71484063227807E-17,0.0933592776709456));
#7749=DIRECTION('',(-0.99563248504293,7.39335070675262E-17,-0.0933592776709456));
#7750=DIRECTION('',(0.,1.,1.99924443346071E-16));
#7751=DIRECTION('center_axis',(0.824779903751566,1.13048055725539E-16,-0.565453897649983));
#7752=DIRECTION('ref_axis',(-0.565453897649983,1.28694274394563E-16,-0.824779903751566));
#7753=DIRECTION('',(0.565453897649983,-1.9628265996731E-16,0.824779903751566));
#7754=DIRECTION('center_axis',(0.00316895246104741,-1.99923439496961E-16,
0.999994978857544));
#7755=DIRECTION('ref_axis',(0.999994978857544,5.61259411692724E-17,-0.00316895246104741));
#7756=DIRECTION('',(-0.999994978857544,5.48773214450945E-17,0.00316895246104741));
#7757=DIRECTION('',(0.,1.,1.99924443346071E-16));
#7758=DIRECTION('center_axis',(0.766355357124781,1.2843484007059E-16,-0.642416894707906));
#7759=DIRECTION('ref_axis',(-0.642416894707906,1.13082226336412E-16,-0.766355357124781));
#7760=DIRECTION('',(0.642416894707906,-1.88874469574097E-16,0.766355357124781));
#7761=DIRECTION('center_axis',(0.0996675949376944,-1.98928977356298E-16,
0.99502078898852));
#7762=DIRECTION('ref_axis',(0.995020788988519,7.4579443225368E-17,-0.0996675949376944));
#7763=DIRECTION('',(-0.995020788988519,3.53087610582269E-17,0.0996675949376944));
#7764=DIRECTION('',(0.,1.,1.99924443346071E-16));
#7765=DIRECTION('center_axis',(0.70077555701164,1.42622462918799E-16,-0.713381818309821));
#7766=DIRECTION('ref_axis',(-0.713381818309821,9.64143599992822E-17,-0.70077555701164));
#7767=DIRECTION('',(0.713381818309821,-1.79702809147911E-16,0.70077555701164));
#7768=DIRECTION('center_axis',(0.195235667934523,-1.96077168952545E-16,
0.980756358106416));
#7769=DIRECTION('ref_axis',(0.980756358106416,9.23366171144304E-17,-0.195235667934523));
#7770=DIRECTION('',(-0.980756358106416,1.5410532282755E-17,0.195235667934523));
#7771=DIRECTION('',(0.,1.,1.99924443346071E-16));
#7772=DIRECTION('center_axis',(0.628652804336338,1.55478458258263E-16,-0.777686088084426));
#7773=DIRECTION('ref_axis',(-0.777686088084426,7.88462987602684E-17,-0.628652804336338));
#7774=DIRECTION('',(0.777686088084426,-1.68853312010989E-16,0.628652804336338));
#7775=DIRECTION('center_axis',(0.288980878103192,-1.91394640852392E-16,
0.957334869359049));
#7776=DIRECTION('ref_axis',(0.957334869359049,1.09231668888232E-16,-0.288980878103192));
#7777=DIRECTION('',(-0.957334869359049,-4.63158048049282E-18,0.288980878103192));
#7778=DIRECTION('',(0.,1.,1.99924443346071E-16));
#7779=DIRECTION('center_axis',(0.550660489808189,1.66882793124354E-16,-0.834729312390673));
#7780=DIRECTION('ref_axis',(-0.834729312390673,6.05420708737029E-17,-0.550660489808189));
#7781=DIRECTION('',(0.834729312390673,-1.5642727699486E-16,0.550660489808189));
#7782=DIRECTION('center_axis',(0.380027951674574,-1.84925112559077E-16,
0.924975002876309));
#7783=DIRECTION('ref_axis',(0.924975002876309,1.25106854000476E-16,-0.380027951674574));
#7784=DIRECTION('',(-0.924975002876309,-2.46304494246868E-17,0.380027951674574));
#7785=DIRECTION('center_axis',(0.467526806654156,-1.76728988315148E-16,
0.883978894012616));
#7786=DIRECTION('ref_axis',(0.883978894012616,1.39813950125128E-16,-0.467526806654156));
#7787=DIRECTION('',(-0.883978894012616,-4.4399350498924E-17,0.467526806654156));
#7788=DIRECTION('',(0.,1.,1.99924443346071E-16));
#7789=DIRECTION('center_axis',(0.380027951674536,1.8492511255908E-16,-0.924975002876325));
#7790=DIRECTION('ref_axis',(-0.924975002876325,2.24139994608684E-17,-0.380027951674536));
#7791=DIRECTION('',(0.924975002876325,-1.2732330396428E-16,0.380027951674536));
#7792=DIRECTION('',(3.76561380876847E-5,0.99999999917133,1.54711046102385E-5));
#7793=DIRECTION('center_axis',(5.55111512312578E-17,1.,1.99924443346071E-16));
#7794=DIRECTION('ref_axis',(3.23912791370046E-17,-1.99924443346071E-16,
1.));
#7795=DIRECTION('center_axis',(5.55111512312578E-17,1.,1.99924443346071E-16));
#7796=DIRECTION('ref_axis',(3.23912791370046E-17,-1.99924443346071E-16,
1.));
#7797=DIRECTION('',(-3.39821964735554E-5,-0.99999999917133,2.24176300982043E-5));
#7798=DIRECTION('center_axis',(0.550660489808279,-1.66882793124342E-16,
0.834729312390614));
#7799=DIRECTION('ref_axis',(0.834729312390614,1.53215641068282E-16,-0.550660489808279));
#7800=DIRECTION('',(-0.834729312390613,-6.37537068003158E-17,0.550660489808279));
#7801=DIRECTION('',(0.,1.,1.99924443346071E-16));
#7802=DIRECTION('center_axis',(0.28898087810309,1.91394640852398E-16,-0.95733486935908));
#7803=DIRECTION('ref_axis',(-0.95733486935908,2.94614746431747E-18,-0.28898087810309));
#7804=DIRECTION('',(0.95733486935908,-1.10917101904367E-16,0.28898087810309));
#7805=DIRECTION('',(3.89735224369563E-5,0.99999999917133,1.17645382814563E-5));
#7806=DIRECTION('center_axis',(5.55111512312578E-17,1.,1.99924443346071E-16));
#7807=DIRECTION('ref_axis',(3.23912791370046E-17,-1.99924443346071E-16,
1.));
#7808=DIRECTION('center_axis',(5.55111512312578E-17,1.,1.99924443346071E-16));
#7809=DIRECTION('ref_axis',(3.23912791370046E-17,-1.99924443346071E-16,
1.));
#7810=DIRECTION('',(-3.16599417767348E-5,-0.99999999917133,2.55927314516682E-5));
#7811=DIRECTION('center_axis',(0.628652804336352,-1.5547845825826E-16,0.777686088084415));
#7812=DIRECTION('ref_axis',(0.777686088084415,1.6518679885247E-16,-0.628652804336352));
#7813=DIRECTION('',(-0.777686088084415,-8.25128119187924E-17,0.628652804336352));
#7814=DIRECTION('',(0.,1.,1.99924443346071E-16));
#7815=DIRECTION('center_axis',(0.195235667934523,1.96077168952545E-16,-0.980756358106416));
#7816=DIRECTION('ref_axis',(-0.980756358106416,-1.65492119172954E-17,-0.195235667934523));
#7817=DIRECTION('',(0.980756358106416,-9.34752967489709E-17,0.195235667934523));
#7818=DIRECTION('',(3.99270215224529E-5,0.99999999917133,7.94812965262798E-6));
#7819=DIRECTION('center_axis',(5.55111512312578E-17,1.,1.99924443346071E-16));
#7820=DIRECTION('ref_axis',(3.23912791370046E-17,-1.99924443346071E-16,
1.));
#7821=DIRECTION('center_axis',(5.55111512312578E-17,1.,1.99924443346071E-16));
#7822=DIRECTION('ref_axis',(3.23912791370046E-17,-1.99924443346071E-16,
1.));
#7823=DIRECTION('',(-2.90420867203861E-5,-0.99999999917133,2.85288803442693E-5));
#7824=DIRECTION('center_axis',(0.700775557011639,-1.42622462918799E-16,
0.713381818309822));
#7825=DIRECTION('ref_axis',(0.713381818309822,1.75615652002934E-16,-0.700775557011639));
#7826=DIRECTION('',(-0.713381818309822,-1.00501517144259E-16,0.700775557011639));
#7827=DIRECTION('',(0.,1.,1.99924443346071E-16));
#7828=DIRECTION('center_axis',(0.0996675949376999,1.98928977356298E-16,
-0.995020788988519));
#7829=DIRECTION('ref_axis',(-0.995020788988519,-3.58900557662053E-17,-0.0996675949376999));
#7830=DIRECTION('',(0.995020788988519,-7.51607379333485E-17,0.0996675949376999));
#7831=DIRECTION('',(4.05077328005569E-5,0.99999999917133,4.05751149313684E-6));
#7832=DIRECTION('center_axis',(5.55111512312578E-17,1.,1.99924443346071E-16));
#7833=DIRECTION('ref_axis',(3.23912791370046E-17,-1.99924443346071E-16,
1.));
#7834=DIRECTION('center_axis',(5.55111512312578E-17,1.,1.99924443346071E-16));
#7835=DIRECTION('ref_axis',(3.23912791370046E-17,-1.99924443346071E-16,
1.));
#7836=DIRECTION('',(-2.61530735813243E-5,-0.99999999917133,3.11986627247768E-5));
#7837=DIRECTION('center_axis',(0.766355357124754,-1.28434840070596E-16,
0.642416894707939));
#7838=DIRECTION('ref_axis',(0.642416894707939,1.84404829127699E-16,-0.766355357124754));
#7839=DIRECTION('',(-0.642416894707939,-1.17551866782799E-16,0.766355357124754));
#7840=DIRECTION('',(0.,1.,1.99924443346071E-16));
#7841=DIRECTION('center_axis',(0.00316895246104732,1.99923439496961E-16,
-0.999994978857544));
#7842=DIRECTION('ref_axis',(-0.999994978857544,-5.48958038344468E-17,-0.00316895246104732));
#7843=DIRECTION('',(0.999994978857544,-5.61444235586246E-17,0.00316895246104732));
#7844=DIRECTION('',(4.07102342169622E-5,0.99999999917133,1.2900943909023E-7));
#7845=DIRECTION('center_axis',(5.55111512312578E-17,1.,1.99924443346071E-16));
#7846=DIRECTION('ref_axis',(3.23912791370046E-17,-1.99924443346071E-16,
1.));
#7847=DIRECTION('center_axis',(5.55111512312578E-17,1.,1.99924443346071E-16));
#7848=DIRECTION('ref_axis',(3.23912791370046E-17,-1.99924443346071E-16,
1.));
#7849=DIRECTION('',(-2.30198762052392E-5,-0.99999999917133,3.35771516950337E-5));
#7850=DIRECTION('center_axis',(0.82477990375161,-1.13048055725526E-16,0.565453897649919));
#7851=DIRECTION('ref_axis',(0.565453897649919,1.91472268048073E-16,-0.82477990375161));
#7852=DIRECTION('',(-0.565453897649919,-1.33504666313818E-16,0.82477990375161));
#7853=DIRECTION('',(0.,1.,1.99924443346071E-16));
#7854=DIRECTION('center_axis',(-0.0933592776710031,1.99051270349472E-16,
-0.995632485042924));
#7855=DIRECTION('ref_axis',(-0.995632485042924,-7.33890045731723E-17,0.0933592776710031));
#7856=DIRECTION('',(0.995632485042924,-3.66039038284042E-17,-0.0933592776710031));
#7857=DIRECTION('',(4.05326352099132E-5,0.99999999917133,-3.80069716092354E-6));
#7858=DIRECTION('center_axis',(5.55111512312578E-17,1.,1.99924443346071E-16));
#7859=DIRECTION('ref_axis',(3.23912791370046E-17,-1.99924443346071E-16,
1.));
#7860=DIRECTION('center_axis',(5.55111512312578E-17,1.,1.99924443346071E-16));
#7861=DIRECTION('ref_axis',(3.23912791370046E-17,-1.99924443346071E-16,
1.));
#7862=DIRECTION('',(-1.9671748448908E-5,-0.99999999917133,3.56421397830194E-5));
#7863=DIRECTION('center_axis',(0.875503702641947,-9.66057721432854E-17,
0.483211409902789));
#7864=DIRECTION('ref_axis',(0.483211409902789,1.96751981991068E-16,-0.875503702641947));
#7865=DIRECTION('',(-0.483211409902789,-1.48210968746332E-16,0.875503702641947));
#7866=DIRECTION('',(0.,1.,1.99924443346071E-16));
#7867=DIRECTION('center_axis',(-0.189015837381722,1.96320613122168E-16,
-0.981974038973988));
#7868=DIRECTION('ref_axis',(-0.981974038973987,-9.11969919497856E-17,0.189015837381722));
#7869=DIRECTION('',(0.981974038973987,-1.67216233105218E-17,-0.189015837381722));
#7870=DIRECTION('',(3.99765938704801E-5,0.99999999917133,-7.69491766086008E-6));
#7871=DIRECTION('center_axis',(5.55111512312578E-17,1.,1.99924443346071E-16));
#7872=DIRECTION('ref_axis',(3.23912791370046E-17,-1.99924443346071E-16,
1.));
#7873=DIRECTION('center_axis',(5.55111512312578E-17,1.,1.99924443346071E-16));
#7874=DIRECTION('ref_axis',(3.23912791370046E-17,-1.99924443346071E-16,
1.));
#7875=DIRECTION('',(-1.61399508838634E-5,-0.99999999917133,3.73743467765174E-5));
#7876=DIRECTION('center_axis',(0.918053159352298,-7.92615064955552E-17,
0.396457307415646));
#7877=DIRECTION('ref_axis',(0.396457307415646,2.0019467569014E-16,-0.918053159352298));
#7878=DIRECTION('',(-0.396457307415646,-1.61533465296923E-16,0.918053159352298));
#7879=DIRECTION('',(0.,1.,1.99924443346071E-16));
#7880=DIRECTION('center_axis',(-0.282907607146222,1.9175696322585E-16,-0.959147165881649));
#7881=DIRECTION('ref_axis',(-0.959147165881649,-1.0815349758423E-16,0.282907607146222));
#7882=DIRECTION('',(0.959147165881649,3.31678249878887E-18,-0.282907607146222));
#7883=DIRECTION('',(3.90473018573264E-5,0.99999999917133,-1.15172928286785E-5));
#7884=DIRECTION('center_axis',(5.55111512312578E-17,1.,1.99924443346071E-16));
#7885=DIRECTION('ref_axis',(3.23912791370046E-17,-1.99924443346071E-16,
1.));
#7886=DIRECTION('center_axis',(5.55111512312578E-17,1.,1.99924443346071E-16));
#7887=DIRECTION('ref_axis',(3.23912791370046E-17,-1.99924443346071E-16,
1.));
#7888=DIRECTION('',(-1.24574589564238E-5,-0.99999999917133,3.8757599593108E-5));
#7889=DIRECTION('center_axis',(0.952031001069729,-6.1177197517512E-17,0.306001589868697));
#7890=DIRECTION('ref_axis',(0.306001589868697,2.01768205641806E-16,-0.952031001069729));
#7891=DIRECTION('',(-0.306001589868697,-1.73347767404862E-16,0.952031001069729));
#7892=DIRECTION('',(0.,1.,1.99924443346071E-16));
#7893=DIRECTION('center_axis',(-0.374157944808263,1.85402930229978E-16,
-0.927364994129527));
#7894=DIRECTION('ref_axis',(-0.927364994129526,-1.24100203152131E-16,0.374157944808263));
#7895=DIRECTION('',(0.927364994129526,2.33242204036034E-17,-0.374157944808263));
#7896=DIRECTION('',(3.77534356990738E-5,0.99999999917133,-1.52321340664588E-5));
#7897=DIRECTION('center_axis',(5.55111512312578E-17,1.,1.99924443346071E-16));
#7898=DIRECTION('ref_axis',(3.23912791370046E-17,-1.99924443346071E-16,
1.));
#7899=DIRECTION('center_axis',(5.55111512312578E-17,1.,1.99924443346071E-16));
#7900=DIRECTION('ref_axis',(3.23912791370046E-17,-1.99924443346071E-16,
1.));
#7901=DIRECTION('',(-8.65865509084283E-6,-0.99999999917133,3.97789831983725E-5));
#7902=DIRECTION('center_axis',(0.977119985840909,-4.25216935295556E-17,
0.21268881792483));
#7903=DIRECTION('ref_axis',(0.21268881792483,2.01457880220872E-16,-0.977119985840909));
#7904=DIRECTION('',(-0.21268881792483,-1.83543568114542E-16,0.977119985840909));
#7905=DIRECTION('',(0.,1.,1.99924443346071E-16));
#7906=DIRECTION('center_axis',(-0.461914870550884,1.77317840028649E-16,
-0.886924265292116));
#7907=DIRECTION('ref_axis',(-0.886924265292116,-1.38888218560157E-16,0.461914870550884));
#7908=DIRECTION('',(0.886924265292116,4.3113886346855E-17,-0.461914870550884));
#7909=DIRECTION('',(3.61070759005637E-5,0.99999999917133,-1.88047569653228E-5));
#7910=DIRECTION('center_axis',(5.55111512312578E-17,1.,1.99924443346071E-16));
#7911=DIRECTION('ref_axis',(3.23912791370046E-17,-1.99924443346071E-16,
1.));
#7912=DIRECTION('center_axis',(5.55111512312578E-17,1.,1.99924443346071E-16));
#7913=DIRECTION('ref_axis',(3.23912791370046E-17,-1.99924443346071E-16,
1.));
#7914=DIRECTION('',(-4.77900765052106E-6,-0.99999999917133,4.0428961090133E-5));
#7915=DIRECTION('center_axis',(0.993085864574924,-2.34691759459397E-17,
0.117390227793779));
#7916=DIRECTION('ref_axis',(0.117390227793779,1.99266596852177E-16,-0.993085864574924));
#7917=DIRECTION('',(-0.117390227793779,-1.92025671981861E-16,0.993085864574924));
#7918=DIRECTION('',(0.,1.,1.99924443346071E-16));
#7919=DIRECTION('center_axis',(-0.545359021603401,1.67577180930652E-16,
-0.838202563558345));
#7920=DIRECTION('ref_axis',(-0.838202563558345,-1.52379472092886E-16,0.545359021603401));
#7921=DIRECTION('',(0.838202563558345,6.25010095497026E-17,-0.545359021603401));
#7922=DIRECTION('',(3.41235940177026E-5,0.99999999917133,-2.22018049791981E-5));
#7923=DIRECTION('center_axis',(5.55111512312578E-17,1.,1.99924443346071E-16));
#7924=DIRECTION('ref_axis',(3.23912791370046E-17,-1.99924443346071E-16,
1.));
#7925=DIRECTION('center_axis',(5.55111512312578E-17,1.,1.99924443346071E-16));
#7926=DIRECTION('ref_axis',(3.23912791370046E-17,-1.99924443346071E-16,
1.));
#7927=DIRECTION('',(-8.54739935717204E-7,-0.99999999917133,4.07014647558598E-5));
#7928=DIRECTION('center_axis',(0.999779568163774,-4.19753298995834E-18,
0.0209955967349744));
#7929=DIRECTION('ref_axis',(0.0209955967349744,1.9521481495813E-16,-0.999779568163774));
#7930=DIRECTION('',(-0.0209955967349744,-1.98714883888372E-16,0.999779568163774));
#7931=DIRECTION('',(0.,1.,1.99924443346071E-16));
#7932=DIRECTION('center_axis',(-0.623711302410131,1.56271898845518E-16,
-0.781654790330014));
#7933=DIRECTION('ref_axis',(-0.781654790330014,-1.64447999551084E-16,0.623711302410131));
#7934=DIRECTION('',(0.781654790330014,8.1304577666352E-17,-0.623711302410131));
#7935=DIRECTION('',(3.18215093806862E-5,0.99999999917133,-2.53915607141983E-5));
#7936=DIRECTION('center_axis',(5.55111512312578E-17,1.,1.99924443346071E-16));
#7937=DIRECTION('ref_axis',(3.23912791370046E-17,-1.99924443346071E-16,
1.));
#7938=DIRECTION('center_axis',(5.55111512312578E-17,1.,1.99924443346071E-16));
#7939=DIRECTION('ref_axis',(3.23912791370046E-17,-1.99924443346071E-16,
1.));
#7940=DIRECTION('',(3.07750821313956E-6,-0.99999999917133,4.05939497317686E-5));
#7941=DIRECTION('center_axis',(0.997138599300587,1.51133012005907E-17,-0.0755950645536095));
#7942=DIRECTION('ref_axis',(-0.0755950645536095,1.8934036493458E-16,-0.997138599300587));
#7943=DIRECTION('',(0.0755950645536095,-2.03548748464823E-16,0.997138599300587));
#7944=DIRECTION('',(0.,1.,1.99924443346071E-16));
#7945=DIRECTION('center_axis',(-0.696240158836086,1.43507548146032E-16,
-0.717808916929778));
#7946=DIRECTION('ref_axis',(-0.717808916929778,-1.74981120345568E-16,0.696240158836086));
#7947=DIRECTION('',(0.717808916929778,9.93490268476505E-17,-0.696240158836086));
#7948=DIRECTION('',(2.922231586085E-5,0.99999999917133,-2.83442422974569E-5));
#7949=DIRECTION('center_axis',(5.55111512312578E-17,1.,1.99924443346071E-16));
#7950=DIRECTION('ref_axis',(3.23912791370046E-17,-1.99924443346071E-16,
1.));
#7951=DIRECTION('center_axis',(5.55111512312578E-17,1.,1.99924443346071E-16));
#7952=DIRECTION('ref_axis',(3.23912791370046E-17,-1.99924443346071E-16,
1.));
#7953=DIRECTION('',(6.98102255050837E-6,-0.99999999917133,4.01074199763409E-5));
#7954=DIRECTION('center_axis',(0.985187616000066,3.4283026569885E-17,-0.171479915092427));
#7955=DIRECTION('ref_axis',(-0.171479915092427,1.81698094938614E-16,-0.985187616000066));
#7956=DIRECTION('',(0.171479915092427,-2.06482133220075E-16,0.985187616000066));
#7957=DIRECTION('',(0.,1.,1.99924443346071E-16));
#7958=DIRECTION('center_axis',(-0.76226840849076,1.29403306135485E-16,-0.647261055075125));
#7959=DIRECTION('ref_axis',(-0.647261055075125,-1.83880489565488E-16,0.76226840849076));
#7960=DIRECTION('',(0.647261055075125,1.16465880933432E-16,-0.76226840849076));
#7961=DIRECTION('',(2.63502814478696E-5,0.99999999917133,-3.10322812681973E-5));
#7962=DIRECTION('center_axis',(5.55111512312578E-17,1.,1.99924443346071E-16));
#7963=DIRECTION('ref_axis',(3.23912791370046E-17,-1.99924443346071E-16,
1.));
#7964=DIRECTION('center_axis',(5.55111512312578E-17,1.,1.99924443346071E-16));
#7965=DIRECTION('ref_axis',(3.23912791370046E-17,-1.99924443346071E-16,
1.));
#7966=DIRECTION('',(1.08193569560417E-5,-0.99999999917133,3.92464180550414E-5));
#7967=DIRECTION('center_axis',(0.964038201373263,5.31326605571613E-17,-0.265763703866806));
#7968=DIRECTION('ref_axis',(-0.265763703866806,1.72359358786083E-16,-0.964038201373263));
#7969=DIRECTION('',(0.265763703866806,-2.07487649931027E-16,0.964038201373263));
#7970=DIRECTION('',(0.,1.,1.99924443346071E-16));
#7971=DIRECTION('center_axis',(-0.821179563397277,1.14090860321389E-16,
-0.57066989114431));
#7972=DIRECTION('ref_axis',(-0.57066989114431,-1.91063016198217E-16,0.821179563397277));
#7973=DIRECTION('',(0.57066989114431,1.32495324468933E-16,-0.821179563397277));
#7974=DIRECTION('',(2.32322216089576E-5,0.99999999917133,-3.34305802453683E-5));
#7975=DIRECTION('center_axis',(5.55111512312578E-17,1.,1.99924443346071E-16));
#7976=DIRECTION('ref_axis',(3.23912791370046E-17,-1.99924443346071E-16,
1.));
#7977=DIRECTION('center_axis',(5.55111512312578E-17,1.,1.99924443346071E-16));
#7978=DIRECTION('ref_axis',(3.23912791370046E-17,-1.99924443346071E-16,
1.));
#7979=DIRECTION('',(1.45566739557218E-5,-0.99999999917133,3.80189828489662E-5));
#7980=DIRECTION('center_axis',(0.933887821806176,7.14862092086167E-17,-0.357566128544239));
#7981=DIRECTION('ref_axis',(-0.357566128544239,1.61411349740268E-16,-0.933887821806176));
#7982=DIRECTION('',(0.357566128544239,-2.06555910359069E-16,0.933887821806176));
#7983=DIRECTION('',(0.,1.,1.99924443346071E-16));
#7984=DIRECTION('center_axis',(-0.872423585975106,9.7713178884582E-17,-0.488750536198516));
#7985=DIRECTION('ref_axis',(-0.488750536198516,-1.96461638927825E-16,0.872423585975106));
#7986=DIRECTION('',(0.488750536198516,1.47287694858782E-16,-0.872423585975106));
#7987=DIRECTION('',(1.98972487027239E-5,0.99999999917133,-3.55167468805033E-5));
#7988=DIRECTION('center_axis',(5.55111512312578E-17,1.,1.99924443346071E-16));
#7989=DIRECTION('ref_axis',(3.23912791370046E-17,-1.99924443346071E-16,
1.));
#7990=DIRECTION('center_axis',(5.55111512312578E-17,1.,1.99924443346071E-16));
#7991=DIRECTION('ref_axis',(3.23912791370046E-17,-1.99924443346071E-16,
1.));
#7992=DIRECTION('',(1.81580791660857E-5,-0.99999999917133,3.64365746886106E-5));
#7993=DIRECTION('center_axis',(0.895017983269233,8.91723103856009E-17,-0.446030054620399));
#7994=DIRECTION('ref_axis',(-0.446030054620399,1.48956286411844E-16,-0.895017983269233));
#7995=DIRECTION('',(0.446030054620399,-2.03695613905544E-16,0.895017983269233));
#7996=DIRECTION('',(0.,1.,1.99924443346071E-16));
#7997=DIRECTION('center_axis',(-0.91552202459242,8.04231758239027E-17,-0.402267849182851));
#7998=DIRECTION('ref_axis',(-0.402267849182851,-2.00025952268466E-16,0.91552202459242));
#7999=DIRECTION('',(0.402267849182851,1.60704879726246E-16,-0.91552202459242));
#8000=DIRECTION('',(1.63765005932009E-5,0.99999999917133,-3.72713032064981E-5));
#8001=DIRECTION('center_axis',(5.55111512312578E-17,1.,1.99924443346071E-16));
#8002=DIRECTION('ref_axis',(3.23912791370046E-17,-1.99924443346071E-16,
1.));
#8003=DIRECTION('center_axis',(5.55111512312578E-17,1.,1.99924443346071E-16));
#8004=DIRECTION('ref_axis',(3.23912791370046E-17,-1.99924443346071E-16,
1.));
#8005=DIRECTION('',(2.15899473065296E-5,-0.99999999917133,3.45139679786305E-5));
#8006=DIRECTION('center_axis',(0.847791602971892,1.06025833726701E-16,-0.530329518252897));
#8007=DIRECTION('ref_axis',(-0.530329518252897,1.3511045837126E-16,-0.847791602971892));
#8008=DIRECTION('',(0.530329518252897,-1.98933466387766E-16,0.847791602971892));
#8009=DIRECTION('',(0.,1.,1.99924443346071E-16));
#8010=DIRECTION('center_axis',(-0.950072480740082,6.23822832393881E-17,
-0.312029295644474));
#8011=DIRECTION('ref_axis',(-0.312029295644474,-2.0172267718683E-16,0.950072480740082));
#8012=DIRECTION('',(0.312029295644474,1.72621606431279E-16,-0.950072480740082));
#8013=DIRECTION('',(1.2702849501554E-5,0.99999999917133,-3.86778674179617E-5));
#8014=DIRECTION('center_axis',(5.55111512312578E-17,1.,1.99924443346071E-16));
#8015=DIRECTION('ref_axis',(3.23912791370046E-17,-1.99924443346071E-16,
1.));
#8016=DIRECTION('center_axis',(5.55111512312578E-17,1.,1.99924443346071E-16));
#8017=DIRECTION('ref_axis',(3.23912791370046E-17,-1.99924443346071E-16,
1.));
#8018=DIRECTION('',(2.48202359260413E-5,-0.99999999917133,3.22691137838864E-5));
#8019=DIRECTION('center_axis',(0.792649620902638,1.21889422425378E-16,-0.60967743806287));
#8020=DIRECTION('ref_axis',(-0.60967743806287,1.20003140384405E-16,-0.792649620902638));
#8021=DIRECTION('',(0.60967743806287,-1.92313930694028E-16,0.792649620902638));
#8022=DIRECTION('',(0.,1.,1.99924443346071E-16));
#8023=DIRECTION('center_axis',(-0.975752366118113,4.37589440842696E-17,
-0.218877408644437));
#8024=DIRECTION('ref_axis',(-0.218877408644437,-2.01535971819508E-16,0.975752366118113));
#8025=DIRECTION('',(0.218877408644437,1.82926611707408E-16,-0.975752366118113));
#8026=DIRECTION('',(8.91059531143939E-6,0.99999999917133,-3.97233068315252E-5));
#8027=DIRECTION('center_axis',(5.55111512312578E-17,1.,1.99924443346071E-16));
#8028=DIRECTION('ref_axis',(3.23912791370046E-17,-1.99924443346071E-16,
1.));
#8029=DIRECTION('center_axis',(5.55111512312578E-17,1.,1.99924443346071E-16));
#8030=DIRECTION('ref_axis',(3.23912791370046E-17,-1.99924443346071E-16,
1.));
#8031=DIRECTION('',(2.78187846869752E-5,-0.99999999917133,2.97229715204042E-5));
#8032=DIRECTION('center_axis',(0.730106882890776,1.3661496242819E-16,-0.683332963902309));
#8033=DIRECTION('ref_axis',(-0.683332963902309,1.03775385408855E-16,-0.730106882890776));
#8034=DIRECTION('',(0.683332963902309,-1.83898811645558E-16,0.730106882890776));
#8035=DIRECTION('',(0.,1.,1.99924443346071E-16));
#8036=DIRECTION('center_axis',(-0.992321914555843,2.47270394584273E-17,
-0.123681922253121));
#8037=DIRECTION('ref_axis',(-0.123681922253121,-1.99467579384212E-16,0.992321914555843));
#8038=DIRECTION('',(0.123681922253121,1.91523680496919E-16,-0.992321914555843));
#8039=DIRECTION('',(5.03514530423923E-6,0.99999999917133,-4.0397860412188E-5));
#8040=DIRECTION('center_axis',(5.55111512312578E-17,1.,1.99924443346071E-16));
#8041=DIRECTION('ref_axis',(3.23912791370046E-17,-1.99924443346071E-16,
1.));
#8042=DIRECTION('center_axis',(5.55111512312578E-17,1.,1.99924443346071E-16));
#8043=DIRECTION('ref_axis',(3.23912791370046E-17,-1.99924443346071E-16,
1.));
#8044=DIRECTION('',(3.05575969286191E-5,-0.99999999917133,2.6899313802525E-5));
#8045=DIRECTION('center_axis',(0.660747333629946,1.500649653357E-16,-0.750608393971795));
#8046=DIRECTION('ref_axis',(-0.750608393971795,8.6578707620499E-17,-0.660747333629946));
#8047=DIRECTION('',(0.750608393971795,-1.73766678941588E-16,0.660747333629946));
#8048=DIRECTION('',(0.,1.,1.99924443346071E-16));
#8049=DIRECTION('center_axis',(-0.999626420643906,5.46426512751014E-18,
-0.0273316510780597));
#8050=DIRECTION('ref_axis',(-0.0273316510780597,-1.95536811903814E-16,0.999626420643906));
#8051=DIRECTION('',(0.0273316510780597,1.98332544284864E-16,-0.999626420643906));
#8052=DIRECTION('',(1.1126835026134E-6,0.99999999917133,-4.06952300422706E-5));
#8053=DIRECTION('center_axis',(5.55111512312578E-17,1.,1.99924443346071E-16));
#8054=DIRECTION('ref_axis',(3.23912791370046E-17,-1.99924443346071E-16,
1.));
#8055=DIRECTION('center_axis',(5.55111512312578E-17,1.,1.99924443346071E-16));
#8056=DIRECTION('ref_axis',(3.23912791370046E-17,-1.99924443346071E-16,
1.));
#8057=DIRECTION('',(3.30111011720122E-5,-0.99999999917133,2.38245044462468E-5));
#8058=DIRECTION('center_axis',(0.585218564543673,1.62113852094668E-16,-0.810875595707161));
#8059=DIRECTION('ref_axis',(-0.810875595707161,6.85736677664514E-17,-0.585218564543673));
#8060=DIRECTION('',(0.810875595707161,-1.62012133575217E-16,0.585218564543673));
#8061=DIRECTION('',(0.,1.,1.99924443346071E-16));
#8062=DIRECTION('center_axis',(-0.997597684177063,-1.38495275746375E-17,
0.0692738083590101));
#8063=DIRECTION('ref_axis',(0.0692738083590101,-1.89780369895189E-16,0.997597684177063));
#8064=DIRECTION('',(-0.0692738083590101,2.03289630544611E-16,-0.997597684177063));
#8065=DIRECTION('',(-2.82016713331868E-6,0.99999999917133,-4.06126392813611E-5));
#8066=DIRECTION('center_axis',(5.55111512312578E-17,1.,1.99924443346071E-16));
#8067=DIRECTION('ref_axis',(3.23912791370046E-17,-1.99924443346071E-16,
1.));
#8068=DIRECTION('center_axis',(5.55111512312578E-17,1.,1.99924443346071E-16));
#8069=DIRECTION('ref_axis',(3.23912791370046E-17,-1.99924443346071E-16,
1.));
#8070=DIRECTION('',(3.5156389634605E-5,-0.99999999917133,2.05272521319817E-5));
#8071=DIRECTION('center_axis',(0.50422576739874,1.7264912549583E-16,-0.863571870483952));
#8072=DIRECTION('ref_axis',(-0.863571870483952,4.99283740526228E-17,-0.50422576739874));
#8073=DIRECTION('',(0.863571870483952,-1.48744924569434E-16,0.50422576739874));
#8074=DIRECTION('',(0.,1.,1.99924443346071E-16));
#8075=DIRECTION('center_axis',(-0.986254646921081,-3.30340109693841E-17,
0.1652324769123));
#8076=DIRECTION('ref_axis',(0.1652324769123,-1.82251999706379E-16,0.986254646921081));
#8077=DIRECTION('',(-0.1652324769123,2.06348656297367E-16,-0.986254646921081));
#8078=DIRECTION('',(-6.72668662694513E-6,0.99999999917133,-4.01508593208209E-5));
#8079=DIRECTION('center_axis',(5.55111512312578E-17,1.,1.99924443346071E-16));
#8080=DIRECTION('ref_axis',(3.23912791370046E-17,-1.99924443346071E-16,
1.));
#8081=DIRECTION('center_axis',(5.55111512312578E-17,1.,1.99924443346071E-16));
#8082=DIRECTION('ref_axis',(3.23912791370046E-17,-1.99924443346071E-16,
1.));
#8083=DIRECTION('',(3.69734323549301E-5,-0.99999999917133,1.70383424605174E-5));
#8084=DIRECTION('center_axis',(0.418525150119905,1.81572420529996E-16,-0.908205207382732));
#8085=DIRECTION('ref_axis',(-0.908205207382732,3.08169125627492E-17,-0.418525150119905));
#8086=DIRECTION('',(0.908205207382732,-1.34088924280092E-16,0.418525150119905));
#8087=DIRECTION('',(0.,1.,1.99924443346071E-16));
#8088=DIRECTION('center_axis',(-0.965703215758632,-5.19100647042167E-17,
0.259648414348014));
#8089=DIRECTION('ref_axis',(0.259648414348014,-1.73021991701442E-16,0.965703215758631));
#8090=DIRECTION('',(-0.259648414348014,2.07481060243884E-16,-0.965703215758631));
#8091=DIRECTION('',(-1.05704008613071E-5,0.99999999917133,-3.93142015070424E-5));
#8092=DIRECTION('center_axis',(5.55111512312578E-17,1.,1.99924443346071E-16));
#8093=DIRECTION('ref_axis',(3.23912791370046E-17,-1.99924443346071E-16,
1.));
#8094=DIRECTION('center_axis',(5.55111512312578E-17,1.,1.99924443346071E-16));
#8095=DIRECTION('ref_axis',(3.23912791370046E-17,-1.99924443346071E-16,
1.));
#8096=DIRECTION('',(3.8445264111154E-5,-0.99999999917133,1.33903503125387E-5));
#8097=DIRECTION('center_axis',(0.328916876279779,1.88800422795699E-16,-0.944358876962753));
#8098=DIRECTION('ref_axis',(-0.944358876962754,1.14177218634258E-17,-0.328916876279779));
#8099=DIRECTION('',(0.944358876962754,-1.18180971833024E-16,0.328916876279779));
#8100=DIRECTION('',(0.,1.,1.99924443346071E-16));
#8101=DIRECTION('center_axis',(-0.936135273865149,-7.03014481513317E-17,
0.351640084497518));
#8102=DIRECTION('ref_axis',(0.351640084497518,-1.62176523978209E-16,0.93613527386515));
#8103=DIRECTION('',(-0.351640084497518,2.06676269433626E-16,-0.93613527386515));
#8104=DIRECTION('',(-1.43154220837667E-5,0.99999999917133,-3.81104776191984E-5));
#8105=DIRECTION('center_axis',(5.55111512312578E-17,1.,1.99924443346071E-16));
#8106=DIRECTION('ref_axis',(3.23912791370046E-17,-1.99924443346071E-16,
1.));
#8107=DIRECTION('center_axis',(5.55111512312578E-17,1.,1.99924443346071E-16));
#8108=DIRECTION('ref_axis',(3.23912791370046E-17,-1.99924443346071E-16,
1.));
#8109=DIRECTION('',(3.95581428160226E-5,-0.99999999917133,9.61733606892627E-6));
#8110=DIRECTION('center_axis',(0.236237594187657,1.94265646383256E-16,-0.971695322152179));
#8111=DIRECTION('ref_axis',(-0.971695322152179,-8.08807302859615E-18,-0.236237594187657));
#8112=DIRECTION('',(0.971695322152179,-1.01169595494078E-16,0.236237594187657));
#8113=DIRECTION('',(0.,1.,1.99924443346071E-16));
#8114=DIRECTION('center_axis',(-0.897826889147478,-8.80364459187438E-17,
0.440348585922292));
#8115=DIRECTION('ref_axis',(0.440348585922292,-1.49816857746673E-16,0.897826889147478));
#8116=DIRECTION('',(-0.440348585922292,2.03941797981547E-16,-0.897826889147478));
#8117=DIRECTION('',(-1.79267840913186E-5,0.99999999917133,-3.65509264522456E-5));
#8118=DIRECTION('center_axis',(5.55111512312578E-17,1.,1.99924443346071E-16));
#8119=DIRECTION('ref_axis',(3.23912791370046E-17,-1.99924443346071E-16,
1.));
#8120=DIRECTION('center_axis',(5.55111512312578E-17,1.,1.99924443346071E-16));
#8121=DIRECTION('ref_axis',(3.23912791370046E-17,-1.99924443346071E-16,
1.));
#8122=DIRECTION('',(4.03016777248726E-5,-0.99999999917133,5.75452740456651E-6));
#8123=DIRECTION('center_axis',(0.141352625329352,1.97917063972553E-16,-0.989959309927686));
#8124=DIRECTION('ref_axis',(-0.989959309927686,-2.75183517619622E-17,-0.141352625329352));
#8125=DIRECTION('',(0.989959309927686,-8.3213625900664E-17,0.141352625329352));
#8126=DIRECTION('',(0.,1.,1.99924443346071E-16));
#8127=DIRECTION('center_axis',(-0.851135736672107,-1.04949471110732E-16,
0.52494567124573));
#8128=DIRECTION('ref_axis',(0.52494567124573,-1.36058391880312E-16,0.851135736672107));
#8129=DIRECTION('',(-0.52494567124573,1.99303176910835E-16,-0.851135736672107));
#8130=DIRECTION('',(-2.13707685228608E-5,0.99999999917133,-3.46501092084106E-5));
#8131=DIRECTION('center_axis',(5.55111512312578E-17,1.,1.99924443346071E-16));
#8132=DIRECTION('ref_axis',(3.23912791370046E-17,-1.99924443346071E-16,
1.));
#8133=DIRECTION('center_axis',(5.55111512312578E-17,1.,1.99924443346071E-16));
#8134=DIRECTION('ref_axis',(3.23912791370046E-17,-1.99924443346071E-16,
1.));
#8135=DIRECTION('',(4.06689267979645E-5,-0.99999999917133,1.83799021288817E-6));
#8136=DIRECTION('center_axis',(0.0451478850938161,1.99720583261381E-16,
-0.998980314356372));
#8137=DIRECTION('ref_axis',(-0.998980314356372,-4.66916990593259E-17,-0.0451478850938161));
#8138=DIRECTION('',(0.998980314356372,-6.44807131029196E-17,0.0451478850938161));
#8139=DIRECTION('',(0.,1.,1.99924443346071E-16));
#8140=DIRECTION('center_axis',(-0.796497759149459,-1.20882611368048E-16,
0.604641480275619));
#8141=DIRECTION('ref_axis',(0.604641480275619,-1.21029585467902E-16,0.796497759149459));
#8142=DIRECTION('',(-0.604641480275619,1.9280371577662E-16,-0.796497759149459));
#8143=DIRECTION('',(-2.46152199034142E-5,0.99999999917133,-3.24257731042864E-5));
#8144=DIRECTION('center_axis',(5.55111512312578E-17,1.,1.99924443346071E-16));
#8145=DIRECTION('ref_axis',(3.23912791370046E-17,-1.99924443346071E-16,
1.));
#8146=DIRECTION('center_axis',(5.55111512312578E-17,1.,1.99924443346071E-16));
#8147=DIRECTION('ref_axis',(3.23912791370046E-17,-1.99924443346071E-16,
1.));
#8148=DIRECTION('',(4.06564610103456E-5,-0.99999999917133,-2.09570781459378E-6));
#8149=DIRECTION('center_axis',(-0.051478388780453,1.99659365276074E-16,
-0.998674108750482));
#8150=DIRECTION('ref_axis',(-0.998674108750481,-6.54290985429739E-17,0.051478388780453));
#8151=DIRECTION('',(0.998674108750481,-4.51457612603049E-17,-0.051478388780453));
#8152=DIRECTION('',(0.,1.,1.99924443346071E-16));
#8153=DIRECTION('center_axis',(-0.734423096654204,-1.35687103253072E-16,
0.678691914715984));
#8154=DIRECTION('ref_axis',(0.678691914715984,-1.0487075842561E-16,0.734423096654204));
#8155=DIRECTION('',(-0.678691914715984,1.84504098296321E-16,-0.734423096654204));
#8156=DIRECTION('',(-2.76298455537049E-5,0.99999999917133,-2.98986863884494E-5));
#8157=DIRECTION('center_axis',(5.55111512312578E-17,1.,1.99924443346071E-16));
#8158=DIRECTION('ref_axis',(3.23912791370046E-17,-1.99924443346071E-16,
1.));
#8159=DIRECTION('center_axis',(5.55111512312578E-17,1.,1.99924443346071E-16));
#8160=DIRECTION('ref_axis',(3.23912791370046E-17,-1.99924443346071E-16,
1.));
#8161=DIRECTION('',(4.02643968443874E-5,-0.99999999917133,-6.00983871399892E-6));
#8162=DIRECTION('center_axis',(-0.147624022808829,1.97733981592464E-16,
-0.989043552069239));
#8163=DIRECTION('ref_axis',(-0.989043552069239,-8.35556041624452E-17,0.147624022808829));
#8164=DIRECTION('',(0.989043552069239,-2.53892956086532E-17,-0.147624022808829));
#8165=DIRECTION('',(0.,1.,1.99924443346071E-16));
#8166=DIRECTION('center_axis',(-0.665491323584983,-1.4922472121392E-16,
0.746405585612211));
#8167=DIRECTION('ref_axis',(0.746405585612211,-8.773278136778E-17,0.665491323584983));
#8168=DIRECTION('',(-0.746405585612211,1.74481815762143E-16,-0.665491323584983));
#8169=DIRECTION('',(-3.03864987841212E-5,0.99999999917133,-2.7092443616793E-5));
#8170=DIRECTION('center_axis',(5.55111512312578E-17,1.,1.99924443346071E-16));
#8171=DIRECTION('ref_axis',(3.23912791370046E-17,-1.99924443346071E-16,
1.));
#8172=DIRECTION('center_axis',(5.55111512312578E-17,1.,1.99924443346071E-16));
#8173=DIRECTION('ref_axis',(3.23912791370046E-17,-1.99924443346071E-16,
1.));
#8174=DIRECTION('',(3.94963948240812E-5,-0.99999999917133,-9.86785742166167E-6));
#8175=DIRECTION('center_axis',(-0.242391331111377,1.93962408999237E-16,
-0.97017856222556));
#8176=DIRECTION('ref_axis',(-0.97017856222556,-1.00901973618683E-16,0.242391331111377));
#8177=DIRECTION('',(0.97017856222556,-5.39577694467199E-18,-0.242391331111377));
#8178=DIRECTION('',(0.,1.,1.99924443346071E-16));
#8179=DIRECTION('center_axis',(-0.590346037334335,-1.61369068159193E-16,
0.807150268663554));
#8180=DIRECTION('ref_axis',(0.807150268663554,-6.97756669686353E-17,0.590346037334335));
#8181=DIRECTION('',(-0.807150268663554,1.62830443525759E-16,-0.590346037334335));
#8182=DIRECTION('',(-3.28594414699906E-5,0.99999999917133,-2.4033246159095E-5));
#8183=DIRECTION('center_axis',(5.55111512312578E-17,1.,1.99924443346071E-16));
#8184=DIRECTION('ref_axis',(3.23912791370046E-17,-1.99924443346071E-16,
1.));
#8185=DIRECTION('center_axis',(5.55111512312578E-17,1.,1.99924443346071E-16));
#8186=DIRECTION('ref_axis',(3.23912791370046E-17,-1.99924443346071E-16,
1.));
#8187=DIRECTION('',(3.83596256226691E-5,-0.99999999917133,-1.36337425422966E-5));
#8188=DIRECTION('center_axis',(-0.33489549686405,1.88379861653506E-16,-0.942255276546744));
#8189=DIRECTION('ref_axis',(-0.942255276546744,-1.17306248533785E-16,0.33489549686405));
#8190=DIRECTION('',(0.942255276546744,1.46481206348141E-17,-0.33489549686405));
#8191=DIRECTION('',(0.,1.,1.99924443346071E-16));
#8192=DIRECTION('center_axis',(-0.50968884919314,-1.72006755593589E-16,
0.860358807131172));
#8193=DIRECTION('ref_axis',(0.860358807131172,-5.11670759670279E-17,0.50968884919314));
#8194=DIRECTION('',(-0.860358807131172,1.49658767310441E-16,-0.50968884919314));
#8195=DIRECTION('',(-3.50255844107225E-5,0.99999999917133,-2.07496566522681E-5));
#8196=DIRECTION('center_axis',(5.55111512312578E-17,1.,1.99924443346071E-16));
#8197=DIRECTION('ref_axis',(3.23912791370046E-17,-1.99924443346071E-16,
1.));
#8198=DIRECTION('center_axis',(5.55111512312578E-17,1.,1.99924443346071E-16));
#8199=DIRECTION('ref_axis',(3.23912791370046E-17,-1.99924443346071E-16,
1.));
#8200=DIRECTION('',(3.68647029201835E-5,-0.99999999917133,-1.72723330988267E-5));
#8201=DIRECTION('center_axis',(-0.424272833595197,1.81038462295699E-16,
-0.905534407227634));
#8202=DIRECTION('ref_axis',(-0.905534407227634,-1.32615266612774E-16,0.424272833595197));
#8203=DIRECTION('',(0.905534407227634,3.45552526586595E-17,-0.424272833595197));
#8204=DIRECTION('',(0.,1.,1.99924443346071E-16));
#8205=DIRECTION('center_axis',(-0.424272833595197,-1.81038462295699E-16,
0.905534407227634));
#8206=DIRECTION('ref_axis',(0.905534407227634,-3.20807517633332E-17,0.424272833595197));
#8207=DIRECTION('',(-0.905534407227634,1.35089767508101E-16,-0.424272833595197));
#8208=DIRECTION('center_axis',(5.55111512312578E-17,1.,1.99924443346071E-16));
#8209=DIRECTION('ref_axis',(5.17421455914901E-15,1.99924443346071E-16,-1.));
#8210=DIRECTION('center_axis',(-9.66471719169334E-48,1.,1.99924443346071E-16));
#8211=DIRECTION('ref_axis',(3.23912791370046E-17,-1.99924443346071E-16,
1.));
#8212=DIRECTION('center_axis',(-6.58117279950433E-35,1.,1.99924443346071E-16));
#8213=DIRECTION('ref_axis',(3.23912791370046E-17,-1.99924443346071E-16,
1.));
#8214=DIRECTION('',(0.,-1.,-1.99924443346071E-16));
#8215=DIRECTION('center_axis',(5.55111512312578E-17,1.,1.99924443346071E-16));
#8216=DIRECTION('ref_axis',(1.,-5.55111512312578E-17,-1.10980360094088E-32));
#8217=DIRECTION('',(0.,-1.,-1.99924443346071E-16));
#8218=DIRECTION('center_axis',(6.58117279950433E-35,-1.,-1.99924443346071E-16));
#8219=DIRECTION('ref_axis',(1.,6.58117279950433E-35,1.31573730850521E-50));
#8220=DIRECTION('center_axis',(-6.58117279950433E-35,1.,1.99924443346071E-16));
#8221=DIRECTION('ref_axis',(3.23912791370046E-17,-1.99924443346071E-16,
1.));
#8222=DIRECTION('center_axis',(-2.53670330554059E-35,1.,1.99924443346071E-16));
#8223=DIRECTION('ref_axis',(0.469704311524829,1.76498056548583E-16,-0.882823798804148));
#8224=DIRECTION('center_axis',(-6.55711402600397E-35,-1.,-1.99924443346071E-16));
#8225=DIRECTION('ref_axis',(-0.469704311538506,-1.76498056547128E-16,0.882823798796871));
#8226=DIRECTION('center_axis',(-5.86836449671846E-35,1.,1.99924443346071E-16));
#8227=DIRECTION('ref_axis',(0.972237480246512,4.67815858282256E-17,-0.233996329039397));
#8228=DIRECTION('center_axis',(-1.87345507449879E-34,-1.,-1.99924443346071E-16));
#8229=DIRECTION('ref_axis',(-0.972237480246523,-4.67815858282161E-17,0.23399632903935));
#8230=DIRECTION('center_axis',(1.03048111258771E-32,1.,1.99924443346071E-16));
#8231=DIRECTION('ref_axis',(0.853411270210287,1.04208246004252E-16,-0.521238145071967));
#8232=DIRECTION('center_axis',(0.,-1.,-1.99924443346071E-16));
#8233=DIRECTION('ref_axis',(0.469704311524829,1.76498056548583E-16,-0.882823798804148));
#8234=DIRECTION('center_axis',(-5.55111512312578E-17,-1.,-1.99924443346071E-16));
#8235=DIRECTION('ref_axis',(0.469704311524829,1.76498056548583E-16,-0.882823798804148));
#8236=DIRECTION('',(0.,-1.,-1.99924443346071E-16));
#8237=DIRECTION('',(0.,-1.,-1.99924443346071E-16));
#8238=DIRECTION('center_axis',(0.,-1.,-1.99924443346071E-16));
#8239=DIRECTION('ref_axis',(-0.469704311538506,-1.76498056547128E-16,0.882823798796871));
#8240=DIRECTION('center_axis',(5.55111512312578E-17,1.,1.99924443346071E-16));
#8241=DIRECTION('ref_axis',(-0.469704311538506,-1.76498056547128E-16,0.882823798796871));
#8242=DIRECTION('',(0.,-1.,-1.99924443346071E-16));
#8243=DIRECTION('center_axis',(0.,-1.,-1.99924443346071E-16));
#8244=DIRECTION('ref_axis',(0.972237480246512,4.67815858282256E-17,-0.233996329039397));
#8245=DIRECTION('center_axis',(-5.55111512312578E-17,-1.,-1.99924443346071E-16));
#8246=DIRECTION('ref_axis',(0.972237480246512,4.67815858282256E-17,-0.233996329039397));
#8247=DIRECTION('',(0.,-1.,-1.99924443346071E-16));
#8248=DIRECTION('center_axis',(0.,-1.,-1.99924443346071E-16));
#8249=DIRECTION('ref_axis',(-0.972237480246523,-4.67815858282161E-17,0.23399632903935));
#8250=DIRECTION('center_axis',(5.55111512312578E-17,1.,1.99924443346071E-16));
#8251=DIRECTION('ref_axis',(-0.972237480246523,-4.67815858282161E-17,0.23399632903935));
#8252=DIRECTION('',(0.,-1.,-1.99924443346071E-16));
#8253=DIRECTION('center_axis',(0.,-1.,-1.99924443346071E-16));
#8254=DIRECTION('ref_axis',(0.853411270210287,1.04208246004252E-16,-0.521238145071967));
#8255=DIRECTION('center_axis',(-5.55111512312578E-17,-1.,-1.99924443346071E-16));
#8256=DIRECTION('ref_axis',(0.853411270210287,1.04208246004252E-16,-0.521238145071967));
#8257=DIRECTION('center_axis',(-5.55111512312578E-17,-1.,-1.99924443346071E-16));
#8258=DIRECTION('ref_axis',(0.,1.99924443346071E-16,-1.));
#8259=DIRECTION('center_axis',(-5.55111512312578E-17,-1.,-1.99924443346071E-16));
#8260=DIRECTION('ref_axis',(-0.853411270765863,-1.04208245822394E-16,0.521238144162334));
#8261=DIRECTION('center_axis',(5.55111512312578E-17,1.,1.99924443346071E-16));
#8262=DIRECTION('ref_axis',(0.97223748024652,4.67815858282184E-17,-0.233996329039361));
#8263=DIRECTION('center_axis',(-5.55111512312578E-17,-1.,-1.99924443346071E-16));
#8264=DIRECTION('ref_axis',(-0.972237480246512,-4.67815858282249E-17,0.233996329039394));
#8265=DIRECTION('center_axis',(5.55111512312578E-17,1.,1.99924443346071E-16));
#8266=DIRECTION('ref_axis',(0.469704311362793,1.76498056565819E-16,-0.882823798890359));
#8267=DIRECTION('center_axis',(-5.55111512312578E-17,-1.,-1.99924443346071E-16));
#8268=DIRECTION('ref_axis',(-0.469704311362223,-1.76498056565879E-16,0.882823798890662));
#8269=DIRECTION('center_axis',(5.55111512312578E-17,1.,1.99924443346071E-16));
#8270=DIRECTION('ref_axis',(1.,-5.55111512312578E-17,-1.10980360094088E-32));
#8271=DIRECTION('center_axis',(5.55111512312578E-17,1.,1.99924443346071E-16));
#8272=DIRECTION('ref_axis',(1.,0.,0.));
#8273=DIRECTION('center_axis',(5.55111512312578E-17,1.,1.99924443346071E-16));
#8274=DIRECTION('ref_axis',(3.23912791370046E-17,-1.99924443346071E-16,
1.));
#8275=DIRECTION('center_axis',(-9.66471719169334E-48,1.,1.99924443346071E-16));
#8276=DIRECTION('ref_axis',(3.23912791370046E-17,-1.99924443346071E-16,
1.));
#8277=DIRECTION('',(0.,-1.,-1.99924443346071E-16));
#8278=DIRECTION('center_axis',(9.66471719169334E-48,-1.,-1.99924443346071E-16));
#8279=DIRECTION('ref_axis',(1.,9.66471719169334E-48,1.93221320464649E-63));
#8280=DIRECTION('center_axis',(-2.19828044735028E-33,1.,1.99924443346071E-16));
#8281=DIRECTION('ref_axis',(-0.469704311362223,-1.76498056565879E-16,0.882823798890662));
#8282=DIRECTION('center_axis',(-1.44589498751688E-34,-1.,-1.99924443346071E-16));
#8283=DIRECTION('ref_axis',(0.469704311362793,1.76498056565819E-16,-0.882823798890359));
#8284=DIRECTION('center_axis',(-3.57522956110791E-35,1.,1.99924443346071E-16));
#8285=DIRECTION('ref_axis',(-0.972237480246512,-4.67815858282249E-17,0.233996329039394));
#8286=DIRECTION('center_axis',(-1.14137968176145E-34,-1.,-1.99924443346071E-16));
#8287=DIRECTION('ref_axis',(0.97223748024652,4.67815858282184E-17,-0.233996329039361));
#8288=DIRECTION('center_axis',(-8.83790138839598E-33,1.,1.99924443346071E-16));
#8289=DIRECTION('ref_axis',(-0.853411270765863,-1.04208245822394E-16,0.521238144162334));
#8290=DIRECTION('center_axis',(0.,-1.,-1.99924443346071E-16));
#8291=DIRECTION('ref_axis',(-0.469704311362223,-1.76498056565879E-16,0.882823798890662));
#8292=DIRECTION('',(0.,-1.,-1.99924443346071E-16));
#8293=DIRECTION('center_axis',(0.,-1.,-1.99924443346071E-16));
#8294=DIRECTION('ref_axis',(0.469704311362793,1.76498056565819E-16,-0.882823798890359));
#8295=DIRECTION('',(0.,-1.,-1.99924443346071E-16));
#8296=DIRECTION('center_axis',(0.,-1.,-1.99924443346071E-16));
#8297=DIRECTION('ref_axis',(-0.972237480246512,-4.67815858282249E-17,0.233996329039394));
#8298=DIRECTION('',(0.,-1.,-1.99924443346071E-16));
#8299=DIRECTION('center_axis',(0.,-1.,-1.99924443346071E-16));
#8300=DIRECTION('ref_axis',(0.97223748024652,4.67815858282184E-17,-0.233996329039361));
#8301=DIRECTION('',(0.,-1.,-1.99924443346071E-16));
#8302=DIRECTION('center_axis',(0.,-1.,-1.99924443346071E-16));
#8303=DIRECTION('ref_axis',(-0.853411270765863,-1.04208245822394E-16,0.521238144162334));
#8304=DIRECTION('center_axis',(0.,-1.,-1.99924443346071E-16));
#8305=DIRECTION('ref_axis',(1.,0.,0.));
#8306=DIRECTION('center_axis',(0.,-1.,-1.99924443346071E-16));
#8307=DIRECTION('ref_axis',(1.,0.,0.));
#8308=DIRECTION('center_axis',(0.,1.,1.99924443346071E-16));
#8309=DIRECTION('ref_axis',(1.,0.,0.));
#8310=DIRECTION('',(0.,1.,1.99924443346071E-16));
#8311=DIRECTION('center_axis',(-5.55111512312578E-17,-1.,-1.99924443346071E-16));
#8312=DIRECTION('ref_axis',(0.,1.99924443346071E-16,-1.));
#8313=DIRECTION('center_axis',(0.,1.,1.99924443346071E-16));
#8314=DIRECTION('ref_axis',(0.972237480246513,-6.19982561081793E-17,0.233996329039391));
#8315=DIRECTION('center_axis',(-5.55111512312578E-17,-1.,-1.99924443346071E-16));
#8316=DIRECTION('ref_axis',(0.972237480246513,-6.19982561081793E-17,0.233996329039391));
#8317=DIRECTION('',(-0.353830418002434,-0.93142468116681,-0.0851592543974455));
#8318=DIRECTION('center_axis',(0.,-1.,-1.99924443346071E-16));
#8319=DIRECTION('ref_axis',(-1.,3.50915676762926E-18,1.08675220225982E-33));
#8320=DIRECTION('center_axis',(5.55111512312578E-17,1.,1.99924443346071E-16));
#8321=DIRECTION('ref_axis',(-1.,3.50915676762926E-18,1.08675220225982E-33));
#8322=DIRECTION('center_axis',(0.,-1.,-1.99924443346071E-16));
#8323=DIRECTION('ref_axis',(1.,-2.63230527330713E-17,-5.647807653706E-33));
#8324=DIRECTION('center_axis',(5.55111512312578E-17,1.,1.99924443346071E-16));
#8325=DIRECTION('ref_axis',(1.,-2.63230527330713E-17,-5.647807653706E-33));
#8326=DIRECTION('',(0.353830418002434,-0.93142468116681,-0.0851592543974455));
#8327=DIRECTION('center_axis',(0.,1.,1.99924443346071E-16));
#8328=DIRECTION('ref_axis',(0.972237480246513,1.45633574546017E-17,-0.233996329039391));
#8329=DIRECTION('center_axis',(-5.55111512312578E-17,-1.,-1.99924443346071E-16));
#8330=DIRECTION('ref_axis',(0.972237480246513,1.45633574546017E-17,-0.233996329039391));
#8331=DIRECTION('center_axis',(5.55111512312578E-17,1.,1.99924443346071E-16));
#8332=DIRECTION('ref_axis',(0.,-1.99924443346071E-16,1.));
#8333=CARTESIAN_POINT('',(0.,0.,0.));
#8334=CARTESIAN_POINT('Ctrl Pts',(22.2592424687487,223.541910221664,0.));
#8335=CARTESIAN_POINT('Ctrl Pts',(22.2592424687487,223.541910221664,22.2592424687487));
#8336=CARTESIAN_POINT('Ctrl Pts',(3.5527136788005E-14,223.541910221664,
22.2592424687487));
#8337=CARTESIAN_POINT('Ctrl Pts',(-22.2592424687486,223.541910221664,22.2592424687487));
#8338=CARTESIAN_POINT('Ctrl Pts',(-22.2592424687486,223.541910221664,0.));
#8339=CARTESIAN_POINT('Ctrl Pts',(-22.2592424687486,223.541910221664,-22.2592424687487));
#8340=CARTESIAN_POINT('Ctrl Pts',(3.5527136788005E-14,223.541910221664,
-22.2592424687487));
#8341=CARTESIAN_POINT('Ctrl Pts',(22.2592424687487,223.541910221664,-22.2592424687487));
#8342=CARTESIAN_POINT('Ctrl Pts',(22.2592424687487,223.541910221664,0.));
#8343=CARTESIAN_POINT('Ctrl Pts',(22.4985733373669,223.137387124914,0.));
#8344=CARTESIAN_POINT('Ctrl Pts',(22.4985733373669,223.137387124914,22.4985733373669));
#8345=CARTESIAN_POINT('Ctrl Pts',(3.5527136788005E-14,223.137387124914,
22.4985733373669));
#8346=CARTESIAN_POINT('Ctrl Pts',(-22.4985733373668,223.137387124914,22.4985733373669));
#8347=CARTESIAN_POINT('Ctrl Pts',(-22.4985733373668,223.137387124914,0.));
#8348=CARTESIAN_POINT('Ctrl Pts',(-22.4985733373668,223.137387124914,-22.4985733373669));
#8349=CARTESIAN_POINT('Ctrl Pts',(3.5527136788005E-14,223.137387124914,
-22.4985733373669));
#8350=CARTESIAN_POINT('Ctrl Pts',(22.4985733373669,223.137387124914,-22.4985733373669));
#8351=CARTESIAN_POINT('Ctrl Pts',(22.4985733373669,223.137387124914,0.));
#8352=CARTESIAN_POINT('Ctrl Pts',(22.7267596546891,222.697796328131,0.));
#8353=CARTESIAN_POINT('Ctrl Pts',(22.7267596546891,222.697796328131,22.726759654689));
#8354=CARTESIAN_POINT('Ctrl Pts',(3.5527136788005E-14,222.697796328131,
22.726759654689));
#8355=CARTESIAN_POINT('Ctrl Pts',(-22.726759654689,222.697796328131,22.726759654689));
#8356=CARTESIAN_POINT('Ctrl Pts',(-22.726759654689,222.697796328131,0.));
#8357=CARTESIAN_POINT('Ctrl Pts',(-22.726759654689,222.697796328131,-22.726759654689));
#8358=CARTESIAN_POINT('Ctrl Pts',(3.5527136788005E-14,222.697796328131,
-22.726759654689));
#8359=CARTESIAN_POINT('Ctrl Pts',(22.7267596546891,222.697796328131,-22.726759654689));
#8360=CARTESIAN_POINT('Ctrl Pts',(22.7267596546891,222.697796328131,0.));
#8361=CARTESIAN_POINT('Ctrl Pts',(22.9363213850725,222.221489478614,0.));
#8362=CARTESIAN_POINT('Ctrl Pts',(22.9363213850725,222.221489478614,22.9363213850724));
#8363=CARTESIAN_POINT('Ctrl Pts',(3.5527136788005E-14,222.221489478614,
22.9363213850725));
#8364=CARTESIAN_POINT('Ctrl Pts',(-22.9363213850724,222.221489478614,22.9363213850724));
#8365=CARTESIAN_POINT('Ctrl Pts',(-22.9363213850724,222.221489478614,0.));
#8366=CARTESIAN_POINT('Ctrl Pts',(-22.9363213850724,222.221489478614,-22.9363213850724));
#8367=CARTESIAN_POINT('Ctrl Pts',(3.5527136788005E-14,222.221489478614,
-22.9363213850725));
#8368=CARTESIAN_POINT('Ctrl Pts',(22.9363213850725,222.221489478614,-22.9363213850724));
#8369=CARTESIAN_POINT('Ctrl Pts',(22.9363213850725,222.221489478614,0.));
#8370=CARTESIAN_POINT('',(22.4057339668643,223.287313402825,1.22189211690819E-31));
#8371=CARTESIAN_POINT('',(22.9363213850727,222.221489478614,0.));
#8372=CARTESIAN_POINT('Ctrl Pts',(22.4057339668639,223.287313402825,0.));
#8373=CARTESIAN_POINT('Ctrl Pts',(22.5918408397981,222.954631356262,0.));
#8374=CARTESIAN_POINT('Ctrl Pts',(22.7699500877576,222.599630030943,0.));
#8375=CARTESIAN_POINT('Ctrl Pts',(22.9363213850725,222.221489478614,0.));
#8376=CARTESIAN_POINT('Ctrl Pts',(22.4057339668635,223.287313402826,-6.10622663543836E-15));
#8377=CARTESIAN_POINT('Ctrl Pts',(22.4057339668635,223.287313402826,-1.31551045384815));
#8378=CARTESIAN_POINT('Ctrl Pts',(22.2898763968647,223.287313402826,-2.62912707684996));
#8379=CARTESIAN_POINT('Ctrl Pts',(21.7697482528168,223.287313402826,-5.55191310338948));
#8380=CARTESIAN_POINT('Ctrl Pts',(21.30135815416,223.287313402826,-7.14127571844159));
#8381=CARTESIAN_POINT('Ctrl Pts',(20.6625433642565,223.287313402826,-8.66465327142853));
#8382=CARTESIAN_POINT('Ctrl Pts',(19.5342770594906,223.287313402826,-11.35522272855));
#8383=CARTESIAN_POINT('Ctrl Pts',(17.8912695512069,223.287313402826,-13.7996933769551));
#8384=CARTESIAN_POINT('Ctrl Pts',(13.760732059533,223.287313402826,-17.9212532105783));
#8385=CARTESIAN_POINT('Ctrl Pts',(11.31269226588,223.287313402826,-19.5589380373634));
#8386=CARTESIAN_POINT('Ctrl Pts',(5.92665622166344,223.287313402826,-21.8037567745134));
#8387=CARTESIAN_POINT('Ctrl Pts',(3.04015341129894,223.287313402826,-22.3894289942305));
#8388=CARTESIAN_POINT('Ctrl Pts',(-2.79487661032583,223.287313402826,-22.4213676698139));
#8389=CARTESIAN_POINT('Ctrl Pts',(-5.68761775424228,223.287313402826,-21.8673287745336));
#8390=CARTESIAN_POINT('Ctrl Pts',(-11.0979048584877,223.287313402826,-19.6816048940089));
#8391=CARTESIAN_POINT('Ctrl Pts',(-13.5637255252659,223.287313402826,-18.0708166203738));
#8392=CARTESIAN_POINT('Ctrl Pts',(-17.7391337853495,223.287313402826,-13.9947202900737));
#8393=CARTESIAN_POINT('Ctrl Pts',(-19.4088021999152,223.287313402826,-11.5683819359705));
#8394=CARTESIAN_POINT('Ctrl Pts',(-21.7241063412256,223.287313402826,-6.21226747066159));
#8395=CARTESIAN_POINT('Ctrl Pts',(-22.3476064984411,223.287313402826,-3.3336987330521));
#8396=CARTESIAN_POINT('Ctrl Pts',(-22.4561130775137,223.287313402826,2.50040974678938));
#8397=CARTESIAN_POINT('Ctrl Pts',(-21.9400821173343,223.287313402826,5.40017223211929));
#8398=CARTESIAN_POINT('Ctrl Pts',(-19.8255433683286,223.287313402826,10.8386758232934));
#8399=CARTESIAN_POINT('Ctrl Pts',(-18.2472517224556,223.287313402826,13.3254218705926));
#8400=CARTESIAN_POINT('Ctrl Pts',(-14.2262984962185,223.287313402826,17.5539595119852));
#8401=CARTESIAN_POINT('Ctrl Pts',(-11.8220794202862,223.287313402826,19.2553239814959));
#8402=CARTESIAN_POINT('Ctrl Pts',(-6.4968089079132,223.287313402826,21.6407148094971));
#8403=CARTESIAN_POINT('Ctrl Pts',(-3.62666996006759,223.287313402826,22.3019355315333));
#8404=CARTESIAN_POINT('Ctrl Pts',(2.20551228883124,223.287313402826,22.4869913282267));
#8405=CARTESIAN_POINT('Ctrl Pts',(5.11179674880008,223.287313402826,22.0090571686041));
#8406=CARTESIAN_POINT('Ctrl Pts',(10.577580264681,223.287313402826,19.9660676948707));
#8407=CARTESIAN_POINT('Ctrl Pts',(13.084823451099,223.287313402826,18.420544473644));
#8408=CARTESIAN_POINT('Ctrl Pts',(17.3657622792627,223.287313402826,14.4554267979904));
#8409=CARTESIAN_POINT('Ctrl Pts',(19.0985298125193,223.287313402826,12.0737410296989));
#8410=CARTESIAN_POINT('Ctrl Pts',(21.553596540145,223.287313402826,6.78023153266709));
#8411=CARTESIAN_POINT('Ctrl Pts',(22.2524239584832,223.287313402826,3.91901663990402));
#8412=CARTESIAN_POINT('Ctrl Pts',(22.3982316793933,223.287313402826,0.669639123810196));
#8413=CARTESIAN_POINT('Ctrl Pts',(22.4057339668635,223.287313402826,0.334758244305376));
#8414=CARTESIAN_POINT('Ctrl Pts',(22.4057339668635,223.287313402826,-6.10622663543836E-15));
#8415=CARTESIAN_POINT('Origin',(3.5527136788005E-14,222.221489478614,0.));
#8416=CARTESIAN_POINT('Ctrl Pts',(24.092946327361,217.561841852978,0.));
#8417=CARTESIAN_POINT('Ctrl Pts',(24.092946327361,217.561841852978,24.092946327361));
#8418=CARTESIAN_POINT('Ctrl Pts',(3.5527136788005E-14,217.561841852978,
24.092946327361));
#8419=CARTESIAN_POINT('Ctrl Pts',(-24.092946327361,217.561841852978,24.092946327361));
#8420=CARTESIAN_POINT('Ctrl Pts',(-24.092946327361,217.561841852978,0.));
#8421=CARTESIAN_POINT('Ctrl Pts',(-24.092946327361,217.561841852978,-24.092946327361));
#8422=CARTESIAN_POINT('Ctrl Pts',(3.5527136788005E-14,217.561841852978,
-24.092946327361));
#8423=CARTESIAN_POINT('Ctrl Pts',(24.092946327361,217.561841852978,-24.092946327361));
#8424=CARTESIAN_POINT('Ctrl Pts',(24.092946327361,217.561841852978,0.));
#8425=CARTESIAN_POINT('Ctrl Pts',(24.0911345524245,217.581188301222,0.));
#8426=CARTESIAN_POINT('Ctrl Pts',(24.0911345524245,217.581188301222,24.0911345524245));
#8427=CARTESIAN_POINT('Ctrl Pts',(3.5527136788005E-14,217.581188301222,
24.0911345524245));
#8428=CARTESIAN_POINT('Ctrl Pts',(-24.0911345524245,217.581188301222,24.0911345524245));
#8429=CARTESIAN_POINT('Ctrl Pts',(-24.0911345524245,217.581188301222,0.));
#8430=CARTESIAN_POINT('Ctrl Pts',(-24.0911345524245,217.581188301222,-24.0911345524245));
#8431=CARTESIAN_POINT('Ctrl Pts',(3.5527136788005E-14,217.581188301222,
-24.0911345524245));
#8432=CARTESIAN_POINT('Ctrl Pts',(24.0911345524245,217.581188301222,-24.0911345524245));
#8433=CARTESIAN_POINT('Ctrl Pts',(24.0911345524245,217.581188301222,0.));
#8434=CARTESIAN_POINT('Ctrl Pts',(24.0892959338557,217.600503005146,0.));
#8435=CARTESIAN_POINT('Ctrl Pts',(24.0892959338557,217.600503005146,24.0892959338557));
#8436=CARTESIAN_POINT('Ctrl Pts',(3.5527136788005E-14,217.600503005146,
24.0892959338557));
#8437=CARTESIAN_POINT('Ctrl Pts',(-24.0892959338557,217.600503005146,24.0892959338557));
#8438=CARTESIAN_POINT('Ctrl Pts',(-24.0892959338557,217.600503005146,0.));
#8439=CARTESIAN_POINT('Ctrl Pts',(-24.0892959338557,217.600503005146,-24.0892959338557));
#8440=CARTESIAN_POINT('Ctrl Pts',(3.5527136788005E-14,217.600503005146,
-24.0892959338557));
#8441=CARTESIAN_POINT('Ctrl Pts',(24.0892959338557,217.600503005146,-24.0892959338557));
#8442=CARTESIAN_POINT('Ctrl Pts',(24.0892959338557,217.600503005146,0.));
#8443=CARTESIAN_POINT('Ctrl Pts',(24.0874305292309,217.619785973608,0.));
#8444=CARTESIAN_POINT('Ctrl Pts',(24.0874305292309,217.619785973608,24.0874305292309));
#8445=CARTESIAN_POINT('Ctrl Pts',(3.5527136788005E-14,217.619785973608,
24.0874305292309));
#8446=CARTESIAN_POINT('Ctrl Pts',(-24.0874305292308,217.619785973608,24.0874305292309));
#8447=CARTESIAN_POINT('Ctrl Pts',(-24.0874305292308,217.619785973608,0.));
#8448=CARTESIAN_POINT('Ctrl Pts',(-24.0874305292308,217.619785973608,-24.0874305292309));
#8449=CARTESIAN_POINT('Ctrl Pts',(3.5527136788005E-14,217.619785973608,
-24.0874305292309));
#8450=CARTESIAN_POINT('Ctrl Pts',(24.0874305292309,217.619785973608,-24.0874305292309));
#8451=CARTESIAN_POINT('Ctrl Pts',(24.0874305292309,217.619785973608,0.));
#8452=CARTESIAN_POINT('Ctrl Pts',(23.912519735275,219.427865185278,0.));
#8453=CARTESIAN_POINT('Ctrl Pts',(23.912519735275,219.427865185278,23.912519735275));
#8454=CARTESIAN_POINT('Ctrl Pts',(3.5527136788005E-14,219.427865185278,
23.912519735275));
#8455=CARTESIAN_POINT('Ctrl Pts',(-23.912519735275,219.427865185278,23.912519735275));
#8456=CARTESIAN_POINT('Ctrl Pts',(-23.912519735275,219.427865185278,0.));
#8457=CARTESIAN_POINT('Ctrl Pts',(-23.912519735275,219.427865185278,-23.912519735275));
#8458=CARTESIAN_POINT('Ctrl Pts',(3.5527136788005E-14,219.427865185278,
-23.912519735275));
#8459=CARTESIAN_POINT('Ctrl Pts',(23.912519735275,219.427865185278,-23.912519735275));
#8460=CARTESIAN_POINT('Ctrl Pts',(23.912519735275,219.427865185278,0.));
#8461=CARTESIAN_POINT('Ctrl Pts',(23.4934823026199,220.955134401161,0.));
#8462=CARTESIAN_POINT('Ctrl Pts',(23.4934823026199,220.955134401161,23.4934823026198));
#8463=CARTESIAN_POINT('Ctrl Pts',(3.5527136788005E-14,220.955134401161,
23.4934823026198));
#8464=CARTESIAN_POINT('Ctrl Pts',(-23.4934823026198,220.955134401161,23.4934823026198));
#8465=CARTESIAN_POINT('Ctrl Pts',(-23.4934823026198,220.955134401161,0.));
#8466=CARTESIAN_POINT('Ctrl Pts',(-23.4934823026198,220.955134401161,-23.4934823026198));
#8467=CARTESIAN_POINT('Ctrl Pts',(3.5527136788005E-14,220.955134401161,
-23.4934823026198));
#8468=CARTESIAN_POINT('Ctrl Pts',(23.4934823026199,220.955134401161,-23.4934823026198));
#8469=CARTESIAN_POINT('Ctrl Pts',(23.4934823026199,220.955134401161,0.));
#8470=CARTESIAN_POINT('Ctrl Pts',(22.9363213850727,222.221489478614,0.));
#8471=CARTESIAN_POINT('Ctrl Pts',(22.9363213850727,222.221489478614,22.9363213850727));
#8472=CARTESIAN_POINT('Ctrl Pts',(3.5527136788005E-14,222.221489478614,
22.9363213850727));
#8473=CARTESIAN_POINT('Ctrl Pts',(-22.9363213850727,222.221489478614,22.9363213850727));
#8474=CARTESIAN_POINT('Ctrl Pts',(-22.9363213850727,222.221489478614,0.));
#8475=CARTESIAN_POINT('Ctrl Pts',(-22.9363213850727,222.221489478614,-22.9363213850727));
#8476=CARTESIAN_POINT('Ctrl Pts',(3.5527136788005E-14,222.221489478614,
-22.9363213850727));
#8477=CARTESIAN_POINT('Ctrl Pts',(22.9363213850727,222.221489478614,-22.9363213850727));
#8478=CARTESIAN_POINT('Ctrl Pts',(22.9363213850727,222.221489478614,0.));
#8479=CARTESIAN_POINT('',(24.089669561836,217.596490775662,-1.89612040881694E-40));
#8480=CARTESIAN_POINT('Ctrl Pts',(22.9363213850727,222.221489478614,0.));
#8481=CARTESIAN_POINT('Ctrl Pts',(23.4934823026199,220.955134401161,0.));
#8482=CARTESIAN_POINT('Ctrl Pts',(23.912519735275,219.427865185278,0.));
#8483=CARTESIAN_POINT('Ctrl Pts',(24.0874305292309,217.619785973608,0.));
#8484=CARTESIAN_POINT('Ctrl Pts',(24.0881812125319,217.612026047303,0.));
#8485=CARTESIAN_POINT('Ctrl Pts',(24.0889275579664,217.6042609816,0.));
#8486=CARTESIAN_POINT('Ctrl Pts',(24.089669561782,217.596490775922,0.));
#8487=CARTESIAN_POINT('',(-24.0896695618359,217.596490775662,-2.95013367214199E-15));
#8488=CARTESIAN_POINT('Ctrl Pts',(24.089669561836,217.596490775662,-4.9960036108132E-15));
#8489=CARTESIAN_POINT('Ctrl Pts',(24.089669561836,217.596490775662,-2.92245938499221));
#8490=CARTESIAN_POINT('Ctrl Pts',(23.5578294270488,217.596490775662,-5.82254608364094));
#8491=CARTESIAN_POINT('Ctrl Pts',(21.4040770623646,217.596490775662,-11.4898816481578));
#8492=CARTESIAN_POINT('Ctrl Pts',(19.7276678109692,217.596490775662,-14.1764247227701));
#8493=CARTESIAN_POINT('Ctrl Pts',(15.4394169077042,217.596490775662,-18.7557004862633));
#8494=CARTESIAN_POINT('Ctrl Pts',(12.8685732717471,217.596490775662,-20.6046528029471));
#8495=CARTESIAN_POINT('Ctrl Pts',(7.16285978999924,217.596490775662,-23.2130423428108));
#8496=CARTESIAN_POINT('Ctrl Pts',(4.08253967494812,217.596490775662,-23.9475419403076));
#8497=CARTESIAN_POINT('Ctrl Pts',(-2.18626333808068,217.596490775662,-24.1944652306448));
#8498=CARTESIAN_POINT('Ctrl Pts',(-5.31481306249219,217.596490775662,-23.704528202246));
#8499=CARTESIAN_POINT('Ctrl Pts',(-11.2080155814996,217.596490775662,-21.5530109707478));
#8500=CARTESIAN_POINT('Ctrl Pts',(-13.9163261479704,217.596490775662,-19.9120004450489));
#8501=CARTESIAN_POINT('Ctrl Pts',(-18.5514805334022,217.596490775662,-15.6842106973578));
#8502=CARTESIAN_POINT('Ctrl Pts',(-20.4340097500842,217.596490775662,-13.1378514496769));
#8503=CARTESIAN_POINT('Ctrl Pts',(-22.5350858979045,217.596490775662,-8.69692063183571));
#8504=CARTESIAN_POINT('Ctrl Pts',(-23.1147739652252,217.596490775662,-7.01239969189809));
#8505=CARTESIAN_POINT('Ctrl Pts',(-23.8932568238462,217.596490775662,-3.54666085947184));
#8506=CARTESIAN_POINT('Ctrl Pts',(-24.0896695618359,217.596490775662,-1.77604766375751));
#8507=CARTESIAN_POINT('Ctrl Pts',(-24.0896695618359,217.596490775662,3.88578058618805E-15));
#8508=CARTESIAN_POINT('Ctrl Pts',(-24.089669561807,217.596490775659,0.));
#8509=CARTESIAN_POINT('Ctrl Pts',(-24.089669561807,217.596490775659,0.354874347993686));
#8510=CARTESIAN_POINT('Ctrl Pts',(-24.0818257791201,217.596490775659,0.713001308062287));
#8511=CARTESIAN_POINT('Ctrl Pts',(-24.0657197738661,217.596490775659,1.07392335052585));
#8512=CARTESIAN_POINT('Ctrl Pts',(-24.0498654249441,217.596490775659,1.42920598607592));
#8513=CARTESIAN_POINT('Ctrl Pts',(-24.0260046451798,217.596490775659,1.78719684483396));
#8514=CARTESIAN_POINT('Ctrl Pts',(-23.9937661453882,217.596490775659,2.14740908014157));
#8515=CARTESIAN_POINT('Ctrl Pts',(-23.9620313721559,217.596490775659,2.50199299927249));
#8516=CARTESIAN_POINT('Ctrl Pts',(-23.92217828918,217.596490775659,2.85872917829525));
#8517=CARTESIAN_POINT('Ctrl Pts',(-23.8738853321394,217.596490775659,3.21710720133953));
#8518=CARTESIAN_POINT('Ctrl Pts',(-23.8263469525526,217.596490775659,3.56988556777374));
#8519=CARTESIAN_POINT('Ctrl Pts',(-23.7706300798041,217.596490775659,3.92425459201696));
#8520=CARTESIAN_POINT('Ctrl Pts',(-23.7064646219065,217.596490775659,4.27968628842658));
#8521=CARTESIAN_POINT('Ctrl Pts',(-23.6433017492886,217.596490775659,4.62956436457981));
#8522=CARTESIAN_POINT('Ctrl Pts',(-23.571951990515,217.596490775659,4.98047185404133));
#8523=CARTESIAN_POINT('Ctrl Pts',(-23.4921976238587,217.596490775659,5.33186931559846));
#8524=CARTESIAN_POINT('Ctrl Pts',(-23.4136894191814,217.596490775659,5.67777619181875));
#8525=CARTESIAN_POINT('Ctrl Pts',(-23.3270369929579,217.596490775659,6.02415751656159));
#8526=CARTESIAN_POINT('Ctrl Pts',(-23.2320750447547,217.596490775659,6.37046848449466));
#8527=CARTESIAN_POINT('Ctrl Pts',(-23.1382776623669,217.596490775659,6.71253246800517));
#8528=CARTESIAN_POINT('Ctrl Pts',(-23.036373134872,217.596490775659,7.05452747533497));
#8529=CARTESIAN_POINT('Ctrl Pts',(-22.9262467258438,217.596490775659,7.39590364071827));
#8530=CARTESIAN_POINT('Ctrl Pts',(-22.8168166386808,217.596490775659,7.73512130760582));
#8531=CARTESIAN_POINT('Ctrl Pts',(-22.6992681324059,217.596490775659,8.0737275980046));
#8532=CARTESIAN_POINT('Ctrl Pts',(-22.5735356622846,217.596490775659,8.41116325490219));
#8533=CARTESIAN_POINT('Ctrl Pts',(-22.448520650667,217.596490775659,8.74667342603419));
#8534=CARTESIAN_POINT('Ctrl Pts',(-22.3154146671038,217.596490775659,9.08102592842843));
#8535=CARTESIAN_POINT('Ctrl Pts',(-22.1742023347558,217.596490775659,9.41365659105754));
#8536=CARTESIAN_POINT('Ctrl Pts',(-22.0337083360569,217.596490775659,9.74459519327167));
#8537=CARTESIAN_POINT('Ctrl Pts',(-21.8851901540414,217.596490775659,10.0738290556298));
#8538=CARTESIAN_POINT('Ctrl Pts',(-21.7286831217753,217.596490775659,10.4007936904127));
#8539=CARTESIAN_POINT('Ctrl Pts',(-21.5728749301239,217.596490775659,10.7262983513976));
#8540=CARTESIAN_POINT('Ctrl Pts',(-21.4091490215395,217.596490775659,11.0495536207824));
#8541=CARTESIAN_POINT('Ctrl Pts',(-21.2375915307087,217.596490775659,11.3699993655154));
#8542=CARTESIAN_POINT('Ctrl Pts',(-21.0666930796259,217.596490775659,11.6892141148438));
#8543=CARTESIAN_POINT('Ctrl Pts',(-20.8880230963167,217.596490775659,12.0056404945154));
#8544=CARTESIAN_POINT('Ctrl Pts',(-20.701718147783,217.596490775659,12.3187274231881));
#8545=CARTESIAN_POINT('Ctrl Pts',(-20.5160123605297,217.596490775659,12.630807456625));
#8546=CARTESIAN_POINT('Ctrl Pts',(-20.3227206805191,217.596490775659,12.9395690956292));
#8547=CARTESIAN_POINT('Ctrl Pts',(-20.1220292717465,217.596490775659,13.244474983329));
#8548=CARTESIAN_POINT('Ctrl Pts',(-19.9218574690887,217.596490775659,13.5485914452899));
#8549=CARTESIAN_POINT('Ctrl Pts',(-19.7143242953947,217.596490775659,13.848871714138));
#8550=CARTESIAN_POINT('Ctrl Pts',(-19.4996642112951,217.596490775659,14.1447967551249));
#8551=CARTESIAN_POINT('Ctrl Pts',(-19.2854250716742,217.596490775659,14.4401414925464));
#8552=CARTESIAN_POINT('Ctrl Pts',(-19.0640870824859,217.596490775659,14.7311476974408));
#8553=CARTESIAN_POINT('Ctrl Pts',(-18.8359312427079,217.596490775659,15.0173191288269));
#8554=CARTESIAN_POINT('Ctrl Pts',(-18.6080793153542,217.596490775659,15.3031093687716));
#8555=CARTESIAN_POINT('Ctrl Pts',(-18.3734278700199,217.596490775659,15.5840773563878));
#8556=CARTESIAN_POINT('Ctrl Pts',(-18.1323022410776,217.596490775659,15.8597539399344));
#8557=CARTESIAN_POINT('Ctrl Pts',(-17.8913460182949,217.596490775659,16.1352368430685));
#8558=CARTESIAN_POINT('Ctrl Pts',(-17.6439249293285,217.596490775659,16.4054354482368));
#8559=CARTESIAN_POINT('Ctrl Pts',(-17.3904060156646,217.596490775659,16.6699117636354));
#8560=CARTESIAN_POINT('Ctrl Pts',(-17.1369055762919,217.596490775659,16.9343688062609));
#8561=CARTESIAN_POINT('Ctrl Pts',(-16.8773084633656,217.596490775659,17.1931040959627));
#8562=CARTESIAN_POINT('Ctrl Pts',(-16.6120203970749,217.596490775659,17.4457146005608));
#8563=CARTESIAN_POINT('Ctrl Pts',(-16.346584638815,217.596490775659,17.6984657392378));
#8564=CARTESIAN_POINT('Ctrl Pts',(-16.0754518862992,217.596490775659,17.945085008215));
#8565=CARTESIAN_POINT('Ctrl Pts',(-15.7990631406225,217.596490775659,18.1852078205248));
#8566=CARTESIAN_POINT('Ctrl Pts',(-15.5223466244748,217.596490775659,18.4256153953965));
#8567=CARTESIAN_POINT('Ctrl Pts',(-15.2403619694697,217.596490775659,18.6595108712668));
#8568=CARTESIAN_POINT('Ctrl Pts',(-14.9535817262682,217.596490775659,18.8865712386571));
#8569=CARTESIAN_POINT('Ctrl Pts',(-14.6662811615384,217.596490775659,19.1140435744454));
#8570=CARTESIAN_POINT('Ctrl Pts',(-14.3741679443289,217.596490775659,19.3346557935587));
#8571=CARTESIAN_POINT('Ctrl Pts',(-14.0777421503903,217.596490775659,19.5481292082946));
#8572=CARTESIAN_POINT('Ctrl Pts',(-13.780592553611,217.596490775659,19.7621238754556));
#8573=CARTESIAN_POINT('Ctrl Pts',(-13.4791096670251,217.596490775659,19.9689446947021));
#8574=CARTESIAN_POINT('Ctrl Pts',(-13.1738168181932,217.596490775659,20.1683596268448));
#8575=CARTESIAN_POINT('Ctrl Pts',(-12.8675873836543,217.596490775659,20.3683863295413));
#8576=CARTESIAN_POINT('Ctrl Pts',(-12.5575249617908,217.596490775659,20.5609615438963));
#8577=CARTESIAN_POINT('Ctrl Pts',(-12.2441716574369,217.596490775659,20.7459017644515));
#8578=CARTESIAN_POINT('Ctrl Pts',(-11.9296613807894,217.596490775659,20.9315248267326));
#8579=CARTESIAN_POINT('Ctrl Pts',(-11.6118362709093,217.596490775659,21.1094563673976));
#8580=CARTESIAN_POINT('Ctrl Pts',(-11.2912525840932,217.596490775659,21.2795628404171));
#8581=CARTESIAN_POINT('Ctrl Pts',(-10.969285683629,217.596490775659,21.4504032671741));
#8582=CARTESIAN_POINT('Ctrl Pts',(-10.6445367476589,217.596490775659,21.6133509606347));
#8583=CARTESIAN_POINT('Ctrl Pts',(-10.3175714584559,217.596490775659,21.7683232885932));
#8584=CARTESIAN_POINT('Ctrl Pts',(-9.98899264102941,217.596490775659,21.9240603834346));
#8585=CARTESIAN_POINT('Ctrl Pts',(-9.65817593497589,217.596490775659,22.0717432575307));
#8586=CARTESIAN_POINT('Ctrl Pts',(-9.32569167575203,217.596490775659,22.2113406701591));
#8587=CARTESIAN_POINT('Ctrl Pts',(-8.99136129596283,217.596490775659,22.3517131981416));
#8588=CARTESIAN_POINT('Ctrl Pts',(-8.65534517664409,217.596490775659,22.4839103271697));
#8589=CARTESIAN_POINT('Ctrl Pts',(-8.31821353862475,217.596490775659,22.6079522098507));
#8590=CARTESIAN_POINT('Ctrl Pts',(-7.97900270069237,217.596490775659,22.7327590989642));
#8591=CARTESIAN_POINT('Ctrl Pts',(-7.6386629094589,217.596490775659,22.8493099858335));
#8592=CARTESIAN_POINT('Ctrl Pts',(-7.29775955966545,217.596490775659,22.9576759495896));
#8593=CARTESIAN_POINT('Ctrl Pts',(-6.9545452114686,217.596490775659,23.0667765308535));
#8594=CARTESIAN_POINT('Ctrl Pts',(-6.61075998407587,217.596490775659,23.1675810302463));
#8595=CARTESIAN_POINT('Ctrl Pts',(-6.26695984068151,217.596490775659,23.2602105311267));
#8596=CARTESIAN_POINT('Ctrl Pts',(-5.92061990866746,217.596490775659,23.3535243230312));
#8597=CARTESIAN_POINT('Ctrl Pts',(-5.57426515916629,217.596490775659,23.4385421152764));
#8598=CARTESIAN_POINT('Ctrl Pts',(-5.22843767154511,217.596490775659,23.5154336364827));
#8599=CARTESIAN_POINT('Ctrl Pts',(-4.87984628370808,217.596490775659,23.592939685162));
#8600=CARTESIAN_POINT('Ctrl Pts',(-4.53179090820717,217.596490775659,23.6621893159997));
#8601=CARTESIAN_POINT('Ctrl Pts',(-4.18479548550217,217.596490775659,23.7233991312707));
#8602=CARTESIAN_POINT('Ctrl Pts',(-3.83481832738219,217.596490775659,23.7851349231454));
#8603=CARTESIAN_POINT('Ctrl Pts',(-3.48591967082444,217.596490775659,23.8386924296514));
#8604=CARTESIAN_POINT('Ctrl Pts',(-3.13860129976335,217.596490775659,23.8843329711796));
#8605=CARTESIAN_POINT('Ctrl Pts',(-2.78809114556558,217.596490775659,23.9303929397319));
#8606=CARTESIAN_POINT('Ctrl Pts',(-2.43919067139173,217.596490775659,23.9683900872828));
#8607=CARTESIAN_POINT('Ctrl Pts',(-2.09237576048556,217.596490775659,23.9986279456553));
#8608=CARTESIAN_POINT('Ctrl Pts',(-1.74216821794563,217.596490775659,24.0291615984461));
#8609=CARTESIAN_POINT('Ctrl Pts',(-1.39408741668331,217.596490775659,24.0517837576838));
#8610=CARTESIAN_POINT('Ctrl Pts',(-1.04857989984729,217.596490775659,24.0668373450001));
#8611=CARTESIAN_POINT('Ctrl Pts',(-0.862678952669278,217.596490775659,24.0749369550061));
#8612=CARTESIAN_POINT('Ctrl Pts',(-0.677522211693334,217.596490775659,24.0808459529329));
#8613=CARTESIAN_POINT('Ctrl Pts',(-0.493173873780748,217.596490775659,24.0846208009857));
#8614=CARTESIAN_POINT('Ctrl Pts',(-0.402439926214399,217.596490775659,24.0864787340117));
#8615=CARTESIAN_POINT('Ctrl Pts',(-0.31190175535147,217.596490775659,24.0878197022582));
#8616=CARTESIAN_POINT('Ctrl Pts',(-0.221566678884524,217.596490775659,24.0886506015564));
#8617=CARTESIAN_POINT('Ctrl Pts',(-0.176752012043498,217.596490775659,24.0890628055051));
#8618=CARTESIAN_POINT('Ctrl Pts',(-0.131987325123816,217.596490775659,24.0893494784779));
#8619=CARTESIAN_POINT('Ctrl Pts',(-0.0872734912406575,217.596490775659,
24.0895114714844));
#8620=CARTESIAN_POINT('Ctrl Pts',(-0.0656163262475353,217.596490775659,
24.089589932868));
#8621=CARTESIAN_POINT('Ctrl Pts',(-0.0439710909383529,217.596490775659,
24.0896391449994));
#8622=CARTESIAN_POINT('Ctrl Pts',(-0.022337883384748,217.596490775659,24.0896592050618));
#8623=CARTESIAN_POINT('Ctrl Pts',(-0.00469988231309741,217.596490775659,
24.0896755604452));
#8624=CARTESIAN_POINT('Ctrl Pts',(0.0129276524202242,217.596490775659,24.0896725519492));
#8625=CARTESIAN_POINT('Ctrl Pts',(0.0305681392425243,217.596490775659,24.0896501673627));
#8626=CARTESIAN_POINT('Ctrl Pts',(0.385310106507339,217.596490775659,24.0892000237626));
#8627=CARTESIAN_POINT('Ctrl Pts',(0.743286482405753,217.596490775659,24.0809078200897));
#8628=CARTESIAN_POINT('Ctrl Pts',(1.10403945461637,217.596490775659,24.0643569720802));
#8629=CARTESIAN_POINT('Ctrl Pts',(1.4535188964454,217.596490775659,24.048323338071));
#8630=CARTESIAN_POINT('Ctrl Pts',(1.80560379385811,217.596490775659,24.0245388690103));
#8631=CARTESIAN_POINT('Ctrl Pts',(2.15983042918038,217.596490775659,23.9926512106153));
#8632=CARTESIAN_POINT('Ctrl Pts',(2.50492496288043,217.596490775659,23.9615856285633));
#8633=CARTESIAN_POINT('Ctrl Pts',(2.85205193919832,217.596490775659,23.9228290231058));
#8634=CARTESIAN_POINT('Ctrl Pts',(3.20074110442786,217.596490775659,23.8760850220358));
#8635=CARTESIAN_POINT('Ctrl Pts',(3.54640104595782,217.596490775659,23.8297471076755));
#8636=CARTESIAN_POINT('Ctrl Pts',(3.89359594427721,217.596490775659,23.7755596651793));
#8637=CARTESIAN_POINT('Ctrl Pts',(4.24182987120537,217.596490775659,23.7132675719903));
#8638=CARTESIAN_POINT('Ctrl Pts',(4.58724188898569,217.596490775659,23.6514802619772));
#8639=CARTESIAN_POINT('Ctrl Pts',(4.93367591996992,217.596490775659,23.5817188355679));
#8640=CARTESIAN_POINT('Ctrl Pts',(5.28061396710083,217.596490775659,23.5037719468071));
#8641=CARTESIAN_POINT('Ctrl Pts',(5.62494446195446,217.596490775659,23.4264108992042));
#8642=CARTESIAN_POINT('Ctrl Pts',(5.96977114691922,217.596490775659,23.3409867131601));
#8643=CARTESIAN_POINT('Ctrl Pts',(6.31455784292324,217.596490775659,23.2473340158701));
#8644=CARTESIAN_POINT('Ctrl Pts',(6.65695691412605,217.596490775659,23.1543298572428));
#8645=CARTESIAN_POINT('Ctrl Pts',(6.99931623948281,217.596490775659,23.0532105343273));
#8646=CARTESIAN_POINT('Ctrl Pts',(7.34108559338161,217.596490775659,22.9438584790723));
#8647=CARTESIAN_POINT('Ctrl Pts',(7.68069126726778,217.596490775659,22.8351987119163));
#8648=CARTESIAN_POINT('Ctrl Pts',(8.01971408080162,217.596490775659,22.7184099377546));
#8649=CARTESIAN_POINT('Ctrl Pts',(8.35759410864425,217.596490775659,22.5934238288979));
#8650=CARTESIAN_POINT('Ctrl Pts',(8.69353679719318,217.596490775659,22.4691543664241));
#8651=CARTESIAN_POINT('Ctrl Pts',(9.02834941047584,217.596490775659,22.3367811600803));
#8652=CARTESIAN_POINT('Ctrl Pts',(9.36146684008542,217.596490775659,22.1962861352758));
#8653=CARTESIAN_POINT('Ctrl Pts',(9.69287399243173,217.596490775659,22.0565124340201));
#8654=CARTESIAN_POINT('Ctrl Pts',(10.0226029494228,217.596490775659,21.9086999978325));
#8655=CARTESIAN_POINT('Ctrl Pts',(10.350088060888,217.596490775659,21.752881572999));
#8656=CARTESIAN_POINT('Ctrl Pts',(10.6760889666003,217.596490775659,21.5977693378347));
#8657=CARTESIAN_POINT('Ctrl Pts',(10.999865934702,217.596490775659,21.4347234641038));
#8658=CARTESIAN_POINT('Ctrl Pts',(11.3208574909078,217.596490775659,21.2638276250446));
#8659=CARTESIAN_POINT('Ctrl Pts',(11.6405881903023,217.596490775659,21.0936030658947));
#8660=CARTESIAN_POINT('Ctrl Pts',(11.9575549269313,217.596490775659,20.9155900831232));
#8661=CARTESIAN_POINT('Ctrl Pts',(12.2712051456864,217.596490775659,20.7299229103616));
#8662=CARTESIAN_POINT('Ctrl Pts',(12.5838133994501,217.596490775659,20.5448725351741));
#8663=CARTESIAN_POINT('Ctrl Pts',(12.8931267446374,217.596490775659,20.3522187821601));
#8664=CARTESIAN_POINT('Ctrl Pts',(13.1986062619188,217.596490775659,20.1521456013967));
#8665=CARTESIAN_POINT('Ctrl Pts',(13.5032565300236,217.596490775659,19.9526155356738));
#8666=CARTESIAN_POINT('Ctrl Pts',(13.8040933737523,217.596490775659,19.7457063577573));
#8667=CARTESIAN_POINT('Ctrl Pts',(14.1005961463427,217.596490775659,19.5316504145144));
#8668=CARTESIAN_POINT('Ctrl Pts',(14.3964745247156,217.596490775659,19.3180452437619));
#8669=CARTESIAN_POINT('Ctrl Pts',(14.6880366967337,217.596490775659,19.0973235118004));
#8670=CARTESIAN_POINT('Ctrl Pts',(14.9747847921303,217.596490775659,18.8697641751676));
#8671=CARTESIAN_POINT('Ctrl Pts',(15.2611038548342,217.596490775659,18.642545312967));
#8672=CARTESIAN_POINT('Ctrl Pts',(15.5426228845352,217.596490775659,18.4085094720722));
#8673=CARTESIAN_POINT('Ctrl Pts',(15.8188711064617,217.596490775659,18.1679799789136));
#8674=CARTESIAN_POINT('Ctrl Pts',(16.0948746013193,217.596490775659,17.9276635697612));
#8675=CARTESIAN_POINT('Ctrl Pts',(16.3656162960565,217.596490775659,17.6808652313024));
#8676=CARTESIAN_POINT('Ctrl Pts',(16.6306565952731,217.596490775659,17.4279499886577));
#8677=CARTESIAN_POINT('Ctrl Pts',(16.8956239419192,217.596490775659,17.1751043611513));
#8678=CARTESIAN_POINT('Ctrl Pts',(17.1548927337683,217.596490775659,16.916145457913));
#8679=CARTESIAN_POINT('Ctrl Pts',(17.4080583561004,217.596490775659,16.6514769275178));
#8680=CARTESIAN_POINT('Ctrl Pts',(17.661308897387,217.596490775659,16.3867196197654));
#8681=CARTESIAN_POINT('Ctrl Pts',(17.908451910901,217.596490775659,16.1162491502954));
#8682=CARTESIAN_POINT('Ctrl Pts',(18.1491212374767,217.596490775659,15.8405043450147));
#8683=CARTESIAN_POINT('Ctrl Pts',(18.3998334810698,217.596490775659,15.553252954176));
#8684=CARTESIAN_POINT('Ctrl Pts',(18.6435199048906,217.596490775659,15.2602780072682));
#8685=CARTESIAN_POINT('Ctrl Pts',(18.8798156217382,217.596490775659,14.9621102016468));
#8686=CARTESIAN_POINT('Ctrl Pts',(19.107527705276,217.596490775659,14.6747735830754));
#8687=CARTESIAN_POINT('Ctrl Pts',(19.3283763905532,217.596490775659,14.3826150669887));
#8688=CARTESIAN_POINT('Ctrl Pts',(19.5420821493326,217.596490775659,14.0861351997555));
#8689=CARTESIAN_POINT('Ctrl Pts',(19.7562940321306,217.596490775659,13.7889531727739));
#8690=CARTESIAN_POINT('Ctrl Pts',(19.9633289763175,217.596490775659,13.4874296758253));
#8691=CARTESIAN_POINT('Ctrl Pts',(20.1629542175584,217.596490775659,13.1820884846711));
#8692=CARTESIAN_POINT('Ctrl Pts',(20.3631662536895,217.596490775659,12.8758497484489));
#8693=CARTESIAN_POINT('Ctrl Pts',(20.555924870356,217.596490775659,12.5657712291471));
#8694=CARTESIAN_POINT('Ctrl Pts',(20.7410459665364,217.596490775659,12.2523953499337));
#8695=CARTESIAN_POINT('Ctrl Pts',(20.9268167075542,217.596490775659,11.9379197418065));
#8696=CARTESIAN_POINT('Ctrl Pts',(21.1048961870191,217.596490775659,11.6201239863562));
#8697=CARTESIAN_POINT('Ctrl Pts',(21.2751503769482,217.596490775659,11.2995644179454));
#8698=CARTESIAN_POINT('Ctrl Pts',(21.4460987744761,217.596490775659,10.9776977751633));
#8699=CARTESIAN_POINT('Ctrl Pts',(21.609157944314,217.596490775659,10.6530451321875));
#8700=CARTESIAN_POINT('Ctrl Pts',(21.7642448397595,217.596490775659,10.3261719021164));
#8701=CARTESIAN_POINT('Ctrl Pts',(21.9200519187457,217.596490775659,9.99778075707569));
#8702=CARTESIAN_POINT('Ctrl Pts',(22.0678125646324,217.596490775659,9.66714874601487));
#8703=CARTESIAN_POINT('Ctrl Pts',(22.2074951145445,217.596490775659,9.33484549066236));
#8704=CARTESIAN_POINT('Ctrl Pts',(22.3479051052115,217.596490775659,9.0008116617264));
#8705=CARTESIAN_POINT('Ctrl Pts',(22.4801527454176,217.596490775659,8.66508951772407));
#8706=CARTESIAN_POINT('Ctrl Pts',(22.6042576562769,217.596490775659,8.32824803939602));
#8707=CARTESIAN_POINT('Ctrl Pts',(22.7330886422933,217.596490775659,7.97857920289507));
#8708=CARTESIAN_POINT('Ctrl Pts',(22.8531447956393,217.596490775659,7.62770465320437));
#8709=CARTESIAN_POINT('Ctrl Pts',(22.9645042850489,217.596490775659,7.2762437108049));
#8710=CARTESIAN_POINT('Ctrl Pts',(23.0734779138781,217.596490775659,6.9323127670831));
#8711=CARTESIAN_POINT('Ctrl Pts',(23.174123974644,217.596490775659,6.5878205490727));
#8712=CARTESIAN_POINT('Ctrl Pts',(23.2665653161824,217.596490775659,6.24332587527455));
#8713=CARTESIAN_POINT('Ctrl Pts',(23.3596178810262,217.596490775659,5.89655339838835));
#8714=CARTESIAN_POINT('Ctrl Pts',(23.4443571059068,217.596490775659,5.54977875078396));
#8715=CARTESIAN_POINT('Ctrl Pts',(23.5209543842764,217.596490775659,5.20354537309378));
#8716=CARTESIAN_POINT('Ctrl Pts',(23.5980957500067,217.596490775659,4.85485262336491));
#8717=CARTESIAN_POINT('Ctrl Pts',(23.666979362887,217.596490775659,4.5067091444153));
#8718=CARTESIAN_POINT('Ctrl Pts',(23.7278230328603,217.596490775659,4.1596386523737));
#8719=CARTESIAN_POINT('Ctrl Pts',(23.7898345642293,217.596490775659,3.80590632961967));
#8720=CARTESIAN_POINT('Ctrl Pts',(23.8434947848148,217.596490775659,3.45328890656884));
#8721=CARTESIAN_POINT('Ctrl Pts',(23.8890747427525,217.596490775659,3.10230358479601));
#8722=CARTESIAN_POINT('Ctrl Pts',(23.9346750430843,217.596490775659,2.75116161782181));
#8723=CARTESIAN_POINT('Ctrl Pts',(23.9721882492884,217.596490775659,2.40165336974682));
#8724=CARTESIAN_POINT('Ctrl Pts',(24.0019209797483,217.596490775659,2.05425628366415));
#8725=CARTESIAN_POINT('Ctrl Pts',(24.0320346185053,217.596490775659,1.70240866678861));
#8726=CARTESIAN_POINT('Ctrl Pts',(24.0541674892692,217.596490775659,1.35272684974096));
#8727=CARTESIAN_POINT('Ctrl Pts',(24.0686688971021,217.596490775659,1.00566252725611));
#8728=CARTESIAN_POINT('Ctrl Pts',(24.082784285626,217.596490775659,0.667836861559764));
#8729=CARTESIAN_POINT('Ctrl Pts',(24.0896695618071,217.596490775659,0.332491049365271));
#8730=CARTESIAN_POINT('Ctrl Pts',(24.0896695618071,217.596490775659,0.));
#8731=CARTESIAN_POINT('Origin',(3.5527136788005E-14,204.736861021426,0.));
#8732=CARTESIAN_POINT('',(24.180068367185,191.878274237599,2.86654347989937E-41));
#8733=CARTESIAN_POINT('',(-24.1800683671849,191.878274237599,-2.96120433290371E-15));
#8734=CARTESIAN_POINT('Ctrl Pts',(-24.1800683676022,191.878274237563,7.1057734855457E-15));
#8735=CARTESIAN_POINT('Ctrl Pts',(-24.1800683676022,191.878274237563,0.35620604817263));
#8736=CARTESIAN_POINT('Ctrl Pts',(-24.1721951503651,191.878274237563,0.71567691416033));
#8737=CARTESIAN_POINT('Ctrl Pts',(-24.1560287057747,191.878274237563,1.07795335135895));
#8738=CARTESIAN_POINT('Ctrl Pts',(-24.140114861881,191.878274237563,1.43456921922635));
#8739=CARTESIAN_POINT('Ctrl Pts',(-24.116164542242,191.878274237563,1.79390347317021));
#8740=CARTESIAN_POINT('Ctrl Pts',(-24.0838050643741,191.878274237563,2.15546743959315));
#8741=CARTESIAN_POINT('Ctrl Pts',(-24.0519512033479,191.878274237563,2.51138196904072));
#8742=CARTESIAN_POINT('Ctrl Pts',(-24.0119485678388,191.878274237563,2.86945683494272));
#8743=CARTESIAN_POINT('Ctrl Pts',(-23.9634743868244,191.878274237563,3.2291797060441));
#8744=CARTESIAN_POINT('Ctrl Pts',(-23.9157576148884,191.878274237563,3.58328190728453));
#8745=CARTESIAN_POINT('Ctrl Pts',(-23.8598316592072,191.878274237563,3.93898073543063));
#8746=CARTESIAN_POINT('Ctrl Pts',(-23.7954254142473,191.878274237563,4.29574622352282));
#8747=CARTESIAN_POINT('Ctrl Pts',(-23.7320255168649,191.878274237563,4.64693725086357));
#8748=CARTESIAN_POINT('Ctrl Pts',(-23.6604080112477,191.878274237563,4.99916155448522));
#8749=CARTESIAN_POINT('Ctrl Pts',(-23.5803543586471,191.878274237563,5.35187766886997));
#8750=CARTESIAN_POINT('Ctrl Pts',(-23.5015515443684,191.878274237563,5.69908259396746));
#8751=CARTESIAN_POINT('Ctrl Pts',(-23.4145739465675,191.878274237563,6.04676374800128));
#8752=CARTESIAN_POINT('Ctrl Pts',(-23.3192556445052,191.878274237563,6.39437428120462));
#8753=CARTESIAN_POINT('Ctrl Pts',(-23.2251943979689,191.878274237563,6.73740053487077));
#8754=CARTESIAN_POINT('Ctrl Pts',(-23.1230108164355,191.878274237563,7.08035767960512));
#8755=CARTESIAN_POINT('Ctrl Pts',(-23.0125900341373,191.878274237563,7.42269534486248));
#8756=CARTESIAN_POINT('Ctrl Pts',(-22.9028668133626,191.878274237563,7.76287035940894));
#8757=CARTESIAN_POINT('Ctrl Pts',(-22.7850099553283,191.878274237563,8.10243336138169));
#8758=CARTESIAN_POINT('Ctrl Pts',(-22.6589537842403,191.878274237563,8.44082458445748));
#8759=CARTESIAN_POINT('Ctrl Pts',(-22.5336163551082,191.878274237563,8.77728638220279));
#8760=CARTESIAN_POINT('Ctrl Pts',(-22.4001727066383,191.878274237563,9.11258936880221));
#8761=CARTESIAN_POINT('Ctrl Pts',(-22.2586073289895,191.878274237563,9.44616885492605));
#8762=CARTESIAN_POINT('Ctrl Pts',(-22.1177616128232,191.878274237563,9.7780525570133));
#8763=CARTESIAN_POINT('Ctrl Pts',(-21.968876435554,191.878274237563,10.1082298644379));
#8764=CARTESIAN_POINT('Ctrl Pts',(-21.8119869959352,191.878274237563,10.4361357576007));
#8765=CARTESIAN_POINT('Ctrl Pts',(-21.6557977694165,191.878274237563,10.7625781743016));
#8766=CARTESIAN_POINT('Ctrl Pts',(-21.4916755170325,191.878274237563,11.0867690229338));
#8767=CARTESIAN_POINT('Ctrl Pts',(-21.3197062393642,191.878274237563,11.4081476204129));
#8768=CARTESIAN_POINT('Ctrl Pts',(-21.1483974182115,191.878274237563,11.7282919474948));
#8769=CARTESIAN_POINT('Ctrl Pts',(-20.9693017249845,191.878274237563,12.0456451943227));
#8770=CARTESIAN_POINT('Ctrl Pts',(-20.7825555952018,191.878274237563,12.3596557069469));
#8771=CARTESIAN_POINT('Ctrl Pts',(-20.5964100864125,191.878274237563,12.672656285356));
#8772=CARTESIAN_POINT('Ctrl Pts',(-20.4026633159134,191.878274237563,12.9823352090129));
#8773=CARTESIAN_POINT('Ctrl Pts',(-20.2015013221356,191.878274237563,13.2881545217413));
#8774=CARTESIAN_POINT('Ctrl Pts',(-20.0008604345072,191.878274237563,13.593181615614));
#8775=CARTESIAN_POINT('Ctrl Pts',(-19.7928427817699,191.878274237563,13.8943686877832));
#8776=CARTESIAN_POINT('Ctrl Pts',(-19.5776827090519,191.878274237563,14.1911960738201));
#8777=CARTESIAN_POINT('Ctrl Pts',(-19.3629451169595,191.878274237563,14.4874406202151));
#8778=CARTESIAN_POINT('Ctrl Pts',(-19.1410932628399,191.878274237563,14.7793422159824));
#8779=CARTESIAN_POINT('Ctrl Pts',(-18.9124080451604,191.878274237563,15.0664039569922));
#8780=CARTESIAN_POINT('Ctrl Pts',(-18.6840283060855,191.878274237563,15.3530822398102));
#8781=CARTESIAN_POINT('Ctrl Pts',(-18.4488336282089,191.878274237563,15.634933239122));
#8782=CARTESIAN_POINT('Ctrl Pts',(-18.2071492660174,191.878274237563,15.9114871041924));
#8783=CARTESIAN_POINT('Ctrl Pts',(-17.9656358980092,191.878274237563,16.187845304546));
#8784=CARTESIAN_POINT('Ctrl Pts',(-17.7176422484476,191.878274237563,16.4589135372314));
#8785=CARTESIAN_POINT('Ctrl Pts',(-17.4635353057894,191.878274237563,16.7242530740648));
#8786=CARTESIAN_POINT('Ctrl Pts',(-17.2094484367746,191.878274237563,16.9895716499155));
#8787=CARTESIAN_POINT('Ctrl Pts',(-16.949249502319,191.878274237563,17.2491621378187));
#8788=CARTESIAN_POINT('Ctrl Pts',(-16.6833442031469,191.878274237563,17.5026207312289));
#8789=CARTESIAN_POINT('Ctrl Pts',(-16.4172928096897,191.878274237563,17.7562185804272));
#8790=CARTESIAN_POINT('Ctrl Pts',(-16.145529076179,191.878274237563,18.0036775320397));
#8791=CARTESIAN_POINT('Ctrl Pts',(-15.8684940248507,191.878274237563,18.2446321871721));
#8792=CARTESIAN_POINT('Ctrl Pts',(-15.5911327834723,191.878274237563,18.4858705501265));
#8793=CARTESIAN_POINT('Ctrl Pts',(-15.3084881309788,191.878274237563,18.7205890657119));
#8794=CARTESIAN_POINT('Ctrl Pts',(-15.0210326870004,191.878274237563,18.9484638764725));
#8795=CARTESIAN_POINT('Ctrl Pts',(-14.7330584664047,191.878274237563,19.1767499374842));
#8796=CARTESIAN_POINT('Ctrl Pts',(-14.4402564270761,191.878274237563,19.398167385987));
#8797=CARTESIAN_POINT('Ctrl Pts',(-14.1431267688011,191.878274237563,19.6124366528879));
#8798=CARTESIAN_POINT('Ctrl Pts',(-13.8452747961919,191.878274237563,19.8272268027049));
#8799=CARTESIAN_POINT('Ctrl Pts',(-13.543074511072,191.878274237563,20.0348338357045));
#8800=CARTESIAN_POINT('Ctrl Pts',(-13.2370494271883,191.878274237563,20.2350248016673));
#8801=CARTESIAN_POINT('Ctrl Pts',(-12.9300891662185,191.878274237563,20.4358275279534));
#8802=CARTESIAN_POINT('Ctrl Pts',(-12.6192810813484,191.878274237563,20.6291687004678));
#8803=CARTESIAN_POINT('Ctrl Pts',(-12.3051675325053,191.878274237563,20.8148638779814));
#8804=CARTESIAN_POINT('Ctrl Pts',(-11.9898983141636,191.878274237563,21.0012422551007));
#8805=CARTESIAN_POINT('Ctrl Pts',(-11.6712996595969,191.878274237563,21.1799182280954));
#8806=CARTESIAN_POINT('Ctrl Pts',(-11.3499281553618,191.878274237563,21.3507572964062));
#8807=CARTESIAN_POINT('Ctrl Pts',(-11.0271746062262,191.878274237563,21.5223310510849));
#8808=CARTESIAN_POINT('Ctrl Pts',(-10.7016247042357,191.878274237563,21.6860003559803));
#8809=CARTESIAN_POINT('Ctrl Pts',(-10.3738445426899,191.878274237563,21.8416816125962));
#8810=CARTESIAN_POINT('Ctrl Pts',(-10.044451857368,191.878274237563,21.9981287475575));
#8811=CARTESIAN_POINT('Ctrl Pts',(-9.71280730799638,191.878274237563,22.1465090987692));
#8812=CARTESIAN_POINT('Ctrl Pts',(-9.3794817266138,191.878274237563,22.2867904553804));
#8813=CARTESIAN_POINT('Ctrl Pts',(-9.04431083281297,191.878274237563,22.4278484188405));
#8814=CARTESIAN_POINT('Ctrl Pts',(-8.70744062600807,191.878274237563,22.5607175663021));
#8815=CARTESIAN_POINT('Ctrl Pts',(-8.36944191300506,191.878274237563,22.6854170851398));
#8816=CARTESIAN_POINT('Ctrl Pts',(-8.02936457853914,191.878274237563,22.8108834799634));
#8817=CARTESIAN_POINT('Ctrl Pts',(-7.68814518242545,191.878274237563,22.9280795995439));
#8818=CARTESIAN_POINT('Ctrl Pts',(-7.34634979754975,191.878274237563,23.0370755720851));
#8819=CARTESIAN_POINT('Ctrl Pts',(-7.00224372861003,191.878274237563,23.1468084043615));
#8820=CARTESIAN_POINT('Ctrl Pts',(-6.65755420292861,191.878274237563,23.2482300300128));
#8821=CARTESIAN_POINT('Ctrl Pts',(-6.31283795562013,191.878274237563,23.3414606057119));
#8822=CARTESIAN_POINT('Ctrl Pts',(-5.96558193489756,191.878274237563,23.4353780783571));
#8823=CARTESIAN_POINT('Ctrl Pts',(-5.6182991173729,191.878274237563,23.5209835855634));
#8824=CARTESIAN_POINT('Ctrl Pts',(-5.27153244847934,191.878274237563,23.5984459638034));
#8825=CARTESIAN_POINT('Ctrl Pts',(-4.92200156026148,191.878274237563,23.6765258264271));
#8826=CARTESIAN_POINT('Ctrl Pts',(-4.57299537168957,191.878274237563,23.7463324819754));
#8827=CARTESIAN_POINT('Ctrl Pts',(-4.22503878251876,191.878274237563,23.8080816855985));
#8828=CARTESIAN_POINT('Ctrl Pts',(-3.87409976962599,191.878274237563,23.8703601572264));
#8829=CARTESIAN_POINT('Ctrl Pts',(-3.52422868075431,191.878274237563,23.924442755412));
#8830=CARTESIAN_POINT('Ctrl Pts',(-3.17592835013751,191.878274237563,23.9705900089404));
#8831=CARTESIAN_POINT('Ctrl Pts',(-2.82443514475162,191.878274237563,24.0171602950889));
#8832=CARTESIAN_POINT('Ctrl Pts',(-2.47454184479409,191.878274237563,24.0556494050672));
#8833=CARTESIAN_POINT('Ctrl Pts',(-2.1267254712825,191.878274237563,24.0863601449392));
#8834=CARTESIAN_POINT('Ctrl Pts',(-1.77551493829127,191.878274237563,24.1173705749835));
#8835=CARTESIAN_POINT('Ctrl Pts',(-1.42642224113173,191.878274237563,24.1404504280563));
#8836=CARTESIAN_POINT('Ctrl Pts',(-1.07989514339708,191.878274237563,24.1559419758615));
#8837=CARTESIAN_POINT('Ctrl Pts',(-0.893081081725817,191.878274237563,24.1642935275467));
#8838=CARTESIAN_POINT('Ctrl Pts',(-0.707011908163384,191.878274237563,24.1704401593995));
#8839=CARTESIAN_POINT('Ctrl Pts',(-0.521752392611058,191.878274237563,24.174438580921));
#8840=CARTESIAN_POINT('Ctrl Pts',(-0.430569974800147,191.878274237563,24.1764065540137));
#8841=CARTESIAN_POINT('Ctrl Pts',(-0.339583637327976,191.878274237563,24.1778541566021));
#8842=CARTESIAN_POINT('Ctrl Pts',(-0.248800763997779,191.878274237563,24.1787883162443));
#8843=CARTESIAN_POINT('Ctrl Pts',(-0.203078982877493,191.878274237563,24.179258795324));
#8844=CARTESIAN_POINT('Ctrl Pts',(-0.157408807328075,191.878274237563,24.1795990401744));
#8845=CARTESIAN_POINT('Ctrl Pts',(-0.111791159106105,191.878274237563,24.179809945462));
#8846=CARTESIAN_POINT('Ctrl Pts',(-0.0785375124677111,191.878274237563,
24.1799636879319));
#8847=CARTESIAN_POINT('Ctrl Pts',(-0.0453117779877132,191.878274237563,
24.1800487008813));
#8848=CARTESIAN_POINT('Ctrl Pts',(-0.0121143078918032,191.878274237563,
24.1800653329445));
#8849=CARTESIAN_POINT('Ctrl Pts',(0.00209041258573264,191.878274237563,
24.1800724495653));
#8850=CARTESIAN_POINT('Ctrl Pts',(0.0162910493457361,191.878274237563,24.1800670545958));
#8851=CARTESIAN_POINT('Ctrl Pts',(0.0305002293187324,191.878274237563,24.1800491314209));
#8852=CARTESIAN_POINT('Ctrl Pts',(0.386574193753612,191.878274237563,24.1795999868592));
#8853=CARTESIAN_POINT('Ctrl Pts',(0.745894812958725,191.878274237563,24.1712793437011));
#8854=CARTESIAN_POINT('Ctrl Pts',(1.10800255829714,191.878274237563,24.1546690433284));
#8855=CARTESIAN_POINT('Ctrl Pts',(1.45879443659372,191.878274237563,24.1385778148423));
#8856=CARTESIAN_POINT('Ctrl Pts',(1.81220165128466,191.878274237563,24.1147066453418));
#8857=CARTESIAN_POINT('Ctrl Pts',(2.16775874490095,191.878274237563,24.0827018477127));
#8858=CARTESIAN_POINT('Ctrl Pts',(2.51382391041771,191.878274237563,24.0515514479943));
#8859=CARTESIAN_POINT('Ctrl Pts',(2.86192540511341,191.878274237563,24.012695642442));
#8860=CARTESIAN_POINT('Ctrl Pts',(3.21159255806206,191.878274237563,23.9658377592547));
#8861=CARTESIAN_POINT('Ctrl Pts',(3.5582247044319,191.878274237563,23.9193865885154));
#8862=CARTESIAN_POINT('Ctrl Pts',(3.90639524124256,191.878274237563,23.8650713387651));
#8863=CARTESIAN_POINT('Ctrl Pts',(4.25560781923412,191.878274237563,23.8026365840172));
#8864=CARTESIAN_POINT('Ctrl Pts',(4.60199288358573,191.878274237563,23.7407073526433));
#8865=CARTESIAN_POINT('Ctrl Pts',(4.94940293916116,191.878274237563,23.6707892832623));
#8866=CARTESIAN_POINT('Ctrl Pts',(5.29731956000941,191.878274237563,23.5926707208205));
#8867=CARTESIAN_POINT('Ctrl Pts',(5.64262320531693,191.878274237563,23.5151388561124));
#8868=CARTESIAN_POINT('Ctrl Pts',(5.98842555763167,191.878274237563,23.4295289571163));
#8869=CARTESIAN_POINT('Ctrl Pts',(6.33418999676145,191.878274237563,23.3356753351354));
#8870=CARTESIAN_POINT('Ctrl Pts',(6.67756157353009,191.878274237563,23.2424712270261));
#8871=CARTESIAN_POINT('Ctrl Pts',(7.02089545165002,191.878274237563,23.1411368803028));
#8872=CARTESIAN_POINT('Ctrl Pts',(7.36364094739933,191.878274237563,23.0315544038978));
#8873=CARTESIAN_POINT('Ctrl Pts',(7.70421771749887,191.878274237563,22.9226653117394));
#8874=CARTESIAN_POINT('Ctrl Pts',(8.04421319284238,191.878274237563,22.8056319553111));
#8875=CARTESIAN_POINT('Ctrl Pts',(8.38306696799875,191.878274237563,22.6803856773197));
#8876=CARTESIAN_POINT('Ctrl Pts',(8.71997855817708,191.878274237563,22.5558572648428));
#8877=CARTESIAN_POINT('Ctrl Pts',(9.05576114168806,191.878274237563,22.4232096641961));
#8878=CARTESIAN_POINT('Ctrl Pts',(9.38984910296425,191.878274237563,22.2824244660558));
#8879=CARTESIAN_POINT('Ctrl Pts',(9.72222215110853,191.878274237563,22.1423619350363));
#8880=CARTESIAN_POINT('Ctrl Pts',(10.0529175565299,191.878274237563,21.9942450346315));
#8881=CARTESIAN_POINT('Ctrl Pts',(10.3813691297956,191.878274237563,21.8381061736783));
#8882=CARTESIAN_POINT('Ctrl Pts',(10.7083320829215,191.878274237563,21.682674970937));
#8883=CARTESIAN_POINT('Ctrl Pts',(11.0330711125778,191.878274237563,21.5192943035272));
#8884=CARTESIAN_POINT('Ctrl Pts',(11.3550241682888,191.878274237563,21.3480475078987));
#8885=CARTESIAN_POINT('Ctrl Pts',(11.6757121876668,191.878274237563,21.1774735849593));
#8886=CARTESIAN_POINT('Ctrl Pts',(11.9936356939667,191.878274237563,20.99909522143));
#8887=CARTESIAN_POINT('Ctrl Pts',(12.3082415144997,191.878274237563,20.81304631914));
#8888=CARTESIAN_POINT('Ctrl Pts',(12.6218014403466,191.878274237563,20.6276159291137));
#8889=CARTESIAN_POINT('Ctrl Pts',(12.9320653136748,191.878274237563,20.4345659571341));
#8890=CARTESIAN_POINT('Ctrl Pts',(13.2384935522448,191.878274237563,20.2340800316964));
#8891=CARTESIAN_POINT('Ctrl Pts',(13.5440888781225,191.878274237563,20.0341390536588));
#8892=CARTESIAN_POINT('Ctrl Pts',(13.8458690099913,191.878274237563,19.8268025794029));
#8893=CARTESIAN_POINT('Ctrl Pts',(14.1433125895837,191.878274237563,19.6123026505111));
#8894=CARTESIAN_POINT('Ctrl Pts',(14.4401283951144,191.878274237563,19.3982554377));
#8895=CARTESIAN_POINT('Ctrl Pts',(14.7326255644537,191.878274237563,19.1770751111591));
#8896=CARTESIAN_POINT('Ctrl Pts',(15.0203054647854,191.878274237563,18.9490403452644));
#8897=CARTESIAN_POINT('Ctrl Pts',(15.3075532545997,191.878274237563,18.7213480997215));
#8898=CARTESIAN_POINT('Ctrl Pts',(15.589997884935,191.878274237563,18.486822170541));
#8899=CARTESIAN_POINT('Ctrl Pts',(15.8671677659246,191.878274237563,18.2457856325762));
#8900=CARTESIAN_POINT('Ctrl Pts',(16.1440901629016,191.878274237563,18.004964315289));
#8901=CARTESIAN_POINT('Ctrl Pts',(16.415746898905,191.878274237563,17.7576442325334));
#8902=CARTESIAN_POINT('Ctrl Pts',(16.6816975104523,191.878274237563,17.5041901963984));
#8903=CARTESIAN_POINT('Ctrl Pts',(16.9475727523704,191.878274237563,17.2508079883995));
#8904=CARTESIAN_POINT('Ctrl Pts',(17.2077448059217,191.878274237563,16.9912955639956));
#8905=CARTESIAN_POINT('Ctrl Pts',(17.4618081360253,191.878274237563,16.7260564055775));
#8906=CARTESIAN_POINT('Ctrl Pts',(17.7159543266518,191.878274237563,16.4607307417383));
#8907=CARTESIAN_POINT('Ctrl Pts',(17.9639875450442,191.878274237563,16.1896749034782));
#8908=CARTESIAN_POINT('Ctrl Pts',(18.2055406613222,191.878274237563,15.9133276058423));
#8909=CARTESIAN_POINT('Ctrl Pts',(18.4576553254786,191.878274237563,15.6248974369109));
#8910=CARTESIAN_POINT('Ctrl Pts',(18.7027102368827,191.878274237563,15.330703110037));
#8911=CARTESIAN_POINT('Ctrl Pts',(18.9403372924183,191.878274237563,15.0312783724922));
#8912=CARTESIAN_POINT('Ctrl Pts',(19.1688898359903,191.878274237563,14.7432880793833));
#8913=CARTESIAN_POINT('Ctrl Pts',(19.3905711309468,191.878274237563,14.4504597798176));
#8914=CARTESIAN_POINT('Ctrl Pts',(19.6051006765671,191.878274237563,14.1532940944357));
#8915=CARTESIAN_POINT('Ctrl Pts',(19.8201359178582,191.878274237563,13.8554279209221));
#8916=CARTESIAN_POINT('Ctrl Pts',(20.0279855142581,191.878274237563,13.5532042625462));
#8917=CARTESIAN_POINT('Ctrl Pts',(20.2284156947344,191.878274237563,13.2471470416442));
#8918=CARTESIAN_POINT('Ctrl Pts',(20.4294326030185,191.878274237563,12.9401938863981));
#8919=CARTESIAN_POINT('Ctrl Pts',(20.6229865016099,191.878274237563,12.6293850791278));
#8920=CARTESIAN_POINT('Ctrl Pts',(20.8088922548201,191.878274237563,12.3152632691798));
#8921=CARTESIAN_POINT('Ctrl Pts',(20.9954479562226,191.878274237563,12.0000432527534));
#8922=CARTESIAN_POINT('Ctrl Pts',(21.174301897946,191.878274237563,11.6814874234391));
#8923=CARTESIAN_POINT('Ctrl Pts',(21.3453189967939,191.878274237563,11.3601524279839));
#8924=CARTESIAN_POINT('Ctrl Pts',(21.5170309837432,191.878274237563,11.0375117627075));
#8925=CARTESIAN_POINT('Ctrl Pts',(21.6808423179602,191.878274237563,10.7120696975675));
#8926=CARTESIAN_POINT('Ctrl Pts',(21.8366688854851,191.878274237563,10.3843920499762));
#8927=CARTESIAN_POINT('Ctrl Pts',(21.9932166980969,191.878274237563,10.0551977425675));
#8928=CARTESIAN_POINT('Ctrl Pts',(22.1417057123625,191.878274237563,9.7237475023955));
#8929=CARTESIAN_POINT('Ctrl Pts',(22.2821031955559,191.878274237563,9.39061145211106));
#8930=CARTESIAN_POINT('Ctrl Pts',(22.4232295628679,191.878274237563,9.05574590090634));
#8931=CARTESIAN_POINT('Ctrl Pts',(22.5561802674213,191.878274237563,8.71917737167752));
#8932=CARTESIAN_POINT('Ctrl Pts',(22.6809738681317,191.878274237563,8.38147544618782));
#8933=CARTESIAN_POINT('Ctrl Pts',(22.8109941239795,191.878274237563,8.02962975456148));
#8934=CARTESIAN_POINT('Ctrl Pts',(22.9321595291124,191.878274237563,7.67655425160526));
#8935=CARTESIAN_POINT('Ctrl Pts',(23.0445480613828,191.878274237563,7.32287586324801));
#8936=CARTESIAN_POINT('Ctrl Pts',(23.1541268230317,191.878274237563,6.97803961496484));
#8937=CARTESIAN_POINT('Ctrl Pts',(23.2553625489017,191.878274237563,6.63263049930553));
#8938=CARTESIAN_POINT('Ctrl Pts',(23.3483772538234,191.878274237563,6.28720811450237));
#8939=CARTESIAN_POINT('Ctrl Pts',(23.4420055187004,191.878274237563,5.93950719381426));
#8940=CARTESIAN_POINT('Ctrl Pts',(23.5273041834432,191.878274237563,5.59179314632455));
#8941=CARTESIAN_POINT('Ctrl Pts',(23.6044438456983,191.878274237563,5.24461028077362));
#8942=CARTESIAN_POINT('Ctrl Pts',(23.6821301758912,191.878274237563,4.89496702408813));
#8943=CARTESIAN_POINT('Ctrl Pts',(23.7515417241708,191.878274237563,4.54586278921061));
#8944=CARTESIAN_POINT('Ctrl Pts',(23.8128955535623,191.878274237563,4.19782224695755));
#8945=CARTESIAN_POINT('Ctrl Pts',(23.8758266888213,191.878274237563,3.84083415579341));
#8946=CARTESIAN_POINT('Ctrl Pts',(23.9302806785473,191.878274237563,3.4849655258681));
#8947=CARTESIAN_POINT('Ctrl Pts',(23.9765332133267,191.878274237563,3.13074453320029));
#8948=CARTESIAN_POINT('Ctrl Pts',(24.0225141874502,191.878274237563,2.77860326406722));
#8949=CARTESIAN_POINT('Ctrl Pts',(24.0603901527482,191.878274237563,2.42809046148229));
#8950=CARTESIAN_POINT('Ctrl Pts',(24.0904673782035,191.878274237563,2.07968453416197));
#8951=CARTESIAN_POINT('Ctrl Pts',(24.1209308846792,191.878274237563,1.72680403862389));
#8952=CARTESIAN_POINT('Ctrl Pts',(24.143394383383,191.878274237563,1.37608508274051));
#8953=CARTESIAN_POINT('Ctrl Pts',(24.1582069377865,191.878274237563,1.02798045360996));
#8954=CARTESIAN_POINT('Ctrl Pts',(24.17290296027,191.878274237563,0.682614400129104));
#8955=CARTESIAN_POINT('Ctrl Pts',(24.1800683676023,191.878274237563,0.339821692325427));
#8956=CARTESIAN_POINT('Ctrl Pts',(24.1800683676023,191.878274237563,1.55431223450424E-14));
#8957=CARTESIAN_POINT('Ctrl Pts',(24.1800683676023,191.878274237563,0.));
#8958=CARTESIAN_POINT('Ctrl Pts',(24.1800683676023,191.878274237563,-0.356206048172623));
#8959=CARTESIAN_POINT('Ctrl Pts',(24.1721951503652,191.878274237563,-0.715676914160322));
#8960=CARTESIAN_POINT('Ctrl Pts',(24.1560287057748,191.878274237563,-1.07795335135895));
#8961=CARTESIAN_POINT('Ctrl Pts',(24.1401148618811,191.878274237563,-1.43456921922634));
#8962=CARTESIAN_POINT('Ctrl Pts',(24.116164542242,191.878274237563,-1.7939034731702));
#8963=CARTESIAN_POINT('Ctrl Pts',(24.0838050643742,191.878274237563,-2.15546743959313));
#8964=CARTESIAN_POINT('Ctrl Pts',(24.051951203348,191.878274237563,-2.51138196904071));
#8965=CARTESIAN_POINT('Ctrl Pts',(24.0119485678389,191.878274237563,-2.86945683494272));
#8966=CARTESIAN_POINT('Ctrl Pts',(23.9634743868245,191.878274237563,-3.2291797060441));
#8967=CARTESIAN_POINT('Ctrl Pts',(23.9157576148885,191.878274237563,-3.58328190728452));
#8968=CARTESIAN_POINT('Ctrl Pts',(23.8598316592073,191.878274237563,-3.93898073543062));
#8969=CARTESIAN_POINT('Ctrl Pts',(23.7954254142474,191.878274237563,-4.29574622352281));
#8970=CARTESIAN_POINT('Ctrl Pts',(23.732025516865,191.878274237563,-4.64693725086356));
#8971=CARTESIAN_POINT('Ctrl Pts',(23.6604080112478,191.878274237563,-4.9991615544852));
#8972=CARTESIAN_POINT('Ctrl Pts',(23.5803543586472,191.878274237563,-5.35187766886995));
#8973=CARTESIAN_POINT('Ctrl Pts',(23.5015515443685,191.878274237563,-5.69908259396744));
#8974=CARTESIAN_POINT('Ctrl Pts',(23.4145739465676,191.878274237563,-6.04676374800126));
#8975=CARTESIAN_POINT('Ctrl Pts',(23.3192556445052,191.878274237563,-6.39437428120461));
#8976=CARTESIAN_POINT('Ctrl Pts',(23.225194397969,191.878274237563,-6.73740053487043));
#8977=CARTESIAN_POINT('Ctrl Pts',(23.1230108164357,191.878274237563,-7.08035767960445));
#8978=CARTESIAN_POINT('Ctrl Pts',(23.0125900341377,191.878274237563,-7.42269534486148));
#8979=CARTESIAN_POINT('Ctrl Pts',(22.902866813363,191.878274237563,-7.76287035940804));
#8980=CARTESIAN_POINT('Ctrl Pts',(22.7850099553287,191.878274237563,-8.10243336138091));
#8981=CARTESIAN_POINT('Ctrl Pts',(22.6589537842406,191.878274237563,-8.4408245844568));
#8982=CARTESIAN_POINT('Ctrl Pts',(22.5336163551083,191.878274237563,-8.77728638220271));
#8983=CARTESIAN_POINT('Ctrl Pts',(22.4001727066381,191.878274237563,-9.11258936880273));
#8984=CARTESIAN_POINT('Ctrl Pts',(22.258607328989,191.878274237563,-9.44616885492716));
#8985=CARTESIAN_POINT('Ctrl Pts',(22.1177616128227,191.878274237563,-9.77805255701476));
#8986=CARTESIAN_POINT('Ctrl Pts',(21.9688764355532,191.878274237563,-10.1082298644396));
#8987=CARTESIAN_POINT('Ctrl Pts',(21.8119869959343,191.878274237563,-10.4361357576028));
#8988=CARTESIAN_POINT('Ctrl Pts',(21.6557977694156,191.878274237563,-10.7625781743036));
#8989=CARTESIAN_POINT('Ctrl Pts',(21.4916755170316,191.878274237563,-11.0867690229356));
#8990=CARTESIAN_POINT('Ctrl Pts',(21.3197062393634,191.878274237563,-11.4081476204145));
#8991=CARTESIAN_POINT('Ctrl Pts',(21.1483974182108,191.878274237563,-11.7282919474961));
#8992=CARTESIAN_POINT('Ctrl Pts',(20.969301724984,191.878274237563,-12.0456451943235));
#8993=CARTESIAN_POINT('Ctrl Pts',(20.7825555952016,191.878274237563,-12.3596557069473));
#8994=CARTESIAN_POINT('Ctrl Pts',(20.5964100864121,191.878274237563,-12.6726562853566));
#8995=CARTESIAN_POINT('Ctrl Pts',(20.402663315913,191.878274237563,-12.9823352090138));
#8996=CARTESIAN_POINT('Ctrl Pts',(20.2015013221349,191.878274237563,-13.2881545217424));
#8997=CARTESIAN_POINT('Ctrl Pts',(20.0008604345068,191.878274237563,-13.5931816156147));
#8998=CARTESIAN_POINT('Ctrl Pts',(19.7928427817698,191.878274237563,-13.8943686877835));
#8999=CARTESIAN_POINT('Ctrl Pts',(19.5776827090521,191.878274237563,-14.19119607382));
#9000=CARTESIAN_POINT('Ctrl Pts',(19.3629451169598,191.878274237563,-14.4874406202148));
#9001=CARTESIAN_POINT('Ctrl Pts',(19.1410932628403,191.878274237563,-14.779342215982));
#9002=CARTESIAN_POINT('Ctrl Pts',(18.9124080451609,191.878274237563,-15.0664039569917));
#9003=CARTESIAN_POINT('Ctrl Pts',(18.6840283060858,191.878274237563,-15.3530822398099));
#9004=CARTESIAN_POINT('Ctrl Pts',(18.448833628209,191.878274237563,-15.6349332391219));
#9005=CARTESIAN_POINT('Ctrl Pts',(18.2071492660173,191.878274237563,-15.9114871041925));
#9006=CARTESIAN_POINT('Ctrl Pts',(17.9656358980088,191.878274237563,-16.1878453045465));
#9007=CARTESIAN_POINT('Ctrl Pts',(17.7176422484468,191.878274237563,-16.4589135372323));
#9008=CARTESIAN_POINT('Ctrl Pts',(17.4635353057882,191.878274237563,-16.7242530740661));
#9009=CARTESIAN_POINT('Ctrl Pts',(17.2094484367737,191.878274237563,-16.9895716499165));
#9010=CARTESIAN_POINT('Ctrl Pts',(16.9492495023184,191.878274237563,-17.2491621378193));
#9011=CARTESIAN_POINT('Ctrl Pts',(16.6833442031466,191.878274237563,-17.5026207312292));
#9012=CARTESIAN_POINT('Ctrl Pts',(16.4172928096899,191.878274237563,-17.756218580427));
#9013=CARTESIAN_POINT('Ctrl Pts',(16.1455290761798,191.878274237563,-18.003677532039));
#9014=CARTESIAN_POINT('Ctrl Pts',(15.8684940248522,191.878274237563,-18.2446321871709));
#9015=CARTESIAN_POINT('Ctrl Pts',(15.5911327834748,191.878274237563,-18.4858705501244));
#9016=CARTESIAN_POINT('Ctrl Pts',(15.3084881309824,191.878274237563,-18.720589065709));
#9017=CARTESIAN_POINT('Ctrl Pts',(15.0210326870051,191.878274237563,-18.9484638764688));
#9018=CARTESIAN_POINT('Ctrl Pts',(14.7330584664085,191.878274237563,-19.1767499374813));
#9019=CARTESIAN_POINT('Ctrl Pts',(14.440256427079,191.878274237563,-19.3981673859849));
#9020=CARTESIAN_POINT('Ctrl Pts',(14.1431267688031,191.878274237563,-19.6124366528865));
#9021=CARTESIAN_POINT('Ctrl Pts',(13.8452747961943,191.878274237563,-19.8272268027032));
#9022=CARTESIAN_POINT('Ctrl Pts',(13.5430745110749,191.878274237563,-20.0348338357026));
#9023=CARTESIAN_POINT('Ctrl Pts',(13.2370494271917,191.878274237563,-20.2350248016652));
#9024=CARTESIAN_POINT('Ctrl Pts',(12.9300891662225,191.878274237563,-20.4358275279508));
#9025=CARTESIAN_POINT('Ctrl Pts',(12.6192810813532,191.878274237563,-20.6291687004649));
#9026=CARTESIAN_POINT('Ctrl Pts',(12.3051675325108,191.878274237563,-20.8148638779782));
#9027=CARTESIAN_POINT('Ctrl Pts',(11.9898983141699,191.878274237563,-21.0012422550971));
#9028=CARTESIAN_POINT('Ctrl Pts',(11.6712996596042,191.878274237563,-21.1799182280914));
#9029=CARTESIAN_POINT('Ctrl Pts',(11.3499281553701,191.878274237563,-21.3507572964019));
#9030=CARTESIAN_POINT('Ctrl Pts',(11.0271746062352,191.878274237563,-21.5223310510803));
#9031=CARTESIAN_POINT('Ctrl Pts',(10.7016247042453,191.878274237563,-21.6860003559755));
#9032=CARTESIAN_POINT('Ctrl Pts',(10.3738445427003,191.878274237563,-21.8416816125913));
#9033=CARTESIAN_POINT('Ctrl Pts',(10.0444518573775,191.878274237563,-21.9981287475532));
#9034=CARTESIAN_POINT('Ctrl Pts',(9.7128073080051,191.878274237563,-22.1465090987654));
#9035=CARTESIAN_POINT('Ctrl Pts',(9.37948172662165,191.878274237563,-22.2867904553772));
#9036=CARTESIAN_POINT('Ctrl Pts',(9.04431083282166,191.878274237563,-22.427848418837));
#9037=CARTESIAN_POINT('Ctrl Pts',(8.70744062601758,191.878274237563,-22.5607175662985));
#9038=CARTESIAN_POINT('Ctrl Pts',(8.3694419130154,191.878274237563,-22.685417085136));
#9039=CARTESIAN_POINT('Ctrl Pts',(8.02936457855027,191.878274237563,-22.8108834799595));
#9040=CARTESIAN_POINT('Ctrl Pts',(7.68814518243737,191.878274237563,-22.9280795995399));
#9041=CARTESIAN_POINT('Ctrl Pts',(7.34634979756246,191.878274237563,-23.0370755720811));
#9042=CARTESIAN_POINT('Ctrl Pts',(7.00224372862233,191.878274237563,-23.1468084043578));
#9043=CARTESIAN_POINT('Ctrl Pts',(6.65755420294049,191.878274237563,-23.2482300300094));
#9044=CARTESIAN_POINT('Ctrl Pts',(6.31283795563158,191.878274237563,-23.3414606057088));
#9045=CARTESIAN_POINT('Ctrl Pts',(5.96558193490964,191.878274237563,-23.435378078354));
#9046=CARTESIAN_POINT('Ctrl Pts',(5.61829911738559,191.878274237563,-23.5209835855604));
#9047=CARTESIAN_POINT('Ctrl Pts',(5.27153244849265,191.878274237563,-23.5984459638004));
#9048=CARTESIAN_POINT('Ctrl Pts',(4.92200156027788,191.878274237563,-23.6765258264236));
#9049=CARTESIAN_POINT('Ctrl Pts',(4.57299537170904,191.878274237563,-23.7463324819716));
#9050=CARTESIAN_POINT('Ctrl Pts',(4.22503878254128,191.878274237563,-23.8080816855945));
#9051=CARTESIAN_POINT('Ctrl Pts',(3.87409976965004,191.878274237563,-23.8703601572225));
#9052=CARTESIAN_POINT('Ctrl Pts',(3.52422868077988,191.878274237563,-23.9244427554082));
#9053=CARTESIAN_POINT('Ctrl Pts',(3.17592835016456,191.878274237563,-23.9705900089368));
#9054=CARTESIAN_POINT('Ctrl Pts',(2.82443514478503,191.878274237563,-24.0171602950849));
#9055=CARTESIAN_POINT('Ctrl Pts',(2.47454184483376,191.878274237563,-24.055649405063));
#9056=CARTESIAN_POINT('Ctrl Pts',(2.12672547132836,191.878274237563,-24.0863601449352));
#9057=CARTESIAN_POINT('Ctrl Pts',(1.77551493833631,191.878274237563,-24.1173705749802));
#9058=CARTESIAN_POINT('Ctrl Pts',(1.42642224117593,191.878274237563,-24.1404504280537));
#9059=CARTESIAN_POINT('Ctrl Pts',(1.07989514344043,191.878274237563,-24.1559419758595));
#9060=CARTESIAN_POINT('Ctrl Pts',(0.89308108176883,191.878274237563,-24.1642935275451));
#9061=CARTESIAN_POINT('Ctrl Pts',(0.707011908206057,191.878274237563,-24.1704401593982));
#9062=CARTESIAN_POINT('Ctrl Pts',(0.521752392653384,191.878274237563,-24.1744385809201));
#9063=CARTESIAN_POINT('Ctrl Pts',(0.430569974842303,191.878274237563,-24.1764065540129));
#9064=CARTESIAN_POINT('Ctrl Pts',(0.339583637369973,191.878274237563,-24.1778541566015));
#9065=CARTESIAN_POINT('Ctrl Pts',(0.248800764039604,191.878274237563,-24.1787883162439));
#9066=CARTESIAN_POINT('Ctrl Pts',(0.203078982897579,191.878274237563,-24.1792587953239));
#9067=CARTESIAN_POINT('Ctrl Pts',(0.157408807326463,191.878274237563,-24.1795990401745));
#9068=CARTESIAN_POINT('Ctrl Pts',(0.111791159082852,191.878274237563,-24.1798099454621));
#9069=CARTESIAN_POINT('Ctrl Pts',(0.0785375124502855,191.878274237563,-24.179963687932));
#9070=CARTESIAN_POINT('Ctrl Pts',(0.0453117779761117,191.878274237563,-24.1800487008813));
#9071=CARTESIAN_POINT('Ctrl Pts',(0.0121143078860096,191.878274237563,-24.1800653329445));
#9072=CARTESIAN_POINT('Ctrl Pts',(-0.00209041262527504,191.878274237563,
-24.1800724495654));
#9073=CARTESIAN_POINT('Ctrl Pts',(-0.0162910494190383,191.878274237563,
-24.1800670545957));
#9074=CARTESIAN_POINT('Ctrl Pts',(-0.0305002294258213,191.878274237563,
-24.1800491314208));
#9075=CARTESIAN_POINT('Ctrl Pts',(-0.386574193860236,191.878274237563,-24.1795999868575));
#9076=CARTESIAN_POINT('Ctrl Pts',(-0.745894813064811,191.878274237563,-24.1712793436978));
#9077=CARTESIAN_POINT('Ctrl Pts',(-1.10800255840263,191.878274237563,-24.1546690433235));
#9078=CARTESIAN_POINT('Ctrl Pts',(-1.45879443669864,191.878274237563,-24.1385778148359));
#9079=CARTESIAN_POINT('Ctrl Pts',(-1.81220165138894,191.878274237563,-24.114706645334));
#9080=CARTESIAN_POINT('Ctrl Pts',(-2.16775874500452,191.878274237563,-24.0827018477034));
#9081=CARTESIAN_POINT('Ctrl Pts',(-2.51382391052125,191.878274237563,-24.0515514479835));
#9082=CARTESIAN_POINT('Ctrl Pts',(-2.86192540521688,191.878274237563,-24.0126956424297));
#9083=CARTESIAN_POINT('Ctrl Pts',(-3.21159255816539,191.878274237563,-23.9658377592409));
#9084=CARTESIAN_POINT('Ctrl Pts',(-3.55822470453489,191.878274237563,-23.9193865885001));
#9085=CARTESIAN_POINT('Ctrl Pts',(-3.90639524134515,191.878274237563,-23.8650713387482));
#9086=CARTESIAN_POINT('Ctrl Pts',(-4.25560781933625,191.878274237563,-23.8026365839989));
#9087=CARTESIAN_POINT('Ctrl Pts',(-4.60199288368757,191.878274237563,-23.7407073526235));
#9088=CARTESIAN_POINT('Ctrl Pts',(-4.94940293926268,191.878274237563,-23.670789283241));
#9089=CARTESIAN_POINT('Ctrl Pts',(-5.29731956011054,191.878274237563,-23.5926707207978));
#9090=CARTESIAN_POINT('Ctrl Pts',(-5.64262320541828,191.878274237563,-23.5151388560881));
#9091=CARTESIAN_POINT('Ctrl Pts',(-5.9884255577332,191.878274237563,-23.4295289570903));
#9092=CARTESIAN_POINT('Ctrl Pts',(-6.33418999686311,191.878274237563,-23.3356753351078));
#9093=CARTESIAN_POINT('Ctrl Pts',(-6.67756157363197,191.878274237563,-23.2424712269968));
#9094=CARTESIAN_POINT('Ctrl Pts',(-7.02089545175207,191.878274237563,-23.1411368802718));
#9095=CARTESIAN_POINT('Ctrl Pts',(-7.3636409475015,191.878274237563,-23.0315544038651));
#9096=CARTESIAN_POINT('Ctrl Pts',(-7.70421771760003,191.878274237563,-22.9226653117053));
#9097=CARTESIAN_POINT('Ctrl Pts',(-8.04421319294252,191.878274237563,-22.8056319552758));
#9098=CARTESIAN_POINT('Ctrl Pts',(-8.38306696809777,191.878274237563,-22.6803856772831));
#9099=CARTESIAN_POINT('Ctrl Pts',(-8.71997855827534,191.878274237563,-22.5558572648048));
#9100=CARTESIAN_POINT('Ctrl Pts',(-9.05576114178552,191.878274237563,-22.4232096641567));
#9101=CARTESIAN_POINT('Ctrl Pts',(-9.38984910306084,191.878274237563,-22.282424466015));
#9102=CARTESIAN_POINT('Ctrl Pts',(-9.72222215120595,191.878274237563,-22.1423619349935));
#9103=CARTESIAN_POINT('Ctrl Pts',(-10.0529175566281,191.878274237563,-21.9942450345866));
#9104=CARTESIAN_POINT('Ctrl Pts',(-10.3813691298944,191.878274237563,-21.8381061736313));
#9105=CARTESIAN_POINT('Ctrl Pts',(-10.7083320830199,191.878274237563,-21.6826749708884));
#9106=CARTESIAN_POINT('Ctrl Pts',(-11.0330711126756,191.878274237563,-21.519294303477));
#9107=CARTESIAN_POINT('Ctrl Pts',(-11.355024168386,191.878274237563,-21.3480475078469));
#9108=CARTESIAN_POINT('Ctrl Pts',(-11.6757121877647,191.878274237563,-21.1774735849053));
#9109=CARTESIAN_POINT('Ctrl Pts',(-11.9936356940653,191.878274237563,-20.9990952213737));
#9110=CARTESIAN_POINT('Ctrl Pts',(-12.308241514599,191.878274237563,-20.8130463190812));
#9111=CARTESIAN_POINT('Ctrl Pts',(-12.6218014404464,191.878274237563,-20.6276159290527));
#9112=CARTESIAN_POINT('Ctrl Pts',(-12.932065313775,191.878274237563,-20.4345659570706));
#9113=CARTESIAN_POINT('Ctrl Pts',(-13.2384935523453,191.878274237563,-20.2340800316305));
#9114=CARTESIAN_POINT('Ctrl Pts',(-13.5440888782213,191.878274237563,-20.0341390535919));
#9115=CARTESIAN_POINT('Ctrl Pts',(-13.8458690100883,191.878274237563,-19.8268025793351));
#9116=CARTESIAN_POINT('Ctrl Pts',(-14.1433125896788,191.878274237563,-19.6123026504424));
#9117=CARTESIAN_POINT('Ctrl Pts',(-14.440128395209,191.878274237563,-19.3982554376295));
#9118=CARTESIAN_POINT('Ctrl Pts',(-14.7326255645477,191.878274237563,-19.1770751110868));
#9119=CARTESIAN_POINT('Ctrl Pts',(-15.0203054648787,191.878274237563,-18.9490403451904));
#9120=CARTESIAN_POINT('Ctrl Pts',(-15.3075532546929,191.878274237563,-18.7213480996453));
#9121=CARTESIAN_POINT('Ctrl Pts',(-15.589997885028,191.878274237563,-18.4868221704625));
#9122=CARTESIAN_POINT('Ctrl Pts',(-15.8671677660173,191.878274237563,-18.2457856324955));
#9123=CARTESIAN_POINT('Ctrl Pts',(-16.1440901629929,191.878274237563,-18.0049643152071));
#9124=CARTESIAN_POINT('Ctrl Pts',(-16.4157468989948,191.878274237563,-17.7576442324503));
#9125=CARTESIAN_POINT('Ctrl Pts',(-16.6816975105407,191.878274237563,-17.5041901963141));
#9126=CARTESIAN_POINT('Ctrl Pts',(-16.9475727524564,191.878274237563,-17.250807988315));
#9127=CARTESIAN_POINT('Ctrl Pts',(-17.2077448060053,191.878274237563,-16.9912955639108));
#9128=CARTESIAN_POINT('Ctrl Pts',(-17.4618081361064,191.878274237563,-16.7260564054927));
#9129=CARTESIAN_POINT('Ctrl Pts',(-17.7159543267314,191.878274237563,-16.4607307416526));
#9130=CARTESIAN_POINT('Ctrl Pts',(-17.963987545122,191.878274237563,-16.1896749033917));
#9131=CARTESIAN_POINT('Ctrl Pts',(-18.2055406613984,191.878274237563,-15.9133276057551));
#9132=CARTESIAN_POINT('Ctrl Pts',(-18.4576553255518,191.878274237563,-15.6248974368243));
#9133=CARTESIAN_POINT('Ctrl Pts',(-18.702710236953,191.878274237563,-15.3307031099512));
#9134=CARTESIAN_POINT('Ctrl Pts',(-18.9403372924856,191.878274237563,-15.0312783724072));
#9135=CARTESIAN_POINT('Ctrl Pts',(-19.1688898360565,191.878274237563,-14.7432880792972));
#9136=CARTESIAN_POINT('Ctrl Pts',(-19.3905711310118,191.878274237563,-14.4504597797303));
#9137=CARTESIAN_POINT('Ctrl Pts',(-19.6051006766309,191.878274237563,-14.1532940943473));
#9138=CARTESIAN_POINT('Ctrl Pts',(-19.8201359179207,191.878274237563,-13.8554279208326));
#9139=CARTESIAN_POINT('Ctrl Pts',(-20.0279855143194,191.878274237563,-13.5532042624556));
#9140=CARTESIAN_POINT('Ctrl Pts',(-20.2284156947944,191.878274237563,-13.2471470415526));
#9141=CARTESIAN_POINT('Ctrl Pts',(-20.4294326030772,191.878274237563,-12.9401938863054));
#9142=CARTESIAN_POINT('Ctrl Pts',(-20.6229865016673,191.878274237563,-12.629385079034));
#9143=CARTESIAN_POINT('Ctrl Pts',(-20.8088922548762,191.878274237563,-12.3152632690849));
#9144=CARTESIAN_POINT('Ctrl Pts',(-20.9954479562771,191.878274237563,-12.0000432526578));
#9145=CARTESIAN_POINT('Ctrl Pts',(-21.174301897999,191.878274237563,-11.6814874233429));
#9146=CARTESIAN_POINT('Ctrl Pts',(-21.3453189968454,191.878274237563,-11.3601524278871));
#9147=CARTESIAN_POINT('Ctrl Pts',(-21.517030983793,191.878274237563,-11.0375117626103));
#9148=CARTESIAN_POINT('Ctrl Pts',(-21.6808423180083,191.878274237563,-10.71206969747));
#9149=CARTESIAN_POINT('Ctrl Pts',(-21.8366688855315,191.878274237563,-10.3843920498783));
#9150=CARTESIAN_POINT('Ctrl Pts',(-21.993216698142,191.878274237563,-10.0551977424688));
#9151=CARTESIAN_POINT('Ctrl Pts',(-22.1417057124061,191.878274237563,-9.723747502296));
#9152=CARTESIAN_POINT('Ctrl Pts',(-22.282103195598,191.878274237563,-9.39061145201084));
#9153=CARTESIAN_POINT('Ctrl Pts',(-22.4232295629088,191.878274237563,-9.05574590080497));
#9154=CARTESIAN_POINT('Ctrl Pts',(-22.5561802674608,191.878274237563,-8.71917737157506));
#9155=CARTESIAN_POINT('Ctrl Pts',(-22.6809738681698,191.878274237563,-8.38147544608432));
#9156=CARTESIAN_POINT('Ctrl Pts',(-22.8109941240144,191.878274237563,-8.02962975446205));
#9157=CARTESIAN_POINT('Ctrl Pts',(-22.9321595291441,191.878274237563,-7.67655425151));
#9158=CARTESIAN_POINT('Ctrl Pts',(-23.0445480614116,191.878274237563,-7.32287586315698));
#9159=CARTESIAN_POINT('Ctrl Pts',(-23.1541268230592,191.878274237563,-6.97803961487346));
#9160=CARTESIAN_POINT('Ctrl Pts',(-23.2553625489277,191.878274237563,-6.63263049921383));
#9161=CARTESIAN_POINT('Ctrl Pts',(-23.3483772538481,191.878274237563,-6.28720811441042));
#9162=CARTESIAN_POINT('Ctrl Pts',(-23.4420055187237,191.878274237563,-5.93950719372211));
#9163=CARTESIAN_POINT('Ctrl Pts',(-23.5273041834651,191.878274237563,-5.59179314623225));
#9164=CARTESIAN_POINT('Ctrl Pts',(-23.6044438457188,191.878274237563,-5.24461028068121));
#9165=CARTESIAN_POINT('Ctrl Pts',(-23.6821301759103,191.878274237563,-4.89496702399529));
#9166=CARTESIAN_POINT('Ctrl Pts',(-23.7515417241885,191.878274237563,-4.5458627891174));
#9167=CARTESIAN_POINT('Ctrl Pts',(-23.8128955535788,191.878274237563,-4.19782224686401));
#9168=CARTESIAN_POINT('Ctrl Pts',(-23.8758266888348,191.878274237563,-3.84083415570786));
#9169=CARTESIAN_POINT('Ctrl Pts',(-23.9302806785584,191.878274237563,-3.48496552579053));
#9170=CARTESIAN_POINT('Ctrl Pts',(-23.9765332133357,191.878274237563,-3.13074453313066));
#9171=CARTESIAN_POINT('Ctrl Pts',(-24.0225141874581,191.878274237563,-2.77860326399774));
#9172=CARTESIAN_POINT('Ctrl Pts',(-24.0603901527551,191.878274237563,-2.42809046141299));
#9173=CARTESIAN_POINT('Ctrl Pts',(-24.0904673782094,191.878274237563,-2.07968453409288));
#9174=CARTESIAN_POINT('Ctrl Pts',(-24.1209308846841,191.878274237563,-1.72680403855479));
#9175=CARTESIAN_POINT('Ctrl Pts',(-24.1433943833869,191.878274237563,-1.37608508267142));
#9176=CARTESIAN_POINT('Ctrl Pts',(-24.1582069377894,191.878274237563,-1.02798045354092));
#9177=CARTESIAN_POINT('Ctrl Pts',(-24.1729029602709,191.878274237563,-0.682614400083413));
#9178=CARTESIAN_POINT('Ctrl Pts',(-24.1800683676022,191.878274237563,-0.339821692302773));
#9179=CARTESIAN_POINT('Ctrl Pts',(-24.1800683676022,191.878274237563,0.));
#9180=CARTESIAN_POINT('',(-24.1348707975162,204.736861021426,-2.95566922700132E-15));
#9181=CARTESIAN_POINT('Ctrl Pts',(23.1970425051699,188.430677066295,0.));
#9182=CARTESIAN_POINT('Ctrl Pts',(23.1970425051699,188.430677066295,23.1970425051698));
#9183=CARTESIAN_POINT('Ctrl Pts',(3.5527136788005E-14,188.430677066295,
23.1970425051698));
#9184=CARTESIAN_POINT('Ctrl Pts',(-23.1970425051698,188.430677066295,23.1970425051698));
#9185=CARTESIAN_POINT('Ctrl Pts',(-23.1970425051698,188.430677066295,0.));
#9186=CARTESIAN_POINT('Ctrl Pts',(-23.1970425051698,188.430677066295,-23.1970425051698));
#9187=CARTESIAN_POINT('Ctrl Pts',(3.5527136788005E-14,188.430677066295,
-23.1970425051698));
#9188=CARTESIAN_POINT('Ctrl Pts',(23.1970425051699,188.430677066295,-23.1970425051698));
#9189=CARTESIAN_POINT('Ctrl Pts',(23.1970425051699,188.430677066295,0.));
#9190=CARTESIAN_POINT('Ctrl Pts',(23.8523416100995,189.335145217274,0.));
#9191=CARTESIAN_POINT('Ctrl Pts',(23.8523416100995,189.335145217274,23.8523416100995));
#9192=CARTESIAN_POINT('Ctrl Pts',(3.5527136788005E-14,189.335145217274,
23.8523416100995));
#9193=CARTESIAN_POINT('Ctrl Pts',(-23.8523416100994,189.335145217274,23.8523416100995));
#9194=CARTESIAN_POINT('Ctrl Pts',(-23.8523416100994,189.335145217274,0.));
#9195=CARTESIAN_POINT('Ctrl Pts',(-23.8523416100994,189.335145217274,-23.8523416100995));
#9196=CARTESIAN_POINT('Ctrl Pts',(3.5527136788005E-14,189.335145217274,
-23.8523416100995));
#9197=CARTESIAN_POINT('Ctrl Pts',(23.8523416100995,189.335145217274,-23.8523416100995));
#9198=CARTESIAN_POINT('Ctrl Pts',(23.8523416100995,189.335145217274,0.));
#9199=CARTESIAN_POINT('Ctrl Pts',(24.0394930800766,190.431659995617,0.));
#9200=CARTESIAN_POINT('Ctrl Pts',(24.0394930800766,190.431659995617,24.0394930800766));
#9201=CARTESIAN_POINT('Ctrl Pts',(3.5527136788005E-14,190.431659995617,
24.0394930800766));
#9202=CARTESIAN_POINT('Ctrl Pts',(-24.0394930800766,190.431659995617,24.0394930800766));
#9203=CARTESIAN_POINT('Ctrl Pts',(-24.0394930800766,190.431659995617,0.));
#9204=CARTESIAN_POINT('Ctrl Pts',(-24.0394930800766,190.431659995617,-24.0394930800766));
#9205=CARTESIAN_POINT('Ctrl Pts',(3.5527136788005E-14,190.431659995617,
-24.0394930800766));
#9206=CARTESIAN_POINT('Ctrl Pts',(24.0394930800766,190.431659995617,-24.0394930800766));
#9207=CARTESIAN_POINT('Ctrl Pts',(24.0394930800766,190.431659995617,0.));
#9208=CARTESIAN_POINT('Ctrl Pts',(24.1507355435634,191.558893582099,0.));
#9209=CARTESIAN_POINT('Ctrl Pts',(24.1507355435634,191.558893582099,24.1507355435634));
#9210=CARTESIAN_POINT('Ctrl Pts',(3.5527136788005E-14,191.558893582099,
24.1507355435634));
#9211=CARTESIAN_POINT('Ctrl Pts',(-24.1507355435633,191.558893582099,24.1507355435634));
#9212=CARTESIAN_POINT('Ctrl Pts',(-24.1507355435633,191.558893582099,0.));
#9213=CARTESIAN_POINT('Ctrl Pts',(-24.1507355435633,191.558893582099,-24.1507355435634));
#9214=CARTESIAN_POINT('Ctrl Pts',(3.5527136788005E-14,191.558893582099,
-24.1507355435634));
#9215=CARTESIAN_POINT('Ctrl Pts',(24.1507355435634,191.558893582099,-24.1507355435634));
#9216=CARTESIAN_POINT('Ctrl Pts',(24.1507355435634,191.558893582099,0.));
#9217=CARTESIAN_POINT('Ctrl Pts',(24.1604491341487,191.657322592117,0.));
#9218=CARTESIAN_POINT('Ctrl Pts',(24.1604491341487,191.657322592117,24.1604491341486));
#9219=CARTESIAN_POINT('Ctrl Pts',(3.5527136788005E-14,191.657322592117,
24.1604491341486));
#9220=CARTESIAN_POINT('Ctrl Pts',(-24.1604491341486,191.657322592117,24.1604491341486));
#9221=CARTESIAN_POINT('Ctrl Pts',(-24.1604491341486,191.657322592117,0.));
#9222=CARTESIAN_POINT('Ctrl Pts',(-24.1604491341486,191.657322592117,-24.1604491341486));
#9223=CARTESIAN_POINT('Ctrl Pts',(3.5527136788005E-14,191.657322592117,
-24.1604491341486));
#9224=CARTESIAN_POINT('Ctrl Pts',(24.1604491341487,191.657322592117,-24.1604491341486));
#9225=CARTESIAN_POINT('Ctrl Pts',(24.1604491341487,191.657322592117,0.));
#9226=CARTESIAN_POINT('Ctrl Pts',(24.1695241282363,191.756287125218,0.));
#9227=CARTESIAN_POINT('Ctrl Pts',(24.1695241282363,191.756287125218,24.1695241282362));
#9228=CARTESIAN_POINT('Ctrl Pts',(3.5527136788005E-14,191.756287125218,
24.1695241282362));
#9229=CARTESIAN_POINT('Ctrl Pts',(-24.1695241282362,191.756287125218,24.1695241282362));
#9230=CARTESIAN_POINT('Ctrl Pts',(-24.1695241282362,191.756287125218,0.));
#9231=CARTESIAN_POINT('Ctrl Pts',(-24.1695241282362,191.756287125218,-24.1695241282362));
#9232=CARTESIAN_POINT('Ctrl Pts',(3.5527136788005E-14,191.756287125218,
-24.1695241282362));
#9233=CARTESIAN_POINT('Ctrl Pts',(24.1695241282363,191.756287125218,-24.1695241282362));
#9234=CARTESIAN_POINT('Ctrl Pts',(24.1695241282363,191.756287125218,0.));
#9235=CARTESIAN_POINT('Ctrl Pts',(24.1781323244559,191.855793914515,0.));
#9236=CARTESIAN_POINT('Ctrl Pts',(24.1781323244559,191.855793914515,24.1781323244558));
#9237=CARTESIAN_POINT('Ctrl Pts',(3.5527136788005E-14,191.855793914515,
24.1781323244559));
#9238=CARTESIAN_POINT('Ctrl Pts',(-24.1781323244558,191.855793914515,24.1781323244558));
#9239=CARTESIAN_POINT('Ctrl Pts',(-24.1781323244558,191.855793914515,0.));
#9240=CARTESIAN_POINT('Ctrl Pts',(-24.1781323244558,191.855793914515,-24.1781323244558));
#9241=CARTESIAN_POINT('Ctrl Pts',(3.5527136788005E-14,191.855793914515,
-24.1781323244559));
#9242=CARTESIAN_POINT('Ctrl Pts',(24.1781323244559,191.855793914515,-24.1781323244558));
#9243=CARTESIAN_POINT('Ctrl Pts',(24.1781323244559,191.855793914515,0.));
#9244=CARTESIAN_POINT('Ctrl Pts',(24.1797459764492,191.874446989422,0.));
#9245=CARTESIAN_POINT('Ctrl Pts',(24.1797459764492,191.874446989422,24.1797459764492));
#9246=CARTESIAN_POINT('Ctrl Pts',(3.5527136788005E-14,191.874446989422,
24.1797459764492));
#9247=CARTESIAN_POINT('Ctrl Pts',(-24.1797459764491,191.874446989422,24.1797459764492));
#9248=CARTESIAN_POINT('Ctrl Pts',(-24.1797459764491,191.874446989422,0.));
#9249=CARTESIAN_POINT('Ctrl Pts',(-24.1797459764491,191.874446989422,-24.1797459764492));
#9250=CARTESIAN_POINT('Ctrl Pts',(3.5527136788005E-14,191.874446989422,
-24.1797459764492));
#9251=CARTESIAN_POINT('Ctrl Pts',(24.1797459764492,191.874446989422,-24.1797459764492));
#9252=CARTESIAN_POINT('Ctrl Pts',(24.1797459764492,191.874446989422,0.));
#9253=CARTESIAN_POINT('Ctrl Pts',(24.1813431563288,191.89311911584,0.));
#9254=CARTESIAN_POINT('Ctrl Pts',(24.1813431563288,191.89311911584,24.1813431563288));
#9255=CARTESIAN_POINT('Ctrl Pts',(3.5527136788005E-14,191.89311911584,24.1813431563288));
#9256=CARTESIAN_POINT('Ctrl Pts',(-24.1813431563287,191.89311911584,24.1813431563288));
#9257=CARTESIAN_POINT('Ctrl Pts',(-24.1813431563287,191.89311911584,0.));
#9258=CARTESIAN_POINT('Ctrl Pts',(-24.1813431563287,191.89311911584,-24.1813431563288));
#9259=CARTESIAN_POINT('Ctrl Pts',(3.5527136788005E-14,191.89311911584,-24.1813431563288));
#9260=CARTESIAN_POINT('Ctrl Pts',(24.1813431563288,191.89311911584,-24.1813431563288));
#9261=CARTESIAN_POINT('Ctrl Pts',(24.1813431563288,191.89311911584,0.));
#9262=CARTESIAN_POINT('Ctrl Pts',(24.1829249012062,191.911810333973,0.));
#9263=CARTESIAN_POINT('Ctrl Pts',(24.1829249012062,191.911810333973,24.1829249012062));
#9264=CARTESIAN_POINT('Ctrl Pts',(3.5527136788005E-14,191.911810333973,
24.1829249012062));
#9265=CARTESIAN_POINT('Ctrl Pts',(-24.1829249012061,191.911810333973,24.1829249012062));
#9266=CARTESIAN_POINT('Ctrl Pts',(-24.1829249012061,191.911810333973,0.));
#9267=CARTESIAN_POINT('Ctrl Pts',(-24.1829249012061,191.911810333973,-24.1829249012062));
#9268=CARTESIAN_POINT('Ctrl Pts',(3.5527136788005E-14,191.911810333973,
-24.1829249012062));
#9269=CARTESIAN_POINT('Ctrl Pts',(24.1829249012062,191.911810333973,-24.1829249012062));
#9270=CARTESIAN_POINT('Ctrl Pts',(24.1829249012062,191.911810333973,0.));
#9271=CARTESIAN_POINT('',(23.3897089972318,188.724031638615,-1.2991600174877E-31));
#9272=CARTESIAN_POINT('Ctrl Pts',(23.3897089972302,188.724031638616,0.));
#9273=CARTESIAN_POINT('Ctrl Pts',(23.8910213293515,189.568252033331,0.));
#9274=CARTESIAN_POINT('Ctrl Pts',(24.0512059779304,190.550348232482,0.));
#9275=CARTESIAN_POINT('Ctrl Pts',(24.1507355435634,191.558893582099,0.));
#9276=CARTESIAN_POINT('Ctrl Pts',(24.1604491341487,191.657322592117,0.));
#9277=CARTESIAN_POINT('Ctrl Pts',(24.1695241282363,191.756287125218,0.));
#9278=CARTESIAN_POINT('Ctrl Pts',(24.1781323244559,191.855793914515,0.));
#9279=CARTESIAN_POINT('Ctrl Pts',(24.1787803059158,191.863284282178,0.));
#9280=CARTESIAN_POINT('Ctrl Pts',(24.179425630823,191.870777721223,0.));
#9281=CARTESIAN_POINT('Ctrl Pts',(24.1800683670803,191.878274236379,0.));
#9282=CARTESIAN_POINT('Ctrl Pts',(23.389708997229,188.724031638614,2.77555756156289E-16));
#9283=CARTESIAN_POINT('Ctrl Pts',(23.389708997229,188.724031638614,-1.3864886479802));
#9284=CARTESIAN_POINT('Ctrl Pts',(23.2664261025092,188.724031638612,-2.77090990461911));
#9285=CARTESIAN_POINT('Ctrl Pts',(22.7159725737459,188.724031638612,-5.83410466344682));
#9286=CARTESIAN_POINT('Ctrl Pts',(22.224211151098,188.724031638612,-7.49243791476708));
#9287=CARTESIAN_POINT('Ctrl Pts',(21.5546572174789,188.724031638612,-9.08158792348465));
#9288=CARTESIAN_POINT('Ctrl Pts',(20.3720998401833,188.724031638612,-11.8883238294039));
#9289=CARTESIAN_POINT('Ctrl Pts',(18.6526304210062,188.724031638612,-14.4372460583215));
#9290=CARTESIAN_POINT('Ctrl Pts',(14.3334350541936,188.724031638612,-18.7325207838769));
#9291=CARTESIAN_POINT('Ctrl Pts',(11.7750029684082,188.724031638612,-20.4378081130327));
#9292=CARTESIAN_POINT('Ctrl Pts',(6.14848293300998,188.724031638612,-22.7717116834385));
#9293=CARTESIAN_POINT('Ctrl Pts',(3.13418758162602,188.724031638612,-23.3780145344798));
#9294=CARTESIAN_POINT('Ctrl Pts',(-2.95714249501746,188.724031638612,-23.4010684293544));
#9295=CARTESIAN_POINT('Ctrl Pts',(-5.97594078471282,188.724031638612,-22.8175990653874));
#9296=CARTESIAN_POINT('Ctrl Pts',(-11.6199656595663,188.724031638612,-20.5263511964904));
#9297=CARTESIAN_POINT('Ctrl Pts',(-14.1912322906896,188.724031638612,-18.8404782700136));
#9298=CARTESIAN_POINT('Ctrl Pts',(-18.5428161632547,188.724031638612,-14.5780198966425));
#9299=CARTESIAN_POINT('Ctrl Pts',(-20.2815298910783,188.724031638611,-12.0421858750169));
#9300=CARTESIAN_POINT('Ctrl Pts',(-22.6890669656467,188.724031638611,-6.4467771482778));
#9301=CARTESIAN_POINT('Ctrl Pts',(-23.3348729457496,188.724031638611,-3.44069760032518));
#9302=CARTESIAN_POINT('Ctrl Pts',(-23.4378588273442,188.724031638611,2.64980545713092));
#9303=CARTESIAN_POINT('Ctrl Pts',(-22.8940541276765,188.724031638612,5.6760004378245));
#9304=CARTESIAN_POINT('Ctrl Pts',(-20.6770677192237,188.724031638612,11.3496064207445));
#9305=CARTESIAN_POINT('Ctrl Pts',(-19.0250816088543,188.724031638611,13.9427746574199));
#9306=CARTESIAN_POINT('Ctrl Pts',(-14.8200942649364,188.724031638611,18.3499182927216));
#9307=CARTESIAN_POINT('Ctrl Pts',(-12.3072950022907,188.724031638611,20.1217589961153));
#9308=CARTESIAN_POINT('Ctrl Pts',(-6.74396116699445,188.724031638611,22.6025149739853));
#9309=CARTESIAN_POINT('Ctrl Pts',(-3.74661509806053,188.724031638611,23.2877128691966));
#9310=CARTESIAN_POINT('Ctrl Pts',(2.34201209745564,188.724031638611,23.4706130023596));
#9311=CARTESIAN_POINT('Ctrl Pts',(5.3750826294905,188.724031638611,22.96656661535));
#9312=CARTESIAN_POINT('Ctrl Pts',(11.0772926713794,188.724031638611,20.8242234535592));
#9313=CARTESIAN_POINT('Ctrl Pts',(13.6919159452884,188.724031638612,19.2064086470721));
#9314=CARTESIAN_POINT('Ctrl Pts',(18.153860391132,188.724031638612,15.0596164715592));
#9315=CARTESIAN_POINT('Ctrl Pts',(19.9585229422167,188.724031638611,12.5702846959077));
#9316=CARTESIAN_POINT('Ctrl Pts',(22.5120706135331,188.724031638611,7.03998381123565));
#9317=CARTESIAN_POINT('Ctrl Pts',(23.236542426236,188.724031638611,4.05188739291935));
#9318=CARTESIAN_POINT('Ctrl Pts',(23.3824558938642,188.724031638611,0.672725192922982));
#9319=CARTESIAN_POINT('Ctrl Pts',(23.389708997229,188.724031638614,0.336301780385613));
#9320=CARTESIAN_POINT('Ctrl Pts',(23.389708997229,188.724031638614,2.77555756156289E-16));
#9321=CARTESIAN_POINT('Origin',(0.,211.552544540327,-2.32864729147765E-16));
#9322=CARTESIAN_POINT('',(0.,211.126044540327,-18.188));
#9323=CARTESIAN_POINT('Origin',(0.,211.126044540327,-3.18132504234864E-16));
#9324=CARTESIAN_POINT('',(0.,211.979044540327,-17.95));
#9325=CARTESIAN_POINT('',(1.62753627865281E-15,211.552544540327,-18.069));
#9326=CARTESIAN_POINT('Origin',(0.,211.979044540327,-1.47596954060665E-16));
#9327=CARTESIAN_POINT('Origin',(0.,211.126044540327,20.3977823930286));
#9328=CARTESIAN_POINT('',(-2.59143634256031E-15,211.126044540327,-20.3977823930286));
#9329=CARTESIAN_POINT('Origin',(0.,211.126044540327,0.));
#9330=CARTESIAN_POINT('Origin',(0.,212.717308214295,0.));
#9331=CARTESIAN_POINT('',(0.,214.308571888263,-17.95));
#9332=CARTESIAN_POINT('Origin',(0.,214.308571888263,3.18132504234873E-16));
#9333=CARTESIAN_POINT('',(-2.77966446497873E-15,212.717308214295,-17.95));
#9334=CARTESIAN_POINT('Origin',(0.,224.68737925588,-7.27593317428027E-17));
#9335=CARTESIAN_POINT('',(-17.4035033289817,223.287313402826,4.18864318044401));
#9336=CARTESIAN_POINT('',(-17.4035033289817,223.287313402826,-4.18864318044401));
#9337=CARTESIAN_POINT('Origin',(0.,223.287313402826,-3.52666718062466E-16));
#9338=CARTESIAN_POINT('',(-16.456175464566,220.793563546453,3.96064205194008));
#9339=CARTESIAN_POINT('',(-17.3617414496229,223.17737925588,4.17859200810981));
#9340=CARTESIAN_POINT('',(-16.4561754645658,220.793563546453,-3.96064205194004));
#9341=CARTESIAN_POINT('Origin',(0.,220.793563546453,-1.15311417939472E-15));
#9342=CARTESIAN_POINT('',(-17.3617414496229,223.17737925588,-4.1785920081098));
#9343=CARTESIAN_POINT('Origin',(-14.0719316850493,224.68737925588,3.38680664312577));
#9344=CARTESIAN_POINT('',(-10.7403600411171,223.287313402826,2.58497010580751));
#9345=CARTESIAN_POINT('Origin',(-14.0719316850493,223.287313402826,3.38680664312577));
#9346=CARTESIAN_POINT('',(-11.6876879055328,220.793563546453,2.81297123431143));
#9347=CARTESIAN_POINT('',(-9.6348816937849,226.19737925588,2.31890560987522));
#9348=CARTESIAN_POINT('Origin',(-14.0719316850493,220.793563546453,3.38680664312577));
#9349=CARTESIAN_POINT('Origin',(14.0719316850496,224.68737925588,3.38680664312577));
#9350=CARTESIAN_POINT('',(17.4035033289818,223.287313402826,4.18864318044401));
#9351=CARTESIAN_POINT('',(10.7403600411174,223.287313402826,2.58497010580752));
#9352=CARTESIAN_POINT('Origin',(14.0719316850496,223.287313402826,3.38680664312577));
#9353=CARTESIAN_POINT('',(16.4561754645661,220.793563546453,3.96064205194008));
#9354=CARTESIAN_POINT('',(17.3617414496231,223.17737925588,4.17859200810981));
#9355=CARTESIAN_POINT('',(11.687687905533,220.793563546454,2.81297123431141));
#9356=CARTESIAN_POINT('Origin',(14.0719316850496,220.793563546453,3.38680664312577));
#9357=CARTESIAN_POINT('',(10.7821219204761,223.17737925588,2.59502127814172));
#9358=CARTESIAN_POINT('Origin',(0.,224.68737925588,-7.27593317428023E-17));
#9359=CARTESIAN_POINT('',(17.4035033289819,223.287313402826,-4.18864318044401));
#9360=CARTESIAN_POINT('Origin',(0.,223.287313402826,-3.52666718062466E-16));
#9361=CARTESIAN_POINT('',(16.456175464566,220.793563546453,-3.96064205194003));
#9362=CARTESIAN_POINT('',(18.508981676314,226.19737925588,-4.4547076763763));
#9363=CARTESIAN_POINT('Origin',(0.,220.793563546453,-1.15311417939473E-15));
#9364=CARTESIAN_POINT('Origin',(0.,226.561313402826,0.));
#9365=CARTESIAN_POINT('',(-16.4561754645659,214.308571888263,3.96064205194008));
#9366=CARTESIAN_POINT('',(-16.4561754645659,226.561313402826,3.96064205194008));
#9367=CARTESIAN_POINT('',(-16.4561754645659,214.308571888263,-3.96064205194008));
#9368=CARTESIAN_POINT('Origin',(0.,214.308571888263,0.));
#9369=CARTESIAN_POINT('',(-16.4561754645659,226.561313402826,-3.96064205194008));
#9370=CARTESIAN_POINT('Origin',(-14.0719316850493,226.561313402826,3.38680664312577));
#9371=CARTESIAN_POINT('',(-11.6876879055329,214.308846797439,2.81297123431145));
#9372=CARTESIAN_POINT('',(-11.6876879055329,217.083846797439,2.81297123431145));
#9373=CARTESIAN_POINT('',(-13.8624330894304,214.308846797439,5.83016822402328));
#9374=CARTESIAN_POINT('Origin',(-14.0719316850495,214.308846797439,3.38680664312562));
#9375=CARTESIAN_POINT('',(-13.8624330894302,214.308571888263,5.83016822402314));
#9376=CARTESIAN_POINT('',(-13.8624330894302,226.561313402826,5.83016822402314));
#9377=CARTESIAN_POINT('Origin',(-14.0719316850493,214.308571888263,3.38680664312577));
#9378=CARTESIAN_POINT('Origin',(14.0719316850496,226.561313402826,3.38680664312577));
#9379=CARTESIAN_POINT('',(16.4561754645661,214.308571888263,3.96064205194008));
#9380=CARTESIAN_POINT('',(16.4561754645661,226.561313402826,3.96064205194008));
#9381=CARTESIAN_POINT('',(13.8624330894302,214.308571888263,5.83016822402314));
#9382=CARTESIAN_POINT('Origin',(14.0719316850496,214.308571888263,3.38680664312577));
#9383=CARTESIAN_POINT('',(13.8624330894302,214.308846797439,5.83016822402328));
#9384=CARTESIAN_POINT('',(13.8624330894302,226.561313402826,5.83016822402314));
#9385=CARTESIAN_POINT('',(11.687687905533,214.308846797439,2.81297123431173));
#9386=CARTESIAN_POINT('Origin',(14.0719316850496,214.308846797439,3.38680664312577));
#9387=CARTESIAN_POINT('',(11.687687905533,217.083846797439,2.81297123431173));
#9388=CARTESIAN_POINT('Origin',(0.,226.561313402826,0.));
#9389=CARTESIAN_POINT('',(16.4561754645661,214.308571888263,-3.96064205194008));
#9390=CARTESIAN_POINT('',(16.4561754645661,226.561313402826,-3.96064205194008));
#9391=CARTESIAN_POINT('Origin',(0.,214.308571888263,0.));
#9392=CARTESIAN_POINT('Origin',(14.0719316850496,226.561313402826,-3.38680664312577));
#9393=CARTESIAN_POINT('',(11.6876879055331,220.793563546453,-2.81297123431144));
#9394=CARTESIAN_POINT('Origin',(14.0719316850496,220.793563546453,-3.38680664312577));
#9395=CARTESIAN_POINT('',(11.687687905533,214.308846797439,-2.81297123431145));
#9396=CARTESIAN_POINT('',(11.687687905533,217.083846797439,-2.81297123431145));
#9397=CARTESIAN_POINT('',(13.8624330894304,214.308846797439,-5.83016822402314));
#9398=CARTESIAN_POINT('Origin',(14.0719316850496,214.308846797439,-3.38680664312562));
#9399=CARTESIAN_POINT('',(13.8624330894302,214.308571888263,-5.83016822402328));
#9400=CARTESIAN_POINT('',(13.8624330894302,226.561313402826,-5.83016822402328));
#9401=CARTESIAN_POINT('Origin',(14.0719316850496,214.308571888263,-3.38680664312577));
#9402=CARTESIAN_POINT('Origin',(0.,226.561313402826,0.));
#9403=CARTESIAN_POINT('Origin',(0.,220.793563546453,-1.15311417939473E-15));
#9404=CARTESIAN_POINT('Origin',(0.,214.308846797439,0.));
#9405=CARTESIAN_POINT('Origin',(-14.0719316850493,226.561313402826,-3.38680664312577));
#9406=CARTESIAN_POINT('',(-11.687687905533,220.793563546453,-2.81297123431148));
#9407=CARTESIAN_POINT('Origin',(-14.0719316850493,220.793563546453,-3.38680664312577));
#9408=CARTESIAN_POINT('',(-13.8624330894302,214.308571888263,-5.83016822402328));
#9409=CARTESIAN_POINT('Origin',(-14.0719316850493,214.308571888263,-3.38680664312577));
#9410=CARTESIAN_POINT('',(-13.8624330894302,214.308846797439,-5.83016822402328));
#9411=CARTESIAN_POINT('',(-13.8624330894302,226.561313402826,-5.83016822402328));
#9412=CARTESIAN_POINT('',(-11.6876879055329,214.308846797439,-2.81297123431145));
#9413=CARTESIAN_POINT('Origin',(-14.0719316850495,214.308846797439,-3.38680664312577));
#9414=CARTESIAN_POINT('',(-11.6876879055329,217.083846797439,-2.81297123431145));
#9415=CARTESIAN_POINT('Origin',(0.,226.561313402826,0.));
#9416=CARTESIAN_POINT('Origin',(0.,220.793563546453,-1.15311417939472E-15));
#9417=CARTESIAN_POINT('Origin',(0.,214.308846797439,0.));
#9418=CARTESIAN_POINT('Origin',(0.,214.308571888263,18.));
#9419=CARTESIAN_POINT('Origin',(0.,214.308571888263,0.));
#9420=CARTESIAN_POINT('Origin',(0.,214.308571888263,0.));
#9421=CARTESIAN_POINT('Origin',(0.,188.53029745298,0.));
#9422=CARTESIAN_POINT('',(20.3966645438457,188.724031638614,0.206649584830921));
#9423=CARTESIAN_POINT('',(20.3966645438456,188.724031638614,-0.206649584830915));
#9424=CARTESIAN_POINT('Origin',(0.,188.724031638614,3.8732199219898E-17));
#9425=CARTESIAN_POINT('',(20.3967352057893,190.687563267347,0.206686957163384));
#9426=CARTESIAN_POINT('',(20.3966575719009,188.53029745298,0.20664589744527));
#9427=CARTESIAN_POINT('',(20.3967352057894,190.687563267347,-0.2066869571631));
#9428=CARTESIAN_POINT('Origin',(0.,190.687563267347,0.));
#9429=CARTESIAN_POINT('',(20.3966575719008,188.53029745298,-0.20664589744527));
#9430=CARTESIAN_POINT('Origin',(0.,188.53029745298,0.));
#9431=CARTESIAN_POINT('',(20.281500901526,188.724031638614,2.17424693778839));
#9432=CARTESIAN_POINT('',(20.3213900249008,188.724031638614,1.76287719962119));
#9433=CARTESIAN_POINT('Origin',(0.,188.724031638614,3.8732199219898E-17));
#9434=CARTESIAN_POINT('',(20.2815676266437,190.687563267347,2.17429095551438));
#9435=CARTESIAN_POINT('',(20.2814943180128,188.53029745298,2.17424259472708));
#9436=CARTESIAN_POINT('',(20.3214639639191,190.687563267347,1.76284682161793));
#9437=CARTESIAN_POINT('Origin',(0.,190.687563267347,0.));
#9438=CARTESIAN_POINT('',(20.3213827296196,188.53029745298,1.76288019690304));
#9439=CARTESIAN_POINT('Origin',(0.,188.53029745298,0.));
#9440=CARTESIAN_POINT('',(19.976974349841,188.724031638614,4.12154393290652));
#9441=CARTESIAN_POINT('',(20.0563801625933,188.724031638614,3.71594447464196));
#9442=CARTESIAN_POINT('Origin',(0.,188.724031638614,3.8732199219898E-17));
#9443=CARTESIAN_POINT('',(19.977036515138,190.687563267347,4.12159418504402));
#9444=CARTESIAN_POINT('',(19.976968216228,188.53029745298,4.12153897471953));
#9445=CARTESIAN_POINT('',(20.0564566883372,190.687563267347,3.71592137459871));
#9446=CARTESIAN_POINT('Origin',(0.,190.687563267347,0.));
#9447=CARTESIAN_POINT('',(20.0563726120896,188.53029745298,3.7159467538352));
#9448=CARTESIAN_POINT('Origin',(0.,188.53029745298,0.));
#9449=CARTESIAN_POINT('',(19.4859281711537,188.724031638614,6.03035918281185));
#9450=CARTESIAN_POINT('',(19.6041092826042,188.724031638614,5.63431697730889));
#9451=CARTESIAN_POINT('Origin',(0.,188.724031638614,3.8732199219898E-17));
#9452=CARTESIAN_POINT('',(19.4859851962096,190.687563267347,6.03041520017072));
#9453=CARTESIAN_POINT('',(19.4859225447087,188.53029745298,6.03035365579245));
#9454=CARTESIAN_POINT('',(19.6041876805739,190.687563267347,5.63430137090521));
#9455=CARTESIAN_POINT('Origin',(0.,190.687563267347,0.));
#9456=CARTESIAN_POINT('',(19.6041015473752,188.53029745298,5.63431851713332));
#9457=CARTESIAN_POINT('Origin',(0.,188.53029745298,0.));
#9458=CARTESIAN_POINT('',(18.8129471313289,188.724031638614,7.88287059381955));
#9459=CARTESIAN_POINT('',(18.9688001162827,188.724031638614,7.50008338044295));
#9460=CARTESIAN_POINT('Origin',(0.,188.724031638614,3.8732199219898E-17));
#9461=CARTESIAN_POINT('',(18.8129984837161,190.687563267347,7.88293185338077));
#9462=CARTESIAN_POINT('',(18.8129420645845,188.53029745298,7.88286454957202));
#9463=CARTESIAN_POINT('',(18.9688796544974,190.687563267347,7.50007541339087));
#9464=CARTESIAN_POINT('Origin',(0.,190.687563267347,0.));
#9465=CARTESIAN_POINT('',(18.9687922685501,188.53029745298,7.50008416652165));
#9466=CARTESIAN_POINT('Origin',(0.,188.53029745298,0.));
#9467=CARTESIAN_POINT('',(17.964314673011,188.724031638614,9.66178176601597));
#9468=CARTESIAN_POINT('',(18.1563843741395,188.724031638614,9.29582352584114));
#9469=CARTESIAN_POINT('Origin',(0.,188.724031638614,3.8732199219898E-17));
#9470=CARTESIAN_POINT('',(17.9643598732662,190.687563267347,9.6618476958156));
#9471=CARTESIAN_POINT('',(17.9643102132741,188.53029745298,9.66177526097383));
#9472=CARTESIAN_POINT('',(18.1564643099722,190.687563267347,9.29582327252731));
#9473=CARTESIAN_POINT('Origin',(0.,190.687563267347,0.));
#9474=CARTESIAN_POINT('',(18.1563764871754,188.53029745298,9.29582355083468));
#9475=CARTESIAN_POINT('Origin',(0.,188.53029745298,0.));
#9476=CARTESIAN_POINT('',(16.9479542488118,188.724031638614,11.3504834850885));
#9477=CARTESIAN_POINT('',(17.1744473630659,188.724031638614,11.0047710716016));
#9478=CARTESIAN_POINT('Origin',(0.,188.724031638614,3.8732199219898E-17));
#9479=CARTESIAN_POINT('',(16.9479928749121,190.687563267347,11.3505534695572));
#9480=CARTESIAN_POINT('',(16.9479504377216,188.53029745298,11.3504765799875));
#9481=CARTESIAN_POINT('',(17.1745269501773,190.687563267347,11.0047785343907));
#9482=CARTESIAN_POINT('Origin',(0.,190.687563267347,0.));
#9483=CARTESIAN_POINT('',(17.1744395105088,188.53029745298,11.0047703352767));
#9484=CARTESIAN_POINT('Origin',(0.,188.53029745298,0.));
#9485=CARTESIAN_POINT('',(15.7733553421683,188.724031638614,12.9332087980815));
#9486=CARTESIAN_POINT('',(16.0321571643657,188.724031638614,12.6109700349402));
#9487=CARTESIAN_POINT('Origin',(0.,188.724031638614,3.8732199219898E-17));
#9488=CARTESIAN_POINT('',(15.7733870334724,190.687563267347,12.9332821837936));
#9489=CARTESIAN_POINT('',(15.773352215308,188.53029745298,12.9332015573928));
#9490=CARTESIAN_POINT('',(16.0322356596723,190.687563267347,12.6109851441544));
#9491=CARTESIAN_POINT('Origin',(0.,190.687563267347,0.));
#9492=CARTESIAN_POINT('',(16.0321494195328,188.53029745298,12.6109685441716));
#9493=CARTESIAN_POINT('Origin',(0.,188.53029745298,0.));
#9494=CARTESIAN_POINT('',(14.4514848665942,188.724031638614,14.3951802251894));
#9495=CARTESIAN_POINT('',(14.7401790338509,188.724031638614,14.0994237689029));
#9496=CARTESIAN_POINT('Origin',(0.,188.724031638614,3.8732199219898E-17));
#9497=CARTESIAN_POINT('',(14.4515093272088,190.687563267347,14.3952563269623));
#9498=CARTESIAN_POINT('',(14.4514824531585,188.53029745298,14.3951727165174));
#9499=CARTESIAN_POINT('',(14.7402557044632,190.687563267347,14.0994463834717));
#9500=CARTESIAN_POINT('Origin',(0.,190.687563267347,0.));
#9501=CARTESIAN_POINT('',(14.7401714690537,188.53029745298,14.0994215376095));
#9502=CARTESIAN_POINT('Origin',(0.,188.53029745298,0.));
#9503=CARTESIAN_POINT('',(12.9946847705602,188.724031638614,15.7227477331048));
#9504=CARTESIAN_POINT('',(13.3105758232213,188.724031638614,15.456234982018));
#9505=CARTESIAN_POINT('Origin',(0.,188.724031638614,3.8732199219898E-17));
#9506=CARTESIAN_POINT('',(12.9947017721034,190.687563267347,15.7228258403967));
#9507=CARTESIAN_POINT('',(12.9946830930827,188.53029745298,15.7227400265559));
#9508=CARTESIAN_POINT('',(13.3106499532866,190.687563267347,15.4562648907951));
#9509=CARTESIAN_POINT('Origin',(0.,190.687563267347,0.));
#9510=CARTESIAN_POINT('',(13.3105685090902,188.53029745298,15.4562320310329));
#9511=CARTESIAN_POINT('Origin',(0.,188.53029745298,0.));
#9512=CARTESIAN_POINT('',(11.4165568040503,188.724031638614,16.9035161816996));
#9513=CARTESIAN_POINT('',(11.7566953524696,188.724031638614,16.6687354935611));
#9514=CARTESIAN_POINT('Origin',(0.,188.724031638614,3.8732199219898E-17));
#9515=CARTESIAN_POINT('',(11.4165661877831,190.687563267347,16.9035955652434));
#9516=CARTESIAN_POINT('',(11.4165558781932,188.53029745298,16.9035083492277));
#9517=CARTESIAN_POINT('',(11.7567662498553,190.687563267347,16.6687724172961));
#9518=CARTESIAN_POINT('Origin',(0.,190.687563267347,0.));
#9519=CARTESIAN_POINT('',(11.7566883572947,188.53029745298,16.6687318504368));
#9520=CARTESIAN_POINT('Origin',(0.,188.53029745298,0.));
#9521=CARTESIAN_POINT('',(9.73183552268473,188.724031638614,17.9264610541092));
#9522=CARTESIAN_POINT('',(10.0930457848805,188.724031638614,17.7256045129464));
#9523=CARTESIAN_POINT('Origin',(0.,188.724031638614,3.8732199219898E-17));
#9524=CARTESIAN_POINT('',(9.73183720099371,190.687563267347,17.9265409727226));
#9525=CARTESIAN_POINT('',(9.73183535709239,188.53029745298,17.926453168844));
#9526=CARTESIAN_POINT('',(10.0931127876368,190.687563267347,17.7256481068929));
#9527=CARTESIAN_POINT('Origin',(0.,190.687563267347,0.));
#9528=CARTESIAN_POINT('',(10.0930391739738,188.53029745298,17.7256002116978));
#9529=CARTESIAN_POINT('Origin',(0.,188.53029745298,0.));
#9530=CARTESIAN_POINT('',(7.9562507151438,188.724031638614,18.7820313896782));
#9531=CARTESIAN_POINT('',(8.3351601682206,188.724031638614,18.6169743388981));
#9532=CARTESIAN_POINT('Origin',(0.,188.724031638614,3.8732199219898E-17));
#9533=CARTESIAN_POINT('',(7.95624467235896,190.687563267347,18.7821110971825));
#9534=CARTESIAN_POINT('',(7.95625131136234,188.53029745298,18.7820235252424));
#9535=CARTESIAN_POINT('',(8.33522265076098,190.687563267347,18.6170241960306));
#9536=CARTESIAN_POINT('Origin',(0.,190.687563267347,0.));
#9537=CARTESIAN_POINT('',(8.3351540033064,188.53029745298,18.6169694196848));
#9538=CARTESIAN_POINT('Origin',(0.,188.53029745298,0.));
#9539=CARTESIAN_POINT('',(6.10638053837018,188.724031638614,19.4622389587039));
#9540=CARTESIAN_POINT('',(6.49945140685681,188.724031638614,19.3345224915173));
#9541=CARTESIAN_POINT('Origin',(0.,188.724031638614,3.8732199219898E-17));
#9542=CARTESIAN_POINT('',(6.10636683091144,190.687563267347,19.4623177108917));
#9543=CARTESIAN_POINT('',(6.10638189083289,188.53029745298,19.4622311885256));
#9544=CARTESIAN_POINT('',(6.4995087857983,190.687563267347,19.3345781463336));
#9545=CARTESIAN_POINT('Origin',(0.,190.687563267347,0.));
#9546=CARTESIAN_POINT('',(6.49944574549522,188.53029745298,19.3345170002686));
#9547=CARTESIAN_POINT('Origin',(0.,188.53029745298,0.));
#9548=CARTESIAN_POINT('',(4.19949673178422,188.724031638614,19.9607328463865));
#9549=CARTESIAN_POINT('',(4.60305901888834,188.724031638614,19.8715494170362));
#9550=CARTESIAN_POINT('Origin',(0.,188.724031638614,3.8732199219898E-17));
#9551=CARTESIAN_POINT('',(4.19947548763446,190.687563267347,19.9608099079698));
#9552=CARTESIAN_POINT('',(4.19949882786355,188.53029745298,19.9607252430137));
#9553=CARTESIAN_POINT('',(4.60311075849944,190.687563267347,19.8716103499021));
#9554=CARTESIAN_POINT('Origin',(0.,190.687563267347,0.));
#9555=CARTESIAN_POINT('',(4.60305391393803,188.53029745298,19.8715434050224));
#9556=CARTESIAN_POINT('Origin',(0.,188.53029745298,0.));
#9557=CARTESIAN_POINT('',(2.25340335570607,188.724031638614,20.2728587496083));
#9558=CARTESIAN_POINT('',(2.66368910908724,188.724031638614,20.223041039745));
#9559=CARTESIAN_POINT('Origin',(0.,188.724031638614,3.8732199219898E-17));
#9560=CARTESIAN_POINT('',(2.25337477321631,190.687563267347,20.2729334010839));
#9561=CARTESIAN_POINT('',(2.25340617583143,188.53029745298,20.2728513840316));
#9562=CARTESIAN_POINT('',(2.66373472628914,190.687563267347,20.2231066817467));
#9563=CARTESIAN_POINT('Origin',(0.,190.687563267347,0.));
#9564=CARTESIAN_POINT('',(2.6636846082117,188.53029745298,20.2230345630987));
#9565=CARTESIAN_POINT('Origin',(0.,188.53029745298,0.));
#9566=CARTESIAN_POINT('',(0.286270559642503,188.724031638614,20.3957024329088));
#9567=CARTESIAN_POINT('',(0.69944905176623,188.724031638614,20.3857155770668));
#9568=CARTESIAN_POINT('Origin',(0.,188.724031638614,3.8732199219898E-17));
#9569=CARTESIAN_POINT('',(0.286234905679805,190.687563267347,20.3957739772757));
#9570=CARTESIAN_POINT('',(0.286274077483171,188.53029745298,20.3956953738987));
#9571=CARTESIAN_POINT('',(0.699488120643252,190.687563267347,20.3857853153227));
#9572=CARTESIAN_POINT('Origin',(0.,190.687563267347,0.));
#9573=CARTESIAN_POINT('',(0.699445196988933,188.53029745298,20.3857086962587));
#9574=CARTESIAN_POINT('Origin',(0.,188.53029745298,0.));
#9575=CARTESIAN_POINT('',(-1.68353506750535,188.724031638614,20.3281169379152));
#9576=CARTESIAN_POINT('',(-1.27132157289452,188.724031638614,20.3580541806768));
#9577=CARTESIAN_POINT('Origin',(0.,188.724031638614,3.8732199219898E-17));
#9578=CARTESIAN_POINT('',(-1.68357746004972,190.687563267347,20.3281847071834));
#9579=CARTESIAN_POINT('',(-1.68353088479449,188.53029745298,20.3281102513797));
#9580=CARTESIAN_POINT('',(-1.2712894171176,190.687563267347,20.3581273640596));
#9581=CARTESIAN_POINT('Origin',(0.,190.687563267347,0.));
#9582=CARTESIAN_POINT('',(-1.27132474558252,188.53029745298,20.3580469599513));
#9583=CARTESIAN_POINT('Origin',(0.,188.53029745298,0.));
#9584=CARTESIAN_POINT('',(-3.63762198133145,188.724031638614,20.0707332921848));
#9585=CARTESIAN_POINT('',(-3.23022221056839,188.724031638614,20.1403151175801));
#9586=CARTESIAN_POINT('Origin',(0.,188.724031638614,3.8732199219898E-17));
#9587=CARTESIAN_POINT('',(-3.63767071664995,190.687563267347,20.0707966536103));
#9588=CARTESIAN_POINT('',(-3.63761717280326,188.53029745298,20.0707270405543));
#9589=CARTESIAN_POINT('',(-3.23019726812163,190.687563267347,20.1403910627963));
#9590=CARTESIAN_POINT('Origin',(0.,190.687563267347,0.));
#9591=CARTESIAN_POINT('',(-3.23022467154459,188.53029745298,20.140307624355));
#9592=CARTESIAN_POINT('Origin',(0.,188.53029745298,0.));
#9593=CARTESIAN_POINT('',(-5.55774539882165,188.724031638614,19.6259546174691));
#9594=CARTESIAN_POINT('',(-5.15896313379766,188.724031638614,19.7345313587426));
#9595=CARTESIAN_POINT('Origin',(0.,188.724031638614,3.8732199219898E-17));
#9596=CARTESIAN_POINT('',(-5.55780002188527,190.687563267347,19.6260129794636));
#9597=CARTESIAN_POINT('',(-5.55774000937205,188.53029745298,19.6259488591134));
#9598=CARTESIAN_POINT('',(-5.15894563756177,190.687563267347,19.734609356712));
#9599=CARTESIAN_POINT('Origin',(0.,190.687563267347,0.));
#9600=CARTESIAN_POINT('',(-5.15896486008458,188.53029745298,19.7345236629801));
#9601=CARTESIAN_POINT('Origin',(0.,188.53029745298,0.));
#9602=CARTESIAN_POINT('',(-7.42597764497582,188.724031638614,18.9979336924151));
#9603=CARTESIAN_POINT('',(-7.03953620825349,188.724031638614,19.1444915977878));
#9604=CARTESIAN_POINT('Origin',(0.,188.724031638614,3.8732199219898E-17));
#9605=CARTESIAN_POINT('',(-7.42603764578419,190.687563267347,18.9979865100685));
#9606=CARTESIAN_POINT('',(-7.42597172492466,188.53029745298,18.9979284810984));
#9607=CARTESIAN_POINT('',(-7.03952632158632,190.687563267347,19.1445709202645));
#9608=CARTESIAN_POINT('Origin',(0.,190.687563267347,0.));
#9609=CARTESIAN_POINT('',(-7.03953718373327,188.53029745298,19.1444837713412));
#9610=CARTESIAN_POINT('Origin',(0.,188.53029745298,0.));
#9611=CARTESIAN_POINT('',(-9.2248755386796,188.724031638614,18.1925341791888));
#9612=CARTESIAN_POINT('',(-8.8543830298325,188.724031638614,18.3757048769863));
#9613=CARTESIAN_POINT('Origin',(0.,188.724031638614,3.8732199219898E-17));
#9614=CARTESIAN_POINT('',(-9.22494035702101,190.687563267347,18.1925809593568));
#9615=CARTESIAN_POINT('',(-9.22486914330079,188.53029745298,18.1925295635678));
#9616=CARTESIAN_POINT('',(-8.85438084504329,190.687563267347,18.3757847833577));
#9617=CARTESIAN_POINT('Origin',(0.,190.687563267347,0.));
#9618=CARTESIAN_POINT('',(-8.85438324539734,188.53029745298,18.375696992929));
#9619=CARTESIAN_POINT('Origin',(0.,188.53029745298,0.));
#9620=CARTESIAN_POINT('',(-10.9376432549857,188.724031638614,17.2172758760422));
#9621=CARTESIAN_POINT('',(-10.5865588627454,188.724031638614,17.4353491508115));
#9622=CARTESIAN_POINT('Origin',(0.,188.724031638614,3.8732199219898E-17));
#9623=CARTESIAN_POINT('',(-10.9377122856688,190.687563267347,17.2173161819511));
#9624=CARTESIAN_POINT('',(-10.9376364439912,188.53029745298,17.2172718992117));
#9625=CARTESIAN_POINT('',(-10.5865644002327,190.687563267347,17.4354288950134));
#9626=CARTESIAN_POINT('Origin',(0.,190.687563267347,0.));
#9627=CARTESIAN_POINT('',(-10.5865583163826,188.53029745298,17.4353412827548));
#9628=CARTESIAN_POINT('Origin',(0.,188.53029745298,0.));
#9629=CARTESIAN_POINT('',(-12.5482891432069,188.724031638614,16.0812645069831));
#9630=CARTESIAN_POINT('',(-12.2198908479496,188.724031638614,16.3322042673143));
#9631=CARTESIAN_POINT('Origin',(0.,188.724031638614,3.8732199219898E-17));
#9632=CARTESIAN_POINT('',(-12.5483617417109,190.687563267347,16.0812979623073));
#9633=CARTESIAN_POINT('',(-12.5482819801891,188.53029745298,16.0812612060737));
#9634=CARTESIAN_POINT('',(-12.2199040560113,190.687563267347,16.3322831047965));
#9635=CARTESIAN_POINT('Origin',(0.,190.687563267347,0.));
#9636=CARTESIAN_POINT('',(-12.2198895447605,188.53029745298,16.3321964887203));
#9637=CARTESIAN_POINT('Origin',(0.,188.53029745298,0.));
#9638=CARTESIAN_POINT('',(-14.0417750366504,188.724031638614,14.7951067040821));
#9639=CARTESIAN_POINT('',(-13.739129004776,188.724031638614,15.0765699930456));
#9640=CARTESIAN_POINT('Origin',(0.,188.724031638614,3.8732199219898E-17));
#9641=CARTESIAN_POINT('',(-14.0418505251425,190.687563267347,14.7951329964587));
#9642=CARTESIAN_POINT('',(-14.0417675884885,188.53029745298,14.7951041099135));
#9643=CARTESIAN_POINT('',(-13.7391497600925,190.687563267347,15.0766471877238));
#9644=CARTESIAN_POINT('Origin',(0.,190.687563267347,0.));
#9645=CARTESIAN_POINT('',(-13.7391269569279,188.53029745298,15.0765623765407));
#9646=CARTESIAN_POINT('Origin',(0.,188.53029745298,0.));
#9647=CARTESIAN_POINT('',(-15.4041566599264,188.724031638614,13.3708109762096));
#9648=CARTESIAN_POINT('',(-15.1300886158912,188.724031638614,13.6801698469117));
#9649=CARTESIAN_POINT('Origin',(0.,188.724031638614,3.8732199219898E-17));
#9650=CARTESIAN_POINT('',(-15.4042343335909,190.687563267347,13.3708298601532));
#9651=CARTESIAN_POINT('',(-15.4041489961618,188.53029745298,13.3708091130028));
#9652=CARTESIAN_POINT('',(-15.1301167246754,190.687563267347,13.6802446780401));
#9653=CARTESIAN_POINT('Origin',(0.,190.687563267347,0.));
#9654=CARTESIAN_POINT('',(-15.1300858425046,188.53029745298,13.6801624636094));
#9655=CARTESIAN_POINT('Origin',(0.,188.53029745298,0.));
#9656=CARTESIAN_POINT('',(-16.622713822892,188.724031638614,11.8216755888203));
#9657=CARTESIAN_POINT('',(-16.3797826661801,188.724031638614,12.1560416408378));
#9658=CARTESIAN_POINT('Origin',(0.,188.724031638614,3.8732199219898E-17));
#9659=CARTESIAN_POINT('',(-16.622792956511,190.687563267347,11.821686888017));
#9660=CARTESIAN_POINT('',(-16.6227060150793,188.53029745298,11.8216744739716));
#9661=CARTESIAN_POINT('',(-16.3798178659877,190.687563267347,12.1561134097382));
#9662=CARTESIAN_POINT('Origin',(0.,190.687563267347,0.));
#9663=CARTESIAN_POINT('',(-16.3797791931492,188.53029745298,12.1560345596738));
#9664=CARTESIAN_POINT('Origin',(0.,188.53029745298,0.));
#9665=CARTESIAN_POINT('',(-17.6860691856392,188.724031638614,10.162164401635));
#9666=CARTESIAN_POINT('',(-17.4765430990062,188.724031638614,10.5184157492304));
#9667=CARTESIAN_POINT('Origin',(0.,188.724031638614,3.8732199219898E-17));
#9668=CARTESIAN_POINT('',(-17.6861490403633,190.687563267347,10.162168010587));
#9669=CARTESIAN_POINT('',(-17.6860613066778,188.53029745298,10.1621640455535));
#9670=CARTESIAN_POINT('',(-17.476585061186,190.687563267347,10.518483785816));
#9671=CARTESIAN_POINT('Origin',(0.,190.687563267347,0.));
#9672=CARTESIAN_POINT('',(-17.4765389587577,188.53029745298,10.5184090363197));
#9673=CARTESIAN_POINT('Origin',(0.,188.53029745298,0.));
#9674=CARTESIAN_POINT('',(-18.5842944856514,188.724031638614,8.40777182347749));
#9675=CARTESIAN_POINT('',(-18.4101297577144,188.724031638614,8.78258224380469));
#9676=CARTESIAN_POINT('Origin',(0.,188.724031638614,3.8732199219898E-17));
#9677=CARTESIAN_POINT('',(-18.5843743158986,190.687563267347,8.40776770848919));
#9678=CARTESIAN_POINT('',(-18.584286609105,188.53029745298,8.40777222948773));
#9679=CARTESIAN_POINT('',(-18.4101780904773,190.687563267347,8.78264591283596));
#9680=CARTESIAN_POINT('Origin',(0.,190.687563267347,0.));
#9681=CARTESIAN_POINT('',(-18.4101249889048,188.53029745298,8.78257596182394));
#9682=CARTESIAN_POINT('Origin',(0.,188.53029745298,0.));
#9683=CARTESIAN_POINT('',(-19.3090032353159,188.724031638614,6.5748781451548));
#9684=CARTESIAN_POINT('',(-19.1718259952138,188.724031638614,6.96474813430654));
#9685=CARTESIAN_POINT('Origin',(0.,188.724031638614,3.8732199219898E-17));
#9686=CARTESIAN_POINT('',(-19.3090822957328,190.687563267347,6.57486634464647));
#9687=CARTESIAN_POINT('',(-19.3089954347258,188.53029745298,6.57487930946601));
#9688=CARTESIAN_POINT('',(-19.1718802472894,190.687563267347,6.96480684132283));
#9689=CARTESIAN_POINT('Origin',(0.,190.687563267347,0.));
#9690=CARTESIAN_POINT('',(-19.1718206423681,188.53029745298,6.96474234190887));
#9691=CARTESIAN_POINT('Origin',(0.,188.53029745298,0.));
#9692=CARTESIAN_POINT('',(-19.8534290242993,188.724031638614,4.6805966010948));
#9693=CARTESIAN_POINT('',(-19.7545200589624,188.724031638614,5.08188604802691));
#9694=CARTESIAN_POINT('Origin',(0.,188.724031638614,3.8732199219898E-17));
#9695=CARTESIAN_POINT('',(-19.85350657672,190.687563267347,4.68057722524463));
#9696=CARTESIAN_POINT('',(-19.8534213724975,188.53029745298,4.68059851283613));
#9697=CARTESIAN_POINT('',(-19.7545797238139,190.687563267347,5.08193924489717));
#9698=CARTESIAN_POINT('Origin',(0.,190.687563267347,0.));
#9699=CARTESIAN_POINT('',(-19.7545141720587,188.53029745298,5.0818807992944));
#9700=CARTESIAN_POINT('Origin',(0.,188.53029745298,0.));
#9701=CARTESIAN_POINT('',(-20.2124886956976,188.724031638614,2.74261358768849));
#9702=CARTESIAN_POINT('',(-20.1527714914854,188.724031638614,3.15157576095688));
#9703=CARTESIAN_POINT('Origin',(0.,188.724031638614,3.8732199219898E-17));
#9704=CARTESIAN_POINT('',(-20.2125640160358,190.687563267347,2.74258681740363));
#9705=CARTESIAN_POINT('',(-20.2124812641267,188.53029745298,2.74261622901051));
#9706=CARTESIAN_POINT('',(-20.1528360120381,190.687563267347,3.15162295099583));
#9707=CARTESIAN_POINT('Origin',(0.,190.687563267347,0.));
#9708=CARTESIAN_POINT('',(-20.1527651254882,188.53029745298,3.15157110489551));
#9709=CARTESIAN_POINT('Origin',(0.,188.53029745298,0.));
#9710=CARTESIAN_POINT('',(-20.382829806102,188.724031638614,0.779023530170458));
#9711=CARTESIAN_POINT('',(-20.3628619264604,188.724031638614,1.19184006015217));
#9712=CARTESIAN_POINT('Origin',(0.,188.724031638614,3.8732199219898E-17));
#9713=CARTESIAN_POINT('',(-20.3829021911122,190.687563267347,0.778989615398018));
#9714=CARTESIAN_POINT('',(-20.3828226641488,188.53029745298,0.779026876411848));
#9715=CARTESIAN_POINT('',(-20.3629307003035,190.687563267347,1.19188080275904));
#9716=CARTESIAN_POINT('Origin',(0.,190.687563267347,0.));
#9717=CARTESIAN_POINT('',(-20.3628551408073,188.53029745298,1.19183604023434));
#9718=CARTESIAN_POINT('Origin',(0.,200.906803903837,0.));
#9719=CARTESIAN_POINT('',(-2.59143705874928E-15,211.126031638614,-20.3977823930286));
#9720=CARTESIAN_POINT('',(-3.15871815500114E-15,200.906803903837,-20.3977823930286));
#9721=CARTESIAN_POINT('',(0.286234905679521,211.126031638614,-20.3957739772758));
#9722=CARTESIAN_POINT('Origin',(0.,211.126031638614,0.));
#9723=CARTESIAN_POINT('',(0.286234905679521,190.687563267347,-20.3957739772757));
#9724=CARTESIAN_POINT('',(0.286234905679521,200.906803903837,-20.3957739772757));
#9725=CARTESIAN_POINT('',(0.699488120643537,190.687563267347,-20.3857853153227));
#9726=CARTESIAN_POINT('Origin',(0.,190.687563267347,0.));
#9727=CARTESIAN_POINT('',(0.699488120643537,211.126031638614,-20.3857853153227));
#9728=CARTESIAN_POINT('',(0.699488120643537,200.906803903837,-20.3857853153227));
#9729=CARTESIAN_POINT('',(2.25337477321659,211.126031638614,-20.2729334010837));
#9730=CARTESIAN_POINT('Origin',(0.,211.126031638614,0.));
#9731=CARTESIAN_POINT('',(2.25337477321659,190.687563267347,-20.2729334010839));
#9732=CARTESIAN_POINT('',(2.25337477321659,200.906803903837,-20.2729334010839));
#9733=CARTESIAN_POINT('',(2.66373472628914,190.687563267347,-20.2231066817467));
#9734=CARTESIAN_POINT('Origin',(0.,190.687563267347,0.));
#9735=CARTESIAN_POINT('',(2.66373472628914,211.126031638614,-20.2231066817467));
#9736=CARTESIAN_POINT('',(2.66373472628914,200.906803903837,-20.2231066817467));
#9737=CARTESIAN_POINT('',(4.19947548763474,211.126031638614,-19.9608099079697));
#9738=CARTESIAN_POINT('Origin',(0.,211.126031638614,0.));
#9739=CARTESIAN_POINT('',(4.19947548763474,190.687563267347,-19.9608099079697));
#9740=CARTESIAN_POINT('',(4.19947548763474,200.906803903837,-19.9608099079697));
#9741=CARTESIAN_POINT('',(4.60311075849944,190.687563267347,-19.8716103499021));
#9742=CARTESIAN_POINT('Origin',(0.,190.687563267347,0.));
#9743=CARTESIAN_POINT('',(4.60311075849944,211.126031638614,-19.8716103499021));
#9744=CARTESIAN_POINT('',(4.60311075849944,200.906803903837,-19.8716103499021));
#9745=CARTESIAN_POINT('',(6.10636683091144,211.126031638614,-19.4623177108917));
#9746=CARTESIAN_POINT('Origin',(0.,211.126031638614,0.));
#9747=CARTESIAN_POINT('',(6.10636683091144,190.687563267347,-19.4623177108917));
#9748=CARTESIAN_POINT('',(6.10636683091144,200.906803903837,-19.4623177108917));
#9749=CARTESIAN_POINT('',(6.49950878579787,190.687563267347,-19.3345781463337));
#9750=CARTESIAN_POINT('Origin',(0.,190.687563267347,0.));
#9751=CARTESIAN_POINT('',(6.49950878579787,211.126031638614,-19.3345781463337));
#9752=CARTESIAN_POINT('',(6.49950878579787,200.906803903837,-19.3345781463337));
#9753=CARTESIAN_POINT('',(7.95624467235896,211.126031638614,-18.7821110971826));
#9754=CARTESIAN_POINT('Origin',(0.,211.126031638614,0.));
#9755=CARTESIAN_POINT('',(7.95624467235882,190.687563267347,-18.7821110971826));
#9756=CARTESIAN_POINT('',(7.95624467235882,200.906803903837,-18.7821110971826));
#9757=CARTESIAN_POINT('',(8.33522265076098,190.687563267347,-18.6170241960306));
#9758=CARTESIAN_POINT('Origin',(0.,190.687563267347,0.));
#9759=CARTESIAN_POINT('',(8.33522265076098,211.126031638614,-18.6170241960308));
#9760=CARTESIAN_POINT('',(8.33522265076098,200.906803903837,-18.6170241960306));
#9761=CARTESIAN_POINT('',(9.73183720099371,211.126031638614,-17.9265409727226));
#9762=CARTESIAN_POINT('Origin',(0.,211.126031638614,0.));
#9763=CARTESIAN_POINT('',(9.73183720099371,190.687563267347,-17.9265409727226));
#9764=CARTESIAN_POINT('',(9.73183720099371,200.906803903837,-17.9265409727226));
#9765=CARTESIAN_POINT('',(10.0931127876368,190.687563267347,-17.7256481068927));
#9766=CARTESIAN_POINT('Origin',(0.,190.687563267347,0.));
#9767=CARTESIAN_POINT('',(10.0931127876368,211.126031638614,-17.7256481068927));
#9768=CARTESIAN_POINT('',(10.0931127876368,200.906803903837,-17.7256481068927));
#9769=CARTESIAN_POINT('',(11.4165661877833,211.126031638614,-16.9035955652433));
#9770=CARTESIAN_POINT('Origin',(0.,211.126031638614,0.));
#9771=CARTESIAN_POINT('',(11.4165661877834,190.687563267347,-16.9035955652433));
#9772=CARTESIAN_POINT('',(11.4165661877834,200.906803903837,-16.9035955652433));
#9773=CARTESIAN_POINT('',(11.7567662498553,190.687563267347,-16.6687724172962));
#9774=CARTESIAN_POINT('Origin',(0.,190.687563267347,0.));
#9775=CARTESIAN_POINT('',(11.7567662498553,211.126031638614,-16.6687724172962));
#9776=CARTESIAN_POINT('',(11.7567662498553,200.906803903837,-16.6687724172962));
#9777=CARTESIAN_POINT('',(12.9947017721034,211.126031638614,-15.7228258403967));
#9778=CARTESIAN_POINT('Origin',(0.,211.126031638614,0.));
#9779=CARTESIAN_POINT('',(12.9947017721034,190.687563267347,-15.7228258403967));
#9780=CARTESIAN_POINT('',(12.9947017721034,200.906803903837,-15.7228258403967));
#9781=CARTESIAN_POINT('',(13.3106499532866,190.687563267347,-15.456264890795));
#9782=CARTESIAN_POINT('Origin',(0.,190.687563267347,0.));
#9783=CARTESIAN_POINT('',(13.3106499532867,211.126031638614,-15.4562648907948));
#9784=CARTESIAN_POINT('',(13.3106499532866,200.906803903837,-15.456264890795));
#9785=CARTESIAN_POINT('',(14.4515093272088,211.126031638614,-14.3952563269623));
#9786=CARTESIAN_POINT('Origin',(0.,211.126031638614,0.));
#9787=CARTESIAN_POINT('',(14.4515093272088,190.687563267347,-14.3952563269623));
#9788=CARTESIAN_POINT('',(14.4515093272088,200.906803903837,-14.3952563269623));
#9789=CARTESIAN_POINT('',(14.7402557044629,190.687563267347,-14.0994463834717));
#9790=CARTESIAN_POINT('Origin',(0.,190.687563267347,0.));
#9791=CARTESIAN_POINT('',(14.7402557044632,211.126031638614,-14.0994463834717));
#9792=CARTESIAN_POINT('',(14.7402557044629,200.906803903837,-14.0994463834717));
#9793=CARTESIAN_POINT('',(15.7733870334727,211.126031638614,-12.9332821837934));
#9794=CARTESIAN_POINT('Origin',(0.,211.126031638614,0.));
#9795=CARTESIAN_POINT('',(15.7733870334727,190.687563267347,-12.9332821837934));
#9796=CARTESIAN_POINT('',(15.7733870334727,200.906803903837,-12.9332821837934));
#9797=CARTESIAN_POINT('',(16.0322356596724,190.687563267347,-12.6109851441542));
#9798=CARTESIAN_POINT('Origin',(0.,190.687563267347,0.));
#9799=CARTESIAN_POINT('',(16.0322356596726,211.126031638614,-12.6109851441541));
#9800=CARTESIAN_POINT('',(16.0322356596724,200.906803903837,-12.6109851441542));
#9801=CARTESIAN_POINT('',(16.9479928749122,211.126031638614,-11.3505534695571));
#9802=CARTESIAN_POINT('Origin',(0.,211.126031638614,0.));
#9803=CARTESIAN_POINT('',(16.9479928749122,190.687563267347,-11.3505534695571));
#9804=CARTESIAN_POINT('',(16.9479928749122,200.906803903837,-11.3505534695571));
#9805=CARTESIAN_POINT('',(17.1745269501773,190.687563267347,-11.0047785343905));
#9806=CARTESIAN_POINT('Origin',(0.,190.687563267347,0.));
#9807=CARTESIAN_POINT('',(17.1745269501773,211.126031638614,-11.0047785343906));
#9808=CARTESIAN_POINT('',(17.1745269501773,200.906803903837,-11.0047785343905));
#9809=CARTESIAN_POINT('',(17.9643598732662,211.126031638614,-9.66184769581531));
#9810=CARTESIAN_POINT('Origin',(0.,211.126031638614,0.));
#9811=CARTESIAN_POINT('',(17.9643598732662,190.687563267347,-9.66184769581531));
#9812=CARTESIAN_POINT('',(17.9643598732662,200.906803903837,-9.66184769581531));
#9813=CARTESIAN_POINT('',(18.1564643099722,190.687563267347,-9.29582327252703));
#9814=CARTESIAN_POINT('Origin',(0.,190.687563267347,0.));
#9815=CARTESIAN_POINT('',(18.1564643099722,211.126031638614,-9.29582327252703));
#9816=CARTESIAN_POINT('',(18.1564643099722,200.906803903837,-9.29582327252703));
#9817=CARTESIAN_POINT('',(18.8129984837163,211.126031638614,-7.88293185338048));
#9818=CARTESIAN_POINT('Origin',(0.,211.126031638614,0.));
#9819=CARTESIAN_POINT('',(18.8129984837164,190.687563267347,-7.88293185338034));
#9820=CARTESIAN_POINT('',(18.8129984837164,200.906803903837,-7.88293185338034));
#9821=CARTESIAN_POINT('',(18.9688796544972,190.687563267347,-7.50007541339116));
#9822=CARTESIAN_POINT('Origin',(0.,190.687563267347,0.));
#9823=CARTESIAN_POINT('',(18.9688796544972,211.126031638614,-7.50007541339116));
#9824=CARTESIAN_POINT('',(18.9688796544972,200.906803903837,-7.50007541339116));
#9825=CARTESIAN_POINT('',(19.4859851962096,211.126031638614,-6.03041520017101));
#9826=CARTESIAN_POINT('Origin',(0.,211.126031638614,0.));
#9827=CARTESIAN_POINT('',(19.4859851962096,190.687563267347,-6.03041520017086));
#9828=CARTESIAN_POINT('',(19.4859851962096,200.906803903837,-6.03041520017086));
#9829=CARTESIAN_POINT('',(19.6041876805741,190.687563267347,-5.63430137090492));
#9830=CARTESIAN_POINT('Origin',(0.,190.687563267347,0.));
#9831=CARTESIAN_POINT('',(19.6041876805741,211.126031638614,-5.63430137090492));
#9832=CARTESIAN_POINT('',(19.6041876805741,200.906803903837,-5.63430137090492));
#9833=CARTESIAN_POINT('',(19.9770365151383,211.126031638614,-4.12159418504388));
#9834=CARTESIAN_POINT('Origin',(0.,211.126031638614,0.));
#9835=CARTESIAN_POINT('',(19.9770365151382,190.687563267347,-4.12159418504388));
#9836=CARTESIAN_POINT('',(19.9770365151382,200.906803903837,-4.12159418504388));
#9837=CARTESIAN_POINT('',(20.0564566883375,190.687563267347,-3.71592137459828));
#9838=CARTESIAN_POINT('Origin',(0.,190.687563267347,0.));
#9839=CARTESIAN_POINT('',(20.0564566883375,211.126031638614,-3.71592137459828));
#9840=CARTESIAN_POINT('',(20.0564566883375,200.906803903837,-3.71592137459828));
#9841=CARTESIAN_POINT('',(20.2815676266437,211.126031638614,-2.17429095551367));
#9842=CARTESIAN_POINT('Origin',(0.,211.126031638614,0.));
#9843=CARTESIAN_POINT('',(20.2815676266437,190.687563267347,-2.17429095551367));
#9844=CARTESIAN_POINT('',(20.2815676266437,200.906803903837,-2.17429095551367));
#9845=CARTESIAN_POINT('',(20.3214639639191,190.687563267347,-1.76284682161779));
#9846=CARTESIAN_POINT('Origin',(0.,190.687563267347,0.));
#9847=CARTESIAN_POINT('',(20.3214639639191,211.126031638614,-1.7628468216175));
#9848=CARTESIAN_POINT('',(20.3214639639191,200.906803903837,-1.76284682161779));
#9849=CARTESIAN_POINT('',(20.3967352057894,211.126031638614,-0.206686957163242));
#9850=CARTESIAN_POINT('Origin',(0.,211.126031638614,0.));
#9851=CARTESIAN_POINT('',(20.3967352057894,200.906803903837,-0.2066869571631));
#9852=CARTESIAN_POINT('',(20.3967352057893,211.126031638614,0.206686957163384));
#9853=CARTESIAN_POINT('',(20.3967352057893,200.906803903837,0.206686957163384));
#9854=CARTESIAN_POINT('',(20.3214639639191,211.126031638614,1.76284682161793));
#9855=CARTESIAN_POINT('Origin',(0.,211.126031638614,0.));
#9856=CARTESIAN_POINT('',(20.3214639639191,200.906803903837,1.76284682161793));
#9857=CARTESIAN_POINT('',(20.2815676266437,211.126031638614,2.17429095551424));
#9858=CARTESIAN_POINT('',(20.2815676266437,200.906803903837,2.17429095551438));
#9859=CARTESIAN_POINT('',(20.0564566883372,211.126031638614,3.71592137459871));
#9860=CARTESIAN_POINT('Origin',(0.,211.126031638614,0.));
#9861=CARTESIAN_POINT('',(20.0564566883372,200.906803903837,3.71592137459871));
#9862=CARTESIAN_POINT('',(19.977036515138,211.126031638614,4.12159418504402));
#9863=CARTESIAN_POINT('',(19.977036515138,200.906803903837,4.12159418504402));
#9864=CARTESIAN_POINT('',(19.6041876805739,211.126031638614,5.63430137090521));
#9865=CARTESIAN_POINT('Origin',(0.,211.126031638614,0.));
#9866=CARTESIAN_POINT('',(19.6041876805739,200.906803903837,5.63430137090521));
#9867=CARTESIAN_POINT('',(19.4859851962096,211.126031638614,6.03041520017072));
#9868=CARTESIAN_POINT('',(19.4859851962096,200.906803903837,6.03041520017072));
#9869=CARTESIAN_POINT('',(18.9688796544974,211.126031638614,7.50007541339073));
#9870=CARTESIAN_POINT('Origin',(0.,211.126031638614,0.));
#9871=CARTESIAN_POINT('',(18.9688796544974,200.906803903837,7.50007541339087));
#9872=CARTESIAN_POINT('',(18.8129984837161,211.126031638614,7.88293185338077));
#9873=CARTESIAN_POINT('',(18.8129984837161,200.906803903837,7.88293185338077));
#9874=CARTESIAN_POINT('',(18.1564643099722,211.126031638614,9.29582327252717));
#9875=CARTESIAN_POINT('Origin',(0.,211.126031638614,0.));
#9876=CARTESIAN_POINT('',(18.1564643099722,200.906803903837,9.29582327252731));
#9877=CARTESIAN_POINT('',(17.9643598732662,211.126031638614,9.6618476958156));
#9878=CARTESIAN_POINT('',(17.9643598732662,200.906803903837,9.6618476958156));
#9879=CARTESIAN_POINT('',(17.1745269501773,211.126031638614,11.0047785343907));
#9880=CARTESIAN_POINT('Origin',(0.,211.126031638614,0.));
#9881=CARTESIAN_POINT('',(17.1745269501773,200.906803903837,11.0047785343907));
#9882=CARTESIAN_POINT('',(16.9479928749121,211.126031638614,11.3505534695572));
#9883=CARTESIAN_POINT('',(16.9479928749121,200.906803903837,11.3505534695572));
#9884=CARTESIAN_POINT('',(16.0322356596723,211.126031638614,12.6109851441544));
#9885=CARTESIAN_POINT('Origin',(0.,211.126031638614,0.));
#9886=CARTESIAN_POINT('',(16.0322356596723,200.906803903837,12.6109851441544));
#9887=CARTESIAN_POINT('',(15.7733870334725,211.126031638614,12.9332821837936));
#9888=CARTESIAN_POINT('',(15.7733870334724,200.906803903837,12.9332821837936));
#9889=CARTESIAN_POINT('',(14.7402557044632,211.126031638614,14.0994463834717));
#9890=CARTESIAN_POINT('Origin',(0.,211.126031638614,0.));
#9891=CARTESIAN_POINT('',(14.7402557044632,200.906803903837,14.0994463834717));
#9892=CARTESIAN_POINT('',(14.4515093272088,211.126031638614,14.3952563269623));
#9893=CARTESIAN_POINT('',(14.4515093272088,200.906803903837,14.3952563269623));
#9894=CARTESIAN_POINT('',(13.3106499532866,211.126031638614,15.4562648907951));
#9895=CARTESIAN_POINT('Origin',(0.,211.126031638614,0.));
#9896=CARTESIAN_POINT('',(13.3106499532866,200.906803903837,15.4562648907951));
#9897=CARTESIAN_POINT('',(12.9947017721034,211.126031638614,15.7228258403967));
#9898=CARTESIAN_POINT('',(12.9947017721034,200.906803903837,15.7228258403967));
#9899=CARTESIAN_POINT('',(11.7567662498553,211.126031638614,16.6687724172962));
#9900=CARTESIAN_POINT('Origin',(0.,211.126031638614,0.));
#9901=CARTESIAN_POINT('',(11.7567662498553,200.906803903837,16.6687724172961));
#9902=CARTESIAN_POINT('',(11.4165661877831,211.126031638614,16.9035955652434));
#9903=CARTESIAN_POINT('',(11.4165661877831,200.906803903837,16.9035955652434));
#9904=CARTESIAN_POINT('',(10.0931127876368,211.126031638614,17.7256481068927));
#9905=CARTESIAN_POINT('Origin',(0.,211.126031638614,0.));
#9906=CARTESIAN_POINT('',(10.0931127876368,200.906803903837,17.7256481068929));
#9907=CARTESIAN_POINT('',(9.73183720099371,211.126031638614,17.9265409727226));
#9908=CARTESIAN_POINT('',(9.73183720099371,200.906803903837,17.9265409727226));
#9909=CARTESIAN_POINT('',(8.33522265076084,211.126031638614,18.6170241960306));
#9910=CARTESIAN_POINT('Origin',(0.,211.126031638614,0.));
#9911=CARTESIAN_POINT('',(8.33522265076098,200.906803903837,18.6170241960306));
#9912=CARTESIAN_POINT('',(7.95624467235896,211.126031638614,18.7821110971825));
#9913=CARTESIAN_POINT('',(7.95624467235896,200.906803903837,18.7821110971825));
#9914=CARTESIAN_POINT('',(6.4995087857983,211.126031638614,19.3345781463336));
#9915=CARTESIAN_POINT('Origin',(0.,211.126031638614,0.));
#9916=CARTESIAN_POINT('',(6.4995087857983,200.906803903837,19.3345781463336));
#9917=CARTESIAN_POINT('',(6.10636683091144,211.126031638614,19.4623177108917));
#9918=CARTESIAN_POINT('',(6.10636683091144,200.906803903837,19.4623177108917));
#9919=CARTESIAN_POINT('',(4.60311075849944,211.126031638614,19.8716103499021));
#9920=CARTESIAN_POINT('Origin',(0.,211.126031638614,0.));
#9921=CARTESIAN_POINT('',(4.60311075849944,200.906803903837,19.8716103499021));
#9922=CARTESIAN_POINT('',(4.19947548763446,211.126031638614,19.9608099079698));
#9923=CARTESIAN_POINT('',(4.19947548763446,200.906803903837,19.9608099079698));
#9924=CARTESIAN_POINT('',(2.66373472628914,211.126031638614,20.2231066817467));
#9925=CARTESIAN_POINT('Origin',(0.,211.126031638614,0.));
#9926=CARTESIAN_POINT('',(2.66373472628914,200.906803903837,20.2231066817467));
#9927=CARTESIAN_POINT('',(2.25337477321631,211.126031638614,20.2729334010839));
#9928=CARTESIAN_POINT('',(2.25337477321631,200.906803903837,20.2729334010839));
#9929=CARTESIAN_POINT('',(0.699488120643252,211.126031638614,20.3857853153227));
#9930=CARTESIAN_POINT('Origin',(0.,211.126031638614,0.));
#9931=CARTESIAN_POINT('',(0.699488120643252,200.906803903837,20.3857853153227));
#9932=CARTESIAN_POINT('',(0.286234905679805,211.126031638614,20.3957739772757));
#9933=CARTESIAN_POINT('',(0.286234905679805,200.906803903837,20.3957739772757));
#9934=CARTESIAN_POINT('',(-1.2712894171176,211.126031638614,20.3581273640596));
#9935=CARTESIAN_POINT('Origin',(0.,211.126031638614,0.));
#9936=CARTESIAN_POINT('',(-1.2712894171176,200.906803903837,20.3581273640596));
#9937=CARTESIAN_POINT('',(-1.68357746004972,211.126031638614,20.3281847071834));
#9938=CARTESIAN_POINT('',(-1.68357746004972,200.906803903837,20.3281847071834));
#9939=CARTESIAN_POINT('',(-3.23019726812149,211.126031638614,20.1403910627964));
#9940=CARTESIAN_POINT('Origin',(0.,211.126031638614,0.));
#9941=CARTESIAN_POINT('',(-3.23019726812163,200.906803903837,20.1403910627963));
#9942=CARTESIAN_POINT('',(-3.63767071664995,211.126031638614,20.0707966536103));
#9943=CARTESIAN_POINT('',(-3.63767071664995,200.906803903837,20.0707966536103));
#9944=CARTESIAN_POINT('',(-5.15894563756191,211.126031638614,19.734609356712));
#9945=CARTESIAN_POINT('Origin',(0.,211.126031638614,0.));
#9946=CARTESIAN_POINT('',(-5.15894563756177,200.906803903837,19.734609356712));
#9947=CARTESIAN_POINT('',(-5.55780002188527,211.126031638614,19.6260129794636));
#9948=CARTESIAN_POINT('',(-5.55780002188527,200.906803903837,19.6260129794636));
#9949=CARTESIAN_POINT('',(-7.03952632158646,211.126031638614,19.1445709202645));
#9950=CARTESIAN_POINT('Origin',(0.,211.126031638614,0.));
#9951=CARTESIAN_POINT('',(-7.03952632158632,200.906803903837,19.1445709202645));
#9952=CARTESIAN_POINT('',(-7.42603764578419,211.126031638614,18.9979865100685));
#9953=CARTESIAN_POINT('',(-7.42603764578419,200.906803903837,18.9979865100685));
#9954=CARTESIAN_POINT('',(-8.85438084504329,211.126031638614,18.3757847833577));
#9955=CARTESIAN_POINT('Origin',(0.,211.126031638614,0.));
#9956=CARTESIAN_POINT('',(-8.85438084504329,200.906803903837,18.3757847833577));
#9957=CARTESIAN_POINT('',(-9.22494035702101,211.126031638614,18.1925809593569));
#9958=CARTESIAN_POINT('',(-9.22494035702101,200.906803903837,18.1925809593568));
#9959=CARTESIAN_POINT('',(-10.5865644002327,211.126031638614,17.4354288950134));
#9960=CARTESIAN_POINT('Origin',(0.,211.126031638614,0.));
#9961=CARTESIAN_POINT('',(-10.5865644002327,200.906803903837,17.4354288950134));
#9962=CARTESIAN_POINT('',(-10.9377122856688,211.126031638614,17.2173161819511));
#9963=CARTESIAN_POINT('',(-10.9377122856688,200.906803903837,17.2173161819511));
#9964=CARTESIAN_POINT('',(-12.2199040560113,211.126031638614,16.3322831047967));
#9965=CARTESIAN_POINT('Origin',(0.,211.126031638614,0.));
#9966=CARTESIAN_POINT('',(-12.2199040560113,200.906803903837,16.3322831047965));
#9967=CARTESIAN_POINT('',(-12.5483617417109,211.126031638614,16.0812979623073));
#9968=CARTESIAN_POINT('',(-12.5483617417109,200.906803903837,16.0812979623073));
#9969=CARTESIAN_POINT('',(-13.7391497600923,211.126031638614,15.0766471877238));
#9970=CARTESIAN_POINT('Origin',(0.,211.126031638614,0.));
#9971=CARTESIAN_POINT('',(-13.7391497600925,200.906803903837,15.0766471877238));
#9972=CARTESIAN_POINT('',(-14.0418505251426,211.126031638614,14.7951329964586));
#9973=CARTESIAN_POINT('',(-14.0418505251425,200.906803903837,14.7951329964587));
#9974=CARTESIAN_POINT('',(-15.1301167246754,211.126031638614,13.6802446780401));
#9975=CARTESIAN_POINT('Origin',(0.,211.126031638614,0.));
#9976=CARTESIAN_POINT('',(-15.1301167246754,200.906803903837,13.6802446780401));
#9977=CARTESIAN_POINT('',(-15.4042343335911,211.126031638614,13.3708298601532));
#9978=CARTESIAN_POINT('',(-15.4042343335909,200.906803903837,13.3708298601532));
#9979=CARTESIAN_POINT('',(-16.3798178659877,211.126031638614,12.1561134097384));
#9980=CARTESIAN_POINT('Origin',(0.,211.126031638614,0.));
#9981=CARTESIAN_POINT('',(-16.3798178659877,200.906803903837,12.1561134097382));
#9982=CARTESIAN_POINT('',(-16.622792956511,211.126031638614,11.821686888017));
#9983=CARTESIAN_POINT('',(-16.622792956511,200.906803903837,11.821686888017));
#9984=CARTESIAN_POINT('',(-17.476585061186,211.126031638614,10.518483785816));
#9985=CARTESIAN_POINT('Origin',(0.,211.126031638614,0.));
#9986=CARTESIAN_POINT('',(-17.476585061186,200.906803903837,10.518483785816));
#9987=CARTESIAN_POINT('',(-17.6861490403633,211.126031638614,10.162168010587));
#9988=CARTESIAN_POINT('',(-17.6861490403633,200.906803903837,10.162168010587));
#9989=CARTESIAN_POINT('',(-18.4101780904773,211.126031638614,8.7826459128361));
#9990=CARTESIAN_POINT('Origin',(0.,211.126031638614,0.));
#9991=CARTESIAN_POINT('',(-18.4101780904773,200.906803903837,8.78264591283596));
#9992=CARTESIAN_POINT('',(-18.5843743158986,211.126031638614,8.40776770848919));
#9993=CARTESIAN_POINT('',(-18.5843743158986,200.906803903837,8.40776770848919));
#9994=CARTESIAN_POINT('',(-19.1718802472894,211.126031638614,6.96480684132311));
#9995=CARTESIAN_POINT('Origin',(0.,211.126031638614,0.));
#9996=CARTESIAN_POINT('',(-19.1718802472894,200.906803903837,6.96480684132283));
#9997=CARTESIAN_POINT('',(-19.3090822957328,211.126031638614,6.57486634464647));
#9998=CARTESIAN_POINT('',(-19.3090822957328,200.906803903837,6.57486634464647));
#9999=CARTESIAN_POINT('',(-19.7545797238139,211.126031638614,5.08193924489731));
#10000=CARTESIAN_POINT('Origin',(0.,211.126031638614,0.));
#10001=CARTESIAN_POINT('',(-19.7545797238139,200.906803903837,5.08193924489717));
#10002=CARTESIAN_POINT('',(-19.85350657672,211.126031638614,4.68057722524449));
#10003=CARTESIAN_POINT('',(-19.85350657672,200.906803903837,4.68057722524463));
#10004=CARTESIAN_POINT('',(-20.1528360120381,211.126031638614,3.15162295099583));
#10005=CARTESIAN_POINT('Origin',(0.,211.126031638614,0.));
#10006=CARTESIAN_POINT('',(-20.1528360120381,200.906803903837,3.15162295099583));
#10007=CARTESIAN_POINT('',(-20.2125640160358,211.126031638614,2.74258681740363));
#10008=CARTESIAN_POINT('',(-20.2125640160358,200.906803903837,2.74258681740363));
#10009=CARTESIAN_POINT('',(-20.3629307003034,211.126031638614,1.19188080275933));
#10010=CARTESIAN_POINT('Origin',(0.,211.126031638614,0.));
#10011=CARTESIAN_POINT('',(-20.3629307003035,200.906803903837,1.19188080275904));
#10012=CARTESIAN_POINT('',(-20.3829021911122,211.126031638614,0.778989615398018));
#10013=CARTESIAN_POINT('',(-20.3829021911122,200.906803903837,0.778989615398018));
#10014=CARTESIAN_POINT('',(-20.3829021911122,211.126031638614,-0.778989615398018));
#10015=CARTESIAN_POINT('Origin',(0.,211.126031638614,0.));
#10016=CARTESIAN_POINT('',(-20.3829021911122,190.687563267347,-0.778989615398018));
#10017=CARTESIAN_POINT('',(-20.3829021911122,200.906803903837,-0.778989615398018));
#10018=CARTESIAN_POINT('',(-20.3629307003034,190.687563267347,-1.19188080275904));
#10019=CARTESIAN_POINT('Origin',(0.,190.687563267347,0.));
#10020=CARTESIAN_POINT('',(-20.3629307003034,211.126031638614,-1.19188080275904));
#10021=CARTESIAN_POINT('',(-20.3629307003034,200.906803903837,-1.19188080275904));
#10022=CARTESIAN_POINT('',(-20.2125640160358,211.126031638614,-2.74258681740349));
#10023=CARTESIAN_POINT('Origin',(0.,211.126031638614,0.));
#10024=CARTESIAN_POINT('',(-20.2125640160359,190.687563267347,-2.74258681740349));
#10025=CARTESIAN_POINT('',(-20.2125640160359,200.906803903837,-2.74258681740349));
#10026=CARTESIAN_POINT('',(-20.1528360120381,190.687563267347,-3.15162295099569));
#10027=CARTESIAN_POINT('Origin',(0.,190.687563267347,0.));
#10028=CARTESIAN_POINT('',(-20.1528360120381,211.126031638614,-3.15162295099569));
#10029=CARTESIAN_POINT('',(-20.1528360120381,200.906803903837,-3.15162295099569));
#10030=CARTESIAN_POINT('',(-19.85350657672,211.126031638614,-4.68057722524463));
#10031=CARTESIAN_POINT('Origin',(0.,211.126031638614,0.));
#10032=CARTESIAN_POINT('',(-19.85350657672,190.687563267347,-4.68057722524449));
#10033=CARTESIAN_POINT('',(-19.85350657672,200.906803903837,-4.68057722524449));
#10034=CARTESIAN_POINT('',(-19.7545797238139,190.687563267347,-5.08193924489717));
#10035=CARTESIAN_POINT('Origin',(0.,190.687563267347,0.));
#10036=CARTESIAN_POINT('',(-19.7545797238139,211.126031638614,-5.08193924489717));
#10037=CARTESIAN_POINT('',(-19.7545797238139,200.906803903837,-5.08193924489717));
#10038=CARTESIAN_POINT('',(-19.3090822957328,211.126031638614,-6.57486634464618));
#10039=CARTESIAN_POINT('Origin',(0.,211.126031638614,0.));
#10040=CARTESIAN_POINT('',(-19.3090822957329,190.687563267347,-6.57486634464632));
#10041=CARTESIAN_POINT('',(-19.3090822957329,200.906803903837,-6.57486634464632));
#10042=CARTESIAN_POINT('',(-19.1718802472894,190.687563267347,-6.96480684132283));
#10043=CARTESIAN_POINT('Origin',(0.,190.687563267347,0.));
#10044=CARTESIAN_POINT('',(-19.1718802472894,211.126031638614,-6.96480684132283));
#10045=CARTESIAN_POINT('',(-19.1718802472894,200.906803903837,-6.96480684132283));
#10046=CARTESIAN_POINT('',(-18.5843743158986,211.126031638614,-8.40776770848905));
#10047=CARTESIAN_POINT('Origin',(0.,211.126031638614,0.));
#10048=CARTESIAN_POINT('',(-18.5843743158986,190.687563267347,-8.40776770848905));
#10049=CARTESIAN_POINT('',(-18.5843743158986,200.906803903837,-8.40776770848905));
#10050=CARTESIAN_POINT('',(-18.4101780904773,190.687563267347,-8.7826459128361));
#10051=CARTESIAN_POINT('Origin',(0.,190.687563267347,0.));
#10052=CARTESIAN_POINT('',(-18.4101780904773,211.126031638614,-8.7826459128361));
#10053=CARTESIAN_POINT('',(-18.4101780904773,200.906803903837,-8.7826459128361));
#10054=CARTESIAN_POINT('',(-17.6861490403634,211.126031638614,-10.1621680105869));
#10055=CARTESIAN_POINT('Origin',(0.,211.126031638614,0.));
#10056=CARTESIAN_POINT('',(-17.6861490403633,190.687563267347,-10.1621680105872));
#10057=CARTESIAN_POINT('',(-17.6861490403633,200.906803903837,-10.1621680105872));
#10058=CARTESIAN_POINT('',(-17.4765850611861,190.687563267347,-10.518483785816));
#10059=CARTESIAN_POINT('Origin',(0.,190.687563267347,0.));
#10060=CARTESIAN_POINT('',(-17.4765850611861,211.126031638614,-10.518483785816));
#10061=CARTESIAN_POINT('',(-17.4765850611861,200.906803903837,-10.518483785816));
#10062=CARTESIAN_POINT('',(-16.622792956511,211.126031638614,-11.8216868880171));
#10063=CARTESIAN_POINT('Origin',(0.,211.126031638614,0.));
#10064=CARTESIAN_POINT('',(-16.622792956511,190.687563267347,-11.821686888017));
#10065=CARTESIAN_POINT('',(-16.622792956511,200.906803903837,-11.821686888017));
#10066=CARTESIAN_POINT('',(-16.3798178659877,190.687563267347,-12.1561134097382));
#10067=CARTESIAN_POINT('Origin',(0.,190.687563267347,0.));
#10068=CARTESIAN_POINT('',(-16.3798178659877,211.126031638614,-12.1561134097382));
#10069=CARTESIAN_POINT('',(-16.3798178659877,200.906803903837,-12.1561134097382));
#10070=CARTESIAN_POINT('',(-15.4042343335909,211.126031638614,-13.3708298601532));
#10071=CARTESIAN_POINT('Origin',(0.,211.126031638614,0.));
#10072=CARTESIAN_POINT('',(-15.4042343335909,190.687563267347,-13.3708298601532));
#10073=CARTESIAN_POINT('',(-15.4042343335909,200.906803903837,-13.3708298601532));
#10074=CARTESIAN_POINT('',(-15.1301167246754,190.687563267347,-13.6802446780401));
#10075=CARTESIAN_POINT('Origin',(0.,190.687563267347,0.));
#10076=CARTESIAN_POINT('',(-15.1301167246754,211.126031638614,-13.6802446780401));
#10077=CARTESIAN_POINT('',(-15.1301167246754,200.906803903837,-13.6802446780401));
#10078=CARTESIAN_POINT('',(-14.0418505251426,211.126031638614,-14.7951329964586));
#10079=CARTESIAN_POINT('Origin',(0.,211.126031638614,0.));
#10080=CARTESIAN_POINT('',(-14.0418505251426,190.687563267347,-14.7951329964587));
#10081=CARTESIAN_POINT('',(-14.0418505251426,200.906803903837,-14.7951329964587));
#10082=CARTESIAN_POINT('',(-13.7391497600925,190.687563267347,-15.0766471877238));
#10083=CARTESIAN_POINT('Origin',(0.,190.687563267347,0.));
#10084=CARTESIAN_POINT('',(-13.7391497600925,211.126031638614,-15.0766471877238));
#10085=CARTESIAN_POINT('',(-13.7391497600925,200.906803903837,-15.0766471877238));
#10086=CARTESIAN_POINT('',(-12.548361741711,211.126031638614,-16.0812979623073));
#10087=CARTESIAN_POINT('Origin',(0.,211.126031638614,0.));
#10088=CARTESIAN_POINT('',(-12.5483617417112,190.687563267347,-16.0812979623073));
#10089=CARTESIAN_POINT('',(-12.5483617417112,200.906803903837,-16.0812979623073));
#10090=CARTESIAN_POINT('',(-12.2199040560113,190.687563267347,-16.3322831047965));
#10091=CARTESIAN_POINT('Origin',(0.,190.687563267347,0.));
#10092=CARTESIAN_POINT('',(-12.2199040560113,211.126031638614,-16.3322831047965));
#10093=CARTESIAN_POINT('',(-12.2199040560113,200.906803903837,-16.3322831047965));
#10094=CARTESIAN_POINT('',(-10.9377122856688,211.126031638614,-17.2173161819511));
#10095=CARTESIAN_POINT('Origin',(0.,211.126031638614,0.));
#10096=CARTESIAN_POINT('',(-10.9377122856688,190.687563267347,-17.2173161819512));
#10097=CARTESIAN_POINT('',(-10.9377122856688,200.906803903837,-17.2173161819512));
#10098=CARTESIAN_POINT('',(-10.5865644002328,190.687563267347,-17.4354288950134));
#10099=CARTESIAN_POINT('Origin',(0.,190.687563267347,0.));
#10100=CARTESIAN_POINT('',(-10.5865644002328,211.126031638614,-17.4354288950134));
#10101=CARTESIAN_POINT('',(-10.5865644002328,200.906803903837,-17.4354288950134));
#10102=CARTESIAN_POINT('',(-9.22494035702101,211.126031638614,-18.1925809593568));
#10103=CARTESIAN_POINT('Origin',(0.,211.126031638614,0.));
#10104=CARTESIAN_POINT('',(-9.22494035702101,190.687563267347,-18.1925809593568));
#10105=CARTESIAN_POINT('',(-9.22494035702101,200.906803903837,-18.1925809593568));
#10106=CARTESIAN_POINT('',(-8.85438084504329,190.687563267347,-18.3757847833576));
#10107=CARTESIAN_POINT('Origin',(0.,190.687563267347,0.));
#10108=CARTESIAN_POINT('',(-8.85438084504329,211.126031638614,-18.3757847833576));
#10109=CARTESIAN_POINT('',(-8.85438084504329,200.906803903837,-18.3757847833576));
#10110=CARTESIAN_POINT('',(-7.42603764578419,211.126031638614,-18.9979865100685));
#10111=CARTESIAN_POINT('Origin',(0.,211.126031638614,0.));
#10112=CARTESIAN_POINT('',(-7.42603764578419,190.687563267347,-18.9979865100685));
#10113=CARTESIAN_POINT('',(-7.42603764578419,200.906803903837,-18.9979865100685));
#10114=CARTESIAN_POINT('',(-7.03952632158661,190.687563267347,-19.1445709202644));
#10115=CARTESIAN_POINT('Origin',(0.,190.687563267347,0.));
#10116=CARTESIAN_POINT('',(-7.03952632158661,211.126031638614,-19.1445709202644));
#10117=CARTESIAN_POINT('',(-7.03952632158661,200.906803903837,-19.1445709202644));
#10118=CARTESIAN_POINT('',(-5.55780002188555,211.126031638614,-19.6260129794638));
#10119=CARTESIAN_POINT('Origin',(0.,211.126031638614,0.));
#10120=CARTESIAN_POINT('',(-5.55780002188527,190.687563267347,-19.6260129794638));
#10121=CARTESIAN_POINT('',(-5.55780002188527,200.906803903837,-19.6260129794638));
#10122=CARTESIAN_POINT('',(-5.15894563756191,190.687563267347,-19.734609356712));
#10123=CARTESIAN_POINT('Origin',(0.,190.687563267347,0.));
#10124=CARTESIAN_POINT('',(-5.15894563756191,211.126031638614,-19.734609356712));
#10125=CARTESIAN_POINT('',(-5.15894563756191,200.906803903837,-19.734609356712));
#10126=CARTESIAN_POINT('',(-3.63767071664995,211.126031638614,-20.0707966536103));
#10127=CARTESIAN_POINT('Origin',(0.,211.126031638614,0.));
#10128=CARTESIAN_POINT('',(-3.63767071664981,190.687563267347,-20.0707966536103));
#10129=CARTESIAN_POINT('',(-3.63767071664981,200.906803903837,-20.0707966536103));
#10130=CARTESIAN_POINT('',(-3.23019726812134,190.687563267347,-20.1403910627964));
#10131=CARTESIAN_POINT('Origin',(0.,190.687563267347,0.));
#10132=CARTESIAN_POINT('',(-3.23019726812134,211.126031638614,-20.1403910627964));
#10133=CARTESIAN_POINT('',(-3.23019726812134,200.906803903837,-20.1403910627964));
#10134=CARTESIAN_POINT('',(-1.68357746004943,211.126031638614,-20.3281847071833));
#10135=CARTESIAN_POINT('Origin',(0.,211.126031638614,0.));
#10136=CARTESIAN_POINT('',(-1.68357746004943,190.687563267347,-20.3281847071833));
#10137=CARTESIAN_POINT('',(-1.68357746004943,200.906803903837,-20.3281847071833));
#10138=CARTESIAN_POINT('',(-1.2712894171176,190.687563267347,-20.3581273640596));
#10139=CARTESIAN_POINT('Origin',(0.,190.687563267347,0.));
#10140=CARTESIAN_POINT('',(-1.2712894171176,211.126031638614,-20.3581273640596));
#10141=CARTESIAN_POINT('',(-1.2712894171176,200.906803903837,-20.3581273640596));
#10142=CARTESIAN_POINT('Origin',(0.,211.126031638614,0.));
#10143=CARTESIAN_POINT('Origin',(22.0197719032647,186.373031638614,1.06509338450309));
#10144=CARTESIAN_POINT('',(22.0197719032647,188.724031638614,1.06509338450309));
#10145=CARTESIAN_POINT('',(13.1610411618215,188.724031638614,-3.62019279439562));
#10146=CARTESIAN_POINT('',(22.0197719032647,211.126031638614,1.06509338450309));
#10147=CARTESIAN_POINT('',(22.0197719032647,186.373031638614,1.06509338450309));
#10148=CARTESIAN_POINT('',(19.7537730106053,211.126031638614,-0.133368743204301));
#10149=CARTESIAN_POINT('Origin',(-0.0128720810643301,211.126031638614,1.4210854715202E-13));
#10150=CARTESIAN_POINT('',(-21.9425995435623,211.126031638614,-2.12769919405503));
#10151=CARTESIAN_POINT('',(-19.7371485792304,211.126031638614,-0.821158533757256));
#10152=CARTESIAN_POINT('',(-19.5272144843494,211.126031638614,-2.98617311259605));
#10153=CARTESIAN_POINT('Origin',(-0.0128720810643301,211.126031638614,1.4210854715202E-13));
#10154=CARTESIAN_POINT('',(-22.0455160653933,211.126031638614,0.));
#10155=CARTESIAN_POINT('',(-19.7242615898159,211.126031638614,1.08758453128686));
#10156=CARTESIAN_POINT('',(-19.7242615898159,211.126031638614,-1.08758453128686));
#10157=CARTESIAN_POINT('Origin',(-0.0128720810643301,211.126031638614,1.4210854715202E-13));
#10158=CARTESIAN_POINT('',(-21.9425995435621,211.126031638614,2.12769919405517));
#10159=CARTESIAN_POINT('',(-19.5272144843494,211.126031638614,2.98617311259619));
#10160=CARTESIAN_POINT('',(-19.7371485792304,211.126031638614,0.821158533757398));
#10161=CARTESIAN_POINT('Origin',(-0.0128720810643301,211.126031638614,1.4210854715202E-13));
#10162=CARTESIAN_POINT('',(-21.6348108819035,211.126031638614,4.2355326340126));
#10163=CARTESIAN_POINT('',(-19.1478470385636,211.126031638614,4.85688060013345));
#10164=CARTESIAN_POINT('',(-19.5657551302452,211.126031638614,2.72223466282099));
#10165=CARTESIAN_POINT('Origin',(-0.0128720810643301,211.126031638614,1.4210854715202E-13));
#10166=CARTESIAN_POINT('',(-21.1250238202223,211.126031638614,6.30382004696813));
#10167=CARTESIAN_POINT('',(-18.5897013040844,211.126031638614,6.68224070212247));
#10168=CARTESIAN_POINT('',(-19.2116814973139,211.126031638614,4.59789402030395));
#10169=CARTESIAN_POINT('Origin',(-0.0128720810643301,211.126031638614,1.4210854715202E-13));
#10170=CARTESIAN_POINT('',(-20.4179981029587,211.126031638614,8.31325039061696));
#10171=CARTESIAN_POINT('',(-17.8579885372507,211.126031638614,8.44521052310725));
#10172=CARTESIAN_POINT('',(-18.6782335705473,211.126031638614,6.4306240801541));
#10173=CARTESIAN_POINT('Origin',(-0.0128720810643301,211.126031638614,1.4210854715202E-13));
#10174=CARTESIAN_POINT('',(-19.5203350387371,211.126031638614,10.2450621552515));
#10175=CARTESIAN_POINT('',(-16.9595405430172,211.126031638614,10.1293296888755));
#10176=CARTESIAN_POINT('',(-17.9703920095079,211.126031638614,8.20331313560501));
#10177=CARTESIAN_POINT('Origin',(-0.0128720810643301,211.126031638614,1.4210854715202E-13));
#10178=CARTESIAN_POINT('',(-18.4404158657262,211.126031638614,12.0812185349239));
#10179=CARTESIAN_POINT('',(-15.9027458882323,211.126031638614,11.7188740325376));
#10180=CARTESIAN_POINT('',(-17.0947657401337,211.126031638614,9.89941006657105));
#10181=CARTESIAN_POINT('Origin',(-0.0128720810643301,211.126031638614,1.4210854715202E-13));
#10182=CARTESIAN_POINT('',(-17.1883234982759,211.126031638614,13.8045758322424));
#10183=CARTESIAN_POINT('',(-14.6974715798503,211.126031638614,13.1990024068364));
#10184=CARTESIAN_POINT('',(-16.0595302489773,211.126031638614,11.5030788729959));
#10185=CARTESIAN_POINT('Origin',(-0.0128720810643301,211.126031638614,1.4210854715202E-13));
#10186=CARTESIAN_POINT('',(-15.7757483854633,211.126031638614,15.3990435244553));
#10187=CARTESIAN_POINT('',(-13.3549709393446,211.126031638614,14.5558952519397));
#10188=CARTESIAN_POINT('',(-14.8743512508902,211.126031638614,12.9993465313191));
#10189=CARTESIAN_POINT('Origin',(-0.0128720810643301,211.126031638614,1.4210854715202E-13));
#10190=CARTESIAN_POINT('',(-14.2158793605189,211.126031638614,16.8497344963262));
#10191=CARTESIAN_POINT('',(-11.8877785334789,211.126031638614,15.7768836249477));
#10192=CARTESIAN_POINT('',(-13.550294442849,211.126031638614,14.3742427935624));
#10193=CARTESIAN_POINT('Origin',(-0.0128720810643301,211.126031638614,1.4210854715202E-13));
#10194=CARTESIAN_POINT('',(-12.5232805002452,211.126031638614,18.1431040371181));
#10195=CARTESIAN_POINT('',(-10.3095931424332,211.126031638614,16.8505674863987));
#10196=CARTESIAN_POINT('',(-12.0997221865224,211.126031638614,15.6149306237702));
#10197=CARTESIAN_POINT('Origin',(-0.0128720810643301,211.126031638614,1.4210854715202E-13));
#10198=CARTESIAN_POINT('',(-10.7137551441545,211.126031638614,19.2670763039081));
#10199=CARTESIAN_POINT('',(-8.63514985798474,211.126031638614,17.7669221393668));
#10200=CARTESIAN_POINT('',(-10.5361780842324,211.126031638614,16.7098260539576));
#10201=CARTESIAN_POINT('Origin',(-0.0128720810643301,211.126031638614,1.4210854715202E-13));
#10202=CARTESIAN_POINT('',(-8.80419834294656,211.126031638614,20.2111570704791));
#10203=CARTESIAN_POINT('',(-6.88008250592674,211.126031638614,18.5173918273559));
#10204=CARTESIAN_POINT('',(-8.8742605259884,211.126031638614,17.6487063404961));
#10205=CARTESIAN_POINT('Origin',(-0.0128720810643301,211.126031638614,1.4210854715202E-13));
#10206=CARTESIAN_POINT('',(-6.81243911397246,211.126031638614,20.9665317090818));
#10207=CARTESIAN_POINT('',(-5.06077767724776,211.126031638614,19.0949696170915));
#10208=CARTESIAN_POINT('',(-7.1294863882521,211.126031638614,18.4228054111176));
#10209=CARTESIAN_POINT('Origin',(-0.0128720810643301,211.126031638614,1.4210854715202E-13));
#10210=CARTESIAN_POINT('',(-4.75707397650268,211.126031638614,21.5261474902407));
#10211=CARTESIAN_POINT('',(-3.19422173094864,211.126031638614,19.4942628203714));
#10212=CARTESIAN_POINT('',(-5.3181461570442,211.126031638614,19.0248957113698));
#10213=CARTESIAN_POINT('Origin',(-0.0128720810643301,211.126031638614,1.4210854715202E-13));
#10214=CARTESIAN_POINT('',(-2.65729332103788,211.126031638614,21.8847794321873));
#10215=CARTESIAN_POINT('',(-1.29784219698365,211.126031638614,19.71154334414));
#10216=CARTESIAN_POINT('',(-3.4571518280643,211.126031638614,19.4493556863432));
#10217=CARTESIAN_POINT('Origin',(-0.0128720810643301,211.126031638614,1.4210854715202E-13));
#10218=CARTESIAN_POINT('',(-0.532702233803093,211.126031638614,22.0390790851074));
#10219=CARTESIAN_POINT('',(0.610654939890054,211.126031638614,19.7447824986899));
#10220=CARTESIAN_POINT('',(-1.56387900394421,211.126031638614,19.6922222676163));
#10221=CARTESIAN_POINT('Origin',(-0.0128720810643301,211.126031638614,1.4210854715202E-13));
#10222=CARTESIAN_POINT('',(1.59686255065964,211.126031638614,21.9876057947158));
#10223=CARTESIAN_POINT('',(2.51345055612177,211.126031638614,19.5936699389908));
#10224=CARTESIAN_POINT('',(0.343995337071163,211.126031638614,19.7512278753564));
#10225=CARTESIAN_POINT('Origin',(-0.0128720810643301,211.126031638614,1.4210854715202E-13));
#10226=CARTESIAN_POINT('',(3.71151785973822,211.126031638614,21.730840153256));
#10227=CARTESIAN_POINT('',(4.39277876172383,211.126031638614,19.2596165622976));
#10228=CARTESIAN_POINT('',(2.24865788630922,211.126031638614,19.6258215901021));
#10229=CARTESIAN_POINT('Origin',(-0.0128720810643301,211.126031638614,1.4210854715202E-13));
#10230=CARTESIAN_POINT('',(5.79151972657442,211.126031638614,21.2711795123406));
#10231=CARTESIAN_POINT('',(6.23109277559706,211.126031638614,18.7457413349829));
#10232=CARTESIAN_POINT('',(4.13232532273042,211.126031638614,19.3171742965502));
#10233=CARTESIAN_POINT('Origin',(-0.0128720810643301,211.126031638614,1.4210854715202E-13));
#10234=CARTESIAN_POINT('',(7.81744773416335,211.126031638614,20.6129155995249));
#10235=CARTESIAN_POINT('',(8.01122875510089,211.126031638614,18.0568421715877));
#10236=CARTESIAN_POINT('',(5.97741035100768,211.126031638614,18.82816775132));
#10237=CARTESIAN_POINT('Origin',(-0.0128720810643301,211.126031638614,1.4210854715202E-13));
#10238=CARTESIAN_POINT('',(9.77038633855472,211.126031638614,19.7621944476039));
#10239=CARTESIAN_POINT('',(9.71656605022602,211.126031638614,17.1993511379871));
#10240=CARTESIAN_POINT('',(7.76668590936268,211.126031638614,18.1633676767687));
#10241=CARTESIAN_POINT('Origin',(-0.0128720810643301,211.126031638614,1.4210854715202E-13));
#10242=CARTESIAN_POINT('',(11.6321014781897,211.126031638614,18.726959010758));
#10243=CARTESIAN_POINT('',(11.3311823861258,211.126031638614,16.1812743969233));
#10244=CARTESIAN_POINT('',(9.48344601400123,211.126031638614,17.3289811320718));
#10245=CARTESIAN_POINT('Origin',(-0.0128720810643301,211.126031638614,1.4210854715202E-13));
#10246=CARTESIAN_POINT('',(13.3852108204221,211.126031638614,17.5168750033326));
#10247=CARTESIAN_POINT('',(12.8400025251074,211.126031638614,15.0121174566222));
#10248=CARTESIAN_POINT('',(11.1116617383826,211.126031638614,16.3327985595841));
#10249=CARTESIAN_POINT('Origin',(-0.0128720810643301,211.126031638614,1.4210854715202E-13));
#10250=CARTESIAN_POINT('',(15.0133460556721,211.126031638614,16.1432406536655));
#10251=CARTESIAN_POINT('',(14.2289390200618,211.126031638614,13.7027964204226));
#10252=CARTESIAN_POINT('',(12.6361308709862,211.126031638614,15.1841210475779));
#10253=CARTESIAN_POINT('Origin',(-0.0128720810643301,211.126031638614,1.4210854715202E-13));
#10254=CARTESIAN_POINT('',(16.5013057239256,211.126031638614,14.6188812155738));
#10255=CARTESIAN_POINT('',(15.485023745164,211.126031638614,12.2655360660627));
#10256=CARTESIAN_POINT('',(14.042619854267,211.126031638614,13.8936734884884));
#10257=CARTESIAN_POINT('Origin',(-0.0128720810643301,211.126031638614,1.4210854715202E-13));
#10258=CARTESIAN_POINT('',(17.8351971466691,211.126031638614,12.9580292224151));
#10259=CARTESIAN_POINT('',(16.5965289757699,211.126031638614,10.7137557062224));
#10260=CARTESIAN_POINT('',(15.3179966795462,211.126031638614,12.4735044434831));
#10261=CARTESIAN_POINT('Origin',(-0.0128720810643301,211.126031638614,1.4210854715202E-13));
#10262=CARTESIAN_POINT('',(19.0025661390858,211.126031638614,11.1761916017569));
#10263=CARTESIAN_POINT('',(17.5530768870195,211.126031638614,9.06194389601694));
#10264=CARTESIAN_POINT('',(16.4503534970373,211.126031638614,10.9368736482914));
#10265=CARTESIAN_POINT('Origin',(-0.0128720810643301,211.126031638614,1.4210854715202E-13));
#10266=CARTESIAN_POINT('',(19.992513291424,211.126031638614,9.29000489137394));
#10267=CARTESIAN_POINT('',(18.3457364487938,211.126031638614,7.32552315726196));
#10268=CARTESIAN_POINT('',(17.4291177962327,211.126031638614,9.29812821062541));
#10269=CARTESIAN_POINT('Origin',(-0.0128720810643301,211.126031638614,1.4210854715202E-13));
#10270=CARTESIAN_POINT('',(20.795795733849,211.126031638614,7.31707990837521));
#10271=CARTESIAN_POINT('',(18.9671068123346,211.126031638614,5.5207059825419));
#10272=CARTESIAN_POINT('',(18.2451511185842,211.126031638614,7.57256865510044));
#10273=CARTESIAN_POINT('Origin',(-0.0128720810643301,211.126031638614,1.4210854715202E-13));
#10274=CARTESIAN_POINT('',(21.4049134346283,211.126031638614,5.27583732175188));
#10275=CARTESIAN_POINT('',(19.4113864099765,211.126031638614,3.66434346353643));
#10276=CARTESIAN_POINT('',(18.8908343808289,211.126031638614,5.77630606636077));
#10277=CARTESIAN_POINT('Origin',(-0.0128720810643301,211.126031638614,1.4210854715202E-13));
#10278=CARTESIAN_POINT('',(21.8141792259078,211.126031638614,3.18533566355185));
#10279=CARTESIAN_POINT('',(19.6744271228212,211.126031638614,1.77376795691515));
#10280=CARTESIAN_POINT('',(19.3601390123176,211.126031638614,3.92611166421986));
#10281=CARTESIAN_POINT('Origin',(-0.0128720810643301,211.126031638614,1.4210854715202E-13));
#10282=CARTESIAN_POINT('',(19.648683242153,211.126031638614,2.03926021530293));
#10283=CARTESIAN_POINT('Origin',(-0.0128720810643301,211.126031638614,1.4210854715202E-13));
#10284=CARTESIAN_POINT('',(22.0197719032647,211.126031638614,-1.06509338450294));
#10285=CARTESIAN_POINT('',(19.648683242153,211.126031638614,-2.03926021530265));
#10286=CARTESIAN_POINT('',(19.7537730106053,211.126031638614,0.133368743204585));
#10287=CARTESIAN_POINT('Origin',(-0.0128720810643301,211.126031638614,1.4210854715202E-13));
#10288=CARTESIAN_POINT('',(21.8141792259078,211.126031638614,-3.18533566355157));
#10289=CARTESIAN_POINT('',(19.3601390123177,211.126031638614,-3.92611166421929));
#10290=CARTESIAN_POINT('',(19.6744271228214,211.126031638614,-1.77376795691458));
#10291=CARTESIAN_POINT('Origin',(-0.0128720810643301,211.126031638614,1.4210854715202E-13));
#10292=CARTESIAN_POINT('',(21.4049134346283,211.126031638614,-5.2758373217516));
#10293=CARTESIAN_POINT('',(18.8908343808291,211.126031638614,-5.77630606636049));
#10294=CARTESIAN_POINT('',(19.4113864099765,211.126031638614,-3.66434346353614));
#10295=CARTESIAN_POINT('Origin',(-0.0128720810643301,211.126031638614,1.4210854715202E-13));
#10296=CARTESIAN_POINT('',(20.7957957338489,211.126031638614,-7.31707990837535));
#10297=CARTESIAN_POINT('',(18.2451511185842,211.126031638614,-7.57256865510058));
#10298=CARTESIAN_POINT('',(18.9671068123346,211.126031638614,-5.52070598254218));
#10299=CARTESIAN_POINT('Origin',(-0.0128720810643301,211.126031638614,1.4210854715202E-13));
#10300=CARTESIAN_POINT('',(19.9925132914242,211.126031638614,-9.2900048913738));
#10301=CARTESIAN_POINT('',(17.4291177962328,211.126031638614,-9.29812821062526));
#10302=CARTESIAN_POINT('',(18.3457364487938,211.126031638614,-7.32552315726181));
#10303=CARTESIAN_POINT('Origin',(-0.0128720810643301,211.126031638614,1.4210854715202E-13));
#10304=CARTESIAN_POINT('',(19.002566139086,211.126031638614,-11.1761916017569));
#10305=CARTESIAN_POINT('',(16.4503534970376,211.126031638614,-10.9368736482912));
#10306=CARTESIAN_POINT('',(17.5530768870198,211.126031638614,-9.0619438960168));
#10307=CARTESIAN_POINT('Origin',(-0.0128720810643301,211.126031638614,1.4210854715202E-13));
#10308=CARTESIAN_POINT('',(17.8351971466692,211.126031638614,-12.9580292224149));
#10309=CARTESIAN_POINT('',(15.3179966795463,211.126031638614,-12.4735044434829));
#10310=CARTESIAN_POINT('',(16.5965289757699,211.126031638614,-10.7137557062221));
#10311=CARTESIAN_POINT('Origin',(-0.0128720810643301,211.126031638614,1.4210854715202E-13));
#10312=CARTESIAN_POINT('',(16.5013057239257,211.126031638614,-14.6188812155739));
#10313=CARTESIAN_POINT('',(14.0426198542671,211.126031638614,-13.8936734884886));
#10314=CARTESIAN_POINT('',(15.4850237451642,211.126031638614,-12.2655360660629));
#10315=CARTESIAN_POINT('Origin',(-0.0128720810643301,211.126031638614,1.4210854715202E-13));
#10316=CARTESIAN_POINT('',(15.0133460556721,211.126031638614,-16.1432406536655));
#10317=CARTESIAN_POINT('',(12.6361308709862,211.126031638614,-15.1841210475777));
#10318=CARTESIAN_POINT('',(14.2289390200618,211.126031638614,-13.7027964204226));
#10319=CARTESIAN_POINT('Origin',(-0.0128720810643301,211.126031638614,1.4210854715202E-13));
#10320=CARTESIAN_POINT('',(13.3852108204221,211.126031638614,-17.5168750033326));
#10321=CARTESIAN_POINT('',(11.1116617383824,211.126031638614,-16.3327985595841));
#10322=CARTESIAN_POINT('',(12.8400025251074,211.126031638614,-15.012117456622));
#10323=CARTESIAN_POINT('Origin',(-0.0128720810643301,211.126031638614,1.4210854715202E-13));
#10324=CARTESIAN_POINT('',(11.6321014781899,211.126031638614,-18.726959010758));
#10325=CARTESIAN_POINT('',(9.48344601400152,211.126031638614,-17.3289811320718));
#10326=CARTESIAN_POINT('',(11.3311823861261,211.126031638614,-16.1812743969233));
#10327=CARTESIAN_POINT('Origin',(-0.0128720810643301,211.126031638614,1.4210854715202E-13));
#10328=CARTESIAN_POINT('',(9.77038633855472,211.126031638614,-19.7621944476037));
#10329=CARTESIAN_POINT('',(7.76668590936268,211.126031638614,-18.1633676767687));
#10330=CARTESIAN_POINT('',(9.71656605022602,211.126031638614,-17.199351137987));
#10331=CARTESIAN_POINT('Origin',(-0.0128720810643301,211.126031638614,1.4210854715202E-13));
#10332=CARTESIAN_POINT('',(7.81744773416335,211.126031638614,-20.6129155995252));
#10333=CARTESIAN_POINT('',(5.97741035100739,211.126031638614,-18.8281677513203));
#10334=CARTESIAN_POINT('',(8.01122875510089,211.126031638614,-18.0568421715878));
#10335=CARTESIAN_POINT('Origin',(-0.0128720810643301,211.126031638614,1.4210854715202E-13));
#10336=CARTESIAN_POINT('',(5.79151972657428,211.126031638614,-21.2711795123407));
#10337=CARTESIAN_POINT('',(4.13232532273042,211.126031638614,-19.3171742965502));
#10338=CARTESIAN_POINT('',(6.23109277559706,211.126031638614,-18.7457413349829));
#10339=CARTESIAN_POINT('Origin',(-0.0128720810643301,211.126031638614,1.4210854715202E-13));
#10340=CARTESIAN_POINT('',(3.71151785973836,211.126031638614,-21.7308401532561));
#10341=CARTESIAN_POINT('',(2.24865788630922,211.126031638614,-19.6258215901022));
#10342=CARTESIAN_POINT('',(4.39277876172383,211.126031638614,-19.2596165622977));
#10343=CARTESIAN_POINT('Origin',(-0.0128720810643301,211.126031638614,1.4210854715202E-13));
#10344=CARTESIAN_POINT('',(1.59686255065964,211.126031638614,-21.9876057947158));
#10345=CARTESIAN_POINT('',(0.343995337071306,211.126031638614,-19.7512278753565));
#10346=CARTESIAN_POINT('',(2.51345055612205,211.126031638614,-19.5936699389908));
#10347=CARTESIAN_POINT('Origin',(-0.0128720810643301,211.126031638614,1.4210854715202E-13));
#10348=CARTESIAN_POINT('',(-0.532702233803093,211.126031638614,-22.0390790851073));
#10349=CARTESIAN_POINT('',(-1.56387900394435,211.126031638614,-19.6922222676162));
#10350=CARTESIAN_POINT('',(0.610654939889912,211.126031638614,-19.7447824986897));
#10351=CARTESIAN_POINT('Origin',(-0.0128720810643301,211.126031638614,1.4210854715202E-13));
#10352=CARTESIAN_POINT('',(-2.65729332103774,211.126031638614,-21.8847794321873));
#10353=CARTESIAN_POINT('',(-3.45715182806401,211.126031638614,-19.4493556863434));
#10354=CARTESIAN_POINT('',(-1.29784219698365,211.126031638614,-19.7115433441401));
#10355=CARTESIAN_POINT('Origin',(-0.0128720810643301,211.126031638614,1.4210854715202E-13));
#10356=CARTESIAN_POINT('',(-4.75707397650268,211.126031638614,-21.5261474902407));
#10357=CARTESIAN_POINT('',(-5.31814615704434,211.126031638614,-19.0248957113697));
#10358=CARTESIAN_POINT('',(-3.19422173094864,211.126031638614,-19.4942628203714));
#10359=CARTESIAN_POINT('Origin',(-0.0128720810643301,211.126031638614,1.4210854715202E-13));
#10360=CARTESIAN_POINT('',(-6.81243911397246,211.126031638614,-20.966531709082));
#10361=CARTESIAN_POINT('',(-7.12948638825225,211.126031638614,-18.4228054111178));
#10362=CARTESIAN_POINT('',(-5.06077767724804,211.126031638614,-19.0949696170917));
#10363=CARTESIAN_POINT('Origin',(-0.0128720810643301,211.126031638614,1.4210854715202E-13));
#10364=CARTESIAN_POINT('',(-8.80419834294656,211.126031638614,-20.2111570704791));
#10365=CARTESIAN_POINT('',(-8.8742605259884,211.126031638614,-17.6487063404961));
#10366=CARTESIAN_POINT('',(-6.88008250592674,211.126031638614,-18.5173918273559));
#10367=CARTESIAN_POINT('Origin',(-0.0128720810643301,211.126031638614,1.4210854715202E-13));
#10368=CARTESIAN_POINT('',(-10.7137551441545,211.126031638614,-19.2670763039082));
#10369=CARTESIAN_POINT('',(-10.5361780842327,211.126031638614,-16.7098260539575));
#10370=CARTESIAN_POINT('',(-8.63514985798503,211.126031638614,-17.7669221393668));
#10371=CARTESIAN_POINT('Origin',(-0.0128720810643301,211.126031638614,1.4210854715202E-13));
#10372=CARTESIAN_POINT('',(-12.5232805002454,211.126031638614,-18.1431040371181));
#10373=CARTESIAN_POINT('',(-12.0997221865224,211.126031638614,-15.6149306237704));
#10374=CARTESIAN_POINT('',(-10.3095931424332,211.126031638614,-16.8505674863987));
#10375=CARTESIAN_POINT('Origin',(-0.0128720810643301,211.126031638614,1.4210854715202E-13));
#10376=CARTESIAN_POINT('',(-14.2158793605191,211.126031638614,-16.8497344963262));
#10377=CARTESIAN_POINT('',(-13.550294442849,211.126031638614,-14.3742427935622));
#10378=CARTESIAN_POINT('',(-11.8877785334789,211.126031638614,-15.7768836249475));
#10379=CARTESIAN_POINT('Origin',(-0.0128720810643301,211.126031638614,1.4210854715202E-13));
#10380=CARTESIAN_POINT('',(-15.7757483854633,211.126031638614,-15.3990435244553));
#10381=CARTESIAN_POINT('',(-14.8743512508904,211.126031638614,-12.9993465313193));
#10382=CARTESIAN_POINT('',(-13.3549709393446,211.126031638614,-14.5558952519397));
#10383=CARTESIAN_POINT('Origin',(-0.0128720810643301,211.126031638614,1.4210854715202E-13));
#10384=CARTESIAN_POINT('',(-17.1883234982761,211.126031638614,-13.8045758322424));
#10385=CARTESIAN_POINT('',(-16.0595302489773,211.126031638614,-11.503078872996));
#10386=CARTESIAN_POINT('',(-14.6974715798504,211.126031638614,-13.1990024068365));
#10387=CARTESIAN_POINT('Origin',(-0.0128720810643301,211.126031638614,1.4210854715202E-13));
#10388=CARTESIAN_POINT('',(-18.4404158657262,211.126031638614,-12.0812185349239));
#10389=CARTESIAN_POINT('',(-17.0947657401337,211.126031638614,-9.89941006657105));
#10390=CARTESIAN_POINT('',(-15.9027458882323,211.126031638614,-11.7188740325378));
#10391=CARTESIAN_POINT('Origin',(-0.0128720810643301,211.126031638614,1.4210854715202E-13));
#10392=CARTESIAN_POINT('',(-19.5203350387371,211.126031638614,-10.2450621552515));
#10393=CARTESIAN_POINT('',(-17.9703920095079,211.126031638614,-8.20331313560501));
#10394=CARTESIAN_POINT('',(-16.9595405430172,211.126031638614,-10.1293296888754));
#10395=CARTESIAN_POINT('Origin',(-0.0128720810643301,211.126031638614,1.4210854715202E-13));
#10396=CARTESIAN_POINT('',(-20.4179981029588,211.126031638614,-8.31325039061682));
#10397=CARTESIAN_POINT('',(-18.6782335705473,211.126031638614,-6.43062408015396));
#10398=CARTESIAN_POINT('',(-17.8579885372508,211.126031638614,-8.44521052310697));
#10399=CARTESIAN_POINT('Origin',(-0.0128720810643301,211.126031638614,1.4210854715202E-13));
#10400=CARTESIAN_POINT('',(-21.1250238202223,211.126031638614,-6.30382004696813));
#10401=CARTESIAN_POINT('',(-19.2116814973139,211.126031638614,-4.59789402030381));
#10402=CARTESIAN_POINT('',(-18.5897013040844,211.126031638614,-6.68224070212233));
#10403=CARTESIAN_POINT('Origin',(-0.0128720810643301,211.126031638614,1.4210854715202E-13));
#10404=CARTESIAN_POINT('',(-21.6348108819034,211.126031638614,-4.23553263401246));
#10405=CARTESIAN_POINT('',(-19.5657551302452,211.126031638614,-2.72223466282085));
#10406=CARTESIAN_POINT('',(-19.1478470385636,211.126031638614,-4.85688060013345));
#10407=CARTESIAN_POINT('Origin',(-19.9825782982943,186.373031638614,0.966554605757324));
#10408=CARTESIAN_POINT('',(-21.9425995435621,188.724031638614,2.12769919405517));
#10409=CARTESIAN_POINT('',(-12.3552956020878,188.724031638614,-3.55195663359778));
#10410=CARTESIAN_POINT('',(-21.9425995435621,186.373031638614,2.12769919405517));
#10411=CARTESIAN_POINT('Origin',(-21.9425995435621,186.373031638614,2.12769919405517));
#10412=CARTESIAN_POINT('',(-12.5677577684522,188.724031638614,5.45969676673369));
#10413=CARTESIAN_POINT('Origin',(-19.7960063487352,186.373031638614,2.8906393573422));
#10414=CARTESIAN_POINT('',(-21.6348108819035,188.724031638614,4.2355326340126));
#10415=CARTESIAN_POINT('',(-12.6357786073859,188.724031638614,-2.34631866351787));
#10416=CARTESIAN_POINT('',(-21.6348108819035,186.373031638614,4.2355326340126));
#10417=CARTESIAN_POINT('Origin',(-21.6348108819035,186.373031638614,4.2355326340126));
#10418=CARTESIAN_POINT('',(-11.9767187000492,188.724031638614,6.64852948954532));
#10419=CARTESIAN_POINT('Origin',(-19.4246044216405,186.373031638614,4.78773498808749));
#10420=CARTESIAN_POINT('',(-21.1250238202223,188.724031638614,6.30382004696813));
#10421=CARTESIAN_POINT('',(-12.7991406016478,188.724031638614,-1.11949396614745));
#10422=CARTESIAN_POINT('',(-21.1250238202223,186.373031638614,6.30382004696813));
#10423=CARTESIAN_POINT('Origin',(-21.1250238202223,186.373031638614,6.30382004696813));
#10424=CARTESIAN_POINT('',(-11.2733493705695,188.724031638614,7.77427482180444));
#10425=CARTESIAN_POINT('Origin',(-18.8718401967353,186.373031638614,6.64012882723398));
#10426=CARTESIAN_POINT('',(-20.4179981029587,188.724031638614,8.31325039061696));
#10427=CARTESIAN_POINT('',(-12.8439223769664,188.724031638614,0.117225024226158));
#10428=CARTESIAN_POINT('',(-20.4179981029587,186.373031638614,8.31325039061696));
#10429=CARTESIAN_POINT('Origin',(-20.4179981029587,186.373031638614,8.31325039061696));
#10430=CARTESIAN_POINT('',(-10.4643644287872,188.724031638614,8.82632769938875));
#10431=CARTESIAN_POINT('Origin',(-18.142874684653,186.373031638614,8.43052557260577));
#10432=CARTESIAN_POINT('',(-19.5203350387371,188.724031638614,10.2450621552515));
#10433=CARTESIAN_POINT('',(-12.7697395030813,188.724031638614,1.35246316481681));
#10434=CARTESIAN_POINT('',(-19.5203350387371,186.373031638614,10.2450621552515));
#10435=CARTESIAN_POINT('Origin',(-19.5203350387371,186.373031638614,10.2450621552515));
#10436=CARTESIAN_POINT('',(-9.55747999481627,188.724031638614,9.79480119588664));
#10437=CARTESIAN_POINT('Origin',(-17.2445140399708,186.373031638614,10.1422087721872));
#10438=CARTESIAN_POINT('',(-18.4404158657262,188.724031638614,12.0812185349239));
#10439=CARTESIAN_POINT('',(-12.5772846616053,188.724031638614,2.57486241090431));
#10440=CARTESIAN_POINT('',(-18.4404158657262,186.373031638614,12.0812185349239));
#10441=CARTESIAN_POINT('Origin',(-18.4404158657262,186.373031638614,12.0812185349239));
#10442=CARTESIAN_POINT('',(-8.56133554918387,188.724031638614,10.6706212259443));
#10443=CARTESIAN_POINT('Origin',(-16.1851460139783,186.373031638614,11.7591969011316));
#10444=CARTESIAN_POINT('',(-17.1883234982759,188.724031638614,13.8045758322424));
#10445=CARTESIAN_POINT('',(-12.2683211765537,188.724031638614,3.77318134085549));
#10446=CARTESIAN_POINT('',(-17.1883234982759,186.373031638614,13.8045758322424));
#10447=CARTESIAN_POINT('Origin',(-17.1883234982759,186.373031638614,13.8045758322424));
#10448=CARTESIAN_POINT('',(-7.48540685425446,188.724031638614,11.4456124490385));
#10449=CARTESIAN_POINT('Origin',(-14.9746616405027,186.373031638614,13.2663925769529));
#10450=CARTESIAN_POINT('',(-15.7757483854633,188.724031638614,15.3990435244553));
#10451=CARTESIAN_POINT('',(-11.8456678016518,188.724031638614,4.93639371336877));
#10452=CARTESIAN_POINT('',(-15.7757483854633,186.373031638614,15.3990435244553));
#10453=CARTESIAN_POINT('Origin',(-15.7757483854633,186.373031638614,15.3990435244553));
#10454=CARTESIAN_POINT('',(-6.33991096001214,188.724031638614,12.1125745275788));
#10455=CARTESIAN_POINT('Origin',(-13.6243628859921,186.373031638614,14.6497235197178));
#10456=CARTESIAN_POINT('',(-14.2158793605189,188.724031638614,16.8497344963262));
#10457=CARTESIAN_POINT('',(-11.3131748598698,188.724031638614,6.05378537523423));
#10458=CARTESIAN_POINT('',(-14.2158793605189,186.373031638614,16.8497344963262));
#10459=CARTESIAN_POINT('Origin',(-14.2158793605189,186.373031638614,16.8497344963262));
#10460=CARTESIAN_POINT('',(-5.13570442413396,188.724031638614,12.6653480300599));
#10461=CARTESIAN_POINT('Origin',(-12.1468571260996,186.373031638614,15.8962739411318));
#10462=CARTESIAN_POINT('',(-12.5232805002452,188.724031638614,18.1431040371181));
#10463=CARTESIAN_POINT('',(-10.6756918663675,188.724031638614,7.11504883990595));
#10464=CARTESIAN_POINT('',(-12.5232805002452,186.373031638614,18.1431040371181));
#10465=CARTESIAN_POINT('Origin',(-12.5232805002452,186.373031638614,18.1431040371181));
#10466=CARTESIAN_POINT('',(-3.88417593458794,188.724031638614,13.098869413293));
#10467=CARTESIAN_POINT('Origin',(-10.5559394340125,186.373031638614,16.9944051357744));
#10468=CARTESIAN_POINT('',(-10.7137551441545,188.724031638614,19.2670763039081));
#10469=CARTESIAN_POINT('',(-9.93902680406226,188.724031638614,8.11037485714221));
#10470=CARTESIAN_POINT('',(-10.7137551441545,186.373031638614,19.2670763039081));
#10471=CARTESIAN_POINT('Origin',(-10.7137551441545,186.373031638614,19.2670763039081));
#10472=CARTESIAN_POINT('',(-2.59713456133909,188.724031638614,13.409214664506));
#10473=CARTESIAN_POINT('Origin',(-8.86646377957277,186.373031638614,17.933864148557));
#10474=CARTESIAN_POINT('',(-8.80419834294656,188.724031638614,20.2111570704791));
#10475=CARTESIAN_POINT('',(-9.10989726235965,188.724031638614,9.030540292704));
#10476=CARTESIAN_POINT('',(-8.80419834294656,186.373031638614,20.2111570704791));
#10477=CARTESIAN_POINT('Origin',(-8.80419834294656,186.373031638614,20.2111570704791));
#10478=CARTESIAN_POINT('',(-1.2866948822964,188.724031638614,13.593631331265));
#10479=CARTESIAN_POINT('Origin',(-7.09420434176138,186.373031638614,18.7058795038007));
#10480=CARTESIAN_POINT('',(-6.81243911397246,188.724031638614,20.9665317090818));
#10481=CARTESIAN_POINT('',(-8.19587369529415,188.724031638614,9.86699163570689));
#10482=CARTESIAN_POINT('',(-6.81243911397246,186.373031638614,20.9665317090818));
#10483=CARTESIAN_POINT('Origin',(-6.81243911397246,186.373031638614,20.9665317090818));
#10484=CARTESIAN_POINT('',(0.0348397719626092,188.724031638614,13.6505588118513));
#10485=CARTESIAN_POINT('Origin',(-5.25570822944019,186.373031638614,19.3032431021415));
#10486=CARTESIAN_POINT('',(-4.75707397650268,188.724031638614,21.5261474902407));
#10487=CARTESIAN_POINT('',(-7.20531510612666,188.724031638614,10.6119234510683));
#10488=CARTESIAN_POINT('',(-4.75707397650268,186.373031638614,21.5261474902407));
#10489=CARTESIAN_POINT('Origin',(-4.75707397650268,186.373031638614,21.5261474902407));
#10490=CARTESIAN_POINT('',(1.35509472877473,188.724031638614,13.5796369181518));
#10491=CARTESIAN_POINT('Origin',(-3.36814098545418,186.373031638614,19.7203775206127));
#10492=CARTESIAN_POINT('',(-2.65729332103788,188.724031638614,21.8847794321873));
#10493=CARTESIAN_POINT('',(-6.14729752160454,188.724031638614,11.2583510970632));
#10494=CARTESIAN_POINT('',(-2.65729332103788,186.373031638614,21.8847794321873));
#10495=CARTESIAN_POINT('Origin',(-2.65729332103788,186.373031638614,21.8847794321873));
#10496=CARTESIAN_POINT('',(2.66174084849837,188.724031638614,13.3817028549878));
#10497=CARTESIAN_POINT('Origin',(-1.44912631658272,186.373031638614,19.9533880875396));
#10498=CARTESIAN_POINT('',(-0.532702233803093,188.724031638614,22.0390790851074));
#10499=CARTESIAN_POINT('',(-5.03153568078925,188.724031638614,11.8001770350043));
#10500=CARTESIAN_POINT('',(-0.532702233803093,186.373031638614,22.0390790851074));
#10501=CARTESIAN_POINT('Origin',(-0.532702233803093,186.373031638614,22.0390790851074));
#10502=CARTESIAN_POINT('',(3.94260972312807,188.724031638614,13.0587768819254));
#10503=CARTESIAN_POINT('Origin',(0.483418454260658,186.373031638614,20.0000992460404));
#10504=CARTESIAN_POINT('',(1.59686255065964,188.724031638614,21.9876057947158));
#10505=CARTESIAN_POINT('',(-3.86829843005799,188.724031638614,12.2322500710915));
#10506=CARTESIAN_POINT('',(1.59686255065964,186.373031638614,21.9876057947158));
#10507=CARTESIAN_POINT('Origin',(1.59686255065964,186.373031638614,21.9876057947158));
#10508=CARTESIAN_POINT('',(5.18580611967959,188.724031638614,12.6140370344322));
#10509=CARTESIAN_POINT('Origin',(2.41144967724665,186.373031638614,19.8600748666131));
#10510=CARTESIAN_POINT('',(3.71151785973822,188.724031638614,21.730840153256));
#10511=CARTESIAN_POINT('',(-2.66831838696646,188.724031638614,12.550416891202));
#10512=CARTESIAN_POINT('',(3.71151785973822,186.373031638614,21.730840153256));
#10513=CARTESIAN_POINT('Origin',(3.71151785973822,186.373031638614,21.730840153256));
#10514=CARTESIAN_POINT('',(6.3798166620824,188.724031638614,12.0517833794705));
#10515=CARTESIAN_POINT('Origin',(4.31696584432615,186.373031638614,19.5346223191619));
#10516=CARTESIAN_POINT('',(5.79151972657442,188.724031638614,21.2711795123406));
#10517=CARTESIAN_POINT('',(-1.44269650996172,188.724031638614,12.7515652793144));
#10518=CARTESIAN_POINT('',(5.79151972657442,186.373031638614,21.2711795123406));
#10519=CARTESIAN_POINT('Origin',(5.79151972657442,186.373031638614,21.2711795123406));
#10520=CARTESIAN_POINT('',(7.51361382553622,188.724031638614,11.3773923654936));
#10521=CARTESIAN_POINT('Origin',(6.18217566445992,186.373031638614,19.0267802664333));
#10522=CARTESIAN_POINT('',(7.81744773416335,188.724031638614,20.6129155995249));
#10523=CARTESIAN_POINT('',(-0.202802286937143,188.724031638614,12.8336584505882));
#10524=CARTESIAN_POINT('',(7.81744773416335,186.373031638614,20.6129155995249));
#10525=CARTESIAN_POINT('Origin',(7.81744773416335,186.373031638614,20.6129155995249));
#10526=CARTESIAN_POINT('',(8.57675440290489,188.724031638614,10.5972618980648));
#10527=CARTESIAN_POINT('Origin',(7.98966417611098,186.373031638614,18.3412902928433));
#10528=CARTESIAN_POINT('',(9.77038633855472,188.724031638614,19.7621944476039));
#10529=CARTESIAN_POINT('',(1.03982966834373,188.724031638614,12.7957599820209));
#10530=CARTESIAN_POINT('',(9.77038633855472,186.373031638614,19.7621944476039));
#10531=CARTESIAN_POINT('Origin',(9.77038633855472,186.373031638614,19.7621944476039));
#10532=CARTESIAN_POINT('',(9.5594716912386,188.724031638614,9.71874782998205));
#10533=CARTESIAN_POINT('Origin',(9.72255534604727,186.373031638614,17.4845526335801));
#10534=CARTESIAN_POINT('',(11.6321014781897,188.724031638614,18.726959010758));
#10535=CARTESIAN_POINT('',(2.27360574898633,188.724031638614,12.6380488875398));
#10536=CARTESIAN_POINT('',(11.6321014781897,186.373031638614,18.726959010758));
#10537=CARTESIAN_POINT('Origin',(11.6321014781897,186.373031638614,18.726959010758));
#10538=CARTESIAN_POINT('',(10.4527607359018,188.724031638614,8.75009259952644));
#10539=CARTESIAN_POINT('Origin',(11.3646696363168,186.373031638614,16.4645664173324));
#10540=CARTESIAN_POINT('',(13.3852108204221,188.724031638614,17.5168750033326));
#10541=CARTESIAN_POINT('',(3.48698128416181,188.724031638614,12.3618244608616));
#10542=CARTESIAN_POINT('',(13.3852108204221,186.373031638614,17.5168750033326));
#10543=CARTESIAN_POINT('Origin',(13.3852108204221,186.373031638614,17.5168750033326));
#10544=CARTESIAN_POINT('',(11.2484560579037,188.724031638614,7.70034678305276));
#10545=CARTESIAN_POINT('Origin',(12.9006750682356,186.373031638614,15.2908549805819));
#10546=CARTESIAN_POINT('',(15.0133460556721,188.724031638614,16.1432406536655));
#10547=CARTESIAN_POINT('',(4.6685692688748,188.724031638614,11.9695005981861));
#10548=CARTESIAN_POINT('',(15.0133460556721,186.373031638614,16.1432406536655));
#10549=CARTESIAN_POINT('Origin',(15.0133460556721,186.373031638614,16.1432406536655));
#10550=CARTESIAN_POINT('',(11.9393013752939,188.724031638614,6.57928434987864));
#10551=CARTESIAN_POINT('Origin',(14.3162303729395,186.373031638614,13.9743769507736));
#10552=CARTESIAN_POINT('',(16.5013057239256,188.724031638614,14.6188812155738));
#10553=CARTESIAN_POINT('',(5.80724884408529,188.724031638614,11.4645894132508));
#10554=CARTESIAN_POINT('',(16.5013057239256,186.373031638614,14.6188812155738));
#10555=CARTESIAN_POINT('Origin',(16.5013057239256,186.373031638614,14.6188812155738));
#10556=CARTESIAN_POINT('',(12.519010910495,188.724031638614,5.39731241974554));
#10557=CARTESIAN_POINT('Origin',(15.5981188919486,186.373031638614,12.5274239285662));
#10558=CARTESIAN_POINT('',(17.8351971466691,188.724031638614,12.9580292224151));
#10559=CARTESIAN_POINT('',(6.89227243375555,188.724031638614,10.8516740684875));
#10560=CARTESIAN_POINT('',(17.8351971466691,186.373031638614,12.9580292224151));
#10561=CARTESIAN_POINT('Origin',(17.8351971466691,186.373031638614,12.9580292224151));
#10562=CARTESIAN_POINT('',(12.9823219512183,188.724031638614,4.16537632762694));
#10563=CARTESIAN_POINT('Origin',(16.7343719775477,186.373031638614,10.9635057244681));
#10564=CARTESIAN_POINT('',(19.0025661390858,188.724031638614,11.1761916017569));
#10565=CARTESIAN_POINT('',(7.91337041538171,188.724031638614,10.136370866426));
#10566=CARTESIAN_POINT('',(19.0025661390858,186.373031638614,11.1761916017569));
#10567=CARTESIAN_POINT('Origin',(19.0025661390858,186.373031638614,11.1761916017569));
#10568=CARTESIAN_POINT('',(13.3250384025127,188.724031638614,2.89486079905324));
#10569=CARTESIAN_POINT('Origin',(17.7143807408228,186.373031638614,9.29722422137601));
#10570=CARTESIAN_POINT('',(19.992513291424,188.724031638614,9.29000489137394));
#10571=CARTESIAN_POINT('',(8.86085218564364,188.724031638614,9.32528077335584));
#10572=CARTESIAN_POINT('',(19.992513291424,186.373031638614,9.29000489137394));
#10573=CARTESIAN_POINT('Origin',(19.992513291424,186.373031638614,9.29000489137394));
#10574=CARTESIAN_POINT('',(13.5440651314182,188.724031638614,1.59748803312909));
#10575=CARTESIAN_POINT('Origin',(18.5289951040005,186.373031638614,7.54413704072917));
#10576=CARTESIAN_POINT('',(20.795795733849,188.724031638614,7.31707990837521));
#10577=CARTESIAN_POINT('',(9.72570248451287,188.724031638614,8.42593068024599));
#10578=CARTESIAN_POINT('',(20.795795733849,186.373031638614,7.31707990837521));
#10579=CARTESIAN_POINT('Origin',(20.795795733849,186.373031638614,7.31707990837521));
#10580=CARTESIAN_POINT('',(13.6374329636036,188.724031638614,0.285213481648449));
#10581=CARTESIAN_POINT('Origin',(19.1706092322578,186.373031638614,5.72061228519019));
#10582=CARTESIAN_POINT('',(21.4049134346283,188.724031638614,5.27583732175188));
#10583=CARTESIAN_POINT('',(10.49967186066,188.724031638614,7.4467048415829));
#10584=CARTESIAN_POINT('',(21.4049134346283,186.373031638614,5.27583732175188));
#10585=CARTESIAN_POINT('Origin',(21.4049134346283,186.373031638614,5.27583732175188));
#10586=CARTESIAN_POINT('',(13.604314244021,188.724031638614,-1.02987989733592));
#10587=CARTESIAN_POINT('Origin',(19.6332325473514,186.373031638614,3.84367571407921));
#10588=CARTESIAN_POINT('',(21.8141792259078,188.724031638614,3.18533566355185));
#10589=CARTESIAN_POINT('',(11.1753601990539,188.724031638614,6.39676706834287));
#10590=CARTESIAN_POINT('',(21.8141792259078,186.373031638614,3.18533566355185));
#10591=CARTESIAN_POINT('Origin',(21.8141792259078,186.373031638614,3.18533566355185));
#10592=CARTESIAN_POINT('',(13.4450289215167,188.724031638614,-2.33568814319022));
#10593=CARTESIAN_POINT('Origin',(19.9125456600365,186.373031638614,1.9308517784475));
#10594=CARTESIAN_POINT('',(11.7462922885288,188.724031638614,5.28597438390093));
#10595=CARTESIAN_POINT('Origin',(20.0059406990368,186.373031638614,1.4210854715202E-13));
#10596=CARTESIAN_POINT('',(22.0197719032647,188.724031638614,-1.06509338450294));
#10597=CARTESIAN_POINT('',(12.2069844825057,188.724031638614,4.12478297824434));
#10598=CARTESIAN_POINT('',(22.0197719032647,186.373031638614,-1.06509338450294));
#10599=CARTESIAN_POINT('Origin',(22.0197719032647,186.373031638614,-1.06509338450294));
#10600=CARTESIAN_POINT('',(20.3213900249008,188.724031638614,-1.76287719962104));
#10601=CARTESIAN_POINT('',(12.7549465354349,188.724031638614,-4.87156663643949));
#10602=CARTESIAN_POINT('',(20.3213827296196,188.53029745298,-1.7628801969029));
#10603=CARTESIAN_POINT('Origin',(0.,188.53029745298,0.));
#10604=CARTESIAN_POINT('',(20.281500901526,188.724031638614,-2.17424693778782));
#10605=CARTESIAN_POINT('Origin',(0.,188.724031638614,3.8732199219898E-17));
#10606=CARTESIAN_POINT('',(20.2814943180128,188.53029745298,-2.17424259472651));
#10607=CARTESIAN_POINT('Origin',(19.9125456600369,186.373031638614,-1.93085177844708));
#10608=CARTESIAN_POINT('',(21.8141792259078,188.724031638614,-3.18533566355157));
#10609=CARTESIAN_POINT('',(12.5530015993419,188.724031638614,2.92414741359218));
#10610=CARTESIAN_POINT('',(21.8141792259078,186.373031638614,-3.18533566355157));
#10611=CARTESIAN_POINT('Origin',(21.8141792259078,186.373031638614,-3.18533566355157));
#10612=CARTESIAN_POINT('',(20.0563801625933,188.724031638614,-3.71594447464138));
#10613=CARTESIAN_POINT('',(12.2304498680431,188.724031638614,-6.07827794945435));
#10614=CARTESIAN_POINT('',(20.0563726120896,188.53029745298,-3.71594675383463));
#10615=CARTESIAN_POINT('Origin',(0.,188.53029745298,0.));
#10616=CARTESIAN_POINT('',(19.9769743498412,188.724031638614,-4.12154393290595));
#10617=CARTESIAN_POINT('Origin',(0.,188.724031638614,3.8732199219898E-17));
#10618=CARTESIAN_POINT('',(19.9769682162281,188.53029745298,-4.12153897471896));
#10619=CARTESIAN_POINT('Origin',(19.6332325473514,186.373031638614,-3.84367571407878));
#10620=CARTESIAN_POINT('',(21.4049134346283,188.724031638614,-5.2758373217516));
#10621=CARTESIAN_POINT('',(12.7810033186277,188.724031638614,1.69541414054791));
#10622=CARTESIAN_POINT('',(21.4049134346283,186.373031638614,-5.2758373217516));
#10623=CARTESIAN_POINT('Origin',(21.4049134346283,186.373031638614,-5.2758373217516));
#10624=CARTESIAN_POINT('',(19.6041092826043,188.724031638614,-5.6343169773089));
#10625=CARTESIAN_POINT('',(11.5923338826049,188.724031638614,-7.2291925125339));
#10626=CARTESIAN_POINT('',(19.6041015473753,188.53029745298,-5.63431851713332));
#10627=CARTESIAN_POINT('Origin',(0.,188.53029745298,0.));
#10628=CARTESIAN_POINT('',(19.4859281711537,188.724031638614,-6.030359182812));
#10629=CARTESIAN_POINT('Origin',(0.,188.724031638614,3.8732199219898E-17));
#10630=CARTESIAN_POINT('',(19.4859225447087,188.53029745298,-6.0303536557926));
#10631=CARTESIAN_POINT('Origin',(19.1706092322573,186.373031638614,-5.72061228519004));
#10632=CARTESIAN_POINT('',(20.7957957338489,188.724031638614,-7.31707990837535));
#10633=CARTESIAN_POINT('',(12.8887794544628,188.724031638614,0.450210475636758));
#10634=CARTESIAN_POINT('',(20.7957957338489,186.373031638614,-7.31707990837535));
#10635=CARTESIAN_POINT('Origin',(20.7957957338489,186.373031638614,-7.31707990837535));
#10636=CARTESIAN_POINT('',(18.9688001162827,188.724031638614,-7.50008338044296));
#10637=CARTESIAN_POINT('',(10.8464188054189,188.724031638614,-8.31367262338112));
#10638=CARTESIAN_POINT('',(18.9687922685501,188.53029745298,-7.50008416652165));
#10639=CARTESIAN_POINT('Origin',(0.,188.53029745298,0.));
#10640=CARTESIAN_POINT('',(18.8129471313291,188.724031638614,-7.88287059381926));
#10641=CARTESIAN_POINT('Origin',(0.,188.724031638614,3.8732199219898E-17));
#10642=CARTESIAN_POINT('',(18.8129420645846,188.53029745298,-7.88286454957174));
#10643=CARTESIAN_POINT('Origin',(18.5289951040008,186.373031638614,-7.54413704072917));
#10644=CARTESIAN_POINT('',(19.9925132914242,188.724031638614,-9.2900048913738));
#10645=CARTESIAN_POINT('',(12.8752736241283,188.724031638614,-0.799669733776734));
#10646=CARTESIAN_POINT('',(19.9925132914242,186.373031638614,-9.2900048913738));
#10647=CARTESIAN_POINT('Origin',(19.9925132914242,186.373031638614,-9.2900048913738));
#10648=CARTESIAN_POINT('',(18.1563843741395,188.724031638614,-9.29582352584143));
#10649=CARTESIAN_POINT('',(9.99951315456538,188.724031638614,-9.32167239275778));
#10650=CARTESIAN_POINT('',(18.1563764871754,188.53029745298,-9.29582355083497));
#10651=CARTESIAN_POINT('Origin',(0.,188.53029745298,0.));
#10652=CARTESIAN_POINT('',(17.964314673011,188.724031638614,-9.66178176601597));
#10653=CARTESIAN_POINT('Origin',(0.,188.724031638614,3.8732199219898E-17));
#10654=CARTESIAN_POINT('',(17.9643102132741,188.53029745298,-9.66177526097383));
#10655=CARTESIAN_POINT('Origin',(17.7143807408231,186.373031638614,-9.29722422137587));
#10656=CARTESIAN_POINT('',(19.002566139086,188.724031638614,-11.1761916017569));
#10657=CARTESIAN_POINT('',(12.7405949781864,188.724031638614,-2.04238247452772));
#10658=CARTESIAN_POINT('',(19.002566139086,186.373031638614,-11.1761916017569));
#10659=CARTESIAN_POINT('Origin',(19.002566139086,186.373031638614,-11.1761916017569));
#10660=CARTESIAN_POINT('',(17.1744473630659,188.724031638614,-11.0047710716015));
#10661=CARTESIAN_POINT('',(9.05935597902438,188.724031638614,-10.2438285740135));
#10662=CARTESIAN_POINT('',(17.1744395105088,188.53029745298,-11.0047703352765));
#10663=CARTESIAN_POINT('Origin',(0.,188.53029745298,0.));
#10664=CARTESIAN_POINT('',(16.9479542488119,188.724031638614,-11.3504834850882));
#10665=CARTESIAN_POINT('Origin',(0.,188.724031638614,3.8732199219898E-17));
#10666=CARTESIAN_POINT('',(16.9479504377217,188.53029745298,-11.3504765799873));
#10667=CARTESIAN_POINT('Origin',(16.7343719775479,186.373031638614,-10.963505724468));
#10668=CARTESIAN_POINT('',(17.8351971466692,188.724031638614,-12.9580292224149));
#10669=CARTESIAN_POINT('',(12.4860178129133,188.724031638614,-3.26615064334466));
#10670=CARTESIAN_POINT('',(17.8351971466692,186.373031638614,-12.9580292224149));
#10671=CARTESIAN_POINT('Origin',(17.8351971466692,186.373031638614,-12.9580292224149));
#10672=CARTESIAN_POINT('',(16.0321571643658,188.724031638614,-12.6109700349401));
#10673=CARTESIAN_POINT('',(8.0345508713695,188.724031638614,-11.071546190192));
#10674=CARTESIAN_POINT('',(16.032149419533,188.53029745298,-12.6109685441715));
#10675=CARTESIAN_POINT('Origin',(0.,188.53029745298,0.));
#10676=CARTESIAN_POINT('',(15.7733553421684,188.724031638614,-12.9332087980813));
#10677=CARTESIAN_POINT('Origin',(0.,188.724031638614,3.8732199219898E-17));
#10678=CARTESIAN_POINT('',(15.7733522153082,188.53029745298,-12.9332015573927));
#10679=CARTESIAN_POINT('Origin',(15.5981188919486,186.373031638614,-12.5274239285659));
#10680=CARTESIAN_POINT('',(16.5013057239257,188.724031638614,-14.6188812155739));
#10681=CARTESIAN_POINT('',(12.1139690451562,188.724031638614,-4.45938049822709));
#10682=CARTESIAN_POINT('',(16.5013057239257,186.373031638614,-14.6188812155739));
#10683=CARTESIAN_POINT('Origin',(16.5013057239257,186.373031638614,-14.6188812155739));
#10684=CARTESIAN_POINT('',(14.7401790338506,188.724031638614,-14.0994237689031));
#10685=CARTESIAN_POINT('',(6.93449213650116,188.724031638614,-11.797078226098));
#10686=CARTESIAN_POINT('',(14.7401714690534,188.53029745298,-14.0994215376098));
#10687=CARTESIAN_POINT('Origin',(0.,188.53029745298,0.));
#10688=CARTESIAN_POINT('',(14.451484866594,188.724031638614,-14.3951802251895));
#10689=CARTESIAN_POINT('Origin',(0.,188.724031638614,3.8732199219898E-17));
#10690=CARTESIAN_POINT('',(14.4514824531583,188.53029745298,-14.3951727165175));
#10691=CARTESIAN_POINT('Origin',(14.3162303729395,186.373031638614,-13.9743769507737));
#10692=CARTESIAN_POINT('',(15.0133460556721,188.724031638614,-16.1432406536655));
#10693=CARTESIAN_POINT('',(11.6280036899381,188.724031638614,-5.61077615635216));
#10694=CARTESIAN_POINT('',(15.0133460556721,186.373031638614,-16.1432406536655));
#10695=CARTESIAN_POINT('Origin',(15.0133460556721,186.373031638614,-16.1432406536655));
#10696=CARTESIAN_POINT('',(13.3105758232215,188.724031638614,-15.4562349820177));
#10697=CARTESIAN_POINT('',(5.7692835636535,188.724031638614,-12.4135986620143));
#10698=CARTESIAN_POINT('',(13.3105685090904,188.53029745298,-15.4562320310326));
#10699=CARTESIAN_POINT('Origin',(0.,188.53029745298,0.));
#10700=CARTESIAN_POINT('',(12.9946847705603,188.724031638614,-15.7227477331048));
#10701=CARTESIAN_POINT('Origin',(0.,188.724031638614,3.8732199219898E-17));
#10702=CARTESIAN_POINT('',(12.9946830930828,188.53029745298,-15.7227400265559));
#10703=CARTESIAN_POINT('Origin',(12.9006750682355,186.373031638614,-15.2908549805818));
#10704=CARTESIAN_POINT('',(13.3852108204221,188.724031638614,-17.5168750033326));
#10705=CARTESIAN_POINT('',(11.0327686391692,188.724031638614,-6.70945083658778));
#10706=CARTESIAN_POINT('',(13.3852108204221,186.373031638614,-17.5168750033326));
#10707=CARTESIAN_POINT('Origin',(13.3852108204221,186.373031638614,-17.5168750033326));
#10708=CARTESIAN_POINT('',(11.7566953524696,188.724031638614,-16.6687354935611));
#10709=CARTESIAN_POINT('',(4.54965031848111,188.724031638614,-12.9152681410439));
#10710=CARTESIAN_POINT('',(11.7566883572947,188.53029745298,-16.6687318504368));
#10711=CARTESIAN_POINT('Origin',(0.,188.53029745298,0.));
#10712=CARTESIAN_POINT('',(11.4165568040506,188.724031638614,-16.9035161816993));
#10713=CARTESIAN_POINT('Origin',(0.,188.724031638614,3.8732199219898E-17));
#10714=CARTESIAN_POINT('',(11.4165558781934,188.53029745298,-16.9035083492274));
#10715=CARTESIAN_POINT('Origin',(11.364669636317,186.373031638614,-16.4645664173327));
#10716=CARTESIAN_POINT('',(11.6321014781899,188.724031638614,-18.726959010758));
#10717=CARTESIAN_POINT('',(10.3339551925374,188.724031638614,-7.74503359276954));
#10718=CARTESIAN_POINT('',(11.6321014781899,186.373031638614,-18.726959010758));
#10719=CARTESIAN_POINT('Origin',(11.6321014781899,186.373031638614,-18.726959010758));
#10720=CARTESIAN_POINT('',(10.0930457848806,188.724031638614,-17.7256045129464));
#10721=CARTESIAN_POINT('',(3.28684454579069,188.724031638614,-13.2972915848299));
#10722=CARTESIAN_POINT('',(10.0930391739739,188.53029745298,-17.7256002116978));
#10723=CARTESIAN_POINT('Origin',(0.,188.53029745298,0.));
#10724=CARTESIAN_POINT('',(9.73183552268473,188.724031638614,-17.9264610541092));
#10725=CARTESIAN_POINT('Origin',(0.,188.724031638614,3.8732199219898E-17));
#10726=CARTESIAN_POINT('',(9.73183535709239,188.53029745298,-17.926453168844));
#10727=CARTESIAN_POINT('Origin',(9.72255534604727,186.373031638614,-17.48455263358));
#10728=CARTESIAN_POINT('',(9.77038633855472,188.724031638614,-19.7621944476037));
#10729=CARTESIAN_POINT('',(9.53824093586185,188.724031638614,-8.70777035167495));
#10730=CARTESIAN_POINT('',(9.77038633855472,186.373031638614,-19.7621944476037));
#10731=CARTESIAN_POINT('Origin',(9.77038633855472,186.373031638614,-19.7621944476037));
#10732=CARTESIAN_POINT('',(8.3351601682206,188.724031638614,-18.6169743388981));
#10733=CARTESIAN_POINT('',(1.99254535038747,188.724031638614,-13.5559671044302));
#10734=CARTESIAN_POINT('',(8.3351540033064,188.53029745298,-18.6169694196848));
#10735=CARTESIAN_POINT('Origin',(0.,188.53029745298,0.));
#10736=CARTESIAN_POINT('',(7.95625071514365,188.724031638614,-18.7820313896782));
#10737=CARTESIAN_POINT('Origin',(0.,188.724031638614,3.8732199219898E-17));
#10738=CARTESIAN_POINT('',(7.95625131136219,188.53029745298,-18.7820235252424));
#10739=CARTESIAN_POINT('Origin',(7.98966417611098,186.373031638614,-18.3412902928433));
#10740=CARTESIAN_POINT('',(7.81744773416335,188.724031638614,-20.6129155995252));
#10741=CARTESIAN_POINT('',(8.65322169529325,188.724031638614,-9.58861815558264));
#10742=CARTESIAN_POINT('',(7.81744773416335,186.373031638614,-20.6129155995252));
#10743=CARTESIAN_POINT('Origin',(7.81744773416335,186.373031638614,-20.6129155995252));
#10744=CARTESIAN_POINT('',(6.49945140685624,188.724031638614,-19.3345224915175));
#10745=CARTESIAN_POINT('',(0.678753902129294,188.724031638614,-13.6887255953715));
#10746=CARTESIAN_POINT('',(6.49944574549465,188.53029745298,-19.3345170002688));
#10747=CARTESIAN_POINT('Origin',(0.,188.53029745298,0.));
#10748=CARTESIAN_POINT('',(6.10638053837018,188.724031638614,-19.4622389587039));
#10749=CARTESIAN_POINT('Origin',(0.,188.724031638614,3.8732199219898E-17));
#10750=CARTESIAN_POINT('',(6.10638189083289,188.53029745298,-19.4622311885256));
#10751=CARTESIAN_POINT('Origin',(6.18217566445992,186.373031638614,-19.0267802664336));
#10752=CARTESIAN_POINT('',(5.79151972657428,188.724031638614,-21.2711795123407));
#10753=CARTESIAN_POINT('',(7.6873344149984,188.724031638614,-10.379331611322));
#10754=CARTESIAN_POINT('',(5.79151972657428,186.373031638614,-21.2711795123407));
#10755=CARTESIAN_POINT('Origin',(5.79151972657428,186.373031638614,-21.2711795123407));
#10756=CARTESIAN_POINT('',(4.60305901888834,188.724031638614,-19.8715494170362));
#10757=CARTESIAN_POINT('',(-0.642315510049798,188.724031638614,-13.694160459736));
#10758=CARTESIAN_POINT('',(4.60305391393803,188.53029745298,-19.8715434050224));
#10759=CARTESIAN_POINT('Origin',(0.,188.53029745298,0.));
#10760=CARTESIAN_POINT('',(4.19949673178422,188.724031638614,-19.9607328463865));
#10761=CARTESIAN_POINT('Origin',(0.,188.724031638614,3.8732199219898E-17));
#10762=CARTESIAN_POINT('',(4.19949882786355,188.53029745298,-19.9607252430137));
#10763=CARTESIAN_POINT('Origin',(4.31696584432615,186.373031638614,-19.5346223191619));
#10764=CARTESIAN_POINT('',(3.71151785973836,188.724031638614,-21.7308401532561));
#10765=CARTESIAN_POINT('',(6.64977190950911,188.724031638614,-11.0725406635017));
#10766=CARTESIAN_POINT('',(3.71151785973836,186.373031638614,-21.7308401532561));
#10767=CARTESIAN_POINT('Origin',(3.71151785973836,186.373031638614,-21.7308401532561));
#10768=CARTESIAN_POINT('',(2.6636891090871,188.724031638614,-20.2230410397451));
#10769=CARTESIAN_POINT('',(-1.95834757367095,188.724031638614,-13.5720469640935));
#10770=CARTESIAN_POINT('',(2.66368460821155,188.53029745298,-20.2230345630988));
#10771=CARTESIAN_POINT('Origin',(0.,188.53029745298,0.));
#10772=CARTESIAN_POINT('',(2.25340335570621,188.724031638614,-20.2728587496084));
#10773=CARTESIAN_POINT('Origin',(0.,188.724031638614,3.8732199219898E-17));
#10774=CARTESIAN_POINT('',(2.25340617583157,188.53029745298,-20.2728513840317));
#10775=CARTESIAN_POINT('Origin',(2.41144967724679,186.373031638614,-19.8600748666132));
#10776=CARTESIAN_POINT('',(1.59686255065964,188.724031638614,-21.9876057947158));
#10777=CARTESIAN_POINT('',(5.5503905278864,188.724031638614,-11.661818936397));
#10778=CARTESIAN_POINT('',(1.59686255065964,186.373031638614,-21.9876057947158));
#10779=CARTESIAN_POINT('Origin',(1.59686255065964,186.373031638614,-21.9876057947158));
#10780=CARTESIAN_POINT('',(0.699449051766194,188.724031638614,-20.3857155770668));
#10781=CARTESIAN_POINT('',(-3.25704022368946,188.724031638614,-13.3233508205746));
#10782=CARTESIAN_POINT('',(0.699445196988933,188.53029745298,-20.3857086962587));
#10783=CARTESIAN_POINT('Origin',(0.,188.53029745298,0.));
#10784=CARTESIAN_POINT('',(0.286270559642503,188.724031638614,-20.3957024329088));
#10785=CARTESIAN_POINT('Origin',(0.,188.724031638614,3.8732199219898E-17));
#10786=CARTESIAN_POINT('',(0.286274077483171,188.53029745298,-20.3956953738987));
#10787=CARTESIAN_POINT('Origin',(0.483418454260658,186.373031638614,-20.0000992460402));
#10788=CARTESIAN_POINT('',(-0.532702233803093,188.724031638614,-22.0390790851073));
#10789=CARTESIAN_POINT('',(4.39961183419658,188.724031638614,-12.1417420239341));
#10790=CARTESIAN_POINT('',(-0.532702233803093,186.373031638614,-22.0390790851073));
#10791=CARTESIAN_POINT('Origin',(-0.532702233803093,186.373031638614,-22.0390790851073));
#10792=CARTESIAN_POINT('',(-1.27132157289452,188.724031638614,-20.3580541806768));
#10793=CARTESIAN_POINT('',(-4.52622004860633,188.724031638614,-12.9502256694503));
#10794=CARTESIAN_POINT('',(-1.27132474558252,188.53029745298,-20.3580469599513));
#10795=CARTESIAN_POINT('Origin',(0.,188.53029745298,0.));
#10796=CARTESIAN_POINT('',(-1.68353506750506,188.724031638614,-20.3281169379152));
#10797=CARTESIAN_POINT('Origin',(0.,188.724031638614,3.8732199219898E-17));
#10798=CARTESIAN_POINT('',(-1.68353088479421,188.53029745298,-20.3281102513797));
#10799=CARTESIAN_POINT('Origin',(-1.44912631658258,186.373031638614,-19.9533880875397));
#10800=CARTESIAN_POINT('',(-2.65729332103774,188.724031638614,-21.8847794321873));
#10801=CARTESIAN_POINT('',(3.20831945676648,188.724031638614,-12.5079352472938));
#10802=CARTESIAN_POINT('',(-2.65729332103774,186.373031638614,-21.8847794321873));
#10803=CARTESIAN_POINT('Origin',(-2.65729332103774,186.373031638614,-21.8847794321873));
#10804=CARTESIAN_POINT('',(-3.23022221056824,188.724031638614,-20.1403151175801));
#10805=CARTESIAN_POINT('',(-5.75395773388838,188.724031638614,-12.4559992445452));
#10806=CARTESIAN_POINT('',(-3.23022467154445,188.53029745298,-20.140307624355));
#10807=CARTESIAN_POINT('Origin',(0.,188.53029745298,0.));
#10808=CARTESIAN_POINT('',(-3.63762198133145,188.724031638614,-20.0707332921848));
#10809=CARTESIAN_POINT('Origin',(0.,188.724031638614,3.8732199219898E-17));
#10810=CARTESIAN_POINT('',(-3.63761717280326,188.53029745298,-20.0707270405543));
#10811=CARTESIAN_POINT('Origin',(-3.36814098545403,186.373031638614,-19.7203775206124));
#10812=CARTESIAN_POINT('',(-4.75707397650268,188.724031638614,-21.5261474902407));
#10813=CARTESIAN_POINT('',(1.98775228718407,188.724031638614,-12.7571105418632));
#10814=CARTESIAN_POINT('',(-4.75707397650268,186.373031638614,-21.5261474902407));
#10815=CARTESIAN_POINT('Origin',(-4.75707397650268,186.373031638614,-21.5261474902407));
#10816=CARTESIAN_POINT('',(-5.1589631337978,188.724031638614,-19.7345313587426));
#10817=CARTESIAN_POINT('',(-6.9286823983731,188.724031638614,-11.8451481169144));
#10818=CARTESIAN_POINT('',(-5.15896486008472,188.53029745298,-19.7345236629801));
#10819=CARTESIAN_POINT('Origin',(0.,188.53029745298,0.));
#10820=CARTESIAN_POINT('',(-5.55774539882165,188.724031638614,-19.6259546174691));
#10821=CARTESIAN_POINT('Origin',(0.,188.724031638614,3.8732199219898E-17));
#10822=CARTESIAN_POINT('',(-5.55774000937205,188.53029745298,-19.6259488591134));
#10823=CARTESIAN_POINT('Origin',(-5.25570822944033,186.373031638614,-19.3032431021415));
#10824=CARTESIAN_POINT('',(-6.81243911397246,188.724031638614,-20.966531709082));
#10825=CARTESIAN_POINT('',(0.749395219362583,188.724031638614,-12.8870922766283));
#10826=CARTESIAN_POINT('',(-6.81243911397246,186.373031638614,-20.966531709082));
#10827=CARTESIAN_POINT('Origin',(-6.81243911397246,186.373031638614,-20.966531709082));
#10828=CARTESIAN_POINT('',(-7.03953620825363,188.724031638614,-19.1444915977877));
#10829=CARTESIAN_POINT('',(-8.03929364600489,188.724031638614,-11.1232610359727));
#10830=CARTESIAN_POINT('',(-7.03953718373342,188.53029745298,-19.1444837713411));
#10831=CARTESIAN_POINT('Origin',(0.,188.53029745298,0.));
#10832=CARTESIAN_POINT('',(-7.42597764497582,188.724031638614,-18.9979336924151));
#10833=CARTESIAN_POINT('Origin',(0.,188.724031638614,3.8732199219898E-17));
#10834=CARTESIAN_POINT('',(-7.42597172492466,188.53029745298,-18.9979284810984));
#10835=CARTESIAN_POINT('Origin',(-7.09420434176167,186.373031638614,-18.7058795038008));
#10836=CARTESIAN_POINT('',(-8.80419834294656,188.724031638614,-20.2111570704791));
#10837=CARTESIAN_POINT('',(-0.495131390010286,188.724031638614,-12.896831946756));
#10838=CARTESIAN_POINT('',(-8.80419834294656,186.373031638614,-20.2111570704791));
#10839=CARTESIAN_POINT('Origin',(-8.80419834294656,186.373031638614,-20.2111570704791));
#10840=CARTESIAN_POINT('',(-8.85438302983264,188.724031638614,-18.3757048769863));
#10841=CARTESIAN_POINT('',(-9.07527013702378,188.724031638614,-10.296991018928));
#10842=CARTESIAN_POINT('',(-8.85438324539749,188.53029745298,-18.375696992929));
#10843=CARTESIAN_POINT('Origin',(0.,188.53029745298,0.));
#10844=CARTESIAN_POINT('',(-9.22487553867974,188.724031638614,-18.1925341791886));
#10845=CARTESIAN_POINT('Origin',(0.,188.724031638614,3.8732199219898E-17));
#10846=CARTESIAN_POINT('',(-9.22486914330094,188.53029745298,-18.1925295635676));
#10847=CARTESIAN_POINT('Origin',(-8.86646377957277,186.373031638614,-17.933864148557));
#10848=CARTESIAN_POINT('',(-10.7137551441545,188.724031638614,-19.2670763039082));
#10849=CARTESIAN_POINT('',(-1.73418238427846,188.724031638614,-12.7864118116352));
#10850=CARTESIAN_POINT('',(-10.7137551441545,186.373031638614,-19.2670763039082));
#10851=CARTESIAN_POINT('Origin',(-10.7137551441545,186.373031638614,-19.2670763039082));
#10852=CARTESIAN_POINT('',(-10.5865588627455,188.724031638614,-17.4353491508115));
#10853=CARTESIAN_POINT('',(-10.0267734812076,188.724031638614,-9.37399647673487));
#10854=CARTESIAN_POINT('',(-10.5865583163828,188.53029745298,-17.4353412827548));
#10855=CARTESIAN_POINT('Origin',(0.,188.53029745298,0.));
#10856=CARTESIAN_POINT('',(-10.9376432549855,188.724031638614,-17.2172758760422));
#10857=CARTESIAN_POINT('Origin',(0.,188.724031638614,3.8732199219898E-17));
#10858=CARTESIAN_POINT('',(-10.937636443991,188.53029745298,-17.2172718992117));
#10859=CARTESIAN_POINT('Origin',(-10.5559394340126,186.373031638614,-16.9944051357744));
#10860=CARTESIAN_POINT('',(-12.5232805002454,188.724031638614,-18.1431040371181));
#10861=CARTESIAN_POINT('',(-2.95619747893248,188.724031638614,-12.5570376736022));
#10862=CARTESIAN_POINT('',(-12.5232805002454,186.373031638614,-18.1431040371181));
#10863=CARTESIAN_POINT('Origin',(-12.5232805002454,186.373031638614,-18.1431040371181));
#10864=CARTESIAN_POINT('',(-12.2198908479495,188.724031638614,-16.3322042673142));
#10865=CARTESIAN_POINT('',(-10.88474627233,188.724031638614,-8.36287180542125));
#10866=CARTESIAN_POINT('',(-12.2198895447603,188.53029745298,-16.3321964887201));
#10867=CARTESIAN_POINT('Origin',(0.,188.53029745298,0.));
#10868=CARTESIAN_POINT('',(-12.5482891432071,188.724031638614,-16.0812645069829));
#10869=CARTESIAN_POINT('Origin',(0.,188.724031638614,3.8732199219898E-17));
#10870=CARTESIAN_POINT('',(-12.5482819801893,188.53029745298,-16.0812612060735));
#10871=CARTESIAN_POINT('Origin',(-12.1468571260996,186.373031638614,-15.8962739411317));
#10872=CARTESIAN_POINT('',(-14.2158793605191,188.724031638614,-16.8497344963262));
#10873=CARTESIAN_POINT('',(-4.14980888385944,188.724031638614,-12.211021105217));
#10874=CARTESIAN_POINT('',(-14.2158793605191,186.373031638614,-16.8497344963262));
#10875=CARTESIAN_POINT('Origin',(-14.2158793605191,186.373031638614,-16.8497344963262));
#10876=CARTESIAN_POINT('',(-13.7391290047761,188.724031638614,-15.0765699930456));
#10877=CARTESIAN_POINT('',(-11.6410031183922,188.724031638614,-7.27306801274199));
#10878=CARTESIAN_POINT('',(-13.7391269569281,188.53029745298,-15.0765623765407));
#10879=CARTESIAN_POINT('Origin',(0.,188.53029745298,0.));
#10880=CARTESIAN_POINT('',(-14.0417750366503,188.724031638614,-14.7951067040824));
#10881=CARTESIAN_POINT('Origin',(0.,188.724031638614,3.8732199219898E-17));
#10882=CARTESIAN_POINT('',(-14.0417675884883,188.53029745298,-14.7951041099138));
#10883=CARTESIAN_POINT('Origin',(-13.6243628859924,186.373031638614,-14.6497235197178));
#10884=CARTESIAN_POINT('',(-15.7757483854633,188.724031638614,-15.3990435244553));
#10885=CARTESIAN_POINT('',(-5.30394588255433,188.724031638614,-11.7517515337734));
#10886=CARTESIAN_POINT('',(-15.7757483854633,186.373031638614,-15.3990435244553));
#10887=CARTESIAN_POINT('Origin',(-15.7757483854633,186.373031638614,-15.3990435244553));
#10888=CARTESIAN_POINT('',(-15.1300886158914,188.724031638614,-13.6801698469117));
#10889=CARTESIAN_POINT('',(-12.2883135768574,188.724031638614,-6.11480408882256));
#10890=CARTESIAN_POINT('',(-15.1300858425047,188.53029745298,-13.6801624636094));
#10891=CARTESIAN_POINT('Origin',(0.,188.53029745298,0.));
#10892=CARTESIAN_POINT('',(-15.4041566599263,188.724031638614,-13.3708109762095));
#10893=CARTESIAN_POINT('Origin',(0.,188.724031638614,3.8732199219898E-17));
#10894=CARTESIAN_POINT('',(-15.4041489961617,188.53029745298,-13.3708091130028));
#10895=CARTESIAN_POINT('Origin',(-14.9746616405028,186.373031638614,-13.2663925769531));
#10896=CARTESIAN_POINT('',(-17.1883234982761,188.724031638614,-13.8045758322424));
#10897=CARTESIAN_POINT('',(-6.40793544994143,188.724031638614,-11.1836586796238));
#10898=CARTESIAN_POINT('',(-17.1883234982761,186.373031638614,-13.8045758322424));
#10899=CARTESIAN_POINT('Origin',(-17.1883234982761,186.373031638614,-13.8045758322424));
#10900=CARTESIAN_POINT('',(-16.37978266618,188.724031638614,-12.1560416408381));
#10901=CARTESIAN_POINT('',(-12.8204759779902,188.724031638614,-4.89896996275779));
#10902=CARTESIAN_POINT('',(-16.3797791931491,188.53029745298,-12.1560345596741));
#10903=CARTESIAN_POINT('Origin',(0.,188.53029745298,0.));
#10904=CARTESIAN_POINT('',(-16.6227138228921,188.724031638614,-11.8216755888203));
#10905=CARTESIAN_POINT('Origin',(0.,188.724031638614,3.8732199219898E-17));
#10906=CARTESIAN_POINT('',(-16.6227060150794,188.53029745298,-11.8216744739716));
#10907=CARTESIAN_POINT('Origin',(-16.1851460139782,186.373031638614,-11.7591969011316));
#10908=CARTESIAN_POINT('',(-18.4404158657262,188.724031638614,-12.0812185349239));
#10909=CARTESIAN_POINT('',(-7.45159807170051,188.724031638614,-10.5121659194533));
#10910=CARTESIAN_POINT('',(-18.4404158657262,186.373031638614,-12.0812185349239));
#10911=CARTESIAN_POINT('Origin',(-18.4404158657262,186.373031638614,-12.0812185349239));
#10912=CARTESIAN_POINT('',(-17.4765430990061,188.724031638614,-10.5184157492304));
#10913=CARTESIAN_POINT('',(-13.232381211722,188.724031638614,-3.63702201201412));
#10914=CARTESIAN_POINT('',(-17.4765389587577,188.53029745298,-10.5184090363197));
#10915=CARTESIAN_POINT('Origin',(0.,188.53029745298,0.));
#10916=CARTESIAN_POINT('',(-17.686069185639,188.724031638614,-10.162164401635));
#10917=CARTESIAN_POINT('Origin',(0.,188.724031638614,3.8732199219898E-17));
#10918=CARTESIAN_POINT('',(-17.6860613066776,188.53029745298,-10.1621640455535));
#10919=CARTESIAN_POINT('Origin',(-17.2445140399708,186.373031638614,-10.142208772187));
#10920=CARTESIAN_POINT('',(-19.5203350387371,188.724031638614,-10.2450621552515));
#10921=CARTESIAN_POINT('',(-8.42533801322848,188.724031638614,-9.74363520656675));
#10922=CARTESIAN_POINT('',(-19.5203350387371,186.373031638614,-10.2450621552515));
#10923=CARTESIAN_POINT('Origin',(-19.5203350387371,186.373031638614,-10.2450621552515));
#10924=CARTESIAN_POINT('',(-18.4101297577144,188.724031638614,-8.78258224380483));
#10925=CARTESIAN_POINT('',(-13.520065663286,188.724031638614,-2.34087220509899));
#10926=CARTESIAN_POINT('',(-18.4101249889048,188.53029745298,-8.78257596182408));
#10927=CARTESIAN_POINT('Origin',(0.,188.53029745298,0.));
#10928=CARTESIAN_POINT('',(-18.5842944856514,188.724031638614,-8.40777182347749));
#10929=CARTESIAN_POINT('Origin',(0.,188.724031638614,3.8732199219898E-17));
#10930=CARTESIAN_POINT('',(-18.584286609105,188.53029745298,-8.40777222948773));
#10931=CARTESIAN_POINT('Origin',(-18.1428746846527,186.373031638614,-8.43052557260549));
#10932=CARTESIAN_POINT('',(-20.4179981029588,188.724031638614,-8.31325039061682));
#10933=CARTESIAN_POINT('',(-9.32022737331685,188.724031638614,-8.88530422801092));
#10934=CARTESIAN_POINT('',(-20.4179981029588,186.373031638614,-8.31325039061682));
#10935=CARTESIAN_POINT('Origin',(-20.4179981029588,186.373031638614,-8.31325039061682));
#10936=CARTESIAN_POINT('',(-19.1718259952138,188.724031638614,-6.9647481343064));
#10937=CARTESIAN_POINT('',(-13.6807526083713,188.724031638614,-1.0227720575646));
#10938=CARTESIAN_POINT('',(-19.1718206423681,188.53029745298,-6.96474234190873));
#10939=CARTESIAN_POINT('Origin',(0.,188.53029745298,0.));
#10940=CARTESIAN_POINT('',(-19.3090032353161,188.724031638614,-6.57487814515452));
#10941=CARTESIAN_POINT('Origin',(0.,188.724031638614,3.8732199219898E-17));
#10942=CARTESIAN_POINT('',(-19.3089954347259,188.53029745298,-6.57487930946573));
#10943=CARTESIAN_POINT('Origin',(-18.8718401967354,186.373031638614,-6.64012882723384));
#10944=CARTESIAN_POINT('',(-21.1250238202223,188.724031638614,-6.30382004696813));
#10945=CARTESIAN_POINT('',(-10.128083344141,188.724031638614,-7.94521651355636));
#10946=CARTESIAN_POINT('',(-21.1250238202223,186.373031638614,-6.30382004696813));
#10947=CARTESIAN_POINT('Origin',(-21.1250238202223,186.373031638614,-6.30382004696813));
#10948=CARTESIAN_POINT('',(-19.7545200589623,188.724031638614,-5.08188604802704));
#10949=CARTESIAN_POINT('',(-13.7128815178161,188.724031638614,0.304807335398881));
#10950=CARTESIAN_POINT('',(-19.7545141720587,188.53029745298,-5.08188079929454));
#10951=CARTESIAN_POINT('Origin',(0.,188.53029745298,0.));
#10952=CARTESIAN_POINT('',(-19.8534290242995,188.724031638614,-4.68059660109466));
#10953=CARTESIAN_POINT('Origin',(0.,188.724031638614,3.8732199219898E-17));
#10954=CARTESIAN_POINT('',(-19.8534213724976,188.53029745298,-4.68059851283599));
#10955=CARTESIAN_POINT('Origin',(-19.4246044216405,186.373031638614,-4.78773498808749));
#10956=CARTESIAN_POINT('',(-21.6348108819034,188.724031638614,-4.23553263401246));
#10957=CARTESIAN_POINT('',(-10.8415381833936,188.724031638614,-6.93214523534474));
#10958=CARTESIAN_POINT('',(-21.6348108819034,186.373031638614,-4.23553263401246));
#10959=CARTESIAN_POINT('Origin',(-21.6348108819034,186.373031638614,-4.23553263401246));
#10960=CARTESIAN_POINT('',(-20.1527714914854,188.724031638614,-3.1515757609566));
#10961=CARTESIAN_POINT('',(-13.6161248723182,188.724031638614,1.62929786183179));
#10962=CARTESIAN_POINT('',(-20.1527651254882,188.53029745298,-3.15157110489523));
#10963=CARTESIAN_POINT('Origin',(0.,188.53029745298,0.));
#10964=CARTESIAN_POINT('',(-20.2124886956976,188.724031638614,-2.74261358768836));
#10965=CARTESIAN_POINT('Origin',(0.,188.724031638614,3.8732199219898E-17));
#10966=CARTESIAN_POINT('',(-20.2124812641267,188.53029745298,-2.74261622901037));
#10967=CARTESIAN_POINT('Origin',(-19.7960063487352,186.373031638614,-2.89063935734205));
#10968=CARTESIAN_POINT('',(-21.9425995435623,188.724031638614,-2.12769919405503));
#10969=CARTESIAN_POINT('',(-11.4541014847827,188.724031638614,-5.85551145065043));
#10970=CARTESIAN_POINT('',(-21.9425995435623,186.373031638614,-2.12769919405503));
#10971=CARTESIAN_POINT('Origin',(-21.9425995435623,186.373031638614,-2.12769919405503));
#10972=CARTESIAN_POINT('',(-20.3628619264604,188.724031638614,-1.19184006015189));
#10973=CARTESIAN_POINT('',(-13.3913922465374,188.724031638614,2.93815817883065));
#10974=CARTESIAN_POINT('',(-20.3628551408073,188.53029745298,-1.19183604023405));
#10975=CARTESIAN_POINT('Origin',(0.,188.53029745298,0.));
#10976=CARTESIAN_POINT('',(-20.382829806102,188.724031638614,-0.779023530170458));
#10977=CARTESIAN_POINT('Origin',(0.,188.724031638614,3.8732199219898E-17));
#10978=CARTESIAN_POINT('',(-20.3828226641488,188.53029745298,-0.779026876411848));
#10979=CARTESIAN_POINT('Origin',(-19.9825782982944,186.373031638614,-0.966554605757324));
#10980=CARTESIAN_POINT('',(-22.0455160653933,188.724031638614,4.69198852410175E-16));
#10981=CARTESIAN_POINT('',(-11.9602144084231,188.724031638614,-4.72529754530847));
#10982=CARTESIAN_POINT('',(-22.0455160653933,186.373031638614,0.));
#10983=CARTESIAN_POINT('Origin',(-22.0455160653933,186.373031638614,0.));
#10984=CARTESIAN_POINT('',(-13.0408215862321,188.724031638614,4.2189973256006));
#10985=CARTESIAN_POINT('Origin',(0.,215.696209342851,0.));
#10986=CARTESIAN_POINT('',(-12.8340659826804,214.308846797439,-7.83866462042752));
#10987=CARTESIAN_POINT('Origin',(0.,214.308846797439,0.));
#10988=CARTESIAN_POINT('',(12.8340659743515,214.308846797439,-7.8386646340644));
#10989=CARTESIAN_POINT('Origin',(0.,214.308846797439,0.));
#10990=CARTESIAN_POINT('',(12.8340659743515,217.083846797439,-7.8386646340644));
#10991=CARTESIAN_POINT('',(12.8340659743515,217.083846797439,-7.83866463406454));
#10992=CARTESIAN_POINT('',(-12.8340659826804,217.083846797439,-7.83866462042752));
#10993=CARTESIAN_POINT('Origin',(0.,217.083846797439,0.));
#10994=CARTESIAN_POINT('',(-12.8340659826804,217.083846797439,-7.83866462042752));
#10995=CARTESIAN_POINT('Origin',(12.2410191079763,214.308846797439,-7.105427357601E-13));
#10996=CARTESIAN_POINT('',(12.8340659743535,214.308846797439,7.83866463406156));
#10997=CARTESIAN_POINT('Origin',(0.,214.308846797439,0.));
#10998=CARTESIAN_POINT('',(12.4503590156704,214.308846797439,6.43460269021219));
#10999=CARTESIAN_POINT('Origin',(11.9806547041527,214.308846797439,7.31742648900294));
#11000=CARTESIAN_POINT('',(10.715450410799,214.308846797439,2.57897490178536));
#11001=CARTESIAN_POINT('Origin',(14.0719316850496,214.308846797439,3.38680664312577));
#11002=CARTESIAN_POINT('',(10.715450410799,214.308846797439,-2.57897490178522));
#11003=CARTESIAN_POINT('Origin',(0.,214.308846797439,0.));
#11004=CARTESIAN_POINT('',(12.4503590156706,214.308846797439,-6.4346026902119));
#11005=CARTESIAN_POINT('Origin',(14.0719316850496,214.308846797439,-3.38680664312562));
#11006=CARTESIAN_POINT('Origin',(11.980654704148,214.308846797439,-7.31742648900394));
#11007=CARTESIAN_POINT('Origin',(11.9806547041527,217.083846797439,7.31742648900294));
#11008=CARTESIAN_POINT('',(12.4503590156704,217.083846797439,6.43460269021219));
#11009=CARTESIAN_POINT('',(12.8340659743535,217.083846797439,7.83866463406156));
#11010=CARTESIAN_POINT('Origin',(11.9806547041527,217.083846797439,7.31742648900294));
#11011=CARTESIAN_POINT('',(12.4503590156704,217.083846797439,6.43460269021219));
#11012=CARTESIAN_POINT('',(12.8340659743535,217.083846797439,7.83866463406156));
#11013=CARTESIAN_POINT('Origin',(14.0719316850496,217.083846797439,3.38680664312577));
#11014=CARTESIAN_POINT('',(10.715450410799,217.083846797439,2.57897490178536));
#11015=CARTESIAN_POINT('Origin',(14.0719316850496,217.083846797439,3.38680664312577));
#11016=CARTESIAN_POINT('',(10.715450410799,217.083846797439,2.57897490178536));
#11017=CARTESIAN_POINT('Origin',(0.,217.083846797439,0.));
#11018=CARTESIAN_POINT('',(10.715450410799,217.083846797439,-2.57897490178522));
#11019=CARTESIAN_POINT('Origin',(0.,217.083846797439,0.));
#11020=CARTESIAN_POINT('',(10.715450410799,217.083846797439,-2.57897490178522));
#11021=CARTESIAN_POINT('Origin',(14.0719316850496,217.083846797439,-3.38680664312562));
#11022=CARTESIAN_POINT('',(12.4503590156706,217.083846797439,-6.4346026902119));
#11023=CARTESIAN_POINT('Origin',(14.0719316850496,217.083846797439,-3.38680664312562));
#11024=CARTESIAN_POINT('',(12.4503590156706,217.083846797439,-6.4346026902119));
#11025=CARTESIAN_POINT('Origin',(11.980654704148,217.083846797439,-7.31742648900394));
#11026=CARTESIAN_POINT('Origin',(11.980654704148,217.083846797439,-7.31742648900394));
#11027=CARTESIAN_POINT('Origin',(0.,217.083846797439,15.0385475588349));
#11028=CARTESIAN_POINT('',(-12.8340659826812,217.083846797439,7.83866462042667));
#11029=CARTESIAN_POINT('',(-12.4503590232766,217.083846797439,6.43460267737979));
#11030=CARTESIAN_POINT('Origin',(-11.980654711916,217.083846797439,7.31742647626831));
#11031=CARTESIAN_POINT('',(-10.7154504252864,217.083846797439,2.57897490527199));
#11032=CARTESIAN_POINT('Origin',(-14.0719316850495,217.083846797439,3.38680664312562));
#11033=CARTESIAN_POINT('',(-10.7154504252863,217.083846797439,-2.57897490527228));
#11034=CARTESIAN_POINT('Origin',(0.,217.083846797439,0.));
#11035=CARTESIAN_POINT('',(-12.4503590232761,217.083846797439,-6.43460267737964));
#11036=CARTESIAN_POINT('Origin',(-14.0719316850495,217.083846797439,-3.38680664312577));
#11037=CARTESIAN_POINT('Origin',(-11.9806547119148,217.083846797439,-7.31742647626859));
#11038=CARTESIAN_POINT('Origin',(0.,217.083846797439,0.));
#11039=CARTESIAN_POINT('',(-5.49999999999983,217.083846797439,0.));
#11040=CARTESIAN_POINT('Origin',(0.,217.083846797439,0.));
#11041=CARTESIAN_POINT('Origin',(0.,215.696209342851,0.));
#11042=CARTESIAN_POINT('',(-12.8340659826812,214.308846797439,7.83866462042667));
#11043=CARTESIAN_POINT('Origin',(0.,214.308846797439,0.));
#11044=CARTESIAN_POINT('',(-12.834065982681,217.083846797439,7.83866462042667));
#11045=CARTESIAN_POINT('Origin',(-12.2410191154269,214.308846797439,-1.4210854715202E-13));
#11046=CARTESIAN_POINT('',(-12.4503590232761,214.308846797439,-6.43460267737964));
#11047=CARTESIAN_POINT('Origin',(-11.9806547119148,214.308846797439,-7.31742647626859));
#11048=CARTESIAN_POINT('',(-10.7154504252863,214.308846797439,-2.57897490527228));
#11049=CARTESIAN_POINT('Origin',(-14.0719316850495,214.308846797439,-3.38680664312577));
#11050=CARTESIAN_POINT('',(-10.7154504252864,214.308846797439,2.57897490527199));
#11051=CARTESIAN_POINT('Origin',(0.,214.308846797439,0.));
#11052=CARTESIAN_POINT('',(-12.4503590232766,214.308846797439,6.43460267737979));
#11053=CARTESIAN_POINT('Origin',(-14.0719316850495,214.308846797439,3.38680664312562));
#11054=CARTESIAN_POINT('Origin',(-11.980654711916,214.308846797439,7.31742647626831));
#11055=CARTESIAN_POINT('Origin',(-11.9806547119148,217.083846797439,-7.31742647626859));
#11056=CARTESIAN_POINT('',(-12.4503590232761,217.083846797439,-6.43460267737964));
#11057=CARTESIAN_POINT('Origin',(-14.0719316850495,217.083846797439,-3.38680664312577));
#11058=CARTESIAN_POINT('',(-10.7154504252863,217.083846797439,-2.57897490527228));
#11059=CARTESIAN_POINT('Origin',(0.,217.083846797439,0.));
#11060=CARTESIAN_POINT('',(-10.7154504252864,217.083846797439,2.57897490527199));
#11061=CARTESIAN_POINT('Origin',(-14.0719316850495,217.083846797439,3.38680664312562));
#11062=CARTESIAN_POINT('',(-12.4503590232766,217.083846797439,6.43460267737979));
#11063=CARTESIAN_POINT('Origin',(-11.980654711916,217.083846797439,7.31742647626831));
#11064=CARTESIAN_POINT('Origin',(0.,222.349846797439,-1.46744541416016E-16));
#11065=CARTESIAN_POINT('',(-5.49999999999997,222.349846797439,3.79246379129374E-16));
#11066=CARTESIAN_POINT('Origin',(0.,222.349846797439,1.05280211866041E-15));
#11067=CARTESIAN_POINT('Origin',(0.,217.083846797439,0.));
#11068=CARTESIAN_POINT('',(-5.49999999999997,217.083846797439,6.73555739531041E-16));
#11069=CARTESIAN_POINT('Origin',(-0.0227221101496866,188.724031638614,-0.1278998088695));
#11070=CARTESIAN_POINT('Origin',(-14.0719316850493,224.68737925588,-3.38680664312577));
#11071=CARTESIAN_POINT('',(-10.7403600411171,223.287313402826,-2.58497010580752));
#11072=CARTESIAN_POINT('Origin',(-14.0719316850493,223.287313402826,-3.38680664312577));
#11073=CARTESIAN_POINT('',(-9.6348816937849,226.19737925588,-2.31890560987523));
#11074=CARTESIAN_POINT('Origin',(0.,224.68737925588,-7.27593317428026E-17));
#11075=CARTESIAN_POINT('Origin',(0.,223.287313402826,-3.52666718062466E-16));
#11076=CARTESIAN_POINT('Origin',(0.,224.68737925588,-7.27593317428024E-17));
#11077=CARTESIAN_POINT('',(10.7403600411174,223.287313402826,-2.58497010580752));
#11078=CARTESIAN_POINT('Origin',(0.,223.287313402826,-3.52666718062466E-16));
#11079=CARTESIAN_POINT('',(9.63488169378518,226.19737925588,-2.31890560987523));
#11080=CARTESIAN_POINT('Origin',(14.0719316850496,224.68737925588,-3.38680664312577));
#11081=CARTESIAN_POINT('Origin',(14.0719316850496,223.287313402826,-3.38680664312577));
#11082=CARTESIAN_POINT('Origin',(3.5527136788005E-14,223.287313402826,3.30507910095221E-15));
#11083=UNCERTAINTY_MEASURE_WITH_UNIT(LENGTH_MEASURE(0.01),#11087,
'DISTANCE_ACCURACY_VALUE',
'Maximum model space distance between geometric entities at asserted c
onnectivities');
#11084=UNCERTAINTY_MEASURE_WITH_UNIT(LENGTH_MEASURE(0.01),#11087,
'DISTANCE_ACCURACY_VALUE',
'Maximum model space distance between geometric entities at asserted c
onnectivities');
#11085=(
GEOMETRIC_REPRESENTATION_CONTEXT(3)
GLOBAL_UNCERTAINTY_ASSIGNED_CONTEXT((#11083))
GLOBAL_UNIT_ASSIGNED_CONTEXT((#11087,#11089,#11090))
REPRESENTATION_CONTEXT('','3D')
);
#11086=(
GEOMETRIC_REPRESENTATION_CONTEXT(3)
GLOBAL_UNCERTAINTY_ASSIGNED_CONTEXT((#11084))
GLOBAL_UNIT_ASSIGNED_CONTEXT((#11087,#11089,#11090))
REPRESENTATION_CONTEXT('','3D')
);
#11087=(
LENGTH_UNIT()
NAMED_UNIT(*)
SI_UNIT(.MILLI.,.METRE.)
);
#11088=(
LENGTH_UNIT()
NAMED_UNIT(*)
SI_UNIT($,.METRE.)
);
#11089=(
NAMED_UNIT(*)
PLANE_ANGLE_UNIT()
SI_UNIT($,.RADIAN.)
);
#11090=(
NAMED_UNIT(*)
SI_UNIT($,.STERADIAN.)
SOLID_ANGLE_UNIT()
);
#11091=SHAPE_DEFINITION_REPRESENTATION(#11092,#11093);
#11092=PRODUCT_DEFINITION_SHAPE('',$,#11095);
#11093=SHAPE_REPRESENTATION('',(#6028),#11085);
#11094=PRODUCT_DEFINITION_CONTEXT('part definition',#11099,'design');
#11095=PRODUCT_DEFINITION('Motorabdeckung','Motorabdeckung',#11096,#11094);
#11096=PRODUCT_DEFINITION_FORMATION('',$,#11101);
#11097=PRODUCT_RELATED_PRODUCT_CATEGORY('Motorabdeckung',
'Motorabdeckung',(#11101));
#11098=APPLICATION_PROTOCOL_DEFINITION('international standard',
'automotive_design',2009,#11099);
#11099=APPLICATION_CONTEXT(
'Core Data for Automotive Mechanical Design Process');
#11100=PRODUCT_CONTEXT('part definition',#11099,'mechanical');
#11101=PRODUCT('Motorabdeckung','Motorabdeckung',$,(#11100));
#11102=PRESENTATION_STYLE_ASSIGNMENT((#11104));
#11103=PRESENTATION_STYLE_ASSIGNMENT((#11105));
#11104=SURFACE_STYLE_USAGE(.BOTH.,#11106);
#11105=SURFACE_STYLE_USAGE(.BOTH.,#11107);
#11106=SURFACE_SIDE_STYLE('',(#11108));
#11107=SURFACE_SIDE_STYLE('',(#11109));
#11108=SURFACE_STYLE_FILL_AREA(#11110);
#11109=SURFACE_STYLE_FILL_AREA(#11111);
#11110=FILL_AREA_STYLE('Steel - Satin',(#11112));
#11111=FILL_AREA_STYLE('Plastic - Translucent Glossy (Blue)',(#11113));
#11112=FILL_AREA_STYLE_COLOUR('Steel - Satin',#11114);
#11113=FILL_AREA_STYLE_COLOUR('Plastic - Translucent Glossy (Blue)',#11115);
#11114=COLOUR_RGB('Steel - Satin',0.627450980392157,0.627450980392157,0.627450980392157);
#11115=COLOUR_RGB('Plastic - Translucent Glossy (Blue)',0.752941176470588,
0.43921568627451,0.886274509803922);
ENDSEC;
END-ISO-10303-21;
