ISO-10303-21;
HEADER;
/* Generated by software containing ST-Developer
 * from STEP Tools, Inc. (www.steptools.com) 
 */

FILE_DESCRIPTION(
/* description */ (''),
/* implementation_level */ '2;1');

FILE_NAME(
/* name */ '20250626_Boden_Auengewinde.step',
/* time_stamp */ '2026-06-26T18:50:35+02:00',
/* author */ (''),
/* organization */ (''),
/* preprocessor_version */ 'ST-DEVELOPER v20.1',
/* originating_system */ 'Autodesk Translation Framework v15.8.0.0',
/* authorisation */ '');

FILE_SCHEMA (('AUTOMOTIVE_DESIGN { 1 0 10303 214 3 1 1 }'));
ENDSEC;

DATA;
#10=MECHANICAL_DESIGN_GEOMETRIC_PRESENTATION_REPRESENTATION('',(#13),#5365);
#11=SHAPE_REPRESENTATION_RELATIONSHIP('SRR','None',#5372,#12);
#12=ADVANCED_BREP_SHAPE_REPRESENTATION('',(#14),#5364);
#13=STYLED_ITEM('',(#5382),#14);
#14=MANIFOLD_SOLID_BREP('Boden_Au\X\DFengewinde',#1686);
#15=(
BOUNDED_CURVE()
B_SPLINE_CURVE(5,(#5007,#5008,#5009,#5010,#5011,#5012,#5013,#5014,#5015,
#5016),.UNSPECIFIED.,.F.,.F.)
B_SPLINE_CURVE_WITH_KNOTS((6,1,1,1,1,6),(0.531045647999518,0.6,0.7,0.8,
0.9,0.922384459732618),.UNSPECIFIED.)
CURVE()
GEOMETRIC_REPRESENTATION_ITEM()
RATIONAL_B_SPLINE_CURVE((1.,1.,1.,1.,1.,1.,1.,1.,1.,1.))
REPRESENTATION_ITEM('')
);
#16=(
BOUNDED_CURVE()
B_SPLINE_CURVE(3,(#5101,#5102,#5103,#5104),.UNSPECIFIED.,.F.,.F.)
B_SPLINE_CURVE_WITH_KNOTS((4,4),(-0.350380736556361,-0.320044472945723),
 .UNSPECIFIED.)
CURVE()
GEOMETRIC_REPRESENTATION_ITEM()
RATIONAL_B_SPLINE_CURVE((1.,1.,1.,1.))
REPRESENTATION_ITEM('')
);
#17=(
BOUNDED_CURVE()
B_SPLINE_CURVE(5,(#5205,#5206,#5207,#5208,#5209,#5210,#5211,#5212,#5213,
#5214,#5215),.UNSPECIFIED.,.F.,.F.)
B_SPLINE_CURVE_WITH_KNOTS((6,1,1,1,1,1,6),(0.,0.1,0.2,0.3,0.4,0.5,0.500061647497084),
 .UNSPECIFIED.)
CURVE()
GEOMETRIC_REPRESENTATION_ITEM()
RATIONAL_B_SPLINE_CURVE((1.,1.,1.,1.,1.,1.,1.,1.,1.,1.,1.))
REPRESENTATION_ITEM('')
);
#18=(
BOUNDED_SURFACE()
B_SPLINE_SURFACE(5,2,((#4916,#4917,#4918,#4919,#4920,#4921,#4922,#4923,
#4924),(#4925,#4926,#4927,#4928,#4929,#4930,#4931,#4932,#4933),(#4934,#4935,
#4936,#4937,#4938,#4939,#4940,#4941,#4942),(#4943,#4944,#4945,#4946,#4947,
#4948,#4949,#4950,#4951),(#4952,#4953,#4954,#4955,#4956,#4957,#4958,#4959,
#4960),(#4961,#4962,#4963,#4964,#4965,#4966,#4967,#4968,#4969),(#4970,#4971,
#4972,#4973,#4974,#4975,#4976,#4977,#4978),(#4979,#4980,#4981,#4982,#4983,
#4984,#4985,#4986,#4987),(#4988,#4989,#4990,#4991,#4992,#4993,#4994,#4995,
#4996),(#4997,#4998,#4999,#5000,#5001,#5002,#5003,#5004,#5005)),
 .UNSPECIFIED.,.F.,.T.,.F.)
B_SPLINE_SURFACE_WITH_KNOTS((6,1,1,1,1,6),(3,2,2,2,3),(0.531045647999518,
0.6,0.7,0.8,0.9,1.),(0.,1.5707963267949,3.14159265358979,4.71238898038469,
6.28318530717959),.UNSPECIFIED.)
GEOMETRIC_REPRESENTATION_ITEM()
RATIONAL_B_SPLINE_SURFACE(((1.,0.707106781186548,1.,0.707106781186548,1.,
0.707106781186548,1.,0.707106781186548,1.),(1.,0.707106781186548,1.,0.707106781186548,
1.,0.707106781186548,1.,0.707106781186548,1.),(1.,0.707106781186548,1.,
0.707106781186548,1.,0.707106781186548,1.,0.707106781186548,1.),(1.,0.707106781186548,
1.,0.707106781186548,1.,0.707106781186548,1.,0.707106781186548,1.),(1.,
0.707106781186548,1.,0.707106781186548,1.,0.707106781186548,1.,0.707106781186548,
1.),(1.,0.707106781186548,1.,0.707106781186548,1.,0.707106781186548,1.,
0.707106781186548,1.),(1.,0.707106781186548,1.,0.707106781186548,1.,0.707106781186548,
1.,0.707106781186548,1.),(1.,0.707106781186548,1.,0.707106781186548,1.,
0.707106781186548,1.,0.707106781186548,1.),(1.,0.707106781186548,1.,0.707106781186548,
1.,0.707106781186548,1.,0.707106781186548,1.),(1.,0.707106781186548,1.,
0.707106781186548,1.,0.707106781186548,1.,0.707106781186548,1.)))
REPRESENTATION_ITEM('')
SURFACE()
);
#19=(
BOUNDED_SURFACE()
B_SPLINE_SURFACE(3,2,((#5064,#5065,#5066,#5067,#5068,#5069,#5070,#5071,
#5072),(#5073,#5074,#5075,#5076,#5077,#5078,#5079,#5080,#5081),(#5082,#5083,
#5084,#5085,#5086,#5087,#5088,#5089,#5090),(#5091,#5092,#5093,#5094,#5095,
#5096,#5097,#5098,#5099)),.UNSPECIFIED.,.F.,.T.,.F.)
B_SPLINE_SURFACE_WITH_KNOTS((4,4),(3,2,2,2,3),(0.320044472945723,0.350380736556349),
(0.,1.5707963267949,3.14159265358979,4.71238898038469,6.28318530717959),
 .UNSPECIFIED.)
GEOMETRIC_REPRESENTATION_ITEM()
RATIONAL_B_SPLINE_SURFACE(((1.,0.707106781186548,1.,0.707106781186548,1.,
0.707106781186548,1.,0.707106781186548,1.),(1.,0.707106781186548,1.,0.707106781186548,
1.,0.707106781186548,1.,0.707106781186548,1.),(1.,0.707106781186548,1.,
0.707106781186548,1.,0.707106781186548,1.,0.707106781186548,1.),(1.,0.707106781186548,
1.,0.707106781186548,1.,0.707106781186548,1.,0.707106781186548,1.)))
REPRESENTATION_ITEM('')
SURFACE()
);
#20=(
BOUNDED_SURFACE()
B_SPLINE_SURFACE(5,2,((#5106,#5107,#5108,#5109,#5110,#5111,#5112,#5113,
#5114),(#5115,#5116,#5117,#5118,#5119,#5120,#5121,#5122,#5123),(#5124,#5125,
#5126,#5127,#5128,#5129,#5130,#5131,#5132),(#5133,#5134,#5135,#5136,#5137,
#5138,#5139,#5140,#5141),(#5142,#5143,#5144,#5145,#5146,#5147,#5148,#5149,
#5150),(#5151,#5152,#5153,#5154,#5155,#5156,#5157,#5158,#5159),(#5160,#5161,
#5162,#5163,#5164,#5165,#5166,#5167,#5168),(#5169,#5170,#5171,#5172,#5173,
#5174,#5175,#5176,#5177),(#5178,#5179,#5180,#5181,#5182,#5183,#5184,#5185,
#5186),(#5187,#5188,#5189,#5190,#5191,#5192,#5193,#5194,#5195),(#5196,#5197,
#5198,#5199,#5200,#5201,#5202,#5203,#5204)),.UNSPECIFIED.,.F.,.T.,.F.)
B_SPLINE_SURFACE_WITH_KNOTS((6,1,1,1,1,1,6),(3,2,2,2,3),(0.,0.1,0.2,0.3,
0.4,0.5,0.500061647497084),(0.,1.5707963267949,3.14159265358979,4.71238898038469,
6.28318530717959),.UNSPECIFIED.)
GEOMETRIC_REPRESENTATION_ITEM()
RATIONAL_B_SPLINE_SURFACE(((1.,0.707106781186548,1.,0.707106781186548,1.,
0.707106781186548,1.,0.707106781186548,1.),(1.,0.707106781186548,1.,0.707106781186548,
1.,0.707106781186548,1.,0.707106781186548,1.),(1.,0.707106781186548,1.,
0.707106781186548,1.,0.707106781186548,1.,0.707106781186548,1.),(1.,0.707106781186548,
1.,0.707106781186548,1.,0.707106781186548,1.,0.707106781186548,1.),(1.,
0.707106781186548,1.,0.707106781186548,1.,0.707106781186548,1.,0.707106781186548,
1.),(1.,0.707106781186548,1.,0.707106781186548,1.,0.707106781186548,1.,
0.707106781186548,1.),(1.,0.707106781186548,1.,0.707106781186548,1.,0.707106781186548,
1.,0.707106781186548,1.),(1.,0.707106781186548,1.,0.707106781186548,1.,
0.707106781186548,1.,0.707106781186548,1.),(1.,0.707106781186548,1.,0.707106781186548,
1.,0.707106781186548,1.,0.707106781186548,1.),(1.,0.707106781186548,1.,
0.707106781186548,1.,0.707106781186548,1.,0.707106781186548,1.),(1.,0.707106781186548,
1.,0.707106781186548,1.,0.707106781186548,1.,0.707106781186548,1.)))
REPRESENTATION_ITEM('')
SURFACE()
);
#21=FACE_BOUND('',#524,.T.);
#22=FACE_BOUND('',#525,.T.);
#23=FACE_BOUND('',#526,.T.);
#24=FACE_BOUND('',#527,.T.);
#25=FACE_BOUND('',#528,.T.);
#26=FACE_BOUND('',#536,.T.);
#27=FACE_BOUND('',#545,.T.);
#28=CONICAL_SURFACE('',#1785,46.95275,0.785398163397446);
#29=CONICAL_SURFACE('',#1812,52.057155695174,0.391896769422121);
#30=CONICAL_SURFACE('',#1817,51.8702090715943,1.09619390254058);
#31=CONICAL_SURFACE('',#1832,52.2510667978367,0.158493092337111);
#32=CONICAL_SURFACE('',#1834,52.2510667978367,0.155465213111349);
#33=CONICAL_SURFACE('',#1836,52.2510667978367,0.208736077034732);
#34=CONICAL_SURFACE('',#1838,52.2510667978367,0.186721146546095);
#35=CONICAL_SURFACE('',#1839,52.0596644676062,0.443822030293817);
#36=CONICAL_SURFACE('',#1845,48.68325,0.785398163397449);
#37=CONICAL_SURFACE('',#1848,55.0480251338896,0.452156223038215);
#38=TOROIDAL_SURFACE('',#1764,46.2012,0.2);
#39=TOROIDAL_SURFACE('',#1824,48.6986141298754,4.512);
#40=PLANE('',#1718);
#41=PLANE('',#1738);
#42=PLANE('',#1758);
#43=PLANE('',#1783);
#44=PLANE('',#1805);
#45=PLANE('',#1826);
#46=PLANE('',#1842);
#47=PLANE('',#1850);
#48=PLANE('',#1851);
#49=PLANE('',#1852);
#50=PLANE('',#1853);
#51=PLANE('',#1854);
#52=PLANE('',#1855);
#53=LINE('',#2298,#101);
#54=LINE('',#2299,#102);
#55=LINE('',#2421,#103);
#56=LINE('',#2422,#104);
#57=LINE('',#2594,#105);
#58=LINE('',#2710,#106);
#59=LINE('',#2711,#107);
#60=LINE('',#2769,#108);
#61=LINE('',#2770,#109);
#62=LINE('',#3006,#110);
#63=LINE('',#3064,#111);
#64=LINE('',#3065,#112);
#65=LINE('',#3123,#113);
#66=LINE('',#3124,#114);
#67=LINE('',#3424,#115);
#68=LINE('',#3736,#116);
#69=LINE('',#3737,#117);
#70=LINE('',#3781,#118);
#71=LINE('',#3782,#119);
#72=LINE('',#3909,#120);
#73=LINE('',#3911,#121);
#74=LINE('',#3921,#122);
#75=LINE('',#3945,#123);
#76=LINE('',#4437,#124);
#77=LINE('',#4438,#125);
#78=LINE('',#4489,#126);
#79=LINE('',#4490,#127);
#80=LINE('',#4662,#128);
#81=LINE('',#4704,#129);
#82=LINE('',#4716,#130);
#83=LINE('',#4717,#131);
#84=LINE('',#4725,#132);
#85=LINE('',#4733,#133);
#86=LINE('',#4734,#134);
#87=LINE('',#4742,#135);
#88=LINE('',#4756,#136);
#89=LINE('',#4762,#137);
#90=LINE('',#4769,#138);
#91=LINE('',#5029,#139);
#92=LINE('',#5033,#140);
#93=LINE('',#5037,#141);
#94=LINE('',#5041,#142);
#95=LINE('',#5044,#143);
#96=LINE('',#5048,#144);
#97=LINE('',#5050,#145);
#98=LINE('',#5057,#146);
#99=LINE('',#5060,#147);
#100=LINE('',#5063,#148);
#101=VECTOR('',#1876,10.);
#102=VECTOR('',#1877,10.);
#103=VECTOR('',#1896,10.);
#104=VECTOR('',#1897,10.);
#105=VECTOR('',#1900,10.);
#106=VECTOR('',#1921,10.);
#107=VECTOR('',#1922,10.);
#108=VECTOR('',#1941,10.);
#109=VECTOR('',#1942,10.);
#110=VECTOR('',#1945,10.);
#111=VECTOR('',#1966,10.);
#112=VECTOR('',#1967,10.);
#113=VECTOR('',#1986,10.);
#114=VECTOR('',#1987,10.);
#115=VECTOR('',#1990,10.);
#116=VECTOR('',#2033,10.);
#117=VECTOR('',#2034,10.);
#118=VECTOR('',#2037,10.);
#119=VECTOR('',#2038,10.);
#120=VECTOR('',#2041,10.);
#121=VECTOR('',#2042,10.);
#122=VECTOR('',#2045,10.);
#123=VECTOR('',#2046,10.);
#124=VECTOR('',#2081,10.);
#125=VECTOR('',#2082,10.);
#126=VECTOR('',#2093,10.);
#127=VECTOR('',#2094,10.);
#128=VECTOR('',#2097,10.);
#129=VECTOR('',#2104,47.68325);
#130=VECTOR('',#2111,10.);
#131=VECTOR('',#2112,10.);
#132=VECTOR('',#2113,10.);
#133=VECTOR('',#2114,10.);
#134=VECTOR('',#2115,10.);
#135=VECTOR('',#2116,10.);
#136=VECTOR('',#2123,52.057155695174);
#137=VECTOR('',#2130,51.8702090715943);
#138=VECTOR('',#2139,52.3680270252381);
#139=VECTOR('',#2158,52.3680270252381);
#140=VECTOR('',#2163,52.2510667978367);
#141=VECTOR('',#2168,52.2510667978367);
#142=VECTOR('',#2173,52.2510667978367);
#143=VECTOR('',#2178,52.2510667978367);
#144=VECTOR('',#2183,52.0596644676062);
#145=VECTOR('',#2186,51.7513019099743);
#146=VECTOR('',#2195,48.68325);
#147=VECTOR('',#2198,55.3880271686804);
#148=VECTOR('',#2203,55.0480251338896);
#149=CYLINDRICAL_SURFACE('',#1708,0.2);
#150=CYLINDRICAL_SURFACE('',#1717,0.2);
#151=CYLINDRICAL_SURFACE('',#1719,46.0012);
#152=CYLINDRICAL_SURFACE('',#1728,0.2);
#153=CYLINDRICAL_SURFACE('',#1737,0.2);
#154=CYLINDRICAL_SURFACE('',#1739,46.0012);
#155=CYLINDRICAL_SURFACE('',#1748,0.2);
#156=CYLINDRICAL_SURFACE('',#1757,0.2);
#157=CYLINDRICAL_SURFACE('',#1759,46.0012);
#158=CYLINDRICAL_SURFACE('',#1779,0.2);
#159=CYLINDRICAL_SURFACE('',#1780,0.2);
#160=CYLINDRICAL_SURFACE('',#1781,0.2);
#161=CYLINDRICAL_SURFACE('',#1782,0.2);
#162=CYLINDRICAL_SURFACE('',#1786,46.0012);
#163=CYLINDRICAL_SURFACE('',#1799,0.2);
#164=CYLINDRICAL_SURFACE('',#1804,0.2);
#165=CYLINDRICAL_SURFACE('',#1806,46.0012);
#166=CYLINDRICAL_SURFACE('',#1807,47.68325);
#167=CYLINDRICAL_SURFACE('',#1820,52.3680270252381);
#168=CYLINDRICAL_SURFACE('',#1829,52.3680270252381);
#169=CYLINDRICAL_SURFACE('',#1841,51.7513019099743);
#170=CYLINDRICAL_SURFACE('',#1846,55.3880271686804);
#171=B_SPLINE_CURVE_WITH_KNOTS('',3,(#2255,#2256,#2257,#2258,#2259,#2260,
#2261,#2262,#2263,#2264,#2265,#2266,#2267,#2268,#2269,#2270,#2271,#2272,
#2273,#2274,#2275,#2276,#2277,#2278,#2279,#2280,#2281,#2282,#2283,#2284,
#2285,#2286,#2287,#2288),.UNSPECIFIED.,.F.,.F.,(4,3,3,3,3,3,3,3,3,3,3,4),
(0.,0.00443488875539657,0.00863324030402782,0.00967690612430418,0.0137617598586213,
0.0174657943580453,0.0178466135929383,0.0187949033536009,0.0227611000633816,
0.024992970938838,0.0290188227248045,0.0318807843940701),.UNSPECIFIED.);
#172=B_SPLINE_CURVE_WITH_KNOTS('',3,(#2289,#2290,#2291,#2292),
 .UNSPECIFIED.,.F.,.F.,(4,4),(0.00795085526186381,0.184692236386),
 .UNSPECIFIED.);
#173=B_SPLINE_CURVE_WITH_KNOTS('',3,(#2293,#2294,#2295,#2296),
 .UNSPECIFIED.,.F.,.F.,(4,4),(-0.184692236386,-6.36697725792112E-16),
 .UNSPECIFIED.);
#174=B_SPLINE_CURVE_WITH_KNOTS('',3,(#2329,#2330,#2331,#2332,#2333,#2334,
#2335,#2336,#2337,#2338,#2339,#2340,#2341,#2342,#2343,#2344,#2345,#2346,
#2347,#2348,#2349,#2350,#2351,#2352,#2353,#2354,#2355,#2356,#2357,#2358,
#2359,#2360,#2361,#2362),.UNSPECIFIED.,.F.,.F.,(4,3,3,3,3,3,3,3,3,3,3,4),
(0.,0.00443486955179219,0.00863316163181052,0.00967690612430571,0.0137617598586225,
0.0174657288371239,0.0178466135929392,0.0187949033536018,0.0227611418778822,
0.024992970938854,0.0290188267001526,0.0318807843941001),.UNSPECIFIED.);
#175=B_SPLINE_CURVE_WITH_KNOTS('',3,(#2363,#2364,#2365,#2366),
 .UNSPECIFIED.,.F.,.F.,(4,4),(0.00795085526186407,0.184692236385997),
 .UNSPECIFIED.);
#176=B_SPLINE_CURVE_WITH_KNOTS('',3,(#2367,#2368,#2369,#2370),
 .UNSPECIFIED.,.F.,.F.,(4,4),(-0.184692236385997,0.),.UNSPECIFIED.);
#177=B_SPLINE_CURVE_WITH_KNOTS('',3,(#2408,#2409,#2410,#2411,#2412,#2413),
 .UNSPECIFIED.,.F.,.F.,(4,1,1,4),(-5.75387983514092,-3.30666571582967,-1.67518963628884,
-0.0437135567480157),.UNSPECIFIED.);
#178=B_SPLINE_CURVE_WITH_KNOTS('',3,(#2414,#2415,#2416,#2417,#2418,#2419),
 .UNSPECIFIED.,.F.,.F.,(4,1,1,4),(0.0437135567480157,1.67518963628884,3.30666571582967,
5.75387983514092),.UNSPECIFIED.);
#179=B_SPLINE_CURVE_WITH_KNOTS('',3,(#2445,#2446,#2447,#2448,#2449,#2450,
#2451,#2452,#2453,#2454,#2455,#2456,#2457,#2458,#2459,#2460,#2461,#2462,
#2463,#2464,#2465,#2466,#2467,#2468,#2469,#2470,#2471,#2472,#2473,#2474,
#2475,#2476,#2477,#2478),.UNSPECIFIED.,.F.,.F.,(4,3,3,3,3,3,3,3,3,3,3,4),
(0.,0.0040060055416041,0.00684976367071883,0.0107933287774104,0.0128628405561418,
0.0136842520409565,0.0174955280570013,0.0212528146670808,0.0254079789256398,
0.0262268418039779,0.0306887363653266,0.0313358153553443),.UNSPECIFIED.);
#180=B_SPLINE_CURVE_WITH_KNOTS('',3,(#2479,#2480,#2481,#2482),
 .UNSPECIFIED.,.F.,.F.,(4,4),(-0.196090034843395,-0.0116621523414323),
 .UNSPECIFIED.);
#181=B_SPLINE_CURVE_WITH_KNOTS('',3,(#2483,#2484,#2485,#2486),
 .UNSPECIFIED.,.F.,.F.,(4,4),(0.0116621523414323,0.188150201428829),
 .UNSPECIFIED.);
#182=B_SPLINE_CURVE_WITH_KNOTS('',3,(#2517,#2518,#2519,#2520,#2521,#2522),
 .UNSPECIFIED.,.F.,.F.,(4,1,1,4),(-5.75387983514094,-3.30666571582969,-1.67518963628886,
-0.0437135567480325),.UNSPECIFIED.);
#183=B_SPLINE_CURVE_WITH_KNOTS('',3,(#2523,#2524,#2525,#2526,#2527,#2528),
 .UNSPECIFIED.,.F.,.F.,(4,1,1,4),(0.0437135567480325,1.67518963628886,3.30666571582969,
5.75387983514094),.UNSPECIFIED.);
#184=B_SPLINE_CURVE_WITH_KNOTS('',3,(#2551,#2552,#2553,#2554,#2555,#2556,
#2557,#2558,#2559,#2560,#2561,#2562,#2563,#2564,#2565,#2566,#2567,#2568,
#2569,#2570,#2571,#2572,#2573,#2574,#2575,#2576,#2577,#2578,#2579,#2580,
#2581,#2582,#2583,#2584),.UNSPECIFIED.,.F.,.F.,(4,3,3,3,3,3,3,3,3,3,3,4),
(0.,0.00400601064111458,0.00684976367070584,0.0107933552462901,0.0128628405561155,
0.0136842520409315,0.0174954872889916,0.0212528146670633,0.0254079402492832,
0.0262268418039643,0.0306887158229566,0.0313358153553319),.UNSPECIFIED.);
#185=B_SPLINE_CURVE_WITH_KNOTS('',3,(#2585,#2586,#2587,#2588),
 .UNSPECIFIED.,.F.,.F.,(4,4),(-0.196090034843396,-0.0116621523414342),
 .UNSPECIFIED.);
#186=B_SPLINE_CURVE_WITH_KNOTS('',3,(#2589,#2590,#2591,#2592),
 .UNSPECIFIED.,.F.,.F.,(4,4),(0.0116621523414342,0.188150201428828),
 .UNSPECIFIED.);
#187=B_SPLINE_CURVE_WITH_KNOTS('',3,(#2623,#2624,#2625,#2626,#2627,#2628,
#2629),.UNSPECIFIED.,.F.,.F.,(4,1,1,1,4),(36.2901292652832,36.5999864990093,
36.9137136796801,37.2274408603509,37.5372255045141),.UNSPECIFIED.);
#188=B_SPLINE_CURVE_WITH_KNOTS('',3,(#2667,#2668,#2669,#2670,#2671,#2672,
#2673,#2674,#2675,#2676,#2677,#2678,#2679,#2680,#2681,#2682,#2683,#2684,
#2685,#2686,#2687,#2688,#2689,#2690,#2691,#2692,#2693,#2694,#2695,#2696,
#2697,#2698,#2699,#2700),.UNSPECIFIED.,.F.,.F.,(4,3,3,3,3,3,3,3,3,3,3,4),
(0.,0.00443488449260209,0.00863322284018272,0.00967690612430363,0.0137617598586224,
0.017465779813488,0.0178466135929412,0.0187949033536042,0.0227611093453041,
0.0249929709388421,0.0290188236073927,0.0318807843940781),.UNSPECIFIED.);
#189=B_SPLINE_CURVE_WITH_KNOTS('',3,(#2701,#2702,#2703,#2704),
 .UNSPECIFIED.,.F.,.F.,(4,4),(0.00795085526186274,0.184692236385998),
 .UNSPECIFIED.);
#190=B_SPLINE_CURVE_WITH_KNOTS('',3,(#2705,#2706,#2707,#2708),
 .UNSPECIFIED.,.F.,.F.,(4,4),(-0.184692236385998,3.58572763495268E-15),
 .UNSPECIFIED.);
#191=B_SPLINE_CURVE_WITH_KNOTS('',3,(#2756,#2757,#2758,#2759,#2760,#2761),
 .UNSPECIFIED.,.F.,.F.,(4,1,1,4),(-5.75387983514093,-3.30666571582968,-1.67518963628885,
-0.0437135567480228),.UNSPECIFIED.);
#192=B_SPLINE_CURVE_WITH_KNOTS('',3,(#2762,#2763,#2764,#2765,#2766,#2767),
 .UNSPECIFIED.,.F.,.F.,(4,1,1,4),(0.0437135567480228,1.67518963628885,3.30666571582968,
5.75387983514093),.UNSPECIFIED.);
#193=B_SPLINE_CURVE_WITH_KNOTS('',3,(#2793,#2794,#2795,#2796,#2797,#2798,
#2799,#2800,#2801,#2802,#2803,#2804,#2805,#2806,#2807,#2808,#2809,#2810,
#2811,#2812,#2813,#2814,#2815,#2816,#2817,#2818,#2819,#2820,#2821,#2822,
#2823,#2824,#2825,#2826),.UNSPECIFIED.,.F.,.F.,(4,3,3,3,3,3,3,3,3,3,3,4),
(0.,0.00400600735667804,0.00684976367071823,0.0107933381987414,0.012862840556143,
0.0136842520409599,0.0174955135458257,0.0212528146671006,0.0254079651591916,
0.02622684180401,0.0306887290535133,0.031335815355396),.UNSPECIFIED.);
#194=B_SPLINE_CURVE_WITH_KNOTS('',3,(#2827,#2828,#2829,#2830),
 .UNSPECIFIED.,.F.,.F.,(4,4),(-0.196090034843398,-0.0116621523414351),
 .UNSPECIFIED.);
#195=B_SPLINE_CURVE_WITH_KNOTS('',3,(#2831,#2832,#2833,#2834),
 .UNSPECIFIED.,.F.,.F.,(4,4),(0.0116621523414351,0.18815020142883),
 .UNSPECIFIED.);
#196=B_SPLINE_CURVE_WITH_KNOTS('',3,(#2865,#2866,#2867,#2868,#2869,#2870),
 .UNSPECIFIED.,.F.,.F.,(4,1,1,4),(-5.75387983514096,-4.12240375560013,-2.4909276760593,
-0.0437135567480606),.UNSPECIFIED.);
#197=B_SPLINE_CURVE_WITH_KNOTS('',3,(#2871,#2872,#2873,#2874,#2875,#2876),
 .UNSPECIFIED.,.F.,.F.,(4,1,1,4),(0.0437135567480606,2.4909276760593,4.12240375560013,
5.75387983514096),.UNSPECIFIED.);
#198=B_SPLINE_CURVE_WITH_KNOTS('',3,(#2899,#2900,#2901,#2902,#2903,#2904,
#2905,#2906,#2907,#2908,#2909,#2910,#2911,#2912,#2913,#2914,#2915,#2916,
#2917,#2918,#2919,#2920,#2921,#2922,#2923,#2924,#2925,#2926,#2927,#2928,
#2929,#2930,#2931,#2932),.UNSPECIFIED.,.F.,.F.,(4,3,3,3,3,3,3,3,3,3,3,4),
(0.,0.00443486488594664,0.00863314251745715,0.00967690612428245,0.0137617598585925,
0.0174657129180457,0.0178466135929025,0.0187949033535986,0.02276115203784,
0.0249929709388166,0.0290188276661697,0.0318807843940987),.UNSPECIFIED.);
#199=B_SPLINE_CURVE_WITH_KNOTS('',3,(#2933,#2934,#2935,#2936),
 .UNSPECIFIED.,.F.,.F.,(4,4),(0.00795143040025967,0.184692811524393),
 .UNSPECIFIED.);
#200=B_SPLINE_CURVE_WITH_KNOTS('',3,(#2937,#2938,#2939,#2940),
 .UNSPECIFIED.,.F.,.F.,(4,4),(-0.184692811524393,-5.75138391320376E-7),
 .UNSPECIFIED.);
#201=B_SPLINE_CURVE_WITH_KNOTS('',3,(#2963,#2964,#2965,#2966,#2967,#2968,
#2969,#2970,#2971,#2972,#2973,#2974,#2975,#2976,#2977,#2978,#2979,#2980,
#2981,#2982,#2983,#2984,#2985,#2986,#2987,#2988,#2989,#2990,#2991,#2992,
#2993,#2994,#2995,#2996),.UNSPECIFIED.,.F.,.F.,(4,3,3,3,3,3,3,3,3,3,3,4),
(0.,0.00400601256298882,0.00684976367065964,0.0107933652228774,0.0128628405561658,
0.0136842520410013,0.01749547192297,0.0212528146673957,0.0254079256718536,
0.0262268418040926,0.0306887080803301,0.0313358153554409),.UNSPECIFIED.);
#202=B_SPLINE_CURVE_WITH_KNOTS('',3,(#2997,#2998,#2999,#3000),
 .UNSPECIFIED.,.F.,.F.,(4,4),(-0.196090034843405,-0.0116621523414359),
 .UNSPECIFIED.);
#203=B_SPLINE_CURVE_WITH_KNOTS('',3,(#3001,#3002,#3003,#3004),
 .UNSPECIFIED.,.F.,.F.,(4,4),(0.0116621523414359,0.18815020142883),
 .UNSPECIFIED.);
#204=B_SPLINE_CURVE_WITH_KNOTS('',3,(#3035,#3036,#3037,#3038,#3039,#3040,
#3041,#3042,#3043,#3044,#3045,#3046,#3047),.UNSPECIFIED.,.F.,.F.,(4,3,3,
3,4),(-39.108021831309,-38.7982371871458,-38.484510006475,-38.1707828258041,
-37.8609255920781),.UNSPECIFIED.);
#205=B_SPLINE_CURVE_WITH_KNOTS('',3,(#3110,#3111,#3112,#3113,#3114,#3115),
 .UNSPECIFIED.,.F.,.F.,(4,1,1,4),(-5.75387983514095,-4.12240375560012,-2.49092767605929,
-0.0437135567480401),.UNSPECIFIED.);
#206=B_SPLINE_CURVE_WITH_KNOTS('',3,(#3116,#3117,#3118,#3119,#3120,#3121),
 .UNSPECIFIED.,.F.,.F.,(4,1,1,4),(0.0437135567480401,2.49092767605929,4.12240375560012,
5.75387983514095),.UNSPECIFIED.);
#207=B_SPLINE_CURVE_WITH_KNOTS('',3,(#3147,#3148,#3149,#3150,#3151,#3152,
#3153,#3154,#3155,#3156,#3157,#3158,#3159,#3160,#3161,#3162,#3163,#3164,
#3165,#3166,#3167,#3168,#3169,#3170,#3171,#3172,#3173,#3174,#3175,#3176,
#3177,#3178,#3179,#3180),.UNSPECIFIED.,.F.,.F.,(4,3,3,3,3,3,3,3,3,3,3,4),
(0.,0.00400600376317951,0.00684976367071804,0.0107933195463353,0.0128628405561434,
0.0136842520409603,0.0174955422758418,0.0212528146671031,0.0254079924147372,
0.026226841804009,0.0306887435301996,0.0313358153553802),.UNSPECIFIED.);
#208=B_SPLINE_CURVE_WITH_KNOTS('',3,(#3181,#3182,#3183,#3184),
 .UNSPECIFIED.,.F.,.F.,(4,4),(-0.196090034843398,-0.0116621523414361),
 .UNSPECIFIED.);
#209=B_SPLINE_CURVE_WITH_KNOTS('',3,(#3185,#3186,#3187,#3188),
 .UNSPECIFIED.,.F.,.F.,(4,4),(0.0116621523414361,0.188150201428831),
 .UNSPECIFIED.);
#210=B_SPLINE_CURVE_WITH_KNOTS('',3,(#3219,#3220,#3221,#3222,#3223,#3224),
 .UNSPECIFIED.,.F.,.F.,(4,1,1,4),(-5.75387983514092,-4.12240375560008,-2.49092767605925,
-0.0437135567480063),.UNSPECIFIED.);
#211=B_SPLINE_CURVE_WITH_KNOTS('',3,(#3225,#3226,#3227,#3228,#3229,#3230),
 .UNSPECIFIED.,.F.,.F.,(4,1,1,4),(0.0437135567480063,2.49092767605925,4.12240375560008,
5.75387983514092),.UNSPECIFIED.);
#212=B_SPLINE_CURVE_WITH_KNOTS('',3,(#3253,#3254,#3255,#3256,#3257,#3258,
#3259,#3260,#3261,#3262,#3263,#3264,#3265,#3266,#3267,#3268,#3269,#3270,
#3271,#3272,#3273,#3274,#3275,#3276,#3277,#3278,#3279,#3280,#3281,#3282,
#3283,#3284,#3285,#3286),.UNSPECIFIED.,.F.,.F.,(4,3,3,3,3,3,3,3,3,3,3,4),
(0.,0.00443487412010769,0.00863318034673544,0.00967690612430361,0.0137617598586233,
0.0174657444234734,0.0178466135929429,0.018794903353606,0.0227611319308327,
0.0249929709388403,0.0290188257547597,0.0318807843940721),.UNSPECIFIED.);
#213=B_SPLINE_CURVE_WITH_KNOTS('',3,(#3287,#3288,#3289,#3290),
 .UNSPECIFIED.,.F.,.F.,(4,4),(0.00795085526186114,0.184692236385996),
 .UNSPECIFIED.);
#214=B_SPLINE_CURVE_WITH_KNOTS('',3,(#3291,#3292,#3293,#3294),
 .UNSPECIFIED.,.F.,.F.,(4,4),(-0.184692236385996,1.0808411457508E-15),
 .UNSPECIFIED.);
#215=B_SPLINE_CURVE_WITH_KNOTS('',3,(#3317,#3318,#3319,#3320,#3321,#3322,
#3323,#3324,#3325,#3326,#3327,#3328,#3329,#3330,#3331,#3332,#3333,#3334,
#3335,#3336,#3337,#3338,#3339,#3340,#3341,#3342,#3343,#3344,#3345,#3346,
#3347,#3348,#3349,#3350),.UNSPECIFIED.,.F.,.F.,(4,3,3,3,3,3,3,3,3,3,3,4),
(0.,0.00443489293295888,0.00863325741880127,0.00967690612430308,0.0137617598586203,
0.0174658086118772,0.0178466135929375,0.0187949033536001,0.022761090967308,
0.0249929709388372,0.0290188218598867,0.031880784394068),.UNSPECIFIED.);
#216=B_SPLINE_CURVE_WITH_KNOTS('',3,(#3351,#3352,#3353,#3354),
 .UNSPECIFIED.,.F.,.F.,(4,4),(0.00795085526186449,0.184692236385998),
 .UNSPECIFIED.);
#217=B_SPLINE_CURVE_WITH_KNOTS('',3,(#3355,#3356,#3357,#3358),
 .UNSPECIFIED.,.F.,.F.,(4,4),(-0.184692236385998,-1.05709711817337E-16),
 .UNSPECIFIED.);
#218=B_SPLINE_CURVE_WITH_KNOTS('',3,(#3381,#3382,#3383,#3384,#3385,#3386,
#3387,#3388,#3389,#3390,#3391,#3392,#3393,#3394,#3395,#3396,#3397,#3398,
#3399,#3400,#3401,#3402,#3403,#3404,#3405,#3406,#3407,#3408,#3409,#3410,
#3411,#3412,#3413,#3414),.UNSPECIFIED.,.F.,.F.,(4,3,3,3,3,3,3,3,3,3,3,4),
(0.,0.00400600875862346,0.00684976367072147,0.0107933454764409,0.012862840556155,
0.0136842520409753,0.0174955023367812,0.0212528146671519,0.0254079545249485,
0.026226841804087,0.0306887234055718,0.0313358153554885),.UNSPECIFIED.);
#219=B_SPLINE_CURVE_WITH_KNOTS('',3,(#3415,#3416,#3417,#3418),
 .UNSPECIFIED.,.F.,.F.,(4,4),(-0.196090034843393,-0.0116621523414319),
 .UNSPECIFIED.);
#220=B_SPLINE_CURVE_WITH_KNOTS('',3,(#3419,#3420,#3421,#3422),
 .UNSPECIFIED.,.F.,.F.,(4,4),(0.0116621523414319,0.188150201428826),
 .UNSPECIFIED.);
#221=B_SPLINE_CURVE_WITH_KNOTS('',3,(#3453,#3454,#3455,#3456,#3457,#3458,
#3459),.UNSPECIFIED.,.F.,.F.,(4,1,1,1,4),(34.7193329384883,35.0291901722144,
35.3429173528852,35.656644533556,35.9664291777191),.UNSPECIFIED.);
#222=B_SPLINE_CURVE_WITH_KNOTS('',3,(#3483,#3484,#3485,#3486),
 .UNSPECIFIED.,.F.,.F.,(4,4),(-0.220534815209654,-0.0181566977127189),
 .UNSPECIFIED.);
#223=B_SPLINE_CURVE_WITH_KNOTS('',3,(#3488,#3489,#3490,#3491,#3492,#3493,
#3494,#3495,#3496,#3497,#3498,#3499,#3500),.UNSPECIFIED.,.F.,.F.,(4,3,3,
3,4),(0.,0.00217292245173446,0.00491420562236811,0.00538027092775988,0.00868024367993321),
 .UNSPECIFIED.);
#224=B_SPLINE_CURVE_WITH_KNOTS('',3,(#3502,#3503,#3504,#3505,#3506,#3507,
#3508,#3509,#3510,#3511,#3512,#3513,#3514,#3515,#3516,#3517,#3518,#3519,
#3520,#3521,#3522,#3523,#3524,#3525,#3526),.UNSPECIFIED.,.F.,.F.,(4,3,3,
3,3,3,3,3,4),(0.,0.00533029094608676,0.0108267818806768,0.0139356581851061,
0.0191669484504046,0.0235563331846614,0.0246204576772342,0.0292741734758302,
0.0314320771699353),.UNSPECIFIED.);
#225=B_SPLINE_CURVE_WITH_KNOTS('',3,(#3528,#3529,#3530,#3531),
 .UNSPECIFIED.,.F.,.F.,(4,4),(0.0281002888032309,0.228877699620335),
 .UNSPECIFIED.);
#226=B_SPLINE_CURVE_WITH_KNOTS('',3,(#3533,#3534,#3535,#3536,#3537,#3538,
#3539,#3540,#3541,#3542,#3543,#3544,#3545,#3546,#3547,#3548,#3549,#3550,
#3551,#3552,#3553,#3554,#3555,#3556,#3557,#3558,#3559,#3560,#3561,#3562,
#3563,#3564,#3565,#3566),.UNSPECIFIED.,.F.,.F.,(4,3,3,3,3,3,3,3,3,3,3,4),
(-0.0303636925832086,-0.0302182950568141,-0.0259279007738058,-0.0241933211704478,
-0.0200026923076802,-0.0182298883843738,-0.0142477970022716,-0.0126857857215028,
-0.0102692394828566,-0.00629753369213636,-0.00284352463494577,0.),
 .UNSPECIFIED.);
#227=B_SPLINE_CURVE_WITH_KNOTS('',3,(#3567,#3568,#3569,#3570),
 .UNSPECIFIED.,.F.,.F.,(4,4),(-0.220731920492329,-0.220534815209654),
 .UNSPECIFIED.);
#228=B_SPLINE_CURVE_WITH_KNOTS('',3,(#3584,#3585,#3586,#3587,#3588,#3589,
#3590,#3591,#3592,#3593,#3594,#3595,#3596,#3597,#3598,#3599,#3600,#3601,
#3602,#3603,#3604,#3605),.UNSPECIFIED.,.F.,.F.,(4,3,3,3,3,3,3,4),(-0.0209980536086701,
-0.0209008369478415,-0.0169065067097596,-0.0143568512227425,-0.0120030370192264,
-0.00781288153634876,-0.00381105040250427,0.),.UNSPECIFIED.);
#229=B_SPLINE_CURVE_WITH_KNOTS('',3,(#3606,#3607,#3608,#3609,#3610,#3611,
#3612,#3613,#3614,#3615,#3616,#3617,#3618,#3619,#3620,#3621),
 .UNSPECIFIED.,.F.,.F.,(4,2,2,2,2,2,2,4),(-0.438784589289537,-0.438589739994358,
-0.437541814531692,-0.435896539149956,-0.43093050633188,-0.416940281671967,
-0.281075033130619,-0.061174923246695),.UNSPECIFIED.);
#230=B_SPLINE_CURVE_WITH_KNOTS('',3,(#3649,#3650,#3651,#3652),
 .UNSPECIFIED.,.F.,.F.,(4,4),(-0.360618360207753,-0.0202784135843225),
 .UNSPECIFIED.);
#231=B_SPLINE_CURVE_WITH_KNOTS('',3,(#3653,#3654,#3655,#3656),
 .UNSPECIFIED.,.F.,.F.,(4,4),(0.0202784135843225,0.360708052162503),
 .UNSPECIFIED.);
#232=B_SPLINE_CURVE_WITH_KNOTS('',3,(#3693,#3694,#3695,#3696,#3697,#3698,
#3699,#3700,#3701,#3702,#3703,#3704,#3705,#3706,#3707,#3708,#3709,#3710,
#3711,#3712,#3713,#3714,#3715,#3716,#3717,#3718,#3719,#3720,#3721,#3722,
#3723,#3724,#3725,#3726),.UNSPECIFIED.,.F.,.F.,(4,3,3,3,3,3,3,3,3,3,3,4),
(0.,0.00443488014191938,0.00863320501644201,0.00967690612430328,0.0137617598586199,
0.0174657649692503,0.0178466135929365,0.0187949033535994,0.0227611188182983,
0.0249929709388542,0.0290188245077239,0.0318807843941035),.UNSPECIFIED.);
#233=B_SPLINE_CURVE_WITH_KNOTS('',3,(#3727,#3728,#3729,#3730),
 .UNSPECIFIED.,.F.,.F.,(4,4),(0.0079508552618667,0.184692236386),
 .UNSPECIFIED.);
#234=B_SPLINE_CURVE_WITH_KNOTS('',3,(#3731,#3732,#3733,#3734),
 .UNSPECIFIED.,.F.,.F.,(4,4),(-0.184692236386,8.23993651088983E-16),
 .UNSPECIFIED.);
#235=B_SPLINE_CURVE_WITH_KNOTS('',3,(#3768,#3769,#3770,#3771,#3772,#3773),
 .UNSPECIFIED.,.F.,.F.,(4,1,1,4),(-5.75387983514094,-4.12240375560011,-2.49092767605928,
-0.043713556748031),.UNSPECIFIED.);
#236=B_SPLINE_CURVE_WITH_KNOTS('',3,(#3774,#3775,#3776,#3777,#3778,#3779),
 .UNSPECIFIED.,.F.,.F.,(4,1,1,4),(0.043713556748031,2.49092767605928,4.12240375560011,
5.75387983514094),.UNSPECIFIED.);
#237=B_SPLINE_CURVE_WITH_KNOTS('',3,(#3805,#3806,#3807,#3808,#3809,#3810,
#3811,#3812,#3813,#3814,#3815,#3816,#3817,#3818,#3819,#3820,#3821,#3822,
#3823,#3824,#3825,#3826,#3827,#3828,#3829,#3830,#3831,#3832,#3833,#3834,
#3835,#3836,#3837,#3838),.UNSPECIFIED.,.F.,.F.,(4,3,3,3,3,3,3,3,3,3,3,4),
(0.,0.00400600920924545,0.00684976367073187,0.010793347815961,0.0128628405561748,
0.0136842520409953,0.01749549873325,0.0212528146671675,0.0254079511062571,
0.0262268418040945,0.0306887215897246,0.0313358153554834),.UNSPECIFIED.);
#238=B_SPLINE_CURVE_WITH_KNOTS('',3,(#3839,#3840,#3841,#3842),
 .UNSPECIFIED.,.F.,.F.,(4,4),(-0.196090034843395,-0.0116621523414333),
 .UNSPECIFIED.);
#239=B_SPLINE_CURVE_WITH_KNOTS('',3,(#3843,#3844,#3845,#3846),
 .UNSPECIFIED.,.F.,.F.,(4,4),(0.0116621523414333,0.188150201428829),
 .UNSPECIFIED.);
#240=B_SPLINE_CURVE_WITH_KNOTS('',3,(#3868,#3869,#3870,#3871),
 .UNSPECIFIED.,.F.,.F.,(4,4),(-0.0240454237108508,-0.011662152344695),
 .UNSPECIFIED.);
#241=B_SPLINE_CURVE_WITH_KNOTS('',3,(#3873,#3874,#3875,#3876),
 .UNSPECIFIED.,.F.,.F.,(4,4),(0.011662152344695,0.0187873804880089),
 .UNSPECIFIED.);
#242=B_SPLINE_CURVE_WITH_KNOTS('',3,(#3877,#3878,#3879,#3880,#3881,#3882,
#3883,#3884,#3885,#3886,#3887,#3888,#3889,#3890,#3891,#3892,#3893,#3894,
#3895,#3896,#3897,#3898,#3899,#3900,#3901,#3902,#3903,#3904,#3905,#3906,
#3907),.UNSPECIFIED.,.F.,.F.,(4,3,3,3,3,3,3,3,3,3,4),(-0.000141949136697597,
0.,0.00412461094398038,0.00738161820909369,0.0114477417570213,0.0147128661401422,
0.0172610534381284,0.0212904203207773,0.0224812535363351,0.0264678441947954,
0.0300749199196454),.UNSPECIFIED.);
#243=B_SPLINE_CURVE_WITH_KNOTS('',3,(#3912,#3913,#3914,#3915,#3916,#3917),
 .UNSPECIFIED.,.F.,.F.,(4,2,4),(-0.0310768171458913,-0.0305791959407239,
-0.0288772840705211),.UNSPECIFIED.);
#244=B_SPLINE_CURVE_WITH_KNOTS('',3,(#3922,#3923,#3924,#3925,#3926,#3927,
#3928,#3929,#3930,#3931,#3932,#3933,#3934,#3935,#3936,#3937,#3938,#3939,
#3940,#3941,#3942,#3943),.UNSPECIFIED.,.F.,.F.,(4,3,3,3,3,3,3,4),(-0.0367098066448086,
-0.0366823901571525,-0.036535792936345,-0.0364268929982426,-0.0363256651829758,
-0.0361873308831847,-0.0358420629231307,-0.0343972422567949),
 .UNSPECIFIED.);
#245=B_SPLINE_CURVE_WITH_KNOTS('',3,(#3947,#3948,#3949,#3950,#3951,#3952,
#3953,#3954,#3955,#3956,#3957,#3958,#3959,#3960,#3961,#3962,#3963,#3964,
#3965,#3966,#3967,#3968,#3969,#3970,#3971,#3972,#3973,#3974,#3975,#3976,
#3977),.UNSPECIFIED.,.F.,.F.,(4,3,3,3,3,3,3,3,3,3,4),(-0.000145750240883193,
0.,0.00430152957207857,0.00768238443587544,0.011785286417106,0.0152470484021405,
0.0175790895908072,0.0216031008414254,0.0229842576575148,0.0269316776304682,
0.0303129177429759),.UNSPECIFIED.);
#246=B_SPLINE_CURVE_WITH_KNOTS('',3,(#3978,#3979,#3980,#3981,#3982,#3983),
 .UNSPECIFIED.,.F.,.F.,(4,2,4),(-0.1186680050275,-0.116966093133355,-0.116468471928188),
 .UNSPECIFIED.);
#247=B_SPLINE_CURVE_WITH_KNOTS('',3,(#4006,#4007,#4008,#4009),
 .UNSPECIFIED.,.F.,.F.,(4,4),(-0.282016236331734,-0.279474730663432),
 .UNSPECIFIED.);
#248=B_SPLINE_CURVE_WITH_KNOTS('',3,(#4010,#4011,#4012,#4013),
 .UNSPECIFIED.,.F.,.F.,(4,4),(0.279277624597356,0.279474730663432),
 .UNSPECIFIED.);
#249=B_SPLINE_CURVE_WITH_KNOTS('',3,(#4015,#4016,#4017,#4018),
 .UNSPECIFIED.,.F.,.F.,(4,4),(0.271131845866268,0.279397891985567),
 .UNSPECIFIED.);
#250=B_SPLINE_CURVE_WITH_KNOTS('',3,(#4019,#4020,#4021,#4022,#4023,#4024,
#4025,#4026,#4027,#4028,#4029,#4030,#4031,#4032,#4033,#4034,#4035,#4036,
#4037,#4038,#4039,#4040,#4041,#4042,#4043,#4044,#4045,#4046,#4047,#4048,
#4049),.UNSPECIFIED.,.F.,.F.,(4,3,3,3,3,3,3,3,3,3,4),(-0.0292738598083481,
-0.0291354346629785,-0.0251152989164304,-0.0223419710666543,-0.0183085608167075,
-0.0155596845563827,-0.0125174226105164,-0.00850694307392813,-0.007755370152902,
-0.00375768704168249,0.),.UNSPECIFIED.);
#251=B_SPLINE_CURVE_WITH_KNOTS('',3,(#4071,#4072,#4073,#4074),
 .UNSPECIFIED.,.F.,.F.,(4,4),(0.397695313661668,0.555300456520202),
 .UNSPECIFIED.);
#252=B_SPLINE_CURVE_WITH_KNOTS('',3,(#4076,#4077,#4078,#4079,#4080,#4081,
#4082,#4083,#4084,#4085,#4086,#4087,#4088,#4089,#4090,#4091,#4092,#4093,
#4094,#4095,#4096,#4097,#4098,#4099,#4100,#4101,#4102,#4103,#4104,#4105,
#4106,#4107,#4108,#4109),.UNSPECIFIED.,.F.,.F.,(4,3,3,3,3,3,3,3,3,3,3,4),
(0.,0.00400601334460049,0.00684966273558321,0.0107932742101559,0.0128628404942417,
0.0136842789424838,0.0174954912347683,0.0212532021204503,0.0254083111403995,
0.0262268944437974,0.0306887481813407,0.0313358144392451),.UNSPECIFIED.);
#253=B_SPLINE_CURVE_WITH_KNOTS('',3,(#4111,#4112,#4113,#4114),
 .UNSPECIFIED.,.F.,.F.,(4,4),(-0.563240289945519,-0.3950442230506),
 .UNSPECIFIED.);
#254=B_SPLINE_CURVE_WITH_KNOTS('',3,(#4115,#4116,#4117,#4118),
 .UNSPECIFIED.,.F.,.F.,(4,4),(0.,0.000518207866214756),.UNSPECIFIED.);
#255=B_SPLINE_CURVE_WITH_KNOTS('',3,(#4135,#4136,#4137,#4138),
 .UNSPECIFIED.,.F.,.F.,(4,4),(1.11890759091777,1.16006264430262),
 .UNSPECIFIED.);
#256=B_SPLINE_CURVE_WITH_KNOTS('',3,(#4142,#4143,#4144,#4145,#4146,#4147,
#4148,#4149,#4150,#4151,#4152,#4153,#4154,#4155,#4156,#4157,#4158,#4159,
#4160,#4161,#4162,#4163,#4164,#4165,#4166,#4167,#4168,#4169,#4170,#4171,
#4172,#4173,#4174,#4175,#4176,#4177,#4178,#4179,#4180,#4181,#4182,#4183,
#4184,#4185,#4186,#4187,#4188,#4189,#4190,#4191,#4192,#4193,#4194,#4195,
#4196,#4197,#4198,#4199,#4200,#4201,#4202,#4203,#4204,#4205,#4206,#4207,
#4208,#4209,#4210,#4211,#4212,#4213,#4214,#4215,#4216,#4217,#4218,#4219,
#4220,#4221,#4222,#4223,#4224,#4225,#4226,#4227,#4228,#4229,#4230,#4231,
#4232,#4233,#4234,#4235,#4236,#4237,#4238,#4239,#4240,#4241,#4242,#4243,
#4244),.UNSPECIFIED.,.F.,.F.,(4,3,3,3,3,3,3,3,3,3,3,3,3,3,3,3,3,3,3,3,3,
3,3,3,3,3,3,3,3,3,3,3,3,3,4),(-22.2925880376524,-22.0564669871526,-21.819367100288,
-21.5819378270804,-21.3457451910045,-21.107697599231,-21.069379515651,-21.0541199937555,
-20.8696500074576,-20.6339308238559,-20.3964102452815,-20.1456337240005,
-19.9067654401125,-19.668591894465,-19.4322990620586,-19.3933041601576,
-19.3003922014503,-19.256711023276,-19.2359341531742,-19.2165410256818,
-18.9802305730986,-18.7418359727853,-18.5015197254416,-18.2608709888375,
-18.0208558372067,-17.9067128208423,-17.6663746628435,-17.5116357685768,
-17.4439375023351,-17.4009712875891,-17.3753960120066,-17.1353302987658,
-16.8939773544877,-16.651716428435,-16.4284635087099),.UNSPECIFIED.);
#257=B_SPLINE_CURVE_WITH_KNOTS('',3,(#4273,#4274,#4275,#4276,#4277,#4278,
#4279,#4280,#4281,#4282,#4283,#4284,#4285),.UNSPECIFIED.,.F.,.F.,(4,3,3,
3,4),(-40.6803689902887,-40.3690335139407,-40.0553063332699,-39.7415791525991,
-39.431721918873),.UNSPECIFIED.);
#258=B_SPLINE_CURVE_WITH_KNOTS('',3,(#4323,#4324,#4325,#4326,#4327,#4328,
#4329,#4330,#4331,#4332,#4333,#4334,#4335,#4336,#4337,#4338,#4339,#4340,
#4341,#4342,#4343,#4344,#4345,#4346,#4347,#4348,#4349,#4350,#4351,#4352,
#4353,#4354,#4355,#4356),.UNSPECIFIED.,.F.,.F.,(4,3,3,3,3,3,3,3,3,3,3,4),
(0.,0.00443487859389211,0.00863319867458238,0.009676906124305,0.0137617598586222,
0.0174657596875381,0.0178466135929395,0.0187949033536016,0.0227611221893649,
0.0249929709388316,0.0290188248285969,0.0318807843940607),.UNSPECIFIED.);
#259=B_SPLINE_CURVE_WITH_KNOTS('',3,(#4357,#4358,#4359,#4360),
 .UNSPECIFIED.,.F.,.F.,(4,4),(0.00795085526186115,0.184692236385996),
 .UNSPECIFIED.);
#260=B_SPLINE_CURVE_WITH_KNOTS('',3,(#4361,#4362,#4363,#4364),
 .UNSPECIFIED.,.F.,.F.,(4,4),(-0.184692236385996,-7.26686506108409E-16),
 .UNSPECIFIED.);
#261=B_SPLINE_CURVE_WITH_KNOTS('',3,(#4394,#4395,#4396,#4397,#4398,#4399,
#4400,#4401,#4402,#4403,#4404,#4405,#4406,#4407,#4408,#4409,#4410,#4411,
#4412,#4413,#4414,#4415,#4416,#4417,#4418,#4419,#4420,#4421,#4422,#4423,
#4424,#4425,#4426,#4427),.UNSPECIFIED.,.F.,.F.,(4,3,3,3,3,3,3,3,3,3,3,4),
(0.,0.0044348970277856,0.00863327419481221,0.00967690612430728,0.0137617598586229,
0.0174658225836651,0.0178466135929384,0.0187949033536013,0.0227610820510427,
0.0249929709388748,0.0290188210112478,0.0318807843941393),.UNSPECIFIED.);
#262=B_SPLINE_CURVE_WITH_KNOTS('',3,(#4428,#4429,#4430,#4431),
 .UNSPECIFIED.,.F.,.F.,(4,4),(0.00795085526186702,0.184692236385999),
 .UNSPECIFIED.);
#263=B_SPLINE_CURVE_WITH_KNOTS('',3,(#4432,#4433,#4434,#4435),
 .UNSPECIFIED.,.F.,.F.,(4,4),(-0.184692236385999,9.71499356655636E-16),
 .UNSPECIFIED.);
#264=B_SPLINE_CURVE_WITH_KNOTS('',3,(#4476,#4477,#4478,#4479,#4480,#4481),
 .UNSPECIFIED.,.F.,.F.,(4,1,1,4),(-5.7538798351409,-4.12240375560007,-2.49092767605925,
-0.0437135567480009),.UNSPECIFIED.);
#265=B_SPLINE_CURVE_WITH_KNOTS('',3,(#4482,#4483,#4484,#4485,#4486,#4487),
 .UNSPECIFIED.,.F.,.F.,(4,1,1,4),(0.0437135567480009,2.49092767605925,4.12240375560007,
5.7538798351409),.UNSPECIFIED.);
#266=B_SPLINE_CURVE_WITH_KNOTS('',3,(#4513,#4514,#4515,#4516,#4517,#4518,
#4519,#4520,#4521,#4522,#4523,#4524,#4525,#4526,#4527,#4528,#4529,#4530,
#4531,#4532,#4533,#4534,#4535,#4536,#4537,#4538,#4539,#4540,#4541,#4542,
#4543,#4544,#4545,#4546),.UNSPECIFIED.,.F.,.F.,(4,3,3,3,3,3,3,3,3,3,3,4),
(0.,0.0040060020202898,0.0068497636707161,0.010793310499305,0.0128628405561356,
0.0136842520409492,0.0174955562110646,0.0212528146670705,0.0254080056347085,
0.0262268418039654,0.0306887505516678,0.0313358153553166),.UNSPECIFIED.);
#267=B_SPLINE_CURVE_WITH_KNOTS('',3,(#4547,#4548,#4549,#4550),
 .UNSPECIFIED.,.F.,.F.,(4,4),(-0.196090034843391,-0.0116621523414343),
 .UNSPECIFIED.);
#268=B_SPLINE_CURVE_WITH_KNOTS('',3,(#4551,#4552,#4553,#4554),
 .UNSPECIFIED.,.F.,.F.,(4,4),(0.0116621523414343,0.188150201428827),
 .UNSPECIFIED.);
#269=B_SPLINE_CURVE_WITH_KNOTS('',3,(#4585,#4586,#4587,#4588,#4589,#4590),
 .UNSPECIFIED.,.F.,.F.,(4,1,1,4),(-5.75387983514092,-3.30666571582967,-1.67518963628884,
-0.0437135567480148),.UNSPECIFIED.);
#270=B_SPLINE_CURVE_WITH_KNOTS('',3,(#4591,#4592,#4593,#4594,#4595,#4596),
 .UNSPECIFIED.,.F.,.F.,(4,1,1,4),(0.0437135567480148,1.67518963628884,3.30666571582967,
5.75387983514092),.UNSPECIFIED.);
#271=B_SPLINE_CURVE_WITH_KNOTS('',3,(#4619,#4620,#4621,#4622,#4623,#4624,
#4625,#4626,#4627,#4628,#4629,#4630,#4631,#4632,#4633,#4634,#4635,#4636,
#4637,#4638,#4639,#4640,#4641,#4642,#4643,#4644,#4645,#4646,#4647,#4648,
#4649,#4650,#4651,#4652),.UNSPECIFIED.,.F.,.F.,(4,3,3,3,3,3,3,3,3,3,3,4),
(0.,0.00400600691525656,0.00684976367070947,0.0107933359070383,0.0128628405561249,
0.0136842520409417,0.0174955170757254,0.0212528146670834,0.0254079685077854,
0.0262268418039927,0.030688730832201,0.0313358153553725),.UNSPECIFIED.);
#272=B_SPLINE_CURVE_WITH_KNOTS('',3,(#4653,#4654,#4655,#4656),
 .UNSPECIFIED.,.F.,.F.,(4,4),(-0.196090034843398,-0.0116621523414369),
 .UNSPECIFIED.);
#273=B_SPLINE_CURVE_WITH_KNOTS('',3,(#4657,#4658,#4659,#4660),
 .UNSPECIFIED.,.F.,.F.,(4,4),(0.0116621523414369,0.188150201428829),
 .UNSPECIFIED.);
#274=B_SPLINE_CURVE_WITH_KNOTS('',3,(#4691,#4692,#4693,#4694,#4695,#4696,
#4697),.UNSPECIFIED.,.F.,.F.,(4,1,1,1,4),(33.1485366116934,33.4583938454195,
33.7721210260903,34.0858482067611,34.3956328509242),.UNSPECIFIED.);
#275=B_SPLINE_CURVE_WITH_KNOTS('',3,(#4709,#4710,#4711,#4712,#4713,#4714,
#4715),.UNSPECIFIED.,.F.,.F.,(4,1,1,1,4),(31.5778128744614,31.8875975186246,
32.2013246992954,32.5150518799662,32.8249091136922),.UNSPECIFIED.);
#276=B_SPLINE_CURVE_WITH_KNOTS('',3,(#4718,#4719,#4720,#4721,#4722,#4723,
#4724),.UNSPECIFIED.,.F.,.F.,(4,1,1,1,4),(30.0070165476665,30.3168011918297,
30.6305283725005,30.9442555531713,31.2541127868973),.UNSPECIFIED.);
#277=B_SPLINE_CURVE_WITH_KNOTS('',3,(#4726,#4727,#4728,#4729,#4730,#4731,
#4732),.UNSPECIFIED.,.F.,.F.,(4,1,1,1,4),(33.1486092012563,33.4583938454195,
33.7721210260903,34.0858482067611,34.3957054404871),.UNSPECIFIED.);
#278=B_SPLINE_CURVE_WITH_KNOTS('',3,(#4735,#4736,#4737,#4738,#4739,#4740,
#4741),.UNSPECIFIED.,.F.,.F.,(4,1,1,1,4),(28.4362202208716,28.7460048650348,
29.0597320457056,29.3734592263764,29.6833164601024),.UNSPECIFIED.);
#279=B_SPLINE_CURVE_WITH_KNOTS('',3,(#4743,#4744,#4745,#4746,#4747,#4748,
#4749),.UNSPECIFIED.,.F.,.F.,(4,1,1,1,4),(26.8654238940767,27.1752085382399,
27.4889357189107,27.8026628995815,28.1125201333075),.UNSPECIFIED.);
#280=B_SPLINE_CURVE_WITH_KNOTS('',3,(#4866,#4867,#4868,#4869,#4870,#4871,
#4872,#4873,#4874,#4875,#4876,#4877,#4878),.UNSPECIFIED.,.F.,.F.,(4,1,1,
1,1,1,1,1,1,1,4),(-1.5707963267949,-1.12199737628207,-0.673198425769241,
-0.373999125427356,-0.0747998250854712,0.224399475256414,0.523598775598299,
0.822798075940184,1.12199737628207,1.42119667662395,1.57080456828577),
 .UNSPECIFIED.);
#281=B_SPLINE_CURVE_WITH_KNOTS('',3,(#4879,#4880,#4881,#4882,#4883,#4884,
#4885,#4886,#4887,#4888,#4889,#4890,#4891,#4892),.UNSPECIFIED.,.F.,.F.,
(4,1,1,1,1,1,1,1,1,1,1,4),(1.57080456828577,1.72039597696584,2.01959527730772,
2.31879457764961,2.61799387799149,2.91719317833338,3.06679282850432,3.21639247867526,
3.51559177901715,3.81479107935903,4.26359002987186,4.71238898038469),
 .UNSPECIFIED.);
#282=B_SPLINE_CURVE_WITH_KNOTS('',3,(#4893,#4894,#4895,#4896,#4897,#4898,
#4899,#4900,#4901,#4902,#4903,#4904,#4905,#4906,#4907,#4908,#4909,#4910,
#4911,#4912,#4913,#4914,#4915),.UNSPECIFIED.,.T.,.F.,(4,1,1,1,1,1,1,1,1,
1,1,1,1,1,1,1,1,1,1,1,4),(-4.71238898038469,-4.26359002987186,-3.81479107935903,
-3.51559177901715,-3.21639247867526,-3.06679282850432,-2.91719317833338,
-2.61799387799149,-2.31879457764961,-2.01959527730772,-1.72039597696584,
-1.42119667662395,-1.12199737628207,-0.822798075940184,-0.523598775598299,
-0.224399475256414,0.0747998250854712,0.373999125427356,0.673198425769241,
1.12199737628207,1.5707963267949),.UNSPECIFIED.);
#283=B_SPLINE_SURFACE_WITH_KNOTS('',3,3,((#2233,#2234,#2235,#2236),(#2237,
#2238,#2239,#2240),(#2241,#2242,#2243,#2244),(#2245,#2246,#2247,#2248),
(#2249,#2250,#2251,#2252)),.UNSPECIFIED.,.F.,.F.,.F.,(4,1,4),(4,4),(0.,
0.571428571428571,1.),(-0.000435483730656896,0.184692236386),
 .UNSPECIFIED.);
#284=B_SPLINE_SURFACE_WITH_KNOTS('',3,3,((#2307,#2308,#2309,#2310),(#2311,
#2312,#2313,#2314),(#2315,#2316,#2317,#2318),(#2319,#2320,#2321,#2322),
(#2323,#2324,#2325,#2326)),.UNSPECIFIED.,.F.,.F.,.F.,(4,1,4),(4,4),(0.,
0.571428571428571,1.),(-0.0004354837306591,0.184692236385997),
 .UNSPECIFIED.);
#285=B_SPLINE_SURFACE_WITH_KNOTS('',3,3,((#2378,#2379,#2380,#2381,#2382,
#2383),(#2384,#2385,#2386,#2387,#2388,#2389),(#2390,#2391,#2392,#2393,#2394,
#2395),(#2396,#2397,#2398,#2399,#2400,#2401),(#2402,#2403,#2404,#2405,#2406,
#2407)),.UNSPECIFIED.,.F.,.F.,.F.,(4,1,4),(4,1,1,4),(0.,0.571428571428571,
1.),(0.0437135567480157,1.67518963628884,3.30666571582967,5.75387983514092),
 .UNSPECIFIED.);
#286=B_SPLINE_SURFACE_WITH_KNOTS('',3,3,((#2423,#2424,#2425,#2426),(#2427,
#2428,#2429,#2430),(#2431,#2432,#2433,#2434),(#2435,#2436,#2437,#2438),
(#2439,#2440,#2441,#2442)),.UNSPECIFIED.,.F.,.F.,.F.,(4,1,4),(4,4),(0.,
0.571428571428571,1.),(0.0116621523414323,0.196480297638945),
 .UNSPECIFIED.);
#287=B_SPLINE_SURFACE_WITH_KNOTS('',3,3,((#2487,#2488,#2489,#2490,#2491,
#2492),(#2493,#2494,#2495,#2496,#2497,#2498),(#2499,#2500,#2501,#2502,#2503,
#2504),(#2505,#2506,#2507,#2508,#2509,#2510),(#2511,#2512,#2513,#2514,#2515,
#2516)),.UNSPECIFIED.,.F.,.F.,.F.,(4,1,4),(4,1,1,4),(0.,0.571428571428571,
1.),(0.0437135567480325,1.67518963628886,3.30666571582969,5.75387983514094),
 .UNSPECIFIED.);
#288=B_SPLINE_SURFACE_WITH_KNOTS('',3,3,((#2529,#2530,#2531,#2532),(#2533,
#2534,#2535,#2536),(#2537,#2538,#2539,#2540),(#2541,#2542,#2543,#2544),
(#2545,#2546,#2547,#2548)),.UNSPECIFIED.,.F.,.F.,.F.,(4,1,4),(4,4),(0.,
0.571428571428571,1.),(0.0116621523414342,0.196480297638944),
 .UNSPECIFIED.);
#289=B_SPLINE_SURFACE_WITH_KNOTS('',3,3,((#2595,#2596,#2597,#2598,#2599,
#2600,#2601),(#2602,#2603,#2604,#2605,#2606,#2607,#2608),(#2609,#2610,#2611,
#2612,#2613,#2614,#2615),(#2616,#2617,#2618,#2619,#2620,#2621,#2622)),
 .UNSPECIFIED.,.F.,.F.,.F.,(4,4),(4,1,1,1,4),(0.,0.182678938251997),(36.2862593183384,
36.5999864990093,36.9137136796801,37.2274408603509,37.5411680410217),
 .UNSPECIFIED.);
#290=B_SPLINE_SURFACE_WITH_KNOTS('',3,3,((#2645,#2646,#2647,#2648),(#2649,
#2650,#2651,#2652),(#2653,#2654,#2655,#2656),(#2657,#2658,#2659,#2660),
(#2661,#2662,#2663,#2664)),.UNSPECIFIED.,.F.,.F.,.F.,(4,1,4),(4,4),(0.,
0.571428571428571,1.),(-0.000435483730659003,0.184692236385998),
 .UNSPECIFIED.);
#291=B_SPLINE_SURFACE_WITH_KNOTS('',3,3,((#2726,#2727,#2728,#2729,#2730,
#2731),(#2732,#2733,#2734,#2735,#2736,#2737),(#2738,#2739,#2740,#2741,#2742,
#2743),(#2744,#2745,#2746,#2747,#2748,#2749),(#2750,#2751,#2752,#2753,#2754,
#2755)),.UNSPECIFIED.,.F.,.F.,.F.,(4,1,4),(4,1,1,4),(0.,0.571428571428571,
1.),(0.0437135567480228,1.67518963628885,3.30666571582968,5.75387983514093),
 .UNSPECIFIED.);
#292=B_SPLINE_SURFACE_WITH_KNOTS('',3,3,((#2771,#2772,#2773,#2774),(#2775,
#2776,#2777,#2778),(#2779,#2780,#2781,#2782),(#2783,#2784,#2785,#2786),
(#2787,#2788,#2789,#2790)),.UNSPECIFIED.,.F.,.F.,.F.,(4,1,4),(4,4),(0.,
0.571428571428571,1.),(0.0116621523414351,0.196480297638947),
 .UNSPECIFIED.);
#293=B_SPLINE_SURFACE_WITH_KNOTS('',3,3,((#2835,#2836,#2837,#2838,#2839,
#2840),(#2841,#2842,#2843,#2844,#2845,#2846),(#2847,#2848,#2849,#2850,#2851,
#2852),(#2853,#2854,#2855,#2856,#2857,#2858),(#2859,#2860,#2861,#2862,#2863,
#2864)),.UNSPECIFIED.,.F.,.F.,.F.,(4,1,4),(4,1,1,4),(0.,0.571428571428571,
1.),(0.0437135567480606,2.4909276760593,4.12240375560013,5.75387983514096),
 .UNSPECIFIED.);
#294=B_SPLINE_SURFACE_WITH_KNOTS('',3,3,((#2877,#2878,#2879,#2880),(#2881,
#2882,#2883,#2884),(#2885,#2886,#2887,#2888),(#2889,#2890,#2891,#2892),
(#2893,#2894,#2895,#2896)),.UNSPECIFIED.,.F.,.F.,.F.,(4,1,4),(4,4),(0.,
0.571428571428571,1.),(-0.000434908592267824,0.184692811524393),
 .UNSPECIFIED.);
#295=B_SPLINE_SURFACE_WITH_KNOTS('',3,3,((#2941,#2942,#2943,#2944),(#2945,
#2946,#2947,#2948),(#2949,#2950,#2951,#2952),(#2953,#2954,#2955,#2956),
(#2957,#2958,#2959,#2960)),.UNSPECIFIED.,.F.,.F.,.F.,(4,1,4),(4,4),(0.,
0.571428571428571,1.),(0.0116621523414359,0.196480297638943),
 .UNSPECIFIED.);
#296=B_SPLINE_SURFACE_WITH_KNOTS('',3,3,((#3007,#3008,#3009,#3010,#3011,
#3012,#3013),(#3014,#3015,#3016,#3017,#3018,#3019,#3020),(#3021,#3022,#3023,
#3024,#3025,#3026,#3027),(#3028,#3029,#3030,#3031,#3032,#3033,#3034)),
 .UNSPECIFIED.,.F.,.F.,.F.,(4,4),(4,1,1,1,4),(-5.69078558025279E-7,0.182678938251998),
(37.8570556451333,38.1707828258042,38.484510006475,38.7982371871458,39.1119643678166),
 .UNSPECIFIED.);
#297=B_SPLINE_SURFACE_WITH_KNOTS('',3,3,((#3080,#3081,#3082,#3083,#3084,
#3085),(#3086,#3087,#3088,#3089,#3090,#3091),(#3092,#3093,#3094,#3095,#3096,
#3097),(#3098,#3099,#3100,#3101,#3102,#3103),(#3104,#3105,#3106,#3107,#3108,
#3109)),.UNSPECIFIED.,.F.,.F.,.F.,(4,1,4),(4,1,1,4),(0.,0.571428571428571,
1.),(0.0437135567480401,2.49092767605929,4.12240375560012,5.75387983514095),
 .UNSPECIFIED.);
#298=B_SPLINE_SURFACE_WITH_KNOTS('',3,3,((#3125,#3126,#3127,#3128),(#3129,
#3130,#3131,#3132),(#3133,#3134,#3135,#3136),(#3137,#3138,#3139,#3140),
(#3141,#3142,#3143,#3144)),.UNSPECIFIED.,.F.,.F.,.F.,(4,1,4),(4,4),(0.,
0.571428571428571,1.),(0.0116621523414361,0.196480297638946),
 .UNSPECIFIED.);
#299=B_SPLINE_SURFACE_WITH_KNOTS('',3,3,((#3189,#3190,#3191,#3192,#3193,
#3194),(#3195,#3196,#3197,#3198,#3199,#3200),(#3201,#3202,#3203,#3204,#3205,
#3206),(#3207,#3208,#3209,#3210,#3211,#3212),(#3213,#3214,#3215,#3216,#3217,
#3218)),.UNSPECIFIED.,.F.,.F.,.F.,(4,1,4),(4,1,1,4),(0.,0.571428571428571,
1.),(0.0437135567480063,2.49092767605925,4.12240375560008,5.75387983514092),
 .UNSPECIFIED.);
#300=B_SPLINE_SURFACE_WITH_KNOTS('',3,3,((#3231,#3232,#3233,#3234),(#3235,
#3236,#3237,#3238),(#3239,#3240,#3241,#3242),(#3243,#3244,#3245,#3246),
(#3247,#3248,#3249,#3250)),.UNSPECIFIED.,.F.,.F.,.F.,(4,1,4),(4,4),(0.,
0.571428571428571,1.),(-0.000435483730661063,0.184692236385996),
 .UNSPECIFIED.);
#301=B_SPLINE_SURFACE_WITH_KNOTS('',3,3,((#3295,#3296,#3297,#3298),(#3299,
#3300,#3301,#3302),(#3303,#3304,#3305,#3306),(#3307,#3308,#3309,#3310),
(#3311,#3312,#3313,#3314)),.UNSPECIFIED.,.F.,.F.,.F.,(4,1,4),(4,4),(0.,
0.571428571428571,1.),(-0.000435483730659883,0.184692236385998),
 .UNSPECIFIED.);
#302=B_SPLINE_SURFACE_WITH_KNOTS('',3,3,((#3359,#3360,#3361,#3362),(#3363,
#3364,#3365,#3366),(#3367,#3368,#3369,#3370),(#3371,#3372,#3373,#3374),
(#3375,#3376,#3377,#3378)),.UNSPECIFIED.,.F.,.F.,.F.,(4,1,4),(4,4),(0.,
0.571428571428571,1.),(0.0116621523414319,0.196480297638943),
 .UNSPECIFIED.);
#303=B_SPLINE_SURFACE_WITH_KNOTS('',3,3,((#3425,#3426,#3427,#3428,#3429,
#3430,#3431),(#3432,#3433,#3434,#3435,#3436,#3437,#3438),(#3439,#3440,#3441,
#3442,#3443,#3444,#3445),(#3446,#3447,#3448,#3449,#3450,#3451,#3452)),
 .UNSPECIFIED.,.F.,.F.,.F.,(4,4),(4,1,1,1,4),(0.,0.182678938251997),(34.7154629915436,
35.0291901722144,35.3429173528852,35.656644533556,35.9703717142268),
 .UNSPECIFIED.);
#304=B_SPLINE_SURFACE_WITH_KNOTS('',3,3,((#3461,#3462,#3463,#3464),(#3465,
#3466,#3467,#3468),(#3469,#3470,#3471,#3472),(#3473,#3474,#3475,#3476),
(#3477,#3478,#3479,#3480)),.UNSPECIFIED.,.F.,.F.,.F.,(4,1,4),(4,4),(0.,
0.571428571428571,1.),(0.0128850631444473,0.228877699620335),
 .UNSPECIFIED.);
#305=B_SPLINE_SURFACE_WITH_KNOTS('',3,3,((#3629,#3630,#3631,#3632),(#3633,
#3634,#3635,#3636),(#3637,#3638,#3639,#3640),(#3641,#3642,#3643,#3644),
(#3645,#3646,#3647,#3648)),.UNSPECIFIED.,.F.,.F.,.F.,(4,1,4),(4,4),(0.,
0.571428571428571,1.),(0.0202784135843225,0.360708052162503),
 .UNSPECIFIED.);
#306=B_SPLINE_SURFACE_WITH_KNOTS('',3,3,((#3671,#3672,#3673,#3674),(#3675,
#3676,#3677,#3678),(#3679,#3680,#3681,#3682),(#3683,#3684,#3685,#3686),
(#3687,#3688,#3689,#3690)),.UNSPECIFIED.,.F.,.F.,.F.,(4,1,4),(4,4),(0.,
0.571428571428571,1.),(-0.000435483730655834,0.184692236386),
 .UNSPECIFIED.);
#307=B_SPLINE_SURFACE_WITH_KNOTS('',3,3,((#3738,#3739,#3740,#3741,#3742,
#3743),(#3744,#3745,#3746,#3747,#3748,#3749),(#3750,#3751,#3752,#3753,#3754,
#3755),(#3756,#3757,#3758,#3759,#3760,#3761),(#3762,#3763,#3764,#3765,#3766,
#3767)),.UNSPECIFIED.,.F.,.F.,.F.,(4,1,4),(4,1,1,4),(0.,0.571428571428571,
1.),(0.043713556748031,2.49092767605928,4.12240375560011,5.75387983514094),
 .UNSPECIFIED.);
#308=B_SPLINE_SURFACE_WITH_KNOTS('',3,3,((#3783,#3784,#3785,#3786),(#3787,
#3788,#3789,#3790),(#3791,#3792,#3793,#3794),(#3795,#3796,#3797,#3798),
(#3799,#3800,#3801,#3802)),.UNSPECIFIED.,.F.,.F.,.F.,(4,1,4),(4,4),(0.,
0.571428571428571,1.),(0.0116621523414333,0.196480297638944),
 .UNSPECIFIED.);
#309=B_SPLINE_SURFACE_WITH_KNOTS('',3,3,((#3847,#3848,#3849,#3850),(#3851,
#3852,#3853,#3854),(#3855,#3856,#3857,#3858),(#3859,#3860,#3861,#3862),
(#3863,#3864,#3865,#3866)),.UNSPECIFIED.,.F.,.F.,.F.,(4,1,4),(4,4),(0.,
0.571428571428571,1.),(0.011662152344695,0.0240454237108508),
 .UNSPECIFIED.);
#310=B_SPLINE_SURFACE_WITH_KNOTS('',3,3,((#3984,#3985,#3986,#3987),(#3988,
#3989,#3990,#3991),(#3992,#3993,#3994,#3995),(#3996,#3997,#3998,#3999),
(#4000,#4001,#4002,#4003)),.UNSPECIFIED.,.F.,.F.,.F.,(4,1,4),(4,4),(0.,
0.571428571428571,1.),(0.271131845866268,0.282016236331734),
 .UNSPECIFIED.);
#311=B_SPLINE_SURFACE_WITH_KNOTS('',3,3,((#4050,#4051,#4052,#4053),(#4054,
#4055,#4056,#4057),(#4058,#4059,#4060,#4061),(#4062,#4063,#4064,#4065),
(#4066,#4067,#4068,#4069)),.UNSPECIFIED.,.F.,.F.,.F.,(4,1,4),(4,4),(0.,
0.571428571428571,1.),(0.3950442230506,0.563630550413107),.UNSPECIFIED.);
#312=B_SPLINE_SURFACE_WITH_KNOTS('',3,3,((#4119,#4120,#4121,#4122),(#4123,
#4124,#4125,#4126),(#4127,#4128,#4129,#4130),(#4131,#4132,#4133,#4134)),
 .UNSPECIFIED.,.F.,.F.,.F.,(4,4),(4,4),(0.1702833790156,0.182678938251993),
(39.4329241143479,39.6880324104443),.UNSPECIFIED.);
#313=B_SPLINE_SURFACE_WITH_KNOTS('',3,3,((#4245,#4246,#4247,#4248,#4249,
#4250,#4251),(#4252,#4253,#4254,#4255,#4256,#4257,#4258),(#4259,#4260,#4261,
#4262,#4263,#4264,#4265),(#4266,#4267,#4268,#4269,#4270,#4271,#4272)),
 .UNSPECIFIED.,.F.,.F.,.F.,(4,4),(4,1,1,1,4),(-5.69078558025279E-7,0.166605911535866),
(39.4278519719282,39.7415791525991,40.0553063332699,40.3690335139407,40.6827606946115),
 .UNSPECIFIED.);
#314=B_SPLINE_SURFACE_WITH_KNOTS('',3,3,((#4301,#4302,#4303,#4304),(#4305,
#4306,#4307,#4308),(#4309,#4310,#4311,#4312),(#4313,#4314,#4315,#4316),
(#4317,#4318,#4319,#4320)),.UNSPECIFIED.,.F.,.F.,.F.,(4,1,4),(4,4),(0.,
0.571428571428571,1.),(-0.000435483730664508,0.184692236385996),
 .UNSPECIFIED.);
#315=B_SPLINE_SURFACE_WITH_KNOTS('',3,3,((#4372,#4373,#4374,#4375),(#4376,
#4377,#4378,#4379),(#4380,#4381,#4382,#4383),(#4384,#4385,#4386,#4387),
(#4388,#4389,#4390,#4391)),.UNSPECIFIED.,.F.,.F.,.F.,(4,1,4),(4,4),(0.,
0.571428571428571,1.),(-0.000435483730655066,0.184692236385999),
 .UNSPECIFIED.);
#316=B_SPLINE_SURFACE_WITH_KNOTS('',3,3,((#4446,#4447,#4448,#4449,#4450,
#4451),(#4452,#4453,#4454,#4455,#4456,#4457),(#4458,#4459,#4460,#4461,#4462,
#4463),(#4464,#4465,#4466,#4467,#4468,#4469),(#4470,#4471,#4472,#4473,#4474,
#4475)),.UNSPECIFIED.,.F.,.F.,.F.,(4,1,4),(4,1,1,4),(0.,0.571428571428571,
1.),(0.0437135567480009,2.49092767605925,4.12240375560007,5.7538798351409),
 .UNSPECIFIED.);
#317=B_SPLINE_SURFACE_WITH_KNOTS('',3,3,((#4491,#4492,#4493,#4494),(#4495,
#4496,#4497,#4498),(#4499,#4500,#4501,#4502),(#4503,#4504,#4505,#4506),
(#4507,#4508,#4509,#4510)),.UNSPECIFIED.,.F.,.F.,.F.,(4,1,4),(4,4),(0.,
0.571428571428571,1.),(0.0116621523414343,0.196480297638945),
 .UNSPECIFIED.);
#318=B_SPLINE_SURFACE_WITH_KNOTS('',3,3,((#4555,#4556,#4557,#4558,#4559,
#4560),(#4561,#4562,#4563,#4564,#4565,#4566),(#4567,#4568,#4569,#4570,#4571,
#4572),(#4573,#4574,#4575,#4576,#4577,#4578),(#4579,#4580,#4581,#4582,#4583,
#4584)),.UNSPECIFIED.,.F.,.F.,.F.,(4,1,4),(4,1,1,4),(0.,0.571428571428571,
1.),(0.0437135567480148,1.67518963628884,3.30666571582967,5.75387983514092),
 .UNSPECIFIED.);
#319=B_SPLINE_SURFACE_WITH_KNOTS('',3,3,((#4597,#4598,#4599,#4600),(#4601,
#4602,#4603,#4604),(#4605,#4606,#4607,#4608),(#4609,#4610,#4611,#4612),
(#4613,#4614,#4615,#4616)),.UNSPECIFIED.,.F.,.F.,.F.,(4,1,4),(4,4),(0.,
0.571428571428571,1.),(0.0116621523414369,0.196480297638948),
 .UNSPECIFIED.);
#320=B_SPLINE_SURFACE_WITH_KNOTS('',3,3,((#4663,#4664,#4665,#4666,#4667,
#4668,#4669),(#4670,#4671,#4672,#4673,#4674,#4675,#4676),(#4677,#4678,#4679,
#4680,#4681,#4682,#4683),(#4684,#4685,#4686,#4687,#4688,#4689,#4690)),
 .UNSPECIFIED.,.F.,.F.,.F.,(4,4),(4,1,1,1,4),(0.,0.182678938251998),(33.1446666647487,
33.4583938454195,33.7721210260903,34.0858482067611,34.3995753874319),
 .UNSPECIFIED.);
#321=B_SPLINE_SURFACE_WITH_KNOTS('',3,3,((#4770,#4771,#4772,#4773,#4774,
#4775,#4776,#4777,#4778,#4779,#4780,#4781,#4782,#4783,#4784,#4785,#4786,
#4787,#4788,#4789,#4790,#4791,#4792),(#4793,#4794,#4795,#4796,#4797,#4798,
#4799,#4800,#4801,#4802,#4803,#4804,#4805,#4806,#4807,#4808,#4809,#4810,
#4811,#4812,#4813,#4814,#4815),(#4816,#4817,#4818,#4819,#4820,#4821,#4822,
#4823,#4824,#4825,#4826,#4827,#4828,#4829,#4830,#4831,#4832,#4833,#4834,
#4835,#4836,#4837,#4838),(#4839,#4840,#4841,#4842,#4843,#4844,#4845,#4846,
#4847,#4848,#4849,#4850,#4851,#4852,#4853,#4854,#4855,#4856,#4857,#4858,
#4859,#4860,#4861)),.UNSPECIFIED.,.F.,.T.,.F.,(4,4),(4,1,1,1,1,1,1,1,1,
1,1,1,1,1,1,1,1,1,1,1,4),(0.,1.),(-1.5707963267949,-1.12199737628207,-0.673198425769241,
-0.373999125427356,-0.0747998250854712,0.224399475256414,0.523598775598299,
0.822798075940184,1.12199737628207,1.42119667662395,1.72039597696584,2.01959527730772,
2.31879457764961,2.61799387799149,2.91719317833338,3.06679282850432,3.21639247867526,
3.51559177901715,3.81479107935903,4.26359002987186,4.71238898038469),
 .UNSPECIFIED.);
#322=B_SPLINE_SURFACE_WITH_KNOTS('',3,3,((#5216,#5217,#5218,#5219,#5220,
#5221,#5222),(#5223,#5224,#5225,#5226,#5227,#5228,#5229),(#5230,#5231,#5232,
#5233,#5234,#5235,#5236),(#5237,#5238,#5239,#5240,#5241,#5242,#5243)),
 .UNSPECIFIED.,.F.,.F.,.F.,(4,4),(4,1,1,1,4),(0.0115474658060851,0.194226404058083),
(33.1446666647487,33.4583938454195,33.7721210260903,34.0858482067611,34.3995753874319),
 .UNSPECIFIED.);
#323=B_SPLINE_SURFACE_WITH_KNOTS('',3,3,((#5247,#5248,#5249,#5250,#5251,
#5252,#5253),(#5254,#5255,#5256,#5257,#5258,#5259,#5260),(#5261,#5262,#5263,
#5264,#5265,#5266,#5267),(#5268,#5269,#5270,#5271,#5272,#5273,#5274)),
 .UNSPECIFIED.,.F.,.F.,.F.,(4,4),(4,1,1,1,4),(0.011547465806086,0.194226404058083),
(28.432277684364,28.7460048650348,29.0597320457056,29.3734592263764,29.6871864070472),
 .UNSPECIFIED.);
#324=B_SPLINE_SURFACE_WITH_KNOTS('',3,3,((#5276,#5277,#5278,#5279,#5280,
#5281,#5282),(#5283,#5284,#5285,#5286,#5287,#5288,#5289),(#5290,#5291,#5292,
#5293,#5294,#5295,#5296),(#5297,#5298,#5299,#5300,#5301,#5302,#5303)),
 .UNSPECIFIED.,.F.,.F.,.F.,(4,4),(4,1,1,1,4),(0.0115474658060866,0.194226404058083),
(26.8614813575691,27.1752085382399,27.4889357189107,27.8026628995815,28.1163900802523),
 .UNSPECIFIED.);
#325=B_SPLINE_SURFACE_WITH_KNOTS('',3,3,((#5305,#5306,#5307,#5308,#5309,
#5310,#5311),(#5312,#5313,#5314,#5315,#5316,#5317,#5318),(#5319,#5320,#5321,
#5322,#5323,#5324,#5325),(#5326,#5327,#5328,#5329,#5330,#5331,#5332)),
 .UNSPECIFIED.,.F.,.F.,.F.,(4,4),(4,1,1,1,4),(0.011547465806086,0.194226404058083),
(30.0030740111589,30.3168011918297,30.6305283725005,30.9442555531713,31.2579827338421),
 .UNSPECIFIED.);
#326=B_SPLINE_SURFACE_WITH_KNOTS('',3,3,((#5333,#5334,#5335,#5336,#5337,
#5338,#5339),(#5340,#5341,#5342,#5343,#5344,#5345,#5346),(#5347,#5348,#5349,
#5350,#5351,#5352,#5353),(#5354,#5355,#5356,#5357,#5358,#5359,#5360)),
 .UNSPECIFIED.,.F.,.F.,.F.,(4,4),(4,1,1,1,4),(0.0115474658060864,0.194226404058083),
(31.5738703379538,31.8875975186246,32.2013246992954,32.5150518799662,32.828779060637),
 .UNSPECIFIED.);
#327=FACE_OUTER_BOUND('',#441,.T.);
#328=FACE_OUTER_BOUND('',#442,.T.);
#329=FACE_OUTER_BOUND('',#443,.T.);
#330=FACE_OUTER_BOUND('',#444,.T.);
#331=FACE_OUTER_BOUND('',#445,.T.);
#332=FACE_OUTER_BOUND('',#446,.T.);
#333=FACE_OUTER_BOUND('',#447,.T.);
#334=FACE_OUTER_BOUND('',#448,.T.);
#335=FACE_OUTER_BOUND('',#449,.T.);
#336=FACE_OUTER_BOUND('',#450,.T.);
#337=FACE_OUTER_BOUND('',#451,.T.);
#338=FACE_OUTER_BOUND('',#452,.T.);
#339=FACE_OUTER_BOUND('',#453,.T.);
#340=FACE_OUTER_BOUND('',#454,.T.);
#341=FACE_OUTER_BOUND('',#455,.T.);
#342=FACE_OUTER_BOUND('',#456,.T.);
#343=FACE_OUTER_BOUND('',#457,.T.);
#344=FACE_OUTER_BOUND('',#458,.T.);
#345=FACE_OUTER_BOUND('',#459,.T.);
#346=FACE_OUTER_BOUND('',#460,.T.);
#347=FACE_OUTER_BOUND('',#461,.T.);
#348=FACE_OUTER_BOUND('',#462,.T.);
#349=FACE_OUTER_BOUND('',#463,.T.);
#350=FACE_OUTER_BOUND('',#464,.T.);
#351=FACE_OUTER_BOUND('',#465,.T.);
#352=FACE_OUTER_BOUND('',#466,.T.);
#353=FACE_OUTER_BOUND('',#467,.T.);
#354=FACE_OUTER_BOUND('',#468,.T.);
#355=FACE_OUTER_BOUND('',#469,.T.);
#356=FACE_OUTER_BOUND('',#470,.T.);
#357=FACE_OUTER_BOUND('',#471,.T.);
#358=FACE_OUTER_BOUND('',#472,.T.);
#359=FACE_OUTER_BOUND('',#473,.T.);
#360=FACE_OUTER_BOUND('',#474,.T.);
#361=FACE_OUTER_BOUND('',#475,.T.);
#362=FACE_OUTER_BOUND('',#476,.T.);
#363=FACE_OUTER_BOUND('',#477,.T.);
#364=FACE_OUTER_BOUND('',#478,.T.);
#365=FACE_OUTER_BOUND('',#479,.T.);
#366=FACE_OUTER_BOUND('',#480,.T.);
#367=FACE_OUTER_BOUND('',#481,.T.);
#368=FACE_OUTER_BOUND('',#482,.T.);
#369=FACE_OUTER_BOUND('',#483,.T.);
#370=FACE_OUTER_BOUND('',#484,.T.);
#371=FACE_OUTER_BOUND('',#485,.T.);
#372=FACE_OUTER_BOUND('',#486,.T.);
#373=FACE_OUTER_BOUND('',#487,.T.);
#374=FACE_OUTER_BOUND('',#488,.T.);
#375=FACE_OUTER_BOUND('',#489,.T.);
#376=FACE_OUTER_BOUND('',#490,.T.);
#377=FACE_OUTER_BOUND('',#491,.T.);
#378=FACE_OUTER_BOUND('',#492,.T.);
#379=FACE_OUTER_BOUND('',#493,.T.);
#380=FACE_OUTER_BOUND('',#494,.T.);
#381=FACE_OUTER_BOUND('',#495,.T.);
#382=FACE_OUTER_BOUND('',#496,.T.);
#383=FACE_OUTER_BOUND('',#497,.T.);
#384=FACE_OUTER_BOUND('',#498,.T.);
#385=FACE_OUTER_BOUND('',#499,.T.);
#386=FACE_OUTER_BOUND('',#500,.T.);
#387=FACE_OUTER_BOUND('',#501,.T.);
#388=FACE_OUTER_BOUND('',#502,.T.);
#389=FACE_OUTER_BOUND('',#503,.T.);
#390=FACE_OUTER_BOUND('',#504,.T.);
#391=FACE_OUTER_BOUND('',#505,.T.);
#392=FACE_OUTER_BOUND('',#506,.T.);
#393=FACE_OUTER_BOUND('',#507,.T.);
#394=FACE_OUTER_BOUND('',#508,.T.);
#395=FACE_OUTER_BOUND('',#509,.T.);
#396=FACE_OUTER_BOUND('',#510,.T.);
#397=FACE_OUTER_BOUND('',#511,.T.);
#398=FACE_OUTER_BOUND('',#512,.T.);
#399=FACE_OUTER_BOUND('',#513,.T.);
#400=FACE_OUTER_BOUND('',#514,.T.);
#401=FACE_OUTER_BOUND('',#515,.T.);
#402=FACE_OUTER_BOUND('',#516,.T.);
#403=FACE_OUTER_BOUND('',#517,.T.);
#404=FACE_OUTER_BOUND('',#518,.T.);
#405=FACE_OUTER_BOUND('',#519,.T.);
#406=FACE_OUTER_BOUND('',#520,.T.);
#407=FACE_OUTER_BOUND('',#521,.T.);
#408=FACE_OUTER_BOUND('',#522,.T.);
#409=FACE_OUTER_BOUND('',#523,.T.);
#410=FACE_OUTER_BOUND('',#529,.T.);
#411=FACE_OUTER_BOUND('',#530,.T.);
#412=FACE_OUTER_BOUND('',#531,.T.);
#413=FACE_OUTER_BOUND('',#532,.T.);
#414=FACE_OUTER_BOUND('',#533,.T.);
#415=FACE_OUTER_BOUND('',#534,.T.);
#416=FACE_OUTER_BOUND('',#535,.T.);
#417=FACE_OUTER_BOUND('',#537,.T.);
#418=FACE_OUTER_BOUND('',#538,.T.);
#419=FACE_OUTER_BOUND('',#539,.T.);
#420=FACE_OUTER_BOUND('',#540,.T.);
#421=FACE_OUTER_BOUND('',#541,.T.);
#422=FACE_OUTER_BOUND('',#542,.T.);
#423=FACE_OUTER_BOUND('',#543,.T.);
#424=FACE_OUTER_BOUND('',#544,.T.);
#425=FACE_OUTER_BOUND('',#546,.T.);
#426=FACE_OUTER_BOUND('',#547,.T.);
#427=FACE_OUTER_BOUND('',#548,.T.);
#428=FACE_OUTER_BOUND('',#549,.T.);
#429=FACE_OUTER_BOUND('',#550,.T.);
#430=FACE_OUTER_BOUND('',#551,.T.);
#431=FACE_OUTER_BOUND('',#552,.T.);
#432=FACE_OUTER_BOUND('',#553,.T.);
#433=FACE_OUTER_BOUND('',#554,.T.);
#434=FACE_OUTER_BOUND('',#555,.T.);
#435=FACE_OUTER_BOUND('',#556,.T.);
#436=FACE_OUTER_BOUND('',#557,.T.);
#437=FACE_OUTER_BOUND('',#558,.T.);
#438=FACE_OUTER_BOUND('',#559,.T.);
#439=FACE_OUTER_BOUND('',#560,.T.);
#440=FACE_OUTER_BOUND('',#561,.T.);
#441=EDGE_LOOP('',(#1048,#1049,#1050));
#442=EDGE_LOOP('',(#1051,#1052,#1053));
#443=EDGE_LOOP('',(#1054,#1055,#1056,#1057));
#444=EDGE_LOOP('',(#1058,#1059,#1060,#1061));
#445=EDGE_LOOP('',(#1062,#1063,#1064));
#446=EDGE_LOOP('',(#1065,#1066,#1067,#1068));
#447=EDGE_LOOP('',(#1069,#1070,#1071));
#448=EDGE_LOOP('',(#1072,#1073,#1074,#1075));
#449=EDGE_LOOP('',(#1076,#1077,#1078,#1079));
#450=EDGE_LOOP('',(#1080,#1081,#1082,#1083));
#451=EDGE_LOOP('',(#1084,#1085,#1086,#1087));
#452=EDGE_LOOP('',(#1088,#1089,#1090,#1091));
#453=EDGE_LOOP('',(#1092,#1093,#1094,#1095));
#454=EDGE_LOOP('',(#1096,#1097,#1098,#1099));
#455=EDGE_LOOP('',(#1100,#1101,#1102,#1103));
#456=EDGE_LOOP('',(#1104,#1105,#1106));
#457=EDGE_LOOP('',(#1107,#1108,#1109));
#458=EDGE_LOOP('',(#1110,#1111,#1112,#1113));
#459=EDGE_LOOP('',(#1114,#1115,#1116,#1117));
#460=EDGE_LOOP('',(#1118,#1119,#1120));
#461=EDGE_LOOP('',(#1121,#1122,#1123));
#462=EDGE_LOOP('',(#1124,#1125,#1126,#1127));
#463=EDGE_LOOP('',(#1128,#1129,#1130,#1131));
#464=EDGE_LOOP('',(#1132,#1133,#1134,#1135));
#465=EDGE_LOOP('',(#1136,#1137,#1138,#1139));
#466=EDGE_LOOP('',(#1140,#1141,#1142,#1143));
#467=EDGE_LOOP('',(#1144,#1145,#1146,#1147));
#468=EDGE_LOOP('',(#1148,#1149,#1150,#1151));
#469=EDGE_LOOP('',(#1152,#1153,#1154,#1155));
#470=EDGE_LOOP('',(#1156,#1157,#1158,#1159));
#471=EDGE_LOOP('',(#1160,#1161,#1162));
#472=EDGE_LOOP('',(#1163,#1164,#1165));
#473=EDGE_LOOP('',(#1166,#1167,#1168,#1169));
#474=EDGE_LOOP('',(#1170,#1171,#1172));
#475=EDGE_LOOP('',(#1173,#1174,#1175));
#476=EDGE_LOOP('',(#1176,#1177,#1178,#1179));
#477=EDGE_LOOP('',(#1180,#1181,#1182,#1183));
#478=EDGE_LOOP('',(#1184,#1185,#1186,#1187));
#479=EDGE_LOOP('',(#1188,#1189,#1190,#1191));
#480=EDGE_LOOP('',(#1192,#1193,#1194,#1195));
#481=EDGE_LOOP('',(#1196,#1197,#1198,#1199));
#482=EDGE_LOOP('',(#1200,#1201,#1202,#1203));
#483=EDGE_LOOP('',(#1204,#1205,#1206,#1207));
#484=EDGE_LOOP('',(#1208,#1209,#1210,#1211));
#485=EDGE_LOOP('',(#1212,#1213,#1214,#1215));
#486=EDGE_LOOP('',(#1216,#1217,#1218,#1219,#1220,#1221));
#487=EDGE_LOOP('',(#1222,#1223,#1224));
#488=EDGE_LOOP('',(#1225,#1226,#1227,#1228,#1229));
#489=EDGE_LOOP('',(#1230,#1231,#1232));
#490=EDGE_LOOP('',(#1233,#1234,#1235,#1236));
#491=EDGE_LOOP('',(#1237,#1238,#1239));
#492=EDGE_LOOP('',(#1240,#1241,#1242));
#493=EDGE_LOOP('',(#1243,#1244,#1245,#1246));
#494=EDGE_LOOP('',(#1247,#1248,#1249,#1250));
#495=EDGE_LOOP('',(#1251,#1252,#1253,#1254));
#496=EDGE_LOOP('',(#1255,#1256,#1257,#1258));
#497=EDGE_LOOP('',(#1259,#1260,#1261,#1262));
#498=EDGE_LOOP('',(#1263,#1264,#1265,#1266));
#499=EDGE_LOOP('',(#1267,#1268,#1269,#1270,#1271));
#500=EDGE_LOOP('',(#1272,#1273,#1274,#1275,#1276,#1277));
#501=EDGE_LOOP('',(#1278,#1279,#1280,#1281,#1282));
#502=EDGE_LOOP('',(#1283,#1284,#1285,#1286,#1287));
#503=EDGE_LOOP('',(#1288,#1289,#1290,#1291,#1292));
#504=EDGE_LOOP('',(#1293,#1294,#1295,#1296,#1297));
#505=EDGE_LOOP('',(#1298,#1299,#1300,#1301,#1302,#1303,#1304,#1305,#1306));
#506=EDGE_LOOP('',(#1307,#1308,#1309,#1310));
#507=EDGE_LOOP('',(#1311,#1312,#1313,#1314,#1315));
#508=EDGE_LOOP('',(#1316,#1317,#1318));
#509=EDGE_LOOP('',(#1319,#1320,#1321));
#510=EDGE_LOOP('',(#1322,#1323,#1324,#1325));
#511=EDGE_LOOP('',(#1326,#1327,#1328));
#512=EDGE_LOOP('',(#1329,#1330,#1331,#1332));
#513=EDGE_LOOP('',(#1333,#1334,#1335,#1336));
#514=EDGE_LOOP('',(#1337,#1338,#1339));
#515=EDGE_LOOP('',(#1340,#1341,#1342,#1343));
#516=EDGE_LOOP('',(#1344,#1345,#1346,#1347));
#517=EDGE_LOOP('',(#1348,#1349,#1350,#1351));
#518=EDGE_LOOP('',(#1352,#1353,#1354,#1355));
#519=EDGE_LOOP('',(#1356,#1357,#1358,#1359));
#520=EDGE_LOOP('',(#1360,#1361,#1362,#1363));
#521=EDGE_LOOP('',(#1364,#1365,#1366,#1367));
#522=EDGE_LOOP('',(#1368,#1369,#1370,#1371));
#523=EDGE_LOOP('',(#1372,#1373,#1374,#1375,#1376,#1377));
#524=EDGE_LOOP('',(#1378,#1379,#1380,#1381,#1382,#1383,#1384,#1385));
#525=EDGE_LOOP('',(#1386,#1387,#1388,#1389,#1390,#1391,#1392,#1393));
#526=EDGE_LOOP('',(#1394,#1395,#1396,#1397,#1398,#1399,#1400,#1401));
#527=EDGE_LOOP('',(#1402,#1403,#1404,#1405,#1406,#1407,#1408,#1409));
#528=EDGE_LOOP('',(#1410,#1411,#1412,#1413,#1414,#1415,#1416,#1417));
#529=EDGE_LOOP('',(#1418,#1419,#1420,#1421,#1422,#1423));
#530=EDGE_LOOP('',(#1424,#1425,#1426,#1427,#1428,#1429));
#531=EDGE_LOOP('',(#1430,#1431,#1432,#1433,#1434));
#532=EDGE_LOOP('',(#1435,#1436,#1437,#1438,#1439));
#533=EDGE_LOOP('',(#1440,#1441,#1442,#1443));
#534=EDGE_LOOP('',(#1444,#1445,#1446,#1447,#1448,#1449));
#535=EDGE_LOOP('',(#1450));
#536=EDGE_LOOP('',(#1451));
#537=EDGE_LOOP('',(#1452,#1453,#1454,#1455));
#538=EDGE_LOOP('',(#1456,#1457,#1458,#1459));
#539=EDGE_LOOP('',(#1460,#1461,#1462,#1463));
#540=EDGE_LOOP('',(#1464,#1465,#1466,#1467));
#541=EDGE_LOOP('',(#1468,#1469,#1470,#1471));
#542=EDGE_LOOP('',(#1472,#1473,#1474,#1475));
#543=EDGE_LOOP('',(#1476,#1477,#1478,#1479));
#544=EDGE_LOOP('',(#1480));
#545=EDGE_LOOP('',(#1481));
#546=EDGE_LOOP('',(#1482,#1483,#1484,#1485,#1486));
#547=EDGE_LOOP('',(#1487,#1488,#1489,#1490));
#548=EDGE_LOOP('',(#1491,#1492,#1493,#1494));
#549=EDGE_LOOP('',(#1495,#1496,#1497,#1498));
#550=EDGE_LOOP('',(#1499,#1500,#1501,#1502,#1503));
#551=EDGE_LOOP('',(#1504,#1505,#1506,#1507));
#552=EDGE_LOOP('',(#1508,#1509,#1510,#1511,#1512,#1513,#1514));
#553=EDGE_LOOP('',(#1515,#1516,#1517,#1518,#1519));
#554=EDGE_LOOP('',(#1520,#1521,#1522,#1523));
#555=EDGE_LOOP('',(#1524,#1525,#1526,#1527));
#556=EDGE_LOOP('',(#1528,#1529,#1530,#1531));
#557=EDGE_LOOP('',(#1532,#1533,#1534,#1535));
#558=EDGE_LOOP('',(#1536,#1537,#1538,#1539));
#559=EDGE_LOOP('',(#1540,#1541,#1542,#1543));
#560=EDGE_LOOP('',(#1544,#1545,#1546,#1547));
#561=EDGE_LOOP('',(#1548,#1549,#1550,#1551));
#562=CIRCLE('',#1701,0.199999999999998);
#563=CIRCLE('',#1702,0.200000000000001);
#564=CIRCLE('',#1703,0.199999999999996);
#565=CIRCLE('',#1705,0.200000000000002);
#566=CIRCLE('',#1706,0.200000000000007);
#567=CIRCLE('',#1707,0.199999999999997);
#568=CIRCLE('',#1710,0.199999999999999);
#569=CIRCLE('',#1711,0.200000000000029);
#570=CIRCLE('',#1712,0.199999999999997);
#571=CIRCLE('',#1714,0.200000000000004);
#572=CIRCLE('',#1715,0.200000000000001);
#573=CIRCLE('',#1716,0.199999999999998);
#574=CIRCLE('',#1721,0.200000000000002);
#575=CIRCLE('',#1722,0.200000000000009);
#576=CIRCLE('',#1723,0.199999999999999);
#577=CIRCLE('',#1725,0.200000000000002);
#578=CIRCLE('',#1726,0.200000000000025);
#579=CIRCLE('',#1727,0.199999999999997);
#580=CIRCLE('',#1730,0.200000000000033);
#581=CIRCLE('',#1731,0.199999999999988);
#582=CIRCLE('',#1732,0.199999999999998);
#583=CIRCLE('',#1734,0.2);
#584=CIRCLE('',#1735,0.200000000000001);
#585=CIRCLE('',#1736,0.200000000000002);
#586=CIRCLE('',#1741,0.2);
#587=CIRCLE('',#1742,0.2);
#588=CIRCLE('',#1743,0.200000000000005);
#589=CIRCLE('',#1745,0.199999999999991);
#590=CIRCLE('',#1746,0.199999999999997);
#591=CIRCLE('',#1747,0.200000000000004);
#592=CIRCLE('',#1750,0.200000000000007);
#593=CIRCLE('',#1751,0.199999999999997);
#594=CIRCLE('',#1752,0.199999999999998);
#595=CIRCLE('',#1754,0.2);
#596=CIRCLE('',#1755,0.2);
#597=CIRCLE('',#1756,0.200000000000004);
#598=CIRCLE('',#1761,0.199999999999997);
#599=CIRCLE('',#1762,0.2);
#600=CIRCLE('',#1763,0.2);
#601=CIRCLE('',#1765,46.2012);
#602=CIRCLE('',#1766,46.0012);
#603=CIRCLE('',#1768,0.199999999999998);
#604=CIRCLE('',#1769,0.199999999999998);
#605=CIRCLE('',#1770,0.199999999999996);
#606=CIRCLE('',#1772,0.200000000000002);
#607=CIRCLE('',#1773,0.200000000000004);
#608=CIRCLE('',#1774,0.199999999999995);
#609=CIRCLE('',#1776,0.199999999999998);
#610=CIRCLE('',#1777,0.200000000000009);
#611=CIRCLE('',#1778,0.199999999999997);
#612=CIRCLE('',#1784,46.22225);
#613=CIRCLE('',#1788,0.2);
#614=CIRCLE('',#1789,0.2);
#615=CIRCLE('',#1790,0.199999999999996);
#616=CIRCLE('',#1792,0.200000000000002);
#617=CIRCLE('',#1793,0.200000000000004);
#618=CIRCLE('',#1794,0.199999999999997);
#619=CIRCLE('',#1796,0.199999999999998);
#620=CIRCLE('',#1797,0.200000000000002);
#621=CIRCLE('',#1798,0.199999999999997);
#622=CIRCLE('',#1801,0.200000000000002);
#623=CIRCLE('',#1802,0.200000000000005);
#624=CIRCLE('',#1803,0.199999999999995);
#625=CIRCLE('',#1808,47.68325);
#626=CIRCLE('',#1809,47.68325);
#627=CIRCLE('',#1810,47.68325);
#628=CIRCLE('',#1811,47.68325);
#629=CIRCLE('',#1813,52.3680270252381);
#630=CIRCLE('',#1814,52.3680270252381);
#631=CIRCLE('',#1815,51.7462843651099);
#632=CIRCLE('',#1816,51.7462843651099);
#633=CIRCLE('',#1818,50.7605297722922);
#634=CIRCLE('',#1819,50.7605297722922);
#635=CIRCLE('',#1821,52.3680270252381);
#636=CIRCLE('',#1822,223.893);
#637=CIRCLE('',#1823,44.608006842041);
#638=CIRCLE('',#1825,4.512);
#639=CIRCLE('',#1827,55.3880271686804);
#640=CIRCLE('',#1828,51.7513019099743);
#641=CIRCLE('',#1830,52.3680270252381);
#642=CIRCLE('',#1831,52.3680270252381);
#643=CIRCLE('',#1833,52.1341065704354);
#644=CIRCLE('',#1835,52.3680270252381);
#645=CIRCLE('',#1837,52.1341065704354);
#646=CIRCLE('',#1840,51.7513019099743);
#647=CIRCLE('',#1843,54.8020825549287);
#648=CIRCLE('',#1844,49.68325);
#649=CIRCLE('',#1847,55.3880271686804);
#650=CIRCLE('',#1849,44.7843920700965);
#651=VERTEX_POINT('',#2220);
#652=VERTEX_POINT('',#2221);
#653=VERTEX_POINT('',#2223);
#654=VERTEX_POINT('',#2227);
#655=VERTEX_POINT('',#2228);
#656=VERTEX_POINT('',#2230);
#657=VERTEX_POINT('',#2253);
#658=VERTEX_POINT('',#2254);
#659=VERTEX_POINT('',#2301);
#660=VERTEX_POINT('',#2302);
#661=VERTEX_POINT('',#2304);
#662=VERTEX_POINT('',#2327);
#663=VERTEX_POINT('',#2328);
#664=VERTEX_POINT('',#2372);
#665=VERTEX_POINT('',#2373);
#666=VERTEX_POINT('',#2375);
#667=VERTEX_POINT('',#2443);
#668=VERTEX_POINT('',#2444);
#669=VERTEX_POINT('',#2549);
#670=VERTEX_POINT('',#2550);
#671=VERTEX_POINT('',#2632);
#672=VERTEX_POINT('',#2633);
#673=VERTEX_POINT('',#2635);
#674=VERTEX_POINT('',#2639);
#675=VERTEX_POINT('',#2640);
#676=VERTEX_POINT('',#2642);
#677=VERTEX_POINT('',#2665);
#678=VERTEX_POINT('',#2666);
#679=VERTEX_POINT('',#2713);
#680=VERTEX_POINT('',#2714);
#681=VERTEX_POINT('',#2716);
#682=VERTEX_POINT('',#2720);
#683=VERTEX_POINT('',#2721);
#684=VERTEX_POINT('',#2723);
#685=VERTEX_POINT('',#2791);
#686=VERTEX_POINT('',#2792);
#687=VERTEX_POINT('',#2897);
#688=VERTEX_POINT('',#2898);
#689=VERTEX_POINT('',#2961);
#690=VERTEX_POINT('',#2962);
#691=VERTEX_POINT('',#3050);
#692=VERTEX_POINT('',#3051);
#693=VERTEX_POINT('',#3053);
#694=VERTEX_POINT('',#3057);
#695=VERTEX_POINT('',#3058);
#696=VERTEX_POINT('',#3060);
#697=VERTEX_POINT('',#3067);
#698=VERTEX_POINT('',#3068);
#699=VERTEX_POINT('',#3070);
#700=VERTEX_POINT('',#3074);
#701=VERTEX_POINT('',#3075);
#702=VERTEX_POINT('',#3077);
#703=VERTEX_POINT('',#3145);
#704=VERTEX_POINT('',#3146);
#705=VERTEX_POINT('',#3251);
#706=VERTEX_POINT('',#3252);
#707=VERTEX_POINT('',#3315);
#708=VERTEX_POINT('',#3316);
#709=VERTEX_POINT('',#3379);
#710=VERTEX_POINT('',#3380);
#711=VERTEX_POINT('',#3481);
#712=VERTEX_POINT('',#3482);
#713=VERTEX_POINT('',#3487);
#714=VERTEX_POINT('',#3501);
#715=VERTEX_POINT('',#3527);
#716=VERTEX_POINT('',#3532);
#717=VERTEX_POINT('',#3572);
#718=VERTEX_POINT('',#3573);
#719=VERTEX_POINT('',#3575);
#720=VERTEX_POINT('',#3579);
#721=VERTEX_POINT('',#3581);
#722=VERTEX_POINT('',#3583);
#723=VERTEX_POINT('',#3623);
#724=VERTEX_POINT('',#3624);
#725=VERTEX_POINT('',#3626);
#726=VERTEX_POINT('',#3658);
#727=VERTEX_POINT('',#3659);
#728=VERTEX_POINT('',#3661);
#729=VERTEX_POINT('',#3665);
#730=VERTEX_POINT('',#3666);
#731=VERTEX_POINT('',#3668);
#732=VERTEX_POINT('',#3691);
#733=VERTEX_POINT('',#3692);
#734=VERTEX_POINT('',#3803);
#735=VERTEX_POINT('',#3804);
#736=VERTEX_POINT('',#3867);
#737=VERTEX_POINT('',#3872);
#738=VERTEX_POINT('',#3910);
#739=VERTEX_POINT('',#3919);
#740=VERTEX_POINT('',#3920);
#741=VERTEX_POINT('',#3944);
#742=VERTEX_POINT('',#3946);
#743=VERTEX_POINT('',#4004);
#744=VERTEX_POINT('',#4005);
#745=VERTEX_POINT('',#4014);
#746=VERTEX_POINT('',#4070);
#747=VERTEX_POINT('',#4075);
#748=VERTEX_POINT('',#4110);
#749=VERTEX_POINT('',#4288);
#750=VERTEX_POINT('',#4289);
#751=VERTEX_POINT('',#4291);
#752=VERTEX_POINT('',#4295);
#753=VERTEX_POINT('',#4296);
#754=VERTEX_POINT('',#4298);
#755=VERTEX_POINT('',#4321);
#756=VERTEX_POINT('',#4322);
#757=VERTEX_POINT('',#4366);
#758=VERTEX_POINT('',#4367);
#759=VERTEX_POINT('',#4369);
#760=VERTEX_POINT('',#4392);
#761=VERTEX_POINT('',#4393);
#762=VERTEX_POINT('',#4440);
#763=VERTEX_POINT('',#4441);
#764=VERTEX_POINT('',#4443);
#765=VERTEX_POINT('',#4511);
#766=VERTEX_POINT('',#4512);
#767=VERTEX_POINT('',#4617);
#768=VERTEX_POINT('',#4618);
#769=VERTEX_POINT('',#4700);
#770=VERTEX_POINT('',#4701);
#771=VERTEX_POINT('',#4703);
#772=VERTEX_POINT('',#4705);
#773=VERTEX_POINT('',#4751);
#774=VERTEX_POINT('',#4752);
#775=VERTEX_POINT('',#4755);
#776=VERTEX_POINT('',#4757);
#777=VERTEX_POINT('',#4761);
#778=VERTEX_POINT('',#4763);
#779=VERTEX_POINT('',#4767);
#780=VERTEX_POINT('',#4862);
#781=VERTEX_POINT('',#4863);
#782=VERTEX_POINT('',#4865);
#783=VERTEX_POINT('',#5006);
#784=VERTEX_POINT('',#5021);
#785=VERTEX_POINT('',#5023);
#786=VERTEX_POINT('',#5026);
#787=VERTEX_POINT('',#5028);
#788=VERTEX_POINT('',#5032);
#789=VERTEX_POINT('',#5036);
#790=VERTEX_POINT('',#5040);
#791=VERTEX_POINT('',#5046);
#792=VERTEX_POINT('',#5052);
#793=VERTEX_POINT('',#5054);
#794=VERTEX_POINT('',#5059);
#795=VERTEX_POINT('',#5100);
#796=EDGE_CURVE('',#651,#652,#562,.F.);
#797=EDGE_CURVE('',#653,#651,#563,.F.);
#798=EDGE_CURVE('',#652,#653,#564,.F.);
#799=EDGE_CURVE('',#654,#655,#565,.F.);
#800=EDGE_CURVE('',#656,#654,#566,.F.);
#801=EDGE_CURVE('',#655,#656,#567,.F.);
#802=EDGE_CURVE('',#657,#658,#171,.F.);
#803=EDGE_CURVE('',#658,#656,#172,.T.);
#804=EDGE_CURVE('',#654,#657,#173,.T.);
#805=EDGE_CURVE('',#653,#655,#53,.T.);
#806=EDGE_CURVE('',#656,#652,#54,.T.);
#807=EDGE_CURVE('',#659,#660,#568,.F.);
#808=EDGE_CURVE('',#661,#659,#569,.F.);
#809=EDGE_CURVE('',#660,#661,#570,.F.);
#810=EDGE_CURVE('',#662,#663,#174,.F.);
#811=EDGE_CURVE('',#663,#661,#175,.T.);
#812=EDGE_CURVE('',#659,#662,#176,.T.);
#813=EDGE_CURVE('',#664,#665,#571,.F.);
#814=EDGE_CURVE('',#666,#664,#572,.F.);
#815=EDGE_CURVE('',#665,#666,#573,.F.);
#816=EDGE_CURVE('',#655,#666,#177,.T.);
#817=EDGE_CURVE('',#664,#654,#178,.T.);
#818=EDGE_CURVE('',#666,#660,#55,.T.);
#819=EDGE_CURVE('',#661,#665,#56,.T.);
#820=EDGE_CURVE('',#667,#668,#179,.F.);
#821=EDGE_CURVE('',#668,#664,#180,.T.);
#822=EDGE_CURVE('',#665,#667,#181,.T.);
#823=EDGE_CURVE('',#660,#653,#182,.T.);
#824=EDGE_CURVE('',#651,#659,#183,.T.);
#825=EDGE_CURVE('',#669,#670,#184,.F.);
#826=EDGE_CURVE('',#670,#651,#185,.T.);
#827=EDGE_CURVE('',#652,#669,#186,.T.);
#828=EDGE_CURVE('',#663,#667,#57,.T.);
#829=EDGE_CURVE('',#670,#662,#187,.T.);
#830=EDGE_CURVE('',#671,#672,#574,.F.);
#831=EDGE_CURVE('',#673,#671,#575,.F.);
#832=EDGE_CURVE('',#672,#673,#576,.F.);
#833=EDGE_CURVE('',#674,#675,#577,.F.);
#834=EDGE_CURVE('',#676,#674,#578,.F.);
#835=EDGE_CURVE('',#675,#676,#579,.F.);
#836=EDGE_CURVE('',#677,#678,#188,.F.);
#837=EDGE_CURVE('',#678,#676,#189,.T.);
#838=EDGE_CURVE('',#674,#677,#190,.T.);
#839=EDGE_CURVE('',#673,#675,#58,.T.);
#840=EDGE_CURVE('',#676,#672,#59,.T.);
#841=EDGE_CURVE('',#679,#680,#580,.F.);
#842=EDGE_CURVE('',#681,#679,#581,.F.);
#843=EDGE_CURVE('',#680,#681,#582,.F.);
#844=EDGE_CURVE('',#682,#683,#583,.F.);
#845=EDGE_CURVE('',#684,#682,#584,.F.);
#846=EDGE_CURVE('',#683,#684,#585,.F.);
#847=EDGE_CURVE('',#675,#684,#191,.T.);
#848=EDGE_CURVE('',#682,#674,#192,.T.);
#849=EDGE_CURVE('',#684,#681,#60,.T.);
#850=EDGE_CURVE('',#679,#683,#61,.T.);
#851=EDGE_CURVE('',#685,#686,#193,.F.);
#852=EDGE_CURVE('',#686,#682,#194,.T.);
#853=EDGE_CURVE('',#683,#685,#195,.T.);
#854=EDGE_CURVE('',#681,#673,#196,.T.);
#855=EDGE_CURVE('',#671,#680,#197,.T.);
#856=EDGE_CURVE('',#687,#688,#198,.F.);
#857=EDGE_CURVE('',#688,#679,#199,.T.);
#858=EDGE_CURVE('',#680,#687,#200,.T.);
#859=EDGE_CURVE('',#689,#690,#201,.F.);
#860=EDGE_CURVE('',#690,#671,#202,.T.);
#861=EDGE_CURVE('',#672,#689,#203,.T.);
#862=EDGE_CURVE('',#688,#685,#62,.T.);
#863=EDGE_CURVE('',#687,#690,#204,.T.);
#864=EDGE_CURVE('',#691,#692,#586,.F.);
#865=EDGE_CURVE('',#693,#691,#587,.F.);
#866=EDGE_CURVE('',#692,#693,#588,.F.);
#867=EDGE_CURVE('',#694,#695,#589,.F.);
#868=EDGE_CURVE('',#696,#694,#590,.F.);
#869=EDGE_CURVE('',#695,#696,#591,.F.);
#870=EDGE_CURVE('',#693,#696,#63,.T.);
#871=EDGE_CURVE('',#694,#692,#64,.T.);
#872=EDGE_CURVE('',#697,#698,#592,.F.);
#873=EDGE_CURVE('',#699,#697,#593,.F.);
#874=EDGE_CURVE('',#698,#699,#594,.F.);
#875=EDGE_CURVE('',#700,#701,#595,.F.);
#876=EDGE_CURVE('',#702,#700,#596,.F.);
#877=EDGE_CURVE('',#701,#702,#597,.F.);
#878=EDGE_CURVE('',#696,#702,#205,.T.);
#879=EDGE_CURVE('',#700,#695,#206,.T.);
#880=EDGE_CURVE('',#702,#699,#65,.T.);
#881=EDGE_CURVE('',#697,#701,#66,.T.);
#882=EDGE_CURVE('',#703,#704,#207,.F.);
#883=EDGE_CURVE('',#704,#700,#208,.T.);
#884=EDGE_CURVE('',#701,#703,#209,.T.);
#885=EDGE_CURVE('',#699,#693,#210,.T.);
#886=EDGE_CURVE('',#691,#698,#211,.T.);
#887=EDGE_CURVE('',#705,#706,#212,.F.);
#888=EDGE_CURVE('',#706,#697,#213,.T.);
#889=EDGE_CURVE('',#698,#705,#214,.T.);
#890=EDGE_CURVE('',#707,#708,#215,.F.);
#891=EDGE_CURVE('',#708,#694,#216,.T.);
#892=EDGE_CURVE('',#695,#707,#217,.T.);
#893=EDGE_CURVE('',#709,#710,#218,.F.);
#894=EDGE_CURVE('',#710,#691,#219,.T.);
#895=EDGE_CURVE('',#692,#709,#220,.T.);
#896=EDGE_CURVE('',#706,#703,#67,.T.);
#897=EDGE_CURVE('',#710,#705,#221,.T.);
#898=EDGE_CURVE('',#711,#712,#222,.T.);
#899=EDGE_CURVE('',#712,#713,#223,.T.);
#900=EDGE_CURVE('',#714,#713,#224,.T.);
#901=EDGE_CURVE('',#714,#715,#225,.T.);
#902=EDGE_CURVE('',#715,#716,#226,.T.);
#903=EDGE_CURVE('',#716,#711,#227,.T.);
#904=EDGE_CURVE('',#717,#718,#598,.F.);
#905=EDGE_CURVE('',#719,#717,#599,.F.);
#906=EDGE_CURVE('',#718,#719,#600,.F.);
#907=EDGE_CURVE('',#720,#719,#601,.T.);
#908=EDGE_CURVE('',#717,#721,#602,.T.);
#909=EDGE_CURVE('',#721,#722,#228,.T.);
#910=EDGE_CURVE('',#722,#720,#229,.T.);
#911=EDGE_CURVE('',#723,#724,#603,.F.);
#912=EDGE_CURVE('',#725,#723,#604,.F.);
#913=EDGE_CURVE('',#724,#725,#605,.F.);
#914=EDGE_CURVE('',#721,#725,#230,.T.);
#915=EDGE_CURVE('',#723,#722,#231,.T.);
#916=EDGE_CURVE('',#726,#727,#606,.F.);
#917=EDGE_CURVE('',#728,#726,#607,.F.);
#918=EDGE_CURVE('',#727,#728,#608,.F.);
#919=EDGE_CURVE('',#729,#730,#609,.F.);
#920=EDGE_CURVE('',#731,#729,#610,.F.);
#921=EDGE_CURVE('',#730,#731,#611,.F.);
#922=EDGE_CURVE('',#732,#733,#232,.F.);
#923=EDGE_CURVE('',#733,#731,#233,.T.);
#924=EDGE_CURVE('',#729,#732,#234,.T.);
#925=EDGE_CURVE('',#725,#730,#68,.T.);
#926=EDGE_CURVE('',#731,#724,#69,.T.);
#927=EDGE_CURVE('',#730,#728,#235,.T.);
#928=EDGE_CURVE('',#726,#729,#236,.T.);
#929=EDGE_CURVE('',#728,#717,#70,.T.);
#930=EDGE_CURVE('',#718,#727,#71,.T.);
#931=EDGE_CURVE('',#734,#735,#237,.F.);
#932=EDGE_CURVE('',#735,#726,#238,.T.);
#933=EDGE_CURVE('',#727,#734,#239,.T.);
#934=EDGE_CURVE('',#736,#723,#240,.T.);
#935=EDGE_CURVE('',#724,#737,#241,.T.);
#936=EDGE_CURVE('',#737,#736,#242,.T.);
#937=EDGE_CURVE('',#715,#718,#72,.T.);
#938=EDGE_CURVE('',#719,#738,#73,.T.);
#939=EDGE_CURVE('',#738,#716,#243,.T.);
#940=EDGE_CURVE('',#739,#740,#74,.T.);
#941=EDGE_CURVE('',#740,#736,#244,.T.);
#942=EDGE_CURVE('',#737,#741,#75,.T.);
#943=EDGE_CURVE('',#741,#742,#245,.T.);
#944=EDGE_CURVE('',#742,#739,#246,.T.);
#945=EDGE_CURVE('',#743,#744,#247,.T.);
#946=EDGE_CURVE('',#742,#744,#248,.T.);
#947=EDGE_CURVE('',#741,#745,#249,.T.);
#948=EDGE_CURVE('',#745,#743,#250,.T.);
#949=EDGE_CURVE('',#745,#746,#251,.T.);
#950=EDGE_CURVE('',#746,#747,#252,.F.);
#951=EDGE_CURVE('',#747,#748,#253,.T.);
#952=EDGE_CURVE('',#748,#743,#254,.T.);
#953=EDGE_CURVE('',#720,#740,#255,.T.);
#954=EDGE_CURVE('',#738,#739,#612,.T.);
#955=EDGE_CURVE('',#748,#712,#256,.T.);
#956=EDGE_CURVE('',#713,#747,#257,.T.);
#957=EDGE_CURVE('',#749,#750,#613,.F.);
#958=EDGE_CURVE('',#751,#749,#614,.F.);
#959=EDGE_CURVE('',#750,#751,#615,.F.);
#960=EDGE_CURVE('',#752,#753,#616,.F.);
#961=EDGE_CURVE('',#754,#752,#617,.F.);
#962=EDGE_CURVE('',#753,#754,#618,.F.);
#963=EDGE_CURVE('',#755,#756,#258,.F.);
#964=EDGE_CURVE('',#756,#754,#259,.T.);
#965=EDGE_CURVE('',#752,#755,#260,.T.);
#966=EDGE_CURVE('',#757,#758,#619,.F.);
#967=EDGE_CURVE('',#759,#757,#620,.F.);
#968=EDGE_CURVE('',#758,#759,#621,.F.);
#969=EDGE_CURVE('',#760,#761,#261,.F.);
#970=EDGE_CURVE('',#761,#759,#262,.T.);
#971=EDGE_CURVE('',#757,#760,#263,.T.);
#972=EDGE_CURVE('',#751,#758,#76,.T.);
#973=EDGE_CURVE('',#759,#750,#77,.T.);
#974=EDGE_CURVE('',#762,#763,#622,.F.);
#975=EDGE_CURVE('',#764,#762,#623,.F.);
#976=EDGE_CURVE('',#763,#764,#624,.F.);
#977=EDGE_CURVE('',#758,#764,#264,.T.);
#978=EDGE_CURVE('',#762,#757,#265,.T.);
#979=EDGE_CURVE('',#764,#753,#78,.T.);
#980=EDGE_CURVE('',#754,#763,#79,.T.);
#981=EDGE_CURVE('',#765,#766,#266,.F.);
#982=EDGE_CURVE('',#766,#762,#267,.T.);
#983=EDGE_CURVE('',#763,#765,#268,.T.);
#984=EDGE_CURVE('',#753,#751,#269,.T.);
#985=EDGE_CURVE('',#749,#752,#270,.T.);
#986=EDGE_CURVE('',#767,#768,#271,.F.);
#987=EDGE_CURVE('',#768,#749,#272,.T.);
#988=EDGE_CURVE('',#750,#767,#273,.T.);
#989=EDGE_CURVE('',#756,#765,#80,.T.);
#990=EDGE_CURVE('',#768,#755,#274,.T.);
#991=EDGE_CURVE('',#769,#770,#625,.T.);
#992=EDGE_CURVE('',#770,#771,#81,.T.);
#993=EDGE_CURVE('',#772,#771,#626,.T.);
#994=EDGE_CURVE('',#771,#772,#627,.T.);
#995=EDGE_CURVE('',#770,#769,#628,.T.);
#996=EDGE_CURVE('',#677,#686,#275,.T.);
#997=EDGE_CURVE('',#689,#678,#82,.T.);
#998=EDGE_CURVE('',#669,#658,#83,.T.);
#999=EDGE_CURVE('',#657,#668,#276,.T.);
#1000=EDGE_CURVE('',#746,#733,#84,.T.);
#1001=EDGE_CURVE('',#732,#735,#277,.T.);
#1002=EDGE_CURVE('',#714,#734,#85,.T.);
#1003=EDGE_CURVE('',#709,#708,#86,.T.);
#1004=EDGE_CURVE('',#707,#704,#278,.T.);
#1005=EDGE_CURVE('',#767,#761,#87,.T.);
#1006=EDGE_CURVE('',#760,#766,#279,.T.);
#1007=EDGE_CURVE('',#773,#774,#629,.T.);
#1008=EDGE_CURVE('',#774,#773,#630,.T.);
#1009=EDGE_CURVE('',#773,#775,#88,.T.);
#1010=EDGE_CURVE('',#775,#776,#631,.T.);
#1011=EDGE_CURVE('',#776,#775,#632,.T.);
#1012=EDGE_CURVE('',#776,#777,#89,.T.);
#1013=EDGE_CURVE('',#778,#777,#633,.T.);
#1014=EDGE_CURVE('',#777,#778,#634,.T.);
#1015=EDGE_CURVE('',#779,#779,#635,.T.);
#1016=EDGE_CURVE('',#779,#774,#90,.T.);
#1017=EDGE_CURVE('',#780,#781,#636,.T.);
#1018=EDGE_CURVE('',#781,#782,#280,.T.);
#1019=EDGE_CURVE('',#782,#781,#281,.T.);
#1020=EDGE_CURVE('',#780,#780,#282,.T.);
#1021=EDGE_CURVE('',#783,#780,#15,.T.);
#1022=EDGE_CURVE('',#783,#783,#637,.T.);
#1023=EDGE_CURVE('',#778,#782,#638,.T.);
#1024=EDGE_CURVE('',#784,#784,#639,.T.);
#1025=EDGE_CURVE('',#785,#785,#640,.T.);
#1026=EDGE_CURVE('',#786,#786,#641,.T.);
#1027=EDGE_CURVE('',#786,#787,#91,.T.);
#1028=EDGE_CURVE('',#787,#787,#642,.T.);
#1029=EDGE_CURVE('',#787,#788,#92,.T.);
#1030=EDGE_CURVE('',#788,#788,#643,.T.);
#1031=EDGE_CURVE('',#788,#789,#93,.T.);
#1032=EDGE_CURVE('',#789,#789,#644,.T.);
#1033=EDGE_CURVE('',#789,#790,#94,.T.);
#1034=EDGE_CURVE('',#790,#790,#645,.T.);
#1035=EDGE_CURVE('',#790,#779,#95,.T.);
#1036=EDGE_CURVE('',#791,#791,#646,.T.);
#1037=EDGE_CURVE('',#791,#786,#96,.T.);
#1038=EDGE_CURVE('',#785,#791,#97,.T.);
#1039=EDGE_CURVE('',#792,#792,#647,.T.);
#1040=EDGE_CURVE('',#793,#793,#648,.T.);
#1041=EDGE_CURVE('',#793,#772,#98,.T.);
#1042=EDGE_CURVE('',#784,#794,#99,.T.);
#1043=EDGE_CURVE('',#794,#794,#649,.T.);
#1044=EDGE_CURVE('',#794,#792,#100,.T.);
#1045=EDGE_CURVE('',#783,#795,#16,.T.);
#1046=EDGE_CURVE('',#795,#795,#650,.T.);
#1047=EDGE_CURVE('',#769,#795,#17,.T.);
#1048=ORIENTED_EDGE('',*,*,#796,.F.);
#1049=ORIENTED_EDGE('',*,*,#797,.F.);
#1050=ORIENTED_EDGE('',*,*,#798,.F.);
#1051=ORIENTED_EDGE('',*,*,#799,.F.);
#1052=ORIENTED_EDGE('',*,*,#800,.F.);
#1053=ORIENTED_EDGE('',*,*,#801,.F.);
#1054=ORIENTED_EDGE('',*,*,#802,.T.);
#1055=ORIENTED_EDGE('',*,*,#803,.T.);
#1056=ORIENTED_EDGE('',*,*,#800,.T.);
#1057=ORIENTED_EDGE('',*,*,#804,.T.);
#1058=ORIENTED_EDGE('',*,*,#798,.T.);
#1059=ORIENTED_EDGE('',*,*,#805,.T.);
#1060=ORIENTED_EDGE('',*,*,#801,.T.);
#1061=ORIENTED_EDGE('',*,*,#806,.T.);
#1062=ORIENTED_EDGE('',*,*,#807,.F.);
#1063=ORIENTED_EDGE('',*,*,#808,.F.);
#1064=ORIENTED_EDGE('',*,*,#809,.F.);
#1065=ORIENTED_EDGE('',*,*,#810,.T.);
#1066=ORIENTED_EDGE('',*,*,#811,.T.);
#1067=ORIENTED_EDGE('',*,*,#808,.T.);
#1068=ORIENTED_EDGE('',*,*,#812,.T.);
#1069=ORIENTED_EDGE('',*,*,#813,.F.);
#1070=ORIENTED_EDGE('',*,*,#814,.F.);
#1071=ORIENTED_EDGE('',*,*,#815,.F.);
#1072=ORIENTED_EDGE('',*,*,#799,.T.);
#1073=ORIENTED_EDGE('',*,*,#816,.T.);
#1074=ORIENTED_EDGE('',*,*,#814,.T.);
#1075=ORIENTED_EDGE('',*,*,#817,.T.);
#1076=ORIENTED_EDGE('',*,*,#815,.T.);
#1077=ORIENTED_EDGE('',*,*,#818,.T.);
#1078=ORIENTED_EDGE('',*,*,#809,.T.);
#1079=ORIENTED_EDGE('',*,*,#819,.T.);
#1080=ORIENTED_EDGE('',*,*,#820,.T.);
#1081=ORIENTED_EDGE('',*,*,#821,.T.);
#1082=ORIENTED_EDGE('',*,*,#813,.T.);
#1083=ORIENTED_EDGE('',*,*,#822,.T.);
#1084=ORIENTED_EDGE('',*,*,#807,.T.);
#1085=ORIENTED_EDGE('',*,*,#823,.T.);
#1086=ORIENTED_EDGE('',*,*,#797,.T.);
#1087=ORIENTED_EDGE('',*,*,#824,.T.);
#1088=ORIENTED_EDGE('',*,*,#825,.T.);
#1089=ORIENTED_EDGE('',*,*,#826,.T.);
#1090=ORIENTED_EDGE('',*,*,#796,.T.);
#1091=ORIENTED_EDGE('',*,*,#827,.T.);
#1092=ORIENTED_EDGE('',*,*,#822,.F.);
#1093=ORIENTED_EDGE('',*,*,#819,.F.);
#1094=ORIENTED_EDGE('',*,*,#811,.F.);
#1095=ORIENTED_EDGE('',*,*,#828,.T.);
#1096=ORIENTED_EDGE('',*,*,#812,.F.);
#1097=ORIENTED_EDGE('',*,*,#824,.F.);
#1098=ORIENTED_EDGE('',*,*,#826,.F.);
#1099=ORIENTED_EDGE('',*,*,#829,.T.);
#1100=ORIENTED_EDGE('',*,*,#805,.F.);
#1101=ORIENTED_EDGE('',*,*,#823,.F.);
#1102=ORIENTED_EDGE('',*,*,#818,.F.);
#1103=ORIENTED_EDGE('',*,*,#816,.F.);
#1104=ORIENTED_EDGE('',*,*,#830,.F.);
#1105=ORIENTED_EDGE('',*,*,#831,.F.);
#1106=ORIENTED_EDGE('',*,*,#832,.F.);
#1107=ORIENTED_EDGE('',*,*,#833,.F.);
#1108=ORIENTED_EDGE('',*,*,#834,.F.);
#1109=ORIENTED_EDGE('',*,*,#835,.F.);
#1110=ORIENTED_EDGE('',*,*,#836,.T.);
#1111=ORIENTED_EDGE('',*,*,#837,.T.);
#1112=ORIENTED_EDGE('',*,*,#834,.T.);
#1113=ORIENTED_EDGE('',*,*,#838,.T.);
#1114=ORIENTED_EDGE('',*,*,#832,.T.);
#1115=ORIENTED_EDGE('',*,*,#839,.T.);
#1116=ORIENTED_EDGE('',*,*,#835,.T.);
#1117=ORIENTED_EDGE('',*,*,#840,.T.);
#1118=ORIENTED_EDGE('',*,*,#841,.F.);
#1119=ORIENTED_EDGE('',*,*,#842,.F.);
#1120=ORIENTED_EDGE('',*,*,#843,.F.);
#1121=ORIENTED_EDGE('',*,*,#844,.F.);
#1122=ORIENTED_EDGE('',*,*,#845,.F.);
#1123=ORIENTED_EDGE('',*,*,#846,.F.);
#1124=ORIENTED_EDGE('',*,*,#833,.T.);
#1125=ORIENTED_EDGE('',*,*,#847,.T.);
#1126=ORIENTED_EDGE('',*,*,#845,.T.);
#1127=ORIENTED_EDGE('',*,*,#848,.T.);
#1128=ORIENTED_EDGE('',*,*,#846,.T.);
#1129=ORIENTED_EDGE('',*,*,#849,.T.);
#1130=ORIENTED_EDGE('',*,*,#842,.T.);
#1131=ORIENTED_EDGE('',*,*,#850,.T.);
#1132=ORIENTED_EDGE('',*,*,#851,.T.);
#1133=ORIENTED_EDGE('',*,*,#852,.T.);
#1134=ORIENTED_EDGE('',*,*,#844,.T.);
#1135=ORIENTED_EDGE('',*,*,#853,.T.);
#1136=ORIENTED_EDGE('',*,*,#843,.T.);
#1137=ORIENTED_EDGE('',*,*,#854,.T.);
#1138=ORIENTED_EDGE('',*,*,#831,.T.);
#1139=ORIENTED_EDGE('',*,*,#855,.T.);
#1140=ORIENTED_EDGE('',*,*,#856,.T.);
#1141=ORIENTED_EDGE('',*,*,#857,.T.);
#1142=ORIENTED_EDGE('',*,*,#841,.T.);
#1143=ORIENTED_EDGE('',*,*,#858,.T.);
#1144=ORIENTED_EDGE('',*,*,#859,.T.);
#1145=ORIENTED_EDGE('',*,*,#860,.T.);
#1146=ORIENTED_EDGE('',*,*,#830,.T.);
#1147=ORIENTED_EDGE('',*,*,#861,.T.);
#1148=ORIENTED_EDGE('',*,*,#853,.F.);
#1149=ORIENTED_EDGE('',*,*,#850,.F.);
#1150=ORIENTED_EDGE('',*,*,#857,.F.);
#1151=ORIENTED_EDGE('',*,*,#862,.T.);
#1152=ORIENTED_EDGE('',*,*,#858,.F.);
#1153=ORIENTED_EDGE('',*,*,#855,.F.);
#1154=ORIENTED_EDGE('',*,*,#860,.F.);
#1155=ORIENTED_EDGE('',*,*,#863,.F.);
#1156=ORIENTED_EDGE('',*,*,#839,.F.);
#1157=ORIENTED_EDGE('',*,*,#854,.F.);
#1158=ORIENTED_EDGE('',*,*,#849,.F.);
#1159=ORIENTED_EDGE('',*,*,#847,.F.);
#1160=ORIENTED_EDGE('',*,*,#864,.F.);
#1161=ORIENTED_EDGE('',*,*,#865,.F.);
#1162=ORIENTED_EDGE('',*,*,#866,.F.);
#1163=ORIENTED_EDGE('',*,*,#867,.F.);
#1164=ORIENTED_EDGE('',*,*,#868,.F.);
#1165=ORIENTED_EDGE('',*,*,#869,.F.);
#1166=ORIENTED_EDGE('',*,*,#866,.T.);
#1167=ORIENTED_EDGE('',*,*,#870,.T.);
#1168=ORIENTED_EDGE('',*,*,#868,.T.);
#1169=ORIENTED_EDGE('',*,*,#871,.T.);
#1170=ORIENTED_EDGE('',*,*,#872,.F.);
#1171=ORIENTED_EDGE('',*,*,#873,.F.);
#1172=ORIENTED_EDGE('',*,*,#874,.F.);
#1173=ORIENTED_EDGE('',*,*,#875,.F.);
#1174=ORIENTED_EDGE('',*,*,#876,.F.);
#1175=ORIENTED_EDGE('',*,*,#877,.F.);
#1176=ORIENTED_EDGE('',*,*,#869,.T.);
#1177=ORIENTED_EDGE('',*,*,#878,.T.);
#1178=ORIENTED_EDGE('',*,*,#876,.T.);
#1179=ORIENTED_EDGE('',*,*,#879,.T.);
#1180=ORIENTED_EDGE('',*,*,#877,.T.);
#1181=ORIENTED_EDGE('',*,*,#880,.T.);
#1182=ORIENTED_EDGE('',*,*,#873,.T.);
#1183=ORIENTED_EDGE('',*,*,#881,.T.);
#1184=ORIENTED_EDGE('',*,*,#882,.T.);
#1185=ORIENTED_EDGE('',*,*,#883,.T.);
#1186=ORIENTED_EDGE('',*,*,#875,.T.);
#1187=ORIENTED_EDGE('',*,*,#884,.T.);
#1188=ORIENTED_EDGE('',*,*,#874,.T.);
#1189=ORIENTED_EDGE('',*,*,#885,.T.);
#1190=ORIENTED_EDGE('',*,*,#865,.T.);
#1191=ORIENTED_EDGE('',*,*,#886,.T.);
#1192=ORIENTED_EDGE('',*,*,#887,.T.);
#1193=ORIENTED_EDGE('',*,*,#888,.T.);
#1194=ORIENTED_EDGE('',*,*,#872,.T.);
#1195=ORIENTED_EDGE('',*,*,#889,.T.);
#1196=ORIENTED_EDGE('',*,*,#890,.T.);
#1197=ORIENTED_EDGE('',*,*,#891,.T.);
#1198=ORIENTED_EDGE('',*,*,#867,.T.);
#1199=ORIENTED_EDGE('',*,*,#892,.T.);
#1200=ORIENTED_EDGE('',*,*,#893,.T.);
#1201=ORIENTED_EDGE('',*,*,#894,.T.);
#1202=ORIENTED_EDGE('',*,*,#864,.T.);
#1203=ORIENTED_EDGE('',*,*,#895,.T.);
#1204=ORIENTED_EDGE('',*,*,#884,.F.);
#1205=ORIENTED_EDGE('',*,*,#881,.F.);
#1206=ORIENTED_EDGE('',*,*,#888,.F.);
#1207=ORIENTED_EDGE('',*,*,#896,.T.);
#1208=ORIENTED_EDGE('',*,*,#889,.F.);
#1209=ORIENTED_EDGE('',*,*,#886,.F.);
#1210=ORIENTED_EDGE('',*,*,#894,.F.);
#1211=ORIENTED_EDGE('',*,*,#897,.T.);
#1212=ORIENTED_EDGE('',*,*,#870,.F.);
#1213=ORIENTED_EDGE('',*,*,#885,.F.);
#1214=ORIENTED_EDGE('',*,*,#880,.F.);
#1215=ORIENTED_EDGE('',*,*,#878,.F.);
#1216=ORIENTED_EDGE('',*,*,#898,.T.);
#1217=ORIENTED_EDGE('',*,*,#899,.T.);
#1218=ORIENTED_EDGE('',*,*,#900,.F.);
#1219=ORIENTED_EDGE('',*,*,#901,.T.);
#1220=ORIENTED_EDGE('',*,*,#902,.T.);
#1221=ORIENTED_EDGE('',*,*,#903,.T.);
#1222=ORIENTED_EDGE('',*,*,#904,.F.);
#1223=ORIENTED_EDGE('',*,*,#905,.F.);
#1224=ORIENTED_EDGE('',*,*,#906,.F.);
#1225=ORIENTED_EDGE('',*,*,#907,.T.);
#1226=ORIENTED_EDGE('',*,*,#905,.T.);
#1227=ORIENTED_EDGE('',*,*,#908,.T.);
#1228=ORIENTED_EDGE('',*,*,#909,.T.);
#1229=ORIENTED_EDGE('',*,*,#910,.T.);
#1230=ORIENTED_EDGE('',*,*,#911,.F.);
#1231=ORIENTED_EDGE('',*,*,#912,.F.);
#1232=ORIENTED_EDGE('',*,*,#913,.F.);
#1233=ORIENTED_EDGE('',*,*,#914,.T.);
#1234=ORIENTED_EDGE('',*,*,#912,.T.);
#1235=ORIENTED_EDGE('',*,*,#915,.T.);
#1236=ORIENTED_EDGE('',*,*,#909,.F.);
#1237=ORIENTED_EDGE('',*,*,#916,.F.);
#1238=ORIENTED_EDGE('',*,*,#917,.F.);
#1239=ORIENTED_EDGE('',*,*,#918,.F.);
#1240=ORIENTED_EDGE('',*,*,#919,.F.);
#1241=ORIENTED_EDGE('',*,*,#920,.F.);
#1242=ORIENTED_EDGE('',*,*,#921,.F.);
#1243=ORIENTED_EDGE('',*,*,#922,.T.);
#1244=ORIENTED_EDGE('',*,*,#923,.T.);
#1245=ORIENTED_EDGE('',*,*,#920,.T.);
#1246=ORIENTED_EDGE('',*,*,#924,.T.);
#1247=ORIENTED_EDGE('',*,*,#913,.T.);
#1248=ORIENTED_EDGE('',*,*,#925,.T.);
#1249=ORIENTED_EDGE('',*,*,#921,.T.);
#1250=ORIENTED_EDGE('',*,*,#926,.T.);
#1251=ORIENTED_EDGE('',*,*,#919,.T.);
#1252=ORIENTED_EDGE('',*,*,#927,.T.);
#1253=ORIENTED_EDGE('',*,*,#917,.T.);
#1254=ORIENTED_EDGE('',*,*,#928,.T.);
#1255=ORIENTED_EDGE('',*,*,#918,.T.);
#1256=ORIENTED_EDGE('',*,*,#929,.T.);
#1257=ORIENTED_EDGE('',*,*,#904,.T.);
#1258=ORIENTED_EDGE('',*,*,#930,.T.);
#1259=ORIENTED_EDGE('',*,*,#931,.T.);
#1260=ORIENTED_EDGE('',*,*,#932,.T.);
#1261=ORIENTED_EDGE('',*,*,#916,.T.);
#1262=ORIENTED_EDGE('',*,*,#933,.T.);
#1263=ORIENTED_EDGE('',*,*,#934,.T.);
#1264=ORIENTED_EDGE('',*,*,#911,.T.);
#1265=ORIENTED_EDGE('',*,*,#935,.T.);
#1266=ORIENTED_EDGE('',*,*,#936,.T.);
#1267=ORIENTED_EDGE('',*,*,#937,.T.);
#1268=ORIENTED_EDGE('',*,*,#906,.T.);
#1269=ORIENTED_EDGE('',*,*,#938,.T.);
#1270=ORIENTED_EDGE('',*,*,#939,.T.);
#1271=ORIENTED_EDGE('',*,*,#902,.F.);
#1272=ORIENTED_EDGE('',*,*,#940,.T.);
#1273=ORIENTED_EDGE('',*,*,#941,.T.);
#1274=ORIENTED_EDGE('',*,*,#936,.F.);
#1275=ORIENTED_EDGE('',*,*,#942,.T.);
#1276=ORIENTED_EDGE('',*,*,#943,.T.);
#1277=ORIENTED_EDGE('',*,*,#944,.T.);
#1278=ORIENTED_EDGE('',*,*,#945,.T.);
#1279=ORIENTED_EDGE('',*,*,#946,.F.);
#1280=ORIENTED_EDGE('',*,*,#943,.F.);
#1281=ORIENTED_EDGE('',*,*,#947,.T.);
#1282=ORIENTED_EDGE('',*,*,#948,.T.);
#1283=ORIENTED_EDGE('',*,*,#949,.T.);
#1284=ORIENTED_EDGE('',*,*,#950,.T.);
#1285=ORIENTED_EDGE('',*,*,#951,.T.);
#1286=ORIENTED_EDGE('',*,*,#952,.T.);
#1287=ORIENTED_EDGE('',*,*,#948,.F.);
#1288=ORIENTED_EDGE('',*,*,#910,.F.);
#1289=ORIENTED_EDGE('',*,*,#915,.F.);
#1290=ORIENTED_EDGE('',*,*,#934,.F.);
#1291=ORIENTED_EDGE('',*,*,#941,.F.);
#1292=ORIENTED_EDGE('',*,*,#953,.F.);
#1293=ORIENTED_EDGE('',*,*,#938,.F.);
#1294=ORIENTED_EDGE('',*,*,#907,.F.);
#1295=ORIENTED_EDGE('',*,*,#953,.T.);
#1296=ORIENTED_EDGE('',*,*,#940,.F.);
#1297=ORIENTED_EDGE('',*,*,#954,.F.);
#1298=ORIENTED_EDGE('',*,*,#898,.F.);
#1299=ORIENTED_EDGE('',*,*,#903,.F.);
#1300=ORIENTED_EDGE('',*,*,#939,.F.);
#1301=ORIENTED_EDGE('',*,*,#954,.T.);
#1302=ORIENTED_EDGE('',*,*,#944,.F.);
#1303=ORIENTED_EDGE('',*,*,#946,.T.);
#1304=ORIENTED_EDGE('',*,*,#945,.F.);
#1305=ORIENTED_EDGE('',*,*,#952,.F.);
#1306=ORIENTED_EDGE('',*,*,#955,.T.);
#1307=ORIENTED_EDGE('',*,*,#899,.F.);
#1308=ORIENTED_EDGE('',*,*,#955,.F.);
#1309=ORIENTED_EDGE('',*,*,#951,.F.);
#1310=ORIENTED_EDGE('',*,*,#956,.F.);
#1311=ORIENTED_EDGE('',*,*,#908,.F.);
#1312=ORIENTED_EDGE('',*,*,#929,.F.);
#1313=ORIENTED_EDGE('',*,*,#927,.F.);
#1314=ORIENTED_EDGE('',*,*,#925,.F.);
#1315=ORIENTED_EDGE('',*,*,#914,.F.);
#1316=ORIENTED_EDGE('',*,*,#957,.F.);
#1317=ORIENTED_EDGE('',*,*,#958,.F.);
#1318=ORIENTED_EDGE('',*,*,#959,.F.);
#1319=ORIENTED_EDGE('',*,*,#960,.F.);
#1320=ORIENTED_EDGE('',*,*,#961,.F.);
#1321=ORIENTED_EDGE('',*,*,#962,.F.);
#1322=ORIENTED_EDGE('',*,*,#963,.T.);
#1323=ORIENTED_EDGE('',*,*,#964,.T.);
#1324=ORIENTED_EDGE('',*,*,#961,.T.);
#1325=ORIENTED_EDGE('',*,*,#965,.T.);
#1326=ORIENTED_EDGE('',*,*,#966,.F.);
#1327=ORIENTED_EDGE('',*,*,#967,.F.);
#1328=ORIENTED_EDGE('',*,*,#968,.F.);
#1329=ORIENTED_EDGE('',*,*,#969,.T.);
#1330=ORIENTED_EDGE('',*,*,#970,.T.);
#1331=ORIENTED_EDGE('',*,*,#967,.T.);
#1332=ORIENTED_EDGE('',*,*,#971,.T.);
#1333=ORIENTED_EDGE('',*,*,#959,.T.);
#1334=ORIENTED_EDGE('',*,*,#972,.T.);
#1335=ORIENTED_EDGE('',*,*,#968,.T.);
#1336=ORIENTED_EDGE('',*,*,#973,.T.);
#1337=ORIENTED_EDGE('',*,*,#974,.F.);
#1338=ORIENTED_EDGE('',*,*,#975,.F.);
#1339=ORIENTED_EDGE('',*,*,#976,.F.);
#1340=ORIENTED_EDGE('',*,*,#966,.T.);
#1341=ORIENTED_EDGE('',*,*,#977,.T.);
#1342=ORIENTED_EDGE('',*,*,#975,.T.);
#1343=ORIENTED_EDGE('',*,*,#978,.T.);
#1344=ORIENTED_EDGE('',*,*,#976,.T.);
#1345=ORIENTED_EDGE('',*,*,#979,.T.);
#1346=ORIENTED_EDGE('',*,*,#962,.T.);
#1347=ORIENTED_EDGE('',*,*,#980,.T.);
#1348=ORIENTED_EDGE('',*,*,#981,.T.);
#1349=ORIENTED_EDGE('',*,*,#982,.T.);
#1350=ORIENTED_EDGE('',*,*,#974,.T.);
#1351=ORIENTED_EDGE('',*,*,#983,.T.);
#1352=ORIENTED_EDGE('',*,*,#960,.T.);
#1353=ORIENTED_EDGE('',*,*,#984,.T.);
#1354=ORIENTED_EDGE('',*,*,#958,.T.);
#1355=ORIENTED_EDGE('',*,*,#985,.T.);
#1356=ORIENTED_EDGE('',*,*,#986,.T.);
#1357=ORIENTED_EDGE('',*,*,#987,.T.);
#1358=ORIENTED_EDGE('',*,*,#957,.T.);
#1359=ORIENTED_EDGE('',*,*,#988,.T.);
#1360=ORIENTED_EDGE('',*,*,#983,.F.);
#1361=ORIENTED_EDGE('',*,*,#980,.F.);
#1362=ORIENTED_EDGE('',*,*,#964,.F.);
#1363=ORIENTED_EDGE('',*,*,#989,.T.);
#1364=ORIENTED_EDGE('',*,*,#965,.F.);
#1365=ORIENTED_EDGE('',*,*,#985,.F.);
#1366=ORIENTED_EDGE('',*,*,#987,.F.);
#1367=ORIENTED_EDGE('',*,*,#990,.T.);
#1368=ORIENTED_EDGE('',*,*,#972,.F.);
#1369=ORIENTED_EDGE('',*,*,#984,.F.);
#1370=ORIENTED_EDGE('',*,*,#979,.F.);
#1371=ORIENTED_EDGE('',*,*,#977,.F.);
#1372=ORIENTED_EDGE('',*,*,#991,.T.);
#1373=ORIENTED_EDGE('',*,*,#992,.T.);
#1374=ORIENTED_EDGE('',*,*,#993,.F.);
#1375=ORIENTED_EDGE('',*,*,#994,.F.);
#1376=ORIENTED_EDGE('',*,*,#992,.F.);
#1377=ORIENTED_EDGE('',*,*,#995,.T.);
#1378=ORIENTED_EDGE('',*,*,#996,.T.);
#1379=ORIENTED_EDGE('',*,*,#851,.F.);
#1380=ORIENTED_EDGE('',*,*,#862,.F.);
#1381=ORIENTED_EDGE('',*,*,#856,.F.);
#1382=ORIENTED_EDGE('',*,*,#863,.T.);
#1383=ORIENTED_EDGE('',*,*,#859,.F.);
#1384=ORIENTED_EDGE('',*,*,#997,.T.);
#1385=ORIENTED_EDGE('',*,*,#836,.F.);
#1386=ORIENTED_EDGE('',*,*,#810,.F.);
#1387=ORIENTED_EDGE('',*,*,#829,.F.);
#1388=ORIENTED_EDGE('',*,*,#825,.F.);
#1389=ORIENTED_EDGE('',*,*,#998,.T.);
#1390=ORIENTED_EDGE('',*,*,#802,.F.);
#1391=ORIENTED_EDGE('',*,*,#999,.T.);
#1392=ORIENTED_EDGE('',*,*,#820,.F.);
#1393=ORIENTED_EDGE('',*,*,#828,.F.);
#1394=ORIENTED_EDGE('',*,*,#956,.T.);
#1395=ORIENTED_EDGE('',*,*,#950,.F.);
#1396=ORIENTED_EDGE('',*,*,#1000,.T.);
#1397=ORIENTED_EDGE('',*,*,#922,.F.);
#1398=ORIENTED_EDGE('',*,*,#1001,.T.);
#1399=ORIENTED_EDGE('',*,*,#931,.F.);
#1400=ORIENTED_EDGE('',*,*,#1002,.F.);
#1401=ORIENTED_EDGE('',*,*,#900,.T.);
#1402=ORIENTED_EDGE('',*,*,#1003,.T.);
#1403=ORIENTED_EDGE('',*,*,#890,.F.);
#1404=ORIENTED_EDGE('',*,*,#1004,.T.);
#1405=ORIENTED_EDGE('',*,*,#882,.F.);
#1406=ORIENTED_EDGE('',*,*,#896,.F.);
#1407=ORIENTED_EDGE('',*,*,#887,.F.);
#1408=ORIENTED_EDGE('',*,*,#897,.F.);
#1409=ORIENTED_EDGE('',*,*,#893,.F.);
#1410=ORIENTED_EDGE('',*,*,#1005,.T.);
#1411=ORIENTED_EDGE('',*,*,#969,.F.);
#1412=ORIENTED_EDGE('',*,*,#1006,.T.);
#1413=ORIENTED_EDGE('',*,*,#981,.F.);
#1414=ORIENTED_EDGE('',*,*,#989,.F.);
#1415=ORIENTED_EDGE('',*,*,#963,.F.);
#1416=ORIENTED_EDGE('',*,*,#990,.F.);
#1417=ORIENTED_EDGE('',*,*,#986,.F.);
#1418=ORIENTED_EDGE('',*,*,#1007,.T.);
#1419=ORIENTED_EDGE('',*,*,#1008,.T.);
#1420=ORIENTED_EDGE('',*,*,#1009,.T.);
#1421=ORIENTED_EDGE('',*,*,#1010,.T.);
#1422=ORIENTED_EDGE('',*,*,#1011,.T.);
#1423=ORIENTED_EDGE('',*,*,#1009,.F.);
#1424=ORIENTED_EDGE('',*,*,#1010,.F.);
#1425=ORIENTED_EDGE('',*,*,#1011,.F.);
#1426=ORIENTED_EDGE('',*,*,#1012,.T.);
#1427=ORIENTED_EDGE('',*,*,#1013,.F.);
#1428=ORIENTED_EDGE('',*,*,#1014,.F.);
#1429=ORIENTED_EDGE('',*,*,#1012,.F.);
#1430=ORIENTED_EDGE('',*,*,#1015,.F.);
#1431=ORIENTED_EDGE('',*,*,#1016,.T.);
#1432=ORIENTED_EDGE('',*,*,#1007,.F.);
#1433=ORIENTED_EDGE('',*,*,#1008,.F.);
#1434=ORIENTED_EDGE('',*,*,#1016,.F.);
#1435=ORIENTED_EDGE('',*,*,#1017,.T.);
#1436=ORIENTED_EDGE('',*,*,#1018,.T.);
#1437=ORIENTED_EDGE('',*,*,#1019,.T.);
#1438=ORIENTED_EDGE('',*,*,#1017,.F.);
#1439=ORIENTED_EDGE('',*,*,#1020,.T.);
#1440=ORIENTED_EDGE('',*,*,#1020,.F.);
#1441=ORIENTED_EDGE('',*,*,#1021,.F.);
#1442=ORIENTED_EDGE('',*,*,#1022,.F.);
#1443=ORIENTED_EDGE('',*,*,#1021,.T.);
#1444=ORIENTED_EDGE('',*,*,#1013,.T.);
#1445=ORIENTED_EDGE('',*,*,#1014,.T.);
#1446=ORIENTED_EDGE('',*,*,#1023,.T.);
#1447=ORIENTED_EDGE('',*,*,#1018,.F.);
#1448=ORIENTED_EDGE('',*,*,#1019,.F.);
#1449=ORIENTED_EDGE('',*,*,#1023,.F.);
#1450=ORIENTED_EDGE('',*,*,#1024,.T.);
#1451=ORIENTED_EDGE('',*,*,#1025,.T.);
#1452=ORIENTED_EDGE('',*,*,#1026,.F.);
#1453=ORIENTED_EDGE('',*,*,#1027,.T.);
#1454=ORIENTED_EDGE('',*,*,#1028,.T.);
#1455=ORIENTED_EDGE('',*,*,#1027,.F.);
#1456=ORIENTED_EDGE('',*,*,#1028,.F.);
#1457=ORIENTED_EDGE('',*,*,#1029,.T.);
#1458=ORIENTED_EDGE('',*,*,#1030,.T.);
#1459=ORIENTED_EDGE('',*,*,#1029,.F.);
#1460=ORIENTED_EDGE('',*,*,#1030,.F.);
#1461=ORIENTED_EDGE('',*,*,#1031,.T.);
#1462=ORIENTED_EDGE('',*,*,#1032,.T.);
#1463=ORIENTED_EDGE('',*,*,#1031,.F.);
#1464=ORIENTED_EDGE('',*,*,#1032,.F.);
#1465=ORIENTED_EDGE('',*,*,#1033,.T.);
#1466=ORIENTED_EDGE('',*,*,#1034,.T.);
#1467=ORIENTED_EDGE('',*,*,#1033,.F.);
#1468=ORIENTED_EDGE('',*,*,#1034,.F.);
#1469=ORIENTED_EDGE('',*,*,#1035,.T.);
#1470=ORIENTED_EDGE('',*,*,#1015,.T.);
#1471=ORIENTED_EDGE('',*,*,#1035,.F.);
#1472=ORIENTED_EDGE('',*,*,#1036,.F.);
#1473=ORIENTED_EDGE('',*,*,#1037,.T.);
#1474=ORIENTED_EDGE('',*,*,#1026,.T.);
#1475=ORIENTED_EDGE('',*,*,#1037,.F.);
#1476=ORIENTED_EDGE('',*,*,#1025,.F.);
#1477=ORIENTED_EDGE('',*,*,#1038,.T.);
#1478=ORIENTED_EDGE('',*,*,#1036,.T.);
#1479=ORIENTED_EDGE('',*,*,#1038,.F.);
#1480=ORIENTED_EDGE('',*,*,#1039,.T.);
#1481=ORIENTED_EDGE('',*,*,#1040,.F.);
#1482=ORIENTED_EDGE('',*,*,#1040,.T.);
#1483=ORIENTED_EDGE('',*,*,#1041,.T.);
#1484=ORIENTED_EDGE('',*,*,#993,.T.);
#1485=ORIENTED_EDGE('',*,*,#994,.T.);
#1486=ORIENTED_EDGE('',*,*,#1041,.F.);
#1487=ORIENTED_EDGE('',*,*,#1024,.F.);
#1488=ORIENTED_EDGE('',*,*,#1042,.T.);
#1489=ORIENTED_EDGE('',*,*,#1043,.F.);
#1490=ORIENTED_EDGE('',*,*,#1042,.F.);
#1491=ORIENTED_EDGE('',*,*,#1043,.T.);
#1492=ORIENTED_EDGE('',*,*,#1044,.T.);
#1493=ORIENTED_EDGE('',*,*,#1039,.F.);
#1494=ORIENTED_EDGE('',*,*,#1044,.F.);
#1495=ORIENTED_EDGE('',*,*,#1045,.F.);
#1496=ORIENTED_EDGE('',*,*,#1022,.T.);
#1497=ORIENTED_EDGE('',*,*,#1045,.T.);
#1498=ORIENTED_EDGE('',*,*,#1046,.F.);
#1499=ORIENTED_EDGE('',*,*,#1047,.T.);
#1500=ORIENTED_EDGE('',*,*,#1046,.T.);
#1501=ORIENTED_EDGE('',*,*,#1047,.F.);
#1502=ORIENTED_EDGE('',*,*,#995,.F.);
#1503=ORIENTED_EDGE('',*,*,#991,.F.);
#1504=ORIENTED_EDGE('',*,*,#932,.F.);
#1505=ORIENTED_EDGE('',*,*,#1001,.F.);
#1506=ORIENTED_EDGE('',*,*,#924,.F.);
#1507=ORIENTED_EDGE('',*,*,#928,.F.);
#1508=ORIENTED_EDGE('',*,*,#923,.F.);
#1509=ORIENTED_EDGE('',*,*,#1000,.F.);
#1510=ORIENTED_EDGE('',*,*,#949,.F.);
#1511=ORIENTED_EDGE('',*,*,#947,.F.);
#1512=ORIENTED_EDGE('',*,*,#942,.F.);
#1513=ORIENTED_EDGE('',*,*,#935,.F.);
#1514=ORIENTED_EDGE('',*,*,#926,.F.);
#1515=ORIENTED_EDGE('',*,*,#901,.F.);
#1516=ORIENTED_EDGE('',*,*,#1002,.T.);
#1517=ORIENTED_EDGE('',*,*,#933,.F.);
#1518=ORIENTED_EDGE('',*,*,#930,.F.);
#1519=ORIENTED_EDGE('',*,*,#937,.F.);
#1520=ORIENTED_EDGE('',*,*,#891,.F.);
#1521=ORIENTED_EDGE('',*,*,#1003,.F.);
#1522=ORIENTED_EDGE('',*,*,#895,.F.);
#1523=ORIENTED_EDGE('',*,*,#871,.F.);
#1524=ORIENTED_EDGE('',*,*,#883,.F.);
#1525=ORIENTED_EDGE('',*,*,#1004,.F.);
#1526=ORIENTED_EDGE('',*,*,#892,.F.);
#1527=ORIENTED_EDGE('',*,*,#879,.F.);
#1528=ORIENTED_EDGE('',*,*,#970,.F.);
#1529=ORIENTED_EDGE('',*,*,#1005,.F.);
#1530=ORIENTED_EDGE('',*,*,#988,.F.);
#1531=ORIENTED_EDGE('',*,*,#973,.F.);
#1532=ORIENTED_EDGE('',*,*,#982,.F.);
#1533=ORIENTED_EDGE('',*,*,#1006,.F.);
#1534=ORIENTED_EDGE('',*,*,#971,.F.);
#1535=ORIENTED_EDGE('',*,*,#978,.F.);
#1536=ORIENTED_EDGE('',*,*,#803,.F.);
#1537=ORIENTED_EDGE('',*,*,#998,.F.);
#1538=ORIENTED_EDGE('',*,*,#827,.F.);
#1539=ORIENTED_EDGE('',*,*,#806,.F.);
#1540=ORIENTED_EDGE('',*,*,#821,.F.);
#1541=ORIENTED_EDGE('',*,*,#999,.F.);
#1542=ORIENTED_EDGE('',*,*,#804,.F.);
#1543=ORIENTED_EDGE('',*,*,#817,.F.);
#1544=ORIENTED_EDGE('',*,*,#852,.F.);
#1545=ORIENTED_EDGE('',*,*,#996,.F.);
#1546=ORIENTED_EDGE('',*,*,#838,.F.);
#1547=ORIENTED_EDGE('',*,*,#848,.F.);
#1548=ORIENTED_EDGE('',*,*,#837,.F.);
#1549=ORIENTED_EDGE('',*,*,#997,.F.);
#1550=ORIENTED_EDGE('',*,*,#861,.F.);
#1551=ORIENTED_EDGE('',*,*,#840,.F.);
#1552=SPHERICAL_SURFACE('',#1700,0.200000000000001);
#1553=SPHERICAL_SURFACE('',#1704,0.200000000000007);
#1554=SPHERICAL_SURFACE('',#1709,0.200000000000029);
#1555=SPHERICAL_SURFACE('',#1713,0.200000000000001);
#1556=SPHERICAL_SURFACE('',#1720,0.200000000000009);
#1557=SPHERICAL_SURFACE('',#1724,0.200000000000025);
#1558=SPHERICAL_SURFACE('',#1729,0.199999999999988);
#1559=SPHERICAL_SURFACE('',#1733,0.200000000000001);
#1560=SPHERICAL_SURFACE('',#1740,0.2);
#1561=SPHERICAL_SURFACE('',#1744,0.199999999999997);
#1562=SPHERICAL_SURFACE('',#1749,0.199999999999997);
#1563=SPHERICAL_SURFACE('',#1753,0.2);
#1564=SPHERICAL_SURFACE('',#1760,0.2);
#1565=SPHERICAL_SURFACE('',#1767,0.199999999999998);
#1566=SPHERICAL_SURFACE('',#1771,0.200000000000004);
#1567=SPHERICAL_SURFACE('',#1775,0.200000000000009);
#1568=SPHERICAL_SURFACE('',#1787,0.2);
#1569=SPHERICAL_SURFACE('',#1791,0.200000000000004);
#1570=SPHERICAL_SURFACE('',#1795,0.200000000000002);
#1571=SPHERICAL_SURFACE('',#1800,0.200000000000005);
#1572=ADVANCED_FACE('',(#327),#1552,.T.);
#1573=ADVANCED_FACE('',(#328),#1553,.T.);
#1574=ADVANCED_FACE('',(#329),#283,.F.);
#1575=ADVANCED_FACE('',(#330),#149,.T.);
#1576=ADVANCED_FACE('',(#331),#1554,.T.);
#1577=ADVANCED_FACE('',(#332),#284,.F.);
#1578=ADVANCED_FACE('',(#333),#1555,.T.);
#1579=ADVANCED_FACE('',(#334),#285,.F.);
#1580=ADVANCED_FACE('',(#335),#150,.T.);
#1581=ADVANCED_FACE('',(#336),#286,.F.);
#1582=ADVANCED_FACE('',(#337),#287,.F.);
#1583=ADVANCED_FACE('',(#338),#288,.F.);
#1584=ADVANCED_FACE('',(#339),#40,.F.);
#1585=ADVANCED_FACE('',(#340),#289,.F.);
#1586=ADVANCED_FACE('',(#341),#151,.F.);
#1587=ADVANCED_FACE('',(#342),#1556,.T.);
#1588=ADVANCED_FACE('',(#343),#1557,.T.);
#1589=ADVANCED_FACE('',(#344),#290,.F.);
#1590=ADVANCED_FACE('',(#345),#152,.T.);
#1591=ADVANCED_FACE('',(#346),#1558,.T.);
#1592=ADVANCED_FACE('',(#347),#1559,.T.);
#1593=ADVANCED_FACE('',(#348),#291,.F.);
#1594=ADVANCED_FACE('',(#349),#153,.T.);
#1595=ADVANCED_FACE('',(#350),#292,.F.);
#1596=ADVANCED_FACE('',(#351),#293,.F.);
#1597=ADVANCED_FACE('',(#352),#294,.F.);
#1598=ADVANCED_FACE('',(#353),#295,.F.);
#1599=ADVANCED_FACE('',(#354),#41,.F.);
#1600=ADVANCED_FACE('',(#355),#296,.F.);
#1601=ADVANCED_FACE('',(#356),#154,.F.);
#1602=ADVANCED_FACE('',(#357),#1560,.T.);
#1603=ADVANCED_FACE('',(#358),#1561,.T.);
#1604=ADVANCED_FACE('',(#359),#155,.T.);
#1605=ADVANCED_FACE('',(#360),#1562,.T.);
#1606=ADVANCED_FACE('',(#361),#1563,.T.);
#1607=ADVANCED_FACE('',(#362),#297,.F.);
#1608=ADVANCED_FACE('',(#363),#156,.T.);
#1609=ADVANCED_FACE('',(#364),#298,.F.);
#1610=ADVANCED_FACE('',(#365),#299,.F.);
#1611=ADVANCED_FACE('',(#366),#300,.F.);
#1612=ADVANCED_FACE('',(#367),#301,.F.);
#1613=ADVANCED_FACE('',(#368),#302,.F.);
#1614=ADVANCED_FACE('',(#369),#42,.F.);
#1615=ADVANCED_FACE('',(#370),#303,.F.);
#1616=ADVANCED_FACE('',(#371),#157,.F.);
#1617=ADVANCED_FACE('',(#372),#304,.F.);
#1618=ADVANCED_FACE('',(#373),#1564,.T.);
#1619=ADVANCED_FACE('',(#374),#38,.T.);
#1620=ADVANCED_FACE('',(#375),#1565,.T.);
#1621=ADVANCED_FACE('',(#376),#305,.F.);
#1622=ADVANCED_FACE('',(#377),#1566,.T.);
#1623=ADVANCED_FACE('',(#378),#1567,.T.);
#1624=ADVANCED_FACE('',(#379),#306,.F.);
#1625=ADVANCED_FACE('',(#380),#158,.T.);
#1626=ADVANCED_FACE('',(#381),#307,.F.);
#1627=ADVANCED_FACE('',(#382),#159,.T.);
#1628=ADVANCED_FACE('',(#383),#308,.F.);
#1629=ADVANCED_FACE('',(#384),#309,.F.);
#1630=ADVANCED_FACE('',(#385),#160,.T.);
#1631=ADVANCED_FACE('',(#386),#161,.T.);
#1632=ADVANCED_FACE('',(#387),#310,.F.);
#1633=ADVANCED_FACE('',(#388),#311,.F.);
#1634=ADVANCED_FACE('',(#389),#312,.F.);
#1635=ADVANCED_FACE('',(#390),#43,.T.);
#1636=ADVANCED_FACE('',(#391),#28,.F.);
#1637=ADVANCED_FACE('',(#392),#313,.F.);
#1638=ADVANCED_FACE('',(#393),#162,.F.);
#1639=ADVANCED_FACE('',(#394),#1568,.T.);
#1640=ADVANCED_FACE('',(#395),#1569,.T.);
#1641=ADVANCED_FACE('',(#396),#314,.F.);
#1642=ADVANCED_FACE('',(#397),#1570,.T.);
#1643=ADVANCED_FACE('',(#398),#315,.F.);
#1644=ADVANCED_FACE('',(#399),#163,.T.);
#1645=ADVANCED_FACE('',(#400),#1571,.T.);
#1646=ADVANCED_FACE('',(#401),#316,.F.);
#1647=ADVANCED_FACE('',(#402),#164,.T.);
#1648=ADVANCED_FACE('',(#403),#317,.F.);
#1649=ADVANCED_FACE('',(#404),#318,.F.);
#1650=ADVANCED_FACE('',(#405),#319,.F.);
#1651=ADVANCED_FACE('',(#406),#44,.F.);
#1652=ADVANCED_FACE('',(#407),#320,.F.);
#1653=ADVANCED_FACE('',(#408),#165,.F.);
#1654=ADVANCED_FACE('',(#409,#21,#22,#23,#24,#25),#166,.F.);
#1655=ADVANCED_FACE('',(#410),#29,.T.);
#1656=ADVANCED_FACE('',(#411),#30,.T.);
#1657=ADVANCED_FACE('',(#412),#167,.T.);
#1658=ADVANCED_FACE('',(#413),#321,.T.);
#1659=ADVANCED_FACE('',(#414),#18,.T.);
#1660=ADVANCED_FACE('',(#415),#39,.T.);
#1661=ADVANCED_FACE('',(#416,#26),#45,.F.);
#1662=ADVANCED_FACE('',(#417),#168,.T.);
#1663=ADVANCED_FACE('',(#418),#31,.T.);
#1664=ADVANCED_FACE('',(#419),#32,.T.);
#1665=ADVANCED_FACE('',(#420),#33,.T.);
#1666=ADVANCED_FACE('',(#421),#34,.T.);
#1667=ADVANCED_FACE('',(#422),#35,.T.);
#1668=ADVANCED_FACE('',(#423),#169,.T.);
#1669=ADVANCED_FACE('',(#424,#27),#46,.T.);
#1670=ADVANCED_FACE('',(#425),#36,.F.);
#1671=ADVANCED_FACE('',(#426),#170,.T.);
#1672=ADVANCED_FACE('',(#427),#37,.T.);
#1673=ADVANCED_FACE('',(#428),#19,.T.);
#1674=ADVANCED_FACE('',(#429),#20,.T.);
#1675=ADVANCED_FACE('',(#430),#322,.F.);
#1676=ADVANCED_FACE('',(#431),#47,.F.);
#1677=ADVANCED_FACE('',(#432),#48,.F.);
#1678=ADVANCED_FACE('',(#433),#49,.F.);
#1679=ADVANCED_FACE('',(#434),#323,.F.);
#1680=ADVANCED_FACE('',(#435),#50,.F.);
#1681=ADVANCED_FACE('',(#436),#324,.F.);
#1682=ADVANCED_FACE('',(#437),#51,.F.);
#1683=ADVANCED_FACE('',(#438),#325,.F.);
#1684=ADVANCED_FACE('',(#439),#326,.F.);
#1685=ADVANCED_FACE('',(#440),#52,.F.);
#1686=CLOSED_SHELL('',(#1572,#1573,#1574,#1575,#1576,#1577,#1578,#1579,
#1580,#1581,#1582,#1583,#1584,#1585,#1586,#1587,#1588,#1589,#1590,#1591,
#1592,#1593,#1594,#1595,#1596,#1597,#1598,#1599,#1600,#1601,#1602,#1603,
#1604,#1605,#1606,#1607,#1608,#1609,#1610,#1611,#1612,#1613,#1614,#1615,
#1616,#1617,#1618,#1619,#1620,#1621,#1622,#1623,#1624,#1625,#1626,#1627,
#1628,#1629,#1630,#1631,#1632,#1633,#1634,#1635,#1636,#1637,#1638,#1639,
#1640,#1641,#1642,#1643,#1644,#1645,#1646,#1647,#1648,#1649,#1650,#1651,
#1652,#1653,#1654,#1655,#1656,#1657,#1658,#1659,#1660,#1661,#1662,#1663,
#1664,#1665,#1666,#1667,#1668,#1669,#1670,#1671,#1672,#1673,#1674,#1675,
#1676,#1677,#1678,#1679,#1680,#1681,#1682,#1683,#1684,#1685));
#1687=DERIVED_UNIT_ELEMENT(#1689,1.);
#1688=DERIVED_UNIT_ELEMENT(#5367,-3.);
#1689=(
MASS_UNIT()
NAMED_UNIT(*)
SI_UNIT(.KILO.,.GRAM.)
);
#1690=DERIVED_UNIT((#1687,#1688));
#1691=MEASURE_REPRESENTATION_ITEM('density measure',
POSITIVE_RATIO_MEASURE(7850.),#1690);
#1692=PROPERTY_DEFINITION_REPRESENTATION(#1697,#1694);
#1693=PROPERTY_DEFINITION_REPRESENTATION(#1698,#1695);
#1694=REPRESENTATION('material name',(#1696),#5364);
#1695=REPRESENTATION('density',(#1691),#5364);
#1696=DESCRIPTIVE_REPRESENTATION_ITEM('Steel','Steel');
#1697=PROPERTY_DEFINITION('material property','material name',#5374);
#1698=PROPERTY_DEFINITION('material property','density of part',#5374);
#1699=AXIS2_PLACEMENT_3D('',#2218,#1856,#1857);
#1700=AXIS2_PLACEMENT_3D('',#2219,#1858,#1859);
#1701=AXIS2_PLACEMENT_3D('',#2222,#1860,#1861);
#1702=AXIS2_PLACEMENT_3D('',#2224,#1862,#1863);
#1703=AXIS2_PLACEMENT_3D('',#2225,#1864,#1865);
#1704=AXIS2_PLACEMENT_3D('',#2226,#1866,#1867);
#1705=AXIS2_PLACEMENT_3D('',#2229,#1868,#1869);
#1706=AXIS2_PLACEMENT_3D('',#2231,#1870,#1871);
#1707=AXIS2_PLACEMENT_3D('',#2232,#1872,#1873);
#1708=AXIS2_PLACEMENT_3D('',#2297,#1874,#1875);
#1709=AXIS2_PLACEMENT_3D('',#2300,#1878,#1879);
#1710=AXIS2_PLACEMENT_3D('',#2303,#1880,#1881);
#1711=AXIS2_PLACEMENT_3D('',#2305,#1882,#1883);
#1712=AXIS2_PLACEMENT_3D('',#2306,#1884,#1885);
#1713=AXIS2_PLACEMENT_3D('',#2371,#1886,#1887);
#1714=AXIS2_PLACEMENT_3D('',#2374,#1888,#1889);
#1715=AXIS2_PLACEMENT_3D('',#2376,#1890,#1891);
#1716=AXIS2_PLACEMENT_3D('',#2377,#1892,#1893);
#1717=AXIS2_PLACEMENT_3D('',#2420,#1894,#1895);
#1718=AXIS2_PLACEMENT_3D('',#2593,#1898,#1899);
#1719=AXIS2_PLACEMENT_3D('',#2630,#1901,#1902);
#1720=AXIS2_PLACEMENT_3D('',#2631,#1903,#1904);
#1721=AXIS2_PLACEMENT_3D('',#2634,#1905,#1906);
#1722=AXIS2_PLACEMENT_3D('',#2636,#1907,#1908);
#1723=AXIS2_PLACEMENT_3D('',#2637,#1909,#1910);
#1724=AXIS2_PLACEMENT_3D('',#2638,#1911,#1912);
#1725=AXIS2_PLACEMENT_3D('',#2641,#1913,#1914);
#1726=AXIS2_PLACEMENT_3D('',#2643,#1915,#1916);
#1727=AXIS2_PLACEMENT_3D('',#2644,#1917,#1918);
#1728=AXIS2_PLACEMENT_3D('',#2709,#1919,#1920);
#1729=AXIS2_PLACEMENT_3D('',#2712,#1923,#1924);
#1730=AXIS2_PLACEMENT_3D('',#2715,#1925,#1926);
#1731=AXIS2_PLACEMENT_3D('',#2717,#1927,#1928);
#1732=AXIS2_PLACEMENT_3D('',#2718,#1929,#1930);
#1733=AXIS2_PLACEMENT_3D('',#2719,#1931,#1932);
#1734=AXIS2_PLACEMENT_3D('',#2722,#1933,#1934);
#1735=AXIS2_PLACEMENT_3D('',#2724,#1935,#1936);
#1736=AXIS2_PLACEMENT_3D('',#2725,#1937,#1938);
#1737=AXIS2_PLACEMENT_3D('',#2768,#1939,#1940);
#1738=AXIS2_PLACEMENT_3D('',#3005,#1943,#1944);
#1739=AXIS2_PLACEMENT_3D('',#3048,#1946,#1947);
#1740=AXIS2_PLACEMENT_3D('',#3049,#1948,#1949);
#1741=AXIS2_PLACEMENT_3D('',#3052,#1950,#1951);
#1742=AXIS2_PLACEMENT_3D('',#3054,#1952,#1953);
#1743=AXIS2_PLACEMENT_3D('',#3055,#1954,#1955);
#1744=AXIS2_PLACEMENT_3D('',#3056,#1956,#1957);
#1745=AXIS2_PLACEMENT_3D('',#3059,#1958,#1959);
#1746=AXIS2_PLACEMENT_3D('',#3061,#1960,#1961);
#1747=AXIS2_PLACEMENT_3D('',#3062,#1962,#1963);
#1748=AXIS2_PLACEMENT_3D('',#3063,#1964,#1965);
#1749=AXIS2_PLACEMENT_3D('',#3066,#1968,#1969);
#1750=AXIS2_PLACEMENT_3D('',#3069,#1970,#1971);
#1751=AXIS2_PLACEMENT_3D('',#3071,#1972,#1973);
#1752=AXIS2_PLACEMENT_3D('',#3072,#1974,#1975);
#1753=AXIS2_PLACEMENT_3D('',#3073,#1976,#1977);
#1754=AXIS2_PLACEMENT_3D('',#3076,#1978,#1979);
#1755=AXIS2_PLACEMENT_3D('',#3078,#1980,#1981);
#1756=AXIS2_PLACEMENT_3D('',#3079,#1982,#1983);
#1757=AXIS2_PLACEMENT_3D('',#3122,#1984,#1985);
#1758=AXIS2_PLACEMENT_3D('',#3423,#1988,#1989);
#1759=AXIS2_PLACEMENT_3D('',#3460,#1991,#1992);
#1760=AXIS2_PLACEMENT_3D('',#3571,#1993,#1994);
#1761=AXIS2_PLACEMENT_3D('',#3574,#1995,#1996);
#1762=AXIS2_PLACEMENT_3D('',#3576,#1997,#1998);
#1763=AXIS2_PLACEMENT_3D('',#3577,#1999,#2000);
#1764=AXIS2_PLACEMENT_3D('',#3578,#2001,#2002);
#1765=AXIS2_PLACEMENT_3D('',#3580,#2003,#2004);
#1766=AXIS2_PLACEMENT_3D('',#3582,#2005,#2006);
#1767=AXIS2_PLACEMENT_3D('',#3622,#2007,#2008);
#1768=AXIS2_PLACEMENT_3D('',#3625,#2009,#2010);
#1769=AXIS2_PLACEMENT_3D('',#3627,#2011,#2012);
#1770=AXIS2_PLACEMENT_3D('',#3628,#2013,#2014);
#1771=AXIS2_PLACEMENT_3D('',#3657,#2015,#2016);
#1772=AXIS2_PLACEMENT_3D('',#3660,#2017,#2018);
#1773=AXIS2_PLACEMENT_3D('',#3662,#2019,#2020);
#1774=AXIS2_PLACEMENT_3D('',#3663,#2021,#2022);
#1775=AXIS2_PLACEMENT_3D('',#3664,#2023,#2024);
#1776=AXIS2_PLACEMENT_3D('',#3667,#2025,#2026);
#1777=AXIS2_PLACEMENT_3D('',#3669,#2027,#2028);
#1778=AXIS2_PLACEMENT_3D('',#3670,#2029,#2030);
#1779=AXIS2_PLACEMENT_3D('',#3735,#2031,#2032);
#1780=AXIS2_PLACEMENT_3D('',#3780,#2035,#2036);
#1781=AXIS2_PLACEMENT_3D('',#3908,#2039,#2040);
#1782=AXIS2_PLACEMENT_3D('',#3918,#2043,#2044);
#1783=AXIS2_PLACEMENT_3D('',#4139,#2047,#2048);
#1784=AXIS2_PLACEMENT_3D('',#4140,#2049,#2050);
#1785=AXIS2_PLACEMENT_3D('',#4141,#2051,#2052);
#1786=AXIS2_PLACEMENT_3D('',#4286,#2053,#2054);
#1787=AXIS2_PLACEMENT_3D('',#4287,#2055,#2056);
#1788=AXIS2_PLACEMENT_3D('',#4290,#2057,#2058);
#1789=AXIS2_PLACEMENT_3D('',#4292,#2059,#2060);
#1790=AXIS2_PLACEMENT_3D('',#4293,#2061,#2062);
#1791=AXIS2_PLACEMENT_3D('',#4294,#2063,#2064);
#1792=AXIS2_PLACEMENT_3D('',#4297,#2065,#2066);
#1793=AXIS2_PLACEMENT_3D('',#4299,#2067,#2068);
#1794=AXIS2_PLACEMENT_3D('',#4300,#2069,#2070);
#1795=AXIS2_PLACEMENT_3D('',#4365,#2071,#2072);
#1796=AXIS2_PLACEMENT_3D('',#4368,#2073,#2074);
#1797=AXIS2_PLACEMENT_3D('',#4370,#2075,#2076);
#1798=AXIS2_PLACEMENT_3D('',#4371,#2077,#2078);
#1799=AXIS2_PLACEMENT_3D('',#4436,#2079,#2080);
#1800=AXIS2_PLACEMENT_3D('',#4439,#2083,#2084);
#1801=AXIS2_PLACEMENT_3D('',#4442,#2085,#2086);
#1802=AXIS2_PLACEMENT_3D('',#4444,#2087,#2088);
#1803=AXIS2_PLACEMENT_3D('',#4445,#2089,#2090);
#1804=AXIS2_PLACEMENT_3D('',#4488,#2091,#2092);
#1805=AXIS2_PLACEMENT_3D('',#4661,#2095,#2096);
#1806=AXIS2_PLACEMENT_3D('',#4698,#2098,#2099);
#1807=AXIS2_PLACEMENT_3D('',#4699,#2100,#2101);
#1808=AXIS2_PLACEMENT_3D('',#4702,#2102,#2103);
#1809=AXIS2_PLACEMENT_3D('',#4706,#2105,#2106);
#1810=AXIS2_PLACEMENT_3D('',#4707,#2107,#2108);
#1811=AXIS2_PLACEMENT_3D('',#4708,#2109,#2110);
#1812=AXIS2_PLACEMENT_3D('',#4750,#2117,#2118);
#1813=AXIS2_PLACEMENT_3D('',#4753,#2119,#2120);
#1814=AXIS2_PLACEMENT_3D('',#4754,#2121,#2122);
#1815=AXIS2_PLACEMENT_3D('',#4758,#2124,#2125);
#1816=AXIS2_PLACEMENT_3D('',#4759,#2126,#2127);
#1817=AXIS2_PLACEMENT_3D('',#4760,#2128,#2129);
#1818=AXIS2_PLACEMENT_3D('',#4764,#2131,#2132);
#1819=AXIS2_PLACEMENT_3D('',#4765,#2133,#2134);
#1820=AXIS2_PLACEMENT_3D('',#4766,#2135,#2136);
#1821=AXIS2_PLACEMENT_3D('',#4768,#2137,#2138);
#1822=AXIS2_PLACEMENT_3D('',#4864,#2140,#2141);
#1823=AXIS2_PLACEMENT_3D('',#5017,#2142,#2143);
#1824=AXIS2_PLACEMENT_3D('',#5018,#2144,#2145);
#1825=AXIS2_PLACEMENT_3D('',#5019,#2146,#2147);
#1826=AXIS2_PLACEMENT_3D('',#5020,#2148,#2149);
#1827=AXIS2_PLACEMENT_3D('',#5022,#2150,#2151);
#1828=AXIS2_PLACEMENT_3D('',#5024,#2152,#2153);
#1829=AXIS2_PLACEMENT_3D('',#5025,#2154,#2155);
#1830=AXIS2_PLACEMENT_3D('',#5027,#2156,#2157);
#1831=AXIS2_PLACEMENT_3D('',#5030,#2159,#2160);
#1832=AXIS2_PLACEMENT_3D('',#5031,#2161,#2162);
#1833=AXIS2_PLACEMENT_3D('',#5034,#2164,#2165);
#1834=AXIS2_PLACEMENT_3D('',#5035,#2166,#2167);
#1835=AXIS2_PLACEMENT_3D('',#5038,#2169,#2170);
#1836=AXIS2_PLACEMENT_3D('',#5039,#2171,#2172);
#1837=AXIS2_PLACEMENT_3D('',#5042,#2174,#2175);
#1838=AXIS2_PLACEMENT_3D('',#5043,#2176,#2177);
#1839=AXIS2_PLACEMENT_3D('',#5045,#2179,#2180);
#1840=AXIS2_PLACEMENT_3D('',#5047,#2181,#2182);
#1841=AXIS2_PLACEMENT_3D('',#5049,#2184,#2185);
#1842=AXIS2_PLACEMENT_3D('',#5051,#2187,#2188);
#1843=AXIS2_PLACEMENT_3D('',#5053,#2189,#2190);
#1844=AXIS2_PLACEMENT_3D('',#5055,#2191,#2192);
#1845=AXIS2_PLACEMENT_3D('',#5056,#2193,#2194);
#1846=AXIS2_PLACEMENT_3D('',#5058,#2196,#2197);
#1847=AXIS2_PLACEMENT_3D('',#5061,#2199,#2200);
#1848=AXIS2_PLACEMENT_3D('',#5062,#2201,#2202);
#1849=AXIS2_PLACEMENT_3D('',#5105,#2204,#2205);
#1850=AXIS2_PLACEMENT_3D('',#5244,#2206,#2207);
#1851=AXIS2_PLACEMENT_3D('',#5245,#2208,#2209);
#1852=AXIS2_PLACEMENT_3D('',#5246,#2210,#2211);
#1853=AXIS2_PLACEMENT_3D('',#5275,#2212,#2213);
#1854=AXIS2_PLACEMENT_3D('',#5304,#2214,#2215);
#1855=AXIS2_PLACEMENT_3D('',#5361,#2216,#2217);
#1856=DIRECTION('axis',(0.,0.,1.));
#1857=DIRECTION('refdir',(1.,0.,0.));
#1858=DIRECTION('center_axis',(0.,0.,1.));
#1859=DIRECTION('ref_axis',(-0.743577542727018,-0.668649712444453,0.));
#1860=DIRECTION('center_axis',(1.5977296069777E-10,0.49359626220139,0.86969116928989));
#1861=DIRECTION('ref_axis',(-0.0921522589000256,-0.865990570539475,0.491495974466055));
#1862=DIRECTION('center_axis',(-0.985961379350359,0.0103339163405969,-0.166653438616197));
#1863=DIRECTION('ref_axis',(-0.166662337774892,0.,0.986014028889756));
#1864=DIRECTION('center_axis',(0.,-1.,-1.29103814219415E-10));
#1865=DIRECTION('ref_axis',(-1.,0.,0.));
#1866=DIRECTION('center_axis',(0.,0.,1.));
#1867=DIRECTION('ref_axis',(1.,0.,0.));
#1868=DIRECTION('center_axis',(-0.985961379354722,0.0103339163002931,-0.166653438592883));
#1869=DIRECTION('ref_axis',(-0.0745034913344869,0.865990570539467,0.494479080968751));
#1870=DIRECTION('center_axis',(0.,-0.495857190595238,0.86840408021554));
#1871=DIRECTION('ref_axis',(-1.,0.,0.));
#1872=DIRECTION('center_axis',(-8.29447621697472E-11,1.,-1.40198491749136E-11));
#1873=DIRECTION('ref_axis',(-0.166662337774784,0.,0.986014028889774));
#1874=DIRECTION('center_axis',(-8.70141897237405E-34,-1.,-1.90694439131769E-16));
#1875=DIRECTION('ref_axis',(-0.763761198862177,0.,0.645498900938345));
#1876=DIRECTION('',(8.70141897237405E-34,1.,1.90694439131769E-16));
#1877=DIRECTION('',(0.,-1.,-1.90694439131769E-16));
#1878=DIRECTION('center_axis',(-0.506033869541859,-0.295996351887771,-0.810133249870429));
#1879=DIRECTION('ref_axis',(-0.699288379619327,-0.409037461212303,0.586245782461903));
#1880=DIRECTION('center_axis',(0.166653438592977,-0.0103339163002889,0.985961379354707));
#1881=DIRECTION('ref_axis',(-0.494479080968716,-0.865990570539483,0.0745034913345327));
#1882=DIRECTION('center_axis',(-0.868404080215562,0.495857190595199,0.));
#1883=DIRECTION('ref_axis',(0.,0.,1.));
#1884=DIRECTION('center_axis',(1.40142194670397E-11,-1.,8.29114554790075E-11));
#1885=DIRECTION('ref_axis',(-0.986014028889774,0.,0.166662337774784));
#1886=DIRECTION('center_axis',(-0.510957282539049,0.299479656681678,-0.805750948280009));
#1887=DIRECTION('ref_axis',(-0.695147618479481,0.407436349846746,0.59225451399366));
#1888=DIRECTION('center_axis',(-0.869691169289878,-0.493596262201411,-1.59872124868045E-10));
#1889=DIRECTION('ref_axis',(-0.491495974466084,0.865990570539459,0.0921522589000227));
#1890=DIRECTION('center_axis',(0.166653438616196,-0.0103339163408414,0.985961379350357));
#1891=DIRECTION('ref_axis',(-0.986014028889756,1.11022302462515E-14,0.166662337774892));
#1892=DIRECTION('center_axis',(1.29126333635815E-10,1.,0.));
#1893=DIRECTION('ref_axis',(0.,0.,1.));
#1894=DIRECTION('center_axis',(8.70141897237405E-34,1.,1.90694439131769E-16));
#1895=DIRECTION('ref_axis',(-0.645498900938345,0.,0.763761198862177));
#1896=DIRECTION('',(-8.70141897237405E-34,-1.,-1.90694439131769E-16));
#1897=DIRECTION('',(8.70141897237405E-34,1.,1.18632582638794E-16));
#1898=DIRECTION('center_axis',(0.,1.18632582638794E-16,-1.));
#1899=DIRECTION('ref_axis',(-1.,0.,0.));
#1900=DIRECTION('',(0.,1.,1.18632582638794E-16));
#1901=DIRECTION('center_axis',(-8.70141897237405E-34,-1.,-1.90694439131769E-16));
#1902=DIRECTION('ref_axis',(1.,-6.16297582203915E-33,2.77555756156289E-17));
#1903=DIRECTION('center_axis',(0.510957282538995,0.299479656681645,-0.805750948280056));
#1904=DIRECTION('ref_axis',(-0.695147618479523,-0.407436349846769,-0.592254513993595));
#1905=DIRECTION('center_axis',(-0.869691169289872,0.493596262201423,1.59783920736481E-10));
#1906=DIRECTION('ref_axis',(-0.491495974466089,-0.865990570539457,-0.0921522589000125));
#1907=DIRECTION('center_axis',(0.166653438616168,0.0103339163406665,-0.985961379350364));
#1908=DIRECTION('ref_axis',(-0.986014028889761,0.,-0.166662337774863));
#1909=DIRECTION('center_axis',(1.29126333635815E-10,-1.,0.));
#1910=DIRECTION('ref_axis',(0.,0.,-1.));
#1911=DIRECTION('center_axis',(0.506033869541838,-0.295996351887695,-0.81013324987047));
#1912=DIRECTION('ref_axis',(-0.699288379619408,0.409037461212238,-0.586245782461853));
#1913=DIRECTION('center_axis',(0.166653438592951,0.0103339163003295,-0.985961379354711));
#1914=DIRECTION('ref_axis',(-0.494479080968751,0.865990570539467,-0.0745034913344897));
#1915=DIRECTION('center_axis',(-0.868404080215513,-0.495857190595285,0.));
#1916=DIRECTION('ref_axis',(0.,0.,-1.));
#1917=DIRECTION('center_axis',(1.40142194670391E-11,1.,-8.29114554790069E-11));
#1918=DIRECTION('ref_axis',(-0.986014028889775,0.,-0.166662337774778));
#1919=DIRECTION('center_axis',(-8.70141897237405E-34,-1.,-1.90694439131769E-16));
#1920=DIRECTION('ref_axis',(-0.645498900938339,0.,-0.763761198862181));
#1921=DIRECTION('',(8.70141897237405E-34,1.,1.90694439131769E-16));
#1922=DIRECTION('',(-8.70141897237405E-34,-1.,-1.18632582638794E-16));
#1923=DIRECTION('center_axis',(0.,0.,1.));
#1924=DIRECTION('ref_axis',(1.,0.,0.));
#1925=DIRECTION('center_axis',(0.,0.49585719059519,-0.868404080215568));
#1926=DIRECTION('ref_axis',(-1.,0.,0.));
#1927=DIRECTION('center_axis',(-8.29447621697444E-11,-1.,1.40198491749128E-11));
#1928=DIRECTION('ref_axis',(-0.16666233777478,0.,-0.986014028889774));
#1929=DIRECTION('center_axis',(-0.985961379354702,-0.0103339163003541,0.166653438593002));
#1930=DIRECTION('ref_axis',(-0.0745034913344885,-0.865990570539486,-0.494479080968718));
#1931=DIRECTION('center_axis',(0.,0.,1.));
#1932=DIRECTION('ref_axis',(-0.743577542727104,0.668649712444357,0.));
#1933=DIRECTION('center_axis',(1.59822542782922E-10,-0.493596262201381,
-0.869691169289895));
#1934=DIRECTION('ref_axis',(-0.0921522589000137,0.865990570539479,-0.491495974466051));
#1935=DIRECTION('center_axis',(-0.985961379350357,-0.0103339163408582,0.166653438616196));
#1936=DIRECTION('ref_axis',(-0.166662337774892,0.,-0.986014028889756));
#1937=DIRECTION('center_axis',(0.,1.,1.29103814219421E-10));
#1938=DIRECTION('ref_axis',(-1.,0.,0.));
#1939=DIRECTION('center_axis',(8.70141897237405E-34,1.,1.90694439131769E-16));
#1940=DIRECTION('ref_axis',(-0.763761198862211,0.,-0.645498900938303));
#1941=DIRECTION('',(-8.70141897237405E-34,-1.,-1.90694439131769E-16));
#1942=DIRECTION('',(0.,1.,1.90694439131769E-16));
#1943=DIRECTION('center_axis',(1.,0.,0.));
#1944=DIRECTION('ref_axis',(0.,1.66533453693774E-16,-1.));
#1945=DIRECTION('',(0.,1.,0.));
#1946=DIRECTION('center_axis',(-8.70141897237405E-34,-1.,-1.90694439131769E-16));
#1947=DIRECTION('ref_axis',(1.,-6.16297582203915E-33,2.77555756156289E-17));
#1948=DIRECTION('center_axis',(0.510957282539022,-0.299479656681652,-0.805750948280036));
#1949=DIRECTION('ref_axis',(0.695147618479516,-0.407436349846732,0.592254513993628));
#1950=DIRECTION('center_axis',(0.869691169289884,0.493596262201402,-1.59833502821618E-10));
#1951=DIRECTION('ref_axis',(0.491495974466072,-0.865990570539466,0.0921522589000136));
#1952=DIRECTION('center_axis',(-0.166653438616164,0.010333916340793,0.985961379350363));
#1953=DIRECTION('ref_axis',(0.986014028889761,0.,0.166662337774859));
#1954=DIRECTION('center_axis',(-1.29160112760414E-10,-1.,0.));
#1955=DIRECTION('ref_axis',(0.,0.,1.));
#1956=DIRECTION('center_axis',(0.50603386955807,0.295996351789835,-0.810133249896086));
#1957=DIRECTION('ref_axis',(0.699288379706166,0.409037461114654,0.586245782426452));
#1958=DIRECTION('center_axis',(0.868404080215546,-0.495857190595228,0.));
#1959=DIRECTION('ref_axis',(0.,0.,1.));
#1960=DIRECTION('center_axis',(-1.40236023134954E-11,1.,8.2966966630236E-11));
#1961=DIRECTION('ref_axis',(0.986014028889774,0.,0.166662337774784));
#1962=DIRECTION('center_axis',(-0.166653438592768,0.0103339163002256,0.985961379354742));
#1963=DIRECTION('ref_axis',(0.494479080968747,0.865990570539469,0.0745034913344862));
#1964=DIRECTION('center_axis',(-8.70141897237405E-34,-1.,-1.90694439131769E-16));
#1965=DIRECTION('ref_axis',(0.64549890093833,0.,0.763761198862189));
#1966=DIRECTION('',(8.70141897237405E-34,1.,1.90694439131769E-16));
#1967=DIRECTION('',(-8.70141897237405E-34,-1.,-1.77948873958191E-16));
#1968=DIRECTION('center_axis',(0.,0.,1.));
#1969=DIRECTION('ref_axis',(1.,0.,0.));
#1970=DIRECTION('center_axis',(0.,0.495857190595199,0.868404080215562));
#1971=DIRECTION('ref_axis',(1.,0.,0.));
#1972=DIRECTION('center_axis',(8.2900353248759E-11,-1.,-1.40123428977476E-11));
#1973=DIRECTION('ref_axis',(0.166662337774778,0.,0.986014028889775));
#1974=DIRECTION('center_axis',(0.985961379354727,-0.0103339163002672,-0.166653438592859));
#1975=DIRECTION('ref_axis',(0.0745034913344913,-0.865990570539485,0.494479080968718));
#1976=DIRECTION('center_axis',(0.,0.,1.));
#1977=DIRECTION('ref_axis',(1.,0.,0.));
#1978=DIRECTION('center_axis',(-1.59728858632022E-10,-0.493596262201389,
0.869691169289891));
#1979=DIRECTION('ref_axis',(0.0921522589000157,0.865990570539479,0.491495974466051));
#1980=DIRECTION('center_axis',(0.98596137935036,-0.0103339163407839,-0.166653438616183));
#1981=DIRECTION('ref_axis',(0.166662337774878,0.,0.986014028889758));
#1982=DIRECTION('center_axis',(0.,1.,-1.29103814219415E-10));
#1983=DIRECTION('ref_axis',(1.,0.,0.));
#1984=DIRECTION('center_axis',(8.70141897237405E-34,1.,1.90694439131769E-16));
#1985=DIRECTION('ref_axis',(0.763761198862186,0.,0.645498900938334));
#1986=DIRECTION('',(-8.70141897237405E-34,-1.,-1.90694439131769E-16));
#1987=DIRECTION('',(0.,1.,1.90694439131769E-16));
#1988=DIRECTION('center_axis',(-1.,0.,0.));
#1989=DIRECTION('ref_axis',(0.,-1.66533453693774E-16,1.));
#1990=DIRECTION('',(0.,1.,0.));
#1991=DIRECTION('center_axis',(-8.70141897237405E-34,-1.,-1.90694439131769E-16));
#1992=DIRECTION('ref_axis',(1.,-6.16297582203915E-33,2.77555756156289E-17));
#1993=DIRECTION('center_axis',(-0.353554768039112,-0.836659560871358,0.41832978043567));
#1994=DIRECTION('ref_axis',(0.540062827002004,-0.547723268816061,-0.639008109250621));
#1995=DIRECTION('center_axis',(0.,-1.,0.));
#1996=DIRECTION('ref_axis',(0.986014028889775,0.,-0.166662337774778));
#1997=DIRECTION('center_axis',(-0.166662337774823,0.,-0.986014028889767));
#1998=DIRECTION('ref_axis',(0.,-1.,0.));
#1999=DIRECTION('center_axis',(1.,-4.44089209850057E-14,0.));
#2000=DIRECTION('ref_axis',(0.,0.,-1.));
#2001=DIRECTION('center_axis',(1.54074395550978E-33,1.,1.66533453693774E-16));
#2002=DIRECTION('ref_axis',(0.,-1.72271531281543E-16,1.));
#2003=DIRECTION('center_axis',(-1.54074395550978E-33,-1.,-1.66533453693774E-16));
#2004=DIRECTION('ref_axis',(-0.7910815924255,-1.01870286498221E-16,0.611710645751351));
#2005=DIRECTION('center_axis',(1.54074395550978E-33,1.,1.66533453693774E-16));
#2006=DIRECTION('ref_axis',(-0.7910815924255,-1.018180696403E-16,0.611710645751351));
#2007=DIRECTION('center_axis',(0.,0.,1.));
#2008=DIRECTION('ref_axis',(1.,0.,0.));
#2009=DIRECTION('center_axis',(-2.64350483663551E-13,0.493596262214228,
-0.869691169282604));
#2010=DIRECTION('ref_axis',(0.0921522589000156,-0.865990570539476,-0.491495974466056));
#2011=DIRECTION('center_axis',(0.985961379350632,0.0103339163153138,0.166653438616148));
#2012=DIRECTION('ref_axis',(0.1666623377748,0.,-0.986014028889771));
#2013=DIRECTION('center_axis',(0.,-1.,1.01337373798599E-13));
#2014=DIRECTION('ref_axis',(1.,0.,0.));
#2015=DIRECTION('center_axis',(-0.510957282539039,-0.299479656681645,-0.805750948280028));
#2016=DIRECTION('ref_axis',(0.69514761847951,0.407436349846737,-0.592254513993632));
#2017=DIRECTION('center_axis',(0.869691169289885,-0.4935962622014,1.59797751740359E-10));
#2018=DIRECTION('ref_axis',(0.491495974466068,0.865990570539469,-0.0921522589000154));
#2019=DIRECTION('center_axis',(-0.166653438616174,-0.0103339163408082,-0.985961379350361));
#2020=DIRECTION('ref_axis',(0.98601402888976,0.,-0.166662337774869));
#2021=DIRECTION('center_axis',(-1.29103814219415E-10,1.,0.));
#2022=DIRECTION('ref_axis',(0.,0.,-1.));
#2023=DIRECTION('center_axis',(0.,0.,1.));
#2024=DIRECTION('ref_axis',(1.,0.,0.));
#2025=DIRECTION('center_axis',(0.985961379354724,0.0103339163002641,0.166653438592875));
#2026=DIRECTION('ref_axis',(0.0745034913345023,0.865990570539485,-0.494479080968717));
#2027=DIRECTION('center_axis',(0.,-0.495857190595156,-0.868404080215587));
#2028=DIRECTION('ref_axis',(1.,0.,0.));
#2029=DIRECTION('center_axis',(8.29447621697472E-11,1.,1.40198491749131E-11));
#2030=DIRECTION('ref_axis',(0.166662337774778,0.,-0.986014028889775));
#2031=DIRECTION('center_axis',(-8.70141897237405E-34,-1.,-1.90694439131769E-16));
#2032=DIRECTION('ref_axis',(0.763761198862175,0.,-0.645498900938346));
#2033=DIRECTION('',(8.70141897237405E-34,1.,1.90694439131769E-16));
#2034=DIRECTION('',(0.,-1.,-1.90694439131769E-16));
#2035=DIRECTION('center_axis',(8.70141897237405E-34,1.,1.90694439131769E-16));
#2036=DIRECTION('ref_axis',(0.645498900938348,0.,-0.763761198862174));
#2037=DIRECTION('',(-8.70141897237405E-34,-1.,-1.90694439131769E-16));
#2038=DIRECTION('',(8.70141897237405E-34,1.,1.77948873958191E-16));
#2039=DIRECTION('center_axis',(1.,-1.54074395550978E-33,-2.74173651940856E-49));
#2040=DIRECTION('ref_axis',(0.,-0.707106781186555,-0.70710678118654));
#2041=DIRECTION('',(1.,-1.54074395550978E-33,-2.74173651940856E-49));
#2042=DIRECTION('',(-1.,1.54074395550978E-33,2.74173651940856E-49));
#2043=DIRECTION('center_axis',(0.,-1.66533453693774E-16,1.));
#2044=DIRECTION('ref_axis',(0.707106781186548,-0.707106781186548,0.));
#2045=DIRECTION('',(0.,1.66533453693774E-16,-1.));
#2046=DIRECTION('',(0.,-1.66533453693774E-16,1.));
#2047=DIRECTION('center_axis',(-1.54074395550978E-33,-1.,-1.66533453693774E-16));
#2048=DIRECTION('ref_axis',(1.,-6.16297582203915E-33,2.77555756156289E-17));
#2049=DIRECTION('center_axis',(1.54074395550978E-33,1.,1.66533453693774E-16));
#2050=DIRECTION('ref_axis',(1.,-1.54074395550978E-33,-2.5658541216885E-49));
#2051=DIRECTION('center_axis',(0.,-1.,0.));
#2052=DIRECTION('ref_axis',(1.,-7.58386380963437E-34,-1.26296703256163E-49));
#2053=DIRECTION('center_axis',(-8.70141897237405E-34,-1.,-1.90694439131769E-16));
#2054=DIRECTION('ref_axis',(1.,-6.16297582203915E-33,2.77555756156289E-17));
#2055=DIRECTION('center_axis',(0.,0.,1.));
#2056=DIRECTION('ref_axis',(1.,0.,0.));
#2057=DIRECTION('center_axis',(-1.59723378612662E-10,0.493596262201389,
-0.869691169289891));
#2058=DIRECTION('ref_axis',(0.0921522589000157,-0.865990570539479,-0.491495974466051));
#2059=DIRECTION('center_axis',(0.98596137935036,0.010333916340686,0.166653438616188));
#2060=DIRECTION('ref_axis',(0.166662337774884,0.,-0.986014028889757));
#2061=DIRECTION('center_axis',(0.,-1.,1.29115073927615E-10));
#2062=DIRECTION('ref_axis',(1.,0.,0.));
#2063=DIRECTION('center_axis',(-0.506033869541783,0.295996351887712,-0.810133249870499));
#2064=DIRECTION('ref_axis',(0.699288379619407,-0.409037461212319,-0.586245782461797));
#2065=DIRECTION('center_axis',(-0.1666534385929,-0.0103339163002931,-0.98596137935472));
#2066=DIRECTION('ref_axis',(0.494479080968751,-0.865990570539466,-0.0745034913344952));
#2067=DIRECTION('center_axis',(0.868404080215543,0.495857190595233,0.));
#2068=DIRECTION('ref_axis',(0.,0.,-1.));
#2069=DIRECTION('center_axis',(-1.40179726056219E-11,-1.,-8.29336599395014E-11));
#2070=DIRECTION('ref_axis',(0.986014028889775,0.,-0.166662337774778));
#2071=DIRECTION('center_axis',(0.,0.,1.));
#2072=DIRECTION('ref_axis',(1.,0.,0.));
#2073=DIRECTION('center_axis',(0.985961379354718,0.0103339163002972,0.16665343859291));
#2074=DIRECTION('ref_axis',(0.0745034913344913,0.865990570539485,-0.494479080968718));
#2075=DIRECTION('center_axis',(0.,-0.495857190595237,-0.86840408021554));
#2076=DIRECTION('ref_axis',(1.,0.,0.));
#2077=DIRECTION('center_axis',(8.2933659939501E-11,1.,1.40179726056219E-11));
#2078=DIRECTION('ref_axis',(0.166662337774778,0.,-0.986014028889775));
#2079=DIRECTION('center_axis',(-8.70141897237405E-34,-1.,-1.90694439131769E-16));
#2080=DIRECTION('ref_axis',(0.763761198862175,0.,-0.645498900938346));
#2081=DIRECTION('',(8.70141897237405E-34,1.,1.90694439131769E-16));
#2082=DIRECTION('',(0.,-1.,-1.90694439131769E-16));
#2083=DIRECTION('center_axis',(-0.510957282539038,-0.29947965668164,-0.805750948280031));
#2084=DIRECTION('ref_axis',(0.695147618479507,0.40743634984674,-0.592254513993633));
#2085=DIRECTION('center_axis',(0.869691169289885,-0.4935962622014,1.59797751740364E-10));
#2086=DIRECTION('ref_axis',(0.491495974466068,0.865990570539469,-0.0921522589000127));
#2087=DIRECTION('center_axis',(-0.16665343861619,-0.0103339163408208,-0.985961379350358));
#2088=DIRECTION('ref_axis',(0.986014028889757,0.,-0.166662337774885));
#2089=DIRECTION('center_axis',(-1.29103814219415E-10,1.,0.));
#2090=DIRECTION('ref_axis',(0.,0.,-1.));
#2091=DIRECTION('center_axis',(8.70141897237405E-34,1.,1.90694439131769E-16));
#2092=DIRECTION('ref_axis',(0.645498900938348,0.,-0.763761198862174));
#2093=DIRECTION('',(-8.70141897237405E-34,-1.,-1.90694439131769E-16));
#2094=DIRECTION('',(8.70141897237405E-34,1.,1.77948873958191E-16));
#2095=DIRECTION('center_axis',(0.,-1.77948873958191E-16,1.));
#2096=DIRECTION('ref_axis',(1.,0.,0.));
#2097=DIRECTION('',(0.,1.,1.77948873958191E-16));
#2098=DIRECTION('center_axis',(-8.70141897237405E-34,-1.,-1.90694439131769E-16));
#2099=DIRECTION('ref_axis',(1.,-6.16297582203915E-33,2.77555756156289E-17));
#2100=DIRECTION('center_axis',(0.,-1.,-1.51792407005749E-16));
#2101=DIRECTION('ref_axis',(1.,0.,0.));
#2102=DIRECTION('center_axis',(-6.12323399573677E-17,1.,1.61429216985114E-16));
#2103=DIRECTION('ref_axis',(1.,6.12323399573677E-17,9.88468869348414E-33));
#2104=DIRECTION('',(0.,-1.,-1.51792407005749E-16));
#2105=DIRECTION('center_axis',(0.,1.,1.66533453693774E-16));
#2106=DIRECTION('ref_axis',(-1.,0.,0.));
#2107=DIRECTION('center_axis',(0.,1.,1.66533453693774E-16));
#2108=DIRECTION('ref_axis',(-1.,0.,0.));
#2109=DIRECTION('center_axis',(-6.12323399573677E-17,1.,1.61429216985114E-16));
#2110=DIRECTION('ref_axis',(1.,6.12323399573677E-17,9.88468869348414E-33));
#2111=DIRECTION('',(0.,1.,1.18632582638794E-16));
#2112=DIRECTION('',(0.,1.,0.));
#2113=DIRECTION('',(0.,1.,0.));
#2114=DIRECTION('',(0.,1.,1.77948873958191E-16));
#2115=DIRECTION('',(0.,1.,1.77948873958191E-16));
#2116=DIRECTION('',(0.,1.,0.));
#2117=DIRECTION('center_axis',(2.21390409544024E-15,-1.,1.84492007953353E-15));
#2118=DIRECTION('ref_axis',(-3.19905018762314E-17,-1.65284259693862E-16,
1.));
#2119=DIRECTION('center_axis',(0.,1.,1.61429216985114E-16));
#2120=DIRECTION('ref_axis',(0.,-1.59002986319797E-16,1.));
#2121=DIRECTION('center_axis',(0.,1.,1.61429216985114E-16));
#2122=DIRECTION('ref_axis',(0.,-1.59002986319797E-16,1.));
#2123=DIRECTION('',(-2.10505269264875E-15,0.924186266741271,0.381942069385964));
#2124=DIRECTION('center_axis',(1.84128963893606E-33,-1.,-1.71641003909255E-16));
#2125=DIRECTION('ref_axis',(-6.43653764659707E-17,-1.71641003909255E-16,
1.));
#2126=DIRECTION('center_axis',(1.84128963893606E-33,-1.,-1.71641003909255E-16));
#2127=DIRECTION('ref_axis',(-6.43653764659707E-17,-1.71641003909255E-16,
1.));
#2128=DIRECTION('center_axis',(0.,-1.,-1.61429216985114E-16));
#2129=DIRECTION('ref_axis',(0.,1.59002986319797E-16,-1.));
#2130=DIRECTION('',(1.08929207241682E-16,0.456984849826406,-0.889474478008862));
#2131=DIRECTION('center_axis',(-2.39191427164839E-18,1.,1.82382689029183E-16));
#2132=DIRECTION('ref_axis',(2.84522223775389E-16,-1.8591011070308E-16,1.));
#2133=DIRECTION('center_axis',(-2.39191427164839E-18,1.,1.82382689029183E-16));
#2134=DIRECTION('ref_axis',(2.84522223775389E-16,-1.8591011070308E-16,1.));
#2135=DIRECTION('center_axis',(0.,-1.,-1.61429216985114E-16));
#2136=DIRECTION('ref_axis',(0.,1.59002986319797E-16,-1.));
#2137=DIRECTION('center_axis',(0.,-1.,-1.61429216985114E-16));
#2138=DIRECTION('ref_axis',(1.,0.,0.));
#2139=DIRECTION('',(0.,1.,1.61429216985114E-16));
#2140=DIRECTION('center_axis',(-1.,-7.10833522800165E-16,-2.76427541673925E-14));
#2141=DIRECTION('ref_axis',(-9.22322192209131E-16,-0.998255857998212,0.0590359379721619));
#2142=DIRECTION('center_axis',(-6.12323399573677E-17,1.,1.61429216985114E-16));
#2143=DIRECTION('ref_axis',(1.,6.12323399573677E-17,9.88468869348415E-33));
#2144=DIRECTION('center_axis',(2.39191427164839E-18,-1.,-1.82382689029183E-16));
#2145=DIRECTION('ref_axis',(2.73574033543775E-16,-1.66917528433759E-16,
1.));
#2146=DIRECTION('center_axis',(1.,2.39191427164846E-18,-3.9603871345851E-16));
#2147=DIRECTION('ref_axis',(-3.9603871345851E-16,1.66917528433759E-16,-1.));
#2148=DIRECTION('center_axis',(0.,-1.,-1.66533453693774E-16));
#2149=DIRECTION('ref_axis',(1.,0.,0.));
#2150=DIRECTION('center_axis',(0.,1.,1.66533453693774E-16));
#2151=DIRECTION('ref_axis',(0.,1.58604018734607E-16,-1.));
#2152=DIRECTION('center_axis',(0.,-1.,-1.66533453693774E-16));
#2153=DIRECTION('ref_axis',(0.,1.59002986319797E-16,-1.));
#2154=DIRECTION('center_axis',(0.,-1.,-1.61429216985114E-16));
#2155=DIRECTION('ref_axis',(0.,1.59002986319797E-16,-1.));
#2156=DIRECTION('center_axis',(0.,-1.,-1.61429216985114E-16));
#2157=DIRECTION('ref_axis',(1.,0.,0.));
#2158=DIRECTION('',(0.,1.,1.61429216985114E-16));
#2159=DIRECTION('center_axis',(0.,-1.,-1.61429216985114E-16));
#2160=DIRECTION('ref_axis',(1.,0.,0.));
#2161=DIRECTION('center_axis',(0.,-1.,-1.61429216985114E-16));
#2162=DIRECTION('ref_axis',(0.,1.59002986319797E-16,-1.));
#2163=DIRECTION('',(1.9328645244616E-17,0.987466240227967,-0.157830365931412));
#2164=DIRECTION('center_axis',(0.,-1.,-1.61429216985114E-16));
#2165=DIRECTION('ref_axis',(1.,0.,0.));
#2166=DIRECTION('center_axis',(0.,1.,1.61429216985114E-16));
#2167=DIRECTION('ref_axis',(0.,1.59002986319797E-16,-1.));
#2168=DIRECTION('',(-1.89623965626133E-17,0.987939604216183,0.154839718487124));
#2169=DIRECTION('center_axis',(0.,-1.,-1.61429216985114E-16));
#2170=DIRECTION('ref_axis',(1.,0.,0.));
#2171=DIRECTION('center_axis',(0.,-1.,-1.61429216985114E-16));
#2172=DIRECTION('ref_axis',(0.,1.59002986319797E-16,-1.));
#2173=DIRECTION('',(2.53775691424624E-17,0.978293610706044,-0.207223577933909));
#2174=DIRECTION('center_axis',(0.,-1.,-1.61429216985114E-16));
#2175=DIRECTION('ref_axis',(1.,0.,0.));
#2176=DIRECTION('center_axis',(0.,1.,1.61429216985114E-16));
#2177=DIRECTION('ref_axis',(0.,1.59002986319797E-16,-1.));
#2178=DIRECTION('',(-2.27341028508938E-17,0.982618195947699,0.185638037569054));
#2179=DIRECTION('center_axis',(0.,1.,1.61429216985114E-16));
#2180=DIRECTION('ref_axis',(0.,1.59002986319797E-16,-1.));
#2181=DIRECTION('center_axis',(0.,-1.,-1.61429216985114E-16));
#2182=DIRECTION('ref_axis',(1.,0.,0.));
#2183=DIRECTION('',(-5.25856396548514E-17,0.903117105384739,0.42939433387213));
#2184=DIRECTION('center_axis',(0.,-1.,-1.61429216985114E-16));
#2185=DIRECTION('ref_axis',(0.,1.59002986319797E-16,-1.));
#2186=DIRECTION('',(0.,1.,1.61429216985114E-16));
#2187=DIRECTION('center_axis',(0.,-1.,-1.66533453693774E-16));
#2188=DIRECTION('ref_axis',(1.,0.,0.));
#2189=DIRECTION('center_axis',(0.,-1.,-1.66533453693774E-16));
#2190=DIRECTION('ref_axis',(0.,1.58604018734607E-16,-1.));
#2191=DIRECTION('center_axis',(0.,-1.,-1.66533453693774E-16));
#2192=DIRECTION('ref_axis',(-1.,0.,0.));
#2193=DIRECTION('center_axis',(0.,-1.,-2.77555756156289E-16));
#2194=DIRECTION('ref_axis',(-1.,0.,0.));
#2195=DIRECTION('',(-0.707106781186548,0.707106781186547,1.09665951711922E-16));
#2196=DIRECTION('center_axis',(0.,-1.,-1.61429216985114E-16));
#2197=DIRECTION('ref_axis',(0.,1.58604018734607E-16,-1.));
#2198=DIRECTION('',(0.,-1.,-1.61429216985114E-16));
#2199=DIRECTION('center_axis',(0.,-1.,-1.61429216985114E-16));
#2200=DIRECTION('ref_axis',(1.,0.,0.));
#2201=DIRECTION('center_axis',(0.,1.,1.61429216985114E-16));
#2202=DIRECTION('ref_axis',(0.,1.58604018734607E-16,-1.));
#2203=DIRECTION('',(5.35055640056233E-17,-0.899507127151395,-0.436906086251775));
#2204=DIRECTION('center_axis',(-6.12323399573677E-17,1.,1.61429216985114E-16));
#2205=DIRECTION('ref_axis',(1.,6.12323399573677E-17,9.88468869348414E-33));
#2206=DIRECTION('center_axis',(-1.,0.,0.));
#2207=DIRECTION('ref_axis',(0.,-1.66533453693774E-16,1.));
#2208=DIRECTION('center_axis',(0.,-1.77948873958191E-16,1.));
#2209=DIRECTION('ref_axis',(1.,0.,0.));
#2210=DIRECTION('center_axis',(0.,1.77948873958191E-16,-1.));
#2211=DIRECTION('ref_axis',(-1.,0.,0.));
#2212=DIRECTION('center_axis',(-1.,0.,0.));
#2213=DIRECTION('ref_axis',(0.,-1.66533453693774E-16,1.));
#2214=DIRECTION('center_axis',(1.,0.,0.));
#2215=DIRECTION('ref_axis',(0.,1.66533453693774E-16,-1.));
#2216=DIRECTION('center_axis',(0.,-1.18632582638794E-16,1.));
#2217=DIRECTION('ref_axis',(1.,0.,0.));
#2218=CARTESIAN_POINT('',(0.,0.,0.));
#2219=CARTESIAN_POINT('Origin',(7.70000000000459,6.73517046976744,-45.5550313515415));
#2220=CARTESIAN_POINT('',(7.68156954822002,6.5619723556596,-45.4567321566491));
#2221=CARTESIAN_POINT('',(7.5,6.73517046978326,-45.5550313515145));
#2222=CARTESIAN_POINT('Origin',(7.70000000000002,6.73517046976749,-45.5550313515423));
#2223=CARTESIAN_POINT('',(7.66666753244504,6.7351704697674,-45.3578285457643));
#2224=CARTESIAN_POINT('Origin',(7.70000000000459,6.73517046976744,-45.5550313515415));
#2225=CARTESIAN_POINT('Origin',(7.7,6.73517046979286,-45.5550313515423));
#2226=CARTESIAN_POINT('Origin',(7.70000000000001,7.31196885105467,-45.5550313515241));
#2227=CARTESIAN_POINT('',(7.68509930173311,7.48516696517295,-45.4561355353485));
#2228=CARTESIAN_POINT('',(7.6666675324497,7.31196885106502,-45.3578285457635));
#2229=CARTESIAN_POINT('Origin',(7.7,7.31196885106506,-45.5550313515423));
#2230=CARTESIAN_POINT('',(7.5,7.31196885104838,-45.5550313515423));
#2231=CARTESIAN_POINT('Origin',(7.70000000000001,7.31196885105467,-45.5550313515241));
#2232=CARTESIAN_POINT('Origin',(7.7,7.31196885106496,-45.5550313515423));
#2233=CARTESIAN_POINT('Ctrl Pts',(7.5,8.23019563298556,-47.1625408613349));
#2234=CARTESIAN_POINT('Ctrl Pts',(7.5,7.9240370260655,-46.6267517815408));
#2235=CARTESIAN_POINT('Ctrl Pts',(7.5,7.61795855510666,-46.0909169098617));
#2236=CARTESIAN_POINT('Ctrl Pts',(7.5,7.31196885105467,-45.5550313515241));
#2237=CARTESIAN_POINT('Ctrl Pts',(7.5,8.27976713886091,-47.1342148954761));
#2238=CARTESIAN_POINT('Ctrl Pts',(7.50000110398092,7.97358438259207,-46.5984462031688));
#2239=CARTESIAN_POINT('Ctrl Pts',(7.4999988246924,7.66748244956616,-46.0626315716538));
#2240=CARTESIAN_POINT('Ctrl Pts',(7.5,7.3614670148041,-45.5267679877496));
#2241=CARTESIAN_POINT('Ctrl Pts',(7.5454869869314,8.36573438163296,-47.0850918127549));
#2242=CARTESIAN_POINT('Ctrl Pts',(7.54543532226577,8.05951284256284,-46.5493566342645));
#2243=CARTESIAN_POINT('Ctrl Pts',(7.54538286977815,7.75336899491036,-46.0135779564545));
#2244=CARTESIAN_POINT('Ctrl Pts',(7.54532772170251,7.44731222547302,-45.4777505246025));
#2245=CARTESIAN_POINT('Ctrl Pts',(7.64288623017349,8.40071647223048,-47.0651024764127));
#2246=CARTESIAN_POINT('Ctrl Pts',(7.64275140015464,8.09452902420472,-46.5293524737796));
#2247=CARTESIAN_POINT('Ctrl Pts',(7.64261295650157,7.78842158633565,-45.993557819087));
#2248=CARTESIAN_POINT('Ctrl Pts',(7.64246886282534,7.48240112565207,-45.4577148247889));
#2249=CARTESIAN_POINT('Ctrl Pts',(7.68559532445101,8.40339420270026,-47.0635723776084));
#2250=CARTESIAN_POINT('Ctrl Pts',(7.68543543710515,8.09723545139004,-46.5278063164268));
#2251=CARTESIAN_POINT('Ctrl Pts',(7.68527028033192,7.7911568289019,-45.9919956118724));
#2252=CARTESIAN_POINT('Ctrl Pts',(7.68509930173309,7.48516696516256,-45.4561355353303));
#2253=CARTESIAN_POINT('',(7.68559340844626,8.40123363366846,-47.0597883675615));
#2254=CARTESIAN_POINT('',(7.5,8.1885889086942,-47.0897263801971));
#2255=CARTESIAN_POINT('Ctrl Pts',(7.5,8.18858890816235,-47.0897263805076));
#2256=CARTESIAN_POINT('Ctrl Pts',(7.50000002919154,8.20337185844667,-47.0897263881206));
#2257=CARTESIAN_POINT('Ctrl Pts',(7.50130996549525,8.21811073012068,-47.0895478163567));
#2258=CARTESIAN_POINT('Ctrl Pts',(7.50389561826915,8.23260808559888,-47.0891612676302));
#2259=CARTESIAN_POINT('Ctrl Pts',(7.50634336384434,8.24633221672818,-47.0887953356905));
#2260=CARTESIAN_POINT('Ctrl Pts',(7.50993518483717,8.25984084709763,-47.0882424834021));
#2261=CARTESIAN_POINT('Ctrl Pts',(7.51467474675437,8.27293819139733,-47.0874939370176));
#2262=CARTESIAN_POINT('Ctrl Pts',(7.51585295175192,8.27619405275711,-47.0873078562983));
#2263=CARTESIAN_POINT('Ctrl Pts',(7.51710221713683,8.2794243169775,-47.0871097857841));
#2264=CARTESIAN_POINT('Ctrl Pts',(7.51842285044714,8.28262558030509,-47.0868998170692));
#2265=CARTESIAN_POINT('Ctrl Pts',(7.52359174053098,8.29515515845566,-47.0860780104404));
#2266=CARTESIAN_POINT('Ctrl Pts',(7.52982085893688,8.30716802013023,-47.0850753778057));
#2267=CARTESIAN_POINT('Ctrl Pts',(7.53711269939221,8.31844836851522,-47.0838873984315));
#2268=CARTESIAN_POINT('Ctrl Pts',(7.54372474240956,8.32867708227124,-47.0828101709778));
#2269=CARTESIAN_POINT('Ctrl Pts',(7.55121126471421,8.33830382958906,-47.0815803543203));
#2270=CARTESIAN_POINT('Ctrl Pts',(7.55959051642591,8.34712960393792,-47.0802163575874));
#2271=CARTESIAN_POINT('Ctrl Pts',(7.56045200414325,8.34803699954544,-47.0800761223406));
#2272=CARTESIAN_POINT('Ctrl Pts',(7.5613229390788,8.34893588983393,-47.0799344909332));
#2273=CARTESIAN_POINT('Ctrl Pts',(7.56220334804803,8.34982603070404,-47.0797914992735));
#2274=CARTESIAN_POINT('Ctrl Pts',(7.56439568166519,8.35204259802871,-47.079435431317));
#2275=CARTESIAN_POINT('Ctrl Pts',(7.56663968021186,8.35419766194647,-47.0790718862449));
#2276=CARTESIAN_POINT('Ctrl Pts',(7.56893492198792,8.35628850562279,-47.0787013691343));
#2277=CARTESIAN_POINT('Ctrl Pts',(7.57853470968786,8.3650334037053,-47.0771516911708));
#2278=CARTESIAN_POINT('Ctrl Pts',(7.5890301337015,8.37265814889701,-47.0754781897712));
#2279=CARTESIAN_POINT('Ctrl Pts',(7.60027434342885,8.37904139109273,-47.0736735751683));
#2280=CARTESIAN_POINT('Ctrl Pts',(7.60660172102616,8.38263338952097,-47.0726580766774));
#2281=CARTESIAN_POINT('Ctrl Pts',(7.61316644177001,8.38583152688912,-47.0716014772862));
#2282=CARTESIAN_POINT('Ctrl Pts',(7.61994236231545,8.38860776686893,-47.0705061419893));
#2283=CARTESIAN_POINT('Ctrl Pts',(7.63216477720937,8.39361555240166,-47.0685303746589));
#2284=CARTESIAN_POINT('Ctrl Pts',(7.64483328399357,8.39715412257113,-47.0664648151235));
#2285=CARTESIAN_POINT('Ctrl Pts',(7.65774663247559,8.39919142067512,-47.0643506388668));
#2286=CARTESIAN_POINT('Ctrl Pts',(7.66692667941776,8.40063972761548,-47.0628476795602));
#2287=CARTESIAN_POINT('Ctrl Pts',(7.67623139127825,8.40132862753169,-47.0613205531623));
#2288=CARTESIAN_POINT('Ctrl Pts',(7.68559419603432,8.40123363366685,-47.0597914616763));
#2289=CARTESIAN_POINT('Ctrl Pts',(7.5,8.18858890815729,-47.0897263804987));
#2290=CARTESIAN_POINT('Ctrl Pts',(7.5,7.89630632260603,-46.5782047297745));
#2291=CARTESIAN_POINT('Ctrl Pts',(7.5,7.60409713346335,-46.0666411398658));
#2292=CARTESIAN_POINT('Ctrl Pts',(7.5,7.31196885105467,-45.5550313515241));
#2293=CARTESIAN_POINT('Ctrl Pts',(7.68509930173309,7.48516696516256,-45.4561355353303));
#2294=CARTESIAN_POINT('Ctrl Pts',(7.68526987813177,7.79043703606201,-45.9907350856525));
#2295=CARTESIAN_POINT('Ctrl Pts',(7.68543466006247,8.09579544861953,-46.5252854959934));
#2296=CARTESIAN_POINT('Ctrl Pts',(7.68559419603432,8.40123363366686,-47.0597914616764));
#2297=CARTESIAN_POINT('Origin',(7.7,7.91100000000001,-45.5550313515423));
#2298=CARTESIAN_POINT('',(7.66666753244504,7.91100000000001,-45.3578285457643));
#2299=CARTESIAN_POINT('',(7.5,7.91100000000001,-45.5550313515423));
#2300=CARTESIAN_POINT('Origin',(45.5550313515241,6.14506741446831,-7.70000000000003));
#2301=CARTESIAN_POINT('',(45.4561355353485,5.97186930035002,-7.68509930173313));
#2302=CARTESIAN_POINT('',(45.3578285457635,6.14506741445797,-7.6666675324497));
#2303=CARTESIAN_POINT('Origin',(45.5550313515423,6.14506741445792,-7.70000000000002));
#2304=CARTESIAN_POINT('',(45.5550313515423,6.1450674144746,-7.5));
#2305=CARTESIAN_POINT('Origin',(45.5550313515241,6.14506741446831,-7.70000000000003));
#2306=CARTESIAN_POINT('Origin',(45.5550313515423,6.14506741445802,-7.7));
#2307=CARTESIAN_POINT('Ctrl Pts',(47.1625408613349,5.22684063253741,-7.5));
#2308=CARTESIAN_POINT('Ctrl Pts',(46.6267517815408,5.53299923945746,-7.5));
#2309=CARTESIAN_POINT('Ctrl Pts',(46.0909169098616,5.83907771041636,-7.5));
#2310=CARTESIAN_POINT('Ctrl Pts',(45.5550313515241,6.14506741446831,-7.5));
#2311=CARTESIAN_POINT('Ctrl Pts',(47.1342148954761,5.17726912666206,-7.5));
#2312=CARTESIAN_POINT('Ctrl Pts',(46.5984462031688,5.4834518829309,-7.50000110398092));
#2313=CARTESIAN_POINT('Ctrl Pts',(46.0626315716538,5.78955381595685,-7.4999988246924));
#2314=CARTESIAN_POINT('Ctrl Pts',(45.5267679877495,6.09556925071888,-7.5));
#2315=CARTESIAN_POINT('Ctrl Pts',(47.0850911878139,5.09130079021963,-7.5454858472039));
#2316=CARTESIAN_POINT('Ctrl Pts',(46.5493560093234,5.39752232928974,-7.54543418253827));
#2317=CARTESIAN_POINT('Ctrl Pts',(46.0135773365907,5.70366618503355,-7.54538173549543));
#2318=CARTESIAN_POINT('Ctrl Pts',(45.4777499047387,6.00972295447085,-7.54532658741979));
#2319=CARTESIAN_POINT('Ctrl Pts',(47.0651024764127,5.0563197932925,-7.64288623017348));
#2320=CARTESIAN_POINT('Ctrl Pts',(46.5293524737796,5.36250724131825,-7.64275140015462));
#2321=CARTESIAN_POINT('Ctrl Pts',(45.9935578190869,5.66861467918734,-7.64261295650159));
#2322=CARTESIAN_POINT('Ctrl Pts',(45.4577148247888,5.97463513987088,-7.64246886282537));
#2323=CARTESIAN_POINT('Ctrl Pts',(47.0635723776084,5.05364206282272,-7.685595324451));
#2324=CARTESIAN_POINT('Ctrl Pts',(46.5278063164268,5.35980081413294,-7.68543543710513));
#2325=CARTESIAN_POINT('Ctrl Pts',(45.9919956118723,5.66587943662109,-7.68527028033195));
#2326=CARTESIAN_POINT('Ctrl Pts',(45.4561355353303,5.97186930036039,-7.68509930173312));
#2327=CARTESIAN_POINT('',(47.0597883725601,5.05580263185453,-7.68559341051291));
#2328=CARTESIAN_POINT('',(47.0897263801971,5.26844735682878,-7.5));
#2329=CARTESIAN_POINT('Ctrl Pts',(47.0897263805076,5.26844735736062,-7.5));
#2330=CARTESIAN_POINT('Ctrl Pts',(47.0897263881206,5.25366447108826,-7.50000002919141));
#2331=CARTESIAN_POINT('Ctrl Pts',(47.0895477998467,5.23892563144466,-7.50130992123149));
#2332=CARTESIAN_POINT('Ctrl Pts',(47.0891612265768,5.22442828761706,-7.50389550065131));
#2333=CARTESIAN_POINT('Ctrl Pts',(47.0887952750018,5.21070430248922,-7.50634315271272));
#2334=CARTESIAN_POINT('Ctrl Pts',(47.088242399555,5.19719579561798,-7.5099348315596));
#2335=CARTESIAN_POINT('Ctrl Pts',(47.0874938341439,5.18409855673733,-7.51467421595425));
#2336=CARTESIAN_POINT('Ctrl Pts',(47.0873077320314,5.18084243003438,-7.51585248232196));
#2337=CARTESIAN_POINT('Ctrl Pts',(47.0871096382291,5.17761190393279,-7.51710181961842));
#2338=CARTESIAN_POINT('Ctrl Pts',(47.0868996444756,5.17441038317226,-7.51842253568053));
#2339=CARTESIAN_POINT('Ctrl Pts',(47.0860778017982,5.16188074193517,-7.5235913600212));
#2340=CARTESIAN_POINT('Ctrl Pts',(47.0850751339174,5.14986781857874,-7.52982041414785));
#2341=CARTESIAN_POINT('Ctrl Pts',(47.0838871284442,5.13858742451967,-7.53711220700585));
#2342=CARTESIAN_POINT('Ctrl Pts',(47.0828098963803,5.12835885028479,-7.54372408990309));
#2343=CARTESIAN_POINT('Ctrl Pts',(47.081580088084,5.11873223444519,-7.55121043486143));
#2344=CARTESIAN_POINT('Ctrl Pts',(47.0802161189594,5.10990658566323,-7.55958950456025));
#2345=CARTESIAN_POINT('Ctrl Pts',(47.0800758599426,5.10899903079419,-7.56045113702389));
#2346=CARTESIAN_POINT('Ctrl Pts',(47.0799342044386,5.10809998440899,-7.56132222024361));
#2347=CARTESIAN_POINT('Ctrl Pts',(47.0797911883829,5.10720969074847,-7.56220278106524));
#2348=CARTESIAN_POINT('Ctrl Pts',(47.0794351209394,5.10499312432157,-7.56439511561802));
#2349=CARTESIAN_POINT('Ctrl Pts',(47.079071577425,5.10283806312991,-7.56663911700561));
#2350=CARTESIAN_POINT('Ctrl Pts',(47.078701063041,5.10074722422524,-7.56893436375429));
#2351=CARTESIAN_POINT('Ctrl Pts',(47.0771513801437,5.09200225390521,-7.57853427346011));
#2352=CARTESIAN_POINT('Ctrl Pts',(47.0754778916533,5.08437749589024,-7.58902987573551));
#2353=CARTESIAN_POINT('Ctrl Pts',(47.0736732950202,5.07799428215711,-7.6002742922393));
#2354=CARTESIAN_POINT('Ctrl Pts',(47.0726578363723,5.07440240490999,-7.60660160094078));
#2355=CARTESIAN_POINT('Ctrl Pts',(47.0716012808581,5.07120437877707,-7.61316624791059));
#2356=CARTESIAN_POINT('Ctrl Pts',(47.0705059909431,5.06842823431756,-7.61994208684713));
#2357=CARTESIAN_POINT('Ctrl Pts',(47.0685302665062,5.06342052231939,-7.63216459559447));
#2358=CARTESIAN_POINT('Ctrl Pts',(47.0664647488552,5.05988202713034,-7.64483319559853));
#2359=CARTESIAN_POINT('Ctrl Pts',(47.0643505992528,5.05784478044694,-7.65774660990571));
#2360=CARTESIAN_POINT('Ctrl Pts',(47.0628476624663,5.05639651350303,-7.66692668182653));
#2361=CARTESIAN_POINT('Ctrl Pts',(47.0613205510383,5.05570763812323,-7.67623140428334));
#2362=CARTESIAN_POINT('Ctrl Pts',(47.0597914616764,5.05580263185611,-7.68559419603431));
#2363=CARTESIAN_POINT('Ctrl Pts',(47.0897263804987,5.26844735736569,-7.49999999999999));
#2364=CARTESIAN_POINT('Ctrl Pts',(46.5782047297745,5.56072994291694,-7.49999999999999));
#2365=CARTESIAN_POINT('Ctrl Pts',(46.0666411398657,5.85293913205967,-7.5));
#2366=CARTESIAN_POINT('Ctrl Pts',(45.5550313515241,6.14506741446831,-7.5));
#2367=CARTESIAN_POINT('Ctrl Pts',(45.4561355353303,5.97186930036039,-7.68509930173312));
#2368=CARTESIAN_POINT('Ctrl Pts',(45.9907350856524,5.66659922946098,-7.6852698781318));
#2369=CARTESIAN_POINT('Ctrl Pts',(46.5252854959934,5.36124081690345,-7.68543466006246));
#2370=CARTESIAN_POINT('Ctrl Pts',(47.0597914616763,5.05580263185612,-7.68559419603431));
#2371=CARTESIAN_POINT('Origin',(45.5550313515415,6.72186579575553,-7.70000000000459));
#2372=CARTESIAN_POINT('',(45.4567321566491,6.89506390986338,-7.68156954821998));
#2373=CARTESIAN_POINT('',(45.5550313515145,6.72186579573971,-7.5));
#2374=CARTESIAN_POINT('Origin',(45.5550313515423,6.72186579575549,-7.69999999999998));
#2375=CARTESIAN_POINT('',(45.3578285457643,6.72186579575558,-7.66666753244504));
#2376=CARTESIAN_POINT('Origin',(45.5550313515415,6.72186579575553,-7.70000000000459));
#2377=CARTESIAN_POINT('Origin',(45.5550313515423,6.72186579573012,-7.7));
#2378=CARTESIAN_POINT('Ctrl Pts',(45.4567321566491,6.89506390986339,-7.68156954821998));
#2379=CARTESIAN_POINT('Ctrl Pts',(44.552597098928,6.95126241047801,-13.0319116748215));
#2380=CARTESIAN_POINT('Ctrl Pts',(40.8341927729497,7.06366164846718,-23.4031075833565));
#2381=CARTESIAN_POINT('Ctrl Pts',(28.4566628496127,7.26036755406288,-38.2136322283975));
#2382=CARTESIAN_POINT('Ctrl Pts',(15.7105072080488,7.40086921370931,-44.0993097521935));
#2383=CARTESIAN_POINT('Ctrl Pts',(7.68509930173309,7.48516696517296,-45.4561355353485));
#2384=CARTESIAN_POINT('Ctrl Pts',(45.4226312483639,6.87511870865746,-7.67601464343341));
#2385=CARTESIAN_POINT('Ctrl Pts',(44.5191519939055,6.93131720927209,-13.0223320159831));
#2386=CARTESIAN_POINT('Ctrl Pts',(40.8034777319029,7.04371644726125,-23.3857567490154));
#2387=CARTESIAN_POINT('Ctrl Pts',(28.4351779281397,7.24042235285696,-38.1851109220853));
#2388=CARTESIAN_POINT('Ctrl Pts',(15.6985207632526,7.38092401250339,-44.0663326727936));
#2389=CARTESIAN_POINT('Ctrl Pts',(7.67913791651578,7.46522176396704,-45.4221033329609));
#2390=CARTESIAN_POINT('Ctrl Pts',(45.3736768237865,6.82162601826425,-7.66830071633173));
#2391=CARTESIAN_POINT('Ctrl Pts',(44.4711029514043,6.87782451887888,-13.0088703288089));
#2392=CARTESIAN_POINT('Ctrl Pts',(40.7593154432859,6.99022375686804,-23.3610792183982));
#2393=CARTESIAN_POINT('Ctrl Pts',(28.4041179798177,7.18692966246375,-38.1443859842988));
#2394=CARTESIAN_POINT('Ctrl Pts',(15.6811276293895,7.32743132211018,-44.0191135001803));
#2395=CARTESIAN_POINT('Ctrl Pts',(7.67033381581254,7.41172907357383,-45.3733331764321));
#2396=CARTESIAN_POINT('Ctrl Pts',(45.3578800772243,6.75178478015018,-7.6663626600715));
#2397=CARTESIAN_POINT('Ctrl Pts',(44.455535326665,6.80798328076481,-13.0050670723722));
#2398=CARTESIAN_POINT('Ctrl Pts',(40.7448623789468,6.92038251875397,-23.3536506897023));
#2399=CARTESIAN_POINT('Ctrl Pts',(28.393712348743,7.11708842434967,-38.1316475225197));
#2400=CARTESIAN_POINT('Ctrl Pts',(15.6750108876551,7.2575900839961,-44.0041522807018));
#2401=CARTESIAN_POINT('Ctrl Pts',(7.66697240481856,7.34188783545975,-45.3577770143043));
#2402=CARTESIAN_POINT('Ctrl Pts',(45.3578285457643,6.72186579575549,-7.66666753244502));
#2403=CARTESIAN_POINT('Ctrl Pts',(44.4554474830841,6.77806429637012,-13.0053685196446));
#2404=CARTESIAN_POINT('Ctrl Pts',(40.7447074286383,6.89046353435928,-23.3539228833389));
#2405=CARTESIAN_POINT('Ctrl Pts',(28.3934534083958,7.08716943995498,-38.1318406002736));
#2406=CARTESIAN_POINT('Ctrl Pts',(15.6747190647056,7.22767109960142,-44.0042569430457));
#2407=CARTESIAN_POINT('Ctrl Pts',(7.66666753244503,7.31196885106506,-45.3578285457643));
#2408=CARTESIAN_POINT('Ctrl Pts',(7.66666753244503,7.31196885106506,-45.3578285457643));
#2409=CARTESIAN_POINT('Ctrl Pts',(15.6747190647056,7.22767109960142,-44.0042569430457));
#2410=CARTESIAN_POINT('Ctrl Pts',(28.3934534083958,7.08716943995498,-38.1318406002736));
#2411=CARTESIAN_POINT('Ctrl Pts',(40.7447074286383,6.89046353435928,-23.3539228833389));
#2412=CARTESIAN_POINT('Ctrl Pts',(44.4554474830841,6.77806429637012,-13.0053685196446));
#2413=CARTESIAN_POINT('Ctrl Pts',(45.3578285457643,6.72186579575549,-7.66666753244502));
#2414=CARTESIAN_POINT('Ctrl Pts',(45.4567321566491,6.89506390986339,-7.68156954821998));
#2415=CARTESIAN_POINT('Ctrl Pts',(44.552597098928,6.95126241047801,-13.0319116748215));
#2416=CARTESIAN_POINT('Ctrl Pts',(40.8341927729497,7.06366164846718,-23.4031075833565));
#2417=CARTESIAN_POINT('Ctrl Pts',(28.4566628496127,7.26036755406288,-38.2136322283975));
#2418=CARTESIAN_POINT('Ctrl Pts',(15.7105072080488,7.40086921370931,-44.0993097521935));
#2419=CARTESIAN_POINT('Ctrl Pts',(7.68509930173309,7.48516696517296,-45.4561355353485));
#2420=CARTESIAN_POINT('Origin',(45.5550313515423,7.911,-7.7));
#2421=CARTESIAN_POINT('',(45.3578285457643,7.911,-7.66666753244504));
#2422=CARTESIAN_POINT('',(45.5550313515423,7.911,-7.5));
#2423=CARTESIAN_POINT('Ctrl Pts',(45.5550313515145,6.72186579573971,-7.5));
#2424=CARTESIAN_POINT('Ctrl Pts',(46.0908137144808,7.0259509481032,-7.5));
#2425=CARTESIAN_POINT('Ctrl Pts',(46.6265184175073,7.33017292947509,-7.5));
#2426=CARTESIAN_POINT('Ctrl Pts',(47.1621529283342,7.63451844226989,-7.5));
#2427=CARTESIAN_POINT('Ctrl Pts',(45.5272298825762,6.77085055085162,-7.5));
#2428=CARTESIAN_POINT('Ctrl Pts',(46.0629836879481,7.07496650459644,-7.4999986007243));
#2429=CARTESIAN_POINT('Ctrl Pts',(46.5986619981343,7.37921663070279,-7.50000131643636));
#2430=CARTESIAN_POINT('Ctrl Pts',(47.1342700347043,7.68359108984321,-7.5));
#2431=CARTESIAN_POINT('Ctrl Pts',(45.4789931623222,6.85584116535077,-7.54420242276015));
#2432=CARTESIAN_POINT('Ctrl Pts',(46.0146997254289,7.16000670081513,-7.54426933905452));
#2433=CARTESIAN_POINT('Ctrl Pts',(46.550331213397,7.46430708410851,-7.54433303084876));
#2434=CARTESIAN_POINT('Ctrl Pts',(47.0858954934404,7.76872812212093,-7.54439577768747));
#2435=CARTESIAN_POINT('Ctrl Pts',(45.4586536327438,6.89167836797117,-7.63950606364908));
#2436=CARTESIAN_POINT('Ctrl Pts',(45.9943767076058,7.19580051487068,-7.6396823973005));
#2437=CARTESIAN_POINT('Ctrl Pts',(46.5300253399057,7.50005737287325,-7.63985193075601));
#2438=CARTESIAN_POINT('Ctrl Pts',(47.0656054931008,7.80443761659228,-7.64001703594319));
#2439=CARTESIAN_POINT('Ctrl Pts',(45.4567321566213,6.89506390984759,-7.68156954821997));
#2440=CARTESIAN_POINT('Ctrl Pts',(45.9924753990829,7.19914922186769,-7.68177969859424));
#2441=CARTESIAN_POINT('Ctrl Pts',(46.5281429931143,7.50337135473331,-7.68198275067799));
#2442=CARTESIAN_POINT('Ctrl Pts',(47.0637421530428,7.80771701188005,-7.68217937174134));
#2443=CARTESIAN_POINT('',(47.0897263801933,7.59336694884534,-7.5));
#2444=CARTESIAN_POINT('',(47.0603492316133,7.80578904071374,-7.68217812609751));
#2445=CARTESIAN_POINT('Ctrl Pts',(47.0603492316144,7.80578904071178,-7.68217812609764));
#2446=CARTESIAN_POINT('Ctrl Pts',(47.0625004629784,7.8056553362253,-7.66899987324305));
#2447=CARTESIAN_POINT('Ctrl Pts',(47.0646411932298,7.80396988995351,-7.65596694547399));
#2448=CARTESIAN_POINT('Ctrl Pts',(47.0667140683062,7.80080281193926,-7.6432653584778));
#2449=CARTESIAN_POINT('Ctrl Pts',(47.0681855478856,7.79855458643008,-7.6342488354356));
#2450=CARTESIAN_POINT('Ctrl Pts',(47.0696234284856,7.7955586889999,-7.62539917884938));
#2451=CARTESIAN_POINT('Ctrl Pts',(47.071014415335,7.79182748336296,-7.61678928359693));
#2452=CARTESIAN_POINT('Ctrl Pts',(47.072943358288,7.78665325556733,-7.60484956124775));
#2453=CARTESIAN_POINT('Ctrl Pts',(47.0747458704823,7.7801647840794,-7.59359556612017));
#2454=CARTESIAN_POINT('Ctrl Pts',(47.0764155285572,7.77251080602516,-7.58317040991563));
#2455=CARTESIAN_POINT('Ctrl Pts',(47.0772917349743,7.76849413651196,-7.57769947613447));
#2456=CARTESIAN_POINT('Ctrl Pts',(47.0781318184291,7.76415567330484,-7.57245669604927));
#2457=CARTESIAN_POINT('Ctrl Pts',(47.0789376227196,7.75951203263328,-7.56746326627246));
#2458=CARTESIAN_POINT('Ctrl Pts',(47.0792574551097,7.75766892170336,-7.56548132028431));
#2459=CARTESIAN_POINT('Ctrl Pts',(47.0795719059417,7.75577770073237,-7.5635386668112));
#2460=CARTESIAN_POINT('Ctrl Pts',(47.0798806488392,7.75384018600897,-7.56163556235093));
#2461=CARTESIAN_POINT('Ctrl Pts',(47.0813131883428,7.74485029052717,-7.55280532742051));
#2462=CARTESIAN_POINT('Ctrl Pts',(47.0826051982149,7.73498056574795,-7.54493471189352));
#2463=CARTESIAN_POINT('Ctrl Pts',(47.0837347262821,7.72445464062167,-7.53800277851856));
#2464=CARTESIAN_POINT('Ctrl Pts',(47.0848482537895,7.7140778226297,-7.5311690408564));
#2465=CARTESIAN_POINT('Ctrl Pts',(47.0858044763046,7.70306219686914,-7.5252472442328));
#2466=CARTESIAN_POINT('Ctrl Pts',(47.0866053409899,7.6915815843167,-7.52023419859808));
#2467=CARTESIAN_POINT('Ctrl Pts',(47.0874910131947,7.67888523296137,-7.51469029678552));
#2468=CARTESIAN_POINT('Ctrl Pts',(47.0881792067201,7.66569120857523,-7.51028921293225));
#2469=CARTESIAN_POINT('Ctrl Pts',(47.0886793865769,7.65221162922368,-7.50702061015906));
#2470=CARTESIAN_POINT('Ctrl Pts',(47.0887779575819,7.64955519341038,-7.50637646294648));
#2471=CARTESIAN_POINT('Ctrl Pts',(47.0888692965664,7.6468875445571,-7.50577637862892));
#2472=CARTESIAN_POINT('Ctrl Pts',(47.0889535707282,7.64421013943062,-7.50522040254488));
#2473=CARTESIAN_POINT('Ctrl Pts',(47.0894127714494,7.62962125075539,-7.50219094946885));
#2474=CARTESIAN_POINT('Ctrl Pts',(47.0896597511269,7.61476602327807,-7.50047233181464));
#2475=CARTESIAN_POINT('Ctrl Pts',(47.0897145131696,7.59985657135718,-7.50008445179696));
#2476=CARTESIAN_POINT('Ctrl Pts',(47.0897224549456,7.59769435238091,-7.50002820012928));
#2477=CARTESIAN_POINT('Ctrl Pts',(47.0897263819943,7.59553094380195,-7.50000000514003));
#2478=CARTESIAN_POINT('Ctrl Pts',(47.0897263806603,7.59336694803366,-7.5));
#2479=CARTESIAN_POINT('Ctrl Pts',(47.0603492316143,7.80578904071177,-7.68217812609764));
#2480=CARTESIAN_POINT('Ctrl Pts',(46.5258807567569,7.50208656179836,-7.68198189311502));
#2481=CARTESIAN_POINT('Ctrl Pts',(45.9913441213333,7.19850711400667,-7.6817792548398));
#2482=CARTESIAN_POINT('Ctrl Pts',(45.4567321566213,6.89506390984759,-7.68156954821997));
#2483=CARTESIAN_POINT('Ctrl Pts',(45.5550313515145,6.72186579573971,-7.5));
#2484=CARTESIAN_POINT('Ctrl Pts',(46.0666650107699,7.01224526692575,-7.5));
#2485=CARTESIAN_POINT('Ctrl Pts',(46.5782278528762,7.30274951081067,-7.5));
#2486=CARTESIAN_POINT('Ctrl Pts',(47.0897263806468,7.59336694802596,-7.5));
#2487=CARTESIAN_POINT('Ctrl Pts',(7.68156954822,6.5619723556596,-45.4567321566491));
#2488=CARTESIAN_POINT('Ctrl Pts',(13.0319116748215,6.50577385504497,-44.552597098928));
#2489=CARTESIAN_POINT('Ctrl Pts',(23.4031042315838,6.3933746178788,-40.8341968888524));
#2490=CARTESIAN_POINT('Ctrl Pts',(38.2136538200935,6.19666870854986,-28.4566692688589));
#2491=CARTESIAN_POINT('Ctrl Pts',(44.0993097521935,6.05616705181368,-15.7105072080489));
#2492=CARTESIAN_POINT('Ctrl Pts',(45.4561355353485,5.97186930035002,-7.68509930173312));
#2493=CARTESIAN_POINT('Ctrl Pts',(7.67601464343343,6.58191755686552,-45.4226312483639));
#2494=CARTESIAN_POINT('Ctrl Pts',(13.0223320159832,6.5257190562509,-44.5191519939055));
#2495=CARTESIAN_POINT('Ctrl Pts',(23.3857534079611,6.41331981908472,-40.8034818697518));
#2496=CARTESIAN_POINT('Ctrl Pts',(38.1851325359319,6.21661390975579,-28.4351843436997));
#2497=CARTESIAN_POINT('Ctrl Pts',(44.0663326727936,6.0761122530196,-15.6985207632527));
#2498=CARTESIAN_POINT('Ctrl Pts',(45.4221033329609,5.99181450155595,-7.67913791651581));
#2499=CARTESIAN_POINT('Ctrl Pts',(7.66830070272788,6.63541020751177,-45.3736767457674));
#2500=CARTESIAN_POINT('Ctrl Pts',(13.0088703152051,6.57921170689714,-44.4711028733852));
#2501=CARTESIAN_POINT('Ctrl Pts',(23.3610758240808,6.46681246973096,-40.7593194815045));
#2502=CARTESIAN_POINT('Ctrl Pts',(38.1444074671306,6.27010656040203,-28.4041243287986));
#2503=CARTESIAN_POINT('Ctrl Pts',(44.0191134220242,6.12960490366584,-15.6811276165957));
#2504=CARTESIAN_POINT('Ctrl Pts',(45.3733330982761,6.04530715220219,-7.67033380301874));
#2505=CARTESIAN_POINT('Ctrl Pts',(7.66636266007152,6.7052514853728,-45.3578800772243));
#2506=CARTESIAN_POINT('Ctrl Pts',(13.0050670723723,6.64905298475818,-44.455535326665));
#2507=CARTESIAN_POINT('Ctrl Pts',(23.3536473471864,6.536653747592,-40.7448664920408));
#2508=CARTESIAN_POINT('Ctrl Pts',(38.1316690767332,6.33994783826307,-28.3937187538218));
#2509=CARTESIAN_POINT('Ctrl Pts',(44.0041522807017,6.19944618152688,-15.6750108876551));
#2510=CARTESIAN_POINT('Ctrl Pts',(45.3577770143043,6.11514843006323,-7.66697240481859));
#2511=CARTESIAN_POINT('Ctrl Pts',(7.66666753244504,6.73517046976749,-45.3578285457643));
#2512=CARTESIAN_POINT('Ctrl Pts',(13.0053685196447,6.67897196915287,-44.4554474830841));
#2513=CARTESIAN_POINT('Ctrl Pts',(23.3539195389965,6.56657273198669,-40.7447115357425));
#2514=CARTESIAN_POINT('Ctrl Pts',(38.131862145381,6.36986682265776,-28.3934598128807));
#2515=CARTESIAN_POINT('Ctrl Pts',(44.0042569430456,6.22936516592157,-15.6747190647056));
#2516=CARTESIAN_POINT('Ctrl Pts',(45.3578285457643,6.14506741445792,-7.66666753244506));
#2517=CARTESIAN_POINT('Ctrl Pts',(45.3578285457643,6.14506741445792,-7.66666753244506));
#2518=CARTESIAN_POINT('Ctrl Pts',(44.0042569430456,6.22936516592157,-15.6747190647056));
#2519=CARTESIAN_POINT('Ctrl Pts',(38.131862145381,6.36986682265776,-28.3934598128807));
#2520=CARTESIAN_POINT('Ctrl Pts',(23.3539195389965,6.56657273198669,-40.7447115357425));
#2521=CARTESIAN_POINT('Ctrl Pts',(13.0053685196447,6.67897196915287,-44.4554474830841));
#2522=CARTESIAN_POINT('Ctrl Pts',(7.66666753244504,6.73517046976749,-45.3578285457643));
#2523=CARTESIAN_POINT('Ctrl Pts',(7.68156954822,6.5619723556596,-45.4567321566491));
#2524=CARTESIAN_POINT('Ctrl Pts',(13.0319116748215,6.50577385504497,-44.552597098928));
#2525=CARTESIAN_POINT('Ctrl Pts',(23.4031042315838,6.3933746178788,-40.8341968888524));
#2526=CARTESIAN_POINT('Ctrl Pts',(38.2136538200935,6.19666870854986,-28.4566692688589));
#2527=CARTESIAN_POINT('Ctrl Pts',(44.0993097521935,6.05616705181368,-15.7105072080489));
#2528=CARTESIAN_POINT('Ctrl Pts',(45.4561355353485,5.97186930035002,-7.68509930173312));
#2529=CARTESIAN_POINT('Ctrl Pts',(7.5,6.73517046978327,-45.5550313515145));
#2530=CARTESIAN_POINT('Ctrl Pts',(7.5,6.4310853174198,-46.0908137144807));
#2531=CARTESIAN_POINT('Ctrl Pts',(7.5,6.12686333604789,-46.6265184175073));
#2532=CARTESIAN_POINT('Ctrl Pts',(7.5,5.82251782325309,-47.1621529283342));
#2533=CARTESIAN_POINT('Ctrl Pts',(7.5,6.68618571467135,-45.5272298825762));
#2534=CARTESIAN_POINT('Ctrl Pts',(7.49999860072431,6.38206976092655,-46.0629836879481));
#2535=CARTESIAN_POINT('Ctrl Pts',(7.50000131643637,6.0778196348202,-46.5986619981343));
#2536=CARTESIAN_POINT('Ctrl Pts',(7.5,5.77344517567978,-47.1342700347043));
#2537=CARTESIAN_POINT('Ctrl Pts',(7.54420172819829,6.60119444765476,-45.4789927919836));
#2538=CARTESIAN_POINT('Ctrl Pts',(7.54426864449266,6.29702891219043,-46.0146993550904));
#2539=CARTESIAN_POINT('Ctrl Pts',(7.54433233208263,5.99272852285317,-46.5503308392049));
#2540=CARTESIAN_POINT('Ctrl Pts',(7.54439507892134,5.68830748484074,-47.0858951192483));
#2541=CARTESIAN_POINT('Ctrl Pts',(7.63950606364911,6.56535789755178,-45.4586536327438));
#2542=CARTESIAN_POINT('Ctrl Pts',(7.63968239730053,6.26123575065229,-45.9943767076058));
#2543=CARTESIAN_POINT('Ctrl Pts',(7.639851930756,5.95697889264975,-46.5300253399057));
#2544=CARTESIAN_POINT('Ctrl Pts',(7.64001703594318,5.65259864893071,-47.0656054931009));
#2545=CARTESIAN_POINT('Ctrl Pts',(7.68156954822001,6.56197235567535,-45.4567321566213));
#2546=CARTESIAN_POINT('Ctrl Pts',(7.68177969859428,6.25788704365528,-45.9924753990828));
#2547=CARTESIAN_POINT('Ctrl Pts',(7.68198275067797,5.9536649107897,-46.5281429931143));
#2548=CARTESIAN_POINT('Ctrl Pts',(7.68217937174132,5.64931925364294,-47.0637421530428));
#2549=CARTESIAN_POINT('',(7.5,5.86366931667764,-47.0897263801933));
#2550=CARTESIAN_POINT('',(7.68217736891303,5.65124722480924,-47.0603462538631));
#2551=CARTESIAN_POINT('Ctrl Pts',(7.68217812609762,5.65124722481122,-47.0603492316144));
#2552=CARTESIAN_POINT('Ctrl Pts',(7.66899985646756,5.65138092946789,-47.0625004657168));
#2553=CARTESIAN_POINT('Ctrl Pts',(7.65596688311181,5.6530663523515,-47.0646411830494));
#2554=CARTESIAN_POINT('Ctrl Pts',(7.64326523926113,5.65623339903645,-47.0667140383566));
#2555=CARTESIAN_POINT('Ctrl Pts',(7.63424870350598,5.65848159541235,-47.0681854993905));
#2556=CARTESIAN_POINT('Ctrl Pts',(7.62539902747137,5.66147745509702,-47.0696233581844));
#2557=CARTESIAN_POINT('Ctrl Pts',(7.61678911163965,5.66520862009665,-47.0710143232512));
#2558=CARTESIAN_POINT('Ctrl Pts',(7.60484925920268,5.67038283554592,-47.072943252403));
#2559=CARTESIAN_POINT('Ctrl Pts',(7.59359514378389,5.67687131283357,-47.0747457493854));
#2560=CARTESIAN_POINT('Ctrl Pts',(7.58316989527557,5.68452532642784,-47.0764153989974));
#2561=CARTESIAN_POINT('Ctrl Pts',(7.5776990197486,5.6885419362595,-47.0772915838859));
#2562=CARTESIAN_POINT('Ctrl Pts',(7.57245629669714,5.69288033542638,-47.078131649081));
#2563=CARTESIAN_POINT('Ctrl Pts',(7.56746292401986,5.69752391032937,-47.078937439442));
#2564=CARTESIAN_POINT('Ctrl Pts',(7.56548097534614,5.69936701872826,-47.079257270394));
#2565=CARTESIAN_POINT('Ctrl Pts',(7.56353832020176,5.70125823812416,-47.079571720331));
#2566=CARTESIAN_POINT('Ctrl Pts',(7.56163521498927,5.70319575213863,-47.0798804628258));
#2567=CARTESIAN_POINT('Ctrl Pts',(7.55280507102282,5.71218554816911,-47.081312985137));
#2568=CARTESIAN_POINT('Ctrl Pts',(7.54493454561449,5.72205517328703,-47.0826049913986));
#2569=CARTESIAN_POINT('Ctrl Pts',(7.53800269236076,5.7325809962768,-47.083734524777));
#2570=CARTESIAN_POINT('Ctrl Pts',(7.53116888643805,5.74295793716921,-47.0848480815142));
#2571=CARTESIAN_POINT('Ctrl Pts',(7.52524705113739,5.75397371083643,-47.0858043350842));
#2572=CARTESIAN_POINT('Ctrl Pts',(7.52023398842367,5.76545448312544,-47.0866052284412));
#2573=CARTESIAN_POINT('Ctrl Pts',(7.51469017947888,5.77815075519374,-47.0874909144998));
#2574=CARTESIAN_POINT('Ctrl Pts',(7.51028916934872,5.79134469305821,-47.0881791267088));
#2575=CARTESIAN_POINT('Ctrl Pts',(7.50702061219455,5.80482417579259,-47.0886793248233));
#2576=CARTESIAN_POINT('Ctrl Pts',(7.50637643755237,5.80748074276008,-47.0887779049999));
#2577=CARTESIAN_POINT('Ctrl Pts',(7.50577632969713,5.81014852364272,-47.0888692523211));
#2578=CARTESIAN_POINT('Ctrl Pts',(7.50522033390831,5.81282606140555,-47.0889535339735));
#2579=CARTESIAN_POINT('Ctrl Pts',(7.50219093049514,5.82741491657448,-47.0894127517061));
#2580=CARTESIAN_POINT('Ctrl Pts',(7.50047234044694,5.84227009867345,-47.0896597449971));
#2581=CARTESIAN_POINT('Ctrl Pts',(7.50008445585186,5.85717948701096,-47.0897145117157));
#2582=CARTESIAN_POINT('Ctrl Pts',(7.50002820147555,5.85934177536337,-47.0897224544586));
#2583=CARTESIAN_POINT('Ctrl Pts',(7.5000000051402,5.86150525302221,-47.0897263819943));
#2584=CARTESIAN_POINT('Ctrl Pts',(7.5,5.86366931748933,-47.0897263806603));
#2585=CARTESIAN_POINT('Ctrl Pts',(7.68217812609762,5.65124722481122,-47.0603492316144));
#2586=CARTESIAN_POINT('Ctrl Pts',(7.681981893115,5.95494970372464,-46.5258807567569));
#2587=CARTESIAN_POINT('Ctrl Pts',(7.68177925483984,6.25852915151629,-45.9913441213332));
#2588=CARTESIAN_POINT('Ctrl Pts',(7.68156954822001,6.56197235567535,-45.4567321566213));
#2589=CARTESIAN_POINT('Ctrl Pts',(7.5,6.73517046978327,-45.5550313515145));
#2590=CARTESIAN_POINT('Ctrl Pts',(7.5,6.44479099859725,-46.0666650107698));
#2591=CARTESIAN_POINT('Ctrl Pts',(7.5,6.15428675471232,-46.5782278528762));
#2592=CARTESIAN_POINT('Ctrl Pts',(7.5,5.86366931749703,-47.0897263806468));
#2593=CARTESIAN_POINT('Origin',(47.0897263802042,2.22044604925031E-15,-7.5));
#2594=CARTESIAN_POINT('',(47.0897263802042,2.22044604925031E-15,-7.5));
#2595=CARTESIAN_POINT('Ctrl Pts',(7.49999999999986,5.65309498836653,-47.0897263802042));
#2596=CARTESIAN_POINT('Ctrl Pts',(12.4244423652737,5.60316375678048,-46.3054084285272));
#2597=CARTESIAN_POINT('Ctrl Pts',(22.0238720069255,5.5033012936084,-43.178479588897));
#2598=CARTESIAN_POINT('Ctrl Pts',(34.2761017867667,5.35350759885026,-34.2761017867665));
#2599=CARTESIAN_POINT('Ctrl Pts',(43.178479588897,5.20371390409213,-22.0238720069255));
#2600=CARTESIAN_POINT('Ctrl Pts',(46.3054084285272,5.10385144092004,-12.4244423652738));
#2601=CARTESIAN_POINT('Ctrl Pts',(47.0897263802042,5.05392020933399,-7.50000000000004));
#2602=CARTESIAN_POINT('Ctrl Pts',(7.417054415721,5.95755988545319,-46.5689417311192));
#2603=CARTESIAN_POINT('Ctrl Pts',(12.2870353477635,5.90762865386715,-45.7932978742105));
#2604=CARTESIAN_POINT('Ctrl Pts',(21.7803009493659,5.80776619069506,-42.7009510265272));
#2605=CARTESIAN_POINT('Ctrl Pts',(33.8970282814993,5.65797249593692,-33.8970282814992));
#2606=CARTESIAN_POINT('Ctrl Pts',(42.7009510265272,5.50817880117879,-21.7803009493659));
#2607=CARTESIAN_POINT('Ctrl Pts',(45.7932978742104,5.4083163380067,-12.2870353477636));
#2608=CARTESIAN_POINT('Ctrl Pts',(46.5689417311192,5.35838510642066,-7.41705441572118));
#2609=CARTESIAN_POINT('Ctrl Pts',(7.33410883144214,6.26202478253986,-46.0481570820342));
#2610=CARTESIAN_POINT('Ctrl Pts',(12.1496283302533,6.21209355095381,-45.2811873198937));
#2611=CARTESIAN_POINT('Ctrl Pts',(21.5367298918063,6.11223108778172,-42.2234224641573));
#2612=CARTESIAN_POINT('Ctrl Pts',(33.517954776232,5.96243739302359,-33.5179547762319));
#2613=CARTESIAN_POINT('Ctrl Pts',(42.2234224641573,5.81264369826546,-21.5367298918062));
#2614=CARTESIAN_POINT('Ctrl Pts',(45.2811873198937,5.71278123509336,-12.1496283302534));
#2615=CARTESIAN_POINT('Ctrl Pts',(46.0481570820341,5.66285000350732,-7.33410883144232));
#2616=CARTESIAN_POINT('Ctrl Pts',(7.25116324716328,6.56648967962652,-45.5273724329492));
#2617=CARTESIAN_POINT('Ctrl Pts',(12.0122213127431,6.51655844804047,-44.769076765577));
#2618=CARTESIAN_POINT('Ctrl Pts',(21.2931588342466,6.41669598486839,-41.7458939017875));
#2619=CARTESIAN_POINT('Ctrl Pts',(33.1388812709646,6.26690229011025,-33.1388812709645));
#2620=CARTESIAN_POINT('Ctrl Pts',(41.7458939017875,6.11710859535212,-21.2931588342466));
#2621=CARTESIAN_POINT('Ctrl Pts',(44.769076765577,6.01724613218003,-12.0122213127432));
#2622=CARTESIAN_POINT('Ctrl Pts',(45.5273724329491,5.96731490059398,-7.25116324716346));
#2623=CARTESIAN_POINT('Ctrl Pts',(7.68217736891303,5.65124722480924,-47.0603462538631));
#2624=CARTESIAN_POINT('Ctrl Pts',(12.5428006216881,5.60193191440896,-46.266729726392));
#2625=CARTESIAN_POINT('Ctrl Pts',(22.074250682119,5.50268537242263,-43.1418748232501));
#2626=CARTESIAN_POINT('Ctrl Pts',(34.2761017867667,5.35350759885026,-34.2761017867665));
#2627=CARTESIAN_POINT('Ctrl Pts',(43.1411882185046,5.20434137826564,-22.0751956475312));
#2628=CARTESIAN_POINT('Ctrl Pts',(46.2660021791218,5.10510638926706,-12.5450196566885));
#2629=CARTESIAN_POINT('Ctrl Pts',(47.0597883725601,5.05580263185453,-7.68559341051291));
#2630=CARTESIAN_POINT('Origin',(-2.22044604925031E-15,7.911,-1.66533453693773E-15));
#2631=CARTESIAN_POINT('Origin',(45.5550313515415,5.98517046976743,7.70000000000459));
#2632=CARTESIAN_POINT('',(45.4567321566491,5.81197235565958,7.68156954822001));
#2633=CARTESIAN_POINT('',(45.5550313515145,5.98517046978326,7.5));
#2634=CARTESIAN_POINT('Origin',(45.5550313515423,5.98517046976748,7.70000000000001));
#2635=CARTESIAN_POINT('',(45.3578285457643,5.98517046976738,7.66666753244504));
#2636=CARTESIAN_POINT('Origin',(45.5550313515415,5.98517046976743,7.70000000000459));
#2637=CARTESIAN_POINT('Origin',(45.5550313515423,5.98517046979285,7.7));
#2638=CARTESIAN_POINT('Origin',(45.5550313515241,6.56196885105466,7.70000000000002));
#2639=CARTESIAN_POINT('',(45.4561355353485,6.73516696517295,7.68509930173312));
#2640=CARTESIAN_POINT('',(45.3578285457635,6.561968851065,7.66666753244971));
#2641=CARTESIAN_POINT('Origin',(45.5550313515423,6.56196885106505,7.70000000000002));
#2642=CARTESIAN_POINT('',(45.5550313515423,6.56196885104837,7.5));
#2643=CARTESIAN_POINT('Origin',(45.5550313515241,6.56196885105466,7.70000000000002));
#2644=CARTESIAN_POINT('Origin',(45.5550313515423,6.56196885106495,7.7));
#2645=CARTESIAN_POINT('Ctrl Pts',(47.1625408613349,7.48019563298556,7.5));
#2646=CARTESIAN_POINT('Ctrl Pts',(46.6267517815408,7.17403702606549,7.5));
#2647=CARTESIAN_POINT('Ctrl Pts',(46.0909169098617,6.86795855510665,7.5));
#2648=CARTESIAN_POINT('Ctrl Pts',(45.5550313515241,6.56196885105466,7.5));
#2649=CARTESIAN_POINT('Ctrl Pts',(47.1342148954761,7.5297671388609,7.5));
#2650=CARTESIAN_POINT('Ctrl Pts',(46.5984462031688,7.22358438259206,7.50000110398092));
#2651=CARTESIAN_POINT('Ctrl Pts',(46.0626315716538,6.91748244956616,7.4999988246924));
#2652=CARTESIAN_POINT('Ctrl Pts',(45.5267679877496,6.6114670148041,7.5));
#2653=CARTESIAN_POINT('Ctrl Pts',(47.0850916740322,7.61573462440302,7.54548673393769));
#2654=CARTESIAN_POINT('Ctrl Pts',(46.5493564955417,7.3095130853329,7.54543506927206));
#2655=CARTESIAN_POINT('Ctrl Pts',(46.0135778188588,7.00336923588436,7.54538261799306));
#2656=CARTESIAN_POINT('Ctrl Pts',(45.4777503870068,6.69731246644702,7.54532746991743));
#2657=CARTESIAN_POINT('Ctrl Pts',(47.0651024764127,7.65071647223047,7.64288623017348));
#2658=CARTESIAN_POINT('Ctrl Pts',(46.5293524737796,7.34452902420472,7.64275140015462));
#2659=CARTESIAN_POINT('Ctrl Pts',(45.9935578190869,7.03842158633567,7.64261295650159));
#2660=CARTESIAN_POINT('Ctrl Pts',(45.4577148247889,6.73240112565209,7.64246886282536));
#2661=CARTESIAN_POINT('Ctrl Pts',(47.0635723776084,7.65339420270025,7.685595324451));
#2662=CARTESIAN_POINT('Ctrl Pts',(46.5278063164268,7.34723545139004,7.68543543710513));
#2663=CARTESIAN_POINT('Ctrl Pts',(45.9919956118724,7.04115682890192,7.68527028033195));
#2664=CARTESIAN_POINT('Ctrl Pts',(45.4561355353303,6.73516696516258,7.68509930173312));
#2665=CARTESIAN_POINT('',(47.0597883689036,7.65123363366845,7.68559340900229));
#2666=CARTESIAN_POINT('',(47.0897263801971,7.43858890869419,7.5));
#2667=CARTESIAN_POINT('Ctrl Pts',(47.0897263805076,7.43858890816235,7.5));
#2668=CARTESIAN_POINT('Ctrl Pts',(47.0897263881206,7.45337184423737,7.50000002919151));
#2669=CARTESIAN_POINT('Ctrl Pts',(47.0895478126919,7.46811070880131,7.50130995566963));
#2670=CARTESIAN_POINT('Ctrl Pts',(47.0891612585173,7.48260806169331,7.50389559216047));
#2671=CARTESIAN_POINT('Ctrl Pts',(47.0887953222189,7.49633216041255,7.50634331697732));
#2672=CARTESIAN_POINT('Ctrl Pts',(47.0882424647898,7.50984076336727,7.50993510641627));
#2673=CARTESIAN_POINT('Ctrl Pts',(47.0874939141819,7.52293808426549,7.51467462892657));
#2674=CARTESIAN_POINT('Ctrl Pts',(47.0873078287138,7.52619400452645,7.51585284754765));
#2675=CARTESIAN_POINT('Ctrl Pts',(47.0871097530303,7.52942432687951,7.51710212889603));
#2676=CARTESIAN_POINT('Ctrl Pts',(47.0868997787574,7.53262564735238,7.51842278057607));
#2677=CARTESIAN_POINT('Ctrl Pts',(47.0860779641266,7.54515523950675,7.52359165606642));
#2678=CARTESIAN_POINT('Ctrl Pts',(47.085075323668,7.55716811487329,7.52982076020378));
#2679=CARTESIAN_POINT('Ctrl Pts',(47.0838873385004,7.56844847339689,7.53711259009359));
#2680=CARTESIAN_POINT('Ctrl Pts',(47.0828101100234,7.5786771561814,7.54372459756705));
#2681=CARTESIAN_POINT('Ctrl Pts',(47.0815802952221,7.58830387431314,7.55121108050384));
#2682=CARTESIAN_POINT('Ctrl Pts',(47.0802163046179,7.59712962078815,7.55959029181177));
#2683=CARTESIAN_POINT('Ctrl Pts',(47.0800760640945,7.59803705174898,7.56045181166051));
#2684=CARTESIAN_POINT('Ctrl Pts',(47.0799344273381,7.5989359766883,7.56132277951274));
#2685=CARTESIAN_POINT('Ctrl Pts',(47.0797914302629,7.59982615147537,7.56220322219068));
#2686=CARTESIAN_POINT('Ctrl Pts',(47.0794353624202,7.60204271860076,7.56439555601553));
#2687=CARTESIAN_POINT('Ctrl Pts',(47.0790718176939,7.60419778191338,7.56663955519281));
#2688=CARTESIAN_POINT('Ctrl Pts',(47.0787013011885,7.60628862453051,7.56893479807269));
#2689=CARTESIAN_POINT('Ctrl Pts',(47.0771516221298,7.61503353864824,7.57853461285524));
#2690=CARTESIAN_POINT('Ctrl Pts',(47.0754781235956,7.6226582866867,7.58903007643891));
#2691=CARTESIAN_POINT('Ctrl Pts',(47.0736735129815,7.62904152256464,7.6002743320659));
#2692=CARTESIAN_POINT('Ctrl Pts',(47.0726580233349,7.63263349409317,7.60660169436991));
#2693=CARTESIAN_POINT('Ctrl Pts',(47.0716014336835,7.63583160676938,7.61316639873761));
#2694=CARTESIAN_POINT('Ctrl Pts',(47.0705061084604,7.63860782554565,7.61994230116773));
#2695=CARTESIAN_POINT('Ctrl Pts',(47.0685303506514,7.64361559475557,7.63216473689544));
#2696=CARTESIAN_POINT('Ctrl Pts',(47.0664648004133,7.64715414828118,7.64483326437282));
#2697=CARTESIAN_POINT('Ctrl Pts',(47.0643506300732,7.64919143497092,7.65774662746703));
#2698=CARTESIAN_POINT('Ctrl Pts',(47.0628476757656,7.65063973303281,7.66692667995344));
#2699=CARTESIAN_POINT('Ctrl Pts',(47.0613205526907,7.6513286275024,7.67623139416559));
#2700=CARTESIAN_POINT('Ctrl Pts',(47.0597914616764,7.65123363366686,7.68559419603431));
#2701=CARTESIAN_POINT('Ctrl Pts',(47.0897263804987,7.43858890815728,7.5));
#2702=CARTESIAN_POINT('Ctrl Pts',(46.5782047297745,7.14630632260602,7.5));
#2703=CARTESIAN_POINT('Ctrl Pts',(46.0666411398658,6.85409713346334,7.5));
#2704=CARTESIAN_POINT('Ctrl Pts',(45.5550313515241,6.56196885105466,7.5));
#2705=CARTESIAN_POINT('Ctrl Pts',(45.4561355353303,6.73516696516258,7.68509930173312));
#2706=CARTESIAN_POINT('Ctrl Pts',(45.9907350856525,7.04043703606203,7.68526987813179));
#2707=CARTESIAN_POINT('Ctrl Pts',(46.5252854959934,7.34579544861953,7.68543466006246));
#2708=CARTESIAN_POINT('Ctrl Pts',(47.0597914616764,7.65123363366687,7.68559419603431));
#2709=CARTESIAN_POINT('Origin',(45.5550313515423,7.911,7.7));
#2710=CARTESIAN_POINT('',(45.3578285457643,7.911,7.66666753244504));
#2711=CARTESIAN_POINT('',(45.5550313515423,7.911,7.5));
#2712=CARTESIAN_POINT('Origin',(7.7,5.395067414458,45.5550313515423));
#2713=CARTESIAN_POINT('',(7.5,5.39506741447459,45.5550313515423));
#2714=CARTESIAN_POINT('',(7.68509930173314,5.22186930035001,45.4561355353485));
#2715=CARTESIAN_POINT('Origin',(7.70000000000003,5.3950674144683,45.5550313515241));
#2716=CARTESIAN_POINT('',(7.6666675324497,5.39506741445796,45.3578285457635));
#2717=CARTESIAN_POINT('Origin',(7.7,5.395067414458,45.5550313515423));
#2718=CARTESIAN_POINT('Origin',(7.70000000000003,5.39506741445791,45.5550313515423));
#2719=CARTESIAN_POINT('Origin',(7.7000000000046,5.97186579575553,45.5550313515415));
#2720=CARTESIAN_POINT('',(7.68156954821998,6.14506390986337,45.4567321566491));
#2721=CARTESIAN_POINT('',(7.5,5.9718657957397,45.5550313515145));
#2722=CARTESIAN_POINT('Origin',(7.69999999999999,5.97186579575548,45.5550313515423));
#2723=CARTESIAN_POINT('',(7.66666753244505,5.97186579575557,45.3578285457643));
#2724=CARTESIAN_POINT('Origin',(7.7000000000046,5.97186579575553,45.5550313515415));
#2725=CARTESIAN_POINT('Origin',(7.7,5.97186579573011,45.5550313515423));
#2726=CARTESIAN_POINT('Ctrl Pts',(7.68156954821998,6.14506390986337,45.4567321566491));
#2727=CARTESIAN_POINT('Ctrl Pts',(13.0319116748215,6.201262410478,44.552597098928));
#2728=CARTESIAN_POINT('Ctrl Pts',(23.4031047686586,6.31366164777563,40.8341962351366));
#2729=CARTESIAN_POINT('Ctrl Pts',(38.2136503858239,6.51036755651012,28.4566682491744));
#2730=CARTESIAN_POINT('Ctrl Pts',(44.0993097521935,6.6508692137093,15.7105072080489));
#2731=CARTESIAN_POINT('Ctrl Pts',(45.4561355353485,6.73516696517295,7.68509930173312));
#2732=CARTESIAN_POINT('Ctrl Pts',(7.67601464343341,6.12511870865745,45.4226312483639));
#2733=CARTESIAN_POINT('Ctrl Pts',(13.0223320159831,6.18131720927207,44.5191519939055));
#2734=CARTESIAN_POINT('Ctrl Pts',(23.3857539433345,6.2937164465697,40.8034812125437));
#2735=CARTESIAN_POINT('Ctrl Pts',(38.1851290981428,6.4904223553042,28.4351833246071));
#2736=CARTESIAN_POINT('Ctrl Pts',(44.0663326727936,6.63092401250337,15.6985207632527));
#2737=CARTESIAN_POINT('Ctrl Pts',(45.4221033329609,6.71522176396702,7.67913791651581));
#2738=CARTESIAN_POINT('Ctrl Pts',(7.66830070490568,6.07162605164822,45.3736767582573));
#2739=CARTESIAN_POINT('Ctrl Pts',(13.0088703173829,6.12782455226285,44.4711028858751));
#2740=CARTESIAN_POINT('Ctrl Pts',(23.3610763679621,6.24022378956048,40.7593188402109));
#2741=CARTESIAN_POINT('Ctrl Pts',(38.1444040502397,6.43692969829497,28.4041233203457));
#2742=CARTESIAN_POINT('Ctrl Pts',(44.0191134345361,6.57743135549415,15.6811276186438));
#2743=CARTESIAN_POINT('Ctrl Pts',(45.3733331107879,6.6617291069578,7.67033380506688));
#2744=CARTESIAN_POINT('Ctrl Pts',(7.6663626600715,6.00178478015017,45.3578800772243));
#2745=CARTESIAN_POINT('Ctrl Pts',(13.0050670723722,6.05798328076479,44.455535326665));
#2746=CARTESIAN_POINT('Ctrl Pts',(23.3536478827818,6.17038251806243,40.7448658387694));
#2747=CARTESIAN_POINT('Ctrl Pts',(38.1316656484262,6.36708842679691,28.3937177363894));
#2748=CARTESIAN_POINT('Ctrl Pts',(44.0041522807017,6.50759008399609,15.6750108876551));
#2749=CARTESIAN_POINT('Ctrl Pts',(45.3577770143043,6.59188783545974,7.66697240481859));
#2750=CARTESIAN_POINT('Ctrl Pts',(7.66666753244503,5.97186579575548,45.3578285457643));
#2751=CARTESIAN_POINT('Ctrl Pts',(13.0053685196446,6.0280642963701,44.4554474830841));
#2752=CARTESIAN_POINT('Ctrl Pts',(23.3539200748809,6.14046353366773,40.744710883424));
#2753=CARTESIAN_POINT('Ctrl Pts',(38.1318587185215,6.33716944240223,28.3934587955412));
#2754=CARTESIAN_POINT('Ctrl Pts',(44.0042569430457,6.4776710996014,15.6747190647056));
#2755=CARTESIAN_POINT('Ctrl Pts',(45.3578285457643,6.56196885106505,7.66666753244506));
#2756=CARTESIAN_POINT('Ctrl Pts',(45.3578285457643,6.56196885106505,7.66666753244506));
#2757=CARTESIAN_POINT('Ctrl Pts',(44.0042569430457,6.4776710996014,15.6747190647056));
#2758=CARTESIAN_POINT('Ctrl Pts',(38.1318587185215,6.33716944240223,28.3934587955412));
#2759=CARTESIAN_POINT('Ctrl Pts',(23.3539200748809,6.14046353366773,40.744710883424));
#2760=CARTESIAN_POINT('Ctrl Pts',(13.0053685196446,6.0280642963701,44.4554474830841));
#2761=CARTESIAN_POINT('Ctrl Pts',(7.66666753244503,5.97186579575548,45.3578285457643));
#2762=CARTESIAN_POINT('Ctrl Pts',(7.68156954821998,6.14506390986337,45.4567321566491));
#2763=CARTESIAN_POINT('Ctrl Pts',(13.0319116748215,6.201262410478,44.552597098928));
#2764=CARTESIAN_POINT('Ctrl Pts',(23.4031047686586,6.31366164777563,40.8341962351366));
#2765=CARTESIAN_POINT('Ctrl Pts',(38.2136503858239,6.51036755651012,28.4566682491744));
#2766=CARTESIAN_POINT('Ctrl Pts',(44.0993097521935,6.6508692137093,15.7105072080489));
#2767=CARTESIAN_POINT('Ctrl Pts',(45.4561355353485,6.73516696517295,7.68509930173312));
#2768=CARTESIAN_POINT('Origin',(7.7,7.91099999999999,45.5550313515423));
#2769=CARTESIAN_POINT('',(7.66666753244505,7.91099999999999,45.3578285457643));
#2770=CARTESIAN_POINT('',(7.5,7.91099999999999,45.5550313515423));
#2771=CARTESIAN_POINT('Ctrl Pts',(7.5,5.97186579573971,45.5550313515145));
#2772=CARTESIAN_POINT('Ctrl Pts',(7.5,6.27595094810321,46.0908137144808));
#2773=CARTESIAN_POINT('Ctrl Pts',(7.5,6.58017292947509,46.6265184175073));
#2774=CARTESIAN_POINT('Ctrl Pts',(7.5,6.88451844226989,47.1621529283342));
#2775=CARTESIAN_POINT('Ctrl Pts',(7.5,6.02085055085162,45.5272298825762));
#2776=CARTESIAN_POINT('Ctrl Pts',(7.49999860072431,6.32496650459645,46.0629836879482));
#2777=CARTESIAN_POINT('Ctrl Pts',(7.50000131643637,6.62921663070279,46.5986619981343));
#2778=CARTESIAN_POINT('Ctrl Pts',(7.5,6.93359108984322,47.1342700347043));
#2779=CARTESIAN_POINT('Ctrl Pts',(7.54420217553762,6.10584139760799,45.4789930305038));
#2780=CARTESIAN_POINT('Ctrl Pts',(7.544269091832,6.41000693307235,46.0146995936106));
#2781=CARTESIAN_POINT('Ctrl Pts',(7.54433278212977,6.714307318517,46.5503310802069));
#2782=CARTESIAN_POINT('Ctrl Pts',(7.54439552896848,7.01872835652942,47.0858953602503));
#2783=CARTESIAN_POINT('Ctrl Pts',(7.63950606364909,6.14167836797117,45.4586536327438));
#2784=CARTESIAN_POINT('Ctrl Pts',(7.6396823973005,6.44580051487069,45.9943767076058));
#2785=CARTESIAN_POINT('Ctrl Pts',(7.63985193075603,6.75005737287327,46.5300253399056));
#2786=CARTESIAN_POINT('Ctrl Pts',(7.64001703594321,7.0544376165923,47.0656054931008));
#2787=CARTESIAN_POINT('Ctrl Pts',(7.68156954821998,6.14506390984759,45.4567321566213));
#2788=CARTESIAN_POINT('Ctrl Pts',(7.68177969859425,6.4491492218677,45.9924753990829));
#2789=CARTESIAN_POINT('Ctrl Pts',(7.681982750678,6.75337135473332,46.5281429931143));
#2790=CARTESIAN_POINT('Ctrl Pts',(7.68217937174136,7.05771701188007,47.0637421530428));
#2791=CARTESIAN_POINT('',(7.5,6.84336694884533,47.0897263801933));
#2792=CARTESIAN_POINT('',(7.68217812609755,7.05578904071374,47.0603492316133));
#2793=CARTESIAN_POINT('Ctrl Pts',(7.68217812609766,7.0557890407118,47.0603492316144));
#2794=CARTESIAN_POINT('Ctrl Pts',(7.66899986727216,7.05565533616475,47.0625004639531));
#2795=CARTESIAN_POINT('Ctrl Pts',(7.65596692327713,7.05396989821777,47.0646411896061));
#2796=CARTESIAN_POINT('Ctrl Pts',(7.64326531604431,7.05080283135494,47.0667140576459));
#2797=CARTESIAN_POINT('Ctrl Pts',(7.63424878847689,7.04855461621546,47.0681855306242));
#2798=CARTESIAN_POINT('Ctrl Pts',(7.62539912496803,7.04555873222039,47.0696234034625));
#2799=CARTESIAN_POINT('Ctrl Pts',(7.61678922239042,7.04182754104786,47.0710143825586));
#2800=CARTESIAN_POINT('Ctrl Pts',(7.60484945373789,7.03665331764674,47.0729433205993));
#2801=CARTESIAN_POINT('Ctrl Pts',(7.59359541579393,7.03016484409444,47.0747458273791));
#2802=CARTESIAN_POINT('Ctrl Pts',(7.58317022673479,7.02251085339014,47.0764154824418));
#2803=CARTESIAN_POINT('Ctrl Pts',(7.57769931368853,7.01849420512001,47.0772916811959));
#2804=CARTESIAN_POINT('Ctrl Pts',(7.57245655390384,7.0141557647074,47.0781317581513));
#2805=CARTESIAN_POINT('Ctrl Pts',(7.56746314445099,7.00951214744551,47.0789375574837));
#2806=CARTESIAN_POINT('Ctrl Pts',(7.56548119750694,7.00766903741648,47.079257389362));
#2807=CARTESIAN_POINT('Ctrl Pts',(7.56353854343896,7.00577781700613,47.0795718398754));
#2808=CARTESIAN_POINT('Ctrl Pts',(7.56163543871094,7.00384030253506,47.0798805826296));
#2809=CARTESIAN_POINT('Ctrl Pts',(7.55280523615876,6.99485044245252,47.0813131160136));
#2810=CARTESIAN_POINT('Ctrl Pts',(7.54493465270909,6.98498075314732,47.0826051246006));
#2811=CARTESIAN_POINT('Ctrl Pts',(7.53800274785285,6.97445486437614,47.0837346545582));
#2812=CARTESIAN_POINT('Ctrl Pts',(7.53116898589354,6.96407800263839,47.0848481924698));
#2813=CARTESIAN_POINT('Ctrl Pts',(7.52524717550276,6.95306232423135,47.0858044260386));
#2814=CARTESIAN_POINT('Ctrl Pts',(7.52023412378855,6.94158165482166,47.0866053009293));
#2815=CARTESIAN_POINT('Ctrl Pts',(7.51469025503147,6.92888533168771,47.0874909780653));
#2816=CARTESIAN_POINT('Ctrl Pts',(7.5102891974193,6.91569133809806,47.088179178241));
#2817=CARTESIAN_POINT('Ctrl Pts',(7.50702061088377,6.90221179313646,47.0886793645964));
#2818=CARTESIAN_POINT('Ctrl Pts',(7.50637645390784,6.89955531064014,47.0887779388659));
#2819=CARTESIAN_POINT('Ctrl Pts',(7.50577636121221,6.89688761479233,47.0888692808178));
#2820=CARTESIAN_POINT('Ctrl Pts',(7.50522037811436,6.89421016245526,47.0889535576458));
#2821=CARTESIAN_POINT('Ctrl Pts',(7.50219094271539,6.87962128570627,47.089412764422));
#2822=CARTESIAN_POINT('Ctrl Pts',(7.50047233488728,6.86476607438095,47.0896597489451));
#2823=CARTESIAN_POINT('Ctrl Pts',(7.50008445324026,6.84985664509202,47.0897145126521));
#2824=CARTESIAN_POINT('Ctrl Pts',(7.50002820060847,6.84769440142196,47.0897224547723));
#2825=CARTESIAN_POINT('Ctrl Pts',(7.50000000514009,6.84553096825465,47.0897263819943));
#2826=CARTESIAN_POINT('Ctrl Pts',(7.5,6.84336694803366,47.0897263806603));
#2827=CARTESIAN_POINT('Ctrl Pts',(7.68217812609766,7.05578904071179,47.0603492316143));
#2828=CARTESIAN_POINT('Ctrl Pts',(7.68198189311504,6.75208656179837,46.5258807567569));
#2829=CARTESIAN_POINT('Ctrl Pts',(7.68177925483981,6.44850711400668,45.9913441213333));
#2830=CARTESIAN_POINT('Ctrl Pts',(7.68156954821998,6.14506390984759,45.4567321566213));
#2831=CARTESIAN_POINT('Ctrl Pts',(7.5,5.97186579573971,45.5550313515145));
#2832=CARTESIAN_POINT('Ctrl Pts',(7.5,6.26224526692576,46.0666650107699));
#2833=CARTESIAN_POINT('Ctrl Pts',(7.5,6.55274951081066,46.5782278528762));
#2834=CARTESIAN_POINT('Ctrl Pts',(7.5,6.84336694802595,47.0897263806468));
#2835=CARTESIAN_POINT('Ctrl Pts',(45.4567321566491,5.81197235565958,7.68156954822));
#2836=CARTESIAN_POINT('Ctrl Pts',(44.1005295700675,5.72767460473765,15.7070827381222));
#2837=CARTESIAN_POINT('Ctrl Pts',(38.2158817309833,5.58717295061774,28.4537072129502));
#2838=CARTESIAN_POINT('Ctrl Pts',(23.4062720852517,5.39046703722533,40.8323829577808));
#2839=CARTESIAN_POINT('Ctrl Pts',(13.035371239277,5.27806780132578,44.5515850132452));
#2840=CARTESIAN_POINT('Ctrl Pts',(7.68509930173313,5.22186930035001,45.4561355353485));
#2841=CARTESIAN_POINT('Ctrl Pts',(45.4226312483639,5.83191755686551,7.67601464343343));
#2842=CARTESIAN_POINT('Ctrl Pts',(44.0674123666763,5.74761980594357,15.695490702258));
#2843=CARTESIAN_POINT('Ctrl Pts',(38.187105780701,5.60711815182367,28.4325638159612));
#2844=CARTESIAN_POINT('Ctrl Pts',(23.3885563088366,5.41041223843126,40.801877392422));
#2845=CARTESIAN_POINT('Ctrl Pts',(13.0253931476737,5.2980130025317,44.5182562261827));
#2846=CARTESIAN_POINT('Ctrl Pts',(7.67913791651582,5.24181450155594,45.4221033329609));
#2847=CARTESIAN_POINT('Ctrl Pts',(45.3736766788093,5.88541017339984,7.66830069105269));
#2848=CARTESIAN_POINT('Ctrl Pts',(44.0198158702361,5.8011124224779,15.6791551097685));
#2849=CARTESIAN_POINT('Ctrl Pts',(38.1456984590663,5.660610768358,28.4024204842838));
#2850=CARTESIAN_POINT('Ctrl Pts',(23.3628991593258,5.46390485496559,40.7582760448548));
#2851=CARTESIAN_POINT('Ctrl Pts',(13.01086300109,5.35150561906604,44.4705199136993));
#2852=CARTESIAN_POINT('Ctrl Pts',(7.67033379203875,5.29530711809027,45.3733330312005));
#2853=CARTESIAN_POINT('Ctrl Pts',(45.3578800772243,5.95525148537279,7.66636266007152));
#2854=CARTESIAN_POINT('Ctrl Pts',(44.0043629513854,5.87095373445085,15.6744192785226));
#2855=CARTESIAN_POINT('Ctrl Pts',(38.1320691003512,5.73045208033095,28.3932115381597));
#2856=CARTESIAN_POINT('Ctrl Pts',(23.3541921521212,5.53374616693854,40.7445559954493));
#2857=CARTESIAN_POINT('Ctrl Pts',(13.0056647267096,5.42134693103898,44.4553605252359));
#2858=CARTESIAN_POINT('Ctrl Pts',(7.6669724048186,5.36514843006322,45.3577770143043));
#2859=CARTESIAN_POINT('Ctrl Pts',(45.3578285457643,5.98517046976748,7.66666753244505));
#2860=CARTESIAN_POINT('Ctrl Pts',(44.0042569517439,5.90087271884554,15.6747190132445));
#2861=CARTESIAN_POINT('Ctrl Pts',(38.1318804326969,5.76037106472563,28.3934651736751));
#2862=CARTESIAN_POINT('Ctrl Pts',(23.3539166388289,5.56366515133323,40.7447150027958));
#2863=CARTESIAN_POINT('Ctrl Pts',(13.0053685539521,5.45126591543367,44.4554474772852));
#2864=CARTESIAN_POINT('Ctrl Pts',(7.66666753244508,5.39506741445791,45.3578285457643));
#2865=CARTESIAN_POINT('Ctrl Pts',(7.66666753244508,5.39506741445791,45.3578285457643));
#2866=CARTESIAN_POINT('Ctrl Pts',(13.0053685539521,5.45126591543367,44.4554474772852));
#2867=CARTESIAN_POINT('Ctrl Pts',(23.3539166388289,5.56366515133323,40.7447150027958));
#2868=CARTESIAN_POINT('Ctrl Pts',(38.1318804326969,5.76037106472563,28.3934651736751));
#2869=CARTESIAN_POINT('Ctrl Pts',(44.0042569517439,5.90087271884554,15.6747190132445));
#2870=CARTESIAN_POINT('Ctrl Pts',(45.3578285457643,5.98517046976748,7.66666753244505));
#2871=CARTESIAN_POINT('Ctrl Pts',(45.4567321566491,5.81197235565958,7.68156954822));
#2872=CARTESIAN_POINT('Ctrl Pts',(44.1005295700675,5.72767460473765,15.7070827381222));
#2873=CARTESIAN_POINT('Ctrl Pts',(38.2158817309833,5.58717295061774,28.4537072129502));
#2874=CARTESIAN_POINT('Ctrl Pts',(23.4062720852517,5.39046703722533,40.8323829577808));
#2875=CARTESIAN_POINT('Ctrl Pts',(13.035371239277,5.27806780132578,44.5515850132452));
#2876=CARTESIAN_POINT('Ctrl Pts',(7.68509930173313,5.22186930035001,45.4561355353485));
#2877=CARTESIAN_POINT('Ctrl Pts',(7.5,4.47684063253739,47.1625408613349));
#2878=CARTESIAN_POINT('Ctrl Pts',(7.5,4.78299923945747,46.6267517815408));
#2879=CARTESIAN_POINT('Ctrl Pts',(7.5,5.08907771041631,46.0909169098617));
#2880=CARTESIAN_POINT('Ctrl Pts',(7.5,5.3950674144683,45.5550313515241));
#2881=CARTESIAN_POINT('Ctrl Pts',(7.5,4.42726912666205,47.1342148954762));
#2882=CARTESIAN_POINT('Ctrl Pts',(7.50000110398093,4.73345188293091,46.5984462031687));
#2883=CARTESIAN_POINT('Ctrl Pts',(7.4999988246924,5.03955381595679,46.0626315716538));
#2884=CARTESIAN_POINT('Ctrl Pts',(7.5,5.34556925071886,45.5267679877495));
#2885=CARTESIAN_POINT('Ctrl Pts',(7.54548557028296,4.34130052448921,47.0850910359712));
#2886=CARTESIAN_POINT('Ctrl Pts',(7.54543390561733,4.64752206355935,46.5493558574807));
#2887=CARTESIAN_POINT('Ctrl Pts',(7.54538145989742,4.95366592126905,46.0135771859818));
#2888=CARTESIAN_POINT('Ctrl Pts',(7.54532631182178,5.25972269070639,45.4777497541297));
#2889=CARTESIAN_POINT('Ctrl Pts',(7.64288623017349,4.30631979329248,47.0651024764127));
#2890=CARTESIAN_POINT('Ctrl Pts',(7.64275140015463,4.61250724131825,46.5293524737796));
#2891=CARTESIAN_POINT('Ctrl Pts',(7.6426129565016,4.91861467918727,45.9935578190869));
#2892=CARTESIAN_POINT('Ctrl Pts',(7.64246886282537,5.22463513987086,45.4577148247888));
#2893=CARTESIAN_POINT('Ctrl Pts',(7.685595324451,4.30364206282269,47.0635723776085));
#2894=CARTESIAN_POINT('Ctrl Pts',(7.68543543710514,4.60980081413293,46.5278063164268));
#2895=CARTESIAN_POINT('Ctrl Pts',(7.68527028033196,4.91587943662102,45.9919956118724));
#2896=CARTESIAN_POINT('Ctrl Pts',(7.68509930173313,5.22186930036037,45.4561355353303));
#2897=CARTESIAN_POINT('',(7.68559341109008,4.30580263185452,47.0597883739613));
#2898=CARTESIAN_POINT('',(7.5,4.51844735682877,47.0897263801971));
#2899=CARTESIAN_POINT('Ctrl Pts',(7.5,4.51844735736062,47.0897263805076));
#2900=CARTESIAN_POINT('Ctrl Pts',(7.50000002919138,4.50366448664107,47.0897263881206));
#2901=CARTESIAN_POINT('Ctrl Pts',(7.50130991047681,4.48892565477976,47.0895477958352));
#2902=CARTESIAN_POINT('Ctrl Pts',(7.50389547207393,4.47442831378278,47.089161216602));
#2903=CARTESIAN_POINT('Ctrl Pts',(7.50634310141491,4.4607043641272,47.0887952602563));
#2904=CARTESIAN_POINT('Ctrl Pts',(7.50993474572569,4.44719588726079,47.0882423791828));
#2905=CARTESIAN_POINT('Ctrl Pts',(7.51467408698911,4.43409867399243,47.0874938091487));
#2906=CARTESIAN_POINT('Ctrl Pts',(7.51585236826664,4.43084248282067,47.0873077018382));
#2907=CARTESIAN_POINT('Ctrl Pts',(7.51710172303418,4.42761189309142,47.0871096023776));
#2908=CARTESIAN_POINT('Ctrl Pts',(7.51842245920125,4.42441030978404,47.0868996025403));
#2909=CARTESIAN_POINT('Ctrl Pts',(7.52359126756821,4.41188065321875,47.0860777511041));
#2910=CARTESIAN_POINT('Ctrl Pts',(7.52982030607683,4.39986771487541,47.0850750746595));
#2911=CARTESIAN_POINT('Ctrl Pts',(7.53711208737002,4.38858730971887,47.0838870628451));
#2912=CARTESIAN_POINT('Ctrl Pts',(7.54372393136407,4.37835876938204,47.082809829661));
#2913=CARTESIAN_POINT('Ctrl Pts',(7.55121023323398,4.36873218548641,47.081580023396));
#2914=CARTESIAN_POINT('Ctrl Pts',(7.55958925871056,4.35990656721223,47.0802160609789));
#2915=CARTESIAN_POINT('Ctrl Pts',(7.56045092634172,4.35899897364862,47.080075796187));
#2916=CARTESIAN_POINT('Ctrl Pts',(7.56132204558864,4.35809988933788,47.0799341348284));
#2917=CARTESIAN_POINT('Ctrl Pts',(7.56220264330454,4.35720955855524,47.0797911128454));
#2918=CARTESIAN_POINT('Ctrl Pts',(7.56439497808472,4.35499299234641,47.0794350455266));
#2919=CARTESIAN_POINT('Ctrl Pts',(7.56663898016265,4.35283793181703,47.0790715023907));
#2920=CARTESIAN_POINT('Ctrl Pts',(7.5689342281196,4.35074709407165,47.0787009886691));
#2921=CARTESIAN_POINT('Ctrl Pts',(7.57853416746999,4.34200210619952,47.077151304573));
#2922=CARTESIAN_POINT('Ctrl Pts',(7.5890298130589,4.33437734506879,47.0754778192193));
#2923=CARTESIAN_POINT('Ctrl Pts',(7.60027427980457,4.32799413825139,47.0736732269524));
#2924=CARTESIAN_POINT('Ctrl Pts',(7.60660157176537,4.32440229044808,47.0726577779852));
#2925=CARTESIAN_POINT('Ctrl Pts',(7.61316620080915,4.32120429134226,47.0716012331318));
#2926=CARTESIAN_POINT('Ctrl Pts',(7.61994201991597,4.31842817009152,47.0705059542433));
#2927=CARTESIAN_POINT('Ctrl Pts',(7.63216455146752,4.31342047595991,47.0685302402282));
#2928=CARTESIAN_POINT('Ctrl Pts',(7.64483317412188,4.30988199898887,47.0664647327538));
#2929=CARTESIAN_POINT('Ctrl Pts',(7.65774660442322,4.30784476479921,47.0643505896275));
#2930=CARTESIAN_POINT('Ctrl Pts',(7.6669266824127,4.3063965075734,47.0628476583128));
#2931=CARTESIAN_POINT('Ctrl Pts',(7.67623140744365,4.30570763815528,47.0613205505222));
#2932=CARTESIAN_POINT('Ctrl Pts',(7.68559419603431,4.3058026318561,47.0597914616764));
#2933=CARTESIAN_POINT('Ctrl Pts',(7.5,4.5184473573657,47.0897263804987));
#2934=CARTESIAN_POINT('Ctrl Pts',(7.5,4.81072994291696,46.5782047297745));
#2935=CARTESIAN_POINT('Ctrl Pts',(7.5,5.10293913205963,46.0666411398657));
#2936=CARTESIAN_POINT('Ctrl Pts',(7.5,5.3950674144683,45.5550313515241));
#2937=CARTESIAN_POINT('Ctrl Pts',(7.68509930173313,5.22186930036037,45.4561355353303));
#2938=CARTESIAN_POINT('Ctrl Pts',(7.68526987813181,4.91659922946091,45.9907350856525));
#2939=CARTESIAN_POINT('Ctrl Pts',(7.68543466006247,4.61124081690345,46.5252854959933));
#2940=CARTESIAN_POINT('Ctrl Pts',(7.68559419603432,4.3058026318561,47.0597914616764));
#2941=CARTESIAN_POINT('Ctrl Pts',(45.5550313515145,5.98517046978326,7.5));
#2942=CARTESIAN_POINT('Ctrl Pts',(46.0908137144808,5.68108531741974,7.5));
#2943=CARTESIAN_POINT('Ctrl Pts',(46.6265184175073,5.37686333604789,7.5));
#2944=CARTESIAN_POINT('Ctrl Pts',(47.1621529283342,5.0725178232531,7.5));
#2945=CARTESIAN_POINT('Ctrl Pts',(45.5272298825762,5.93618571467134,7.5));
#2946=CARTESIAN_POINT('Ctrl Pts',(46.0629836879482,5.6320697609265,7.49999860072431));
#2947=CARTESIAN_POINT('Ctrl Pts',(46.5986619981343,5.3278196348202,7.50000131643637));
#2948=CARTESIAN_POINT('Ctrl Pts',(47.1342700347043,5.02344517567978,7.5));
#2949=CARTESIAN_POINT('Ctrl Pts',(45.4789926523926,5.85119420170258,7.54420146639838));
#2950=CARTESIAN_POINT('Ctrl Pts',(46.0146992154994,5.5470286662382,7.54426838269275));
#2951=CARTESIAN_POINT('Ctrl Pts',(46.5503306981614,5.24272827462287,7.54433206869803));
#2952=CARTESIAN_POINT('Ctrl Pts',(47.0858949782048,4.93830723661045,7.54439481553674));
#2953=CARTESIAN_POINT('Ctrl Pts',(45.4586536327438,5.81535789755177,7.63950606364911));
#2954=CARTESIAN_POINT('Ctrl Pts',(45.9943767076058,5.51123575065224,7.63968239730052));
#2955=CARTESIAN_POINT('Ctrl Pts',(46.5300253399057,5.20697889264974,7.63985193075602));
#2956=CARTESIAN_POINT('Ctrl Pts',(47.0656054931008,4.90259864893072,7.64001703594321));
#2957=CARTESIAN_POINT('Ctrl Pts',(45.4567321566213,5.81197235567535,7.68156954822));
#2958=CARTESIAN_POINT('Ctrl Pts',(45.9924753990829,5.50788704365523,7.68177969859427));
#2959=CARTESIAN_POINT('Ctrl Pts',(46.5281429931143,5.20366491078969,7.68198275067799));
#2960=CARTESIAN_POINT('Ctrl Pts',(47.0637421530428,4.89931925364295,7.68217937174134));
#2961=CARTESIAN_POINT('',(47.0897263801933,5.11366931667764,7.5));
#2962=CARTESIAN_POINT('',(47.0603492316134,4.90124722480923,7.68217812609703));
#2963=CARTESIAN_POINT('Ctrl Pts',(47.0603492316144,4.90124722481122,7.68217812609765));
#2964=CARTESIAN_POINT('Ctrl Pts',(47.0625004667489,4.90138092953203,7.66899985014534));
#2965=CARTESIAN_POINT('Ctrl Pts',(47.0646411792118,4.90306634359972,7.65596685960756));
#2966=CARTESIAN_POINT('Ctrl Pts',(47.0667140270672,4.90623337847529,7.64326519432767));
#2967=CARTESIAN_POINT('Ctrl Pts',(47.0681854811109,4.90848156387007,7.63424865377992));
#2968=CARTESIAN_POINT('Ctrl Pts',(47.0696233316856,4.91147740932758,7.625398970414));
#2969=CARTESIAN_POINT('Ctrl Pts',(47.0710142885421,4.91520855901014,7.61678904682473));
#2970=CARTESIAN_POINT('Ctrl Pts',(47.0729432124917,4.92038276980517,7.60484914535461));
#2971=CARTESIAN_POINT('Ctrl Pts',(47.07474570374,4.92687124927819,7.59359498459521));
#2972=CARTESIAN_POINT('Ctrl Pts',(47.0764153501621,4.93452527626784,7.58316970129558));
#2973=CARTESIAN_POINT('Ctrl Pts',(47.0772915269361,4.93854186360449,7.57769884772545));
#2974=CARTESIAN_POINT('Ctrl Pts',(47.0781315852487,4.94288023863354,7.57245614617086));
#2975=CARTESIAN_POINT('Ctrl Pts',(47.0789373703595,4.94752378874728,7.56746279501524));
#2976=CARTESIAN_POINT('Ctrl Pts',(47.0792572007695,4.94936689619218,7.56548084532922));
#2977=CARTESIAN_POINT('Ctrl Pts',(47.0795716503691,4.95125811499443,7.56353818955485));
#2978=CARTESIAN_POINT('Ctrl Pts',(47.0798803927121,4.95319562874173,7.56163508405879));
#2979=CARTESIAN_POINT('Ctrl Pts',(47.0813129085432,4.9621853872874,7.55280497437809));
#2980=CARTESIAN_POINT('Ctrl Pts',(47.082604913444,4.97205497484145,7.54493448293698));
#2981=CARTESIAN_POINT('Ctrl Pts',(47.0837344488243,4.98258075933447,7.5380026598824));
#2982=CARTESIAN_POINT('Ctrl Pts',(47.0848480165789,4.99295774655092,7.53116882823102));
#2983=CARTESIAN_POINT('Ctrl Pts',(47.0858042818544,5.00397357596781,7.52524697835261));
#2984=CARTESIAN_POINT('Ctrl Pts',(47.0866051860186,5.01545440846548,7.52023390920202));
#2985=CARTESIAN_POINT('Ctrl Pts',(47.0874908772991,5.02815065064945,7.51469013526107));
#2986=CARTESIAN_POINT('Ctrl Pts',(47.0881790965502,5.04134455590273,7.51028915291885));
#2987=CARTESIAN_POINT('Ctrl Pts',(47.0886793015466,5.05482400222078,7.5070206129598));
#2988=CARTESIAN_POINT('Ctrl Pts',(47.0887778851802,5.05748061862205,7.50637642797931));
#2989=CARTESIAN_POINT('Ctrl Pts',(47.0888692356438,5.06014844926833,7.50577631125269));
#2990=CARTESIAN_POINT('Ctrl Pts',(47.0889535201197,5.06282603702358,7.50522030803719));
#2991=CARTESIAN_POINT('Ctrl Pts',(47.0894127442643,5.0774148795637,7.50219092334312));
#2992=CARTESIAN_POINT('Ctrl Pts',(47.0896597426865,5.09227004455904,7.50047234370038));
#2993=CARTESIAN_POINT('Ctrl Pts',(47.0897145111677,5.10717940893101,7.5000844573802));
#2994=CARTESIAN_POINT('Ctrl Pts',(47.089722454275,5.1093417234324,7.50002820198298));
#2995=CARTESIAN_POINT('Ctrl Pts',(47.0897263819943,5.11150522712854,7.50000000514026));
#2996=CARTESIAN_POINT('Ctrl Pts',(47.0897263806603,5.11366931748932,7.5));
#2997=CARTESIAN_POINT('Ctrl Pts',(47.0603492316144,4.90124722481118,7.68217812609765));
#2998=CARTESIAN_POINT('Ctrl Pts',(46.525880756757,5.20494970372461,7.68198189311503));
#2999=CARTESIAN_POINT('Ctrl Pts',(45.9913441213333,5.50852915151623,7.68177925483983));
#3000=CARTESIAN_POINT('Ctrl Pts',(45.4567321566213,5.81197235567535,7.68156954822));
#3001=CARTESIAN_POINT('Ctrl Pts',(45.5550313515145,5.98517046978326,7.5));
#3002=CARTESIAN_POINT('Ctrl Pts',(46.0666650107699,5.69479099859719,7.5));
#3003=CARTESIAN_POINT('Ctrl Pts',(46.5782278528762,5.4042867547123,7.5));
#3004=CARTESIAN_POINT('Ctrl Pts',(47.0897263806467,5.11366931749702,7.5));
#3005=CARTESIAN_POINT('Origin',(7.5,-6.66133814775094E-15,47.0897263802042));
#3006=CARTESIAN_POINT('',(7.5,-7.7715611723761E-15,47.0897263802042));
#3007=CARTESIAN_POINT('Ctrl Pts',(47.0897312472247,4.90309214297373,7.50000077517194));
#3008=CARTESIAN_POINT('Ctrl Pts',(46.3054132144835,4.85316091138769,12.424443649418));
#3009=CARTESIAN_POINT('Ctrl Pts',(43.1784900120688,4.75329844821559,22.023876738838));
#3010=CARTESIAN_POINT('Ctrl Pts',(34.2761054226127,4.60350475345746,34.2761054226126));
#3011=CARTESIAN_POINT('Ctrl Pts',(22.0238767388382,4.45371105869932,43.1784900120688));
#3012=CARTESIAN_POINT('Ctrl Pts',(12.4244436494181,4.35384859552723,46.3054132144835));
#3013=CARTESIAN_POINT('Ctrl Pts',(7.50000077517196,4.30391736394119,47.0897312472247));
#3014=CARTESIAN_POINT('Ctrl Pts',(46.5689449757996,5.20755798852466,7.41705493250231));
#3015=CARTESIAN_POINT('Ctrl Pts',(45.793301064848,5.15762675693861,12.2870362038596));
#3016=CARTESIAN_POINT('Ctrl Pts',(42.7009598961907,5.05776429376652,21.780304895352));
#3017=CARTESIAN_POINT('Ctrl Pts',(33.8970307354308,4.90797059900838,33.8970307354308));
#3018=CARTESIAN_POINT('Ctrl Pts',(21.7803048953521,4.75817690425025,42.7009598961907));
#3019=CARTESIAN_POINT('Ctrl Pts',(12.2870362038597,4.65831444107816,45.793301064848));
#3020=CARTESIAN_POINT('Ctrl Pts',(7.41705493250233,4.60838320949212,46.5689449757996));
#3021=CARTESIAN_POINT('Ctrl Pts',(46.0481587043744,5.51202383407559,7.33410908983267));
#3022=CARTESIAN_POINT('Ctrl Pts',(45.2811889152126,5.46209260248954,12.1496287583012));
#3023=CARTESIAN_POINT('Ctrl Pts',(42.2234297803126,5.36223013931745,21.536733051866));
#3024=CARTESIAN_POINT('Ctrl Pts',(33.517956048249,5.21243644455931,33.5179560482489));
#3025=CARTESIAN_POINT('Ctrl Pts',(21.5367330518661,5.06264274980118,42.2234297803126));
#3026=CARTESIAN_POINT('Ctrl Pts',(12.1496287583013,4.96278028662909,45.2811889152126));
#3027=CARTESIAN_POINT('Ctrl Pts',(7.33410908983269,4.91284905504305,46.0481587043744));
#3028=CARTESIAN_POINT('Ctrl Pts',(45.5273724329492,5.81648967962651,7.25116324716303));
#3029=CARTESIAN_POINT('Ctrl Pts',(44.7690767655771,5.76655844804047,12.0122213127428));
#3030=CARTESIAN_POINT('Ctrl Pts',(41.7458996644346,5.66669598486838,21.29316120838));
#3031=CARTESIAN_POINT('Ctrl Pts',(33.1388813610672,5.51690229011024,33.1388813610671));
#3032=CARTESIAN_POINT('Ctrl Pts',(21.2931612083801,5.36710859535211,41.7458996644345));
#3033=CARTESIAN_POINT('Ctrl Pts',(12.0122213127429,5.26724613218002,44.7690767655771));
#3034=CARTESIAN_POINT('Ctrl Pts',(7.25116324716305,5.21731490059397,45.5273724329492));
#3035=CARTESIAN_POINT('Ctrl Pts',(7.68559341109008,4.30580263185452,47.0597883739613));
#3036=CARTESIAN_POINT('Ctrl Pts',(12.5450196873884,4.35510638926705,46.2660022536351));
#3037=CARTESIAN_POINT('Ctrl Pts',(17.2799786868508,4.40441014667958,44.7134774633006));
#3038=CARTESIAN_POINT('Ctrl Pts',(21.6660543411224,4.45371390409211,42.47648565755));
#3039=CARTESIAN_POINT('Ctrl Pts',(26.1079502683417,4.50364513567816,40.2110243261867));
#3040=CARTESIAN_POINT('Ctrl Pts',(30.1920260741516,4.5535763672642,37.2435631030738));
#3041=CARTESIAN_POINT('Ctrl Pts',(33.7177945886128,4.60350759885024,33.7177945886126));
#3042=CARTESIAN_POINT('Ctrl Pts',(37.2435631030741,4.65343883043629,30.1920260741512));
#3043=CARTESIAN_POINT('Ctrl Pts',(40.2110243261869,4.70337006202233,26.1079502683415));
#3044=CARTESIAN_POINT('Ctrl Pts',(42.4764856575502,4.75330129360837,21.6660543411221));
#3045=CARTESIAN_POINT('Ctrl Pts',(44.7140016411785,4.80261660400866,17.2789509299215));
#3046=CARTESIAN_POINT('Ctrl Pts',(46.2667297995406,4.85193191440894,12.5428006518247));
#3047=CARTESIAN_POINT('Ctrl Pts',(47.0603462552135,4.90124722480923,7.68217736946805));
#3048=CARTESIAN_POINT('Origin',(-2.22044604925031E-15,7.911,-1.66533453693773E-15));
#3049=CARTESIAN_POINT('Origin',(-45.5550313515415,7.48517046976744,-7.70000000000459));
#3050=CARTESIAN_POINT('',(-45.4567321566491,7.31197235565959,-7.68156954821999));
#3051=CARTESIAN_POINT('',(-45.5550313515145,7.48517046978327,-7.5));
#3052=CARTESIAN_POINT('Origin',(-45.5550313515423,7.48517046976748,-7.69999999999999));
#3053=CARTESIAN_POINT('',(-45.3578285457643,7.48517046976739,-7.66666753244504));
#3054=CARTESIAN_POINT('Origin',(-45.5550313515415,7.48517046976744,-7.70000000000459));
#3055=CARTESIAN_POINT('Origin',(-45.5550313515423,7.48517046979286,-7.7));
#3056=CARTESIAN_POINT('Origin',(-45.5550313515423,8.06196885106496,-7.7));
#3057=CARTESIAN_POINT('',(-45.5550313515423,8.06196885104837,-7.5));
#3058=CARTESIAN_POINT('',(-45.4561355353485,8.23516696517295,-7.68509930173309));
#3059=CARTESIAN_POINT('Origin',(-45.5550313515241,8.06196885105466,-7.69999999999999));
#3060=CARTESIAN_POINT('',(-45.3578285457635,8.06196885106501,-7.66666753244971));
#3061=CARTESIAN_POINT('Origin',(-45.5550313515423,8.06196885106496,-7.7));
#3062=CARTESIAN_POINT('Origin',(-45.5550313515423,8.06196885106506,-7.69999999999999));
#3063=CARTESIAN_POINT('Origin',(-45.5550313515423,7.911,-7.7));
#3064=CARTESIAN_POINT('',(-45.3578285457643,7.911,-7.66666753244504));
#3065=CARTESIAN_POINT('',(-45.5550313515423,7.911,-7.5));
#3066=CARTESIAN_POINT('Origin',(-7.7,6.89506741445802,-45.5550313515423));
#3067=CARTESIAN_POINT('',(-7.5,6.8950674144746,-45.5550313515423));
#3068=CARTESIAN_POINT('',(-7.68509930173311,6.72186930035002,-45.4561355353485));
#3069=CARTESIAN_POINT('Origin',(-7.7,6.89506741446831,-45.5550313515241));
#3070=CARTESIAN_POINT('',(-7.66666753244971,6.89506741445797,-45.3578285457635));
#3071=CARTESIAN_POINT('Origin',(-7.7,6.89506741445802,-45.5550313515423));
#3072=CARTESIAN_POINT('Origin',(-7.70000000000001,6.89506741445792,-45.5550313515423));
#3073=CARTESIAN_POINT('Origin',(-7.7000000000046,7.47186579575554,-45.5550313515415));
#3074=CARTESIAN_POINT('',(-7.68156954821999,7.64506390986339,-45.4567321566491));
#3075=CARTESIAN_POINT('',(-7.5,7.47186579573973,-45.5550313515145));
#3076=CARTESIAN_POINT('Origin',(-7.69999999999999,7.4718657957555,-45.5550313515423));
#3077=CARTESIAN_POINT('',(-7.66666753244505,7.47186579575559,-45.3578285457643));
#3078=CARTESIAN_POINT('Origin',(-7.7000000000046,7.47186579575554,-45.5550313515415));
#3079=CARTESIAN_POINT('Origin',(-7.7,7.47186579573013,-45.5550313515423));
#3080=CARTESIAN_POINT('Ctrl Pts',(-7.68156954821998,7.64506390986339,-45.4567321566491));
#3081=CARTESIAN_POINT('Ctrl Pts',(-15.7070827381223,7.72936166078533,-44.1005295700675));
#3082=CARTESIAN_POINT('Ctrl Pts',(-28.4536899953716,7.86986332269398,-38.2158238058392));
#3083=CARTESIAN_POINT('Ctrl Pts',(-40.8323719163744,8.06656922611644,-23.4062810747921));
#3084=CARTESIAN_POINT('Ctrl Pts',(-44.5515850132452,8.17896846419719,-13.0353712392769));
#3085=CARTESIAN_POINT('Ctrl Pts',(-45.4561355353485,8.23516696517295,-7.68509930173309));
#3086=CARTESIAN_POINT('Ctrl Pts',(-7.67601464343342,7.62511870865747,-45.4226312483639));
#3087=CARTESIAN_POINT('Ctrl Pts',(-15.695490702258,7.70941645957941,-44.0674123666763));
#3088=CARTESIAN_POINT('Ctrl Pts',(-28.4325466056012,7.84991812148806,-38.1870477963771));
#3089=CARTESIAN_POINT('Ctrl Pts',(-40.8018662917727,8.04662402491051,-23.3885652711359));
#3090=CARTESIAN_POINT('Ctrl Pts',(-44.5182562261827,8.15902326299126,-13.0253931476737));
#3091=CARTESIAN_POINT('Ctrl Pts',(-45.4221033329609,8.21522176396703,-7.67913791651578));
#3092=CARTESIAN_POINT('Ctrl Pts',(-7.66830072755431,7.57162598547483,-45.3736768881486));
#3093=CARTESIAN_POINT('Ctrl Pts',(-15.6791551462701,7.65592373639677,-44.0198160795754));
#3094=CARTESIAN_POINT('Ctrl Pts',(-28.4024034555027,7.79642539830542,-38.145640824927));
#3095=CARTESIAN_POINT('Ctrl Pts',(-40.7582652135739,7.99313130172787,-23.3629082612657));
#3096=CARTESIAN_POINT('Ctrl Pts',(-44.470520123406,8.10553053980862,-13.0108630354182));
#3097=CARTESIAN_POINT('Ctrl Pts',(-45.3733332409072,8.16172904078439,-7.67033382636687));
#3098=CARTESIAN_POINT('Ctrl Pts',(-7.66636266007151,7.50178478015019,-45.3578800772243));
#3099=CARTESIAN_POINT('Ctrl Pts',(-15.6744192785226,7.58608253107213,-44.0043629513854));
#3100=CARTESIAN_POINT('Ctrl Pts',(-28.3931943551992,7.72658419298079,-38.132011276853));
#3101=CARTESIAN_POINT('Ctrl Pts',(-40.7445449622212,7.92329009640322,-23.3542011173252));
#3102=CARTESIAN_POINT('Ctrl Pts',(-44.4553605252359,8.03568933448398,-13.0056647267096));
#3103=CARTESIAN_POINT('Ctrl Pts',(-45.3577770143043,8.09188783545975,-7.66697240481856));
#3104=CARTESIAN_POINT('Ctrl Pts',(-7.66666753244503,7.4718657957555,-45.3578285457643));
#3105=CARTESIAN_POINT('Ctrl Pts',(-15.6747190132445,7.55616354667744,-44.0042569517439));
#3106=CARTESIAN_POINT('Ctrl Pts',(-28.3934479912012,7.69666520858609,-38.1318226338728));
#3107=CARTESIAN_POINT('Ctrl Pts',(-40.744703985689,7.89337111200854,-23.3539256092967));
#3108=CARTESIAN_POINT('Ctrl Pts',(-44.4554474772852,8.00577035008929,-13.0053685539521));
#3109=CARTESIAN_POINT('Ctrl Pts',(-45.3578285457643,8.06196885106506,-7.66666753244503));
#3110=CARTESIAN_POINT('Ctrl Pts',(-45.3578285457643,8.06196885106506,-7.66666753244503));
#3111=CARTESIAN_POINT('Ctrl Pts',(-44.4554474772852,8.00577035008929,-13.0053685539521));
#3112=CARTESIAN_POINT('Ctrl Pts',(-40.744703985689,7.89337111200854,-23.3539256092967));
#3113=CARTESIAN_POINT('Ctrl Pts',(-28.3934479912012,7.69666520858609,-38.1318226338728));
#3114=CARTESIAN_POINT('Ctrl Pts',(-15.6747190132445,7.55616354667744,-44.0042569517439));
#3115=CARTESIAN_POINT('Ctrl Pts',(-7.66666753244503,7.4718657957555,-45.3578285457643));
#3116=CARTESIAN_POINT('Ctrl Pts',(-7.68156954821998,7.64506390986339,-45.4567321566491));
#3117=CARTESIAN_POINT('Ctrl Pts',(-15.7070827381223,7.72936166078533,-44.1005295700675));
#3118=CARTESIAN_POINT('Ctrl Pts',(-28.4536899953716,7.86986332269398,-38.2158238058392));
#3119=CARTESIAN_POINT('Ctrl Pts',(-40.8323719163744,8.06656922611644,-23.4062810747921));
#3120=CARTESIAN_POINT('Ctrl Pts',(-44.5515850132452,8.17896846419719,-13.0353712392769));
#3121=CARTESIAN_POINT('Ctrl Pts',(-45.4561355353485,8.23516696517295,-7.68509930173309));
#3122=CARTESIAN_POINT('Origin',(-7.7,7.91100000000001,-45.5550313515423));
#3123=CARTESIAN_POINT('',(-7.66666753244505,7.91100000000001,-45.3578285457643));
#3124=CARTESIAN_POINT('',(-7.5,7.91100000000001,-45.5550313515423));
#3125=CARTESIAN_POINT('Ctrl Pts',(-7.5,7.47186579573972,-45.5550313515145));
#3126=CARTESIAN_POINT('Ctrl Pts',(-7.5,7.77595094810321,-46.0908137144808));
#3127=CARTESIAN_POINT('Ctrl Pts',(-7.5,8.08017292947511,-46.6265184175073));
#3128=CARTESIAN_POINT('Ctrl Pts',(-7.5,8.3845184422699,-47.1621529283342));
#3129=CARTESIAN_POINT('Ctrl Pts',(-7.5,7.52085055085164,-45.5272298825762));
#3130=CARTESIAN_POINT('Ctrl Pts',(-7.49999860072431,7.82496650459645,-46.0629836879481));
#3131=CARTESIAN_POINT('Ctrl Pts',(-7.50000131643636,8.12921663070281,-46.5986619981343));
#3132=CARTESIAN_POINT('Ctrl Pts',(-7.5,8.43359108984322,-47.1342700347043));
#3133=CARTESIAN_POINT('Ctrl Pts',(-7.54420266499783,7.60584093777668,-45.4789932914827));
#3134=CARTESIAN_POINT('Ctrl Pts',(-7.5442695812922,7.91000647324103,-46.0146998545894));
#3135=CARTESIAN_POINT('Ctrl Pts',(-7.54433327455273,8.21430685442651,-46.5503313439014));
#3136=CARTESIAN_POINT('Ctrl Pts',(-7.54439602139144,8.51872789243894,-47.0858956239448));
#3137=CARTESIAN_POINT('Ctrl Pts',(-7.63950606364909,7.6416783679712,-45.4586536327438));
#3138=CARTESIAN_POINT('Ctrl Pts',(-7.63968239730051,7.94580051487069,-45.9943767076058));
#3139=CARTESIAN_POINT('Ctrl Pts',(-7.63985193075602,8.25005737287326,-46.5300253399057));
#3140=CARTESIAN_POINT('Ctrl Pts',(-7.6400170359432,8.5544376165923,-47.0656054931009));
#3141=CARTESIAN_POINT('Ctrl Pts',(-7.68156954821998,7.64506390984762,-45.4567321566213));
#3142=CARTESIAN_POINT('Ctrl Pts',(-7.68177969859426,7.94914922186771,-45.9924753990828));
#3143=CARTESIAN_POINT('Ctrl Pts',(-7.68198275067799,8.25337135473331,-46.5281429931143));
#3144=CARTESIAN_POINT('Ctrl Pts',(-7.68217937174134,8.55771701188007,-47.0637421530428));
#3145=CARTESIAN_POINT('',(-7.5,8.34336694884535,-47.0897263801933));
#3146=CARTESIAN_POINT('',(-7.68217812609755,8.55578904071375,-47.0603492316133));
#3147=CARTESIAN_POINT('Ctrl Pts',(-7.68217812609765,8.55578904071179,-47.0603492316144));
#3148=CARTESIAN_POINT('Ctrl Pts',(-7.66899987909341,8.55565533628468,-47.0625004620234));
#3149=CARTESIAN_POINT('Ctrl Pts',(-7.65596696722295,8.55396988185589,-47.0646411967804));
#3150=CARTESIAN_POINT('Ctrl Pts',(-7.64326540005518,8.55080279291501,-47.0667140787517));
#3151=CARTESIAN_POINT('Ctrl Pts',(-7.63424888144713,8.54855455724523,-47.068185564799));
#3152=CARTESIAN_POINT('Ctrl Pts',(-7.62539923164414,8.54555864665085,-47.0696234530041));
#3153=CARTESIAN_POINT('Ctrl Pts',(-7.61678934356931,8.54182742684121,-47.0710144474504));
#3154=CARTESIAN_POINT('Ctrl Pts',(-7.60484966658889,8.53665319473937,-47.0729433952168));
#3155=CARTESIAN_POINT('Ctrl Pts',(-7.59359571341349,8.53016472527367,-47.0747459127167));
#3156=CARTESIAN_POINT('Ctrl Pts',(-7.58317058940048,8.52251075961368,-47.0764155737432));
#3157=CARTESIAN_POINT('Ctrl Pts',(-7.5776996353034,8.51849406928615,-47.0772917876685));
#3158=CARTESIAN_POINT('Ctrl Pts',(-7.57245683532785,8.51415558374465,-47.0781318774916));
#3159=CARTESIAN_POINT('Ctrl Pts',(-7.5674633856376,8.50951192013608,-47.07893768664));
#3160=CARTESIAN_POINT('Ctrl Pts',(-7.56548144058607,8.50766880832344,-47.0792575195318));
#3161=CARTESIAN_POINT('Ctrl Pts',(-7.56353878769584,8.5057775868031,-47.0795719706758));
#3162=CARTESIAN_POINT('Ctrl Pts',(-7.56163568349792,8.50384007183245,-47.0798807137139));
#3163=CARTESIAN_POINT('Ctrl Pts',(-7.55280541684159,8.49485014166461,-47.0813132592137));
#3164=CARTESIAN_POINT('Ctrl Pts',(-7.54493476988357,8.48498038212604,-47.082605270345));
#3165=CARTESIAN_POINT('Ctrl Pts',(-7.53800280856453,8.47445442137705,-47.0837347965598));
#3166=CARTESIAN_POINT('Ctrl Pts',(-7.53116909471011,8.46407764624938,-47.0848483138729));
#3167=CARTESIAN_POINT('Ctrl Pts',(-7.52524731157659,8.45306207207437,-47.0858045255571));
#3168=CARTESIAN_POINT('Ctrl Pts',(-7.52023427189919,8.44158151523338,-47.0866053802427));
#3169=CARTESIAN_POINT('Ctrl Pts',(-7.51469033769736,8.42888513622527,-47.0874910476158));
#3170=CARTESIAN_POINT('Ctrl Pts',(-7.51028922813188,8.41569108166314,-47.088179234625));
#3171=CARTESIAN_POINT('Ctrl Pts',(-7.5070206094484,8.40221146861453,-47.088679408114));
#3172=CARTESIAN_POINT('Ctrl Pts',(-7.50637647180249,8.39955507854343,-47.0887779759205));
#3173=CARTESIAN_POINT('Ctrl Pts',(-7.50577639569427,8.39688747573758,-47.0888693119975));
#3174=CARTESIAN_POINT('Ctrl Pts',(-7.5052204264828,8.39421011687024,-47.0889535835469));
#3175=CARTESIAN_POINT('Ctrl Pts',(-7.50219095608583,8.37962121650794,-47.0894127783351));
#3176=CARTESIAN_POINT('Ctrl Pts',(-7.50047232880359,8.36476597320292,-47.0896597532648));
#3177=CARTESIAN_POINT('Ctrl Pts',(-7.50008445038265,8.34985649910502,-47.0897145136766));
#3178=CARTESIAN_POINT('Ctrl Pts',(-7.50002819965971,8.34769430432597,-47.0897224551155));
#3179=CARTESIAN_POINT('Ctrl Pts',(-7.50000000513998,8.34553091984092,-47.0897263819942));
#3180=CARTESIAN_POINT('Ctrl Pts',(-7.5,8.34336694803367,-47.0897263806603));
#3181=CARTESIAN_POINT('Ctrl Pts',(-7.68217812609765,8.55578904071179,-47.0603492316144));
#3182=CARTESIAN_POINT('Ctrl Pts',(-7.68198189311502,8.25208656179837,-46.5258807567569));
#3183=CARTESIAN_POINT('Ctrl Pts',(-7.68177925483982,7.94850711400669,-45.9913441213332));
#3184=CARTESIAN_POINT('Ctrl Pts',(-7.68156954821998,7.64506390984762,-45.4567321566213));
#3185=CARTESIAN_POINT('Ctrl Pts',(-7.5,7.47186579573972,-45.5550313515145));
#3186=CARTESIAN_POINT('Ctrl Pts',(-7.5,7.76224526692576,-46.0666650107698));
#3187=CARTESIAN_POINT('Ctrl Pts',(-7.5,8.05274951081069,-46.5782278528762));
#3188=CARTESIAN_POINT('Ctrl Pts',(-7.5,8.34336694802597,-47.0897263806468));
#3189=CARTESIAN_POINT('Ctrl Pts',(-45.4567321566491,7.31197235565959,-7.68156954821998));
#3190=CARTESIAN_POINT('Ctrl Pts',(-44.1005295700675,7.22767460473765,-15.7070827381223));
#3191=CARTESIAN_POINT('Ctrl Pts',(-38.2158452876843,7.08717294571632,-28.4536963972892));
#3192=CARTESIAN_POINT('Ctrl Pts',(-23.4062777906654,6.89046703860453,-40.8323760229309));
#3193=CARTESIAN_POINT('Ctrl Pts',(-13.0353712392769,6.7780678013258,-44.5515850132452));
#3194=CARTESIAN_POINT('Ctrl Pts',(-7.6850993017331,6.72186930035003,-45.4561355353485));
#3195=CARTESIAN_POINT('Ctrl Pts',(-45.4226312483639,7.33191755686551,-7.67601464343342));
#3196=CARTESIAN_POINT('Ctrl Pts',(-44.0674123666763,7.24761980594358,-15.695490702258));
#3197=CARTESIAN_POINT('Ctrl Pts',(-38.1870693002137,7.10711814692224,-28.4325530049125));
#3198=CARTESIAN_POINT('Ctrl Pts',(-23.3885619971545,6.91041223981046,-40.8018704202809));
#3199=CARTESIAN_POINT('Ctrl Pts',(-13.0253931476737,6.79801300253172,-44.5182562261827));
#3200=CARTESIAN_POINT('Ctrl Pts',(-7.67913791651579,6.74181450155595,-45.4221033329609));
#3201=CARTESIAN_POINT('Ctrl Pts',(-45.3736768115202,7.38541024100966,-7.66830071419293));
#3202=CARTESIAN_POINT('Ctrl Pts',(-44.019816002947,7.30111249008772,-15.6791551329087));
#3203=CARTESIAN_POINT('Ctrl Pts',(-38.1456621996349,7.16061083106639,-28.4024097881047));
#3204=CARTESIAN_POINT('Ctrl Pts',(-23.3629049359402,6.9639049239546,-40.7582692430381));
#3205=CARTESIAN_POINT('Ctrl Pts',(-13.0108630228524,6.85150568667587,-44.4705200466431));
#3206=CARTESIAN_POINT('Ctrl Pts',(-7.67033381380109,6.7953071857001,-45.3733331641443));
#3207=CARTESIAN_POINT('Ctrl Pts',(-45.3578800772243,7.45525148537279,-7.66636266007151));
#3208=CARTESIAN_POINT('Ctrl Pts',(-44.0043629513854,7.37095373445086,-15.6744192785226));
#3209=CARTESIAN_POINT('Ctrl Pts',(-38.1320327210126,7.23045207542952,-28.393200744262));
#3210=CARTESIAN_POINT('Ctrl Pts',(-23.3541978421347,7.03374616831774,-40.7445490657179));
#3211=CARTESIAN_POINT('Ctrl Pts',(-13.0056647267096,6.921346931039,-44.4553605252359));
#3212=CARTESIAN_POINT('Ctrl Pts',(-7.66697240481856,6.86514843006323,-45.3577770143043));
#3213=CARTESIAN_POINT('Ctrl Pts',(-45.3578285457643,7.48517046976748,-7.66666753244503));
#3214=CARTESIAN_POINT('Ctrl Pts',(-44.0042569517439,7.40087271884555,-15.6747190132445));
#3215=CARTESIAN_POINT('Ctrl Pts',(-38.1318440688708,7.26037105982422,-28.3934543800638));
#3216=CARTESIAN_POINT('Ctrl Pts',(-23.3539223321349,7.06366515271242,-40.7447080832101));
#3217=CARTESIAN_POINT('Ctrl Pts',(-13.0053685539521,6.95126591543369,-44.4554474772852));
#3218=CARTESIAN_POINT('Ctrl Pts',(-7.66666753244504,6.89506741445792,-45.3578285457643));
#3219=CARTESIAN_POINT('Ctrl Pts',(-7.66666753244504,6.89506741445792,-45.3578285457643));
#3220=CARTESIAN_POINT('Ctrl Pts',(-13.0053685539521,6.95126591543369,-44.4554474772852));
#3221=CARTESIAN_POINT('Ctrl Pts',(-23.3539223321349,7.06366515271242,-40.7447080832101));
#3222=CARTESIAN_POINT('Ctrl Pts',(-38.1318440688708,7.26037105982422,-28.3934543800638));
#3223=CARTESIAN_POINT('Ctrl Pts',(-44.0042569517439,7.40087271884555,-15.6747190132445));
#3224=CARTESIAN_POINT('Ctrl Pts',(-45.3578285457643,7.48517046976748,-7.66666753244503));
#3225=CARTESIAN_POINT('Ctrl Pts',(-45.4567321566491,7.31197235565959,-7.68156954821998));
#3226=CARTESIAN_POINT('Ctrl Pts',(-44.1005295700675,7.22767460473765,-15.7070827381223));
#3227=CARTESIAN_POINT('Ctrl Pts',(-38.2158452876843,7.08717294571632,-28.4536963972892));
#3228=CARTESIAN_POINT('Ctrl Pts',(-23.4062777906654,6.89046703860453,-40.8323760229309));
#3229=CARTESIAN_POINT('Ctrl Pts',(-13.0353712392769,6.7780678013258,-44.5515850132452));
#3230=CARTESIAN_POINT('Ctrl Pts',(-7.6850993017331,6.72186930035003,-45.4561355353485));
#3231=CARTESIAN_POINT('Ctrl Pts',(-7.5,5.97684063253741,-47.1625408613349));
#3232=CARTESIAN_POINT('Ctrl Pts',(-7.5,6.28299923945749,-46.6267517815408));
#3233=CARTESIAN_POINT('Ctrl Pts',(-7.5,6.58907771041633,-46.0909169098617));
#3234=CARTESIAN_POINT('Ctrl Pts',(-7.5,6.89506741446832,-45.5550313515241));
#3235=CARTESIAN_POINT('Ctrl Pts',(-7.5,5.92726912666207,-47.1342148954762));
#3236=CARTESIAN_POINT('Ctrl Pts',(-7.50000110398092,6.23345188293092,-46.5984462031688));
#3237=CARTESIAN_POINT('Ctrl Pts',(-7.4999988246924,6.53955381595682,-46.0626315716538));
#3238=CARTESIAN_POINT('Ctrl Pts',(-7.5,6.84556925071889,-45.5267679877496));
#3239=CARTESIAN_POINT('Ctrl Pts',(-7.54548611833377,5.84130105039298,-47.0850913364812));
#3240=CARTESIAN_POINT('Ctrl Pts',(-7.54543445366814,6.1475225894631,-46.5493561579907));
#3241=CARTESIAN_POINT('Ctrl Pts',(-7.54538200533004,6.45366644328203,-46.0135774840502));
#3242=CARTESIAN_POINT('Ctrl Pts',(-7.5453268572544,6.75972321271937,-45.4777500521982));
#3243=CARTESIAN_POINT('Ctrl Pts',(-7.64288623017346,5.8063197932925,-47.0651024764127));
#3244=CARTESIAN_POINT('Ctrl Pts',(-7.64275140015461,6.11250724131825,-46.5293524737796));
#3245=CARTESIAN_POINT('Ctrl Pts',(-7.64261295650158,6.41861467918732,-45.993557819087));
#3246=CARTESIAN_POINT('Ctrl Pts',(-7.64246886282535,6.7246351398709,-45.4577148247889));
#3247=CARTESIAN_POINT('Ctrl Pts',(-7.68559532445098,5.80364206282271,-47.0635723776084));
#3248=CARTESIAN_POINT('Ctrl Pts',(-7.68543543710511,6.10980081413292,-46.5278063164268));
#3249=CARTESIAN_POINT('Ctrl Pts',(-7.68527028033193,6.41587943662107,-45.9919956118724));
#3250=CARTESIAN_POINT('Ctrl Pts',(-7.6850993017331,6.72186930036041,-45.4561355353303));
#3251=CARTESIAN_POINT('',(-7.68559340994203,5.80580263185454,-47.0597883711755));
#3252=CARTESIAN_POINT('',(-7.5,6.01844735682878,-47.0897263801971));
#3253=CARTESIAN_POINT('Ctrl Pts',(-7.5,6.01844735736063,-47.0897263805076));
#3254=CARTESIAN_POINT('Ctrl Pts',(-7.50000002919144,6.00366445586056,-47.0897263881206));
#3255=CARTESIAN_POINT('Ctrl Pts',(-7.50130993176132,5.9889256085973,-47.0895478037742));
#3256=CARTESIAN_POINT('Ctrl Pts',(-7.50389552863124,5.97442826199817,-47.0891612363429));
#3257=CARTESIAN_POINT('Ctrl Pts',(-7.50634320293823,5.96070424213912,-47.088795289439));
#3258=CARTESIAN_POINT('Ctrl Pts',(-7.50993491559949,5.94719570588986,-47.0882424195012));
#3259=CARTESIAN_POINT('Ctrl Pts',(-7.51467434222403,5.93409844193195,-47.0874938586164));
#3260=CARTESIAN_POINT('Ctrl Pts',(-7.51585259399317,5.93084237835045,-47.0873077615932));
#3261=CARTESIAN_POINT('Ctrl Pts',(-7.51710191418336,5.92761191454677,-47.087109673331));
#3262=CARTESIAN_POINT('Ctrl Pts',(-7.51842261056038,5.92441045502593,-47.0868996855339));
#3263=CARTESIAN_POINT('Ctrl Pts',(-7.5235914505407,5.91188082879648,-47.0860778514321));
#3264=CARTESIAN_POINT('Ctrl Pts',(-7.52982051995875,5.89986792011356,-47.085075191936));
#3265=CARTESIAN_POINT('Ctrl Pts',(-7.53711232413968,5.8885875369199,-47.0838871926715));
#3266=CARTESIAN_POINT('Ctrl Pts',(-7.543724245127,5.87835892949539,-47.0828099617044));
#3267=CARTESIAN_POINT('Ctrl Pts',(-7.55121063227319,5.8687322823794,-47.0815801514192));
#3268=CARTESIAN_POINT('Ctrl Pts',(-7.55958974526994,5.85990660372722,-47.0802161757271));
#3269=CARTESIAN_POINT('Ctrl Pts',(-7.56045134330095,5.85899908674398,-47.0800759223648));
#3270=CARTESIAN_POINT('Ctrl Pts',(-7.56132239124638,5.85810007749167,-47.079934272593));
#3271=CARTESIAN_POINT('Ctrl Pts',(-7.56220291594482,5.85720982017745,-47.0797912623407));
#3272=CARTESIAN_POINT('Ctrl Pts',(-7.56439525027502,5.85499325353699,-47.0794351947751));
#3273=CARTESIAN_POINT('Ctrl Pts',(-7.56663925098678,5.85283819169681,-47.0790716508902));
#3274=CARTESIAN_POINT('Ctrl Pts',(-7.56893449655252,5.85074735165701,-47.0787011358575));
#3275=CARTESIAN_POINT('Ctrl Pts',(-7.5785343772348,5.84200239852109,-47.0771514541338));
#3276=CARTESIAN_POINT('Ctrl Pts',(-7.58902993710391,5.83437764355609,-47.0754779625723));
#3277=CARTESIAN_POINT('Ctrl Pts',(-7.6002743044181,5.82799442305153,-47.0736733616642));
#3278=CARTESIAN_POINT('Ctrl Pts',(-7.60660162950881,5.82440251697719,-47.0726578935381));
#3279=CARTESIAN_POINT('Ctrl Pts',(-7.61316629402831,5.82120446438302,-47.0716013275862));
#3280=CARTESIAN_POINT('Ctrl Pts',(-7.61994215237833,5.81842829720058,-47.0705060268755));
#3281=CARTESIAN_POINT('Ctrl Pts',(-7.63216463879985,5.81342056770885,-47.0685302922345));
#3282=CARTESIAN_POINT('Ctrl Pts',(-7.64483321662887,5.80988205468253,-47.0664647646194));
#3283=CARTESIAN_POINT('Ctrl Pts',(-7.65774661527796,5.80784479576676,-47.064350608676));
#3284=CARTESIAN_POINT('Ctrl Pts',(-7.66692668125562,5.80639651930844,-47.0628476665324));
#3285=CARTESIAN_POINT('Ctrl Pts',(-7.67623140119062,5.80570763809185,-47.0613205515434));
#3286=CARTESIAN_POINT('Ctrl Pts',(-7.68559419603429,5.80580263185611,-47.0597914616764));
#3287=CARTESIAN_POINT('Ctrl Pts',(-7.5,6.01844735736569,-47.0897263804987));
#3288=CARTESIAN_POINT('Ctrl Pts',(-7.5,6.31072994291696,-46.5782047297745));
#3289=CARTESIAN_POINT('Ctrl Pts',(-7.5,6.60293913205964,-46.0666411398658));
#3290=CARTESIAN_POINT('Ctrl Pts',(-7.5,6.89506741446832,-45.5550313515241));
#3291=CARTESIAN_POINT('Ctrl Pts',(-7.6850993017331,6.72186930036041,-45.4561355353303));
#3292=CARTESIAN_POINT('Ctrl Pts',(-7.68526987813177,6.41659922946096,-45.9907350856525));
#3293=CARTESIAN_POINT('Ctrl Pts',(-7.68543466006244,6.11124081690344,-46.5252854959934));
#3294=CARTESIAN_POINT('Ctrl Pts',(-7.68559419603429,5.80580263185612,-47.0597914616763));
#3295=CARTESIAN_POINT('Ctrl Pts',(-47.1625408613349,8.98019563298556,-7.5));
#3296=CARTESIAN_POINT('Ctrl Pts',(-46.6267517815408,8.67403702606551,-7.5));
#3297=CARTESIAN_POINT('Ctrl Pts',(-46.0909169098616,8.36795855510663,-7.5));
#3298=CARTESIAN_POINT('Ctrl Pts',(-45.5550313515241,8.06196885105466,-7.5));
#3299=CARTESIAN_POINT('Ctrl Pts',(-47.1342148954761,9.0297671388609,-7.5));
#3300=CARTESIAN_POINT('Ctrl Pts',(-46.5984462031688,8.72358438259208,-7.50000110398092));
#3301=CARTESIAN_POINT('Ctrl Pts',(-46.0626315716538,8.41748244956613,-7.4999988246924));
#3302=CARTESIAN_POINT('Ctrl Pts',(-45.5267679877496,8.11146701480408,-7.5));
#3303=CARTESIAN_POINT('Ctrl Pts',(-47.0850919487029,9.11573414371886,-7.54548723486463));
#3304=CARTESIAN_POINT('Ctrl Pts',(-46.5493567702125,8.80951260464875,-7.545435570199));
#3305=CARTESIAN_POINT('Ctrl Pts',(-46.013578091298,8.50336875875639,-7.54538311652693));
#3306=CARTESIAN_POINT('Ctrl Pts',(-45.477750659446,8.19731198931907,-7.5453279684513));
#3307=CARTESIAN_POINT('Ctrl Pts',(-47.0651024764127,9.15071647223047,-7.64288623017349));
#3308=CARTESIAN_POINT('Ctrl Pts',(-46.5293524737796,8.84452902420472,-7.64275140015463));
#3309=CARTESIAN_POINT('Ctrl Pts',(-45.9935578190869,8.53842158633562,-7.64261295650156));
#3310=CARTESIAN_POINT('Ctrl Pts',(-45.4577148247889,8.23240112565206,-7.64246886282534));
#3311=CARTESIAN_POINT('Ctrl Pts',(-47.0635723776084,9.15339420270025,-7.68559532445101));
#3312=CARTESIAN_POINT('Ctrl Pts',(-46.5278063164268,8.84723545139003,-7.68543543710514));
#3313=CARTESIAN_POINT('Ctrl Pts',(-45.9919956118724,8.54115682890187,-7.68527028033192));
#3314=CARTESIAN_POINT('Ctrl Pts',(-45.4561355353303,8.23516696516254,-7.68509930173308));
#3315=CARTESIAN_POINT('',(-47.0597883662347,9.15123363366844,-7.68559340789629));
#3316=CARTESIAN_POINT('',(-47.0897263801971,8.93858890869418,-7.5));
#3317=CARTESIAN_POINT('Ctrl Pts',(-47.0897263805076,8.93858890816234,-7.5));
#3318=CARTESIAN_POINT('Ctrl Pts',(-47.0897263881206,8.95337187237186,-7.50000002919156));
#3319=CARTESIAN_POINT('Ctrl Pts',(-47.0895478199484,8.96811075101382,-7.50130997512439));
#3320=CARTESIAN_POINT('Ctrl Pts',(-47.089161276561,8.98260810902655,-7.50389564385571));
#3321=CARTESIAN_POINT('Ctrl Pts',(-47.0887953488927,8.99633227191826,-7.50634340977426));
#3322=CARTESIAN_POINT('Ctrl Pts',(-47.0882425016421,9.00984092915463,-7.50993526169025));
#3323=CARTESIAN_POINT('Ctrl Pts',(-47.0874939593967,9.02293829638822,-7.51467486222666));
#3324=CARTESIAN_POINT('Ctrl Pts',(-47.0873078833311,9.02619410002435,-7.51585305387274));
#3325=CARTESIAN_POINT('Ctrl Pts',(-47.0871098178829,9.0294243072742,-7.51710230361304));
#3326=CARTESIAN_POINT('Ctrl Pts',(-47.0868998546148,9.0326255145989,-7.51842291892061));
#3327=CARTESIAN_POINT('Ctrl Pts',(-47.0860780558279,9.04515507902581,-7.52359182330604));
#3328=CARTESIAN_POINT('Ctrl Pts',(-47.0850754308605,9.05716792728227,-7.52982095569508));
#3329=CARTESIAN_POINT('Ctrl Pts',(-47.0838874571638,9.06844826573145,-7.53711280650461));
#3330=CARTESIAN_POINT('Ctrl Pts',(-47.082810230713,9.07867700983995,-7.5437248843553));
#3331=CARTESIAN_POINT('Ctrl Pts',(-47.0815804122364,9.0883037857605,-7.55121144524086));
#3332=CARTESIAN_POINT('Ctrl Pts',(-47.0802164094973,9.09712958742608,-7.55959073654867));
#3333=CARTESIAN_POINT('Ctrl Pts',(-47.0800761794215,9.09803694838701,-7.5604521927768));
#3334=CARTESIAN_POINT('Ctrl Pts',(-47.0799345532563,9.09893580471732,-7.5613230954536));
#3335=CARTESIAN_POINT('Ctrl Pts',(-47.0797915669039,9.09982591234843,-7.56220347138792));
#3336=CARTESIAN_POINT('Ctrl Pts',(-47.0794354988358,9.1020424798684,-7.56439580480155));
#3337=CARTESIAN_POINT('Ctrl Pts',(-47.0790719534248,9.10419754437919,-7.56663980273022));
#3338=CARTESIAN_POINT('Ctrl Pts',(-47.078701435721,9.10628838909352,-7.56893504342455));
#3339=CARTESIAN_POINT('Ctrl Pts',(-47.0771517588308,9.11503327146192,-7.57853480458406));
#3340=CARTESIAN_POINT('Ctrl Pts',(-47.075478254623,9.12265801386403,-7.58903018981981));
#3341=CARTESIAN_POINT('Ctrl Pts',(-47.0736736361111,9.12904126225121,-7.60027435456634));
#3342=CARTESIAN_POINT('Ctrl Pts',(-47.0726581289528,9.13263328704081,-7.6066017471505));
#3343=CARTESIAN_POINT('Ctrl Pts',(-47.0716015200167,9.1358314486068,-7.6131664839423));
#3344=CARTESIAN_POINT('Ctrl Pts',(-47.0705061748475,9.13860770936589,-7.61994242224009));
#3345=CARTESIAN_POINT('Ctrl Pts',(-47.0685303981862,9.14361551089493,-7.63216481671699));
#3346=CARTESIAN_POINT('Ctrl Pts',(-47.0664648295395,9.14715409737535,-7.64483330322197));
#3347=CARTESIAN_POINT('Ctrl Pts',(-47.0643506474846,9.14919140666527,-7.65774663738411));
#3348=CARTESIAN_POINT('Ctrl Pts',(-47.062847683279,9.15063972230652,-7.66692667889289));
#3349=CARTESIAN_POINT('Ctrl Pts',(-47.0613205536244,9.1513286275604,-7.6762313884487));
#3350=CARTESIAN_POINT('Ctrl Pts',(-47.0597914616764,9.15123363366686,-7.68559419603432));
#3351=CARTESIAN_POINT('Ctrl Pts',(-47.0897263804987,8.93858890815727,-7.5));
#3352=CARTESIAN_POINT('Ctrl Pts',(-46.5782047297745,8.64630632260603,-7.5));
#3353=CARTESIAN_POINT('Ctrl Pts',(-46.0666411398657,8.35409713346331,-7.5));
#3354=CARTESIAN_POINT('Ctrl Pts',(-45.5550313515241,8.06196885105466,-7.5));
#3355=CARTESIAN_POINT('Ctrl Pts',(-45.4561355353303,8.23516696516254,-7.68509930173308));
#3356=CARTESIAN_POINT('Ctrl Pts',(-45.9907350856525,8.54043703606198,-7.68526987813176));
#3357=CARTESIAN_POINT('Ctrl Pts',(-46.5252854959933,8.84579544861951,-7.68543466006247));
#3358=CARTESIAN_POINT('Ctrl Pts',(-47.0597914616763,9.15123363366684,-7.68559419603432));
#3359=CARTESIAN_POINT('Ctrl Pts',(-45.5550313515145,7.48517046978326,-7.5));
#3360=CARTESIAN_POINT('Ctrl Pts',(-46.0908137144807,7.18108531741981,-7.5));
#3361=CARTESIAN_POINT('Ctrl Pts',(-46.6265184175073,6.87686333604787,-7.5));
#3362=CARTESIAN_POINT('Ctrl Pts',(-47.1621529283342,6.57251782325308,-7.5));
#3363=CARTESIAN_POINT('Ctrl Pts',(-45.5272298825762,7.43618571467135,-7.5));
#3364=CARTESIAN_POINT('Ctrl Pts',(-46.0629836879481,7.13206976092657,-7.4999986007243));
#3365=CARTESIAN_POINT('Ctrl Pts',(-46.5986619981343,6.82781963482019,-7.50000131643636));
#3366=CARTESIAN_POINT('Ctrl Pts',(-47.1342700347043,6.52344517567977,-7.5));
#3367=CARTESIAN_POINT('Ctrl Pts',(-45.4789929286795,7.35119468850584,-7.5442019845684));
#3368=CARTESIAN_POINT('Ctrl Pts',(-46.0146994917862,7.04702915304152,-7.54426890086277));
#3369=CARTESIAN_POINT('Ctrl Pts',(-46.5503309773232,6.74272876593509,-7.54433259000458));
#3370=CARTESIAN_POINT('Ctrl Pts',(-47.0858952573666,6.43830772792267,-7.54439533684329));
#3371=CARTESIAN_POINT('Ctrl Pts',(-45.4586536327438,7.3153578975518,-7.63950606364909));
#3372=CARTESIAN_POINT('Ctrl Pts',(-45.9943767076057,7.01123575065232,-7.6396823973005));
#3373=CARTESIAN_POINT('Ctrl Pts',(-46.5300253399057,6.70697889264973,-7.63985193075599));
#3374=CARTESIAN_POINT('Ctrl Pts',(-47.0656054931009,6.40259864893071,-7.64001703594317));
#3375=CARTESIAN_POINT('Ctrl Pts',(-45.4567321566213,7.31197235567537,-7.68156954821998));
#3376=CARTESIAN_POINT('Ctrl Pts',(-45.9924753990828,7.00788704365531,-7.68177969859425));
#3377=CARTESIAN_POINT('Ctrl Pts',(-46.5281429931144,6.70366491078967,-7.68198275067796));
#3378=CARTESIAN_POINT('Ctrl Pts',(-47.0637421530428,6.39931925364294,-7.68217937174131));
#3379=CARTESIAN_POINT('',(-47.0897263801933,6.61366931667764,-7.5));
#3380=CARTESIAN_POINT('',(-47.0603462525287,6.40124722480922,-7.68217736836276));
#3381=CARTESIAN_POINT('Ctrl Pts',(-47.0603492316144,6.40124722481121,-7.68217812609761));
#3382=CARTESIAN_POINT('Ctrl Pts',(-47.0625004647059,6.40138092940506,-7.66899986266024));
#3383=CARTESIAN_POINT('Ctrl Pts',(-47.0646411868069,6.40306636092134,-7.65596690613172));
#3384=CARTESIAN_POINT('Ctrl Pts',(-47.066714049411,6.40623341916995,-7.64326528326731));
#3385=CARTESIAN_POINT('Ctrl Pts',(-47.0681855172903,6.4084816262993,-7.63424875220394));
#3386=CARTESIAN_POINT('Ctrl Pts',(-47.0696233841332,6.4114774999164,-7.62539908334724));
#3387=CARTESIAN_POINT('Ctrl Pts',(-47.0710143572403,6.41520867991595,-7.61678917511088));
#3388=CARTESIAN_POINT('Ctrl Pts',(-47.0729432914864,6.42038289992257,-7.60484937069055));
#3389=CARTESIAN_POINT('Ctrl Pts',(-47.0747457940837,6.42687137506968,-7.59359529967238));
#3390=CARTESIAN_POINT('Ctrl Pts',(-47.0764154468195,6.43452537554591,-7.5831700852342));
#3391=CARTESIAN_POINT('Ctrl Pts',(-47.0772916396543,6.43854200740649,-7.57769918820513));
#3392=CARTESIAN_POINT('Ctrl Pts',(-47.0781317115892,6.44288043021112,-7.57245644410206));
#3393=CARTESIAN_POINT('Ctrl Pts',(-47.0789375070917,6.4475240293898,-7.5674630503489));
#3394=CARTESIAN_POINT('Ctrl Pts',(-47.0792573385745,6.44936713872291,-7.56548110266645));
#3395=CARTESIAN_POINT('Ctrl Pts',(-47.0795717888419,6.4512583587002,-7.56353844813896));
#3396=CARTESIAN_POINT('Ctrl Pts',(-47.0798805314853,6.45319587297635,-7.56163534320412));
#3397=CARTESIAN_POINT('Ctrl Pts',(-47.0813130601423,6.46218570571495,-7.55280516566229));
#3398=CARTESIAN_POINT('Ctrl Pts',(-47.0826050677366,6.47205536761849,-7.54493460699058));
#3399=CARTESIAN_POINT('Ctrl Pts',(-47.0837345991546,6.48258122830747,-7.53800272416355));
#3400=CARTESIAN_POINT('Ctrl Pts',(-47.0848481451028,6.49295812383648,-7.53116894343617));
#3401=CARTESIAN_POINT('Ctrl Pts',(-47.0858043872102,6.5039738429102,-7.52524712241125));
#3402=CARTESIAN_POINT('Ctrl Pts',(-47.0866052699841,6.51545455623917,-7.52023406600126));
#3403=CARTESIAN_POINT('Ctrl Pts',(-47.0874909509291,6.52815085757233,-7.51469022277848));
#3404=CARTESIAN_POINT('Ctrl Pts',(-47.0881791562418,6.54134482737195,-7.51028918543665));
#3405=CARTESIAN_POINT('Ctrl Pts',(-47.0886793476172,6.55482434576778,-7.5070206114441));
#3406=CARTESIAN_POINT('Ctrl Pts',(-47.0887779244085,6.55748086432576,-7.50637644692617));
#3407=CARTESIAN_POINT('Ctrl Pts',(-47.0888692686525,6.56014859647588,-7.50577634775864));
#3408=CARTESIAN_POINT('Ctrl Pts',(-47.0889535475401,6.56282608528214,-7.50522035924279));
#3409=CARTESIAN_POINT('Ctrl Pts',(-47.0894127589936,6.57741495281883,-7.50219093749853));
#3410=CARTESIAN_POINT('Ctrl Pts',(-47.0896597472597,6.59227015166766,-7.50047233726066));
#3411=CARTESIAN_POINT('Ctrl Pts',(-47.0897145122523,6.60717956347463,-7.50008445435513));
#3412=CARTESIAN_POINT('Ctrl Pts',(-47.0897224546383,6.60934182621936,-7.50002820097862));
#3413=CARTESIAN_POINT('Ctrl Pts',(-47.0897263819943,6.61150527837988,-7.50000000514014));
#3414=CARTESIAN_POINT('Ctrl Pts',(-47.0897263806603,6.61366931748932,-7.5));
#3415=CARTESIAN_POINT('Ctrl Pts',(-47.0603492316144,6.40124722481122,-7.68217812609761));
#3416=CARTESIAN_POINT('Ctrl Pts',(-46.5258807567569,6.70494970372462,-7.68198189311499));
#3417=CARTESIAN_POINT('Ctrl Pts',(-45.9913441213332,7.00852915151633,-7.68177925483981));
#3418=CARTESIAN_POINT('Ctrl Pts',(-45.4567321566213,7.31197235567537,-7.68156954821998));
#3419=CARTESIAN_POINT('Ctrl Pts',(-45.5550313515145,7.48517046978326,-7.5));
#3420=CARTESIAN_POINT('Ctrl Pts',(-46.0666650107698,7.19479099859726,-7.5));
#3421=CARTESIAN_POINT('Ctrl Pts',(-46.5782278528762,6.90428675471231,-7.5));
#3422=CARTESIAN_POINT('Ctrl Pts',(-47.0897263806467,6.61366931749702,-7.5));
#3423=CARTESIAN_POINT('Origin',(-7.5,7.7715611723761E-15,-47.0897263802042));
#3424=CARTESIAN_POINT('',(-7.5,8.88178419700125E-15,-47.0897263802042));
#3425=CARTESIAN_POINT('Ctrl Pts',(-47.0897263802042,6.40309498836652,-7.50000000000011));
#3426=CARTESIAN_POINT('Ctrl Pts',(-46.3054084285272,6.35316375678048,-12.4244423652739));
#3427=CARTESIAN_POINT('Ctrl Pts',(-43.1784736987386,6.25330129360839,-22.0238695767322));
#3428=CARTESIAN_POINT('Ctrl Pts',(-34.276101674528,6.10350759885026,-34.276101674528));
#3429=CARTESIAN_POINT('Ctrl Pts',(-22.0238695767322,5.95371390409214,-43.1784736987386));
#3430=CARTESIAN_POINT('Ctrl Pts',(-12.4244423652739,5.85385144092005,-46.3054084285272));
#3431=CARTESIAN_POINT('Ctrl Pts',(-7.50000000000012,5.803920209334,-47.0897263802042));
#3432=CARTESIAN_POINT('Ctrl Pts',(-46.5689417311192,6.70755988545318,-7.41705441572125));
#3433=CARTESIAN_POINT('Ctrl Pts',(-45.7932978742104,6.65762865386714,-12.2870353477637));
#3434=CARTESIAN_POINT('Ctrl Pts',(-42.7009452015104,6.55776619069505,-21.7802985460491));
#3435=CARTESIAN_POINT('Ctrl Pts',(-33.897028170502,6.40797249593692,-33.897028170502));
#3436=CARTESIAN_POINT('Ctrl Pts',(-21.7802985460491,6.2581788011788,-42.7009452015104));
#3437=CARTESIAN_POINT('Ctrl Pts',(-12.2870353477637,6.15831633800671,-45.7932978742104));
#3438=CARTESIAN_POINT('Ctrl Pts',(-7.41705441572126,6.10838510642067,-46.5689417311192));
#3439=CARTESIAN_POINT('Ctrl Pts',(-46.0481570820341,7.01202478253984,-7.33410883144239));
#3440=CARTESIAN_POINT('Ctrl Pts',(-45.2811873198937,6.9620935509538,-12.1496283302535));
#3441=CARTESIAN_POINT('Ctrl Pts',(-42.2234167042823,6.86223108778172,-21.536727515366));
#3442=CARTESIAN_POINT('Ctrl Pts',(-33.5179546664759,6.71243739302359,-33.517954666476));
#3443=CARTESIAN_POINT('Ctrl Pts',(-21.536727515366,6.56264369826546,-42.2234167042823));
#3444=CARTESIAN_POINT('Ctrl Pts',(-12.1496283302535,6.46278123509337,-45.2811873198937));
#3445=CARTESIAN_POINT('Ctrl Pts',(-7.3341088314424,6.41285000350733,-46.0481570820341));
#3446=CARTESIAN_POINT('Ctrl Pts',(-45.5273724329491,7.31648967962651,-7.25116324716353));
#3447=CARTESIAN_POINT('Ctrl Pts',(-44.769076765577,7.26655844804046,-12.0122213127432));
#3448=CARTESIAN_POINT('Ctrl Pts',(-41.7458882070541,7.16669598486838,-21.2931564846829));
#3449=CARTESIAN_POINT('Ctrl Pts',(-33.1388811624499,7.01690229011025,-33.1388811624499));
#3450=CARTESIAN_POINT('Ctrl Pts',(-21.2931564846829,6.86710859535212,-41.7458882070541));
#3451=CARTESIAN_POINT('Ctrl Pts',(-12.0122213127432,6.76724613218004,-44.769076765577));
#3452=CARTESIAN_POINT('Ctrl Pts',(-7.25116324716354,6.71731490059399,-45.5273724329491));
#3453=CARTESIAN_POINT('Ctrl Pts',(-47.0603462525287,6.40124722480922,-7.68217736836276));
#3454=CARTESIAN_POINT('Ctrl Pts',(-46.2667296541051,6.35193191440895,-12.5428005918621));
#3455=CARTESIAN_POINT('Ctrl Pts',(-43.1418689568493,6.25268537242263,-22.0742482614567));
#3456=CARTESIAN_POINT('Ctrl Pts',(-34.276101674528,6.10350759885026,-34.276101674528));
#3457=CARTESIAN_POINT('Ctrl Pts',(-22.0751932270478,5.95434137826565,-43.1411823525494));
#3458=CARTESIAN_POINT('Ctrl Pts',(-12.545019626306,5.85510638926707,-46.2660021054861));
#3459=CARTESIAN_POINT('Ctrl Pts',(-7.68559340994203,5.80580263185454,-47.0597883711755));
#3460=CARTESIAN_POINT('Origin',(-2.22044604925031E-15,7.911,-1.66533453693773E-15));
#3461=CARTESIAN_POINT('Ctrl Pts',(-47.1980200345689,3.68309886880927,7.5));
#3462=CARTESIAN_POINT('Ctrl Pts',(-46.6855884212642,4.18884435550247,7.5));
#3463=CARTESIAN_POINT('Ctrl Pts',(-46.1730501679851,4.69448179495958,7.5));
#3464=CARTESIAN_POINT('Ctrl Pts',(-45.6603943381008,5.2,7.5));
#3465=CARTESIAN_POINT('Ctrl Pts',(-47.1590389752093,3.64360246664351,7.5));
#3466=CARTESIAN_POINT('Ctrl Pts',(-46.6466458895039,4.14937583745809,7.50000154140572));
#3467=CARTESIAN_POINT('Ctrl Pts',(-46.1341458029663,4.65504039751713,7.49999836785324));
#3468=CARTESIAN_POINT('Ctrl Pts',(-45.6215312338738,5.16058817120584,7.5));
#3469=CARTESIAN_POINT('Ctrl Pts',(-47.0913706108993,3.57503950364054,7.54283699263734));
#3470=CARTESIAN_POINT('Ctrl Pts',(-46.5790409314423,4.08085786851202,7.54276149883661));
#3471=CARTESIAN_POINT('Ctrl Pts',(-46.0666086368899,4.58657083559657,7.542684957235));
#3472=CARTESIAN_POINT('Ctrl Pts',(-45.5540620307949,5.09216634197954,7.54260468590942));
#3473=CARTESIAN_POINT('Ctrl Pts',(-47.0617725320828,3.54505012819825,7.63587998973234));
#3474=CARTESIAN_POINT('Ctrl Pts',(-46.549412470457,4.0508292316164,7.63567898947055));
#3475=CARTESIAN_POINT('Ctrl Pts',(-46.036947601264,4.5565003916809,7.63547276666826));
#3476=CARTESIAN_POINT('Ctrl Pts',(-45.5243692181959,5.06205428403039,7.63525866984725));
#3477=CARTESIAN_POINT('Ctrl Pts',(-47.0584439218116,3.54167751257196,7.67722921284739));
#3478=CARTESIAN_POINT('Ctrl Pts',(-46.5460515955483,4.04742299926516,7.67698839848761));
#3479=CARTESIAN_POINT('Ctrl Pts',(-46.0335545037605,4.55306043872227,7.67674000322809));
#3480=CARTESIAN_POINT('Ctrl Pts',(-45.5209419687098,5.05857864376269,7.67648326827053));
#3481=CARTESIAN_POINT('',(-45.5803416325673,5.00000000374372,7.67651298102916));
#3482=CARTESIAN_POINT('',(-47.0209265511069,3.57870782303698,7.67721156693425));
#3483=CARTESIAN_POINT('Ctrl Pts',(-45.5803416321405,5.00000000333468,7.67651298075222));
#3484=CARTESIAN_POINT('Ctrl Pts',(-46.0606346639889,4.52633717342586,7.6767529305223));
#3485=CARTESIAN_POINT('Ctrl Pts',(-46.5408267093063,4.0525700459753,7.67698558453206));
#3486=CARTESIAN_POINT('Ctrl Pts',(-47.0209265512991,3.57870782324234,7.67721156694758));
#3487=CARTESIAN_POINT('',(-47.0716527856952,3.55506216403015,7.61260285255));
#3488=CARTESIAN_POINT('Ctrl Pts',(-47.0209265512991,3.57870782324234,7.67721156694758));
#3489=CARTESIAN_POINT('Ctrl Pts',(-47.0222624415159,3.57853617979546,7.67009481681814));
#3490=CARTESIAN_POINT('Ctrl Pts',(-47.0248399052853,3.5776321086749,7.66339476832965));
#3491=CARTESIAN_POINT('Ctrl Pts',(-47.028234655522,3.57622298016056,7.65714806479436));
#3492=CARTESIAN_POINT('Ctrl Pts',(-47.0325173540073,3.57444527277916,7.64926744150771));
#3493=CARTESIAN_POINT('Ctrl Pts',(-47.0380940153387,3.5718671085521,7.64212020558726));
#3494=CARTESIAN_POINT('Ctrl Pts',(-47.0441112098794,3.56896318278934,7.63577461267132));
#3495=CARTESIAN_POINT('Ctrl Pts',(-47.0451342364829,3.56846946544486,7.63469575269364));
#3496=CARTESIAN_POINT('Ctrl Pts',(-47.0461700381217,3.56796637330035,7.63363995757613));
#3497=CARTESIAN_POINT('Ctrl Pts',(-47.047214475059,3.56745629442925,7.63260743963461));
#3498=CARTESIAN_POINT('Ctrl Pts',(-47.054607032841,3.563845939995,7.62529924488306));
#3499=CARTESIAN_POINT('Ctrl Pts',(-47.0629900913965,3.55961117528638,7.61860958469578));
#3500=CARTESIAN_POINT('Ctrl Pts',(-47.0717115237121,3.55512051666285,7.61256870516597));
#3501=CARTESIAN_POINT('',(-47.089726380152,3.78997633880687,7.5));
#3502=CARTESIAN_POINT('Ctrl Pts',(-47.089726381627,3.78997634033552,7.5));
#3503=CARTESIAN_POINT('Ctrl Pts',(-47.0897264019929,3.77220872309966,7.5000000590066));
#3504=CARTESIAN_POINT('Ctrl Pts',(-47.0895516691575,3.75476655498476,7.50126672791316));
#3505=CARTESIAN_POINT('Ctrl Pts',(-47.0891938857109,3.73784835884278,7.50368091201308));
#3506=CARTESIAN_POINT('Ctrl Pts',(-47.0888249464746,3.72040264853079,7.50617037106022));
#3507=CARTESIAN_POINT('Ctrl Pts',(-47.0882602983036,3.7035130153804,7.5098804789673));
#3508=CARTESIAN_POINT('Ctrl Pts',(-47.0874947088264,3.68740104328709,7.5147346876473));
#3509=CARTESIAN_POINT('Ctrl Pts',(-47.0870616829172,3.67828793296732,7.51748028197677));
#3510=CARTESIAN_POINT('Ctrl Pts',(-47.0865645304139,3.6694237684314,7.52059282299668));
#3511=CARTESIAN_POINT('Ctrl Pts',(-47.0860048717689,3.66085124477246,7.52406490143462));
#3512=CARTESIAN_POINT('Ctrl Pts',(-47.0850631370278,3.64642630303317,7.52990735007332));
#3513=CARTESIAN_POINT('Ctrl Pts',(-47.0839563563544,3.63302464170728,7.5366847533183));
#3514=CARTESIAN_POINT('Ctrl Pts',(-47.0827064450999,3.62078206065799,7.5443223463695));
#3515=CARTESIAN_POINT('Ctrl Pts',(-47.0816576901845,3.61050975771924,7.55073077194813));
#3516=CARTESIAN_POINT('Ctrl Pts',(-47.0805079578803,3.60105326690544,7.55774594554181));
#3517=CARTESIAN_POINT('Ctrl Pts',(-47.0792811206615,3.59250388017818,7.56534739296715));
#3518=CARTESIAN_POINT('Ctrl Pts',(-47.0789836968511,3.59043124076201,7.56719022217307));
#3519=CARTESIAN_POINT('Ctrl Pts',(-47.0786818062969,3.58841198034443,7.56906759621626));
#3520=CARTESIAN_POINT('Ctrl Pts',(-47.0783753249247,3.58644692934419,7.5709784363989));
#3521=CARTESIAN_POINT('Ctrl Pts',(-47.0770349491099,3.57785291001912,7.57933536833336));
#3522=CARTESIAN_POINT('Ctrl Pts',(-47.0755828152906,3.57014634943831,7.58847586594764));
#3523=CARTESIAN_POINT('Ctrl Pts',(-47.0739986752166,3.56355144139247,7.59835556688155));
#3524=CARTESIAN_POINT('Ctrl Pts',(-47.0732641177434,3.56049341699857,7.60293673257034));
#3525=CARTESIAN_POINT('Ctrl Pts',(-47.0725016038764,3.55767484444878,7.60767655167314));
#3526=CARTESIAN_POINT('Ctrl Pts',(-47.0717115237121,3.55512051666285,7.61256870516597));
#3527=CARTESIAN_POINT('',(-45.6603943381008,5.2,7.5));
#3528=CARTESIAN_POINT('Ctrl Pts',(-47.089726381627,3.78997634033552,7.5));
#3529=CARTESIAN_POINT('Ctrl Pts',(-46.613378105954,4.26008126403848,7.5));
#3530=CARTESIAN_POINT('Ctrl Pts',(-46.1369370195729,4.73009214580213,7.5));
#3531=CARTESIAN_POINT('Ctrl Pts',(-45.6603943381008,5.2,7.5));
#3532=CARTESIAN_POINT('',(-45.5789382944373,5.00138396902772,7.67651227982843));
#3533=CARTESIAN_POINT('Ctrl Pts',(-45.6603943381008,5.2,7.5));
#3534=CARTESIAN_POINT('Ctrl Pts',(-45.6602099914832,5.19955049807138,7.5));
#3535=CARTESIAN_POINT('Ctrl Pts',(-45.6600256654678,5.19910101737167,7.50000160561452));
#3536=CARTESIAN_POINT('Ctrl Pts',(-45.6598413624651,5.19865156482121,7.50000481258273));
#3537=CARTESIAN_POINT('Ctrl Pts',(-45.6544029442978,5.18538910636819,7.50009944389055));
#3538=CARTESIAN_POINT('Ctrl Pts',(-45.648993272319,5.17217225444801,7.50158380405096));
#3539=CARTESIAN_POINT('Ctrl Pts',(-45.6436747913279,5.15917957649781,7.50436298210649));
#3540=CARTESIAN_POINT('Ctrl Pts',(-45.6415245626917,5.1539267179774,7.50548658643076));
#3541=CARTESIAN_POINT('Ctrl Pts',(-45.6393893088281,5.14871057165265,7.50682243123771));
#3542=CARTESIAN_POINT('Ctrl Pts',(-45.6372736964126,5.14354348525184,7.50836651889156));
#3543=CARTESIAN_POINT('Ctrl Pts',(-45.6321625176384,5.13106014844461,7.51209693188404));
#3544=CARTESIAN_POINT('Ctrl Pts',(-45.627183226349,5.11890633758452,7.51702652487308));
#3545=CARTESIAN_POINT('Ctrl Pts',(-45.6224056665145,5.10726302288328,7.52310351892782));
#3546=CARTESIAN_POINT('Ctrl Pts',(-45.6203845672724,5.10233743422854,7.52567433091212));
#3547=CARTESIAN_POINT('Ctrl Pts',(-45.6183998244956,5.09750346297869,7.52845098378028));
#3548=CARTESIAN_POINT('Ctrl Pts',(-45.6164581568093,5.09277626084048,7.53143157220174));
#3549=CARTESIAN_POINT('Ctrl Pts',(-45.6120967618129,5.08215796817509,7.5381266022108));
#3550=CARTESIAN_POINT('Ctrl Pts',(-45.6079781710744,5.07214076903901,7.54580758897346));
#3551=CARTESIAN_POINT('Ctrl Pts',(-45.6041793698027,5.06289524816039,7.55444191072197));
#3552=CARTESIAN_POINT('Ctrl Pts',(-45.6026892557218,5.05926860916011,7.55782880134774));
#3553=CARTESIAN_POINT('Ctrl Pts',(-45.6012486449713,5.05576100850115,7.56136271152524));
#3554=CARTESIAN_POINT('Ctrl Pts',(-45.5998635349789,5.05238411182427,7.56504284950665));
#3555=CARTESIAN_POINT('Ctrl Pts',(-45.5977206680333,5.04715980450761,7.57073629340566));
#3556=CARTESIAN_POINT('Ctrl Pts',(-45.5957104302039,5.04224811749397,7.57677978257941));
#3557=CARTESIAN_POINT('Ctrl Pts',(-45.5938414212451,5.03767844701262,7.58314395930214));
#3558=CARTESIAN_POINT('Ctrl Pts',(-45.5907696183612,5.03016798169554,7.59360377883244));
#3559=CARTESIAN_POINT('Ctrl Pts',(-45.5881081932594,5.02365741860457,7.60482159920479));
#3560=CARTESIAN_POINT('Ctrl Pts',(-45.585888094309,5.01824687219372,7.61663477128957));
#3561=CARTESIAN_POINT('Ctrl Pts',(-45.5839573768072,5.01354156991502,7.62690814135396));
#3562=CARTESIAN_POINT('Ctrl Pts',(-45.5823606588912,5.00966843655586,7.63763279024435));
#3563=CARTESIAN_POINT('Ctrl Pts',(-45.5811408027826,5.00671614530508,7.64870448354454));
#3564=CARTESIAN_POINT('Ctrl Pts',(-45.5801365521166,5.00428566155067,7.65781929248927));
#3565=CARTESIAN_POINT('Ctrl Pts',(-45.5793942762732,5.00249580744344,7.66711036042646));
#3566=CARTESIAN_POINT('Ctrl Pts',(-45.5789382910285,5.00138397145341,7.67651227963591));
#3567=CARTESIAN_POINT('Ctrl Pts',(-45.5789382939694,5.00138396855318,7.67651227963738));
#3568=CARTESIAN_POINT('Ctrl Pts',(-45.5794060734595,5.0009226469087,7.67651251334925));
#3569=CARTESIAN_POINT('Ctrl Pts',(-45.5798738528539,5.00046132516527,7.6765127470542));
#3570=CARTESIAN_POINT('Ctrl Pts',(-45.5803416321524,5.0000000033229,7.67651298075223));
#3571=CARTESIAN_POINT('Origin',(-45.5550313515423,5.2,7.7));
#3572=CARTESIAN_POINT('',(-45.3578285457643,5.2,7.66666753244504));
#3573=CARTESIAN_POINT('',(-45.5550313515423,5.2,7.5));
#3574=CARTESIAN_POINT('Origin',(-45.5550313515423,5.2,7.69999999999999));
#3575=CARTESIAN_POINT('',(-45.5550313515423,5.,7.7));
#3576=CARTESIAN_POINT('Origin',(-45.5550313515423,5.2,7.7));
#3577=CARTESIAN_POINT('Origin',(-45.5550313515423,5.2,7.7));
#3578=CARTESIAN_POINT('Origin',(-2.22044604925031E-15,5.2,-2.22044604925031E-15));
#3579=CARTESIAN_POINT('',(-8.10242932115315,4.99999999999999,45.4851791305225));
#3580=CARTESIAN_POINT('Origin',(-2.22044604925031E-15,5.,-2.22044604925031E-15));
#3581=CARTESIAN_POINT('',(-10.9839536039076,5.19999999999999,44.6706073908471));
#3582=CARTESIAN_POINT('Origin',(-2.22044604925031E-15,5.2,-2.22044604925031E-15));
#3583=CARTESIAN_POINT('',(-11.0069629993401,5.02679261719268,44.7679324362499));
#3584=CARTESIAN_POINT('Ctrl Pts',(-10.9839536039068,5.19999999999999,44.6706073908433));
#3585=CARTESIAN_POINT('Ctrl Pts',(-10.9839519779397,5.19967594867288,44.6706077906487));
#3586=CARTESIAN_POINT('Ctrl Pts',(-10.9839505428089,5.19935189627545,44.6706089665106));
#3587=CARTESIAN_POINT('Ctrl Pts',(-10.9839492982795,5.19902784567706,44.6706109176639));
#3588=CARTESIAN_POINT('Ctrl Pts',(-10.983898164436,5.18571361442537,44.6706910844845));
#3589=CARTESIAN_POINT('Ctrl Pts',(-10.9841679862009,5.17245730301839,44.6720753569731));
#3590=CARTESIAN_POINT('Ctrl Pts',(-10.9847452413649,5.15945638590199,44.6747044202718));
#3591=CARTESIAN_POINT('Ctrl Pts',(-10.9851137141021,5.15115765803366,44.6763826004086));
#3592=CARTESIAN_POINT('Ctrl Pts',(-10.9856077130822,5.14296281361024,44.6785690459801));
#3593=CARTESIAN_POINT('Ctrl Pts',(-10.986226336614,5.13492547358583,44.6812588703528));
#3594=CARTESIAN_POINT('Ctrl Pts',(-10.9867974431274,5.12750548872737,44.6837420869464));
#3595=CARTESIAN_POINT('Ctrl Pts',(-10.9874720535663,5.12025530449641,44.6866425331345));
#3596=CARTESIAN_POINT('Ctrl Pts',(-10.9882479687054,5.1132149508204,44.6899503016953));
#3597=CARTESIAN_POINT('Ctrl Pts',(-10.989629218368,5.10068202595621,44.6958386443481));
#3598=CARTESIAN_POINT('Ctrl Pts',(-10.9913308117009,5.08881156553424,44.7030150871655));
#3599=CARTESIAN_POINT('Ctrl Pts',(-10.9933172224276,5.07777147063986,44.7113322497363));
#3600=CARTESIAN_POINT('Ctrl Pts',(-10.995214354962,5.06722756704262,44.7192756017806));
#3601=CARTESIAN_POINT('Ctrl Pts',(-10.9973544251288,5.05753536649288,44.7281888769422));
#3602=CARTESIAN_POINT('Ctrl Pts',(-10.9997036137985,5.04883016450018,44.7379314989176));
#3603=CARTESIAN_POINT('Ctrl Pts',(-11.001940808754,5.04053996872515,44.7472096573804));
#3604=CARTESIAN_POINT('Ctrl Pts',(-11.0043679422884,5.0331440936749,44.7572411607539));
#3605=CARTESIAN_POINT('Ctrl Pts',(-11.0069629993401,5.02679261719259,44.7679324362499));
#3606=CARTESIAN_POINT('Ctrl Pts',(-11.0069629993197,5.02679261719279,44.7679324362549));
#3607=CARTESIAN_POINT('Ctrl Pts',(-11.0069732489085,5.02676753103069,44.7679746631404));
#3608=CARTESIAN_POINT('Ctrl Pts',(-11.006981499987,5.02674235494845,44.7680175806754));
#3609=CARTESIAN_POINT('Ctrl Pts',(-11.0070210467899,5.02658121217985,44.7682957948614));
#3610=CARTESIAN_POINT('Ctrl Pts',(-11.0069925873377,5.02645287207666,44.7685332618344));
#3611=CARTESIAN_POINT('Ctrl Pts',(-11.0068085224609,5.02614370214402,44.7691359215205));
#3612=CARTESIAN_POINT('Ctrl Pts',(-11.0065901003078,5.02597574607971,44.7694946937002));
#3613=CARTESIAN_POINT('Ctrl Pts',(-11.0056063323615,5.0254017549609,44.7707836618556));
#3614=CARTESIAN_POINT('Ctrl Pts',(-11.0042969994771,5.0250062892722,44.7718390232563));
#3615=CARTESIAN_POINT('Ctrl Pts',(-10.9981319403809,5.02363461968106,44.7759291508376));
#3616=CARTESIAN_POINT('Ctrl Pts',(-10.9904355459762,5.02274902369648,44.7795529945576));
#3617=CARTESIAN_POINT('Ctrl Pts',(-10.8966875521595,5.01458260387758,44.8189601761573));
#3618=CARTESIAN_POINT('Ctrl Pts',(-10.6014642567262,5.00945934760506,44.906356931153));
#3619=CARTESIAN_POINT('Ctrl Pts',(-9.53823899714006,5.00062836451589,45.1830400653648));
#3620=CARTESIAN_POINT('Ctrl Pts',(-8.82374161664373,4.99999999999999,45.3433256525513));
#3621=CARTESIAN_POINT('Ctrl Pts',(-8.10242932115315,4.99999999999999,45.4851791305225));
#3622=CARTESIAN_POINT('Origin',(-7.70000000000015,5.23517046976747,45.5550313515423));
#3623=CARTESIAN_POINT('',(-7.6815695482199,5.06197235565958,45.4567321566491));
#3624=CARTESIAN_POINT('',(-7.5,5.23517046976749,45.5550313515423));
#3625=CARTESIAN_POINT('Origin',(-7.69999999999991,5.23517046976746,45.5550313515423));
#3626=CARTESIAN_POINT('',(-7.66666753244504,5.23517046976747,45.3578285457643));
#3627=CARTESIAN_POINT('Origin',(-7.70000000000015,5.23517046976747,45.5550313515423));
#3628=CARTESIAN_POINT('Origin',(-7.69999999999999,5.23517046976749,45.5550313515423));
#3629=CARTESIAN_POINT('Ctrl Pts',(-7.6815695482199,5.06197235565958,45.4567321566491));
#3630=CARTESIAN_POINT('Ctrl Pts',(-8.79799030342418,5.05024578359878,45.2680722317204));
#3631=CARTESIAN_POINT('Ctrl Pts',(-9.90745834232276,5.03851919858203,45.038264489101));
#3632=CARTESIAN_POINT('Ctrl Pts',(-11.0069629993401,5.02679261719259,44.7679324362499));
#3633=CARTESIAN_POINT('Ctrl Pts',(-7.67601464343333,5.0819175568655,45.4226312483639));
#3634=CARTESIAN_POINT('Ctrl Pts',(-8.79159557964068,5.0701909848047,45.2341081655953));
#3635=CARTESIAN_POINT('Ctrl Pts',(-9.90023568509015,5.05846439978796,45.004466725666));
#3636=CARTESIAN_POINT('Ctrl Pts',(-10.9989128744659,5.04673781839852,44.7343329659777));
#3637=CARTESIAN_POINT('Ctrl Pts',(-7.66830051431766,5.13540965702634,45.373675665223));
#3638=CARTESIAN_POINT('Ctrl Pts',(-8.78268210317693,5.12368308496554,45.1853415025865));
#3639=CARTESIAN_POINT('Ctrl Pts',(-9.89012087492827,5.11195649994879,44.9559351359418));
#3640=CARTESIAN_POINT('Ctrl Pts',(-10.9876158771365,5.10022991855935,44.6860780723397));
#3641=CARTESIAN_POINT('Ctrl Pts',(-7.66636266007142,5.20525148537279,45.3578800772243));
#3642=CARTESIAN_POINT('Ctrl Pts',(-8.78035504985887,5.19352491331198,45.1695937239339));
#3643=CARTESIAN_POINT('Ctrl Pts',(-9.88741013191395,5.18179832829524,44.9402487263835));
#3644=CARTESIAN_POINT('Ctrl Pts',(-10.9845205101244,5.1700717469058,44.6704679928279));
#3645=CARTESIAN_POINT('Ctrl Pts',(-7.66666753244495,5.23517046976747,45.3578285457643));
#3646=CARTESIAN_POINT('Ctrl Pts',(-8.78065920753903,5.22344389770667,45.1695346154621));
#3647=CARTESIAN_POINT('Ctrl Pts',(-9.88771165422794,5.21171731268993,44.9401823958253));
#3648=CARTESIAN_POINT('Ctrl Pts',(-10.9848207619118,5.19999073130049,44.6703941584208));
#3649=CARTESIAN_POINT('Ctrl Pts',(-10.9839536039068,5.19999999999999,44.6706073908433));
#3650=CARTESIAN_POINT('Ctrl Pts',(-9.88712831030783,5.21172349182484,44.9403032464297));
#3651=CARTESIAN_POINT('Ctrl Pts',(-8.78036570756256,5.22344698727072,45.1695842246875));
#3652=CARTESIAN_POINT('Ctrl Pts',(-7.66666753244495,5.23517046976747,45.3578285457643));
#3653=CARTESIAN_POINT('Ctrl Pts',(-7.6815695482199,5.06197235565958,45.4567321566491));
#3654=CARTESIAN_POINT('Ctrl Pts',(-8.79799030342418,5.05024578359878,45.2680722317204));
#3655=CARTESIAN_POINT('Ctrl Pts',(-9.90745834232276,5.03851919858203,45.038264489101));
#3656=CARTESIAN_POINT('Ctrl Pts',(-11.0069629993401,5.02679261719259,44.7679324362499));
#3657=CARTESIAN_POINT('Origin',(-45.5550313515415,5.22186579575553,7.70000000000459));
#3658=CARTESIAN_POINT('',(-45.4567321566491,5.39506390986338,7.68156954821998));
#3659=CARTESIAN_POINT('',(-45.5550313515145,5.22186579573971,7.5));
#3660=CARTESIAN_POINT('Origin',(-45.5550313515423,5.22186579575549,7.69999999999999));
#3661=CARTESIAN_POINT('',(-45.3578285457643,5.22186579575558,7.66666753244504));
#3662=CARTESIAN_POINT('Origin',(-45.5550313515415,5.22186579575553,7.70000000000459));
#3663=CARTESIAN_POINT('Origin',(-45.5550313515423,5.22186579573012,7.69999999999999));
#3664=CARTESIAN_POINT('Origin',(-7.70000000000001,5.81196885105465,45.5550313515241));
#3665=CARTESIAN_POINT('',(-7.68509930173311,5.98516696517294,45.4561355353485));
#3666=CARTESIAN_POINT('',(-7.6666675324497,5.811968851065,45.3578285457635));
#3667=CARTESIAN_POINT('Origin',(-7.7,5.81196885106505,45.5550313515423));
#3668=CARTESIAN_POINT('',(-7.5,5.81196885104836,45.5550313515423));
#3669=CARTESIAN_POINT('Origin',(-7.70000000000001,5.81196885105465,45.5550313515241));
#3670=CARTESIAN_POINT('Origin',(-7.69999999999999,5.81196885106495,45.5550313515423));
#3671=CARTESIAN_POINT('Ctrl Pts',(-7.5,6.73019563298554,47.1625408613349));
#3672=CARTESIAN_POINT('Ctrl Pts',(-7.5,6.42403702606548,46.6267517815408));
#3673=CARTESIAN_POINT('Ctrl Pts',(-7.5,6.11795855510664,46.0909169098617));
#3674=CARTESIAN_POINT('Ctrl Pts',(-7.5,5.81196885105465,45.5550313515241));
#3675=CARTESIAN_POINT('Ctrl Pts',(-7.5,6.77976713886088,47.1342148954761));
#3676=CARTESIAN_POINT('Ctrl Pts',(-7.50000110398092,6.47358438259204,46.5984462031687));
#3677=CARTESIAN_POINT('Ctrl Pts',(-7.4999988246924,6.16748244956611,46.0626315716539));
#3678=CARTESIAN_POINT('Ctrl Pts',(-7.5,5.86146701480405,45.5267679877496));
#3679=CARTESIAN_POINT('Ctrl Pts',(-7.54548647572698,6.86573487217925,47.0850915324487));
#3680=CARTESIAN_POINT('Ctrl Pts',(-7.54543481106135,6.55951333310913,46.5493563539583));
#3681=CARTESIAN_POINT('Ctrl Pts',(-7.54538236101586,6.25336948182738,46.0135776784258));
#3682=CARTESIAN_POINT('Ctrl Pts',(-7.54532721294022,5.94731271239004,45.4777502465737));
#3683=CARTESIAN_POINT('Ctrl Pts',(-7.64288623017347,6.90071647223045,47.0651024764127));
#3684=CARTESIAN_POINT('Ctrl Pts',(-7.64275140015462,6.59452902420469,46.5293524737796));
#3685=CARTESIAN_POINT('Ctrl Pts',(-7.64261295650148,6.28842158633553,45.993557819087));
#3686=CARTESIAN_POINT('Ctrl Pts',(-7.64246886282526,5.98240112565196,45.4577148247889));
#3687=CARTESIAN_POINT('Ctrl Pts',(-7.68559532445099,6.90339420270023,47.0635723776084));
#3688=CARTESIAN_POINT('Ctrl Pts',(-7.68543543710513,6.59723545139001,46.5278063164268));
#3689=CARTESIAN_POINT('Ctrl Pts',(-7.68527028033181,6.29115682890178,45.9919956118725));
#3690=CARTESIAN_POINT('Ctrl Pts',(-7.68509930173298,5.98516696516244,45.4561355353304));
#3691=CARTESIAN_POINT('',(-7.68559340956399,6.90123363366844,47.0597883702614));
#3692=CARTESIAN_POINT('',(-7.5,6.68858890869417,47.0897263801971));
#3693=CARTESIAN_POINT('Ctrl Pts',(-7.5,6.68858890816234,47.0897263805076));
#3694=CARTESIAN_POINT('Ctrl Pts',(-7.50000002919148,6.7033718297351,47.0897263881206));
#3695=CARTESIAN_POINT('Ctrl Pts',(-7.50130994564143,6.71811068704236,47.0895478089514));
#3696=CARTESIAN_POINT('Ctrl Pts',(-7.50389556551351,6.73260803729485,47.0891612492164));
#3697=CARTESIAN_POINT('Ctrl Pts',(-7.50634326914419,6.7463321029363,47.0887953084696));
#3698=CARTESIAN_POINT('Ctrl Pts',(-7.50993502637899,6.7598406779115,47.0882424457938));
#3699=CARTESIAN_POINT('Ctrl Pts',(-7.5146745086703,6.77293797492617,47.0874938908753));
#3700=CARTESIAN_POINT('Ctrl Pts',(-7.51585274119541,6.77619395530233,47.0873078005605));
#3701=CARTESIAN_POINT('Ctrl Pts',(-7.51710203883602,6.77942433698627,47.0871097196009));
#3702=CARTESIAN_POINT('Ctrl Pts',(-7.51842270926419,6.78262571578225,47.0868997396554));
#3703=CARTESIAN_POINT('Ctrl Pts',(-7.52359156986011,6.79515532222915,47.0860779168577));
#3704=CARTESIAN_POINT('Ctrl Pts',(-7.5298206594347,6.80716821157002,47.0850752684139));
#3705=CARTESIAN_POINT('Ctrl Pts',(-7.5371124785411,6.8184485804413,47.0838872773335));
#3706=CARTESIAN_POINT('Ctrl Pts',(-7.54372444973826,6.82867723161626,47.0828100478121));
#3707=CARTESIAN_POINT('Ctrl Pts',(-7.55121089249599,6.83830391996063,47.081580234905));
#3708=CARTESIAN_POINT('Ctrl Pts',(-7.55959006256764,6.84712963798754,47.0802162505557));
#3709=CARTESIAN_POINT('Ctrl Pts',(-7.56045161520974,6.84803710503016,47.0800760046471));
#3710=CARTESIAN_POINT('Ctrl Pts',(-7.56132261665684,6.84893606533429,47.0799343624314));
#3711=CARTESIAN_POINT('Ctrl Pts',(-7.56220309373802,6.84982627473712,47.0797913598291));
#3712=CARTESIAN_POINT('Ctrl Pts',(-7.56439542777483,6.85204284165911,47.0794352921027));
#3713=CARTESIAN_POINT('Ctrl Pts',(-7.56663942759575,6.85419790435413,47.0790717477293));
#3714=CARTESIAN_POINT('Ctrl Pts',(-7.56893467160219,6.85628874589021,47.0787012318416));
#3715=CARTESIAN_POINT('Ctrl Pts',(-7.57853451402507,6.8650336763731,47.0771515516652));
#3716=CARTESIAN_POINT('Ctrl Pts',(-7.58903001799389,6.87265842731634,47.0754780560558));
#3717=CARTESIAN_POINT('Ctrl Pts',(-7.60027432046605,6.87904165674576,47.0736734495129));
#3718=CARTESIAN_POINT('Ctrl Pts',(-7.60660166716218,6.88263360082062,47.0726579688928));
#3719=CARTESIAN_POINT('Ctrl Pts',(-7.61316635481689,6.88583168829633,47.0716013891819));
#3720=CARTESIAN_POINT('Ctrl Pts',(-7.61994223875904,6.88860788543231,47.0705060742402));
#3721=CARTESIAN_POINT('Ctrl Pts',(-7.6321646957487,6.89361563798223,47.068530326149));
#3722=CARTESIAN_POINT('Ctrl Pts',(-7.64483324434442,6.89715417452051,47.0664647854002));
#3723=CARTESIAN_POINT('Ctrl Pts',(-7.65774662235059,6.89919144956076,47.0643506210989));
#3724=CARTESIAN_POINT('Ctrl Pts',(-7.66692668049703,6.90063973856158,47.0628476718932));
#3725=CARTESIAN_POINT('Ctrl Pts',(-7.67623139711087,6.9013286274725,47.0613205522097));
#3726=CARTESIAN_POINT('Ctrl Pts',(-7.6855941960343,6.90123363366684,47.0597914616764));
#3727=CARTESIAN_POINT('Ctrl Pts',(-7.5,6.68858890815726,47.0897263804987));
#3728=CARTESIAN_POINT('Ctrl Pts',(-7.5,6.39630632260601,46.5782047297745));
#3729=CARTESIAN_POINT('Ctrl Pts',(-7.5,6.10409713346333,46.0666411398658));
#3730=CARTESIAN_POINT('Ctrl Pts',(-7.5,5.81196885105465,45.5550313515241));
#3731=CARTESIAN_POINT('Ctrl Pts',(-7.68509930173298,5.98516696516244,45.4561355353304));
#3732=CARTESIAN_POINT('Ctrl Pts',(-7.68526987813165,6.2904370360619,45.9907350856526));
#3733=CARTESIAN_POINT('Ctrl Pts',(-7.68543466006245,6.59579544861951,46.5252854959934));
#3734=CARTESIAN_POINT('Ctrl Pts',(-7.6855941960343,6.90123363366684,47.0597914616764));
#3735=CARTESIAN_POINT('Origin',(-7.69999999999999,7.91099999999999,45.5550313515423));
#3736=CARTESIAN_POINT('',(-7.66666753244504,7.91099999999999,45.3578285457643));
#3737=CARTESIAN_POINT('',(-7.5,7.91099999999999,45.5550313515423));
#3738=CARTESIAN_POINT('Ctrl Pts',(-45.4567321566491,5.39506390986338,7.68156954821999));
#3739=CARTESIAN_POINT('Ctrl Pts',(-44.1005295700675,5.47936166078532,15.7070827381223));
#3740=CARTESIAN_POINT('Ctrl Pts',(-38.2158782790269,5.61986331536967,28.4537061909049));
#3741=CARTESIAN_POINT('Ctrl Pts',(-23.4062726329048,5.81656922816598,40.8323823026188));
#3742=CARTESIAN_POINT('Ctrl Pts',(-13.0353712392769,5.92896846419718,44.5515850132452));
#3743=CARTESIAN_POINT('Ctrl Pts',(-7.68509930173307,5.98516696517294,45.4561355353485));
#3744=CARTESIAN_POINT('Ctrl Pts',(-45.4226312483639,5.37511870865746,7.67601464343342));
#3745=CARTESIAN_POINT('Ctrl Pts',(-44.0674123666763,5.4594164595794,15.695490702258));
#3746=CARTESIAN_POINT('Ctrl Pts',(-38.1871023252285,5.59991811416375,28.4325627943632));
#3747=CARTESIAN_POINT('Ctrl Pts',(-23.3885568548765,5.79662402696006,40.8018767337249));
#3748=CARTESIAN_POINT('Ctrl Pts',(-13.0253931476737,5.90902326299125,44.5182562261827));
#3749=CARTESIAN_POINT('Ctrl Pts',(-7.67913791651576,5.96522176396702,45.4221033329609));
#3750=CARTESIAN_POINT('Ctrl Pts',(-45.373676691529,5.32162608564308,7.66830069327054));
#3751=CARTESIAN_POINT('Ctrl Pts',(-44.0198158829557,5.40592383656501,15.6791551119864));
#3752=CARTESIAN_POINT('Ctrl Pts',(-38.1456950246422,5.54642549114936,28.40241947366));
#3753=CARTESIAN_POINT('Ctrl Pts',(-23.3628997137952,5.74313140394568,40.7582754024175));
#3754=CARTESIAN_POINT('Ctrl Pts',(-13.0108630031758,5.85553063997687,44.4705199264413));
#3755=CARTESIAN_POINT('Ctrl Pts',(-7.6703337941245,5.91172914095263,45.3733330439425));
#3756=CARTESIAN_POINT('Ctrl Pts',(-45.3578800772243,5.25178478015018,7.66636266007151));
#3757=CARTESIAN_POINT('Ctrl Pts',(-44.0043629513854,5.33608253107211,15.6744192785226));
#3758=CARTESIAN_POINT('Ctrl Pts',(-38.1320656544547,5.47658418565646,28.3932105181735));
#3759=CARTESIAN_POINT('Ctrl Pts',(-23.3541926983025,5.67329009845278,40.7445553407682));
#3760=CARTESIAN_POINT('Ctrl Pts',(-13.0056647267095,5.78568933448397,44.4553605252359));
#3761=CARTESIAN_POINT('Ctrl Pts',(-7.66697240481854,5.84188783545974,45.3577770143043));
#3762=CARTESIAN_POINT('Ctrl Pts',(-45.3578285457643,5.22186579575549,7.66666753244504));
#3763=CARTESIAN_POINT('Ctrl Pts',(-44.0042569517439,5.30616354667742,15.6747190132445));
#3764=CARTESIAN_POINT('Ctrl Pts',(-38.1318769882682,5.44666520126177,28.3934641537131));
#3765=CARTESIAN_POINT('Ctrl Pts',(-23.3539171853193,5.64337111405809,40.7447143490761));
#3766=CARTESIAN_POINT('Ctrl Pts',(-13.005368553952,5.75577035008928,44.4554474772852));
#3767=CARTESIAN_POINT('Ctrl Pts',(-7.66666753244502,5.81196885106505,45.3578285457643));
#3768=CARTESIAN_POINT('Ctrl Pts',(-7.66666753244502,5.81196885106505,45.3578285457643));
#3769=CARTESIAN_POINT('Ctrl Pts',(-13.005368553952,5.75577035008928,44.4554474772852));
#3770=CARTESIAN_POINT('Ctrl Pts',(-23.3539171853193,5.64337111405809,40.7447143490761));
#3771=CARTESIAN_POINT('Ctrl Pts',(-38.1318769882682,5.44666520126177,28.3934641537131));
#3772=CARTESIAN_POINT('Ctrl Pts',(-44.0042569517439,5.30616354667742,15.6747190132445));
#3773=CARTESIAN_POINT('Ctrl Pts',(-45.3578285457643,5.22186579575549,7.66666753244504));
#3774=CARTESIAN_POINT('Ctrl Pts',(-45.4567321566491,5.39506390986338,7.68156954821999));
#3775=CARTESIAN_POINT('Ctrl Pts',(-44.1005295700675,5.47936166078532,15.7070827381223));
#3776=CARTESIAN_POINT('Ctrl Pts',(-38.2158782790269,5.61986331536967,28.4537061909049));
#3777=CARTESIAN_POINT('Ctrl Pts',(-23.4062726329048,5.81656922816598,40.8323823026188));
#3778=CARTESIAN_POINT('Ctrl Pts',(-13.0353712392769,5.92896846419718,44.5515850132452));
#3779=CARTESIAN_POINT('Ctrl Pts',(-7.68509930173307,5.98516696517294,45.4561355353485));
#3780=CARTESIAN_POINT('Origin',(-45.5550313515423,7.911,7.7));
#3781=CARTESIAN_POINT('',(-45.3578285457643,7.911,7.66666753244504));
#3782=CARTESIAN_POINT('',(-45.5550313515423,7.911,7.5));
#3783=CARTESIAN_POINT('Ctrl Pts',(-45.5550313515145,5.22186579573971,7.5));
#3784=CARTESIAN_POINT('Ctrl Pts',(-46.0908137144807,5.52595094810316,7.5));
#3785=CARTESIAN_POINT('Ctrl Pts',(-46.6265184175072,5.83017292947506,7.5));
#3786=CARTESIAN_POINT('Ctrl Pts',(-47.1621529283342,6.13451844226989,7.5));
#3787=CARTESIAN_POINT('Ctrl Pts',(-45.5272298825762,5.27085055085163,7.5));
#3788=CARTESIAN_POINT('Ctrl Pts',(-46.062983687948,5.57496650459639,7.49999860072431));
#3789=CARTESIAN_POINT('Ctrl Pts',(-46.5986619981343,5.87921663070275,7.50000131643637));
#3790=CARTESIAN_POINT('Ctrl Pts',(-47.1342700347043,6.1835910898432,7.5));
#3791=CARTESIAN_POINT('Ctrl Pts',(-45.4789928959446,5.35584163469436,7.54420192317478));
#3792=CARTESIAN_POINT('Ctrl Pts',(-46.0146994590513,5.66000717015867,7.54426883946915));
#3793=CARTESIAN_POINT('Ctrl Pts',(-46.5503309442476,5.96430755779931,7.54433252823934));
#3794=CARTESIAN_POINT('Ctrl Pts',(-47.085895224291,6.26872859581176,7.54439527507805));
#3795=CARTESIAN_POINT('Ctrl Pts',(-45.4586536327438,5.39167836797118,7.63950606364909));
#3796=CARTESIAN_POINT('Ctrl Pts',(-45.9943767076057,5.69580051487064,7.6396823973005));
#3797=CARTESIAN_POINT('Ctrl Pts',(-46.5300253399056,6.00005737287321,7.63985193075599));
#3798=CARTESIAN_POINT('Ctrl Pts',(-47.0656054931008,6.30443761659227,7.64001703594318));
#3799=CARTESIAN_POINT('Ctrl Pts',(-45.4567321566213,5.3950639098476,7.68156954821998));
#3800=CARTESIAN_POINT('Ctrl Pts',(-45.9924753990828,5.69914922186765,7.68177969859425));
#3801=CARTESIAN_POINT('Ctrl Pts',(-46.5281429931143,6.00337135473327,7.68198275067796));
#3802=CARTESIAN_POINT('Ctrl Pts',(-47.0637421530428,6.30771701188004,7.68217937174131));
#3803=CARTESIAN_POINT('',(-47.0897263801933,6.09336694884533,7.5));
#3804=CARTESIAN_POINT('',(-47.0603492316133,6.30578904071374,7.68217812609767));
#3805=CARTESIAN_POINT('Ctrl Pts',(-47.0603492316144,6.30578904071177,7.68217812609762));
#3806=CARTESIAN_POINT('Ctrl Pts',(-47.0625004649479,6.30565533610289,7.66899986117787));
#3807=CARTESIAN_POINT('Ctrl Pts',(-47.0646411859069,6.30396990665404,7.6559669006203));
#3808=CARTESIAN_POINT('Ctrl Pts',(-47.0667140467635,6.3008028511749,7.64326527273084));
#3809=CARTESIAN_POINT('Ctrl Pts',(-47.0681855130036,6.29855464662065,7.63424874054328));
#3810=CARTESIAN_POINT('Ctrl Pts',(-47.069623377919,6.29555877633983,7.62539906996707));
#3811=CARTESIAN_POINT('Ctrl Pts',(-47.0710143491008,6.29182759993211,7.61678915991126));
#3812=CARTESIAN_POINT('Ctrl Pts',(-47.0729432821269,6.286653381017,7.60484934399262));
#3813=CARTESIAN_POINT('Ctrl Pts',(-47.0747457833795,6.28016490535751,7.59359526234204));
#3814=CARTESIAN_POINT('Ctrl Pts',(-47.0764154353673,6.27251090174017,7.58317003974525));
#3815=CARTESIAN_POINT('Ctrl Pts',(-47.0772916262992,6.26849427515473,7.57769914786501));
#3816=CARTESIAN_POINT('Ctrl Pts',(-47.0781316966201,6.26415585801047,7.57245640880291));
#3817=CARTESIAN_POINT('Ctrl Pts',(-47.0789374908914,6.2595122646449,7.56746302009656));
#3818=CARTESIAN_POINT('Ctrl Pts',(-47.0792573222472,6.25766915553551,7.56548107217673));
#3819=CARTESIAN_POINT('Ctrl Pts',(-47.0795717724354,6.25577793569745,7.5635384175015));
#3820=CARTESIAN_POINT('Ctrl Pts',(-47.0798805150432,6.25384042148396,7.56163531250017));
#3821=CARTESIAN_POINT('Ctrl Pts',(-47.0813130421806,6.24485059753602,7.5528051429988));
#3822=CARTESIAN_POINT('Ctrl Pts',(-47.0826050494557,6.23498094444171,7.54493459229283));
#3823=CARTESIAN_POINT('Ctrl Pts',(-47.0837345813432,6.22445509278075,7.53800271654784));
#3824=CARTESIAN_POINT('Ctrl Pts',(-47.0848481298751,6.21407818638837,7.5311689297868));
#3825=CARTESIAN_POINT('Ctrl Pts',(-47.0858043747274,6.20306245424092,7.52524710534317));
#3826=CARTESIAN_POINT('Ctrl Pts',(-47.0866052600357,6.19158172679254,7.52023404742355));
#3827=CARTESIAN_POINT('Ctrl Pts',(-47.0874909422053,6.17888543246782,7.51469021240956));
#3828=CARTESIAN_POINT('Ctrl Pts',(-47.0881791491694,6.16569147031611,7.51028918158426));
#3829=CARTESIAN_POINT('Ctrl Pts',(-47.0886793421587,6.15221196046054,7.50702061162406));
#3830=CARTESIAN_POINT('Ctrl Pts',(-47.0887779197606,6.1495554303095,7.50637644468156));
#3831=CARTESIAN_POINT('Ctrl Pts',(-47.0888692647416,6.14688768648897,7.50577634343348));
#3832=CARTESIAN_POINT('Ctrl Pts',(-47.0889535442913,6.14421018595864,7.50522035317588));
#3833=CARTESIAN_POINT('Ctrl Pts',(-47.0894127572484,6.12962132138385,7.50219093582145));
#3834=CARTESIAN_POINT('Ctrl Pts',(-47.0896597467179,6.11476612654633,7.50047233802374));
#3835=CARTESIAN_POINT('Ctrl Pts',(-47.0897145121238,6.09985672035982,7.50008445471357));
#3836=CARTESIAN_POINT('Ctrl Pts',(-47.0897224545953,6.09769445148258,7.50002820109763));
#3837=CARTESIAN_POINT('Ctrl Pts',(-47.0897263819943,6.09553099321574,7.50000000514015));
#3838=CARTESIAN_POINT('Ctrl Pts',(-47.0897263806603,6.09336694803366,7.5));
#3839=CARTESIAN_POINT('Ctrl Pts',(-47.0603492316144,6.30578904071176,7.68217812609762));
#3840=CARTESIAN_POINT('Ctrl Pts',(-46.5258807567568,6.00208656179832,7.68198189311499));
#3841=CARTESIAN_POINT('Ctrl Pts',(-45.9913441213332,5.69850711400663,7.68177925483981));
#3842=CARTESIAN_POINT('Ctrl Pts',(-45.4567321566213,5.3950639098476,7.68156954821998));
#3843=CARTESIAN_POINT('Ctrl Pts',(-45.5550313515145,5.22186579573971,7.5));
#3844=CARTESIAN_POINT('Ctrl Pts',(-46.0666650107698,5.51224526692571,7.5));
#3845=CARTESIAN_POINT('Ctrl Pts',(-46.5782278528761,5.80274951081064,7.5));
#3846=CARTESIAN_POINT('Ctrl Pts',(-47.0897263806467,6.09336694802595,7.5));
#3847=CARTESIAN_POINT('Ctrl Pts',(-7.5,5.23517046976749,45.5550313515423));
#3848=CARTESIAN_POINT('Ctrl Pts',(-7.5,5.21479601489976,45.5909300907222));
#3849=CARTESIAN_POINT('Ctrl Pts',(-7.5,5.1944209450772,45.6268284808823));
#3850=CARTESIAN_POINT('Ctrl Pts',(-7.5,5.17404526456106,45.6627265244135));
#3851=CARTESIAN_POINT('Ctrl Pts',(-7.5,5.1861857146556,45.527229882604));
#3852=CARTESIAN_POINT('Ctrl Pts',(-7.49999990624508,5.16580919601939,45.5631267083547));
#3853=CARTESIAN_POINT('Ctrl Pts',(-7.50000009336716,5.14543218287869,45.5990232634395));
#3854=CARTESIAN_POINT('Ctrl Pts',(-7.5,5.12505444728548,45.6349194033886));
#3855=CARTESIAN_POINT('Ctrl Pts',(-7.54420096334196,5.10119372908239,45.4789923841921));
#3856=CARTESIAN_POINT('Ctrl Pts',(-7.54420544689865,5.08081388834874,45.5148860445945));
#3857=CARTESIAN_POINT('Ctrl Pts',(-7.54420984829205,5.06043340465555,45.5507793441574));
#3858=CARTESIAN_POINT('Ctrl Pts',(-7.54421431228307,5.04005236103781,45.5866723352417));
#3859=CARTESIAN_POINT('Ctrl Pts',(-7.63950606364904,5.0653578975361,45.4586536327717));
#3860=CARTESIAN_POINT('Ctrl Pts',(-7.6395178784384,5.04498096394325,45.4945483995024));
#3861=CARTESIAN_POINT('Ctrl Pts',(-7.63952960404819,5.02460348502606,45.5304428704384));
#3862=CARTESIAN_POINT('Ctrl Pts',(-7.63954136609272,5.00422533639842,45.5663369649517));
#3863=CARTESIAN_POINT('Ctrl Pts',(-7.68156954821991,5.06197235565968,45.4567321566491));
#3864=CARTESIAN_POINT('Ctrl Pts',(-7.68158362881307,5.04159789009457,45.4926282746588));
#3865=CARTESIAN_POINT('Ctrl Pts',(-7.68159767750699,5.02122280961121,45.528524052695));
#3866=CARTESIAN_POINT('Ctrl Pts',(-7.68161169451466,5.00084711847076,45.5644194930664));
#3867=CARTESIAN_POINT('',(-7.68161169451466,5.0008471184708,45.5644194930664));
#3868=CARTESIAN_POINT('Ctrl Pts',(-7.68161169451466,5.00084711847076,45.5644194930664));
#3869=CARTESIAN_POINT('Ctrl Pts',(-7.68159767750699,5.02122280961121,45.528524052695));
#3870=CARTESIAN_POINT('Ctrl Pts',(-7.68158362881307,5.04159789009457,45.4926282746588));
#3871=CARTESIAN_POINT('Ctrl Pts',(-7.68156954821991,5.06197235565968,45.4567321566491));
#3872=CARTESIAN_POINT('',(-7.5,5.19999999999999,45.6169984852955));
#3873=CARTESIAN_POINT('Ctrl Pts',(-7.5,5.23517046976749,45.5550313515423));
#3874=CARTESIAN_POINT('Ctrl Pts',(-7.5,5.22344718317095,45.5756871781935));
#3875=CARTESIAN_POINT('Ctrl Pts',(-7.5,5.21172369297805,45.5963428892928));
#3876=CARTESIAN_POINT('Ctrl Pts',(-7.5,5.20000000000057,45.6169984852959));
#3877=CARTESIAN_POINT('Ctrl Pts',(-7.5,5.20000000000056,45.6169984852959));
#3878=CARTESIAN_POINT('Ctrl Pts',(-7.50000000008282,5.19954251139578,45.6168777040427));
#3879=CARTESIAN_POINT('Ctrl Pts',(-7.50000166651204,5.1990850513674,45.6167569386936));
#3880=CARTESIAN_POINT('Ctrl Pts',(-7.50000499471211,5.19862762700353,45.6166361908192));
#3881=CARTESIAN_POINT('Ctrl Pts',(-7.50010170210137,5.18533626376483,45.6131276241888));
#3882=CARTESIAN_POINT('Ctrl Pts',(-7.50159646086991,5.17212082058613,45.6096459252988));
#3883=CARTESIAN_POINT('Ctrl Pts',(-7.50437746459858,5.15915361292761,45.6062294322908));
#3884=CARTESIAN_POINT('Ctrl Pts',(-7.50657348974412,5.14891403151601,45.6035315917673));
#3885=CARTESIAN_POINT('Ctrl Pts',(-7.50957285619149,5.13882886295566,45.6008741979418));
#3886=CARTESIAN_POINT('Ctrl Pts',(-7.51334253741238,5.12898831123913,45.5982791712082));
#3887=CARTESIAN_POINT('Ctrl Pts',(-7.51804869503892,5.11670313782616,45.5950394795373));
#3888=CARTESIAN_POINT('Ctrl Pts',(-7.52391994479351,5.10488751453126,45.5919201029083));
#3889=CARTESIAN_POINT('Ctrl Pts',(-7.53088117737376,5.09371497255848,45.5889660968765));
#3890=CARTESIAN_POINT('Ctrl Pts',(-7.536471093658,5.08474334668759,45.5865940102912));
#3891=CARTESIAN_POINT('Ctrl Pts',(-7.542764927042,5.07618632710372,45.5843285209779));
#3892=CARTESIAN_POINT('Ctrl Pts',(-7.54974206996923,5.06814788970309,45.5822009754948));
#3893=CARTESIAN_POINT('Ctrl Pts',(-7.55518721229683,5.06187448579056,45.5805405841162));
#3894=CARTESIAN_POINT('Ctrl Pts',(-7.56101813849389,5.05595268904328,45.5789736982946));
#3895=CARTESIAN_POINT('Ctrl Pts',(-7.56721861183637,5.05042694534268,45.5775150069177));
#3896=CARTESIAN_POINT('Ctrl Pts',(-7.57702322155352,5.04168926397726,45.5752084250073));
#3897=CARTESIAN_POINT('Ctrl Pts',(-7.58775121514268,5.03393961632134,45.5731710903904));
#3898=CARTESIAN_POINT('Ctrl Pts',(-7.59922481684902,5.02727399715306,45.5714158219208));
#3899=CARTESIAN_POINT('Ctrl Pts',(-7.60261570837414,5.02530404977943,45.5708970724357));
#3900=CARTESIAN_POINT('Ctrl Pts',(-7.60607184938658,5.0234290636123,45.5704031177402));
#3901=CARTESIAN_POINT('Ctrl Pts',(-7.60958886895378,5.02165225915575,45.5699347101813));
#3902=CARTESIAN_POINT('Ctrl Pts',(-7.62136290848261,5.01570399372627,45.56836660713));
#3903=CARTESIAN_POINT('Ctrl Pts',(-7.63369109944734,5.01091719274946,45.5670994795239));
#3904=CARTESIAN_POINT('Ctrl Pts',(-7.64638528029825,5.00736584964034,45.5661552282938));
#3905=CARTESIAN_POINT('Ctrl Pts',(-7.6578710021887,5.00415258682583,45.5653008677683));
#3906=CARTESIAN_POINT('Ctrl Pts',(-7.66965760686595,5.00195087059223,45.5647109024794));
#3907=CARTESIAN_POINT('Ctrl Pts',(-7.68161169451466,5.00084711847077,45.5644194930664));
#3908=CARTESIAN_POINT('Origin',(-23.5448631901021,5.2,7.7));
#3909=CARTESIAN_POINT('',(-23.5448631901021,5.2,7.5));
#3910=CARTESIAN_POINT('',(-45.5763797932932,5.,7.7));
#3911=CARTESIAN_POINT('',(-23.5448631901021,5.,7.7));
#3912=CARTESIAN_POINT('Ctrl Pts',(-45.5763797932931,5.,7.7));
#3913=CARTESIAN_POINT('Ctrl Pts',(-45.5766784238528,5.,7.69823240262291));
#3914=CARTESIAN_POINT('Ctrl Pts',(-45.5769544479913,5.00002313933643,7.69645908007259));
#3915=CARTESIAN_POINT('Ctrl Pts',(-45.578066498202,5.00023326269036,7.68860997270444));
#3916=CARTESIAN_POINT('Ctrl Pts',(-45.5786476340694,5.00067526585466,7.68250520669585));
#3917=CARTESIAN_POINT('Ctrl Pts',(-45.5789382905543,5.00138397093148,7.67651227986682));
#3918=CARTESIAN_POINT('Origin',(-7.7,5.19999999999999,22.1622359119435));
#3919=CARTESIAN_POINT('',(-7.7,4.99999999999999,45.5763797932932));
#3920=CARTESIAN_POINT('',(-7.69999999848568,4.99999999999999,45.5624686850015));
#3921=CARTESIAN_POINT('',(-7.7,4.99999999999999,22.1622359119435));
#3922=CARTESIAN_POINT('Ctrl Pts',(-7.69999938327505,4.99999999987917,45.5624664263717));
#3923=CARTESIAN_POINT('Ctrl Pts',(-7.69992715350177,4.99999999992002,45.5624799683748));
#3924=CARTESIAN_POINT('Ctrl Pts',(-7.69985491059902,5.00000003913016,45.562493443646));
#3925=CARTESIAN_POINT('Ctrl Pts',(-7.69978265472916,5.00000011743126,45.5625068522929));
#3926=CARTESIAN_POINT('Ctrl Pts',(-7.69939629910948,5.00000053611098,45.5625785489745));
#3927=CARTESIAN_POINT('Ctrl Pts',(-7.69900959896641,5.00000207470951,45.562648331887));
#3928=CARTESIAN_POINT('Ctrl Pts',(-7.69862255964675,5.00000473923207,45.5627161894485));
#3929=CARTESIAN_POINT('Ctrl Pts',(-7.69833504697979,5.00000671857616,45.5627665975272));
#3930=CARTESIAN_POINT('Ctrl Pts',(-7.69804735592555,5.00000931917632,45.5628159416038));
#3931=CARTESIAN_POINT('Ctrl Pts',(-7.69775948874397,5.00001254338,45.5628642171199));
#3932=CARTESIAN_POINT('Ctrl Pts',(-7.69749190212856,5.00001554043492,45.5629090915718));
#3933=CARTESIAN_POINT('Ctrl Pts',(-7.69722416982131,5.00001907624852,45.5629530416334));
#3934=CARTESIAN_POINT('Ctrl Pts',(-7.69695629352149,5.00002315262926,45.5629960638016));
#3935=CARTESIAN_POINT('Ctrl Pts',(-7.69659022338263,5.00002872326489,45.5630548563528));
#3936=CARTESIAN_POINT('Ctrl Pts',(-7.69622389830027,5.00003530319614,45.5631119138223));
#3937=CARTESIAN_POINT('Ctrl Pts',(-7.69585732278938,5.00004289680754,45.563167227644));
#3938=CARTESIAN_POINT('Ctrl Pts',(-7.69494238861169,5.00006184966827,45.5633052851641));
#3939=CARTESIAN_POINT('Ctrl Pts',(-7.69402607580265,5.0000871134854,45.5634324532656));
#3940=CARTESIAN_POINT('Ctrl Pts',(-7.69310845449125,5.00011874896217,45.563548611983));
#3941=CARTESIAN_POINT('Ctrl Pts',(-7.68926854440126,5.00025113187979,45.5640346937963));
#3942=CARTESIAN_POINT('Ctrl Pts',(-7.68543453823987,5.00049409617279,45.5643243408381));
#3943=CARTESIAN_POINT('Ctrl Pts',(-7.68161118445984,5.0008471184708,45.5644176199236));
#3944=CARTESIAN_POINT('',(-7.5,5.19999999999999,45.6603943381008));
#3945=CARTESIAN_POINT('',(-7.5,5.19999999999999,22.1622359119435));
#3946=CARTESIAN_POINT('',(-7.67651227961241,5.0013839708895,45.5789382907132));
#3947=CARTESIAN_POINT('Ctrl Pts',(-7.5,5.19999999999999,45.6603943381008));
#3948=CARTESIAN_POINT('Ctrl Pts',(-7.5,5.19955049888197,45.6602099918156));
#3949=CARTESIAN_POINT('Ctrl Pts',(-7.50000160560847,5.19910101899252,45.6600256661324));
#3950=CARTESIAN_POINT('Ctrl Pts',(-7.50000481256504,5.1986515672522,45.6598413634618));
#3951=CARTESIAN_POINT('Ctrl Pts',(-7.50009945953406,5.18538688967455,45.6544020353121));
#3952=CARTESIAN_POINT('Ctrl Pts',(-7.50158416391853,5.1721747176514,45.6489946021089));
#3953=CARTESIAN_POINT('Ctrl Pts',(-7.50436009932341,5.15919280880823,45.6436806046288));
#3954=CARTESIAN_POINT('Ctrl Pts',(-7.506541889442,5.14898947324623,45.6395039846786));
#3955=CARTESIAN_POINT('Ctrl Pts',(-7.50952259645392,5.13892812841238,45.6353848350114));
#3956=CARTESIAN_POINT('Ctrl Pts',(-7.51327539941115,5.12910063165643,45.6313585125304));
#3957=CARTESIAN_POINT('Ctrl Pts',(-7.51782968621395,5.11717428239422,45.6264722908056));
#3958=CARTESIAN_POINT('Ctrl Pts',(-7.52349723546531,5.10565076398706,45.6217469026606));
#3959=CARTESIAN_POINT('Ctrl Pts',(-7.53023213186978,5.09470143469283,45.6172500423222));
#3960=CARTESIAN_POINT('Ctrl Pts',(-7.53591459965789,5.08546310238907,45.6134558838844));
#3961=CARTESIAN_POINT('Ctrl Pts',(-7.54235778602368,5.07663344185498,45.6098243261348));
#3962=CARTESIAN_POINT('Ctrl Pts',(-7.54955229672619,5.06833149656692,45.6064119255785));
#3963=CARTESIAN_POINT('Ctrl Pts',(-7.55439893129063,5.06273883062353,45.604113137076));
#3964=CARTESIAN_POINT('Ctrl Pts',(-7.55956472645855,5.05741158584002,45.6019246173924));
#3965=CARTESIAN_POINT('Ctrl Pts',(-7.56504284440461,5.05238432582059,45.5998633307862));
#3966=CARTESIAN_POINT('Ctrl Pts',(-7.57449551117323,5.04370962874564,45.59630651518));
#3967=CARTESIAN_POINT('Ctrl Pts',(-7.58487797035449,5.03592616174087,45.593126595791));
#3968=CARTESIAN_POINT('Ctrl Pts',(-7.59604327979792,5.02915632662563,45.5903563209933));
#3969=CARTESIAN_POINT('Ctrl Pts',(-7.59987553629054,5.02683272379977,45.5894054827176));
#3970=CARTESIAN_POINT('Ctrl Pts',(-7.6038000970182,5.02462884114514,45.5885032069608));
#3971=CARTESIAN_POINT('Ctrl Pts',(-7.60781109926946,5.0225506602687,45.5876518358595));
#3972=CARTESIAN_POINT('Ctrl Pts',(-7.61927475800377,5.01661110829062,45.5852185717647));
#3973=CARTESIAN_POINT('Ctrl Pts',(-7.63131067285076,5.01176564089671,45.5832259781268));
#3974=CARTESIAN_POINT('Ctrl Pts',(-7.64375176393289,5.00810470613265,45.5817146729628));
#3975=CARTESIAN_POINT('Ctrl Pts',(-7.65440842486547,5.00496886055292,45.5804201348396));
#3976=CARTESIAN_POINT('Ctrl Pts',(-7.66536328324487,5.00270241796249,45.5794790171803));
#3977=CARTESIAN_POINT('Ctrl Pts',(-7.67651227960394,5.00138397096265,45.5789382905671));
#3978=CARTESIAN_POINT('Ctrl Pts',(-7.67651227961386,5.00138397096139,45.5789382905666));
#3979=CARTESIAN_POINT('Ctrl Pts',(-7.68250520652406,5.00067526586723,45.5786476340857));
#3980=CARTESIAN_POINT('Ctrl Pts',(-7.688609972619,5.00023326269264,45.5780664982142));
#3981=CARTESIAN_POINT('Ctrl Pts',(-7.6964590800726,5.00002313933642,45.5769544479913));
#3982=CARTESIAN_POINT('Ctrl Pts',(-7.69823240262292,4.99999999999999,45.5766784238528));
#3983=CARTESIAN_POINT('Ctrl Pts',(-7.7,4.99999999999999,45.5763797932932));
#3984=CARTESIAN_POINT('Ctrl Pts',(-7.5,5.19999999999999,45.6603943381008));
#3985=CARTESIAN_POINT('Ctrl Pts',(-7.5,5.17452571707327,45.6862283031772));
#3986=CARTESIAN_POINT('Ctrl Pts',(-7.5,5.14905113104778,45.7120619693754));
#3987=CARTESIAN_POINT('Ctrl Pts',(-7.5,5.12357624344717,45.7378953381839));
#3988=CARTESIAN_POINT('Ctrl Pts',(-7.5,5.16058817120584,45.6215312338738));
#3989=CARTESIAN_POINT('Ctrl Pts',(-7.49999991775218,5.13511239824354,45.6473631197193));
#3990=CARTESIAN_POINT('Ctrl Pts',(-7.500000082008,5.10963640551632,45.6731947960814));
#3991=CARTESIAN_POINT('Ctrl Pts',(-7.5,5.08416003233817,45.6990260929419));
#3992=CARTESIAN_POINT('Ctrl Pts',(-7.54260467906463,5.0921663368645,45.5540620257511));
#3993=CARTESIAN_POINT('Ctrl Pts',(-7.54260872413054,5.06668815853649,45.579890486777));
#3994=CARTESIAN_POINT('Ctrl Pts',(-7.54261269904145,5.04120965532127,45.6057186293472));
#3995=CARTESIAN_POINT('Ctrl Pts',(-7.54261673143938,5.01573088402739,45.6315465135364));
#3996=CARTESIAN_POINT('Ctrl Pts',(-7.63525866984724,5.06205428403038,45.5243692181959));
#3997=CARTESIAN_POINT('Ctrl Pts',(-7.63526945870299,5.036578202734,45.5501992805402));
#3998=CARTESIAN_POINT('Ctrl Pts',(-7.63528017760013,5.011101866911,45.5760291009745));
#3999=CARTESIAN_POINT('Ctrl Pts',(-7.63529093168597,4.98562518642493,45.6018585828508));
#4000=CARTESIAN_POINT('Ctrl Pts',(-7.67648326827053,5.05857864376268,45.5209419687098));
#4001=CARTESIAN_POINT('Ctrl Pts',(-7.67649620576493,5.03310436083597,45.546773752055));
#4002=CARTESIAN_POINT('Ctrl Pts',(-7.67650912206102,5.00762977481047,45.5726052419484));
#4003=CARTESIAN_POINT('Ctrl Pts',(-7.67652201726188,4.98215488720986,45.5984364398427));
#4004=CARTESIAN_POINT('',(-7.67652201726189,4.98215488720986,45.5984364398427));
#4005=CARTESIAN_POINT('',(-7.67651298073111,5.00000000013254,45.5803416344485));
#4006=CARTESIAN_POINT('Ctrl Pts',(-7.67652201726188,4.98215488720986,45.5984364398427));
#4007=CARTESIAN_POINT('Ctrl Pts',(-7.6765190062319,4.98810327462225,45.5924048539605));
#4008=CARTESIAN_POINT('Ctrl Pts',(-7.67651599405175,4.99405164559208,45.5863732521579));
#4009=CARTESIAN_POINT('Ctrl Pts',(-7.67651298072013,5.00000000009995,45.5803416344164));
#4010=CARTESIAN_POINT('Ctrl Pts',(-7.67651227960399,5.00138397085356,45.5789382906777));
#4011=CARTESIAN_POINT('Ctrl Pts',(-7.6765125133163,5.00092264736804,45.5794060720198));
#4012=CARTESIAN_POINT('Ctrl Pts',(-7.67651274702168,5.0004613237835,45.579873853266));
#4013=CARTESIAN_POINT('Ctrl Pts',(-7.67651298072013,5.00000000009995,45.5803416344164));
#4014=CARTESIAN_POINT('',(-7.5,5.14196087548518,45.7192518938583));
#4015=CARTESIAN_POINT('Ctrl Pts',(-7.5,5.19999999999999,45.6603943381008));
#4016=CARTESIAN_POINT('Ctrl Pts',(-7.5,5.18065379975144,45.680013695514));
#4017=CARTESIAN_POINT('Ctrl Pts',(-7.5,5.16130742469074,45.6996328805491));
#4018=CARTESIAN_POINT('Ctrl Pts',(-7.5,5.14196087548527,45.7192518938584));
#4019=CARTESIAN_POINT('Ctrl Pts',(-7.5,5.14196087548527,45.7192518938584));
#4020=CARTESIAN_POINT('Ctrl Pts',(-7.50000000019253,5.14159269040149,45.7189735408296));
#4021=CARTESIAN_POINT('Ctrl Pts',(-7.50000166443195,5.14122452776972,45.7186952097103));
#4022=CARTESIAN_POINT('Ctrl Pts',(-7.50000498820738,5.14085639331096,45.7184169046452));
#4023=CARTESIAN_POINT('Ctrl Pts',(-7.50010151711737,5.13016505184075,45.7103343836696));
#4024=CARTESIAN_POINT('Ctrl Pts',(-7.50159270666942,5.11954014754188,45.702306036074));
#4025=CARTESIAN_POINT('Ctrl Pts',(-7.50436414305882,5.10912024814244,45.6944324934927));
#4026=CARTESIAN_POINT('Ctrl Pts',(-7.50627604410077,5.10193198410903,45.689000857276));
#4027=CARTESIAN_POINT('Ctrl Pts',(-7.50879847695463,5.09484113417078,45.6836427468548));
#4028=CARTESIAN_POINT('Ctrl Pts',(-7.51190787658245,5.08789545089236,45.6783934293049));
#4029=CARTESIAN_POINT('Ctrl Pts',(-7.51643005535444,5.07779394409418,45.6707590447827));
#4030=CARTESIAN_POINT('Ctrl Pts',(-7.52215541779457,5.06807974616515,45.6634152018091));
#4031=CARTESIAN_POINT('Ctrl Pts',(-7.52899379109242,5.05889410954559,45.6564684143778));
#4032=CARTESIAN_POINT('Ctrl Pts',(-7.53365432420283,5.05263385411043,45.6517339941547));
#4033=CARTESIAN_POINT('Ctrl Pts',(-7.53883293129081,5.046619217252,45.6471841093745));
#4034=CARTESIAN_POINT('Ctrl Pts',(-7.54451264894798,5.04090042503259,45.6428579133389));
#4035=CARTESIAN_POINT('Ctrl Pts',(-7.55079855899095,5.03457127002604,45.6380699853555));
#4036=CARTESIAN_POINT('Ctrl Pts',(-7.55765543142333,5.02864739018484,45.6335884175768));
#4037=CARTESIAN_POINT('Ctrl Pts',(-7.56504911818823,5.0231888655991,45.629461807495));
#4038=CARTESIAN_POINT('Ctrl Pts',(-7.5747958888471,5.01599313375857,45.6240218797099));
#4039=CARTESIAN_POINT('Ctrl Pts',(-7.58547515136904,5.00960457235693,45.6191972948618));
#4040=CARTESIAN_POINT('Ctrl Pts',(-7.59689925348787,5.00409574690408,45.6150352162168));
#4041=CARTESIAN_POINT('Ctrl Pts',(-7.59904015602115,5.003063380575,45.6142552332805));
#4042=CARTESIAN_POINT('Ctrl Pts',(-7.60120728413845,5.00206200348276,45.6134986092615));
#4043=CARTESIAN_POINT('Ctrl Pts',(-7.60339947889235,5.00109222794545,45.6127657874202));
#4044=CARTESIAN_POINT('Ctrl Pts',(-7.61505995746869,4.99593390574051,45.6088678429669));
#4045=CARTESIAN_POINT('Ctrl Pts',(-7.62731162977139,4.99171846169689,45.6056794069442));
#4046=CARTESIAN_POINT('Ctrl Pts',(-7.63995852605689,4.98850200362924,45.6032439803963));
#4047=CARTESIAN_POINT('Ctrl Pts',(-7.65184618122298,4.98547864173069,45.6009547617351));
#4048=CARTESIAN_POINT('Ctrl Pts',(-7.66408448641424,4.98333780533331,45.5993307409643));
#4049=CARTESIAN_POINT('Ctrl Pts',(-7.67652201726188,4.98215488720986,45.5984364398427));
#4050=CARTESIAN_POINT('Ctrl Pts',(-7.5,5.15504767409263,45.6961962255174));
#4051=CARTESIAN_POINT('Ctrl Pts',(-7.5,4.87764722284626,46.1849106245671));
#4052=CARTESIAN_POINT('Ctrl Pts',(-7.5,4.60013393204672,46.6735609748408));
#4053=CARTESIAN_POINT('Ctrl Pts',(-7.5,4.3225178347553,47.1621529080908));
#4054=CARTESIAN_POINT('Ctrl Pts',(-7.5,5.10605497799216,45.6683873538483));
#4055=CARTESIAN_POINT('Ctrl Pts',(-7.49999873052998,4.82862658547207,46.1570758789157));
#4056=CARTESIAN_POINT('Ctrl Pts',(-7.50000120081917,4.55108768858155,46.6457022303436));
#4057=CARTESIAN_POINT('Ctrl Pts',(-7.5,4.27344518718304,47.1342700144619));
#4058=CARTESIAN_POINT('Ctrl Pts',(-7.54421868485179,5.02104998288071,45.6201374474654));
#4059=CARTESIAN_POINT('Ctrl Pts',(-7.54427937536251,4.74357661408751,46.108783173164));
#4060=CARTESIAN_POINT('Ctrl Pts',(-7.5443373104699,4.46599198401118,46.5973669433538));
#4061=CARTESIAN_POINT('Ctrl Pts',(-7.54439454651171,4.18830699457153,47.0858948139013));
#4062=CARTESIAN_POINT('Ctrl Pts',(-7.63955230546462,4.98522546623229,45.5998030003869));
#4063=CARTESIAN_POINT('Ctrl Pts',(-7.6397122121875,4.70779145874226,46.0884637359532));
#4064=CARTESIAN_POINT('Ctrl Pts',(-7.63986643125968,4.43024643837554,46.5770631232338));
#4065=CARTESIAN_POINT('Ctrl Pts',(-7.64001703593699,4.15259866043418,47.0656054728595));
#4066=CARTESIAN_POINT('Ctrl Pts',(-7.68162475419829,4.98184951810728,45.5978867696905));
#4067=CARTESIAN_POINT('Ctrl Pts',(-7.68181531441986,4.70444892252874,46.0865658049715));
#4068=CARTESIAN_POINT('Ctrl Pts',(-7.6820000190903,4.42693549411065,46.575182445725));
#4069=CARTESIAN_POINT('Ctrl Pts',(-7.68217937173394,4.14931926514511,47.0637421328007));
#4070=CARTESIAN_POINT('',(-7.5,4.36366931670872,47.0897263801659));
#4071=CARTESIAN_POINT('Ctrl Pts',(-7.5,5.1419608755602,45.7192518939009));
#4072=CARTESIAN_POINT('Ctrl Pts',(-7.5,4.88262610407949,46.1761310882335));
#4073=CARTESIAN_POINT('Ctrl Pts',(-7.5,4.62319285220742,46.6329543833161));
#4074=CARTESIAN_POINT('Ctrl Pts',(-7.5,4.36366931737124,47.0897263805241));
#4075=CARTESIAN_POINT('',(-7.68217812609726,4.15124722480922,47.0603492316134));
#4076=CARTESIAN_POINT('Ctrl Pts',(-7.68217812609766,4.15124722481083,47.0603492316142));
#4077=CARTESIAN_POINT('Ctrl Pts',(-7.66899984757452,4.15138092955767,47.0625004671684));
#4078=CARTESIAN_POINT('Ctrl Pts',(-7.6559668413169,4.15306633369253,47.0646411743605));
#4079=CARTESIAN_POINT('Ctrl Pts',(-7.64326515402325,4.15623335607768,47.0667140146275));
#4080=CARTESIAN_POINT('Ctrl Pts',(-7.63424892211635,4.15848145175337,47.0681854103658));
#4081=CARTESIAN_POINT('Ctrl Pts',(-7.62539953226427,4.16147715246831,47.0696232039079));
#4082=CARTESIAN_POINT('Ctrl Pts',(-7.6167898816358,4.16520810616263,47.0710141075297));
#4083=CARTESIAN_POINT('Ctrl Pts',(-7.60484990158124,4.17038224325797,47.0729430315035));
#4084=CARTESIAN_POINT('Ctrl Pts',(-7.593595660535,4.17687065957285,47.0747455229875));
#4085=CARTESIAN_POINT('Ctrl Pts',(-7.58317030245263,4.18452463819214,47.0764151723129));
#4086=CARTESIAN_POINT('Ctrl Pts',(-7.57769918296585,4.18854136656199,47.0772913869127));
#4087=CARTESIAN_POINT('Ctrl Pts',(-7.57245623589183,4.19287991334082,47.0781314807806));
#4088=CARTESIAN_POINT('Ctrl Pts',(-7.56746266324966,4.19752366455059,47.0789372998062));
#4089=CARTESIAN_POINT('Ctrl Pts',(-7.56548064769697,4.19936683131317,47.0792571401201));
#4090=CARTESIAN_POINT('Ctrl Pts',(-7.56353792896975,4.2012581129918,47.0795715994883));
#4091=CARTESIAN_POINT('Ctrl Pts',(-7.56163476342883,4.20319569296992,47.0798803514127));
#4092=CARTESIAN_POINT('Ctrl Pts',(-7.55280468258792,4.21218544581835,47.0813128618244));
#4093=CARTESIAN_POINT('Ctrl Pts',(-7.54493422518277,4.22205502799713,47.0826048658496));
#4094=CARTESIAN_POINT('Ctrl Pts',(-7.53800243694764,4.23258080505035,47.0837344026723));
#4095=CARTESIAN_POINT('Ctrl Pts',(-7.53116795644359,4.2429588223267,47.0848480831731));
#4096=CARTESIAN_POINT('Ctrl Pts',(-7.52524564051493,4.25397580701514,47.0858044317004));
#4097=CARTESIAN_POINT('Ctrl Pts',(-7.52023228432864,4.26545786764109,47.0866053892497));
#4098=CARTESIAN_POINT('Ctrl Pts',(-7.51468873876498,4.27815421792612,47.0874910523672));
#4099=CARTESIAN_POINT('Ctrl Pts',(-7.51028798399687,4.2913482088119,47.0881792442029));
#4100=CARTESIAN_POINT('Ctrl Pts',(-7.50701966911782,4.30482771845046,47.0886794220866));
#4101=CARTESIAN_POINT('Ctrl Pts',(-7.50637578998555,4.30748326887648,47.088777960359));
#4102=CARTESIAN_POINT('Ctrl Pts',(-7.50577594324431,4.31015002357864,47.0888692713445));
#4103=CARTESIAN_POINT('Ctrl Pts',(-7.50522017407773,4.31282652718224,47.0889535220108));
#4104=CARTESIAN_POINT('Ctrl Pts',(-7.50219084190978,4.32741535101691,47.0894127472951));
#4105=CARTESIAN_POINT('Ctrl Pts',(-7.50047230421884,4.34227048952869,47.0896597461195));
#4106=CARTESIAN_POINT('Ctrl Pts',(-7.50008444602421,4.35717981818494,47.0897145122713));
#4107=CARTESIAN_POINT('Ctrl Pts',(-7.50002819811351,4.35934199652357,47.0897224545597));
#4108=CARTESIAN_POINT('Ctrl Pts',(-7.50000000506768,4.36150536371853,47.089726381889));
#4109=CARTESIAN_POINT('Ctrl Pts',(-7.5,4.36366931734419,47.0897263805717));
#4110=CARTESIAN_POINT('',(-7.68162475419828,4.98184951810723,45.5978867696905));
#4111=CARTESIAN_POINT('Ctrl Pts',(-7.68217812609766,4.15124722481081,47.0603492316142));
#4112=CARTESIAN_POINT('Ctrl Pts',(-7.68199916391329,4.42822032510571,46.5729202481927));
#4113=CARTESIAN_POINT('Ctrl Pts',(-7.68181487329203,4.70509107713186,46.0854345619354));
#4114=CARTESIAN_POINT('Ctrl Pts',(-7.68162475419829,4.98184951810728,45.5978867696905));
#4115=CARTESIAN_POINT('Ctrl Pts',(-7.68162475419829,4.98184951810725,45.5978867696905));
#4116=CARTESIAN_POINT('Ctrl Pts',(-7.67991542321851,4.9818916934348,45.5981319616484));
#4117=CARTESIAN_POINT('Ctrl Pts',(-7.67821435332221,4.98199455930939,45.5983151112901));
#4118=CARTESIAN_POINT('Ctrl Pts',(-7.67652192595805,4.98215662252871,45.5984374248302));
#4119=CARTESIAN_POINT('Ctrl Pts',(-7.49941244545121,5.00209011383004,45.5959335214104));
#4120=CARTESIAN_POINT('Ctrl Pts',(-11.3767127486412,4.96148836748255,44.9582127445161));
#4121=CARTESIAN_POINT('Ctrl Pts',(-15.1719579760346,4.92088662113506,43.8233063257407));
#4122=CARTESIAN_POINT('Ctrl Pts',(-18.7628442604011,4.88028487478758,42.2277872493432));
#4123=CARTESIAN_POINT('Ctrl Pts',(-7.49360506370352,5.02274937922403,45.5606250230411));
#4124=CARTESIAN_POINT('Ctrl Pts',(-11.3679028699413,4.98214763287654,44.9233980832343));
#4125=CARTESIAN_POINT('Ctrl Pts',(-15.160209142047,4.94154588652905,43.7893705112845));
#4126=CARTESIAN_POINT('Ctrl Pts',(-18.7483147222426,4.90094414018157,42.1950869701279));
#4127=CARTESIAN_POINT('Ctrl Pts',(-7.48779768195584,5.04340864461801,45.5253165246718));
#4128=CARTESIAN_POINT('Ctrl Pts',(-11.3590929912413,5.00280689827053,44.8885834219524));
#4129=CARTESIAN_POINT('Ctrl Pts',(-15.1484603080593,4.96220515192304,43.7554346968283));
#4130=CARTESIAN_POINT('Ctrl Pts',(-18.7337851840841,4.92160340557555,42.1623866909126));
#4131=CARTESIAN_POINT('Ctrl Pts',(-7.48199030020815,5.064067910012,45.4900080263025));
#4132=CARTESIAN_POINT('Ctrl Pts',(-11.3502831125414,5.02346616366452,44.8537687606706));
#4133=CARTESIAN_POINT('Ctrl Pts',(-15.1367114740716,4.98286441731703,43.7214988823721));
#4134=CARTESIAN_POINT('Ctrl Pts',(-18.7192556459256,4.94226267096954,42.1296864116973));
#4135=CARTESIAN_POINT('Ctrl Pts',(-8.10242408526435,4.99999999999999,45.4851600390996));
#4136=CARTESIAN_POINT('Ctrl Pts',(-7.96840598532572,4.99999999999999,45.5115245475669));
#4137=CARTESIAN_POINT('Ctrl Pts',(-7.83426316310953,4.99999999999999,45.537293840098));
#4138=CARTESIAN_POINT('Ctrl Pts',(-7.69999938323695,4.99999999999999,45.562466426166));
#4139=CARTESIAN_POINT('Origin',(-2.22044604925031E-15,5.,-6.66133814775094E-15));
#4140=CARTESIAN_POINT('Origin',(0.,5.,-2.77555756156289E-15));
#4141=CARTESIAN_POINT('Origin',(0.,4.2695,-2.77555756156289E-15));
#4142=CARTESIAN_POINT('Ctrl Pts',(-7.68162094630217,4.98184951810723,45.597871809978));
#4143=CARTESIAN_POINT('Ctrl Pts',(-8.455514277869,4.96275444799423,45.4868051481719));
#4144=CARTESIAN_POINT('Ctrl Pts',(-9.22622353836517,4.94367937832522,45.3560148062685));
#4145=CARTESIAN_POINT('Ctrl Pts',(-9.99304807067579,4.92461810041682,45.2058056911983));
#4146=CARTESIAN_POINT('Ctrl Pts',(-10.7630514628804,4.90547780425937,45.0549738864364));
#4147=CARTESIAN_POINT('Ctrl Pts',(-11.5291382767497,4.88635141444661,44.8845618917868));
#4148=CARTESIAN_POINT('Ctrl Pts',(-12.2905940193175,4.8672326447606,44.6948260928161));
#4149=CARTESIAN_POINT('Ctrl Pts',(-13.0531075992625,4.84808731470076,44.5048267071276));
#4150=CARTESIAN_POINT('Ctrl Pts',(-13.8109776627597,4.82894962595459,44.2954496863108));
#4151=CARTESIAN_POINT('Ctrl Pts',(-14.5634752131738,4.80981326606872,44.0669015516357));
#4152=CARTESIAN_POINT('Ctrl Pts',(-15.3120534220519,4.79077657684636,43.8395437971774));
#4153=CARTESIAN_POINT('Ctrl Pts',(-16.0553153473551,4.77174120267776,43.5932139613312));
#4154=CARTESIAN_POINT('Ctrl Pts',(-16.7925256628543,4.75270092923089,43.3280669667492));
#4155=CARTESIAN_POINT('Ctrl Pts',(-17.5355257120967,4.73351112163977,43.060837621352));
#4156=CARTESIAN_POINT('Ctrl Pts',(-18.2723791974393,4.71431633751453,42.7744943483892));
#4157=CARTESIAN_POINT('Ctrl Pts',(-19.0023086425396,4.69511021495616,42.4691477839293));
#4158=CARTESIAN_POINT('Ctrl Pts',(-19.1198040445157,4.69201864068752,42.4199967083369));
#4159=CARTESIAN_POINT('Ctrl Pts',(-19.2371199790274,4.68892677263156,42.3703531439178));
#4160=CARTESIAN_POINT('Ctrl Pts',(-19.3542531312175,4.68583458425407,42.3202174384244));
#4161=CARTESIAN_POINT('Ctrl Pts',(-19.4008994071672,4.68460317308099,42.3002517505756));
#4162=CARTESIAN_POINT('Ctrl Pts',(-19.4475152015054,4.68337175045098,42.2802086427296));
#4163=CARTESIAN_POINT('Ctrl Pts',(-19.4940920252768,4.68214053397828,42.2600917607316));
#4164=CARTESIAN_POINT('Ctrl Pts',(-20.0571520019738,4.66725654957799,42.0169019038067));
#4165=CARTESIAN_POINT('Ctrl Pts',(-20.6148633776935,4.65239354981713,41.7627841934626));
#4166=CARTESIAN_POINT('Ctrl Pts',(-21.1669032373852,4.63754865568743,41.4978962842965));
#4167=CARTESIAN_POINT('Ctrl Pts',(-21.872310049917,4.61857957353411,41.1594175813503));
#4168=CARTESIAN_POINT('Ctrl Pts',(-22.5684569507954,4.59964005462523,40.8033548364866));
#4169=CARTESIAN_POINT('Ctrl Pts',(-23.2547944674795,4.58072409205876,40.4302605348049));
#4170=CARTESIAN_POINT('Ctrl Pts',(-23.9463770598217,4.56166357138146,40.0543150006138));
#4171=CARTESIAN_POINT('Ctrl Pts',(-24.6280001392192,4.54262696846322,39.6610764235489));
#4172=CARTESIAN_POINT('Ctrl Pts',(-25.2990868682648,4.52360813763044,39.251059042755));
#4173=CARTESIAN_POINT('Ctrl Pts',(-26.0076267194137,4.50352787231741,38.8181587313908));
#4174=CARTESIAN_POINT('Ctrl Pts',(-26.7044219933038,4.48346741815296,38.3665547339531));
#4175=CARTESIAN_POINT('Ctrl Pts',(-27.3887693527883,4.46341954200517,37.896794780063));
#4176=CARTESIAN_POINT('Ctrl Pts',(-28.0406201660478,4.44432364839215,37.4493415916549));
#4177=CARTESIAN_POINT('Ctrl Pts',(-28.6811773641042,4.42523916661187,36.9854151532813));
#4178=CARTESIAN_POINT('Ctrl Pts',(-29.3098061309515,4.40615984578328,36.5054427907016));
#4179=CARTESIAN_POINT('Ctrl Pts',(-29.9366065577766,4.38713601634755,36.0268664073172));
#4180=CARTESIAN_POINT('Ctrl Pts',(-30.5515481982345,4.36811731788636,35.5323370466876));
#4181=CARTESIAN_POINT('Ctrl Pts',(-31.1539700334427,4.34909755390146,35.0222374717289));
#4182=CARTESIAN_POINT('Ctrl Pts',(-31.7516349057434,4.33022797755336,34.5161658463154));
#4183=CARTESIAN_POINT('Ctrl Pts',(-32.3369772356609,4.31135735244271,33.9947686592558));
#4184=CARTESIAN_POINT('Ctrl Pts',(-32.9093152501624,4.29247962770526,33.4583834019402));
#4185=CARTESIAN_POINT('Ctrl Pts',(-33.0037669713697,4.28936427707547,33.3698648875308));
#4186=CARTESIAN_POINT('Ctrl Pts',(-33.097864443551,4.28624873309305,33.2809381096452));
#4187=CARTESIAN_POINT('Ctrl Pts',(-33.1916044970789,4.28313296856299,33.1916044970786));
#4188=CARTESIAN_POINT('Ctrl Pts',(-33.414956052231,4.27570913182419,32.9787520338767));
#4189=CARTESIAN_POINT('Ctrl Pts',(-33.6362785679736,4.26828404301142,32.7635899708645));
#4190=CARTESIAN_POINT('Ctrl Pts',(-33.8555423416276,4.26085733426632,32.5461509929212));
#4191=CARTESIAN_POINT('Ctrl Pts',(-33.9586259499965,4.25736577739401,32.4439252851679));
#4192=CARTESIAN_POINT('Ctrl Pts',(-34.0612545065728,4.25387386247282,32.3411963075941));
#4193=CARTESIAN_POINT('Ctrl Pts',(-34.1634248487416,4.25038155127762,32.2379674047562));
#4194=CARTESIAN_POINT('Ctrl Pts',(-34.2120219795017,4.24872044003727,32.1888667716083));
#4195=CARTESIAN_POINT('Ctrl Pts',(-34.260515442596,4.24705923914343,32.1396530343316));
#4196=CARTESIAN_POINT('Ctrl Pts',(-34.3089048937407,4.24539794448267,32.0903265503044));
#4197=CARTESIAN_POINT('Ctrl Pts',(-34.3540716003111,4.24384729229103,32.0442852173794));
#4198=CARTESIAN_POINT('Ctrl Pts',(-34.399142072255,4.24229675096482,31.9981513658367));
#4199=CARTESIAN_POINT('Ctrl Pts',(-34.4441111131688,4.24074648969153,31.9519305213688));
#4200=CARTESIAN_POINT('Ctrl Pts',(-34.9920709208241,4.22185614086794,31.3887171521349));
#4201=CARTESIAN_POINT('Ctrl Pts',(-35.5252066826763,4.20299933027262,30.8123520358796));
#4202=CARTESIAN_POINT('Ctrl Pts',(-36.0431926953776,4.18417017083171,30.2235460193212));
#4203=CARTESIAN_POINT('Ctrl Pts',(-36.565747102582,4.16517494700609,29.62954700893));
#4204=CARTESIAN_POINT('Ctrl Pts',(-37.0728836488498,4.14620786422622,29.0228864088894));
#4205=CARTESIAN_POINT('Ctrl Pts',(-37.5642389895648,4.12726287827673,28.4042496026021));
#4206=CARTESIAN_POINT('Ctrl Pts',(-38.0595550388283,4.10816518091539,27.7806260995515));
#4207=CARTESIAN_POINT('Ctrl Pts',(-38.5388347492173,4.08908993805568,27.1448322416414));
#4208=CARTESIAN_POINT('Ctrl Pts',(-39.0016720635653,4.07003095813758,26.4975294948296));
#4209=CARTESIAN_POINT('Ctrl Pts',(-39.4651497359331,4.05094560919032,25.8493311730668));
#4210=CARTESIAN_POINT('Ctrl Pts',(-39.9121397645815,4.03187656821694,25.1895917511678));
#4211=CARTESIAN_POINT('Ctrl Pts',(-40.3421961937669,4.01281761792285,24.5189397449598));
#4212=CARTESIAN_POINT('Ctrl Pts',(-40.771120361487,3.99380884642745,23.8500534452307));
#4213=CARTESIAN_POINT('Ctrl Pts',(-41.183200235681,3.97481011254739,23.17031158793));
#4214=CARTESIAN_POINT('Ctrl Pts',(-41.5779513965814,3.95581524796597,22.4803075448114));
#4215=CARTESIAN_POINT('Ctrl Pts',(-41.7656815790818,3.94678193851019,22.1521651660905));
#4216=CARTESIAN_POINT('Ctrl Pts',(-41.9494920123643,3.93774950414623,21.8217014541453));
#4217=CARTESIAN_POINT('Ctrl Pts',(-42.1293269901459,3.92871728143856,21.4889781821074));
#4218=CARTESIAN_POINT('Ctrl Pts',(-42.5079853494607,3.90969914228877,20.7884000751681));
#4219=CARTESIAN_POINT('Ctrl Pts',(-42.8690216469175,3.89068194151726,20.0778054010852));
#4220=CARTESIAN_POINT('Ctrl Pts',(-43.2121559543605,3.87165948587032,19.3578900686777));
#4221=CARTESIAN_POINT('Ctrl Pts',(-43.4330789395444,3.85941210169481,18.8943810552527));
#4222=CARTESIAN_POINT('Ctrl Pts',(-43.6465800939962,3.84716253922805,18.4270079407258));
#4223=CARTESIAN_POINT('Ctrl Pts',(-43.8525738601401,3.83490914556024,17.9559528013578));
#4224=CARTESIAN_POINT('Ctrl Pts',(-43.942696132828,3.82954828583057,17.7498661778843));
#4225=CARTESIAN_POINT('Ctrl Pts',(-44.0313813325512,3.82418669278508,17.5430747604045));
#4226=CARTESIAN_POINT('Ctrl Pts',(-44.1186217659256,3.8188242280087,17.3355936642809));
#4227=CARTESIAN_POINT('Ctrl Pts',(-44.1739908529494,3.81542082012338,17.2039111585583));
#4228=CARTESIAN_POINT('Ctrl Pts',(-44.2287779686744,3.81201706109707,17.0719508426259));
#4229=CARTESIAN_POINT('Ctrl Pts',(-44.2829810777595,3.80861291554372,16.9397165668949));
#4230=CARTESIAN_POINT('Ctrl Pts',(-44.3152450195677,3.80658662672204,16.8610052337399));
#4231=CARTESIAN_POINT('Ctrl Pts',(-44.3473043483518,3.80456005247143,16.7821910413721));
#4232=CARTESIAN_POINT('Ctrl Pts',(-44.3791460824108,3.80253398816043,16.7033060905031));
#4233=CARTESIAN_POINT('Ctrl Pts',(-44.6780327385102,3.783516067031,15.9628420461101));
#4234=CARTESIAN_POINT('Ctrl Pts',(-44.9579266306235,3.76453219657523,15.2157248491506));
#4235=CARTESIAN_POINT('Ctrl Pts',(-45.218712000523,3.74557637144165,14.4627307916816));
#4236=CARTESIAN_POINT('Ctrl Pts',(-45.480895700145,3.72651890527772,13.7056991842079));
#4237=CARTESIAN_POINT('Ctrl Pts',(-45.7237655897361,3.70748978600004,12.942727139659));
#4238=CARTESIAN_POINT('Ctrl Pts',(-45.9471605999173,3.68848291113633,12.1745729948579));
#4239=CARTESIAN_POINT('Ctrl Pts',(-46.1713960332323,3.66940453146449,11.4035290159771));
#4240=CARTESIAN_POINT('Ctrl Pts',(-46.3760099590784,3.65034856389062,10.6272634724446));
#4241=CARTESIAN_POINT('Ctrl Pts',(-46.5607931400758,3.63130883680953,9.84651856122429));
#4242=CARTESIAN_POINT('Ctrl Pts',(-46.7310780694118,3.61376298353933,9.12703158562943));
#4243=CARTESIAN_POINT('Ctrl Pts',(-46.8845216466924,3.59623092225336,8.40374006474949));
#4244=CARTESIAN_POINT('Ctrl Pts',(-47.0209235321944,3.57870782303696,7.67721079970869));
#4245=CARTESIAN_POINT('Ctrl Pts',(-7.50000077517237,4.15309214297372,47.0897312472247));
#4246=CARTESIAN_POINT('Ctrl Pts',(-12.4244436494185,4.10316091138767,46.3054132144834));
#4247=CARTESIAN_POINT('Ctrl Pts',(-22.02387922035,4.00329844821559,43.1784960440536));
#4248=CARTESIAN_POINT('Ctrl Pts',(-34.2761054959789,3.85350475345746,34.2761054959786));
#4249=CARTESIAN_POINT('Ctrl Pts',(-43.1784960440538,3.70371105869933,22.0238792203495));
#4250=CARTESIAN_POINT('Ctrl Pts',(-46.3054132144835,3.60384859552724,12.424443649418));
#4251=CARTESIAN_POINT('Ctrl Pts',(-47.0897312472247,3.5539173639412,7.50000077517188));
#4252=CARTESIAN_POINT('Ctrl Pts',(-7.42435290896819,4.43076961066443,46.6147662711179));
#4253=CARTESIAN_POINT('Ctrl Pts',(-12.2991259755905,4.38083837907838,45.8383591689726));
#4254=CARTESIAN_POINT('Ctrl Pts',(-21.8017379808353,4.28097591590629,42.7429812768484));
#4255=CARTESIAN_POINT('Ctrl Pts',(-33.9303836327035,4.13118222114816,33.9303836327031));
#4256=CARTESIAN_POINT('Ctrl Pts',(-42.7429812768486,3.98138852639003,21.8017379808348));
#4257=CARTESIAN_POINT('Ctrl Pts',(-45.8383591689727,3.88152606321795,12.29912597559));
#4258=CARTESIAN_POINT('Ctrl Pts',(-46.614766271118,3.8315948316319,7.42435290896771));
#4259=CARTESIAN_POINT('Ctrl Pts',(-7.34870504276401,4.70844707835513,46.1398012950111));
#4260=CARTESIAN_POINT('Ctrl Pts',(-12.1738083017625,4.65851584676909,45.3713051234618));
#4261=CARTESIAN_POINT('Ctrl Pts',(-21.5795967413206,4.558653383597,42.3074665096432));
#4262=CARTESIAN_POINT('Ctrl Pts',(-33.584661769428,4.40885968883887,33.5846617694277));
#4263=CARTESIAN_POINT('Ctrl Pts',(-42.3074665096434,4.25906599408074,21.5795967413201));
#4264=CARTESIAN_POINT('Ctrl Pts',(-45.371305123462,4.15920353090866,12.1738083017621));
#4265=CARTESIAN_POINT('Ctrl Pts',(-46.1398012950112,4.10927229932261,7.34870504276354));
#4266=CARTESIAN_POINT('Ctrl Pts',(-7.27305717655984,4.98612454604584,45.6648363189043));
#4267=CARTESIAN_POINT('Ctrl Pts',(-12.0484906279346,4.9361933144598,44.904251077951));
#4268=CARTESIAN_POINT('Ctrl Pts',(-21.3574555018059,4.83633085128771,41.871951742438));
#4269=CARTESIAN_POINT('Ctrl Pts',(-33.2389399061525,4.68653715652958,33.2389399061522));
#4270=CARTESIAN_POINT('Ctrl Pts',(-41.8719517424382,4.53674346177145,21.3574555018054));
#4271=CARTESIAN_POINT('Ctrl Pts',(-44.9042510779512,4.43688099859937,12.0484906279341));
#4272=CARTESIAN_POINT('Ctrl Pts',(-45.6648363189044,4.38694976701332,7.27305717655937));
#4273=CARTESIAN_POINT('Ctrl Pts',(-47.0716527856952,3.55506216403015,7.61260285255));
#4274=CARTESIAN_POINT('Ctrl Pts',(-46.2815295275257,3.60461274405081,12.4976030168501));
#4275=CARTESIAN_POINT('Ctrl Pts',(-44.7246792271033,3.65416332407146,17.2580225230005));
#4276=CARTESIAN_POINT('Ctrl Pts',(-42.4764891884354,3.70371390409211,21.666055800898));
#4277=CARTESIAN_POINT('Ctrl Pts',(-40.2110283719652,3.75364513567815,26.1079519471376));
#4278=CARTESIAN_POINT('Ctrl Pts',(-37.2435651626463,3.80357636726419,30.1920269502324));
#4279=CARTESIAN_POINT('Ctrl Pts',(-33.7177960564395,3.85350759885024,33.7177960564392));
#4280=CARTESIAN_POINT('Ctrl Pts',(-30.1920269502328,3.90343883043628,37.243565162646));
#4281=CARTESIAN_POINT('Ctrl Pts',(-26.1079519471381,3.95337006202232,40.211028371965));
#4282=CARTESIAN_POINT('Ctrl Pts',(-21.6660558008984,4.00330129360836,42.4764891884352));
#4283=CARTESIAN_POINT('Ctrl Pts',(-17.2789521733791,4.05261660400865,44.714004663522));
#4284=CARTESIAN_POINT('Ctrl Pts',(-12.5428006822799,4.10193191440893,46.2667298735669));
#4285=CARTESIAN_POINT('Ctrl Pts',(-7.68217737003028,4.15124722480922,47.0603462565799));
#4286=CARTESIAN_POINT('Origin',(-2.22044604925031E-15,7.911,-1.66533453693773E-15));
#4287=CARTESIAN_POINT('Origin',(-7.70000000000459,8.23517046976743,45.5550313515415));
#4288=CARTESIAN_POINT('',(-7.68156954822,8.06197235565958,45.4567321566491));
#4289=CARTESIAN_POINT('',(-7.5,8.23517046978325,45.5550313515145));
#4290=CARTESIAN_POINT('Origin',(-7.7,8.23517046976748,45.5550313515423));
#4291=CARTESIAN_POINT('',(-7.66666753244504,8.23517046976738,45.3578285457643));
#4292=CARTESIAN_POINT('Origin',(-7.70000000000459,8.23517046976743,45.5550313515415));
#4293=CARTESIAN_POINT('Origin',(-7.69999999999999,8.23517046979284,45.5550313515423));
#4294=CARTESIAN_POINT('Origin',(-45.5550313515241,7.64506741446831,7.7));
#4295=CARTESIAN_POINT('',(-45.4561355353485,7.47186930035002,7.68509930173311));
#4296=CARTESIAN_POINT('',(-45.3578285457635,7.64506741445796,7.6666675324497));
#4297=CARTESIAN_POINT('Origin',(-45.5550313515423,7.64506741445791,7.70000000000001));
#4298=CARTESIAN_POINT('',(-45.5550313515423,7.6450674144746,7.5));
#4299=CARTESIAN_POINT('Origin',(-45.5550313515241,7.64506741446831,7.7));
#4300=CARTESIAN_POINT('Origin',(-45.5550313515423,7.64506741445801,7.7));
#4301=CARTESIAN_POINT('Ctrl Pts',(-47.1625408613349,6.7268406325374,7.5));
#4302=CARTESIAN_POINT('Ctrl Pts',(-46.6267517815407,7.0329992394575,7.5));
#4303=CARTESIAN_POINT('Ctrl Pts',(-46.0909169098617,7.33907771041632,7.5));
#4304=CARTESIAN_POINT('Ctrl Pts',(-45.5550313515241,7.64506741446831,7.5));
#4305=CARTESIAN_POINT('Ctrl Pts',(-47.1342148954762,6.67726912666206,7.5));
#4306=CARTESIAN_POINT('Ctrl Pts',(-46.5984462031687,6.98345188293093,7.50000110398092));
#4307=CARTESIAN_POINT('Ctrl Pts',(-46.0626315716539,7.28955381595681,7.4999988246924));
#4308=CARTESIAN_POINT('Ctrl Pts',(-45.5267679877496,7.59556925071888,7.5));
#4309=CARTESIAN_POINT('Ctrl Pts',(-47.0850914820716,6.59130130518176,7.54548638385234));
#4310=CARTESIAN_POINT('Ctrl Pts',(-46.5493563035811,6.89752284425191,7.54543471918671));
#4311=CARTESIAN_POINT('Ctrl Pts',(-46.0135776284579,7.20366669618583,7.54538226958017));
#4312=CARTESIAN_POINT('Ctrl Pts',(-45.4777501966058,7.50972346562317,7.54532712150453));
#4313=CARTESIAN_POINT('Ctrl Pts',(-47.0651024764127,6.55631979329247,7.64288623017347));
#4314=CARTESIAN_POINT('Ctrl Pts',(-46.5293524737796,6.86250724131824,7.64275140015461));
#4315=CARTESIAN_POINT('Ctrl Pts',(-45.993557819087,7.16861467918731,7.64261295650158));
#4316=CARTESIAN_POINT('Ctrl Pts',(-45.4577148247889,7.47463513987089,7.64246886282535));
#4317=CARTESIAN_POINT('Ctrl Pts',(-47.0635723776084,6.55364206282268,7.68559532445099));
#4318=CARTESIAN_POINT('Ctrl Pts',(-46.5278063164268,6.85980081413292,7.68543543710513));
#4319=CARTESIAN_POINT('Ctrl Pts',(-45.9919956118724,7.16587943662106,7.68527028033193));
#4320=CARTESIAN_POINT('Ctrl Pts',(-45.4561355353303,7.47186930036041,7.6850993017331));
#4321=CARTESIAN_POINT('',(-47.059788369807,6.55580263185453,7.68559340937699));
#4322=CARTESIAN_POINT('',(-47.0897263801971,6.76844735682878,7.5));
#4323=CARTESIAN_POINT('Ctrl Pts',(-47.0897263805076,6.76844735736063,7.5));
#4324=CARTESIAN_POINT('Ctrl Pts',(-47.0897263881206,6.75366444094796,7.50000002919147));
#4325=CARTESIAN_POINT('Ctrl Pts',(-47.0895478076205,6.73892558622272,7.50130994207328));
#4326=CARTESIAN_POINT('Ctrl Pts',(-47.089161245907,6.72442823690941,7.5038955560322));
#4327=CARTESIAN_POINT('Ctrl Pts',(-47.0887953035774,6.71070418303731,7.50634325212463));
#4328=CARTESIAN_POINT('Ctrl Pts',(-47.0882424390348,6.69719561801744,7.50993499790088));
#4329=CARTESIAN_POINT('Ctrl Pts',(-47.0874938825825,6.68409832950073,7.5146744658819));
#4330=CARTESIAN_POINT('Ctrl Pts',(-47.0873077905432,6.68084232773494,7.51585270335413));
#4331=CARTESIAN_POINT('Ctrl Pts',(-47.0871097077064,6.67761192494045,7.51710200679162));
#4332=CARTESIAN_POINT('Ctrl Pts',(-47.0868997257425,6.6744105253925,7.51842268389052));
#4333=CARTESIAN_POINT('Ctrl Pts',(-47.0860779000388,6.66188091386012,7.52359153918681));
#4334=CARTESIAN_POINT('Ctrl Pts',(-47.0850752487538,6.64986801954702,7.52982062357979));
#4335=CARTESIAN_POINT('Ctrl Pts',(-47.0838872555695,6.6385876469939,7.53711243884931));
#4336=CARTESIAN_POINT('Ctrl Pts',(-47.0828100256765,6.6283590070659,7.54372439713901));
#4337=CARTESIAN_POINT('Ctrl Pts',(-47.0815802134434,6.61873232932013,7.55121082560066));
#4338=CARTESIAN_POINT('Ctrl Pts',(-47.0802162313196,6.60990662141531,7.55958998100005));
#4339=CARTESIAN_POINT('Ctrl Pts',(-47.0800759834949,6.60899914153444,7.56045154531031));
#4340=CARTESIAN_POINT('Ctrl Pts',(-47.0799343393368,6.60810016864718,7.56132255871076));
#4341=CARTESIAN_POINT('Ctrl Pts',(-47.0797913347678,6.60720994692774,7.56220304803294));
#4342=CARTESIAN_POINT('Ctrl Pts',(-47.0794352670828,6.60499338007813,7.56439538214517));
#4343=CARTESIAN_POINT('Ctrl Pts',(-47.079071722835,6.60283831760286,7.5666393821951));
#4344=CARTESIAN_POINT('Ctrl Pts',(-47.0787012071671,6.60074747645142,7.56893462660238));
#4345=CARTESIAN_POINT('Ctrl Pts',(-47.0771515265928,6.59200254014459,7.57853447886116));
#4346=CARTESIAN_POINT('Ctrl Pts',(-47.0754780320239,6.58437778816703,7.58902999720091));
#4347=CARTESIAN_POINT('Ctrl Pts',(-47.0736734269294,6.57799456103163,7.60027431634275));
#4348=CARTESIAN_POINT('Ctrl Pts',(-47.0726579495212,6.57440262672602,7.60660165748415));
#4349=CARTESIAN_POINT('Ctrl Pts',(-47.0716013733474,6.57120454821769,7.61316633919082));
#4350=CARTESIAN_POINT('Ctrl Pts',(-47.0705060620642,6.56842835878216,7.61994221655328));
#4351=CARTESIAN_POINT('Ctrl Pts',(-47.0685303174305,6.56342061215936,7.63216468110997));
#4352=CARTESIAN_POINT('Ctrl Pts',(-47.0664647800578,6.55988208166511,7.64483323722175));
#4353=CARTESIAN_POINT('Ctrl Pts',(-47.0643506179048,6.55784481077005,7.65774662053565));
#4354=CARTESIAN_POINT('Ctrl Pts',(-47.0628476705147,6.55639652499386,7.66692668069423));
#4355=CARTESIAN_POINT('Ctrl Pts',(-47.0613205520382,6.55570763806109,7.67623139816076));
#4356=CARTESIAN_POINT('Ctrl Pts',(-47.0597914616763,6.55580263185609,7.6855941960343));
#4357=CARTESIAN_POINT('Ctrl Pts',(-47.0897263804987,6.7684473573657,7.5));
#4358=CARTESIAN_POINT('Ctrl Pts',(-46.5782047297745,7.06072994291697,7.5));
#4359=CARTESIAN_POINT('Ctrl Pts',(-46.0666411398658,7.35293913205963,7.5));
#4360=CARTESIAN_POINT('Ctrl Pts',(-45.5550313515241,7.64506741446831,7.5));
#4361=CARTESIAN_POINT('Ctrl Pts',(-45.4561355353303,7.47186930036041,7.6850993017331));
#4362=CARTESIAN_POINT('Ctrl Pts',(-45.9907350856525,7.16659922946096,7.68526987813177));
#4363=CARTESIAN_POINT('Ctrl Pts',(-46.5252854959933,6.86124081690345,7.68543466006245));
#4364=CARTESIAN_POINT('Ctrl Pts',(-47.0597914616763,6.55580263185612,7.6855941960343));
#4365=CARTESIAN_POINT('Origin',(-7.7,8.81196885105465,45.5550313515241));
#4366=CARTESIAN_POINT('',(-7.6850993017331,8.98516696517294,45.4561355353485));
#4367=CARTESIAN_POINT('',(-7.66666753244969,8.811968851065,45.3578285457635));
#4368=CARTESIAN_POINT('Origin',(-7.7,8.81196885106504,45.5550313515423));
#4369=CARTESIAN_POINT('',(-7.5,8.81196885104836,45.5550313515423));
#4370=CARTESIAN_POINT('Origin',(-7.7,8.81196885105465,45.5550313515241));
#4371=CARTESIAN_POINT('Origin',(-7.69999999999999,8.81196885106495,45.5550313515423));
#4372=CARTESIAN_POINT('Ctrl Pts',(-7.5,9.73019563298554,47.1625408613349));
#4373=CARTESIAN_POINT('Ctrl Pts',(-7.5,9.42403702606547,46.6267517815407));
#4374=CARTESIAN_POINT('Ctrl Pts',(-7.5,9.11795855510661,46.0909169098616));
#4375=CARTESIAN_POINT('Ctrl Pts',(-7.5,8.81196885105465,45.5550313515241));
#4376=CARTESIAN_POINT('Ctrl Pts',(-7.5,9.77976713886088,47.1342148954761));
#4377=CARTESIAN_POINT('Ctrl Pts',(-7.50000110398092,9.47358438259203,46.5984462031687));
#4378=CARTESIAN_POINT('Ctrl Pts',(-7.4999988246924,9.16748244956612,46.0626315716538));
#4379=CARTESIAN_POINT('Ctrl Pts',(-7.5,8.86146701480408,45.5267679877496));
#4380=CARTESIAN_POINT('Ctrl Pts',(-7.54548747788772,9.86573391051646,47.0850920819585));
#4381=CARTESIAN_POINT('Ctrl Pts',(-7.54543581322209,9.55951237144633,46.5493569034681));
#4382=CARTESIAN_POINT('Ctrl Pts',(-7.54538335838904,9.25336852727932,46.013578223471));
#4383=CARTESIAN_POINT('Ctrl Pts',(-7.5453282103134,8.94731175784201,45.4777507916189));
#4384=CARTESIAN_POINT('Ctrl Pts',(-7.64288623017349,9.90071647223044,47.0651024764127));
#4385=CARTESIAN_POINT('Ctrl Pts',(-7.64275140015463,9.59452902420468,46.5293524737796));
#4386=CARTESIAN_POINT('Ctrl Pts',(-7.64261295650157,9.28842158633562,45.9935578190869));
#4387=CARTESIAN_POINT('Ctrl Pts',(-7.64246886282535,8.98240112565206,45.4577148247889));
#4388=CARTESIAN_POINT('Ctrl Pts',(-7.685595324451,9.90339420270022,47.0635723776084));
#4389=CARTESIAN_POINT('Ctrl Pts',(-7.68543543710514,9.59723545139,46.5278063164268));
#4390=CARTESIAN_POINT('Ctrl Pts',(-7.68527028033193,9.29115682890187,45.9919956118724));
#4391=CARTESIAN_POINT('Ctrl Pts',(-7.68509930173309,8.98516696516255,45.4561355353303));
#4392=CARTESIAN_POINT('',(-7.68559340735094,9.90123363366845,47.0597883649231));
#4393=CARTESIAN_POINT('',(-7.5,9.68858890869417,47.0897263801971));
#4394=CARTESIAN_POINT('Ctrl Pts',(-7.5,9.68858890816234,47.0897263805076));
#4395=CARTESIAN_POINT('Ctrl Pts',(-7.50000002919159,9.70337188602127,47.0897263881206));
#4396=CARTESIAN_POINT('Ctrl Pts',(-7.50130998456286,9.71811077149314,47.0895478234688));
#4397=CARTESIAN_POINT('Ctrl Pts',(-7.50389566893562,9.73260813199017,47.0891612853149));
#4398=CARTESIAN_POINT('Ctrl Pts',(-7.50634345479484,9.74633232601576,47.0887953618336));
#4399=CARTESIAN_POINT('Ctrl Pts',(-7.50993533702192,9.75984100958743,47.0882425195211));
#4400=CARTESIAN_POINT('Ctrl Pts',(-7.51467497541316,9.77293839930113,47.0874939813326));
#4401=CARTESIAN_POINT('Ctrl Pts',(-7.51585315397183,9.77619414635636,47.0873079098286));
#4402=CARTESIAN_POINT('Ctrl Pts',(-7.517102388377,9.77942429776349,47.0871098493461));
#4403=CARTESIAN_POINT('Ctrl Pts',(-7.51842298603802,9.78262545019397,47.0868998914168));
#4404=CARTESIAN_POINT('Ctrl Pts',(-7.5235919044418,9.79515500116899,47.0860781003166));
#4405=CARTESIAN_POINT('Ctrl Pts',(-7.52982105053704,9.80716783627308,47.0850754828646));
#4406=CARTESIAN_POINT('Ctrl Pts',(-7.53711291149571,9.81844816498322,47.083887514733));
#4407=CARTESIAN_POINT('Ctrl Pts',(-7.5437250234904,9.8286769388437,47.0828102892651));
#4408=CARTESIAN_POINT('Ctrl Pts',(-7.55121162219341,9.83830374280107,47.0815804690054));
#4409=CARTESIAN_POINT('Ctrl Pts',(-7.55959095231379,9.84712957124288,47.0802164603788));
#4410=CARTESIAN_POINT('Ctrl Pts',(-7.56045237767573,9.84803689824286,47.0800762353718));
#4411=CARTESIAN_POINT('Ctrl Pts',(-7.56132324873206,9.84893572128695,47.079934614345));
#4412=CARTESIAN_POINT('Ctrl Pts',(-7.56220359228516,9.84982579633676,47.0797916331948));
#4413=CARTESIAN_POINT('Ctrl Pts',(-7.56439592549929,9.85204236404817,47.0794355650174));
#4414=CARTESIAN_POINT('Ctrl Pts',(-7.56663992282219,9.85419742914024,47.0790720192742));
#4415=CARTESIAN_POINT('Ctrl Pts',(-7.56893516245622,9.85628827487202,47.0787015009891));
#4416=CARTESIAN_POINT('Ctrl Pts',(-7.5785348976001,9.86503314183676,47.077151825151));
#4417=CARTESIAN_POINT('Ctrl Pts',(-7.58903024482501,9.87265788150381,47.0754783181909));
#4418=CARTESIAN_POINT('Ctrl Pts',(-7.60027436548048,9.87904113595934,47.0736736958476));
#4419=CARTESIAN_POINT('Ctrl Pts',(-7.60660177275554,9.88263318658901,47.0726581801934));
#4420=CARTESIAN_POINT('Ctrl Pts',(-7.61316652527841,9.88583137187427,47.0716015619011));
#4421=CARTESIAN_POINT('Ctrl Pts',(-7.61994248097795,9.88860765300163,47.0705062070549));
#4422=CARTESIAN_POINT('Ctrl Pts',(-7.63216485543938,9.89361547020903,47.0685304212481));
#4423=CARTESIAN_POINT('Ctrl Pts',(-7.64483332206375,9.8971540726769,47.066464843671));
#4424=CARTESIAN_POINT('Ctrl Pts',(-7.65774664218657,9.89919139293145,47.0643506559332));
#4425=CARTESIAN_POINT('Ctrl Pts',(-7.66692667837239,9.90063971710223,47.0628476869251));
#4426=CARTESIAN_POINT('Ctrl Pts',(-7.67623138567214,9.90132862758855,47.0613205540779));
#4427=CARTESIAN_POINT('Ctrl Pts',(-7.68559419603431,9.90123363366684,47.0597914616764));
#4428=CARTESIAN_POINT('Ctrl Pts',(-7.5,9.68858890815726,47.0897263804987));
#4429=CARTESIAN_POINT('Ctrl Pts',(-7.5,9.396306322606,46.5782047297745));
#4430=CARTESIAN_POINT('Ctrl Pts',(-7.5,9.10409713346331,46.0666411398657));
#4431=CARTESIAN_POINT('Ctrl Pts',(-7.5,8.81196885105465,45.5550313515241));
#4432=CARTESIAN_POINT('Ctrl Pts',(-7.68509930173309,8.98516696516255,45.4561355353303));
#4433=CARTESIAN_POINT('Ctrl Pts',(-7.68526987813177,9.29043703606199,45.9907350856525));
#4434=CARTESIAN_POINT('Ctrl Pts',(-7.68543466006246,9.5957954486195,46.5252854959934));
#4435=CARTESIAN_POINT('Ctrl Pts',(-7.68559419603431,9.90123363366684,47.0597914616764));
#4436=CARTESIAN_POINT('Origin',(-7.69999999999999,7.91099999999999,45.5550313515423));
#4437=CARTESIAN_POINT('',(-7.66666753244504,7.91099999999999,45.3578285457643));
#4438=CARTESIAN_POINT('',(-7.5,7.91099999999999,45.5550313515423));
#4439=CARTESIAN_POINT('Origin',(-45.5550313515415,8.22186579575553,7.70000000000459));
#4440=CARTESIAN_POINT('',(-45.4567321566491,8.39506390986338,7.68156954821998));
#4441=CARTESIAN_POINT('',(-45.5550313515145,8.22186579573971,7.5));
#4442=CARTESIAN_POINT('Origin',(-45.5550313515423,8.22186579575549,7.69999999999998));
#4443=CARTESIAN_POINT('',(-45.3578285457643,8.22186579575558,7.66666753244504));
#4444=CARTESIAN_POINT('Origin',(-45.5550313515415,8.22186579575553,7.70000000000459));
#4445=CARTESIAN_POINT('Origin',(-45.5550313515423,8.22186579573012,7.7));
#4446=CARTESIAN_POINT('Ctrl Pts',(-45.4567321566491,8.39506390986338,7.68156954821998));
#4447=CARTESIAN_POINT('Ctrl Pts',(-44.1005295700675,8.47936166078532,15.7070827381223));
#4448=CARTESIAN_POINT('Ctrl Pts',(-38.2158058321806,8.6198633251087,28.4536846238335));
#4449=CARTESIAN_POINT('Ctrl Pts',(-23.4062837775851,8.81656922545162,40.8323684697768));
#4450=CARTESIAN_POINT('Ctrl Pts',(-13.0353712392769,8.92896846419718,44.5515850132452));
#4451=CARTESIAN_POINT('Ctrl Pts',(-7.6850993017331,8.98516696517294,45.4561355353485));
#4452=CARTESIAN_POINT('Ctrl Pts',(-45.4226312483639,8.37511870865746,7.67601464343341));
#4453=CARTESIAN_POINT('Ctrl Pts',(-44.0674123666763,8.4594164595794,15.695490702258));
#4454=CARTESIAN_POINT('Ctrl Pts',(-38.1870298042783,8.59991812390276,28.4325412361797));
#4455=CARTESIAN_POINT('Ctrl Pts',(-23.3885679654015,8.79662402424571,40.8018628268254));
#4456=CARTESIAN_POINT('Ctrl Pts',(-13.0253931476737,8.90902326299125,44.5182562261827));
#4457=CARTESIAN_POINT('Ctrl Pts',(-7.67913791651579,8.96522176396702,45.4221033329609));
#4458=CARTESIAN_POINT('Ctrl Pts',(-45.3736769513747,8.32162595326418,7.66830073857877));
#4459=CARTESIAN_POINT('Ctrl Pts',(-44.0198161428014,8.40592370418612,15.6791551572946));
#4460=CARTESIAN_POINT('Ctrl Pts',(-38.1456229402177,8.54642536850948,28.4023981413425));
#4461=CARTESIAN_POINT('Ctrl Pts',(-23.3629109981034,8.74313126885244,40.758261830743));
#4462=CARTESIAN_POINT('Ctrl Pts',(-13.0108630457862,8.85553050759798,44.470520186743));
#4463=CARTESIAN_POINT('Ctrl Pts',(-7.6703338367349,8.91172900857374,45.3733333042442));
#4464=CARTESIAN_POINT('Ctrl Pts',(-45.3578800772243,8.25178478015018,7.6663626600715));
#4465=CARTESIAN_POINT('Ctrl Pts',(-44.0043629513854,8.33608253107211,15.6744192785226));
#4466=CARTESIAN_POINT('Ctrl Pts',(-38.131993334716,8.47658419539549,28.3931889944316));
#4467=CARTESIAN_POINT('Ctrl Pts',(-23.3542038127221,8.67329009573842,40.7445415182079));
#4468=CARTESIAN_POINT('Ctrl Pts',(-13.0056647267096,8.78568933448397,44.4553605252359));
#4469=CARTESIAN_POINT('Ctrl Pts',(-7.66697240481857,8.84188783545974,45.3577770143043));
#4470=CARTESIAN_POINT('Ctrl Pts',(-45.3578285457643,8.22186579575549,7.66666753244503));
#4471=CARTESIAN_POINT('Ctrl Pts',(-44.0042569517439,8.30616354667742,15.6747190132445));
#4472=CARTESIAN_POINT('Ctrl Pts',(-38.1318046994111,8.44666521100079,28.3934426306189));
#4473=CARTESIAN_POINT('Ctrl Pts',(-23.3539283063602,8.64337111134374,40.7447005466725));
#4474=CARTESIAN_POINT('Ctrl Pts',(-13.0053685539521,8.75577035008928,44.4554474772852));
#4475=CARTESIAN_POINT('Ctrl Pts',(-7.66666753244504,8.81196885106505,45.3578285457643));
#4476=CARTESIAN_POINT('Ctrl Pts',(-7.66666753244504,8.81196885106505,45.3578285457643));
#4477=CARTESIAN_POINT('Ctrl Pts',(-13.0053685539521,8.75577035008928,44.4554474772852));
#4478=CARTESIAN_POINT('Ctrl Pts',(-23.3539283063602,8.64337111134374,40.7447005466725));
#4479=CARTESIAN_POINT('Ctrl Pts',(-38.1318046994111,8.44666521100079,28.3934426306189));
#4480=CARTESIAN_POINT('Ctrl Pts',(-44.0042569517439,8.30616354667742,15.6747190132445));
#4481=CARTESIAN_POINT('Ctrl Pts',(-45.3578285457643,8.22186579575549,7.66666753244503));
#4482=CARTESIAN_POINT('Ctrl Pts',(-45.4567321566491,8.39506390986338,7.68156954821998));
#4483=CARTESIAN_POINT('Ctrl Pts',(-44.1005295700675,8.47936166078532,15.7070827381223));
#4484=CARTESIAN_POINT('Ctrl Pts',(-38.2158058321806,8.6198633251087,28.4536846238335));
#4485=CARTESIAN_POINT('Ctrl Pts',(-23.4062837775851,8.81656922545162,40.8323684697768));
#4486=CARTESIAN_POINT('Ctrl Pts',(-13.0353712392769,8.92896846419718,44.5515850132452));
#4487=CARTESIAN_POINT('Ctrl Pts',(-7.6850993017331,8.98516696517294,45.4561355353485));
#4488=CARTESIAN_POINT('Origin',(-45.5550313515423,7.911,7.7));
#4489=CARTESIAN_POINT('',(-45.3578285457643,7.911,7.66666753244504));
#4490=CARTESIAN_POINT('',(-45.5550313515423,7.911,7.5));
#4491=CARTESIAN_POINT('Ctrl Pts',(-45.5550313515145,8.22186579573972,7.5));
#4492=CARTESIAN_POINT('Ctrl Pts',(-46.0908137144807,8.52595094810318,7.5));
#4493=CARTESIAN_POINT('Ctrl Pts',(-46.6265184175073,8.83017292947508,7.5));
#4494=CARTESIAN_POINT('Ctrl Pts',(-47.1621529283342,9.13451844226989,7.5));
#4495=CARTESIAN_POINT('Ctrl Pts',(-45.5272298825762,8.27085055085163,7.5));
#4496=CARTESIAN_POINT('Ctrl Pts',(-46.0629836879481,8.57496650459642,7.49999860072431));
#4497=CARTESIAN_POINT('Ctrl Pts',(-46.5986619981343,8.87921663070278,7.50000131643637));
#4498=CARTESIAN_POINT('Ctrl Pts',(-47.1342700347043,9.18359108984321,7.5));
#4499=CARTESIAN_POINT('Ctrl Pts',(-45.4789934180648,8.35584071474541,7.54420290239992));
#4500=CARTESIAN_POINT('Ctrl Pts',(-46.0146999811716,8.66000625020974,7.54426981869429));
#4501=CARTESIAN_POINT('Ctrl Pts',(-46.5503314718007,8.96430662932943,7.54433351339185));
#4502=CARTESIAN_POINT('Ctrl Pts',(-47.0858957518441,9.26872766734186,7.54439626023056));
#4503=CARTESIAN_POINT('Ctrl Pts',(-45.4586536327438,8.39167836797117,7.63950606364908));
#4504=CARTESIAN_POINT('Ctrl Pts',(-45.9943767076058,8.69580051487065,7.6396823973005));
#4505=CARTESIAN_POINT('Ctrl Pts',(-46.5300253399057,9.00005737287325,7.63985193075602));
#4506=CARTESIAN_POINT('Ctrl Pts',(-47.0656054931009,9.30443761659228,7.64001703594321));
#4507=CARTESIAN_POINT('Ctrl Pts',(-45.4567321566213,8.39506390984759,7.68156954821997));
#4508=CARTESIAN_POINT('Ctrl Pts',(-45.9924753990828,8.69914922186767,7.68177969859424));
#4509=CARTESIAN_POINT('Ctrl Pts',(-46.5281429931143,9.00337135473331,7.681982750678));
#4510=CARTESIAN_POINT('Ctrl Pts',(-47.0637421530428,9.30771701188005,7.68217937174135));
#4511=CARTESIAN_POINT('',(-47.0897263801933,9.09336694884534,7.5));
#4512=CARTESIAN_POINT('',(-47.0603492316133,9.30578904071374,7.68217812609784));
#4513=CARTESIAN_POINT('Ctrl Pts',(-47.0603492316144,9.30578904071177,7.68217812609765));
#4514=CARTESIAN_POINT('Ctrl Pts',(-47.0625004610875,9.30565533634283,7.66899988482687));
#4515=CARTESIAN_POINT('Ctrl Pts',(-47.0646412002602,9.30396987391988,7.65596698853752));
#4516=CARTESIAN_POINT('Ctrl Pts',(-47.0667140889887,9.30080277427045,7.64326544080222));
#4517=CARTESIAN_POINT('Ctrl Pts',(-47.0681855813748,9.2985545286429,7.63424892653993));
#4518=CARTESIAN_POINT('Ctrl Pts',(-47.0696234770332,9.29555860514713,7.62539928338488));
#4519=CARTESIAN_POINT('Ctrl Pts',(-47.0710144789248,9.29182737144774,7.61678940234453));
#4520=CARTESIAN_POINT('Ctrl Pts',(-47.0729434314083,9.28665313512602,7.60484976982781));
#4521=CARTESIAN_POINT('Ctrl Pts',(-47.0747459541076,9.28016466764269,7.59359585776768));
#4522=CARTESIAN_POINT('Ctrl Pts',(-47.0764156180267,9.27251071413007,7.58317076530408));
#4523=CARTESIAN_POINT('Ctrl Pts',(-47.0772918393106,9.26849400340329,7.57769979129605));
#4524=CARTESIAN_POINT('Ctrl Pts',(-47.078131935375,9.26415549597278,7.57245697182665));
#4525=CARTESIAN_POINT('Ctrl Pts',(-47.0789377492845,9.25951180988455,7.56746350261996));
#4526=CARTESIAN_POINT('Ctrl Pts',(-47.0792575826678,9.25766869720679,7.56548155848636));
#4527=CARTESIAN_POINT('Ctrl Pts',(-47.0795720341178,9.25577747514809,7.56353890616738));
#4528=CARTESIAN_POINT('Ctrl Pts',(-47.0798807772935,9.25383995993513,7.56163580222656));
#4529=CARTESIAN_POINT('Ctrl Pts',(-47.08131332867,9.24484999577303,7.55280550447704));
#4530=CARTESIAN_POINT('Ctrl Pts',(-47.0826053410354,9.23498020216831,7.5449348267149));
#4531=CARTESIAN_POINT('Ctrl Pts',(-47.0837348654347,9.22445420650701,7.5380028380092));
#4532=CARTESIAN_POINT('Ctrl Pts',(-47.0848483727569,9.21407747338862,7.53116914748782));
#4533=CARTESIAN_POINT('Ctrl Pts',(-47.0858045738264,9.20306194977004,7.52524737757562));
#4534=CARTESIAN_POINT('Ctrl Pts',(-47.086605418712,9.19158144752908,7.52023434373707));
#4535=CARTESIAN_POINT('Ctrl Pts',(-47.0874910813497,9.17888504141963,7.51469037779213));
#4536=CARTESIAN_POINT('Ctrl Pts',(-47.0881792619728,9.16569095728326,7.51028924302748));
#4537=CARTESIAN_POINT('Ctrl Pts',(-47.0886794292212,9.15221131120956,7.50702060875126));
#4538=CARTESIAN_POINT('Ctrl Pts',(-47.0887779938929,9.14955496596818,7.50637648048127));
#4539=CARTESIAN_POINT('Ctrl Pts',(-47.0888693271205,9.14688740829119,7.50577641241874));
#4540=CARTESIAN_POINT('Ctrl Pts',(-47.0889535961097,9.14421009476019,7.50522044994287));
#4541=CARTESIAN_POINT('Ctrl Pts',(-47.0894127850833,9.12962118294508,7.50219096257087));
#4542=CARTESIAN_POINT('Ctrl Pts',(-47.0896597553599,9.1147659241293,7.50047232585282));
#4543=CARTESIAN_POINT('Ctrl Pts',(-47.0897145141735,9.099856428298,7.50008444899666));
#4544=CARTESIAN_POINT('Ctrl Pts',(-47.0897224552819,9.09769425723219,7.50002819919955));
#4545=CARTESIAN_POINT('Ctrl Pts',(-47.0897263819942,9.09553089635913,7.50000000513992));
#4546=CARTESIAN_POINT('Ctrl Pts',(-47.0897263806603,9.09336694803365,7.5));
#4547=CARTESIAN_POINT('Ctrl Pts',(-47.0603492316143,9.30578904071174,7.68217812609765));
#4548=CARTESIAN_POINT('Ctrl Pts',(-46.5258807567569,9.00208656179834,7.68198189311503));
#4549=CARTESIAN_POINT('Ctrl Pts',(-45.9913441213332,8.69850711400664,7.6817792548398));
#4550=CARTESIAN_POINT('Ctrl Pts',(-45.4567321566213,8.39506390984759,7.68156954821997));
#4551=CARTESIAN_POINT('Ctrl Pts',(-45.5550313515145,8.22186579573972,7.5));
#4552=CARTESIAN_POINT('Ctrl Pts',(-46.0666650107698,8.51224526692573,7.5));
#4553=CARTESIAN_POINT('Ctrl Pts',(-46.5782278528761,8.80274951081066,7.5));
#4554=CARTESIAN_POINT('Ctrl Pts',(-47.0897263806467,9.09336694802595,7.5));
#4555=CARTESIAN_POINT('Ctrl Pts',(-7.68156954821999,8.06197235565958,45.4567321566491));
#4556=CARTESIAN_POINT('Ctrl Pts',(-13.0319116748215,8.00577385504496,44.552597098928));
#4557=CARTESIAN_POINT('Ctrl Pts',(-23.4031098262224,7.89337461650149,40.8341899693033));
#4558=CARTESIAN_POINT('Ctrl Pts',(-38.2136175627223,7.69666871343599,28.4566584781481));
#4559=CARTESIAN_POINT('Ctrl Pts',(-44.0993097521935,7.55616705181367,15.7105072080489));
#4560=CARTESIAN_POINT('Ctrl Pts',(-45.4561355353485,7.47186930035002,7.68509930173311));
#4561=CARTESIAN_POINT('Ctrl Pts',(-7.67601464343342,8.08191755686551,45.4226312483639));
#4562=CARTESIAN_POINT('Ctrl Pts',(-13.0223320159831,8.02571905625088,44.5191519939055));
#4563=CARTESIAN_POINT('Ctrl Pts',(-23.3857589845722,7.91331981770741,40.8034749133642));
#4564=CARTESIAN_POINT('Ctrl Pts',(-38.1850962413333,7.71661391464191,28.4351735591315));
#4565=CARTESIAN_POINT('Ctrl Pts',(-44.0663326727936,7.57611225301959,15.6985207632527));
#4566=CARTESIAN_POINT('Ctrl Pts',(-45.4221033329609,7.49181450155595,7.6791379165158));
#4567=CARTESIAN_POINT('Ctrl Pts',(-7.66830072545345,8.13541027390997,45.3736768761001));
#4568=CARTESIAN_POINT('Ctrl Pts',(-13.0088703379306,8.07921177329535,44.4711030037179));
#4569=CARTESIAN_POINT('Ctrl Pts',(-23.3610814898284,7.96681253475188,40.759312691847));
#4570=CARTESIAN_POINT('Ctrl Pts',(-38.1443713920329,7.77010663168637,28.4041136556116));
#4571=CARTESIAN_POINT('Ctrl Pts',(-44.0191135525857,7.62960497006406,15.6811276379681));
#4572=CARTESIAN_POINT('Ctrl Pts',(-45.3733332288375,7.54530721860041,7.67033382439112));
#4573=CARTESIAN_POINT('Ctrl Pts',(-7.66636266007151,8.20525148537279,45.3578800772243));
#4574=CARTESIAN_POINT('Ctrl Pts',(-13.0050670723723,8.14905298475816,44.455535326665));
#4575=CARTESIAN_POINT('Ctrl Pts',(-23.3536529263409,8.0366537462147,40.7448595772284));
#4576=CARTESIAN_POINT('Ctrl Pts',(-38.131632882296,7.83994784314919,28.3937079869123));
#4577=CARTESIAN_POINT('Ctrl Pts',(-44.0041522807017,7.69944618152687,15.6750108876551));
#4578=CARTESIAN_POINT('Ctrl Pts',(-45.3577770143043,7.61514843006323,7.66697240481857));
#4579=CARTESIAN_POINT('Ctrl Pts',(-7.66666753244504,8.23517046976747,45.3578285457643));
#4580=CARTESIAN_POINT('Ctrl Pts',(-13.0053685196447,8.17897196915285,44.4554474830841));
#4581=CARTESIAN_POINT('Ctrl Pts',(-23.353925121231,8.06657273060939,40.7447046309867));
#4582=CARTESIAN_POINT('Ctrl Pts',(-38.1318259662422,7.86986682754388,28.393449046982));
#4583=CARTESIAN_POINT('Ctrl Pts',(-44.0042569430456,7.72936516592156,15.6747190647056));
#4584=CARTESIAN_POINT('Ctrl Pts',(-45.3578285457643,7.64506741445791,7.66666753244505));
#4585=CARTESIAN_POINT('Ctrl Pts',(-45.3578285457643,7.64506741445791,7.66666753244505));
#4586=CARTESIAN_POINT('Ctrl Pts',(-44.0042569430456,7.72936516592156,15.6747190647056));
#4587=CARTESIAN_POINT('Ctrl Pts',(-38.1318259662422,7.86986682754388,28.393449046982));
#4588=CARTESIAN_POINT('Ctrl Pts',(-23.353925121231,8.06657273060939,40.7447046309867));
#4589=CARTESIAN_POINT('Ctrl Pts',(-13.0053685196447,8.17897196915285,44.4554474830841));
#4590=CARTESIAN_POINT('Ctrl Pts',(-7.66666753244504,8.23517046976747,45.3578285457643));
#4591=CARTESIAN_POINT('Ctrl Pts',(-7.68156954821999,8.06197235565958,45.4567321566491));
#4592=CARTESIAN_POINT('Ctrl Pts',(-13.0319116748215,8.00577385504496,44.552597098928));
#4593=CARTESIAN_POINT('Ctrl Pts',(-23.4031098262224,7.89337461650149,40.8341899693033));
#4594=CARTESIAN_POINT('Ctrl Pts',(-38.2136175627223,7.69666871343599,28.4566584781481));
#4595=CARTESIAN_POINT('Ctrl Pts',(-44.0993097521935,7.55616705181367,15.7105072080489));
#4596=CARTESIAN_POINT('Ctrl Pts',(-45.4561355353485,7.47186930035002,7.68509930173311));
#4597=CARTESIAN_POINT('Ctrl Pts',(-7.5,8.23517046978325,45.5550313515145));
#4598=CARTESIAN_POINT('Ctrl Pts',(-7.5,7.93108531741974,46.0908137144808));
#4599=CARTESIAN_POINT('Ctrl Pts',(-7.5,7.62686333604785,46.6265184175073));
#4600=CARTESIAN_POINT('Ctrl Pts',(-7.5,7.32251782325306,47.1621529283342));
#4601=CARTESIAN_POINT('Ctrl Pts',(-7.5,8.18618571467133,45.5272298825762));
#4602=CARTESIAN_POINT('Ctrl Pts',(-7.49999860072431,7.88206976092651,46.0629836879482));
#4603=CARTESIAN_POINT('Ctrl Pts',(-7.50000131643636,7.57781963482015,46.5986619981343));
#4604=CARTESIAN_POINT('Ctrl Pts',(-7.5,7.27344517567974,47.1342700347043));
#4605=CARTESIAN_POINT('Ctrl Pts',(-7.54420223567592,8.10119492441285,45.4789930625694));
#4606=CARTESIAN_POINT('Ctrl Pts',(-7.54426915197029,7.79702938894848,46.0146996256762));
#4607=CARTESIAN_POINT('Ctrl Pts',(-7.54433284263209,7.49272900402714,46.5503311126062));
#4608=CARTESIAN_POINT('Ctrl Pts',(-7.5443955894708,7.18830796601473,47.0858953926496));
#4609=CARTESIAN_POINT('Ctrl Pts',(-7.6395060636491,8.06535789755177,45.4586536327438));
#4610=CARTESIAN_POINT('Ctrl Pts',(-7.63968239730051,7.76123575065226,45.9943767076058));
#4611=CARTESIAN_POINT('Ctrl Pts',(-7.63985193075603,7.45697889264967,46.5300253399057));
#4612=CARTESIAN_POINT('Ctrl Pts',(-7.64001703594321,7.15259864893065,47.0656054931008));
#4613=CARTESIAN_POINT('Ctrl Pts',(-7.68156954821999,8.06197235567535,45.4567321566213));
#4614=CARTESIAN_POINT('Ctrl Pts',(-7.68177969859426,7.75788704365524,45.9924753990829));
#4615=CARTESIAN_POINT('Ctrl Pts',(-7.68198275067801,7.45366491078961,46.5281429931143));
#4616=CARTESIAN_POINT('Ctrl Pts',(-7.68217937174136,7.14931925364288,47.0637421530428));
#4617=CARTESIAN_POINT('',(-7.5,7.36366931667763,47.0897263801933));
#4618=CARTESIAN_POINT('',(-7.68217736781745,7.15124722480921,47.0603462512101));
#4619=CARTESIAN_POINT('Ctrl Pts',(-7.68217812609766,7.15124722481116,47.0603492316143));
#4620=CARTESIAN_POINT('Ctrl Pts',(-7.66899986872427,7.15138092934348,47.062500463716));
#4621=CARTESIAN_POINT('Ctrl Pts',(-7.65596692867595,7.1530663693156,47.0646411904877));
#4622=CARTESIAN_POINT('Ctrl Pts',(-7.64326532636547,7.15623343889125,47.0667140602392));
#4623=CARTESIAN_POINT('Ctrl Pts',(-7.6342487998992,7.15848165655319,47.0681855348232));
#4624=CARTESIAN_POINT('Ctrl Pts',(-7.62539913807465,7.16147754381633,47.0696234095496));
#4625=CARTESIAN_POINT('Ctrl Pts',(-7.61678923727926,7.16520873850727,47.0710143905317));
#4626=CARTESIAN_POINT('Ctrl Pts',(-7.60484947988996,7.17038296297753,47.0729433297673));
#4627=CARTESIAN_POINT('Ctrl Pts',(-7.59359545236105,7.17687143602788,47.0747458378643));
#4628=CARTESIAN_POINT('Ctrl Pts',(-7.58317027129375,7.18452542365524,47.0764154936597));
#4629=CARTESIAN_POINT('Ctrl Pts',(-7.5776993532039,7.18854207709269,47.0772916942778));
#4630=CARTESIAN_POINT('Ctrl Pts',(-7.57245658848128,7.19288052304999,47.0781317728143));
#4631=CARTESIAN_POINT('Ctrl Pts',(-7.56746317408476,7.19752414600617,47.0789375733527));
#4632=CARTESIAN_POINT('Ctrl Pts',(-7.56548122737324,7.19936725625435,47.0792574053555));
#4633=CARTESIAN_POINT('Ctrl Pts',(-7.56353857344996,7.20125847680108,47.0795718559464));
#4634=CARTESIAN_POINT('Ctrl Pts',(-7.56163546878707,7.20319599133353,47.0798805987354));
#4635=CARTESIAN_POINT('Ctrl Pts',(-7.55280525835873,7.21218586002712,47.0813131336081));
#4636=CARTESIAN_POINT('Ctrl Pts',(-7.54493466710609,7.22205555796155,47.0826051425077));
#4637=CARTESIAN_POINT('Ctrl Pts',(-7.53800275531253,7.23258145557629,47.0837346720055));
#4638=CARTESIAN_POINT('Ctrl Pts',(-7.53116899926362,7.24295830667266,47.0848482073862));
#4639=CARTESIAN_POINT('Ctrl Pts',(-7.52524719222175,7.25397397227317,47.0858044382661));
#4640=CARTESIAN_POINT('Ctrl Pts',(-7.52023414198639,7.26545462785203,47.0866053106743));
#4641=CARTESIAN_POINT('Ctrl Pts',(-7.51469026518861,7.2781509578505,47.0874909866107));
#4642=CARTESIAN_POINT('Ctrl Pts',(-7.51028920119328,7.29134495893103,47.0881791851687));
#4643=CARTESIAN_POINT('Ctrl Pts',(-7.50702061070788,7.30482451225764,47.0886793699432));
#4644=CARTESIAN_POINT('Ctrl Pts',(-7.50637645610679,7.30748098339857,47.0887779434187));
#4645=CARTESIAN_POINT('Ctrl Pts',(-7.50577636544904,7.31014866781522,47.0888692846487));
#4646=CARTESIAN_POINT('Ctrl Pts',(-7.50522038405723,7.31282610866857,47.0889535608281));
#4647=CARTESIAN_POINT('Ctrl Pts',(-7.50219094435817,7.32741498831889,47.0894127661314));
#4648=CARTESIAN_POINT('Ctrl Pts',(-7.5004723341398,7.34227020357347,47.0896597494759));
#4649=CARTESIAN_POINT('Ctrl Pts',(-7.50008445288915,7.35717963836795,47.089714512778));
#4650=CARTESIAN_POINT('Ctrl Pts',(-7.5000282004919,7.35934187603091,47.0897224548144));
#4651=CARTESIAN_POINT('Ctrl Pts',(-7.50000000514008,7.36150530321676,47.0897263819943));
#4652=CARTESIAN_POINT('Ctrl Pts',(-7.5,7.3636693174893,47.0897263806603));
#4653=CARTESIAN_POINT('Ctrl Pts',(-7.68217812609766,7.15124722481116,47.0603492316143));
#4654=CARTESIAN_POINT('Ctrl Pts',(-7.68198189311504,7.45494970372457,46.5258807567569));
#4655=CARTESIAN_POINT('Ctrl Pts',(-7.68177925483982,7.75852915151626,45.9913441213333));
#4656=CARTESIAN_POINT('Ctrl Pts',(-7.68156954821999,8.06197235567535,45.4567321566213));
#4657=CARTESIAN_POINT('Ctrl Pts',(-7.5,8.23517046978325,45.5550313515145));
#4658=CARTESIAN_POINT('Ctrl Pts',(-7.5,7.9447909985972,46.0666650107699));
#4659=CARTESIAN_POINT('Ctrl Pts',(-7.5,7.65428675471229,46.5782278528762));
#4660=CARTESIAN_POINT('Ctrl Pts',(-7.5,7.36366931749702,47.0897263806467));
#4661=CARTESIAN_POINT('Origin',(-47.0897263802042,-1.11022302462516E-15,
7.5));
#4662=CARTESIAN_POINT('',(-47.0897263802042,-1.11022302462516E-15,7.5));
#4663=CARTESIAN_POINT('Ctrl Pts',(-7.50000000000003,7.15309498836651,47.0897263802042));
#4664=CARTESIAN_POINT('Ctrl Pts',(-12.4244423652739,7.10316375678046,46.3054084285272));
#4665=CARTESIAN_POINT('Ctrl Pts',(-22.0238671714441,7.00330129360838,43.1784678774468));
#4666=CARTESIAN_POINT('Ctrl Pts',(-34.2761015439977,6.85350759885024,34.2761015439968));
#4667=CARTESIAN_POINT('Ctrl Pts',(-43.1784678774473,6.70371390409211,22.023867171443));
#4668=CARTESIAN_POINT('Ctrl Pts',(-46.3054084285275,6.60385144092002,12.4244423652728));
#4669=CARTESIAN_POINT('Ctrl Pts',(-47.0897263802044,6.55392020933398,7.49999999999886));
#4670=CARTESIAN_POINT('Ctrl Pts',(-7.41705441572117,7.45755988545317,46.5689417311192));
#4671=CARTESIAN_POINT('Ctrl Pts',(-12.2870353477637,7.40762865386713,45.7932978742104));
#4672=CARTESIAN_POINT('Ctrl Pts',(-21.7802961673621,7.30776619069504,42.7009394445987));
#4673=CARTESIAN_POINT('Ctrl Pts',(-33.8970280414152,7.15797249593691,33.8970280414144));
#4674=CARTESIAN_POINT('Ctrl Pts',(-42.7009394445992,7.00817880117878,21.780296167361));
#4675=CARTESIAN_POINT('Ctrl Pts',(-45.7932978742107,6.90831633800669,12.2870353477626));
#4676=CARTESIAN_POINT('Ctrl Pts',(-46.5689417311194,6.85838510642065,7.41705441572001));
#4677=CARTESIAN_POINT('Ctrl Pts',(-7.33410883144231,7.76202478253984,46.0481570820342));
#4678=CARTESIAN_POINT('Ctrl Pts',(-12.1496283302535,7.71209355095379,45.2811873198937));
#4679=CARTESIAN_POINT('Ctrl Pts',(-21.53672516328,7.61223108778171,42.2234110117506));
#4680=CARTESIAN_POINT('Ctrl Pts',(-33.5179545388328,7.46243739302357,33.5179545388319));
#4681=CARTESIAN_POINT('Ctrl Pts',(-42.2234110117511,7.31264369826544,21.5367251632789));
#4682=CARTESIAN_POINT('Ctrl Pts',(-45.281187319894,7.21278123509335,12.1496283302523));
#4683=CARTESIAN_POINT('Ctrl Pts',(-46.0481570820343,7.16285000350731,7.33410883144116));
#4684=CARTESIAN_POINT('Ctrl Pts',(-7.25116324716345,8.0664896796265,45.5273724329491));
#4685=CARTESIAN_POINT('Ctrl Pts',(-12.0122213127433,8.01655844804046,44.769076765577));
#4686=CARTESIAN_POINT('Ctrl Pts',(-21.2931541591979,7.91669598486837,41.7458825789024));
#4687=CARTESIAN_POINT('Ctrl Pts',(-33.1388810362503,7.76690229011024,33.1388810362495));
#4688=CARTESIAN_POINT('Ctrl Pts',(-41.745882578903,7.61710859535211,21.2931541591969));
#4689=CARTESIAN_POINT('Ctrl Pts',(-44.7690767655773,7.51724613218002,12.0122213127421));
#4690=CARTESIAN_POINT('Ctrl Pts',(-45.5273724329493,7.46731490059398,7.25116324716232));
#4691=CARTESIAN_POINT('Ctrl Pts',(-7.68217736781745,7.15124722480922,47.0603462512101));
#4692=CARTESIAN_POINT('Ctrl Pts',(-12.5428005623409,7.10193191440894,46.2667295826631));
#4693=CARTESIAN_POINT('Ctrl Pts',(-22.0742458655218,7.00268537242261,43.1418631589568));
#4694=CARTESIAN_POINT('Ctrl Pts',(-34.2761015439977,6.85350759885024,34.2761015439968));
#4695=CARTESIAN_POINT('Ctrl Pts',(-43.1411765550959,6.70434137826563,22.0751908312878));
#4696=CARTESIAN_POINT('Ctrl Pts',(-46.2660020327108,6.60510638926706,12.5450195962341));
#4697=CARTESIAN_POINT('Ctrl Pts',(-47.059788369807,6.55580263185453,7.685593409377));
#4698=CARTESIAN_POINT('Origin',(-2.22044604925031E-15,7.911,-1.66533453693773E-15));
#4699=CARTESIAN_POINT('Origin',(0.,1.11022302462516E-15,-3.33066907387547E-15));
#4700=CARTESIAN_POINT('',(0.,10.7195965683368,47.68325));
#4701=CARTESIAN_POINT('',(-47.68325,10.7195965683368,-7.54302965718136E-15));
#4702=CARTESIAN_POINT('Origin',(2.22044604925031E-15,10.7195965683368,1.66533453693773E-15));
#4703=CARTESIAN_POINT('',(-47.68325,2.,-8.86659820840828E-15));
#4704=CARTESIAN_POINT('',(-47.68325,1.11022302462516E-15,-9.17018302241977E-15));
#4705=CARTESIAN_POINT('',(47.68325,2.00000000000001,2.78640063082512E-15));
#4706=CARTESIAN_POINT('Origin',(0.,2.,-2.77555756156289E-15));
#4707=CARTESIAN_POINT('Origin',(0.,2.,-2.77555756156289E-15));
#4708=CARTESIAN_POINT('Origin',(2.22044604925031E-15,10.7195965683368,1.66533453693773E-15));
#4709=CARTESIAN_POINT('Ctrl Pts',(47.0597883689036,7.65123363366845,7.68559340900229));
#4710=CARTESIAN_POINT('Ctrl Pts',(46.2660019846621,7.60192987625591,12.5450195763548));
#4711=CARTESIAN_POINT('Ctrl Pts',(43.1411727273765,7.50269488725733,22.075189247548));
#4712=CARTESIAN_POINT('Ctrl Pts',(34.2761014471679,7.35352866667271,34.2761014471678));
#4713=CARTESIAN_POINT('Ctrl Pts',(22.0742442816665,7.20435089310034,43.1418593309484));
#4714=CARTESIAN_POINT('Ctrl Pts',(12.5428005428261,7.10510435111402,46.2667295354942));
#4715=CARTESIAN_POINT('Ctrl Pts',(7.6821773674575,7.05578904071374,47.0603462503394));
#4716=CARTESIAN_POINT('',(47.0897263802042,-1.11022302462516E-15,7.5));
#4717=CARTESIAN_POINT('',(7.5,8.88178419700125E-15,-47.0897263802042));
#4718=CARTESIAN_POINT('Ctrl Pts',(7.68559340844626,8.40123363366846,-47.0597883675615));
#4719=CARTESIAN_POINT('Ctrl Pts',(12.5450195467877,8.35192987625592,-46.2660019132847));
#4720=CARTESIAN_POINT('Ctrl Pts',(22.0751868919443,8.25269488725734,-43.1411670412106));
#4721=CARTESIAN_POINT('Ctrl Pts',(34.2761012877397,8.10352866667272,-34.2761012877398));
#4722=CARTESIAN_POINT('Ctrl Pts',(43.1418536443546,7.95435089310035,-22.0742419258926));
#4723=CARTESIAN_POINT('Ctrl Pts',(46.2667294654245,7.85510435111402,-12.5428005138003));
#4724=CARTESIAN_POINT('Ctrl Pts',(47.0603462490462,7.80578904071374,-7.68217736692101));
#4725=CARTESIAN_POINT('',(-7.5,-7.7715611723761E-15,47.0897263802042));
#4726=CARTESIAN_POINT('Ctrl Pts',(-7.68559340956398,6.90123363366844,47.0597883702614));
#4727=CARTESIAN_POINT('Ctrl Pts',(-12.5450196062228,6.8519298762559,46.2660020568728));
#4728=CARTESIAN_POINT('Ctrl Pts',(-22.07519162709,6.75269488725732,43.1411784798879));
#4729=CARTESIAN_POINT('Ctrl Pts',(-34.276101589491,6.60352866667271,34.2761015894911));
#4730=CARTESIAN_POINT('Ctrl Pts',(-43.1418650838943,6.45435089310034,22.0742466613818));
#4731=CARTESIAN_POINT('Ctrl Pts',(-46.2667296063822,6.35510435111403,12.5428005721471));
#4732=CARTESIAN_POINT('Ctrl Pts',(-47.0603462516478,6.30578904071375,7.68217736799895));
#4733=CARTESIAN_POINT('',(-47.0897263802042,-1.11022302462516E-15,7.5));
#4734=CARTESIAN_POINT('',(-47.0897263802042,2.22044604925031E-15,-7.5));
#4735=CARTESIAN_POINT('Ctrl Pts',(-47.0597883662347,9.15123363366844,-7.68559340789629));
#4736=CARTESIAN_POINT('Ctrl Pts',(-46.2660018427249,9.10192987625591,-12.5450195175163));
#4737=CARTESIAN_POINT('Ctrl Pts',(-43.1411614201434,9.00269488725734,-22.075184559827));
#4738=CARTESIAN_POINT('Ctrl Pts',(-34.2761011118816,8.85352866667272,-34.2761011118816));
#4739=CARTESIAN_POINT('Ctrl Pts',(-22.0742395936083,8.70435089310036,-43.1418480228656));
#4740=CARTESIAN_POINT('Ctrl Pts',(-12.5428004850653,8.60510435111403,-46.2667293961571));
#4741=CARTESIAN_POINT('Ctrl Pts',(-7.68217736639137,8.55578904071375,-47.0603462477675));
#4742=CARTESIAN_POINT('',(-7.5,-7.7715611723761E-15,47.0897263802042));
#4743=CARTESIAN_POINT('Ctrl Pts',(-7.68559340735094,9.90123363366844,47.0597883649231));
#4744=CARTESIAN_POINT('Ctrl Pts',(-12.545019488534,9.8519298762559,46.2660017729676));
#4745=CARTESIAN_POINT('Ctrl Pts',(-22.0751822507575,9.75269488725733,43.1411558629619));
#4746=CARTESIAN_POINT('Ctrl Pts',(-34.2761009202416,9.60352866667271,34.2761009202417));
#4747=CARTESIAN_POINT('Ctrl Pts',(-43.1418424652685,9.45435089310035,22.074237284375));
#4748=CARTESIAN_POINT('Ctrl Pts',(-46.2667293276776,9.35510435111402,12.5428004566143));
#4749=CARTESIAN_POINT('Ctrl Pts',(-47.0603462465035,9.30578904071375,7.68217736586632));
#4750=CARTESIAN_POINT('Origin',(0.,14.1469785521885,1.11022302462516E-15));
#4751=CARTESIAN_POINT('',(-5.55111512312578E-15,13.3947623471742,-52.3680270252381));
#4752=CARTESIAN_POINT('',(-5.30301064278683E-15,13.3947623471742,52.3680270252381));
#4753=CARTESIAN_POINT('Origin',(1.11022302462516E-15,13.3947623471742,2.77555756156289E-15));
#4754=CARTESIAN_POINT('Origin',(1.11022302462516E-15,13.3947623471742,2.77555756156289E-15));
#4755=CARTESIAN_POINT('',(7.7715611723761E-15,14.8991947572029,-51.7462843651099));
#4756=CARTESIAN_POINT('',(8.04049744641876E-15,14.1469785521885,-52.057155695174));
#4757=CARTESIAN_POINT('',(-5.2268691269249E-15,14.8991947572029,51.7462843651099));
#4758=CARTESIAN_POINT('Origin',(-2.22044604925031E-15,14.8991947572029,
0.));
#4759=CARTESIAN_POINT('Origin',(-2.22044604925031E-15,14.8991947572029,
0.));
#4760=CARTESIAN_POINT('Origin',(1.11022302462516E-15,14.8355260238297,2.77555756156289E-15));
#4761=CARTESIAN_POINT('',(-5.106149006241E-15,15.4056453926083,50.7605297722922));
#4762=CARTESIAN_POINT('',(-5.24204552643804E-15,14.8355260238297,51.8702090715943));
#4763=CARTESIAN_POINT('',(-1.88737914186277E-14,15.4056453926083,-50.7605297722922));
#4764=CARTESIAN_POINT('Origin',(2.22044604925031E-15,15.4056453926083,2.22044604925031E-15));
#4765=CARTESIAN_POINT('Origin',(2.22044604925031E-15,15.4056453926083,2.22044604925031E-15));
#4766=CARTESIAN_POINT('Origin',(1.11022302462516E-15,13.9586685359469,2.77555756156289E-15));
#4767=CARTESIAN_POINT('',(-5.30301064278683E-15,13.3375747247196,52.3680270252381));
#4768=CARTESIAN_POINT('Origin',(1.11022302462516E-15,13.3375747247196,2.77555756156289E-15));
#4769=CARTESIAN_POINT('',(-5.30301064278683E-15,13.9586685359469,52.3680270252381));
#4770=CARTESIAN_POINT('Ctrl Pts',(-1.22124532708767E-13,15.763509127841,
46.3460580527726));
#4771=CARTESIAN_POINT('Ctrl Pts',(6.93304423128326,15.763509127841,46.3460580527727));
#4772=CARTESIAN_POINT('Ctrl Pts',(20.7973358413373,15.763509127841,43.1873374965403));
#4773=CARTESIAN_POINT('Ctrl Pts',(35.6157345684718,15.763509127841,31.3595825436588));
#4774=CARTESIAN_POINT('Ctrl Pts',(43.7898234903532,15.763509127841,17.1862931560203));
#4775=CARTESIAN_POINT('Ctrl Pts',(46.9117404685389,15.763509127841,3.51664246538661));
#4776=CARTESIAN_POINT('Ctrl Pts',(45.8641969741767,15.763509127841,-10.4678991450019));
#4777=CARTESIAN_POINT('Ctrl Pts',(40.7410176877765,15.763509127841,-23.5210522185125));
#4778=CARTESIAN_POINT('Ctrl Pts',(31.9976839621462,15.763509127841,-34.4846885760106));
#4779=CARTESIAN_POINT('Ctrl Pts',(20.4117785291944,15.763509127841,-42.3839758001241));
#4780=CARTESIAN_POINT('Ctrl Pts',(7.01174384523374,15.763509127841,-46.5182957310273));
#4781=CARTESIAN_POINT('Ctrl Pts',(-7.0107391553905,15.763509127841,-46.5172365215805));
#4782=CARTESIAN_POINT('Ctrl Pts',(-20.4113434653757,15.763509127841,-42.3853511727661));
#4783=CARTESIAN_POINT('Ctrl Pts',(-31.9972397881001,15.763509127841,-34.485266192996));
#4784=CARTESIAN_POINT('Ctrl Pts',(-40.7404917138796,15.763509127841,-23.5217561818572));
#4785=CARTESIAN_POINT('Ctrl Pts',(-45.0092353761311,15.763509127841,-12.6438283403181));
#4786=CARTESIAN_POINT('Ctrl Pts',(-46.3883147180176,15.763509127841,-3.47645815535858));
#4787=CARTESIAN_POINT('Ctrl Pts',(-46.3921063377907,15.763509127841,5.79438376965655));
#4788=CARTESIAN_POINT('Ctrl Pts',(-43.7893811262122,15.763509127841,17.1852377456309));
#4789=CARTESIAN_POINT('Ctrl Pts',(-35.6164294600499,15.763509127841,31.3587806029892));
#4790=CARTESIAN_POINT('Ctrl Pts',(-20.7984586619128,15.763509127841,43.1869641448228));
#4791=CARTESIAN_POINT('Ctrl Pts',(-6.93304423128355,15.763509127841,46.3460580527727));
#4792=CARTESIAN_POINT('Ctrl Pts',(-1.84297022087776E-13,15.763509127841,
46.3460580527727));
#4793=CARTESIAN_POINT('Ctrl Pts',(-1.30238817295914E-13,15.8038332459165,
47.0279103019302));
#4794=CARTESIAN_POINT('Ctrl Pts',(7.03504453083984,15.8038332459165,47.0279103019302));
#4795=CARTESIAN_POINT('Ctrl Pts',(21.1033103042102,15.8038332459165,43.8227180325527));
#4796=CARTESIAN_POINT('Ctrl Pts',(36.1397202048268,15.8038332459165,31.8209508409565));
#4797=CARTESIAN_POINT('Ctrl Pts',(44.4340679178556,15.8038332459165,17.4391412543545));
#4798=CARTESIAN_POINT('Ctrl Pts',(47.6019151477784,15.8038332459165,3.56837999550565));
#4799=CARTESIAN_POINT('Ctrl Pts',(46.5389599891333,15.8038332459165,-10.6219049197348));
#4800=CARTESIAN_POINT('Ctrl Pts',(41.340407489431,15.8038332459165,-23.8670985281977));
#4801=CARTESIAN_POINT('Ctrl Pts',(32.468440132014,15.8038332459165,-34.9920340430381));
#4802=CARTESIAN_POINT('Ctrl Pts',(20.7120805976777,15.8038332459165,-43.0075371221012));
#4803=CARTESIAN_POINT('Ctrl Pts',(7.11490198883988,15.8038332459165,-47.2026819745232));
#4804=CARTESIAN_POINT('Ctrl Pts',(-7.11388251779007,15.8038332459165,-47.2016071817754));
#4805=CARTESIAN_POINT('Ctrl Pts',(-20.7116391331257,15.8038332459165,-43.0089327294941));
#4806=CARTESIAN_POINT('Ctrl Pts',(-32.467989423192,15.8038332459165,-34.992620158036));
#4807=CARTESIAN_POINT('Ctrl Pts',(-41.3398737773091,15.8038332459165,-23.8678128483797));
#4808=CARTESIAN_POINT('Ctrl Pts',(-45.6714200292313,15.8038332459165,-12.8298468099557));
#4809=CARTESIAN_POINT('Ctrl Pts',(-47.0707886554847,15.8038332459165,-3.52760448606907));
#4810=CARTESIAN_POINT('Ctrl Pts',(-47.0746360583122,15.8038332459165,5.87963187428459));
#4811=CARTESIAN_POINT('Ctrl Pts',(-44.4336190455664,15.8038332459165,17.4380703165431));
#4812=CARTESIAN_POINT('Ctrl Pts',(-36.1404253197781,15.8038332459165,31.8201371020019));
#4813=CARTESIAN_POINT('Ctrl Pts',(-21.1044496439449,15.8038332459165,43.8223391879989));
#4814=CARTESIAN_POINT('Ctrl Pts',(-7.03504453084049,15.8038332459165,47.0279103019303));
#4815=CARTESIAN_POINT('Ctrl Pts',(-1.91885725538958E-13,15.8038332459165,
47.0279103019303));
#4816=CARTESIAN_POINT('Ctrl Pts',(-1.38352202905688E-13,15.8472776360476,
47.7095780209737));
#4817=CARTESIAN_POINT('Ctrl Pts',(7.13701722594652,15.8472776360476,47.7095780209737));
#4818=CARTESIAN_POINT('Ctrl Pts',(21.4092019610364,15.8472776360475,44.4579266151104));
#4819=CARTESIAN_POINT('Ctrl Pts',(36.6635640346021,15.8472776360476,32.2821942778493));
#4820=CARTESIAN_POINT('Ctrl Pts',(45.0781379930709,15.8472776360476,17.6919209242274));
#4821=CARTESIAN_POINT('Ctrl Pts',(48.2919030445945,15.8472776360475,3.62010352386567));
#4822=CARTESIAN_POINT('Ctrl Pts',(47.2135403925315,15.8472776360476,-10.7758690157801));
#4823=CARTESIAN_POINT('Ctrl Pts',(41.9396350778296,15.8472776360475,-24.2130511871495));
#4824=CARTESIAN_POINT('Ctrl Pts',(32.9390689008364,15.8472776360475,-35.4992422068215));
#4825=CARTESIAN_POINT('Ctrl Pts',(21.0123013952214,15.8472776360475,-43.6309296892699));
#4826=CARTESIAN_POINT('Ctrl Pts',(7.21803221467425,15.8472776360476,-47.8868830021199));
#4827=CARTESIAN_POINT('Ctrl Pts',(-7.21699796643136,15.8472776360476,-47.8857926302933));
#4828=CARTESIAN_POINT('Ctrl Pts',(-21.0118535316582,15.8472776360476,-43.6323455259374));
#4829=CARTESIAN_POINT('Ctrl Pts',(-32.9386116590077,15.8472776360476,-35.4998368175333));
#4830=CARTESIAN_POINT('Ctrl Pts',(-41.9390936295715,15.8472776360475,-24.2137758613745));
#4831=CARTESIAN_POINT('Ctrl Pts',(-46.3334254748682,15.8472776360475,-13.0158149372759));
#4832=CARTESIAN_POINT('Ctrl Pts',(-47.7530778945846,15.8472776360475,-3.57873697501586));
#4833=CARTESIAN_POINT('Ctrl Pts',(-47.7569810653655,15.8472776360475,5.96485690815971));
#4834=CARTESIAN_POINT('Ctrl Pts',(-45.0776826143954,15.8472776360475,17.6908344632143));
#4835=CARTESIAN_POINT('Ctrl Pts',(-36.6642793701671,15.8472776360475,32.2813687437805));
#4836=CARTESIAN_POINT('Ctrl Pts',(-21.4103578154557,15.8472776360475,44.4575422792195));
#4837=CARTESIAN_POINT('Ctrl Pts',(-7.13701722594755,15.8472776360476,47.7095780209737));
#4838=CARTESIAN_POINT('Ctrl Pts',(-1.99476769427875E-13,15.8472776360476,
47.7095780209737));
#4839=CARTESIAN_POINT('Ctrl Pts',(-1.46464349736844E-13,15.8938404787154,
48.3910326605958));
#4840=CARTESIAN_POINT('Ctrl Pts',(7.23895804582476,15.8938404787154,48.3910326605958));
#4841=CARTESIAN_POINT('Ctrl Pts',(21.7149980005974,15.8938404787154,45.0929366406865));
#4842=CARTESIAN_POINT('Ctrl Pts',(37.1872441184007,15.8938404787154,32.7432935367423));
#4843=CARTESIAN_POINT('Ctrl Pts',(45.7220067413399,15.8938404787154,17.9446215788313));
#4844=CARTESIAN_POINT('Ctrl Pts',(48.9816752612177,15.8938404787154,3.6718108842048));
#4845=CARTESIAN_POINT('Ctrl Pts',(47.8879099318912,15.8938404787154,-10.9297849848807));
#4846=CARTESIAN_POINT('Ctrl Pts',(42.5386753563858,15.8938404787154,-24.5588957063313));
#4847=CARTESIAN_POINT('Ctrl Pts',(33.4095505579465,15.8938404787154,-36.006291824691));
#4848=CARTESIAN_POINT('Ctrl Pts',(21.3124283481106,15.8938404787154,-44.2541273929768));
#4849=CARTESIAN_POINT('Ctrl Pts',(7.32113020348097,15.8938404787154,-48.5708701584108));
#4850=CARTESIAN_POINT('Ctrl Pts',(-7.32008118267835,15.8938404787154,-48.5697642123803));
#4851=CARTESIAN_POINT('Ctrl Pts',(-21.3119740875254,15.8938404787154,-44.2555634525952));
#4852=CARTESIAN_POINT('Ctrl Pts',(-33.409086785154,15.8938404787154,-36.0068949284626));
#4853=CARTESIAN_POINT('Ctrl Pts',(-42.5381261744036,15.8938404787154,-24.5596307313717));
#4854=CARTESIAN_POINT('Ctrl Pts',(-46.9952239872209,15.8938404787154,-13.201724933642));
#4855=CARTESIAN_POINT('Ctrl Pts',(-48.4351538599794,15.8938404787154,-3.62985348069065));
#4856=CARTESIAN_POINT('Ctrl Pts',(-48.439112781277,15.8938404787154,6.05005530192435));
#4857=CARTESIAN_POINT('Ctrl Pts',(-45.7215448583125,15.8938404787154,17.943519599488));
#4858=CARTESIAN_POINT('Ctrl Pts',(-37.1879696713921,15.8938404787154,32.7424562112228));
#4859=CARTESIAN_POINT('Ctrl Pts',(-21.7161703645352,15.8938404787154,45.0925468151885));
#4860=CARTESIAN_POINT('Ctrl Pts',(-7.23895804582615,15.8938404787154,48.3910326605958));
#4861=CARTESIAN_POINT('Ctrl Pts',(-2.07069835829771E-13,15.8938404787154,
48.3910326605958));
#4862=CARTESIAN_POINT('',(-9.32587340685131E-14,15.763509127841,46.3460580527728));
#4863=CARTESIAN_POINT('',(-1.49880108324396E-13,15.8938404787154,48.3910326605958));
#4864=CARTESIAN_POINT('Origin',(1.13242748511766E-13,239.266007942635,33.1283247923716));
#4865=CARTESIAN_POINT('',(0.000113298579916444,15.8938404787154,-48.3905058462213));
#4866=CARTESIAN_POINT('Ctrl Pts',(-1.46464349736844E-13,15.8938404787154,
48.3910326605958));
#4867=CARTESIAN_POINT('Ctrl Pts',(7.23895804582476,15.8938404787154,48.3910326605958));
#4868=CARTESIAN_POINT('Ctrl Pts',(21.7149980005974,15.8938404787154,45.0929366406865));
#4869=CARTESIAN_POINT('Ctrl Pts',(37.1872441184007,15.8938404787154,32.7432935367423));
#4870=CARTESIAN_POINT('Ctrl Pts',(45.7220067413399,15.8938404787154,17.9446215788313));
#4871=CARTESIAN_POINT('Ctrl Pts',(48.9816752612177,15.8938404787154,3.6718108842048));
#4872=CARTESIAN_POINT('Ctrl Pts',(47.8879099318912,15.8938404787154,-10.9297849848807));
#4873=CARTESIAN_POINT('Ctrl Pts',(42.5386753563858,15.8938404787154,-24.5588957063313));
#4874=CARTESIAN_POINT('Ctrl Pts',(33.4095505579465,15.8938404787154,-36.006291824691));
#4875=CARTESIAN_POINT('Ctrl Pts',(21.3124283481106,15.8938404787154,-44.2541273929768));
#4876=CARTESIAN_POINT('Ctrl Pts',(9.65288476343083,15.8938404787154,-47.8514526659536));
#4877=CARTESIAN_POINT('Ctrl Pts',(2.41338081032489,15.8938404787154,-48.3906109485361));
#4878=CARTESIAN_POINT('Ctrl Pts',(0.000113298579918625,15.8938404787154,
-48.3905058462213));
#4879=CARTESIAN_POINT('Ctrl Pts',(0.000113298579918625,15.8938404787154,
-48.3905058462213));
#4880=CARTESIAN_POINT('Ctrl Pts',(-2.4128883325093,15.8938404787154,-48.390400755486));
#4881=CARTESIAN_POINT('Ctrl Pts',(-9.65219180310218,15.8938404787154,-47.850691140641));
#4882=CARTESIAN_POINT('Ctrl Pts',(-21.3119740875254,15.8938404787154,-44.2555634525952));
#4883=CARTESIAN_POINT('Ctrl Pts',(-33.409086785154,15.8938404787154,-36.0068949284626));
#4884=CARTESIAN_POINT('Ctrl Pts',(-42.5381261744036,15.8938404787154,-24.5596307313717));
#4885=CARTESIAN_POINT('Ctrl Pts',(-46.9952239872209,15.8938404787154,-13.201724933642));
#4886=CARTESIAN_POINT('Ctrl Pts',(-48.4351538599794,15.8938404787154,-3.62985348069065));
#4887=CARTESIAN_POINT('Ctrl Pts',(-48.439112781277,15.8938404787154,6.05005530192435));
#4888=CARTESIAN_POINT('Ctrl Pts',(-45.7215448583125,15.8938404787154,17.943519599488));
#4889=CARTESIAN_POINT('Ctrl Pts',(-37.1879696713921,15.8938404787154,32.7424562112228));
#4890=CARTESIAN_POINT('Ctrl Pts',(-21.7161703645352,15.8938404787154,45.0925468151885));
#4891=CARTESIAN_POINT('Ctrl Pts',(-7.23895804582615,15.8938404787154,48.3910326605958));
#4892=CARTESIAN_POINT('Ctrl Pts',(-2.07069835829771E-13,15.8938404787154,
48.3910326605958));
#4893=CARTESIAN_POINT('Ctrl Pts',(-1.84297022087776E-13,15.763509127841,
46.3460580527727));
#4894=CARTESIAN_POINT('Ctrl Pts',(-6.93304423128355,15.763509127841,46.3460580527727));
#4895=CARTESIAN_POINT('Ctrl Pts',(-20.7984586619128,15.763509127841,43.1869641448228));
#4896=CARTESIAN_POINT('Ctrl Pts',(-35.6164294600499,15.763509127841,31.3587806029892));
#4897=CARTESIAN_POINT('Ctrl Pts',(-43.7893811262122,15.763509127841,17.1852377456309));
#4898=CARTESIAN_POINT('Ctrl Pts',(-46.3921063377907,15.763509127841,5.79438376965655));
#4899=CARTESIAN_POINT('Ctrl Pts',(-46.3883147180176,15.763509127841,-3.47645815535858));
#4900=CARTESIAN_POINT('Ctrl Pts',(-45.0092353761311,15.763509127841,-12.6438283403181));
#4901=CARTESIAN_POINT('Ctrl Pts',(-40.7404917138796,15.763509127841,-23.5217561818572));
#4902=CARTESIAN_POINT('Ctrl Pts',(-31.9972397881001,15.763509127841,-34.485266192996));
#4903=CARTESIAN_POINT('Ctrl Pts',(-20.4113434653757,15.763509127841,-42.3853511727661));
#4904=CARTESIAN_POINT('Ctrl Pts',(-7.0107391553905,15.763509127841,-46.5172365215805));
#4905=CARTESIAN_POINT('Ctrl Pts',(7.01174384523374,15.763509127841,-46.5182957310273));
#4906=CARTESIAN_POINT('Ctrl Pts',(20.4117785291944,15.763509127841,-42.3839758001241));
#4907=CARTESIAN_POINT('Ctrl Pts',(31.9976839621462,15.763509127841,-34.4846885760106));
#4908=CARTESIAN_POINT('Ctrl Pts',(40.7410176877765,15.763509127841,-23.5210522185125));
#4909=CARTESIAN_POINT('Ctrl Pts',(45.8641969741767,15.763509127841,-10.4678991450019));
#4910=CARTESIAN_POINT('Ctrl Pts',(46.9117404685389,15.763509127841,3.51664246538661));
#4911=CARTESIAN_POINT('Ctrl Pts',(43.7898234903532,15.763509127841,17.1862931560203));
#4912=CARTESIAN_POINT('Ctrl Pts',(35.6157345684718,15.763509127841,31.3595825436588));
#4913=CARTESIAN_POINT('Ctrl Pts',(20.7973358413373,15.763509127841,43.1873374965403));
#4914=CARTESIAN_POINT('Ctrl Pts',(6.93304423128326,15.763509127841,46.3460580527727));
#4915=CARTESIAN_POINT('Ctrl Pts',(-1.22124532708767E-13,15.763509127841,
46.3460580527726));
#4916=CARTESIAN_POINT('Ctrl Pts',(5.55111512312578E-15,14.2801739456174,
44.608006842041));
#4917=CARTESIAN_POINT('Ctrl Pts',(44.608006842041,14.2801739456174,44.608006842041));
#4918=CARTESIAN_POINT('Ctrl Pts',(44.608006842041,14.2801739456174,-1.11022302462516E-15));
#4919=CARTESIAN_POINT('Ctrl Pts',(44.608006842041,14.2801739456174,-44.608006842041));
#4920=CARTESIAN_POINT('Ctrl Pts',(-1.11022302462516E-15,14.2801739456174,
-44.608006842041));
#4921=CARTESIAN_POINT('Ctrl Pts',(-44.608006842041,14.2801739456174,-44.608006842041));
#4922=CARTESIAN_POINT('Ctrl Pts',(-44.608006842041,14.2801739456174,5.55111512312578E-15));
#4923=CARTESIAN_POINT('Ctrl Pts',(-44.608006842041,14.2801739456174,44.608006842041));
#4924=CARTESIAN_POINT('Ctrl Pts',(5.55111512312578E-15,14.2801739456174,
44.608006842041));
#4925=CARTESIAN_POINT('Ctrl Pts',(4.44089209850063E-15,14.3685266285808,
44.5363928479218));
#4926=CARTESIAN_POINT('Ctrl Pts',(44.5363928479218,14.3685266285808,44.5363928479218));
#4927=CARTESIAN_POINT('Ctrl Pts',(44.5363928479218,14.3685266285808,0.));
#4928=CARTESIAN_POINT('Ctrl Pts',(44.5363928479218,14.3685266285808,-44.5363928479218));
#4929=CARTESIAN_POINT('Ctrl Pts',(0.,14.3685266285808,-44.5363928479218));
#4930=CARTESIAN_POINT('Ctrl Pts',(-44.5363928479218,14.3685266285808,-44.5363928479218));
#4931=CARTESIAN_POINT('Ctrl Pts',(-44.5363928479218,14.3685266285808,4.44089209850063E-15));
#4932=CARTESIAN_POINT('Ctrl Pts',(-44.5363928479218,14.3685266285808,44.5363928479218));
#4933=CARTESIAN_POINT('Ctrl Pts',(4.44089209850063E-15,14.3685266285808,
44.5363928479218));
#4934=CARTESIAN_POINT('Ctrl Pts',(5.55111512312578E-15,14.5795465612499,
44.3809597017836));
#4935=CARTESIAN_POINT('Ctrl Pts',(44.3809597017836,14.5795465612499,44.3809597017836));
#4936=CARTESIAN_POINT('Ctrl Pts',(44.3809597017836,14.5795465612499,-1.11022302462516E-15));
#4937=CARTESIAN_POINT('Ctrl Pts',(44.3809597017836,14.5795465612499,-44.3809597017836));
#4938=CARTESIAN_POINT('Ctrl Pts',(-1.11022302462516E-15,14.5795465612499,
-44.3809597017836));
#4939=CARTESIAN_POINT('Ctrl Pts',(-44.3809597017836,14.5795465612499,-44.3809597017836));
#4940=CARTESIAN_POINT('Ctrl Pts',(-44.3809597017836,14.5795465612499,5.55111512312578E-15));
#4941=CARTESIAN_POINT('Ctrl Pts',(-44.3809597017836,14.5795465612499,44.3809597017836));
#4942=CARTESIAN_POINT('Ctrl Pts',(5.55111512312578E-15,14.5795465612499,
44.3809597017836));
#4943=CARTESIAN_POINT('Ctrl Pts',(3.33066907387547E-15,14.8912997418423,
44.222317541955));
#4944=CARTESIAN_POINT('Ctrl Pts',(44.222317541955,14.8912997418423,44.222317541955));
#4945=CARTESIAN_POINT('Ctrl Pts',(44.222317541955,14.8912997418423,1.11022302462516E-15));
#4946=CARTESIAN_POINT('Ctrl Pts',(44.222317541955,14.8912997418423,-44.222317541955));
#4947=CARTESIAN_POINT('Ctrl Pts',(1.11022302462516E-15,14.8912997418423,
-44.222317541955));
#4948=CARTESIAN_POINT('Ctrl Pts',(-44.222317541955,14.8912997418423,-44.222317541955));
#4949=CARTESIAN_POINT('Ctrl Pts',(-44.222317541955,14.8912997418423,3.33066907387547E-15));
#4950=CARTESIAN_POINT('Ctrl Pts',(-44.222317541955,14.8912997418423,44.222317541955));
#4951=CARTESIAN_POINT('Ctrl Pts',(3.33066907387547E-15,14.8912997418423,
44.222317541955));
#4952=CARTESIAN_POINT('Ctrl Pts',(2.22044604925031E-15,15.2519386196725,
44.2513048230538));
#4953=CARTESIAN_POINT('Ctrl Pts',(44.2513048230538,15.2519386196725,44.2513048230538));
#4954=CARTESIAN_POINT('Ctrl Pts',(44.2513048230538,15.2519386196725,2.22044604925031E-15));
#4955=CARTESIAN_POINT('Ctrl Pts',(44.2513048230538,15.2519386196725,-44.2513048230538));
#4956=CARTESIAN_POINT('Ctrl Pts',(2.22044604925031E-15,15.2519386196725,
-44.2513048230538));
#4957=CARTESIAN_POINT('Ctrl Pts',(-44.2513048230538,15.2519386196725,-44.2513048230538));
#4958=CARTESIAN_POINT('Ctrl Pts',(-44.2513048230538,15.2519386196725,2.22044604925031E-15));
#4959=CARTESIAN_POINT('Ctrl Pts',(-44.2513048230538,15.2519386196725,44.2513048230538));
#4960=CARTESIAN_POINT('Ctrl Pts',(2.22044604925031E-15,15.2519386196725,
44.2513048230538));
#4961=CARTESIAN_POINT('Ctrl Pts',(1.11022302462516E-15,15.5804037960404,
44.7672101943735));
#4962=CARTESIAN_POINT('Ctrl Pts',(44.7672101943735,15.5804037960404,44.7672101943735));
#4963=CARTESIAN_POINT('Ctrl Pts',(44.7672101943735,15.5804037960404,3.33066907387547E-15));
#4964=CARTESIAN_POINT('Ctrl Pts',(44.7672101943735,15.5804037960404,-44.7672101943735));
#4965=CARTESIAN_POINT('Ctrl Pts',(3.33066907387547E-15,15.5804037960404,
-44.7672101943735));
#4966=CARTESIAN_POINT('Ctrl Pts',(-44.7672101943735,15.5804037960404,-44.7672101943735));
#4967=CARTESIAN_POINT('Ctrl Pts',(-44.7672101943735,15.5804037960404,1.11022302462516E-15));
#4968=CARTESIAN_POINT('Ctrl Pts',(-44.7672101943735,15.5804037960404,44.7672101943735));
#4969=CARTESIAN_POINT('Ctrl Pts',(1.11022302462516E-15,15.5804037960404,
44.7672101943735));
#4970=CARTESIAN_POINT('Ctrl Pts',(1.11022302462516E-15,15.7376080487994,
45.6608437712136));
#4971=CARTESIAN_POINT('Ctrl Pts',(45.6608437712136,15.7376080487994,45.6608437712136));
#4972=CARTESIAN_POINT('Ctrl Pts',(45.6608437712136,15.7376080487994,3.33066907387547E-15));
#4973=CARTESIAN_POINT('Ctrl Pts',(45.6608437712136,15.7376080487994,-45.6608437712136));
#4974=CARTESIAN_POINT('Ctrl Pts',(3.33066907387547E-15,15.7376080487994,
-45.6608437712136));
#4975=CARTESIAN_POINT('Ctrl Pts',(-45.6608437712136,15.7376080487994,-45.6608437712136));
#4976=CARTESIAN_POINT('Ctrl Pts',(-45.6608437712136,15.7376080487994,1.11022302462516E-15));
#4977=CARTESIAN_POINT('Ctrl Pts',(-45.6608437712136,15.7376080487994,45.6608437712136));
#4978=CARTESIAN_POINT('Ctrl Pts',(1.11022302462516E-15,15.7376080487994,
45.6608437712136));
#4979=CARTESIAN_POINT('Ctrl Pts',(0.,15.7887064463088,46.5775869456338));
#4980=CARTESIAN_POINT('Ctrl Pts',(46.5775869456338,15.7887064463088,46.5775869456338));
#4981=CARTESIAN_POINT('Ctrl Pts',(46.5775869456338,15.7887064463088,4.44089209850063E-15));
#4982=CARTESIAN_POINT('Ctrl Pts',(46.5775869456338,15.7887064463088,-46.5775869456337));
#4983=CARTESIAN_POINT('Ctrl Pts',(4.44089209850063E-15,15.7887064463088,
-46.5775869456338));
#4984=CARTESIAN_POINT('Ctrl Pts',(-46.5775869456338,15.7887064463088,-46.5775869456338));
#4985=CARTESIAN_POINT('Ctrl Pts',(-46.5775869456338,15.7887064463088,0.));
#4986=CARTESIAN_POINT('Ctrl Pts',(-46.5775869456338,15.7887064463088,46.5775869456338));
#4987=CARTESIAN_POINT('Ctrl Pts',(0.,15.7887064463088,46.5775869456338));
#4988=CARTESIAN_POINT('Ctrl Pts',(0.,15.7935135984197,47.2967089820882));
#4989=CARTESIAN_POINT('Ctrl Pts',(47.2967089820882,15.7935135984197,47.2967089820882));
#4990=CARTESIAN_POINT('Ctrl Pts',(47.2967089820882,15.7935135984197,4.44089209850063E-15));
#4991=CARTESIAN_POINT('Ctrl Pts',(47.2967089820882,15.7935135984198,-47.2967089820882));
#4992=CARTESIAN_POINT('Ctrl Pts',(4.44089209850063E-15,15.7935135984197,
-47.2967089820882));
#4993=CARTESIAN_POINT('Ctrl Pts',(-47.2967089820882,15.7935135984197,-47.2967089820882));
#4994=CARTESIAN_POINT('Ctrl Pts',(-47.2967089820882,15.7935135984197,0.));
#4995=CARTESIAN_POINT('Ctrl Pts',(-47.2967089820882,15.7935135984197,47.2967089820882));
#4996=CARTESIAN_POINT('Ctrl Pts',(0.,15.7935135984197,47.2967089820882));
#4997=CARTESIAN_POINT('Ctrl Pts',(0.,15.7886053844439,47.68325));
#4998=CARTESIAN_POINT('Ctrl Pts',(47.68325,15.7886053844439,47.68325));
#4999=CARTESIAN_POINT('Ctrl Pts',(47.68325,15.7886053844439,4.44089209850063E-15));
#5000=CARTESIAN_POINT('Ctrl Pts',(47.68325,15.7886053844439,-47.68325));
#5001=CARTESIAN_POINT('Ctrl Pts',(4.44089209850063E-15,15.7886053844439,
-47.68325));
#5002=CARTESIAN_POINT('Ctrl Pts',(-47.68325,15.7886053844439,-47.68325));
#5003=CARTESIAN_POINT('Ctrl Pts',(-47.68325,15.7886053844439,0.));
#5004=CARTESIAN_POINT('Ctrl Pts',(-47.68325,15.7886053844439,47.68325));
#5005=CARTESIAN_POINT('Ctrl Pts',(0.,15.7886053844439,47.68325));
#5006=CARTESIAN_POINT('',(4.44089209850063E-15,14.2801739456174,44.608006842041));
#5007=CARTESIAN_POINT('Ctrl Pts',(3.97461255812194E-15,14.2801739456174,
44.608006842041));
#5008=CARTESIAN_POINT('Ctrl Pts',(3.86771800241937E-15,14.3685266285808,
44.5363928479218));
#5009=CARTESIAN_POINT('Ctrl Pts',(3.5679527243847E-15,14.5795465612499,
44.3809597017836));
#5010=CARTESIAN_POINT('Ctrl Pts',(2.97075409605655E-15,14.8912997418423,
44.222317541955));
#5011=CARTESIAN_POINT('Ctrl Pts',(2.15151086280337E-15,15.2519386196725,
44.2513048230538));
#5012=CARTESIAN_POINT('Ctrl Pts',(1.28256414437229E-15,15.5260402913324,
44.6818239004816));
#5013=CARTESIAN_POINT('Ctrl Pts',(1.14366389742381E-15,15.6719708609768,
45.3311225138787));
#5014=CARTESIAN_POINT('Ctrl Pts',(6.66644376696218E-16,15.7355904530167,
45.9157033538542));
#5015=CARTESIAN_POINT('Ctrl Pts',(4.19223543000527E-16,15.7595055231512,
46.2783599357959));
#5016=CARTESIAN_POINT('Ctrl Pts',(3.75291084901486E-16,15.763509127841,
46.3460580527732));
#5017=CARTESIAN_POINT('Origin',(2.22044604925031E-15,14.2801739456174,2.22044604925031E-15));
#5018=CARTESIAN_POINT('Origin',(2.22044604925031E-15,11.3923365478323,1.66533453693773E-15));
#5019=CARTESIAN_POINT('Origin',(-1.7066090437958E-14,11.3923365478323,-48.6986141298754));
#5020=CARTESIAN_POINT('Origin',(0.,2.911,-7.21644966006352E-15));
#5021=CARTESIAN_POINT('',(7.7715611723761E-15,2.91099999999999,55.3880271686804));
#5022=CARTESIAN_POINT('Origin',(1.11022302462516E-15,2.911,5.55111512312578E-16));
#5023=CARTESIAN_POINT('',(-5.55111512312578E-15,2.91099999999999,51.7513019099743));
#5024=CARTESIAN_POINT('Origin',(1.11022302462516E-15,2.911,1.11022302462516E-15));
#5025=CARTESIAN_POINT('Origin',(1.11022302462516E-15,6.57768968009984,1.66533453693773E-15));
#5026=CARTESIAN_POINT('',(-5.30301064278683E-15,5.11635008359494,52.3680270252381));
#5027=CARTESIAN_POINT('Origin',(1.11022302462516E-15,5.11635008359495,1.66533453693773E-15));
#5028=CARTESIAN_POINT('',(-5.30301064278683E-15,8.03902927660472,52.3680270252381));
#5029=CARTESIAN_POINT('',(-5.30301064278683E-15,6.57768968009983,52.3680270252381));
#5030=CARTESIAN_POINT('Origin',(1.11022302462516E-15,8.03902927660472,1.66533453693773E-15));
#5031=CARTESIAN_POINT('Origin',(1.11022302462516E-15,8.77079135120062,2.22044604925031E-15));
#5032=CARTESIAN_POINT('',(-5.27436364916392E-15,9.50255342579651,52.1341065704354));
#5033=CARTESIAN_POINT('',(-5.28868714597538E-15,8.77079135120061,52.2510667978367));
#5034=CARTESIAN_POINT('Origin',(1.11022302462516E-15,9.50255342579651,2.22044604925031E-15));
#5035=CARTESIAN_POINT('Origin',(1.11022302462516E-15,10.2488066604116,2.22044604925031E-15));
#5036=CARTESIAN_POINT('',(-5.30301064278683E-15,10.9950598950267,52.3680270252381));
#5037=CARTESIAN_POINT('',(-5.28868714597538E-15,10.2488066604116,52.2510667978367));
#5038=CARTESIAN_POINT('Origin',(1.11022302462516E-15,10.9950598950267,2.22044604925031E-15));
#5039=CARTESIAN_POINT('Origin',(1.11022302462516E-15,11.5472241048829,2.77555756156289E-15));
#5040=CARTESIAN_POINT('',(-5.27436364916392E-15,12.099388314739,52.1341065704354));
#5041=CARTESIAN_POINT('',(-5.28868714597538E-15,11.5472241048829,52.2510667978367));
#5042=CARTESIAN_POINT('Origin',(1.11022302462516E-15,12.099388314739,2.77555756156289E-15));
#5043=CARTESIAN_POINT('Origin',(1.11022302462516E-15,12.7184815197293,2.77555756156289E-15));
#5044=CARTESIAN_POINT('',(-5.28868714597538E-15,12.7184815197293,52.2510667978367));
#5045=CARTESIAN_POINT('Origin',(1.11022302462516E-15,4.46779122175284,1.11022302462516E-15));
#5046=CARTESIAN_POINT('',(-5.22748359895067E-15,3.81923235991073,51.7513019099743));
#5047=CARTESIAN_POINT('Origin',(1.11022302462516E-15,3.81923235991074,1.11022302462516E-15));
#5048=CARTESIAN_POINT('',(-5.26524712086875E-15,4.46779122175284,52.0596644676062));
#5049=CARTESIAN_POINT('Origin',(1.11022302462516E-15,3.33483144589513,1.11022302462516E-15));
#5050=CARTESIAN_POINT('',(-5.22748359895068E-15,3.33483144589512,51.7513019099743));
#5051=CARTESIAN_POINT('Origin',(0.,0.,-7.7715611723761E-15));
#5052=CARTESIAN_POINT('',(-5.55111512312578E-15,-8.88178419700125E-15,54.8020825549287));
#5053=CARTESIAN_POINT('Origin',(1.11022302462516E-15,0.,0.));
#5054=CARTESIAN_POINT('',(49.68325,0.,2.77555756156289E-15));
#5055=CARTESIAN_POINT('Origin',(0.,0.,-3.33066907387547E-15));
#5056=CARTESIAN_POINT('Origin',(0.,1.,-3.33066907387547E-15));
#5057=CARTESIAN_POINT('',(48.68325,1.,2.63130955458357E-15));
#5058=CARTESIAN_POINT('Origin',(1.11022302462516E-15,2.06634964536111,5.55111512312578E-16));
#5059=CARTESIAN_POINT('',(-5.67285399369595E-15,1.20634931114668,55.3880271686804));
#5060=CARTESIAN_POINT('',(-5.67285399369595E-15,2.0663496453611,55.3880271686804));
#5061=CARTESIAN_POINT('Origin',(1.11022302462516E-15,1.20634931114669,0.));
#5062=CARTESIAN_POINT('Origin',(1.11022302462516E-15,0.506349326792911,
0.));
#5063=CARTESIAN_POINT('',(-5.63121575333493E-15,0.506349326792902,55.0480251338896));
#5064=CARTESIAN_POINT('Ctrl Pts',(0.,14.0774417108581,44.7843920700966));
#5065=CARTESIAN_POINT('Ctrl Pts',(44.7843920700966,14.0774417108581,44.7843920700966));
#5066=CARTESIAN_POINT('Ctrl Pts',(44.7843920700966,14.0774417108581,4.44089209850063E-15));
#5067=CARTESIAN_POINT('Ctrl Pts',(44.7843920700966,14.0774417108581,-44.7843920700966));
#5068=CARTESIAN_POINT('Ctrl Pts',(4.44089209850063E-15,14.0774417108581,
-44.7843920700966));
#5069=CARTESIAN_POINT('Ctrl Pts',(-44.7843920700966,14.0774417108581,-44.7843920700966));
#5070=CARTESIAN_POINT('Ctrl Pts',(-44.7843920700966,14.0774417108581,0.));
#5071=CARTESIAN_POINT('Ctrl Pts',(-44.7843920700966,14.0774417108581,44.7843920700966));
#5072=CARTESIAN_POINT('Ctrl Pts',(0.,14.0774417108581,44.7843920700966));
#5073=CARTESIAN_POINT('Ctrl Pts',(0.,14.1465511462987,44.7281680005193));
#5074=CARTESIAN_POINT('Ctrl Pts',(44.7281680005193,14.1465511462987,44.7281680005193));
#5075=CARTESIAN_POINT('Ctrl Pts',(44.7281680005193,14.1465511462987,4.44089209850063E-15));
#5076=CARTESIAN_POINT('Ctrl Pts',(44.7281680005193,14.1465511462987,-44.7281680005193));
#5077=CARTESIAN_POINT('Ctrl Pts',(4.44089209850063E-15,14.1465511462987,
-44.7281680005193));
#5078=CARTESIAN_POINT('Ctrl Pts',(-44.7281680005193,14.1465511462987,-44.7281680005193));
#5079=CARTESIAN_POINT('Ctrl Pts',(-44.7281680005193,14.1465511462987,0.));
#5080=CARTESIAN_POINT('Ctrl Pts',(-44.7281680005193,14.1465511462987,44.7281680005193));
#5081=CARTESIAN_POINT('Ctrl Pts',(0.,14.1465511462987,44.7281680005193));
#5082=CARTESIAN_POINT('Ctrl Pts',(0.,14.2140956675809,44.6693587029252));
#5083=CARTESIAN_POINT('Ctrl Pts',(44.6693587029252,14.2140956675809,44.6693587029252));
#5084=CARTESIAN_POINT('Ctrl Pts',(44.6693587029252,14.2140956675809,4.44089209850063E-15));
#5085=CARTESIAN_POINT('Ctrl Pts',(44.6693587029252,14.2140956675809,-44.6693587029252));
#5086=CARTESIAN_POINT('Ctrl Pts',(4.44089209850063E-15,14.2140956675809,
-44.6693587029252));
#5087=CARTESIAN_POINT('Ctrl Pts',(-44.6693587029252,14.2140956675809,-44.6693587029252));
#5088=CARTESIAN_POINT('Ctrl Pts',(-44.6693587029252,14.2140956675809,0.));
#5089=CARTESIAN_POINT('Ctrl Pts',(-44.6693587029252,14.2140956675809,44.6693587029252));
#5090=CARTESIAN_POINT('Ctrl Pts',(0.,14.2140956675809,44.6693587029252));
#5091=CARTESIAN_POINT('Ctrl Pts',(0.,14.2801739456173,44.6080068420411));
#5092=CARTESIAN_POINT('Ctrl Pts',(44.6080068420411,14.2801739456173,44.6080068420411));
#5093=CARTESIAN_POINT('Ctrl Pts',(44.6080068420411,14.2801739456173,4.44089209850063E-15));
#5094=CARTESIAN_POINT('Ctrl Pts',(44.6080068420411,14.2801739456173,-44.6080068420411));
#5095=CARTESIAN_POINT('Ctrl Pts',(4.44089209850063E-15,14.2801739456173,
-44.6080068420411));
#5096=CARTESIAN_POINT('Ctrl Pts',(-44.6080068420411,14.2801739456173,-44.6080068420411));
#5097=CARTESIAN_POINT('Ctrl Pts',(-44.6080068420411,14.2801739456173,0.));
#5098=CARTESIAN_POINT('Ctrl Pts',(-44.6080068420411,14.2801739456173,44.6080068420411));
#5099=CARTESIAN_POINT('Ctrl Pts',(0.,14.2801739456173,44.6080068420411));
#5100=CARTESIAN_POINT('',(4.44089209850063E-15,14.077441710858,44.7843920700965));
#5101=CARTESIAN_POINT('Ctrl Pts',(0.,14.2801739456174,44.608006842041));
#5102=CARTESIAN_POINT('Ctrl Pts',(0.,14.2140956675809,44.6693587029251));
#5103=CARTESIAN_POINT('Ctrl Pts',(0.,14.1465511462987,44.7281680005193));
#5104=CARTESIAN_POINT('Ctrl Pts',(0.,14.0774417108581,44.7843920700966));
#5105=CARTESIAN_POINT('Origin',(2.22044604925031E-15,14.077441710858,2.22044604925031E-15));
#5106=CARTESIAN_POINT('Ctrl Pts',(0.,10.7195965683368,47.68325));
#5107=CARTESIAN_POINT('Ctrl Pts',(47.68325,10.7195965683368,47.68325));
#5108=CARTESIAN_POINT('Ctrl Pts',(47.68325,10.7195965683368,3.88578058618805E-15));
#5109=CARTESIAN_POINT('Ctrl Pts',(47.68325,10.7195965683368,-47.68325));
#5110=CARTESIAN_POINT('Ctrl Pts',(4.44089209850063E-15,10.7195965683368,
-47.68325));
#5111=CARTESIAN_POINT('Ctrl Pts',(-47.68325,10.7195965683368,-47.68325));
#5112=CARTESIAN_POINT('Ctrl Pts',(-47.68325,10.7195965683368,-5.55111512312578E-16));
#5113=CARTESIAN_POINT('Ctrl Pts',(-47.68325,10.7195965683368,47.68325));
#5114=CARTESIAN_POINT('Ctrl Pts',(0.,10.7195965683368,47.68325));
#5115=CARTESIAN_POINT('Ctrl Pts',(0.,10.8281054139273,47.68325));
#5116=CARTESIAN_POINT('Ctrl Pts',(47.68325,10.8281054139273,47.68325));
#5117=CARTESIAN_POINT('Ctrl Pts',(47.68325,10.8281054139273,3.88578058618805E-15));
#5118=CARTESIAN_POINT('Ctrl Pts',(47.68325,10.8281054139273,-47.68325));
#5119=CARTESIAN_POINT('Ctrl Pts',(4.44089209850063E-15,10.8281054139273,
-47.68325));
#5120=CARTESIAN_POINT('Ctrl Pts',(-47.68325,10.8281054139273,-47.68325));
#5121=CARTESIAN_POINT('Ctrl Pts',(-47.68325,10.8281054139273,-5.55111512312578E-16));
#5122=CARTESIAN_POINT('Ctrl Pts',(-47.68325,10.8281054139273,47.68325));
#5123=CARTESIAN_POINT('Ctrl Pts',(0.,10.8281054139273,47.68325));
#5124=CARTESIAN_POINT('Ctrl Pts',(1.11022302462516E-15,11.0531823332485,
47.6478622959061));
#5125=CARTESIAN_POINT('Ctrl Pts',(47.647862295906,11.0531823332485,47.647862295906));
#5126=CARTESIAN_POINT('Ctrl Pts',(47.6478622959061,11.0531823332486,2.77555756156289E-15));
#5127=CARTESIAN_POINT('Ctrl Pts',(47.647862295906,11.0531823332486,-47.647862295906));
#5128=CARTESIAN_POINT('Ctrl Pts',(3.33066907387547E-15,11.0531823332486,
-47.6478622959061));
#5129=CARTESIAN_POINT('Ctrl Pts',(-47.647862295906,11.0531823332486,-47.647862295906));
#5130=CARTESIAN_POINT('Ctrl Pts',(-47.6478622959061,11.0531823332485,5.55111512312578E-16));
#5131=CARTESIAN_POINT('Ctrl Pts',(-47.647862295906,11.0531823332485,47.647862295906));
#5132=CARTESIAN_POINT('Ctrl Pts',(1.11022302462516E-15,11.0531823332485,
47.6478622959061));
#5133=CARTESIAN_POINT('Ctrl Pts',(2.22044604925031E-15,11.4149789205076,
47.4886063608487));
#5134=CARTESIAN_POINT('Ctrl Pts',(47.4886063608487,11.4149789205076,47.4886063608487));
#5135=CARTESIAN_POINT('Ctrl Pts',(47.4886063608487,11.4149789205076,1.66533453693773E-15));
#5136=CARTESIAN_POINT('Ctrl Pts',(47.4886063608487,11.4149789205076,-47.4886063608487));
#5137=CARTESIAN_POINT('Ctrl Pts',(2.22044604925031E-15,11.4149789205076,
-47.4886063608487));
#5138=CARTESIAN_POINT('Ctrl Pts',(-47.4886063608487,11.4149789205076,-47.4886063608487));
#5139=CARTESIAN_POINT('Ctrl Pts',(-47.4886063608487,11.4149789205076,1.66533453693773E-15));
#5140=CARTESIAN_POINT('Ctrl Pts',(-47.4886063608487,11.4149789205076,47.4886063608487));
#5141=CARTESIAN_POINT('Ctrl Pts',(2.22044604925031E-15,11.4149789205076,
47.4886063608487));
#5142=CARTESIAN_POINT('Ctrl Pts',(3.33066907387547E-15,11.9422505368455,
47.0792159372168));
#5143=CARTESIAN_POINT('Ctrl Pts',(47.0792159372168,11.9422505368455,47.0792159372168));
#5144=CARTESIAN_POINT('Ctrl Pts',(47.0792159372168,11.9422505368455,5.55111512312578E-16));
#5145=CARTESIAN_POINT('Ctrl Pts',(47.0792159372168,11.9422505368455,-47.0792159372168));
#5146=CARTESIAN_POINT('Ctrl Pts',(1.11022302462516E-15,11.9422505368455,
-47.0792159372168));
#5147=CARTESIAN_POINT('Ctrl Pts',(-47.0792159372168,11.9422505368455,-47.0792159372168));
#5148=CARTESIAN_POINT('Ctrl Pts',(-47.0792159372168,11.9422505368455,2.77555756156289E-15));
#5149=CARTESIAN_POINT('Ctrl Pts',(-47.0792159372168,11.9422505368455,47.0792159372168));
#5150=CARTESIAN_POINT('Ctrl Pts',(3.33066907387547E-15,11.9422505368455,
47.0792159372168));
#5151=CARTESIAN_POINT('Ctrl Pts',(4.44089209850063E-15,12.654375814688,
46.332266250481));
#5152=CARTESIAN_POINT('Ctrl Pts',(46.332266250481,12.654375814688,46.332266250481));
#5153=CARTESIAN_POINT('Ctrl Pts',(46.332266250481,12.654375814688,-5.55111512312578E-16));
#5154=CARTESIAN_POINT('Ctrl Pts',(46.332266250481,12.654375814688,-46.332266250481));
#5155=CARTESIAN_POINT('Ctrl Pts',(0.,12.654375814688,-46.332266250481));
#5156=CARTESIAN_POINT('Ctrl Pts',(-46.332266250481,12.654375814688,-46.332266250481));
#5157=CARTESIAN_POINT('Ctrl Pts',(-46.332266250481,12.654375814688,3.88578058618805E-15));
#5158=CARTESIAN_POINT('Ctrl Pts',(-46.332266250481,12.654375814688,46.332266250481));
#5159=CARTESIAN_POINT('Ctrl Pts',(4.44089209850063E-15,12.654375814688,
46.332266250481));
#5160=CARTESIAN_POINT('Ctrl Pts',(4.44089209850063E-15,13.2399984501132,
45.6567580054492));
#5161=CARTESIAN_POINT('Ctrl Pts',(45.6567580054492,13.2399984501132,45.6567580054492));
#5162=CARTESIAN_POINT('Ctrl Pts',(45.6567580054492,13.2399984501132,-5.55111512312578E-16));
#5163=CARTESIAN_POINT('Ctrl Pts',(45.6567580054492,13.2399984501132,-45.6567580054492));
#5164=CARTESIAN_POINT('Ctrl Pts',(0.,13.2399984501132,-45.6567580054492));
#5165=CARTESIAN_POINT('Ctrl Pts',(-45.6567580054492,13.2399984501132,-45.6567580054492));
#5166=CARTESIAN_POINT('Ctrl Pts',(-45.6567580054492,13.2399984501132,3.88578058618805E-15));
#5167=CARTESIAN_POINT('Ctrl Pts',(-45.6567580054492,13.2399984501132,45.6567580054492));
#5168=CARTESIAN_POINT('Ctrl Pts',(4.44089209850063E-15,13.2399984501132,
45.6567580054492));
#5169=CARTESIAN_POINT('Ctrl Pts',(4.44089209850063E-15,13.669271760386,
45.1821935443961));
#5170=CARTESIAN_POINT('Ctrl Pts',(45.1821935443961,13.669271760386,45.1821935443961));
#5171=CARTESIAN_POINT('Ctrl Pts',(45.1821935443961,13.669271760386,0.));
#5172=CARTESIAN_POINT('Ctrl Pts',(45.1821935443961,13.669271760386,-45.1821935443961));
#5173=CARTESIAN_POINT('Ctrl Pts',(0.,13.669271760386,-45.1821935443961));
#5174=CARTESIAN_POINT('Ctrl Pts',(-45.1821935443961,13.669271760386,-45.1821935443961));
#5175=CARTESIAN_POINT('Ctrl Pts',(-45.1821935443961,13.669271760386,4.44089209850063E-15));
#5176=CARTESIAN_POINT('Ctrl Pts',(-45.1821935443961,13.669271760386,45.1821935443961));
#5177=CARTESIAN_POINT('Ctrl Pts',(4.44089209850063E-15,13.669271760386,
45.1821935443961));
#5178=CARTESIAN_POINT('Ctrl Pts',(4.44089209850063E-15,13.9438595306962,
44.9077410658082));
#5179=CARTESIAN_POINT('Ctrl Pts',(44.9077410658082,13.9438595306962,44.9077410658082));
#5180=CARTESIAN_POINT('Ctrl Pts',(44.9077410658082,13.9438595306962,0.));
#5181=CARTESIAN_POINT('Ctrl Pts',(44.9077410658082,13.9438595306962,-44.9077410658082));
#5182=CARTESIAN_POINT('Ctrl Pts',(0.,13.9438595306962,-44.9077410658082));
#5183=CARTESIAN_POINT('Ctrl Pts',(-44.9077410658082,13.9438595306962,-44.9077410658082));
#5184=CARTESIAN_POINT('Ctrl Pts',(-44.9077410658082,13.9438595306962,4.44089209850063E-15));
#5185=CARTESIAN_POINT('Ctrl Pts',(-44.9077410658082,13.9438595306962,44.9077410658082));
#5186=CARTESIAN_POINT('Ctrl Pts',(4.44089209850063E-15,13.9438595306962,
44.9077410658082));
#5187=CARTESIAN_POINT('Ctrl Pts',(4.44089209850063E-15,14.0773594636514,
44.7844680127152));
#5188=CARTESIAN_POINT('Ctrl Pts',(44.7844680127152,14.0773594636514,44.7844680127152));
#5189=CARTESIAN_POINT('Ctrl Pts',(44.7844680127152,14.0773594636514,0.));
#5190=CARTESIAN_POINT('Ctrl Pts',(44.7844680127152,14.0773594636514,-44.7844680127152));
#5191=CARTESIAN_POINT('Ctrl Pts',(0.,14.0773594636514,-44.7844680127152));
#5192=CARTESIAN_POINT('Ctrl Pts',(-44.7844680127152,14.0773594636514,-44.7844680127152));
#5193=CARTESIAN_POINT('Ctrl Pts',(-44.7844680127152,14.0773594636514,4.44089209850063E-15));
#5194=CARTESIAN_POINT('Ctrl Pts',(-44.7844680127152,14.0773594636514,44.7844680127152));
#5195=CARTESIAN_POINT('Ctrl Pts',(4.44089209850063E-15,14.0773594636514,
44.7844680127152));
#5196=CARTESIAN_POINT('Ctrl Pts',(4.44089209850063E-15,14.077441710858,
44.7843920700965));
#5197=CARTESIAN_POINT('Ctrl Pts',(44.7843920700965,14.077441710858,44.7843920700965));
#5198=CARTESIAN_POINT('Ctrl Pts',(44.7843920700965,14.077441710858,0.));
#5199=CARTESIAN_POINT('Ctrl Pts',(44.7843920700965,14.0774417108581,-44.7843920700965));
#5200=CARTESIAN_POINT('Ctrl Pts',(0.,14.0774417108581,-44.7843920700965));
#5201=CARTESIAN_POINT('Ctrl Pts',(-44.7843920700965,14.077441710858,-44.7843920700965));
#5202=CARTESIAN_POINT('Ctrl Pts',(-44.7843920700965,14.077441710858,4.44089209850063E-15));
#5203=CARTESIAN_POINT('Ctrl Pts',(-44.7843920700965,14.077441710858,44.7843920700965));
#5204=CARTESIAN_POINT('Ctrl Pts',(4.44089209850063E-15,14.077441710858,
44.7843920700965));
#5205=CARTESIAN_POINT('Ctrl Pts',(0.,10.7195965683368,47.68325));
#5206=CARTESIAN_POINT('Ctrl Pts',(0.,10.8281054139273,47.68325));
#5207=CARTESIAN_POINT('Ctrl Pts',(1.11022302462516E-15,11.0531823332485,
47.6478622959061));
#5208=CARTESIAN_POINT('Ctrl Pts',(2.22044604925031E-15,11.4149789205076,
47.4886063608487));
#5209=CARTESIAN_POINT('Ctrl Pts',(3.33066907387547E-15,11.9422505368455,
47.0792159372168));
#5210=CARTESIAN_POINT('Ctrl Pts',(4.44089209850063E-15,12.654375814688,
46.332266250481));
#5211=CARTESIAN_POINT('Ctrl Pts',(4.44089209850063E-15,13.2399984501132,
45.6567580054492));
#5212=CARTESIAN_POINT('Ctrl Pts',(4.44089209850063E-15,13.669271760386,
45.1821935443961));
#5213=CARTESIAN_POINT('Ctrl Pts',(4.29272543474519E-15,13.9438595306962,
44.9077410658082));
#5214=CARTESIAN_POINT('Ctrl Pts',(4.18156620515259E-15,14.0773594636514,
44.7844680127152));
#5215=CARTESIAN_POINT('Ctrl Pts',(4.1814977064245E-15,14.077441710858,44.7843920700965));
#5216=CARTESIAN_POINT('Ctrl Pts',(-7.25116324716345,5.98972136492898,45.5273724329491));
#5217=CARTESIAN_POINT('Ctrl Pts',(-12.0122213127431,5.93979013334293,44.769076765577));
#5218=CARTESIAN_POINT('Ctrl Pts',(-21.2931549316478,5.83992767017084,41.7458844474765));
#5219=CARTESIAN_POINT('Ctrl Pts',(-33.1388810802342,5.69013397541272,33.1388810802344));
#5220=CARTESIAN_POINT('Ctrl Pts',(-41.7458844474764,5.54034028065459,21.2931549316478));
#5221=CARTESIAN_POINT('Ctrl Pts',(-44.769076765577,5.4404778174825,12.0122213127431));
#5222=CARTESIAN_POINT('Ctrl Pts',(-45.5273724329491,5.39054658589646,7.25116324716329));
#5223=CARTESIAN_POINT('Ctrl Pts',(-7.33410883144231,6.29418626201564,46.0481570820342));
#5224=CARTESIAN_POINT('Ctrl Pts',(-12.1496283302534,6.2442550304296,45.2811873198937));
#5225=CARTESIAN_POINT('Ctrl Pts',(-21.5367259445658,6.14439256725751,42.223412901699));
#5226=CARTESIAN_POINT('Ctrl Pts',(-33.5179545833198,5.99459887249938,33.5179545833199));
#5227=CARTESIAN_POINT('Ctrl Pts',(-42.223412901699,5.84480517774125,21.5367259445659));
#5228=CARTESIAN_POINT('Ctrl Pts',(-45.2811873198937,5.74494271456917,12.1496283302533));
#5229=CARTESIAN_POINT('Ctrl Pts',(-46.0481570820342,5.69501148298312,7.33410883144215));
#5230=CARTESIAN_POINT('Ctrl Pts',(-7.41705441572117,6.5986511591023,46.5689417311192));
#5231=CARTESIAN_POINT('Ctrl Pts',(-12.2870353477636,6.54871992751626,45.7932978742105));
#5232=CARTESIAN_POINT('Ctrl Pts',(-21.7802969574839,6.44885746434417,42.7009413559217));
#5233=CARTESIAN_POINT('Ctrl Pts',(-33.8970280864054,6.29906376958605,33.8970280864055));
#5234=CARTESIAN_POINT('Ctrl Pts',(-42.7009413559217,6.14927007482791,21.7802969574839));
#5235=CARTESIAN_POINT('Ctrl Pts',(-45.7932978742105,6.04940761165583,12.2870353477635));
#5236=CARTESIAN_POINT('Ctrl Pts',(-46.5689417311192,5.99947638006979,7.41705441572101));
#5237=CARTESIAN_POINT('Ctrl Pts',(-7.50000000000003,6.90311605618897,47.0897263802042));
#5238=CARTESIAN_POINT('Ctrl Pts',(-12.4244423652738,6.85318482460292,46.3054084285272));
#5239=CARTESIAN_POINT('Ctrl Pts',(-22.0238679704019,6.75332236143083,43.1784698101443));
#5240=CARTESIAN_POINT('Ctrl Pts',(-34.276101589491,6.60352866667271,34.2761015894911));
#5241=CARTESIAN_POINT('Ctrl Pts',(-43.1784698101443,6.45373497191458,22.023867970402));
#5242=CARTESIAN_POINT('Ctrl Pts',(-46.3054084285272,6.35387250874249,12.4244423652738));
#5243=CARTESIAN_POINT('Ctrl Pts',(-47.0897263802042,6.30394127715645,7.49999999999986));
#5244=CARTESIAN_POINT('Origin',(-7.5,-6.66133814775094E-15,44.3244718238869));
#5245=CARTESIAN_POINT('Origin',(-47.0897263802042,-1.11022302462516E-15,
7.5));
#5246=CARTESIAN_POINT('Origin',(-44.3244718238869,2.22044604925031E-15,
-7.5));
#5247=CARTESIAN_POINT('Ctrl Pts',(-45.5273724329492,8.23972136492899,-7.25116324716322));
#5248=CARTESIAN_POINT('Ctrl Pts',(-44.769076765577,8.18979013334295,-12.012221312743));
#5249=CARTESIAN_POINT('Ctrl Pts',(-41.745867886305,8.08992767017087,-21.293148072064));
#5250=CARTESIAN_POINT('Ctrl Pts',(-33.1388806184711,7.94013397541274,-33.1388806184711));
#5251=CARTESIAN_POINT('Ctrl Pts',(-21.2931480720641,7.79034028065461,-41.7458678863049));
#5252=CARTESIAN_POINT('Ctrl Pts',(-12.0122213127431,7.69047781748252,-44.769076765577));
#5253=CARTESIAN_POINT('Ctrl Pts',(-7.25116324716336,7.64054658589647,-45.5273724329491));
#5254=CARTESIAN_POINT('Ctrl Pts',(-46.0481570820342,8.54418626201566,-7.33410883144207));
#5255=CARTESIAN_POINT('Ctrl Pts',(-45.2811873198938,8.49425503042961,-12.1496283302532));
#5256=CARTESIAN_POINT('Ctrl Pts',(-42.2233961510854,8.39439256725753,-21.5367190065157));
#5257=CARTESIAN_POINT('Ctrl Pts',(-33.5179541162746,8.2445988724994,-33.5179541162746));
#5258=CARTESIAN_POINT('Ctrl Pts',(-21.5367190065158,8.09480517774127,-42.2233961510854));
#5259=CARTESIAN_POINT('Ctrl Pts',(-12.1496283302533,7.99494271456918,-45.2811873198937));
#5260=CARTESIAN_POINT('Ctrl Pts',(-7.33410883144222,7.94501148298314,-46.0481570820342));
#5261=CARTESIAN_POINT('Ctrl Pts',(-46.5689417311192,8.84865115910232,-7.41705441572093));
#5262=CARTESIAN_POINT('Ctrl Pts',(-45.7932978742105,8.79871992751627,-12.2870353477634));
#5263=CARTESIAN_POINT('Ctrl Pts',(-42.7009244158659,8.69885746434419,-21.7802899409675));
#5264=CARTESIAN_POINT('Ctrl Pts',(-33.8970276140781,8.54906376958606,-33.8970276140781));
#5265=CARTESIAN_POINT('Ctrl Pts',(-21.7802899409676,8.39927007482793,-42.7009244158658));
#5266=CARTESIAN_POINT('Ctrl Pts',(-12.2870353477636,8.29940761165584,-45.7932978742105));
#5267=CARTESIAN_POINT('Ctrl Pts',(-7.41705441572108,8.2494763800698,-46.5689417311192));
#5268=CARTESIAN_POINT('Ctrl Pts',(-47.0897263802042,9.15311605618898,-7.49999999999979));
#5269=CARTESIAN_POINT('Ctrl Pts',(-46.3054084285272,9.10318482460294,-12.4244423652736));
#5270=CARTESIAN_POINT('Ctrl Pts',(-43.1784526806463,9.00332236143085,-22.0238608754192));
#5271=CARTESIAN_POINT('Ctrl Pts',(-34.2761011118816,8.85352866667272,-34.2761011118816));
#5272=CARTESIAN_POINT('Ctrl Pts',(-22.0238608754193,8.70373497191459,-43.1784526806463));
#5273=CARTESIAN_POINT('Ctrl Pts',(-12.4244423652738,8.6038725087425,-46.3054084285272));
#5274=CARTESIAN_POINT('Ctrl Pts',(-7.49999999999994,8.55394127715646,-47.0897263802042));
#5275=CARTESIAN_POINT('Origin',(-7.5,-6.66133814775094E-15,44.3244718238869));
#5276=CARTESIAN_POINT('Ctrl Pts',(-7.2511632471633,8.98972136492899,45.5273724329492));
#5277=CARTESIAN_POINT('Ctrl Pts',(-12.0122213127431,8.93979013334294,44.769076765577));
#5278=CARTESIAN_POINT('Ctrl Pts',(-21.293145830994,8.83992767017086,41.7458624916794));
#5279=CARTESIAN_POINT('Ctrl Pts',(-33.1388804331893,8.69013397541273,33.1388804331894));
#5280=CARTESIAN_POINT('Ctrl Pts',(-41.7458624916793,8.5403402806546,21.2931458309941));
#5281=CARTESIAN_POINT('Ctrl Pts',(-44.769076765577,8.44047781748252,12.0122213127432));
#5282=CARTESIAN_POINT('Ctrl Pts',(-45.5273724329491,8.39054658589647,7.25116324716344));
#5283=CARTESIAN_POINT('Ctrl Pts',(-7.33410883144216,9.29418626201565,46.0481570820342));
#5284=CARTESIAN_POINT('Ctrl Pts',(-12.1496283302533,9.24425503042961,45.2811873198938));
#5285=CARTESIAN_POINT('Ctrl Pts',(-21.5367167398102,9.14439256725751,42.2233906947511));
#5286=CARTESIAN_POINT('Ctrl Pts',(-33.5179539288734,8.99459887249939,33.5179539288735));
#5287=CARTESIAN_POINT('Ctrl Pts',(-42.223390694751,8.84480517774126,21.5367167398104));
#5288=CARTESIAN_POINT('Ctrl Pts',(-45.2811873198937,8.74494271456918,12.1496283302534));
#5289=CARTESIAN_POINT('Ctrl Pts',(-46.0481570820342,8.69501148298313,7.3341088314423));
#5290=CARTESIAN_POINT('Ctrl Pts',(-7.41705441572102,9.59865115910231,46.5689417311192));
#5291=CARTESIAN_POINT('Ctrl Pts',(-12.2870353477635,9.54871992751626,45.7932978742105));
#5292=CARTESIAN_POINT('Ctrl Pts',(-21.7802876486265,9.44885746434418,42.7009188978227));
#5293=CARTESIAN_POINT('Ctrl Pts',(-33.8970274245575,9.29906376958605,33.8970274245576));
#5294=CARTESIAN_POINT('Ctrl Pts',(-42.7009188978227,9.14927007482792,21.7802876486266));
#5295=CARTESIAN_POINT('Ctrl Pts',(-45.7932978742105,9.04940761165584,12.2870353477636));
#5296=CARTESIAN_POINT('Ctrl Pts',(-46.5689417311192,8.99947638006979,7.41705441572116));
#5297=CARTESIAN_POINT('Ctrl Pts',(-7.49999999999988,9.90311605618897,47.0897263802042));
#5298=CARTESIAN_POINT('Ctrl Pts',(-12.4244423652737,9.85318482460293,46.3054084285272));
#5299=CARTESIAN_POINT('Ctrl Pts',(-22.0238585574428,9.75332236143084,43.1784471008944));
#5300=CARTESIAN_POINT('Ctrl Pts',(-34.2761009202416,9.60352866667271,34.2761009202417));
#5301=CARTESIAN_POINT('Ctrl Pts',(-43.1784471008943,9.45373497191458,22.0238585574429));
#5302=CARTESIAN_POINT('Ctrl Pts',(-46.3054084285272,9.3538725087425,12.4244423652739));
#5303=CARTESIAN_POINT('Ctrl Pts',(-47.0897263802042,9.30394127715645,7.50000000000002));
#5304=CARTESIAN_POINT('Origin',(7.5,7.7715611723761E-15,-44.3244718238869));
#5305=CARTESIAN_POINT('Ctrl Pts',(7.25116324716329,7.489721364929,-45.5273724329492));
#5306=CARTESIAN_POINT('Ctrl Pts',(12.012221312743,7.43979013334296,-44.769076765577));
#5307=CARTESIAN_POINT('Ctrl Pts',(21.2931503355754,7.33992767017087,-41.7458733430206));
#5308=CARTESIAN_POINT('Ctrl Pts',(33.1388807884945,7.19013397541274,-33.1388807884947));
#5309=CARTESIAN_POINT('Ctrl Pts',(41.7458733430205,7.0403402806546,-21.2931503355755));
#5310=CARTESIAN_POINT('Ctrl Pts',(44.769076765577,6.94047781748251,-12.0122213127431));
#5311=CARTESIAN_POINT('Ctrl Pts',(45.5273724329491,6.89054658589647,-7.25116324716345));
#5312=CARTESIAN_POINT('Ctrl Pts',(7.33410883144215,7.79418626201566,-46.0481570820342));
#5313=CARTESIAN_POINT('Ctrl Pts',(12.1496283302532,7.74425503042962,-45.2811873198938));
#5314=CARTESIAN_POINT('Ctrl Pts',(21.5367212959192,7.64439256725753,-42.22340167022));
#5315=CARTESIAN_POINT('Ctrl Pts',(33.5179542882429,7.4945988724994,-33.517954288243));
#5316=CARTESIAN_POINT('Ctrl Pts',(42.2234016702199,7.34480517774126,-21.5367212959194));
#5317=CARTESIAN_POINT('Ctrl Pts',(45.2811873198937,7.24494271456917,-12.1496283302534));
#5318=CARTESIAN_POINT('Ctrl Pts',(46.0481570820341,7.19501148298313,-7.33410883144231));
#5319=CARTESIAN_POINT('Ctrl Pts',(7.41705441572101,8.09865115910233,-46.5689417311192));
#5320=CARTESIAN_POINT('Ctrl Pts',(12.2870353477634,8.04871992751628,-45.7932978742105));
#5321=CARTESIAN_POINT('Ctrl Pts',(21.7802922562631,7.9488574643442,-42.7009299974195));
#5322=CARTESIAN_POINT('Ctrl Pts',(33.8970277879913,7.79906376958606,-33.8970277879914));
#5323=CARTESIAN_POINT('Ctrl Pts',(42.7009299974194,7.64927007482792,-21.7802922562633));
#5324=CARTESIAN_POINT('Ctrl Pts',(45.7932978742104,7.54940761165583,-12.2870353477636));
#5325=CARTESIAN_POINT('Ctrl Pts',(46.5689417311192,7.49947638006979,-7.41705441572117));
#5326=CARTESIAN_POINT('Ctrl Pts',(7.49999999999987,8.40311605618899,-47.0897263802042));
#5327=CARTESIAN_POINT('Ctrl Pts',(12.4244423652736,8.35318482460294,-46.3054084285272));
#5328=CARTESIAN_POINT('Ctrl Pts',(22.023863216607,8.25332236143085,-43.1784583246189));
#5329=CARTESIAN_POINT('Ctrl Pts',(34.2761012877397,8.10352866667272,-34.2761012877398));
#5330=CARTESIAN_POINT('Ctrl Pts',(43.1784583246189,7.95373497191459,-22.0238632166072));
#5331=CARTESIAN_POINT('Ctrl Pts',(46.3054084285272,7.8538725087425,-12.4244423652738));
#5332=CARTESIAN_POINT('Ctrl Pts',(47.0897263802042,7.80394127715645,-7.50000000000003));
#5333=CARTESIAN_POINT('Ctrl Pts',(45.5273724329492,6.739721364929,7.25116324716321));
#5334=CARTESIAN_POINT('Ctrl Pts',(44.7690767655771,6.68979013334295,12.012221312743));
#5335=CARTESIAN_POINT('Ctrl Pts',(41.7458788630067,6.58992767017086,21.293152621956));
#5336=CARTESIAN_POINT('Ctrl Pts',(33.1388809426332,6.44013397541273,33.1388809426331));
#5337=CARTESIAN_POINT('Ctrl Pts',(21.2931526219562,6.29034028065459,41.7458788630066));
#5338=CARTESIAN_POINT('Ctrl Pts',(12.0122213127431,6.1904778174825,44.769076765577));
#5339=CARTESIAN_POINT('Ctrl Pts',(7.25116324716337,6.14054658589646,45.5273724329491));
#5340=CARTESIAN_POINT('Ctrl Pts',(46.0481570820342,7.04418626201566,7.33410883144207));
#5341=CARTESIAN_POINT('Ctrl Pts',(45.2811873198938,6.99425503042961,12.1496283302532));
#5342=CARTESIAN_POINT('Ctrl Pts',(42.2234072533489,6.89439256725752,21.5367236084537));
#5343=CARTESIAN_POINT('Ctrl Pts',(33.5179544441448,6.74459887249939,33.5179544441447));
#5344=CARTESIAN_POINT('Ctrl Pts',(21.5367236084538,6.59480517774125,42.2234072533489));
#5345=CARTESIAN_POINT('Ctrl Pts',(12.1496283302533,6.49494271456916,45.2811873198937));
#5346=CARTESIAN_POINT('Ctrl Pts',(7.33410883144223,6.44501148298312,46.0481570820342));
#5347=CARTESIAN_POINT('Ctrl Pts',(46.5689417311192,7.34865115910232,7.41705441572092));
#5348=CARTESIAN_POINT('Ctrl Pts',(45.7932978742105,7.29871992751627,12.2870353477634));
#5349=CARTESIAN_POINT('Ctrl Pts',(42.7009356436911,7.19885746434418,21.7802945949514));
#5350=CARTESIAN_POINT('Ctrl Pts',(33.8970279456563,7.04906376958605,33.8970279456562));
#5351=CARTESIAN_POINT('Ctrl Pts',(21.7802945949515,6.89927007482792,42.7009356436911));
#5352=CARTESIAN_POINT('Ctrl Pts',(12.2870353477635,6.79940761165583,45.7932978742105));
#5353=CARTESIAN_POINT('Ctrl Pts',(7.41705441572108,6.74947638006978,46.5689417311192));
#5354=CARTESIAN_POINT('Ctrl Pts',(47.0897263802042,7.65311605618898,7.49999999999978));
#5355=CARTESIAN_POINT('Ctrl Pts',(46.3054084285272,7.60318482460294,12.4244423652736));
#5356=CARTESIAN_POINT('Ctrl Pts',(43.1784640340334,7.50332236143084,22.023865581449));
#5357=CARTESIAN_POINT('Ctrl Pts',(34.2761014471679,7.35352866667271,34.2761014471678));
#5358=CARTESIAN_POINT('Ctrl Pts',(22.0238655814491,7.20373497191458,43.1784640340333));
#5359=CARTESIAN_POINT('Ctrl Pts',(12.4244423652737,7.10387250874249,46.3054084285272));
#5360=CARTESIAN_POINT('Ctrl Pts',(7.49999999999994,7.05394127715644,47.0897263802042));
#5361=CARTESIAN_POINT('Origin',(44.3244718238869,-1.11022302462516E-15,
7.5));
#5362=UNCERTAINTY_MEASURE_WITH_UNIT(LENGTH_MEASURE(0.01),#5366,
'DISTANCE_ACCURACY_VALUE',
'Maximum model space distance between geometric entities at asserted c
onnectivities');
#5363=UNCERTAINTY_MEASURE_WITH_UNIT(LENGTH_MEASURE(0.01),#5366,
'DISTANCE_ACCURACY_VALUE',
'Maximum model space distance between geometric entities at asserted c
onnectivities');
#5364=(
GEOMETRIC_REPRESENTATION_CONTEXT(3)
GLOBAL_UNCERTAINTY_ASSIGNED_CONTEXT((#5362))
GLOBAL_UNIT_ASSIGNED_CONTEXT((#5366,#5368,#5369))
REPRESENTATION_CONTEXT('','3D')
);
#5365=(
GEOMETRIC_REPRESENTATION_CONTEXT(3)
GLOBAL_UNCERTAINTY_ASSIGNED_CONTEXT((#5363))
GLOBAL_UNIT_ASSIGNED_CONTEXT((#5366,#5368,#5369))
REPRESENTATION_CONTEXT('','3D')
);
#5366=(
LENGTH_UNIT()
NAMED_UNIT(*)
SI_UNIT(.MILLI.,.METRE.)
);
#5367=(
LENGTH_UNIT()
NAMED_UNIT(*)
SI_UNIT($,.METRE.)
);
#5368=(
NAMED_UNIT(*)
PLANE_ANGLE_UNIT()
SI_UNIT($,.RADIAN.)
);
#5369=(
NAMED_UNIT(*)
SI_UNIT($,.STERADIAN.)
SOLID_ANGLE_UNIT()
);
#5370=SHAPE_DEFINITION_REPRESENTATION(#5371,#5372);
#5371=PRODUCT_DEFINITION_SHAPE('',$,#5374);
#5372=SHAPE_REPRESENTATION('',(#1699),#5364);
#5373=PRODUCT_DEFINITION_CONTEXT('part definition',#5378,'design');
#5374=PRODUCT_DEFINITION('Boden_Au\X\DFengewinde','Boden_Au\X\DFengewi
nde',#5375,#5373);
#5375=PRODUCT_DEFINITION_FORMATION('',$,#5380);
#5376=PRODUCT_RELATED_PRODUCT_CATEGORY('Boden_Au\X\DFengewinde',
'Boden_Au\X\DFengewinde',(#5380));
#5377=APPLICATION_PROTOCOL_DEFINITION('international standard',
'automotive_design',2009,#5378);
#5378=APPLICATION_CONTEXT(
'Core Data for Automotive Mechanical Design Process');
#5379=PRODUCT_CONTEXT('part definition',#5378,'mechanical');
#5380=PRODUCT('Boden_Au\X\DFengewinde','Boden_Au\X\DFengewinde',$,(#5379));
#5381=PRESENTATION_STYLE_ASSIGNMENT((#5383));
#5382=PRESENTATION_STYLE_ASSIGNMENT((#5384));
#5383=SURFACE_STYLE_USAGE(.BOTH.,#5385);
#5384=SURFACE_STYLE_USAGE(.BOTH.,#5386);
#5385=SURFACE_SIDE_STYLE('',(#5387));
#5386=SURFACE_SIDE_STYLE('',(#5388));
#5387=SURFACE_STYLE_FILL_AREA(#5389);
#5388=SURFACE_STYLE_FILL_AREA(#5390);
#5389=FILL_AREA_STYLE('Steel - Satin',(#5391));
#5390=FILL_AREA_STYLE('Plastic - Matte (White)',(#5392));
#5391=FILL_AREA_STYLE_COLOUR('Steel - Satin',#5393);
#5392=FILL_AREA_STYLE_COLOUR('Plastic - Matte (White)',#5394);
#5393=COLOUR_RGB('Steel - Satin',0.627450980392157,0.627450980392157,0.627450980392157);
#5394=COLOUR_RGB('Plastic - Matte (White)',1.,0.529411764705882,0.356862745098039);
ENDSEC;
END-ISO-10303-21;
