ISO-10303-21;
HEADER;
/* Generated by software containing ST-Developer
 * from STEP Tools, Inc. (www.steptools.com) 
 */

FILE_DESCRIPTION(
/* description */ (''),
/* implementation_level */ '2;1');

FILE_NAME(
/* name */ '20250626_Boden_Innengewinde.step',
/* time_stamp */ '2026-06-26T18:50:44+02:00',
/* author */ (''),
/* organization */ (''),
/* preprocessor_version */ 'ST-DEVELOPER v20.1',
/* originating_system */ 'Autodesk Translation Framework v15.8.0.0',
/* authorisation */ '');

FILE_SCHEMA (('AUTOMOTIVE_DESIGN { 1 0 10303 214 3 1 1 }'));
ENDSEC;

DATA;
#10=MECHANICAL_DESIGN_GEOMETRIC_PRESENTATION_REPRESENTATION('',(#13),#7767);
#11=SHAPE_REPRESENTATION_RELATIONSHIP('SRR','None',#7774,#12);
#12=ADVANCED_BREP_SHAPE_REPRESENTATION('',(#14),#7766);
#13=STYLED_ITEM('',(#7784),#14);
#14=MANIFOLD_SOLID_BREP('Boden_Innengewinde',#2399);
#15=(
BOUNDED_CURVE()
B_SPLINE_CURVE(5,(#7640,#7641,#7642,#7643,#7644,#7645,#7646,#7647,#7648,
#7649),.UNSPECIFIED.,.F.,.F.)
B_SPLINE_CURVE_WITH_KNOTS((6,1,1,1,1,6),(0.,0.2,0.4,0.6,0.8,1.),
 .UNSPECIFIED.)
CURVE()
GEOMETRIC_REPRESENTATION_ITEM()
RATIONAL_B_SPLINE_CURVE((1.,1.,1.,1.,1.,1.,1.,1.,1.,1.))
REPRESENTATION_ITEM('')
);
#16=(
BOUNDED_SURFACE()
B_SPLINE_SURFACE(5,2,((#7549,#7550,#7551,#7552,#7553,#7554,#7555,#7556,
#7557),(#7558,#7559,#7560,#7561,#7562,#7563,#7564,#7565,#7566),(#7567,#7568,
#7569,#7570,#7571,#7572,#7573,#7574,#7575),(#7576,#7577,#7578,#7579,#7580,
#7581,#7582,#7583,#7584),(#7585,#7586,#7587,#7588,#7589,#7590,#7591,#7592,
#7593),(#7594,#7595,#7596,#7597,#7598,#7599,#7600,#7601,#7602),(#7603,#7604,
#7605,#7606,#7607,#7608,#7609,#7610,#7611),(#7612,#7613,#7614,#7615,#7616,
#7617,#7618,#7619,#7620),(#7621,#7622,#7623,#7624,#7625,#7626,#7627,#7628,
#7629),(#7630,#7631,#7632,#7633,#7634,#7635,#7636,#7637,#7638)),
 .UNSPECIFIED.,.F.,.T.,.F.)
B_SPLINE_SURFACE_WITH_KNOTS((6,1,1,1,1,6),(3,2,2,2,3),(-1.,-0.8,-0.6,-0.4,
-0.2,0.),(0.,1.5707963267949,3.14159265358979,4.71238898038469,6.28318530717959),
 .UNSPECIFIED.)
GEOMETRIC_REPRESENTATION_ITEM()
RATIONAL_B_SPLINE_SURFACE(((1.,0.707106781186548,1.,0.707106781186548,1.,
0.707106781186548,1.,0.707106781186548,1.),(1.,0.707106781186548,1.,0.707106781186548,
1.,0.707106781186548,1.,0.707106781186548,1.),(1.,0.707106781186548,1.,
0.707106781186548,1.,0.707106781186548,1.,0.707106781186548,1.),(1.,0.707106781186548,
1.,0.707106781186548,1.,0.707106781186548,1.,0.707106781186548,1.),(1.,
0.707106781186548,1.,0.707106781186548,1.,0.707106781186548,1.,0.707106781186548,
1.),(1.,0.707106781186548,1.,0.707106781186548,1.,0.707106781186548,1.,
0.707106781186548,1.),(1.,0.707106781186548,1.,0.707106781186548,1.,0.707106781186548,
1.,0.707106781186548,1.),(1.,0.707106781186548,1.,0.707106781186548,1.,
0.707106781186548,1.,0.707106781186548,1.),(1.,0.707106781186548,1.,0.707106781186548,
1.,0.707106781186548,1.,0.707106781186548,1.),(1.,0.707106781186548,1.,
0.707106781186548,1.,0.707106781186548,1.,0.707106781186548,1.)))
REPRESENTATION_ITEM('')
SURFACE()
);
#17=CONICAL_SURFACE('',#2555,48.3341861969676,0.689757952054566);
#18=CONICAL_SURFACE('',#2558,45.8243218774056,0.783878855451276);
#19=CONICAL_SURFACE('',#2583,9.50000013411045,0.785398163397452);
#20=CONICAL_SURFACE('',#2586,9.50000013411045,0.785398163397448);
#21=CONICAL_SURFACE('',#2592,9.50000013411045,0.785398163397444);
#22=CONICAL_SURFACE('',#2595,9.50000013411045,0.785398163397448);
#23=FACE_BOUND('',#559,.T.);
#24=FACE_BOUND('',#560,.T.);
#25=FACE_BOUND('',#561,.T.);
#26=FACE_BOUND('',#562,.T.);
#27=FACE_BOUND('',#563,.T.);
#28=FACE_BOUND('',#603,.T.);
#29=FACE_BOUND('',#604,.T.);
#30=SPHERICAL_SURFACE('',#2423,0.300000000000009);
#31=SPHERICAL_SURFACE('',#2427,0.300000000000003);
#32=SPHERICAL_SURFACE('',#2431,0.299999999999994);
#33=SPHERICAL_SURFACE('',#2435,0.300000000000006);
#34=SPHERICAL_SURFACE('',#2446,0.299999999999974);
#35=SPHERICAL_SURFACE('',#2450,0.299999999999994);
#36=SPHERICAL_SURFACE('',#2456,0.300000000000003);
#37=SPHERICAL_SURFACE('',#2460,0.300000000000012);
#38=SPHERICAL_SURFACE('',#2465,0.299999999999987);
#39=SPHERICAL_SURFACE('',#2469,0.299999999999994);
#40=SPHERICAL_SURFACE('',#2476,0.300000000000003);
#41=SPHERICAL_SURFACE('',#2480,0.300000000000006);
#42=SPHERICAL_SURFACE('',#2485,0.300000000000006);
#43=SPHERICAL_SURFACE('',#2489,0.299999999999998);
#44=SPHERICAL_SURFACE('',#2496,0.299999999999999);
#45=SPHERICAL_SURFACE('',#2500,0.300000000000006);
#46=SPHERICAL_SURFACE('',#2505,0.300000000000006);
#47=SPHERICAL_SURFACE('',#2509,0.299999999999994);
#48=SPHERICAL_SURFACE('',#2516,0.300000000000006);
#49=SPHERICAL_SURFACE('',#2521,0.299999999999994);
#50=SPHERICAL_SURFACE('',#2528,0.300000000000005);
#51=SPHERICAL_SURFACE('',#2532,0.299999999999999);
#52=SPHERICAL_SURFACE('',#2536,0.299999999999985);
#53=SPHERICAL_SURFACE('',#2540,0.300000000000006);
#54=PLANE('',#2418);
#55=PLANE('',#2419);
#56=PLANE('',#2421);
#57=PLANE('',#2422);
#58=PLANE('',#2441);
#59=PLANE('',#2455);
#60=PLANE('',#2474);
#61=PLANE('',#2494);
#62=PLANE('',#2514);
#63=PLANE('',#2526);
#64=PLANE('',#2546);
#65=PLANE('',#2554);
#66=PLANE('',#2559);
#67=PLANE('',#2560);
#68=PLANE('',#2561);
#69=PLANE('',#2562);
#70=PLANE('',#2563);
#71=PLANE('',#2564);
#72=PLANE('',#2565);
#73=PLANE('',#2567);
#74=PLANE('',#2570);
#75=PLANE('',#2573);
#76=PLANE('',#2576);
#77=PLANE('',#2579);
#78=PLANE('',#2580);
#79=PLANE('',#2585);
#80=PLANE('',#2588);
#81=PLANE('',#2589);
#82=PLANE('',#2594);
#83=PLANE('',#2597);
#84=PLANE('',#2598);
#85=PLANE('',#2599);
#86=LINE('',#3339,#174);
#87=LINE('',#3342,#175);
#88=LINE('',#3444,#176);
#89=LINE('',#3765,#177);
#90=LINE('',#3766,#178);
#91=LINE('',#3769,#179);
#92=LINE('',#3777,#180);
#93=LINE('',#3888,#181);
#94=LINE('',#3889,#182);
#95=LINE('',#4041,#183);
#96=LINE('',#4042,#184);
#97=LINE('',#4166,#185);
#98=LINE('',#4167,#186);
#99=LINE('',#4303,#187);
#100=LINE('',#4342,#188);
#101=LINE('',#4346,#189);
#102=LINE('',#4354,#190);
#103=LINE('',#4378,#191);
#104=LINE('',#4595,#192);
#105=LINE('',#4726,#193);
#106=LINE('',#4727,#194);
#107=LINE('',#4882,#195);
#108=LINE('',#4883,#196);
#109=LINE('',#5021,#197);
#110=LINE('',#5022,#198);
#111=LINE('',#5207,#199);
#112=LINE('',#5259,#200);
#113=LINE('',#5260,#201);
#114=LINE('',#5398,#202);
#115=LINE('',#5399,#203);
#116=LINE('',#5666,#204);
#117=LINE('',#5787,#205);
#118=LINE('',#5788,#206);
#119=LINE('',#5853,#207);
#120=LINE('',#5854,#208);
#121=LINE('',#6185,#209);
#122=LINE('',#6231,#210);
#123=LINE('',#6233,#211);
#124=LINE('',#6334,#212);
#125=LINE('',#6336,#213);
#126=LINE('',#6666,#214);
#127=LINE('',#6867,#215);
#128=LINE('',#6868,#216);
#129=LINE('',#7059,#217);
#130=LINE('',#7060,#218);
#131=LINE('',#7129,#219);
#132=LINE('',#7176,#220);
#133=LINE('',#7179,#221);
#134=LINE('',#7189,#222);
#135=LINE('',#7198,#223);
#136=LINE('',#7201,#224);
#137=LINE('',#7203,#225);
#138=LINE('',#7211,#226);
#139=LINE('',#7219,#227);
#140=LINE('',#7227,#228);
#141=LINE('',#7235,#229);
#142=LINE('',#7333,#230);
#143=LINE('',#7336,#231);
#144=LINE('',#7457,#232);
#145=LINE('',#7460,#233);
#146=LINE('',#7656,#234);
#147=LINE('',#7659,#235);
#148=LINE('',#7663,#236);
#149=LINE('',#7664,#237);
#150=LINE('',#7665,#238);
#151=LINE('',#7669,#239);
#152=LINE('',#7675,#240);
#153=LINE('',#7678,#241);
#154=LINE('',#7682,#242);
#155=LINE('',#7683,#243);
#156=LINE('',#7684,#244);
#157=LINE('',#7688,#245);
#158=LINE('',#7692,#246);
#159=LINE('',#7693,#247);
#160=LINE('',#7698,#248);
#161=LINE('',#7701,#249);
#162=LINE('',#7704,#250);
#163=LINE('',#7705,#251);
#164=LINE('',#7709,#252);
#165=LINE('',#7711,#253);
#166=LINE('',#7714,#254);
#167=LINE('',#7715,#255);
#168=LINE('',#7720,#256);
#169=LINE('',#7723,#257);
#170=LINE('',#7726,#258);
#171=LINE('',#7727,#259);
#172=LINE('',#7731,#260);
#173=LINE('',#7733,#261);
#174=VECTOR('',#2608,10.);
#175=VECTOR('',#2611,10.);
#176=VECTOR('',#2614,10.);
#177=VECTOR('',#2617,10.);
#178=VECTOR('',#2618,10.);
#179=VECTOR('',#2621,10.);
#180=VECTOR('',#2626,10.);
#181=VECTOR('',#2629,10.);
#182=VECTOR('',#2630,10.);
#183=VECTOR('',#2665,10.);
#184=VECTOR('',#2666,10.);
#185=VECTOR('',#2669,10.);
#186=VECTOR('',#2670,10.);
#187=VECTOR('',#2673,10.);
#188=VECTOR('',#2678,10.);
#189=VECTOR('',#2681,10.);
#190=VECTOR('',#2682,10.);
#191=VECTOR('',#2683,10.);
#192=VECTOR('',#2704,10.);
#193=VECTOR('',#2707,10.);
#194=VECTOR('',#2708,10.);
#195=VECTOR('',#2727,10.);
#196=VECTOR('',#2728,10.);
#197=VECTOR('',#2747,10.);
#198=VECTOR('',#2748,10.);
#199=VECTOR('',#2751,10.);
#200=VECTOR('',#2772,10.);
#201=VECTOR('',#2773,10.);
#202=VECTOR('',#2792,10.);
#203=VECTOR('',#2793,10.);
#204=VECTOR('',#2796,10.);
#205=VECTOR('',#2817,10.);
#206=VECTOR('',#2818,10.);
#207=VECTOR('',#2837,10.);
#208=VECTOR('',#2838,10.);
#209=VECTOR('',#2841,10.);
#210=VECTOR('',#2854,10.);
#211=VECTOR('',#2855,10.);
#212=VECTOR('',#2866,10.);
#213=VECTOR('',#2867,10.);
#214=VECTOR('',#2870,10.);
#215=VECTOR('',#2907,10.);
#216=VECTOR('',#2908,10.);
#217=VECTOR('',#2911,10.);
#218=VECTOR('',#2912,10.);
#219=VECTOR('',#2915,10.);
#220=VECTOR('',#2922,45.65895);
#221=VECTOR('',#2925,10.);
#222=VECTOR('',#2928,10.);
#223=VECTOR('',#2929,10.);
#224=VECTOR('',#2932,10.);
#225=VECTOR('',#2935,10.);
#226=VECTOR('',#2936,10.);
#227=VECTOR('',#2937,10.);
#228=VECTOR('',#2938,10.);
#229=VECTOR('',#2939,10.);
#230=VECTOR('',#2946,48.3341861969676);
#231=VECTOR('',#2951,46.360414347563);
#232=VECTOR('',#2954,10.);
#233=VECTOR('',#2959,10.);
#234=VECTOR('',#2974,10.);
#235=VECTOR('',#2977,10.);
#236=VECTOR('',#2980,10.);
#237=VECTOR('',#2981,10.);
#238=VECTOR('',#2982,10.);
#239=VECTOR('',#2987,10.);
#240=VECTOR('',#2992,10.);
#241=VECTOR('',#2995,10.);
#242=VECTOR('',#2998,10.);
#243=VECTOR('',#2999,10.);
#244=VECTOR('',#3000,10.);
#245=VECTOR('',#3005,10.);
#246=VECTOR('',#3010,10.);
#247=VECTOR('',#3011,10.);
#248=VECTOR('',#3018,10.);
#249=VECTOR('',#3021,10.);
#250=VECTOR('',#3024,10.);
#251=VECTOR('',#3025,10.);
#252=VECTOR('',#3030,10.);
#253=VECTOR('',#3033,10.);
#254=VECTOR('',#3036,10.);
#255=VECTOR('',#3037,10.);
#256=VECTOR('',#3044,10.);
#257=VECTOR('',#3047,10.);
#258=VECTOR('',#3050,10.);
#259=VECTOR('',#3051,10.);
#260=VECTOR('',#3056,10.);
#261=VECTOR('',#3059,10.);
#262=CYLINDRICAL_SURFACE('',#2414,0.2);
#263=CYLINDRICAL_SURFACE('',#2439,0.3);
#264=CYLINDRICAL_SURFACE('',#2440,0.3);
#265=CYLINDRICAL_SURFACE('',#2442,47.18225);
#266=CYLINDRICAL_SURFACE('',#2443,47.18225);
#267=CYLINDRICAL_SURFACE('',#2454,0.3);
#268=CYLINDRICAL_SURFACE('',#2464,0.3);
#269=CYLINDRICAL_SURFACE('',#2473,0.3);
#270=CYLINDRICAL_SURFACE('',#2475,47.18225);
#271=CYLINDRICAL_SURFACE('',#2484,0.3);
#272=CYLINDRICAL_SURFACE('',#2493,0.3);
#273=CYLINDRICAL_SURFACE('',#2495,47.18225);
#274=CYLINDRICAL_SURFACE('',#2504,0.3);
#275=CYLINDRICAL_SURFACE('',#2513,0.3);
#276=CYLINDRICAL_SURFACE('',#2515,47.18225);
#277=CYLINDRICAL_SURFACE('',#2520,0.3);
#278=CYLINDRICAL_SURFACE('',#2525,0.3);
#279=CYLINDRICAL_SURFACE('',#2527,47.18225);
#280=CYLINDRICAL_SURFACE('',#2544,0.3);
#281=CYLINDRICAL_SURFACE('',#2545,0.3);
#282=CYLINDRICAL_SURFACE('',#2547,47.18225);
#283=CYLINDRICAL_SURFACE('',#2548,45.65895);
#284=CYLINDRICAL_SURFACE('',#2571,9.00000013411045);
#285=CYLINDRICAL_SURFACE('',#2577,9.00000013411045);
#286=CYLINDRICAL_SURFACE('',#2581,9.00000013411045);
#287=CYLINDRICAL_SURFACE('',#2590,9.00000013411045);
#288=FACE_OUTER_BOUND('',#444,.T.);
#289=FACE_OUTER_BOUND('',#445,.T.);
#290=FACE_OUTER_BOUND('',#446,.T.);
#291=FACE_OUTER_BOUND('',#447,.T.);
#292=FACE_OUTER_BOUND('',#448,.T.);
#293=FACE_OUTER_BOUND('',#449,.T.);
#294=FACE_OUTER_BOUND('',#450,.T.);
#295=FACE_OUTER_BOUND('',#451,.T.);
#296=FACE_OUTER_BOUND('',#452,.T.);
#297=FACE_OUTER_BOUND('',#453,.T.);
#298=FACE_OUTER_BOUND('',#454,.T.);
#299=FACE_OUTER_BOUND('',#455,.T.);
#300=FACE_OUTER_BOUND('',#456,.T.);
#301=FACE_OUTER_BOUND('',#457,.T.);
#302=FACE_OUTER_BOUND('',#458,.T.);
#303=FACE_OUTER_BOUND('',#459,.T.);
#304=FACE_OUTER_BOUND('',#460,.T.);
#305=FACE_OUTER_BOUND('',#461,.T.);
#306=FACE_OUTER_BOUND('',#462,.T.);
#307=FACE_OUTER_BOUND('',#463,.T.);
#308=FACE_OUTER_BOUND('',#464,.T.);
#309=FACE_OUTER_BOUND('',#465,.T.);
#310=FACE_OUTER_BOUND('',#466,.T.);
#311=FACE_OUTER_BOUND('',#467,.T.);
#312=FACE_OUTER_BOUND('',#468,.T.);
#313=FACE_OUTER_BOUND('',#469,.T.);
#314=FACE_OUTER_BOUND('',#470,.T.);
#315=FACE_OUTER_BOUND('',#471,.T.);
#316=FACE_OUTER_BOUND('',#472,.T.);
#317=FACE_OUTER_BOUND('',#473,.T.);
#318=FACE_OUTER_BOUND('',#474,.T.);
#319=FACE_OUTER_BOUND('',#475,.T.);
#320=FACE_OUTER_BOUND('',#476,.T.);
#321=FACE_OUTER_BOUND('',#477,.T.);
#322=FACE_OUTER_BOUND('',#478,.T.);
#323=FACE_OUTER_BOUND('',#479,.T.);
#324=FACE_OUTER_BOUND('',#480,.T.);
#325=FACE_OUTER_BOUND('',#481,.T.);
#326=FACE_OUTER_BOUND('',#482,.T.);
#327=FACE_OUTER_BOUND('',#483,.T.);
#328=FACE_OUTER_BOUND('',#484,.T.);
#329=FACE_OUTER_BOUND('',#485,.T.);
#330=FACE_OUTER_BOUND('',#486,.T.);
#331=FACE_OUTER_BOUND('',#487,.T.);
#332=FACE_OUTER_BOUND('',#488,.T.);
#333=FACE_OUTER_BOUND('',#489,.T.);
#334=FACE_OUTER_BOUND('',#490,.T.);
#335=FACE_OUTER_BOUND('',#491,.T.);
#336=FACE_OUTER_BOUND('',#492,.T.);
#337=FACE_OUTER_BOUND('',#493,.T.);
#338=FACE_OUTER_BOUND('',#494,.T.);
#339=FACE_OUTER_BOUND('',#495,.T.);
#340=FACE_OUTER_BOUND('',#496,.T.);
#341=FACE_OUTER_BOUND('',#497,.T.);
#342=FACE_OUTER_BOUND('',#498,.T.);
#343=FACE_OUTER_BOUND('',#499,.T.);
#344=FACE_OUTER_BOUND('',#500,.T.);
#345=FACE_OUTER_BOUND('',#501,.T.);
#346=FACE_OUTER_BOUND('',#502,.T.);
#347=FACE_OUTER_BOUND('',#503,.T.);
#348=FACE_OUTER_BOUND('',#504,.T.);
#349=FACE_OUTER_BOUND('',#505,.T.);
#350=FACE_OUTER_BOUND('',#506,.T.);
#351=FACE_OUTER_BOUND('',#507,.T.);
#352=FACE_OUTER_BOUND('',#508,.T.);
#353=FACE_OUTER_BOUND('',#509,.T.);
#354=FACE_OUTER_BOUND('',#510,.T.);
#355=FACE_OUTER_BOUND('',#511,.T.);
#356=FACE_OUTER_BOUND('',#512,.T.);
#357=FACE_OUTER_BOUND('',#513,.T.);
#358=FACE_OUTER_BOUND('',#514,.T.);
#359=FACE_OUTER_BOUND('',#515,.T.);
#360=FACE_OUTER_BOUND('',#516,.T.);
#361=FACE_OUTER_BOUND('',#517,.T.);
#362=FACE_OUTER_BOUND('',#518,.T.);
#363=FACE_OUTER_BOUND('',#519,.T.);
#364=FACE_OUTER_BOUND('',#520,.T.);
#365=FACE_OUTER_BOUND('',#521,.T.);
#366=FACE_OUTER_BOUND('',#522,.T.);
#367=FACE_OUTER_BOUND('',#523,.T.);
#368=FACE_OUTER_BOUND('',#524,.T.);
#369=FACE_OUTER_BOUND('',#525,.T.);
#370=FACE_OUTER_BOUND('',#526,.T.);
#371=FACE_OUTER_BOUND('',#527,.T.);
#372=FACE_OUTER_BOUND('',#528,.T.);
#373=FACE_OUTER_BOUND('',#529,.T.);
#374=FACE_OUTER_BOUND('',#530,.T.);
#375=FACE_OUTER_BOUND('',#531,.T.);
#376=FACE_OUTER_BOUND('',#532,.T.);
#377=FACE_OUTER_BOUND('',#533,.T.);
#378=FACE_OUTER_BOUND('',#534,.T.);
#379=FACE_OUTER_BOUND('',#535,.T.);
#380=FACE_OUTER_BOUND('',#536,.T.);
#381=FACE_OUTER_BOUND('',#537,.T.);
#382=FACE_OUTER_BOUND('',#538,.T.);
#383=FACE_OUTER_BOUND('',#539,.T.);
#384=FACE_OUTER_BOUND('',#540,.T.);
#385=FACE_OUTER_BOUND('',#541,.T.);
#386=FACE_OUTER_BOUND('',#542,.T.);
#387=FACE_OUTER_BOUND('',#543,.T.);
#388=FACE_OUTER_BOUND('',#544,.T.);
#389=FACE_OUTER_BOUND('',#545,.T.);
#390=FACE_OUTER_BOUND('',#546,.T.);
#391=FACE_OUTER_BOUND('',#547,.T.);
#392=FACE_OUTER_BOUND('',#548,.T.);
#393=FACE_OUTER_BOUND('',#549,.T.);
#394=FACE_OUTER_BOUND('',#550,.T.);
#395=FACE_OUTER_BOUND('',#551,.T.);
#396=FACE_OUTER_BOUND('',#552,.T.);
#397=FACE_OUTER_BOUND('',#553,.T.);
#398=FACE_OUTER_BOUND('',#554,.T.);
#399=FACE_OUTER_BOUND('',#555,.T.);
#400=FACE_OUTER_BOUND('',#556,.T.);
#401=FACE_OUTER_BOUND('',#557,.T.);
#402=FACE_OUTER_BOUND('',#558,.T.);
#403=FACE_OUTER_BOUND('',#564,.T.);
#404=FACE_OUTER_BOUND('',#565,.T.);
#405=FACE_OUTER_BOUND('',#566,.T.);
#406=FACE_OUTER_BOUND('',#567,.T.);
#407=FACE_OUTER_BOUND('',#568,.T.);
#408=FACE_OUTER_BOUND('',#569,.T.);
#409=FACE_OUTER_BOUND('',#570,.T.);
#410=FACE_OUTER_BOUND('',#571,.T.);
#411=FACE_OUTER_BOUND('',#572,.T.);
#412=FACE_OUTER_BOUND('',#573,.T.);
#413=FACE_OUTER_BOUND('',#574,.T.);
#414=FACE_OUTER_BOUND('',#575,.T.);
#415=FACE_OUTER_BOUND('',#576,.T.);
#416=FACE_OUTER_BOUND('',#577,.T.);
#417=FACE_OUTER_BOUND('',#578,.T.);
#418=FACE_OUTER_BOUND('',#579,.T.);
#419=FACE_OUTER_BOUND('',#580,.T.);
#420=FACE_OUTER_BOUND('',#581,.T.);
#421=FACE_OUTER_BOUND('',#582,.T.);
#422=FACE_OUTER_BOUND('',#583,.T.);
#423=FACE_OUTER_BOUND('',#584,.T.);
#424=FACE_OUTER_BOUND('',#585,.T.);
#425=FACE_OUTER_BOUND('',#586,.T.);
#426=FACE_OUTER_BOUND('',#587,.T.);
#427=FACE_OUTER_BOUND('',#588,.T.);
#428=FACE_OUTER_BOUND('',#589,.T.);
#429=FACE_OUTER_BOUND('',#590,.T.);
#430=FACE_OUTER_BOUND('',#591,.T.);
#431=FACE_OUTER_BOUND('',#592,.T.);
#432=FACE_OUTER_BOUND('',#593,.T.);
#433=FACE_OUTER_BOUND('',#594,.T.);
#434=FACE_OUTER_BOUND('',#595,.T.);
#435=FACE_OUTER_BOUND('',#596,.T.);
#436=FACE_OUTER_BOUND('',#597,.T.);
#437=FACE_OUTER_BOUND('',#598,.T.);
#438=FACE_OUTER_BOUND('',#599,.T.);
#439=FACE_OUTER_BOUND('',#600,.T.);
#440=FACE_OUTER_BOUND('',#601,.T.);
#441=FACE_OUTER_BOUND('',#602,.T.);
#442=FACE_OUTER_BOUND('',#605,.T.);
#443=FACE_OUTER_BOUND('',#606,.T.);
#444=EDGE_LOOP('',(#1454,#1455,#1456,#1457));
#445=EDGE_LOOP('',(#1458,#1459,#1460,#1461,#1462,#1463));
#446=EDGE_LOOP('',(#1464,#1465,#1466,#1467,#1468,#1469));
#447=EDGE_LOOP('',(#1470,#1471,#1472,#1473));
#448=EDGE_LOOP('',(#1474,#1475,#1476,#1477));
#449=EDGE_LOOP('',(#1478,#1479,#1480,#1481,#1482));
#450=EDGE_LOOP('',(#1483,#1484,#1485,#1486));
#451=EDGE_LOOP('',(#1487,#1488,#1489,#1490,#1491,#1492));
#452=EDGE_LOOP('',(#1493,#1494,#1495,#1496));
#453=EDGE_LOOP('',(#1497,#1498,#1499,#1500));
#454=EDGE_LOOP('',(#1501,#1502,#1503,#1504));
#455=EDGE_LOOP('',(#1505,#1506,#1507,#1508,#1509,#1510,#1511,#1512));
#456=EDGE_LOOP('',(#1513,#1514,#1515,#1516));
#457=EDGE_LOOP('',(#1517,#1518,#1519,#1520,#1521,#1522));
#458=EDGE_LOOP('',(#1523,#1524,#1525,#1526));
#459=EDGE_LOOP('',(#1527,#1528,#1529,#1530));
#460=EDGE_LOOP('',(#1531,#1532,#1533));
#461=EDGE_LOOP('',(#1534,#1535,#1536,#1537));
#462=EDGE_LOOP('',(#1538,#1539,#1540));
#463=EDGE_LOOP('',(#1541,#1542,#1543,#1544));
#464=EDGE_LOOP('',(#1545,#1546,#1547));
#465=EDGE_LOOP('',(#1548,#1549,#1550));
#466=EDGE_LOOP('',(#1551,#1552,#1553,#1554));
#467=EDGE_LOOP('',(#1555,#1556,#1557,#1558));
#468=EDGE_LOOP('',(#1559,#1560,#1561,#1562));
#469=EDGE_LOOP('',(#1563,#1564,#1565,#1566));
#470=EDGE_LOOP('',(#1567,#1568,#1569,#1570));
#471=EDGE_LOOP('',(#1571,#1572,#1573,#1574));
#472=EDGE_LOOP('',(#1575,#1576,#1577,#1578));
#473=EDGE_LOOP('',(#1579,#1580,#1581,#1582));
#474=EDGE_LOOP('',(#1583,#1584,#1585,#1586));
#475=EDGE_LOOP('',(#1587,#1588,#1589,#1590,#1591,#1592,#1593,#1594,#1595,
#1596,#1597,#1598));
#476=EDGE_LOOP('',(#1599,#1600,#1601,#1602,#1603));
#477=EDGE_LOOP('',(#1604,#1605,#1606));
#478=EDGE_LOOP('',(#1607,#1608,#1609,#1610));
#479=EDGE_LOOP('',(#1611,#1612,#1613));
#480=EDGE_LOOP('',(#1614,#1615,#1616,#1617));
#481=EDGE_LOOP('',(#1618,#1619,#1620,#1621));
#482=EDGE_LOOP('',(#1622,#1623,#1624,#1625));
#483=EDGE_LOOP('',(#1626,#1627,#1628,#1629));
#484=EDGE_LOOP('',(#1630,#1631,#1632,#1633,#1634,#1635,#1636));
#485=EDGE_LOOP('',(#1637,#1638,#1639));
#486=EDGE_LOOP('',(#1640,#1641,#1642));
#487=EDGE_LOOP('',(#1643,#1644,#1645));
#488=EDGE_LOOP('',(#1646,#1647,#1648,#1649));
#489=EDGE_LOOP('',(#1650,#1651,#1652,#1653));
#490=EDGE_LOOP('',(#1654,#1655,#1656));
#491=EDGE_LOOP('',(#1657,#1658,#1659,#1660));
#492=EDGE_LOOP('',(#1661,#1662,#1663));
#493=EDGE_LOOP('',(#1664,#1665,#1666,#1667));
#494=EDGE_LOOP('',(#1668,#1669,#1670,#1671));
#495=EDGE_LOOP('',(#1672,#1673,#1674,#1675));
#496=EDGE_LOOP('',(#1676,#1677,#1678,#1679));
#497=EDGE_LOOP('',(#1680,#1681,#1682,#1683));
#498=EDGE_LOOP('',(#1684,#1685,#1686,#1687));
#499=EDGE_LOOP('',(#1688,#1689,#1690,#1691));
#500=EDGE_LOOP('',(#1692,#1693,#1694,#1695));
#501=EDGE_LOOP('',(#1696,#1697,#1698));
#502=EDGE_LOOP('',(#1699,#1700,#1701));
#503=EDGE_LOOP('',(#1702,#1703,#1704,#1705));
#504=EDGE_LOOP('',(#1706,#1707,#1708));
#505=EDGE_LOOP('',(#1709,#1710,#1711,#1712));
#506=EDGE_LOOP('',(#1713,#1714,#1715));
#507=EDGE_LOOP('',(#1716,#1717,#1718,#1719));
#508=EDGE_LOOP('',(#1720,#1721,#1722,#1723));
#509=EDGE_LOOP('',(#1724,#1725,#1726,#1727));
#510=EDGE_LOOP('',(#1728,#1729,#1730,#1731));
#511=EDGE_LOOP('',(#1732,#1733,#1734,#1735));
#512=EDGE_LOOP('',(#1736,#1737,#1738,#1739));
#513=EDGE_LOOP('',(#1740,#1741,#1742,#1743));
#514=EDGE_LOOP('',(#1744,#1745,#1746,#1747,#1748));
#515=EDGE_LOOP('',(#1749,#1750,#1751,#1752));
#516=EDGE_LOOP('',(#1753,#1754,#1755));
#517=EDGE_LOOP('',(#1756,#1757,#1758));
#518=EDGE_LOOP('',(#1759,#1760,#1761,#1762));
#519=EDGE_LOOP('',(#1763,#1764,#1765));
#520=EDGE_LOOP('',(#1766,#1767,#1768));
#521=EDGE_LOOP('',(#1769,#1770,#1771,#1772));
#522=EDGE_LOOP('',(#1773,#1774,#1775,#1776));
#523=EDGE_LOOP('',(#1777,#1778,#1779,#1780));
#524=EDGE_LOOP('',(#1781,#1782,#1783,#1784));
#525=EDGE_LOOP('',(#1785,#1786,#1787,#1788));
#526=EDGE_LOOP('',(#1789,#1790,#1791,#1792));
#527=EDGE_LOOP('',(#1793,#1794,#1795,#1796));
#528=EDGE_LOOP('',(#1797,#1798,#1799,#1800));
#529=EDGE_LOOP('',(#1801,#1802,#1803,#1804));
#530=EDGE_LOOP('',(#1805,#1806,#1807,#1808));
#531=EDGE_LOOP('',(#1809,#1810,#1811));
#532=EDGE_LOOP('',(#1812,#1813,#1814,#1815,#1816));
#533=EDGE_LOOP('',(#1817,#1818,#1819));
#534=EDGE_LOOP('',(#1820,#1821,#1822,#1823));
#535=EDGE_LOOP('',(#1824,#1825,#1826,#1827,#1828));
#536=EDGE_LOOP('',(#1829,#1830,#1831,#1832));
#537=EDGE_LOOP('',(#1833,#1834,#1835,#1836));
#538=EDGE_LOOP('',(#1837,#1838,#1839,#1840));
#539=EDGE_LOOP('',(#1841,#1842,#1843,#1844));
#540=EDGE_LOOP('',(#1845,#1846,#1847,#1848));
#541=EDGE_LOOP('',(#1849,#1850,#1851,#1852));
#542=EDGE_LOOP('',(#1853,#1854,#1855,#1856,#1857,#1858));
#543=EDGE_LOOP('',(#1859,#1860,#1861));
#544=EDGE_LOOP('',(#1862,#1863,#1864,#1865));
#545=EDGE_LOOP('',(#1866,#1867,#1868));
#546=EDGE_LOOP('',(#1869,#1870,#1871));
#547=EDGE_LOOP('',(#1872,#1873,#1874,#1875));
#548=EDGE_LOOP('',(#1876,#1877,#1878));
#549=EDGE_LOOP('',(#1879,#1880,#1881,#1882));
#550=EDGE_LOOP('',(#1883,#1884,#1885,#1886));
#551=EDGE_LOOP('',(#1887,#1888,#1889,#1890));
#552=EDGE_LOOP('',(#1891,#1892,#1893,#1894));
#553=EDGE_LOOP('',(#1895,#1896,#1897,#1898));
#554=EDGE_LOOP('',(#1899,#1900,#1901,#1902));
#555=EDGE_LOOP('',(#1903,#1904,#1905,#1906));
#556=EDGE_LOOP('',(#1907,#1908,#1909,#1910));
#557=EDGE_LOOP('',(#1911,#1912,#1913,#1914));
#558=EDGE_LOOP('',(#1915,#1916,#1917,#1918,#1919,#1920,#1921,#1922,#1923,
#1924,#1925,#1926,#1927,#1928,#1929,#1930,#1931,#1932,#1933,#1934,#1935,
#1936,#1937,#1938,#1939,#1940,#1941,#1942,#1943,#1944));
#559=EDGE_LOOP('',(#1945,#1946,#1947,#1948,#1949,#1950,#1951,#1952));
#560=EDGE_LOOP('',(#1953,#1954,#1955,#1956,#1957,#1958,#1959,#1960));
#561=EDGE_LOOP('',(#1961,#1962,#1963,#1964,#1965,#1966,#1967,#1968));
#562=EDGE_LOOP('',(#1969,#1970,#1971,#1972,#1973,#1974,#1975,#1976));
#563=EDGE_LOOP('',(#1977,#1978,#1979,#1980,#1981,#1982,#1983,#1984));
#564=EDGE_LOOP('',(#1985,#1986,#1987,#1988));
#565=EDGE_LOOP('',(#1989,#1990,#1991,#1992));
#566=EDGE_LOOP('',(#1993,#1994,#1995,#1996,#1997,#1998,#1999,#2000,#2001,
#2002,#2003));
#567=EDGE_LOOP('',(#2004,#2005,#2006,#2007));
#568=EDGE_LOOP('',(#2008,#2009,#2010,#2011,#2012,#2013,#2014,#2015));
#569=EDGE_LOOP('',(#2016,#2017,#2018,#2019));
#570=EDGE_LOOP('',(#2020,#2021,#2022,#2023));
#571=EDGE_LOOP('',(#2024,#2025,#2026,#2027,#2028,#2029,#2030,#2031,#2032,
#2033,#2034,#2035,#2036));
#572=EDGE_LOOP('',(#2037,#2038,#2039,#2040,#2041,#2042));
#573=EDGE_LOOP('',(#2043,#2044,#2045,#2046));
#574=EDGE_LOOP('',(#2047,#2048,#2049,#2050));
#575=EDGE_LOOP('',(#2051,#2052,#2053,#2054,#2055,#2056,#2057));
#576=EDGE_LOOP('',(#2058,#2059,#2060,#2061));
#577=EDGE_LOOP('',(#2062,#2063,#2064,#2065));
#578=EDGE_LOOP('',(#2066,#2067,#2068,#2069));
#579=EDGE_LOOP('',(#2070,#2071,#2072,#2073));
#580=EDGE_LOOP('',(#2074,#2075,#2076,#2077));
#581=EDGE_LOOP('',(#2078,#2079,#2080,#2081));
#582=EDGE_LOOP('',(#2082,#2083,#2084,#2085));
#583=EDGE_LOOP('',(#2086,#2087,#2088,#2089));
#584=EDGE_LOOP('',(#2090,#2091,#2092,#2093));
#585=EDGE_LOOP('',(#2094,#2095,#2096,#2097));
#586=EDGE_LOOP('',(#2098,#2099,#2100,#2101));
#587=EDGE_LOOP('',(#2102,#2103,#2104,#2105));
#588=EDGE_LOOP('',(#2106,#2107,#2108,#2109));
#589=EDGE_LOOP('',(#2110));
#590=EDGE_LOOP('',(#2111,#2112,#2113,#2114));
#591=EDGE_LOOP('',(#2115,#2116,#2117,#2118));
#592=EDGE_LOOP('',(#2119,#2120,#2121,#2122));
#593=EDGE_LOOP('',(#2123,#2124,#2125,#2126));
#594=EDGE_LOOP('',(#2127,#2128,#2129,#2130));
#595=EDGE_LOOP('',(#2131,#2132,#2133,#2134));
#596=EDGE_LOOP('',(#2135,#2136,#2137,#2138));
#597=EDGE_LOOP('',(#2139,#2140,#2141,#2142));
#598=EDGE_LOOP('',(#2143,#2144,#2145,#2146));
#599=EDGE_LOOP('',(#2147,#2148,#2149,#2150));
#600=EDGE_LOOP('',(#2151,#2152,#2153,#2154));
#601=EDGE_LOOP('',(#2155,#2156,#2157,#2158));
#602=EDGE_LOOP('',(#2159));
#603=EDGE_LOOP('',(#2160,#2161,#2162,#2163));
#604=EDGE_LOOP('',(#2164,#2165,#2166,#2167));
#605=EDGE_LOOP('',(#2168,#2169,#2170,#2171));
#606=EDGE_LOOP('',(#2172,#2173,#2174,#2175));
#607=CIRCLE('',#2413,0.199999999999997);
#608=CIRCLE('',#2415,0.200000000000003);
#609=CIRCLE('',#2416,0.2);
#610=CIRCLE('',#2417,0.199999999999995);
#611=CIRCLE('',#2420,45.65895);
#612=CIRCLE('',#2424,0.299999999999998);
#613=CIRCLE('',#2425,0.300000000000009);
#614=CIRCLE('',#2426,0.300000000000014);
#615=CIRCLE('',#2428,0.299999999999995);
#616=CIRCLE('',#2429,0.300000000000003);
#617=CIRCLE('',#2430,0.3);
#618=CIRCLE('',#2432,0.300000000000001);
#619=CIRCLE('',#2433,0.299999999999994);
#620=CIRCLE('',#2434,0.300000000000002);
#621=CIRCLE('',#2436,0.300000000000019);
#622=CIRCLE('',#2437,0.300000000000006);
#623=CIRCLE('',#2438,0.300000000000007);
#624=CIRCLE('',#2444,47.18225);
#625=CIRCLE('',#2445,47.18225);
#626=CIRCLE('',#2447,0.300000000000002);
#627=CIRCLE('',#2448,0.299999999999974);
#628=CIRCLE('',#2449,0.300000000000006);
#629=CIRCLE('',#2451,0.299999999999995);
#630=CIRCLE('',#2452,0.299999999999994);
#631=CIRCLE('',#2453,0.299999999999996);
#632=CIRCLE('',#2457,0.299999999999999);
#633=CIRCLE('',#2458,0.300000000000003);
#634=CIRCLE('',#2459,0.300000000000001);
#635=CIRCLE('',#2461,0.299999999999997);
#636=CIRCLE('',#2462,0.300000000000012);
#637=CIRCLE('',#2463,0.300000000000005);
#638=CIRCLE('',#2466,0.300000000000002);
#639=CIRCLE('',#2467,0.299999999999987);
#640=CIRCLE('',#2468,0.300000000000006);
#641=CIRCLE('',#2470,0.299999999999999);
#642=CIRCLE('',#2471,0.299999999999994);
#643=CIRCLE('',#2472,0.299999999999996);
#644=CIRCLE('',#2477,0.299999999999995);
#645=CIRCLE('',#2478,0.300000000000003);
#646=CIRCLE('',#2479,0.299999999999996);
#647=CIRCLE('',#2481,0.299999999999989);
#648=CIRCLE('',#2482,0.300000000000006);
#649=CIRCLE('',#2483,0.300000000000002);
#650=CIRCLE('',#2486,0.3);
#651=CIRCLE('',#2487,0.300000000000006);
#652=CIRCLE('',#2488,0.300000000000005);
#653=CIRCLE('',#2490,0.299999999999999);
#654=CIRCLE('',#2491,0.299999999999998);
#655=CIRCLE('',#2492,0.300000000000001);
#656=CIRCLE('',#2497,0.300000000000001);
#657=CIRCLE('',#2498,0.299999999999999);
#658=CIRCLE('',#2499,0.299999999999993);
#659=CIRCLE('',#2501,0.299999999999996);
#660=CIRCLE('',#2502,0.300000000000006);
#661=CIRCLE('',#2503,0.3);
#662=CIRCLE('',#2506,0.299999999999963);
#663=CIRCLE('',#2507,0.300000000000006);
#664=CIRCLE('',#2508,0.300000000000002);
#665=CIRCLE('',#2510,0.299999999999999);
#666=CIRCLE('',#2511,0.299999999999994);
#667=CIRCLE('',#2512,0.300000000000004);
#668=CIRCLE('',#2517,0.29999999999999);
#669=CIRCLE('',#2518,0.300000000000006);
#670=CIRCLE('',#2519,0.300000000000002);
#671=CIRCLE('',#2522,0.299999999999999);
#672=CIRCLE('',#2523,0.299999999999994);
#673=CIRCLE('',#2524,0.299999999999993);
#674=CIRCLE('',#2529,0.3);
#675=CIRCLE('',#2530,0.300000000000005);
#676=CIRCLE('',#2531,0.300000000000005);
#677=CIRCLE('',#2533,0.300000000000001);
#678=CIRCLE('',#2534,0.299999999999999);
#679=CIRCLE('',#2535,0.300000000000001);
#680=CIRCLE('',#2537,0.299999999999999);
#681=CIRCLE('',#2538,0.299999999999985);
#682=CIRCLE('',#2539,0.299999999999996);
#683=CIRCLE('',#2541,0.3);
#684=CIRCLE('',#2542,0.300000000000006);
#685=CIRCLE('',#2543,0.299999999999998);
#686=CIRCLE('',#2549,45.65895);
#687=CIRCLE('',#2550,45.65895);
#688=CIRCLE('',#2551,45.65895);
#689=CIRCLE('',#2552,45.65895);
#690=CIRCLE('',#2553,45.65895);
#691=CIRCLE('',#2556,47.960349160726);
#692=CIRCLE('',#2557,48.2240232393233);
#693=CIRCLE('',#2566,41.2260343730632);
#694=CIRCLE('',#2568,9.00000013411045);
#695=CIRCLE('',#2569,9.00000013411045);
#696=CIRCLE('',#2572,9.00000013411045);
#697=CIRCLE('',#2574,9.00000013411045);
#698=CIRCLE('',#2575,9.00000013411045);
#699=CIRCLE('',#2578,9.00000013411045);
#700=CIRCLE('',#2582,9.00000013411045);
#701=CIRCLE('',#2584,10.0000001341105);
#702=CIRCLE('',#2587,10.0000001341104);
#703=CIRCLE('',#2591,9.00000013411045);
#704=CIRCLE('',#2593,10.0000001341104);
#705=CIRCLE('',#2596,10.0000001341105);
#706=B_SPLINE_CURVE_WITH_KNOTS('',3,(#3087,#3088,#3089,#3090),
 .UNSPECIFIED.,.F.,.F.,(4,4),(0.00524635053528159,0.833561158171564),
 .UNSPECIFIED.);
#707=B_SPLINE_CURVE_WITH_KNOTS('',3,(#3094,#3095,#3096,#3097),
 .UNSPECIFIED.,.F.,.F.,(4,4),(-0.833561158171564,-0.022547242877674),
 .UNSPECIFIED.);
#708=B_SPLINE_CURVE_WITH_KNOTS('',3,(#3098,#3099,#3100,#3101,#3102,#3103,
#3104,#3105,#3106,#3107,#3108,#3109,#3110,#3111,#3112,#3113,#3114,#3115,
#3116,#3117,#3118,#3119,#3120,#3121,#3122,#3123,#3124,#3125),
 .UNSPECIFIED.,.F.,.F.,(4,3,3,3,3,3,3,3,3,4),(-0.0271369729977683,-0.0269159350282736,
-0.0216161689824264,-0.0172695297856612,-0.0147485564955855,-0.0102580490112597,
-0.00815487517886047,-0.00407743758943024,-0.000448091141739361,0.),
 .UNSPECIFIED.);
#709=B_SPLINE_CURVE_WITH_KNOTS('',3,(#3147,#3148,#3149,#3150),
 .UNSPECIFIED.,.F.,.F.,(4,4),(-0.3519963390243,-0.272742404214855),
 .UNSPECIFIED.);
#710=B_SPLINE_CURVE_WITH_KNOTS('',3,(#3152,#3153,#3154,#3155,#3156,#3157,
#3158,#3159,#3160,#3161,#3162,#3163,#3164,#3165,#3166,#3167,#3168,#3169,
#3170,#3171,#3172,#3173,#3174,#3175,#3176,#3177,#3178,#3179,#3180,#3181,
#3182,#3183,#3184,#3185,#3186,#3187,#3188),.UNSPECIFIED.,.F.,.F.,(4,3,3,
3,3,3,3,3,3,3,3,3,4),(-0.000206443744583563,0.,0.00550603834424589,0.0089180875453949,
0.0134943966547324,0.0174101871619351,0.0212738662654721,0.0225311660065601,
0.0260492120197028,0.0296772722291522,0.0325275539460018,0.0362787598858963,
0.0381945511088951),.UNSPECIFIED.);
#711=B_SPLINE_CURVE_WITH_KNOTS('',3,(#3190,#3191,#3192,#3193),
 .UNSPECIFIED.,.F.,.F.,(4,4),(-0.0026048059897896,0.),.UNSPECIFIED.);
#712=B_SPLINE_CURVE_WITH_KNOTS('',3,(#3195,#3196,#3197,#3198),
 .UNSPECIFIED.,.F.,.F.,(4,4),(0.292742404214855,0.376587725023854),
 .UNSPECIFIED.);
#713=B_SPLINE_CURVE_WITH_KNOTS('',3,(#3199,#3200,#3201,#3202,#3203,#3204,
#3205,#3206,#3207,#3208,#3209,#3210,#3211,#3212,#3213,#3214),
 .UNSPECIFIED.,.F.,.F.,(4,3,3,3,3,4),(0.,0.00452271646304951,0.00909673642460346,
0.0103145530692674,0.0145726810188173,0.0149799367551559),.UNSPECIFIED.);
#714=B_SPLINE_CURVE_WITH_KNOTS('',3,(#3237,#3238,#3239,#3240),
 .UNSPECIFIED.,.F.,.F.,(4,4),(-0.0907999999999995,-0.0115460762840171),
 .UNSPECIFIED.);
#715=B_SPLINE_CURVE_WITH_KNOTS('',3,(#3242,#3243,#3244,#3245,#3246,#3247,
#3248,#3249,#3250,#3251,#3252,#3253,#3254,#3255,#3256,#3257,#3258,#3259,
#3260,#3261,#3262,#3263,#3264,#3265,#3266,#3267,#3268,#3269),
 .UNSPECIFIED.,.F.,.F.,(4,3,3,3,3,3,3,3,3,4),(-0.0271359228224166,-0.0269993123598867,
-0.021693618928158,-0.0173092987894416,-0.0147482944665377,-0.0102569665949658,
-0.00816127224835657,-0.00408063612417828,-0.000451190106442719,0.),
 .UNSPECIFIED.);
#716=B_SPLINE_CURVE_WITH_KNOTS('',3,(#3271,#3272,#3273,#3274,#3275,#3276,
#3277,#3278,#3279,#3280,#3281,#3282,#3283,#3284,#3285,#3286),
 .UNSPECIFIED.,.F.,.F.,(4,3,3,3,3,4),(0.0220065578210917,0.0224669048441,
0.0268216890866054,0.0292192728027524,0.0337867578067048,0.0360676376584927),
 .UNSPECIFIED.);
#717=B_SPLINE_CURVE_WITH_KNOTS('',3,(#3288,#3289,#3290,#3291),
 .UNSPECIFIED.,.F.,.F.,(4,4),(-0.0126255101985204,0.0707999999999996),
 .UNSPECIFIED.);
#718=B_SPLINE_CURVE_WITH_KNOTS('',3,(#3293,#3294,#3295,#3296),
 .UNSPECIFIED.,.F.,.F.,(4,4),(-0.0334129570301522,-0.0315439013666508),
 .UNSPECIFIED.);
#719=B_SPLINE_CURVE_WITH_KNOTS('',3,(#3297,#3298,#3299,#3300,#3301,#3302,
#3303,#3304,#3305,#3306,#3307,#3308,#3309,#3310,#3311,#3312,#3313,#3314,
#3315,#3316,#3317,#3318,#3319,#3320,#3321,#3322,#3323,#3324,#3325,#3326,
#3327,#3328,#3329,#3330,#3331,#3332,#3333),.UNSPECIFIED.,.F.,.F.,(4,3,3,
3,3,3,3,3,3,3,3,3,4),(0.,0.00370259600725374,0.00561401554581449,0.00919636611982994,
0.0120317740382268,0.0159532725734551,0.0197902839599642,0.0205900148772214,
0.0251174706473054,0.0290026910100098,0.0344527958630091,0.037837370238631,
0.038041883246409),.UNSPECIFIED.);
#720=B_SPLINE_CURVE_WITH_KNOTS('',3,(#3374,#3375,#3376,#3377,#3378,#3379),
 .UNSPECIFIED.,.F.,.F.,(4,1,1,4),(-0.0179833111945546,-0.00899165559727731,
-0.00385356668454742,0.),.UNSPECIFIED.);
#721=B_SPLINE_CURVE_WITH_KNOTS('',3,(#3382,#3383,#3384,#3385,#3386,#3387),
 .UNSPECIFIED.,.F.,.F.,(4,1,1,4),(0.,0.00385356668454742,0.00899165559727731,
0.0179833111945546),.UNSPECIFIED.);
#722=B_SPLINE_CURVE_WITH_KNOTS('',3,(#3409,#3410,#3411,#3412),
 .UNSPECIFIED.,.F.,.F.,(4,4),(-0.133037407927004,0.),.UNSPECIFIED.);
#723=B_SPLINE_CURVE_WITH_KNOTS('',3,(#3414,#3415,#3416,#3417),
 .UNSPECIFIED.,.F.,.F.,(4,4),(0.,0.132862124047662),.UNSPECIFIED.);
#724=B_SPLINE_CURVE_WITH_KNOTS('',3,(#3419,#3420,#3421,#3422,#3423,#3424,
#3425,#3426,#3427,#3428,#3429,#3430,#3431,#3432,#3433,#3434,#3435,#3436,
#3437,#3438,#3439,#3440,#3441,#3442,#3443),.UNSPECIFIED.,.F.,.F.,(4,3,3,
3,3,3,3,3,4),(-0.020996797336249,-0.020899585381907,-0.016905602913451,
-0.014356193360907,-0.0103572222679511,-0.0090003802882645,-0.00781286259111295,
-0.00381335785524232,0.),.UNSPECIFIED.);
#725=B_SPLINE_CURVE_WITH_KNOTS('',3,(#3480,#3481,#3482,#3483,#3484,#3485,
#3486),.UNSPECIFIED.,.F.,.F.,(4,1,1,1,4),(-6.11119147557782,-4.37749463732847,
-2.6264967841977,-0.875498931066919,-4.501530808803E-9),.UNSPECIFIED.);
#726=B_SPLINE_CURVE_WITH_KNOTS('',3,(#3487,#3488,#3489,#3490,#3491,#3492,
#3493),.UNSPECIFIED.,.F.,.F.,(4,1,1,1,4),(0.00017524945719092,0.875498931066919,
2.6264967841977,4.37749463732847,6.12849249045925),.UNSPECIFIED.);
#727=B_SPLINE_CURVE_WITH_KNOTS('',3,(#3514,#3515,#3516,#3517),
 .UNSPECIFIED.,.F.,.F.,(4,4),(-7.15353667066239,-6.11113847447724),
 .UNSPECIFIED.);
#728=B_SPLINE_CURVE_WITH_KNOTS('',3,(#3519,#3520,#3521,#3522),
 .UNSPECIFIED.,.F.,.F.,(4,4),(-6.13122474836918,-6.13113730923768),
 .UNSPECIFIED.);
#729=B_SPLINE_CURVE_WITH_KNOTS('',3,(#3524,#3525,#3526,#3527),
 .UNSPECIFIED.,.F.,.F.,(4,4),(6.13122476679962,7.13336769781397),
 .UNSPECIFIED.);
#730=B_SPLINE_CURVE_WITH_KNOTS('',3,(#3528,#3529,#3530,#3531),
 .UNSPECIFIED.,.F.,.F.,(4,4),(-7.13353766830408,-7.13336773427433),
 .UNSPECIFIED.);
#731=B_SPLINE_CURVE_WITH_KNOTS('',3,(#3678,#3679,#3680,#3681,#3682,#3683,
#3684,#3685,#3686,#3687,#3688,#3689,#3690,#3691,#3692,#3693,#3694,#3695,
#3696,#3697,#3698,#3699),.UNSPECIFIED.,.F.,.F.,(4,3,3,3,3,3,3,4),(0.,0.000152134306999836,
0.00026645709996241,0.000370906247756855,0.000422175628494862,0.000446362844344215,
0.0004814957571417,0.000486285241654201),.UNSPECIFIED.);
#732=B_SPLINE_CURVE_WITH_KNOTS('',3,(#3700,#3701,#3702,#3703,#3704,#3705,
#3706,#3707,#3708,#3709,#3710,#3711,#3712,#3713,#3714,#3715,#3716,#3717,
#3718,#3719,#3720,#3721,#3722,#3723,#3724,#3725,#3726,#3727,#3728,#3729,
#3730,#3731,#3732,#3733),.UNSPECIFIED.,.F.,.F.,(4,1,1,1,1,1,1,1,1,1,1,1,
1,1,1,1,1,1,1,1,1,1,1,1,1,1,1,1,1,1,1,4),(0.,0.000859986577936879,0.00171997315587376,
0.00343994631174752,0.00687989262349504,0.00859986577936879,0.0137597852469901,
0.0171997315587376,0.0206396778704851,0.0275195704939801,0.0343994631174752,
0.0412793557409702,0.0550391409879603,0.0687989262349503,0.0791187651701929,
0.0825587114819404,0.0963184967289305,0.103198389352426,0.106638335664173,
0.110078281975921,0.137597852469901,0.165117422963881,0.220156563951841,
0.247676134445821,0.275195704939801,0.302715275433782,0.330234845927762,
0.357754416421742,0.385273986915722,0.440313127903682,0.495352268891643,
0.550391409879603),.UNSPECIFIED.);
#733=B_SPLINE_CURVE_WITH_KNOTS('',3,(#3734,#3735,#3736,#3737),
 .UNSPECIFIED.,.F.,.F.,(4,4),(-1.66191502044629,-1.10820748193566),
 .UNSPECIFIED.);
#734=B_SPLINE_CURVE_WITH_KNOTS('',3,(#3755,#3756,#3757,#3758),
 .UNSPECIFIED.,.F.,.F.,(4,4),(-0.00285641894475054,0.),.UNSPECIFIED.);
#735=B_SPLINE_CURVE_WITH_KNOTS('',3,(#3759,#3760,#3761,#3762),
 .UNSPECIFIED.,.F.,.F.,(4,4),(-2.49512261284746,-1.66191502044629),
 .UNSPECIFIED.);
#736=B_SPLINE_CURVE_WITH_KNOTS('',3,(#3773,#3774,#3775,#3776),
 .UNSPECIFIED.,.F.,.F.,(4,4),(-0.176740539023692,-0.152032002544154),
 .UNSPECIFIED.);
#737=B_SPLINE_CURVE_WITH_KNOTS('',3,(#3807,#3808,#3809,#3810),
 .UNSPECIFIED.,.F.,.F.,(4,4),(-0.17668029351332,-0.0115973958646641),
 .UNSPECIFIED.);
#738=B_SPLINE_CURVE_WITH_KNOTS('',3,(#3811,#3812,#3813,#3814,#3815,#3816,
#3817,#3818,#3819,#3820,#3821,#3822,#3823),.UNSPECIFIED.,.F.,.F.,(4,3,3,
3,4),(-9.65790267570194,-7.90964653412775,-6.14508457530338,-5.26280359589119,
-3.50079928458653),.UNSPECIFIED.);
#739=B_SPLINE_CURVE_WITH_KNOTS('',3,(#3845,#3846,#3847,#3848),
 .UNSPECIFIED.,.F.,.F.,(4,4),(0.00450338891624816,0.155357186112939),
 .UNSPECIFIED.);
#740=B_SPLINE_CURVE_WITH_KNOTS('',3,(#3849,#3850,#3851,#3852,#3853,#3854,
#3855,#3856,#3857,#3858,#3859,#3860,#3861,#3862,#3863,#3864,#3865,#3866,
#3867,#3868,#3869,#3870,#3871,#3872,#3873,#3874,#3875,#3876,#3877,#3878,
#3879,#3880,#3881,#3882,#3883,#3884,#3885),.UNSPECIFIED.,.F.,.F.,(4,3,3,
3,3,3,3,3,3,3,3,3,4),(0.,0.00521865608837286,0.0104373121767457,0.0156409978746464,
0.0211836099488037,0.0220679304596112,0.0258907644508962,0.0314938627973895,
0.0355855037131002,0.0417365234338313,0.0447477607364901,0.0508514278630784,
0.0539366062261541),.UNSPECIFIED.);
#741=B_SPLINE_CURVE_WITH_KNOTS('',3,(#3919,#3920,#3921,#3922,#3923,#3924,
#3925,#3926,#3927,#3928,#3929,#3930,#3931,#3932,#3933,#3934,#3935,#3936,
#3937,#3938,#3939,#3940,#3941,#3942,#3943,#3944,#3945,#3946,#3947,#3948,
#3949,#3950,#3951,#3952,#3953,#3954,#3955,#3956,#3957,#3958,#3959,#3960,
#3961),.UNSPECIFIED.,.F.,.F.,(4,3,3,3,3,3,3,3,3,3,3,3,3,3,4),(0.,0.0061291750230722,
0.0124216073513108,0.0155072737156115,0.0217114916365245,0.0272487090875682,
0.0279157095574375,0.0303323674542738,0.0359762525430354,0.0412709356537026,
0.0422825433977762,0.0474677335230823,0.048029479243984,0.0531605640570718,
0.0536667547611649),.UNSPECIFIED.);
#742=B_SPLINE_CURVE_WITH_KNOTS('',3,(#3962,#3963,#3964,#3965),
 .UNSPECIFIED.,.F.,.F.,(4,4),(0.0213455151268229,0.159447266019448),
 .UNSPECIFIED.);
#743=B_SPLINE_CURVE_WITH_KNOTS('',3,(#3966,#3967,#3968,#3969),
 .UNSPECIFIED.,.F.,.F.,(4,4),(-0.159447266019448,-3.80589565292306E-15),
 .UNSPECIFIED.);
#744=B_SPLINE_CURVE_WITH_KNOTS('',3,(#4012,#4013,#4014,#4015,#4016,#4017,
#4018),.UNSPECIFIED.,.F.,.F.,(4,1,1,1,4),(-6.33573458048843,-4.53513785068442,
-2.73454112088041,-1.83424275597841,-0.0336460261744021),.UNSPECIFIED.);
#745=B_SPLINE_CURVE_WITH_KNOTS('',3,(#4019,#4020,#4021,#4022,#4023,#4024,
#4025),.UNSPECIFIED.,.F.,.F.,(4,1,1,1,4),(0.0336460261744021,1.83424275597841,
2.73454112088041,4.53513785068442,6.33573458048843),.UNSPECIFIED.);
#746=B_SPLINE_CURVE_WITH_KNOTS('',3,(#4078,#4079,#4080,#4081,#4082,#4083,
#4084),.UNSPECIFIED.,.F.,.F.,(4,1,1,1,4),(-6.33573458110645,-4.53513785112301,
-2.73454112113957,-0.933944391156126,-0.0336460261644051),.UNSPECIFIED.);
#747=B_SPLINE_CURVE_WITH_KNOTS('',3,(#4085,#4086,#4087,#4088,#4089,#4090,
#4091),.UNSPECIFIED.,.F.,.F.,(4,1,1,1,4),(0.0336460261644051,0.933944391156126,
2.73454112113957,4.53513785112301,6.33573458110645),.UNSPECIFIED.);
#748=B_SPLINE_CURVE_WITH_KNOTS('',3,(#4114,#4115,#4116,#4117,#4118,#4119,
#4120,#4121,#4122,#4123,#4124,#4125,#4126,#4127,#4128,#4129,#4130,#4131,
#4132,#4133,#4134,#4135,#4136,#4137,#4138,#4139,#4140,#4141,#4142,#4143,
#4144,#4145,#4146,#4147,#4148,#4149,#4150,#4151,#4152,#4153,#4154,#4155,
#4156),.UNSPECIFIED.,.F.,.F.,(4,3,3,3,3,3,3,3,3,3,3,3,3,3,4),(0.,0.00612917378028539,
0.0124216063116283,0.0155072737136652,0.0217114916355454,0.0272487116526735,
0.0279157095574257,0.030332367451921,0.0359762514855678,0.0412709335252294,
0.0422825433882291,0.0474677324510531,0.0480294792377394,0.0531605629791259,
0.053666754761042),.UNSPECIFIED.);
#749=B_SPLINE_CURVE_WITH_KNOTS('',3,(#4157,#4158,#4159,#4160),
 .UNSPECIFIED.,.F.,.F.,(4,4),(0.0213455151336102,0.159447266026235),
 .UNSPECIFIED.);
#750=B_SPLINE_CURVE_WITH_KNOTS('',3,(#4161,#4162,#4163,#4164),
 .UNSPECIFIED.,.F.,.F.,(4,4),(-0.159447266026235,-2.96146536211369E-17),
 .UNSPECIFIED.);
#751=B_SPLINE_CURVE_WITH_KNOTS('',3,(#4190,#4191,#4192,#4193,#4194,#4195,
#4196,#4197,#4198,#4199,#4200,#4201,#4202,#4203,#4204,#4205,#4206,#4207,
#4208,#4209,#4210,#4211,#4212,#4213,#4214,#4215,#4216,#4217,#4218,#4219,
#4220,#4221,#4222,#4223,#4224,#4225,#4226),.UNSPECIFIED.,.F.,.F.,(4,3,3,
3,3,3,3,3,3,3,3,3,4),(0.,0.00521868345343239,0.0104373669068648,0.0156410169924932,
0.0211835934927919,0.0220681177581851,0.0258907650556135,0.0314939590676801,
0.035585876910251,0.0417369370245791,0.0447479412284485,0.0508515505346277,
0.0539366046256997),.UNSPECIFIED.);
#752=B_SPLINE_CURVE_WITH_KNOTS('',3,(#4227,#4228,#4229,#4230),
 .UNSPECIFIED.,.F.,.F.,(4,4),(-0.17668029354718,-0.0173961789437321),
 .UNSPECIFIED.);
#753=B_SPLINE_CURVE_WITH_KNOTS('',3,(#4231,#4232,#4233,#4234),
 .UNSPECIFIED.,.F.,.F.,(4,4),(0.0173961789437321,0.155357186113006),
 .UNSPECIFIED.);
#754=B_SPLINE_CURVE_WITH_KNOTS('',3,(#4257,#4258,#4259,#4260,#4261,#4262,
#4263,#4264,#4265,#4266,#4267,#4268,#4269,#4270,#4271,#4272,#4273,#4274,
#4275,#4276,#4277,#4278,#4279,#4280,#4281,#4282,#4283,#4284,#4285,#4286,
#4287,#4288,#4289,#4290,#4291,#4292,#4293),.UNSPECIFIED.,.F.,.F.,(4,3,3,
3,3,3,3,3,3,3,3,3,4),(0.,0.00521868345340565,0.0104373669068113,0.0156409908325025,
0.0211835392307914,0.022068117758028,0.0258907650554491,0.031494019402958,
0.0355858769100479,0.0417369637962977,0.0447479412281997,0.0508515214805449,
0.0539366046254213),.UNSPECIFIED.);
#755=B_SPLINE_CURVE_WITH_KNOTS('',3,(#4294,#4295,#4296,#4297),
 .UNSPECIFIED.,.F.,.F.,(4,4),(-0.176680293540334,-0.0173961789436609),
 .UNSPECIFIED.);
#756=B_SPLINE_CURVE_WITH_KNOTS('',3,(#4298,#4299,#4300,#4301),
 .UNSPECIFIED.,.F.,.F.,(4,4),(0.0173961789436609,0.155357186112943),
 .UNSPECIFIED.);
#757=B_SPLINE_CURVE_WITH_KNOTS('',3,(#4332,#4333,#4334,#4335,#4336,#4337,
#4338),.UNSPECIFIED.,.F.,.F.,(4,1,1,1,4),(-26.7370910307147,-26.3564595267548,
-26.1644290155443,-25.7803679931233,-25.3997456491968),.UNSPECIFIED.);
#758=B_SPLINE_CURVE_WITH_KNOTS('',3,(#4348,#4349,#4350,#4351,#4352),
 .UNSPECIFIED.,.F.,.F.,(4,1,4),(-3.38702610840235,-1.93555646063899,-0.000264312062463163),
 .UNSPECIFIED.);
#759=B_SPLINE_CURVE_WITH_KNOTS('',3,(#4356,#4357,#4358,#4359,#4360,#4361,
#4362),.UNSPECIFIED.,.F.,.F.,(4,1,1,1,4),(-6.36438061808698,-4.55559930611203,
-2.74681799413707,-0.938036682162123,-0.0336460261746465),.UNSPECIFIED.);
#760=B_SPLINE_CURVE_WITH_KNOTS('',3,(#4364,#4365,#4366,#4367,#4368,#4369,
#4370,#4371,#4372,#4373,#4374,#4375,#4376),.UNSPECIFIED.,.F.,.F.,(4,3,3,
3,4),(0.,0.00613192090364736,0.0124183010933216,0.0155098695158652,0.0197485995246074),
 .UNSPECIFIED.);
#761=B_SPLINE_CURVE_WITH_KNOTS('',3,(#4402,#4403,#4404,#4405),
 .UNSPECIFIED.,.F.,.F.,(4,4),(-0.159447266019443,-7.65117110123665E-16),
 .UNSPECIFIED.);
#762=B_SPLINE_CURVE_WITH_KNOTS('',3,(#4407,#4408,#4409,#4410,#4411,#4412,
#4413,#4414,#4415,#4416,#4417,#4418,#4419,#4420,#4421,#4422,#4423,#4424,
#4425,#4426,#4427,#4428,#4429,#4430,#4431,#4432,#4433,#4434,#4435,#4436,
#4437,#4438,#4439,#4440,#4441,#4442,#4443,#4444,#4445,#4446,#4447,#4448,
#4449),.UNSPECIFIED.,.F.,.F.,(4,3,3,3,3,3,3,3,3,3,3,3,3,3,4),(0.,0.00612924985693261,
0.012421696917762,0.0155072491701489,0.0217114793333951,0.0272485880255,
0.0279157094966413,0.0303323378809413,0.0359762671644294,0.0412710003363886,
0.0422824231318971,0.0474676619390367,0.0480294008500321,0.0531605316179169,
0.0536667534575716),.UNSPECIFIED.);
#763=B_SPLINE_CURVE_WITH_KNOTS('',3,(#4450,#4451,#4452,#4453),
 .UNSPECIFIED.,.F.,.F.,(4,4),(0.0213455151268227,0.198071873172797),
 .UNSPECIFIED.);
#764=B_SPLINE_CURVE_WITH_KNOTS('',3,(#4454,#4455,#4456,#4457,#4458,#4459,
#4460,#4461,#4462,#4463),.UNSPECIFIED.,.F.,.F.,(4,2,2,2,4),(-0.0425821776470085,
-0.0300084694113265,-0.0154987013753257,0.,0.000217945534011796),
 .UNSPECIFIED.);
#765=B_SPLINE_CURVE_WITH_KNOTS('',3,(#4492,#4493,#4494,#4495,#4496,#4497,
#4498,#4499,#4500,#4501,#4502,#4503,#4504,#4505,#4506,#4507,#4508,#4509,
#4510,#4511,#4512,#4513,#4514,#4515,#4516,#4517,#4518,#4519,#4520,#4521,
#4522,#4523,#4524,#4525,#4526,#4527,#4528,#4529,#4530,#4531,#4532,#4533,
#4534,#4535,#4536,#4537),.UNSPECIFIED.,.F.,.F.,(4,3,3,3,3,3,3,3,3,3,3,3,
3,3,3,4),(-0.0531701265432347,-0.047035524322667,-0.0447142724553536,-0.0385685340466186,
-0.0358438472670851,-0.0302542974737462,-0.0254907370973645,-0.0240438973071344,
-0.018535515494688,-0.0145258352638692,-0.00917286312046139,-0.0041589208464817,
-0.00317483654810026,-0.00126840782936616,-0.000520126850314196,0.),
 .UNSPECIFIED.);
#766=B_SPLINE_CURVE_WITH_KNOTS('',3,(#4538,#4539,#4540,#4541),
 .UNSPECIFIED.,.F.,.F.,(4,4),(0.0212631947771574,0.0524916630352404),
 .UNSPECIFIED.);
#767=B_SPLINE_CURVE_WITH_KNOTS('',3,(#4542,#4543,#4544,#4545),
 .UNSPECIFIED.,.F.,.F.,(4,4),(-0.0524916630352404,-0.000650876479650415),
 .UNSPECIFIED.);
#768=B_SPLINE_CURVE_WITH_KNOTS('',3,(#4587,#4588,#4589,#4590,#4591,#4592,
#4593),.UNSPECIFIED.,.F.,.F.,(4,1,1,1,4),(0.0336460261746465,0.938036682162123,
2.74681799413707,4.55559930611203,6.33573449608843),.UNSPECIFIED.);
#769=B_SPLINE_CURVE_WITH_KNOTS('',3,(#4618,#4619,#4620,#4621,#4622,#4623,
#4624,#4625,#4626,#4627,#4628,#4629,#4630,#4631,#4632,#4633,#4634,#4635,
#4636,#4637,#4638,#4639,#4640,#4641,#4642,#4643,#4644,#4645,#4646,#4647,
#4648,#4649,#4650,#4651,#4652,#4653,#4654),.UNSPECIFIED.,.F.,.F.,(4,3,3,
3,3,3,3,3,3,3,3,3,4),(0.,0.00521869112332433,0.0104373822466487,0.0156410553035267,
0.0211836568489559,0.0220681702561083,0.025890765224783,0.0314939108381158,
0.0355859815167247,0.0417370219906014,0.044747991819903,0.0508516244391037,
0.0539366041764452),.UNSPECIFIED.);
#770=B_SPLINE_CURVE_WITH_KNOTS('',3,(#4655,#4656,#4657,#4658),
 .UNSPECIFIED.,.F.,.F.,(4,4),(-0.176680293540332,-0.0173961789436634),
 .UNSPECIFIED.);
#771=B_SPLINE_CURVE_WITH_KNOTS('',3,(#4659,#4660,#4661,#4662),
 .UNSPECIFIED.,.F.,.F.,(4,4),(0.0173961789436634,0.15535718611294),
 .UNSPECIFIED.);
#772=B_SPLINE_CURVE_WITH_KNOTS('',3,(#4689,#4690,#4691,#4692,#4693,#4694,
#4695,#4696,#4697,#4698,#4699,#4700,#4701,#4702,#4703,#4704,#4705,#4706,
#4707,#4708),.UNSPECIFIED.,.F.,.F.,(4,2,2,2,2,2,2,2,2,4),(-0.423245048383808,
-0.309574587960236,-0.0979289628795619,-0.029243529096386,-0.00743935588016981,
-0.00237292503318517,-0.00100378640730297,-0.000486729330375679,-0.000212008058598247,
0.),.UNSPECIFIED.);
#773=B_SPLINE_CURVE_WITH_KNOTS('',3,(#4709,#4710,#4711,#4712,#4713),
 .UNSPECIFIED.,.F.,.F.,(4,1,4),(0.850400687426874,1.93555646063899,3.38702610840235),
 .UNSPECIFIED.);
#774=B_SPLINE_CURVE_WITH_KNOTS('',3,(#4716,#4717,#4718,#4719),
 .UNSPECIFIED.,.F.,.F.,(4,4),(0.1208,0.157051164250205),.UNSPECIFIED.);
#775=B_SPLINE_CURVE_WITH_KNOTS('',3,(#4721,#4722,#4723,#4724),
 .UNSPECIFIED.,.F.,.F.,(4,4),(-0.0707999999999998,0.),.UNSPECIFIED.);
#776=B_SPLINE_CURVE_WITH_KNOTS('',3,(#4748,#4749,#4750,#4751,#4752,#4753,
#4754,#4755,#4756,#4757,#4758,#4759,#4760,#4761,#4762,#4763,#4764,#4765,
#4766,#4767,#4768,#4769,#4770,#4771,#4772,#4773,#4774,#4775,#4776,#4777,
#4778,#4779,#4780,#4781,#4782,#4783,#4784,#4785,#4786,#4787,#4788,#4789,
#4790,#4791,#4792,#4793),.UNSPECIFIED.,.F.,.F.,(4,3,3,3,3,3,3,3,3,3,3,3,
3,3,3,4),(7.5254214064286,7.76164635490436,7.99951943378203,8.23754633241985,
8.47465900094558,8.60672640357977,8.84426932984153,8.92025297900809,8.96825231563503,
8.98738697545356,9.00457818986454,9.24087676023562,9.47947655728326,9.71867454828929,
9.95766560788457,10.0600077165066),.UNSPECIFIED.);
#777=B_SPLINE_CURVE_WITH_KNOTS('',3,(#4830,#4831,#4832,#4833,#4834,#4835,
#4836,#4837,#4838,#4839,#4840,#4841,#4842,#4843,#4844,#4845,#4846,#4847,
#4848,#4849,#4850,#4851,#4852,#4853,#4854,#4855,#4856,#4857,#4858,#4859,
#4860,#4861,#4862,#4863,#4864,#4865,#4866,#4867,#4868,#4869,#4870,#4871,
#4872),.UNSPECIFIED.,.F.,.F.,(4,3,3,3,3,3,3,3,3,3,3,3,3,3,4),(0.,0.00612915658814157,
0.0124215919290803,0.0155072737143063,0.0217114916358691,0.0272487471516992,
0.0279157095574319,0.0303323674526962,0.0359762368882132,0.0412709041083033,
0.0422825433913682,0.0474677177455587,0.0480294792397978,0.0531605481727134,
0.0536667547610966),.UNSPECIFIED.);
#778=B_SPLINE_CURVE_WITH_KNOTS('',3,(#4873,#4874,#4875,#4876),
 .UNSPECIFIED.,.F.,.F.,(4,4),(0.0213455151268201,0.159447266019449),
 .UNSPECIFIED.);
#779=B_SPLINE_CURVE_WITH_KNOTS('',3,(#4877,#4878,#4879,#4880),
 .UNSPECIFIED.,.F.,.F.,(4,4),(-0.159447266019449,-1.47687821561646E-16),
 .UNSPECIFIED.);
#780=B_SPLINE_CURVE_WITH_KNOTS('',3,(#4913,#4914,#4915,#4916,#4917,#4918,
#4919,#4920,#4921,#4922,#4923,#4924,#4925,#4926,#4927,#4928,#4929,#4930,
#4931,#4932,#4933,#4934,#4935,#4936,#4937,#4938,#4939,#4940,#4941,#4942,
#4943,#4944,#4945,#4946,#4947,#4948,#4949,#4950,#4951,#4952,#4953,#4954,
#4955),.UNSPECIFIED.,.F.,.F.,(4,3,3,3,3,3,3,3,3,3,3,3,3,3,4),(0.,0.00612915536950622,
0.0124215909096123,0.0155072737150865,0.0217114916362586,0.0272487496684299,
0.0279157095574306,0.0303323674536347,0.0359762358543292,0.0412709020238377,
0.0422825433951917,0.0474677167070658,0.0480294792422763,0.0531605471241307,
0.0536667547611228),.UNSPECIFIED.);
#781=B_SPLINE_CURVE_WITH_KNOTS('',3,(#4956,#4957,#4958,#4959),
 .UNSPECIFIED.,.F.,.F.,(4,4),(0.0213455151336061,0.159447266026235),
 .UNSPECIFIED.);
#782=B_SPLINE_CURVE_WITH_KNOTS('',3,(#4960,#4961,#4962,#4963),
 .UNSPECIFIED.,.F.,.F.,(4,4),(-0.159447266026235,1.11022302462516E-16),
 .UNSPECIFIED.);
#783=B_SPLINE_CURVE_WITH_KNOTS('',3,(#5006,#5007,#5008,#5009,#5010,#5011,
#5012),.UNSPECIFIED.,.F.,.F.,(4,1,1,1,4),(-6.33573458055158,-4.5351378507293,
-2.73454112090702,-1.83424275599588,-0.0336460261735934),.UNSPECIFIED.);
#784=B_SPLINE_CURVE_WITH_KNOTS('',3,(#5013,#5014,#5015,#5016,#5017,#5018,
#5019),.UNSPECIFIED.,.F.,.F.,(4,1,1,1,4),(0.0336460261735934,1.83424275599588,
2.73454112090702,4.5351378507293,6.33573458055158),.UNSPECIFIED.);
#785=B_SPLINE_CURVE_WITH_KNOTS('',3,(#5045,#5046,#5047,#5048,#5049,#5050,
#5051,#5052,#5053,#5054,#5055,#5056,#5057,#5058,#5059,#5060,#5061,#5062,
#5063,#5064,#5065,#5066,#5067,#5068,#5069,#5070,#5071,#5072,#5073,#5074,
#5075,#5076,#5077,#5078,#5079,#5080,#5081),.UNSPECIFIED.,.F.,.F.,(4,3,3,
3,3,3,3,3,3,3,3,3,4),(0.,0.00521868345340683,0.0104373669068137,0.0156409753326454,
0.0211835070811474,0.0220681177580305,0.0258907650554528,0.0314940551513204,
0.0355858769100546,0.041736979658064,0.0447479412282126,0.0508515042671177,
0.0539366046254371),.UNSPECIFIED.);
#786=B_SPLINE_CURVE_WITH_KNOTS('',3,(#5082,#5083,#5084,#5085),
 .UNSPECIFIED.,.F.,.F.,(4,4),(-0.176680293540331,-0.0173961789436616),
 .UNSPECIFIED.);
#787=B_SPLINE_CURVE_WITH_KNOTS('',3,(#5086,#5087,#5088,#5089),
 .UNSPECIFIED.,.F.,.F.,(4,4),(0.0173961789436616,0.15535718611294),
 .UNSPECIFIED.);
#788=B_SPLINE_CURVE_WITH_KNOTS('',3,(#5125,#5126,#5127,#5128,#5129,#5130,
#5131),.UNSPECIFIED.,.F.,.F.,(4,1,1,1,4),(-6.33573458107028,-4.53513785109741,
-2.73454112112454,-1.8342427561381,-0.0336460261652255),.UNSPECIFIED.);
#789=B_SPLINE_CURVE_WITH_KNOTS('',3,(#5132,#5133,#5134,#5135,#5136,#5137,
#5138),.UNSPECIFIED.,.F.,.F.,(4,1,1,1,4),(0.0336460261652255,1.8342427561381,
2.73454112112454,4.53513785109741,6.33573458107028),.UNSPECIFIED.);
#790=B_SPLINE_CURVE_WITH_KNOTS('',3,(#5161,#5162,#5163,#5164,#5165,#5166,
#5167,#5168,#5169,#5170,#5171,#5172,#5173,#5174,#5175,#5176,#5177,#5178,
#5179,#5180,#5181,#5182,#5183,#5184,#5185,#5186,#5187,#5188,#5189,#5190,
#5191,#5192,#5193,#5194,#5195,#5196,#5197),.UNSPECIFIED.,.F.,.F.,(4,3,3,
3,3,3,3,3,3,3,3,3,4),(0.,0.00521868345340822,0.0104373669068164,0.0156410009864368,
0.0211835602922802,0.0220681177580383,0.0258907650554587,0.0314939959841001,
0.0355858769100593,0.0417369534050554,0.0447479412282164,0.0508515327575009,
0.0539366046254411),.UNSPECIFIED.);
#791=B_SPLINE_CURVE_WITH_KNOTS('',3,(#5198,#5199,#5200,#5201),
 .UNSPECIFIED.,.F.,.F.,(4,4),(-0.176680293547179,-0.0173961789437253),
 .UNSPECIFIED.);
#792=B_SPLINE_CURVE_WITH_KNOTS('',3,(#5202,#5203,#5204,#5205),
 .UNSPECIFIED.,.F.,.F.,(4,4),(0.0173961789437253,0.15535718611301),
 .UNSPECIFIED.);
#793=B_SPLINE_CURVE_WITH_KNOTS('',3,(#5236,#5237,#5238,#5239,#5240,#5241,
#5242),.UNSPECIFIED.,.F.,.F.,(4,1,1,1,4),(30.1119756116373,30.3005766043865,
30.6846376268076,31.0686986492286,31.4493209931549),.UNSPECIFIED.);
#794=B_SPLINE_CURVE_WITH_KNOTS('',3,(#5290,#5291,#5292,#5293,#5294,#5295,
#5296,#5297,#5298,#5299,#5300,#5301,#5302,#5303,#5304,#5305,#5306,#5307,
#5308,#5309,#5310,#5311,#5312,#5313,#5314,#5315,#5316,#5317,#5318,#5319,
#5320,#5321,#5322,#5323,#5324,#5325,#5326,#5327,#5328,#5329,#5330,#5331,
#5332),.UNSPECIFIED.,.F.,.F.,(4,3,3,3,3,3,3,3,3,3,3,3,3,3,4),(0.,0.00612921171029239,
0.012421638042716,0.0155072737149056,0.0217114916361667,0.0272486333381477,
0.0279157095574278,0.0303323674534171,0.0359762836939824,0.041270998427208,
0.0422825433943171,0.0474677649047045,0.0480294792417234,0.0531605956556811,
0.0536667547610963),.UNSPECIFIED.);
#795=B_SPLINE_CURVE_WITH_KNOTS('',3,(#5333,#5334,#5335,#5336),
 .UNSPECIFIED.,.F.,.F.,(4,4),(0.0213455151336116,0.159447266026235),
 .UNSPECIFIED.);
#796=B_SPLINE_CURVE_WITH_KNOTS('',3,(#5337,#5338,#5339,#5340),
 .UNSPECIFIED.,.F.,.F.,(4,4),(-0.159447266026235,-3.05463851591486E-15),
 .UNSPECIFIED.);
#797=B_SPLINE_CURVE_WITH_KNOTS('',3,(#5383,#5384,#5385,#5386,#5387,#5388,
#5389),.UNSPECIFIED.,.F.,.F.,(4,1,1,1,4),(-6.33573458044168,-4.53513785065121,
-2.73454112086073,-1.83424275596549,-0.0336460261750065),.UNSPECIFIED.);
#798=B_SPLINE_CURVE_WITH_KNOTS('',3,(#5390,#5391,#5392,#5393,#5394,#5395,
#5396),.UNSPECIFIED.,.F.,.F.,(4,1,1,1,4),(0.0336460261750065,1.83424275596549,
2.73454112086073,4.53513785065121,6.33573458044168),.UNSPECIFIED.);
#799=B_SPLINE_CURVE_WITH_KNOTS('',3,(#5422,#5423,#5424,#5425,#5426,#5427,
#5428,#5429,#5430,#5431,#5432,#5433,#5434,#5435,#5436,#5437,#5438,#5439,
#5440,#5441,#5442,#5443,#5444,#5445,#5446,#5447,#5448,#5449,#5450,#5451,
#5452,#5453,#5454,#5455,#5456,#5457,#5458),.UNSPECIFIED.,.F.,.F.,(4,3,3,
3,3,3,3,3,3,3,3,3,4),(0.,0.00521868345340013,0.0104373669068003,0.01564102275609,
0.0211836054482753,0.0220681177579703,0.0258907650553805,0.0314939457744326,
0.0355858769099384,0.0417369311258216,0.0447479412280633,0.0508515569356594,
0.0539366046252578),.UNSPECIFIED.);
#800=B_SPLINE_CURVE_WITH_KNOTS('',3,(#5459,#5460,#5461,#5462),
 .UNSPECIFIED.,.F.,.F.,(4,4),(-0.176680293540332,-0.0173961789436624),
 .UNSPECIFIED.);
#801=B_SPLINE_CURVE_WITH_KNOTS('',3,(#5463,#5464,#5465,#5466),
 .UNSPECIFIED.,.F.,.F.,(4,4),(0.0173961789436624,0.155357186112937),
 .UNSPECIFIED.);
#802=B_SPLINE_CURVE_WITH_KNOTS('',3,(#5502,#5503,#5504,#5505,#5506,#5507,
#5508),.UNSPECIFIED.,.F.,.F.,(4,1,1,1,4),(-6.33573458117193,-4.53513785116932,
-3.63483948616801,-1.8342427561654,-0.0336460261627846),.UNSPECIFIED.);
#803=B_SPLINE_CURVE_WITH_KNOTS('',3,(#5509,#5510,#5511,#5512,#5513,#5514,
#5515),.UNSPECIFIED.,.F.,.F.,(4,1,1,1,4),(0.0336460261627846,1.8342427561654,
3.63483948616801,4.53513785116932,6.33573458117193),.UNSPECIFIED.);
#804=B_SPLINE_CURVE_WITH_KNOTS('',3,(#5538,#5539,#5540,#5541,#5542,#5543,
#5544,#5545,#5546,#5547,#5548,#5549,#5550,#5551,#5552,#5553,#5554,#5555,
#5556,#5557,#5558,#5559,#5560,#5561,#5562,#5563,#5564,#5565,#5566,#5567,
#5568,#5569,#5570,#5571,#5572,#5573,#5574,#5575,#5576,#5577,#5578,#5579,
#5580),.UNSPECIFIED.,.F.,.F.,(4,3,3,3,3,3,3,3,3,3,3,3,3,3,4),(0.,0.00612921307894268,
0.0124216390731689,0.0155072871988413,0.0217114983948341,0.0272486372219312,
0.027915709590827,0.0303323836984123,0.035976300040346,0.0412710142233825,
0.0422826094544968,0.0474678311653605,0.0480295223015995,0.0531606399880556,
0.0536667554771324),.UNSPECIFIED.);
#805=B_SPLINE_CURVE_WITH_KNOTS('',3,(#5581,#5582,#5583,#5584),
 .UNSPECIFIED.,.F.,.F.,(4,4),(0.0213455151268225,0.159447266019449),
 .UNSPECIFIED.);
#806=B_SPLINE_CURVE_WITH_KNOTS('',3,(#5585,#5586,#5587,#5588),
 .UNSPECIFIED.,.F.,.F.,(4,4),(-0.159447266019449,3.10681766687675E-15),
 .UNSPECIFIED.);
#807=B_SPLINE_CURVE_WITH_KNOTS('',3,(#5611,#5612,#5613,#5614,#5615,#5616,
#5617,#5618,#5619,#5620,#5621,#5622,#5623,#5624,#5625,#5626,#5627,#5628,
#5629,#5630,#5631,#5632,#5633,#5634,#5635,#5636,#5637,#5638,#5639,#5640,
#5641,#5642,#5643,#5644,#5645,#5646,#5647,#5648,#5649,#5650,#5651,#5652,
#5653,#5654,#5655,#5656),.UNSPECIFIED.,.F.,.F.,(4,3,3,3,3,3,3,3,3,3,3,3,
3,3,3,4),(-0.0542989505967839,-0.0538728901167934,-0.0533684928026348,-0.0522282333669266,
-0.0474934110608736,-0.0422353065721042,-0.0374242225811772,-0.0317482988726895,
-0.0282446095723948,-0.0281490659761502,-0.0225711709156173,-0.0166426387450457,
-0.0157878065407619,-0.00950351956352045,-0.00337477104434988,0.),
 .UNSPECIFIED.);
#808=B_SPLINE_CURVE_WITH_KNOTS('',3,(#5657,#5658,#5659,#5660),
 .UNSPECIFIED.,.F.,.F.,(4,4),(-0.0911733816419631,-0.0173961789437683),
 .UNSPECIFIED.);
#809=B_SPLINE_CURVE_WITH_KNOTS('',3,(#5661,#5662,#5663,#5664),
 .UNSPECIFIED.,.F.,.F.,(4,4),(0.0173961789437683,0.0692494698877944),
 .UNSPECIFIED.);
#810=B_SPLINE_CURVE_WITH_KNOTS('',3,(#5696,#5697,#5698,#5699,#5700,#5701,
#5702,#5703,#5704,#5705,#5706,#5707,#5708,#5709,#5710,#5711,#5712,#5713,
#5714,#5715,#5716,#5717,#5718,#5719,#5720,#5721,#5722,#5723,#5724,#5725,
#5726,#5727,#5728,#5729,#5730,#5731,#5732,#5733,#5734,#5735,#5736,#5737,
#5738,#5739,#5740,#5741,#5742,#5743,#5744,#5745,#5746,#5747,#5748,#5749,
#5750,#5751,#5752,#5753,#5754,#5755,#5756,#5757,#5758,#5759,#5760,#5761,
#5762,#5763,#5764,#5765),.UNSPECIFIED.,.F.,.F.,(4,3,3,3,3,3,3,3,3,3,3,3,
3,3,3,3,3,3,3,3,3,3,3,4),(2.34189364095913,2.57576870370351,2.81037157337159,
3.05707493231885,3.28995183006961,3.52117844232643,3.5547690466669,3.57104973779862,
3.79718500916062,4.02995223624651,4.26447035684456,4.50006319011873,4.73595311985623,
4.97075012950017,5.20416763296239,5.29616313779368,5.3358939371017,5.35546069134935,
5.37222230278654,5.57214965228756,5.80620300870164,6.04174905763621,6.27858549508812,
6.4575802250216),.UNSPECIFIED.);
#811=B_SPLINE_CURVE_WITH_KNOTS('',3,(#5766,#5767,#5768,#5769,#5770),
 .UNSPECIFIED.,.F.,.F.,(4,1,4),(34.824364592022,35.2049960959817,35.2722001020357),
 .UNSPECIFIED.);
#812=B_SPLINE_CURVE_WITH_KNOTS('',3,(#5838,#5839,#5840,#5841,#5842,#5843,
#5844),.UNSPECIFIED.,.F.,.F.,(4,1,1,1,4),(-6.33573458044825,-4.53513785065587,
-2.73454112086349,-1.8342427559673,-0.0336460261749177),.UNSPECIFIED.);
#813=B_SPLINE_CURVE_WITH_KNOTS('',3,(#5845,#5846,#5847,#5848,#5849,#5850,
#5851),.UNSPECIFIED.,.F.,.F.,(4,1,1,1,4),(0.0336460261749177,1.8342427559673,
2.73454112086349,4.53513785065587,6.33573458044825),.UNSPECIFIED.);
#814=B_SPLINE_CURVE_WITH_KNOTS('',3,(#5877,#5878,#5879,#5880,#5881,#5882,
#5883,#5884,#5885,#5886,#5887,#5888,#5889,#5890,#5891,#5892,#5893,#5894,
#5895,#5896,#5897,#5898,#5899,#5900,#5901,#5902,#5903,#5904,#5905,#5906,
#5907,#5908,#5909,#5910,#5911,#5912,#5913),.UNSPECIFIED.,.F.,.F.,(4,3,3,
3,3,3,3,3,3,3,3,3,4),(0.,0.00521868345340293,0.0104373669068059,0.0156410066372872,
0.0211835720135351,0.0220681177579956,0.0258907650554095,0.0314939829509839,
0.0355858769099889,0.0417369476219462,0.0447479412281272,0.0508515390332988,
0.0539366046253365),.UNSPECIFIED.);
#815=B_SPLINE_CURVE_WITH_KNOTS('',3,(#5914,#5915,#5916,#5917),
 .UNSPECIFIED.,.F.,.F.,(4,4),(-0.176680293540331,-0.017396178943662),
 .UNSPECIFIED.);
#816=B_SPLINE_CURVE_WITH_KNOTS('',3,(#5918,#5919,#5920,#5921),
 .UNSPECIFIED.,.F.,.F.,(4,4),(0.017396178943662,0.155357186112942),
 .UNSPECIFIED.);
#817=B_SPLINE_CURVE_WITH_KNOTS('',3,(#5957,#5958,#5959,#5960,#5961,#5962,
#5963),.UNSPECIFIED.,.F.,.F.,(4,1,1,1,4),(-6.33573458114035,-4.53513785114699,
-2.73454112115363,-0.93394439116027,-0.0336460261635897),.UNSPECIFIED.);
#818=B_SPLINE_CURVE_WITH_KNOTS('',3,(#5964,#5965,#5966,#5967,#5968,#5969,
#5970),.UNSPECIFIED.,.F.,.F.,(4,1,1,1,4),(0.0336460261635897,0.93394439116027,
2.73454112115363,4.53513785114699,6.33573458114035),.UNSPECIFIED.);
#819=B_SPLINE_CURVE_WITH_KNOTS('',3,(#5993,#5994,#5995,#5996,#5997,#5998,
#5999,#6000,#6001,#6002,#6003,#6004,#6005,#6006,#6007,#6008,#6009,#6010,
#6011,#6012,#6013,#6014,#6015,#6016,#6017,#6018,#6019,#6020,#6021,#6022,
#6023,#6024,#6025,#6026,#6027,#6028,#6029,#6030,#6031,#6032,#6033,#6034,
#6035),.UNSPECIFIED.,.F.,.F.,(4,3,3,3,3,3,3,3,3,3,3,3,3,3,4),(0.,0.00612919255689577,
0.0124216220196022,0.0155072737154433,0.021711491636437,0.0272486728843553,
0.0279157095574307,0.0303323674540667,0.0359762674311185,0.0412709656553362,
0.0422825433969478,0.0474677485225346,0.0480294792434277,0.0531605791596883,
0.0536667547611161),.UNSPECIFIED.);
#820=B_SPLINE_CURVE_WITH_KNOTS('',3,(#6036,#6037,#6038,#6039),
 .UNSPECIFIED.,.F.,.F.,(4,4),(0.0213455151336037,0.159447266026235),
 .UNSPECIFIED.);
#821=B_SPLINE_CURVE_WITH_KNOTS('',3,(#6040,#6041,#6042,#6043),
 .UNSPECIFIED.,.F.,.F.,(4,4),(-0.159447266026235,-5.58566068655289E-16),
 .UNSPECIFIED.);
#822=B_SPLINE_CURVE_WITH_KNOTS('',3,(#6066,#6067,#6068,#6069,#6070,#6071,
#6072,#6073,#6074,#6075,#6076,#6077,#6078,#6079,#6080,#6081,#6082,#6083,
#6084,#6085,#6086,#6087,#6088,#6089,#6090,#6091,#6092,#6093,#6094,#6095,
#6096,#6097,#6098,#6099,#6100,#6101,#6102,#6103,#6104,#6105,#6106,#6107,
#6108),.UNSPECIFIED.,.F.,.F.,(4,3,3,3,3,3,3,3,3,3,3,3,3,3,4),(0.,0.00612919382447612,
0.0124216230800226,0.015507273715265,0.0217114916363498,0.0272486702670627,
0.0279157095574346,0.0303323674538522,0.03597626850721,0.0412709678240104,
0.0422825433960695,0.0474677496064192,0.0480294792428559,0.0531605802487596,
0.0536667547611441),.UNSPECIFIED.);
#823=B_SPLINE_CURVE_WITH_KNOTS('',3,(#6109,#6110,#6111,#6112),
 .UNSPECIFIED.,.F.,.F.,(4,4),(0.0213455151268248,0.159447266019449),
 .UNSPECIFIED.);
#824=B_SPLINE_CURVE_WITH_KNOTS('',3,(#6113,#6114,#6115,#6116),
 .UNSPECIFIED.,.F.,.F.,(4,4),(-0.159447266019449,-6.79854582996688E-16),
 .UNSPECIFIED.);
#825=B_SPLINE_CURVE_WITH_KNOTS('',3,(#6139,#6140,#6141,#6142,#6143,#6144,
#6145,#6146,#6147,#6148,#6149,#6150,#6151,#6152,#6153,#6154,#6155,#6156,
#6157,#6158,#6159,#6160,#6161,#6162,#6163,#6164,#6165,#6166,#6167,#6168,
#6169,#6170,#6171,#6172,#6173,#6174,#6175),.UNSPECIFIED.,.F.,.F.,(4,3,3,
3,3,3,3,3,3,3,3,3,4),(0.,0.00521868345337996,0.0104373669067599,0.0156410333187838,
0.0211836273585324,0.0220681177578024,0.025890765055168,0.0314939214119441,
0.0355858769096231,0.0417369203152696,0.0447479412276449,0.0508515686671373,
0.0539366046247383),.UNSPECIFIED.);
#826=B_SPLINE_CURVE_WITH_KNOTS('',3,(#6176,#6177,#6178,#6179),
 .UNSPECIFIED.,.F.,.F.,(4,4),(-0.176680293547178,-0.0173961789437281),
 .UNSPECIFIED.);
#827=B_SPLINE_CURVE_WITH_KNOTS('',3,(#6180,#6181,#6182,#6183),
 .UNSPECIFIED.,.F.,.F.,(4,4),(0.0173961789437281,0.155357186113003),
 .UNSPECIFIED.);
#828=B_SPLINE_CURVE_WITH_KNOTS('',3,(#6214,#6215,#6216,#6217,#6218,#6219,
#6220),.UNSPECIFIED.,.F.,.F.,(4,1,1,1,4),(33.2535682652271,33.4421692579763,
33.8262302803973,34.2102913028184,34.5909136467447),.UNSPECIFIED.);
#829=B_SPLINE_CURVE_WITH_KNOTS('',3,(#6235,#6236,#6237,#6238,#6239,#6240,
#6241,#6242,#6243,#6244,#6245,#6246,#6247,#6248,#6249,#6250,#6251,#6252,
#6253,#6254,#6255,#6256,#6257,#6258,#6259,#6260,#6261,#6262,#6263,#6264,
#6265,#6266,#6267,#6268,#6269,#6270,#6271),.UNSPECIFIED.,.F.,.F.,(4,3,3,
3,3,3,3,3,3,3,3,3,4),(-0.0528169005503583,-0.0525549316516171,-0.0463638676565168,
-0.0427314907473952,-0.036935499859532,-0.0330942252976232,-0.0277826741276629,
-0.0252478572651485,-0.0209181434481257,-0.0155630851276542,-0.0102080268071826,
-0.00489063650829818,0.),.UNSPECIFIED.);
#830=B_SPLINE_CURVE_WITH_KNOTS('',3,(#6272,#6273,#6274,#6275),
 .UNSPECIFIED.,.F.,.F.,(4,4),(-0.00144546605650958,0.),.UNSPECIFIED.);
#831=B_SPLINE_CURVE_WITH_KNOTS('',3,(#6318,#6319,#6320,#6321,#6322,#6323,
#6324),.UNSPECIFIED.,.F.,.F.,(4,1,1,1,4),(-6.33573458099097,-4.53513785104122,
-3.63483948606634,-1.83424275611659,-0.0336460261668412),.UNSPECIFIED.);
#832=B_SPLINE_CURVE_WITH_KNOTS('',3,(#6325,#6326,#6327,#6328,#6329,#6330,
#6331),.UNSPECIFIED.,.F.,.F.,(4,1,1,1,4),(0.0336460261668412,1.83424275611659,
3.63483948606634,4.53513785104122,6.33573458099097),.UNSPECIFIED.);
#833=B_SPLINE_CURVE_WITH_KNOTS('',3,(#6338,#6339,#6340,#6341,#6342,#6343,
#6344,#6345,#6346,#6347),.UNSPECIFIED.,.F.,.F.,(4,2,2,2,4),(-0.203240271724883,
-0.202995458624027,-0.202606588101297,-0.20195028360713,-0.201269749496845),
 .UNSPECIFIED.);
#834=B_SPLINE_CURVE_WITH_KNOTS('',3,(#6348,#6349,#6350,#6351,#6352,#6353,
#6354,#6355,#6356,#6357,#6358,#6359,#6360,#6361,#6362,#6363,#6364,#6365,
#6366,#6367,#6368,#6369,#6370,#6371,#6372,#6373,#6374,#6375,#6376,#6377,
#6378,#6379,#6380,#6381,#6382,#6383,#6384),.UNSPECIFIED.,.F.,.F.,(4,3,3,
3,3,3,3,3,3,3,3,3,4),(-0.0522512714097685,-0.0469262462470062,-0.041993040540901,
-0.0365848931960883,-0.0311767458512756,-0.0271383658992139,-0.0217848067089458,
-0.0188513655175587,-0.0130012419082763,-0.00950981339464242,-0.00329164895147535,
0.,0.000260219018465446),.UNSPECIFIED.);
#835=B_SPLINE_CURVE_WITH_KNOTS('',3,(#6406,#6407,#6408,#6409),
 .UNSPECIFIED.,.F.,.F.,(4,4),(-0.176786108838426,1.00813344444034E-15),
 .UNSPECIFIED.);
#836=B_SPLINE_CURVE_WITH_KNOTS('',3,(#6411,#6412,#6413,#6414,#6415,#6416,
#6417,#6418,#6419,#6420,#6421,#6422,#6423,#6424,#6425,#6426,#6427,#6428,
#6429,#6430,#6431,#6432,#6433,#6434,#6435,#6436,#6437,#6438,#6439,#6440,
#6441,#6442,#6443,#6444,#6445,#6446,#6447,#6448,#6449,#6450,#6451,#6452,
#6453),.UNSPECIFIED.,.F.,.F.,(4,3,3,3,3,3,3,3,3,3,3,3,3,3,4),(0.,0.00612912967243604,
0.0124215826577725,0.015507273712762,0.0217114916350948,0.0272488251960937,
0.0279157095574275,0.0303323674508357,0.0359762035441237,0.0412708389263953,
0.042282543383809,0.0474676863175633,0.0480294792348643,0.0531605159753863,
0.0536667547610167),.UNSPECIFIED.);
#837=B_SPLINE_CURVE_WITH_KNOTS('',3,(#6454,#6455,#6456,#6457),
 .UNSPECIFIED.,.F.,.F.,(4,4),(0.0213455151268273,0.15944726601944),
 .UNSPECIFIED.);
#838=B_SPLINE_CURVE_WITH_KNOTS('',3,(#6480,#6481,#6482,#6483,#6484,#6485,
#6486,#6487,#6488,#6489,#6490,#6491,#6492,#6493,#6494,#6495,#6496,#6497,
#6498,#6499,#6500,#6501,#6502,#6503,#6504,#6505,#6506,#6507,#6508,#6509,
#6510,#6511,#6512,#6513,#6514,#6515,#6516),.UNSPECIFIED.,.F.,.F.,(4,3,3,
3,3,3,3,3,3,3,3,3,4),(0.,0.00521868345340082,0.0104373669068016,0.0156409698973503,
0.0211834958074648,0.0220681177579791,0.0258907650553866,0.0314940676868669,
0.0355858769099522,0.0417369852200693,0.0447479412280773,0.0508514982308936,
0.053936604625272),.UNSPECIFIED.);
#839=B_SPLINE_CURVE_WITH_KNOTS('',3,(#6517,#6518,#6519,#6520),
 .UNSPECIFIED.,.F.,.F.,(4,4),(-0.176680293547179,-0.0173961789437296),
 .UNSPECIFIED.);
#840=B_SPLINE_CURVE_WITH_KNOTS('',3,(#6521,#6522,#6523,#6524),
 .UNSPECIFIED.,.F.,.F.,(4,4),(0.0173961789437296,0.155357186113003),
 .UNSPECIFIED.);
#841=B_SPLINE_CURVE_WITH_KNOTS('',3,(#6547,#6548,#6549,#6550,#6551,#6552,
#6553,#6554,#6555,#6556,#6557,#6558,#6559,#6560,#6561,#6562,#6563,#6564,
#6565,#6566,#6567,#6568,#6569,#6570,#6571,#6572,#6573,#6574,#6575,#6576,
#6577,#6578,#6579,#6580,#6581,#6582,#6583,#6584,#6585,#6586,#6587,#6588,
#6589),.UNSPECIFIED.,.F.,.F.,(4,3,3,3,3,3,3,3,3,3,3,3,3,3,4),(0.,0.00612911960331977,
0.0124215609882076,0.0155072737160438,0.0217114916367414,0.0272488235230376,
0.0279157095574389,0.0303323674547925,0.0359762054860393,0.0412708408237267,
0.0422825433998809,0.0474676861109282,0.0480294792453433,0.0531605163174111,
0.0536667547612124),.UNSPECIFIED.);
#842=B_SPLINE_CURVE_WITH_KNOTS('',3,(#6590,#6591,#6592,#6593),
 .UNSPECIFIED.,.F.,.F.,(4,4),(0.0213455151336042,0.159447266026235),
 .UNSPECIFIED.);
#843=B_SPLINE_CURVE_WITH_KNOTS('',3,(#6594,#6595,#6596,#6597),
 .UNSPECIFIED.,.F.,.F.,(4,4),(-0.159447266026235,-7.38974734483931E-16),
 .UNSPECIFIED.);
#844=B_SPLINE_CURVE_WITH_KNOTS('',3,(#6619,#6620,#6621,#6622),
 .UNSPECIFIED.,.F.,.F.,(4,4),(0.0173961789436619,0.155357186112938),
 .UNSPECIFIED.);
#845=B_SPLINE_CURVE_WITH_KNOTS('',3,(#6624,#6625,#6626,#6627,#6628,#6629,
#6630,#6631,#6632,#6633,#6634,#6635,#6636,#6637,#6638,#6639,#6640,#6641,
#6642,#6643,#6644,#6645,#6646,#6647,#6648,#6649,#6650,#6651,#6652,#6653,
#6654,#6655,#6656,#6657,#6658,#6659,#6660),.UNSPECIFIED.,.F.,.F.,(4,3,3,
3,3,3,3,3,3,3,3,3,4),(0.,0.00521868345339584,0.0104373669067917,0.0156409445200383,
0.0211834413645199,0.0220681177579441,0.0258907650553499,0.0314941299394009,
0.0355858769098938,0.0417370242132996,0.0447479412280083,0.0508514838595239,
0.0539366046251924),.UNSPECIFIED.);
#846=B_SPLINE_CURVE_WITH_KNOTS('',3,(#6661,#6662,#6663,#6664),
 .UNSPECIFIED.,.F.,.F.,(4,4),(-0.176680293540332,-4.00943551877743E-5),
 .UNSPECIFIED.);
#847=B_SPLINE_CURVE_WITH_KNOTS('',3,(#6668,#6669,#6670,#6671,#6672,#6673,
#6674,#6675,#6676,#6677,#6678,#6679,#6680),.UNSPECIFIED.,.F.,.F.,(4,3,3,
3,4),(-70.7449097078474,-68.9282094808145,-67.1095345626389,-66.2001971035511,
-64.3829711291486),.UNSPECIFIED.);
#848=B_SPLINE_CURVE_WITH_KNOTS('',3,(#6709,#6710,#6711,#6712,#6713,#6714,
#6715),.UNSPECIFIED.,.F.,.F.,(4,1,1,1,4),(-22.0247020503301,-21.644224723915,
-21.2599570216101,-21.0678231704576,-20.6873566688122),.UNSPECIFIED.);
#849=B_SPLINE_CURVE_WITH_KNOTS('',3,(#6745,#6746,#6747,#6748,#6749,#6750,
#6751,#6752,#6753,#6754,#6755,#6756,#6757,#6758,#6759,#6760,#6761,#6762,
#6763,#6764,#6765,#6766,#6767,#6768,#6769,#6770,#6771,#6772,#6773,#6774,
#6775,#6776,#6777,#6778,#6779,#6780,#6781,#6782,#6783,#6784,#6785,#6786,
#6787),.UNSPECIFIED.,.F.,.F.,(4,3,3,3,3,3,3,3,3,3,3,3,3,3,4),(0.,0.00612913731390114,
0.0124215758046395,0.0155072737147796,0.0217114916361066,0.0272487869510319,
0.0279157095574335,0.0303323674532675,0.0359762205227614,0.0412708711279713,
0.0422825433936934,0.0474677012582741,0.0480294792413025,0.0531605315689107,
0.0536667547611333),.UNSPECIFIED.);
#850=B_SPLINE_CURVE_WITH_KNOTS('',3,(#6788,#6789,#6790,#6791),
 .UNSPECIFIED.,.F.,.F.,(4,4),(0.0213455151336045,0.159447266026234),
 .UNSPECIFIED.);
#851=B_SPLINE_CURVE_WITH_KNOTS('',3,(#6792,#6793,#6794,#6795),
 .UNSPECIFIED.,.F.,.F.,(4,4),(-0.159447266026234,-3.38269706312509E-11),
 .UNSPECIFIED.);
#852=B_SPLINE_CURVE_WITH_KNOTS('',3,(#6845,#6846,#6847,#6848,#6849,#6850,
#6851),.UNSPECIFIED.,.F.,.F.,(4,1,1,1,4),(-6.3357345810318,-4.53513785107015,
-2.73454112110851,-1.83424275612769,-0.0336460261660423),.UNSPECIFIED.);
#853=B_SPLINE_CURVE_WITH_KNOTS('',3,(#6852,#6853,#6854,#6855,#6856,#6857,
#6858),.UNSPECIFIED.,.F.,.F.,(4,1,1,1,4),(0.0336460261660423,1.83424275612769,
2.73454112110851,4.53513785107015,6.3357345810318),.UNSPECIFIED.);
#854=B_SPLINE_CURVE_WITH_KNOTS('',3,(#6904,#6905,#6906,#6907,#6908,#6909,
#6910),.UNSPECIFIED.,.F.,.F.,(4,1,1,1,4),(-6.33573458061331,-4.53513785077316,
-3.63483948585309,-1.83424275601294,-0.0336460261727889),.UNSPECIFIED.);
#855=B_SPLINE_CURVE_WITH_KNOTS('',3,(#6911,#6912,#6913,#6914,#6915,#6916,
#6917),.UNSPECIFIED.,.F.,.F.,(4,1,1,1,4),(0.0336460261727889,1.83424275601294,
3.63483948585309,4.53513785077316,6.33573458061331),.UNSPECIFIED.);
#856=B_SPLINE_CURVE_WITH_KNOTS('',3,(#6940,#6941,#6942,#6943,#6944,#6945,
#6946,#6947,#6948,#6949,#6950,#6951,#6952,#6953,#6954,#6955,#6956,#6957,
#6958,#6959,#6960,#6961,#6962,#6963,#6964,#6965,#6966,#6967,#6968,#6969,
#6970,#6971,#6972,#6973,#6974,#6975,#6976,#6977,#6978,#6979,#6980,#6981,
#6982),.UNSPECIFIED.,.F.,.F.,(4,3,3,3,3,3,3,3,3,3,3,3,3,3,4),(0.,0.00612913850915204,
0.0124215768045653,0.015507273714569,0.021711491636001,0.0272487844828309,
0.0279157095574329,0.0303323674530134,0.0359762215374257,0.0412708731730174,
0.0422825433926592,0.0474677022798094,0.0480294792406294,0.0531605325986836,
0.0536667547611162),.UNSPECIFIED.);
#857=B_SPLINE_CURVE_WITH_KNOTS('',3,(#6983,#6984,#6985,#6986),
 .UNSPECIFIED.,.F.,.F.,(4,4),(0.0213455151268193,0.15944726601945),
 .UNSPECIFIED.);
#858=B_SPLINE_CURVE_WITH_KNOTS('',3,(#6987,#6988,#6989,#6990),
 .UNSPECIFIED.,.F.,.F.,(4,4),(-0.15944726601945,-2.7042923456122E-11),
 .UNSPECIFIED.);
#859=B_SPLINE_CURVE_WITH_KNOTS('',3,(#7013,#7014,#7015,#7016,#7017,#7018,
#7019,#7020,#7021,#7022,#7023,#7024,#7025,#7026,#7027,#7028,#7029,#7030,
#7031,#7032,#7033,#7034,#7035,#7036,#7037,#7038,#7039,#7040,#7041,#7042,
#7043,#7044,#7045,#7046,#7047,#7048,#7049),.UNSPECIFIED.,.F.,.F.,(4,3,3,
3,3,3,3,3,3,3,3,3,4),(0.,0.00521868345340845,0.0104373669068169,0.0156409852909985,
0.0211835277365759,0.0220681177580404,0.0258907650554615,0.0314940321836992,
0.0355858769100611,0.0417369694672811,0.0447479412282201,0.0508515153264571,
0.0539366046254485),.UNSPECIFIED.);
#860=B_SPLINE_CURVE_WITH_KNOTS('',3,(#7050,#7051,#7052,#7053),
 .UNSPECIFIED.,.F.,.F.,(4,4),(-0.176680293513385,-0.0173961789437271),
 .UNSPECIFIED.);
#861=B_SPLINE_CURVE_WITH_KNOTS('',3,(#7054,#7055,#7056,#7057),
 .UNSPECIFIED.,.F.,.F.,(4,4),(0.0173961789437271,0.15535718611301),
 .UNSPECIFIED.);
#862=B_SPLINE_CURVE_WITH_KNOTS('',3,(#7083,#7084,#7085,#7086,#7087,#7088,
#7089,#7090,#7091,#7092,#7093,#7094,#7095,#7096,#7097,#7098,#7099,#7100,
#7101,#7102,#7103,#7104,#7105,#7106,#7107,#7108,#7109,#7110,#7111,#7112,
#7113,#7114,#7115,#7116,#7117,#7118,#7119),.UNSPECIFIED.,.F.,.F.,(4,3,3,
3,3,3,3,3,3,3,3,3,4),(0.,0.00521868345340481,0.0104373669068096,0.0156409601290102,
0.0211834755465097,0.0220681177580187,0.0258907650554399,0.0314940902162302,
0.0355858769100352,0.0417369952163657,0.0447479412281887,0.05085148738312,
0.0539366046254134),.UNSPECIFIED.);
#863=B_SPLINE_CURVE_WITH_KNOTS('',3,(#7120,#7121,#7122,#7123),
 .UNSPECIFIED.,.F.,.F.,(4,4),(-0.17668029351332,-0.0173961789436638),
 .UNSPECIFIED.);
#864=B_SPLINE_CURVE_WITH_KNOTS('',3,(#7124,#7125,#7126,#7127),
 .UNSPECIFIED.,.F.,.F.,(4,4),(0.0173961789436638,0.155357186112946),
 .UNSPECIFIED.);
#865=B_SPLINE_CURVE_WITH_KNOTS('',3,(#7158,#7159,#7160,#7161,#7162,#7163,
#7164,#7165,#7166,#7167,#7168,#7169,#7170),.UNSPECIFIED.,.F.,.F.,(4,3,3,
3,4),(46.7022797820803,48.4460076769289,50.2054466911758,51.9648857054228,
52.8288521297117),.UNSPECIFIED.);
#866=B_SPLINE_CURVE_WITH_KNOTS('',3,(#7180,#7181,#7182,#7183,#7184,#7185,
#7186),.UNSPECIFIED.,.F.,.F.,(4,1,1,1,4),(-31.4494800110994,-31.0688485071395,
-30.876817995929,-30.492756973508,-30.1121346295815),.UNSPECIFIED.);
#867=B_SPLINE_CURVE_WITH_KNOTS('',3,(#7190,#7191,#7192,#7193,#7194,#7195,
#7196),.UNSPECIFIED.,.F.,.F.,(4,1,1,1,4),(-29.8786836843045,-29.4980521803446,
-29.1139911579236,-28.7299301355026,-28.5413383027866),.UNSPECIFIED.);
#868=B_SPLINE_CURVE_WITH_KNOTS('',3,(#7204,#7205,#7206,#7207,#7208,#7209,
#7210),.UNSPECIFIED.,.F.,.F.,(4,1,1,1,4),(31.6827719384322,32.0634034423919,
32.447464464813,32.831525487234,33.0201173199498),.UNSPECIFIED.);
#869=B_SPLINE_CURVE_WITH_KNOTS('',3,(#7212,#7213,#7214,#7215,#7216,#7217,
#7218),.UNSPECIFIED.,.F.,.F.,(4,1,1,1,4),(-28.3078873575096,-27.9272558535497,
-27.5431948311287,-27.1591338087077,-26.9705419759917),.UNSPECIFIED.);
#870=B_SPLINE_CURVE_WITH_KNOTS('',3,(#7220,#7221,#7222,#7223,#7224,#7225,
#7226),.UNSPECIFIED.,.F.,.F.,(4,1,1,1,4),(26.9703829580475,27.3510144620072,
27.7350754844283,27.9271059956388,28.3077283395651),.UNSPECIFIED.);
#871=B_SPLINE_CURVE_WITH_KNOTS('',3,(#7228,#7229,#7230,#7231,#7232,#7233,
#7234),.UNSPECIFIED.,.F.,.F.,(4,1,1,1,4),(-25.1662947039198,-24.7856631999599,
-24.5936326887494,-24.2095716663284,-23.8289493224019),.UNSPECIFIED.);
#872=B_SPLINE_CURVE_WITH_KNOTS('',3,(#7236,#7237,#7238,#7239,#7240,#7241,
#7242,#7243,#7244,#7245,#7246,#7247,#7248),.UNSPECIFIED.,.F.,.F.,(4,3,3,
3,4),(77.5305048376674,78.3944684066404,80.1538161534159,81.9131639001913,
83.6567593812927),.UNSPECIFIED.);
#873=B_SPLINE_CURVE_WITH_KNOTS('',3,(#7313,#7314,#7315,#7316,#7317,#7318),
 .UNSPECIFIED.,.F.,.F.,(4,2,4),(-8.58201779371269,-7.11907799702162,-6.6840540519222),
 .UNSPECIFIED.);
#874=B_SPLINE_CURVE_WITH_KNOTS('',3,(#7319,#7320,#7321,#7322,#7323,#7324,
#7325,#7326,#7327,#7328),.UNSPECIFIED.,.F.,.F.,(4,2,2,2,4),(-6.6840540519222,
-5.48784717391907,-3.67095560631891,-1.84167275393395,0.),.UNSPECIFIED.);
#875=B_SPLINE_CURVE_WITH_KNOTS('',3,(#7337,#7338,#7339,#7340,#7341,#7342,
#7343,#7344,#7345,#7346,#7347,#7348),.UNSPECIFIED.,.F.,.F.,(4,2,2,2,2,4),
(-8.75099310927263,-7.06903102407912,-5.38829078797545,-3.58040531429431,
-1.78473343109066,-0.175029965124322),.UNSPECIFIED.);
#876=B_SPLINE_CURVE_WITH_KNOTS('',3,(#7441,#7442,#7443,#7444),
 .UNSPECIFIED.,.F.,.F.,(4,4),(-0.1208,-0.0500000000000006),
 .UNSPECIFIED.);
#877=B_SPLINE_CURVE_WITH_KNOTS('',3,(#7445,#7446,#7447,#7448,#7449,#7450,
#7451),.UNSPECIFIED.,.F.,.F.,(4,3,4),(-1.05363315433287,-0.378267691895367,
-0.0502354476264333),.UNSPECIFIED.);
#878=B_SPLINE_CURVE_WITH_KNOTS('',3,(#7452,#7453,#7454,#7455),
 .UNSPECIFIED.,.F.,.F.,(4,4),(0.0351292797156692,0.0719999999999998),
 .UNSPECIFIED.);
#879=VERTEX_POINT('',#3085);
#880=VERTEX_POINT('',#3086);
#881=VERTEX_POINT('',#3091);
#882=VERTEX_POINT('',#3093);
#883=VERTEX_POINT('',#3146);
#884=VERTEX_POINT('',#3151);
#885=VERTEX_POINT('',#3189);
#886=VERTEX_POINT('',#3194);
#887=VERTEX_POINT('',#3235);
#888=VERTEX_POINT('',#3236);
#889=VERTEX_POINT('',#3241);
#890=VERTEX_POINT('',#3270);
#891=VERTEX_POINT('',#3287);
#892=VERTEX_POINT('',#3292);
#893=VERTEX_POINT('',#3335);
#894=VERTEX_POINT('',#3336);
#895=VERTEX_POINT('',#3338);
#896=VERTEX_POINT('',#3340);
#897=VERTEX_POINT('',#3373);
#898=VERTEX_POINT('',#3380);
#899=VERTEX_POINT('',#3408);
#900=VERTEX_POINT('',#3413);
#901=VERTEX_POINT('',#3418);
#902=VERTEX_POINT('',#3518);
#903=VERTEX_POINT('',#3523);
#904=VERTEX_POINT('',#3676);
#905=VERTEX_POINT('',#3677);
#906=VERTEX_POINT('',#3754);
#907=VERTEX_POINT('',#3764);
#908=VERTEX_POINT('',#3768);
#909=VERTEX_POINT('',#3772);
#910=VERTEX_POINT('',#3806);
#911=VERTEX_POINT('',#3844);
#912=VERTEX_POINT('',#3887);
#913=VERTEX_POINT('',#3891);
#914=VERTEX_POINT('',#3892);
#915=VERTEX_POINT('',#3894);
#916=VERTEX_POINT('',#3917);
#917=VERTEX_POINT('',#3918);
#918=VERTEX_POINT('',#3971);
#919=VERTEX_POINT('',#3972);
#920=VERTEX_POINT('',#3974);
#921=VERTEX_POINT('',#4027);
#922=VERTEX_POINT('',#4028);
#923=VERTEX_POINT('',#4030);
#924=VERTEX_POINT('',#4034);
#925=VERTEX_POINT('',#4035);
#926=VERTEX_POINT('',#4037);
#927=VERTEX_POINT('',#4112);
#928=VERTEX_POINT('',#4113);
#929=VERTEX_POINT('',#4188);
#930=VERTEX_POINT('',#4189);
#931=VERTEX_POINT('',#4255);
#932=VERTEX_POINT('',#4256);
#933=VERTEX_POINT('',#4341);
#934=VERTEX_POINT('',#4343);
#935=VERTEX_POINT('',#4345);
#936=VERTEX_POINT('',#4347);
#937=VERTEX_POINT('',#4353);
#938=VERTEX_POINT('',#4355);
#939=VERTEX_POINT('',#4363);
#940=VERTEX_POINT('',#4377);
#941=VERTEX_POINT('',#4400);
#942=VERTEX_POINT('',#4401);
#943=VERTEX_POINT('',#4406);
#944=VERTEX_POINT('',#4465);
#945=VERTEX_POINT('',#4467);
#946=VERTEX_POINT('',#4490);
#947=VERTEX_POINT('',#4491);
#948=VERTEX_POINT('',#4547);
#949=VERTEX_POINT('',#4548);
#950=VERTEX_POINT('',#4616);
#951=VERTEX_POINT('',#4617);
#952=VERTEX_POINT('',#4688);
#953=VERTEX_POINT('',#4715);
#954=VERTEX_POINT('',#4720);
#955=VERTEX_POINT('',#4725);
#956=VERTEX_POINT('',#4795);
#957=VERTEX_POINT('',#4796);
#958=VERTEX_POINT('',#4798);
#959=VERTEX_POINT('',#4802);
#960=VERTEX_POINT('',#4803);
#961=VERTEX_POINT('',#4805);
#962=VERTEX_POINT('',#4828);
#963=VERTEX_POINT('',#4829);
#964=VERTEX_POINT('',#4885);
#965=VERTEX_POINT('',#4886);
#966=VERTEX_POINT('',#4888);
#967=VERTEX_POINT('',#4911);
#968=VERTEX_POINT('',#4912);
#969=VERTEX_POINT('',#4965);
#970=VERTEX_POINT('',#4966);
#971=VERTEX_POINT('',#4968);
#972=VERTEX_POINT('',#5043);
#973=VERTEX_POINT('',#5044);
#974=VERTEX_POINT('',#5159);
#975=VERTEX_POINT('',#5160);
#976=VERTEX_POINT('',#5245);
#977=VERTEX_POINT('',#5246);
#978=VERTEX_POINT('',#5248);
#979=VERTEX_POINT('',#5252);
#980=VERTEX_POINT('',#5253);
#981=VERTEX_POINT('',#5255);
#982=VERTEX_POINT('',#5262);
#983=VERTEX_POINT('',#5263);
#984=VERTEX_POINT('',#5265);
#985=VERTEX_POINT('',#5288);
#986=VERTEX_POINT('',#5289);
#987=VERTEX_POINT('',#5342);
#988=VERTEX_POINT('',#5343);
#989=VERTEX_POINT('',#5345);
#990=VERTEX_POINT('',#5420);
#991=VERTEX_POINT('',#5421);
#992=VERTEX_POINT('',#5536);
#993=VERTEX_POINT('',#5537);
#994=VERTEX_POINT('',#5609);
#995=VERTEX_POINT('',#5610);
#996=VERTEX_POINT('',#5695);
#997=VERTEX_POINT('',#5773);
#998=VERTEX_POINT('',#5774);
#999=VERTEX_POINT('',#5776);
#1000=VERTEX_POINT('',#5780);
#1001=VERTEX_POINT('',#5781);
#1002=VERTEX_POINT('',#5783);
#1003=VERTEX_POINT('',#5790);
#1004=VERTEX_POINT('',#5791);
#1005=VERTEX_POINT('',#5793);
#1006=VERTEX_POINT('',#5797);
#1007=VERTEX_POINT('',#5798);
#1008=VERTEX_POINT('',#5800);
#1009=VERTEX_POINT('',#5875);
#1010=VERTEX_POINT('',#5876);
#1011=VERTEX_POINT('',#5991);
#1012=VERTEX_POINT('',#5992);
#1013=VERTEX_POINT('',#6064);
#1014=VERTEX_POINT('',#6065);
#1015=VERTEX_POINT('',#6137);
#1016=VERTEX_POINT('',#6138);
#1017=VERTEX_POINT('',#6223);
#1018=VERTEX_POINT('',#6224);
#1019=VERTEX_POINT('',#6226);
#1020=VERTEX_POINT('',#6230);
#1021=VERTEX_POINT('',#6232);
#1022=VERTEX_POINT('',#6234);
#1023=VERTEX_POINT('',#6277);
#1024=VERTEX_POINT('',#6278);
#1025=VERTEX_POINT('',#6280);
#1026=VERTEX_POINT('',#6333);
#1027=VERTEX_POINT('',#6335);
#1028=VERTEX_POINT('',#6337);
#1029=VERTEX_POINT('',#6405);
#1030=VERTEX_POINT('',#6410);
#1031=VERTEX_POINT('',#6478);
#1032=VERTEX_POINT('',#6479);
#1033=VERTEX_POINT('',#6545);
#1034=VERTEX_POINT('',#6546);
#1035=VERTEX_POINT('',#6618);
#1036=VERTEX_POINT('',#6623);
#1037=VERTEX_POINT('',#6717);
#1038=VERTEX_POINT('',#6718);
#1039=VERTEX_POINT('',#6720);
#1040=VERTEX_POINT('',#6743);
#1041=VERTEX_POINT('',#6744);
#1042=VERTEX_POINT('',#6797);
#1043=VERTEX_POINT('',#6798);
#1044=VERTEX_POINT('',#6800);
#1045=VERTEX_POINT('',#6804);
#1046=VERTEX_POINT('',#6805);
#1047=VERTEX_POINT('',#6807);
#1048=VERTEX_POINT('',#6860);
#1049=VERTEX_POINT('',#6861);
#1050=VERTEX_POINT('',#6863);
#1051=VERTEX_POINT('',#6938);
#1052=VERTEX_POINT('',#6939);
#1053=VERTEX_POINT('',#7011);
#1054=VERTEX_POINT('',#7012);
#1055=VERTEX_POINT('',#7081);
#1056=VERTEX_POINT('',#7082);
#1057=VERTEX_POINT('',#7173);
#1058=VERTEX_POINT('',#7175);
#1059=VERTEX_POINT('',#7177);
#1060=VERTEX_POINT('',#7187);
#1061=VERTEX_POINT('',#7197);
#1062=VERTEX_POINT('',#7199);
#1063=VERTEX_POINT('',#7312);
#1064=VERTEX_POINT('',#7330);
#1065=VERTEX_POINT('',#7332);
#1066=VERTEX_POINT('',#7439);
#1067=VERTEX_POINT('',#7440);
#1068=VERTEX_POINT('',#7639);
#1069=VERTEX_POINT('',#7652);
#1070=VERTEX_POINT('',#7653);
#1071=VERTEX_POINT('',#7655);
#1072=VERTEX_POINT('',#7657);
#1073=VERTEX_POINT('',#7661);
#1074=VERTEX_POINT('',#7662);
#1075=VERTEX_POINT('',#7667);
#1076=VERTEX_POINT('',#7671);
#1077=VERTEX_POINT('',#7672);
#1078=VERTEX_POINT('',#7674);
#1079=VERTEX_POINT('',#7676);
#1080=VERTEX_POINT('',#7680);
#1081=VERTEX_POINT('',#7681);
#1082=VERTEX_POINT('',#7686);
#1083=VERTEX_POINT('',#7691);
#1084=VERTEX_POINT('',#7697);
#1085=VERTEX_POINT('',#7699);
#1086=VERTEX_POINT('',#7703);
#1087=VERTEX_POINT('',#7707);
#1088=VERTEX_POINT('',#7713);
#1089=VERTEX_POINT('',#7719);
#1090=VERTEX_POINT('',#7721);
#1091=VERTEX_POINT('',#7725);
#1092=VERTEX_POINT('',#7729);
#1093=EDGE_CURVE('',#879,#880,#706,.T.);
#1094=EDGE_CURVE('',#880,#881,#607,.T.);
#1095=EDGE_CURVE('',#881,#882,#707,.T.);
#1096=EDGE_CURVE('',#882,#879,#708,.T.);
#1097=EDGE_CURVE('',#882,#883,#709,.T.);
#1098=EDGE_CURVE('',#883,#884,#710,.T.);
#1099=EDGE_CURVE('',#884,#885,#711,.T.);
#1100=EDGE_CURVE('',#885,#886,#712,.T.);
#1101=EDGE_CURVE('',#886,#879,#713,.T.);
#1102=EDGE_CURVE('',#887,#888,#714,.T.);
#1103=EDGE_CURVE('',#888,#889,#715,.T.);
#1104=EDGE_CURVE('',#889,#890,#716,.T.);
#1105=EDGE_CURVE('',#890,#891,#717,.T.);
#1106=EDGE_CURVE('',#891,#892,#718,.T.);
#1107=EDGE_CURVE('',#892,#887,#719,.T.);
#1108=EDGE_CURVE('',#893,#894,#608,.T.);
#1109=EDGE_CURVE('',#894,#895,#86,.T.);
#1110=EDGE_CURVE('',#895,#896,#609,.F.);
#1111=EDGE_CURVE('',#896,#893,#87,.T.);
#1112=EDGE_CURVE('',#893,#897,#720,.T.);
#1113=EDGE_CURVE('',#897,#898,#610,.T.);
#1114=EDGE_CURVE('',#898,#894,#721,.T.);
#1115=EDGE_CURVE('',#899,#898,#722,.T.);
#1116=EDGE_CURVE('',#897,#900,#723,.T.);
#1117=EDGE_CURVE('',#900,#901,#724,.T.);
#1118=EDGE_CURVE('',#901,#899,#88,.T.);
#1119=EDGE_CURVE('',#888,#901,#725,.T.);
#1120=EDGE_CURVE('',#900,#889,#726,.T.);
#1121=EDGE_CURVE('',#883,#887,#727,.T.);
#1122=EDGE_CURVE('',#902,#892,#728,.T.);
#1123=EDGE_CURVE('',#902,#903,#729,.T.);
#1124=EDGE_CURVE('',#884,#903,#730,.T.);
#1125=EDGE_CURVE('',#904,#905,#731,.F.);
#1126=EDGE_CURVE('',#905,#881,#732,.T.);
#1127=EDGE_CURVE('',#880,#904,#733,.T.);
#1128=EDGE_CURVE('',#886,#906,#734,.T.);
#1129=EDGE_CURVE('',#906,#880,#735,.T.);
#1130=EDGE_CURVE('',#885,#907,#89,.T.);
#1131=EDGE_CURVE('',#906,#907,#90,.T.);
#1132=EDGE_CURVE('',#908,#891,#91,.T.);
#1133=EDGE_CURVE('',#907,#908,#611,.T.);
#1134=EDGE_CURVE('',#909,#890,#736,.T.);
#1135=EDGE_CURVE('',#908,#909,#92,.T.);
#1136=EDGE_CURVE('',#910,#897,#737,.T.);
#1137=EDGE_CURVE('',#910,#909,#738,.T.);
#1138=EDGE_CURVE('',#893,#911,#739,.T.);
#1139=EDGE_CURVE('',#911,#910,#740,.F.);
#1140=EDGE_CURVE('',#896,#912,#93,.T.);
#1141=EDGE_CURVE('',#911,#912,#94,.T.);
#1142=EDGE_CURVE('',#913,#914,#612,.F.);
#1143=EDGE_CURVE('',#915,#913,#613,.F.);
#1144=EDGE_CURVE('',#914,#915,#614,.F.);
#1145=EDGE_CURVE('',#916,#917,#741,.F.);
#1146=EDGE_CURVE('',#917,#915,#742,.T.);
#1147=EDGE_CURVE('',#913,#916,#743,.T.);
#1148=EDGE_CURVE('',#918,#919,#615,.F.);
#1149=EDGE_CURVE('',#920,#918,#616,.F.);
#1150=EDGE_CURVE('',#919,#920,#617,.F.);
#1151=EDGE_CURVE('',#914,#920,#744,.T.);
#1152=EDGE_CURVE('',#918,#913,#745,.T.);
#1153=EDGE_CURVE('',#921,#922,#618,.F.);
#1154=EDGE_CURVE('',#923,#921,#619,.F.);
#1155=EDGE_CURVE('',#922,#923,#620,.F.);
#1156=EDGE_CURVE('',#924,#925,#621,.F.);
#1157=EDGE_CURVE('',#926,#924,#622,.F.);
#1158=EDGE_CURVE('',#925,#926,#623,.F.);
#1159=EDGE_CURVE('',#920,#926,#95,.T.);
#1160=EDGE_CURVE('',#924,#919,#96,.T.);
#1161=EDGE_CURVE('',#926,#923,#746,.T.);
#1162=EDGE_CURVE('',#921,#925,#747,.T.);
#1163=EDGE_CURVE('',#927,#928,#748,.F.);
#1164=EDGE_CURVE('',#928,#924,#749,.T.);
#1165=EDGE_CURVE('',#925,#927,#750,.T.);
#1166=EDGE_CURVE('',#923,#914,#97,.T.);
#1167=EDGE_CURVE('',#915,#922,#98,.T.);
#1168=EDGE_CURVE('',#929,#930,#751,.F.);
#1169=EDGE_CURVE('',#930,#921,#752,.T.);
#1170=EDGE_CURVE('',#922,#929,#753,.T.);
#1171=EDGE_CURVE('',#931,#932,#754,.F.);
#1172=EDGE_CURVE('',#932,#918,#755,.T.);
#1173=EDGE_CURVE('',#919,#931,#756,.T.);
#1174=EDGE_CURVE('',#929,#917,#99,.T.);
#1175=EDGE_CURVE('',#916,#932,#757,.T.);
#1176=EDGE_CURVE('',#899,#933,#100,.T.);
#1177=EDGE_CURVE('',#933,#934,#624,.T.);
#1178=EDGE_CURVE('',#935,#934,#101,.T.);
#1179=EDGE_CURVE('',#936,#935,#758,.T.);
#1180=EDGE_CURVE('',#937,#936,#102,.T.);
#1181=EDGE_CURVE('',#938,#937,#759,.T.);
#1182=EDGE_CURVE('',#939,#938,#760,.T.);
#1183=EDGE_CURVE('',#939,#940,#103,.T.);
#1184=EDGE_CURVE('',#940,#895,#625,.T.);
#1185=EDGE_CURVE('',#941,#942,#761,.T.);
#1186=EDGE_CURVE('',#942,#943,#762,.F.);
#1187=EDGE_CURVE('',#943,#939,#763,.T.);
#1188=EDGE_CURVE('',#938,#941,#764,.T.);
#1189=EDGE_CURVE('',#944,#936,#626,.F.);
#1190=EDGE_CURVE('',#945,#944,#627,.F.);
#1191=EDGE_CURVE('',#936,#945,#628,.F.);
#1192=EDGE_CURVE('',#946,#947,#765,.F.);
#1193=EDGE_CURVE('',#947,#945,#766,.T.);
#1194=EDGE_CURVE('',#944,#946,#767,.T.);
#1195=EDGE_CURVE('',#948,#949,#629,.F.);
#1196=EDGE_CURVE('',#937,#948,#630,.F.);
#1197=EDGE_CURVE('',#949,#937,#631,.F.);
#1198=EDGE_CURVE('',#948,#941,#768,.T.);
#1199=EDGE_CURVE('',#945,#949,#104,.T.);
#1200=EDGE_CURVE('',#950,#951,#769,.F.);
#1201=EDGE_CURVE('',#951,#948,#770,.T.);
#1202=EDGE_CURVE('',#949,#950,#771,.T.);
#1203=EDGE_CURVE('',#935,#952,#772,.F.);
#1204=EDGE_CURVE('',#952,#944,#773,.T.);
#1205=EDGE_CURVE('',#953,#947,#774,.T.);
#1206=EDGE_CURVE('',#954,#953,#775,.T.);
#1207=EDGE_CURVE('',#954,#955,#105,.T.);
#1208=EDGE_CURVE('',#950,#955,#106,.T.);
#1209=EDGE_CURVE('',#946,#952,#776,.T.);
#1210=EDGE_CURVE('',#956,#957,#632,.F.);
#1211=EDGE_CURVE('',#958,#956,#633,.F.);
#1212=EDGE_CURVE('',#957,#958,#634,.F.);
#1213=EDGE_CURVE('',#959,#960,#635,.F.);
#1214=EDGE_CURVE('',#961,#959,#636,.F.);
#1215=EDGE_CURVE('',#960,#961,#637,.F.);
#1216=EDGE_CURVE('',#962,#963,#777,.F.);
#1217=EDGE_CURVE('',#963,#961,#778,.T.);
#1218=EDGE_CURVE('',#959,#962,#779,.T.);
#1219=EDGE_CURVE('',#958,#960,#107,.T.);
#1220=EDGE_CURVE('',#961,#957,#108,.T.);
#1221=EDGE_CURVE('',#964,#965,#638,.F.);
#1222=EDGE_CURVE('',#966,#964,#639,.F.);
#1223=EDGE_CURVE('',#965,#966,#640,.F.);
#1224=EDGE_CURVE('',#967,#968,#780,.F.);
#1225=EDGE_CURVE('',#968,#966,#781,.T.);
#1226=EDGE_CURVE('',#964,#967,#782,.T.);
#1227=EDGE_CURVE('',#969,#970,#641,.F.);
#1228=EDGE_CURVE('',#971,#969,#642,.F.);
#1229=EDGE_CURVE('',#970,#971,#643,.F.);
#1230=EDGE_CURVE('',#960,#971,#783,.T.);
#1231=EDGE_CURVE('',#969,#959,#784,.T.);
#1232=EDGE_CURVE('',#971,#965,#109,.T.);
#1233=EDGE_CURVE('',#966,#970,#110,.T.);
#1234=EDGE_CURVE('',#972,#973,#785,.F.);
#1235=EDGE_CURVE('',#973,#969,#786,.T.);
#1236=EDGE_CURVE('',#970,#972,#787,.T.);
#1237=EDGE_CURVE('',#965,#958,#788,.T.);
#1238=EDGE_CURVE('',#956,#964,#789,.T.);
#1239=EDGE_CURVE('',#974,#975,#790,.F.);
#1240=EDGE_CURVE('',#975,#956,#791,.T.);
#1241=EDGE_CURVE('',#957,#974,#792,.T.);
#1242=EDGE_CURVE('',#972,#968,#111,.T.);
#1243=EDGE_CURVE('',#967,#975,#793,.T.);
#1244=EDGE_CURVE('',#976,#977,#644,.F.);
#1245=EDGE_CURVE('',#978,#976,#645,.F.);
#1246=EDGE_CURVE('',#977,#978,#646,.F.);
#1247=EDGE_CURVE('',#979,#980,#647,.F.);
#1248=EDGE_CURVE('',#981,#979,#648,.F.);
#1249=EDGE_CURVE('',#980,#981,#649,.F.);
#1250=EDGE_CURVE('',#978,#981,#112,.T.);
#1251=EDGE_CURVE('',#979,#977,#113,.T.);
#1252=EDGE_CURVE('',#982,#983,#650,.F.);
#1253=EDGE_CURVE('',#984,#982,#651,.F.);
#1254=EDGE_CURVE('',#983,#984,#652,.F.);
#1255=EDGE_CURVE('',#985,#986,#794,.F.);
#1256=EDGE_CURVE('',#986,#984,#795,.T.);
#1257=EDGE_CURVE('',#982,#985,#796,.T.);
#1258=EDGE_CURVE('',#987,#988,#653,.F.);
#1259=EDGE_CURVE('',#989,#987,#654,.F.);
#1260=EDGE_CURVE('',#988,#989,#655,.F.);
#1261=EDGE_CURVE('',#981,#989,#797,.T.);
#1262=EDGE_CURVE('',#987,#980,#798,.T.);
#1263=EDGE_CURVE('',#989,#983,#114,.T.);
#1264=EDGE_CURVE('',#984,#988,#115,.T.);
#1265=EDGE_CURVE('',#990,#991,#799,.F.);
#1266=EDGE_CURVE('',#991,#987,#800,.T.);
#1267=EDGE_CURVE('',#988,#990,#801,.T.);
#1268=EDGE_CURVE('',#983,#978,#802,.T.);
#1269=EDGE_CURVE('',#976,#982,#803,.T.);
#1270=EDGE_CURVE('',#992,#993,#804,.F.);
#1271=EDGE_CURVE('',#993,#979,#805,.T.);
#1272=EDGE_CURVE('',#980,#992,#806,.T.);
#1273=EDGE_CURVE('',#994,#995,#807,.F.);
#1274=EDGE_CURVE('',#995,#976,#808,.T.);
#1275=EDGE_CURVE('',#977,#994,#809,.T.);
#1276=EDGE_CURVE('',#990,#986,#116,.T.);
#1277=EDGE_CURVE('',#996,#995,#810,.T.);
#1278=EDGE_CURVE('',#985,#996,#811,.T.);
#1279=EDGE_CURVE('',#997,#998,#656,.F.);
#1280=EDGE_CURVE('',#999,#997,#657,.F.);
#1281=EDGE_CURVE('',#998,#999,#658,.F.);
#1282=EDGE_CURVE('',#1000,#1001,#659,.F.);
#1283=EDGE_CURVE('',#1002,#1000,#660,.F.);
#1284=EDGE_CURVE('',#1001,#1002,#661,.F.);
#1285=EDGE_CURVE('',#999,#1002,#117,.T.);
#1286=EDGE_CURVE('',#1000,#998,#118,.T.);
#1287=EDGE_CURVE('',#1003,#1004,#662,.F.);
#1288=EDGE_CURVE('',#1005,#1003,#663,.F.);
#1289=EDGE_CURVE('',#1004,#1005,#664,.F.);
#1290=EDGE_CURVE('',#1006,#1007,#665,.F.);
#1291=EDGE_CURVE('',#1008,#1006,#666,.F.);
#1292=EDGE_CURVE('',#1007,#1008,#667,.F.);
#1293=EDGE_CURVE('',#1002,#1008,#812,.T.);
#1294=EDGE_CURVE('',#1006,#1001,#813,.T.);
#1295=EDGE_CURVE('',#1008,#1005,#119,.T.);
#1296=EDGE_CURVE('',#1003,#1007,#120,.T.);
#1297=EDGE_CURVE('',#1009,#1010,#814,.F.);
#1298=EDGE_CURVE('',#1010,#1006,#815,.T.);
#1299=EDGE_CURVE('',#1007,#1009,#816,.T.);
#1300=EDGE_CURVE('',#1005,#999,#817,.T.);
#1301=EDGE_CURVE('',#997,#1004,#818,.T.);
#1302=EDGE_CURVE('',#1011,#1012,#819,.F.);
#1303=EDGE_CURVE('',#1012,#1003,#820,.T.);
#1304=EDGE_CURVE('',#1004,#1011,#821,.T.);
#1305=EDGE_CURVE('',#1013,#1014,#822,.F.);
#1306=EDGE_CURVE('',#1014,#1000,#823,.T.);
#1307=EDGE_CURVE('',#1001,#1013,#824,.T.);
#1308=EDGE_CURVE('',#1015,#1016,#825,.F.);
#1309=EDGE_CURVE('',#1016,#997,#826,.T.);
#1310=EDGE_CURVE('',#998,#1015,#827,.T.);
#1311=EDGE_CURVE('',#1009,#1012,#121,.T.);
#1312=EDGE_CURVE('',#1011,#1016,#828,.T.);
#1313=EDGE_CURVE('',#1017,#1018,#668,.F.);
#1314=EDGE_CURVE('',#1019,#1017,#669,.F.);
#1315=EDGE_CURVE('',#1018,#1019,#670,.F.);
#1316=EDGE_CURVE('',#1020,#1019,#122,.T.);
#1317=EDGE_CURVE('',#1017,#1021,#123,.T.);
#1318=EDGE_CURVE('',#1021,#1022,#829,.T.);
#1319=EDGE_CURVE('',#1022,#1020,#830,.T.);
#1320=EDGE_CURVE('',#1023,#1024,#671,.F.);
#1321=EDGE_CURVE('',#1025,#1023,#672,.F.);
#1322=EDGE_CURVE('',#1024,#1025,#673,.F.);
#1323=EDGE_CURVE('',#1019,#1025,#831,.T.);
#1324=EDGE_CURVE('',#1023,#1018,#832,.T.);
#1325=EDGE_CURVE('',#1026,#1024,#124,.T.);
#1326=EDGE_CURVE('',#1025,#1027,#125,.T.);
#1327=EDGE_CURVE('',#1027,#1028,#833,.T.);
#1328=EDGE_CURVE('',#1028,#1026,#834,.T.);
#1329=EDGE_CURVE('',#1028,#1029,#835,.T.);
#1330=EDGE_CURVE('',#1029,#1030,#836,.F.);
#1331=EDGE_CURVE('',#1030,#1026,#837,.T.);
#1332=EDGE_CURVE('',#1031,#1032,#838,.F.);
#1333=EDGE_CURVE('',#1032,#1023,#839,.T.);
#1334=EDGE_CURVE('',#1024,#1031,#840,.T.);
#1335=EDGE_CURVE('',#1033,#1034,#841,.F.);
#1336=EDGE_CURVE('',#1034,#1017,#842,.T.);
#1337=EDGE_CURVE('',#1018,#1033,#843,.T.);
#1338=EDGE_CURVE('',#1021,#1035,#844,.T.);
#1339=EDGE_CURVE('',#1035,#1036,#845,.F.);
#1340=EDGE_CURVE('',#1036,#1022,#846,.T.);
#1341=EDGE_CURVE('',#1031,#1030,#126,.T.);
#1342=EDGE_CURVE('',#1020,#1027,#847,.F.);
#1343=EDGE_CURVE('',#1029,#1036,#848,.T.);
#1344=EDGE_CURVE('',#1037,#1038,#674,.F.);
#1345=EDGE_CURVE('',#1039,#1037,#675,.F.);
#1346=EDGE_CURVE('',#1038,#1039,#676,.F.);
#1347=EDGE_CURVE('',#1040,#1041,#849,.F.);
#1348=EDGE_CURVE('',#1041,#1039,#850,.T.);
#1349=EDGE_CURVE('',#1037,#1040,#851,.T.);
#1350=EDGE_CURVE('',#1042,#1043,#677,.F.);
#1351=EDGE_CURVE('',#1044,#1042,#678,.F.);
#1352=EDGE_CURVE('',#1043,#1044,#679,.F.);
#1353=EDGE_CURVE('',#1045,#1046,#680,.F.);
#1354=EDGE_CURVE('',#1047,#1045,#681,.F.);
#1355=EDGE_CURVE('',#1046,#1047,#682,.F.);
#1356=EDGE_CURVE('',#1038,#1047,#852,.T.);
#1357=EDGE_CURVE('',#1045,#1037,#853,.T.);
#1358=EDGE_CURVE('',#1048,#1049,#683,.F.);
#1359=EDGE_CURVE('',#1050,#1048,#684,.F.);
#1360=EDGE_CURVE('',#1049,#1050,#685,.F.);
#1361=EDGE_CURVE('',#1047,#1050,#127,.T.);
#1362=EDGE_CURVE('',#1048,#1046,#128,.T.);
#1363=EDGE_CURVE('',#1050,#1044,#854,.T.);
#1364=EDGE_CURVE('',#1042,#1049,#855,.T.);
#1365=EDGE_CURVE('',#1051,#1052,#856,.F.);
#1366=EDGE_CURVE('',#1052,#1048,#857,.T.);
#1367=EDGE_CURVE('',#1049,#1051,#858,.T.);
#1368=EDGE_CURVE('',#1053,#1054,#859,.F.);
#1369=EDGE_CURVE('',#1054,#1045,#860,.T.);
#1370=EDGE_CURVE('',#1046,#1053,#861,.T.);
#1371=EDGE_CURVE('',#1044,#1038,#129,.T.);
#1372=EDGE_CURVE('',#1039,#1043,#130,.T.);
#1373=EDGE_CURVE('',#1055,#1056,#862,.F.);
#1374=EDGE_CURVE('',#1056,#1042,#863,.T.);
#1375=EDGE_CURVE('',#1043,#1055,#864,.T.);
#1376=EDGE_CURVE('',#1052,#1053,#131,.T.);
#1377=EDGE_CURVE('',#1056,#1051,#865,.F.);
#1378=EDGE_CURVE('',#1057,#1057,#686,.T.);
#1379=EDGE_CURVE('',#1057,#1058,#132,.T.);
#1380=EDGE_CURVE('',#1058,#1059,#687,.T.);
#1381=EDGE_CURVE('',#1059,#943,#133,.T.);
#1382=EDGE_CURVE('',#942,#951,#866,.T.);
#1383=EDGE_CURVE('',#955,#1060,#688,.T.);
#1384=EDGE_CURVE('',#1060,#993,#134,.T.);
#1385=EDGE_CURVE('',#992,#991,#867,.T.);
#1386=EDGE_CURVE('',#996,#1061,#135,.T.);
#1387=EDGE_CURVE('',#1061,#1062,#689,.T.);
#1388=EDGE_CURVE('',#1062,#905,#136,.T.);
#1389=EDGE_CURVE('',#912,#1058,#690,.T.);
#1390=EDGE_CURVE('',#931,#928,#137,.T.);
#1391=EDGE_CURVE('',#927,#930,#868,.T.);
#1392=EDGE_CURVE('',#1015,#1014,#138,.T.);
#1393=EDGE_CURVE('',#1013,#1010,#869,.T.);
#1394=EDGE_CURVE('',#1035,#1034,#139,.T.);
#1395=EDGE_CURVE('',#1033,#1032,#870,.T.);
#1396=EDGE_CURVE('',#974,#963,#140,.T.);
#1397=EDGE_CURVE('',#962,#973,#871,.T.);
#1398=EDGE_CURVE('',#1055,#1041,#141,.T.);
#1399=EDGE_CURVE('',#1040,#1054,#872,.T.);
#1400=EDGE_CURVE('',#1062,#1063,#873,.T.);
#1401=EDGE_CURVE('',#1063,#933,#874,.T.);
#1402=EDGE_CURVE('',#1064,#1064,#691,.T.);
#1403=EDGE_CURVE('',#1064,#1065,#142,.T.);
#1404=EDGE_CURVE('',#1065,#1065,#692,.F.);
#1405=EDGE_CURVE('',#1065,#1063,#143,.T.);
#1406=EDGE_CURVE('',#934,#1061,#875,.T.);
#1407=EDGE_CURVE('',#1066,#1067,#876,.T.);
#1408=EDGE_CURVE('',#1067,#954,#877,.T.);
#1409=EDGE_CURVE('',#994,#1066,#878,.T.);
#1410=EDGE_CURVE('',#1059,#940,#144,.T.);
#1411=EDGE_CURVE('',#1060,#1067,#145,.T.);
#1412=EDGE_CURVE('',#1057,#1068,#15,.T.);
#1413=EDGE_CURVE('',#1068,#1068,#693,.T.);
#1414=EDGE_CURVE('',#1069,#1070,#694,.T.);
#1415=EDGE_CURVE('',#1071,#1069,#146,.T.);
#1416=EDGE_CURVE('',#1072,#1071,#695,.T.);
#1417=EDGE_CURVE('',#1070,#1072,#147,.T.);
#1418=EDGE_CURVE('',#1073,#1074,#148,.T.);
#1419=EDGE_CURVE('',#1073,#1070,#149,.T.);
#1420=EDGE_CURVE('',#1074,#1072,#150,.T.);
#1421=EDGE_CURVE('',#1074,#1075,#696,.T.);
#1422=EDGE_CURVE('',#1075,#1071,#151,.T.);
#1423=EDGE_CURVE('',#1076,#1077,#697,.T.);
#1424=EDGE_CURVE('',#1078,#1076,#152,.T.);
#1425=EDGE_CURVE('',#1079,#1078,#698,.T.);
#1426=EDGE_CURVE('',#1077,#1079,#153,.T.);
#1427=EDGE_CURVE('',#1080,#1081,#154,.T.);
#1428=EDGE_CURVE('',#1080,#1077,#155,.T.);
#1429=EDGE_CURVE('',#1081,#1079,#156,.T.);
#1430=EDGE_CURVE('',#1081,#1082,#699,.T.);
#1431=EDGE_CURVE('',#1082,#1078,#157,.T.);
#1432=EDGE_CURVE('',#1075,#1083,#158,.T.);
#1433=EDGE_CURVE('',#1083,#1069,#159,.T.);
#1434=EDGE_CURVE('',#1083,#1073,#700,.T.);
#1435=EDGE_CURVE('',#1084,#1075,#160,.T.);
#1436=EDGE_CURVE('',#1084,#1085,#701,.T.);
#1437=EDGE_CURVE('',#1074,#1085,#161,.T.);
#1438=EDGE_CURVE('',#1085,#1086,#162,.T.);
#1439=EDGE_CURVE('',#1073,#1086,#163,.T.);
#1440=EDGE_CURVE('',#1086,#1087,#702,.T.);
#1441=EDGE_CURVE('',#1083,#1087,#164,.T.);
#1442=EDGE_CURVE('',#1087,#1084,#165,.T.);
#1443=EDGE_CURVE('',#1082,#1088,#166,.T.);
#1444=EDGE_CURVE('',#1088,#1076,#167,.T.);
#1445=EDGE_CURVE('',#1088,#1080,#703,.T.);
#1446=EDGE_CURVE('',#1089,#1082,#168,.T.);
#1447=EDGE_CURVE('',#1089,#1090,#704,.T.);
#1448=EDGE_CURVE('',#1081,#1090,#169,.T.);
#1449=EDGE_CURVE('',#1090,#1091,#170,.T.);
#1450=EDGE_CURVE('',#1080,#1091,#171,.T.);
#1451=EDGE_CURVE('',#1091,#1092,#705,.T.);
#1452=EDGE_CURVE('',#1088,#1092,#172,.T.);
#1453=EDGE_CURVE('',#1092,#1089,#173,.T.);
#1454=ORIENTED_EDGE('',*,*,#1093,.T.);
#1455=ORIENTED_EDGE('',*,*,#1094,.T.);
#1456=ORIENTED_EDGE('',*,*,#1095,.T.);
#1457=ORIENTED_EDGE('',*,*,#1096,.T.);
#1458=ORIENTED_EDGE('',*,*,#1097,.T.);
#1459=ORIENTED_EDGE('',*,*,#1098,.T.);
#1460=ORIENTED_EDGE('',*,*,#1099,.T.);
#1461=ORIENTED_EDGE('',*,*,#1100,.T.);
#1462=ORIENTED_EDGE('',*,*,#1101,.T.);
#1463=ORIENTED_EDGE('',*,*,#1096,.F.);
#1464=ORIENTED_EDGE('',*,*,#1102,.T.);
#1465=ORIENTED_EDGE('',*,*,#1103,.T.);
#1466=ORIENTED_EDGE('',*,*,#1104,.T.);
#1467=ORIENTED_EDGE('',*,*,#1105,.T.);
#1468=ORIENTED_EDGE('',*,*,#1106,.T.);
#1469=ORIENTED_EDGE('',*,*,#1107,.T.);
#1470=ORIENTED_EDGE('',*,*,#1108,.T.);
#1471=ORIENTED_EDGE('',*,*,#1109,.T.);
#1472=ORIENTED_EDGE('',*,*,#1110,.T.);
#1473=ORIENTED_EDGE('',*,*,#1111,.T.);
#1474=ORIENTED_EDGE('',*,*,#1108,.F.);
#1475=ORIENTED_EDGE('',*,*,#1112,.T.);
#1476=ORIENTED_EDGE('',*,*,#1113,.T.);
#1477=ORIENTED_EDGE('',*,*,#1114,.T.);
#1478=ORIENTED_EDGE('',*,*,#1115,.T.);
#1479=ORIENTED_EDGE('',*,*,#1113,.F.);
#1480=ORIENTED_EDGE('',*,*,#1116,.T.);
#1481=ORIENTED_EDGE('',*,*,#1117,.T.);
#1482=ORIENTED_EDGE('',*,*,#1118,.T.);
#1483=ORIENTED_EDGE('',*,*,#1119,.T.);
#1484=ORIENTED_EDGE('',*,*,#1117,.F.);
#1485=ORIENTED_EDGE('',*,*,#1120,.T.);
#1486=ORIENTED_EDGE('',*,*,#1103,.F.);
#1487=ORIENTED_EDGE('',*,*,#1121,.T.);
#1488=ORIENTED_EDGE('',*,*,#1107,.F.);
#1489=ORIENTED_EDGE('',*,*,#1122,.F.);
#1490=ORIENTED_EDGE('',*,*,#1123,.T.);
#1491=ORIENTED_EDGE('',*,*,#1124,.F.);
#1492=ORIENTED_EDGE('',*,*,#1098,.F.);
#1493=ORIENTED_EDGE('',*,*,#1125,.T.);
#1494=ORIENTED_EDGE('',*,*,#1126,.T.);
#1495=ORIENTED_EDGE('',*,*,#1094,.F.);
#1496=ORIENTED_EDGE('',*,*,#1127,.T.);
#1497=ORIENTED_EDGE('',*,*,#1093,.F.);
#1498=ORIENTED_EDGE('',*,*,#1101,.F.);
#1499=ORIENTED_EDGE('',*,*,#1128,.T.);
#1500=ORIENTED_EDGE('',*,*,#1129,.T.);
#1501=ORIENTED_EDGE('',*,*,#1100,.F.);
#1502=ORIENTED_EDGE('',*,*,#1130,.T.);
#1503=ORIENTED_EDGE('',*,*,#1131,.F.);
#1504=ORIENTED_EDGE('',*,*,#1128,.F.);
#1505=ORIENTED_EDGE('',*,*,#1123,.F.);
#1506=ORIENTED_EDGE('',*,*,#1122,.T.);
#1507=ORIENTED_EDGE('',*,*,#1106,.F.);
#1508=ORIENTED_EDGE('',*,*,#1132,.F.);
#1509=ORIENTED_EDGE('',*,*,#1133,.F.);
#1510=ORIENTED_EDGE('',*,*,#1130,.F.);
#1511=ORIENTED_EDGE('',*,*,#1099,.F.);
#1512=ORIENTED_EDGE('',*,*,#1124,.T.);
#1513=ORIENTED_EDGE('',*,*,#1105,.F.);
#1514=ORIENTED_EDGE('',*,*,#1134,.F.);
#1515=ORIENTED_EDGE('',*,*,#1135,.F.);
#1516=ORIENTED_EDGE('',*,*,#1132,.T.);
#1517=ORIENTED_EDGE('',*,*,#1104,.F.);
#1518=ORIENTED_EDGE('',*,*,#1120,.F.);
#1519=ORIENTED_EDGE('',*,*,#1116,.F.);
#1520=ORIENTED_EDGE('',*,*,#1136,.F.);
#1521=ORIENTED_EDGE('',*,*,#1137,.T.);
#1522=ORIENTED_EDGE('',*,*,#1134,.T.);
#1523=ORIENTED_EDGE('',*,*,#1112,.F.);
#1524=ORIENTED_EDGE('',*,*,#1138,.T.);
#1525=ORIENTED_EDGE('',*,*,#1139,.T.);
#1526=ORIENTED_EDGE('',*,*,#1136,.T.);
#1527=ORIENTED_EDGE('',*,*,#1111,.F.);
#1528=ORIENTED_EDGE('',*,*,#1140,.T.);
#1529=ORIENTED_EDGE('',*,*,#1141,.F.);
#1530=ORIENTED_EDGE('',*,*,#1138,.F.);
#1531=ORIENTED_EDGE('',*,*,#1142,.F.);
#1532=ORIENTED_EDGE('',*,*,#1143,.F.);
#1533=ORIENTED_EDGE('',*,*,#1144,.F.);
#1534=ORIENTED_EDGE('',*,*,#1145,.T.);
#1535=ORIENTED_EDGE('',*,*,#1146,.T.);
#1536=ORIENTED_EDGE('',*,*,#1143,.T.);
#1537=ORIENTED_EDGE('',*,*,#1147,.T.);
#1538=ORIENTED_EDGE('',*,*,#1148,.F.);
#1539=ORIENTED_EDGE('',*,*,#1149,.F.);
#1540=ORIENTED_EDGE('',*,*,#1150,.F.);
#1541=ORIENTED_EDGE('',*,*,#1142,.T.);
#1542=ORIENTED_EDGE('',*,*,#1151,.T.);
#1543=ORIENTED_EDGE('',*,*,#1149,.T.);
#1544=ORIENTED_EDGE('',*,*,#1152,.T.);
#1545=ORIENTED_EDGE('',*,*,#1153,.F.);
#1546=ORIENTED_EDGE('',*,*,#1154,.F.);
#1547=ORIENTED_EDGE('',*,*,#1155,.F.);
#1548=ORIENTED_EDGE('',*,*,#1156,.F.);
#1549=ORIENTED_EDGE('',*,*,#1157,.F.);
#1550=ORIENTED_EDGE('',*,*,#1158,.F.);
#1551=ORIENTED_EDGE('',*,*,#1150,.T.);
#1552=ORIENTED_EDGE('',*,*,#1159,.T.);
#1553=ORIENTED_EDGE('',*,*,#1157,.T.);
#1554=ORIENTED_EDGE('',*,*,#1160,.T.);
#1555=ORIENTED_EDGE('',*,*,#1158,.T.);
#1556=ORIENTED_EDGE('',*,*,#1161,.T.);
#1557=ORIENTED_EDGE('',*,*,#1154,.T.);
#1558=ORIENTED_EDGE('',*,*,#1162,.T.);
#1559=ORIENTED_EDGE('',*,*,#1163,.T.);
#1560=ORIENTED_EDGE('',*,*,#1164,.T.);
#1561=ORIENTED_EDGE('',*,*,#1156,.T.);
#1562=ORIENTED_EDGE('',*,*,#1165,.T.);
#1563=ORIENTED_EDGE('',*,*,#1155,.T.);
#1564=ORIENTED_EDGE('',*,*,#1166,.T.);
#1565=ORIENTED_EDGE('',*,*,#1144,.T.);
#1566=ORIENTED_EDGE('',*,*,#1167,.T.);
#1567=ORIENTED_EDGE('',*,*,#1168,.T.);
#1568=ORIENTED_EDGE('',*,*,#1169,.T.);
#1569=ORIENTED_EDGE('',*,*,#1153,.T.);
#1570=ORIENTED_EDGE('',*,*,#1170,.T.);
#1571=ORIENTED_EDGE('',*,*,#1171,.T.);
#1572=ORIENTED_EDGE('',*,*,#1172,.T.);
#1573=ORIENTED_EDGE('',*,*,#1148,.T.);
#1574=ORIENTED_EDGE('',*,*,#1173,.T.);
#1575=ORIENTED_EDGE('',*,*,#1170,.F.);
#1576=ORIENTED_EDGE('',*,*,#1167,.F.);
#1577=ORIENTED_EDGE('',*,*,#1146,.F.);
#1578=ORIENTED_EDGE('',*,*,#1174,.F.);
#1579=ORIENTED_EDGE('',*,*,#1147,.F.);
#1580=ORIENTED_EDGE('',*,*,#1152,.F.);
#1581=ORIENTED_EDGE('',*,*,#1172,.F.);
#1582=ORIENTED_EDGE('',*,*,#1175,.F.);
#1583=ORIENTED_EDGE('',*,*,#1151,.F.);
#1584=ORIENTED_EDGE('',*,*,#1166,.F.);
#1585=ORIENTED_EDGE('',*,*,#1161,.F.);
#1586=ORIENTED_EDGE('',*,*,#1159,.F.);
#1587=ORIENTED_EDGE('',*,*,#1115,.F.);
#1588=ORIENTED_EDGE('',*,*,#1176,.T.);
#1589=ORIENTED_EDGE('',*,*,#1177,.T.);
#1590=ORIENTED_EDGE('',*,*,#1178,.F.);
#1591=ORIENTED_EDGE('',*,*,#1179,.F.);
#1592=ORIENTED_EDGE('',*,*,#1180,.F.);
#1593=ORIENTED_EDGE('',*,*,#1181,.F.);
#1594=ORIENTED_EDGE('',*,*,#1182,.F.);
#1595=ORIENTED_EDGE('',*,*,#1183,.T.);
#1596=ORIENTED_EDGE('',*,*,#1184,.T.);
#1597=ORIENTED_EDGE('',*,*,#1109,.F.);
#1598=ORIENTED_EDGE('',*,*,#1114,.F.);
#1599=ORIENTED_EDGE('',*,*,#1185,.T.);
#1600=ORIENTED_EDGE('',*,*,#1186,.T.);
#1601=ORIENTED_EDGE('',*,*,#1187,.T.);
#1602=ORIENTED_EDGE('',*,*,#1182,.T.);
#1603=ORIENTED_EDGE('',*,*,#1188,.T.);
#1604=ORIENTED_EDGE('',*,*,#1189,.F.);
#1605=ORIENTED_EDGE('',*,*,#1190,.F.);
#1606=ORIENTED_EDGE('',*,*,#1191,.F.);
#1607=ORIENTED_EDGE('',*,*,#1192,.T.);
#1608=ORIENTED_EDGE('',*,*,#1193,.T.);
#1609=ORIENTED_EDGE('',*,*,#1190,.T.);
#1610=ORIENTED_EDGE('',*,*,#1194,.T.);
#1611=ORIENTED_EDGE('',*,*,#1195,.F.);
#1612=ORIENTED_EDGE('',*,*,#1196,.F.);
#1613=ORIENTED_EDGE('',*,*,#1197,.F.);
#1614=ORIENTED_EDGE('',*,*,#1181,.T.);
#1615=ORIENTED_EDGE('',*,*,#1196,.T.);
#1616=ORIENTED_EDGE('',*,*,#1198,.T.);
#1617=ORIENTED_EDGE('',*,*,#1188,.F.);
#1618=ORIENTED_EDGE('',*,*,#1197,.T.);
#1619=ORIENTED_EDGE('',*,*,#1180,.T.);
#1620=ORIENTED_EDGE('',*,*,#1191,.T.);
#1621=ORIENTED_EDGE('',*,*,#1199,.T.);
#1622=ORIENTED_EDGE('',*,*,#1200,.T.);
#1623=ORIENTED_EDGE('',*,*,#1201,.T.);
#1624=ORIENTED_EDGE('',*,*,#1195,.T.);
#1625=ORIENTED_EDGE('',*,*,#1202,.T.);
#1626=ORIENTED_EDGE('',*,*,#1203,.T.);
#1627=ORIENTED_EDGE('',*,*,#1204,.T.);
#1628=ORIENTED_EDGE('',*,*,#1189,.T.);
#1629=ORIENTED_EDGE('',*,*,#1179,.T.);
#1630=ORIENTED_EDGE('',*,*,#1202,.F.);
#1631=ORIENTED_EDGE('',*,*,#1199,.F.);
#1632=ORIENTED_EDGE('',*,*,#1193,.F.);
#1633=ORIENTED_EDGE('',*,*,#1205,.F.);
#1634=ORIENTED_EDGE('',*,*,#1206,.F.);
#1635=ORIENTED_EDGE('',*,*,#1207,.T.);
#1636=ORIENTED_EDGE('',*,*,#1208,.F.);
#1637=ORIENTED_EDGE('',*,*,#1194,.F.);
#1638=ORIENTED_EDGE('',*,*,#1204,.F.);
#1639=ORIENTED_EDGE('',*,*,#1209,.F.);
#1640=ORIENTED_EDGE('',*,*,#1210,.F.);
#1641=ORIENTED_EDGE('',*,*,#1211,.F.);
#1642=ORIENTED_EDGE('',*,*,#1212,.F.);
#1643=ORIENTED_EDGE('',*,*,#1213,.F.);
#1644=ORIENTED_EDGE('',*,*,#1214,.F.);
#1645=ORIENTED_EDGE('',*,*,#1215,.F.);
#1646=ORIENTED_EDGE('',*,*,#1216,.T.);
#1647=ORIENTED_EDGE('',*,*,#1217,.T.);
#1648=ORIENTED_EDGE('',*,*,#1214,.T.);
#1649=ORIENTED_EDGE('',*,*,#1218,.T.);
#1650=ORIENTED_EDGE('',*,*,#1212,.T.);
#1651=ORIENTED_EDGE('',*,*,#1219,.T.);
#1652=ORIENTED_EDGE('',*,*,#1215,.T.);
#1653=ORIENTED_EDGE('',*,*,#1220,.T.);
#1654=ORIENTED_EDGE('',*,*,#1221,.F.);
#1655=ORIENTED_EDGE('',*,*,#1222,.F.);
#1656=ORIENTED_EDGE('',*,*,#1223,.F.);
#1657=ORIENTED_EDGE('',*,*,#1224,.T.);
#1658=ORIENTED_EDGE('',*,*,#1225,.T.);
#1659=ORIENTED_EDGE('',*,*,#1222,.T.);
#1660=ORIENTED_EDGE('',*,*,#1226,.T.);
#1661=ORIENTED_EDGE('',*,*,#1227,.F.);
#1662=ORIENTED_EDGE('',*,*,#1228,.F.);
#1663=ORIENTED_EDGE('',*,*,#1229,.F.);
#1664=ORIENTED_EDGE('',*,*,#1213,.T.);
#1665=ORIENTED_EDGE('',*,*,#1230,.T.);
#1666=ORIENTED_EDGE('',*,*,#1228,.T.);
#1667=ORIENTED_EDGE('',*,*,#1231,.T.);
#1668=ORIENTED_EDGE('',*,*,#1229,.T.);
#1669=ORIENTED_EDGE('',*,*,#1232,.T.);
#1670=ORIENTED_EDGE('',*,*,#1223,.T.);
#1671=ORIENTED_EDGE('',*,*,#1233,.T.);
#1672=ORIENTED_EDGE('',*,*,#1234,.T.);
#1673=ORIENTED_EDGE('',*,*,#1235,.T.);
#1674=ORIENTED_EDGE('',*,*,#1227,.T.);
#1675=ORIENTED_EDGE('',*,*,#1236,.T.);
#1676=ORIENTED_EDGE('',*,*,#1221,.T.);
#1677=ORIENTED_EDGE('',*,*,#1237,.T.);
#1678=ORIENTED_EDGE('',*,*,#1211,.T.);
#1679=ORIENTED_EDGE('',*,*,#1238,.T.);
#1680=ORIENTED_EDGE('',*,*,#1239,.T.);
#1681=ORIENTED_EDGE('',*,*,#1240,.T.);
#1682=ORIENTED_EDGE('',*,*,#1210,.T.);
#1683=ORIENTED_EDGE('',*,*,#1241,.T.);
#1684=ORIENTED_EDGE('',*,*,#1236,.F.);
#1685=ORIENTED_EDGE('',*,*,#1233,.F.);
#1686=ORIENTED_EDGE('',*,*,#1225,.F.);
#1687=ORIENTED_EDGE('',*,*,#1242,.F.);
#1688=ORIENTED_EDGE('',*,*,#1226,.F.);
#1689=ORIENTED_EDGE('',*,*,#1238,.F.);
#1690=ORIENTED_EDGE('',*,*,#1240,.F.);
#1691=ORIENTED_EDGE('',*,*,#1243,.F.);
#1692=ORIENTED_EDGE('',*,*,#1219,.F.);
#1693=ORIENTED_EDGE('',*,*,#1237,.F.);
#1694=ORIENTED_EDGE('',*,*,#1232,.F.);
#1695=ORIENTED_EDGE('',*,*,#1230,.F.);
#1696=ORIENTED_EDGE('',*,*,#1244,.F.);
#1697=ORIENTED_EDGE('',*,*,#1245,.F.);
#1698=ORIENTED_EDGE('',*,*,#1246,.F.);
#1699=ORIENTED_EDGE('',*,*,#1247,.F.);
#1700=ORIENTED_EDGE('',*,*,#1248,.F.);
#1701=ORIENTED_EDGE('',*,*,#1249,.F.);
#1702=ORIENTED_EDGE('',*,*,#1246,.T.);
#1703=ORIENTED_EDGE('',*,*,#1250,.T.);
#1704=ORIENTED_EDGE('',*,*,#1248,.T.);
#1705=ORIENTED_EDGE('',*,*,#1251,.T.);
#1706=ORIENTED_EDGE('',*,*,#1252,.F.);
#1707=ORIENTED_EDGE('',*,*,#1253,.F.);
#1708=ORIENTED_EDGE('',*,*,#1254,.F.);
#1709=ORIENTED_EDGE('',*,*,#1255,.T.);
#1710=ORIENTED_EDGE('',*,*,#1256,.T.);
#1711=ORIENTED_EDGE('',*,*,#1253,.T.);
#1712=ORIENTED_EDGE('',*,*,#1257,.T.);
#1713=ORIENTED_EDGE('',*,*,#1258,.F.);
#1714=ORIENTED_EDGE('',*,*,#1259,.F.);
#1715=ORIENTED_EDGE('',*,*,#1260,.F.);
#1716=ORIENTED_EDGE('',*,*,#1249,.T.);
#1717=ORIENTED_EDGE('',*,*,#1261,.T.);
#1718=ORIENTED_EDGE('',*,*,#1259,.T.);
#1719=ORIENTED_EDGE('',*,*,#1262,.T.);
#1720=ORIENTED_EDGE('',*,*,#1260,.T.);
#1721=ORIENTED_EDGE('',*,*,#1263,.T.);
#1722=ORIENTED_EDGE('',*,*,#1254,.T.);
#1723=ORIENTED_EDGE('',*,*,#1264,.T.);
#1724=ORIENTED_EDGE('',*,*,#1265,.T.);
#1725=ORIENTED_EDGE('',*,*,#1266,.T.);
#1726=ORIENTED_EDGE('',*,*,#1258,.T.);
#1727=ORIENTED_EDGE('',*,*,#1267,.T.);
#1728=ORIENTED_EDGE('',*,*,#1252,.T.);
#1729=ORIENTED_EDGE('',*,*,#1268,.T.);
#1730=ORIENTED_EDGE('',*,*,#1245,.T.);
#1731=ORIENTED_EDGE('',*,*,#1269,.T.);
#1732=ORIENTED_EDGE('',*,*,#1270,.T.);
#1733=ORIENTED_EDGE('',*,*,#1271,.T.);
#1734=ORIENTED_EDGE('',*,*,#1247,.T.);
#1735=ORIENTED_EDGE('',*,*,#1272,.T.);
#1736=ORIENTED_EDGE('',*,*,#1273,.T.);
#1737=ORIENTED_EDGE('',*,*,#1274,.T.);
#1738=ORIENTED_EDGE('',*,*,#1244,.T.);
#1739=ORIENTED_EDGE('',*,*,#1275,.T.);
#1740=ORIENTED_EDGE('',*,*,#1267,.F.);
#1741=ORIENTED_EDGE('',*,*,#1264,.F.);
#1742=ORIENTED_EDGE('',*,*,#1256,.F.);
#1743=ORIENTED_EDGE('',*,*,#1276,.F.);
#1744=ORIENTED_EDGE('',*,*,#1257,.F.);
#1745=ORIENTED_EDGE('',*,*,#1269,.F.);
#1746=ORIENTED_EDGE('',*,*,#1274,.F.);
#1747=ORIENTED_EDGE('',*,*,#1277,.F.);
#1748=ORIENTED_EDGE('',*,*,#1278,.F.);
#1749=ORIENTED_EDGE('',*,*,#1250,.F.);
#1750=ORIENTED_EDGE('',*,*,#1268,.F.);
#1751=ORIENTED_EDGE('',*,*,#1263,.F.);
#1752=ORIENTED_EDGE('',*,*,#1261,.F.);
#1753=ORIENTED_EDGE('',*,*,#1279,.F.);
#1754=ORIENTED_EDGE('',*,*,#1280,.F.);
#1755=ORIENTED_EDGE('',*,*,#1281,.F.);
#1756=ORIENTED_EDGE('',*,*,#1282,.F.);
#1757=ORIENTED_EDGE('',*,*,#1283,.F.);
#1758=ORIENTED_EDGE('',*,*,#1284,.F.);
#1759=ORIENTED_EDGE('',*,*,#1281,.T.);
#1760=ORIENTED_EDGE('',*,*,#1285,.T.);
#1761=ORIENTED_EDGE('',*,*,#1283,.T.);
#1762=ORIENTED_EDGE('',*,*,#1286,.T.);
#1763=ORIENTED_EDGE('',*,*,#1287,.F.);
#1764=ORIENTED_EDGE('',*,*,#1288,.F.);
#1765=ORIENTED_EDGE('',*,*,#1289,.F.);
#1766=ORIENTED_EDGE('',*,*,#1290,.F.);
#1767=ORIENTED_EDGE('',*,*,#1291,.F.);
#1768=ORIENTED_EDGE('',*,*,#1292,.F.);
#1769=ORIENTED_EDGE('',*,*,#1284,.T.);
#1770=ORIENTED_EDGE('',*,*,#1293,.T.);
#1771=ORIENTED_EDGE('',*,*,#1291,.T.);
#1772=ORIENTED_EDGE('',*,*,#1294,.T.);
#1773=ORIENTED_EDGE('',*,*,#1292,.T.);
#1774=ORIENTED_EDGE('',*,*,#1295,.T.);
#1775=ORIENTED_EDGE('',*,*,#1288,.T.);
#1776=ORIENTED_EDGE('',*,*,#1296,.T.);
#1777=ORIENTED_EDGE('',*,*,#1297,.T.);
#1778=ORIENTED_EDGE('',*,*,#1298,.T.);
#1779=ORIENTED_EDGE('',*,*,#1290,.T.);
#1780=ORIENTED_EDGE('',*,*,#1299,.T.);
#1781=ORIENTED_EDGE('',*,*,#1289,.T.);
#1782=ORIENTED_EDGE('',*,*,#1300,.T.);
#1783=ORIENTED_EDGE('',*,*,#1280,.T.);
#1784=ORIENTED_EDGE('',*,*,#1301,.T.);
#1785=ORIENTED_EDGE('',*,*,#1302,.T.);
#1786=ORIENTED_EDGE('',*,*,#1303,.T.);
#1787=ORIENTED_EDGE('',*,*,#1287,.T.);
#1788=ORIENTED_EDGE('',*,*,#1304,.T.);
#1789=ORIENTED_EDGE('',*,*,#1305,.T.);
#1790=ORIENTED_EDGE('',*,*,#1306,.T.);
#1791=ORIENTED_EDGE('',*,*,#1282,.T.);
#1792=ORIENTED_EDGE('',*,*,#1307,.T.);
#1793=ORIENTED_EDGE('',*,*,#1308,.T.);
#1794=ORIENTED_EDGE('',*,*,#1309,.T.);
#1795=ORIENTED_EDGE('',*,*,#1279,.T.);
#1796=ORIENTED_EDGE('',*,*,#1310,.T.);
#1797=ORIENTED_EDGE('',*,*,#1299,.F.);
#1798=ORIENTED_EDGE('',*,*,#1296,.F.);
#1799=ORIENTED_EDGE('',*,*,#1303,.F.);
#1800=ORIENTED_EDGE('',*,*,#1311,.F.);
#1801=ORIENTED_EDGE('',*,*,#1304,.F.);
#1802=ORIENTED_EDGE('',*,*,#1301,.F.);
#1803=ORIENTED_EDGE('',*,*,#1309,.F.);
#1804=ORIENTED_EDGE('',*,*,#1312,.F.);
#1805=ORIENTED_EDGE('',*,*,#1285,.F.);
#1806=ORIENTED_EDGE('',*,*,#1300,.F.);
#1807=ORIENTED_EDGE('',*,*,#1295,.F.);
#1808=ORIENTED_EDGE('',*,*,#1293,.F.);
#1809=ORIENTED_EDGE('',*,*,#1313,.F.);
#1810=ORIENTED_EDGE('',*,*,#1314,.F.);
#1811=ORIENTED_EDGE('',*,*,#1315,.F.);
#1812=ORIENTED_EDGE('',*,*,#1316,.T.);
#1813=ORIENTED_EDGE('',*,*,#1314,.T.);
#1814=ORIENTED_EDGE('',*,*,#1317,.T.);
#1815=ORIENTED_EDGE('',*,*,#1318,.T.);
#1816=ORIENTED_EDGE('',*,*,#1319,.T.);
#1817=ORIENTED_EDGE('',*,*,#1320,.F.);
#1818=ORIENTED_EDGE('',*,*,#1321,.F.);
#1819=ORIENTED_EDGE('',*,*,#1322,.F.);
#1820=ORIENTED_EDGE('',*,*,#1315,.T.);
#1821=ORIENTED_EDGE('',*,*,#1323,.T.);
#1822=ORIENTED_EDGE('',*,*,#1321,.T.);
#1823=ORIENTED_EDGE('',*,*,#1324,.T.);
#1824=ORIENTED_EDGE('',*,*,#1325,.T.);
#1825=ORIENTED_EDGE('',*,*,#1322,.T.);
#1826=ORIENTED_EDGE('',*,*,#1326,.T.);
#1827=ORIENTED_EDGE('',*,*,#1327,.T.);
#1828=ORIENTED_EDGE('',*,*,#1328,.T.);
#1829=ORIENTED_EDGE('',*,*,#1329,.T.);
#1830=ORIENTED_EDGE('',*,*,#1330,.T.);
#1831=ORIENTED_EDGE('',*,*,#1331,.T.);
#1832=ORIENTED_EDGE('',*,*,#1328,.F.);
#1833=ORIENTED_EDGE('',*,*,#1332,.T.);
#1834=ORIENTED_EDGE('',*,*,#1333,.T.);
#1835=ORIENTED_EDGE('',*,*,#1320,.T.);
#1836=ORIENTED_EDGE('',*,*,#1334,.T.);
#1837=ORIENTED_EDGE('',*,*,#1335,.T.);
#1838=ORIENTED_EDGE('',*,*,#1336,.T.);
#1839=ORIENTED_EDGE('',*,*,#1313,.T.);
#1840=ORIENTED_EDGE('',*,*,#1337,.T.);
#1841=ORIENTED_EDGE('',*,*,#1338,.T.);
#1842=ORIENTED_EDGE('',*,*,#1339,.T.);
#1843=ORIENTED_EDGE('',*,*,#1340,.T.);
#1844=ORIENTED_EDGE('',*,*,#1318,.F.);
#1845=ORIENTED_EDGE('',*,*,#1334,.F.);
#1846=ORIENTED_EDGE('',*,*,#1325,.F.);
#1847=ORIENTED_EDGE('',*,*,#1331,.F.);
#1848=ORIENTED_EDGE('',*,*,#1341,.F.);
#1849=ORIENTED_EDGE('',*,*,#1326,.F.);
#1850=ORIENTED_EDGE('',*,*,#1323,.F.);
#1851=ORIENTED_EDGE('',*,*,#1316,.F.);
#1852=ORIENTED_EDGE('',*,*,#1342,.T.);
#1853=ORIENTED_EDGE('',*,*,#1329,.F.);
#1854=ORIENTED_EDGE('',*,*,#1327,.F.);
#1855=ORIENTED_EDGE('',*,*,#1342,.F.);
#1856=ORIENTED_EDGE('',*,*,#1319,.F.);
#1857=ORIENTED_EDGE('',*,*,#1340,.F.);
#1858=ORIENTED_EDGE('',*,*,#1343,.F.);
#1859=ORIENTED_EDGE('',*,*,#1344,.F.);
#1860=ORIENTED_EDGE('',*,*,#1345,.F.);
#1861=ORIENTED_EDGE('',*,*,#1346,.F.);
#1862=ORIENTED_EDGE('',*,*,#1347,.T.);
#1863=ORIENTED_EDGE('',*,*,#1348,.T.);
#1864=ORIENTED_EDGE('',*,*,#1345,.T.);
#1865=ORIENTED_EDGE('',*,*,#1349,.T.);
#1866=ORIENTED_EDGE('',*,*,#1350,.F.);
#1867=ORIENTED_EDGE('',*,*,#1351,.F.);
#1868=ORIENTED_EDGE('',*,*,#1352,.F.);
#1869=ORIENTED_EDGE('',*,*,#1353,.F.);
#1870=ORIENTED_EDGE('',*,*,#1354,.F.);
#1871=ORIENTED_EDGE('',*,*,#1355,.F.);
#1872=ORIENTED_EDGE('',*,*,#1344,.T.);
#1873=ORIENTED_EDGE('',*,*,#1356,.T.);
#1874=ORIENTED_EDGE('',*,*,#1354,.T.);
#1875=ORIENTED_EDGE('',*,*,#1357,.T.);
#1876=ORIENTED_EDGE('',*,*,#1358,.F.);
#1877=ORIENTED_EDGE('',*,*,#1359,.F.);
#1878=ORIENTED_EDGE('',*,*,#1360,.F.);
#1879=ORIENTED_EDGE('',*,*,#1355,.T.);
#1880=ORIENTED_EDGE('',*,*,#1361,.T.);
#1881=ORIENTED_EDGE('',*,*,#1359,.T.);
#1882=ORIENTED_EDGE('',*,*,#1362,.T.);
#1883=ORIENTED_EDGE('',*,*,#1360,.T.);
#1884=ORIENTED_EDGE('',*,*,#1363,.T.);
#1885=ORIENTED_EDGE('',*,*,#1351,.T.);
#1886=ORIENTED_EDGE('',*,*,#1364,.T.);
#1887=ORIENTED_EDGE('',*,*,#1365,.T.);
#1888=ORIENTED_EDGE('',*,*,#1366,.T.);
#1889=ORIENTED_EDGE('',*,*,#1358,.T.);
#1890=ORIENTED_EDGE('',*,*,#1367,.T.);
#1891=ORIENTED_EDGE('',*,*,#1368,.T.);
#1892=ORIENTED_EDGE('',*,*,#1369,.T.);
#1893=ORIENTED_EDGE('',*,*,#1353,.T.);
#1894=ORIENTED_EDGE('',*,*,#1370,.T.);
#1895=ORIENTED_EDGE('',*,*,#1352,.T.);
#1896=ORIENTED_EDGE('',*,*,#1371,.T.);
#1897=ORIENTED_EDGE('',*,*,#1346,.T.);
#1898=ORIENTED_EDGE('',*,*,#1372,.T.);
#1899=ORIENTED_EDGE('',*,*,#1373,.T.);
#1900=ORIENTED_EDGE('',*,*,#1374,.T.);
#1901=ORIENTED_EDGE('',*,*,#1350,.T.);
#1902=ORIENTED_EDGE('',*,*,#1375,.T.);
#1903=ORIENTED_EDGE('',*,*,#1370,.F.);
#1904=ORIENTED_EDGE('',*,*,#1362,.F.);
#1905=ORIENTED_EDGE('',*,*,#1366,.F.);
#1906=ORIENTED_EDGE('',*,*,#1376,.T.);
#1907=ORIENTED_EDGE('',*,*,#1367,.F.);
#1908=ORIENTED_EDGE('',*,*,#1364,.F.);
#1909=ORIENTED_EDGE('',*,*,#1374,.F.);
#1910=ORIENTED_EDGE('',*,*,#1377,.T.);
#1911=ORIENTED_EDGE('',*,*,#1356,.F.);
#1912=ORIENTED_EDGE('',*,*,#1371,.F.);
#1913=ORIENTED_EDGE('',*,*,#1363,.F.);
#1914=ORIENTED_EDGE('',*,*,#1361,.F.);
#1915=ORIENTED_EDGE('',*,*,#1378,.T.);
#1916=ORIENTED_EDGE('',*,*,#1379,.T.);
#1917=ORIENTED_EDGE('',*,*,#1380,.T.);
#1918=ORIENTED_EDGE('',*,*,#1381,.T.);
#1919=ORIENTED_EDGE('',*,*,#1186,.F.);
#1920=ORIENTED_EDGE('',*,*,#1382,.T.);
#1921=ORIENTED_EDGE('',*,*,#1200,.F.);
#1922=ORIENTED_EDGE('',*,*,#1208,.T.);
#1923=ORIENTED_EDGE('',*,*,#1383,.T.);
#1924=ORIENTED_EDGE('',*,*,#1384,.T.);
#1925=ORIENTED_EDGE('',*,*,#1270,.F.);
#1926=ORIENTED_EDGE('',*,*,#1385,.T.);
#1927=ORIENTED_EDGE('',*,*,#1265,.F.);
#1928=ORIENTED_EDGE('',*,*,#1276,.T.);
#1929=ORIENTED_EDGE('',*,*,#1255,.F.);
#1930=ORIENTED_EDGE('',*,*,#1278,.T.);
#1931=ORIENTED_EDGE('',*,*,#1386,.T.);
#1932=ORIENTED_EDGE('',*,*,#1387,.T.);
#1933=ORIENTED_EDGE('',*,*,#1388,.T.);
#1934=ORIENTED_EDGE('',*,*,#1125,.F.);
#1935=ORIENTED_EDGE('',*,*,#1127,.F.);
#1936=ORIENTED_EDGE('',*,*,#1129,.F.);
#1937=ORIENTED_EDGE('',*,*,#1131,.T.);
#1938=ORIENTED_EDGE('',*,*,#1133,.T.);
#1939=ORIENTED_EDGE('',*,*,#1135,.T.);
#1940=ORIENTED_EDGE('',*,*,#1137,.F.);
#1941=ORIENTED_EDGE('',*,*,#1139,.F.);
#1942=ORIENTED_EDGE('',*,*,#1141,.T.);
#1943=ORIENTED_EDGE('',*,*,#1389,.T.);
#1944=ORIENTED_EDGE('',*,*,#1379,.F.);
#1945=ORIENTED_EDGE('',*,*,#1390,.T.);
#1946=ORIENTED_EDGE('',*,*,#1163,.F.);
#1947=ORIENTED_EDGE('',*,*,#1391,.T.);
#1948=ORIENTED_EDGE('',*,*,#1168,.F.);
#1949=ORIENTED_EDGE('',*,*,#1174,.T.);
#1950=ORIENTED_EDGE('',*,*,#1145,.F.);
#1951=ORIENTED_EDGE('',*,*,#1175,.T.);
#1952=ORIENTED_EDGE('',*,*,#1171,.F.);
#1953=ORIENTED_EDGE('',*,*,#1311,.T.);
#1954=ORIENTED_EDGE('',*,*,#1302,.F.);
#1955=ORIENTED_EDGE('',*,*,#1312,.T.);
#1956=ORIENTED_EDGE('',*,*,#1308,.F.);
#1957=ORIENTED_EDGE('',*,*,#1392,.T.);
#1958=ORIENTED_EDGE('',*,*,#1305,.F.);
#1959=ORIENTED_EDGE('',*,*,#1393,.T.);
#1960=ORIENTED_EDGE('',*,*,#1297,.F.);
#1961=ORIENTED_EDGE('',*,*,#1394,.T.);
#1962=ORIENTED_EDGE('',*,*,#1335,.F.);
#1963=ORIENTED_EDGE('',*,*,#1395,.T.);
#1964=ORIENTED_EDGE('',*,*,#1332,.F.);
#1965=ORIENTED_EDGE('',*,*,#1341,.T.);
#1966=ORIENTED_EDGE('',*,*,#1330,.F.);
#1967=ORIENTED_EDGE('',*,*,#1343,.T.);
#1968=ORIENTED_EDGE('',*,*,#1339,.F.);
#1969=ORIENTED_EDGE('',*,*,#1243,.T.);
#1970=ORIENTED_EDGE('',*,*,#1239,.F.);
#1971=ORIENTED_EDGE('',*,*,#1396,.T.);
#1972=ORIENTED_EDGE('',*,*,#1216,.F.);
#1973=ORIENTED_EDGE('',*,*,#1397,.T.);
#1974=ORIENTED_EDGE('',*,*,#1234,.F.);
#1975=ORIENTED_EDGE('',*,*,#1242,.T.);
#1976=ORIENTED_EDGE('',*,*,#1224,.F.);
#1977=ORIENTED_EDGE('',*,*,#1365,.F.);
#1978=ORIENTED_EDGE('',*,*,#1377,.F.);
#1979=ORIENTED_EDGE('',*,*,#1373,.F.);
#1980=ORIENTED_EDGE('',*,*,#1398,.T.);
#1981=ORIENTED_EDGE('',*,*,#1347,.F.);
#1982=ORIENTED_EDGE('',*,*,#1399,.T.);
#1983=ORIENTED_EDGE('',*,*,#1368,.F.);
#1984=ORIENTED_EDGE('',*,*,#1376,.F.);
#1985=ORIENTED_EDGE('',*,*,#1235,.F.);
#1986=ORIENTED_EDGE('',*,*,#1397,.F.);
#1987=ORIENTED_EDGE('',*,*,#1218,.F.);
#1988=ORIENTED_EDGE('',*,*,#1231,.F.);
#1989=ORIENTED_EDGE('',*,*,#1217,.F.);
#1990=ORIENTED_EDGE('',*,*,#1396,.F.);
#1991=ORIENTED_EDGE('',*,*,#1241,.F.);
#1992=ORIENTED_EDGE('',*,*,#1220,.F.);
#1993=ORIENTED_EDGE('',*,*,#1126,.F.);
#1994=ORIENTED_EDGE('',*,*,#1388,.F.);
#1995=ORIENTED_EDGE('',*,*,#1400,.T.);
#1996=ORIENTED_EDGE('',*,*,#1401,.T.);
#1997=ORIENTED_EDGE('',*,*,#1176,.F.);
#1998=ORIENTED_EDGE('',*,*,#1118,.F.);
#1999=ORIENTED_EDGE('',*,*,#1119,.F.);
#2000=ORIENTED_EDGE('',*,*,#1102,.F.);
#2001=ORIENTED_EDGE('',*,*,#1121,.F.);
#2002=ORIENTED_EDGE('',*,*,#1097,.F.);
#2003=ORIENTED_EDGE('',*,*,#1095,.F.);
#2004=ORIENTED_EDGE('',*,*,#1402,.F.);
#2005=ORIENTED_EDGE('',*,*,#1403,.T.);
#2006=ORIENTED_EDGE('',*,*,#1404,.T.);
#2007=ORIENTED_EDGE('',*,*,#1403,.F.);
#2008=ORIENTED_EDGE('',*,*,#1404,.F.);
#2009=ORIENTED_EDGE('',*,*,#1405,.T.);
#2010=ORIENTED_EDGE('',*,*,#1400,.F.);
#2011=ORIENTED_EDGE('',*,*,#1387,.F.);
#2012=ORIENTED_EDGE('',*,*,#1406,.F.);
#2013=ORIENTED_EDGE('',*,*,#1177,.F.);
#2014=ORIENTED_EDGE('',*,*,#1401,.F.);
#2015=ORIENTED_EDGE('',*,*,#1405,.F.);
#2016=ORIENTED_EDGE('',*,*,#1266,.F.);
#2017=ORIENTED_EDGE('',*,*,#1385,.F.);
#2018=ORIENTED_EDGE('',*,*,#1272,.F.);
#2019=ORIENTED_EDGE('',*,*,#1262,.F.);
#2020=ORIENTED_EDGE('',*,*,#1201,.F.);
#2021=ORIENTED_EDGE('',*,*,#1382,.F.);
#2022=ORIENTED_EDGE('',*,*,#1185,.F.);
#2023=ORIENTED_EDGE('',*,*,#1198,.F.);
#2024=ORIENTED_EDGE('',*,*,#1407,.T.);
#2025=ORIENTED_EDGE('',*,*,#1408,.T.);
#2026=ORIENTED_EDGE('',*,*,#1206,.T.);
#2027=ORIENTED_EDGE('',*,*,#1205,.T.);
#2028=ORIENTED_EDGE('',*,*,#1192,.F.);
#2029=ORIENTED_EDGE('',*,*,#1209,.T.);
#2030=ORIENTED_EDGE('',*,*,#1203,.F.);
#2031=ORIENTED_EDGE('',*,*,#1178,.T.);
#2032=ORIENTED_EDGE('',*,*,#1406,.T.);
#2033=ORIENTED_EDGE('',*,*,#1386,.F.);
#2034=ORIENTED_EDGE('',*,*,#1277,.T.);
#2035=ORIENTED_EDGE('',*,*,#1273,.F.);
#2036=ORIENTED_EDGE('',*,*,#1409,.T.);
#2037=ORIENTED_EDGE('',*,*,#1184,.F.);
#2038=ORIENTED_EDGE('',*,*,#1410,.F.);
#2039=ORIENTED_EDGE('',*,*,#1380,.F.);
#2040=ORIENTED_EDGE('',*,*,#1389,.F.);
#2041=ORIENTED_EDGE('',*,*,#1140,.F.);
#2042=ORIENTED_EDGE('',*,*,#1110,.F.);
#2043=ORIENTED_EDGE('',*,*,#1187,.F.);
#2044=ORIENTED_EDGE('',*,*,#1381,.F.);
#2045=ORIENTED_EDGE('',*,*,#1410,.T.);
#2046=ORIENTED_EDGE('',*,*,#1183,.F.);
#2047=ORIENTED_EDGE('',*,*,#1408,.F.);
#2048=ORIENTED_EDGE('',*,*,#1411,.F.);
#2049=ORIENTED_EDGE('',*,*,#1383,.F.);
#2050=ORIENTED_EDGE('',*,*,#1207,.F.);
#2051=ORIENTED_EDGE('',*,*,#1271,.F.);
#2052=ORIENTED_EDGE('',*,*,#1384,.F.);
#2053=ORIENTED_EDGE('',*,*,#1411,.T.);
#2054=ORIENTED_EDGE('',*,*,#1407,.F.);
#2055=ORIENTED_EDGE('',*,*,#1409,.F.);
#2056=ORIENTED_EDGE('',*,*,#1275,.F.);
#2057=ORIENTED_EDGE('',*,*,#1251,.F.);
#2058=ORIENTED_EDGE('',*,*,#1336,.F.);
#2059=ORIENTED_EDGE('',*,*,#1394,.F.);
#2060=ORIENTED_EDGE('',*,*,#1338,.F.);
#2061=ORIENTED_EDGE('',*,*,#1317,.F.);
#2062=ORIENTED_EDGE('',*,*,#1333,.F.);
#2063=ORIENTED_EDGE('',*,*,#1395,.F.);
#2064=ORIENTED_EDGE('',*,*,#1337,.F.);
#2065=ORIENTED_EDGE('',*,*,#1324,.F.);
#2066=ORIENTED_EDGE('',*,*,#1306,.F.);
#2067=ORIENTED_EDGE('',*,*,#1392,.F.);
#2068=ORIENTED_EDGE('',*,*,#1310,.F.);
#2069=ORIENTED_EDGE('',*,*,#1286,.F.);
#2070=ORIENTED_EDGE('',*,*,#1298,.F.);
#2071=ORIENTED_EDGE('',*,*,#1393,.F.);
#2072=ORIENTED_EDGE('',*,*,#1307,.F.);
#2073=ORIENTED_EDGE('',*,*,#1294,.F.);
#2074=ORIENTED_EDGE('',*,*,#1164,.F.);
#2075=ORIENTED_EDGE('',*,*,#1390,.F.);
#2076=ORIENTED_EDGE('',*,*,#1173,.F.);
#2077=ORIENTED_EDGE('',*,*,#1160,.F.);
#2078=ORIENTED_EDGE('',*,*,#1169,.F.);
#2079=ORIENTED_EDGE('',*,*,#1391,.F.);
#2080=ORIENTED_EDGE('',*,*,#1165,.F.);
#2081=ORIENTED_EDGE('',*,*,#1162,.F.);
#2082=ORIENTED_EDGE('',*,*,#1412,.T.);
#2083=ORIENTED_EDGE('',*,*,#1413,.F.);
#2084=ORIENTED_EDGE('',*,*,#1412,.F.);
#2085=ORIENTED_EDGE('',*,*,#1378,.F.);
#2086=ORIENTED_EDGE('',*,*,#1414,.F.);
#2087=ORIENTED_EDGE('',*,*,#1415,.F.);
#2088=ORIENTED_EDGE('',*,*,#1416,.F.);
#2089=ORIENTED_EDGE('',*,*,#1417,.F.);
#2090=ORIENTED_EDGE('',*,*,#1418,.F.);
#2091=ORIENTED_EDGE('',*,*,#1419,.T.);
#2092=ORIENTED_EDGE('',*,*,#1417,.T.);
#2093=ORIENTED_EDGE('',*,*,#1420,.F.);
#2094=ORIENTED_EDGE('',*,*,#1421,.F.);
#2095=ORIENTED_EDGE('',*,*,#1420,.T.);
#2096=ORIENTED_EDGE('',*,*,#1416,.T.);
#2097=ORIENTED_EDGE('',*,*,#1422,.F.);
#2098=ORIENTED_EDGE('',*,*,#1423,.F.);
#2099=ORIENTED_EDGE('',*,*,#1424,.F.);
#2100=ORIENTED_EDGE('',*,*,#1425,.F.);
#2101=ORIENTED_EDGE('',*,*,#1426,.F.);
#2102=ORIENTED_EDGE('',*,*,#1427,.F.);
#2103=ORIENTED_EDGE('',*,*,#1428,.T.);
#2104=ORIENTED_EDGE('',*,*,#1426,.T.);
#2105=ORIENTED_EDGE('',*,*,#1429,.F.);
#2106=ORIENTED_EDGE('',*,*,#1430,.F.);
#2107=ORIENTED_EDGE('',*,*,#1429,.T.);
#2108=ORIENTED_EDGE('',*,*,#1425,.T.);
#2109=ORIENTED_EDGE('',*,*,#1431,.F.);
#2110=ORIENTED_EDGE('',*,*,#1413,.T.);
#2111=ORIENTED_EDGE('',*,*,#1432,.F.);
#2112=ORIENTED_EDGE('',*,*,#1422,.T.);
#2113=ORIENTED_EDGE('',*,*,#1415,.T.);
#2114=ORIENTED_EDGE('',*,*,#1433,.F.);
#2115=ORIENTED_EDGE('',*,*,#1434,.F.);
#2116=ORIENTED_EDGE('',*,*,#1433,.T.);
#2117=ORIENTED_EDGE('',*,*,#1414,.T.);
#2118=ORIENTED_EDGE('',*,*,#1419,.F.);
#2119=ORIENTED_EDGE('',*,*,#1435,.F.);
#2120=ORIENTED_EDGE('',*,*,#1436,.T.);
#2121=ORIENTED_EDGE('',*,*,#1437,.F.);
#2122=ORIENTED_EDGE('',*,*,#1421,.T.);
#2123=ORIENTED_EDGE('',*,*,#1437,.T.);
#2124=ORIENTED_EDGE('',*,*,#1438,.T.);
#2125=ORIENTED_EDGE('',*,*,#1439,.F.);
#2126=ORIENTED_EDGE('',*,*,#1418,.T.);
#2127=ORIENTED_EDGE('',*,*,#1439,.T.);
#2128=ORIENTED_EDGE('',*,*,#1440,.T.);
#2129=ORIENTED_EDGE('',*,*,#1441,.F.);
#2130=ORIENTED_EDGE('',*,*,#1434,.T.);
#2131=ORIENTED_EDGE('',*,*,#1441,.T.);
#2132=ORIENTED_EDGE('',*,*,#1442,.T.);
#2133=ORIENTED_EDGE('',*,*,#1435,.T.);
#2134=ORIENTED_EDGE('',*,*,#1432,.T.);
#2135=ORIENTED_EDGE('',*,*,#1443,.F.);
#2136=ORIENTED_EDGE('',*,*,#1431,.T.);
#2137=ORIENTED_EDGE('',*,*,#1424,.T.);
#2138=ORIENTED_EDGE('',*,*,#1444,.F.);
#2139=ORIENTED_EDGE('',*,*,#1445,.F.);
#2140=ORIENTED_EDGE('',*,*,#1444,.T.);
#2141=ORIENTED_EDGE('',*,*,#1423,.T.);
#2142=ORIENTED_EDGE('',*,*,#1428,.F.);
#2143=ORIENTED_EDGE('',*,*,#1446,.F.);
#2144=ORIENTED_EDGE('',*,*,#1447,.T.);
#2145=ORIENTED_EDGE('',*,*,#1448,.F.);
#2146=ORIENTED_EDGE('',*,*,#1430,.T.);
#2147=ORIENTED_EDGE('',*,*,#1448,.T.);
#2148=ORIENTED_EDGE('',*,*,#1449,.T.);
#2149=ORIENTED_EDGE('',*,*,#1450,.F.);
#2150=ORIENTED_EDGE('',*,*,#1427,.T.);
#2151=ORIENTED_EDGE('',*,*,#1450,.T.);
#2152=ORIENTED_EDGE('',*,*,#1451,.T.);
#2153=ORIENTED_EDGE('',*,*,#1452,.F.);
#2154=ORIENTED_EDGE('',*,*,#1445,.T.);
#2155=ORIENTED_EDGE('',*,*,#1452,.T.);
#2156=ORIENTED_EDGE('',*,*,#1453,.T.);
#2157=ORIENTED_EDGE('',*,*,#1446,.T.);
#2158=ORIENTED_EDGE('',*,*,#1443,.T.);
#2159=ORIENTED_EDGE('',*,*,#1402,.T.);
#2160=ORIENTED_EDGE('',*,*,#1453,.F.);
#2161=ORIENTED_EDGE('',*,*,#1451,.F.);
#2162=ORIENTED_EDGE('',*,*,#1449,.F.);
#2163=ORIENTED_EDGE('',*,*,#1447,.F.);
#2164=ORIENTED_EDGE('',*,*,#1442,.F.);
#2165=ORIENTED_EDGE('',*,*,#1440,.F.);
#2166=ORIENTED_EDGE('',*,*,#1438,.F.);
#2167=ORIENTED_EDGE('',*,*,#1436,.F.);
#2168=ORIENTED_EDGE('',*,*,#1348,.F.);
#2169=ORIENTED_EDGE('',*,*,#1398,.F.);
#2170=ORIENTED_EDGE('',*,*,#1375,.F.);
#2171=ORIENTED_EDGE('',*,*,#1372,.F.);
#2172=ORIENTED_EDGE('',*,*,#1369,.F.);
#2173=ORIENTED_EDGE('',*,*,#1399,.F.);
#2174=ORIENTED_EDGE('',*,*,#1349,.F.);
#2175=ORIENTED_EDGE('',*,*,#1357,.F.);
#2176=B_SPLINE_SURFACE_WITH_KNOTS('',3,3,((#3065,#3066,#3067,#3068),(#3069,
#3070,#3071,#3072),(#3073,#3074,#3075,#3076),(#3077,#3078,#3079,#3080),
(#3081,#3082,#3083,#3084)),.UNSPECIFIED.,.F.,.F.,.F.,(4,1,4),(4,4),(0.,
0.571428571428571,1.),(0.00524635053528159,0.833561158171564),
 .UNSPECIFIED.);
#2177=B_SPLINE_SURFACE_WITH_KNOTS('',3,3,((#3126,#3127,#3128,#3129),(#3130,
#3131,#3132,#3133),(#3134,#3135,#3136,#3137),(#3138,#3139,#3140,#3141),
(#3142,#3143,#3144,#3145)),.UNSPECIFIED.,.F.,.F.,.F.,(4,1,4),(4,4),(0.,
0.5,1.),(0.272742404214855,0.376587725023854),.UNSPECIFIED.);
#2178=B_SPLINE_SURFACE_WITH_KNOTS('',3,3,((#3215,#3216,#3217,#3218),(#3219,
#3220,#3221,#3222),(#3223,#3224,#3225,#3226),(#3227,#3228,#3229,#3230),
(#3231,#3232,#3233,#3234)),.UNSPECIFIED.,.F.,.F.,.F.,(4,1,4),(4,4),(0.,
0.5,1.),(-0.0126255101985204,0.0907999999999995),.UNSPECIFIED.);
#2179=B_SPLINE_SURFACE_WITH_KNOTS('',3,3,((#3343,#3344,#3345,#3346,#3347,
#3348),(#3349,#3350,#3351,#3352,#3353,#3354),(#3355,#3356,#3357,#3358,#3359,
#3360),(#3361,#3362,#3363,#3364,#3365,#3366),(#3367,#3368,#3369,#3370,#3371,
#3372)),.UNSPECIFIED.,.F.,.F.,.F.,(4,1,4),(4,1,1,4),(0.,0.5,1.),(0.,0.00385356668454742,
0.00899165559727731,0.0179833111945546),.UNSPECIFIED.);
#2180=B_SPLINE_SURFACE_WITH_KNOTS('',3,3,((#3388,#3389,#3390,#3391),(#3392,
#3393,#3394,#3395),(#3396,#3397,#3398,#3399),(#3400,#3401,#3402,#3403),
(#3404,#3405,#3406,#3407)),.UNSPECIFIED.,.F.,.F.,.F.,(4,1,4),(4,4),(0.,
0.571428571428571,1.),(0.,0.133037407927004),.UNSPECIFIED.);
#2181=B_SPLINE_SURFACE_WITH_KNOTS('',3,3,((#3445,#3446,#3447,#3448,#3449,
#3450,#3451),(#3452,#3453,#3454,#3455,#3456,#3457,#3458),(#3459,#3460,#3461,
#3462,#3463,#3464,#3465),(#3466,#3467,#3468,#3469,#3470,#3471,#3472),(#3473,
#3474,#3475,#3476,#3477,#3478,#3479)),.UNSPECIFIED.,.F.,.F.,.F.,(4,1,4),
(4,1,1,1,4),(0.,0.571428571428571,1.),(4.501530808803E-9,0.875498931066919,
2.6264967841977,4.37749463732847,6.12849249045925),.UNSPECIFIED.);
#2182=B_SPLINE_SURFACE_WITH_KNOTS('',3,3,((#3494,#3495,#3496,#3497),(#3498,
#3499,#3500,#3501),(#3502,#3503,#3504,#3505),(#3506,#3507,#3508,#3509),
(#3510,#3511,#3512,#3513)),.UNSPECIFIED.,.F.,.F.,.F.,(4,1,4),(4,4),(0.,
0.5,1.),(6.11113847447724,7.15353667066239),.UNSPECIFIED.);
#2183=B_SPLINE_SURFACE_WITH_KNOTS('',3,3,((#3532,#3533,#3534,#3535,#3536,
#3537,#3538,#3539,#3540,#3541,#3542,#3543,#3544,#3545,#3546,#3547,#3548,
#3549,#3550,#3551,#3552,#3553,#3554,#3555,#3556,#3557,#3558,#3559,#3560,
#3561,#3562,#3563,#3564,#3565,#3566,#3567),(#3568,#3569,#3570,#3571,#3572,
#3573,#3574,#3575,#3576,#3577,#3578,#3579,#3580,#3581,#3582,#3583,#3584,
#3585,#3586,#3587,#3588,#3589,#3590,#3591,#3592,#3593,#3594,#3595,#3596,
#3597,#3598,#3599,#3600,#3601,#3602,#3603),(#3604,#3605,#3606,#3607,#3608,
#3609,#3610,#3611,#3612,#3613,#3614,#3615,#3616,#3617,#3618,#3619,#3620,
#3621,#3622,#3623,#3624,#3625,#3626,#3627,#3628,#3629,#3630,#3631,#3632,
#3633,#3634,#3635,#3636,#3637,#3638,#3639),(#3640,#3641,#3642,#3643,#3644,
#3645,#3646,#3647,#3648,#3649,#3650,#3651,#3652,#3653,#3654,#3655,#3656,
#3657,#3658,#3659,#3660,#3661,#3662,#3663,#3664,#3665,#3666,#3667,#3668,
#3669,#3670,#3671,#3672,#3673,#3674,#3675)),.UNSPECIFIED.,.F.,.F.,.F.,(4,
4),(4,1,1,1,1,1,1,1,1,1,1,1,1,1,1,1,1,1,1,1,1,1,1,1,1,1,1,1,1,1,1,2,4),
(0.,1.),(-0.550391409879603,-0.495352268891643,-0.440313127903682,-0.385273986915722,
-0.357754416421742,-0.330234845927762,-0.302715275433782,-0.275195704939801,
-0.247676134445821,-0.220156563951841,-0.165117422963881,-0.137597852469901,
-0.110078281975921,-0.106638335664173,-0.103198389352426,-0.0963184967289305,
-0.0825587114819404,-0.0791187651701929,-0.0687989262349503,-0.0550391409879603,
-0.0412793557409702,-0.0343994631174752,-0.0275195704939801,-0.0206396778704851,
-0.0171997315587376,-0.0137597852469901,-0.00859986577936879,-0.00687989262349504,
-0.00343994631174752,-0.00171997315587376,-0.000859986577936879,0.,0.000408742745173606),
 .UNSPECIFIED.);
#2184=B_SPLINE_SURFACE_WITH_KNOTS('',3,3,((#3738,#3739,#3740,#3741),(#3742,
#3743,#3744,#3745),(#3746,#3747,#3748,#3749),(#3750,#3751,#3752,#3753)),
 .UNSPECIFIED.,.F.,.F.,.F.,(4,4),(4,4),(0.00577326540613559,0.0231036534518903),
(33.2465387841867,33.4286981023269),.UNSPECIFIED.);
#2185=B_SPLINE_SURFACE_WITH_KNOTS('',3,3,((#3778,#3779,#3780,#3781,#3782,
#3783,#3784),(#3785,#3786,#3787,#3788,#3789,#3790,#3791),(#3792,#3793,#3794,
#3795,#3796,#3797,#3798),(#3799,#3800,#3801,#3802,#3803,#3804,#3805)),
 .UNSPECIFIED.,.F.,.F.,.F.,(4,4),(4,1,1,1,4),(0.00577326540613559,0.170121355561774),
(31.6793708989238,32.0646286173585,32.4498863357931,32.6425151950104,33.027772913445),
 .UNSPECIFIED.);
#2186=B_SPLINE_SURFACE_WITH_KNOTS('',3,3,((#3824,#3825,#3826,#3827),(#3828,
#3829,#3830,#3831),(#3832,#3833,#3834,#3835),(#3836,#3837,#3838,#3839),
(#3840,#3841,#3842,#3843)),.UNSPECIFIED.,.F.,.F.,.F.,(4,1,4),(4,4),(0.,
0.5,1.),(0.00450338891624816,0.17668029351332),.UNSPECIFIED.);
#2187=B_SPLINE_SURFACE_WITH_KNOTS('',3,3,((#3897,#3898,#3899,#3900),(#3901,
#3902,#3903,#3904),(#3905,#3906,#3907,#3908),(#3909,#3910,#3911,#3912),
(#3913,#3914,#3915,#3916)),.UNSPECIFIED.,.F.,.F.,.F.,(4,1,4),(4,4),(0.,
0.5,1.),(3.80589565292306E-15,0.159447266019448),.UNSPECIFIED.);
#2188=B_SPLINE_SURFACE_WITH_KNOTS('',3,3,((#3977,#3978,#3979,#3980,#3981,
#3982,#3983),(#3984,#3985,#3986,#3987,#3988,#3989,#3990),(#3991,#3992,#3993,
#3994,#3995,#3996,#3997),(#3998,#3999,#4000,#4001,#4002,#4003,#4004),(#4005,
#4006,#4007,#4008,#4009,#4010,#4011)),.UNSPECIFIED.,.F.,.F.,.F.,(4,1,4),
(4,1,1,1,4),(0.,0.571428571428571,1.),(0.0336460261744021,1.83424275597841,
2.73454112088041,4.53513785068442,6.33573458048843),.UNSPECIFIED.);
#2189=B_SPLINE_SURFACE_WITH_KNOTS('',3,3,((#4043,#4044,#4045,#4046,#4047,
#4048,#4049),(#4050,#4051,#4052,#4053,#4054,#4055,#4056),(#4057,#4058,#4059,
#4060,#4061,#4062,#4063),(#4064,#4065,#4066,#4067,#4068,#4069,#4070),(#4071,
#4072,#4073,#4074,#4075,#4076,#4077)),.UNSPECIFIED.,.F.,.F.,.F.,(4,1,4),
(4,1,1,1,4),(0.,0.571428571428571,1.),(0.0336460261644051,0.933944391156126,
2.73454112113957,4.53513785112301,6.33573458110645),.UNSPECIFIED.);
#2190=B_SPLINE_SURFACE_WITH_KNOTS('',3,3,((#4092,#4093,#4094,#4095),(#4096,
#4097,#4098,#4099),(#4100,#4101,#4102,#4103),(#4104,#4105,#4106,#4107),
(#4108,#4109,#4110,#4111)),.UNSPECIFIED.,.F.,.F.,.F.,(4,1,4),(4,4),(0.,
0.5,1.),(2.96146536211369E-17,0.159447266026235),.UNSPECIFIED.);
#2191=B_SPLINE_SURFACE_WITH_KNOTS('',3,3,((#4168,#4169,#4170,#4171),(#4172,
#4173,#4174,#4175),(#4176,#4177,#4178,#4179),(#4180,#4181,#4182,#4183),
(#4184,#4185,#4186,#4187)),.UNSPECIFIED.,.F.,.F.,.F.,(4,1,4),(4,4),(0.,
0.5,1.),(0.0173961789437321,0.17668029354718),.UNSPECIFIED.);
#2192=B_SPLINE_SURFACE_WITH_KNOTS('',3,3,((#4235,#4236,#4237,#4238),(#4239,
#4240,#4241,#4242),(#4243,#4244,#4245,#4246),(#4247,#4248,#4249,#4250),
(#4251,#4252,#4253,#4254)),.UNSPECIFIED.,.F.,.F.,.F.,(4,1,4),(4,4),(0.,
0.5,1.),(0.0173961789436609,0.176680293540334),.UNSPECIFIED.);
#2193=B_SPLINE_SURFACE_WITH_KNOTS('',3,3,((#4304,#4305,#4306,#4307,#4308,
#4309,#4310),(#4311,#4312,#4313,#4314,#4315,#4316,#4317),(#4318,#4319,#4320,
#4321,#4322,#4323,#4324),(#4325,#4326,#4327,#4328,#4329,#4330,#4331)),
 .UNSPECIFIED.,.F.,.F.,.F.,(4,4),(4,1,1,1,4),(0.00577326540613559,0.1643476218487),
(25.3963069707023,25.7803679931233,26.1644290155443,26.3564595267548,26.7405205491759),
 .UNSPECIFIED.);
#2194=B_SPLINE_SURFACE_WITH_KNOTS('',3,3,((#4380,#4381,#4382,#4383),(#4384,
#4385,#4386,#4387),(#4388,#4389,#4390,#4391),(#4392,#4393,#4394,#4395),
(#4396,#4397,#4398,#4399)),.UNSPECIFIED.,.F.,.F.,.F.,(4,1,4),(4,4),(0.,
0.5,1.),(7.65117110123665E-16,0.198071873172797),.UNSPECIFIED.);
#2195=B_SPLINE_SURFACE_WITH_KNOTS('',3,3,((#4470,#4471,#4472,#4473),(#4474,
#4475,#4476,#4477),(#4478,#4479,#4480,#4481),(#4482,#4483,#4484,#4485),
(#4486,#4487,#4488,#4489)),.UNSPECIFIED.,.F.,.F.,.F.,(4,1,4),(4,4),(0.,
0.5,1.),(0.000650876479650415,0.0524916630352404),.UNSPECIFIED.);
#2196=B_SPLINE_SURFACE_WITH_KNOTS('',3,3,((#4552,#4553,#4554,#4555,#4556,
#4557,#4558),(#4559,#4560,#4561,#4562,#4563,#4564,#4565),(#4566,#4567,#4568,
#4569,#4570,#4571,#4572),(#4573,#4574,#4575,#4576,#4577,#4578,#4579),(#4580,
#4581,#4582,#4583,#4584,#4585,#4586)),.UNSPECIFIED.,.F.,.F.,.F.,(4,1,4),
(4,1,1,1,4),(0.,0.571428571428571,1.),(0.0336460261746465,0.938036682162123,
2.74681799413707,4.55559930611203,6.36438061808698),.UNSPECIFIED.);
#2197=B_SPLINE_SURFACE_WITH_KNOTS('',3,3,((#4596,#4597,#4598,#4599),(#4600,
#4601,#4602,#4603),(#4604,#4605,#4606,#4607),(#4608,#4609,#4610,#4611),
(#4612,#4613,#4614,#4615)),.UNSPECIFIED.,.F.,.F.,.F.,(4,1,4),(4,4),(0.,
0.5,1.),(0.0173961789436634,0.176680293540332),.UNSPECIFIED.);
#2198=B_SPLINE_SURFACE_WITH_KNOTS('',3,3,((#4663,#4664,#4665,#4666,#4667),
(#4668,#4669,#4670,#4671,#4672),(#4673,#4674,#4675,#4676,#4677),(#4678,
#4679,#4680,#4681,#4682),(#4683,#4684,#4685,#4686,#4687)),.UNSPECIFIED.,
 .F.,.F.,.F.,(4,1,4),(4,1,4),(0.,0.571428571428571,1.),(0.000263596954506954,
1.93555646063899,3.38702610840235),.UNSPECIFIED.);
#2199=B_SPLINE_SURFACE_WITH_KNOTS('',3,3,((#4728,#4729,#4730,#4731,#4732),
(#4733,#4734,#4735,#4736,#4737),(#4738,#4739,#4740,#4741,#4742),(#4743,
#4744,#4745,#4746,#4747)),.UNSPECIFIED.,.F.,.F.,.F.,(4,4),(4,1,4),(0.0346419219301979,
0.0862045906197841),(36.3917314003556,36.623612502567,36.9327873055155),
 .UNSPECIFIED.);
#2200=B_SPLINE_SURFACE_WITH_KNOTS('',3,3,((#4808,#4809,#4810,#4811),(#4812,
#4813,#4814,#4815),(#4816,#4817,#4818,#4819),(#4820,#4821,#4822,#4823),
(#4824,#4825,#4826,#4827)),.UNSPECIFIED.,.F.,.F.,.F.,(4,1,4),(4,4),(0.,
0.5,1.),(1.47687821561646E-16,0.159447266019449),.UNSPECIFIED.);
#2201=B_SPLINE_SURFACE_WITH_KNOTS('',3,3,((#4891,#4892,#4893,#4894),(#4895,
#4896,#4897,#4898),(#4899,#4900,#4901,#4902),(#4903,#4904,#4905,#4906),
(#4907,#4908,#4909,#4910)),.UNSPECIFIED.,.F.,.F.,.F.,(4,1,4),(4,4),(0.,
0.5,1.),(-1.11022302462516E-16,0.159447266026235),.UNSPECIFIED.);
#2202=B_SPLINE_SURFACE_WITH_KNOTS('',3,3,((#4971,#4972,#4973,#4974,#4975,
#4976,#4977),(#4978,#4979,#4980,#4981,#4982,#4983,#4984),(#4985,#4986,#4987,
#4988,#4989,#4990,#4991),(#4992,#4993,#4994,#4995,#4996,#4997,#4998),(#4999,
#5000,#5001,#5002,#5003,#5004,#5005)),.UNSPECIFIED.,.F.,.F.,.F.,(4,1,4),
(4,1,1,1,4),(0.,0.571428571428571,1.),(0.0336460261735934,1.83424275599588,
2.73454112090702,4.5351378507293,6.33573458055158),.UNSPECIFIED.);
#2203=B_SPLINE_SURFACE_WITH_KNOTS('',3,3,((#5023,#5024,#5025,#5026),(#5027,
#5028,#5029,#5030),(#5031,#5032,#5033,#5034),(#5035,#5036,#5037,#5038),
(#5039,#5040,#5041,#5042)),.UNSPECIFIED.,.F.,.F.,.F.,(4,1,4),(4,4),(0.,
0.5,1.),(0.0173961789436616,0.176680293540331),.UNSPECIFIED.);
#2204=B_SPLINE_SURFACE_WITH_KNOTS('',3,3,((#5090,#5091,#5092,#5093,#5094,
#5095,#5096),(#5097,#5098,#5099,#5100,#5101,#5102,#5103),(#5104,#5105,#5106,
#5107,#5108,#5109,#5110),(#5111,#5112,#5113,#5114,#5115,#5116,#5117),(#5118,
#5119,#5120,#5121,#5122,#5123,#5124)),.UNSPECIFIED.,.F.,.F.,.F.,(4,1,4),
(4,1,1,1,4),(0.,0.571428571428571,1.),(0.0336460261652255,1.8342427561381,
2.73454112112454,4.53513785109741,6.33573458107028),.UNSPECIFIED.);
#2205=B_SPLINE_SURFACE_WITH_KNOTS('',3,3,((#5139,#5140,#5141,#5142),(#5143,
#5144,#5145,#5146),(#5147,#5148,#5149,#5150),(#5151,#5152,#5153,#5154),
(#5155,#5156,#5157,#5158)),.UNSPECIFIED.,.F.,.F.,.F.,(4,1,4),(4,4),(0.,
0.5,1.),(0.0173961789437253,0.176680293547179),.UNSPECIFIED.);
#2206=B_SPLINE_SURFACE_WITH_KNOTS('',3,3,((#5208,#5209,#5210,#5211,#5212,
#5213,#5214),(#5215,#5216,#5217,#5218,#5219,#5220,#5221),(#5222,#5223,#5224,
#5225,#5226,#5227,#5228),(#5229,#5230,#5231,#5232,#5233,#5234,#5235)),
 .UNSPECIFIED.,.F.,.F.,.F.,(4,4),(4,1,1,1,4),(0.0346419219301983,0.193216278379508),
(30.108546093176,30.3005766043865,30.6846376268076,31.0686986492286,31.4527596716496),
 .UNSPECIFIED.);
#2207=B_SPLINE_SURFACE_WITH_KNOTS('',3,3,((#5268,#5269,#5270,#5271),(#5272,
#5273,#5274,#5275),(#5276,#5277,#5278,#5279),(#5280,#5281,#5282,#5283),
(#5284,#5285,#5286,#5287)),.UNSPECIFIED.,.F.,.F.,.F.,(4,1,4),(4,4),(0.,
0.5,1.),(3.05463851591486E-15,0.159447266026235),.UNSPECIFIED.);
#2208=B_SPLINE_SURFACE_WITH_KNOTS('',3,3,((#5348,#5349,#5350,#5351,#5352,
#5353,#5354),(#5355,#5356,#5357,#5358,#5359,#5360,#5361),(#5362,#5363,#5364,
#5365,#5366,#5367,#5368),(#5369,#5370,#5371,#5372,#5373,#5374,#5375),(#5376,
#5377,#5378,#5379,#5380,#5381,#5382)),.UNSPECIFIED.,.F.,.F.,.F.,(4,1,4),
(4,1,1,1,4),(0.,0.571428571428571,1.),(0.0336460261750065,1.83424275596549,
2.73454112086073,4.53513785065121,6.33573458044168),.UNSPECIFIED.);
#2209=B_SPLINE_SURFACE_WITH_KNOTS('',3,3,((#5400,#5401,#5402,#5403),(#5404,
#5405,#5406,#5407),(#5408,#5409,#5410,#5411),(#5412,#5413,#5414,#5415),
(#5416,#5417,#5418,#5419)),.UNSPECIFIED.,.F.,.F.,.F.,(4,1,4),(4,4),(0.,
0.5,1.),(0.0173961789436624,0.176680293540332),.UNSPECIFIED.);
#2210=B_SPLINE_SURFACE_WITH_KNOTS('',3,3,((#5467,#5468,#5469,#5470,#5471,
#5472,#5473),(#5474,#5475,#5476,#5477,#5478,#5479,#5480),(#5481,#5482,#5483,
#5484,#5485,#5486,#5487),(#5488,#5489,#5490,#5491,#5492,#5493,#5494),(#5495,
#5496,#5497,#5498,#5499,#5500,#5501)),.UNSPECIFIED.,.F.,.F.,.F.,(4,1,4),
(4,1,1,1,4),(0.,0.571428571428571,1.),(0.0336460261627846,1.8342427561654,
3.63483948616801,4.53513785116932,6.33573458117193),.UNSPECIFIED.);
#2211=B_SPLINE_SURFACE_WITH_KNOTS('',3,3,((#5516,#5517,#5518,#5519),(#5520,
#5521,#5522,#5523),(#5524,#5525,#5526,#5527),(#5528,#5529,#5530,#5531),
(#5532,#5533,#5534,#5535)),.UNSPECIFIED.,.F.,.F.,.F.,(4,1,4),(4,4),(0.,
0.5,1.),(-3.10681766687675E-15,0.159447266019449),.UNSPECIFIED.);
#2212=B_SPLINE_SURFACE_WITH_KNOTS('',3,3,((#5589,#5590,#5591,#5592),(#5593,
#5594,#5595,#5596),(#5597,#5598,#5599,#5600),(#5601,#5602,#5603,#5604),
(#5605,#5606,#5607,#5608)),.UNSPECIFIED.,.F.,.F.,.F.,(4,1,4),(4,4),(0.,
0.5,1.),(0.0173961789437683,0.0911733816419631),.UNSPECIFIED.);
#2213=B_SPLINE_SURFACE_WITH_KNOTS('',3,3,((#5667,#5668,#5669,#5670,#5671,
#5672,#5673),(#5674,#5675,#5676,#5677,#5678,#5679,#5680),(#5681,#5682,#5683,
#5684,#5685,#5686,#5687),(#5688,#5689,#5690,#5691,#5692,#5693,#5694)),
 .UNSPECIFIED.,.F.,.F.,.F.,(4,4),(4,1,1,1,4),(0.0346419219301954,0.193216278379508),
(34.8209350735607,35.2049960959817,35.5890571184027,35.9731181408238,36.1651486520343),
 .UNSPECIFIED.);
#2214=B_SPLINE_SURFACE_WITH_KNOTS('',3,3,((#5803,#5804,#5805,#5806,#5807,
#5808,#5809),(#5810,#5811,#5812,#5813,#5814,#5815,#5816),(#5817,#5818,#5819,
#5820,#5821,#5822,#5823),(#5824,#5825,#5826,#5827,#5828,#5829,#5830),(#5831,
#5832,#5833,#5834,#5835,#5836,#5837)),.UNSPECIFIED.,.F.,.F.,.F.,(4,1,4),
(4,1,1,1,4),(0.,0.571428571428571,1.),(0.0336460261749177,1.8342427559673,
2.73454112086349,4.53513785065587,6.33573458044825),.UNSPECIFIED.);
#2215=B_SPLINE_SURFACE_WITH_KNOTS('',3,3,((#5855,#5856,#5857,#5858),(#5859,
#5860,#5861,#5862),(#5863,#5864,#5865,#5866),(#5867,#5868,#5869,#5870),
(#5871,#5872,#5873,#5874)),.UNSPECIFIED.,.F.,.F.,.F.,(4,1,4),(4,4),(0.,
0.5,1.),(0.017396178943662,0.176680293540331),.UNSPECIFIED.);
#2216=B_SPLINE_SURFACE_WITH_KNOTS('',3,3,((#5922,#5923,#5924,#5925,#5926,
#5927,#5928),(#5929,#5930,#5931,#5932,#5933,#5934,#5935),(#5936,#5937,#5938,
#5939,#5940,#5941,#5942),(#5943,#5944,#5945,#5946,#5947,#5948,#5949),(#5950,
#5951,#5952,#5953,#5954,#5955,#5956)),.UNSPECIFIED.,.F.,.F.,.F.,(4,1,4),
(4,1,1,1,4),(0.,0.571428571428571,1.),(0.0336460261635897,0.93394439116027,
2.73454112115363,4.53513785114699,6.33573458114035),.UNSPECIFIED.);
#2217=B_SPLINE_SURFACE_WITH_KNOTS('',3,3,((#5971,#5972,#5973,#5974),(#5975,
#5976,#5977,#5978),(#5979,#5980,#5981,#5982),(#5983,#5984,#5985,#5986),
(#5987,#5988,#5989,#5990)),.UNSPECIFIED.,.F.,.F.,.F.,(4,1,4),(4,4),(0.,
0.5,1.),(5.58566068655289E-16,0.159447266026235),.UNSPECIFIED.);
#2218=B_SPLINE_SURFACE_WITH_KNOTS('',3,3,((#6044,#6045,#6046,#6047),(#6048,
#6049,#6050,#6051),(#6052,#6053,#6054,#6055),(#6056,#6057,#6058,#6059),
(#6060,#6061,#6062,#6063)),.UNSPECIFIED.,.F.,.F.,.F.,(4,1,4),(4,4),(0.,
0.5,1.),(6.79854582996688E-16,0.159447266019449),.UNSPECIFIED.);
#2219=B_SPLINE_SURFACE_WITH_KNOTS('',3,3,((#6117,#6118,#6119,#6120),(#6121,
#6122,#6123,#6124),(#6125,#6126,#6127,#6128),(#6129,#6130,#6131,#6132),
(#6133,#6134,#6135,#6136)),.UNSPECIFIED.,.F.,.F.,.F.,(4,1,4),(4,4),(0.,
0.5,1.),(0.0173961789437281,0.176680293547178),.UNSPECIFIED.);
#2220=B_SPLINE_SURFACE_WITH_KNOTS('',3,3,((#6186,#6187,#6188,#6189,#6190,
#6191,#6192),(#6193,#6194,#6195,#6196,#6197,#6198,#6199),(#6200,#6201,#6202,
#6203,#6204,#6205,#6206),(#6207,#6208,#6209,#6210,#6211,#6212,#6213)),
 .UNSPECIFIED.,.F.,.F.,.F.,(4,4),(4,1,1,1,4),(0.0346419219301974,0.193216278379508),
(33.2501387467658,33.4421692579763,33.8262302803973,34.2102913028184,34.5943523252394),
 .UNSPECIFIED.);
#2221=B_SPLINE_SURFACE_WITH_KNOTS('',3,3,((#6283,#6284,#6285,#6286,#6287,
#6288,#6289),(#6290,#6291,#6292,#6293,#6294,#6295,#6296),(#6297,#6298,#6299,
#6300,#6301,#6302,#6303),(#6304,#6305,#6306,#6307,#6308,#6309,#6310),(#6311,
#6312,#6313,#6314,#6315,#6316,#6317)),.UNSPECIFIED.,.F.,.F.,.F.,(4,1,4),
(4,1,1,1,4),(0.,0.571428571428571,1.),(0.0336460261668412,1.83424275611659,
3.63483948606634,4.53513785104122,6.33573458099097),.UNSPECIFIED.);
#2222=B_SPLINE_SURFACE_WITH_KNOTS('',3,3,((#6385,#6386,#6387,#6388),(#6389,
#6390,#6391,#6392),(#6393,#6394,#6395,#6396),(#6397,#6398,#6399,#6400),
(#6401,#6402,#6403,#6404)),.UNSPECIFIED.,.F.,.F.,.F.,(4,1,4),(4,4),(0.,
0.5,1.),(-1.00813344444034E-15,0.176879838861527),.UNSPECIFIED.);
#2223=B_SPLINE_SURFACE_WITH_KNOTS('',3,3,((#6458,#6459,#6460,#6461),(#6462,
#6463,#6464,#6465),(#6466,#6467,#6468,#6469),(#6470,#6471,#6472,#6473),
(#6474,#6475,#6476,#6477)),.UNSPECIFIED.,.F.,.F.,.F.,(4,1,4),(4,4),(0.,
0.5,1.),(0.0173961789437296,0.176680293547179),.UNSPECIFIED.);
#2224=B_SPLINE_SURFACE_WITH_KNOTS('',3,3,((#6525,#6526,#6527,#6528),(#6529,
#6530,#6531,#6532),(#6533,#6534,#6535,#6536),(#6537,#6538,#6539,#6540),
(#6541,#6542,#6543,#6544)),.UNSPECIFIED.,.F.,.F.,.F.,(4,1,4),(4,4),(0.,
0.5,1.),(7.38974734483931E-16,0.159447266026235),.UNSPECIFIED.);
#2225=B_SPLINE_SURFACE_WITH_KNOTS('',3,3,((#6598,#6599,#6600,#6601),(#6602,
#6603,#6604,#6605),(#6606,#6607,#6608,#6609),(#6610,#6611,#6612,#6613),
(#6614,#6615,#6616,#6617)),.UNSPECIFIED.,.F.,.F.,.F.,(4,1,4),(4,4),(0.,
0.5,1.),(-8.81928637991403E-5,0.176680293540332),.UNSPECIFIED.);
#2226=B_SPLINE_SURFACE_WITH_KNOTS('',3,3,((#6681,#6682,#6683,#6684,#6685,
#6686,#6687),(#6688,#6689,#6690,#6691,#6692,#6693,#6694),(#6695,#6696,#6697,
#6698,#6699,#6700,#6701),(#6702,#6703,#6704,#6705,#6706,#6707,#6708)),
 .UNSPECIFIED.,.F.,.F.,.F.,(4,4),(4,1,1,1,4),(0.00577326540613559,0.181668813531786),
(20.6835554681527,21.0678231704576,21.2599570216101,21.644224723915,22.02849242622),
 .UNSPECIFIED.);
#2227=B_SPLINE_SURFACE_WITH_KNOTS('',3,3,((#6723,#6724,#6725,#6726),(#6727,
#6728,#6729,#6730),(#6731,#6732,#6733,#6734),(#6735,#6736,#6737,#6738),
(#6739,#6740,#6741,#6742)),.UNSPECIFIED.,.F.,.F.,.F.,(4,1,4),(4,4),(0.,
0.5,1.),(3.38269706312509E-11,0.159447266026234),.UNSPECIFIED.);
#2228=B_SPLINE_SURFACE_WITH_KNOTS('',3,3,((#6810,#6811,#6812,#6813,#6814,
#6815,#6816),(#6817,#6818,#6819,#6820,#6821,#6822,#6823),(#6824,#6825,#6826,
#6827,#6828,#6829,#6830),(#6831,#6832,#6833,#6834,#6835,#6836,#6837),(#6838,
#6839,#6840,#6841,#6842,#6843,#6844)),.UNSPECIFIED.,.F.,.F.,.F.,(4,1,4),
(4,1,1,1,4),(0.,0.571428571428571,1.),(0.0336460261660423,1.83424275612769,
2.73454112110851,4.53513785107015,6.3357345810318),.UNSPECIFIED.);
#2229=B_SPLINE_SURFACE_WITH_KNOTS('',3,3,((#6869,#6870,#6871,#6872,#6873,
#6874,#6875),(#6876,#6877,#6878,#6879,#6880,#6881,#6882),(#6883,#6884,#6885,
#6886,#6887,#6888,#6889),(#6890,#6891,#6892,#6893,#6894,#6895,#6896),(#6897,
#6898,#6899,#6900,#6901,#6902,#6903)),.UNSPECIFIED.,.F.,.F.,.F.,(4,1,4),
(4,1,1,1,4),(0.,0.571428571428571,1.),(0.0336460261727889,1.83424275601294,
3.63483948585309,4.53513785077316,6.33573458061331),.UNSPECIFIED.);
#2230=B_SPLINE_SURFACE_WITH_KNOTS('',3,3,((#6918,#6919,#6920,#6921),(#6922,
#6923,#6924,#6925),(#6926,#6927,#6928,#6929),(#6930,#6931,#6932,#6933),
(#6934,#6935,#6936,#6937)),.UNSPECIFIED.,.F.,.F.,.F.,(4,1,4),(4,4),(0.,
0.5,1.),(2.7042923456122E-11,0.15944726601945),.UNSPECIFIED.);
#2231=B_SPLINE_SURFACE_WITH_KNOTS('',3,3,((#6991,#6992,#6993,#6994),(#6995,
#6996,#6997,#6998),(#6999,#7000,#7001,#7002),(#7003,#7004,#7005,#7006),
(#7007,#7008,#7009,#7010)),.UNSPECIFIED.,.F.,.F.,.F.,(4,1,4),(4,4),(0.,
0.5,1.),(0.0173961789437271,0.176680293513385),.UNSPECIFIED.);
#2232=B_SPLINE_SURFACE_WITH_KNOTS('',3,3,((#7061,#7062,#7063,#7064),(#7065,
#7066,#7067,#7068),(#7069,#7070,#7071,#7072),(#7073,#7074,#7075,#7076),
(#7077,#7078,#7079,#7080)),.UNSPECIFIED.,.F.,.F.,.F.,(4,1,4),(4,4),(0.,
0.5,1.),(0.0173961789436638,0.17668029351332),.UNSPECIFIED.);
#2233=B_SPLINE_SURFACE_WITH_KNOTS('',3,3,((#7130,#7131,#7132,#7133,#7134,
#7135,#7136),(#7137,#7138,#7139,#7140,#7141,#7142,#7143),(#7144,#7145,#7146,
#7147,#7148,#7149,#7150),(#7151,#7152,#7153,#7154,#7155,#7156,#7157)),
 .UNSPECIFIED.,.F.,.F.,.F.,(4,4),(4,1,1,1,4),(0.00577326540613559,0.164347621848698),
(22.2547143171125,22.446744828323,22.830805850744,23.214866873165,23.5989278955861),
 .UNSPECIFIED.);
#2234=B_SPLINE_SURFACE_WITH_KNOTS('',3,3,((#7249,#7250,#7251,#7252,#7253,
#7254,#7255),(#7256,#7257,#7258,#7259,#7260,#7261,#7262),(#7263,#7264,#7265,
#7266,#7267,#7268,#7269),(#7270,#7271,#7272,#7273,#7274,#7275,#7276)),
 .UNSPECIFIED.,.F.,.F.,.F.,(4,4),(4,1,1,1,4),(0.00577326540613559,0.164347621848699),
(23.8255106439074,24.2095716663284,24.5936326887494,24.7856631999599,25.169724222381),
 .UNSPECIFIED.);
#2235=B_SPLINE_SURFACE_WITH_KNOTS('',3,1,((#7278,#7279),(#7280,#7281),(#7282,
#7283),(#7284,#7285),(#7286,#7287),(#7288,#7289),(#7290,#7291),(#7292,#7293),
(#7294,#7295),(#7296,#7297),(#7298,#7299),(#7300,#7301),(#7302,#7303),(#7304,
#7305),(#7306,#7307),(#7308,#7309),(#7310,#7311)),.UNSPECIFIED.,.F.,.F.,
 .F.,(4,2,2,2,2,2,3,4),(2,2),(1.58238092572469,1.84751797664958,3.68272383572942,
5.50561580161202,7.31619208653373,9.11445089043258,10.1628236406176,10.3331337837508),
(0.,0.524370887741196),.UNSPECIFIED.);
#2236=B_SPLINE_SURFACE_WITH_KNOTS('',3,3,((#7349,#7350,#7351,#7352,#7353,
#7354,#7355),(#7356,#7357,#7358,#7359,#7360,#7361,#7362),(#7363,#7364,#7365,
#7366,#7367,#7368,#7369),(#7370,#7371,#7372,#7373,#7374,#7375,#7376)),
 .UNSPECIFIED.,.F.,.F.,.F.,(4,4),(4,1,1,1,4),(0.00577326540613559,0.1643476218487),
(28.5378996242921,28.7299301355026,29.1139911579236,29.4980521803446,29.8821132027657),
 .UNSPECIFIED.);
#2237=B_SPLINE_SURFACE_WITH_KNOTS('',3,3,((#7377,#7378,#7379,#7380,#7381,
#7382,#7383),(#7384,#7385,#7386,#7387,#7388,#7389,#7390),(#7391,#7392,#7393,
#7394,#7395,#7396,#7397),(#7398,#7399,#7400,#7401,#7402,#7403,#7404)),
 .UNSPECIFIED.,.F.,.F.,.F.,(4,4),(4,1,1,1,4),(0.00577326540613559,0.164347621848699),
(30.108695951087,30.492756973508,30.876817995929,31.0688485071395,31.4529095295606),
 .UNSPECIFIED.);
#2238=B_SPLINE_SURFACE_WITH_KNOTS('',3,1,((#7405,#7406),(#7407,#7408),(#7409,
#7410),(#7411,#7412),(#7413,#7414),(#7415,#7416),(#7417,#7418),(#7419,#7420),
(#7421,#7422),(#7423,#7424),(#7425,#7426),(#7427,#7428),(#7429,#7430),(#7431,
#7432),(#7433,#7434),(#7435,#7436),(#7437,#7438)),.UNSPECIFIED.,.F.,.F.,
 .F.,(4,3,2,2,2,2,2,4),(2,2),(2.16635023873789,2.34189364095913,3.55818671495023,
5.35574085367938,7.16559976132264,8.98776163956907,10.7362272880297,10.9156887083759),
(-0.0720000000000001,0.363542404214853),.UNSPECIFIED.);
#2239=B_SPLINE_SURFACE_WITH_KNOTS('',3,3,((#7463,#7464,#7465,#7466,#7467,
#7468,#7469),(#7470,#7471,#7472,#7473,#7474,#7475,#7476),(#7477,#7478,#7479,
#7480,#7481,#7482,#7483),(#7484,#7485,#7486,#7487,#7488,#7489,#7490)),
 .UNSPECIFIED.,.F.,.F.,.F.,(4,4),(4,1,1,1,4),(0.034641921930197,0.193216278379508),
(26.9669534395862,27.3510144620072,27.7350754844283,27.9271059956388,28.3111670180598),
 .UNSPECIFIED.);
#2240=B_SPLINE_SURFACE_WITH_KNOTS('',3,3,((#7492,#7493,#7494,#7495,#7496,
#7497,#7498),(#7499,#7500,#7501,#7502,#7503,#7504,#7505),(#7506,#7507,#7508,
#7509,#7510,#7511,#7512),(#7513,#7514,#7515,#7516,#7517,#7518,#7519)),
 .UNSPECIFIED.,.F.,.F.,.F.,(4,4),(4,1,1,1,4),(0.00577326540613559,0.164347621848699),
(26.9671032974972,27.1591338087077,27.5431948311287,27.9272558535497,28.3113168759708),
 .UNSPECIFIED.);
#2241=B_SPLINE_SURFACE_WITH_KNOTS('',3,3,((#7521,#7522,#7523,#7524,#7525,
#7526,#7527),(#7528,#7529,#7530,#7531,#7532,#7533,#7534),(#7535,#7536,#7537,
#7538,#7539,#7540,#7541),(#7542,#7543,#7544,#7545,#7546,#7547,#7548)),
 .UNSPECIFIED.,.F.,.F.,.F.,(4,4),(4,1,1,1,4),(0.034641921930193,0.193216278379508),
(31.6793424199709,32.0634034423919,32.447464464813,32.831525487234,33.0235559984445),
 .UNSPECIFIED.);
#2242=B_SPLINE_SURFACE_WITH_KNOTS('',3,3,((#7736,#7737,#7738,#7739,#7740,
#7741,#7742),(#7743,#7744,#7745,#7746,#7747,#7748,#7749),(#7750,#7751,#7752,
#7753,#7754,#7755,#7756),(#7757,#7758,#7759,#7760,#7761,#7762,#7763)),
 .UNSPECIFIED.,.F.,.F.,.F.,(4,4),(4,1,1,1,4),(0.0346419219301976,0.193216278379508),
(28.5377497663811,28.7297802775916,29.1138413000127,29.4979023224337,29.8819633448547),
 .UNSPECIFIED.);
#2243=ADVANCED_FACE('',(#288),#2176,.F.);
#2244=ADVANCED_FACE('',(#289),#2177,.F.);
#2245=ADVANCED_FACE('',(#290),#2178,.F.);
#2246=ADVANCED_FACE('',(#291),#262,.T.);
#2247=ADVANCED_FACE('',(#292),#2179,.F.);
#2248=ADVANCED_FACE('',(#293),#2180,.F.);
#2249=ADVANCED_FACE('',(#294),#2181,.F.);
#2250=ADVANCED_FACE('',(#295),#2182,.F.);
#2251=ADVANCED_FACE('',(#296),#2183,.F.);
#2252=ADVANCED_FACE('',(#297),#2184,.F.);
#2253=ADVANCED_FACE('',(#298),#54,.F.);
#2254=ADVANCED_FACE('',(#299),#55,.T.);
#2255=ADVANCED_FACE('',(#300),#56,.F.);
#2256=ADVANCED_FACE('',(#301),#2185,.F.);
#2257=ADVANCED_FACE('',(#302),#2186,.F.);
#2258=ADVANCED_FACE('',(#303),#57,.F.);
#2259=ADVANCED_FACE('',(#304),#30,.T.);
#2260=ADVANCED_FACE('',(#305),#2187,.F.);
#2261=ADVANCED_FACE('',(#306),#31,.T.);
#2262=ADVANCED_FACE('',(#307),#2188,.F.);
#2263=ADVANCED_FACE('',(#308),#32,.T.);
#2264=ADVANCED_FACE('',(#309),#33,.T.);
#2265=ADVANCED_FACE('',(#310),#263,.T.);
#2266=ADVANCED_FACE('',(#311),#2189,.F.);
#2267=ADVANCED_FACE('',(#312),#2190,.F.);
#2268=ADVANCED_FACE('',(#313),#264,.T.);
#2269=ADVANCED_FACE('',(#314),#2191,.F.);
#2270=ADVANCED_FACE('',(#315),#2192,.F.);
#2271=ADVANCED_FACE('',(#316),#58,.F.);
#2272=ADVANCED_FACE('',(#317),#2193,.F.);
#2273=ADVANCED_FACE('',(#318),#265,.T.);
#2274=ADVANCED_FACE('',(#319),#266,.T.);
#2275=ADVANCED_FACE('',(#320),#2194,.F.);
#2276=ADVANCED_FACE('',(#321),#34,.T.);
#2277=ADVANCED_FACE('',(#322),#2195,.F.);
#2278=ADVANCED_FACE('',(#323),#35,.T.);
#2279=ADVANCED_FACE('',(#324),#2196,.F.);
#2280=ADVANCED_FACE('',(#325),#267,.T.);
#2281=ADVANCED_FACE('',(#326),#2197,.F.);
#2282=ADVANCED_FACE('',(#327),#2198,.F.);
#2283=ADVANCED_FACE('',(#328),#59,.F.);
#2284=ADVANCED_FACE('',(#329),#2199,.F.);
#2285=ADVANCED_FACE('',(#330),#36,.T.);
#2286=ADVANCED_FACE('',(#331),#37,.T.);
#2287=ADVANCED_FACE('',(#332),#2200,.F.);
#2288=ADVANCED_FACE('',(#333),#268,.T.);
#2289=ADVANCED_FACE('',(#334),#38,.T.);
#2290=ADVANCED_FACE('',(#335),#2201,.F.);
#2291=ADVANCED_FACE('',(#336),#39,.T.);
#2292=ADVANCED_FACE('',(#337),#2202,.F.);
#2293=ADVANCED_FACE('',(#338),#269,.T.);
#2294=ADVANCED_FACE('',(#339),#2203,.F.);
#2295=ADVANCED_FACE('',(#340),#2204,.F.);
#2296=ADVANCED_FACE('',(#341),#2205,.F.);
#2297=ADVANCED_FACE('',(#342),#60,.F.);
#2298=ADVANCED_FACE('',(#343),#2206,.F.);
#2299=ADVANCED_FACE('',(#344),#270,.T.);
#2300=ADVANCED_FACE('',(#345),#40,.T.);
#2301=ADVANCED_FACE('',(#346),#41,.T.);
#2302=ADVANCED_FACE('',(#347),#271,.T.);
#2303=ADVANCED_FACE('',(#348),#42,.T.);
#2304=ADVANCED_FACE('',(#349),#2207,.F.);
#2305=ADVANCED_FACE('',(#350),#43,.T.);
#2306=ADVANCED_FACE('',(#351),#2208,.F.);
#2307=ADVANCED_FACE('',(#352),#272,.T.);
#2308=ADVANCED_FACE('',(#353),#2209,.F.);
#2309=ADVANCED_FACE('',(#354),#2210,.F.);
#2310=ADVANCED_FACE('',(#355),#2211,.F.);
#2311=ADVANCED_FACE('',(#356),#2212,.F.);
#2312=ADVANCED_FACE('',(#357),#61,.F.);
#2313=ADVANCED_FACE('',(#358),#2213,.F.);
#2314=ADVANCED_FACE('',(#359),#273,.T.);
#2315=ADVANCED_FACE('',(#360),#44,.T.);
#2316=ADVANCED_FACE('',(#361),#45,.T.);
#2317=ADVANCED_FACE('',(#362),#274,.T.);
#2318=ADVANCED_FACE('',(#363),#46,.T.);
#2319=ADVANCED_FACE('',(#364),#47,.T.);
#2320=ADVANCED_FACE('',(#365),#2214,.F.);
#2321=ADVANCED_FACE('',(#366),#275,.T.);
#2322=ADVANCED_FACE('',(#367),#2215,.F.);
#2323=ADVANCED_FACE('',(#368),#2216,.F.);
#2324=ADVANCED_FACE('',(#369),#2217,.F.);
#2325=ADVANCED_FACE('',(#370),#2218,.F.);
#2326=ADVANCED_FACE('',(#371),#2219,.F.);
#2327=ADVANCED_FACE('',(#372),#62,.F.);
#2328=ADVANCED_FACE('',(#373),#2220,.F.);
#2329=ADVANCED_FACE('',(#374),#276,.T.);
#2330=ADVANCED_FACE('',(#375),#48,.T.);
#2331=ADVANCED_FACE('',(#376),#277,.T.);
#2332=ADVANCED_FACE('',(#377),#49,.T.);
#2333=ADVANCED_FACE('',(#378),#2221,.F.);
#2334=ADVANCED_FACE('',(#379),#278,.T.);
#2335=ADVANCED_FACE('',(#380),#2222,.F.);
#2336=ADVANCED_FACE('',(#381),#2223,.F.);
#2337=ADVANCED_FACE('',(#382),#2224,.F.);
#2338=ADVANCED_FACE('',(#383),#2225,.F.);
#2339=ADVANCED_FACE('',(#384),#63,.F.);
#2340=ADVANCED_FACE('',(#385),#279,.T.);
#2341=ADVANCED_FACE('',(#386),#2226,.F.);
#2342=ADVANCED_FACE('',(#387),#50,.T.);
#2343=ADVANCED_FACE('',(#388),#2227,.F.);
#2344=ADVANCED_FACE('',(#389),#51,.T.);
#2345=ADVANCED_FACE('',(#390),#52,.T.);
#2346=ADVANCED_FACE('',(#391),#2228,.F.);
#2347=ADVANCED_FACE('',(#392),#53,.T.);
#2348=ADVANCED_FACE('',(#393),#280,.T.);
#2349=ADVANCED_FACE('',(#394),#2229,.F.);
#2350=ADVANCED_FACE('',(#395),#2230,.F.);
#2351=ADVANCED_FACE('',(#396),#2231,.F.);
#2352=ADVANCED_FACE('',(#397),#281,.T.);
#2353=ADVANCED_FACE('',(#398),#2232,.F.);
#2354=ADVANCED_FACE('',(#399),#64,.F.);
#2355=ADVANCED_FACE('',(#400),#2233,.F.);
#2356=ADVANCED_FACE('',(#401),#282,.T.);
#2357=ADVANCED_FACE('',(#402,#23,#24,#25,#26,#27),#283,.T.);
#2358=ADVANCED_FACE('',(#403),#2234,.F.);
#2359=ADVANCED_FACE('',(#404),#65,.F.);
#2360=ADVANCED_FACE('',(#405),#2235,.T.);
#2361=ADVANCED_FACE('',(#406),#17,.T.);
#2362=ADVANCED_FACE('',(#407),#18,.T.);
#2363=ADVANCED_FACE('',(#408),#2236,.F.);
#2364=ADVANCED_FACE('',(#409),#2237,.F.);
#2365=ADVANCED_FACE('',(#410),#2238,.T.);
#2366=ADVANCED_FACE('',(#411),#66,.T.);
#2367=ADVANCED_FACE('',(#412),#67,.F.);
#2368=ADVANCED_FACE('',(#413),#68,.T.);
#2369=ADVANCED_FACE('',(#414),#69,.F.);
#2370=ADVANCED_FACE('',(#415),#70,.F.);
#2371=ADVANCED_FACE('',(#416),#2239,.F.);
#2372=ADVANCED_FACE('',(#417),#71,.F.);
#2373=ADVANCED_FACE('',(#418),#2240,.F.);
#2374=ADVANCED_FACE('',(#419),#72,.F.);
#2375=ADVANCED_FACE('',(#420),#2241,.F.);
#2376=ADVANCED_FACE('',(#421),#16,.F.);
#2377=ADVANCED_FACE('',(#422),#73,.T.);
#2378=ADVANCED_FACE('',(#423),#74,.F.);
#2379=ADVANCED_FACE('',(#424),#284,.F.);
#2380=ADVANCED_FACE('',(#425),#75,.T.);
#2381=ADVANCED_FACE('',(#426),#76,.F.);
#2382=ADVANCED_FACE('',(#427),#285,.F.);
#2383=ADVANCED_FACE('',(#428),#77,.F.);
#2384=ADVANCED_FACE('',(#429),#78,.F.);
#2385=ADVANCED_FACE('',(#430),#286,.F.);
#2386=ADVANCED_FACE('',(#431),#19,.F.);
#2387=ADVANCED_FACE('',(#432),#79,.T.);
#2388=ADVANCED_FACE('',(#433),#20,.F.);
#2389=ADVANCED_FACE('',(#434),#80,.T.);
#2390=ADVANCED_FACE('',(#435),#81,.F.);
#2391=ADVANCED_FACE('',(#436),#287,.F.);
#2392=ADVANCED_FACE('',(#437),#21,.F.);
#2393=ADVANCED_FACE('',(#438),#82,.T.);
#2394=ADVANCED_FACE('',(#439),#22,.F.);
#2395=ADVANCED_FACE('',(#440),#83,.T.);
#2396=ADVANCED_FACE('',(#441,#28,#29),#84,.T.);
#2397=ADVANCED_FACE('',(#442),#85,.F.);
#2398=ADVANCED_FACE('',(#443),#2242,.F.);
#2399=CLOSED_SHELL('',(#2243,#2244,#2245,#2246,#2247,#2248,#2249,#2250,
#2251,#2252,#2253,#2254,#2255,#2256,#2257,#2258,#2259,#2260,#2261,#2262,
#2263,#2264,#2265,#2266,#2267,#2268,#2269,#2270,#2271,#2272,#2273,#2274,
#2275,#2276,#2277,#2278,#2279,#2280,#2281,#2282,#2283,#2284,#2285,#2286,
#2287,#2288,#2289,#2290,#2291,#2292,#2293,#2294,#2295,#2296,#2297,#2298,
#2299,#2300,#2301,#2302,#2303,#2304,#2305,#2306,#2307,#2308,#2309,#2310,
#2311,#2312,#2313,#2314,#2315,#2316,#2317,#2318,#2319,#2320,#2321,#2322,
#2323,#2324,#2325,#2326,#2327,#2328,#2329,#2330,#2331,#2332,#2333,#2334,
#2335,#2336,#2337,#2338,#2339,#2340,#2341,#2342,#2343,#2344,#2345,#2346,
#2347,#2348,#2349,#2350,#2351,#2352,#2353,#2354,#2355,#2356,#2357,#2358,
#2359,#2360,#2361,#2362,#2363,#2364,#2365,#2366,#2367,#2368,#2369,#2370,
#2371,#2372,#2373,#2374,#2375,#2376,#2377,#2378,#2379,#2380,#2381,#2382,
#2383,#2384,#2385,#2386,#2387,#2388,#2389,#2390,#2391,#2392,#2393,#2394,
#2395,#2396,#2397,#2398));
#2400=DERIVED_UNIT_ELEMENT(#2402,1.);
#2401=DERIVED_UNIT_ELEMENT(#7769,-3.);
#2402=(
MASS_UNIT()
NAMED_UNIT(*)
SI_UNIT(.KILO.,.GRAM.)
);
#2403=DERIVED_UNIT((#2400,#2401));
#2404=MEASURE_REPRESENTATION_ITEM('density measure',
POSITIVE_RATIO_MEASURE(7850.),#2403);
#2405=PROPERTY_DEFINITION_REPRESENTATION(#2410,#2407);
#2406=PROPERTY_DEFINITION_REPRESENTATION(#2411,#2408);
#2407=REPRESENTATION('material name',(#2409),#7766);
#2408=REPRESENTATION('density',(#2404),#7766);
#2409=DESCRIPTIVE_REPRESENTATION_ITEM('Steel','Steel');
#2410=PROPERTY_DEFINITION('material property','material name',#7776);
#2411=PROPERTY_DEFINITION('material property','density of part',#7776);
#2412=AXIS2_PLACEMENT_3D('',#3064,#2600,#2601);
#2413=AXIS2_PLACEMENT_3D('',#3092,#2602,#2603);
#2414=AXIS2_PLACEMENT_3D('',#3334,#2604,#2605);
#2415=AXIS2_PLACEMENT_3D('',#3337,#2606,#2607);
#2416=AXIS2_PLACEMENT_3D('',#3341,#2609,#2610);
#2417=AXIS2_PLACEMENT_3D('',#3381,#2612,#2613);
#2418=AXIS2_PLACEMENT_3D('',#3763,#2615,#2616);
#2419=AXIS2_PLACEMENT_3D('',#3767,#2619,#2620);
#2420=AXIS2_PLACEMENT_3D('',#3770,#2622,#2623);
#2421=AXIS2_PLACEMENT_3D('',#3771,#2624,#2625);
#2422=AXIS2_PLACEMENT_3D('',#3886,#2627,#2628);
#2423=AXIS2_PLACEMENT_3D('',#3890,#2631,#2632);
#2424=AXIS2_PLACEMENT_3D('',#3893,#2633,#2634);
#2425=AXIS2_PLACEMENT_3D('',#3895,#2635,#2636);
#2426=AXIS2_PLACEMENT_3D('',#3896,#2637,#2638);
#2427=AXIS2_PLACEMENT_3D('',#3970,#2639,#2640);
#2428=AXIS2_PLACEMENT_3D('',#3973,#2641,#2642);
#2429=AXIS2_PLACEMENT_3D('',#3975,#2643,#2644);
#2430=AXIS2_PLACEMENT_3D('',#3976,#2645,#2646);
#2431=AXIS2_PLACEMENT_3D('',#4026,#2647,#2648);
#2432=AXIS2_PLACEMENT_3D('',#4029,#2649,#2650);
#2433=AXIS2_PLACEMENT_3D('',#4031,#2651,#2652);
#2434=AXIS2_PLACEMENT_3D('',#4032,#2653,#2654);
#2435=AXIS2_PLACEMENT_3D('',#4033,#2655,#2656);
#2436=AXIS2_PLACEMENT_3D('',#4036,#2657,#2658);
#2437=AXIS2_PLACEMENT_3D('',#4038,#2659,#2660);
#2438=AXIS2_PLACEMENT_3D('',#4039,#2661,#2662);
#2439=AXIS2_PLACEMENT_3D('',#4040,#2663,#2664);
#2440=AXIS2_PLACEMENT_3D('',#4165,#2667,#2668);
#2441=AXIS2_PLACEMENT_3D('',#4302,#2671,#2672);
#2442=AXIS2_PLACEMENT_3D('',#4339,#2674,#2675);
#2443=AXIS2_PLACEMENT_3D('',#4340,#2676,#2677);
#2444=AXIS2_PLACEMENT_3D('',#4344,#2679,#2680);
#2445=AXIS2_PLACEMENT_3D('',#4379,#2684,#2685);
#2446=AXIS2_PLACEMENT_3D('',#4464,#2686,#2687);
#2447=AXIS2_PLACEMENT_3D('',#4466,#2688,#2689);
#2448=AXIS2_PLACEMENT_3D('',#4468,#2690,#2691);
#2449=AXIS2_PLACEMENT_3D('',#4469,#2692,#2693);
#2450=AXIS2_PLACEMENT_3D('',#4546,#2694,#2695);
#2451=AXIS2_PLACEMENT_3D('',#4549,#2696,#2697);
#2452=AXIS2_PLACEMENT_3D('',#4550,#2698,#2699);
#2453=AXIS2_PLACEMENT_3D('',#4551,#2700,#2701);
#2454=AXIS2_PLACEMENT_3D('',#4594,#2702,#2703);
#2455=AXIS2_PLACEMENT_3D('',#4714,#2705,#2706);
#2456=AXIS2_PLACEMENT_3D('',#4794,#2709,#2710);
#2457=AXIS2_PLACEMENT_3D('',#4797,#2711,#2712);
#2458=AXIS2_PLACEMENT_3D('',#4799,#2713,#2714);
#2459=AXIS2_PLACEMENT_3D('',#4800,#2715,#2716);
#2460=AXIS2_PLACEMENT_3D('',#4801,#2717,#2718);
#2461=AXIS2_PLACEMENT_3D('',#4804,#2719,#2720);
#2462=AXIS2_PLACEMENT_3D('',#4806,#2721,#2722);
#2463=AXIS2_PLACEMENT_3D('',#4807,#2723,#2724);
#2464=AXIS2_PLACEMENT_3D('',#4881,#2725,#2726);
#2465=AXIS2_PLACEMENT_3D('',#4884,#2729,#2730);
#2466=AXIS2_PLACEMENT_3D('',#4887,#2731,#2732);
#2467=AXIS2_PLACEMENT_3D('',#4889,#2733,#2734);
#2468=AXIS2_PLACEMENT_3D('',#4890,#2735,#2736);
#2469=AXIS2_PLACEMENT_3D('',#4964,#2737,#2738);
#2470=AXIS2_PLACEMENT_3D('',#4967,#2739,#2740);
#2471=AXIS2_PLACEMENT_3D('',#4969,#2741,#2742);
#2472=AXIS2_PLACEMENT_3D('',#4970,#2743,#2744);
#2473=AXIS2_PLACEMENT_3D('',#5020,#2745,#2746);
#2474=AXIS2_PLACEMENT_3D('',#5206,#2749,#2750);
#2475=AXIS2_PLACEMENT_3D('',#5243,#2752,#2753);
#2476=AXIS2_PLACEMENT_3D('',#5244,#2754,#2755);
#2477=AXIS2_PLACEMENT_3D('',#5247,#2756,#2757);
#2478=AXIS2_PLACEMENT_3D('',#5249,#2758,#2759);
#2479=AXIS2_PLACEMENT_3D('',#5250,#2760,#2761);
#2480=AXIS2_PLACEMENT_3D('',#5251,#2762,#2763);
#2481=AXIS2_PLACEMENT_3D('',#5254,#2764,#2765);
#2482=AXIS2_PLACEMENT_3D('',#5256,#2766,#2767);
#2483=AXIS2_PLACEMENT_3D('',#5257,#2768,#2769);
#2484=AXIS2_PLACEMENT_3D('',#5258,#2770,#2771);
#2485=AXIS2_PLACEMENT_3D('',#5261,#2774,#2775);
#2486=AXIS2_PLACEMENT_3D('',#5264,#2776,#2777);
#2487=AXIS2_PLACEMENT_3D('',#5266,#2778,#2779);
#2488=AXIS2_PLACEMENT_3D('',#5267,#2780,#2781);
#2489=AXIS2_PLACEMENT_3D('',#5341,#2782,#2783);
#2490=AXIS2_PLACEMENT_3D('',#5344,#2784,#2785);
#2491=AXIS2_PLACEMENT_3D('',#5346,#2786,#2787);
#2492=AXIS2_PLACEMENT_3D('',#5347,#2788,#2789);
#2493=AXIS2_PLACEMENT_3D('',#5397,#2790,#2791);
#2494=AXIS2_PLACEMENT_3D('',#5665,#2794,#2795);
#2495=AXIS2_PLACEMENT_3D('',#5771,#2797,#2798);
#2496=AXIS2_PLACEMENT_3D('',#5772,#2799,#2800);
#2497=AXIS2_PLACEMENT_3D('',#5775,#2801,#2802);
#2498=AXIS2_PLACEMENT_3D('',#5777,#2803,#2804);
#2499=AXIS2_PLACEMENT_3D('',#5778,#2805,#2806);
#2500=AXIS2_PLACEMENT_3D('',#5779,#2807,#2808);
#2501=AXIS2_PLACEMENT_3D('',#5782,#2809,#2810);
#2502=AXIS2_PLACEMENT_3D('',#5784,#2811,#2812);
#2503=AXIS2_PLACEMENT_3D('',#5785,#2813,#2814);
#2504=AXIS2_PLACEMENT_3D('',#5786,#2815,#2816);
#2505=AXIS2_PLACEMENT_3D('',#5789,#2819,#2820);
#2506=AXIS2_PLACEMENT_3D('',#5792,#2821,#2822);
#2507=AXIS2_PLACEMENT_3D('',#5794,#2823,#2824);
#2508=AXIS2_PLACEMENT_3D('',#5795,#2825,#2826);
#2509=AXIS2_PLACEMENT_3D('',#5796,#2827,#2828);
#2510=AXIS2_PLACEMENT_3D('',#5799,#2829,#2830);
#2511=AXIS2_PLACEMENT_3D('',#5801,#2831,#2832);
#2512=AXIS2_PLACEMENT_3D('',#5802,#2833,#2834);
#2513=AXIS2_PLACEMENT_3D('',#5852,#2835,#2836);
#2514=AXIS2_PLACEMENT_3D('',#6184,#2839,#2840);
#2515=AXIS2_PLACEMENT_3D('',#6221,#2842,#2843);
#2516=AXIS2_PLACEMENT_3D('',#6222,#2844,#2845);
#2517=AXIS2_PLACEMENT_3D('',#6225,#2846,#2847);
#2518=AXIS2_PLACEMENT_3D('',#6227,#2848,#2849);
#2519=AXIS2_PLACEMENT_3D('',#6228,#2850,#2851);
#2520=AXIS2_PLACEMENT_3D('',#6229,#2852,#2853);
#2521=AXIS2_PLACEMENT_3D('',#6276,#2856,#2857);
#2522=AXIS2_PLACEMENT_3D('',#6279,#2858,#2859);
#2523=AXIS2_PLACEMENT_3D('',#6281,#2860,#2861);
#2524=AXIS2_PLACEMENT_3D('',#6282,#2862,#2863);
#2525=AXIS2_PLACEMENT_3D('',#6332,#2864,#2865);
#2526=AXIS2_PLACEMENT_3D('',#6665,#2868,#2869);
#2527=AXIS2_PLACEMENT_3D('',#6667,#2871,#2872);
#2528=AXIS2_PLACEMENT_3D('',#6716,#2873,#2874);
#2529=AXIS2_PLACEMENT_3D('',#6719,#2875,#2876);
#2530=AXIS2_PLACEMENT_3D('',#6721,#2877,#2878);
#2531=AXIS2_PLACEMENT_3D('',#6722,#2879,#2880);
#2532=AXIS2_PLACEMENT_3D('',#6796,#2881,#2882);
#2533=AXIS2_PLACEMENT_3D('',#6799,#2883,#2884);
#2534=AXIS2_PLACEMENT_3D('',#6801,#2885,#2886);
#2535=AXIS2_PLACEMENT_3D('',#6802,#2887,#2888);
#2536=AXIS2_PLACEMENT_3D('',#6803,#2889,#2890);
#2537=AXIS2_PLACEMENT_3D('',#6806,#2891,#2892);
#2538=AXIS2_PLACEMENT_3D('',#6808,#2893,#2894);
#2539=AXIS2_PLACEMENT_3D('',#6809,#2895,#2896);
#2540=AXIS2_PLACEMENT_3D('',#6859,#2897,#2898);
#2541=AXIS2_PLACEMENT_3D('',#6862,#2899,#2900);
#2542=AXIS2_PLACEMENT_3D('',#6864,#2901,#2902);
#2543=AXIS2_PLACEMENT_3D('',#6865,#2903,#2904);
#2544=AXIS2_PLACEMENT_3D('',#6866,#2905,#2906);
#2545=AXIS2_PLACEMENT_3D('',#7058,#2909,#2910);
#2546=AXIS2_PLACEMENT_3D('',#7128,#2913,#2914);
#2547=AXIS2_PLACEMENT_3D('',#7171,#2916,#2917);
#2548=AXIS2_PLACEMENT_3D('',#7172,#2918,#2919);
#2549=AXIS2_PLACEMENT_3D('',#7174,#2920,#2921);
#2550=AXIS2_PLACEMENT_3D('',#7178,#2923,#2924);
#2551=AXIS2_PLACEMENT_3D('',#7188,#2926,#2927);
#2552=AXIS2_PLACEMENT_3D('',#7200,#2930,#2931);
#2553=AXIS2_PLACEMENT_3D('',#7202,#2933,#2934);
#2554=AXIS2_PLACEMENT_3D('',#7277,#2940,#2941);
#2555=AXIS2_PLACEMENT_3D('',#7329,#2942,#2943);
#2556=AXIS2_PLACEMENT_3D('',#7331,#2944,#2945);
#2557=AXIS2_PLACEMENT_3D('',#7334,#2947,#2948);
#2558=AXIS2_PLACEMENT_3D('',#7335,#2949,#2950);
#2559=AXIS2_PLACEMENT_3D('',#7456,#2952,#2953);
#2560=AXIS2_PLACEMENT_3D('',#7458,#2955,#2956);
#2561=AXIS2_PLACEMENT_3D('',#7459,#2957,#2958);
#2562=AXIS2_PLACEMENT_3D('',#7461,#2960,#2961);
#2563=AXIS2_PLACEMENT_3D('',#7462,#2962,#2963);
#2564=AXIS2_PLACEMENT_3D('',#7491,#2964,#2965);
#2565=AXIS2_PLACEMENT_3D('',#7520,#2966,#2967);
#2566=AXIS2_PLACEMENT_3D('',#7650,#2968,#2969);
#2567=AXIS2_PLACEMENT_3D('',#7651,#2970,#2971);
#2568=AXIS2_PLACEMENT_3D('',#7654,#2972,#2973);
#2569=AXIS2_PLACEMENT_3D('',#7658,#2975,#2976);
#2570=AXIS2_PLACEMENT_3D('',#7660,#2978,#2979);
#2571=AXIS2_PLACEMENT_3D('',#7666,#2983,#2984);
#2572=AXIS2_PLACEMENT_3D('',#7668,#2985,#2986);
#2573=AXIS2_PLACEMENT_3D('',#7670,#2988,#2989);
#2574=AXIS2_PLACEMENT_3D('',#7673,#2990,#2991);
#2575=AXIS2_PLACEMENT_3D('',#7677,#2993,#2994);
#2576=AXIS2_PLACEMENT_3D('',#7679,#2996,#2997);
#2577=AXIS2_PLACEMENT_3D('',#7685,#3001,#3002);
#2578=AXIS2_PLACEMENT_3D('',#7687,#3003,#3004);
#2579=AXIS2_PLACEMENT_3D('',#7689,#3006,#3007);
#2580=AXIS2_PLACEMENT_3D('',#7690,#3008,#3009);
#2581=AXIS2_PLACEMENT_3D('',#7694,#3012,#3013);
#2582=AXIS2_PLACEMENT_3D('',#7695,#3014,#3015);
#2583=AXIS2_PLACEMENT_3D('',#7696,#3016,#3017);
#2584=AXIS2_PLACEMENT_3D('',#7700,#3019,#3020);
#2585=AXIS2_PLACEMENT_3D('',#7702,#3022,#3023);
#2586=AXIS2_PLACEMENT_3D('',#7706,#3026,#3027);
#2587=AXIS2_PLACEMENT_3D('',#7708,#3028,#3029);
#2588=AXIS2_PLACEMENT_3D('',#7710,#3031,#3032);
#2589=AXIS2_PLACEMENT_3D('',#7712,#3034,#3035);
#2590=AXIS2_PLACEMENT_3D('',#7716,#3038,#3039);
#2591=AXIS2_PLACEMENT_3D('',#7717,#3040,#3041);
#2592=AXIS2_PLACEMENT_3D('',#7718,#3042,#3043);
#2593=AXIS2_PLACEMENT_3D('',#7722,#3045,#3046);
#2594=AXIS2_PLACEMENT_3D('',#7724,#3048,#3049);
#2595=AXIS2_PLACEMENT_3D('',#7728,#3052,#3053);
#2596=AXIS2_PLACEMENT_3D('',#7730,#3054,#3055);
#2597=AXIS2_PLACEMENT_3D('',#7732,#3057,#3058);
#2598=AXIS2_PLACEMENT_3D('',#7734,#3060,#3061);
#2599=AXIS2_PLACEMENT_3D('',#7735,#3062,#3063);
#2600=DIRECTION('axis',(0.,0.,1.));
#2601=DIRECTION('refdir',(1.,0.,0.));
#2602=DIRECTION('center_axis',(0.952374307496826,-7.47718907212019E-9,0.304931432325272));
#2603=DIRECTION('ref_axis',(-0.152484422975876,0.865989970152593,0.476245600866638));
#2604=DIRECTION('center_axis',(6.62100612476747E-18,1.,1.6343289814048E-16));
#2605=DIRECTION('ref_axis',(0.745211412040476,0.,-0.666828277268323));
#2606=DIRECTION('center_axis',(0.,-1.,0.));
#2607=DIRECTION('ref_axis',(-9.10382880192614E-12,0.,-1.));
#2608=DIRECTION('',(-3.61533700218984E-18,-1.,-1.90422416745685E-16));
#2609=DIRECTION('center_axis',(3.08148791101958E-33,-1.,-1.66533453693774E-16));
#2610=DIRECTION('ref_axis',(0.745211412040476,0.,-0.666828277268323));
#2611=DIRECTION('',(6.62100612476747E-18,1.,1.6343289814048E-16));
#2612=DIRECTION('center_axis',(0.112941538257328,0.0101621394243466,-0.993549666528246));
#2613=DIRECTION('ref_axis',(0.495786853552018,0.865992077771561,0.0652159265968389));
#2614=DIRECTION('',(0.,-1.,-2.22044604925031E-16));
#2615=DIRECTION('center_axis',(-1.,0.,5.13170824337702E-49));
#2616=DIRECTION('ref_axis',(-5.13170824337702E-49,1.66533453693774E-16,
-1.));
#2617=DIRECTION('',(-5.13170824337702E-49,1.66533453693774E-16,-1.));
#2618=DIRECTION('',(0.,-1.,-1.63243450710495E-16));
#2619=DIRECTION('center_axis',(-3.08148791101958E-33,1.,1.66533453693774E-16));
#2620=DIRECTION('ref_axis',(-1.,-3.08148791101958E-33,0.));
#2621=DIRECTION('',(5.13170824337702E-49,-1.66533453693774E-16,1.));
#2622=DIRECTION('center_axis',(-3.08148791101958E-33,1.,1.66533453693774E-16));
#2623=DIRECTION('ref_axis',(-1.,0.,0.));
#2624=DIRECTION('center_axis',(1.,0.,-5.13170824337702E-49));
#2625=DIRECTION('ref_axis',(5.13170824337702E-49,-1.66533453693774E-16,
1.));
#2626=DIRECTION('',(0.,1.,1.63243450710495E-16));
#2627=DIRECTION('center_axis',(-2.77806527334048E-18,-1.6343289814048E-16,
1.));
#2628=DIRECTION('ref_axis',(-1.,-2.61884710646345E-33,-2.77806527334048E-18));
#2629=DIRECTION('',(-1.,-2.61884710646345E-33,-2.77806527334048E-18));
#2630=DIRECTION('',(0.,-1.,-1.63243450710495E-16));
#2631=DIRECTION('center_axis',(-0.221428526822973,-0.892255330997622,0.393509633700794));
#2632=DIRECTION('ref_axis',(-0.43755732410557,0.45153119970421,0.777600902658459));
#2633=DIRECTION('center_axis',(-0.993537869375031,-0.0101838130736851,0.113043319435531));
#2634=DIRECTION('ref_axis',(0.0477593171975454,0.865992006952097,0.497771927207535));
#2635=DIRECTION('center_axis',(0.,-0.498340597282789,0.866981342994088));
#2636=DIRECTION('ref_axis',(-1.,0.,0.));
#2637=DIRECTION('center_axis',(2.45507318178774E-11,1.,-2.79334719298408E-12));
#2638=DIRECTION('ref_axis',(0.11304918172656,0.,0.993589393316452));
#2639=DIRECTION('center_axis',(-0.37214009675307,-0.216380716696222,-0.902602422903154));
#2640=DIRECTION('ref_axis',(0.780287881089394,0.453698089543777,-0.430475163243306));
#2641=DIRECTION('center_axis',(0.867843433298407,-0.49683777561779,-5.93862751961341E-11));
#2642=DIRECTION('ref_axis',(0.495777839564294,0.865992006952098,0.0652853558773945));
#2643=DIRECTION('center_axis',(0.11304331940674,0.0101838130227912,-0.993537869378829));
#2644=DIRECTION('ref_axis',(0.99358939331643,0.,0.113049181726753));
#2645=DIRECTION('center_axis',(4.82114876541386E-11,1.,0.));
#2646=DIRECTION('ref_axis',(0.,0.,-1.));
#2647=DIRECTION('center_axis',(0.219160145673632,-0.8911554541966,-0.397254058511634));
#2648=DIRECTION('ref_axis',(-0.430475163243421,-0.453698089543756,0.780287881089343));
#2649=DIRECTION('center_axis',(-5.94230005378616E-11,0.496837775617807,
0.867843433298397));
#2650=DIRECTION('ref_axis',(0.0652853558773977,-0.865992006952087,0.495777839564313));
#2651=DIRECTION('center_axis',(-0.993537869378829,-0.0101838130227239,0.11304331940674));
#2652=DIRECTION('ref_axis',(0.113049181726753,0.,0.99358939331643));
#2653=DIRECTION('center_axis',(0.,-1.,4.82412846180767E-11));
#2654=DIRECTION('ref_axis',(-1.,0.,0.));
#2655=DIRECTION('center_axis',(-0.378390300253238,0.219720714911684,-0.899190518251257));
#2656=DIRECTION('ref_axis',(0.77760090263331,-0.451531199737981,-0.437557324115413));
#2657=DIRECTION('center_axis',(0.86698134299409,0.498340597282786,0.));
#2658=DIRECTION('ref_axis',(0.,0.,-1.));
#2659=DIRECTION('center_axis',(-2.7899786705928E-12,-1.,2.45211258705543E-11));
#2660=DIRECTION('ref_axis',(0.993589393316452,0.,0.11304918172656));
#2661=DIRECTION('center_axis',(0.113043319435349,0.0101838130735913,-0.993537869375053));
#2662=DIRECTION('ref_axis',(0.49777192720758,-0.865992006952072,0.0477593171975403));
#2663=DIRECTION('center_axis',(6.68616587177749E-18,1.,1.6343289814048E-16));
#2664=DIRECTION('ref_axis',(0.746005757929055,0.,-0.665939493600354));
#2665=DIRECTION('',(-3.61533700218984E-18,-1.,-1.90422416745685E-16));
#2666=DIRECTION('',(6.68616587177749E-18,1.,1.6343289814048E-16));
#2667=DIRECTION('center_axis',(-9.79303203040333E-65,-1.,-1.90833764624912E-16));
#2668=DIRECTION('ref_axis',(-0.665939493600358,0.,0.746005757929051));
#2669=DIRECTION('',(3.61533700218984E-18,1.,1.90422416745685E-16));
#2670=DIRECTION('',(-9.79303203040333E-65,-1.,-1.90833764624912E-16));
#2671=DIRECTION('center_axis',(1.,0.,-5.13170824337702E-49));
#2672=DIRECTION('ref_axis',(5.13170824337702E-49,-1.66533453693774E-16,
1.));
#2673=DIRECTION('',(0.,1.,1.63243450710495E-16));
#2674=DIRECTION('center_axis',(-3.61533700218984E-18,-1.,-1.90422416745685E-16));
#2675=DIRECTION('ref_axis',(0.988741254499682,2.49192881137523E-17,-0.149635328884577));
#2676=DIRECTION('center_axis',(-3.61533700218984E-18,-1.,-1.90422416745685E-16));
#2677=DIRECTION('ref_axis',(0.988741254499682,2.49192881137523E-17,-0.149635328884577));
#2678=DIRECTION('',(0.,-1.,-2.22044604925031E-16));
#2679=DIRECTION('center_axis',(3.61533700218984E-18,1.,1.90422416745685E-16));
#2680=DIRECTION('ref_axis',(0.988741254499682,2.49192881137523E-17,-0.149635328884577));
#2681=DIRECTION('',(0.,-1.,-2.22044604925031E-16));
#2682=DIRECTION('',(-3.61533700218984E-18,-1.,-1.90422416745685E-16));
#2683=DIRECTION('',(-3.61533700218984E-18,-1.,-1.90422416745685E-16));
#2684=DIRECTION('center_axis',(3.08148791101958E-33,-1.,-1.66533453693774E-16));
#2685=DIRECTION('ref_axis',(0.988741254499682,2.49192881137523E-17,-0.149635328884577));
#2686=DIRECTION('center_axis',(0.221428526832682,-0.892255330991336,0.393509633709582));
#2687=DIRECTION('ref_axis',(-0.437557324109617,-0.451531199716629,-0.777600902648971));
#2688=DIRECTION('center_axis',(-0.993537869374471,0.0101838130764282,-0.113043319440213));
#2689=DIRECTION('ref_axis',(0.0477593171975299,-0.865992006952085,-0.497771927207558));
#2690=DIRECTION('center_axis',(-3.68846136796004E-15,0.498340597269415,
-0.866981343001776));
#2691=DIRECTION('ref_axis',(-1.,-7.40148683083503E-15,0.));
#2692=DIRECTION('center_axis',(1.21606428630611E-11,-1.,1.38362057222583E-12));
#2693=DIRECTION('ref_axis',(0.113049181726563,0.,-0.993589393316452));
#2694=DIRECTION('center_axis',(-0.219160145673598,-0.891155454196588,-0.397254058511679));
#2695=DIRECTION('ref_axis',(-0.430475163243345,0.453698089543772,-0.780287881089375));
#2696=DIRECTION('center_axis',(-5.93899525343926E-11,-0.49683777561779,
-0.867843433298407));
#2697=DIRECTION('ref_axis',(0.0652853558773991,0.865992006952098,-0.495777839564294));
#2698=DIRECTION('center_axis',(-0.99353786937883,0.0101838130227066,-0.113043319406732));
#2699=DIRECTION('ref_axis',(0.113049181726745,0.,-0.993589393316431));
#2700=DIRECTION('center_axis',(0.,1.,-4.82263861361084E-11));
#2701=DIRECTION('ref_axis',(-1.,0.,0.));
#2702=DIRECTION('center_axis',(9.75081368434881E-65,1.,1.90011068866458E-16));
#2703=DIRECTION('ref_axis',(-0.665939493600368,0.,-0.746005757929042));
#2704=DIRECTION('',(9.75081368434881E-65,1.,1.90011068866458E-16));
#2705=DIRECTION('center_axis',(1.,0.,-5.13170824337702E-49));
#2706=DIRECTION('ref_axis',(5.13170824337702E-49,-1.66533453693774E-16,
1.));
#2707=DIRECTION('',(5.13170824337702E-49,-1.66533453693774E-16,1.));
#2708=DIRECTION('',(0.,-1.,-1.63243450710495E-16));
#2709=DIRECTION('center_axis',(0.372140096753192,-0.216380716696286,-0.902602422903089));
#2710=DIRECTION('ref_axis',(0.780287881089349,-0.453698089543713,0.430475163243455));
#2711=DIRECTION('center_axis',(0.867843433298392,0.496837775617816,5.93275338656898E-11));
#2712=DIRECTION('ref_axis',(0.495777839564316,-0.865992006952086,-0.0652853558773945));
#2713=DIRECTION('center_axis',(0.113043319406733,-0.0101838130225793,0.993537869378832));
#2714=DIRECTION('ref_axis',(0.993589393316431,0.,-0.113049181726746));
#2715=DIRECTION('center_axis',(4.82114876541386E-11,-1.,0.));
#2716=DIRECTION('ref_axis',(0.,0.,1.));
#2717=DIRECTION('center_axis',(0.37839030025498,0.21972071488918,-0.899190518256022));
#2718=DIRECTION('ref_axis',(0.777600902658417,0.451531199704241,0.437557324105612));
#2719=DIRECTION('center_axis',(0.113043319435468,-0.0101838130736998,0.993537869375038));
#2720=DIRECTION('ref_axis',(0.497771927207536,0.865992006952099,-0.0477593171975011));
#2721=DIRECTION('center_axis',(0.866981342994105,-0.49834059728276,2.56678039709988E-14));
#2722=DIRECTION('ref_axis',(-2.96059473233363E-14,0.,1.));
#2723=DIRECTION('center_axis',(-2.78913653999487E-12,1.,-2.45137243837233E-11));
#2724=DIRECTION('ref_axis',(0.993589393316452,0.,-0.113049181726556));
#2725=DIRECTION('center_axis',(-5.44508132602198E-19,-1.,-1.6343289814048E-16));
#2726=DIRECTION('ref_axis',(0.746005757929051,0.,0.665939493600358));
#2727=DIRECTION('',(3.61533700218984E-18,1.,1.90422416745685E-16));
#2728=DIRECTION('',(-5.44508132602198E-19,-1.,-1.6343289814048E-16));
#2729=DIRECTION('center_axis',(0.22142852682297,-0.89225533099763,0.393509633700777));
#2730=DIRECTION('ref_axis',(-0.437557324105562,-0.451531199704206,-0.777600902658466));
#2731=DIRECTION('center_axis',(-0.993537869375047,0.0101838130736635,-0.113043319435399));
#2732=DIRECTION('ref_axis',(0.0477593171975004,-0.865992006952086,-0.497771927207558));
#2733=DIRECTION('center_axis',(-3.68846136805905E-15,0.498340597282815,
-0.866981342994074));
#2734=DIRECTION('ref_axis',(-1.,-7.4014868308347E-15,0.));
#2735=DIRECTION('center_axis',(2.45285273573855E-11,-1.,2.79082080119075E-12));
#2736=DIRECTION('ref_axis',(0.113049181726563,0.,-0.993589393316452));
#2737=DIRECTION('center_axis',(-0.219160145673588,-0.8911554541966,-0.397254058511658));
#2738=DIRECTION('ref_axis',(-0.430475163243341,0.453698089543747,-0.780287881089392));
#2739=DIRECTION('center_axis',(-5.93201791891808E-11,-0.496837775617816,
-0.867843433298392));
#2740=DIRECTION('ref_axis',(0.0652853558773908,0.865992006952086,-0.495777839564316));
#2741=DIRECTION('center_axis',(-0.993537869378831,0.0101838130227363,-0.113043319406725));
#2742=DIRECTION('ref_axis',(0.113049181726738,0.,-0.993589393316432));
#2743=DIRECTION('center_axis',(0.,1.,-4.82114876541386E-11));
#2744=DIRECTION('ref_axis',(-1.,0.,0.));
#2745=DIRECTION('center_axis',(9.75081368434881E-65,1.,1.90011068866458E-16));
#2746=DIRECTION('ref_axis',(-0.665939493600368,0.,-0.746005757929042));
#2747=DIRECTION('',(-3.61533700218984E-18,-1.,-1.90422416745685E-16));
#2748=DIRECTION('',(9.75081368434881E-65,1.,1.90011068866458E-16));
#2749=DIRECTION('center_axis',(1.,0.,-5.13170824337702E-49));
#2750=DIRECTION('ref_axis',(5.13170824337702E-49,-1.66533453693774E-16,
1.));
#2751=DIRECTION('',(0.,-1.,-1.63243450710495E-16));
#2752=DIRECTION('center_axis',(-3.61533700218984E-18,-1.,-1.90422416745685E-16));
#2753=DIRECTION('ref_axis',(0.988741254499682,2.49192881137523E-17,-0.149635328884577));
#2754=DIRECTION('center_axis',(-0.219160145657891,-0.891155454207306,0.3972540584963));
#2755=DIRECTION('ref_axis',(0.430475163237625,-0.45369808952273,-0.780287881104766));
#2756=DIRECTION('center_axis',(2.24736031808928E-12,0.496837775621035,-0.86784343329655));
#2757=DIRECTION('ref_axis',(-0.0652853558773954,-0.865992006952098,-0.495777839564294));
#2758=DIRECTION('center_axis',(0.993537869378831,-0.0101838130227244,-0.113043319406727));
#2759=DIRECTION('ref_axis',(-0.11304918172674,0.,-0.993589393316431));
#2760=DIRECTION('center_axis',(0.,-1.,-2.41355407910088E-12));
#2761=DIRECTION('ref_axis',(1.,0.,0.));
#2762=DIRECTION('center_axis',(0.221428526848758,-0.892255330980534,-0.39350963372503));
#2763=DIRECTION('ref_axis',(0.4375573241154,0.451531199737989,-0.777600902633313));
#2764=DIRECTION('center_axis',(-3.688461368059E-15,-0.498340597282812,-0.866981342994075));
#2765=DIRECTION('ref_axis',(1.,-7.40148683083464E-15,0.));
#2766=DIRECTION('center_axis',(-2.45211258705546E-11,1.,2.78997867059283E-12));
#2767=DIRECTION('ref_axis',(-0.11304918172656,0.,-0.993589393316452));
#2768=DIRECTION('center_axis',(0.993537869375032,-0.0101838130737029,-0.113043319435525));
#2769=DIRECTION('ref_axis',(-0.0477593171975299,0.865992006952085,-0.497771927207558));
#2770=DIRECTION('center_axis',(-9.79303203040333E-65,-1.,-1.90833764624912E-16));
#2771=DIRECTION('ref_axis',(0.66593949360037,0.,-0.746005757929041));
#2772=DIRECTION('',(3.61533700218984E-18,1.,1.90422416745685E-16));
#2773=DIRECTION('',(-9.79303203040333E-65,-1.,-1.90833764624912E-16));
#2774=DIRECTION('center_axis',(-0.37839030025499,-0.219720714889162,-0.899190518256022));
#2775=DIRECTION('ref_axis',(-0.777600902658438,-0.451531199704199,0.437557324105618));
#2776=DIRECTION('center_axis',(-0.113043319435359,0.0101838130736,0.993537869375052));
#2777=DIRECTION('ref_axis',(-0.497771927207546,-0.865992006952091,-0.047759317197534));
#2778=DIRECTION('center_axis',(-0.866981342994084,0.498340597282797,1.65223633535581E-14));
#2779=DIRECTION('ref_axis',(1.48029736616685E-14,-7.40148683083423E-15,
1.));
#2780=DIRECTION('center_axis',(2.79082080119052E-12,-1.,-2.4528527357385E-11));
#2781=DIRECTION('ref_axis',(-0.993589393316452,0.,-0.113049181726556));
#2782=DIRECTION('center_axis',(-0.372140096753103,0.216380716696248,-0.902602422903135));
#2783=DIRECTION('ref_axis',(-0.78028788108938,0.453698089543756,0.430475163243353));
#2784=DIRECTION('center_axis',(-0.867843433298402,-0.496837775617799,5.93734285326522E-11));
#2785=DIRECTION('ref_axis',(-0.495777839564302,0.865992006952094,-0.0652853558773908));
#2786=DIRECTION('center_axis',(-0.113043319406709,0.0101838130227098,0.993537869378833));
#2787=DIRECTION('ref_axis',(-0.993589393316434,0.,-0.113049181726722));
#2788=DIRECTION('center_axis',(-4.82114876541386E-11,1.,0.));
#2789=DIRECTION('ref_axis',(0.,0.,1.));
#2790=DIRECTION('center_axis',(4.02971420468283E-18,1.,1.86780455017691E-16));
#2791=DIRECTION('ref_axis',(-0.746005757929041,0.,0.665939493600369));
#2792=DIRECTION('',(-3.61533700218984E-18,-1.,-1.90422416745685E-16));
#2793=DIRECTION('',(4.02971420468283E-18,1.,1.86780455017691E-16));
#2794=DIRECTION('center_axis',(-5.75561714151751E-49,1.86780455017691E-16,
-1.));
#2795=DIRECTION('ref_axis',(1.,3.08148791101958E-33,0.));
#2796=DIRECTION('',(0.,-1.,-1.63243450710495E-16));
#2797=DIRECTION('center_axis',(-3.61533700218984E-18,-1.,-1.90422416745685E-16));
#2798=DIRECTION('ref_axis',(0.988741254499682,2.49192881137523E-17,-0.149635328884577));
#2799=DIRECTION('center_axis',(0.372140096753219,0.216380716696302,-0.902602422903074));
#2800=DIRECTION('ref_axis',(-0.780287881089333,-0.453698089543723,-0.430475163243474));
#2801=DIRECTION('center_axis',(-0.867843433298395,0.496837775617811,-5.93569045309166E-11));
#2802=DIRECTION('ref_axis',(-0.495777839564313,-0.865992006952088,0.0652853558773931));
#2803=DIRECTION('center_axis',(-0.113043319406746,-0.0101838130225484,-0.993537869378831));
#2804=DIRECTION('ref_axis',(-0.993589393316429,0.,0.113049181726758));
#2805=DIRECTION('center_axis',(-4.82114876541386E-11,-1.,0.));
#2806=DIRECTION('ref_axis',(0.,0.,-1.));
#2807=DIRECTION('center_axis',(0.378390300253213,-0.219720714911674,-0.899190518251269));
#2808=DIRECTION('ref_axis',(-0.777600902633313,0.451531199738006,-0.437557324115382));
#2809=DIRECTION('center_axis',(-0.866981342994084,-0.498340597282797,0.));
#2810=DIRECTION('ref_axis',(0.,0.,-1.));
#2811=DIRECTION('center_axis',(2.79250506238634E-12,1.,2.45433303310474E-11));
#2812=DIRECTION('ref_axis',(-0.993589393316452,0.,0.11304918172656));
#2813=DIRECTION('center_axis',(-0.113043319435503,-0.0101838130736837,-0.993537869375035));
#2814=DIRECTION('ref_axis',(-0.497771927207546,0.865992006952091,0.047759317197534));
#2815=DIRECTION('center_axis',(-3.20095979969686E-18,-1.,-1.86780455017691E-16));
#2816=DIRECTION('ref_axis',(-0.746005757929055,0.,-0.665939493600354));
#2817=DIRECTION('',(3.61533700218984E-18,1.,1.90422416745685E-16));
#2818=DIRECTION('',(-3.20095979969686E-18,-1.,-1.86780455017691E-16));
#2819=DIRECTION('center_axis',(-0.221428526848804,-0.892255330980544,-0.393509633724981));
#2820=DIRECTION('ref_axis',(0.437557324115528,-0.451531199737954,0.777600902633262));
#2821=DIRECTION('center_axis',(-3.68846136805916E-15,0.498340597282789,
0.866981342994088));
#2822=DIRECTION('ref_axis',(1.,7.40148683083529E-15,0.));
#2823=DIRECTION('center_axis',(-2.4521125870554E-11,-1.,-2.78997867059276E-12));
#2824=DIRECTION('ref_axis',(-0.11304918172656,0.,0.993589393316452));
#2825=DIRECTION('center_axis',(0.993537869375036,0.010183813073687,0.113043319435491));
#2826=DIRECTION('ref_axis',(-0.0477593171975262,-0.865992006952085,0.497771927207558));
#2827=DIRECTION('center_axis',(0.219160145673585,-0.89115545419659,0.397254058511682));
#2828=DIRECTION('ref_axis',(0.430475163243301,0.453698089543781,0.780287881089394));
#2829=DIRECTION('center_axis',(5.93936298726405E-11,-0.496837775617812,
0.867843433298394));
#2830=DIRECTION('ref_axis',(-0.0652853558773945,0.865992006952086,0.495777839564316));
#2831=DIRECTION('center_axis',(0.993537869378829,0.0101838130227833,0.11304331940674));
#2832=DIRECTION('ref_axis',(-0.113049181726753,0.,0.99358939331643));
#2833=DIRECTION('center_axis',(0.,1.,4.82338353770933E-11));
#2834=DIRECTION('ref_axis',(1.,0.,0.));
#2835=DIRECTION('center_axis',(9.75081368434881E-65,1.,1.90011068866458E-16));
#2836=DIRECTION('ref_axis',(0.665939493600381,0.,0.746005757929031));
#2837=DIRECTION('',(-3.61533700218984E-18,-1.,-1.90422416745685E-16));
#2838=DIRECTION('',(9.75081368434881E-65,1.,1.90011068866458E-16));
#2839=DIRECTION('center_axis',(-1.,0.,5.13170824337702E-49));
#2840=DIRECTION('ref_axis',(-5.13170824337702E-49,1.66533453693774E-16,
-1.));
#2841=DIRECTION('',(0.,-1.,-1.63243450710495E-16));
#2842=DIRECTION('center_axis',(-3.61533700218984E-18,-1.,-1.90422416745685E-16));
#2843=DIRECTION('ref_axis',(-0.707106781186548,-1.32092552860282E-16,0.707106781186547));
#2844=DIRECTION('center_axis',(-0.221428526848783,-0.892255330980528,-0.393509633725028));
#2845=DIRECTION('ref_axis',(0.437557324115451,-0.451531199737986,0.777600902633286));
#2846=DIRECTION('center_axis',(-3.68846136805878E-15,0.498340597282783,
0.866981342994092));
#2847=DIRECTION('ref_axis',(1.,7.40148683083462E-15,0.));
#2848=DIRECTION('center_axis',(-2.45359288442157E-11,-1.,-2.79166293178841E-12));
#2849=DIRECTION('ref_axis',(-0.11304918172656,0.,0.993589393316452));
#2850=DIRECTION('center_axis',(0.993537869375038,0.0101838130736753,0.113043319435471));
#2851=DIRECTION('ref_axis',(-0.0477593171975262,-0.865992006952085,0.497771927207558));
#2852=DIRECTION('center_axis',(9.75081368434881E-65,1.,1.90011068866458E-16));
#2853=DIRECTION('ref_axis',(0.665939493600381,0.,0.746005757929031));
#2854=DIRECTION('',(-3.61533700218984E-18,-1.,-1.90422416745685E-16));
#2855=DIRECTION('',(9.75081368434881E-65,1.,1.90011068866458E-16));
#2856=DIRECTION('center_axis',(0.372140096753153,0.21638071669627,-0.902602422903109));
#2857=DIRECTION('ref_axis',(-0.780287881089352,-0.453698089543752,-0.430475163243408));
#2858=DIRECTION('center_axis',(-0.867843433298402,0.496837775617799,-5.93771058709037E-11));
#2859=DIRECTION('ref_axis',(-0.495777839564302,-0.865992006952094,0.0652853558773927));
#2860=DIRECTION('center_axis',(-0.113043319406743,-0.0101838130226771,-0.99353786937883));
#2861=DIRECTION('ref_axis',(-0.99358939331643,-7.40148683083451E-15,0.113049181726756));
#2862=DIRECTION('center_axis',(-4.82189368951235E-11,-1.,0.));
#2863=DIRECTION('ref_axis',(0.,0.,-1.));
#2864=DIRECTION('center_axis',(-3.20095979969686E-18,-1.,-1.86780455017691E-16));
#2865=DIRECTION('ref_axis',(-0.746005757929055,0.,-0.665939493600354));
#2866=DIRECTION('',(-3.20095979969686E-18,-1.,-1.86780455017691E-16));
#2867=DIRECTION('',(3.61533700218984E-18,1.,1.90422416745685E-16));
#2868=DIRECTION('center_axis',(-2.77806527334048E-18,-1.86780455017691E-16,
1.));
#2869=DIRECTION('ref_axis',(-1.,-2.61884710646345E-33,-2.77806527334048E-18));
#2870=DIRECTION('',(0.,1.,1.63243450710495E-16));
#2871=DIRECTION('center_axis',(-3.61533700218984E-18,-1.,-1.90422416745685E-16));
#2872=DIRECTION('ref_axis',(-0.707106781186668,-1.32092552860258E-16,0.707106781186427));
#2873=DIRECTION('center_axis',(-0.378390300254967,-0.219720714889145,-0.899190518256036));
#2874=DIRECTION('ref_axis',(-0.777600902658448,-0.451531199704205,0.437557324105594));
#2875=DIRECTION('center_axis',(-0.113043319435417,0.0101838130736722,0.993537869375044));
#2876=DIRECTION('ref_axis',(-0.497771927207547,-0.865992006952093,-0.0477593171975007));
#2877=DIRECTION('center_axis',(-0.866981342994086,0.498340597282794,0.));
#2878=DIRECTION('ref_axis',(0.,0.,1.));
#2879=DIRECTION('center_axis',(2.78997867059269E-12,-1.,-2.45211258705542E-11));
#2880=DIRECTION('ref_axis',(-0.993589393316452,0.,-0.113049181726556));
#2881=DIRECTION('center_axis',(-0.3721400967531,0.216380716696243,-0.902602422903137));
#2882=DIRECTION('ref_axis',(-0.780287881089379,0.45369808954377,0.43047516324334));
#2883=DIRECTION('center_axis',(-0.867843433298394,-0.496837775617812,5.93403805291723E-11));
#2884=DIRECTION('ref_axis',(-0.495777839564313,0.865992006952087,-0.065285355877394));
#2885=DIRECTION('center_axis',(-0.113043319406742,0.0101838130227455,0.993537869378829));
#2886=DIRECTION('ref_axis',(-0.99358939331643,0.,-0.113049181726755));
#2887=DIRECTION('center_axis',(-4.82114876541386E-11,1.,0.));
#2888=DIRECTION('ref_axis',(0.,0.,1.));
#2889=DIRECTION('center_axis',(-0.219160145673647,-0.891155454196601,0.397254058511621));
#2890=DIRECTION('ref_axis',(0.430475163243465,-0.45369808954375,-0.780287881089322));
#2891=DIRECTION('center_axis',(5.93862751961382E-11,0.496837775617813,-0.867843433298394));
#2892=DIRECTION('ref_axis',(-0.0652853558773926,-0.865992006952086,-0.495777839564316));
#2893=DIRECTION('center_axis',(0.993537869378832,-0.0101838130226165,-0.113043319406727));
#2894=DIRECTION('ref_axis',(-0.11304918172674,0.,-0.993589393316432));
#2895=DIRECTION('center_axis',(0.,-1.,-4.82114876541386E-11));
#2896=DIRECTION('ref_axis',(1.,0.,0.));
#2897=DIRECTION('center_axis',(0.221428526848768,-0.892255330980522,-0.393509633725051));
#2898=DIRECTION('ref_axis',(0.437557324115405,0.451531199737996,-0.777600902633306));
#2899=DIRECTION('center_axis',(0.,-0.498340597282786,-0.86698134299409));
#2900=DIRECTION('ref_axis',(1.,0.,0.));
#2901=DIRECTION('center_axis',(-2.45359288442163E-11,1.,2.79166293178848E-12));
#2902=DIRECTION('ref_axis',(-0.11304918172656,0.,-0.993589393316452));
#2903=DIRECTION('center_axis',(0.993537869375039,-0.0101838130736584,-0.113043319435466));
#2904=DIRECTION('ref_axis',(-0.0477593171975362,0.865992006952097,-0.497771927207535));
#2905=DIRECTION('center_axis',(-9.79303203040333E-65,-1.,-1.90833764624912E-16));
#2906=DIRECTION('ref_axis',(0.66593949360037,0.,-0.746005757929041));
#2907=DIRECTION('',(3.61533700218984E-18,1.,1.90422416745685E-16));
#2908=DIRECTION('',(-9.79303203040333E-65,-1.,-1.90833764624912E-16));
#2909=DIRECTION('center_axis',(4.02971420468283E-18,1.,1.86780455017691E-16));
#2910=DIRECTION('ref_axis',(-0.746005757929041,0.,0.665939493600369));
#2911=DIRECTION('',(-3.61533700218984E-18,-1.,-1.90422416745685E-16));
#2912=DIRECTION('',(4.02971420468283E-18,1.,1.86780455017691E-16));
#2913=DIRECTION('center_axis',(-1.,0.,5.13170824337702E-49));
#2914=DIRECTION('ref_axis',(-5.13170824337702E-49,1.66533453693774E-16,
-1.));
#2915=DIRECTION('',(0.,-1.,0.));
#2916=DIRECTION('center_axis',(-3.61533700218984E-18,-1.,-1.90422416745685E-16));
#2917=DIRECTION('ref_axis',(0.988741254499682,2.49192881137523E-17,-0.149635328884577));
#2918=DIRECTION('center_axis',(0.,1.,1.63243450710495E-16));
#2919=DIRECTION('ref_axis',(-1.,0.,0.));
#2920=DIRECTION('center_axis',(0.,-1.,-1.63243450710495E-16));
#2921=DIRECTION('ref_axis',(-1.,0.,0.));
#2922=DIRECTION('',(0.,-1.,-1.63243450710495E-16));
#2923=DIRECTION('center_axis',(-3.08148791101958E-33,1.,1.66533453693774E-16));
#2924=DIRECTION('ref_axis',(-1.,0.,0.));
#2925=DIRECTION('',(0.,1.,1.63243450710495E-16));
#2926=DIRECTION('center_axis',(-3.08148791101958E-33,1.,1.66533453693774E-16));
#2927=DIRECTION('ref_axis',(-1.,0.,0.));
#2928=DIRECTION('',(0.,1.,1.63243450710495E-16));
#2929=DIRECTION('',(0.,-1.,-2.22044604925031E-16));
#2930=DIRECTION('center_axis',(0.,1.,1.63243450710495E-16));
#2931=DIRECTION('ref_axis',(-1.,0.,0.));
#2932=DIRECTION('',(0.,1.,2.22044604925031E-16));
#2933=DIRECTION('center_axis',(-3.08148791101958E-33,1.,1.66533453693774E-16));
#2934=DIRECTION('ref_axis',(-1.,0.,0.));
#2935=DIRECTION('',(0.,-1.,-1.63243450710495E-16));
#2936=DIRECTION('',(0.,1.,1.63243450710495E-16));
#2937=DIRECTION('',(0.,-1.,-1.63243450710495E-16));
#2938=DIRECTION('',(0.,1.,1.63243450710495E-16));
#2939=DIRECTION('',(0.,-1.,-1.86780455017691E-16));
#2940=DIRECTION('center_axis',(-5.03616499882782E-49,1.6343289814048E-16,
-1.));
#2941=DIRECTION('ref_axis',(1.,3.08148791101958E-33,0.));
#2942=DIRECTION('center_axis',(0.,1.,1.61429216985114E-16));
#2943=DIRECTION('ref_axis',(0.,1.51350000933588E-16,-1.));
#2944=DIRECTION('center_axis',(0.,-1.,-1.61429216985114E-16));
#2945=DIRECTION('ref_axis',(1.,0.,0.));
#2946=DIRECTION('',(-7.79304584669455E-17,0.771400064920176,0.636350485063969));
#2947=DIRECTION('center_axis',(0.,1.,1.61429216985114E-16));
#2948=DIRECTION('ref_axis',(0.,1.51350000933588E-16,-1.));
#2949=DIRECTION('center_axis',(0.,-1.,-1.61429216985114E-16));
#2950=DIRECTION('ref_axis',(0.,1.51350000933588E-16,-1.));
#2951=DIRECTION('',(8.64639403382838E-17,0.708180277618747,-0.706031652542459));
#2952=DIRECTION('center_axis',(-3.08148791101958E-33,1.,1.66533453693774E-16));
#2953=DIRECTION('ref_axis',(-1.,-3.08148791101958E-33,0.));
#2954=DIRECTION('',(1.,3.08148791101958E-33,0.));
#2955=DIRECTION('center_axis',(-5.03616499882782E-49,1.6343289814048E-16,
-1.));
#2956=DIRECTION('ref_axis',(1.,3.08148791101958E-33,0.));
#2957=DIRECTION('center_axis',(-3.08148791101958E-33,1.,1.66533453693774E-16));
#2958=DIRECTION('ref_axis',(-1.,-3.08148791101958E-33,0.));
#2959=DIRECTION('',(-5.13170824337702E-49,1.66533453693774E-16,-1.));
#2960=DIRECTION('center_axis',(-1.,0.,5.13170824337702E-49));
#2961=DIRECTION('ref_axis',(-5.13170824337702E-49,1.66533453693774E-16,
-1.));
#2962=DIRECTION('center_axis',(-1.,0.,5.13170824337702E-49));
#2963=DIRECTION('ref_axis',(-5.13170824337702E-49,1.66533453693774E-16,
-1.));
#2964=DIRECTION('center_axis',(-2.77806527334048E-18,-1.86780455017691E-16,
1.));
#2965=DIRECTION('ref_axis',(-1.,-2.61884710646345E-33,-2.77806527334048E-18));
#2966=DIRECTION('center_axis',(-2.77806527334048E-18,-1.6343289814048E-16,
1.));
#2967=DIRECTION('ref_axis',(-1.,-2.61884710646345E-33,-2.77806527334048E-18));
#2968=DIRECTION('center_axis',(-3.93997902644603E-29,1.,6.4905913496824E-15));
#2969=DIRECTION('ref_axis',(1.,0.,6.89918279980896E-15));
#2970=DIRECTION('center_axis',(3.08148791101958E-33,-1.,-1.66533453693774E-16));
#2971=DIRECTION('ref_axis',(1.,3.08148791101958E-33,0.));
#2972=DIRECTION('center_axis',(-3.08148791101958E-33,1.,1.66533453693774E-16));
#2973=DIRECTION('ref_axis',(-5.13170824337702E-49,1.66533453693774E-16,
-1.));
#2974=DIRECTION('',(1.,3.08148791101958E-33,0.));
#2975=DIRECTION('center_axis',(-3.08148791101958E-33,1.,1.66533453693774E-16));
#2976=DIRECTION('ref_axis',(5.13170824337702E-49,-1.66533453693774E-16,
1.));
#2977=DIRECTION('',(-1.,-3.08148791101958E-33,0.));
#2978=DIRECTION('center_axis',(0.,0.,-1.));
#2979=DIRECTION('ref_axis',(-1.,-3.08148791101958E-33,0.));
#2980=DIRECTION('',(-1.,-3.08148791101958E-33,0.));
#2981=DIRECTION('',(0.,1.,0.));
#2982=DIRECTION('',(0.,1.,0.));
#2983=DIRECTION('center_axis',(0.,1.,0.));
#2984=DIRECTION('ref_axis',(5.13170824337702E-49,0.,1.));
#2985=DIRECTION('center_axis',(-3.08148791101958E-33,1.,1.66533453693774E-16));
#2986=DIRECTION('ref_axis',(5.13170824337702E-49,0.,1.));
#2987=DIRECTION('',(0.,1.,0.));
#2988=DIRECTION('center_axis',(3.08148791101958E-33,-1.,-1.66533453693774E-16));
#2989=DIRECTION('ref_axis',(1.,3.08148791101958E-33,0.));
#2990=DIRECTION('center_axis',(-3.08148791101958E-33,1.,1.66533453693774E-16));
#2991=DIRECTION('ref_axis',(5.13170824337702E-49,-1.66533453693774E-16,
1.));
#2992=DIRECTION('',(-1.,-3.08148791101958E-33,0.));
#2993=DIRECTION('center_axis',(-3.08148791101958E-33,1.,1.66533453693774E-16));
#2994=DIRECTION('ref_axis',(-5.13170824337702E-49,1.66533453693774E-16,
-1.));
#2995=DIRECTION('',(1.,3.08148791101958E-33,0.));
#2996=DIRECTION('center_axis',(0.,0.,1.));
#2997=DIRECTION('ref_axis',(1.,3.08148791101958E-33,0.));
#2998=DIRECTION('',(1.,3.08148791101958E-33,0.));
#2999=DIRECTION('',(0.,1.,0.));
#3000=DIRECTION('',(0.,1.,0.));
#3001=DIRECTION('center_axis',(0.,1.,0.));
#3002=DIRECTION('ref_axis',(-5.13170824337702E-49,0.,-1.));
#3003=DIRECTION('center_axis',(-3.08148791101958E-33,1.,1.66533453693774E-16));
#3004=DIRECTION('ref_axis',(-5.13170824337702E-49,0.,-1.));
#3005=DIRECTION('',(0.,1.,0.));
#3006=DIRECTION('center_axis',(3.08148791101958E-33,-1.,-1.66533453693774E-16));
#3007=DIRECTION('ref_axis',(0.988741254499682,2.49192881137523E-17,-0.149635328884577));
#3008=DIRECTION('center_axis',(0.,0.,1.));
#3009=DIRECTION('ref_axis',(1.,3.08148791101958E-33,0.));
#3010=DIRECTION('',(1.,3.08148791101958E-33,0.));
#3011=DIRECTION('',(0.,1.,0.));
#3012=DIRECTION('center_axis',(0.,1.,0.));
#3013=DIRECTION('ref_axis',(-5.13170824337702E-49,0.,-1.));
#3014=DIRECTION('center_axis',(-3.08148791101958E-33,1.,1.66533453693774E-16));
#3015=DIRECTION('ref_axis',(-5.13170824337702E-49,0.,-1.));
#3016=DIRECTION('center_axis',(0.,-1.,0.));
#3017=DIRECTION('ref_axis',(7.83260731693219E-49,-8.7649186092751E-17,1.));
#3018=DIRECTION('',(0.,0.707106781186547,-0.707106781186548));
#3019=DIRECTION('center_axis',(3.08148791101958E-33,-1.,-1.66533453693774E-16));
#3020=DIRECTION('ref_axis',(1.0263416486754E-48,-1.66533453693774E-16,1.));
#3021=DIRECTION('',(1.57009245868377E-15,-0.707106781186547,-0.707106781186548));
#3022=DIRECTION('center_axis',(2.17894099802631E-33,-0.707106781186548,
0.707106781186547));
#3023=DIRECTION('ref_axis',(1.,0.,-3.08148791101958E-33));
#3024=DIRECTION('',(1.,3.08148791101958E-33,0.));
#3025=DIRECTION('',(3.14018491736757E-15,-0.707106781186548,-0.707106781186547));
#3026=DIRECTION('center_axis',(0.,-1.,0.));
#3027=DIRECTION('ref_axis',(-7.83260731693219E-49,8.7649186092751E-17,-1.));
#3028=DIRECTION('center_axis',(3.08148791101958E-33,-1.,-1.66533453693774E-16));
#3029=DIRECTION('ref_axis',(-1.0263416486754E-48,1.66533453693774E-16,-1.));
#3030=DIRECTION('',(0.,-0.707106781186547,0.707106781186548));
#3031=DIRECTION('center_axis',(2.17894099802631E-33,-0.707106781186548,
-0.707106781186547));
#3032=DIRECTION('ref_axis',(-1.,0.,-3.08148791101958E-33));
#3033=DIRECTION('',(-1.,-3.08148791101958E-33,0.));
#3034=DIRECTION('center_axis',(0.,0.,-1.));
#3035=DIRECTION('ref_axis',(-1.,-3.08148791101958E-33,0.));
#3036=DIRECTION('',(-1.,-3.08148791101958E-33,0.));
#3037=DIRECTION('',(0.,1.,0.));
#3038=DIRECTION('center_axis',(0.,1.,0.));
#3039=DIRECTION('ref_axis',(5.13170824337702E-49,0.,1.));
#3040=DIRECTION('center_axis',(-3.08148791101958E-33,1.,1.66533453693774E-16));
#3041=DIRECTION('ref_axis',(5.13170824337702E-49,0.,1.));
#3042=DIRECTION('center_axis',(0.,-1.,0.));
#3043=DIRECTION('ref_axis',(-7.83260731693219E-49,8.7649186092751E-17,-1.));
#3044=DIRECTION('',(0.,0.707106781186548,0.707106781186547));
#3045=DIRECTION('center_axis',(3.08148791101958E-33,-1.,-1.66533453693774E-16));
#3046=DIRECTION('ref_axis',(-1.0263416486754E-48,1.66533453693774E-16,-1.));
#3047=DIRECTION('',(0.,-0.707106781186547,0.707106781186548));
#3048=DIRECTION('center_axis',(2.17894099802631E-33,-0.707106781186548,
-0.707106781186547));
#3049=DIRECTION('ref_axis',(-1.,0.,-3.08148791101958E-33));
#3050=DIRECTION('',(-1.,-3.08148791101958E-33,0.));
#3051=DIRECTION('',(-1.57009245868377E-15,-0.707106781186549,0.707106781186546));
#3052=DIRECTION('center_axis',(0.,-1.,0.));
#3053=DIRECTION('ref_axis',(7.83260731693219E-49,-8.7649186092751E-17,1.));
#3054=DIRECTION('center_axis',(3.08148791101958E-33,-1.,-1.66533453693774E-16));
#3055=DIRECTION('ref_axis',(1.0263416486754E-48,-1.66533453693774E-16,1.));
#3056=DIRECTION('',(1.57009245868377E-15,-0.707106781186548,-0.707106781186547));
#3057=DIRECTION('center_axis',(2.17894099802631E-33,-0.707106781186547,
0.707106781186548));
#3058=DIRECTION('ref_axis',(1.,0.,-3.08148791101957E-33));
#3059=DIRECTION('',(1.,3.08148791101958E-33,0.));
#3060=DIRECTION('center_axis',(3.08148791101958E-33,-1.,-1.66533453693774E-16));
#3061=DIRECTION('ref_axis',(0.988741254499682,2.49192881137523E-17,-0.149635328884577));
#3062=DIRECTION('center_axis',(-5.75561714151751E-49,1.86780455017691E-16,
-1.));
#3063=DIRECTION('ref_axis',(1.,3.08148791101958E-33,0.));
#3064=CARTESIAN_POINT('',(0.,0.,0.));
#3065=CARTESIAN_POINT('Ctrl Pts',(-5.04125464846457,5.0577373525468,45.5307971545861));
#3066=CARTESIAN_POINT('Ctrl Pts',(-7.78559490037353,5.05773735758848,45.1766871015109));
#3067=CARTESIAN_POINT('Ctrl Pts',(-10.4977610252103,5.05773736266303,44.5731943214516));
#3068=CARTESIAN_POINT('Ctrl Pts',(-13.1330869209565,5.05773736777105,43.7294150775948));
#3069=CARTESIAN_POINT('Ctrl Pts',(-5.04567541742144,5.03778964147262,45.5650579522108));
#3070=CARTESIAN_POINT('Ctrl Pts',(-7.79209122120126,5.03778964407085,45.2106800764971));
#3071=CARTESIAN_POINT('Ctrl Pts',(-10.5062951683766,5.03778964689014,44.6067341676136));
#3072=CARTESIAN_POINT('Ctrl Pts',(-13.1436207188762,5.03778964952245,43.7623146651297));
#3073=CARTESIAN_POINT('Ctrl Pts',(-5.05201618177461,4.98429649817524,45.6141986424542));
#3074=CARTESIAN_POINT('Ctrl Pts',(-7.80139336810104,4.98429650394678,45.2594386372845));
#3075=CARTESIAN_POINT('Ctrl Pts',(-10.5185508323123,4.98429650970172,44.6548359695722));
#3076=CARTESIAN_POINT('Ctrl Pts',(-13.1587294751711,4.98429651554925,43.8095029487506));
#3077=CARTESIAN_POINT('Ctrl Pts',(-5.05405028188738,4.91445723081612,45.6299628403861));
#3078=CARTESIAN_POINT('Ctrl Pts',(-7.80438296372726,4.91445724682199,45.2750795400633));
#3079=CARTESIAN_POINT('Ctrl Pts',(-10.5224771244023,4.91445726290179,44.6702685885431));
#3080=CARTESIAN_POINT('Ctrl Pts',(-13.1635763226142,4.91445727911882,43.8246408189918));
#3081=CARTESIAN_POINT('Ctrl Pts',(-5.05405028210636,4.88453931220706,45.6299628403578));
#3082=CARTESIAN_POINT('Ctrl Pts',(-7.8043816029363,4.88453933258365,45.2750797156524));
#3083=CARTESIAN_POINT('Ctrl Pts',(-10.5224784358558,4.8845393530934,44.6702681686392));
#3084=CARTESIAN_POINT('Ctrl Pts',(-13.1635763228273,4.88453937373887,43.8246408189235));
#3085=CARTESIAN_POINT('',(-5.04125464846458,5.0577373525468,45.5307971545861));
#3086=CARTESIAN_POINT('',(-13.1330869209573,5.05773736776938,43.7294150775975));
#3087=CARTESIAN_POINT('Ctrl Pts',(-5.04125464846457,5.0577373525468,45.5307971545861));
#3088=CARTESIAN_POINT('Ctrl Pts',(-7.78559490037353,5.05773735758848,45.1766871015109));
#3089=CARTESIAN_POINT('Ctrl Pts',(-10.4977610252103,5.05773736266303,44.5731943214516));
#3090=CARTESIAN_POINT('Ctrl Pts',(-13.1330869209565,5.05773736777105,43.7294150775948));
#3091=CARTESIAN_POINT('',(-13.1635763228272,4.88453937373887,43.8246408189236));
#3092=CARTESIAN_POINT('Origin',(-13.1025900363622,4.88453937373887,43.6341659574242));
#3093=CARTESIAN_POINT('',(-5.22634512562358,4.88453934809445,45.6073995029284));
#3094=CARTESIAN_POINT('Ctrl Pts',(-13.1635763228273,4.88453937373887,43.8246408189235));
#3095=CARTESIAN_POINT('Ctrl Pts',(-10.5776426678446,4.88453935352462,44.6526056717185));
#3096=CARTESIAN_POINT('Ctrl Pts',(-7.91789300713042,4.88453933344047,45.2497094334471));
#3097=CARTESIAN_POINT('Ctrl Pts',(-5.22634501134896,4.88453931348405,45.6073986430321));
#3098=CARTESIAN_POINT('Ctrl Pts',(-5.22634498087126,4.88453934809445,45.6073986470824));
#3099=CARTESIAN_POINT('Ctrl Pts',(-5.22582416479668,4.88506359866136,45.6074678600665));
#3100=CARTESIAN_POINT('Ctrl Pts',(-5.22530304439975,4.88558784640038,45.607534994356));
#3101=CARTESIAN_POINT('Ctrl Pts',(-5.22478168336563,4.88611209695043,45.6076000447277));
#3102=CARTESIAN_POINT('Ctrl Pts',(-5.21228115455339,4.89868190688399,45.609159739435));
#3103=CARTESIAN_POINT('Ctrl Pts',(-5.19957607690292,4.9112964156951,45.6095334560879));
#3104=CARTESIAN_POINT('Ctrl Pts',(-5.18684528686244,4.92378424950039,45.6086933231224));
#3105=CARTESIAN_POINT('Ctrl Pts',(-5.17640404275525,4.93402623139755,45.6080042823522));
#3106=CARTESIAN_POINT('Ctrl Pts',(-5.16594539202978,4.94418320860505,45.60649788983));
#3107=CARTESIAN_POINT('Ctrl Pts',(-5.15556520729166,4.95414426156831,45.6041382935533));
#3108=CARTESIAN_POINT('Ctrl Pts',(-5.14954488508725,4.95992149481097,45.6027697697538));
#3109=CARTESIAN_POINT('Ctrl Pts',(-5.14352527939451,4.96565489960288,45.6011089739314));
#3110=CARTESIAN_POINT('Ctrl Pts',(-5.13753436165541,4.97131711093058,45.5991381673509));
#3111=CARTESIAN_POINT('Ctrl Pts',(-5.12686298284656,4.98140297833941,45.5956276495144));
#3112=CARTESIAN_POINT('Ctrl Pts',(-5.11628260796036,4.991265640869,45.5911331133161));
#3113=CARTESIAN_POINT('Ctrl Pts',(-5.10595943009078,5.00075521679472,45.5856181252897));
#3114=CARTESIAN_POINT('Ctrl Pts',(-5.1011244670853,5.00519975404073,45.5830351258084));
#3115=CARTESIAN_POINT('Ctrl Pts',(-5.0963459130042,5.00956177202255,45.5802282478466));
#3116=CARTESIAN_POINT('Ctrl Pts',(-5.09164081890789,5.01382182383248,45.5771938639123));
#3117=CARTESIAN_POINT('Ctrl Pts',(-5.08251902058834,5.02208081560727,45.5713110828868));
#3118=CARTESIAN_POINT('Ctrl Pts',(-5.07362074497205,5.03000543770299,45.5645410556534));
#3119=CARTESIAN_POINT('Ctrl Pts',(-5.06515366211657,5.03740088741211,45.5568254686536));
#3120=CARTESIAN_POINT('Ctrl Pts',(-5.05761707169433,5.04398361211167,45.5499577882402));
#3121=CARTESIAN_POINT('Ctrl Pts',(-5.05042207806167,5.05014689873578,45.5423406923164));
#3122=CARTESIAN_POINT('Ctrl Pts',(-5.04371590949202,5.05570638071708,45.5339431866557));
#3123=CARTESIAN_POINT('Ctrl Pts',(-5.04288794369312,5.05639277278915,45.5329064027737));
#3124=CARTESIAN_POINT('Ctrl Pts',(-5.04206743055719,5.05706989750296,45.5318577397726));
#3125=CARTESIAN_POINT('Ctrl Pts',(-5.04125464846457,5.0577373525468,45.5307971545861));
#3126=CARTESIAN_POINT('Ctrl Pts',(-5.,4.09199999999999,45.4091422600446));
#3127=CARTESIAN_POINT('Ctrl Pts',(-5.,4.43815106936332,45.4091422600446));
#3128=CARTESIAN_POINT('Ctrl Pts',(-5.,4.78430213872666,45.4091422600446));
#3129=CARTESIAN_POINT('Ctrl Pts',(-5.,5.13045320808999,45.4091422600446));
#3130=CARTESIAN_POINT('Ctrl Pts',(-5.,4.09199999999999,45.4659057901489));
#3131=CARTESIAN_POINT('Ctrl Pts',(-5.,4.43815106936332,45.4659057901489));
#3132=CARTESIAN_POINT('Ctrl Pts',(-5.,4.78430213872666,45.4659057901489));
#3133=CARTESIAN_POINT('Ctrl Pts',(-5.,5.13045320808999,45.4659057901489));
#3134=CARTESIAN_POINT('Ctrl Pts',(-5.0515492363331,4.09199999999999,45.5786246268038));
#3135=CARTESIAN_POINT('Ctrl Pts',(-5.0515492363331,4.43815106936332,45.5786246268038));
#3136=CARTESIAN_POINT('Ctrl Pts',(-5.0515492363331,4.78430213872667,45.5786246268038));
#3137=CARTESIAN_POINT('Ctrl Pts',(-5.0515492363331,5.13045320808998,45.5786246268038));
#3138=CARTESIAN_POINT('Ctrl Pts',(-5.1700762207494,4.09199999999999,45.6148767145856));
#3139=CARTESIAN_POINT('Ctrl Pts',(-5.1700762207494,4.43815106936332,45.6148767145856));
#3140=CARTESIAN_POINT('Ctrl Pts',(-5.1700762207494,4.78430213872666,45.6148767145856));
#3141=CARTESIAN_POINT('Ctrl Pts',(-5.1700762207494,5.13045320808999,45.6148767145856));
#3142=CARTESIAN_POINT('Ctrl Pts',(-5.22634512562358,4.09199999999999,45.6073995029284));
#3143=CARTESIAN_POINT('Ctrl Pts',(-5.22634512562358,4.43815106936332,45.6073995029284));
#3144=CARTESIAN_POINT('Ctrl Pts',(-5.22634512562358,4.78430213872666,45.6073995029284));
#3145=CARTESIAN_POINT('Ctrl Pts',(-5.22634512562358,5.13045320808999,45.6073995029284));
#3146=CARTESIAN_POINT('',(-5.22634512562357,4.092,45.6073995029284));
#3147=CARTESIAN_POINT('Ctrl Pts',(-5.22634512562358,4.88453934809445,45.6073995029284));
#3148=CARTESIAN_POINT('Ctrl Pts',(-5.22634512562358,4.6203595653963,45.6073995029284));
#3149=CARTESIAN_POINT('Ctrl Pts',(-5.22634512562358,4.35617978269814,45.6073995029284));
#3150=CARTESIAN_POINT('Ctrl Pts',(-5.22634512562358,4.09199999999999,45.6073995029284));
#3151=CARTESIAN_POINT('',(-5.00168558333667,4.292,45.4350534958987));
#3152=CARTESIAN_POINT('Ctrl Pts',(-5.22634512562358,4.09199999999999,45.6073995029284));
#3153=CARTESIAN_POINT('Ctrl Pts',(-5.22586224679793,4.09248606104937,45.6074636695794));
#3154=CARTESIAN_POINT('Ctrl Pts',(-5.22537914585647,4.0929721236907,45.6075259509142));
#3155=CARTESIAN_POINT('Ctrl Pts',(-5.22489583203988,4.09345817828076,45.6075863513732));
#3156=CARTESIAN_POINT('Ctrl Pts',(-5.21200542253962,4.10642168664805,45.6091972853542));
#3157=CARTESIAN_POINT('Ctrl Pts',(-5.19891640931327,4.1194303965655,45.6094800508012));
#3158=CARTESIAN_POINT('Ctrl Pts',(-5.18580269817243,4.13228997799396,45.6084653367435));
#3159=CARTESIAN_POINT('Ctrl Pts',(-5.17767623322165,4.14025896073559,45.6078365263223));
#3160=CARTESIAN_POINT('Ctrl Pts',(-5.16954046490932,4.14817067538383,45.6067084825131));
#3161=CARTESIAN_POINT('Ctrl Pts',(-5.1614419632653,4.15597887658572,45.6050797879663));
#3162=CARTESIAN_POINT('Ctrl Pts',(-5.15058008975155,4.16645139329963,45.6028953500373));
#3163=CARTESIAN_POINT('Ctrl Pts',(-5.13971284668756,4.1768112179392,45.599796940034));
#3164=CARTESIAN_POINT('Ctrl Pts',(-5.12898140254105,4.1868949515762,45.5957288511411));
#3165=CARTESIAN_POINT('Ctrl Pts',(-5.11979887441336,4.19552325606996,45.5922479272156));
#3166=CARTESIAN_POINT('Ctrl Pts',(-5.11071592781597,4.20394941675262,45.588056640952));
#3167=CARTESIAN_POINT('Ctrl Pts',(-5.10184961899252,4.21207106626568,45.5831095335101));
#3168=CARTESIAN_POINT('Ctrl Pts',(-5.09310130315089,4.22008463273511,45.5782282622543));
#3169=CARTESIAN_POINT('Ctrl Pts',(-5.08451597573943,4.2278500011051,45.5725852990686));
#3170=CARTESIAN_POINT('Ctrl Pts',(-5.07625174727107,4.23520221245879,45.5661042912805));
#3171=CARTESIAN_POINT('Ctrl Pts',(-5.07356244206866,4.23759473346887,45.5639952731153));
#3172=CARTESIAN_POINT('Ctrl Pts',(-5.07090753056652,4.2399435032067,45.561797434987));
#3173=CARTESIAN_POINT('Ctrl Pts',(-5.0682936733539,4.24224283721341,45.5595079395855));
#3174=CARTESIAN_POINT('Ctrl Pts',(-5.06097984861883,4.24867659566483,45.553101710501));
#3175=CARTESIAN_POINT('Ctrl Pts',(-5.05398553356805,4.25472330476855,45.5459765527934));
#3176=CARTESIAN_POINT('Ctrl Pts',(-5.04742322337292,4.26025843360493,45.5381386936506));
#3177=CARTESIAN_POINT('Ctrl Pts',(-5.04065570060259,4.26596665362549,45.5300557337414));
#3178=CARTESIAN_POINT('Ctrl Pts',(-5.03436174280622,4.27111279014406,45.5212323661846));
#3179=CARTESIAN_POINT('Ctrl Pts',(-5.02868710008111,4.27552214469723,45.5116952788281));
#3180=CARTESIAN_POINT('Ctrl Pts',(-5.02422897935674,4.278986227965,45.5042027389709));
#3181=CARTESIAN_POINT('Ctrl Pts',(-5.02015372374416,4.28199556868635,45.4962698520162));
#3182=CARTESIAN_POINT('Ctrl Pts',(-5.01655162064956,4.28446545797169,45.4879211789641));
#3183=CARTESIAN_POINT('Ctrl Pts',(-5.0118109557375,4.28771603608236,45.4769336363089));
#3184=CARTESIAN_POINT('Ctrl Pts',(-5.0079800039181,4.28996460438648,45.465438509285));
#3185=CARTESIAN_POINT('Ctrl Pts',(-5.00519394283931,4.29111341798768,45.4535462767902));
#3186=CARTESIAN_POINT('Ctrl Pts',(-5.00377106405125,4.29170013251344,45.4474727540351));
#3187=CARTESIAN_POINT('Ctrl Pts',(-5.00262146040066,4.292,45.4412958003491));
#3188=CARTESIAN_POINT('Ctrl Pts',(-5.00176825365536,4.292,45.4350318275304));
#3189=CARTESIAN_POINT('',(-5.,4.29199999999999,45.4091422600446));
#3190=CARTESIAN_POINT('Ctrl Pts',(-5.00176825365536,4.292,45.4350318275304));
#3191=CARTESIAN_POINT('Ctrl Pts',(-5.00060011175886,4.292,45.4264557009018));
#3192=CARTESIAN_POINT('Ctrl Pts',(-5.,4.292,45.4178036849508));
#3193=CARTESIAN_POINT('Ctrl Pts',(-5.,4.292,45.4091422600446));
#3194=CARTESIAN_POINT('',(-5.00000000000003,5.13045320808997,45.4091422600446));
#3195=CARTESIAN_POINT('Ctrl Pts',(-5.,4.29199999999999,45.4091422600446));
#3196=CARTESIAN_POINT('Ctrl Pts',(-5.,4.57148440269666,45.4091422600446));
#3197=CARTESIAN_POINT('Ctrl Pts',(-5.,4.85096880539333,45.4091422600446));
#3198=CARTESIAN_POINT('Ctrl Pts',(-5.,5.13045320808999,45.4091422600446));
#3199=CARTESIAN_POINT('Ctrl Pts',(-5.,5.13045320808997,45.4091422600446));
#3200=CARTESIAN_POINT('Ctrl Pts',(-5.,5.12296064879672,45.4222242681204));
#3201=CARTESIAN_POINT('Ctrl Pts',(-5.00136451128526,5.11539843487238,45.4352403484429));
#3202=CARTESIAN_POINT('Ctrl Pts',(-5.00398252780302,5.10787573795797,45.4480268911841));
#3203=CARTESIAN_POINT('Ctrl Pts',(-5.00663024182838,5.10026770722415,45.4609584782547));
#3204=CARTESIAN_POINT('Ctrl Pts',(-5.01056069493652,5.09270009510866,45.4736568821038));
#3205=CARTESIAN_POINT('Ctrl Pts',(-5.01570831803237,5.08528583072517,45.4859382717784));
#3206=CARTESIAN_POINT('Ctrl Pts',(-5.01707885448373,5.08331180904401,45.489208148362));
#3207=CARTESIAN_POINT('Ctrl Pts',(-5.01853591119094,5.08134865775113,45.4924483099336));
#3208=CARTESIAN_POINT('Ctrl Pts',(-5.02007874255247,5.07939850820977,45.495654886778));
#3209=CARTESIAN_POINT('Ctrl Pts',(-5.02547478010444,5.0725778793196,45.5068698578351));
#3210=CARTESIAN_POINT('Ctrl Pts',(-5.03190574967493,5.06593114400399,45.5176523300989));
#3211=CARTESIAN_POINT('Ctrl Pts',(-5.0393495180908,5.05955828701095,45.5278266198062));
#3212=CARTESIAN_POINT('Ctrl Pts',(-5.04006145475012,5.05894877442748,45.528799708895));
#3213=CARTESIAN_POINT('Ctrl Pts',(-5.04078267798272,5.05834176711474,45.5297672015773));
#3214=CARTESIAN_POINT('Ctrl Pts',(-5.04151318192206,5.0577373525468,45.5307289217529));
#3215=CARTESIAN_POINT('Ctrl Pts',(5.,5.12625510198519,45.598562902295));
#3216=CARTESIAN_POINT('Ctrl Pts',(5.,4.78150340132348,45.598562902295));
#3217=CARTESIAN_POINT('Ctrl Pts',(5.,4.43675170066173,45.598562902295));
#3218=CARTESIAN_POINT('Ctrl Pts',(5.,4.092,45.598562902295));
#3219=CARTESIAN_POINT('Ctrl Pts',(5.,5.12625510198519,45.6541071289518));
#3220=CARTESIAN_POINT('Ctrl Pts',(5.,4.78150340132348,45.6541071289518));
#3221=CARTESIAN_POINT('Ctrl Pts',(5.,4.43675170066173,45.6541071289518));
#3222=CARTESIAN_POINT('Ctrl Pts',(5.,4.092,45.6541071289518));
#3223=CARTESIAN_POINT('Ctrl Pts',(5.04922717165154,5.12625510198519,45.7644737138628));
#3224=CARTESIAN_POINT('Ctrl Pts',(5.04922717165154,4.78150340132347,45.7644737138628));
#3225=CARTESIAN_POINT('Ctrl Pts',(5.04922717165154,4.43675170066173,45.7644737138628));
#3226=CARTESIAN_POINT('Ctrl Pts',(5.04922717165154,4.09199999999999,45.7644737138628));
#3227=CARTESIAN_POINT('Ctrl Pts',(5.16378607817894,5.12625510198519,45.8029490881815));
#3228=CARTESIAN_POINT('Ctrl Pts',(5.16378607817894,4.78150340132347,45.8029490881815));
#3229=CARTESIAN_POINT('Ctrl Pts',(5.16378607817894,4.43675170066173,45.8029490881815));
#3230=CARTESIAN_POINT('Ctrl Pts',(5.16378607817894,4.092,45.8029490881815));
#3231=CARTESIAN_POINT('Ctrl Pts',(5.21907704724241,5.12625510198519,45.7976509890017));
#3232=CARTESIAN_POINT('Ctrl Pts',(5.21907704724241,4.78150340132347,45.7976509890017));
#3233=CARTESIAN_POINT('Ctrl Pts',(5.21907704724241,4.43675170066173,45.7976509890017));
#3234=CARTESIAN_POINT('Ctrl Pts',(5.21907704724241,4.092,45.7976509890017));
#3235=CARTESIAN_POINT('',(5.21907704724241,4.092,45.7976509890017));
#3236=CARTESIAN_POINT('',(5.2190770472424,4.88453923715982,45.7976509890017));
#3237=CARTESIAN_POINT('Ctrl Pts',(5.21907704724241,4.092,45.7976509890017));
#3238=CARTESIAN_POINT('Ctrl Pts',(5.21907704724241,4.35617974571994,45.7976509890017));
#3239=CARTESIAN_POINT('Ctrl Pts',(5.21907704724241,4.62035949143989,45.7976509890017));
#3240=CARTESIAN_POINT('Ctrl Pts',(5.21907704724241,4.88453923715982,45.7976509890017));
#3241=CARTESIAN_POINT('',(5.03691262967856,5.05773733428874,45.7143321108163));
#3242=CARTESIAN_POINT('Ctrl Pts',(5.21907605113929,4.88453923715983,45.7976473932423));
#3243=CARTESIAN_POINT('Ctrl Pts',(5.2187528106563,4.88486325748192,45.797678380495));
#3244=CARTESIAN_POINT('Ctrl Pts',(5.21842949312154,4.88518727980071,45.7977085689126));
#3245=CARTESIAN_POINT('Ctrl Pts',(5.2181061014858,4.88551130125529,45.7977379590019));
#3246=CARTESIAN_POINT('Ctrl Pts',(5.20554617857881,4.89809568514108,45.7988794147936));
#3247=CARTESIAN_POINT('Ctrl Pts',(5.19282280148022,4.91072678926237,45.7988250000511));
#3248=CARTESIAN_POINT('Ctrl Pts',(5.1801161478232,4.92323296424116,45.7975544167472));
#3249=CARTESIAN_POINT('Ctrl Pts',(5.1696160994806,4.9335673485254,45.796504479724));
#3250=CARTESIAN_POINT('Ctrl Pts',(5.15912739118842,4.94381666865701,45.7946232458051));
#3251=CARTESIAN_POINT('Ctrl Pts',(5.14874958779274,4.95386742145459,45.791878046859));
#3252=CARTESIAN_POINT('Ctrl Pts',(5.14268762185101,4.95973834797197,45.7902744991832));
#3253=CARTESIAN_POINT('Ctrl Pts',(5.13663712930281,4.96556437312141,45.788369777567));
#3254=CARTESIAN_POINT('Ctrl Pts',(5.13062805249167,4.9713168543006,45.7861464208995));
#3255=CARTESIAN_POINT('Ctrl Pts',(5.12008971254318,4.981405193012,45.7822472381921));
#3256=CARTESIAN_POINT('Ctrl Pts',(5.10967874333173,4.99126998713349,45.777367656989));
#3257=CARTESIAN_POINT('Ctrl Pts',(5.09956240290233,5.0007613170754,45.771477440334));
#3258=CARTESIAN_POINT('Ctrl Pts',(5.09484202664557,5.00519005776631,45.7687290117852));
#3259=CARTESIAN_POINT('Ctrl Pts',(5.09018578927586,5.00953681085262,45.7657605120947));
#3260=CARTESIAN_POINT('Ctrl Pts',(5.08561065536389,5.01378234712545,45.762568980079));
#3261=CARTESIAN_POINT('Ctrl Pts',(5.07670217271979,5.02204905295946,45.7563545810871));
#3262=CARTESIAN_POINT('Ctrl Pts',(5.06804964719311,5.02998109720248,45.749260399618));
#3263=CARTESIAN_POINT('Ctrl Pts',(5.0598631896324,5.03738328658306,45.741235613867));
#3264=CARTESIAN_POINT('Ctrl Pts',(5.05258189698858,5.04396702645897,45.7340981172118));
#3265=CARTESIAN_POINT('Ctrl Pts',(5.0456692834801,5.05013141638593,45.7262241690115));
#3266=CARTESIAN_POINT('Ctrl Pts',(5.0392735932681,5.05569211281606,45.717588151623));
#3267=CARTESIAN_POINT('Ctrl Pts',(5.03847852092554,5.05638338393621,45.7165145757699));
#3268=CARTESIAN_POINT('Ctrl Pts',(5.03769143787697,5.05706526132124,45.715429240033));
#3269=CARTESIAN_POINT('Ctrl Pts',(5.03691262967857,5.05773733428874,45.7143321108163));
#3270=CARTESIAN_POINT('',(4.99999999999998,5.12625510198409,45.598562902295));
#3271=CARTESIAN_POINT('Ctrl Pts',(5.03716837537865,5.05773733428874,45.7142674501597));
#3272=CARTESIAN_POINT('Ctrl Pts',(5.03637650787043,5.05842551635346,45.7131429145365));
#3273=CARTESIAN_POINT('Ctrl Pts',(5.03559672059809,5.05911708794613,45.7120111447255));
#3274=CARTESIAN_POINT('Ctrl Pts',(5.0348290330449,5.05981207916333,45.7108723832311));
#3275=CARTESIAN_POINT('Ctrl Pts',(5.02756748460868,5.06638599372723,45.7001008503147));
#3276=CARTESIAN_POINT('Ctrl Pts',(5.02141083165728,5.07323620584128,45.6887444571567));
#3277=CARTESIAN_POINT('Ctrl Pts',(5.01637537483612,5.08025629411959,45.6770013437159));
#3278=CARTESIAN_POINT('Ctrl Pts',(5.01360303788314,5.08412129601284,45.6705360182268));
#3279=CARTESIAN_POINT('Ctrl Pts',(5.0111710605927,5.08803779073139,45.6639525782072));
#3280=CARTESIAN_POINT('Ctrl Pts',(5.00908645023596,5.09198801797419,45.6572790682439));
#3281=CARTESIAN_POINT('Ctrl Pts',(5.00511519097215,5.09951334590005,45.6445657867532));
#3282=CARTESIAN_POINT('Ctrl Pts',(5.0024046432167,5.10715731728423,45.6315359442648));
#3283=CARTESIAN_POINT('Ctrl Pts',(5.00103402540157,5.11480633304625,45.618369484013));
#3284=CARTESIAN_POINT('Ctrl Pts',(5.00034957552241,5.11862604694186,45.6117945059054));
#3285=CARTESIAN_POINT('Ctrl Pts',(5.,5.12244701877237,45.6051851414463));
#3286=CARTESIAN_POINT('Ctrl Pts',(5.,5.12625510198409,45.598562902295));
#3287=CARTESIAN_POINT('',(5.,4.292,45.598562902295));
#3288=CARTESIAN_POINT('Ctrl Pts',(5.,5.12625510198519,45.598562902295));
#3289=CARTESIAN_POINT('Ctrl Pts',(5.,4.84817006799014,45.598562902295));
#3290=CARTESIAN_POINT('Ctrl Pts',(5.,4.57008503399507,45.598562902295));
#3291=CARTESIAN_POINT('Ctrl Pts',(5.,4.292,45.598562902295));
#3292=CARTESIAN_POINT('',(5.00087081071584,4.292,45.6172060236816));
#3293=CARTESIAN_POINT('Ctrl Pts',(5.,4.292,45.598562902295));
#3294=CARTESIAN_POINT('Ctrl Pts',(5.,4.292,45.6047863110668));
#3295=CARTESIAN_POINT('Ctrl Pts',(5.00030899659579,4.292,45.6110051887053));
#3296=CARTESIAN_POINT('Ctrl Pts',(5.00091534228657,4.292,45.6171947624934));
#3297=CARTESIAN_POINT('Ctrl Pts',(5.00091534228657,4.292,45.6171947624934));
#3298=CARTESIAN_POINT('Ctrl Pts',(5.00211782001542,4.292,45.6294696491536));
#3299=CARTESIAN_POINT('Ctrl Pts',(5.00446794341001,4.29085869022978,45.6414500544976));
#3300=CARTESIAN_POINT('Ctrl Pts',(5.00780555516597,4.28867274636514,45.6530157190364));
#3301=CARTESIAN_POINT('Ctrl Pts',(5.00952855608478,4.28754427979605,45.6589863507587));
#3302=CARTESIAN_POINT('Ctrl Pts',(5.01151558996116,4.28613741684858,45.6648468209001));
#3303=CARTESIAN_POINT('Ctrl Pts',(5.01374967849933,4.28446545797151,45.6705821316333));
#3304=CARTESIAN_POINT('Ctrl Pts',(5.01793676992308,4.28133190056971,45.6813311552165));
#3305=CARTESIAN_POINT('Ctrl Pts',(5.02291078940549,4.27733003577735,45.691438441543));
#3306=CARTESIAN_POINT('Ctrl Pts',(5.0284902345618,4.2726328478269,45.700852176183));
#3307=CARTESIAN_POINT('Ctrl Pts',(5.03290633026478,4.26891505314607,45.7083030878647));
#3308=CARTESIAN_POINT('Ctrl Pts',(5.03770282666026,4.26476166473385,45.7153204031991));
#3309=CARTESIAN_POINT('Ctrl Pts',(5.04280930176381,4.26025845525637,45.7218902406944));
#3310=CARTESIAN_POINT('Ctrl Pts',(5.04987178984845,4.25403031106053,45.7309766257423));
#3311=CARTESIAN_POINT('Ctrl Pts',(5.05750882348149,4.24715446149217,45.7391842419105));
#3312=CARTESIAN_POINT('Ctrl Pts',(5.06556010537051,4.23980831434177,45.7465009112147));
#3313=CARTESIAN_POINT('Ctrl Pts',(5.07343792554731,4.23262043705205,45.7536599457469));
#3314=CARTESIAN_POINT('Ctrl Pts',(5.08171138356778,4.2249823086363,45.7599685943078));
#3315=CARTESIAN_POINT('Ctrl Pts',(5.09020711986791,4.21706011560918,45.7655012874912));
#3316=CARTESIAN_POINT('Ctrl Pts',(5.09197784773387,4.2154089287718,45.7666544416909));
#3317=CARTESIAN_POINT('Ctrl Pts',(5.09375841097451,4.21374540183301,45.7677738596438));
#3318=CARTESIAN_POINT('Ctrl Pts',(5.09554751025094,4.21207103948675,45.7688601691421));
#3319=CARTESIAN_POINT('Ctrl Pts',(5.1056760018067,4.20259209938051,45.7750100104201));
#3320=CARTESIAN_POINT('Ctrl Pts',(5.1161371154736,4.19269836145247,45.7801386227558));
#3321=CARTESIAN_POINT('Ctrl Pts',(5.12674551118934,4.18255257295208,45.7843123561423));
#3322=CARTESIAN_POINT('Ctrl Pts',(5.13584906893645,4.17384599997176,45.7878940308766));
#3323=CARTESIAN_POINT('Ctrl Pts',(5.14506252109696,4.16495381306069,45.7907723634996));
#3324=CARTESIAN_POINT('Ctrl Pts',(5.15429739501489,4.15597886072247,45.7929793752916));
#3325=CARTESIAN_POINT('Ctrl Pts',(5.16725188059314,4.14338898763225,45.7960753246986));
#3326=CARTESIAN_POINT('Ctrl Pts',(5.18034925023956,4.13052999701994,45.7978760710685));
#3327=CARTESIAN_POINT('Ctrl Pts',(5.19339999194734,4.1175957482223,45.7983747981053));
#3328=CARTESIAN_POINT('Ctrl Pts',(5.20150464445558,4.10956343907795,45.7986845130182));
#3329=CARTESIAN_POINT('Ctrl Pts',(5.20959214571285,4.1015021062754,45.7984912990039));
#3330=CARTESIAN_POINT('Ctrl Pts',(5.2176218984473,4.09345817828076,45.797784724793));
#3331=CARTESIAN_POINT('Ctrl Pts',(5.21810709649621,4.09297212369133,45.7977420300252));
#3332=CARTESIAN_POINT('Ctrl Pts',(5.21859214913274,4.09248606104921,45.797697452978));
#3333=CARTESIAN_POINT('Ctrl Pts',(5.21907704724241,4.092,45.7976509890017));
#3334=CARTESIAN_POINT('Origin',(46.6935950111201,7.911,5.19999999999999));
#3335=CARTESIAN_POINT('',(46.6935950111183,4.77619481910722,4.99999999999999));
#3336=CARTESIAN_POINT('',(46.8923662279568,4.77619481910722,5.22213601945415));
#3337=CARTESIAN_POINT('Origin',(46.6935950111201,4.77619481910722,5.19999999999999));
#3338=CARTESIAN_POINT('',(46.8923662279568,4.292,5.22213601945415));
#3339=CARTESIAN_POINT('',(46.8923662279568,7.911,5.22213601945415));
#3340=CARTESIAN_POINT('',(46.6935950111201,4.292,4.99999999999999));
#3341=CARTESIAN_POINT('Origin',(46.6935950111201,4.292,5.19999999999999));
#3342=CARTESIAN_POINT('',(46.6935950111201,7.911,4.99999999999999));
#3343=CARTESIAN_POINT('Ctrl Pts',(46.8803294602424,4.89804050670122,5.32911106673835));
#3344=CARTESIAN_POINT('Ctrl Pts',(46.8817863951817,4.89817104164098,5.31629437196433));
#3345=CARTESIAN_POINT('Ctrl Pts',(46.8851763086615,4.89169932927355,5.28636115103106));
#3346=CARTESIAN_POINT('Ctrl Pts',(46.8905843882346,4.85340945157236,5.2381822483868));
#3347=CARTESIAN_POINT('Ctrl Pts',(46.8923662279567,4.80616700443085,5.22213601945448));
#3348=CARTESIAN_POINT('Ctrl Pts',(46.8923662279568,4.77619481910659,5.22213601945415));
#3349=CARTESIAN_POINT('Ctrl Pts',(46.8802893940487,4.93294604878836,5.32946353009234));
#3350=CARTESIAN_POINT('Ctrl Pts',(46.8823288801317,4.93352568653075,5.31155562448006));
#3351=CARTESIAN_POINT('Ctrl Pts',(46.8869375293074,4.9265261905616,5.26965057098902));
#3352=CARTESIAN_POINT('Ctrl Pts',(46.894884350331,4.88025077873138,5.19982566376296));
#3353=CARTESIAN_POINT('Ctrl Pts',(46.8979152557534,4.81892721063752,5.17073774258948));
#3354=CARTESIAN_POINT('Ctrl Pts',(46.8985705987507,4.77619481910721,5.16642363923245));
#3355=CARTESIAN_POINT('Ctrl Pts',(46.8615940643454,5.00269116044458,5.32805170359452));
#3356=CARTESIAN_POINT('Ctrl Pts',(46.8643511336228,5.00416253018088,5.29993175239438));
#3357=CARTESIAN_POINT('Ctrl Pts',(46.8695860456275,4.99606132908666,5.23377968114187));
#3358=CARTESIAN_POINT('Ctrl Pts',(46.8730715197086,4.9337375776596,5.11984092640463));
#3359=CARTESIAN_POINT('Ctrl Pts',(46.8677755707964,4.84416268630518,5.0636053967427));
#3360=CARTESIAN_POINT('Ctrl Pts',(46.8610066135609,4.77619481910844,5.05019715392717));
#3361=CARTESIAN_POINT('Ctrl Pts',(46.8108242644099,5.05378684000281,5.32280307027726));
#3362=CARTESIAN_POINT('Ctrl Pts',(46.8133650342249,5.05550390147613,5.28710940514716));
#3363=CARTESIAN_POINT('Ctrl Pts',(46.8149879502804,5.04440978304893,5.2036278122264));
#3364=CARTESIAN_POINT('Ctrl Pts',(46.7998238593574,4.96319351479709,5.06411557736077));
#3365=CARTESIAN_POINT('Ctrl Pts',(46.7712102369212,4.85285033210171,5.00743442040896));
#3366=CARTESIAN_POINT('Ctrl Pts',(46.749651799532,4.77619481910885,5.00000000000035));
#3367=CARTESIAN_POINT('Ctrl Pts',(46.7807666365568,5.07123892225541,5.31956477797907));
#3368=CARTESIAN_POINT('Ctrl Pts',(46.7830462448461,5.0728171454844,5.28127767903531));
#3369=CARTESIAN_POINT('Ctrl Pts',(46.7825075068033,5.05950801364922,5.19185866642832));
#3370=CARTESIAN_POINT('Ctrl Pts',(46.7575320632321,4.96818622108314,5.04793463257504));
#3371=CARTESIAN_POINT('Ctrl Pts',(46.7194421946336,4.85131334533815,5.00000000000098));
#3372=CARTESIAN_POINT('Ctrl Pts',(46.6935950111214,4.77619481910878,4.99999999999999));
#3373=CARTESIAN_POINT('',(46.7807666365566,5.07123892225553,5.31956477797906));
#3374=CARTESIAN_POINT('Ctrl Pts',(46.6935950111214,4.77619481910878,4.99999999999999));
#3375=CARTESIAN_POINT('Ctrl Pts',(46.7194421946336,4.85131334533815,5.00000000000098));
#3376=CARTESIAN_POINT('Ctrl Pts',(46.7575320632321,4.96818622108314,5.04793463257504));
#3377=CARTESIAN_POINT('Ctrl Pts',(46.7825075068033,5.05950801364922,5.19185866642832));
#3378=CARTESIAN_POINT('Ctrl Pts',(46.7830462448461,5.0728171454844,5.28127767903531));
#3379=CARTESIAN_POINT('Ctrl Pts',(46.7807666365568,5.07123892225541,5.31956477797907));
#3380=CARTESIAN_POINT('',(46.8803294602424,4.89804050670121,5.32911106673835));
#3381=CARTESIAN_POINT('Origin',(46.6816092658462,4.89804050670122,5.30652159265969));
#3382=CARTESIAN_POINT('Ctrl Pts',(46.8803294602424,4.89804050670122,5.32911106673835));
#3383=CARTESIAN_POINT('Ctrl Pts',(46.8817863951817,4.89817104164098,5.31629437196433));
#3384=CARTESIAN_POINT('Ctrl Pts',(46.8851763086615,4.89169932927355,5.28636115103106));
#3385=CARTESIAN_POINT('Ctrl Pts',(46.8905843882346,4.85340945157236,5.2381822483868));
#3386=CARTESIAN_POINT('Ctrl Pts',(46.8923662279567,4.80616700443085,5.22213601945448));
#3387=CARTESIAN_POINT('Ctrl Pts',(46.8923662279568,4.77619481910659,5.22213601945415));
#3388=CARTESIAN_POINT('Ctrl Pts',(46.7807666365568,5.07123892225541,5.31956477797907));
#3389=CARTESIAN_POINT('Ctrl Pts',(46.7305586986939,5.06673243996211,5.76109823466177));
#3390=CARTESIAN_POINT('Ctrl Pts',(46.6740991844476,5.06222594411834,6.20192214905352));
#3391=CARTESIAN_POINT('Ctrl Pts',(46.6114103289511,5.05771941776885,6.64186146176328));
#3392=CARTESIAN_POINT('Ctrl Pts',(46.815118211246,5.05129368539529,5.32326568346273));
#3393=CARTESIAN_POINT('Ctrl Pts',(46.7648752323842,5.046787203102,5.76512425297695));
#3394=CARTESIAN_POINT('Ctrl Pts',(46.7083764433428,5.04228070725823,6.20627011860769));
#3395=CARTESIAN_POINT('Ctrl Pts',(46.6456433560615,5.03777418090873,6.64653342493576));
#3396=CARTESIAN_POINT('Ctrl Pts',(46.864419349784,4.99780164741922,5.32832285679346));
#3397=CARTESIAN_POINT('Ctrl Pts',(46.8141287840507,4.99329516512592,5.77064558047152));
#3398=CARTESIAN_POINT('Ctrl Pts',(46.7575753532008,4.98878866928216,6.21225842367942));
#3399=CARTESIAN_POINT('Ctrl Pts',(46.6947815566751,4.98428214293266,6.65298435538773));
#3400=CARTESIAN_POINT('Ctrl Pts',(46.8802951177906,4.92795954277591,5.32941317818464));
#3401=CARTESIAN_POINT('Ctrl Pts',(46.829994204417,4.92345306048261,5.77188623321565));
#3402=CARTESIAN_POINT('Ctrl Pts',(46.7734284886376,4.91894656463885,6.21364779364107));
#3403=CARTESIAN_POINT('Ctrl Pts',(46.7106200923856,4.91444003828935,6.65452370495232));
#3404=CARTESIAN_POINT('Ctrl Pts',(46.8803294602424,4.89804050670121,5.32911106673836));
#3405=CARTESIAN_POINT('Ctrl Pts',(46.8300314211225,4.89353402440792,5.77158423264047));
#3406=CARTESIAN_POINT('Ctrl Pts',(46.7734685005306,4.88902752856415,6.2133465833758));
#3407=CARTESIAN_POINT('Ctrl Pts',(46.7106629742694,4.88452100221465,6.65422268688973));
#3408=CARTESIAN_POINT('',(46.7106629742694,4.88452100221346,6.65422268688972));
#3409=CARTESIAN_POINT('Ctrl Pts',(46.7106629742694,4.88452100221465,6.65422268688973));
#3410=CARTESIAN_POINT('Ctrl Pts',(46.7734685005306,4.88902752856415,6.2133465833758));
#3411=CARTESIAN_POINT('Ctrl Pts',(46.8300314211225,4.89353402440792,5.77158423264047));
#3412=CARTESIAN_POINT('Ctrl Pts',(46.8803294602424,4.89804050670121,5.32911106673836));
#3413=CARTESIAN_POINT('',(46.611658086597,5.05773722916294,6.64012252696363));
#3414=CARTESIAN_POINT('Ctrl Pts',(46.7807666365568,5.07123892225541,5.31956477797907));
#3415=CARTESIAN_POINT('Ctrl Pts',(46.7306248503294,5.06673837749284,5.76051649078723));
#3416=CARTESIAN_POINT('Ctrl Pts',(46.6742479504368,5.0622378192155,6.20076052979232));
#3417=CARTESIAN_POINT('Ctrl Pts',(46.6116580842398,5.05773723053503,6.64012252664227));
#3418=CARTESIAN_POINT('',(46.7106629671262,4.88453881359716,6.65422273140947));
#3419=CARTESIAN_POINT('Ctrl Pts',(46.6116580651582,5.05773722916298,6.64012266058958));
#3420=CARTESIAN_POINT('Ctrl Pts',(46.6119356460927,5.05757519867891,6.64016385596975));
#3421=CARTESIAN_POINT('Ctrl Pts',(46.6122128206921,5.05741246774061,6.64020498599606));
#3422=CARTESIAN_POINT('Ctrl Pts',(46.6124895871424,5.05724903870272,6.64024605105682));
#3423=CARTESIAN_POINT('Ctrl Pts',(46.6238606202405,5.05053450738209,6.6419332214653));
#3424=CARTESIAN_POINT('Ctrl Pts',(46.634498251377,5.04267316819128,6.6435035409217));
#3425=CARTESIAN_POINT('Ctrl Pts',(46.6442884151082,5.03383163401163,6.64494047549169));
#3426=CARTESIAN_POINT('Ctrl Pts',(46.65053760051,5.02818797085718,6.64585768901179));
#3427=CARTESIAN_POINT('Ctrl Pts',(46.6564410635524,5.02214386748136,6.64672048376293));
#3428=CARTESIAN_POINT('Ctrl Pts',(46.661961874757,5.01573440557021,6.64752343882584));
#3429=CARTESIAN_POINT('Ctrl Pts',(46.6706217483324,5.00568060590569,6.64878294382862));
#3430=CARTESIAN_POINT('Ctrl Pts',(46.6782716146578,4.99481128152918,6.64988525579902));
#3431=CARTESIAN_POINT('Ctrl Pts',(46.6847847005895,4.98327569482977,6.65081205533471));
#3432=CARTESIAN_POINT('Ctrl Pts',(46.686994576131,4.979361695971,6.65112651635169));
#3433=CARTESIAN_POINT('Ctrl Pts',(46.6890732478202,4.97537071326168,6.65142072132555));
#3434=CARTESIAN_POINT('Ctrl Pts',(46.6910146107819,4.97130784699203,6.65169378291454));
#3435=CARTESIAN_POINT('Ctrl Pts',(46.6927137053767,4.96775199769742,6.6519327683485));
#3436=CARTESIAN_POINT('Ctrl Pts',(46.6943076127412,4.96414107741712,6.65215555662828));
#3437=CARTESIAN_POINT('Ctrl Pts',(46.6957949498139,4.96048018101582,6.65236195606441));
#3438=CARTESIAN_POINT('Ctrl Pts',(46.7008042323539,4.94815045108451,6.6530570998288));
#3439=CARTESIAN_POINT('Ctrl Pts',(46.7045638258785,4.93536525065048,6.6535606975301));
#3440=CARTESIAN_POINT('Ctrl Pts',(46.7070551049909,4.9223315255927,6.65387087643038));
#3441=CARTESIAN_POINT('Ctrl Pts',(46.7094304337879,4.90990442246006,6.65416661883451));
#3442=CARTESIAN_POINT('Ctrl Pts',(46.7106527217699,4.89724984457625,6.6542865062527));
#3443=CARTESIAN_POINT('Ctrl Pts',(46.7106629671147,4.88453881359873,6.65422273140785));
#3444=CARTESIAN_POINT('',(46.7106629742856,5.,6.65422268677308));
#3445=CARTESIAN_POINT('Ctrl Pts',(46.6119362284932,5.05773722916008,6.63838851217074));
#3446=CARTESIAN_POINT('Ctrl Pts',(46.1488042760834,5.05773723393756,9.52602777000502));
#3447=CARTESIAN_POINT('Ctrl Pts',(43.9545867028248,5.05773724836348,18.0609599500289));
#3448=CARTESIAN_POINT('Ctrl Pts',(36.3979782179745,5.05773727288428,30.8819623183872));
#3449=CARTESIAN_POINT('Ctrl Pts',(22.3007912342169,5.05773730310262,41.8584247741932));
#3450=CARTESIAN_POINT('Ctrl Pts',(10.8616889923484,5.05773732379797,45.1783455692974));
#3451=CARTESIAN_POINT('Ctrl Pts',(5.03691262967857,5.05773733428874,45.7143321108163));
#3452=CARTESIAN_POINT('Ctrl Pts',(46.6460453485142,5.03778957622002,6.64385907937014));
#3453=CARTESIAN_POINT('Ctrl Pts',(46.1825725935934,5.03778957868294,9.5336232003607));
#3454=CARTESIAN_POINT('Ctrl Pts',(43.9867444139759,5.03778958638556,18.0748214348587));
#3455=CARTESIAN_POINT('Ctrl Pts',(36.4245644842444,5.03778959937825,30.9053008986455));
#3456=CARTESIAN_POINT('Ctrl Pts',(22.316888313476,5.03778961524569,41.8899329704401));
#3457=CARTESIAN_POINT('Ctrl Pts',(10.8692422490684,5.03778962641154,45.2123413537956));
#3458=CARTESIAN_POINT('Ctrl Pts',(5.0400780187379,5.03778963181824,45.748731642717));
#3459=CARTESIAN_POINT('Ctrl Pts',(46.6949676309693,4.9842958975663,6.65170544536376));
#3460=CARTESIAN_POINT('Ctrl Pts',(46.2310086190556,4.98429590303503,9.54450130886104));
#3461=CARTESIAN_POINT('Ctrl Pts',(44.0328670903213,4.98429591947894,18.0947071697021));
#3462=CARTESIAN_POINT('Ctrl Pts',(36.462683710205,4.98429594745611,30.9387705965377));
#3463=CARTESIAN_POINT('Ctrl Pts',(22.3399943839266,4.98429598197172,41.9351185098177));
#3464=CARTESIAN_POINT('Ctrl Pts',(10.8800429027229,4.9842960055323,45.2611040676487));
#3465=CARTESIAN_POINT('Ctrl Pts',(5.04461809238537,4.98429601754165,45.7980704164302));
#3466=CARTESIAN_POINT('Ctrl Pts',(46.7106629671575,4.91445683940012,6.65422273121408));
#3467=CARTESIAN_POINT('Ctrl Pts',(46.2465470630845,4.91445685456315,9.54799679252238));
#3468=CARTESIAN_POINT('Ctrl Pts',(44.0476645003961,4.91445690030969,18.1010854199233));
#3469=CARTESIAN_POINT('Ctrl Pts',(36.4749177551733,4.91445697808719,30.9495099813946));
#3470=CARTESIAN_POINT('Ctrl Pts',(22.3474009536849,4.91445707396431,41.9496171891509));
#3471=CARTESIAN_POINT('Ctrl Pts',(10.8835194444139,4.91445713958618,45.2767471504893));
#3472=CARTESIAN_POINT('Ctrl Pts',(5.04607464610919,4.91445717289,45.8138993652798));
#3473=CARTESIAN_POINT('Ctrl Pts',(46.7106629671262,4.88453881359716,6.65422273140947));
#3474=CARTESIAN_POINT('Ctrl Pts',(46.2465472865289,4.88453883290028,9.54799539935717));
#3475=CARTESIAN_POINT('Ctrl Pts',(44.0476644375459,4.88453889118826,18.1010858037148));
#3476=CARTESIAN_POINT('Ctrl Pts',(36.4749166080125,4.88453899026996,30.9495095856484));
#3477=CARTESIAN_POINT('Ctrl Pts',(22.3474025503902,4.88453911238236,41.9496166428262));
#3478=CARTESIAN_POINT('Ctrl Pts',(10.8835165669201,4.88453919601849,45.2767474152667));
#3479=CARTESIAN_POINT('Ctrl Pts',(5.04607464589278,4.88453923841641,45.8138993652998));
#3480=CARTESIAN_POINT('Ctrl Pts',(5.21907669660528,4.88453923715982,45.7976473313651));
#3481=CARTESIAN_POINT('Ctrl Pts',(10.9967374041504,4.88453919519216,45.2437753859302));
#3482=CARTESIAN_POINT('Ctrl Pts',(22.3939322725733,4.88453911198018,41.9133872026524));
#3483=CARTESIAN_POINT('Ctrl Pts',(36.4749166080125,4.88453899026996,30.9495095856484));
#3484=CARTESIAN_POINT('Ctrl Pts',(44.0476644375459,4.88453889118826,18.1010858037148));
#3485=CARTESIAN_POINT('Ctrl Pts',(46.2465472865289,4.88453883290028,9.54799539935717));
#3486=CARTESIAN_POINT('Ctrl Pts',(46.7106629671262,4.88453881359716,6.65422273140947));
#3487=CARTESIAN_POINT('Ctrl Pts',(46.6116580866937,5.05773722916294,6.6401225270338));
#3488=CARTESIAN_POINT('Ctrl Pts',(46.1485114607689,5.05773723393948,9.527166700689));
#3489=CARTESIAN_POINT('Ctrl Pts',(43.9542841878865,5.05773724836446,18.0614732153051));
#3490=CARTESIAN_POINT('Ctrl Pts',(36.3979782179745,5.05773727288428,30.8819623183872));
#3491=CARTESIAN_POINT('Ctrl Pts',(22.3007912342169,5.05773730310262,41.8584247741932));
#3492=CARTESIAN_POINT('Ctrl Pts',(10.8616889923484,5.05773732379797,45.1783455692974));
#3493=CARTESIAN_POINT('Ctrl Pts',(5.03691262967857,5.05773733428874,45.7143321108163));
#3494=CARTESIAN_POINT('Ctrl Pts',(5.2,4.29199999999999,45.598562902295));
#3495=CARTESIAN_POINT('Ctrl Pts',(1.7409733081142,4.29199999999999,45.9300142548368));
#3496=CARTESIAN_POINT('Ctrl Pts',(-1.75543775403904,4.29199999999999,45.8668679086417));
#3497=CARTESIAN_POINT('Ctrl Pts',(-5.20000000000001,4.29199999999999,45.4091422600446));
#3498=CARTESIAN_POINT('Ctrl Pts',(5.20499435928908,4.29199999999999,45.6506840415129));
#3499=CARTESIAN_POINT('Ctrl Pts',(1.74201423209799,4.29199999999999,45.9825142207005));
#3500=CARTESIAN_POINT('Ctrl Pts',(-1.75838177274911,4.29199999999999,45.9192968379359));
#3501=CARTESIAN_POINT('Ctrl Pts',(-5.20689713775975,4.29199999999999,45.4610458848583));
#3502=CARTESIAN_POINT('Ctrl Pts',(5.21493254275101,4.24854983248991,45.7543989354184));
#3503=CARTESIAN_POINT('Ctrl Pts',(1.74411180239673,4.24854983248991,46.0869804189667));
#3504=CARTESIAN_POINT('Ctrl Pts',(-1.7642662740536,4.24854983248991,46.0236207090796));
#3505=CARTESIAN_POINT('Ctrl Pts',(-5.22062162501649,4.24854983248991,45.5643279508614));
#3506=CARTESIAN_POINT('Ctrl Pts',(5.21907704724241,4.14435987755982,45.7976509890017));
#3507=CARTESIAN_POINT('Ctrl Pts',(1.74494247120574,4.14435987755982,46.1305500113888));
#3508=CARTESIAN_POINT('Ctrl Pts',(-1.76667620406906,4.14435987755982,46.0671325801595));
#3509=CARTESIAN_POINT('Ctrl Pts',(-5.22634512562358,4.14435987755982,45.6073995029284));
#3510=CARTESIAN_POINT('Ctrl Pts',(5.21907704724241,4.09199999999999,45.7976509890017));
#3511=CARTESIAN_POINT('Ctrl Pts',(1.74497396234502,4.09199999999999,46.1305469938403));
#3512=CARTESIAN_POINT('Ctrl Pts',(-1.76670769268919,4.09199999999999,46.06712839584));
#3513=CARTESIAN_POINT('Ctrl Pts',(-5.22634512562358,4.09199999999999,45.6073995029284));
#3514=CARTESIAN_POINT('Ctrl Pts',(-5.22634512562358,4.09199999999999,45.6073995029284));
#3515=CARTESIAN_POINT('Ctrl Pts',(-1.76670769268919,4.09199999999999,46.06712839584));
#3516=CARTESIAN_POINT('Ctrl Pts',(1.74497396234502,4.09199999999999,46.1305469938403));
#3517=CARTESIAN_POINT('Ctrl Pts',(5.21907704724241,4.09199999999999,45.7976509890017));
#3518=CARTESIAN_POINT('',(4.99999999999989,4.292,45.6172856293504));
#3519=CARTESIAN_POINT('Ctrl Pts',(4.99999999999988,4.29199999999173,45.6172856293504));
#3520=CARTESIAN_POINT('Ctrl Pts',(5.00029027094681,4.29199999999173,45.6172591019063));
#3521=CARTESIAN_POINT('Ctrl Pts',(5.00058054164279,4.29199999999173,45.6172325716858));
#3522=CARTESIAN_POINT('Ctrl Pts',(5.00087081208776,4.29199999999173,45.6172060386887));
#3523=CARTESIAN_POINT('',(-4.99999999999948,4.292,45.4352699476935));
#3524=CARTESIAN_POINT('Ctrl Pts',(4.99999983898239,4.292,45.6172838676551));
#3525=CARTESIAN_POINT('Ctrl Pts',(1.67320036288528,4.292,45.9213152832295));
#3526=CARTESIAN_POINT('Ctrl Pts',(-1.6865626001746,4.292,45.8606379425498));
#3527=CARTESIAN_POINT('Ctrl Pts',(-4.99999977457855,4.29199999999999,45.4352681919117));
#3528=CARTESIAN_POINT('Ctrl Pts',(-5.00168558333667,4.29199999999199,45.4350534958986));
#3529=CARTESIAN_POINT('Ctrl Pts',(-5.00112372232001,4.29199999999199,45.4351256473517));
#3530=CARTESIAN_POINT('Ctrl Pts',(-5.00056185997089,4.29199999999199,45.4351977883183));
#3531=CARTESIAN_POINT('Ctrl Pts',(-4.9999999962897,4.29199999999199,45.4352699187983));
#3532=CARTESIAN_POINT('Ctrl Pts',(-13.133086920958,5.05773736776772,43.7294150776003));
#3533=CARTESIAN_POINT('Ctrl Pts',(-13.3091350833898,5.05581516492849,43.6765432105656));
#3534=CARTESIAN_POINT('Ctrl Pts',(-13.6607355225699,5.05196919840576,43.5686295112662));
#3535=CARTESIAN_POINT('Ctrl Pts',(-14.1864711435175,5.04619662766573,43.4002911313081));
#3536=CARTESIAN_POINT('Ctrl Pts',(-14.6230489454576,5.04138402200475,43.2546568628509));
#3537=CARTESIAN_POINT('Ctrl Pts',(-14.9712991451237,5.03753322783115,43.1349649561782));
#3538=CARTESIAN_POINT('Ctrl Pts',(-15.231960905853,5.03464488931969,43.0436100201093));
#3539=CARTESIAN_POINT('Ctrl Pts',(-15.4920757984348,5.03175643363063,42.9506761122702));
#3540=CARTESIAN_POINT('Ctrl Pts',(-15.751624557509,5.02886796881863,42.8561700650709));
#3541=CARTESIAN_POINT('Ctrl Pts',(-16.0105920235339,5.02597955749465,42.7600973016026));
#3542=CARTESIAN_POINT('Ctrl Pts',(-16.3550803401168,5.02212857194873,42.6299218974793));
#3543=CARTESIAN_POINT('Ctrl Pts',(-16.6983651359824,5.01827772718689,42.4966283259187));
#3544=CARTESIAN_POINT('Ctrl Pts',(-17.0403550379279,5.01442763989139,42.3602557288344));
#3545=CARTESIAN_POINT('Ctrl Pts',(-17.2215835298152,5.01238241782513,42.2867151439178));
#3546=CARTESIAN_POINT('Ctrl Pts',(-17.328026578107,5.01117950163049,42.2430996011225));
#3547=CARTESIAN_POINT('Ctrl Pts',(-17.3705894007588,5.01069834872625,42.2256217070707));
#3548=CARTESIAN_POINT('Ctrl Pts',(-17.4450375305622,5.00985635487076,42.1949518160788));
#3549=CARTESIAN_POINT('Ctrl Pts',(-17.5194096118547,5.0090144332579,42.164115823964));
#3550=CARTESIAN_POINT('Ctrl Pts',(-17.604331619699,5.00805232598097,42.1287174993551));
#3551=CARTESIAN_POINT('Ctrl Pts',(-17.6891883194348,5.00709035222349,42.0931958198761));
#3552=CARTESIAN_POINT('Ctrl Pts',(-17.8057287629983,5.00576772864535,42.0440483527994));
#3553=CARTESIAN_POINT('Ctrl Pts',(-17.9114604365748,5.00456623884285,41.999082624571));
#3554=CARTESIAN_POINT('Ctrl Pts',(-17.9960077672616,5.0036045489466,41.9628997764338));
#3555=CARTESIAN_POINT('Ctrl Pts',(-18.0593304969423,5.00288381344412,41.935687038511));
#3556=CARTESIAN_POINT('Ctrl Pts',(-18.1120314938455,5.00228358328347,41.9129445241066));
#3557=CARTESIAN_POINT('Ctrl Pts',(-18.1540573392573,5.00180470308758,41.8947525918855));
#3558=CARTESIAN_POINT('Ctrl Pts',(-18.1908896386752,5.00138486501128,41.8787756719997));
#3559=CARTESIAN_POINT('Ctrl Pts',(-18.2221392748281,5.00102851725231,41.8651856894934));
#3560=CARTESIAN_POINT('Ctrl Pts',(-18.2537206823173,5.00066826858849,41.8514232551553));
#3561=CARTESIAN_POINT('Ctrl Pts',(-18.2749592830962,5.00042593911305,41.8421533632804));
#3562=CARTESIAN_POINT('Ctrl Pts',(-18.2925688833788,5.00022496712586,41.8344557203976));
#3563=CARTESIAN_POINT('Ctrl Pts',(-18.3023602074624,5.00011320985501,41.8301726939592));
#3564=CARTESIAN_POINT('Ctrl Pts',(-18.307125662949,5.00005881297196,41.8280870842382));
#3565=CARTESIAN_POINT('Ctrl Pts',(-18.309859999431,5.00002760010132,41.8268901888654));
#3566=CARTESIAN_POINT('Ctrl Pts',(-18.3106116090433,5.00001902019987,41.8265611496483));
#3567=CARTESIAN_POINT('Ctrl Pts',(-18.3106153371136,5.00001910384341,41.826559702411));
#3568=CARTESIAN_POINT('Ctrl Pts',(-13.1515210673166,5.02282886083177,43.7869893557836));
#3569=CARTESIAN_POINT('Ctrl Pts',(-13.3272736443858,5.02038553473336,43.7323425561046));
#3570=CARTESIAN_POINT('Ctrl Pts',(-13.6782276357406,5.01564586348497,43.6208367294974));
#3571=CARTESIAN_POINT('Ctrl Pts',(-14.2028248257932,5.00901642052257,43.4469934758518));
#3572=CARTESIAN_POINT('Ctrl Pts',(-14.6383112341683,5.00393318728039,43.296682898096));
#3573=CARTESIAN_POINT('Ctrl Pts',(-14.9856017214486,5.0001647461293,43.17320143614));
#3574=CARTESIAN_POINT('Ctrl Pts',(-15.2455002176227,4.99749875517656,43.0789812374191));
#3575=CARTESIAN_POINT('Ctrl Pts',(-15.5048081952237,4.99500493416538,42.9831601118021));
#3576=CARTESIAN_POINT('Ctrl Pts',(-15.7635062858299,4.99269988217217,42.8857459714048));
#3577=CARTESIAN_POINT('Ctrl Pts',(-16.0215792357414,4.99060038183471,42.7867452913599));
#3578=CARTESIAN_POINT('Ctrl Pts',(-16.3648164336248,4.98811210841945,42.6526408460098));
#3579=CARTESIAN_POINT('Ctrl Pts',(-16.7067624681888,4.98614038040506,42.5153823978291));
#3580=CARTESIAN_POINT('Ctrl Pts',(-17.0473269905446,4.98488574402835,42.3750122468504));
#3581=CARTESIAN_POINT('Ctrl Pts',(-17.227768084048,4.9845406601398,42.2993368023751));
#3582=CARTESIAN_POINT('Ctrl Pts',(-17.3337382310724,4.98447471641104,42.2544618883511));
#3583=CARTESIAN_POINT('Ctrl Pts',(-17.3761110448986,4.9844620336304,42.2364799280586));
#3584=CARTESIAN_POINT('Ctrl Pts',(-17.4502244159885,4.98447506312932,42.2049270806789));
#3585=CARTESIAN_POINT('Ctrl Pts',(-17.524257337086,4.98456570333454,42.173206495726));
#3586=CARTESIAN_POINT('Ctrl Pts',(-17.6087876781317,4.98475958395434,42.1367956037639));
#3587=CARTESIAN_POINT('Ctrl Pts',(-17.6932495457503,4.98503014269998,42.100260154962));
#3588=CARTESIAN_POINT('Ctrl Pts',(-17.8092397322695,4.98562355539511,42.0497155630132));
#3589=CARTESIAN_POINT('Ctrl Pts',(-17.9144644948401,4.98647042921268,42.0034767683136));
#3590=CARTESIAN_POINT('Ctrl Pts',(-17.9986028230303,4.9874233143758,41.9662725449808));
#3591=CARTESIAN_POINT('Ctrl Pts',(-18.0616177005857,4.98831922825623,41.938292689498));
#3592=CARTESIAN_POINT('Ctrl Pts',(-18.1140618995197,4.98926984173153,41.9149101480838));
#3593=CARTESIAN_POINT('Ctrl Pts',(-18.1558829669431,4.99021245508811,41.8962060584135));
#3594=CARTESIAN_POINT('Ctrl Pts',(-18.1925365564756,4.99118551729528,41.8797799716805));
#3595=CARTESIAN_POINT('Ctrl Pts',(-18.2236349176067,4.99221305135427,41.8658062974434));
#3596=CARTESIAN_POINT('Ctrl Pts',(-18.2550664489899,4.99357189081593,41.8516561144593));
#3597=CARTESIAN_POINT('Ctrl Pts',(-18.2762053199248,4.99472876578346,41.8421223192174));
#3598=CARTESIAN_POINT('Ctrl Pts',(-18.2937374511901,4.99615851690655,41.8342061072281));
#3599=CARTESIAN_POINT('Ctrl Pts',(-18.303488520802,4.99733474448089,41.829798174591));
#3600=CARTESIAN_POINT('Ctrl Pts',(-18.3082377285156,4.99818357298759,41.8276522241835));
#3601=CARTESIAN_POINT('Ctrl Pts',(-18.3109662181274,4.99913553197782,41.8264164951078));
#3602=CARTESIAN_POINT('Ctrl Pts',(-18.3117180488164,4.99954153288764,41.8260771725462));
#3603=CARTESIAN_POINT('Ctrl Pts',(-18.3117223755453,5.00000634041163,41.8260748841403));
#3604=CARTESIAN_POINT('Ctrl Pts',(-13.16357632233,4.9543478196232,43.8246408190828));
#3605=CARTESIAN_POINT('Ctrl Pts',(-13.3390387656062,4.95306648207507,43.7684612123503));
#3606=CARTESIAN_POINT('Ctrl Pts',(-13.6893917184412,4.95071712999981,43.65394721321));
#3607=CARTESIAN_POINT('Ctrl Pts',(-14.2130293277461,4.94788957557208,43.4757596295272));
#3608=CARTESIAN_POINT('Ctrl Pts',(-14.6476712516083,4.94618066640097,43.3219650508022));
#3609=CARTESIAN_POINT('Ctrl Pts',(-14.9942614061513,4.94525848608815,43.1957760535564));
#3610=CARTESIAN_POINT('Ctrl Pts',(-15.2536228106068,4.94480836436894,43.0995644844911));
#3611=CARTESIAN_POINT('Ctrl Pts',(-15.5123824173751,4.94462130960447,43.0017907409452));
#3612=CARTESIAN_POINT('Ctrl Pts',(-15.7705214148953,4.94472450463144,42.9024622064935));
#3613=CARTESIAN_POINT('Ctrl Pts',(-16.0280251369354,4.94515118958015,42.8015847494021));
#3614=CARTESIAN_POINT('Ctrl Pts',(-16.3704906946643,4.94621134560632,42.6650274438253));
#3615=CARTESIAN_POINT('Ctrl Pts',(-16.7116472252094,4.94811024470251,42.5253886872969));
#3616=CARTESIAN_POINT('Ctrl Pts',(-17.0514079004914,4.95121111461243,42.3827088525635));
#3617=CARTESIAN_POINT('Ctrl Pts',(-17.2314175727553,4.95340846438133,42.3058305421586));
#3618=CARTESIAN_POINT('Ctrl Pts',(-17.3371329502729,4.95494579887039,42.2602559306199));
#3619=CARTESIAN_POINT('Ctrl Pts',(-17.3794037599348,4.95558330110755,42.2419947883329));
#3620=CARTESIAN_POINT('Ctrl Pts',(-17.453338424624,4.95676285515824,42.2099551713589));
#3621=CARTESIAN_POINT('Ctrl Pts',(-17.5271922783491,4.95808085632895,42.1777513741995));
#3622=CARTESIAN_POINT('Ctrl Pts',(-17.6115178156891,4.95975080382335,42.1407915850366));
#3623=CARTESIAN_POINT('Ctrl Pts',(-17.6957747987654,4.96155993887981,42.1037099013032));
#3624=CARTESIAN_POINT('Ctrl Pts',(-17.8114833815921,4.96445611779939,42.0524202732229));
#3625=CARTESIAN_POINT('Ctrl Pts',(-17.9164532091097,4.96765712556037,42.0055107645138));
#3626=CARTESIAN_POINT('Ctrl Pts',(-18.0003888035281,4.9707458543092,41.9677726033265));
#3627=CARTESIAN_POINT('Ctrl Pts',(-18.0632528759949,4.97340518919491,41.9393941434573));
#3628=CARTESIAN_POINT('Ctrl Pts',(-18.1155728035295,4.97601836083764,41.9156802414111));
#3629=CARTESIAN_POINT('Ctrl Pts',(-18.1572962582081,4.97845586371234,41.8967124615597));
#3630=CARTESIAN_POINT('Ctrl Pts',(-18.1938652795673,4.98089105826803,41.8800544479403));
#3631=CARTESIAN_POINT('Ctrl Pts',(-18.2248939335937,4.98333056381061,41.8658851691502));
#3632=CARTESIAN_POINT('Ctrl Pts',(-18.2562573623019,4.98645507227297,41.8515345409643));
#3633=CARTESIAN_POINT('Ctrl Pts',(-18.2773533054823,4.98902123350527,41.8418671335331));
#3634=CARTESIAN_POINT('Ctrl Pts',(-18.2948531589348,4.99208348349821,41.8338358416301));
#3635=CARTESIAN_POINT('Ctrl Pts',(-18.3045908190627,4.99456860462955,41.8293638862739));
#3636=CARTESIAN_POINT('Ctrl Pts',(-18.3093350593292,4.99629474918596,41.8271840530831));
#3637=CARTESIAN_POINT('Ctrl Pts',(-18.3120664932831,4.99825834988382,41.8259288353029));
#3638=CARTESIAN_POINT('Ctrl Pts',(-18.3128201291076,4.99909357721684,41.825582463064));
#3639=CARTESIAN_POINT('Ctrl Pts',(-18.3128287192922,4.99999365852561,41.8255785158822));
#3640=CARTESIAN_POINT('Ctrl Pts',(-13.1635763228272,4.88453937373887,43.8246408189236));
#3641=CARTESIAN_POINT('Ctrl Pts',(-13.3390696951826,4.88453937511085,43.7684513092164));
#3642=CARTESIAN_POINT('Ctrl Pts',(-13.6894839864322,4.88479613421478,43.6539168473953));
#3643=CARTESIAN_POINT('Ctrl Pts',(-14.2132124468527,4.88603698030535,43.4756964892308));
#3644=CARTESIAN_POINT('Ctrl Pts',(-14.6479294999873,4.88788183009725,43.3218727388663));
#3645=CARTESIAN_POINT('Ctrl Pts',(-14.9945796972592,4.88992603813707,43.1956591784737));
#3646=CARTESIAN_POINT('Ctrl Pts',(-15.2539861970945,4.89177119811833,43.0994285344924));
#3647=CARTESIAN_POINT('Ctrl Pts',(-15.5127910599831,4.89395914378468,43.0016350216192));
#3648=CARTESIAN_POINT('Ctrl Pts',(-15.770975609992,4.8965304429284,42.9022859617202));
#3649=CARTESIAN_POINT('Ctrl Pts',(-16.0285253167556,4.89953179324869,42.8013871605611));
#3650=CARTESIAN_POINT('Ctrl Pts',(-16.3710530657909,4.90419780223521,42.6648001606992));
#3651=CARTESIAN_POINT('Ctrl Pts',(-16.7122735111591,4.91000340831449,42.5251296623178));
#3652=CARTESIAN_POINT('Ctrl Pts',(-17.0521014791606,4.91748439885066,42.3824152324162));
#3653=CARTESIAN_POINT('Ctrl Pts',(-17.232148666922,4.92223632890397,42.3055172546446));
#3654=CARTESIAN_POINT('Ctrl Pts',(-17.337886958606,4.92537926034496,42.2599305206986));
#3655=CARTESIAN_POINT('Ctrl Pts',(-17.3801670222894,4.9266695401232,42.2416644739032));
#3656=CARTESIAN_POINT('Ctrl Pts',(-17.4541181074597,4.92901846562573,42.2096161311772));
#3657=CARTESIAN_POINT('Ctrl Pts',(-17.5279888950399,4.93156637988848,42.1774032928524));
#3658=CARTESIAN_POINT('Ctrl Pts',(-17.6123344185689,4.93471479460917,42.1404328012508));
#3659=CARTESIAN_POINT('Ctrl Pts',(-17.6966119323561,4.93806473374813,42.1033401012733));
#3660=CARTESIAN_POINT('Ctrl Pts',(-17.8123503878055,4.94326444201544,42.0520344116861));
#3661=CARTESIAN_POINT('Ctrl Pts',(-17.9173497627167,4.94882403797937,42.0051090279274));
#3662=CARTESIAN_POINT('Ctrl Pts',(-18.0013112747258,4.95404679225093,41.9673570024169));
#3663=CARTESIAN_POINT('Ctrl Pts',(-18.0641963144762,4.95847146775061,41.9389673804016));
#3664=CARTESIAN_POINT('Ctrl Pts',(-18.1165354775645,4.96274464806211,41.9152433121975));
#3665=CARTESIAN_POINT('Ctrl Pts',(-18.1582759208804,4.9666807758287,41.8962666291609));
#3666=CARTESIAN_POINT('Ctrl Pts',(-18.1948611556235,4.97056990795233,41.8796001818209));
#3667=CARTESIAN_POINT('Ctrl Pts',(-18.2259054169829,4.97443774972755,41.8654228666799));
#3668=CARTESIAN_POINT('Ctrl Pts',(-18.2572875808364,4.97931845610605,41.8510627329854));
#3669=CARTESIAN_POINT('Ctrl Pts',(-18.2783984055706,4.98330450984637,41.841387864483));
#3670=CARTESIAN_POINT('Ctrl Pts',(-18.2959150208298,4.98800953917311,41.8333483430016));
#3671=CARTESIAN_POINT('Ctrl Pts',(-18.3056656303743,4.99178770231965,41.8288701336084));
#3672=CARTESIAN_POINT('Ctrl Pts',(-18.310418792796,4.99441864675927,41.8266860538821));
#3673=CARTESIAN_POINT('Ctrl Pts',(-18.3131597921619,4.99736610708747,41.825426348995));
#3674=CARTESIAN_POINT('Ctrl Pts',(-18.3139174287333,4.99861601637497,41.8250781152562));
#3675=CARTESIAN_POINT('Ctrl Pts',(-18.3139304572796,4.99998097663957,41.8250721269801));
#3676=CARTESIAN_POINT('',(-18.3106116090429,5.00001902019988,41.8265611496485));
#3677=CARTESIAN_POINT('',(-18.3122777895978,4.99640799672522,41.8258316983549));
#3678=CARTESIAN_POINT('Ctrl Pts',(-18.3122767325707,4.9964165325837,41.8258321843617));
#3679=CARTESIAN_POINT('Ctrl Pts',(-18.3122767589699,4.99692092393272,41.8258321722531));
#3680=CARTESIAN_POINT('Ctrl Pts',(-18.3122282823632,4.99743451430737,41.8258533747382));
#3681=CARTESIAN_POINT('Ctrl Pts',(-18.312112961728,4.99792503728453,41.8259038411216));
#3682=CARTESIAN_POINT('Ctrl Pts',(-18.3120263029239,4.99829364550885,41.8259417645723));
#3683=CARTESIAN_POINT('Ctrl Pts',(-18.3119004660539,4.9986544424669,41.8259968448459));
#3684=CARTESIAN_POINT('Ctrl Pts',(-18.3117271328638,4.99898022294701,41.8260727443333));
#3685=CARTESIAN_POINT('Ctrl Pts',(-18.311568769833,4.99927786694812,41.8261420886572));
#3686=CARTESIAN_POINT('Ctrl Pts',(-18.3113905975022,4.99950882700983,41.8262201235452));
#3687=CARTESIAN_POINT('Ctrl Pts',(-18.3112115501315,4.99967789125519,41.8262985420618));
#3688=CARTESIAN_POINT('Ctrl Pts',(-18.3111236638441,4.99976087727612,41.8263370341785));
#3689=CARTESIAN_POINT('Ctrl Pts',(-18.3110273851732,4.99983687884226,41.8263791995454));
#3690=CARTESIAN_POINT('Ctrl Pts',(-18.3109262379857,4.99989794368645,41.8264234944846));
#3691=CARTESIAN_POINT('Ctrl Pts',(-18.3108785200531,4.99992675208136,41.8264443913873));
#3692=CARTESIAN_POINT('Ctrl Pts',(-18.3108284961529,4.99995294443764,41.8264662975347));
#3693=CARTESIAN_POINT('Ctrl Pts',(-18.3107780185843,4.99997408526042,41.8264884049545));
#3694=CARTESIAN_POINT('Ctrl Pts',(-18.310704697867,5.00000479316363,41.826520516879));
#3695=CARTESIAN_POINT('Ctrl Pts',(-18.3106529747661,5.00001531124522,41.8265431755414));
#3696=CARTESIAN_POINT('Ctrl Pts',(-18.3106270381335,5.00001821328208,41.826554557707));
#3697=CARTESIAN_POINT('Ctrl Pts',(-18.3106235023293,5.00001860890144,41.8265561093776));
#3698=CARTESIAN_POINT('Ctrl Pts',(-18.3106190109978,5.00001906148592,41.826558093464));
#3699=CARTESIAN_POINT('Ctrl Pts',(-18.3106153371136,5.00001910384341,41.826559702411));
#3700=CARTESIAN_POINT('Ctrl Pts',(-18.3122767325645,4.99641653257705,41.8258321843645));
#3701=CARTESIAN_POINT('Ctrl Pts',(-18.310418792796,4.99441864675927,41.8266860538821));
#3702=CARTESIAN_POINT('Ctrl Pts',(-18.3056656303743,4.99178770231965,41.8288701336084));
#3703=CARTESIAN_POINT('Ctrl Pts',(-18.2959150208298,4.98800953917311,41.8333483430016));
#3704=CARTESIAN_POINT('Ctrl Pts',(-18.2783984055706,4.98330450984637,41.841387864483));
#3705=CARTESIAN_POINT('Ctrl Pts',(-18.2572875808364,4.97931845610605,41.8510627329854));
#3706=CARTESIAN_POINT('Ctrl Pts',(-18.2259054169829,4.97443774972755,41.8654228666799));
#3707=CARTESIAN_POINT('Ctrl Pts',(-18.1948611556235,4.97056990795233,41.8796001818209));
#3708=CARTESIAN_POINT('Ctrl Pts',(-18.1582759208804,4.9666807758287,41.8962666291609));
#3709=CARTESIAN_POINT('Ctrl Pts',(-18.1165354775645,4.96274464806211,41.9152433121975));
#3710=CARTESIAN_POINT('Ctrl Pts',(-18.0641963144762,4.95847146775061,41.9389673804016));
#3711=CARTESIAN_POINT('Ctrl Pts',(-18.0013112747258,4.95404679225093,41.9673570024169));
#3712=CARTESIAN_POINT('Ctrl Pts',(-17.9173497627167,4.94882403797937,42.0051090279274));
#3713=CARTESIAN_POINT('Ctrl Pts',(-17.8123503878055,4.94326444201544,42.0520344116861));
#3714=CARTESIAN_POINT('Ctrl Pts',(-17.6966119323561,4.93806473374813,42.1033401012733));
#3715=CARTESIAN_POINT('Ctrl Pts',(-17.6123344185689,4.93471479460917,42.1404328012508));
#3716=CARTESIAN_POINT('Ctrl Pts',(-17.5279888950399,4.93156637988848,42.1774032928524));
#3717=CARTESIAN_POINT('Ctrl Pts',(-17.4541181074597,4.92901846562573,42.2096161311772));
#3718=CARTESIAN_POINT('Ctrl Pts',(-17.3801670222894,4.9266695401232,42.2416644739032));
#3719=CARTESIAN_POINT('Ctrl Pts',(-17.337886958606,4.92537926034496,42.2599305206986));
#3720=CARTESIAN_POINT('Ctrl Pts',(-17.232148666922,4.92223632890397,42.3055172546446));
#3721=CARTESIAN_POINT('Ctrl Pts',(-17.0521014791606,4.91748439885066,42.3824152324162));
#3722=CARTESIAN_POINT('Ctrl Pts',(-16.7122735111591,4.91000340831449,42.5251296623178));
#3723=CARTESIAN_POINT('Ctrl Pts',(-16.3710530657909,4.90419780223521,42.6648001606992));
#3724=CARTESIAN_POINT('Ctrl Pts',(-16.0285253167556,4.89953179324869,42.8013871605611));
#3725=CARTESIAN_POINT('Ctrl Pts',(-15.770975609992,4.8965304429284,42.9022859617202));
#3726=CARTESIAN_POINT('Ctrl Pts',(-15.5127910599831,4.89395914378468,43.0016350216192));
#3727=CARTESIAN_POINT('Ctrl Pts',(-15.2539861970945,4.89177119811833,43.0994285344924));
#3728=CARTESIAN_POINT('Ctrl Pts',(-14.9945796972592,4.88992603813707,43.1956591784737));
#3729=CARTESIAN_POINT('Ctrl Pts',(-14.6479294999873,4.88788183009725,43.3218727388663));
#3730=CARTESIAN_POINT('Ctrl Pts',(-14.2132124468527,4.88603698030535,43.4756964892308));
#3731=CARTESIAN_POINT('Ctrl Pts',(-13.6894839864322,4.88479613421478,43.6539168473953));
#3732=CARTESIAN_POINT('Ctrl Pts',(-13.3390696951826,4.88453937511085,43.7684513092164));
#3733=CARTESIAN_POINT('Ctrl Pts',(-13.1635763228272,4.88453937373887,43.8246408189236));
#3734=CARTESIAN_POINT('Ctrl Pts',(-13.133086920939,5.05773736776793,43.7294150776061));
#3735=CARTESIAN_POINT('Ctrl Pts',(-14.8985417992157,5.03846103830973,43.1992028090391));
#3736=CARTESIAN_POINT('Ctrl Pts',(-16.6274034517896,5.01923343021468,42.5634271500439));
#3737=CARTESIAN_POINT('Ctrl Pts',(-18.3106116090429,5.00001902019988,41.8265611496485));
#3738=CARTESIAN_POINT('Ctrl Pts',(-4.99405725064477,5.14471203563899,45.3850097197138));
#3739=CARTESIAN_POINT('Ctrl Pts',(-7.74982472542222,5.11572047972672,45.0817716985368));
#3740=CARTESIAN_POINT('Ctrl Pts',(-10.477846776502,5.08672892381445,44.5268531302394));
#3741=CARTESIAN_POINT('Ctrl Pts',(-13.1330869208913,5.05773736790217,43.7294150773772));
#3742=CARTESIAN_POINT('Ctrl Pts',(-4.99953120899354,5.11582804780678,45.4347378631345));
#3743=CARTESIAN_POINT('Ctrl Pts',(-7.75831816533696,5.0868364918945,45.1311674644507));
#3744=CARTESIAN_POINT('Ctrl Pts',(-10.4893292863984,5.05784493598223,44.5756407534474));
#3745=CARTESIAN_POINT('Ctrl Pts',(-13.1474787431032,5.02885338006996,43.7773288324116));
#3746=CARTESIAN_POINT('Ctrl Pts',(-5.00500516411401,5.08694406001276,45.4844660069326));
#3747=CARTESIAN_POINT('Ctrl Pts',(-7.7668116020463,5.05795250410049,45.1805632309381));
#3748=CARTESIAN_POINT('Ctrl Pts',(-10.5008117931303,5.02896094818821,44.6244283774228));
#3749=CARTESIAN_POINT('Ctrl Pts',(-13.1618705622086,4.99996939227594,43.825242588402));
#3750=CARTESIAN_POINT('Ctrl Pts',(-5.01047911603774,5.05806007225644,45.5341941511045));
#3751=CARTESIAN_POINT('Ctrl Pts',(-7.77530503558162,5.02906851634417,45.2299589979933));
#3752=CARTESIAN_POINT('Ctrl Pts',(-10.5122942967285,5.0000769604319,44.673216002158));
#3753=CARTESIAN_POINT('Ctrl Pts',(-13.1762623782379,4.97108540451962,43.873156345339));
#3754=CARTESIAN_POINT('',(-5.,5.14464951542883,45.3843554003194));
#3755=CARTESIAN_POINT('Ctrl Pts',(-5.00000000000007,5.13045320808996,45.4091422600446));
#3756=CARTESIAN_POINT('Ctrl Pts',(-5.00000000000007,5.13518535631207,45.4008799295332));
#3757=CARTESIAN_POINT('Ctrl Pts',(-5.00000000000007,5.13991745949519,45.3926176416906));
#3758=CARTESIAN_POINT('Ctrl Pts',(-5.00000000000007,5.144649515563,45.3843554000851));
#3759=CARTESIAN_POINT('Ctrl Pts',(-4.99999999980409,5.14464951542882,45.3843553992572));
#3760=CARTESIAN_POINT('Ctrl Pts',(-7.75374666075366,5.11567879954185,45.0809737882634));
#3761=CARTESIAN_POINT('Ctrl Pts',(-10.4797554451144,5.08670808365489,44.5262799073831));
#3762=CARTESIAN_POINT('Ctrl Pts',(-13.133086920939,5.05773736776793,43.7294150776061));
#3763=CARTESIAN_POINT('Origin',(-5.,16.18,60.1127414201234));
#3764=CARTESIAN_POINT('',(-5.,4.29199999999999,45.3843554003194));
#3765=CARTESIAN_POINT('',(-5.,4.29199999999999,76.1170355029046));
#3766=CARTESIAN_POINT('',(-5.,16.18,45.3843554003194));
#3767=CARTESIAN_POINT('Origin',(1.11022302462516E-15,4.29199999999999,52.8523405024499));
#3768=CARTESIAN_POINT('',(5.,4.29199999999999,45.3843554003194));
#3769=CARTESIAN_POINT('',(5.,4.29200000000002,-76.1170355029046));
#3770=CARTESIAN_POINT('Origin',(1.11022302462516E-15,4.292,-1.0547118733939E-14));
#3771=CARTESIAN_POINT('Origin',(5.,16.18,45.3843554003194));
#3772=CARTESIAN_POINT('',(5.,5.24943166689255,45.3843554003194));
#3773=CARTESIAN_POINT('Ctrl Pts',(4.99999999999989,5.24943166702727,45.3843554000851));
#3774=CARTESIAN_POINT('Ctrl Pts',(4.99999999999991,5.2083753222986,45.4557548827363));
#3775=CARTESIAN_POINT('Ctrl Pts',(4.99999999999994,5.16731602068168,45.5271581539583));
#3776=CARTESIAN_POINT('Ctrl Pts',(4.99999999999996,5.12625510198409,45.598562902295));
#3777=CARTESIAN_POINT('',(5.,16.18,45.3843554003194));
#3778=CARTESIAN_POINT('Ctrl Pts',(45.3665903548928,5.89297958242236,5.15870086868627));
#3779=CARTESIAN_POINT('Ctrl Pts',(44.7041139126405,5.83166391216918,10.984643899781));
#3780=CARTESIAN_POINT('Ctrl Pts',(41.1083881920947,5.70903257166283,22.3784709583793));
#3781=CARTESIAN_POINT('Ctrl Pts',(31.5877321855142,5.55574339602988,33.8794061924028));
#3782=CARTESIAN_POINT('Ctrl Pts',(19.3538216224399,5.40245422039694,42.0812898643799));
#3783=CARTESIAN_POINT('Ctrl Pts',(10.8032380870743,5.31048071501718,44.7482988408869));
#3784=CARTESIAN_POINT('Ctrl Pts',(4.97465603664203,5.249165044764,45.3871403857781));
#3785=CARTESIAN_POINT('Ctrl Pts',(45.8379824156425,5.6190660252781,5.21232245331849));
#3786=CARTESIAN_POINT('Ctrl Pts',(45.1686199302794,5.55775035502492,11.0988012943517));
#3787=CARTESIAN_POINT('Ctrl Pts',(41.5355271325233,5.43511901451857,22.6110176045419));
#3788=CARTESIAN_POINT('Ctrl Pts',(31.9159393675152,5.28182983888562,34.2314525894684));
#3789=CARTESIAN_POINT('Ctrl Pts',(19.5549055768908,5.12854066325268,42.5185551824648));
#3790=CARTESIAN_POINT('Ctrl Pts',(10.9154737260841,5.03656715787292,45.2132729396065));
#3791=CARTESIAN_POINT('Ctrl Pts',(5.02632790878239,4.97525148761974,45.8587501470277));
#3792=CARTESIAN_POINT('Ctrl Pts',(46.3093745113607,5.3451524715638,5.26594374801003));
#3793=CARTESIAN_POINT('Ctrl Pts',(45.6331260201133,5.28383680131062,11.2129584034714));
#3794=CARTESIAN_POINT('Ctrl Pts',(41.9626662178746,5.16120546080426,22.8435639887512));
#3795=CARTESIAN_POINT('Ctrl Pts',(32.2441467675813,5.00791628517132,34.5834987859781));
#3796=CARTESIAN_POINT('Ctrl Pts',(19.7559898013313,4.85462710953838,42.9558203785889));
#3797=CARTESIAN_POINT('Ctrl Pts',(11.0277096517751,4.76265360415861,45.6782469711824));
#3798=CARTESIAN_POINT('Ctrl Pts',(5.07800007143565,4.70133793390544,46.3303598784335));
#3799=CARTESIAN_POINT('Ctrl Pts',(46.7807666389184,5.07123892088317,5.31956477824772));
#3800=CARTESIAN_POINT('Ctrl Pts',(46.0976321757407,5.00992325062999,11.3271152522251));
#3801=CARTESIAN_POINT('Ctrl Pts',(42.3898054353569,4.88729191012363,23.0761101340126));
#3802=CARTESIAN_POINT('Ctrl Pts',(32.5723543665015,4.73400273449069,34.9355447995254));
#3803=CARTESIAN_POINT('Ctrl Pts',(19.9570742719996,4.58071355885775,43.3930854634251));
#3804=CARTESIAN_POINT('Ctrl Pts',(11.1399458389278,4.48874005347798,46.1432209414648));
#3805=CARTESIAN_POINT('Ctrl Pts',(5.12967249905254,4.42742438322481,46.8019695825654));
#3806=CARTESIAN_POINT('',(45.3479343315601,5.89127978006437,5.3201751521517));
#3807=CARTESIAN_POINT('Ctrl Pts',(45.3479376344625,5.89127978006442,5.32017550494332));
#3808=CARTESIAN_POINT('Ctrl Pts',(45.8255808145329,5.61798918321766,5.31996561038708));
#3809=CARTESIAN_POINT('Ctrl Pts',(46.3031894568943,5.34464051797685,5.31976222343501));
#3810=CARTESIAN_POINT('Ctrl Pts',(46.7807666367303,5.07123892254437,5.31956477794792));
#3811=CARTESIAN_POINT('Ctrl Pts',(45.3479343315601,5.89127978006437,5.3201751521517));
#3812=CARTESIAN_POINT('Ctrl Pts',(44.6708009951135,5.83053071055237,11.0898842111749));
#3813=CARTESIAN_POINT('Ctrl Pts',(42.8803487447752,5.76978164104037,16.7291345882762));
#3814=CARTESIAN_POINT('Ctrl Pts',(40.1031884211196,5.70903257152837,21.8302012406457));
#3815=CARTESIAN_POINT('Ctrl Pts',(37.3001257896528,5.64771690127519,26.9788450521263));
#3816=CARTESIAN_POINT('Ctrl Pts',(33.4918633870011,5.58640123102201,31.5792191457592));
#3817=CARTESIAN_POINT('Ctrl Pts',(28.9600664359474,5.52508556076883,35.2998461561752));
#3818=CARTESIAN_POINT('Ctrl Pts',(26.6941679604206,5.49442772564224,37.1601596613832));
#3819=CARTESIAN_POINT('Ctrl Pts',(24.2473858477932,5.46376989051565,38.800536395787));
#3820=CARTESIAN_POINT('Ctrl Pts',(21.6661329354406,5.43311205538907,40.1904552161141));
#3821=CARTESIAN_POINT('Ctrl Pts',(16.5111099141315,5.37188525924493,42.9662636160768));
#3822=CARTESIAN_POINT('Ctrl Pts',(10.8197618354261,5.3106584631008,44.7431424683829));
#3823=CARTESIAN_POINT('Ctrl Pts',(4.99999997380854,5.24943166695667,45.3843552964853));
#3824=CARTESIAN_POINT('Ctrl Pts',(46.6935950111201,4.77619481910514,4.99999999999999));
#3825=CARTESIAN_POINT('Ctrl Pts',(46.1955246291551,5.06135007879134,4.99999999999999));
#3826=CARTESIAN_POINT('Ctrl Pts',(45.6974214258693,5.34644801147679,4.99999999999999));
#3827=CARTESIAN_POINT('Ctrl Pts',(45.1992820848098,5.63148278901613,4.99999999999999));
#3828=CARTESIAN_POINT('Ctrl Pts',(46.7342369159795,4.84718256486649,4.99999999999999));
#3829=CARTESIAN_POINT('Ctrl Pts',(46.2361783144282,5.13237107504887,4.99999873348102));
#3830=CARTESIAN_POINT('Ctrl Pts',(45.7380865829495,5.4175022485118,5.0000013554135));
#3831=CARTESIAN_POINT('Ctrl Pts',(45.2399595900449,5.70257259015802,4.99999999999999));
#3832=CARTESIAN_POINT('Ctrl Pts',(46.8151036322723,4.98842953438236,5.07088520641852));
#3833=CARTESIAN_POINT('Ctrl Pts',(46.3170668665837,5.27368126932503,5.07094844652739));
#3834=CARTESIAN_POINT('Ctrl Pts',(45.8189989383417,5.55888057150313,5.07101256569316));
#3835=CARTESIAN_POINT('Ctrl Pts',(45.3208947979522,5.84401852697846,5.07108008327257));
#3836=CARTESIAN_POINT('Ctrl Pts',(46.8449814192463,5.04061598462275,5.23791435641107));
#3837=CARTESIAN_POINT('Ctrl Pts',(46.3469136364223,5.32582300662527,5.2380893752038));
#3838=CARTESIAN_POINT('Ctrl Pts',(45.8488107375024,5.6109705865043,5.23826932195405));
#3839=CARTESIAN_POINT('Ctrl Pts',(45.3506732651556,5.89606068884561,5.23845599384292));
#3840=CARTESIAN_POINT('Ctrl Pts',(46.8423343636591,5.03599246833605,5.31953935670354));
#3841=CARTESIAN_POINT('Ctrl Pts',(46.3442373644783,5.32114751889396,5.31974475540456));
#3842=CARTESIAN_POINT('Ctrl Pts',(45.846106284382,5.60624523262931,5.31995659071599));
#3843=CARTESIAN_POINT('Ctrl Pts',(45.3479376344625,5.89127978006442,5.32017550494332));
#3844=CARTESIAN_POINT('',(45.384355400304,5.52558019788057,4.99999999999999));
#3845=CARTESIAN_POINT('Ctrl Pts',(46.6935950111201,4.77619481910514,4.99999999999999));
#3846=CARTESIAN_POINT('Ctrl Pts',(46.2572077467164,5.02603525975506,4.99999999999999));
#3847=CARTESIAN_POINT('Ctrl Pts',(45.8207952870577,5.27583169338889,4.99999999999999));
#3848=CARTESIAN_POINT('Ctrl Pts',(45.3843554015638,5.52558020011169,4.99999999999999));
#3849=CARTESIAN_POINT('Ctrl Pts',(45.3479376344625,5.89127978006442,5.32017550494332));
#3850=CARTESIAN_POINT('Ctrl Pts',(45.3499644476332,5.89146167857578,5.30289942125454));
#3851=CARTESIAN_POINT('Ctrl Pts',(45.3519250204851,5.88984405668099,5.28573934122054));
#3852=CARTESIAN_POINT('Ctrl Pts',(45.3538444022168,5.8866173541091,5.2688684407962));
#3853=CARTESIAN_POINT('Ctrl Pts',(45.3557637839485,5.88339065153721,5.25199754037186));
#3854=CARTESIAN_POINT('Ctrl Pts',(45.3576416894904,5.87855437032064,5.2354146096216));
#3855=CARTESIAN_POINT('Ctrl Pts',(45.3594769567017,5.87225315183523,5.21927461076803));
#3856=CARTESIAN_POINT('Ctrl Pts',(45.3613069592114,5.86597000921065,5.20318091159027));
#3857=CARTESIAN_POINT('Ctrl Pts',(45.3630732128558,5.85829647196552,5.18769385522209));
#3858=CARTESIAN_POINT('Ctrl Pts',(45.3647702171827,5.84941724765295,5.17293624372653));
#3859=CARTESIAN_POINT('Ctrl Pts',(45.3665777507691,5.83995970184001,5.15721743970768));
#3860=CARTESIAN_POINT('Ctrl Pts',(45.3683066816182,5.82913422871416,5.14232510286881));
#3861=CARTESIAN_POINT('Ctrl Pts',(45.3699225757224,5.81711546798102,5.12839259790552));
#3862=CARTESIAN_POINT('Ctrl Pts',(45.3701803906805,5.81519788174396,5.12616967489718));
#3863=CARTESIAN_POINT('Ctrl Pts',(45.3704352749403,5.81324982612651,5.12397117691036));
#3864=CARTESIAN_POINT('Ctrl Pts',(45.3706870297804,5.81127190754563,5.12179764310888));
#3865=CARTESIAN_POINT('Ctrl Pts',(45.3717753421606,5.80272155245315,5.11240166190528));
#3866=CARTESIAN_POINT('Ctrl Pts',(45.3728013383893,5.79364362512634,5.10350471679287));
#3867=CARTESIAN_POINT('Ctrl Pts',(45.3737561656199,5.7840905543039,5.09514349854471));
#3868=CARTESIAN_POINT('Ctrl Pts',(45.3751556485399,5.77008869195488,5.08288852533695));
#3869=CARTESIAN_POINT('Ctrl Pts',(45.3764036013888,5.75506847625365,5.07178258597699));
#3870=CARTESIAN_POINT('Ctrl Pts',(45.3775175349645,5.73927429932111,5.06182408364027));
#3871=CARTESIAN_POINT('Ctrl Pts',(45.3783309806537,5.72774066264889,5.0545519257911));
#3872=CARTESIAN_POINT('Ctrl Pts',(45.3790722928024,5.71579313892444,5.04789200494941));
#3873=CARTESIAN_POINT('Ctrl Pts',(45.3797406857733,5.70351360449527,5.04185178750314));
#3874=CARTESIAN_POINT('Ctrl Pts',(45.3807454900634,5.68505361252843,5.03277144604725));
#3875=CARTESIAN_POINT('Ctrl Pts',(45.3815893349896,5.66587435145961,5.0251059902267));
#3876=CARTESIAN_POINT('Ctrl Pts',(45.3822730396645,5.64622703457833,5.01890286370034));
#3877=CARTESIAN_POINT('Ctrl Pts',(45.3826077479103,5.63660867271702,5.01586611746356));
#3878=CARTESIAN_POINT('Ctrl Pts',(45.3829037795922,5.62687761673037,5.01318041054662));
#3879=CARTESIAN_POINT('Ctrl Pts',(45.3831599322708,5.61706106991302,5.01085497060333));
#3880=CARTESIAN_POINT('Ctrl Pts',(45.3836791443178,5.59716329099908,5.00614138947037));
#3881=CARTESIAN_POINT('Ctrl Pts',(45.3840360097797,5.57691795254487,5.00290585144608));
#3882=CARTESIAN_POINT('Ctrl Pts',(45.3842171885667,5.55654446798735,5.00125865281815));
#3883=CARTESIAN_POINT('Ctrl Pts',(45.3843087677538,5.54624642380609,5.00042605473225));
#3884=CARTESIAN_POINT('Ctrl Pts',(45.3843553960722,5.53591552684622,5.00000003675252));
#3885=CARTESIAN_POINT('Ctrl Pts',(45.384355401583,5.52558020010073,4.99999999999999));
#3886=CARTESIAN_POINT('Origin',(60.1127414201234,16.18,4.99999999999999));
#3887=CARTESIAN_POINT('',(45.3843554003194,4.292,4.99999999999999));
#3888=CARTESIAN_POINT('',(99.9097317186296,4.292,4.99999999999999));
#3889=CARTESIAN_POINT('',(45.3843554003194,16.18,4.99999999999999));
#3890=CARTESIAN_POINT('Origin',(5.30000000000001,7.19843733351009,46.581706334802));
#3891=CARTESIAN_POINT('',(5.31432779515927,7.45823493559101,46.7310379129725));
#3892=CARTESIAN_POINT('',(5.33391475452668,7.19843733350547,46.8797831528042));
#3893=CARTESIAN_POINT('Origin',(5.3,7.19843733350538,46.5817063348102));
#3894=CARTESIAN_POINT('',(5.,7.19843733351292,46.5817063348102));
#3895=CARTESIAN_POINT('Origin',(5.30000000000001,7.19843733351009,46.581706334802));
#3896=CARTESIAN_POINT('Origin',(5.3,7.19843733350556,46.5817063348102));
#3897=CARTESIAN_POINT('Ctrl Pts',(5.,7.99294740488118,45.1992820845753));
#3898=CARTESIAN_POINT('Ctrl Pts',(5.,7.72813832273641,45.6601060343569));
#3899=CARTESIAN_POINT('Ctrl Pts',(5.,7.46330081943482,46.1209136520346));
#3900=CARTESIAN_POINT('Ctrl Pts',(5.,7.19843733350536,46.5817063348103));
#3901=CARTESIAN_POINT('Ctrl Pts',(5.,8.06317853359093,45.2396398844259));
#3902=CARTESIAN_POINT('Ctrl Pts',(5.00000088973693,7.79834601383595,45.7004542185856));
#3903=CARTESIAN_POINT('Ctrl Pts',(4.99999916387083,7.5334865203123,46.1612528507707));
#3904=CARTESIAN_POINT('Ctrl Pts',(5.,7.26860099866346,46.6220363869878));
#3905=CARTESIAN_POINT('Ctrl Pts',(5.06943461705602,8.20294755643591,45.3199571219943));
#3906=CARTESIAN_POINT('Ctrl Pts',(5.06938938222972,7.9380704227713,45.7807534475238));
#3907=CARTESIAN_POINT('Ctrl Pts',(5.06934630603458,7.67316589017111,46.2415335384605));
#3908=CARTESIAN_POINT('Ctrl Pts',(5.06930372665162,7.40823841884165,46.7022999312173));
#3909=CARTESIAN_POINT('Ctrl Pts',(5.23385829633114,8.25620004671494,45.3505582725626));
#3910=CARTESIAN_POINT('Ctrl Pts',(5.2337321796389,7.99135434233409,45.8113756226729));
#3911=CARTESIAN_POINT('Ctrl Pts',(5.23361024638316,7.72648383997998,46.2721779639322));
#3912=CARTESIAN_POINT('Ctrl Pts',(5.23349145415709,7.46158590433101,46.7329640487271));
#3913=CARTESIAN_POINT('Ctrl Pts',(5.31476119285975,8.25274439592947,45.3485725083393));
#3914=CARTESIAN_POINT('Ctrl Pts',(5.31461237655209,7.98793552665192,45.809410802001));
#3915=CARTESIAN_POINT('Ctrl Pts',(5.31446803728647,7.72309822667649,46.270232113477));
#3916=CARTESIAN_POINT('Ctrl Pts',(5.31432779515926,7.45823493559099,46.7310379129725));
#3917=CARTESIAN_POINT('',(5.31475997932294,8.25274439592947,45.3485686914849));
#3918=CARTESIAN_POINT('',(5.,7.88659436353086,45.3843554003112));
#3919=CARTESIAN_POINT('Ctrl Pts',(5.,7.88659436451056,45.3843554008837));
#3920=CARTESIAN_POINT('Ctrl Pts',(5.00000005011341,7.90702493398859,45.3843553933395));
#3921=CARTESIAN_POINT('Ctrl Pts',(5.00165587029022,7.92743949719631,45.384174019024));
#3922=CARTESIAN_POINT('Ctrl Pts',(5.00483281166752,7.9476187435705,45.3838240316926));
#3923=CARTESIAN_POINT('Ctrl Pts',(5.00809437436595,7.96833548632406,45.3834647220644));
#3924=CARTESIAN_POINT('Ctrl Pts',(5.01295959785867,7.98880547568731,45.3829284250508));
#3925=CARTESIAN_POINT('Ctrl Pts',(5.01933616169618,8.00878589703159,45.3822257801147));
#3926=CARTESIAN_POINT('Ctrl Pts',(5.02246308424803,8.01858384333765,45.3818812189447));
#3927=CARTESIAN_POINT('Ctrl Pts',(5.02595419865933,8.028263860078,45.3814965394171));
#3928=CARTESIAN_POINT('Ctrl Pts',(5.0298026431086,8.03779538707092,45.381071889054));
#3929=CARTESIAN_POINT('Ctrl Pts',(5.03754054643348,8.05696002238836,45.3802180626576));
#3930=CARTESIAN_POINT('Ctrl Pts',(5.04670906556115,8.07550250429387,45.3791995620512));
#3931=CARTESIAN_POINT('Ctrl Pts',(5.05727553159219,8.09315481786838,45.3780206990441));
#3932=CARTESIAN_POINT('Ctrl Pts',(5.06670602240485,8.10890937388527,45.3769685727489));
#3933=CARTESIAN_POINT('Ctrl Pts',(5.07725096259945,8.12395520880576,45.3757889041014));
#3934=CARTESIAN_POINT('Ctrl Pts',(5.08891161322073,8.13806606536248,45.3744642326239));
#3935=CARTESIAN_POINT('Ctrl Pts',(5.09031622835679,8.1397658266662,45.3743046657465));
#3936=CARTESIAN_POINT('Ctrl Pts',(5.0917370559361,8.1414519710377,45.3741429659431));
#3937=CARTESIAN_POINT('Ctrl Pts',(5.09317411663574,8.14312405962998,45.3739790777672));
#3938=CARTESIAN_POINT('Ctrl Pts',(5.09838083573847,8.14918232537833,45.3733852826014));
#3939=CARTESIAN_POINT('Ctrl Pts',(5.10380066173347,8.15505617588708,45.3727628174838));
#3940=CARTESIAN_POINT('Ctrl Pts',(5.10942469821889,8.16073288735409,45.3721137280629));
#3941=CARTESIAN_POINT('Ctrl Pts',(5.1225591247756,8.1739903315475,45.3705978386567));
#3942=CARTESIAN_POINT('Ctrl Pts',(5.13674901562908,8.18611622266158,45.368946405703));
#3943=CARTESIAN_POINT('Ctrl Pts',(5.15186354208567,8.19694013170635,45.3672016077913));
#3944=CARTESIAN_POINT('Ctrl Pts',(5.16604289313496,8.20709433710022,45.3655647651042));
#3945=CARTESIAN_POINT('Ctrl Pts',(5.18103700580443,8.21610276274554,45.3638457952119));
#3946=CARTESIAN_POINT('Ctrl Pts',(5.19672985309261,8.22378519488102,45.3620568222065));
#3947=CARTESIAN_POINT('Ctrl Pts',(5.19972814506051,8.22525300847423,45.3617150191357));
#3948=CARTESIAN_POINT('Ctrl Pts',(5.20275189424504,8.22667229288114,45.3613705889976));
#3949=CARTESIAN_POINT('Ctrl Pts',(5.20580020921519,8.22804160879758,45.3610235115392));
#3950=CARTESIAN_POINT('Ctrl Pts',(5.22142493408968,8.23506030098328,45.3592444992485));
#3951=CARTESIAN_POINT('Ctrl Pts',(5.23760182019106,8.24072468353309,45.3574126874837));
#3952=CARTESIAN_POINT('Ctrl Pts',(5.25418957578327,8.24485947836452,45.3555296025442));
#3953=CARTESIAN_POINT('Ctrl Pts',(5.25598663635349,8.24530742786053,45.3553255955779));
#3954=CARTESIAN_POINT('Ctrl Pts',(5.25778850096503,8.24573738368421,45.3551209631581));
#3955=CARTESIAN_POINT('Ctrl Pts',(5.25959497507613,8.24614909222496,45.3549156895594));
#3956=CARTESIAN_POINT('Ctrl Pts',(5.27609562925439,8.24990971088614,45.3530406841872));
#3957=CARTESIAN_POINT('Ctrl Pts',(5.29287059020407,8.25212570443859,45.3511271855202));
#3958=CARTESIAN_POINT('Ctrl Pts',(5.30975965875614,8.25264162002028,45.3491572570236));
#3959=CARTESIAN_POINT('Ctrl Pts',(5.31142579560893,8.25269251601617,45.3489629200502));
#3960=CARTESIAN_POINT('Ctrl Pts',(5.3130930284771,8.25272683207052,45.3487680140733));
#3961=CARTESIAN_POINT('Ctrl Pts',(5.31476119285968,8.25274439579476,45.3485725085737));
#3962=CARTESIAN_POINT('Ctrl Pts',(5.,7.88659436451638,45.3843554008736));
#3963=CARTESIAN_POINT('Ctrl Pts',(5.,7.6572292353932,45.7834841879059));
#3964=CARTESIAN_POINT('Ctrl Pts',(5.,7.42784303024476,46.1826008632742));
#3965=CARTESIAN_POINT('Ctrl Pts',(5.,7.19843733350536,46.5817063348103));
#3966=CARTESIAN_POINT('Ctrl Pts',(5.31432779515926,7.45823493559099,46.7310379129725));
#3967=CARTESIAN_POINT('Ctrl Pts',(5.31446803728647,7.72309822667649,46.270232113477));
#3968=CARTESIAN_POINT('Ctrl Pts',(5.31461237655209,7.98793552665192,45.809410802001));
#3969=CARTESIAN_POINT('Ctrl Pts',(5.31476119285975,8.25274439592947,45.3485725083393));
#3970=CARTESIAN_POINT('Origin',(46.5817063348092,7.84025204026124,5.30000000000875));
#3971=CARTESIAN_POINT('',(46.7304396866795,8.10004964234696,5.31958560676321));
#3972=CARTESIAN_POINT('',(46.5817063347948,7.84025204027018,4.99999999999999));
#3973=CARTESIAN_POINT('Origin',(46.5817063348102,7.84025204026134,5.29999999999999));
#3974=CARTESIAN_POINT('',(46.8797831528052,7.84025204026116,5.33391475451796));
#3975=CARTESIAN_POINT('Origin',(46.5817063348092,7.84025204026124,5.30000000000875));
#3976=CARTESIAN_POINT('Origin',(46.5817063348102,7.84025204027553,5.29999999999999));
#3977=CARTESIAN_POINT('Ctrl Pts',(46.7304396866795,8.10004964234696,5.31958560676321));
#3978=CARTESIAN_POINT('Ctrl Pts',(46.0494471586155,8.03892646374133,11.301833588508));
#3979=CARTESIAN_POINT('Ctrl Pts',(43.2808939694654,7.94724080057145,20.0716887110143));
#3980=CARTESIAN_POINT('Ctrl Pts',(34.824292845926,7.79442285741336,32.6116252694489));
#3981=CARTESIAN_POINT('Ctrl Pts',(22.9976963851717,7.64160832013841,42.3669637018661));
#3982=CARTESIAN_POINT('Ctrl Pts',(11.2966522942544,7.51935811353008,46.0507184767894));
#3983=CARTESIAN_POINT('Ctrl Pts',(5.31432779515925,7.45823493559101,46.7310379129725));
#3984=CARTESIAN_POINT('Ctrl Pts',(46.7819665718693,8.07013179924168,5.32514160275433));
#3985=CARTESIAN_POINT('Ctrl Pts',(46.1002605357183,8.00900862063605,11.3140039715722));
#3986=CARTESIAN_POINT('Ctrl Pts',(43.3287200240715,7.91732295746616,20.0935116831076));
#3987=CARTESIAN_POINT('Ctrl Pts',(34.8628812230271,7.76450501430808,32.6473410197908));
#3988=CARTESIAN_POINT('Ctrl Pts',(23.0233053490373,7.61169047703312,42.4134974135618));
#3989=CARTESIAN_POINT('Ctrl Pts',(11.3094193812936,7.4894402704248,46.1013858269171));
#3990=CARTESIAN_POINT('Ctrl Pts',(5.32048927165281,7.42831709248573,46.7824959074557));
#3991=CARTESIAN_POINT('Ctrl Pts',(46.8559152670661,7.98989250758122,5.33273292288132));
#3992=CARTESIAN_POINT('Ctrl Pts',(46.1732403255802,7.92876932897559,11.3310384779386));
#3993=CARTESIAN_POINT('Ctrl Pts',(43.3974696480077,7.83708366580571,20.124492483082));
#3994=CARTESIAN_POINT('Ctrl Pts',(34.9184862865816,7.68426572264762,32.6982628655445));
#3995=CARTESIAN_POINT('Ctrl Pts',(23.0604041894953,7.53145118537267,42.4800550891714));
#3996=CARTESIAN_POINT('Ctrl Pts',(11.3280540724003,7.40920097876434,46.1739724962367));
#3997=CARTESIAN_POINT('Ctrl Pts',(5.32970448312983,7.34807780082527,46.8562598386146));
#3998=CARTESIAN_POINT('Ctrl Pts',(46.8797314827145,7.88513059477537,5.33436888300644));
#3999=CARTESIAN_POINT('Ctrl Pts',(46.1968459928529,7.82400741616973,11.3357329550002));
#4000=CARTESIAN_POINT('Ctrl Pts',(43.4198737287174,7.73232175299985,20.1336812697651));
#4001=CARTESIAN_POINT('Ctrl Pts',(34.936886487931,7.57950380984176,32.7140128299268));
#4002=CARTESIAN_POINT('Ctrl Pts',(23.0730229303465,7.42668927256682,42.5010156588225));
#4003=CARTESIAN_POINT('Ctrl Pts',(11.3348378552605,7.30443906595849,46.1970655546581));
#4004=CARTESIAN_POINT('Ctrl Pts',(5.33346062602948,7.24331588801941,46.8798348228958));
#4005=CARTESIAN_POINT('Ctrl Pts',(46.8797831528052,7.84025204026134,5.33391475451796));
#4006=CARTESIAN_POINT('Ctrl Pts',(46.196956263331,7.7791288616557,11.335281102253));
#4007=CARTESIAN_POINT('Ctrl Pts',(43.4200679148746,7.68744319848582,20.1332632690583));
#4008=CARTESIAN_POINT('Ctrl Pts',(34.9372027954269,7.53462525532773,32.7136722752362));
#4009=CARTESIAN_POINT('Ctrl Pts',(23.0734368388328,7.38181071805279,42.5007920761071));
#4010=CARTESIAN_POINT('Ctrl Pts',(11.3352810368072,7.25956051144446,46.1969562707774));
#4011=CARTESIAN_POINT('Ctrl Pts',(5.33391475451796,7.19843733350538,46.8797831528052));
#4012=CARTESIAN_POINT('Ctrl Pts',(5.33391475451796,7.19843733350538,46.8797831528052));
#4013=CARTESIAN_POINT('Ctrl Pts',(11.3352810368072,7.25956051144446,46.1969562707774));
#4014=CARTESIAN_POINT('Ctrl Pts',(23.0734368388328,7.38181071805279,42.5007920761071));
#4015=CARTESIAN_POINT('Ctrl Pts',(34.9372027954269,7.53462525532773,32.7136722752362));
#4016=CARTESIAN_POINT('Ctrl Pts',(43.4200679148746,7.68744319848582,20.1332632690583));
#4017=CARTESIAN_POINT('Ctrl Pts',(46.196956263331,7.7791288616557,11.335281102253));
#4018=CARTESIAN_POINT('Ctrl Pts',(46.8797831528052,7.84025204026134,5.33391475451796));
#4019=CARTESIAN_POINT('Ctrl Pts',(46.7304396866795,8.10004964234696,5.31958560676321));
#4020=CARTESIAN_POINT('Ctrl Pts',(46.0494471586155,8.03892646374133,11.301833588508));
#4021=CARTESIAN_POINT('Ctrl Pts',(43.2808939694654,7.94724080057145,20.0716887110143));
#4022=CARTESIAN_POINT('Ctrl Pts',(34.824292845926,7.79442285741336,32.6116252694489));
#4023=CARTESIAN_POINT('Ctrl Pts',(22.9976963851717,7.64160832013841,42.3669637018661));
#4024=CARTESIAN_POINT('Ctrl Pts',(11.2966522942544,7.51935811353008,46.0507184767894));
#4025=CARTESIAN_POINT('Ctrl Pts',(5.31432779515925,7.45823493559101,46.7310379129725));
#4026=CARTESIAN_POINT('Origin',(5.3000000000088,7.12631806086611,46.5817063348092));
#4027=CARTESIAN_POINT('',(5.31958560676324,6.86652045878039,46.7304396866795));
#4028=CARTESIAN_POINT('',(5.,7.12631806085716,46.5817063347948));
#4029=CARTESIAN_POINT('Origin',(5.30000000000002,7.12631806086602,46.5817063348102));
#4030=CARTESIAN_POINT('',(5.33391475451797,7.1263180608662,46.8797831528052));
#4031=CARTESIAN_POINT('Origin',(5.3000000000088,7.12631806086611,46.5817063348092));
#4032=CARTESIAN_POINT('Origin',(5.3,7.12631806085182,46.5817063348102));
#4033=CARTESIAN_POINT('Origin',(46.5817063348102,7.76813276762179,5.29999999999999));
#4034=CARTESIAN_POINT('',(46.5817063348102,7.76813276761444,4.99999999999999));
#4035=CARTESIAN_POINT('',(46.7310379129725,7.50833516553634,5.31432779515927));
#4036=CARTESIAN_POINT('Origin',(46.581706334802,7.76813276761727,5.30000000000001));
#4037=CARTESIAN_POINT('',(46.8797831528042,7.76813276762188,5.33391475452664));
#4038=CARTESIAN_POINT('Origin',(46.5817063348102,7.76813276762179,5.29999999999999));
#4039=CARTESIAN_POINT('Origin',(46.5817063348102,7.76813276762197,5.30000000000001));
#4040=CARTESIAN_POINT('Origin',(46.5817063348102,7.911,5.29999999999999));
#4041=CARTESIAN_POINT('',(46.8797831528052,7.911,5.33391475451796));
#4042=CARTESIAN_POINT('',(46.5817063348102,7.911,4.99999999999999));
#4043=CARTESIAN_POINT('Ctrl Pts',(5.31958560676323,6.86652045878039,46.7304396866795));
#4044=CARTESIAN_POINT('Ctrl Pts',(8.31070960000557,6.89708204810742,46.3899434223777));
#4045=CARTESIAN_POINT('Ctrl Pts',(17.1877547191114,6.98876763909083,44.5095675228874));
#4046=CARTESIAN_POINT('Ctrl Pts',(30.662715600578,7.14158296552453,37.1956675884474));
#4047=CARTESIAN_POINT('Ctrl Pts',(42.365943392363,7.32496246117086,22.9947671077225));
#4048=CARTESIAN_POINT('Ctrl Pts',(46.050718477195,7.4472119876337,11.2966522906883));
#4049=CARTESIAN_POINT('Ctrl Pts',(46.7310379129725,7.50833516553634,5.31432779515927));
#4050=CARTESIAN_POINT('Ctrl Pts',(5.32514160275435,6.89643830188567,46.7819665718693));
#4051=CARTESIAN_POINT('Ctrl Pts',(8.31957278953587,6.9269998912127,46.4411135535238));
#4052=CARTESIAN_POINT('Ctrl Pts',(17.2064001986104,7.01868548219612,44.5587252132264));
#4053=CARTESIAN_POINT('Ctrl Pts',(30.6962619761581,7.17150080862981,37.2368612428625));
#4054=CARTESIAN_POINT('Ctrl Pts',(42.4124794234425,7.35488030427615,23.0203719093793));
#4055=CARTESIAN_POINT('Ctrl Pts',(46.1013858273231,7.47712983073898,11.3094193777236));
#4056=CARTESIAN_POINT('Ctrl Pts',(46.7824959074557,7.53825300864162,5.32048927165282));
#4057=CARTESIAN_POINT('Ctrl Pts',(5.33273292537522,6.97667758295042,46.8559152880303));
#4058=CARTESIAN_POINT('Ctrl Pts',(8.33188570528016,7.00723917227745,46.5145778170169));
#4059=CARTESIAN_POINT('Ctrl Pts',(17.2327908058634,7.09892476326087,44.6293707272883));
#4060=CARTESIAN_POINT('Ctrl Pts',(30.744070480108,7.25174008969456,37.2961736744536));
#4061=CARTESIAN_POINT('Ctrl Pts',(42.4790311260254,7.43511958534091,23.0574673130631));
#4062=CARTESIAN_POINT('Ctrl Pts',(46.1739725176319,7.55736911180374,11.3280540711042));
#4063=CARTESIAN_POINT('Ctrl Pts',(46.8562598596032,7.61849228970638,5.32970448540929));
#4064=CARTESIAN_POINT('Ctrl Pts',(5.33436888300646,7.08143950635198,46.8797314827145));
#4065=CARTESIAN_POINT('Ctrl Pts',(8.33505092138087,7.11200109567901,46.5382887375132));
#4066=CARTESIAN_POINT('Ctrl Pts',(17.2404937896054,7.20368668666243,44.6523305417774));
#4067=CARTESIAN_POINT('Ctrl Pts',(30.7587749299492,7.35650201309613,37.3157346783538));
#4068=CARTESIAN_POINT('Ctrl Pts',(42.4999930541434,7.53988150874246,23.0700840546598));
#4069=CARTESIAN_POINT('Ctrl Pts',(46.1970655550651,7.6621310352053,11.334837851683));
#4070=CARTESIAN_POINT('Ctrl Pts',(46.8798348228958,7.72325421310794,5.33346062602949));
#4071=CARTESIAN_POINT('Ctrl Pts',(5.33391475451798,7.12631806086601,46.8797831528052));
#4072=CARTESIAN_POINT('Ctrl Pts',(8.33459793076303,7.15687965019304,46.5383697077976));
#4073=CARTESIAN_POINT('Ctrl Pts',(17.2400618435946,7.24856524117646,44.6524974735575));
#4074=CARTESIAN_POINT('Ctrl Pts',(30.758412873766,7.40138056761016,37.316030872313));
#4075=CARTESIAN_POINT('Ctrl Pts',(42.4997686777192,7.58476006325649,23.0704981610896));
#4076=CARTESIAN_POINT('Ctrl Pts',(46.1969562711844,7.70700958971933,11.3352810332298));
#4077=CARTESIAN_POINT('Ctrl Pts',(46.8797831528052,7.76813276762196,5.33391475451797));
#4078=CARTESIAN_POINT('Ctrl Pts',(46.8797831528052,7.76813276762196,5.33391475451797));
#4079=CARTESIAN_POINT('Ctrl Pts',(46.1969562711844,7.70700958971933,11.3352810332298));
#4080=CARTESIAN_POINT('Ctrl Pts',(42.4997686777192,7.58476006325649,23.0704981610896));
#4081=CARTESIAN_POINT('Ctrl Pts',(30.758412873766,7.40138056761016,37.316030872313));
#4082=CARTESIAN_POINT('Ctrl Pts',(17.2400618435946,7.24856524117646,44.6524974735575));
#4083=CARTESIAN_POINT('Ctrl Pts',(8.33459793076303,7.15687965019304,46.5383697077976));
#4084=CARTESIAN_POINT('Ctrl Pts',(5.33391475451798,7.12631806086601,46.8797831528052));
#4085=CARTESIAN_POINT('Ctrl Pts',(5.31958560676323,6.86652045878039,46.7304396866795));
#4086=CARTESIAN_POINT('Ctrl Pts',(8.31070960000557,6.89708204810742,46.3899434223777));
#4087=CARTESIAN_POINT('Ctrl Pts',(17.1877547191114,6.98876763909083,44.5095675228874));
#4088=CARTESIAN_POINT('Ctrl Pts',(30.662715600578,7.14158296552453,37.1956675884474));
#4089=CARTESIAN_POINT('Ctrl Pts',(42.365943392363,7.32496246117086,22.9947671077225));
#4090=CARTESIAN_POINT('Ctrl Pts',(46.050718477195,7.4472119876337,11.2966522906883));
#4091=CARTESIAN_POINT('Ctrl Pts',(46.7310379129725,7.50833516553634,5.31432779515927));
#4092=CARTESIAN_POINT('Ctrl Pts',(45.1992820845165,6.97362269621234,4.99999999999999));
#4093=CARTESIAN_POINT('Ctrl Pts',(45.6601060343176,7.23843177836838,4.99999999999999));
#4094=CARTESIAN_POINT('Ctrl Pts',(46.120913652015,7.50326928168124,4.99999999999999));
#4095=CARTESIAN_POINT('Ctrl Pts',(46.5817063348103,7.768132767622,4.99999999999999));
#4096=CARTESIAN_POINT('Ctrl Pts',(45.239639884367,6.9033915675026,4.99999999999999));
#4097=CARTESIAN_POINT('Ctrl Pts',(45.7004542185463,7.16822408726885,5.00000088973692));
#4098=CARTESIAN_POINT('Ctrl Pts',(46.1612528507511,7.43308358080375,4.99999916387082));
#4099=CARTESIAN_POINT('Ctrl Pts',(46.6220363869878,7.69796910246389,4.99999999999999));
#4100=CARTESIAN_POINT('Ctrl Pts',(45.3199570942367,6.76362259285939,5.06943466997814));
#4101=CARTESIAN_POINT('Ctrl Pts',(45.7807534197858,7.02849972653526,5.06938943515184));
#4102=CARTESIAN_POINT('Ctrl Pts',(46.2415335108486,7.29340425894823,5.06934635881877));
#4103=CARTESIAN_POINT('Ctrl Pts',(46.702299903625,7.55833173028899,5.06930377943581));
#4104=CARTESIAN_POINT('Ctrl Pts',(45.3505582725037,6.71037005437861,5.23385829633112));
#4105=CARTESIAN_POINT('Ctrl Pts',(45.8113756226337,6.97521575877073,5.23373217963888));
#4106=CARTESIAN_POINT('Ctrl Pts',(46.2721779639126,7.24008626113606,5.23361024638317));
#4107=CARTESIAN_POINT('Ctrl Pts',(46.7329640487271,7.50498419679633,5.23349145415709));
#4108=CARTESIAN_POINT('Ctrl Pts',(45.3485725082804,6.71382570516408,5.31476119285972));
#4109=CARTESIAN_POINT('Ctrl Pts',(45.8094108019618,6.9786345744529,5.31461237655206));
#4110=CARTESIAN_POINT('Ctrl Pts',(46.2702321134574,7.24347187443955,5.31446803728649));
#4111=CARTESIAN_POINT('Ctrl Pts',(46.7310379129726,7.50833516553636,5.31432779515927));
#4112=CARTESIAN_POINT('',(45.3485693404633,6.71382570516407,5.31476053931755));
#4113=CARTESIAN_POINT('',(45.3843554003113,7.07997573759649,4.99999999999999));
#4114=CARTESIAN_POINT('Ctrl Pts',(45.3843554008838,7.0799757366168,4.99999999999999));
#4115=CARTESIAN_POINT('Ctrl Pts',(45.3843553933395,7.05954517128139,5.00000005011339));
#4116=CARTESIAN_POINT('Ctrl Pts',(45.3841740184376,7.03913061335833,5.00165587088166));
#4117=CARTESIAN_POINT('Ctrl Pts',(45.3838240302189,7.01895137276683,5.00483281295758));
#4118=CARTESIAN_POINT('Ctrl Pts',(45.3834647195954,6.99823463108067,5.00809437713986));
#4119=CARTESIAN_POINT('Ctrl Pts',(45.3829284211843,6.97776464342906,5.01295960298384));
#4120=CARTESIAN_POINT('Ctrl Pts',(45.3822257747529,6.9577842239364,5.01933616944563));
#4121=CARTESIAN_POINT('Ctrl Pts',(45.3818812127449,6.94798627555945,5.02246309423505));
#4122=CARTESIAN_POINT('Ctrl Pts',(45.3814965323313,6.93830625685361,5.0259542111712));
#4123=CARTESIAN_POINT('Ctrl Pts',(45.3810718810707,6.92877472796846,5.02980265835641));
#4124=CARTESIAN_POINT('Ctrl Pts',(45.3802180531566,6.90961009528863,5.03754056458121));
#4125=CARTESIAN_POINT('Ctrl Pts',(45.3791995510944,6.89106761591308,5.04670908649095));
#4126=CARTESIAN_POINT('Ctrl Pts',(45.3780206870009,6.87341530422594,5.0572755545987));
#4127=CARTESIAN_POINT('Ctrl Pts',(45.3769685592487,6.85766074259491,5.06670605163367));
#4128=CARTESIAN_POINT('Ctrl Pts',(45.3757888893212,6.84261490220312,5.07725099852123));
#4129=CARTESIAN_POINT('Ctrl Pts',(45.3744642169586,6.82850404021164,5.08891165583961));
#4130=CARTESIAN_POINT('Ctrl Pts',(45.3743046506622,6.82680428557782,5.09031626572965));
#4131=CARTESIAN_POINT('Ctrl Pts',(45.3741429514638,6.82511814775943,5.09173708792325));
#4132=CARTESIAN_POINT('Ctrl Pts',(45.3739790639182,6.8234460655976,5.09317414309632));
#4133=CARTESIAN_POINT('Ctrl Pts',(45.3733852687529,6.81738779985517,5.09838086219406));
#4134=CARTESIAN_POINT('Ctrl Pts',(45.3727628037458,6.81151394916074,5.10380068797368));
#4135=CARTESIAN_POINT('Ctrl Pts',(45.3721137145286,6.80583723734551,5.10942472406533));
#4136=CARTESIAN_POINT('Ctrl Pts',(45.3705978258801,6.7925797948045,5.1225591472597));
#4137=CARTESIAN_POINT('Ctrl Pts',(45.3689463942411,6.78045390403847,5.13674903338726));
#4138=CARTESIAN_POINT('Ctrl Pts',(45.367201597942,6.7696299943516,5.15186355428253));
#4139=CARTESIAN_POINT('Ctrl Pts',(45.3655647567927,6.75947578851102,5.16604289989721));
#4140=CARTESIAN_POINT('Ctrl Pts',(45.3638457887037,6.75046736151096,5.18103700636898));
#4141=CARTESIAN_POINT('Ctrl Pts',(45.3620568175466,6.74278492737467,5.19672984719324));
#4142=CARTESIAN_POINT('Ctrl Pts',(45.3617150140438,6.74131711002778,5.19972814481288));
#4143=CARTESIAN_POINT('Ctrl Pts',(45.3613705834633,6.73989782206657,5.20275189975665));
#4144=CARTESIAN_POINT('Ctrl Pts',(45.3610235055502,6.73852850280716,5.20580022059119));
#4145=CARTESIAN_POINT('Ctrl Pts',(45.3592444950199,6.73150980962601,5.22142493959539));
#4146=CARTESIAN_POINT('Ctrl Pts',(45.3574126849998,6.72584542559021,5.23760181966957));
#4147=CARTESIAN_POINT('Ctrl Pts',(45.3555296015456,6.7217106290972,5.2541895696353));
#4148=CARTESIAN_POINT('Ctrl Pts',(45.3553255943114,6.7212626784795,5.25598663337372));
#4149=CARTESIAN_POINT('Ctrl Pts',(45.3551209616179,6.72083272160776,5.25778850117844));
#4150=CARTESIAN_POINT('Ctrl Pts',(45.3549156877395,6.72042101209458,5.25959497850724));
#4151=CARTESIAN_POINT('Ctrl Pts',(45.353040683761,6.71666039247149,5.27609562732397));
#4152=CARTESIAN_POINT('Ctrl Pts',(45.3511271861916,6.71444439785505,5.29287058339189));
#4153=CARTESIAN_POINT('Ctrl Pts',(45.3491572582476,6.71392848146248,5.30975964814631));
#4154=CARTESIAN_POINT('Ctrl Pts',(45.3489629208744,6.7138775852676,5.31142578852012));
#4155=CARTESIAN_POINT('Ctrl Pts',(45.3487680144896,6.71384326909426,5.31309302492506));
#4156=CARTESIAN_POINT('Ctrl Pts',(45.3485725085737,6.71382570533263,5.31476119285963));
#4157=CARTESIAN_POINT('Ctrl Pts',(45.3843554008736,7.07997573661098,4.99999999999999));
#4158=CARTESIAN_POINT('Ctrl Pts',(45.783484187906,7.30934086573415,4.99999999999999));
#4159=CARTESIAN_POINT('Ctrl Pts',(46.1826008632742,7.53872707088259,4.99999999999999));
#4160=CARTESIAN_POINT('Ctrl Pts',(46.5817063348103,7.768132767622,4.99999999999999));
#4161=CARTESIAN_POINT('Ctrl Pts',(46.7310379129726,7.50833516553636,5.31432779515927));
#4162=CARTESIAN_POINT('Ctrl Pts',(46.2702321134574,7.24347187443955,5.31446803728649));
#4163=CARTESIAN_POINT('Ctrl Pts',(45.8094108019618,6.9786345744529,5.31461237655206));
#4164=CARTESIAN_POINT('Ctrl Pts',(45.3485725082804,6.71382570516408,5.31476119285972));
#4165=CARTESIAN_POINT('Origin',(5.3,7.91099999999999,46.5817063348102));
#4166=CARTESIAN_POINT('',(5.33391475451797,7.91099999999999,46.8797831528052));
#4167=CARTESIAN_POINT('',(5.,7.91099999999999,46.5817063348102));
#4168=CARTESIAN_POINT('Ctrl Pts',(5.,7.12631806086602,46.5817063348102));
#4169=CARTESIAN_POINT('Ctrl Pts',(5.,6.86252351022867,46.1209274251877));
#4170=CARTESIAN_POINT('Ctrl Pts',(5.,6.59877838176365,45.660120221173));
#4171=CARTESIAN_POINT('Ctrl Pts',(5.,6.3350873119434,45.1992820845165));
#4172=CARTESIAN_POINT('Ctrl Pts',(5.,7.05532290739605,46.622350848298));
#4173=CARTESIAN_POINT('Ctrl Pts',(4.99999882244386,6.79149744312756,46.161582875224));
#4174=CARTESIAN_POINT('Ctrl Pts',(5.00000125391871,6.52772148165043,45.7007863028963));
#4175=CARTESIAN_POINT('Ctrl Pts',(5.,6.2639975108015,45.2399595897516));
#4176=CARTESIAN_POINT('Ctrl Pts',(5.07090130628509,6.914063295406,46.7032215545954));
#4177=CARTESIAN_POINT('Ctrl Pts',(5.07096009407976,6.65017905049508,46.2424738509587));
#4178=CARTESIAN_POINT('Ctrl Pts',(5.0710195712565,6.38633990588995,45.7816993336996));
#4179=CARTESIAN_POINT('Ctrl Pts',(5.07108203304766,6.12255338420745,45.3208937618494));
#4180=CARTESIAN_POINT('Ctrl Pts',(5.23795372223878,6.86188551492052,46.7330931782071));
#4181=CARTESIAN_POINT('Ctrl Pts',(5.2381164074231,6.59804284233128,46.2723166273678));
#4182=CARTESIAN_POINT('Ctrl Pts',(5.23828330014398,6.33425166395606,45.8115096727374));
#4183=CARTESIAN_POINT('Ctrl Pts',(5.23845599384301,6.07050941211393,45.3506732648623));
#4184=CARTESIAN_POINT('Ctrl Pts',(5.31958560676324,6.86652045878038,46.7304396866795));
#4185=CARTESIAN_POINT('Ctrl Pts',(5.31977652082689,6.60272610298116,46.2696359773113));
#4186=CARTESIAN_POINT('Ctrl Pts',(5.31997298324658,6.33898117784163,45.808802885007));
#4187=CARTESIAN_POINT('Ctrl Pts',(5.32017550494341,6.07529032089516,45.3479376341691));
#4188=CARTESIAN_POINT('',(5.,6.44098990324679,45.384355400304));
#4189=CARTESIAN_POINT('',(5.32017550494353,6.07529032089514,45.3479376341691));
#4190=CARTESIAN_POINT('Ctrl Pts',(5.32017550494328,6.07529032106299,45.3479376344625));
#4191=CARTESIAN_POINT('Ctrl Pts',(5.30289933066394,6.07510842159781,45.3499644582612));
#4192=CARTESIAN_POINT('Ctrl Pts',(5.28573920507243,6.07672610154832,45.3519250179887));
#4193=CARTESIAN_POINT('Ctrl Pts',(5.26886828702077,6.07995289971975,45.3538443736999));
#4194=CARTESIAN_POINT('Ctrl Pts',(5.25199736896912,6.08317969789119,45.3557637294111));
#4195=CARTESIAN_POINT('Ctrl Pts',(5.23541444858433,6.08801611234979,45.35764159598));
#4196=CARTESIAN_POINT('Ctrl Pts',(5.21927447307882,6.09431748349792,45.359476820266));
#4197=CARTESIAN_POINT('Ctrl Pts',(5.20318099171122,6.10060070239921,45.3613067578544));
#4198=CARTESIAN_POINT('Ctrl Pts',(5.18769415249323,6.10827429943654,45.3630729443448));
#4199=CARTESIAN_POINT('Ctrl Pts',(5.17293673921387,6.11715355643157,45.3647698877295));
#4200=CARTESIAN_POINT('Ctrl Pts',(5.15721813963445,6.12661114107908,45.3665773571733));
#4201=CARTESIAN_POINT('Ctrl Pts',(5.14232598657257,6.13743662351007,45.3683062308246));
#4202=CARTESIAN_POINT('Ctrl Pts',(5.12839362540249,6.14945535182548,45.3699220843388));
#4203=CARTESIAN_POINT('Ctrl Pts',(5.12617019889165,6.1513733870269,45.370179953877));
#4204=CARTESIAN_POINT('Ctrl Pts',(5.12397120795714,6.15332190497933,45.3704348917519));
#4205=CARTESIAN_POINT('Ctrl Pts',(5.12179719207032,6.15530029878861,45.370686699138));
#4206=CARTESIAN_POINT('Ctrl Pts',(5.11240175061159,6.16385032058471,45.3717749347714));
#4207=CARTESIAN_POINT('Ctrl Pts',(5.10350528413368,6.17292784667755,45.3728008673666));
#4208=CARTESIAN_POINT('Ctrl Pts',(5.09514447329821,6.18248045185445,45.3737556479214));
#4209=CARTESIAN_POINT('Ctrl Pts',(5.08288928950428,6.19648255457598,45.3751551546692));
#4210=CARTESIAN_POINT('Ctrl Pts',(5.07178313843981,6.21150300671953,45.3764031476836));
#4211=CARTESIAN_POINT('Ctrl Pts',(5.061824441229,6.22729742068472,45.3775171294464));
#4212=CARTESIAN_POINT('Ctrl Pts',(5.05455177304762,6.23883181413565,45.3783306514914));
#4213=CARTESIAN_POINT('Ctrl Pts',(5.04789141269868,6.25078013677983,45.3790720370105));
#4214=CARTESIAN_POINT('Ctrl Pts',(5.04185083472021,6.26306050199375,45.3797404967828));
#4215=CARTESIAN_POINT('Ctrl Pts',(5.03277050620424,6.28152061472399,45.3807453400865));
#4216=CARTESIAN_POINT('Ctrl Pts',(5.02510507062444,6.30069997726532,45.3815892293487));
#4217=CARTESIAN_POINT('Ctrl Pts',(5.01890199535453,6.32034739195758,45.3822729721271));
#4218=CARTESIAN_POINT('Ctrl Pts',(5.01586552922227,6.32996499398617,45.3826076709175));
#4219=CARTESIAN_POINT('Ctrl Pts',(5.01318005092739,6.3396952703265,45.3829036981518));
#4220=CARTESIAN_POINT('Ctrl Pts',(5.01085478857064,6.34951102623048,45.3831598504186));
#4221=CARTESIAN_POINT('Ctrl Pts',(5.00614124717415,6.36940855377485,45.3836790969069));
#4222=CARTESIAN_POINT('Ctrl Pts',(5.00290574009204,6.38965364260296,45.3840359910704));
#4223=CARTESIAN_POINT('Ctrl Pts',(5.00125858188895,6.41002690385029,45.3842171826211));
#4224=CARTESIAN_POINT('Ctrl Pts',(5.000426029886,6.42032451790234,45.3843087654383));
#4225=CARTESIAN_POINT('Ctrl Pts',(5.00000003537419,6.43065498943291,45.3843553960841));
#4226=CARTESIAN_POINT('Ctrl Pts',(5.,6.44098990138385,45.3843554013811));
#4227=CARTESIAN_POINT('Ctrl Pts',(5.32017550494341,6.07529032089516,45.3479376341691));
#4228=CARTESIAN_POINT('Ctrl Pts',(5.31997298324658,6.33898117784163,45.808802885007));
#4229=CARTESIAN_POINT('Ctrl Pts',(5.31977652082689,6.60272610298116,46.2696359773113));
#4230=CARTESIAN_POINT('Ctrl Pts',(5.31958560676324,6.86652045878038,46.7304396866795));
#4231=CARTESIAN_POINT('Ctrl Pts',(5.,7.12631806086602,46.5817063348102));
#4232=CARTESIAN_POINT('Ctrl Pts',(5.,6.89783726111835,46.1826111544016));
#4233=CARTESIAN_POINT('Ctrl Pts',(5.,6.66939353709221,45.7834947479936));
#4234=CARTESIAN_POINT('Ctrl Pts',(5.,6.44098990137291,45.384355401362));
#4235=CARTESIAN_POINT('Ctrl Pts',(46.5817063348102,7.84025204026133,4.99999999999999));
#4236=CARTESIAN_POINT('Ctrl Pts',(46.1209274252072,8.10404659088752,4.99999999999999));
#4237=CARTESIAN_POINT('Ctrl Pts',(45.6601202212123,8.36779171934125,4.99999999999999));
#4238=CARTESIAN_POINT('Ctrl Pts',(45.1992820845753,8.63148278915029,4.99999999999999));
#4239=CARTESIAN_POINT('Ctrl Pts',(46.622350848298,7.91124719373131,4.99999999999999));
#4240=CARTESIAN_POINT('Ctrl Pts',(46.1615828752435,8.17507265798863,4.99999882244385));
#4241=CARTESIAN_POINT('Ctrl Pts',(45.7007863029355,8.43884861945447,5.0000012539187));
#4242=CARTESIAN_POINT('Ctrl Pts',(45.2399595898105,8.70257259029219,4.99999999999999));
#4243=CARTESIAN_POINT('Ctrl Pts',(46.7032208433465,8.05250556335863,5.07090264723813));
#4244=CARTESIAN_POINT('Ctrl Pts',(46.2424731397293,8.31638980825837,5.0709614350328));
#4245=CARTESIAN_POINT('Ctrl Pts',(45.7816986188795,8.5802289458951,5.07102091688525));
#4246=CARTESIAN_POINT('Ctrl Pts',(45.3208930470488,8.84401546756639,5.07108337867639));
#4247=CARTESIAN_POINT('Ctrl Pts',(46.7330931782071,8.10468458620682,5.23795372223876));
#4248=CARTESIAN_POINT('Ctrl Pts',(46.2723166273873,8.36852725878489,5.23811640742307));
#4249=CARTESIAN_POINT('Ctrl Pts',(45.8115096727766,8.63231843714887,5.23828330014399));
#4250=CARTESIAN_POINT('Ctrl Pts',(45.3506732649212,8.89606068897978,5.238455993843));
#4251=CARTESIAN_POINT('Ctrl Pts',(46.7304396866795,8.10004964234696,5.31958560676321));
#4252=CARTESIAN_POINT('Ctrl Pts',(46.2696359773308,8.36384399813502,5.31977652082686));
#4253=CARTESIAN_POINT('Ctrl Pts',(45.8088028850463,8.6275889232633,5.31997298324658));
#4254=CARTESIAN_POINT('Ctrl Pts',(45.347937634228,8.89127978019856,5.32017550494341));
#4255=CARTESIAN_POINT('',(45.384355400304,8.52558019788057,4.99999999999999));
#4256=CARTESIAN_POINT('',(45.347937634228,8.89127978019855,5.32017550494342));
#4257=CARTESIAN_POINT('Ctrl Pts',(45.3479376344625,8.8912797800644,5.32017550494331));
#4258=CARTESIAN_POINT('Ctrl Pts',(45.3499644582612,8.89146167952958,5.30289933066404));
#4259=CARTESIAN_POINT('Ctrl Pts',(45.3519250021167,8.88984397184038,5.28573923494966));
#4260=CARTESIAN_POINT('Ctrl Pts',(45.35384433332,8.88661713083792,5.26886836303087));
#4261=CARTESIAN_POINT('Ctrl Pts',(45.3557636645233,8.88339028983545,5.25199749111208));
#4262=CARTESIAN_POINT('Ctrl Pts',(45.3576414979141,8.87855381739347,5.23541463318055));
#4263=CARTESIAN_POINT('Ctrl Pts',(45.3594766866864,8.87225238417999,5.21927472452495));
#4264=CARTESIAN_POINT('Ctrl Pts',(45.3613065796641,8.86596913497958,5.20318139071986));
#4265=CARTESIAN_POINT('Ctrl Pts',(45.3630727202358,8.85829551821643,5.1876946965807));
#4266=CARTESIAN_POINT('Ctrl Pts',(45.3647696222112,8.84941625930534,5.1729374134094));
#4267=CARTESIAN_POINT('Ctrl Pts',(45.3665770474711,8.83995867302347,5.15721895308785));
#4268=CARTESIAN_POINT('Ctrl Pts',(45.3683058820363,8.82913320923744,5.14232692230784));
#4269=CARTESIAN_POINT('Ctrl Pts',(45.3699217082808,8.81711452801636,5.12839465314676));
#4270=CARTESIAN_POINT('Ctrl Pts',(45.3701795905936,8.81519637294222,5.1261710936485));
#4271=CARTESIAN_POINT('Ctrl Pts',(45.3704345411546,8.81324773179254,5.12397197220342));
#4272=CARTESIAN_POINT('Ctrl Pts',(45.3706863611257,8.81126921161474,5.12179782833812));
#4273=CARTESIAN_POINT('Ctrl Pts',(45.3717745843895,8.80271916820122,5.11240241016442));
#4274=CARTESIAN_POINT('Ctrl Pts',(45.372800509947,8.79364162980938,5.10350595693496));
#4275=CARTESIAN_POINT('Ctrl Pts',(45.3737552905035,8.78408902463579,5.09514514609726));
#4276=CARTESIAN_POINT('Ctrl Pts',(45.3751548123238,8.7700867711438,5.08288983033569));
#4277=CARTESIAN_POINT('Ctrl Pts',(45.3764028322099,8.755066172622,5.07178354374259));
#4278=CARTESIAN_POINT('Ctrl Pts',(45.3775168464373,8.73927161273051,5.0618247199998));
#4279=CARTESIAN_POINT('Ctrl Pts',(45.3783303714348,8.72773740698954,5.05455214496279));
#4280=CARTESIAN_POINT('Ctrl Pts',(45.3790717665467,8.71578929337685,5.04789185130847));
#4281=CARTESIAN_POINT('Ctrl Pts',(45.3797402402389,8.70350915078992,5.04185131764287));
#4282=CARTESIAN_POINT('Ctrl Pts',(45.3807451236579,8.68504902017762,5.03277088232663));
#4283=CARTESIAN_POINT('Ctrl Pts',(45.3815890565183,8.66586964202877,5.02510534306354));
#4284=CARTESIAN_POINT('Ctrl Pts',(45.3822728390065,8.64622220438209,5.01890218175756));
#4285=CARTESIAN_POINT('Ctrl Pts',(45.3826075528023,8.63660471849011,5.01586571372449));
#4286=CARTESIAN_POINT('Ctrl Pts',(45.3829035951366,8.62687455951386,5.01318022846143));
#4287=CARTESIAN_POINT('Ctrl Pts',(45.3831597617893,8.61705892000706,5.01085495541147));
#4288=CARTESIAN_POINT('Ctrl Pts',(45.3836790395849,8.59716154620974,5.00614137286558));
#4289=CARTESIAN_POINT('Ctrl Pts',(45.3840359607751,8.57691660425546,5.00290582156631));
#4290=CARTESIAN_POINT('Ctrl Pts',(45.3842171681584,8.55654346746026,5.00125862776614));
#4291=CARTESIAN_POINT('Ctrl Pts',(45.3843087602765,8.54624577031587,5.00042604596675));
#4292=CARTESIAN_POINT('Ctrl Pts',(45.3843553960841,8.53591520902454,5.00000003537451));
#4293=CARTESIAN_POINT('Ctrl Pts',(45.3843554013811,8.52558019974351,4.99999999999999));
#4294=CARTESIAN_POINT('Ctrl Pts',(45.347937634228,8.89127978019856,5.32017550494341));
#4295=CARTESIAN_POINT('Ctrl Pts',(45.8088028850463,8.6275889232633,5.31997298324658));
#4296=CARTESIAN_POINT('Ctrl Pts',(46.2696359773308,8.36384399813502,5.31977652082686));
#4297=CARTESIAN_POINT('Ctrl Pts',(46.7304396866795,8.10004964234696,5.31958560676321));
#4298=CARTESIAN_POINT('Ctrl Pts',(46.5817063348102,7.84025204026133,4.99999999999999));
#4299=CARTESIAN_POINT('Ctrl Pts',(46.1826111544015,8.06873284000907,4.99999999999999));
#4300=CARTESIAN_POINT('Ctrl Pts',(45.7834947479936,8.29717656403516,4.99999999999999));
#4301=CARTESIAN_POINT('Ctrl Pts',(45.384355401362,8.52558019975446,4.99999999999999));
#4302=CARTESIAN_POINT('Origin',(5.,16.18,45.3843554003194));
#4303=CARTESIAN_POINT('',(5.,16.18,45.3843554003194));
#4304=CARTESIAN_POINT('Ctrl Pts',(45.3659638629684,8.89292162823889,5.16420738013828));
#4305=CARTESIAN_POINT('Ctrl Pts',(44.7048402741651,8.83179641807165,10.9719735349139));
#4306=CARTESIAN_POINT('Ctrl Pts',(41.1260596716209,8.70954599773719,22.3307792952413));
#4307=CARTESIAN_POINT('Ctrl Pts',(31.6553108203935,8.5567329723191,33.8105864219181));
#4308=CARTESIAN_POINT('Ctrl Pts',(19.4808428446399,8.40391994690101,42.0180725363555));
#4309=CARTESIAN_POINT('Ctrl Pts',(10.9670454739172,8.31223213165017,44.7060494873176));
#4310=CARTESIAN_POINT('Ctrl Pts',(5.15920647611618,8.25110692148293,45.3665328586838));
#4311=CARTESIAN_POINT('Ctrl Pts',(45.8207891058892,8.62863096320036,5.21600038463838));
#4312=CARTESIAN_POINT('Ctrl Pts',(45.1530349590046,8.56750575303313,11.0819934220211));
#4313=CARTESIAN_POINT('Ctrl Pts',(41.5383699280329,8.44525533269866,22.554678178393));
#4314=CARTESIAN_POINT('Ctrl Pts',(31.972665267079,8.29244230728058,34.1495750899193));
#4315=CARTESIAN_POINT('Ctrl Pts',(19.6761359997085,8.13962928186249,42.4393424808172));
#4316=CARTESIAN_POINT('Ctrl Pts',(11.0769804551894,8.04794146661164,45.1542650057443));
#4317=CARTESIAN_POINT('Ctrl Pts',(5.21091331976626,7.98681625644441,45.8213679048629));
#4318=CARTESIAN_POINT('Ctrl Pts',(46.2756143813994,8.36434030135535,5.26779311919929));
#4319=CARTESIAN_POINT('Ctrl Pts',(45.6012297109848,8.30321509118812,11.1920130433605));
#4320=CARTESIAN_POINT('Ctrl Pts',(41.9506803190887,8.18096467085365,22.7785768175514));
#4321=CARTESIAN_POINT('Ctrl Pts',(32.2900199163825,8.02815164543557,34.4885635707918));
#4322=CARTESIAN_POINT('Ctrl Pts',(19.8714294057743,7.87533862001748,42.8606123109713));
#4323=CARTESIAN_POINT('Ctrl Pts',(11.1869157031252,7.78365080476664,45.6024804606808));
#4324=CARTESIAN_POINT('Ctrl Pts',(5.26262043377702,7.7225255945994,46.276202922157));
#4325=CARTESIAN_POINT('Ctrl Pts',(46.7304396866795,8.10004964234695,5.31958560676325));
#4326=CARTESIAN_POINT('Ctrl Pts',(46.0494245243497,8.03892443217971,11.3020324215133));
#4327=CARTESIAN_POINT('Ctrl Pts',(42.3629908332976,7.91667401184525,23.0024752334346));
#4328=CARTESIAN_POINT('Ctrl Pts',(32.6073747510451,7.76386098642716,34.8275518804072));
#4329=CARTESIAN_POINT('Ctrl Pts',(20.0667230414786,7.61104796100908,43.2818820364897));
#4330=CARTESIAN_POINT('Ctrl Pts',(11.2968511950432,7.51936014575823,46.0506958574761));
#4331=CARTESIAN_POINT('Ctrl Pts',(5.31432779515923,7.45823493559099,46.7310379129725));
#4332=CARTESIAN_POINT('Ctrl Pts',(5.31475997932294,8.25274439592947,45.3485686914849));
#4333=CARTESIAN_POINT('Ctrl Pts',(11.0683692420112,8.31332378128119,44.673966748389));
#4334=CARTESIAN_POINT('Ctrl Pts',(19.5243281870617,8.40446577171653,41.9887566479882));
#4335=CARTESIAN_POINT('Ctrl Pts',(31.6553108203935,8.5567329723191,33.8105864219181));
#4336=CARTESIAN_POINT('Ctrl Pts',(41.0921412487653,8.70899871505707,22.371892934568));
#4337=CARTESIAN_POINT('Ctrl Pts',(44.6727176517564,8.83070185271143,11.0736306625311));
#4338=CARTESIAN_POINT('Ctrl Pts',(45.347934565385,8.89127978019855,5.32017517574644));
#4339=CARTESIAN_POINT('Origin',(1.11022302462516E-15,7.911,-1.0547118733939E-14));
#4340=CARTESIAN_POINT('Origin',(1.11022302462516E-15,7.911,-1.0547118733939E-14));
#4341=CARTESIAN_POINT('',(46.7106629742856,1.36457595785145,6.65422268677308));
#4342=CARTESIAN_POINT('',(46.7106629742856,5.,6.65422268677308));
#4343=CARTESIAN_POINT('',(34.9975013810196,1.36457595785148,-31.6439506406515));
#4344=CARTESIAN_POINT('Origin',(1.11022302462516E-15,1.36457595785104,-1.16573417585641E-14));
#4345=CARTESIAN_POINT('',(34.9975013810536,5.17321853953908,-31.6439506406146));
#4346=CARTESIAN_POINT('',(34.9975013810196,5.00000000000001,-31.6439506406515));
#4347=CARTESIAN_POINT('',(5.33391475452806,5.51813276762187,-46.879783152804));
#4348=CARTESIAN_POINT('Ctrl Pts',(5.33391475451794,5.51813276762197,-46.8797831528052));
#4349=CARTESIAN_POINT('Ctrl Pts',(10.1716534011394,5.46886099412719,-46.3293521608015));
#4350=CARTESIAN_POINT('Ctrl Pts',(21.2623129816189,5.35388747737742,-43.2877054673864));
#4351=CARTESIAN_POINT('Ctrl Pts',(30.6435355207787,5.23891405225471,-36.4593394413923));
#4352=CARTESIAN_POINT('Ctrl Pts',(34.9975013810536,5.17321853953908,-31.6439506406146));
#4353=CARTESIAN_POINT('',(5.33391475451797,5.59025204026116,-46.8797831528052));
#4354=CARTESIAN_POINT('',(5.33391475451797,7.91100000000001,-46.8797831528052));
#4355=CARTESIAN_POINT('',(46.9114975817327,4.94552007351498,-5.04738642285157));
#4356=CARTESIAN_POINT('Ctrl Pts',(46.9114975817327,4.94552007351499,-5.04738642285156));
#4357=CARTESIAN_POINT('Ctrl Pts',(46.2624142943483,5.00692104721369,-11.0801064318882));
#4358=CARTESIAN_POINT('Ctrl Pts',(42.6096506570374,5.12972617750029,-22.889915818723));
#4359=CARTESIAN_POINT('Ctrl Pts',(30.8629402067177,5.31393921751779,-37.2437391800324));
#4360=CARTESIAN_POINT('Ctrl Pts',(17.2937638538941,5.46744918108637,-44.6384593554314));
#4361=CARTESIAN_POINT('Ctrl Pts',(8.34823748326715,5.55955153376854,-46.5368178189992));
#4362=CARTESIAN_POINT('Ctrl Pts',(5.33391475451796,5.59025204026134,-46.8797831528052));
#4363=CARTESIAN_POINT('',(46.9165718596484,4.75595068973577,-5.00000000000001));
#4364=CARTESIAN_POINT('Ctrl Pts',(46.9165718596458,4.75595068973138,-5.00000000000001));
#4365=CARTESIAN_POINT('Ctrl Pts',(46.9165718596475,4.77639042607591,-5.00000000000001));
#4366=CARTESIAN_POINT('Ctrl Pts',(46.9163959352866,4.79681386501699,-5.00165678527248));
#4367=CARTESIAN_POINT('Ctrl Pts',(46.9160567442457,4.81700138028565,-5.00483700927046));
#4368=CARTESIAN_POINT('Ctrl Pts',(46.9157090091928,4.83769740654851,-5.00809734113934));
#4369=CARTESIAN_POINT('Ctrl Pts',(46.9151904073641,4.85814674155,-5.01295926419444));
#4370=CARTESIAN_POINT('Ctrl Pts',(46.9145111734373,4.87810681211092,-5.01933222847416));
#4371=CARTESIAN_POINT('Ctrl Pts',(46.914177134118,4.887922941902,-5.02246637794186));
#4372=CARTESIAN_POINT('Ctrl Pts',(46.913804124428,4.89762053040642,-5.02596674054967));
#4373=CARTESIAN_POINT('Ctrl Pts',(46.9133922217606,4.90716874180021,-5.02982658809066));
#4374=CARTESIAN_POINT('Ctrl Pts',(46.9128273177307,4.92026363902069,-5.03512017709403));
#4375=CARTESIAN_POINT('Ctrl Pts',(46.9121907412491,4.93306407859125,-5.04108404627487));
#4376=CARTESIAN_POINT('Ctrl Pts',(46.9114798633021,4.9454892498323,-5.04770600384987));
#4377=CARTESIAN_POINT('',(46.9165718596585,4.292,-5.00000000000001));
#4378=CARTESIAN_POINT('',(46.9165718596585,7.911,-5.00000000000001));
#4379=CARTESIAN_POINT('Origin',(1.11022302462516E-15,4.292,-1.11022302462516E-14));
#4380=CARTESIAN_POINT('Ctrl Pts',(45.1992820845753,5.7429474048812,-5.00000000000001));
#4381=CARTESIAN_POINT('Ctrl Pts',(45.7717363211063,5.41399080221868,-5.00000000000001));
#4382=CARTESIAN_POINT('Ctrl Pts',(46.3441653658662,5.0849903609242,-5.00000000000001));
#4383=CARTESIAN_POINT('Ctrl Pts',(46.9165718596585,4.7559506897241,-5.00000000000001));
#4384=CARTESIAN_POINT('Ctrl Pts',(45.2396398844259,5.81317853359094,-5.00000000000001));
#4385=CARTESIAN_POINT('Ctrl Pts',(45.8120821760406,5.48419281577661,-5.00000110526738));
#4386=CARTESIAN_POINT('Ctrl Pts',(46.3845001281285,5.15516527074162,-4.99999897655619));
#4387=CARTESIAN_POINT('Ctrl Pts',(46.9568953947319,4.82609862430142,-5.00000000000001));
#4388=CARTESIAN_POINT('Ctrl Pts',(45.319958321218,5.95294964333941,-5.06943232578289));
#4389=CARTESIAN_POINT('Ctrl Pts',(45.8923782417805,5.62390850431361,-5.0693761332435));
#4390=CARTESIAN_POINT('Ctrl Pts',(46.4647732988179,5.2948254345294,-5.06932303937293));
#4391=CARTESIAN_POINT('Ctrl Pts',(47.037147518453,4.96570743375288,-5.06927090105903));
#4392=CARTESIAN_POINT('Ctrl Pts',(45.3505582725626,6.00620004671495,-5.23385829633114));
#4393=CARTESIAN_POINT('Ctrl Pts',(45.9230043107138,5.67719795042259,-5.23370162905115));
#4394=CARTESIAN_POINT('Ctrl Pts',(46.4954267869724,5.34815683441292,-5.23355130339821));
#4395=CARTESIAN_POINT('Ctrl Pts',(47.0678250912442,5.01907498610743,-5.23340582011967));
#4396=CARTESIAN_POINT('Ctrl Pts',(45.3485725083393,6.00274439592948,-5.31476119285975));
#4397=CARTESIAN_POINT('Ctrl Pts',(45.9210445634211,5.67378805769928,-5.31457632719506));
#4398=CARTESIAN_POINT('Ctrl Pts',(46.4934904242841,5.34478786612422,-5.31439836728747));
#4399=CARTESIAN_POINT('Ctrl Pts',(47.0659128692375,5.01574843192549,-5.31422659498947));
#4400=CARTESIAN_POINT('',(46.7310379129725,5.20823493559102,-5.31432779515927));
#4401=CARTESIAN_POINT('',(45.3485686956603,6.00274439592948,-5.31475998154572));
#4402=CARTESIAN_POINT('Ctrl Pts',(46.7310379154935,5.20823493974101,-5.3143277945221));
#4403=CARTESIAN_POINT('Ctrl Pts',(46.2702321212801,5.47309823952158,-5.31446803531446));
#4404=CARTESIAN_POINT('Ctrl Pts',(45.809410802001,5.73793552665194,-5.31461237655209));
#4405=CARTESIAN_POINT('Ctrl Pts',(45.3485725083393,6.00274439592948,-5.31476119285975));
#4406=CARTESIAN_POINT('',(45.3843554003113,5.63659436353087,-5.00000000000001));
#4407=CARTESIAN_POINT('Ctrl Pts',(45.3843554012307,5.63659436511835,-5.00000000000001));
#4408=CARTESIAN_POINT('Ctrl Pts',(45.384355392885,5.65702518256354,-5.00000005525915));
#4409=CARTESIAN_POINT('Ctrl Pts',(45.3841740424854,5.67744004414371,-5.00165586315058));
#4410=CARTESIAN_POINT('Ctrl Pts',(45.383824091168,5.69761960844294,-5.00483279628537));
#4411=CARTESIAN_POINT('Ctrl Pts',(45.3834648220585,5.71833647315354,-5.00809431833669));
#4412=CARTESIAN_POINT('Ctrl Pts',(45.3829285819054,5.73880661012216,-5.01295947376969));
#4413=CARTESIAN_POINT('Ctrl Pts',(45.3822259968546,5.75878717968214,-5.01933596826089));
#4414=CARTESIAN_POINT('Ctrl Pts',(45.3818814785988,5.76858481338709,-5.02246273384977));
#4415=CARTESIAN_POINT('Ctrl Pts',(45.3814968458645,5.7782645269422,-5.02595366234952));
#4416=CARTESIAN_POINT('Ctrl Pts',(45.3810722445769,5.78779576080395,-5.02980189578483));
#4417=CARTESIAN_POINT('Ctrl Pts',(45.3802184835967,5.80696055328876,-5.03753967625384));
#4418=CARTESIAN_POINT('Ctrl Pts',(45.3792000450408,5.82550318626436,-5.04670808357164));
#4419=CARTESIAN_POINT('Ctrl Pts',(45.3780212274279,5.84315562014589,-5.05727447426778));
#4420=CARTESIAN_POINT('Ctrl Pts',(45.3769691643872,5.85890994300471,-5.06670469400952));
#4421=CARTESIAN_POINT('Ctrl Pts',(45.3757895511916,5.87395555081631,-5.07724934401198));
#4422=CARTESIAN_POINT('Ctrl Pts',(45.3744649179479,5.88806618153983,-5.08890970546121));
#4423=CARTESIAN_POINT('Ctrl Pts',(45.3743053235951,5.88976625738274,-5.09031456816422));
#4424=CARTESIAN_POINT('Ctrl Pts',(45.3741435952092,5.891452710837,-5.09173564984689));
#4425=CARTESIAN_POINT('Ctrl Pts',(45.3739796772935,5.89312510278212,-5.09317297123614));
#4426=CARTESIAN_POINT('Ctrl Pts',(45.3733858893482,5.89918329460939,-5.09837962672075));
#4427=CARTESIAN_POINT('Ctrl Pts',(45.3727634273801,5.90505706742726,-5.10379939303181));
#4428=CARTESIAN_POINT('Ctrl Pts',(45.3721143376925,5.91073369917573,-5.10942337269808));
#4429=CARTESIAN_POINT('Ctrl Pts',(45.3705984172807,5.92399122290794,-5.12255792980848));
#4430=CARTESIAN_POINT('Ctrl Pts',(45.3689469290788,5.93611713934758,-5.13674801130599));
#4431=CARTESIAN_POINT('Ctrl Pts',(45.3672020627972,5.94694103300628,-5.15186276583648));
#4432=CARTESIAN_POINT('Ctrl Pts',(45.3655651533114,5.95709524046102,-5.16604235388213));
#4433=CARTESIAN_POINT('Ctrl Pts',(45.3638461047686,5.96610362855045,-5.1810367392639));
#4434=CARTESIAN_POINT('Ctrl Pts',(45.3620570507757,5.9737859942564,-5.19672987328777));
#4435=CARTESIAN_POINT('Ctrl Pts',(45.3617152979561,5.97525351292941,-5.19972764351891));
#4436=CARTESIAN_POINT('Ctrl Pts',(45.3613709189944,5.97667252002365,-5.20275086167758));
#4437=CARTESIAN_POINT('Ctrl Pts',(45.3610238937216,5.97804157715039,-5.20579863668182));
#4438=CARTESIAN_POINT('Ctrl Pts',(45.3592448069544,5.98506029194925,-5.22142359718064));
#4439=CARTESIAN_POINT('Ctrl Pts',(45.357412920932,5.99072467891293,-5.23760073085291));
#4440=CARTESIAN_POINT('Ctrl Pts',(45.3555297728983,5.99485947344793,-5.25418872212309));
#4441=CARTESIAN_POINT('Ctrl Pts',(45.3553257634853,5.99530741327591,-5.25598576956841));
#4442=CARTESIAN_POINT('Ctrl Pts',(45.3551211287771,5.99573736015151,-5.25778762070524));
#4443=CARTESIAN_POINT('Ctrl Pts',(45.3549158530643,5.99614906049868,-5.2595940809713));
#4444=CARTESIAN_POINT('Ctrl Pts',(45.3530407888569,5.99990968358731,-5.27609495650388));
#4445=CARTESIAN_POINT('Ctrl Pts',(45.3511272441943,6.00212567981401,-5.29287012107378));
#4446=CARTESIAN_POINT('Ctrl Pts',(45.3491572936578,6.00264161193344,-5.3097593496887));
#4447=CARTESIAN_POINT('Ctrl Pts',(45.3489629442971,6.00269251223563,-5.31142558989316));
#4448=CARTESIAN_POINT('Ctrl Pts',(45.3487680261067,6.00272683098946,-5.31309292580143));
#4449=CARTESIAN_POINT('Ctrl Pts',(45.3485725085738,6.00274439579475,-5.31476119285968));
#4450=CARTESIAN_POINT('Ctrl Pts',(45.3843554012205,5.63659436512418,-5.00000000000001));
#4451=CARTESIAN_POINT('Ctrl Pts',(45.895113423578,5.34307988584486,-5.00000000000001));
#4452=CARTESIAN_POINT('Ctrl Pts',(46.4058516178121,5.04953090286778,-5.00000000000001));
#4453=CARTESIAN_POINT('Ctrl Pts',(46.9165718596585,4.7559506897241,-5.00000000000001));
#4454=CARTESIAN_POINT('Ctrl Pts',(46.9114975817327,4.94552007351499,-5.04738642285157));
#4455=CARTESIAN_POINT('Ctrl Pts',(46.9093845123039,4.98209704159933,-5.06702574568019));
#4456=CARTESIAN_POINT('Ctrl Pts',(46.9001886767995,5.01615353495575,-5.09083705086948));
#4457=CARTESIAN_POINT('Ctrl Pts',(46.8711323462732,5.08154660544783,-5.14524338295642));
#4458=CARTESIAN_POINT('Ctrl Pts',(46.8495379634679,5.11242397901824,-5.17693246160132));
#4459=CARTESIAN_POINT('Ctrl Pts',(46.7977268778975,5.16651246449092,-5.243056246565));
#4460=CARTESIAN_POINT('Ctrl Pts',(46.7664501908129,5.18966975170156,-5.27826891331009));
#4461=CARTESIAN_POINT('Ctrl Pts',(46.7319952834903,5.20773692592922,-5.31335488423011));
#4462=CARTESIAN_POINT('Ctrl Pts',(46.7315168944562,5.20798644343151,-5.31384137044272));
#4463=CARTESIAN_POINT('Ctrl Pts',(46.7310379129725,5.20823493559102,-5.31432779515927));
#4464=CARTESIAN_POINT('Origin',(5.29999999999997,5.51813276761957,-46.5817063348061));
#4465=CARTESIAN_POINT('',(5.31432779515924,5.25833516553635,-46.7310379129725));
#4466=CARTESIAN_POINT('Origin',(5.29999999999997,5.51813276762198,-46.5817063348102));
#4467=CARTESIAN_POINT('',(5.,5.51813276761813,-46.5817063348102));
#4468=CARTESIAN_POINT('Origin',(5.29999999999997,5.51813276761957,-46.5817063348061));
#4469=CARTESIAN_POINT('Origin',(5.3,5.51813276762177,-46.5817063348102));
#4470=CARTESIAN_POINT('Ctrl Pts',(5.,5.25979740930973,-46.1322516010663));
#4471=CARTESIAN_POINT('Ctrl Pts',(5.,5.34590639290856,-46.2820714564344));
#4472=CARTESIAN_POINT('Ctrl Pts',(5.,5.43201820584096,-46.4318896856414));
#4473=CARTESIAN_POINT('Ctrl Pts',(5.,5.51813276762199,-46.5817063348103));
#4474=CARTESIAN_POINT('Ctrl Pts',(5.,5.18961226371097,-46.172590523677));
#4475=CARTESIAN_POINT('Ctrl Pts',(5.00000027733977,5.27572855535788,-46.3224073568439));
#4476=CARTESIAN_POINT('Ctrl Pts',(4.99999972815091,5.3618473762513,-46.4722227116222));
#4477=CARTESIAN_POINT('Ctrl Pts',(5.,5.44796910246389,-46.6220363869878));
#4478=CARTESIAN_POINT('Ctrl Pts',(5.0693430284541,5.04993076559806,-46.2528724849732));
#4479=CARTESIAN_POINT('Ctrl Pts',(5.0693289124974,5.13606096921577,-46.4026836549988));
#4480=CARTESIAN_POINT('Ctrl Pts',(5.06931518217833,5.22219414513842,-46.5524930780882));
#4481=CARTESIAN_POINT('Ctrl Pts',(5.06930133842448,5.30832951037093,-46.7023011796332));
#4482=CARTESIAN_POINT('Ctrl Pts',(5.2336083300414,4.99661569613649,-46.2835153288777));
#4483=CARTESIAN_POINT('Ctrl Pts',(5.23356895627914,5.08273610292895,-46.4333330376306));
#4484=CARTESIAN_POINT('Ctrl Pts',(5.23353007684776,5.1688584344435,-46.5831495447472));
#4485=CARTESIAN_POINT('Ctrl Pts',(5.23349145415707,5.25498419679636,-46.7329640487271));
#4486=CARTESIAN_POINT('Ctrl Pts',(5.31446589802436,5.00000000000002,-46.2815701997414));
#4487=CARTESIAN_POINT('Ctrl Pts',(5.31441942192179,5.08610891841928,-46.4313944442819));
#4488=CARTESIAN_POINT('Ctrl Pts',(5.31437339181551,5.1722206671046,-46.5812169991895));
#4489=CARTESIAN_POINT('Ctrl Pts',(5.31432779515923,5.25833516553638,-46.7310379129725));
#4490=CARTESIAN_POINT('',(5.31446589802443,5.,-46.2815701997414));
#4491=CARTESIAN_POINT('',(5.,5.36251164250205,-46.3109596111237));
#4492=CARTESIAN_POINT('Ctrl Pts',(5.,5.36251164245767,-46.3109596111491));
#4493=CARTESIAN_POINT('Ctrl Pts',(5.00000000931933,5.34198103566538,-46.3109596097537));
#4494=CARTESIAN_POINT('Ctrl Pts',(5.00167174111054,5.32146720267305,-46.3108078876417));
#4495=CARTESIAN_POINT('Ctrl Pts',(5.00488689292421,5.3011928587426,-46.3105167638095));
#4496=CARTESIAN_POINT('Ctrl Pts',(5.00610346359707,5.29352131672325,-46.3104066064245));
#4497=CARTESIAN_POINT('Ctrl Pts',(5.00754156521067,5.28588405221917,-46.3102764967507));
#4498=CARTESIAN_POINT('Ctrl Pts',(5.00919614694665,5.27829329057912,-46.3101270106571));
#4499=CARTESIAN_POINT('Ctrl Pts',(5.01357681182339,5.25819601633682,-46.3097312317931));
#4500=CARTESIAN_POINT('Ctrl Pts',(5.01947089612227,5.23842668516078,-46.3091993913416));
#4501=CARTESIAN_POINT('Ctrl Pts',(5.02681451276508,5.21922314687943,-46.3085376804468));
#4502=CARTESIAN_POINT('Ctrl Pts',(5.03007027372494,5.21070934049922,-46.308244313758));
#4503=CARTESIAN_POINT('Ctrl Pts',(5.03361152060485,5.20230704081426,-46.3079252496584));
#4504=CARTESIAN_POINT('Ctrl Pts',(5.03743521832095,5.19403884632388,-46.3075799520751));
#4505=CARTESIAN_POINT('Ctrl Pts',(5.04527933051004,5.17707708574568,-46.3068715924758));
#4506=CARTESIAN_POINT('Ctrl Pts',(5.05430025224671,5.16069792089807,-46.3060522434318));
#4507=CARTESIAN_POINT('Ctrl Pts',(5.06448498186545,5.14511583295242,-46.305119591125));
#4508=CARTESIAN_POINT('Ctrl Pts',(5.07316467455087,5.13183637047985,-46.3043247604609));
#4509=CARTESIAN_POINT('Ctrl Pts',(5.08269023281982,5.11913591850684,-46.3034475802557));
#4510=CARTESIAN_POINT('Ctrl Pts',(5.09306663620858,5.10717073313598,-46.302473112801));
#4511=CARTESIAN_POINT('Ctrl Pts',(5.09621826904539,5.10353653834801,-46.3021771370651));
#4512=CARTESIAN_POINT('Ctrl Pts',(5.09944847387447,5.09997035968827,-46.3018720794305));
#4513=CARTESIAN_POINT('Ctrl Pts',(5.10275531600901,5.09647502986894,-46.3015584096867));
#4514=CARTESIAN_POINT('Ctrl Pts',(5.11534506450328,5.08316767453125,-46.3003642120129));
#4515=CARTESIAN_POINT('Ctrl Pts',(5.12900288456509,5.07092985192058,-46.2990520932496));
#4516=CARTESIAN_POINT('Ctrl Pts',(5.14360765953966,5.05992732562271,-46.2976593520696));
#4517=CARTESIAN_POINT('Ctrl Pts',(5.1542388175612,5.05191832884511,-46.2966455431206));
#4518=CARTESIAN_POINT('Ctrl Pts',(5.16537196141399,5.04456462152506,-46.2955885893427));
#4519=CARTESIAN_POINT('Ctrl Pts',(5.17695724246735,5.03794514336658,-46.2944942538118));
#4520=CARTESIAN_POINT('Ctrl Pts',(5.19242373435256,5.02910805907394,-46.2930333024953));
#4521=CARTESIAN_POINT('Ctrl Pts',(5.20856115906152,5.02165488779584,-46.2915194646575));
#4522=CARTESIAN_POINT('Ctrl Pts',(5.22522013122773,5.0157437671424,-46.2899660971332));
#4523=CARTESIAN_POINT('Ctrl Pts',(5.24082400932526,5.01020702662949,-46.2885111119607));
#4524=CARTESIAN_POINT('Ctrl Pts',(5.25688636113193,5.00602317080804,-46.2870214574994));
#4525=CARTESIAN_POINT('Ctrl Pts',(5.27327199800184,5.00336080376703,-46.2854858940892));
#4526=CARTESIAN_POINT('Ctrl Pts',(5.2764879999184,5.00283826213044,-46.2851845097176));
#4527=CARTESIAN_POINT('Ctrl Pts',(5.2797163915363,5.00237445817193,-46.2848812836952));
#4528=CARTESIAN_POINT('Ctrl Pts',(5.2829560449693,5.00197085876613,-46.2845760206126));
#4529=CARTESIAN_POINT('Ctrl Pts',(5.28923210115022,5.00118898113702,-46.2839846461658));
#4530=CARTESIAN_POINT('Ctrl Pts',(5.29553236416457,5.00063548617504,-46.2833877583198));
#4531=CARTESIAN_POINT('Ctrl Pts',(5.30184818916778,5.0003179511273,-46.2827840661315));
#4532=CARTESIAN_POINT('Ctrl Pts',(5.30432717601396,5.00019331733739,-46.2825471145071));
#4533=CARTESIAN_POINT('Ctrl Pts',(5.30680784103741,5.00010508060618,-46.2823091785223));
#4534=CARTESIAN_POINT('Ctrl Pts',(5.30928965028953,5.00005367131482,-46.2820701636561));
#4535=CARTESIAN_POINT('Ctrl Pts',(5.31101474509418,5.00001793694024,-46.2819040254634));
#4536=CARTESIAN_POINT('Ctrl Pts',(5.31274022121723,5.00000000000003,-46.2817373822956));
#4537=CARTESIAN_POINT('Ctrl Pts',(5.31446589802436,5.00000000000003,-46.2815701997414));
#4538=CARTESIAN_POINT('Ctrl Pts',(5.,5.36251164245767,-46.3109596111491));
#4539=CARTESIAN_POINT('Ctrl Pts',(5.,5.41438434162569,-46.4012090991155));
#4540=CARTESIAN_POINT('Ctrl Pts',(5.,5.46625805587829,-46.4914580036418));
#4541=CARTESIAN_POINT('Ctrl Pts',(5.,5.51813276762199,-46.5817063348103));
#4542=CARTESIAN_POINT('Ctrl Pts',(5.31432779515923,5.25833516553638,-46.7310379129725));
#4543=CARTESIAN_POINT('Ctrl Pts',(5.31437339181551,5.1722206671046,-46.5812169991895));
#4544=CARTESIAN_POINT('Ctrl Pts',(5.31441942192179,5.08610891841928,-46.4313944442819));
#4545=CARTESIAN_POINT('Ctrl Pts',(5.31446589802436,5.00000000000002,-46.2815701997414));
#4546=CARTESIAN_POINT('Origin',(5.30000000000876,5.59025204026125,-46.5817063348093));
#4547=CARTESIAN_POINT('',(5.3195856067632,5.85004964234697,-46.7304396866795));
#4548=CARTESIAN_POINT('',(5.,5.59025204027019,-46.5817063347948));
#4549=CARTESIAN_POINT('Origin',(5.29999999999998,5.59025204026134,-46.5817063348103));
#4550=CARTESIAN_POINT('Origin',(5.30000000000876,5.59025204026125,-46.5817063348093));
#4551=CARTESIAN_POINT('Origin',(5.3,5.59025204027554,-46.5817063348102));
#4552=CARTESIAN_POINT('Ctrl Pts',(5.31958560676321,5.85004964234697,-46.7304396866795));
#4553=CARTESIAN_POINT('Ctrl Pts',(8.32430570141178,5.81934913585417,-46.3883957026081));
#4554=CARTESIAN_POINT('Ctrl Pts',(17.241285208006,5.727246783172,-44.4955710245082));
#4555=CARTESIAN_POINT('Ctrl Pts',(30.7669065570429,5.57373681960341,-37.1235998706667));
#4556=CARTESIAN_POINT('Ctrl Pts',(42.4754658985491,5.38952377958592,-22.8147527267928));
#4557=CARTESIAN_POINT('Ctrl Pts',(46.1159540808424,5.26671864929932,-11.0422852922798));
#4558=CARTESIAN_POINT('Ctrl Pts',(46.7626354447609,5.20531767560061,-5.02870864123837));
#4559=CARTESIAN_POINT('Ctrl Pts',(5.32514160275432,5.82013179924169,-46.7819665718694));
#4560=CARTESIAN_POINT('Ctrl Pts',(8.33318392373202,5.78943129274888,-46.4395642121349));
#4561=CARTESIAN_POINT('Ctrl Pts',(17.2599896648981,5.69732894006672,-44.5447135685581));
#4562=CARTESIAN_POINT('Ctrl Pts',(30.8005682362689,5.54381897649813,-37.1647147944606));
#4563=CARTESIAN_POINT('Ctrl Pts',(42.5221236440388,5.35960593648064,-22.8401597568029));
#4564=CARTESIAN_POINT('Ctrl Pts',(46.1666950804559,5.23680080619404,-11.0547726136647));
#4565=CARTESIAN_POINT('Ctrl Pts',(46.8141301245031,5.17539983249533,-5.03455560173689));
#4566=CARTESIAN_POINT('Ctrl Pts',(5.33273295727122,5.73989265369296,-46.8559155561562));
#4567=CARTESIAN_POINT('Ctrl Pts',(8.34551833329071,5.70919214720015,-46.5130265416829));
#4568=CARTESIAN_POINT('Ctrl Pts',(17.2864653531957,5.61708979451799,-44.6153382463396));
#4569=CARTESIAN_POINT('Ctrl Pts',(30.8485428099796,5.46357983094941,-37.2239153446353));
#4570=CARTESIAN_POINT('Ctrl Pts',(42.5888520128387,5.2793667909319,-22.8769728852086));
#4571=CARTESIAN_POINT('Ctrl Pts',(46.2393894510148,5.15656166064531,-11.0730063344677));
#4572=CARTESIAN_POINT('Ctrl Pts',(46.88794927207,5.0951606869466,-5.04331998379995));
#4573=CARTESIAN_POINT('Ctrl Pts',(5.33436888300644,5.63513059477537,-46.8797314827145));
#4574=CARTESIAN_POINT('Ctrl Pts',(8.3486904687128,5.60443008828257,-46.5367367155312));
#4575=CARTESIAN_POINT('Ctrl Pts',(17.2941956405095,5.51232773560041,-44.6382918854175));
#4576=CARTESIAN_POINT('Ctrl Pts',(30.8633015685066,5.35881777203182,-37.2434419733863));
#4577=CARTESIAN_POINT('Ctrl Pts',(42.6098732499294,5.17460473201433,-22.8895006160066));
#4578=CARTESIAN_POINT('Ctrl Pts',(46.2625211305585,5.05179960172772,-11.0796626390562));
#4579=CARTESIAN_POINT('Ctrl Pts',(46.9115464761988,4.99039862802902,-5.04693198714268));
#4580=CARTESIAN_POINT('Ctrl Pts',(5.33391475451796,5.59025204026134,-46.8797831528052));
#4581=CARTESIAN_POINT('Ctrl Pts',(8.34823748326715,5.55955153376854,-46.5368178189992));
#4582=CARTESIAN_POINT('Ctrl Pts',(17.2937638538941,5.46744918108637,-44.6384593554314));
#4583=CARTESIAN_POINT('Ctrl Pts',(30.8629402067177,5.31393921751779,-37.2437391800324));
#4584=CARTESIAN_POINT('Ctrl Pts',(42.6096506570374,5.12972617750029,-22.889915818723));
#4585=CARTESIAN_POINT('Ctrl Pts',(46.2624142943483,5.00692104721369,-11.0801064318882));
#4586=CARTESIAN_POINT('Ctrl Pts',(46.9114975817327,4.94552007351499,-5.04738642285156));
#4587=CARTESIAN_POINT('Ctrl Pts',(5.31958560676321,5.85004964234697,-46.7304396866795));
#4588=CARTESIAN_POINT('Ctrl Pts',(8.32430570141178,5.81934913585417,-46.3883957026081));
#4589=CARTESIAN_POINT('Ctrl Pts',(17.241285208006,5.727246783172,-44.4955710245082));
#4590=CARTESIAN_POINT('Ctrl Pts',(30.7669065570429,5.57373681960341,-37.1235998706667));
#4591=CARTESIAN_POINT('Ctrl Pts',(42.4136554377149,5.39049625558088,-22.8902903237056));
#4592=CARTESIAN_POINT('Ctrl Pts',(46.0580375806187,5.2686635450836,-11.2285887690131));
#4593=CARTESIAN_POINT('Ctrl Pts',(46.7310279529622,5.2082349445243,-5.31432666153585));
#4594=CARTESIAN_POINT('Origin',(5.3,7.91100000000001,-46.5817063348102));
#4595=CARTESIAN_POINT('',(5.,7.91100000000001,-46.5817063348102));
#4596=CARTESIAN_POINT('Ctrl Pts',(5.,5.59025204026135,-46.5817063348102));
#4597=CARTESIAN_POINT('Ctrl Pts',(5.,5.85404659088746,-46.1209274252073));
#4598=CARTESIAN_POINT('Ctrl Pts',(5.,6.11779171934127,-45.6601202212123));
#4599=CARTESIAN_POINT('Ctrl Pts',(5.,6.38148278915029,-45.1992820845753));
#4600=CARTESIAN_POINT('Ctrl Pts',(5.,5.66124719373132,-46.622350848298));
#4601=CARTESIAN_POINT('Ctrl Pts',(4.99999882244386,5.92507265798857,-46.1615828752437));
#4602=CARTESIAN_POINT('Ctrl Pts',(5.00000125391871,6.18884861945449,-45.7007863029355));
#4603=CARTESIAN_POINT('Ctrl Pts',(5.,6.45257259029219,-45.2399595898105));
#4604=CARTESIAN_POINT('Ctrl Pts',(5.07090016796308,5.80250786035098,-46.7032221583678));
#4605=CARTESIAN_POINT('Ctrl Pts',(5.07095895575775,6.06639210525065,-46.2424744547507));
#4606=CARTESIAN_POINT('Ctrl Pts',(5.07101842896537,6.33023125575044,-45.7816999405761));
#4607=CARTESIAN_POINT('Ctrl Pts',(5.07108089075652,6.59401777742172,-45.3208943687455));
#4608=CARTESIAN_POINT('Ctrl Pts',(5.23795372223876,5.85468458620682,-46.733093178207));
#4609=CARTESIAN_POINT('Ctrl Pts',(5.23811640742307,6.11852725878482,-46.2723166273874));
#4610=CARTESIAN_POINT('Ctrl Pts',(5.238283300144,6.38231843714889,-45.8115096727766));
#4611=CARTESIAN_POINT('Ctrl Pts',(5.23845599384301,6.64606068897978,-45.3506732649212));
#4612=CARTESIAN_POINT('Ctrl Pts',(5.31958560676321,5.85004964234696,-46.7304396866795));
#4613=CARTESIAN_POINT('Ctrl Pts',(5.31977652082685,6.11384399813495,-46.2696359773309));
#4614=CARTESIAN_POINT('Ctrl Pts',(5.31997298324659,6.37758892326332,-45.8088028850463));
#4615=CARTESIAN_POINT('Ctrl Pts',(5.32017550494342,6.64127978019856,-45.347937634228));
#4616=CARTESIAN_POINT('',(5.,6.27558019788058,-45.384355400304));
#4617=CARTESIAN_POINT('',(5.32017550494339,6.64127978019855,-45.347937634228));
#4618=CARTESIAN_POINT('Ctrl Pts',(5.32017550494332,6.6412797800644,-45.3479376344625));
#4619=CARTESIAN_POINT('Ctrl Pts',(5.3028993052732,6.64146167979692,-45.34996446124));
#4620=CARTESIAN_POINT('Ctrl Pts',(5.28573912941696,6.63984401838692,-45.3519250372087));
#4621=CARTESIAN_POINT('Ctrl Pts',(5.26886814852705,6.63661724717187,-45.3538444163833));
#4622=CARTESIAN_POINT('Ctrl Pts',(5.25199716763714,6.63339047595682,-45.355763795558));
#4623=CARTESIAN_POINT('Ctrl Pts',(5.23541417177689,6.62855409691775,-45.3576416928396));
#4624=CARTESIAN_POINT('Ctrl Pts',(5.21927411891529,6.62225276086574,-45.3594769496607));
#4625=CARTESIAN_POINT('Ctrl Pts',(5.20318051302298,6.61596955845707,-45.3613069250791));
#4626=CARTESIAN_POINT('Ctrl Pts',(5.18769355223935,6.60829596919538,-45.3630731504112));
#4627=CARTESIAN_POINT('Ctrl Pts',(5.17293603091375,6.59941670517224,-45.3647701287165));
#4628=CARTESIAN_POINT('Ctrl Pts',(5.15721731461242,6.5899591120531,-45.3665776355438));
#4629=CARTESIAN_POINT('Ctrl Pts',(5.1423250602707,6.5791336041077,-45.3683065421351));
#4630=CARTESIAN_POINT('Ctrl Pts',(5.12839262452684,6.56711482638026,-45.3699224184294));
#4631=CARTESIAN_POINT('Ctrl Pts',(5.12616922345629,6.56519681550569,-45.3701802872722));
#4632=CARTESIAN_POINT('Ctrl Pts',(5.12397025781976,6.56324832229546,-45.3704352242914));
#4633=CARTESIAN_POINT('Ctrl Pts',(5.12179626710571,6.5612699535854,-45.3706870306486));
#4634=CARTESIAN_POINT('Ctrl Pts',(5.1124009477151,6.55272005234468,-45.3717752602969));
#4635=CARTESIAN_POINT('Ctrl Pts',(5.10350459877908,6.54364265415794,-45.3728011838926));
#4636=CARTESIAN_POINT('Ctrl Pts',(5.09514390216564,6.53409017950062,-45.3737559513662));
#4637=CARTESIAN_POINT('Ctrl Pts',(5.08288882389084,6.52008819736251,-45.3751554460092));
#4638=CARTESIAN_POINT('Ctrl Pts',(5.07178278273729,6.5050678612064,-45.3764034166623));
#4639=CARTESIAN_POINT('Ctrl Pts',(5.06182418910915,6.48927356236575,-45.3775173712642));
#4640=CARTESIAN_POINT('Ctrl Pts',(5.05455126211455,6.47773872253913,-45.3783309108861));
#4641=CARTESIAN_POINT('Ctrl Pts',(5.0478906958697,6.46578991505394,-45.3790723048259));
#4642=CARTESIAN_POINT('Ctrl Pts',(5.0418499620826,6.45350903907918,-45.3797407657612));
#4643=CARTESIAN_POINT('Ctrl Pts',(5.03276976749784,6.43504890700709,-45.3807455700744));
#4644=CARTESIAN_POINT('Ctrl Pts',(5.02510446522686,6.41586952704467,-45.3815894173207));
#4645=CARTESIAN_POINT('Ctrl Pts',(5.01890151104766,6.39622210487965,-45.3822731210768));
#4646=CARTESIAN_POINT('Ctrl Pts',(5.01586512915984,6.38660457828172,-45.3826077980133));
#4647=CARTESIAN_POINT('Ctrl Pts',(5.01317972642006,6.37687438160677,-45.3829038047457));
#4648=CARTESIAN_POINT('Ctrl Pts',(5.01085452932998,6.36705870989492,-45.3831599386106));
#4649=CARTESIAN_POINT('Ctrl Pts',(5.00614104842195,6.34716104985966,-45.3836791557071));
#4650=CARTESIAN_POINT('Ctrl Pts',(5.00290560458004,6.32691583635035,-45.3840360240902));
#4651=CARTESIAN_POINT('Ctrl Pts',(5.0012585027921,6.30654247126564,-45.3842171993115));
#4652=CARTESIAN_POINT('Ctrl Pts',(5.00042600254869,6.29624509224743,-45.3843087713181));
#4653=CARTESIAN_POINT('Ctrl Pts',(5.00000003537334,6.28591486292123,-45.3843553960843));
#4654=CARTESIAN_POINT('Ctrl Pts',(5.,6.27558019974351,-45.3843554013812));
#4655=CARTESIAN_POINT('Ctrl Pts',(5.32017550494342,6.64127978019856,-45.347937634228));
#4656=CARTESIAN_POINT('Ctrl Pts',(5.31997298324659,6.37758892326332,-45.8088028850463));
#4657=CARTESIAN_POINT('Ctrl Pts',(5.31977652082685,6.11384399813495,-46.2696359773309));
#4658=CARTESIAN_POINT('Ctrl Pts',(5.31958560676321,5.85004964234696,-46.7304396866795));
#4659=CARTESIAN_POINT('Ctrl Pts',(5.,5.59025204026135,-46.5817063348102));
#4660=CARTESIAN_POINT('Ctrl Pts',(5.,5.81873284000901,-46.1826111544017));
#4661=CARTESIAN_POINT('Ctrl Pts',(5.,6.04717656403516,-45.7834947479936));
#4662=CARTESIAN_POINT('Ctrl Pts',(5.,6.27558019975446,-45.384355401362));
#4663=CARTESIAN_POINT('Ctrl Pts',(34.8844645238231,4.91342086462819,-31.545302649114));
#4664=CARTESIAN_POINT('Ctrl Pts',(30.5440702792277,4.97911640161627,-36.3451402264926));
#4665=CARTESIAN_POINT('Ctrl Pts',(21.192288819259,5.09408985101537,-43.1512730649451));
#4666=CARTESIAN_POINT('Ctrl Pts',(10.1367167420414,5.20906339204157,-46.182628188643));
#4667=CARTESIAN_POINT('Ctrl Pts',(5.31432779515923,5.25833516553635,-46.7310379129725));
#4668=CARTESIAN_POINT('Ctrl Pts',(34.9231099005064,4.94333870773348,-31.579834139812));
#4669=CARTESIAN_POINT('Ctrl Pts',(30.5779510751985,5.00903424472155,-36.3850034455295));
#4670=CARTESIAN_POINT('Ctrl Pts',(21.2159256619098,5.12400769412065,-43.1986785825521));
#4671=CARTESIAN_POINT('Ctrl Pts',(10.1482030422364,5.23898123514685,-46.233448839799));
#4672=CARTESIAN_POINT('Ctrl Pts',(5.32048927165279,5.28825300864163,-46.7824959074558));
#4673=CARTESIAN_POINT('Ctrl Pts',(34.9787946951393,5.02357783766073,-31.6290813652587));
#4674=CARTESIAN_POINT('Ctrl Pts',(30.6268770671575,5.0892733746488,-36.4418937882931));
#4675=CARTESIAN_POINT('Ctrl Pts',(21.2501692766992,5.2042468240479,-43.2665131418865));
#4676=CARTESIAN_POINT('Ctrl Pts',(10.1650113895597,5.3192203650741,-46.3062640932453));
#4677=CARTESIAN_POINT('Ctrl Pts',(5.32970451792333,5.36849213856889,-46.8562601589851));
#4678=CARTESIAN_POINT('Ctrl Pts',(34.9971996699247,5.12833991219979,-31.6442843264755));
#4679=CARTESIAN_POINT('Ctrl Pts',(30.6431831752425,5.19403544918787,-36.4596369040055));
#4680=CARTESIAN_POINT('Ctrl Pts',(21.2618966716183,5.30900889858696,-43.2879098034412));
#4681=CARTESIAN_POINT('Ctrl Pts',(10.1712080970487,5.42398243961316,-46.3294502737263));
#4682=CARTESIAN_POINT('Ctrl Pts',(5.33346062602946,5.47325421310795,-46.8798348228958));
#4683=CARTESIAN_POINT('Ctrl Pts',(34.9975062075425,5.17321846671382,-31.6439453026251));
#4684=CARTESIAN_POINT('Ctrl Pts',(30.6435394824312,5.2389140037019,-36.4593365578006));
#4685=CARTESIAN_POINT('Ctrl Pts',(21.2623153233894,5.353887453101,-43.2877048251488));
#4686=CARTESIAN_POINT('Ctrl Pts',(10.1716534011394,5.46886099412719,-46.3293521608015));
#4687=CARTESIAN_POINT('Ctrl Pts',(5.33391475451794,5.51813276762197,-46.8797831528052));
#4688=CARTESIAN_POINT('',(28.6236750116409,5.00000000007532,-37.319126639751));
#4689=CARTESIAN_POINT('Ctrl Pts',(28.6236750234917,5.00000000000001,-37.3191266308258));
#4690=CARTESIAN_POINT('Ctrl Pts',(29.2542384357002,5.00000000000001,-36.8528619361642));
#4691=CARTESIAN_POINT('Ctrl Pts',(29.8730768199877,5.00142583092235,-36.3708653912664));
#4692=CARTESIAN_POINT('Ctrl Pts',(31.6085875139801,5.01131061785391,-34.9480453558968));
#4693=CARTESIAN_POINT('Ctrl Pts',(32.6788568997482,5.02148754616424,-33.9822986485769));
#4694=CARTESIAN_POINT('Ctrl Pts',(34.0081582757811,5.06645073270067,-32.6719990802616));
#4695=CARTESIAN_POINT('Ctrl Pts',(34.3290335616751,5.07981250083215,-32.3456177932612));
#4696=CARTESIAN_POINT('Ctrl Pts',(34.6933026366992,5.10933494839494,-31.9659658022623));
#4697=CARTESIAN_POINT('Ctrl Pts',(34.8452615146383,5.12298029224166,-31.8059838291046));
#4698=CARTESIAN_POINT('Ctrl Pts',(34.9514519108724,5.14688255186211,-31.6930629944095));
#4699=CARTESIAN_POINT('Ctrl Pts',(34.9712982509678,5.15244016402527,-31.6719116130162));
#4700=CARTESIAN_POINT('Ctrl Pts',(34.987375385976,5.1607585111493,-31.6547596727963));
#4701=CARTESIAN_POINT('Ctrl Pts',(34.9908950944509,5.16292140234124,-31.6510032881742));
#4702=CARTESIAN_POINT('Ctrl Pts',(34.9944710756555,5.16636907561702,-31.647185980732));
#4703=CARTESIAN_POINT('Ctrl Pts',(34.9954838781776,5.16752158254277,-31.6461047162704));
#4704=CARTESIAN_POINT('Ctrl Pts',(34.9966467184591,5.1695372593092,-31.6448631889845));
#4705=CARTESIAN_POINT('Ctrl Pts',(34.9969994801771,5.17031842503635,-31.6444865393634));
#4706=CARTESIAN_POINT('Ctrl Pts',(34.9974039879786,5.17182904437119,-31.6440546329249));
#4707=CARTESIAN_POINT('Ctrl Pts',(34.9975013810535,5.17251184601042,-31.6439506406147));
#4708=CARTESIAN_POINT('Ctrl Pts',(34.9975013810535,5.17321853953908,-31.6439506406147));
#4709=CARTESIAN_POINT('Ctrl Pts',(28.6231272852062,5.00155644658979,-37.3183862985164));
#4710=CARTESIAN_POINT('Ctrl Pts',(25.7432625525134,5.03839457068409,-39.526441903252));
#4711=CARTESIAN_POINT('Ctrl Pts',(18.4182042043021,5.12450767481808,-43.9146784981781));
#4712=CARTESIAN_POINT('Ctrl Pts',(10.1373075985912,5.21062083035256,-46.1852416216425));
#4713=CARTESIAN_POINT('Ctrl Pts',(5.31464484282781,5.25989260384734,-46.7336841392696));
#4714=CARTESIAN_POINT('Origin',(5.,16.18,-60.1127414201234));
#4715=CARTESIAN_POINT('',(5.,5.00000000000001,-46.3109596111237));
#4716=CARTESIAN_POINT('Ctrl Pts',(5.,5.00000000000001,-46.3109596111237));
#4717=CARTESIAN_POINT('Ctrl Pts',(5.,5.12083721416736,-46.3109596111237));
#4718=CARTESIAN_POINT('Ctrl Pts',(5.,5.24167442833471,-46.3109596111238));
#4719=CARTESIAN_POINT('Ctrl Pts',(5.,5.36251164250205,-46.3109596111237));
#4720=CARTESIAN_POINT('',(5.,4.29200000000001,-46.3109596111238));
#4721=CARTESIAN_POINT('Ctrl Pts',(5.,4.29200000000001,-46.3109596111238));
#4722=CARTESIAN_POINT('Ctrl Pts',(5.,4.52800000000001,-46.3109596111238));
#4723=CARTESIAN_POINT('Ctrl Pts',(5.,4.76400000000001,-46.3109596111238));
#4724=CARTESIAN_POINT('Ctrl Pts',(5.,5.00000000000001,-46.3109596111237));
#4725=CARTESIAN_POINT('',(5.,4.29200000000001,-45.3843554003194));
#4726=CARTESIAN_POINT('',(5.,4.29200000000002,-76.1170355029046));
#4727=CARTESIAN_POINT('',(5.,16.18,-45.3843554003194));
#4728=CARTESIAN_POINT('Ctrl Pts',(5.3143277951593,5.25833516553636,-46.7310379129725));
#4729=CARTESIAN_POINT('Ctrl Pts',(8.92634265473973,5.22143014190982,-46.3202738507545));
#4730=CARTESIAN_POINT('Ctrl Pts',(17.2432050412653,5.13531842011457,-44.3812221471281));
#4731=CARTESIAN_POINT('Ctrl Pts',(24.7776304700264,5.04920669831932,-40.2690330003235));
#4732=CARTESIAN_POINT('Ctrl Pts',(28.623675011722,5.0000000001506,-37.3191266398532));
#4733=CARTESIAN_POINT('Ctrl Pts',(5.29751442379475,5.17239736327172,-46.583141957624));
#4734=CARTESIAN_POINT('Ctrl Pts',(8.89809785766222,5.13549233964518,-46.1736774631006));
#4735=CARTESIAN_POINT('Ctrl Pts',(17.1886386419763,5.04938061784993,-44.2407615268491));
#4736=CARTESIAN_POINT('Ctrl Pts',(24.6992184840317,4.96326889605468,-40.1415858288814));
#4737=CARTESIAN_POINT('Ctrl Pts',(28.5330906382439,4.91406219788596,-37.2010149370178));
#4738=CARTESIAN_POINT('Ctrl Pts',(5.28070107860641,5.08645956070676,-46.4352459994737));
#4739=CARTESIAN_POINT('Ctrl Pts',(8.8698530865444,5.04955453708022,-46.0270810706216));
#4740=CARTESIAN_POINT('Ctrl Pts',(17.1340722675924,4.96344281528497,-44.1003008970828));
#4741=CARTESIAN_POINT('Ctrl Pts',(24.6208065206681,4.87733109348972,-40.0141386437195));
#4742=CARTESIAN_POINT('Ctrl Pts',(28.44250628576,4.828124395321,-37.082903218299));
#4743=CARTESIAN_POINT('Ctrl Pts',(5.26388776035357,5.00052175782979,-46.287350038442));
#4744=CARTESIAN_POINT('Ctrl Pts',(8.84160834213934,4.96361673420326,-45.8804846731794));
#4745=CARTESIAN_POINT('Ctrl Pts',(17.0795059188364,4.87750501240801,-43.9598402575556));
#4746=CARTESIAN_POINT('Ctrl Pts',(24.5423945805929,4.79139329061275,-39.8866914444413));
#4747=CARTESIAN_POINT('Ctrl Pts',(28.3519219548804,4.74218659244403,-36.9647914832375));
#4748=CARTESIAN_POINT('Ctrl Pts',(5.31446589674253,5.,-46.2815701031708));
#4749=CARTESIAN_POINT('Ctrl Pts',(6.09636167818028,5.00000000000125,-46.2058175321046));
#4750=CARTESIAN_POINT('Ctrl Pts',(6.8757645805471,5.0000000000027,-46.1102772635665));
#4751=CARTESIAN_POINT('Ctrl Pts',(7.65194467669871,5.00000000000426,-45.9952038608691));
#4752=CARTESIAN_POINT('Ctrl Pts',(8.43354014502878,5.00000000000583,-45.8793275964306));
#4753=CARTESIAN_POINT('Ctrl Pts',(9.21186811066986,5.00000000000752,-45.7436446582791));
#4754=CARTESIAN_POINT('Ctrl Pts',(9.98618347436962,5.00000000000923,-45.5883622068073));
#4755=CARTESIAN_POINT('Ctrl Pts',(10.7609995462793,5.00000000001094,-45.4329793425038));
#4756=CARTESIAN_POINT('Ctrl Pts',(11.531798262956,5.00000000001268,-45.2579715326447));
#4757=CARTESIAN_POINT('Ctrl Pts',(12.2978267514963,5.00000000001433,-45.0634945323144));
#4758=CARTESIAN_POINT('Ctrl Pts',(13.0609130250392,5.00000000001598,-44.8697644926462));
#4759=CARTESIAN_POINT('Ctrl Pts',(13.8192660695102,5.00000000001755,-44.656714424844));
#4760=CARTESIAN_POINT('Ctrl Pts',(14.5721289269078,5.00000000001893,-44.4244483352633));
#4761=CARTESIAN_POINT('Ctrl Pts',(14.9914597148174,5.0000000000197,-44.2950803881112));
#4762=CARTESIAN_POINT('Ctrl Pts',(15.4090870265544,5.0000000000204,-44.1597501998653));
#4763=CARTESIAN_POINT('Ctrl Pts',(15.8248775988813,5.00000000002103,-44.0184691624821));
#4764=CARTESIAN_POINT('Ctrl Pts',(16.572738973396,5.00000000002216,-43.7643541395777));
#4765=CARTESIAN_POINT('Ctrl Pts',(17.3146597431096,5.00000000002303,-43.4909898403113));
#4766=CARTESIAN_POINT('Ctrl Pts',(18.0499506896841,5.00000000002353,-43.1986661395662));
#4767=CARTESIAN_POINT('Ctrl Pts',(18.2851506604814,5.00000000002369,-43.1051595811094));
#4768=CARTESIAN_POINT('Ctrl Pts',(18.5196720793264,5.00000000002382,-43.0097127700846));
#4769=CARTESIAN_POINT('Ctrl Pts',(18.7534918039682,5.0000000000239,-42.9123342310754));
#4770=CARTESIAN_POINT('Ctrl Pts',(18.9011971563196,5.00000000002395,-42.8508196114775));
#4771=CARTESIAN_POINT('Ctrl Pts',(19.0486224897656,5.00000000002398,-42.7885341215678));
#4772=CARTESIAN_POINT('Ctrl Pts',(19.195761905848,5.00000000002399,-42.7254798171053));
#4773=CARTESIAN_POINT('Ctrl Pts',(19.2544181888403,5.000000000024,-42.700343580841));
#4774=CARTESIAN_POINT('Ctrl Pts',(19.3130290340607,5.000000000024,-42.6750851658912));
#4775=CARTESIAN_POINT('Ctrl Pts',(19.3715940655243,5.000000000024,-42.6497046993355));
#4776=CARTESIAN_POINT('Ctrl Pts',(19.4242108364742,5.000000000024,-42.6269020445432));
#4777=CARTESIAN_POINT('Ctrl Pts',(19.4767803257036,5.000000000024,-42.6040053387091));
#4778=CARTESIAN_POINT('Ctrl Pts',(19.5293039706434,5.000000000024,-42.5810140512674));
#4779=CARTESIAN_POINT('Ctrl Pts',(20.2512577496634,5.00000000002388,-42.2649916793982));
#4780=CARTESIAN_POINT('Ctrl Pts',(20.964448702642,5.00000000002297,-41.9311481349967));
#4781=CARTESIAN_POINT('Ctrl Pts',(21.6682679091012,5.00000000002156,-41.5799569528579));
#4782=CARTESIAN_POINT('Ctrl Pts',(22.3789413573396,5.00000000002014,-41.2253456462739));
#4783=CARTESIAN_POINT('Ctrl Pts',(23.0800600362875,5.00000000001819,-40.8530470507831));
#4784=CARTESIAN_POINT('Ctrl Pts',(23.7709855919268,5.00000000001601,-40.4634968536723));
#4785=CARTESIAN_POINT('Ctrl Pts',(24.4636433682059,5.00000000001384,-40.0729700145974));
#4786=CARTESIAN_POINT('Ctrl Pts',(25.1460572467959,5.00000000001143,-39.6651047798218));
#4787=CARTESIAN_POINT('Ctrl Pts',(25.817566556357,5.00000000000906,-39.2402906806064));
#4788=CARTESIAN_POINT('Ctrl Pts',(26.488494939765,5.0000000000067,-38.8158440902503));
#4789=CARTESIAN_POINT('Ctrl Pts',(27.1485380046602,5.00000000000438,-38.3744777430166));
#4790=CARTESIAN_POINT('Ctrl Pts',(27.7970134181982,5.00000000000238,-37.9165338142935));
#4791=CARTESIAN_POINT('Ctrl Pts',(28.0747072420734,5.00000000000152,-37.7204304647559));
#4792=CARTESIAN_POINT('Ctrl Pts',(28.3502794956535,5.00000000000073,-37.5212866035711));
#4793=CARTESIAN_POINT('Ctrl Pts',(28.6236750115633,5.00000000000001,-37.3191266396462));
#4794=CARTESIAN_POINT('Origin',(46.5817063348092,7.87631806086611,-5.3000000000088));
#4795=CARTESIAN_POINT('',(46.7304396866795,7.6165204587804,-5.31958560676321));
#4796=CARTESIAN_POINT('',(46.5817063347948,7.87631806085718,-5.00000000000001));
#4797=CARTESIAN_POINT('Origin',(46.5817063348102,7.87631806086602,-5.29999999999999));
#4798=CARTESIAN_POINT('',(46.8797831528052,7.8763180608662,-5.33391475451798));
#4799=CARTESIAN_POINT('Origin',(46.5817063348092,7.87631806086611,-5.3000000000088));
#4800=CARTESIAN_POINT('Origin',(46.5817063348102,7.87631806085183,-5.30000000000001));
#4801=CARTESIAN_POINT('Origin',(46.5817063348021,7.94843733351009,-5.30000000000002));
#4802=CARTESIAN_POINT('',(46.7310379129725,8.20823493559102,-5.31432779515928));
#4803=CARTESIAN_POINT('',(46.8797831528042,7.94843733350548,-5.33391475452668));
#4804=CARTESIAN_POINT('Origin',(46.5817063348102,7.94843733350539,-5.30000000000002));
#4805=CARTESIAN_POINT('',(46.5817063348102,7.94843733351292,-5.00000000000001));
#4806=CARTESIAN_POINT('Origin',(46.5817063348021,7.94843733351009,-5.30000000000002));
#4807=CARTESIAN_POINT('Origin',(46.5817063348102,7.94843733350557,-5.30000000000001));
#4808=CARTESIAN_POINT('Ctrl Pts',(45.1992820845753,8.7429474048812,-5.00000000000001));
#4809=CARTESIAN_POINT('Ctrl Pts',(45.6601060343569,8.4781383227364,-5.00000000000001));
#4810=CARTESIAN_POINT('Ctrl Pts',(46.1209136520346,8.21330081943486,-5.00000000000001));
#4811=CARTESIAN_POINT('Ctrl Pts',(46.5817063348103,7.94843733350536,-5.00000000000001));
#4812=CARTESIAN_POINT('Ctrl Pts',(45.2396398844259,8.81317853359094,-5.00000000000001));
#4813=CARTESIAN_POINT('Ctrl Pts',(45.7004542185856,8.54834601383594,-5.00000088973694));
#4814=CARTESIAN_POINT('Ctrl Pts',(46.1612528507707,8.28348652031234,-4.99999916387084));
#4815=CARTESIAN_POINT('Ctrl Pts',(46.6220363869878,8.01860099866347,-5.00000000000001));
#4816=CARTESIAN_POINT('Ctrl Pts',(45.3199567111154,8.95294684141943,-5.06943540209377));
#4817=CARTESIAN_POINT('Ctrl Pts',(45.7807530366449,8.68806970775481,-5.06939016726748));
#4818=CARTESIAN_POINT('Ctrl Pts',(46.2415331291614,8.42316517809855,-5.06934708902623));
#4819=CARTESIAN_POINT('Ctrl Pts',(46.7022995219182,8.15823770676906,-5.06930450964327));
#4820=CARTESIAN_POINT('Ctrl Pts',(45.3505582725626,9.00620004671494,-5.23385829633113));
#4821=CARTESIAN_POINT('Ctrl Pts',(45.811375622673,8.74135434233407,-5.2337321796389));
#4822=CARTESIAN_POINT('Ctrl Pts',(46.2721779639322,8.47648383998003,-5.23361024638317));
#4823=CARTESIAN_POINT('Ctrl Pts',(46.7329640487271,8.21158590433102,-5.23349145415711));
#4824=CARTESIAN_POINT('Ctrl Pts',(45.3485725083393,9.00274439592947,-5.31476119285974));
#4825=CARTESIAN_POINT('Ctrl Pts',(45.8094108020011,8.7379355266519,-5.31461237655208));
#4826=CARTESIAN_POINT('Ctrl Pts',(46.270232113477,8.47309822667654,-5.31446803728649));
#4827=CARTESIAN_POINT('Ctrl Pts',(46.7310379129726,8.208234935591,-5.31432779515928));
#4828=CARTESIAN_POINT('',(45.3485686901155,9.00274439592948,-5.31475997858898));
#4829=CARTESIAN_POINT('',(45.3843554003113,8.63659436353087,-5.00000000000001));
#4830=CARTESIAN_POINT('Ctrl Pts',(45.3843554008838,8.63659436451056,-5.00000000000001));
#4831=CARTESIAN_POINT('Ctrl Pts',(45.3843553933396,8.65702487253886,-5.00000005011327));
#4832=CARTESIAN_POINT('Ctrl Pts',(45.3841740103248,8.67743935735613,-5.00165587906377));
#4833=CARTESIAN_POINT('Ctrl Pts',(45.3838240098321,8.69761851795203,-5.0048328308046));
#4834=CARTESIAN_POINT('Ctrl Pts',(45.3834646854394,8.71833524487165,-5.00809441551416));
#4835=CARTESIAN_POINT('Ctrl Pts',(45.3829283676958,8.7388052088442,-5.01295967388519));
#4836=CARTESIAN_POINT('Ctrl Pts',(45.3822257005788,8.75878560272153,-5.01933627665076));
#4837=CARTESIAN_POINT('Ctrl Pts',(45.3818811269747,8.76858357983348,-5.02246323242214));
#4838=CARTESIAN_POINT('Ctrl Pts',(45.3814964343011,8.77826362581408,-5.02595438432086));
#4839=CARTESIAN_POINT('Ctrl Pts',(45.3810717706194,8.78779518095772,-5.0298028693952));
#4840=CARTESIAN_POINT('Ctrl Pts',(45.3802179217109,8.80695977710163,-5.03754081573282));
#4841=CARTESIAN_POINT('Ctrl Pts',(45.3791993995108,8.82550222143181,-5.04670937611824));
#4842=CARTESIAN_POINT('Ctrl Pts',(45.3780205203895,8.84315450696629,-5.05727587293772));
#4843=CARTESIAN_POINT('Ctrl Pts',(45.3769683724798,8.85890914625823,-5.06670645605655));
#4844=CARTESIAN_POINT('Ctrl Pts',(45.3757886848458,8.87395506233453,-5.07725149553868));
#4845=CARTESIAN_POINT('Ctrl Pts',(45.3744640002371,8.88806599950444,-5.08891224550862));
#4846=CARTESIAN_POINT('Ctrl Pts',(45.374304441981,8.88976566183267,-5.09031678279796));
#4847=CARTESIAN_POINT('Ctrl Pts',(45.3741427511564,8.89145170896171,-5.09173753045759));
#4848=CARTESIAN_POINT('Ctrl Pts',(45.373978872333,8.89312370213161,-5.09317450914775));
#4849=CARTESIAN_POINT('Ctrl Pts',(45.3733850771671,8.89918196787513,-5.09838122824772));
#4850=CARTESIAN_POINT('Ctrl Pts',(45.3727626136797,8.90505582121616,-5.10380105112501));
#4851=CARTESIAN_POINT('Ctrl Pts',(45.3721135272709,8.91073253792079,-5.10942508185188));
#4852=CARTESIAN_POINT('Ctrl Pts',(45.3705976491028,8.9239899575854,-5.12255945854045));
#4853=CARTESIAN_POINT('Ctrl Pts',(45.3689462356499,8.936115843518,-5.13674927929654));
#4854=CARTESIAN_POINT('Ctrl Pts',(45.3672014616581,8.94693976206857,-5.15186372326129));
#4855=CARTESIAN_POINT('Ctrl Pts',(45.3655646417835,8.95709397406752,-5.16604299369345));
#4856=CARTESIAN_POINT('Ctrl Pts',(45.363845698643,8.9661024197878,-5.18103701442348));
#4857=CARTESIAN_POINT('Ctrl Pts',(45.3620567530542,8.97378488158259,-5.19672976582057));
#4858=CARTESIAN_POINT('Ctrl Pts',(45.3617149435396,8.9752527510103,-5.1997281419437));
#4859=CARTESIAN_POINT('Ctrl Pts',(45.3613705068019,8.97667208828362,-5.20275197688326));
#4860=CARTESIAN_POINT('Ctrl Pts',(45.3610234225618,8.97804145392098,-5.2058003791734));
#4861=CARTESIAN_POINT('Ctrl Pts',(45.359244436385,8.9850601607893,-5.22142501696738));
#4862=CARTESIAN_POINT('Ctrl Pts',(45.3574126505025,8.99072456529851,-5.23760181365249));
#4863=CARTESIAN_POINT('Ctrl Pts',(45.3555295875969,8.99485938469576,-5.2541894857656));
#4864=CARTESIAN_POINT('Ctrl Pts',(45.355325576669,8.99530735079379,-5.25598659321768));
#4865=CARTESIAN_POINT('Ctrl Pts',(45.3551209402031,8.99573732212974,-5.25778850508103));
#4866=CARTESIAN_POINT('Ctrl Pts',(45.3549156624678,8.996149045063,-5.25959502680718));
#4867=CARTESIAN_POINT('Ctrl Pts',(45.3530406777621,8.99990967795346,-5.27609560151862));
#4868=CARTESIAN_POINT('Ctrl Pts',(45.3511271953686,9.00212568723698,-5.29287049011842));
#4869=CARTESIAN_POINT('Ctrl Pts',(45.3491572750606,9.00264161477992,-5.30975950239867));
#4870=CARTESIAN_POINT('Ctrl Pts',(45.3489629321952,9.00269251371049,-5.3114256911401));
#4871=CARTESIAN_POINT('Ctrl Pts',(45.3487680202083,9.00272683151935,-5.31309297613001));
#4872=CARTESIAN_POINT('Ctrl Pts',(45.3485725085738,9.00274439579474,-5.31476119285966));
#4873=CARTESIAN_POINT('Ctrl Pts',(45.3843554008736,8.63659436451639,-5.00000000000001));
#4874=CARTESIAN_POINT('Ctrl Pts',(45.783484187906,8.4072292353932,-5.00000000000001));
#4875=CARTESIAN_POINT('Ctrl Pts',(46.1826008632742,8.17784303024479,-5.00000000000001));
#4876=CARTESIAN_POINT('Ctrl Pts',(46.5817063348103,7.94843733350536,-5.00000000000001));
#4877=CARTESIAN_POINT('Ctrl Pts',(46.7310379129726,8.208234935591,-5.31432779515928));
#4878=CARTESIAN_POINT('Ctrl Pts',(46.270232113477,8.47309822667654,-5.31446803728649));
#4879=CARTESIAN_POINT('Ctrl Pts',(45.8094108020011,8.7379355266519,-5.31461237655208));
#4880=CARTESIAN_POINT('Ctrl Pts',(45.3485725083393,9.00274439592947,-5.31476119285974));
#4881=CARTESIAN_POINT('Origin',(46.5817063348102,7.911,-5.30000000000001));
#4882=CARTESIAN_POINT('',(46.8797831528052,7.911,-5.33391475451798));
#4883=CARTESIAN_POINT('',(46.5817063348102,7.911,-5.00000000000001));
#4884=CARTESIAN_POINT('Origin',(5.29999999999999,8.51813276761727,-46.5817063348021));
#4885=CARTESIAN_POINT('',(5.31432779515925,8.25833516553636,-46.7310379129725));
#4886=CARTESIAN_POINT('',(5.33391475452664,8.51813276762189,-46.8797831528042));
#4887=CARTESIAN_POINT('Origin',(5.3,8.51813276762198,-46.5817063348102));
#4888=CARTESIAN_POINT('',(5.,8.51813276761444,-46.5817063348102));
#4889=CARTESIAN_POINT('Origin',(5.29999999999999,8.51813276761727,-46.5817063348021));
#4890=CARTESIAN_POINT('Origin',(5.3,8.5181327676218,-46.5817063348102));
#4891=CARTESIAN_POINT('Ctrl Pts',(5.,7.72362269621237,-45.1992820845165));
#4892=CARTESIAN_POINT('Ctrl Pts',(5.,7.98843177836843,-45.6601060343177));
#4893=CARTESIAN_POINT('Ctrl Pts',(5.,8.25326928168126,-46.120913652015));
#4894=CARTESIAN_POINT('Ctrl Pts',(5.,8.51813276762202,-46.5817063348103));
#4895=CARTESIAN_POINT('Ctrl Pts',(5.,7.65339156750262,-45.2396398843671));
#4896=CARTESIAN_POINT('Ctrl Pts',(5.00000088973693,7.91822408726889,-45.7004542185464));
#4897=CARTESIAN_POINT('Ctrl Pts',(4.99999916387083,8.18308358080378,-46.1612528507511));
#4898=CARTESIAN_POINT('Ctrl Pts',(5.,8.44796910246391,-46.6220363869878));
#4899=CARTESIAN_POINT('Ctrl Pts',(5.06943545398961,7.51362330694112,-45.319956683895));
#4900=CARTESIAN_POINT('Ctrl Pts',(5.06939021916332,7.77850044061701,-45.780753009444));
#4901=CARTESIAN_POINT('Ctrl Pts',(5.06934714078679,8.04340497008997,-46.2415331020846));
#4902=CARTESIAN_POINT('Ctrl Pts',(5.06930456140383,8.30833244143072,-46.702299494861));
#4903=CARTESIAN_POINT('Ctrl Pts',(5.23385829633115,7.46037005437861,-45.3505582725038));
#4904=CARTESIAN_POINT('Ctrl Pts',(5.23373217963891,7.72521575877075,-45.8113756226338));
#4905=CARTESIAN_POINT('Ctrl Pts',(5.23361024638315,7.99008626113611,-46.2721779639126));
#4906=CARTESIAN_POINT('Ctrl Pts',(5.23349145415708,8.25498419679637,-46.7329640487271));
#4907=CARTESIAN_POINT('Ctrl Pts',(5.31476119285976,7.46382570516408,-45.3485725082805));
#4908=CARTESIAN_POINT('Ctrl Pts',(5.31461237655209,7.72863457445292,-45.8094108019619));
#4909=CARTESIAN_POINT('Ctrl Pts',(5.31446803728647,7.9934718744396,-46.2702321134574));
#4910=CARTESIAN_POINT('Ctrl Pts',(5.31432779515925,8.2583351655364,-46.7310379129726));
#4911=CARTESIAN_POINT('',(5.31476119285971,7.46382570516409,-45.3485725082805));
#4912=CARTESIAN_POINT('',(5.,7.8299757375965,-45.3843554003113));
#4913=CARTESIAN_POINT('Ctrl Pts',(5.,7.82997573661681,-45.3843554008838));
#4914=CARTESIAN_POINT('Ctrl Pts',(5.00000005011325,7.80954523265063,-45.3843553933396));
#4915=CARTESIAN_POINT('Ctrl Pts',(5.00165587964375,7.78913075301535,-45.3841740097497));
#4916=CARTESIAN_POINT('Ctrl Pts',(5.00483283206969,7.76895159808983,-45.3838240083871));
#4917=CARTESIAN_POINT('Ctrl Pts',(5.00809441823435,7.7482348722169,-45.3834646830183));
#4918=CARTESIAN_POINT('Ctrl Pts',(5.01295967891107,7.72776490992281,-45.3829283639043));
#4919=CARTESIAN_POINT('Ctrl Pts',(5.01933628425006,7.70778451786118,-45.382225695321));
#4920=CARTESIAN_POINT('Ctrl Pts',(5.0224632422183,7.69798653871015,-45.3818811208948));
#4921=CARTESIAN_POINT('Ctrl Pts',(5.02595439659623,7.68830649079402,-45.3814964273521));
#4922=CARTESIAN_POINT('Ctrl Pts',(5.02980288435738,7.67877493378698,-45.3810717627899));
#4923=CARTESIAN_POINT('Ctrl Pts',(5.03754083353827,7.65961034023418,-45.3802179123931));
#4924=CARTESIAN_POINT('Ctrl Pts',(5.04670939665074,7.64106789838942,-45.3791993887656));
#4925=CARTESIAN_POINT('Ctrl Pts',(5.05727589550498,7.62341561470991,-45.3780205085791));
#4926=CARTESIAN_POINT('Ctrl Pts',(5.06670648472605,7.60766096991303,-45.3769683592406));
#4927=CARTESIAN_POINT('Ctrl Pts',(5.07725153077193,7.5926150484719,-45.3757886703514));
#4928=CARTESIAN_POINT('Ctrl Pts',(5.08891228730965,7.57850410597305,-45.3744639848746));
#4929=CARTESIAN_POINT('Ctrl Pts',(5.0903168194519,7.5768044501889,-45.3743044271885));
#4930=CARTESIAN_POINT('Ctrl Pts',(5.09173756182737,7.57511840948934,-45.3741427369576));
#4931=CARTESIAN_POINT('Ctrl Pts',(5.09317453509521,7.57344642262859,-45.3739788587526));
#4932=CARTESIAN_POINT('Ctrl Pts',(5.09838125419725,7.56738815688278,-45.3733850635864));
#4933=CARTESIAN_POINT('Ctrl Pts',(5.10380107687087,7.56151430335207,-45.3727626002064));
#4934=CARTESIAN_POINT('Ctrl Pts',(5.10942510721966,7.55583758629893,-45.3721135139965));
#4935=CARTESIAN_POINT('Ctrl Pts',(5.12255948061194,7.54258016825633,-45.3705976365713));
#4936=CARTESIAN_POINT('Ctrl Pts',(5.1367492967344,7.53045428266682,-45.3689462244075));
#4937=CARTESIAN_POINT('Ctrl Pts',(5.15186373524609,7.51963036348844,-45.3672014519968));
#4938=CARTESIAN_POINT('Ctrl Pts',(5.16604300034893,7.50947615105355,-45.3655646336303));
#4939=CARTESIAN_POINT('Ctrl Pts',(5.18103701500107,7.50046770400687,-45.3638456922583));
#4940=CARTESIAN_POINT('Ctrl Pts',(5.19672976005896,7.49278524025207,-45.362056748482));
#4941=CARTESIAN_POINT('Ctrl Pts',(5.19972814175526,7.49131736712855,-45.3617149385402));
#4942=CARTESIAN_POINT('Ctrl Pts',(5.20275198237391,7.48989802635594,-45.3613705013651));
#4943=CARTESIAN_POINT('Ctrl Pts',(5.20580039044675,7.48852865742758,-45.3610234166755));
#4944=CARTESIAN_POINT('Ctrl Pts',(5.22142502248589,7.48150994959049,-45.3592444322248));
#4945=CARTESIAN_POINT('Ctrl Pts',(5.23760181326167,7.47584554363176,-45.3574126480531));
#4946=CARTESIAN_POINT('Ctrl Pts',(5.25418947985778,7.471710722613,-45.355529586604));
#4947=CARTESIAN_POINT('Ctrl Pts',(5.25598659040353,7.47126275541915,-45.3553255754147));
#4948=CARTESIAN_POINT('Ctrl Pts',(5.25778850538497,7.4708327830593,-45.355120938682));
#4949=CARTESIAN_POINT('Ctrl Pts',(5.2595950302532,7.47042105917605,-45.3549156606739));
#4950=CARTESIAN_POINT('Ctrl Pts',(5.27609559970765,7.46666042534752,-45.3530406773348));
#4951=CARTESIAN_POINT('Ctrl Pts',(5.2928704835206,7.464444415026,-45.3511271960176));
#4952=CARTESIAN_POINT('Ctrl Pts',(5.30975949207672,7.46392848669343,-45.3491572762513));
#4953=CARTESIAN_POINT('Ctrl Pts',(5.31142568424358,7.46387758756909,-45.348962932997));
#4954=CARTESIAN_POINT('Ctrl Pts',(5.3130929726743,7.46384326964439,-45.3487680206133));
#4955=CARTESIAN_POINT('Ctrl Pts',(5.31476119285967,7.46382570533262,-45.3485725085738));
#4956=CARTESIAN_POINT('Ctrl Pts',(5.,7.82997573661099,-45.3843554008737));
#4957=CARTESIAN_POINT('Ctrl Pts',(5.,8.05934086573418,-45.783484187906));
#4958=CARTESIAN_POINT('Ctrl Pts',(5.,8.2887270708826,-46.1826008632742));
#4959=CARTESIAN_POINT('Ctrl Pts',(5.,8.51813276762202,-46.5817063348103));
#4960=CARTESIAN_POINT('Ctrl Pts',(5.31432779515925,8.2583351655364,-46.7310379129726));
#4961=CARTESIAN_POINT('Ctrl Pts',(5.31446803728647,7.9934718744396,-46.2702321134574));
#4962=CARTESIAN_POINT('Ctrl Pts',(5.31461237655209,7.72863457445292,-45.8094108019619));
#4963=CARTESIAN_POINT('Ctrl Pts',(5.31476119285976,7.46382570516408,-45.3485725082805));
#4964=CARTESIAN_POINT('Origin',(5.30000000000877,8.59025204026125,-46.5817063348092));
#4965=CARTESIAN_POINT('',(5.31958560676321,8.85004964234697,-46.7304396866795));
#4966=CARTESIAN_POINT('',(5.,8.59025204027019,-46.5817063347948));
#4967=CARTESIAN_POINT('Origin',(5.29999999999999,8.59025204026135,-46.5817063348102));
#4968=CARTESIAN_POINT('',(5.33391475451797,8.59025204026116,-46.8797831528052));
#4969=CARTESIAN_POINT('Origin',(5.30000000000877,8.59025204026125,-46.5817063348092));
#4970=CARTESIAN_POINT('Origin',(5.3,8.59025204027553,-46.5817063348102));
#4971=CARTESIAN_POINT('Ctrl Pts',(5.3195856067632,8.85004964234697,-46.7304396866795));
#4972=CARTESIAN_POINT('Ctrl Pts',(11.3018335888995,8.78892646373734,-46.0494471585709));
#4973=CARTESIAN_POINT('Ctrl Pts',(20.0716863413279,8.69724080511736,-43.2808891201639));
#4974=CARTESIAN_POINT('Ctrl Pts',(32.6116259142468,8.54442285401029,-34.8242919583292));
#4975=CARTESIAN_POINT('Ctrl Pts',(42.3669572014435,8.39160832050502,-22.9976959115771));
#4976=CARTESIAN_POINT('Ctrl Pts',(46.0507184768206,8.26935811352729,-11.2966522939805));
#4977=CARTESIAN_POINT('Ctrl Pts',(46.7310379129725,8.20823493559102,-5.31432779515927));
#4978=CARTESIAN_POINT('Ctrl Pts',(5.32514160275431,8.82013179924169,-46.7819665718694));
#4979=CARTESIAN_POINT('Ctrl Pts',(11.3140039719641,8.75900862063206,-46.1002605356737));
#4980=CARTESIAN_POINT('Ctrl Pts',(20.0935093034819,8.66732296201208,-43.3287152059122));
#4981=CARTESIAN_POINT('Ctrl Pts',(32.6473416944793,8.514505010905,-34.8628803296979));
#4982=CARTESIAN_POINT('Ctrl Pts',(42.4134909291969,8.36169047739974,-23.0233049003246));
#4983=CARTESIAN_POINT('Ctrl Pts',(46.1013858269483,8.23944027042201,-11.3094193810194));
#4984=CARTESIAN_POINT('Ctrl Pts',(46.7824959074557,8.17831709248574,-5.32048927165283));
#4985=CARTESIAN_POINT('Ctrl Pts',(5.33273291182602,8.73989246061087,-46.8559151741327));
#4986=CARTESIAN_POINT('Ctrl Pts',(11.3310384672758,8.67876928200124,-46.1732402326021));
#4987=CARTESIAN_POINT('Ctrl Pts',(20.1244900618018,8.58708362338126,-43.3974646914397));
#4988=CARTESIAN_POINT('Ctrl Pts',(32.6982634441288,8.43426567227418,-34.9184853305947));
#4989=CARTESIAN_POINT('Ctrl Pts',(42.4800484801131,8.28145113876892,-23.0604036556354));
#4990=CARTESIAN_POINT('Ctrl Pts',(46.1739724032263,8.15920093179119,-11.328054062021));
#4991=CARTESIAN_POINT('Ctrl Pts',(46.856259745573,8.09807775385492,-5.32970447302516));
#4992=CARTESIAN_POINT('Ctrl Pts',(5.33436888300643,8.63513059477537,-46.8797314827145));
#4993=CARTESIAN_POINT('Ctrl Pts',(11.3357329553929,8.57400741616574,-46.1968459928082));
#4994=CARTESIAN_POINT('Ctrl Pts',(20.1336788908405,8.48232175754576,-43.4198688725323));
#4995=CARTESIAN_POINT('Ctrl Pts',(32.7140134838143,8.32950380643869,-34.9368855965143));
#4996=CARTESIAN_POINT('Ctrl Pts',(42.501009143135,8.17668927293343,-23.0730224611131));
#4997=CARTESIAN_POINT('Ctrl Pts',(46.1970655546894,8.0544390659557,-11.3348378549857));
#4998=CARTESIAN_POINT('Ctrl Pts',(46.8798348228958,7.99331588801942,-5.3334606260295));
#4999=CARTESIAN_POINT('Ctrl Pts',(5.33391475451795,8.59025204026134,-46.8797831528052));
#5000=CARTESIAN_POINT('Ctrl Pts',(11.3352811026458,8.52912886165171,-46.1969562632864));
#5001=CARTESIAN_POINT('Ctrl Pts',(20.1332608920876,8.43744320303174,-43.4200630499729));
#5002=CARTESIAN_POINT('Ctrl Pts',(32.7136729221407,8.28462525192465,-34.9372019050355));
#5003=CARTESIAN_POINT('Ctrl Pts',(42.5007855549785,8.1318107184194,-23.0734363633608));
#5004=CARTESIAN_POINT('Ctrl Pts',(46.1969562708086,8.00956051144167,-11.3352810365324));
#5005=CARTESIAN_POINT('Ctrl Pts',(46.8797831528052,7.94843733350539,-5.33391475451798));
#5006=CARTESIAN_POINT('Ctrl Pts',(46.8797831528052,7.94843733350539,-5.33391475451798));
#5007=CARTESIAN_POINT('Ctrl Pts',(46.1969562708086,8.00956051144167,-11.3352810365324));
#5008=CARTESIAN_POINT('Ctrl Pts',(42.5007855549785,8.1318107184194,-23.0734363633608));
#5009=CARTESIAN_POINT('Ctrl Pts',(32.7136729221407,8.28462525192465,-34.9372019050355));
#5010=CARTESIAN_POINT('Ctrl Pts',(20.1332608920876,8.43744320303174,-43.4200630499729));
#5011=CARTESIAN_POINT('Ctrl Pts',(11.3352811026458,8.52912886165171,-46.1969562632864));
#5012=CARTESIAN_POINT('Ctrl Pts',(5.33391475451795,8.59025204026134,-46.8797831528052));
#5013=CARTESIAN_POINT('Ctrl Pts',(5.3195856067632,8.85004964234697,-46.7304396866795));
#5014=CARTESIAN_POINT('Ctrl Pts',(11.3018335888995,8.78892646373734,-46.0494471585709));
#5015=CARTESIAN_POINT('Ctrl Pts',(20.0716863413279,8.69724080511736,-43.2808891201639));
#5016=CARTESIAN_POINT('Ctrl Pts',(32.6116259142468,8.54442285401029,-34.8242919583292));
#5017=CARTESIAN_POINT('Ctrl Pts',(42.3669572014435,8.39160832050502,-22.9976959115771));
#5018=CARTESIAN_POINT('Ctrl Pts',(46.0507184768206,8.26935811352729,-11.2966522939805));
#5019=CARTESIAN_POINT('Ctrl Pts',(46.7310379129725,8.20823493559102,-5.31432779515927));
#5020=CARTESIAN_POINT('Origin',(5.3,7.91100000000001,-46.5817063348102));
#5021=CARTESIAN_POINT('',(5.33391475451797,7.91100000000001,-46.8797831528052));
#5022=CARTESIAN_POINT('',(5.,7.91100000000001,-46.5817063348102));
#5023=CARTESIAN_POINT('Ctrl Pts',(5.,8.59025204026134,-46.5817063348102));
#5024=CARTESIAN_POINT('Ctrl Pts',(5.,8.85404659088749,-46.1209274252073));
#5025=CARTESIAN_POINT('Ctrl Pts',(5.,9.11779171934126,-45.6601202212123));
#5026=CARTESIAN_POINT('Ctrl Pts',(5.,9.38148278915028,-45.1992820845754));
#5027=CARTESIAN_POINT('Ctrl Pts',(5.,8.66124719373131,-46.622350848298));
#5028=CARTESIAN_POINT('Ctrl Pts',(4.99999882244386,8.9250726579886,-46.1615828752436));
#5029=CARTESIAN_POINT('Ctrl Pts',(5.00000125391871,9.18884861945448,-45.7007863029356));
#5030=CARTESIAN_POINT('Ctrl Pts',(5.,9.45257259029218,-45.2399595898105));
#5031=CARTESIAN_POINT('Ctrl Pts',(5.07090344171127,8.80250482729721,-46.7032204219535));
#5032=CARTESIAN_POINT('Ctrl Pts',(5.07096222950594,9.06638907219692,-46.2424727183364));
#5033=CARTESIAN_POINT('Ctrl Pts',(5.07102171412858,9.33022820571179,-45.7816981953474));
#5034=CARTESIAN_POINT('Ctrl Pts',(5.07108417591973,9.59401472738306,-45.3208926235168));
#5035=CARTESIAN_POINT('Ctrl Pts',(5.23795372223876,8.85468458620682,-46.7330931782071));
#5036=CARTESIAN_POINT('Ctrl Pts',(5.23811640742307,9.11852725878485,-46.2723166273873));
#5037=CARTESIAN_POINT('Ctrl Pts',(5.23828330014398,9.38231843714886,-45.8115096727766));
#5038=CARTESIAN_POINT('Ctrl Pts',(5.238455993843,9.64606068897975,-45.3506732649212));
#5039=CARTESIAN_POINT('Ctrl Pts',(5.31958560676321,8.85004964234696,-46.7304396866795));
#5040=CARTESIAN_POINT('Ctrl Pts',(5.31977652082685,9.11384399813498,-46.2696359773309));
#5041=CARTESIAN_POINT('Ctrl Pts',(5.31997298324657,9.37758892326329,-45.8088028850463));
#5042=CARTESIAN_POINT('Ctrl Pts',(5.3201755049434,9.64127978019853,-45.347937634228));
#5043=CARTESIAN_POINT('',(5.,9.27558019788058,-45.384355400304));
#5044=CARTESIAN_POINT('',(5.3201755049434,9.64127978019856,-45.347937634228));
#5045=CARTESIAN_POINT('Ctrl Pts',(5.3201755049433,9.64127978006437,-45.3479376344625));
#5046=CARTESIAN_POINT('Ctrl Pts',(5.30289933066403,9.64146167952956,-45.3499644582612));
#5047=CARTESIAN_POINT('Ctrl Pts',(5.28573925265088,9.63984395540604,-45.351924992713));
#5048=CARTESIAN_POINT('Ctrl Pts',(5.26886840806438,9.63661708902751,-45.3538443093961));
#5049=CARTESIAN_POINT('Ctrl Pts',(5.25199756347789,9.63339022264898,-45.3557636260793));
#5050=CARTESIAN_POINT('Ctrl Pts',(5.23541474254801,9.62855371585364,-45.3576414398132));
#5051=CARTESIAN_POINT('Ctrl Pts',(5.21927487349898,9.62225224586839,-45.3594766075447));
#5052=CARTESIAN_POINT('Ctrl Pts',(5.20318162712273,9.61596897871814,-45.3613064740917));
#5053=CARTESIAN_POINT('Ctrl Pts',(5.18769501894066,9.60829535026999,-45.3630725874578));
#5054=CARTESIAN_POINT('Ctrl Pts',(5.17293781285655,9.59941609022591,-45.3647694648994));
#5055=CARTESIAN_POINT('Ctrl Pts',(5.15721943504119,9.5899585029768,-45.3665768639817));
#5056=CARTESIAN_POINT('Ctrl Pts',(5.14232747670966,9.57913305023835,-45.3683056753896));
#5057=CARTESIAN_POINT('Ctrl Pts',(5.12839526206148,9.56711439691996,-45.3699214854776));
#5058=CARTESIAN_POINT('Ctrl Pts',(5.12617162376952,9.56519617082228,-45.3701793753591));
#5059=CARTESIAN_POINT('Ctrl Pts',(5.12397242499826,9.56324745667923,-45.3704343334364));
#5060=CARTESIAN_POINT('Ctrl Pts',(5.12179820530709,9.56126886162907,-45.3706861608639));
#5061=CARTESIAN_POINT('Ctrl Pts',(5.11240280092904,9.55271880540788,-45.3717743767991));
#5062=CARTESIAN_POINT('Ctrl Pts',(5.10350635554887,9.54364125972926,-45.372800298187));
#5063=CARTESIAN_POINT('Ctrl Pts',(5.09514554470986,9.53408865455763,-45.3737550787445));
#5064=CARTESIAN_POINT('Ctrl Pts',(5.08289015075833,9.52008631173514,-45.3751546094951));
#5065=CARTESIAN_POINT('Ctrl Pts',(5.07178378386566,9.50506562648499,-45.3764026453025));
#5066=CARTESIAN_POINT('Ctrl Pts',(5.06182488515408,9.48927098013272,-45.3775166787647));
#5067=CARTESIAN_POINT('Ctrl Pts',(5.05455236530523,9.47773688560791,-45.3783302055111));
#5068=CARTESIAN_POINT('Ctrl Pts',(5.04789211116839,9.46578889584366,-45.3790716063058));
#5069=CARTESIAN_POINT('Ctrl Pts',(5.0418516037596,9.45350888516016,-45.3797400882446));
#5070=CARTESIAN_POINT('Ctrl Pts',(5.03277110516694,9.43504874395297,-45.3807449954308));
#5071=CARTESIAN_POINT('Ctrl Pts',(5.02510550447419,9.41586935655682,-45.3815889541221));
#5072=CARTESIAN_POINT('Ctrl Pts',(5.01890229219419,9.39622190530989,-45.3822727601373));
#5073=CARTESIAN_POINT('Ctrl Pts',(5.01586582303545,9.38660448822561,-45.3826074828232));
#5074=CARTESIAN_POINT('Ctrl Pts',(5.01318033364445,9.3768743987843,-45.3829035341034));
#5075=CARTESIAN_POINT('Ctrl Pts',(5.0108550542595,9.36705882823963,-45.3831597092793));
#5076=CARTESIAN_POINT('Ctrl Pts',(5.00614144733413,9.34716154553227,-45.3836790056233));
#5077=CARTESIAN_POINT('Ctrl Pts',(5.00290586983776,9.32691669059587,-45.3840359428259));
#5078=CARTESIAN_POINT('Ctrl Pts',(5.00125865494742,9.30654362753464,-45.3842171595894));
#5079=CARTESIAN_POINT('Ctrl Pts',(5.00042605549427,9.29624588116098,-45.3843087572183));
#5080=CARTESIAN_POINT('Ctrl Pts',(5.00000003537472,9.28591526668946,-45.3843553960841));
#5081=CARTESIAN_POINT('Ctrl Pts',(5.,9.27558019974351,-45.3843554013812));
#5082=CARTESIAN_POINT('Ctrl Pts',(5.3201755049434,9.64127978019853,-45.347937634228));
#5083=CARTESIAN_POINT('Ctrl Pts',(5.31997298324657,9.37758892326329,-45.8088028850463));
#5084=CARTESIAN_POINT('Ctrl Pts',(5.31977652082685,9.11384399813498,-46.2696359773309));
#5085=CARTESIAN_POINT('Ctrl Pts',(5.31958560676321,8.85004964234696,-46.7304396866795));
#5086=CARTESIAN_POINT('Ctrl Pts',(5.,8.59025204026134,-46.5817063348102));
#5087=CARTESIAN_POINT('Ctrl Pts',(5.,8.81873284000904,-46.1826111544016));
#5088=CARTESIAN_POINT('Ctrl Pts',(5.,9.04717656403516,-45.7834947479936));
#5089=CARTESIAN_POINT('Ctrl Pts',(5.,9.27558019975445,-45.3843554013621));
#5090=CARTESIAN_POINT('Ctrl Pts',(46.7304396866795,7.6165204587804,-5.31958560676321));
#5091=CARTESIAN_POINT('Ctrl Pts',(46.0494471581181,7.67764363743067,-11.3018335928767));
#5092=CARTESIAN_POINT('Ctrl Pts',(43.2808900716858,7.76932930059433,-20.0716871846865));
#5093=CARTESIAN_POINT('Ctrl Pts',(34.8242921420357,7.92214724593072,-32.6116257415123));
#5094=CARTESIAN_POINT('Ctrl Pts',(22.9976956514002,8.07496178535163,-42.3669588726199));
#5095=CARTESIAN_POINT('Ctrl Pts',(11.2966522909883,8.19721198763065,-46.0507184771609));
#5096=CARTESIAN_POINT('Ctrl Pts',(5.31432779515925,8.25833516553635,-46.7310379129725));
#5097=CARTESIAN_POINT('Ctrl Pts',(46.7819665718694,7.64643830188568,-5.32514160275433));
#5098=CARTESIAN_POINT('Ctrl Pts',(46.1002605352205,7.70756148053595,-11.3140039759458));
#5099=CARTESIAN_POINT('Ctrl Pts',(43.3287161503609,7.79924714369962,-20.0935101493905));
#5100=CARTESIAN_POINT('Ctrl Pts',(34.8628805146516,7.95206508903599,-32.6473415150589));
#5101=CARTESIAN_POINT('Ctrl Pts',(23.0233046342069,8.10487962845692,-42.413492597033));
#5102=CARTESIAN_POINT('Ctrl Pts',(11.3094193780239,8.22712983073593,-46.101385827289));
#5103=CARTESIAN_POINT('Ctrl Pts',(5.3204892716528,8.28825300864164,-46.7824959074558));
#5104=CARTESIAN_POINT('Ctrl Pts',(46.8559151947332,7.7266776301046,-5.33273291427665));
#5105=CARTESIAN_POINT('Ctrl Pts',(46.1732402527487,7.78780080875487,-11.3310384737144));
#5106=CARTESIAN_POINT('Ctrl Pts',(43.3974656664222,7.87948647191853,-20.1244909174555));
#5107=CARTESIAN_POINT('Ctrl Pts',(34.9184855294287,8.03230441725492,-32.6982632859969));
#5108=CARTESIAN_POINT('Ctrl Pts',(23.0604034078479,8.18511895667583,-42.4800501760052));
#5109=CARTESIAN_POINT('Ctrl Pts',(11.3280540612608,8.30736915895485,-46.1739724241921));
#5110=CARTESIAN_POINT('Ctrl Pts',(5.32970447526503,8.36849233686055,-46.8562597661975));
#5111=CARTESIAN_POINT('Ctrl Pts',(46.8797314827145,7.83143950635199,-5.33436888300645));
#5112=CARTESIAN_POINT('Ctrl Pts',(46.1968459923542,7.89256268500226,-11.3357329593829));
#5113=CARTESIAN_POINT('Ctrl Pts',(43.4198698251926,7.98424834816593,-20.1336797372662));
#5114=CARTESIAN_POINT('Ctrl Pts',(34.9368857810223,8.13706629350231,-32.7140133089639));
#5115=CARTESIAN_POINT('Ctrl Pts',(23.0730221988096,8.28988083292323,-42.5010108184378));
#5116=CARTESIAN_POINT('Ctrl Pts',(11.334837851984,8.41213103520225,-46.1970655550309));
#5117=CARTESIAN_POINT('Ctrl Pts',(5.33346062602947,8.47325421310795,-46.8798348228958));
#5118=CARTESIAN_POINT('Ctrl Pts',(46.8797831528052,7.87631806086602,-5.33391475451796));
#5119=CARTESIAN_POINT('Ctrl Pts',(46.1969562628324,7.93744123951629,-11.3352811066357));
#5120=CARTESIAN_POINT('Ctrl Pts',(43.4200640045771,8.02912690267996,-20.1332617380823));
#5121=CARTESIAN_POINT('Ctrl Pts',(34.9372020893182,8.18194484801634,-32.7136727488449));
#5122=CARTESIAN_POINT('Ctrl Pts',(23.0734361024484,8.33475938743726,-42.5007872314997));
#5123=CARTESIAN_POINT('Ctrl Pts',(11.3352810335307,8.45700958971628,-46.1969562711502));
#5124=CARTESIAN_POINT('Ctrl Pts',(5.33391475451795,8.51813276762198,-46.8797831528052));
#5125=CARTESIAN_POINT('Ctrl Pts',(5.33391475451795,8.51813276762198,-46.8797831528052));
#5126=CARTESIAN_POINT('Ctrl Pts',(11.3352810335307,8.45700958971628,-46.1969562711502));
#5127=CARTESIAN_POINT('Ctrl Pts',(23.0734361024484,8.33475938743726,-42.5007872314997));
#5128=CARTESIAN_POINT('Ctrl Pts',(34.9372020893182,8.18194484801634,-32.7136727488449));
#5129=CARTESIAN_POINT('Ctrl Pts',(43.4200640045771,8.02912690267996,-20.1332617380823));
#5130=CARTESIAN_POINT('Ctrl Pts',(46.1969562628324,7.93744123951629,-11.3352811066357));
#5131=CARTESIAN_POINT('Ctrl Pts',(46.8797831528052,7.87631806086602,-5.33391475451796));
#5132=CARTESIAN_POINT('Ctrl Pts',(46.7304396866795,7.6165204587804,-5.31958560676321));
#5133=CARTESIAN_POINT('Ctrl Pts',(46.0494471581181,7.67764363743067,-11.3018335928767));
#5134=CARTESIAN_POINT('Ctrl Pts',(43.2808900716858,7.76932930059433,-20.0716871846865));
#5135=CARTESIAN_POINT('Ctrl Pts',(34.8242921420357,7.92214724593072,-32.6116257415123));
#5136=CARTESIAN_POINT('Ctrl Pts',(22.9976956514002,8.07496178535163,-42.3669588726199));
#5137=CARTESIAN_POINT('Ctrl Pts',(11.2966522909883,8.19721198763065,-46.0507184771609));
#5138=CARTESIAN_POINT('Ctrl Pts',(5.31432779515925,8.25833516553635,-46.7310379129725));
#5139=CARTESIAN_POINT('Ctrl Pts',(46.5817063348102,7.87631806086603,-5.00000000000001));
#5140=CARTESIAN_POINT('Ctrl Pts',(46.1209274251875,7.61252351022859,-5.00000000000001));
#5141=CARTESIAN_POINT('Ctrl Pts',(45.6601202211731,7.34877838176366,-5.00000000000001));
#5142=CARTESIAN_POINT('Ctrl Pts',(45.1992820845165,7.08508731194341,-5.00000000000001));
#5143=CARTESIAN_POINT('Ctrl Pts',(46.622350848298,7.80532290739606,-5.00000000000001));
#5144=CARTESIAN_POINT('Ctrl Pts',(46.1615828752239,7.54149744312748,-4.99999882244387));
#5145=CARTESIAN_POINT('Ctrl Pts',(45.7007863028963,7.27772148165044,-5.00000125391872));
#5146=CARTESIAN_POINT('Ctrl Pts',(45.2399595897516,7.0139975108015,-5.00000000000001));
#5147=CARTESIAN_POINT('Ctrl Pts',(46.7032211194095,7.66406405556007,-5.07090212676278));
#5148=CARTESIAN_POINT('Ctrl Pts',(46.2424734157726,7.40017981064907,-5.07096091455745));
#5149=CARTESIAN_POINT('Ctrl Pts',(45.7816988963046,7.1363406703008,-5.07102039459508));
#5150=CARTESIAN_POINT('Ctrl Pts',(45.3208933244544,6.8725541486183,-5.07108285638623));
#5151=CARTESIAN_POINT('Ctrl Pts',(46.733093178207,7.61188551492055,-5.23795372223877));
#5152=CARTESIAN_POINT('Ctrl Pts',(46.2723166273676,7.34804284233122,-5.23811640742308));
#5153=CARTESIAN_POINT('Ctrl Pts',(45.8115096727374,7.08425166395605,-5.23828330014401));
#5154=CARTESIAN_POINT('Ctrl Pts',(45.3506732648623,6.82050941211393,-5.23845599384303));
#5155=CARTESIAN_POINT('Ctrl Pts',(46.7304396866795,7.61652045878041,-5.31958560676322));
#5156=CARTESIAN_POINT('Ctrl Pts',(46.2696359773112,7.3527261029811,-5.31977652082687));
#5157=CARTESIAN_POINT('Ctrl Pts',(45.808802885007,7.08898117784162,-5.31997298324661));
#5158=CARTESIAN_POINT('Ctrl Pts',(45.3479376341691,6.82529032089515,-5.32017550494344));
#5159=CARTESIAN_POINT('',(45.384355400304,7.19098990324679,-5.00000000000001));
#5160=CARTESIAN_POINT('',(45.3479376341692,6.82529032089515,-5.32017550494347));
#5161=CARTESIAN_POINT('Ctrl Pts',(45.3479376344625,6.82529032106298,-5.32017550494331));
#5162=CARTESIAN_POINT('Ctrl Pts',(45.3499644582612,6.8251084215978,-5.30289933066404));
#5163=CARTESIAN_POINT('Ctrl Pts',(45.3519250082772,6.82672611852053,-5.28573922335322));
#5164=CARTESIAN_POINT('Ctrl Pts',(45.353844348993,6.82995294289863,-5.2688683335285));
#5165=CARTESIAN_POINT('Ctrl Pts',(45.3557636897088,6.83317976727672,-5.25199744370378));
#5166=CARTESIAN_POINT('Ctrl Pts',(45.3576415359772,6.83801621721312,-5.23541456153173));
#5167=CARTESIAN_POINT('Ctrl Pts',(45.3594767385338,6.84431762633667,-5.21927462692907));
#5168=CARTESIAN_POINT('Ctrl Pts',(45.3613066488266,6.85060086377724,-5.20318123584853));
#5169=CARTESIAN_POINT('Ctrl Pts',(45.3630728072212,6.85827447288459,-5.18769448539801));
#5170=CARTESIAN_POINT('Ctrl Pts',(45.3647697252692,6.86715373105261,-5.17293715172613));
#5171=CARTESIAN_POINT('Ctrl Pts',(45.3665771676785,6.87661131670048,-5.1572186373531));
#5172=CARTESIAN_POINT('Ctrl Pts',(45.3683060174146,6.88743678772369,-5.14232655911064));
#5173=CARTESIAN_POINT('Ctrl Pts',(45.3699218542435,6.89945548722419,-5.12839425423717));
#5174=CARTESIAN_POINT('Ctrl Pts',(45.370179731598,6.9013735957703,-5.12617074635733));
#5175=CARTESIAN_POINT('Ctrl Pts',(45.3704346772349,6.90332218910152,-5.12397167556927));
#5176=CARTESIAN_POINT('Ctrl Pts',(45.3706864923213,6.90530066022994,-5.12179758137817));
#5177=CARTESIAN_POINT('Ctrl Pts',(45.3717747203862,6.91385069525291,-5.11240215416666));
#5178=CARTESIAN_POINT('Ctrl Pts',(45.3728006486753,6.92292822887104,-5.10350569579496));
#5179=CARTESIAN_POINT('Ctrl Pts',(45.3737554292311,6.93248083404591,-5.09514488495813));
#5180=CARTESIAN_POINT('Ctrl Pts',(45.3751549452011,6.9464830290172,-5.08288962041906));
#5181=CARTESIAN_POINT('Ctrl Pts',(45.3764029546571,6.96150357072306,-5.07178338643057));
#5182=CARTESIAN_POINT('Ctrl Pts',(45.3775169562836,6.97729807397398,-5.06182461180032));
#5183=CARTESIAN_POINT('Ctrl Pts',(45.3783304801352,6.98883235257334,-5.05455200060967));
#5184=CARTESIAN_POINT('Ctrl Pts',(45.3790718715239,7.00078054732009,-5.04789168106787));
#5185=CARTESIAN_POINT('Ctrl Pts',(45.3797403398134,7.01306077631804,-5.04185113020206));
#5186=CARTESIAN_POINT('Ctrl Pts',(45.3807452076621,7.03152089998959,-5.03277073633922));
#5187=CARTESIAN_POINT('Ctrl Pts',(45.3815891236003,7.05070027208052,-5.02510523731972));
#5188=CARTESIAN_POINT('Ctrl Pts',(45.3822728906756,7.07034770081764,-5.01890210940771));
#5189=CARTESIAN_POINT('Ctrl Pts',(45.3826075986473,7.07996523178674,-5.01586564211231));
#5190=CARTESIAN_POINT('Ctrl Pts',(45.3829036351206,7.08969543631653,-5.01318015955376));
#5191=CARTESIAN_POINT('Ctrl Pts',(45.3831597961897,7.0995111210016,-5.01085489065415));
#5192=CARTESIAN_POINT('Ctrl Pts',(45.3836790618338,7.1194085544741,-5.00614132407982));
#5193=CARTESIAN_POINT('Ctrl Pts',(45.3840359725339,7.13965355343583,-5.00290578994287));
#5194=CARTESIAN_POINT('Ctrl Pts',(45.3842171737719,7.16002673853583,-5.00125860995931));
#5195=CARTESIAN_POINT('Ctrl Pts',(45.38430876228,7.17032440342883,-5.00042603972515));
#5196=CARTESIAN_POINT('Ctrl Pts',(45.3843553960841,7.18065492988047,-5.0000000353744));
#5197=CARTESIAN_POINT('Ctrl Pts',(45.3843554013811,7.19098990138384,-5.00000000000001));
#5198=CARTESIAN_POINT('Ctrl Pts',(45.3479376341691,6.82529032089515,-5.32017550494344));
#5199=CARTESIAN_POINT('Ctrl Pts',(45.808802885007,7.08898117784162,-5.31997298324661));
#5200=CARTESIAN_POINT('Ctrl Pts',(46.2696359773112,7.3527261029811,-5.31977652082687));
#5201=CARTESIAN_POINT('Ctrl Pts',(46.7304396866795,7.61652045878041,-5.31958560676322));
#5202=CARTESIAN_POINT('Ctrl Pts',(46.5817063348102,7.87631806086603,-5.00000000000001));
#5203=CARTESIAN_POINT('Ctrl Pts',(46.1826111544015,7.64783726111827,-5.00000000000001));
#5204=CARTESIAN_POINT('Ctrl Pts',(45.7834947479936,7.41939353709218,-5.00000000000001));
#5205=CARTESIAN_POINT('Ctrl Pts',(45.384355401362,7.19098990137289,-5.00000000000001));
#5206=CARTESIAN_POINT('Origin',(5.,16.18,-60.1127414201234));
#5207=CARTESIAN_POINT('',(5.,16.18,-45.3843554003194));
#5208=CARTESIAN_POINT('Ctrl Pts',(5.31432779515931,8.25833516553636,-46.7310379129725));
#5209=CARTESIAN_POINT('Ctrl Pts',(8.30558949510127,8.22777256045274,-46.3908668852243));
#5210=CARTESIAN_POINT('Ctrl Pts',(17.1829488287194,8.13608474520189,-44.5114728091942));
#5211=CARTESIAN_POINT('Ctrl Pts',(30.6587313389236,7.9832717197838,-37.1990688933756));
#5212=CARTESIAN_POINT('Ctrl Pts',(42.3619830956679,7.79989608928211,-22.9996411507218));
#5213=CARTESIAN_POINT('Ctrl Pts',(46.0494245243497,7.67764566894764,-11.3020324215132));
#5214=CARTESIAN_POINT('Ctrl Pts',(46.7304396866796,7.6165204587804,-5.31958560676318));
#5215=CARTESIAN_POINT('Ctrl Pts',(5.2626204337749,7.99404450651671,-46.2762029221376));
#5216=CARTESIAN_POINT('Ctrl Pts',(8.22476806844773,7.96348190143309,-45.9393416913996));
#5217=CARTESIAN_POINT('Ctrl Pts',(17.015723405965,7.87179408618224,-44.0782365277227));
#5218=CARTESIAN_POINT('Ctrl Pts',(30.3603435065928,7.71898106076415,-36.836999323233));
#5219=CARTESIAN_POINT('Ctrl Pts',(41.949682388719,7.53560543026246,-22.775770319313));
#5220=CARTESIAN_POINT('Ctrl Pts',(45.6012297109657,7.41335500992799,-11.1920130433557));
#5221=CARTESIAN_POINT('Ctrl Pts',(46.27561438138,7.35222979976075,-5.26779311919702));
#5222=CARTESIAN_POINT('Ctrl Pts',(5.21091331976195,7.72975384466045,-45.8213679048242));
#5223=CARTESIAN_POINT('Ctrl Pts',(8.14394688747107,7.69919123957684,-45.4878164552652));
#5224=CARTESIAN_POINT('Ctrl Pts',(16.8484982192543,7.60750342432599,-43.6450001569161));
#5225=CARTESIAN_POINT('Ctrl Pts',(30.0619558720949,7.4546903989079,-36.4749295922207));
#5226=CARTESIAN_POINT('Ctrl Pts',(41.5373818049086,7.27131476840621,-22.5518992646354));
#5227=CARTESIAN_POINT('Ctrl Pts',(45.1530349589664,7.14906434807174,-11.0819934220117));
#5228=CARTESIAN_POINT('Ctrl Pts',(45.8207891058505,7.0879391379045,-5.2160003846339));
#5229=CARTESIAN_POINT('Ctrl Pts',(5.15920647610967,7.46546317961069,-45.3665328586257));
#5230=CARTESIAN_POINT('Ctrl Pts',(8.06312597500645,7.43490057452707,-45.0362911729431));
#5231=CARTESIAN_POINT('Ctrl Pts',(16.6812732905377,7.34321275927622,-43.2117636885256));
#5232=CARTESIAN_POINT('Ctrl Pts',(29.7635684538456,7.19039973385814,-36.1128596854351));
#5233=CARTESIAN_POINT('Ctrl Pts',(41.125081355726,7.00702410335643,-22.3280279659714));
#5234=CARTESIAN_POINT('Ctrl Pts',(44.7048402741079,6.88477368302197,-10.9719735348998));
#5235=CARTESIAN_POINT('Ctrl Pts',(45.3659638629104,6.82364847285473,-5.1642073801316));
#5236=CARTESIAN_POINT('Ctrl Pts',(5.31476167174194,7.46382570516408,-45.3485733636695));
#5237=CARTESIAN_POINT('Ctrl Pts',(8.16570775555447,7.433808924896,-45.0144817723469));
#5238=CARTESIAN_POINT('Ctrl Pts',(16.7280012531884,7.34266693446069,-43.1864074863472));
#5239=CARTESIAN_POINT('Ctrl Pts',(29.7635684538456,7.19039973385814,-36.1128596854351));
#5240=CARTESIAN_POINT('Ctrl Pts',(41.0911730375142,7.00757138603657,-22.3691686542298));
#5241=CARTESIAN_POINT('Ctrl Pts',(44.6727089572196,6.88586824838224,-11.0736062048106));
#5242=CARTESIAN_POINT('Ctrl Pts',(45.3479344486184,6.82529032089514,-5.32017484747273));
#5243=CARTESIAN_POINT('Origin',(1.11022302462516E-15,7.911,-1.0547118733939E-14));
#5244=CARTESIAN_POINT('Origin',(-5.3000000000088,5.62631806086612,-46.5817063348092));
#5245=CARTESIAN_POINT('',(-5.31958560676324,5.36652045878041,-46.7304396866795));
#5246=CARTESIAN_POINT('',(-5.,5.6263180608657,-46.5817063348097));
#5247=CARTESIAN_POINT('Origin',(-5.30000000000002,5.62631806086603,-46.5817063348102));
#5248=CARTESIAN_POINT('',(-5.33391475451796,5.62631806086622,-46.8797831528052));
#5249=CARTESIAN_POINT('Origin',(-5.3000000000088,5.62631806086612,-46.5817063348092));
#5250=CARTESIAN_POINT('Origin',(-5.29999999999999,5.6263180608655,-46.5817063348102));
#5251=CARTESIAN_POINT('Origin',(-5.29999999999999,5.69843733350558,-46.5817063348102));
#5252=CARTESIAN_POINT('',(-5.,5.69843733351293,-46.5817063348102));
#5253=CARTESIAN_POINT('',(-5.31432779515925,5.95823493559103,-46.7310379129725));
#5254=CARTESIAN_POINT('Origin',(-5.29999999999999,5.69843733351011,-46.581706334802));
#5255=CARTESIAN_POINT('',(-5.33391475452667,5.69843733350549,-46.8797831528042));
#5256=CARTESIAN_POINT('Origin',(-5.29999999999999,5.69843733350558,-46.5817063348102));
#5257=CARTESIAN_POINT('Origin',(-5.29999999999999,5.6984373335054,-46.5817063348102));
#5258=CARTESIAN_POINT('Origin',(-5.29999999999999,7.91100000000001,-46.5817063348102));
#5259=CARTESIAN_POINT('',(-5.33391475451796,7.91100000000001,-46.8797831528052));
#5260=CARTESIAN_POINT('',(-5.,7.91100000000001,-46.5817063348102));
#5261=CARTESIAN_POINT('Origin',(-46.581706334802,6.26813276761727,-5.30000000000002));
#5262=CARTESIAN_POINT('',(-46.7310379129725,6.00833516553634,-5.31432779515928));
#5263=CARTESIAN_POINT('',(-46.8797831528042,6.26813276762188,-5.33391475452665));
#5264=CARTESIAN_POINT('Origin',(-46.5817063348102,6.26813276762197,-5.30000000000002));
#5265=CARTESIAN_POINT('',(-46.5817063348102,6.26813276761443,-5.00000000000001));
#5266=CARTESIAN_POINT('Origin',(-46.581706334802,6.26813276761727,-5.30000000000002));
#5267=CARTESIAN_POINT('Origin',(-46.5817063348102,6.26813276762179,-5.30000000000001));
#5268=CARTESIAN_POINT('Ctrl Pts',(-45.1992820845165,5.47362269621236,-5.00000000000001));
#5269=CARTESIAN_POINT('Ctrl Pts',(-45.6601060343177,5.7384317783684,-5.00000000000001));
#5270=CARTESIAN_POINT('Ctrl Pts',(-46.120913652015,6.00326928168127,-5.00000000000001));
#5271=CARTESIAN_POINT('Ctrl Pts',(-46.5817063348103,6.268132767622,-5.00000000000001));
#5272=CARTESIAN_POINT('Ctrl Pts',(-45.2396398843671,5.40339156750263,-5.00000000000001));
#5273=CARTESIAN_POINT('Ctrl Pts',(-45.7004542185464,5.66822408726886,-5.00000088973694));
#5274=CARTESIAN_POINT('Ctrl Pts',(-46.1612528507511,5.93308358080379,-4.99999916387084));
#5275=CARTESIAN_POINT('Ctrl Pts',(-46.6220363869878,6.19796910246389,-5.00000000000001));
#5276=CARTESIAN_POINT('Ctrl Pts',(-45.319957939624,5.26362112170642,-5.06943305475572));
#5277=CARTESIAN_POINT('Ctrl Pts',(-45.780754265173,5.52849825538228,-5.06938781992943));
#5278=CARTESIAN_POINT('Ctrl Pts',(-46.2415343529854,5.79340279385231,-5.06934474780625));
#5279=CARTESIAN_POINT('Ctrl Pts',(-46.7023007457617,6.05833026519303,-5.06930216842329));
#5280=CARTESIAN_POINT('Ctrl Pts',(-45.3505582725038,5.21037005437864,-5.23385829633113));
#5281=CARTESIAN_POINT('Ctrl Pts',(-45.8113756226337,5.47521575877075,-5.23373217963889));
#5282=CARTESIAN_POINT('Ctrl Pts',(-46.2721779639126,5.7400862611361,-5.23361024638318));
#5283=CARTESIAN_POINT('Ctrl Pts',(-46.7329640487271,6.00498419679634,-5.23349145415711));
#5284=CARTESIAN_POINT('Ctrl Pts',(-45.3485725082805,5.21382570516411,-5.31476119285973));
#5285=CARTESIAN_POINT('Ctrl Pts',(-45.8094108019618,5.47863457445292,-5.31461237655207));
#5286=CARTESIAN_POINT('Ctrl Pts',(-46.2702321134574,5.74347187443959,-5.31446803728649));
#5287=CARTESIAN_POINT('Ctrl Pts',(-46.7310379129726,6.00833516553637,-5.31432779515928));
#5288=CARTESIAN_POINT('',(-45.3485693425155,5.21382570516407,-5.31476053954653));
#5289=CARTESIAN_POINT('',(-45.3843554003113,5.57997573759651,-5.00000000000001));
#5290=CARTESIAN_POINT('Ctrl Pts',(-45.3843554008838,5.57997573661679,-5.00000000000001));
#5291=CARTESIAN_POINT('Ctrl Pts',(-45.3843553933395,5.55954504484811,-5.00000005011372));
#5292=CARTESIAN_POINT('Ctrl Pts',(-45.3841740363367,5.53913032563548,-5.00165585282944));
#5293=CARTESIAN_POINT('Ctrl Pts',(-45.3838240751979,5.51895090855365,-5.00483277358152));
#5294=CARTESIAN_POINT('Ctrl Pts',(-45.3834647949528,5.49823413428961,-5.00809429247519));
#5295=CARTESIAN_POINT('Ctrl Pts',(-45.3829285391938,5.47776409439715,-5.01295944655635));
#5296=CARTESIAN_POINT('Ctrl Pts',(-45.3822259384,5.45778361839184,-5.0193359329229));
#5297=CARTESIAN_POINT('Ctrl Pts',(-45.381881401975,5.44798573340245,-5.02246278936212));
#5298=CARTESIAN_POINT('Ctrl Pts',(-45.3814967486091,5.43830577486281,-5.02595382916665));
#5299=CARTESIAN_POINT('Ctrl Pts',(-45.3810721247516,5.42877430390202,-5.02980219276427));
#5300=CARTESIAN_POINT('Ctrl Pts',(-45.3802183431564,5.40960959061981,-5.03754001049017));
#5301=CARTESIAN_POINT('Ctrl Pts',(-45.3791998855233,5.39106703393025,-5.04670844751228));
#5302=CARTESIAN_POINT('Ctrl Pts',(-45.3780210545848,5.37341466454824,-5.05727485227343));
#5303=CARTESIAN_POINT('Ctrl Pts',(-45.3769689713034,5.35766027424725,-5.06670515939441));
#5304=CARTESIAN_POINT('Ctrl Pts',(-45.3757893404397,5.34261460082561,-5.07724990200482));
#5305=CARTESIAN_POINT('Ctrl Pts',(-45.3744646950942,5.3285039046881,-5.08891035492046));
#5306=CARTESIAN_POINT('Ctrl Pts',(-45.3743051110603,5.32680394641768,-5.09031512497417));
#5307=CARTESIAN_POINT('Ctrl Pts',(-45.3741433933889,5.32511760852871,-5.09173611159692));
#5308=CARTESIAN_POINT('Ctrl Pts',(-45.3739794866009,5.32344533004143,-5.09317333549924));
#5309=CARTESIAN_POINT('Ctrl Pts',(-45.3733856914362,5.31738706429342,-5.09838005459892));
#5310=CARTESIAN_POINT('Ctrl Pts',(-45.3727632230756,5.31151321943051,-5.10379988678922));
#5311=CARTESIAN_POINT('Ctrl Pts',(-45.3721141276612,5.30583651839552,-5.1094239347248));
#5312=CARTESIAN_POINT('Ctrl Pts',(-45.3705982158903,5.29257902538527,-5.12255846052343));
#5313=CARTESIAN_POINT('Ctrl Pts',(-45.3689467441279,5.28045312395778,-5.13674849087778));
#5314=CARTESIAN_POINT('Ctrl Pts',(-45.367201898613,5.26962923382891,-5.15186318150189));
#5315=CARTESIAN_POINT('Ctrl Pts',(-45.3655650105266,5.2594750415813,-5.16604269298372));
#5316=CARTESIAN_POINT('Ctrl Pts',(-45.3638459873956,5.25046665588815,-5.18103698861821));
#5317=CARTESIAN_POINT('Ctrl Pts',(-45.3620569598287,5.24278428277775,-5.19673002673527));
#5318=CARTESIAN_POINT('Ctrl Pts',(-45.3617151695865,5.24131658031467,-5.19972815119066));
#5319=CARTESIAN_POINT('Ctrl Pts',(-45.3613707525867,5.23989740113026,-5.20275172967853));
#5320=CARTESIAN_POINT('Ctrl Pts',(-45.3610236886292,5.23852818417565,-5.20579987083721));
#5321=CARTESIAN_POINT('Ctrl Pts',(-45.3592446243697,5.23150952120337,-5.22142476900451));
#5322=CARTESIAN_POINT('Ctrl Pts',(-45.357412761097,5.22584518234743,-5.23760183304759));
#5323=CARTESIAN_POINT('Ctrl Pts',(-45.3555296323083,5.22171043639542,-5.2541897547661));
#5324=CARTESIAN_POINT('Ctrl Pts',(-45.3553256332242,5.22126251993196,-5.25598672205707));
#5325=CARTESIAN_POINT('Ctrl Pts',(-45.3551210088541,5.22083259497269,-5.25778849265329));
#5326=CARTESIAN_POINT('Ctrl Pts',(-45.3549157434857,5.22042091506844,-5.25959487202635));
#5327=CARTESIAN_POINT('Ctrl Pts',(-45.3530406969859,5.21666032472074,-5.27609568434346));
#5328=CARTESIAN_POINT('Ctrl Pts',(-45.3511271659338,5.21444436246865,-5.29287078926834));
#5329=CARTESIAN_POINT('Ctrl Pts',(-45.3491572211428,5.21392847068258,-5.3097599697984));
#5330=CARTESIAN_POINT('Ctrl Pts',(-45.3489628958902,5.2138775805246,-5.31142600342902));
#5331=CARTESIAN_POINT('Ctrl Pts',(-45.348768001869,5.21384326796047,-5.3130931326113));
#5332=CARTESIAN_POINT('Ctrl Pts',(-45.3485725085737,5.21382570533263,-5.31476119285964));
#5333=CARTESIAN_POINT('Ctrl Pts',(-45.3843554008737,5.57997573661099,-5.00000000000001));
#5334=CARTESIAN_POINT('Ctrl Pts',(-45.783484187906,5.80934086573416,-5.00000000000001));
#5335=CARTESIAN_POINT('Ctrl Pts',(-46.1826008632742,6.03872707088261,-5.00000000000001));
#5336=CARTESIAN_POINT('Ctrl Pts',(-46.5817063348103,6.268132767622,-5.00000000000001));
#5337=CARTESIAN_POINT('Ctrl Pts',(-46.7310379129726,6.00833516553637,-5.31432779515928));
#5338=CARTESIAN_POINT('Ctrl Pts',(-46.2702321134574,5.74347187443959,-5.31446803728649));
#5339=CARTESIAN_POINT('Ctrl Pts',(-45.8094108019618,5.47863457445292,-5.31461237655207));
#5340=CARTESIAN_POINT('Ctrl Pts',(-45.3485725082805,5.21382570516411,-5.31476119285973));
#5341=CARTESIAN_POINT('Origin',(-46.5817063348092,6.34025204026124,-5.30000000000878));
#5342=CARTESIAN_POINT('',(-46.7304396866795,6.60004964234696,-5.31958560676321));
#5343=CARTESIAN_POINT('',(-46.5817063347948,6.34025204027018,-5.00000000000001));
#5344=CARTESIAN_POINT('Origin',(-46.5817063348102,6.34025204026134,-5.29999999999999));
#5345=CARTESIAN_POINT('',(-46.8797831528052,6.34025204026116,-5.33391475451798));
#5346=CARTESIAN_POINT('Origin',(-46.5817063348092,6.34025204026124,-5.30000000000878));
#5347=CARTESIAN_POINT('Origin',(-46.5817063348102,6.34025204027553,-5.30000000000001));
#5348=CARTESIAN_POINT('Ctrl Pts',(-46.7304396866795,6.60004964234697,-5.31958560676322));
#5349=CARTESIAN_POINT('Ctrl Pts',(-46.0494471586476,6.53892646374422,-11.3018335882259));
#5350=CARTESIAN_POINT('Ctrl Pts',(-43.2809037224641,6.44724079092031,-20.0716935345848));
#5351=CARTESIAN_POINT('Ctrl Pts',(-34.8242945915729,6.29442286439702,-32.6116239064593));
#5352=CARTESIAN_POINT('Ctrl Pts',(-22.9976972879453,6.14160831878285,-42.3669768402258));
#5353=CARTESIAN_POINT('Ctrl Pts',(-11.2966522944496,6.0193581135321,-46.0507184767672));
#5354=CARTESIAN_POINT('Ctrl Pts',(-5.31432779515925,5.95823493559103,-46.7310379129725));
#5355=CARTESIAN_POINT('Ctrl Pts',(-46.7819665718693,6.57013179924168,-5.32514160275433));
#5356=CARTESIAN_POINT('Ctrl Pts',(-46.1002605357504,6.50900862063893,-11.3140039712898));
#5357=CARTESIAN_POINT('Ctrl Pts',(-43.3287297141681,6.41732294781503,-20.0935165272091));
#5358=CARTESIAN_POINT('Ctrl Pts',(-34.8628829806808,6.26450502129174,-32.6473395963392));
#5359=CARTESIAN_POINT('Ctrl Pts',(-23.0233062015057,6.11169047567757,-42.4135105200265));
#5360=CARTESIAN_POINT('Ctrl Pts',(-11.3094193814891,5.98944027042681,-46.1013858268949));
#5361=CARTESIAN_POINT('Ctrl Pts',(-5.32048927165281,5.92831709248575,-46.7824959074558));
#5362=CARTESIAN_POINT('Ctrl Pts',(-46.8559154579158,6.48989260404035,-5.33273294558463));
#5363=CARTESIAN_POINT('Ctrl Pts',(-46.1732405164621,6.4287694254376,-11.331038500359));
#5364=CARTESIAN_POINT('Ctrl Pts',(-43.3974796205108,6.33708375261369,-20.1244974124169));
#5365=CARTESIAN_POINT('Ctrl Pts',(-34.9184881723538,6.1842658260904,-32.6982616382657));
#5366=CARTESIAN_POINT('Ctrl Pts',(-23.060405215686,6.03145128047623,-42.4800684497707));
#5367=CARTESIAN_POINT('Ctrl Pts',(-11.3280540933473,5.90920107522548,-46.1739726872862));
#5368=CARTESIAN_POINT('Ctrl Pts',(-5.329704503881,5.84807789728441,-46.8562600296864));
#5369=CARTESIAN_POINT('Ctrl Pts',(-46.8797314827145,6.38513059477537,-5.33436888300645));
#5370=CARTESIAN_POINT('Ctrl Pts',(-46.1968459928851,6.32400741617262,-11.3357329547172));
#5371=CARTESIAN_POINT('Ctrl Pts',(-43.419883495501,6.23232174334871,-20.1336861122145));
#5372=CARTESIAN_POINT('Ctrl Pts',(-34.936888241255,6.07950381682543,-32.7140114483796));
#5373=CARTESIAN_POINT('Ctrl Pts',(-23.0730238241448,5.92668927121125,-42.5010288281709));
#5374=CARTESIAN_POINT('Ctrl Pts',(-11.3348378554563,5.8044390659605,-46.1970655546358));
#5375=CARTESIAN_POINT('Ctrl Pts',(-5.33346062602948,5.74331588801943,-46.8798348228958));
#5376=CARTESIAN_POINT('Ctrl Pts',(-46.8797831528052,6.34025204026134,-5.33391475451796));
#5377=CARTESIAN_POINT('Ctrl Pts',(-46.1969562633632,6.27912886165859,-11.33528110197));
#5378=CARTESIAN_POINT('Ctrl Pts',(-43.420077699252,6.18744318883468,-20.1332681074628));
#5379=CARTESIAN_POINT('Ctrl Pts',(-34.9372045465644,6.0346252623114,-32.713670907801));
#5380=CARTESIAN_POINT('Ctrl Pts',(-23.0734377452272,5.88181071669722,-42.5008052563196));
#5381=CARTESIAN_POINT('Ctrl Pts',(-11.3352810370031,5.75956051144647,-46.1969562707551));
#5382=CARTESIAN_POINT('Ctrl Pts',(-5.33391475451796,5.6984373335054,-46.8797831528052));
#5383=CARTESIAN_POINT('Ctrl Pts',(-5.33391475451796,5.6984373335054,-46.8797831528052));
#5384=CARTESIAN_POINT('Ctrl Pts',(-11.3352810370031,5.75956051144647,-46.1969562707551));
#5385=CARTESIAN_POINT('Ctrl Pts',(-23.0734377452272,5.88181071669722,-42.5008052563196));
#5386=CARTESIAN_POINT('Ctrl Pts',(-34.9372045465644,6.0346252623114,-32.713670907801));
#5387=CARTESIAN_POINT('Ctrl Pts',(-43.420077699252,6.18744318883468,-20.1332681074628));
#5388=CARTESIAN_POINT('Ctrl Pts',(-46.1969562633632,6.27912886165859,-11.33528110197));
#5389=CARTESIAN_POINT('Ctrl Pts',(-46.8797831528052,6.34025204026134,-5.33391475451796));
#5390=CARTESIAN_POINT('Ctrl Pts',(-46.7304396866795,6.60004964234697,-5.31958560676322));
#5391=CARTESIAN_POINT('Ctrl Pts',(-46.0494471586476,6.53892646374422,-11.3018335882259));
#5392=CARTESIAN_POINT('Ctrl Pts',(-43.2809037224641,6.44724079092031,-20.0716935345848));
#5393=CARTESIAN_POINT('Ctrl Pts',(-34.8242945915729,6.29442286439702,-32.6116239064593));
#5394=CARTESIAN_POINT('Ctrl Pts',(-22.9976972879453,6.14160831878285,-42.3669768402258));
#5395=CARTESIAN_POINT('Ctrl Pts',(-11.2966522944496,6.0193581135321,-46.0507184767672));
#5396=CARTESIAN_POINT('Ctrl Pts',(-5.31432779515925,5.95823493559103,-46.7310379129725));
#5397=CARTESIAN_POINT('Origin',(-46.5817063348102,7.911,-5.30000000000001));
#5398=CARTESIAN_POINT('',(-46.8797831528052,7.911,-5.33391475451798));
#5399=CARTESIAN_POINT('',(-46.5817063348102,7.911,-5.00000000000001));
#5400=CARTESIAN_POINT('Ctrl Pts',(-46.5817063348102,6.34025204026134,-5.00000000000001));
#5401=CARTESIAN_POINT('Ctrl Pts',(-46.1209274252072,6.60404659088752,-5.00000000000001));
#5402=CARTESIAN_POINT('Ctrl Pts',(-45.6601202212123,6.86779171934125,-5.00000000000001));
#5403=CARTESIAN_POINT('Ctrl Pts',(-45.1992820845753,7.13148278915027,-5.00000000000001));
#5404=CARTESIAN_POINT('Ctrl Pts',(-46.622350848298,6.4112471937313,-5.00000000000001));
#5405=CARTESIAN_POINT('Ctrl Pts',(-46.1615828752435,6.67507265798862,-4.99999882244387));
#5406=CARTESIAN_POINT('Ctrl Pts',(-45.7007863029355,6.93884861945448,-5.00000125391872));
#5407=CARTESIAN_POINT('Ctrl Pts',(-45.2399595898105,7.20257259029218,-5.00000000000001));
#5408=CARTESIAN_POINT('Ctrl Pts',(-46.7032217113005,6.55250707944348,-5.07090101084114));
#5409=CARTESIAN_POINT('Ctrl Pts',(-46.2424740076833,6.81639132434322,-5.07095979863582));
#5410=CARTESIAN_POINT('Ctrl Pts',(-45.7816994912395,7.08023047046994,-5.07101927478241));
#5411=CARTESIAN_POINT('Ctrl Pts',(-45.3208939194089,7.3440169921412,-5.07108173657356));
#5412=CARTESIAN_POINT('Ctrl Pts',(-46.733093178207,6.6046845862068,-5.23795372223877));
#5413=CARTESIAN_POINT('Ctrl Pts',(-46.2723166273873,6.86852725878487,-5.23811640742307));
#5414=CARTESIAN_POINT('Ctrl Pts',(-45.8115096727766,7.13231843714888,-5.23828330014402));
#5415=CARTESIAN_POINT('Ctrl Pts',(-45.3506732649212,7.39606068897977,-5.23845599384303));
#5416=CARTESIAN_POINT('Ctrl Pts',(-46.7304396866795,6.60004964234695,-5.31958560676321));
#5417=CARTESIAN_POINT('Ctrl Pts',(-46.2696359773308,6.863843998135,-5.31977652082686));
#5418=CARTESIAN_POINT('Ctrl Pts',(-45.8088028850463,7.12758892326332,-5.31997298324662));
#5419=CARTESIAN_POINT('Ctrl Pts',(-45.347937634228,7.39127978019855,-5.32017550494344));
#5420=CARTESIAN_POINT('',(-45.3843554003041,7.02558019788055,-5.00000000000001));
#5421=CARTESIAN_POINT('',(-45.347937634228,7.39127978019855,-5.32017550494345));
#5422=CARTESIAN_POINT('Ctrl Pts',(-45.3479376344625,7.39127978006439,-5.32017550494334));
#5423=CARTESIAN_POINT('Ctrl Pts',(-45.3499644582612,7.39146167952958,-5.3028993306641));
#5424=CARTESIAN_POINT('Ctrl Pts',(-45.3519250214857,7.3898440056906,-5.28573919849005));
#5425=CARTESIAN_POINT('Ctrl Pts',(-45.3538443825966,7.38661721695588,-5.26886827027425));
#5426=CARTESIAN_POINT('Ctrl Pts',(-45.3557637437075,7.38339042822116,-5.25199734205844));
#5427=CARTESIAN_POINT('Ctrl Pts',(-45.3576416175862,7.37855402653769,-5.23541440791364));
#5428=CARTESIAN_POINT('Ctrl Pts',(-45.3594768496968,7.37225266906396,-5.2192744176793));
#5429=CARTESIAN_POINT('Ctrl Pts',(-45.361306797114,7.36596945683824,-5.20318090379972));
#5430=CARTESIAN_POINT('Ctrl Pts',(-45.3630729937216,7.35829586414688,-5.18769403261701));
#5431=CARTESIAN_POINT('Ctrl Pts',(-45.3647699462298,7.34941660757384,-5.17293659067146));
#5432=CARTESIAN_POINT('Ctrl Pts',(-45.3665774254086,7.33995902328568,-5.15721796040896));
#5433=CARTESIAN_POINT('Ctrl Pts',(-45.3683063076716,7.3291335367458,-5.14232578040442));
#5434=CARTESIAN_POINT('Ctrl Pts',(-45.369922167194,7.31711479805325,-5.12839339896185));
#5435=CARTESIAN_POINT('Ctrl Pts',(-45.3701800339174,7.31519678926367,-5.12617000175269));
#5436=CARTESIAN_POINT('Ctrl Pts',(-45.370434968997,7.31324829845559,-5.12397103957416));
#5437=CARTESIAN_POINT('Ctrl Pts',(-45.3706867736103,7.31126993248937,-5.1217970518854));
#5438=CARTESIAN_POINT('Ctrl Pts',(-45.371775011969,7.30271991545611,-5.11240160529641));
#5439=CARTESIAN_POINT('Ctrl Pts',(-45.3728009461147,7.29364239207302,-5.10350513589954));
#5440=CARTESIAN_POINT('Ctrl Pts',(-45.3737557266691,7.28408978689539,-5.09514432506455));
#5441=CARTESIAN_POINT('Ctrl Pts',(-45.3751552300962,7.27008771739128,-5.08288917034546));
#5442=CARTESIAN_POINT('Ctrl Pts',(-45.3764032171902,7.25506729749743,-5.0717830491404));
#5443=CARTESIAN_POINT('Ctrl Pts',(-45.3775171918005,7.2392729156823,-5.06182437980695));
#5444=CARTESIAN_POINT('Ctrl Pts',(-45.3783307131949,7.22773848087537,-5.0545516911044));
#5445=CARTESIAN_POINT('Ctrl Pts',(-45.3790720966003,7.2157901121775,-5.04789131606181));
#5446=CARTESIAN_POINT('Ctrl Pts',(-45.3797405533056,7.20350969791448,-5.04185072832086));
#5447=CARTESIAN_POINT('Ctrl Pts',(-45.380745387771,7.1850495891238,-5.0327704233353));
#5448=CARTESIAN_POINT('Ctrl Pts',(-45.3815892674275,7.16587023002092,-5.02510501059919));
#5449=CARTESIAN_POINT('Ctrl Pts',(-45.3822730014569,7.14622282038579,-5.01890195428496));
#5450=CARTESIAN_POINT('Ctrl Pts',(-45.3826076969412,7.13660519276978,-5.01586548857171));
#5451=CARTESIAN_POINT('Ctrl Pts',(-45.3829037208485,7.12687489057161,-5.01318001181227));
#5452=CARTESIAN_POINT('Ctrl Pts',(-45.3831598699457,7.11705910902284,-5.01085475181165));
#5453=CARTESIAN_POINT('Ctrl Pts',(-45.3836791095363,7.09716154760356,-5.00614121948126));
#5454=CARTESIAN_POINT('Ctrl Pts',(-45.3840359977451,7.07691642641487,-5.00290572214125));
#5455=CARTESIAN_POINT('Ctrl Pts',(-45.3842171858076,7.05654313774709,-5.00125857178109));
#5456=CARTESIAN_POINT('Ctrl Pts',(-45.3843087665755,7.04624554200301,-5.00042602634303));
#5457=CARTESIAN_POINT('Ctrl Pts',(-45.3843553960841,7.03591509024961,-5.00000003537412));
#5458=CARTESIAN_POINT('Ctrl Pts',(-45.3843554013812,7.0255801997435,-5.00000000000001));
#5459=CARTESIAN_POINT('Ctrl Pts',(-45.347937634228,7.39127978019855,-5.32017550494344));
#5460=CARTESIAN_POINT('Ctrl Pts',(-45.8088028850463,7.12758892326332,-5.31997298324662));
#5461=CARTESIAN_POINT('Ctrl Pts',(-46.2696359773308,6.863843998135,-5.31977652082686));
#5462=CARTESIAN_POINT('Ctrl Pts',(-46.7304396866795,6.60004964234695,-5.31958560676321));
#5463=CARTESIAN_POINT('Ctrl Pts',(-46.5817063348102,6.34025204026134,-5.00000000000001));
#5464=CARTESIAN_POINT('Ctrl Pts',(-46.1826111544016,6.56873284000905,-5.00000000000001));
#5465=CARTESIAN_POINT('Ctrl Pts',(-45.7834947479936,6.79717656403515,-5.00000000000001));
#5466=CARTESIAN_POINT('Ctrl Pts',(-45.3843554013621,7.02558019975443,-5.00000000000001));
#5467=CARTESIAN_POINT('Ctrl Pts',(-5.31958560676321,5.36652045878041,-46.7304396866795));
#5468=CARTESIAN_POINT('Ctrl Pts',(-11.3018335939885,5.42764363744203,-46.0494471579916));
#5469=CARTESIAN_POINT('Ctrl Pts',(-23.0024629266869,5.54989382656396,-42.3643912607788));
#5470=CARTESIAN_POINT('Ctrl Pts',(-34.8279639214461,5.70270839314503,-32.607704999882));
#5471=CARTESIAN_POINT('Ctrl Pts',(-43.2831624959343,5.85552630180361,-20.0668252820259));
#5472=CARTESIAN_POINT('Ctrl Pts',(-46.0507184772643,5.94721198763994,-11.2966522900783));
#5473=CARTESIAN_POINT('Ctrl Pts',(-46.7310379129725,6.00833516553634,-5.31432779515928));
#5474=CARTESIAN_POINT('Ctrl Pts',(-5.32514160275433,5.39643830188569,-46.7819665718694));
#5475=CARTESIAN_POINT('Ctrl Pts',(-11.3140039770588,5.45756148054731,-46.1002605350938));
#5476=CARTESIAN_POINT('Ctrl Pts',(-23.0275229135248,5.57981166966924,-42.4112231366014));
#5477=CARTESIAN_POINT('Ctrl Pts',(-34.8661299773067,5.73262623625031,-32.6438718672407));
#5478=CARTESIAN_POINT('Ctrl Pts',(-43.3307282217757,5.88544414490889,-20.0892090014223));
#5479=CARTESIAN_POINT('Ctrl Pts',(-46.1013858273926,5.97712983074522,-11.3094193771129));
#5480=CARTESIAN_POINT('Ctrl Pts',(-46.7824959074558,6.03825300864163,-5.32048927165284));
#5481=CARTESIAN_POINT('Ctrl Pts',(-5.33273294816854,5.47667748610881,-46.8559154796368));
#5482=CARTESIAN_POINT('Ctrl Pts',(-11.331038508721,5.53780066477044,-46.1732405375255));
#5483=CARTESIAN_POINT('Ctrl Pts',(-23.0631497371131,5.66005085389236,-42.4785801058036));
#5484=CARTESIAN_POINT('Ctrl Pts',(-34.9206017714301,5.81286542047344,-32.6960041991941));
#5485=CARTESIAN_POINT('Ctrl Pts',(-43.3987810382186,5.96568332913202,-20.121694036852));
#5486=CARTESIAN_POINT('Ctrl Pts',(-46.173972709531,6.05736901496835,-11.328054091326));
#5487=CARTESIAN_POINT('Ctrl Pts',(-46.8562600514327,6.11849219286475,-5.32970450624275));
#5488=CARTESIAN_POINT('Ctrl Pts',(-5.33436888300644,5.581439506352,-46.8797314827145));
#5489=CARTESIAN_POINT('Ctrl Pts',(-11.3357329604982,5.64256268501363,-46.1968459922273));
#5490=CARTESIAN_POINT('Ctrl Pts',(-23.0738461889472,5.76481287413555,-42.5005840026435));
#5491=CARTESIAN_POINT('Ctrl Pts',(-34.9375223365006,5.91762744071663,-32.7133340561303));
#5492=CARTESIAN_POINT('Ctrl Pts',(-43.4202743182747,6.07044534937521,-20.1328464357868));
#5493=CARTESIAN_POINT('Ctrl Pts',(-46.1970655551347,6.16213103521153,-11.3348378510711));
#5494=CARTESIAN_POINT('Ctrl Pts',(-46.8798348228958,6.22325421310794,-5.33346062602951));
#5495=CARTESIAN_POINT('Ctrl Pts',(-5.33391475451796,5.62631806086603,-46.8797831528052));
#5496=CARTESIAN_POINT('Ctrl Pts',(-11.335281107751,5.68744123952766,-46.1969562627055));
#5497=CARTESIAN_POINT('Ctrl Pts',(-23.0734366940532,5.80969142864958,-42.5008074900132));
#5498=CARTESIAN_POINT('Ctrl Pts',(-34.9372048690851,5.96250599523065,-32.7136703888659));
#5499=CARTESIAN_POINT('Ctrl Pts',(-43.4200784241656,6.11532390388924,-20.1332696474766));
#5500=CARTESIAN_POINT('Ctrl Pts',(-46.196956271254,6.20700958972556,-11.3352810326178));
#5501=CARTESIAN_POINT('Ctrl Pts',(-46.8797831528052,6.26813276762197,-5.33391475451799));
#5502=CARTESIAN_POINT('Ctrl Pts',(-46.8797831528052,6.26813276762197,-5.33391475451799));
#5503=CARTESIAN_POINT('Ctrl Pts',(-46.196956271254,6.20700958972556,-11.3352810326178));
#5504=CARTESIAN_POINT('Ctrl Pts',(-43.4200784241656,6.11532390388924,-20.1332696474766));
#5505=CARTESIAN_POINT('Ctrl Pts',(-34.9372048690851,5.96250599523065,-32.7136703888659));
#5506=CARTESIAN_POINT('Ctrl Pts',(-23.0734366940532,5.80969142864958,-42.5008074900132));
#5507=CARTESIAN_POINT('Ctrl Pts',(-11.335281107751,5.68744123952766,-46.1969562627055));
#5508=CARTESIAN_POINT('Ctrl Pts',(-5.33391475451796,5.62631806086603,-46.8797831528052));
#5509=CARTESIAN_POINT('Ctrl Pts',(-5.31958560676321,5.36652045878041,-46.7304396866795));
#5510=CARTESIAN_POINT('Ctrl Pts',(-11.3018335939885,5.42764363744203,-46.0494471579916));
#5511=CARTESIAN_POINT('Ctrl Pts',(-23.0024629266869,5.54989382656396,-42.3643912607788));
#5512=CARTESIAN_POINT('Ctrl Pts',(-34.8279639214461,5.70270839314503,-32.607704999882));
#5513=CARTESIAN_POINT('Ctrl Pts',(-43.2831624959343,5.85552630180361,-20.0668252820259));
#5514=CARTESIAN_POINT('Ctrl Pts',(-46.0507184772643,5.94721198763994,-11.2966522900783));
#5515=CARTESIAN_POINT('Ctrl Pts',(-46.7310379129725,6.00833516553634,-5.31432779515928));
#5516=CARTESIAN_POINT('Ctrl Pts',(-5.,6.49294740488123,-45.1992820845753));
#5517=CARTESIAN_POINT('Ctrl Pts',(-5.,6.22813832273644,-45.6601060343569));
#5518=CARTESIAN_POINT('Ctrl Pts',(-5.,5.96330081943485,-46.1209136520346));
#5519=CARTESIAN_POINT('Ctrl Pts',(-5.,5.69843733350537,-46.5817063348103));
#5520=CARTESIAN_POINT('Ctrl Pts',(-5.,6.56317853359098,-45.2396398844258));
#5521=CARTESIAN_POINT('Ctrl Pts',(-5.00000088973693,6.29834601383598,-45.7004542185856));
#5522=CARTESIAN_POINT('Ctrl Pts',(-4.99999916387083,6.03348652031233,-46.1612528507707));
#5523=CARTESIAN_POINT('Ctrl Pts',(-5.,5.76860099866347,-46.6220363869878));
#5524=CARTESIAN_POINT('Ctrl Pts',(-5.06943299968751,6.7029490295436,-45.3199579685048));
#5525=CARTESIAN_POINT('Ctrl Pts',(-5.06938776486122,6.43807189587898,-45.7807542940342));
#5526=CARTESIAN_POINT('Ctrl Pts',(-5.06934469288156,6.1731673572137,-46.2415343817161));
#5527=CARTESIAN_POINT('Ctrl Pts',(-5.0693021134986,5.90823988588423,-46.7023007744729));
#5528=CARTESIAN_POINT('Ctrl Pts',(-5.23385829633112,6.75620004671498,-45.3505582725626));
#5529=CARTESIAN_POINT('Ctrl Pts',(-5.23373217963889,6.49135434233411,-45.8113756226729));
#5530=CARTESIAN_POINT('Ctrl Pts',(-5.23361024638314,6.22648383998,-46.2721779639322));
#5531=CARTESIAN_POINT('Ctrl Pts',(-5.23349145415708,5.96158590433102,-46.7329640487271));
#5532=CARTESIAN_POINT('Ctrl Pts',(-5.31476119285973,6.75274439592951,-45.3485725083393));
#5533=CARTESIAN_POINT('Ctrl Pts',(-5.31461237655208,6.48793552665194,-45.809410802001));
#5534=CARTESIAN_POINT('Ctrl Pts',(-5.31446803728646,6.22309822667651,-46.270232113477));
#5535=CARTESIAN_POINT('Ctrl Pts',(-5.31432779515925,5.95823493559099,-46.7310379129726));
#5536=CARTESIAN_POINT('',(-5.31476053945552,6.75274439592949,-45.3485693417596));
#5537=CARTESIAN_POINT('',(-5.,6.38659436353088,-45.3843554003113));
#5538=CARTESIAN_POINT('Ctrl Pts',(-5.,6.38659436451057,-45.3843554008838));
#5539=CARTESIAN_POINT('Ctrl Pts',(-5.00000005011372,6.40702506084141,-45.3843553933395));
#5540=CARTESIAN_POINT('Ctrl Pts',(-5.00165585225439,6.42743978579578,-45.3841740369418));
#5541=CARTESIAN_POINT('Ctrl Pts',(-5.00483277235292,6.44761920912461,-45.3838240767174));
#5542=CARTESIAN_POINT('Ctrl Pts',(-5.00809428967205,6.46833598406249,-45.3834647975107));
#5543=CARTESIAN_POINT('Ctrl Pts',(-5.01295944120705,6.48880602530155,-45.3829285432161));
#5544=CARTESIAN_POINT('Ctrl Pts',(-5.01933592467994,6.50878650282066,-45.3822259439969));
#5545=CARTESIAN_POINT('Ctrl Pts',(-5.02246279248809,6.5185844286228,-45.381881406935));
#5546=CARTESIAN_POINT('Ctrl Pts',(-5.02595384655483,6.5282644270522,-45.3814967526313));
#5547=CARTESIAN_POINT('Ctrl Pts',(-5.02980222730239,6.53779593654079,-45.3810721274971));
#5548=CARTESIAN_POINT('Ctrl Pts',(-5.03754003989412,6.55696062916785,-45.3802183477062));
#5549=CARTESIAN_POINT('Ctrl Pts',(-5.0467084686771,6.57550316582844,-45.3791998921633));
#5550=CARTESIAN_POINT('Ctrl Pts',(-5.05727486285443,6.59315551606706,-45.3780210632645));
#5551=CARTESIAN_POINT('Ctrl Pts',(-5.06670516585565,6.60890989818076,-45.3769689812093));
#5552=CARTESIAN_POINT('Ctrl Pts',(-5.07724990372984,6.62395556332266,-45.3757893513893));
#5553=CARTESIAN_POINT('Ctrl Pts',(-5.08891035179309,6.63806625096579,-45.3744647066805));
#5554=CARTESIAN_POINT('Ctrl Pts',(-5.09031511388319,6.63976619928329,-45.3743051235616));
#5555=CARTESIAN_POINT('Ctrl Pts',(-5.09173609237033,6.6414525273593,-45.3741434068217));
#5556=CARTESIAN_POINT('Ctrl Pts',(-5.09317330796562,6.64312479618034,-45.3739795009822));
#5557=CARTESIAN_POINT('Ctrl Pts',(-5.09838006195233,6.64918310251885,-45.373385701843));
#5558=CARTESIAN_POINT('Ctrl Pts',(-5.10379993209935,6.65505698529498,-45.3727632290156));
#5559=CARTESIAN_POINT('Ctrl Pts',(-5.10942402084867,6.66073372133646,-45.3721141287004));
#5560=CARTESIAN_POINT('Ctrl Pts',(-5.12255855409051,6.67399120740495,-45.3705982156261));
#5561=CARTESIAN_POINT('Ctrl Pts',(-5.1367485921151,6.68611710004689,-45.36894674215));
#5562=CARTESIAN_POINT('Ctrl Pts',(-5.15186329004707,6.69694098009905,-45.3672018947973));
#5563=CARTESIAN_POINT('Ctrl Pts',(-5.16604280665649,6.70709516165589,-45.3655650051863));
#5564=CARTESIAN_POINT('Ctrl Pts',(-5.18103710690394,6.71610353579858,-45.3638459804401));
#5565=CARTESIAN_POINT('Ctrl Pts',(-5.19673014866739,6.72378589705371,-45.3620569514181));
#5566=CARTESIAN_POINT('Ctrl Pts',(-5.1997284231088,6.7252536703349,-45.3617151438787));
#5567=CARTESIAN_POINT('Ctrl Pts',(-5.20275215408261,6.72667291549453,-45.3613707093264));
#5568=CARTESIAN_POINT('Ctrl Pts',(-5.20580045008985,6.72804219336913,-45.3610236275591));
#5569=CARTESIAN_POINT('Ctrl Pts',(-5.22142536621414,6.73506082013327,-45.3592445603391));
#5570=CARTESIAN_POINT('Ctrl Pts',(-5.23760244567452,6.74072512030665,-45.3574126943581));
#5571=CARTESIAN_POINT('Ctrl Pts',(-5.25419037947645,6.74485982544603,-45.3555295631511));
#5572=CARTESIAN_POINT('Ctrl Pts',(-5.25598727378582,6.7453077189706,-45.3553255722388));
#5573=CARTESIAN_POINT('Ctrl Pts',(-5.257788970964,6.74573762245355,-45.3551209560957));
#5574=CARTESIAN_POINT('Ctrl Pts',(-5.25959527650569,6.74614928237606,-45.3549156990112));
#5575=CARTESIAN_POINT('Ctrl Pts',(-5.27609610002621,6.74990984645285,-45.3530406502731));
#5576=CARTESIAN_POINT('Ctrl Pts',(-5.29287121397757,6.75212578090967,-45.3511271172768));
#5577=CARTESIAN_POINT('Ctrl Pts',(-5.30976040055446,6.75264164363461,-45.3491571709139));
#5578=CARTESIAN_POINT('Ctrl Pts',(-5.31142629080427,6.75269252652822,-45.3489628622997));
#5579=CARTESIAN_POINT('Ctrl Pts',(-5.31309327638724,6.75272683468071,-45.3487679850188));
#5580=CARTESIAN_POINT('Ctrl Pts',(-5.31476119285966,6.75274439579476,-45.3485725085738));
#5581=CARTESIAN_POINT('Ctrl Pts',(-5.,6.38659436451639,-45.3843554008736));
#5582=CARTESIAN_POINT('Ctrl Pts',(-5.,6.15722923539321,-45.783484187906));
#5583=CARTESIAN_POINT('Ctrl Pts',(-5.,5.92784303024477,-46.1826008632742));
#5584=CARTESIAN_POINT('Ctrl Pts',(-5.,5.69843733350537,-46.5817063348103));
#5585=CARTESIAN_POINT('Ctrl Pts',(-5.31432779515925,5.95823493559099,-46.7310379129726));
#5586=CARTESIAN_POINT('Ctrl Pts',(-5.31446803728646,6.22309822667651,-46.270232113477));
#5587=CARTESIAN_POINT('Ctrl Pts',(-5.31461237655208,6.48793552665194,-45.809410802001));
#5588=CARTESIAN_POINT('Ctrl Pts',(-5.31476119285973,6.75274439592951,-45.3485725083393));
#5589=CARTESIAN_POINT('Ctrl Pts',(-5.,5.62631806086603,-46.5817063348102));
#5590=CARTESIAN_POINT('Ctrl Pts',(-5.,5.50413372326578,-46.3682827985152));
#5591=CARTESIAN_POINT('Ctrl Pts',(-5.,5.38195999620559,-46.1548531877024));
#5592=CARTESIAN_POINT('Ctrl Pts',(-5.,5.25979732577997,-45.9414172484743));
#5593=CARTESIAN_POINT('Ctrl Pts',(-5.,5.55532290739606,-46.622350848298));
#5594=CARTESIAN_POINT('Ctrl Pts',(-4.99999945457965,5.43312425122275,-46.4089323775926));
#5595=CARTESIAN_POINT('Ctrl Pts',(-5.00000056139168,5.31093647003413,-46.1955076364499));
#5596=CARTESIAN_POINT('Ctrl Pts',(-5.,5.1887590652948,-45.9820768657564));
#5597=CARTESIAN_POINT('Ctrl Pts',(-5.07089961551016,5.41406172894123,-46.7032224513919));
#5598=CARTESIAN_POINT('Ctrl Pts',(-5.07092684483592,5.29183584675495,-46.4898133690826));
#5599=CARTESIAN_POINT('Ctrl Pts',(-5.07095396294073,5.16961926395104,-46.2763987295033));
#5600=CARTESIAN_POINT('Ctrl Pts',(-5.07098196136006,5.04741384447337,-46.0629775317357));
#5601=CARTESIAN_POINT('Ctrl Pts',(-5.23795372223878,5.36188551492053,-46.7330931782071));
#5602=CARTESIAN_POINT('Ctrl Pts',(-5.23802907474866,5.23967888819868,-46.519670734453));
#5603=CARTESIAN_POINT('Ctrl Pts',(-5.23810519341636,5.1174841665084,-46.306241323116));
#5604=CARTESIAN_POINT('Ctrl Pts',(-5.23818264185044,4.99529856666044,-46.0928063484318));
#5605=CARTESIAN_POINT('Ctrl Pts',(-5.31958560676324,5.36652045878039,-46.7304396866796));
#5606=CARTESIAN_POINT('Ctrl Pts',(-5.31967403432306,5.24433621142524,-46.5170046636404));
#5607=CARTESIAN_POINT('Ctrl Pts',(-5.31976365303516,5.12216257643318,-46.3035633322686));
#5608=CARTESIAN_POINT('Ctrl Pts',(-5.31985451209296,4.99999999999999,-46.0901154255551));
#5609=CARTESIAN_POINT('',(-5.,5.36870720284331,-46.1316918640555));
#5610=CARTESIAN_POINT('',(-5.31985451209297,5.,-46.0901154255551));
#5611=CARTESIAN_POINT('Ctrl Pts',(-5.31985451209296,5.,-46.0901154255551));
#5612=CARTESIAN_POINT('Ctrl Pts',(-5.3184512004817,5.,-46.0903027988498));
#5613=CARTESIAN_POINT('Ctrl Pts',(-5.31704800268183,5.00001189915189,-46.0904898073403));
#5614=CARTESIAN_POINT('Ctrl Pts',(-5.3156450178211,5.00003561278362,-46.0906764662312));
#5615=CARTESIAN_POINT('Ctrl Pts',(-5.3139840757042,5.00006368647906,-46.0908974448192));
#5616=CARTESIAN_POINT('Ctrl Pts',(-5.31232354469369,5.00010831654343,-46.091117918496));
#5617=CARTESIAN_POINT('Ctrl Pts',(-5.31066358823687,5.00016935952368,-46.091337910726));
#5618=CARTESIAN_POINT('Ctrl Pts',(-5.30691102857879,5.00030735556819,-46.09183523339));
#5619=CARTESIAN_POINT('Ctrl Pts',(-5.30316239658101,5.00052918588557,-46.0923299681184));
#5620=CARTESIAN_POINT('Ctrl Pts',(-5.29941955374365,5.00083313824791,-46.0928223507135));
#5621=CARTESIAN_POINT('Ctrl Pts',(-5.28387774352099,5.00209527244309,-46.0948669240988));
#5622=CARTESIAN_POINT('Ctrl Pts',(-5.26849147383206,5.00476633903428,-46.0968648651513));
#5623=CARTESIAN_POINT('Ctrl Pts',(-5.25338458917678,5.00871452024763,-46.0988245877653));
#5624=CARTESIAN_POINT('Ctrl Pts',(-5.23660812474312,5.01309904579443,-46.101000894627));
#5625=CARTESIAN_POINT('Ctrl Pts',(-5.22029652237795,5.01902492167309,-46.1031121913753));
#5626=CARTESIAN_POINT('Ctrl Pts',(-5.20459076730577,5.02629369267777,-46.1051584514343));
#5627=CARTESIAN_POINT('Ctrl Pts',(-5.19022024519946,5.03294450532119,-46.1070307476263));
#5628=CARTESIAN_POINT('Ctrl Pts',(-5.17635594315197,5.040720428428,-46.1088481125906));
#5629=CARTESIAN_POINT('Ctrl Pts',(-5.16309368758927,5.0495007045877,-46.1105926304816));
#5630=CARTESIAN_POINT('Ctrl Pts',(-5.14744741100828,5.05985932183819,-46.1126507426402));
#5631=CARTESIAN_POINT('Ctrl Pts',(-5.13273168010914,5.07155410717144,-46.1145960448229));
#5632=CARTESIAN_POINT('Ctrl Pts',(-5.11907555566881,5.0843898148543,-46.1163996310874));
#5633=CARTESIAN_POINT('Ctrl Pts',(-5.1106457705726,5.09231316512818,-46.1175129663296));
#5634=CARTESIAN_POINT('Ctrl Pts',(-5.10261939683785,5.10067224238154,-46.1185717389198));
#5635=CARTESIAN_POINT('Ctrl Pts',(-5.09502585845844,5.10942953298653,-46.119564335621));
#5636=CARTESIAN_POINT('Ctrl Pts',(-5.09481878702522,5.109668339275,-46.1195914031633));
#5637=CARTESIAN_POINT('Ctrl Pts',(-5.09461203749366,5.10990744204536,-46.1196184212888));
#5638=CARTESIAN_POINT('Ctrl Pts',(-5.09440560985715,5.11014684003033,-46.1196453900517));
#5639=CARTESIAN_POINT('Ctrl Pts',(-5.08235423499505,5.12412304450981,-46.1212198433454));
#5640=CARTESIAN_POINT('Ctrl Pts',(-5.07142418458414,5.13907140812204,-46.1226239557606));
#5641=CARTESIAN_POINT('Ctrl Pts',(-5.0616144736489,5.15475694021549,-46.1238794036818));
#5642=CARTESIAN_POINT('Ctrl Pts',(-5.05118810559564,5.17142849473909,-46.1252137714511));
#5643=CARTESIAN_POINT('Ctrl Pts',(-5.04202663422278,5.18893348283305,-46.1263798116172));
#5644=CARTESIAN_POINT('Ctrl Pts',(-5.03415588214093,5.20703398466185,-46.1273782397384));
#5645=CARTESIAN_POINT('Ctrl Pts',(-5.03302100218111,5.20964388732102,-46.1275222026093));
#5646=CARTESIAN_POINT('Ctrl Pts',(-5.03191301156661,5.21226623112082,-46.1276626463658));
#5647=CARTESIAN_POINT('Ctrl Pts',(-5.03083204477657,5.21490035907397,-46.1277995409694));
#5648=CARTESIAN_POINT('Ctrl Pts',(-5.02288533255929,5.23426511382864,-46.1288059197307));
#5649=CARTESIAN_POINT('Ctrl Pts',(-5.01640246931765,5.2542500597372,-46.1296248994795));
#5650=CARTESIAN_POINT('Ctrl Pts',(-5.01145708041105,5.27460662797328,-46.1302494346742));
#5651=CARTESIAN_POINT('Ctrl Pts',(-5.00663409173345,5.29445936351577,-46.1308585123888));
#5652=CARTESIAN_POINT('Ctrl Pts',(-5.00327299803657,5.31466679158875,-46.1312819429091));
#5653=CARTESIAN_POINT('Ctrl Pts',(-5.00148762172682,5.33501119120218,-46.1315058467378));
#5654=CARTESIAN_POINT('Ctrl Pts',(-5.0005045113488,5.34621375409333,-46.1316291384922));
#5655=CARTESIAN_POINT('Ctrl Pts',(-5.00000001737794,5.35745797067418,-46.1316918616207));
#5656=CARTESIAN_POINT('Ctrl Pts',(-5.,5.36870720257597,-46.131691864207));
#5657=CARTESIAN_POINT('Ctrl Pts',(-5.31985451209296,4.99999999999999,-46.0901154255551));
#5658=CARTESIAN_POINT('Ctrl Pts',(-5.31976365303516,5.12216257643318,-46.3035633322686));
#5659=CARTESIAN_POINT('Ctrl Pts',(-5.31967403432306,5.24433621142524,-46.5170046636404));
#5660=CARTESIAN_POINT('Ctrl Pts',(-5.31958560676324,5.36652045878039,-46.7304396866796));
#5661=CARTESIAN_POINT('Ctrl Pts',(-5.,5.62631806086603,-46.5817063348102));
#5662=CARTESIAN_POINT('Ctrl Pts',(-5.,5.54044248176192,-46.4317045413418));
#5663=CARTESIAN_POINT('Ctrl Pts',(-5.,5.45457214403928,-46.2816997471907));
#5664=CARTESIAN_POINT('Ctrl Pts',(-5.,5.36870720257597,-46.131691864207));
#5665=CARTESIAN_POINT('Origin',(-60.1127414201234,16.18,-5.00000000000001));
#5666=CARTESIAN_POINT('',(-45.3843554003194,16.18,-5.00000000000001));
#5667=CARTESIAN_POINT('Ctrl Pts',(-46.7310379129725,6.00833516553636,-5.31432779515923));
#5668=CARTESIAN_POINT('Ctrl Pts',(-46.0506958574761,5.94720995536913,-11.2968511950432));
#5669=CARTESIAN_POINT('Ctrl Pts',(-42.364597100353,5.82495953503467,-22.9948776908969));
#5670=CARTESIAN_POINT('Ctrl Pts',(-30.6629183567221,5.64158390453297,-37.1956179593222));
#5671=CARTESIAN_POINT('Ctrl Pts',(-17.1879601031387,5.48877087911489,-44.5095377087804));
#5672=CARTESIAN_POINT('Ctrl Pts',(-8.31080901413811,5.39708306386404,-46.3899321055147));
#5673=CARTESIAN_POINT('Ctrl Pts',(-5.3195856067631,5.36652045878042,-46.7304396866796));
#5674=CARTESIAN_POINT('Ctrl Pts',(-46.2762029221376,5.74404450651671,-5.26262043377482));
#5675=CARTESIAN_POINT('Ctrl Pts',(-45.6024804606617,5.68291929634947,-11.1869157031205));
#5676=CARTESIAN_POINT('Ctrl Pts',(-41.9522542427971,5.56066887601501,-22.771084001011));
#5677=CARTESIAN_POINT('Ctrl Pts',(-30.3644627466616,5.37729324551331,-36.8336042535394));
#5678=CARTESIAN_POINT('Ctrl Pts',(-17.0206535668412,5.22448022009523,-44.0763327476179));
#5679=CARTESIAN_POINT('Ctrl Pts',(-8.22990308127629,5.13279240484438,-45.9384220461729));
#5680=CARTESIAN_POINT('Ctrl Pts',(-5.26779311919694,5.10222979976077,-46.27561438138));
#5681=CARTESIAN_POINT('Ctrl Pts',(-45.8213679048242,5.47975384466045,-5.21091331976187));
#5682=CARTESIAN_POINT('Ctrl Pts',(-45.1542650057062,5.41862863449322,-11.0769804551801));
#5683=CARTESIAN_POINT('Ctrl Pts',(-41.5399112650864,5.29637821415876,-22.547290536014));
#5684=CARTESIAN_POINT('Ctrl Pts',(-30.0660069409278,5.11300258365706,-36.4715907112462));
#5685=CARTESIAN_POINT('Ctrl Pts',(-16.8533467957103,4.96018955823898,-43.6431278789255));
#5686=CARTESIAN_POINT('Ctrl Pts',(-8.1489969033227,4.86850174298813,-45.4869120324085));
#5687=CARTESIAN_POINT('Ctrl Pts',(-5.21600038463382,4.83793913790451,-45.8207891058505));
#5688=CARTESIAN_POINT('Ctrl Pts',(-45.3665328586257,5.21546317961068,-5.15920647610959));
#5689=CARTESIAN_POINT('Ctrl Pts',(-44.7060494872604,5.15433796944345,-10.9670454739032));
#5690=CARTESIAN_POINT('Ctrl Pts',(-41.127568156106,5.03208754910899,-22.3234973168267));
#5691=CARTESIAN_POINT('Ctrl Pts',(-29.7675509213759,4.84871191860729,-36.109577347675));
#5692=CARTESIAN_POINT('Ctrl Pts',(-16.6860397679475,4.69589889318921,-43.2099231113456));
#5693=CARTESIAN_POINT('Ctrl Pts',(-8.0680904575156,4.60421107793836,-45.0354020685091));
#5694=CARTESIAN_POINT('Ctrl Pts',(-5.16420738013151,4.57364847285474,-45.3659638629104));
#5695=CARTESIAN_POINT('',(-38.5750590232149,4.99999999983177,-24.4270774779998));
#5696=CARTESIAN_POINT('Ctrl Pts',(-38.5750590232074,4.99999999983163,-24.4270774780116));
#5697=CARTESIAN_POINT('Ctrl Pts',(-38.1713159737507,4.99999999984304,-25.0903771466468));
#5698=CARTESIAN_POINT('Ctrl Pts',(-37.7507892187888,4.99999999985665,-25.7430930953648));
#5699=CARTESIAN_POINT('Ctrl Pts',(-37.314015465749,4.9999999998712,-26.3846687642669));
#5700=CARTESIAN_POINT('Ctrl Pts',(-36.8758824957076,4.9999999998858,-27.0282409829869));
#5701=CARTESIAN_POINT('Ctrl Pts',(-36.4214010016793,4.99999999990134,-27.660603845913));
#5702=CARTESIAN_POINT('Ctrl Pts',(-35.9510670450957,4.99999999991655,-28.2811697602583));
#5703=CARTESIAN_POINT('Ctrl Pts',(-35.4564739180795,4.99999999993255,-28.9337436001853));
#5704=CARTESIAN_POINT('Ctrl Pts',(-34.9443509431239,4.99999999994819,-29.5732729024652));
#5705=CARTESIAN_POINT('Ctrl Pts',(-34.4152253359672,4.99999999996196,-30.1990370337965));
#5706=CARTESIAN_POINT('Ctrl Pts',(-33.9157545122178,4.99999999997497,-30.7897302868189));
#5707=CARTESIAN_POINT('Ctrl Pts',(-33.4011328195259,4.99999999998633,-31.3681580875023));
#5708=CARTESIAN_POINT('Ctrl Pts',(-32.8717662087297,4.99999999999476,-31.9336774556294));
#5709=CARTESIAN_POINT('Ctrl Pts',(-32.3461509620543,5.00000000000313,-32.4951892625997));
#5710=CARTESIAN_POINT('Ctrl Pts',(-31.8059987495019,5.00000000000863,-33.043975243785));
#5711=CARTESIAN_POINT('Ctrl Pts',(-31.2516752458674,5.00000000001001,-33.5793657915794));
#5712=CARTESIAN_POINT('Ctrl Pts',(-31.1711479168309,5.00000000001021,-33.6571427043797));
#5713=CARTESIAN_POINT('Ctrl Pts',(-31.0903214695427,5.00000000001032,-33.7346368487623));
#5714=CARTESIAN_POINT('Ctrl Pts',(-31.0091969744631,5.00000000001034,-33.8118460946643));
#5715=CARTESIAN_POINT('Ctrl Pts',(-30.9698775613849,5.00000000001035,-33.8492678651184));
#5716=CARTESIAN_POINT('Ctrl Pts',(-30.930490946231,5.00000000001035,-33.8866200174888));
#5717=CARTESIAN_POINT('Ctrl Pts',(-30.891042997677,5.00000000001035,-33.9238969718196));
#5718=CARTESIAN_POINT('Ctrl Pts',(-30.343119541678,5.00000000001038,-34.4416657885704));
#5719=CARTESIAN_POINT('Ctrl Pts',(-29.7830342727548,5.00000000001045,-34.9452452022317));
#5720=CARTESIAN_POINT('Ctrl Pts',(-29.2112809216958,5.00000000001057,-35.4341575858172));
#5721=CARTESIAN_POINT('Ctrl Pts',(-28.6227595411012,5.00000000001069,-35.9374084901531));
#5722=CARTESIAN_POINT('Ctrl Pts',(-28.0218757895056,5.00000000001086,-36.4251201568675));
#5723=CARTESIAN_POINT('Ctrl Pts',(-27.4093684789343,5.00000000001107,-36.8970451718154));
#5724=CARTESIAN_POINT('Ctrl Pts',(-26.7922538398759,5.00000000001129,-37.3725200440919));
#5725=CARTESIAN_POINT('Ctrl Pts',(-26.1633397895133,5.00000000001155,-37.8319701281259));
#5726=CARTESIAN_POINT('Ctrl Pts',(-25.5233421893381,5.00000000001184,-38.2751067139372));
#5727=CARTESIAN_POINT('Ctrl Pts',(-24.8804117090433,5.00000000001214,-38.7202740362425));
#5728=CARTESIAN_POINT('Ctrl Pts',(-24.2262955053566,5.00000000001248,-39.1489782486896));
#5729=CARTESIAN_POINT('Ctrl Pts',(-23.5616845629379,5.00000000001282,-39.5608870229315));
#5730=CARTESIAN_POINT('Ctrl Pts',(-22.896235506907,5.00000000001317,-39.9733152384413));
#5731=CARTESIAN_POINT('Ctrl Pts',(-22.2202648477834,5.00000000001352,-40.3689058639419));
#5732=CARTESIAN_POINT('Ctrl Pts',(-21.5344369771142,5.00000000001386,-40.7472820663762));
#5733=CARTESIAN_POINT('Ctrl Pts',(-20.8517866692235,5.00000000001421,-41.1239051844163));
#5734=CARTESIAN_POINT('Ctrl Pts',(-20.1593698824839,5.00000000001454,-41.4834732175953));
#5735=CARTESIAN_POINT('Ctrl Pts',(-19.4578187287581,5.00000000001483,-41.8255685947298));
#5736=CARTESIAN_POINT('Ctrl Pts',(-18.7603894084186,5.00000000001511,-42.165654054071));
#5737=CARTESIAN_POINT('Ctrl Pts',(-18.0539323550106,5.00000000001534,-42.4884717500965));
#5738=CARTESIAN_POINT('Ctrl Pts',(-17.3390515600246,5.00000000001549,-42.7935631394312));
#5739=CARTESIAN_POINT('Ctrl Pts',(-17.0572996834368,5.00000000001555,-42.9138070627241));
#5740=CARTESIAN_POINT('Ctrl Pts',(-16.7742391579378,5.0000000000156,-43.0312969438111));
#5741=CARTESIAN_POINT('Ctrl Pts',(-16.4899064273067,5.00000000001563,-43.1460025351858));
#5742=CARTESIAN_POINT('Ctrl Pts',(-16.3671094854548,5.00000000001564,-43.195541312529));
#5743=CARTESIAN_POINT('Ctrl Pts',(-16.2440752509004,5.00000000001565,-43.2445607530163));
#5744=CARTESIAN_POINT('Ctrl Pts',(-16.1208066458216,5.00000000001565,-43.2930583467054));
#5745=CARTESIAN_POINT('Ctrl Pts',(-16.0600989192208,5.00000000001565,-43.31694260058));
#5746=CARTESIAN_POINT('Ctrl Pts',(-15.9993343483297,5.00000000001565,-43.3407002851639));
#5747=CARTESIAN_POINT('Ctrl Pts',(-15.9385132815566,5.00000000001565,-43.3643310966484));
#5748=CARTESIAN_POINT('Ctrl Pts',(-15.8864116874167,5.00000000001565,-43.3845741310851));
#5749=CARTESIAN_POINT('Ctrl Pts',(-15.8342785124463,5.00000000001565,-43.4047202262733));
#5750=CARTESIAN_POINT('Ctrl Pts',(-15.7821129867013,5.00000000001565,-43.4247696894881));
#5751=CARTESIAN_POINT('Ctrl Pts',(-15.159898628816,5.0000000000156,-43.6639135244628));
#5752=CARTESIAN_POINT('Ctrl Pts',(-14.5331307617041,5.00000000001522,-43.8892927684721));
#5753=CARTESIAN_POINT('Ctrl Pts',(-13.9022429857998,5.0000000000146,-44.1007376541135));
#5754=CARTESIAN_POINT('Ctrl Pts',(-13.1636676891255,5.00000000001388,-44.3482744983946));
#5755=CARTESIAN_POINT('Ctrl Pts',(-12.4194464109774,5.00000000001283,-44.5767154088035));
#5756=CARTESIAN_POINT('Ctrl Pts',(-11.6703695272162,5.00000000001162,-44.7860828490753));
#5757=CARTESIAN_POINT('Ctrl Pts',(-10.9165153504532,5.0000000000104,-44.9967855456192));
#5758=CARTESIAN_POINT('Ctrl Pts',(-10.1577430309174,5.00000000000901,-45.1881708257109));
#5759=CARTESIAN_POINT('Ctrl Pts',(-9.39483427011298,5.0000000000076,-45.3602140712997));
#5760=CARTESIAN_POINT('Ctrl Pts',(-8.62774607726469,5.00000000000619,-45.5331998189157));
#5761=CARTESIAN_POINT('Ctrl Pts',(-7.85647557349388,5.00000000000476,-45.6866311452654));
#5762=CARTESIAN_POINT('Ctrl Pts',(-7.08179957197353,5.00000000000347,-45.8204334119382));
#5763=CARTESIAN_POINT('Ctrl Pts',(-6.49631989169315,5.00000000000249,-45.9215576343984));
#5764=CARTESIAN_POINT('Ctrl Pts',(-5.90889460233507,5.00000000000158,-46.0114688537879));
#5765=CARTESIAN_POINT('Ctrl Pts',(-5.31985461444106,5.00000000000081,-46.090115606149));
#5766=CARTESIAN_POINT('Ctrl Pts',(-45.3485693425155,5.21382570516408,-5.3147605395462));
#5767=CARTESIAN_POINT('Ctrl Pts',(-44.6740153779999,5.15324631981238,-11.0684110850329));
#5768=CARTESIAN_POINT('Ctrl Pts',(-42.5772668820983,5.08197108470161,-17.6838858732205));
#5769=CARTESIAN_POINT('Ctrl Pts',(-39.1225847726824,5.01069584959084,-23.5631853089018));
#5770=CARTESIAN_POINT('Ctrl Pts',(-38.5750590232147,4.99999999983177,-24.4270774780001));
#5771=CARTESIAN_POINT('Origin',(1.11022302462516E-15,7.911,-1.0547118733939E-14));
#5772=CARTESIAN_POINT('Origin',(-46.5817063348092,6.37631806086611,5.30000000000878));
#5773=CARTESIAN_POINT('',(-46.7304396866795,6.11652045878039,5.31958560676317));
#5774=CARTESIAN_POINT('',(-46.5817063347948,6.37631806085718,4.99999999999999));
#5775=CARTESIAN_POINT('Origin',(-46.5817063348102,6.37631806086602,5.29999999999996));
#5776=CARTESIAN_POINT('',(-46.8797831528052,6.3763180608662,5.33391475451795));
#5777=CARTESIAN_POINT('Origin',(-46.5817063348092,6.37631806086611,5.30000000000878));
#5778=CARTESIAN_POINT('Origin',(-46.5817063348102,6.37631806085183,5.29999999999998));
#5779=CARTESIAN_POINT('Origin',(-46.5817063348102,6.44843733350557,5.29999999999998));
#5780=CARTESIAN_POINT('',(-46.5817063348102,6.44843733351293,4.99999999999999));
#5781=CARTESIAN_POINT('',(-46.7310379129725,6.70823493559102,5.31432779515924));
#5782=CARTESIAN_POINT('Origin',(-46.581706334802,6.4484373335101,5.29999999999998));
#5783=CARTESIAN_POINT('',(-46.8797831528042,6.44843733350548,5.33391475452666));
#5784=CARTESIAN_POINT('Origin',(-46.5817063348102,6.44843733350557,5.29999999999998));
#5785=CARTESIAN_POINT('Origin',(-46.5817063348102,6.44843733350539,5.29999999999998));
#5786=CARTESIAN_POINT('Origin',(-46.5817063348102,7.911,5.29999999999998));
#5787=CARTESIAN_POINT('',(-46.8797831528052,7.911,5.33391475451795));
#5788=CARTESIAN_POINT('',(-46.5817063348102,7.911,4.99999999999999));
#5789=CARTESIAN_POINT('Origin',(-5.3,7.01813276762178,46.5817063348102));
#5790=CARTESIAN_POINT('',(-5.,7.01813276761442,46.5817063348102));
#5791=CARTESIAN_POINT('',(-5.31432779515922,6.75833516553633,46.7310379129725));
#5792=CARTESIAN_POINT('Origin',(-5.29999999999996,7.01813276761725,46.581706334802));
#5793=CARTESIAN_POINT('',(-5.33391475452663,7.01813276762187,46.8797831528042));
#5794=CARTESIAN_POINT('Origin',(-5.3,7.01813276762178,46.5817063348102));
#5795=CARTESIAN_POINT('Origin',(-5.29999999999996,7.01813276762196,46.5817063348102));
#5796=CARTESIAN_POINT('Origin',(-5.30000000000876,7.09025204026123,46.5817063348092));
#5797=CARTESIAN_POINT('',(-5.31958560676322,7.35004964234695,46.7304396866795));
#5798=CARTESIAN_POINT('',(-5.,7.09025204027018,46.5817063347948));
#5799=CARTESIAN_POINT('Origin',(-5.3,7.09025204026132,46.5817063348102));
#5800=CARTESIAN_POINT('',(-5.33391475451797,7.09025204026114,46.8797831528052));
#5801=CARTESIAN_POINT('Origin',(-5.30000000000876,7.09025204026123,46.5817063348092));
#5802=CARTESIAN_POINT('Origin',(-5.3,7.09025204027552,46.5817063348102));
#5803=CARTESIAN_POINT('Ctrl Pts',(-5.31958560676322,7.35004964234695,46.7304396866795));
#5804=CARTESIAN_POINT('Ctrl Pts',(-11.3018335882652,7.2889264637438,46.0494471586431));
#5805=CARTESIAN_POINT('Ctrl Pts',(-20.0716911073421,7.19724079585439,43.2808988373518));
#5806=CARTESIAN_POINT('Ctrl Pts',(-32.6116246004449,7.0444228608736,34.8242937238073));
#5807=CARTESIAN_POINT('Ctrl Pts',(-42.3669702470211,6.89160831958458,22.9976968455213));
#5808=CARTESIAN_POINT('Ctrl Pts',(-46.0507184767703,6.76935811353181,11.2966522944225));
#5809=CARTESIAN_POINT('Ctrl Pts',(-46.7310379129725,6.70823493559102,5.31432779515925));
#5810=CARTESIAN_POINT('Ctrl Pts',(-5.32514160275433,7.32013179924167,46.7819665718693));
#5811=CARTESIAN_POINT('Ctrl Pts',(-11.3140039713292,7.25900862063852,46.100260535746));
#5812=CARTESIAN_POINT('Ctrl Pts',(-20.0935140895896,7.16732295274911,43.3287248606113));
#5813=CARTESIAN_POINT('Ctrl Pts',(-32.6473403206706,7.01450501776831,34.8628821068204));
#5814=CARTESIAN_POINT('Ctrl Pts',(-42.4135039427307,6.8616904764793,23.0233057843272));
#5815=CARTESIAN_POINT('Ctrl Pts',(-46.101385826898,6.73944027042653,11.3094193814619));
#5816=CARTESIAN_POINT('Ctrl Pts',(-46.7824959074558,6.67831709248574,5.32048927165281));
#5817=CARTESIAN_POINT('Ctrl Pts',(-5.33273293413243,7.2398925553836,46.8559153616458));
#5818=CARTESIAN_POINT('Ctrl Pts',(-11.3310384889463,7.17876937678045,46.1732404201876));
#5819=CARTESIAN_POINT('Ctrl Pts',(-20.1244949318517,7.08708370889104,43.3974746248047));
#5820=CARTESIAN_POINT('Ctrl Pts',(-32.698262263839,6.93426577391025,34.9184872339582));
#5821=CARTESIAN_POINT('Ctrl Pts',(-42.4800617446017,6.78145123262123,23.0604047110677));
#5822=CARTESIAN_POINT('Ctrl Pts',(-46.1739725909072,6.65920102656846,11.3280540828527));
#5823=CARTESIAN_POINT('Ctrl Pts',(-46.8562599333043,6.59807784862767,5.32970449341352));
#5824=CARTESIAN_POINT('Ctrl Pts',(-5.33436888300645,7.13513059477535,46.8797314827145));
#5825=CARTESIAN_POINT('Ctrl Pts',(-11.3357329547566,7.0740074161722,46.1968459928806));
#5826=CARTESIAN_POINT('Ctrl Pts',(-20.1336836754605,6.98232174828279,43.4198786034949));
#5827=CARTESIAN_POINT('Ctrl Pts',(-32.7140121517081,6.82950381330201,34.9368873696448));
#5828=CARTESIAN_POINT('Ctrl Pts',(-42.5010222193916,6.67668927201298,23.0730233862558));
#5829=CARTESIAN_POINT('Ctrl Pts',(-46.1970655546389,6.55443906596021,11.3348378554292));
#5830=CARTESIAN_POINT('Ctrl Pts',(-46.8798348228958,6.49331588801942,5.33346062602948));
#5831=CARTESIAN_POINT('Ctrl Pts',(-5.33391475451797,7.09025204026133,46.8797831528052));
#5832=CARTESIAN_POINT('Ctrl Pts',(-11.3352811020095,7.02912886165818,46.1969562633588));
#5833=CARTESIAN_POINT('Ctrl Pts',(-20.1332656727543,6.93744319376877,43.420072798422));
#5834=CARTESIAN_POINT('Ctrl Pts',(-32.7136716040489,6.78462525878797,34.9372036760704));
#5835=CARTESIAN_POINT('Ctrl Pts',(-42.5007986421114,6.63181071749895,23.0734373010201));
#5836=CARTESIAN_POINT('Ctrl Pts',(-46.1969562707582,6.50956051144618,11.3352810369759));
#5837=CARTESIAN_POINT('Ctrl Pts',(-46.8797831528052,6.44843733350539,5.33391475451796));
#5838=CARTESIAN_POINT('Ctrl Pts',(-46.8797831528052,6.44843733350539,5.33391475451796));
#5839=CARTESIAN_POINT('Ctrl Pts',(-46.1969562707582,6.50956051144618,11.3352810369759));
#5840=CARTESIAN_POINT('Ctrl Pts',(-42.5007986421114,6.63181071749895,23.0734373010201));
#5841=CARTESIAN_POINT('Ctrl Pts',(-32.7136716040489,6.78462525878797,34.9372036760704));
#5842=CARTESIAN_POINT('Ctrl Pts',(-20.1332656727543,6.93744319376877,43.420072798422));
#5843=CARTESIAN_POINT('Ctrl Pts',(-11.3352811020095,7.02912886165818,46.1969562633588));
#5844=CARTESIAN_POINT('Ctrl Pts',(-5.33391475451797,7.09025204026133,46.8797831528052));
#5845=CARTESIAN_POINT('Ctrl Pts',(-5.31958560676322,7.35004964234695,46.7304396866795));
#5846=CARTESIAN_POINT('Ctrl Pts',(-11.3018335882652,7.2889264637438,46.0494471586431));
#5847=CARTESIAN_POINT('Ctrl Pts',(-20.0716911073421,7.19724079585439,43.2808988373518));
#5848=CARTESIAN_POINT('Ctrl Pts',(-32.6116246004449,7.0444228608736,34.8242937238073));
#5849=CARTESIAN_POINT('Ctrl Pts',(-42.3669702470211,6.89160831958458,22.9976968455213));
#5850=CARTESIAN_POINT('Ctrl Pts',(-46.0507184767703,6.76935811353181,11.2966522944225));
#5851=CARTESIAN_POINT('Ctrl Pts',(-46.7310379129725,6.70823493559102,5.31432779515925));
#5852=CARTESIAN_POINT('Origin',(-5.3,7.91099999999999,46.5817063348102));
#5853=CARTESIAN_POINT('',(-5.33391475451797,7.91099999999999,46.8797831528052));
#5854=CARTESIAN_POINT('',(-5.,7.91099999999999,46.5817063348102));
#5855=CARTESIAN_POINT('Ctrl Pts',(-5.,7.09025204026131,46.5817063348102));
#5856=CARTESIAN_POINT('Ctrl Pts',(-5.,7.35404659088745,46.1209274252073));
#5857=CARTESIAN_POINT('Ctrl Pts',(-5.,7.61779171934123,45.6601202212123));
#5858=CARTESIAN_POINT('Ctrl Pts',(-5.,7.88148278915026,45.1992820845753));
#5859=CARTESIAN_POINT('Ctrl Pts',(-5.,7.16124719373129,46.622350848298));
#5860=CARTESIAN_POINT('Ctrl Pts',(-4.99999882244386,7.42507265798856,46.1615828752436));
#5861=CARTESIAN_POINT('Ctrl Pts',(-5.0000012539187,7.68884861945445,45.7007863029356));
#5862=CARTESIAN_POINT('Ctrl Pts',(-5.,7.95257259029217,45.2399595898105));
#5863=CARTESIAN_POINT('Ctrl Pts',(-5.07090183710399,7.3025063139296,46.7032212730461));
#5864=CARTESIAN_POINT('Ctrl Pts',(-5.07096062489866,7.56639055882929,46.242473569429));
#5865=CARTESIAN_POINT('Ctrl Pts',(-5.0710201039263,7.83022970066922,45.7816990507604));
#5866=CARTESIAN_POINT('Ctrl Pts',(-5.07108256571745,8.0940162223405,45.3208934789298));
#5867=CARTESIAN_POINT('Ctrl Pts',(-5.23795372223877,7.3546845862068,46.7330931782071));
#5868=CARTESIAN_POINT('Ctrl Pts',(-5.23811640742308,7.61852725878482,46.2723166273874));
#5869=CARTESIAN_POINT('Ctrl Pts',(-5.238283300144,7.88231843714886,45.8115096727766));
#5870=CARTESIAN_POINT('Ctrl Pts',(-5.23845599384302,8.14606068897976,45.3506732649212));
#5871=CARTESIAN_POINT('Ctrl Pts',(-5.31958560676322,7.35004964234694,46.7304396866795));
#5872=CARTESIAN_POINT('Ctrl Pts',(-5.31977652082687,7.61384399813495,46.2696359773309));
#5873=CARTESIAN_POINT('Ctrl Pts',(-5.3199729832466,7.87758892326329,45.8088028850463));
#5874=CARTESIAN_POINT('Ctrl Pts',(-5.32017550494342,8.14127978019854,45.347937634228));
#5875=CARTESIAN_POINT('',(-5.,7.77558019788056,45.384355400304));
#5876=CARTESIAN_POINT('',(-5.3201755049434,8.14127978019854,45.347937634228));
#5877=CARTESIAN_POINT('Ctrl Pts',(-5.32017550494332,8.14127978006438,45.3479376344625));
#5878=CARTESIAN_POINT('Ctrl Pts',(-5.30289933066407,8.14146167952956,45.3499644582612));
#5879=CARTESIAN_POINT('Ctrl Pts',(-5.28573921689953,8.13984398859866,45.3519250117058));
#5880=CARTESIAN_POINT('Ctrl Pts',(-5.26886831710967,8.13661717347249,45.3538443577155));
#5881=CARTESIAN_POINT('Ctrl Pts',(-5.25199741731982,8.13339035834632,45.3557637037252));
#5882=CARTESIAN_POINT('Ctrl Pts',(-5.23541452165724,8.12855392093489,45.3576415571604));
#5883=CARTESIAN_POINT('Ctrl Pts',(-5.21927457261429,8.12225252521803,45.3594767673883));
#5884=CARTESIAN_POINT('Ctrl Pts',(-5.20318114965853,8.11596929432225,45.3613066873175));
#5885=CARTESIAN_POINT('Ctrl Pts',(-5.18769436786932,8.1082956894757,45.363072855631));
#5886=CARTESIAN_POINT('Ctrl Pts',(-5.17293700609262,8.09941643172136,45.3647697826238));
#5887=CARTESIAN_POINT('Ctrl Pts',(-5.15721846163821,8.08995884642627,45.3665772345774));
#5888=CARTESIAN_POINT('Ctrl Pts',(-5.14232635698141,8.07913337137525,45.3683060927564));
#5889=CARTESIAN_POINT('Ctrl Pts',(-5.12839403223289,8.06711466170158,45.3699219354759));
#5890=CARTESIAN_POINT('Ctrl Pts',(-5.12617055308016,8.06519657904958,45.3701798100708));
#5891=CARTESIAN_POINT('Ctrl Pts',(-5.12397151048419,8.06324801233061,45.3704347529674));
#5892=CARTESIAN_POINT('Ctrl Pts',(-5.1217974439382,8.06126956849949,45.3706865653352));
#5893=CARTESIAN_POINT('Ctrl Pts',(-5.11240201169689,8.05271953814609,45.3717747960721));
#5894=CARTESIAN_POINT('Ctrl Pts',(-5.1035055504634,8.04364200718466,45.3728007258814));
#5895=CARTESIAN_POINT('Ctrl Pts',(-5.09514473962705,8.03408940200907,45.3737555064368));
#5896=CARTESIAN_POINT('Ctrl Pts',(-5.0828895035943,8.0200872396057,45.375155019151));
#5897=CARTESIAN_POINT('Ctrl Pts',(-5.07178329888132,8.00506672951899,45.3764030228025));
#5898=CARTESIAN_POINT('Ctrl Pts',(-5.06182455158322,7.9892722577896,45.3775170174163));
#5899=CARTESIAN_POINT('Ctrl Pts',(-5.05455192027246,7.97773793864306,45.3783305406302));
#5900=CARTESIAN_POINT('Ctrl Pts',(-5.04789158632395,7.96578969874345,45.3790719299467));
#5901=CARTESIAN_POINT('Ctrl Pts',(-5.0418510258861,7.95350942165588,45.3797403952294));
#5902=CARTESIAN_POINT('Ctrl Pts',(-5.03277065509319,7.93504930184709,45.3807452544128));
#5903=CARTESIAN_POINT('Ctrl Pts',(-5.0251051784703,7.91586993312761,45.3815891609334));
#5904=CARTESIAN_POINT('Ctrl Pts',(-5.01890206914293,7.89622250934895,45.3822729194309));
#5905=CARTESIAN_POINT('Ctrl Pts',(-5.01586560225809,7.88660495329314,45.3826076241613));
#5906=CARTESIAN_POINT('Ctrl Pts',(-5.01318012120471,7.87687472341149,45.382903657373));
#5907=CARTESIAN_POINT('Ctrl Pts',(-5.01085485461492,7.86705901358344,45.3831598153345));
#5908=CARTESIAN_POINT('Ctrl Pts',(-5.00614129692925,7.8471615469001,45.3836790742159));
#5909=CARTESIAN_POINT('Ctrl Pts',(-5.00290577234363,7.82691651621222,45.384035979078));
#5910=CARTESIAN_POINT('Ctrl Pts',(-5.00125860004938,7.80654330422939,45.3842171768961));
#5911=CARTESIAN_POINT('Ctrl Pts',(-5.00042603625155,7.79624565728511,45.384308763395));
#5912=CARTESIAN_POINT('Ctrl Pts',(-5.00000003537432,7.78591515022264,45.3843553960841));
#5913=CARTESIAN_POINT('Ctrl Pts',(-5.,7.77558019974349,45.3843554013812));
#5914=CARTESIAN_POINT('Ctrl Pts',(-5.32017550494342,8.14127978019854,45.347937634228));
#5915=CARTESIAN_POINT('Ctrl Pts',(-5.3199729832466,7.87758892326329,45.8088028850463));
#5916=CARTESIAN_POINT('Ctrl Pts',(-5.31977652082687,7.61384399813495,46.2696359773309));
#5917=CARTESIAN_POINT('Ctrl Pts',(-5.31958560676322,7.35004964234694,46.7304396866795));
#5918=CARTESIAN_POINT('Ctrl Pts',(-5.,7.09025204026131,46.5817063348102));
#5919=CARTESIAN_POINT('Ctrl Pts',(-5.,7.318732840009,46.1826111544016));
#5920=CARTESIAN_POINT('Ctrl Pts',(-5.,7.54717656403513,45.7834947479936));
#5921=CARTESIAN_POINT('Ctrl Pts',(-5.,7.77558019975444,45.384355401362));
#5922=CARTESIAN_POINT('Ctrl Pts',(-46.7304396866795,6.1165204587804,5.31958560676317));
#5923=CARTESIAN_POINT('Ctrl Pts',(-46.3899434223566,6.14708204810932,8.3107096001908));
#5924=CARTESIAN_POINT('Ctrl Pts',(-44.5095670629582,6.23876764012499,17.1877555428965));
#5925=CARTESIAN_POINT('Ctrl Pts',(-37.1956671480914,6.3915829655904,30.6627132085201));
#5926=CARTESIAN_POINT('Ctrl Pts',(-22.9947680690674,6.57496246046219,42.3659498501262));
#5927=CARTESIAN_POINT('Ctrl Pts',(-11.296652290385,6.69721198763679,46.0507184772294));
#5928=CARTESIAN_POINT('Ctrl Pts',(-5.31432779515922,6.75833516553633,46.7310379129725));
#5929=CARTESIAN_POINT('Ctrl Pts',(-46.7819665718693,6.14643830188568,5.32514160275429));
#5930=CARTESIAN_POINT('Ctrl Pts',(-46.4411135535026,6.1769998912146,8.3195727897213));
#5931=CARTESIAN_POINT('Ctrl Pts',(-44.5587247303465,6.26868548323027,17.2064010019565));
#5932=CARTESIAN_POINT('Ctrl Pts',(-37.2368607898473,6.42150080869568,30.6962595725107));
#5933=CARTESIAN_POINT('Ctrl Pts',(-23.0203728533358,6.60488030356748,42.4124858581922));
#5934=CARTESIAN_POINT('Ctrl Pts',(-11.3094193774199,6.72712983074207,46.1013858273577));
#5935=CARTESIAN_POINT('Ctrl Pts',(-5.32048927165278,6.78825300864161,46.7824959074557));
#5936=CARTESIAN_POINT('Ctrl Pts',(-46.8559153829833,6.22667753495933,5.33273293667069));
#5937=CARTESIAN_POINT('Ctrl Pts',(-46.5145779119488,6.25723912428825,8.33188571676141));
#5938=CARTESIAN_POINT('Ctrl Pts',(-44.6293703628493,6.34892471630392,17.2327916752473));
#5939=CARTESIAN_POINT('Ctrl Pts',(-37.2961733068156,6.50174004176933,30.7440681453351));
#5940=CARTESIAN_POINT('Ctrl Pts',(-23.0574683356935,6.68511953664113,42.4790376939006));
#5941=CARTESIAN_POINT('Ctrl Pts',(-11.3280540811243,6.80736906381572,46.1739726127301));
#5942=CARTESIAN_POINT('Ctrl Pts',(-5.32970449573352,6.86849224171526,46.8562599546667));
#5943=CARTESIAN_POINT('Ctrl Pts',(-46.8797314827145,6.33143950635199,5.33436888300641));
#5944=CARTESIAN_POINT('Ctrl Pts',(-46.538288737492,6.36200109568091,8.3350509215667));
#5945=CARTESIAN_POINT('Ctrl Pts',(-44.6523300749682,6.45368668769658,17.240494611028));
#5946=CARTESIAN_POINT('Ctrl Pts',(-37.3157342335397,6.606502013162,30.7587725281913));
#5947=CARTESIAN_POINT('Ctrl Pts',(-23.0700850148316,6.78988150803379,42.4999995253341));
#5948=CARTESIAN_POINT('Ctrl Pts',(-11.3348378513787,6.91213103520839,46.1970655550997));
#5949=CARTESIAN_POINT('Ctrl Pts',(-5.33346062602944,6.97325421310793,46.8798348228958));
#5950=CARTESIAN_POINT('Ctrl Pts',(-46.8797831528052,6.37631806086602,5.33391475451792));
#5951=CARTESIAN_POINT('Ctrl Pts',(-46.5383697077765,6.40687965019494,8.33459793094886));
#5952=CARTESIAN_POINT('Ctrl Pts',(-44.6524970122079,6.49856524221061,17.2400626700331));
#5953=CARTESIAN_POINT('Ctrl Pts',(-37.3160304304175,6.65138056767602,30.7584104741036));
#5954=CARTESIAN_POINT('Ctrl Pts',(-23.0704991258652,6.83476006254782,42.4997751560248));
#5955=CARTESIAN_POINT('Ctrl Pts',(-11.3352810329255,6.95700958972242,46.196956271219));
#5956=CARTESIAN_POINT('Ctrl Pts',(-5.33391475451792,7.01813276762196,46.8797831528052));
#5957=CARTESIAN_POINT('Ctrl Pts',(-5.33391475451792,7.01813276762196,46.8797831528052));
#5958=CARTESIAN_POINT('Ctrl Pts',(-11.3352810329255,6.95700958972242,46.196956271219));
#5959=CARTESIAN_POINT('Ctrl Pts',(-23.0704991258652,6.83476006254782,42.4997751560248));
#5960=CARTESIAN_POINT('Ctrl Pts',(-37.3160304304175,6.65138056767602,30.7584104741036));
#5961=CARTESIAN_POINT('Ctrl Pts',(-44.6524970122079,6.49856524221061,17.2400626700331));
#5962=CARTESIAN_POINT('Ctrl Pts',(-46.5383697077765,6.40687965019494,8.33459793094886));
#5963=CARTESIAN_POINT('Ctrl Pts',(-46.8797831528052,6.37631806086602,5.33391475451792));
#5964=CARTESIAN_POINT('Ctrl Pts',(-46.7304396866795,6.1165204587804,5.31958560676317));
#5965=CARTESIAN_POINT('Ctrl Pts',(-46.3899434223566,6.14708204810932,8.3107096001908));
#5966=CARTESIAN_POINT('Ctrl Pts',(-44.5095670629582,6.23876764012499,17.1877555428965));
#5967=CARTESIAN_POINT('Ctrl Pts',(-37.1956671480914,6.3915829655904,30.6627132085201));
#5968=CARTESIAN_POINT('Ctrl Pts',(-22.9947680690674,6.57496246046219,42.3659498501262));
#5969=CARTESIAN_POINT('Ctrl Pts',(-11.296652290385,6.69721198763679,46.0507184772294));
#5970=CARTESIAN_POINT('Ctrl Pts',(-5.31432779515922,6.75833516553633,46.7310379129725));
#5971=CARTESIAN_POINT('Ctrl Pts',(-5.,6.22362269621235,45.1992820845165));
#5972=CARTESIAN_POINT('Ctrl Pts',(-5.,6.48843177836838,45.6601060343176));
#5973=CARTESIAN_POINT('Ctrl Pts',(-5.,6.7532692816812,46.1209136520149));
#5974=CARTESIAN_POINT('Ctrl Pts',(-5.,7.01813276762199,46.5817063348103));
#5975=CARTESIAN_POINT('Ctrl Pts',(-5.,6.15339156750261,45.239639884367));
#5976=CARTESIAN_POINT('Ctrl Pts',(-5.00000088973693,6.41822408726885,45.7004542185463));
#5977=CARTESIAN_POINT('Ctrl Pts',(-4.99999916387083,6.68308358080372,46.161252850751));
#5978=CARTESIAN_POINT('Ctrl Pts',(-5.,6.94796910246388,46.6220363869878));
#5979=CARTESIAN_POINT('Ctrl Pts',(-5.0694338703898,6.01362186459019,45.3199575127313));
#5980=CARTESIAN_POINT('Ctrl Pts',(-5.06938863556351,6.27849899826605,45.7807538382803));
#5981=CARTESIAN_POINT('Ctrl Pts',(-5.06934556131448,6.54340353367742,46.241533927734));
#5982=CARTESIAN_POINT('Ctrl Pts',(-5.06930298193152,6.80833100501819,46.7023003205104));
#5983=CARTESIAN_POINT('Ctrl Pts',(-5.23385829633111,5.96037005437863,45.3505582725037));
#5984=CARTESIAN_POINT('Ctrl Pts',(-5.23373217963887,6.22521575877074,45.8113756226337));
#5985=CARTESIAN_POINT('Ctrl Pts',(-5.23361024638317,6.49008626113603,46.2721779639126));
#5986=CARTESIAN_POINT('Ctrl Pts',(-5.2334914541571,6.75498419679632,46.7329640487271));
#5987=CARTESIAN_POINT('Ctrl Pts',(-5.31476119285972,5.9638257051641,45.3485725082804));
#5988=CARTESIAN_POINT('Ctrl Pts',(-5.31461237655205,6.2286345744529,45.8094108019618));
#5989=CARTESIAN_POINT('Ctrl Pts',(-5.31446803728649,6.49347187443952,46.2702321134573));
#5990=CARTESIAN_POINT('Ctrl Pts',(-5.31432779515927,6.75833516553635,46.7310379129725));
#5991=CARTESIAN_POINT('',(-5.31476119285971,5.96382570516407,45.3485725082805));
#5992=CARTESIAN_POINT('',(-5.,6.32997573759648,45.3843554003112));
#5993=CARTESIAN_POINT('Ctrl Pts',(-5.,6.32997573661677,45.3843554008837));
#5994=CARTESIAN_POINT('Ctrl Pts',(-5.00000005011355,6.3095451086927,45.3843553933395));
#5995=CARTESIAN_POINT('Ctrl Pts',(-5.00165586194532,6.28913047092608,45.3841740272981));
#5996=CARTESIAN_POINT('Ctrl Pts',(-5.00483279346538,6.26895114296617,45.3838240524848));
#5997=CARTESIAN_POINT('Ctrl Pts',(-5.00809433522838,6.24823438515282,45.3834647568996));
#5998=CARTESIAN_POINT('Ctrl Pts',(-5.01295952554746,6.22776437164018,45.3829284796026));
#5999=CARTESIAN_POINT('Ctrl Pts',(-5.01933605235951,6.20778392417179,45.3822258557634));
#6000=CARTESIAN_POINT('Ctrl Pts',(-5.02246294331439,6.19798600717012,45.3818813064198));
#6001=CARTESIAN_POINT('Ctrl Pts',(-5.02595402206915,6.18830601824494,45.3814966393956));
#6002=CARTESIAN_POINT('Ctrl Pts',(-5.02980242787731,6.1787745180308,45.3810720017003));
#6003=CARTESIAN_POINT('Ctrl Pts',(-5.03754029029205,6.15960984545215,45.3802181967156));
#6004=CARTESIAN_POINT('Ctrl Pts',(-5.04670877017916,6.14106732780558,45.3791997166473));
#6005=CARTESIAN_POINT('Ctrl Pts',(-5.05727520692753,6.1234149875594,45.3780208689667));
#6006=CARTESIAN_POINT('Ctrl Pts',(-5.06670560994777,6.10766051074416,45.3769687632292));
#6007=CARTESIAN_POINT('Ctrl Pts',(-5.07725045571017,6.09261475300981,45.3757891126398));
#6008=CARTESIAN_POINT('Ctrl Pts',(-5.08891101184119,6.07850397312319,45.3744644536516));
#6009=CARTESIAN_POINT('Ctrl Pts',(-5.09031570101779,6.07680411768255,45.3743048785745));
#6010=CARTESIAN_POINT('Ctrl Pts',(-5.09173660460943,6.07511788082258,45.3741431702313));
#6011=CARTESIAN_POINT('Ctrl Pts',(-5.09317374330915,6.07344570147306,45.37397927316));
#6012=CARTESIAN_POINT('Ctrl Pts',(-5.09838046241086,6.06738743572436,45.3733854779947));
#6013=CARTESIAN_POINT('Ctrl Pts',(-5.10380029136724,6.06151358791343,45.3727630113272));
#6014=CARTESIAN_POINT('Ctrl Pts',(-5.10942433332551,6.05583688143172,45.3721139190417));
#6015=CARTESIAN_POINT('Ctrl Pts',(-5.12255880731268,6.04257941390748,45.3705980189468));
#6016=CARTESIAN_POINT('Ctrl Pts',(-5.13674876483737,6.03045351786433,45.3689465674455));
#6017=CARTESIAN_POINT('Ctrl Pts',(-5.151863369754,6.01962961785996,45.367201746783));
#6018=CARTESIAN_POINT('Ctrl Pts',(-5.16604279747901,6.00947541874848,45.3655648823983));
#6019=CARTESIAN_POINT('Ctrl Pts',(-5.18103699759314,6.00046701219692,45.3638458870617));
#6020=CARTESIAN_POINT('Ctrl Pts',(-5.19672993608442,5.99278460827083,45.3620568879799));
#6021=CARTESIAN_POINT('Ctrl Pts',(-5.19972814799491,5.99131684778957,45.3617150910399));
#6022=CARTESIAN_POINT('Ctrl Pts',(-5.20275181560023,5.98989761367119,45.3613706671807));
#6023=CARTESIAN_POINT('Ctrl Pts',(-5.20580004750251,5.98852834505112,45.3610235961745));
#6024=CARTESIAN_POINT('Ctrl Pts',(-5.22142485519993,5.98150966682697,45.3592445590464));
#6025=CARTESIAN_POINT('Ctrl Pts',(-5.23760182634619,5.97584530515959,45.3574127226644));
#6026=CARTESIAN_POINT('Ctrl Pts',(-5.25418966133646,5.97171053368929,45.355529616768));
#6027=CARTESIAN_POINT('Ctrl Pts',(-5.25598667732357,5.97126259998127,45.355325613569));
#6028=CARTESIAN_POINT('Ctrl Pts',(-5.25778849700019,5.9708326589093,45.3551209849966));
#6029=CARTESIAN_POINT('Ctrl Pts',(-5.25959492583094,5.97042096405542,45.3549157153317));
#6030=CARTESIAN_POINT('Ctrl Pts',(-5.27609565558891,5.96666035892607,45.3530406903034));
#6031=CARTESIAN_POINT('Ctrl Pts',(-5.29287068534914,5.96444438033319,45.3511271761586));
#6032=CARTESIAN_POINT('Ctrl Pts',(-5.30975980741951,5.96392847612462,45.3491572398743));
#6033=CARTESIAN_POINT('Ctrl Pts',(-5.31142589493701,5.96387758291901,45.3489629085029));
#6034=CARTESIAN_POINT('Ctrl Pts',(-5.31309307824826,5.96384326853284,45.3487680082402));
#6035=CARTESIAN_POINT('Ctrl Pts',(-5.31476119285962,5.96382570533263,45.3485725085737));
#6036=CARTESIAN_POINT('Ctrl Pts',(-5.,6.32997573661094,45.3843554008736));
#6037=CARTESIAN_POINT('Ctrl Pts',(-5.,6.55934086573411,45.7834841879059));
#6038=CARTESIAN_POINT('Ctrl Pts',(-5.,6.78872707088254,46.1826008632741));
#6039=CARTESIAN_POINT('Ctrl Pts',(-5.,7.01813276762199,46.5817063348103));
#6040=CARTESIAN_POINT('Ctrl Pts',(-5.31432779515927,6.75833516553635,46.7310379129725));
#6041=CARTESIAN_POINT('Ctrl Pts',(-5.31446803728649,6.49347187443952,46.2702321134573));
#6042=CARTESIAN_POINT('Ctrl Pts',(-5.31461237655205,6.2286345744529,45.8094108019618));
#6043=CARTESIAN_POINT('Ctrl Pts',(-5.31476119285972,5.9638257051641,45.3485725082804));
#6044=CARTESIAN_POINT('Ctrl Pts',(-45.1992820845753,7.2429474048812,4.99999999999999));
#6045=CARTESIAN_POINT('Ctrl Pts',(-45.6601060343569,6.97813832273643,4.99999999999999));
#6046=CARTESIAN_POINT('Ctrl Pts',(-46.1209136520346,6.71330081943485,4.99999999999999));
#6047=CARTESIAN_POINT('Ctrl Pts',(-46.5817063348103,6.44843733350536,4.99999999999999));
#6048=CARTESIAN_POINT('Ctrl Pts',(-45.2396398844259,7.31317853359094,4.99999999999999));
#6049=CARTESIAN_POINT('Ctrl Pts',(-45.7004542185855,7.04834601383597,5.00000088973692));
#6050=CARTESIAN_POINT('Ctrl Pts',(-46.1612528507707,6.78348652031232,4.99999916387082));
#6051=CARTESIAN_POINT('Ctrl Pts',(-46.6220363869878,6.51860099866347,4.99999999999999));
#6052=CARTESIAN_POINT('Ctrl Pts',(-45.3199575410421,7.45294828566789,5.06943381641062));
#6053=CARTESIAN_POINT('Ctrl Pts',(-45.7807538665716,7.18807115200329,5.06938858158433));
#6054=CARTESIAN_POINT('Ctrl Pts',(-46.241533955897,6.92316661640071,5.06934550747598));
#6055=CARTESIAN_POINT('Ctrl Pts',(-46.7023003486538,6.65823914507123,5.06930292809302));
#6056=CARTESIAN_POINT('Ctrl Pts',(-45.3505582725626,7.50620004671495,5.23385829633111));
#6057=CARTESIAN_POINT('Ctrl Pts',(-45.8113756226729,7.2413543423341,5.23373217963888));
#6058=CARTESIAN_POINT('Ctrl Pts',(-46.2721779639322,6.97648383998,5.23361024638314));
#6059=CARTESIAN_POINT('Ctrl Pts',(-46.7329640487271,6.71158590433101,5.23349145415707));
#6060=CARTESIAN_POINT('Ctrl Pts',(-45.3485725083393,7.50274439592948,5.31476119285972));
#6061=CARTESIAN_POINT('Ctrl Pts',(-45.809410802001,7.23793552665193,5.31461237655206));
#6062=CARTESIAN_POINT('Ctrl Pts',(-46.270232113477,6.97309822667651,5.31446803728645));
#6063=CARTESIAN_POINT('Ctrl Pts',(-46.7310379129725,6.70823493559098,5.31432779515924));
#6064=CARTESIAN_POINT('',(-45.3485693407367,7.50274439592948,5.31476053934138));
#6065=CARTESIAN_POINT('',(-45.3843554003113,7.13659436353085,4.99999999999999));
#6066=CARTESIAN_POINT('Ctrl Pts',(-45.3843554008837,7.13659436451057,4.99999999999999));
#6067=CARTESIAN_POINT('Ctrl Pts',(-45.3843553933395,7.15702499665991,5.00000005011355));
#6068=CARTESIAN_POINT('Ctrl Pts',(-45.3841740278963,7.17743963981666,5.00165586134202));
#6069=CARTESIAN_POINT('Ctrl Pts',(-45.383824053988,7.1976189736747,5.00483279214945));
#6070=CARTESIAN_POINT('Ctrl Pts',(-45.383464759418,7.21833573257677,5.00809433239895));
#6071=CARTESIAN_POINT('Ctrl Pts',(-45.3829284835464,7.23880574783525,5.01295952031978));
#6072=CARTESIAN_POINT('Ctrl Pts',(-45.3822258612323,7.25878619719224,5.01933604445512));
#6073=CARTESIAN_POINT('Ctrl Pts',(-45.3818813127437,7.26858411207487,5.02246293312559));
#6074=CARTESIAN_POINT('Ctrl Pts',(-45.3814966466234,7.27826409898868,5.02595400930241));
#6075=CARTESIAN_POINT('Ctrl Pts',(-45.381072009844,7.28779559726639,5.02980241231683));
#6076=CARTESIAN_POINT('Ctrl Pts',(-45.3802182064072,7.30696027253908,5.03754027177406));
#6077=CARTESIAN_POINT('Ctrl Pts',(-45.3791997278237,7.32550279276979,5.04670874882439));
#6078=CARTESIAN_POINT('Ctrl Pts',(-45.378020881251,7.34315513494442,5.05727518345592));
#6079=CARTESIAN_POINT('Ctrl Pts',(-45.3769687769997,7.35890960603404,5.06670558012939));
#6080=CARTESIAN_POINT('Ctrl Pts',(-45.3757891277158,7.37395535818848,5.07725041906503));
#6081=CARTESIAN_POINT('Ctrl Pts',(-45.3744644696305,7.38806613253249,5.08891096836509));
#6082=CARTESIAN_POINT('Ctrl Pts',(-45.3743048939606,7.38976599477872,5.09031566289441));
#6083=CARTESIAN_POINT('Ctrl Pts',(-45.374143185,7.39145223832512,5.09173657198133));
#6084=CARTESIAN_POINT('Ctrl Pts',(-45.3739792872857,7.3931244242359,5.09317371632003));
#6085=CARTESIAN_POINT('Ctrl Pts',(-45.3733854921205,7.39918268998411,5.09838043542123));
#6086=CARTESIAN_POINT('Ctrl Pts',(-45.3727630253409,7.40505653759953,5.10380026459123));
#6087=CARTESIAN_POINT('Ctrl Pts',(-45.3721139328484,7.41073324372039,5.10942430694465));
#6088=CARTESIAN_POINT('Ctrl Pts',(-45.3705980319808,7.42399071293133,5.1225587843606));
#6089=CARTESIAN_POINT('Ctrl Pts',(-45.3689465791386,7.43611660933086,5.13674874670508));
#6090=CARTESIAN_POINT('Ctrl Pts',(-45.3672017568314,7.44694050868172,5.15186335729374));
#6091=CARTESIAN_POINT('Ctrl Pts',(-45.3655648908781,7.45709470733905,5.16604279056178));
#6092=CARTESIAN_POINT('Ctrl Pts',(-45.3638458937021,7.4661031125103,5.18103699699746));
#6093=CARTESIAN_POINT('Ctrl Pts',(-45.3620568927351,7.4737855143971,5.196729942082));
#6094=CARTESIAN_POINT('Ctrl Pts',(-45.3617150962386,7.47525327103793,5.19972814820313));
#6095=CARTESIAN_POINT('Ctrl Pts',(-45.3613706728335,7.47667250152006,5.20275180990906));
#6096=CARTESIAN_POINT('Ctrl Pts',(-45.361023602294,7.47804176672023,5.2058000358043));
#6097=CARTESIAN_POINT('Ctrl Pts',(-45.3592445633701,7.48506044393592,5.22142484949013));
#6098=CARTESIAN_POINT('Ctrl Pts',(-45.3574127252084,7.49072480409438,5.23760182678554));
#6099=CARTESIAN_POINT('Ctrl Pts',(-45.3555296177968,7.49485957387638,5.25418966751683));
#6100=CARTESIAN_POINT('Ctrl Pts',(-45.3553256148702,7.49530750644302,5.25598668028069));
#6101=CARTESIAN_POINT('Ctrl Pts',(-45.355120986576,7.49573744644854,5.25778849670862));
#6102=CARTESIAN_POINT('Ctrl Pts',(-45.3549157171954,7.49614914031296,5.25959492226572));
#6103=CARTESIAN_POINT('Ctrl Pts',(-45.353040690747,7.49990974446272,5.27609565748044));
#6104=CARTESIAN_POINT('Ctrl Pts',(-45.3511271754841,7.50212572197413,5.29287069220768));
#6105=CARTESIAN_POINT('Ctrl Pts',(-45.3491572386377,7.50264162536211,5.30975981813951));
#6106=CARTESIAN_POINT('Ctrl Pts',(-45.3489629076702,7.50269251836647,5.31142590209952));
#6107=CARTESIAN_POINT('Ctrl Pts',(-45.3487680078196,7.50272683263233,5.31309308183727));
#6108=CARTESIAN_POINT('Ctrl Pts',(-45.3485725085737,7.50274439579475,5.31476119285965));
#6109=CARTESIAN_POINT('Ctrl Pts',(-45.3843554008737,7.13659436451638,4.99999999999999));
#6110=CARTESIAN_POINT('Ctrl Pts',(-45.783484187906,6.90722923539321,4.99999999999999));
#6111=CARTESIAN_POINT('Ctrl Pts',(-46.1826008632742,6.67784303024477,4.99999999999999));
#6112=CARTESIAN_POINT('Ctrl Pts',(-46.5817063348103,6.44843733350536,4.99999999999999));
#6113=CARTESIAN_POINT('Ctrl Pts',(-46.7310379129725,6.70823493559098,5.31432779515924));
#6114=CARTESIAN_POINT('Ctrl Pts',(-46.270232113477,6.97309822667651,5.31446803728645));
#6115=CARTESIAN_POINT('Ctrl Pts',(-45.809410802001,7.23793552665193,5.31461237655206));
#6116=CARTESIAN_POINT('Ctrl Pts',(-45.3485725083393,7.50274439592948,5.31476119285972));
#6117=CARTESIAN_POINT('Ctrl Pts',(-46.5817063348102,6.37631806086602,4.99999999999999));
#6118=CARTESIAN_POINT('Ctrl Pts',(-46.1209274251876,6.11252351022862,4.99999999999999));
#6119=CARTESIAN_POINT('Ctrl Pts',(-45.6601202211731,5.84877838176366,4.99999999999999));
#6120=CARTESIAN_POINT('Ctrl Pts',(-45.1992820845165,5.58508731194341,4.99999999999999));
#6121=CARTESIAN_POINT('Ctrl Pts',(-46.622350848298,6.30532290739606,4.99999999999999));
#6122=CARTESIAN_POINT('Ctrl Pts',(-46.1615828752239,6.04149744312752,4.99999882244385));
#6123=CARTESIAN_POINT('Ctrl Pts',(-45.7007863028963,5.77772148165042,5.0000012539187));
#6124=CARTESIAN_POINT('Ctrl Pts',(-45.2399595897517,5.51399751080149,4.99999999999999));
#6125=CARTESIAN_POINT('Ctrl Pts',(-46.7032219985013,6.16406252002056,5.07090046936723));
#6126=CARTESIAN_POINT('Ctrl Pts',(-46.2424742948645,5.9001782751096,5.07095925716191));
#6127=CARTESIAN_POINT('Ctrl Pts',(-45.7816997798589,5.63633912616235,5.07101873142049));
#6128=CARTESIAN_POINT('Ctrl Pts',(-45.3208942080087,5.37255260447984,5.07108119321164));
#6129=CARTESIAN_POINT('Ctrl Pts',(-46.733093178207,6.11188551492056,5.23795372223873));
#6130=CARTESIAN_POINT('Ctrl Pts',(-46.2723166273677,5.84804284233128,5.23811640742305));
#6131=CARTESIAN_POINT('Ctrl Pts',(-45.8115096727374,5.584251663956,5.23828330014403));
#6132=CARTESIAN_POINT('Ctrl Pts',(-45.3506732648624,5.32050941211388,5.23845599384306));
#6133=CARTESIAN_POINT('Ctrl Pts',(-46.7304396866795,6.11652045878042,5.31958560676317));
#6134=CARTESIAN_POINT('Ctrl Pts',(-46.2696359773112,5.85272610298115,5.31977652082683));
#6135=CARTESIAN_POINT('Ctrl Pts',(-45.8088028850071,5.58898117784157,5.31997298324664));
#6136=CARTESIAN_POINT('Ctrl Pts',(-45.3479376341692,5.3252903208951,5.32017550494348));
#6137=CARTESIAN_POINT('',(-45.3843554003041,5.69098990324681,4.99999999999999));
#6138=CARTESIAN_POINT('',(-45.3479376341692,5.32529032089514,5.32017550494345));
#6139=CARTESIAN_POINT('Ctrl Pts',(-45.3479376344625,5.32529032106293,5.32017550494335));
#6140=CARTESIAN_POINT('Ctrl Pts',(-45.3499644582612,5.32510842159775,5.30289933066417));
#6141=CARTESIAN_POINT('Ctrl Pts',(-45.3519250278948,5.32672608423588,5.2857391864259));
#6142=CARTESIAN_POINT('Ctrl Pts',(-45.3538443989019,5.3299528556755,5.26886823958175));
#6143=CARTESIAN_POINT('Ctrl Pts',(-45.355763769909,5.33317962711513,5.25199729273761));
#6144=CARTESIAN_POINT('Ctrl Pts',(-45.3576416571849,5.33801600538503,5.23541433337427));
#6145=CARTESIAN_POINT('Ctrl Pts',(-45.3594769036359,5.34431733779697,5.21927431614591));
#6146=CARTESIAN_POINT('Ctrl Pts',(-45.3613068690668,5.35060053778714,5.20318074268223));
#6147=CARTESIAN_POINT('Ctrl Pts',(-45.3630730842162,5.35827412251215,5.18769381291818));
#6148=CARTESIAN_POINT('Ctrl Pts',(-45.3647700534453,5.36715337831026,5.17293631843644));
#6149=CARTESIAN_POINT('Ctrl Pts',(-45.3665775504657,5.37661096193827,5.15721763194126));
#6150=CARTESIAN_POINT('Ctrl Pts',(-45.3683064485117,5.38743645600695,5.14232540255907));
#6151=CARTESIAN_POINT('Ctrl Pts',(-45.3699223190455,5.39945521371634,5.12839298396329));
#6152=CARTESIAN_POINT('Ctrl Pts',(-45.3701801806105,5.40137317410255,5.12616964045333));
#6153=CARTESIAN_POINT('Ctrl Pts',(-45.3704351105674,5.40332161516491,5.12397073097391));
#6154=CARTESIAN_POINT('Ctrl Pts',(-45.3706869100989,5.40529993010491,5.12179679496184));
#6155=CARTESIAN_POINT('Ctrl Pts',(-45.3717751534524,5.41384993840911,5.11240133897041));
#6156=CARTESIAN_POINT('Ctrl Pts',(-45.37280109044,5.42292745682588,5.10350486422386));
#6157=CARTESIAN_POINT('Ctrl Pts',(-45.3737558709937,5.43248006200484,5.09514405338976));
#6158=CARTESIAN_POINT('Ctrl Pts',(-45.3751553683348,5.44648207063095,5.08288895195649));
#6159=CARTESIAN_POINT('Ctrl Pts',(-45.3764033445785,5.46150243142044,5.07178288547526));
#6160=CARTESIAN_POINT('Ctrl Pts',(-45.3775173060801,5.47729675431384,5.06182426723321));
#6161=CARTESIAN_POINT('Ctrl Pts',(-45.378330826282,5.48883126491475,5.05455154092144));
#6162=CARTESIAN_POINT('Ctrl Pts',(-45.3790722058134,5.50077971801625,5.04789113894998));
#6163=CARTESIAN_POINT('Ctrl Pts',(-45.3797406568975,5.51306022217271,5.04185053331772));
#6164=CARTESIAN_POINT('Ctrl Pts',(-45.3807454751646,5.53152032374333,5.03277027145722));
#6165=CARTESIAN_POINT('Ctrl Pts',(-45.3815893372163,5.55069967654461,5.02510490058764));
#6166=CARTESIAN_POINT('Ctrl Pts',(-45.3822730552111,5.57034707691157,5.01890187901428));
#6167=CARTESIAN_POINT('Ctrl Pts',(-45.3826077446361,5.5799647514226,5.01586541406914));
#6168=CARTESIAN_POINT('Ctrl Pts',(-45.382903762446,5.58969510101142,5.01317994012396));
#6169=CARTESIAN_POINT('Ctrl Pts',(-45.383159905734,5.59951092956036,5.01085468444166));
#6170=CARTESIAN_POINT('Ctrl Pts',(-45.3836791326827,5.61940855306289,5.00614116872746));
#6171=CARTESIAN_POINT('Ctrl Pts',(-45.3840360099781,5.63965373355938,5.00290568924239));
#6172=CARTESIAN_POINT('Ctrl Pts',(-45.3842171916475,5.66002707248091,5.00125855325626));
#6173=CARTESIAN_POINT('Ctrl Pts',(-45.3843087686597,5.67032463467198,5.00042601984975));
#6174=CARTESIAN_POINT('Ctrl Pts',(-45.3843553960842,5.68065505017976,5.00000003537397));
#6175=CARTESIAN_POINT('Ctrl Pts',(-45.3843554013812,5.69098990138386,4.99999999999999));
#6176=CARTESIAN_POINT('Ctrl Pts',(-45.3479376341692,5.3252903208951,5.32017550494348));
#6177=CARTESIAN_POINT('Ctrl Pts',(-45.8088028850071,5.58898117784157,5.31997298324664));
#6178=CARTESIAN_POINT('Ctrl Pts',(-46.2696359773112,5.85272610298115,5.31977652082683));
#6179=CARTESIAN_POINT('Ctrl Pts',(-46.7304396866795,6.11652045878042,5.31958560676317));
#6180=CARTESIAN_POINT('Ctrl Pts',(-46.5817063348102,6.37631806086602,4.99999999999999));
#6181=CARTESIAN_POINT('Ctrl Pts',(-46.1826111544016,6.14783726111831,4.99999999999999));
#6182=CARTESIAN_POINT('Ctrl Pts',(-45.7834947479936,5.91939353709221,4.99999999999999));
#6183=CARTESIAN_POINT('Ctrl Pts',(-45.3843554013621,5.69098990137293,4.99999999999999));
#6184=CARTESIAN_POINT('Origin',(-5.,16.18,60.1127414201234));
#6185=CARTESIAN_POINT('',(-5.,16.18,45.3843554003194));
#6186=CARTESIAN_POINT('Ctrl Pts',(-5.31432779515914,6.75833516553634,46.7310379129725));
#6187=CARTESIAN_POINT('Ctrl Pts',(-8.3055894951011,6.72777256045273,46.3908668852243));
#6188=CARTESIAN_POINT('Ctrl Pts',(-17.1829510049412,6.63608474520188,44.5114718061338));
#6189=CARTESIAN_POINT('Ctrl Pts',(-30.6587325848451,6.4832717197838,37.1990681024197));
#6190=CARTESIAN_POINT('Ctrl Pts',(-42.3620006803008,6.2998960892821,22.9996431104194));
#6191=CARTESIAN_POINT('Ctrl Pts',(-46.0494245243497,6.17764566894764,11.3020324215132));
#6192=CARTESIAN_POINT('Ctrl Pts',(-46.7304396866796,6.11652045878041,5.31958560676316));
#6193=CARTESIAN_POINT('Ctrl Pts',(-5.26262043377473,6.49404450651669,46.2762029221376));
#6194=CARTESIAN_POINT('Ctrl Pts',(-8.22476806844756,6.46348190143307,45.9393416913997));
#6195=CARTESIAN_POINT('Ctrl Pts',(-17.0157255610052,6.37179408618223,44.0782355344243));
#6196=CARTESIAN_POINT('Ctrl Pts',(-30.3603447403875,6.21898106076414,36.8369985399749));
#6197=CARTESIAN_POINT('Ctrl Pts',(-41.9496998022014,6.03560543026245,22.7757722599306));
#6198=CARTESIAN_POINT('Ctrl Pts',(-45.6012297109657,5.91335500992799,11.1920130433557));
#6199=CARTESIAN_POINT('Ctrl Pts',(-46.27561438138,5.85222979976075,5.267793119197));
#6200=CARTESIAN_POINT('Ctrl Pts',(-5.21091331976178,6.22975384466044,45.8213679048242));
#6201=CARTESIAN_POINT('Ctrl Pts',(-8.1439468874709,6.19919123957682,45.4878164552652));
#6202=CARTESIAN_POINT('Ctrl Pts',(-16.848500353113,6.10750342432597,43.6449991733797));
#6203=CARTESIAN_POINT('Ctrl Pts',(-30.0619570937627,5.95469039890789,36.4749288166606));
#6204=CARTESIAN_POINT('Ctrl Pts',(-41.5373990472405,5.77131476840619,22.5519011861727));
#6205=CARTESIAN_POINT('Ctrl Pts',(-45.1530349589664,5.64906434807173,11.0819934220117));
#6206=CARTESIAN_POINT('Ctrl Pts',(-45.8207891058505,5.5879391379045,5.21600038463389));
#6207=CARTESIAN_POINT('Ctrl Pts',(-5.1592064761095,5.96546317961067,45.3665328586257));
#6208=CARTESIAN_POINT('Ctrl Pts',(-8.06312597500628,5.93490057452705,45.0362911729431));
#6209=CARTESIAN_POINT('Ctrl Pts',(-16.6812754032149,5.8432127592762,43.2117627147511));
#6210=CARTESIAN_POINT('Ctrl Pts',(-29.7635696633866,5.69039973385812,36.1128589175728));
#6211=CARTESIAN_POINT('Ctrl Pts',(-41.1250984269075,5.50702410335643,22.3280298684285));
#6212=CARTESIAN_POINT('Ctrl Pts',(-44.7048402741079,5.38477368302197,10.9719735348998));
#6213=CARTESIAN_POINT('Ctrl Pts',(-45.3659638629104,5.32364847285473,5.16420738013158));
#6214=CARTESIAN_POINT('Ctrl Pts',(-5.31476167241024,5.96382570516406,45.3485733633614));
#6215=CARTESIAN_POINT('Ctrl Pts',(-8.16570778061431,5.93380892489598,45.0144817607919));
#6216=CARTESIAN_POINT('Ctrl Pts',(-16.7280033626398,5.84266693446067,43.1864065133082));
#6217=CARTESIAN_POINT('Ctrl Pts',(-29.7635696633866,5.69039973385812,36.1128589175728));
#6218=CARTESIAN_POINT('Ctrl Pts',(-41.0911900613568,5.50757138603657,22.3691705487174));
#6219=CARTESIAN_POINT('Ctrl Pts',(-44.6727091095118,5.38586824838224,11.0736062217705));
#6220=CARTESIAN_POINT('Ctrl Pts',(-45.34793445066,5.32529032089514,5.3201748477003));
#6221=CARTESIAN_POINT('Origin',(1.11022302462516E-15,7.911,-1.0547118733939E-14));
#6222=CARTESIAN_POINT('Origin',(-5.3,10.0181327676218,46.5817063348102));
#6223=CARTESIAN_POINT('',(-5.,10.0181327676144,46.5817063348102));
#6224=CARTESIAN_POINT('',(-5.31432779515925,9.75833516553633,46.7310379129725));
#6225=CARTESIAN_POINT('Origin',(-5.29999999999999,10.0181327676173,46.581706334802));
#6226=CARTESIAN_POINT('',(-5.33391475452666,10.0181327676219,46.8797831528042));
#6227=CARTESIAN_POINT('Origin',(-5.3,10.0181327676218,46.5817063348102));
#6228=CARTESIAN_POINT('Origin',(-5.29999999999999,10.018132767622,46.5817063348102));
#6229=CARTESIAN_POINT('Origin',(-5.3,7.91099999999999,46.5817063348102));
#6230=CARTESIAN_POINT('',(-5.33391475451692,10.2634705798004,46.8797831528053));
#6231=CARTESIAN_POINT('',(-5.33391475451797,7.91099999999999,46.8797831528052));
#6232=CARTESIAN_POINT('',(-5.,10.0902520402613,46.5817063348102));
#6233=CARTESIAN_POINT('',(-5.,7.91099999999999,46.5817063348102));
#6234=CARTESIAN_POINT('',(-5.31952339617218,10.2638163646007,46.8810703895318));
#6235=CARTESIAN_POINT('Ctrl Pts',(-5.,10.0902520418933,46.581706335732));
#6236=CARTESIAN_POINT('Ctrl Pts',(-4.99999999744036,10.0906920263693,46.5824652106841));
#6237=CARTESIAN_POINT('Ctrl Pts',(-5.00000304570899,10.0911319792157,46.5832240675793));
#6238=CARTESIAN_POINT('Ctrl Pts',(-5.00000913577903,10.0915718924085,46.5839828908759));
#6239=CARTESIAN_POINT('Ctrl Pts',(-5.00015306131203,10.1019682819882,46.6019160257337));
#6240=CARTESIAN_POINT('Ctrl Pts',(-5.00199148827746,10.1123409568037,46.6198287910911));
#6241=CARTESIAN_POINT('Ctrl Pts',(-5.00543138443605,10.1225834641029,46.6375134326452));
#6242=CARTESIAN_POINT('Ctrl Pts',(-5.00744961577498,10.1285928749302,46.6478892394013));
#6243=CARTESIAN_POINT('Ctrl Pts',(-5.01002013003449,10.1345573671366,46.6581864550667));
#6244=CARTESIAN_POINT('Ctrl Pts',(-5.01313181230173,10.1404525892129,46.6683614865893));
#6245=CARTESIAN_POINT('Ctrl Pts',(-5.018096958408,10.1498592819353,46.6845972439085));
#6246=CARTESIAN_POINT('Ctrl Pts',(-5.02443441368893,10.1590832226452,46.7005114991926));
#6247=CARTESIAN_POINT('Ctrl Pts',(-5.03212109593228,10.1680161431219,46.7159074922616));
#6248=CARTESIAN_POINT('Ctrl Pts',(-5.03721542018815,10.1739364078109,46.7261111377945));
#6249=CARTESIAN_POINT('Ctrl Pts',(-5.04290308897478,10.1797283506722,46.7360868611668));
#6250=CARTESIAN_POINT('Ctrl Pts',(-5.04918450640848,10.1853512180941,46.7457720958758));
#6251=CARTESIAN_POINT('Ctrl Pts',(-5.05787018341003,10.1931262801346,46.7591644267078));
#6252=CARTESIAN_POINT('Ctrl Pts',(-5.06766160258696,10.2005527896996,46.7719607303832));
#6253=CARTESIAN_POINT('Ctrl Pts',(-5.07856072226861,10.2075163879723,46.7839772650531));
#6254=CARTESIAN_POINT('Ctrl Pts',(-5.08376207898562,10.2108396067008,46.789711882632));
#6255=CARTESIAN_POINT('Ctrl Pts',(-5.08921602179087,10.2140568507935,46.7952685969845));
#6256=CARTESIAN_POINT('Ctrl Pts',(-5.0949242897954,10.2171522084708,46.8006254437988));
#6257=CARTESIAN_POINT('Ctrl Pts',(-5.10467456691245,10.2224393805354,46.8097754593327));
#6258=CARTESIAN_POINT('Ctrl Pts',(-5.11516731682254,10.2273717521804,46.8183428086339));
#6259=CARTESIAN_POINT('Ctrl Pts',(-5.12634819981487,10.2319141723145,46.8262433056248));
#6260=CARTESIAN_POINT('Ctrl Pts',(-5.14017689220163,10.2375323091618,46.8360147648794));
#6261=CARTESIAN_POINT('Ctrl Pts',(-5.15493935086334,10.2425086311313,46.8446806643236));
#6262=CARTESIAN_POINT('Ctrl Pts',(-5.17049376418004,10.2467897172,46.8521021294875));
#6263=CARTESIAN_POINT('Ctrl Pts',(-5.18604817749673,10.2510708032688,46.8595235946515));
#6264=CARTESIAN_POINT('Ctrl Pts',(-5.20239584037082,10.2546572160036,46.8657009475147));
#6265=CARTESIAN_POINT('Ctrl Pts',(-5.21938625232373,10.257449318365,46.8704688563429));
#6266=CARTESIAN_POINT('Ctrl Pts',(-5.23625715200134,10.2602217807962,46.8752032272184));
#6267=CARTESIAN_POINT('Ctrl Pts',(-5.2535157602034,10.2621716162513,46.8784766226671));
#6268=CARTESIAN_POINT('Ctrl Pts',(-5.27097653527447,10.2632322685308,46.8802194530157));
#6269=CARTESIAN_POINT('Ctrl Pts',(-5.28703597406414,10.2642077968386,46.8818224103408));
#6270=CARTESIAN_POINT('Ctrl Pts',(-5.30326739878516,10.2644310103045,46.8821305448524));
#6271=CARTESIAN_POINT('Ctrl Pts',(-5.3195233962002,10.2638163647854,46.8810703896375));
#6272=CARTESIAN_POINT('Ctrl Pts',(-5.31952339615813,10.2638163650839,46.8810703891213));
#6273=CARTESIAN_POINT('Ctrl Pts',(-5.32432792080795,10.2636347043073,46.8807570561396));
#6274=CARTESIAN_POINT('Ctrl Pts',(-5.32912766375636,10.2635193356971,46.8803278101103));
#6275=CARTESIAN_POINT('Ctrl Pts',(-5.3339147443643,10.2634705798005,46.8797831208381));
#6276=CARTESIAN_POINT('Origin',(-46.5817063348092,9.37631806086612,5.30000000000877));
#6277=CARTESIAN_POINT('',(-46.7304396866795,9.1165204587804,5.3195856067632));
#6278=CARTESIAN_POINT('',(-46.5817063347948,9.37631806085717,4.99999999999999));
#6279=CARTESIAN_POINT('Origin',(-46.5817063348102,9.37631806086602,5.29999999999998));
#6280=CARTESIAN_POINT('',(-46.8797831528052,9.3763180608662,5.33391475451795));
#6281=CARTESIAN_POINT('Origin',(-46.5817063348092,9.37631806086612,5.30000000000877));
#6282=CARTESIAN_POINT('Origin',(-46.5817063348102,9.37631806085183,5.29999999999998));
#6283=CARTESIAN_POINT('Ctrl Pts',(-46.7304396866795,9.11652045878039,5.3195856067632));
#6284=CARTESIAN_POINT('Ctrl Pts',(-46.0494471582031,9.17764363742304,11.3018335921307));
#6285=CARTESIAN_POINT('Ctrl Pts',(-42.3643587121888,9.29989382858173,23.0024605701419));
#6286=CARTESIAN_POINT('Ctrl Pts',(-32.6077082456025,9.45270837612087,34.8279594956318));
#6287=CARTESIAN_POINT('Ctrl Pts',(-20.0668134226853,9.60552632454599,43.2831382186026));
#6288=CARTESIAN_POINT('Ctrl Pts',(-11.29665229158,9.69721198762459,46.0507184770935));
#6289=CARTESIAN_POINT('Ctrl Pts',(-5.31432779515925,9.75833516553633,46.7310379129725));
#6290=CARTESIAN_POINT('Ctrl Pts',(-46.7819665718693,9.14643830188568,5.32514160275431));
#6291=CARTESIAN_POINT('Ctrl Pts',(-46.1002605353055,9.20756148052832,11.314003975199));
#6292=CARTESIAN_POINT('Ctrl Pts',(-42.4111906655272,9.32981167168701,23.027520684394));
#6293=CARTESIAN_POINT('Ctrl Pts',(-32.6438752630816,9.48262621922616,34.8661255255983));
#6294=CARTESIAN_POINT('Ctrl Pts',(-20.0891970880654,9.63544416765128,43.3307040997375));
#6295=CARTESIAN_POINT('Ctrl Pts',(-11.3094193786163,9.72712983072987,46.1013858272216));
#6296=CARTESIAN_POINT('Ctrl Pts',(-5.32048927165281,9.78825300864162,46.7824959074557));
#6297=CARTESIAN_POINT('Ctrl Pts',(-46.8559150129365,9.22667772198817,5.33273289265026));
#6298=CARTESIAN_POINT('Ctrl Pts',(-46.1732400710372,9.28780090063081,11.33103845134));
#6299=CARTESIAN_POINT('Ctrl Pts',(-42.4785470152718,9.4100510917895,23.0631470746743));
#6300=CARTESIAN_POINT('Ctrl Pts',(-32.6960071156289,9.56286563932865,34.9205969983272));
#6301=CARTESIAN_POINT('Ctrl Pts',(-20.1216819226657,9.71568358775377,43.3987562208653));
#6302=CARTESIAN_POINT('Ctrl Pts',(-11.3280540420872,9.80736925083236,46.1739722421163));
#6303=CARTESIAN_POINT('Ctrl Pts',(-5.32970445549821,9.86849242874411,46.8562595841892));
#6304=CARTESIAN_POINT('Ctrl Pts',(-46.8797314827145,9.33143950635199,5.33436888300643));
#6305=CARTESIAN_POINT('Ctrl Pts',(-46.1968459924393,9.39256268499464,11.3357329586345));
#6306=CARTESIAN_POINT('Ctrl Pts',(-42.5005513777584,9.51481287615332,23.0738438569677));
#6307=CARTESIAN_POINT('Ctrl Pts',(-32.7133373469402,9.66762742369247,34.9375178908073));
#6308=CARTESIAN_POINT('Ctrl Pts',(-20.1328345284763,9.82044537211759,43.4202500077196));
#6309=CARTESIAN_POINT('Ctrl Pts',(-11.3348378525776,9.91213103519618,46.1970655549633));
#6310=CARTESIAN_POINT('Ctrl Pts',(-5.33346062602948,9.97325421310793,46.8798348228958));
#6311=CARTESIAN_POINT('Ctrl Pts',(-46.8797831528052,9.37631806086602,5.33391475451795));
#6312=CARTESIAN_POINT('Ctrl Pts',(-46.1969562629175,9.43744123950867,11.3352811058873));
#6313=CARTESIAN_POINT('Ctrl Pts',(-42.500774837479,9.55969143066736,23.0734343318291));
#6314=CARTESIAN_POINT('Ctrl Pts',(-32.7136736446886,9.71250597820649,34.9372004289718));
#6315=CARTESIAN_POINT('Ctrl Pts',(-20.1332577489414,9.86532392663163,43.4200540700724));
#6316=CARTESIAN_POINT('Ctrl Pts',(-11.3352810341243,9.95700958971021,46.1969562710826));
#6317=CARTESIAN_POINT('Ctrl Pts',(-5.33391475451796,10.018132767622,46.8797831528052));
#6318=CARTESIAN_POINT('Ctrl Pts',(-5.33391475451796,10.018132767622,46.8797831528052));
#6319=CARTESIAN_POINT('Ctrl Pts',(-11.3352810341243,9.95700958971021,46.1969562710826));
#6320=CARTESIAN_POINT('Ctrl Pts',(-20.1332577489414,9.86532392663163,43.4200540700724));
#6321=CARTESIAN_POINT('Ctrl Pts',(-32.7136736446886,9.71250597820649,34.9372004289718));
#6322=CARTESIAN_POINT('Ctrl Pts',(-42.500774837479,9.55969143066736,23.0734343318291));
#6323=CARTESIAN_POINT('Ctrl Pts',(-46.1969562629175,9.43744123950867,11.3352811058873));
#6324=CARTESIAN_POINT('Ctrl Pts',(-46.8797831528052,9.37631806086602,5.33391475451795));
#6325=CARTESIAN_POINT('Ctrl Pts',(-46.7304396866795,9.11652045878039,5.3195856067632));
#6326=CARTESIAN_POINT('Ctrl Pts',(-46.0494471582031,9.17764363742304,11.3018335921307));
#6327=CARTESIAN_POINT('Ctrl Pts',(-42.3643587121888,9.29989382858173,23.0024605701419));
#6328=CARTESIAN_POINT('Ctrl Pts',(-32.6077082456025,9.45270837612087,34.8279594956318));
#6329=CARTESIAN_POINT('Ctrl Pts',(-20.0668134226853,9.60552632454599,43.2831382186026));
#6330=CARTESIAN_POINT('Ctrl Pts',(-11.29665229158,9.69721198762459,46.0507184770935));
#6331=CARTESIAN_POINT('Ctrl Pts',(-5.31432779515925,9.75833516553633,46.7310379129725));
#6332=CARTESIAN_POINT('Origin',(-46.5817063348102,7.911,5.29999999999998));
#6333=CARTESIAN_POINT('',(-46.5817063348102,9.4484373335054,4.99999999999999));
#6334=CARTESIAN_POINT('',(-46.5817063348102,7.911,4.99999999999999));
#6335=CARTESIAN_POINT('',(-46.8797831528071,9.62165587304411,5.33391475450085));
#6336=CARTESIAN_POINT('',(-46.8797831528052,7.911,5.33391475451795));
#6337=CARTESIAN_POINT('',(-46.8813661753435,9.62182758634636,5.31428218894752));
#6338=CARTESIAN_POINT('Ctrl Pts',(-46.8797831528071,9.62165587304429,5.33391475450089));
#6339=CARTESIAN_POINT('Ctrl Pts',(-46.8798754011529,9.62164761544315,5.33310398367921));
#6340=CARTESIAN_POINT('Ctrl Pts',(-46.8799643428401,9.62164126767318,5.33229282511051));
#6341=CARTESIAN_POINT('Ctrl Pts',(-46.8801859971504,9.62162978128158,5.33019223981245));
#6342=CARTESIAN_POINT('Ctrl Pts',(-46.8803136619997,9.62162755252656,5.32890232291899));
#6343=CARTESIAN_POINT('Ctrl Pts',(-46.8806343074695,9.62163451697171,5.32543330132951));
#6344=CARTESIAN_POINT('Ctrl Pts',(-46.8808118066854,9.62165261894232,5.32325298000013));
#6345=CARTESIAN_POINT('Ctrl Pts',(-46.881124739952,9.62171743789724,5.3188085839457));
#6346=CARTESIAN_POINT('Ctrl Pts',(-46.8812583021565,9.62176517064102,5.31654548257157));
#6347=CARTESIAN_POINT('Ctrl Pts',(-46.8813661737615,9.62182758725848,5.3142821888973));
#6348=CARTESIAN_POINT('Ctrl Pts',(-46.8813661747494,9.62182758668789,5.31428218894771));
#6349=CARTESIAN_POINT('Ctrl Pts',(-46.8822070747709,9.62231414807692,5.29663896091199));
#6350=CARTESIAN_POINT('Ctrl Pts',(-46.8814409460497,9.62182024190363,5.27906112663548));
#6351=CARTESIAN_POINT('Ctrl Pts',(-46.8791672854133,9.6204560972307,5.26173359058001));
#6352=CARTESIAN_POINT('Ctrl Pts',(-46.8770609224794,9.61919232737446,5.24568102798569));
#6353=CARTESIAN_POINT('Ctrl Pts',(-46.8736602363158,9.61718083778475,5.22984222874776));
#6354=CARTESIAN_POINT('Ctrl Pts',(-46.8690245717212,9.61447488135859,5.21436122324516));
#6355=CARTESIAN_POINT('Ctrl Pts',(-46.8639426110932,9.6115084104808,5.19738979253828));
#6356=CARTESIAN_POINT('Ctrl Pts',(-46.8574527344057,9.60774980087818,5.18109422128786));
#6357=CARTESIAN_POINT('Ctrl Pts',(-46.8497256351883,9.60330120549015,5.16562339708595));
#6358=CARTESIAN_POINT('Ctrl Pts',(-46.8419985359708,9.59885261010213,5.15015257288404));
#6359=CARTESIAN_POINT('Ctrl Pts',(-46.8330338751992,9.59371343903467,5.13550518461199));
#6360=CARTESIAN_POINT('Ctrl Pts',(-46.8229752627327,9.58793872585114,5.1218216948332));
#6361=CARTESIAN_POINT('Ctrl Pts',(-46.8154642804424,9.58362662330245,5.1116039386824));
#6362=CARTESIAN_POINT('Ctrl Pts',(-46.8073906864713,9.57898509933445,5.10198715090777));
#6363=CARTESIAN_POINT('Ctrl Pts',(-46.7988217509103,9.57404255760431,5.09301391709736));
#6364=CARTESIAN_POINT('Ctrl Pts',(-46.7874621700219,9.56749037826092,5.08111837014477));
#6365=CARTESIAN_POINT('Ctrl Pts',(-46.7752332517226,9.56041123638205,5.07035200309088));
#6366=CARTESIAN_POINT('Ctrl Pts',(-46.7623314454843,9.55294042142922,5.0607020301141));
#6367=CARTESIAN_POINT('Ctrl Pts',(-46.7552620009302,9.54884684638186,5.05541440234727));
#6368=CARTESIAN_POINT('Ctrl Pts',(-46.7479900466146,9.54463483765912,5.05046227262534));
#6369=CARTESIAN_POINT('Ctrl Pts',(-46.7405449456149,9.54032151065783,5.04584616157215));
#6370=CARTESIAN_POINT('Ctrl Pts',(-46.7256972775385,9.53171949872765,5.03664031134593));
#6371=CARTESIAN_POINT('Ctrl Pts',(-46.7102099443913,9.52274837722359,5.02880066112815));
#6372=CARTESIAN_POINT('Ctrl Pts',(-46.6942939920437,9.51353915236368,5.02233254942638));
#6373=CARTESIAN_POINT('Ctrl Pts',(-46.6847951483339,9.50804296930639,5.01847229772347));
#6374=CARTESIAN_POINT('Ctrl Pts',(-46.6751431343452,9.50246110346508,5.01510108742079));
#6375=CARTESIAN_POINT('Ctrl Pts',(-46.6653794038456,9.49681547294918,5.01222540145044));
#6376=CARTESIAN_POINT('Ctrl Pts',(-46.6479903948516,9.48676071776914,5.0071038621777));
#6377=CARTESIAN_POINT('Ctrl Pts',(-46.6302595456388,9.47651321488545,5.00355536623393));
#6378=CARTESIAN_POINT('Ctrl Pts',(-46.6123997592324,9.46618821777445,5.00164585279448));
#6379=CARTESIAN_POINT('Ctrl Pts',(-46.6029454986165,9.46072257494286,5.00063503232355));
#6380=CARTESIAN_POINT('Ctrl Pts',(-46.5934548803358,9.45523482241241,5.00008425077561));
#6381=CARTESIAN_POINT('Ctrl Pts',(-46.5839585856583,9.44974049098764,5.00000893290603));
#6382=CARTESIAN_POINT('Ctrl Pts',(-46.5832078626874,9.44930614043825,5.00000297870424));
#6383=CARTESIAN_POINT('Ctrl Pts',(-46.5824571075447,9.44887175230089,4.99999999818689));
#6384=CARTESIAN_POINT('Ctrl Pts',(-46.5817063352962,9.44843733435689,4.99999999999999));
#6385=CARTESIAN_POINT('Ctrl Pts',(-45.1992820845753,10.2429474048812,4.99999999999999));
#6386=CARTESIAN_POINT('Ctrl Pts',(-45.7104885042009,9.94918640823217,4.99999999999999));
#6387=CARTESIAN_POINT('Ctrl Pts',(-46.2216748291323,9.65539044280536,4.99999999999999));
#6388=CARTESIAN_POINT('Ctrl Pts',(-46.7328429546183,9.36156281628623,4.99999999999999));
#6389=CARTESIAN_POINT('Ctrl Pts',(-45.2396398844259,10.3131785335909,4.99999999999999));
#6390=CARTESIAN_POINT('Ctrl Pts',(-45.7508356371414,10.0193915368679,5.00000098701299));
#6391=CARTESIAN_POINT('Ctrl Pts',(-46.2620120221858,9.72557126303484,4.9999990786312));
#6392=CARTESIAN_POINT('Ctrl Pts',(-46.7731700557897,9.43171935315212,4.99999999999999));
#6393=CARTESIAN_POINT('Ctrl Pts',(-45.3199558794342,10.4529453941179,5.06943699112893));
#6394=CARTESIAN_POINT('Ctrl Pts',(-45.8311316546131,10.1591089057896,5.06938681072142));
#6395=CARTESIAN_POINT('Ctrl Pts',(-46.3422875343464,9.86523885404603,5.06933918331227));
#6396=CARTESIAN_POINT('Ctrl Pts',(-46.8534266511269,9.57134071511317,5.06929225497809));
#6397=CARTESIAN_POINT('Ctrl Pts',(-45.3505582725626,10.5062000467149,5.23385829633111));
#6398=CARTESIAN_POINT('Ctrl Pts',(-45.8617573709665,10.2123984238741,5.23371839114015));
#6399=CARTESIAN_POINT('Ctrl Pts',(-46.3729378369555,9.91856597976756,5.23358358832607));
#6400=CARTESIAN_POINT('Ctrl Pts',(-46.8840986455733,9.62470038755728,5.23345265374788));
#6401=CARTESIAN_POINT('Ctrl Pts',(-45.3485725083393,10.5027443959295,5.31476119285972));
#6402=CARTESIAN_POINT('Ctrl Pts',(-45.8597948400798,10.2089836354207,5.31459610627544));
#6403=CARTESIAN_POINT('Ctrl Pts',(-46.3709962773752,9.91518789439639,5.31443652817364));
#6404=CARTESIAN_POINT('Ctrl Pts',(-46.882178814346,9.62136048197614,5.31428194319593));
#6405=CARTESIAN_POINT('',(-45.3485687784072,10.5027443959295,5.31476079399589));
#6406=CARTESIAN_POINT('Ctrl Pts',(-46.8813661753435,9.6218275863464,5.31428218894753));
#6407=CARTESIAN_POINT('Ctrl Pts',(-46.3704544980141,9.91549926375202,5.31443669729858));
#6408=CARTESIAN_POINT('Ctrl Pts',(-45.85952393933,10.209139301567,5.31459619375613));
#6409=CARTESIAN_POINT('Ctrl Pts',(-45.3485725083393,10.5027443959295,5.31476119285972));
#6410=CARTESIAN_POINT('',(-45.3843554003113,10.1365943635308,4.99999999999999));
#6411=CARTESIAN_POINT('Ctrl Pts',(-45.3843554010307,10.136594364768,4.99999999999999));
#6412=CARTESIAN_POINT('Ctrl Pts',(-45.3843553930881,10.157024782342,5.00000005268709));
#6413=CARTESIAN_POINT('Ctrl Pts',(-45.3841739917341,10.1774391428846,5.00165590600205));
#6414=CARTESIAN_POINT('Ctrl Pts',(-45.3838239634148,10.1976181632556,5.00483288960793));
#6415=CARTESIAN_POINT('Ctrl Pts',(-45.3834646078683,10.2183348952813,5.00809453050045));
#6416=CARTESIAN_POINT('Ctrl Pts',(-45.3829282463738,10.23880484391,5.01295987605864));
#6417=CARTESIAN_POINT('Ctrl Pts',(-45.3822255319767,10.2587852155637,5.01933657936985));
#6418=CARTESIAN_POINT('Ctrl Pts',(-45.3818809351185,10.2685831837378,5.02246358507233));
#6419=CARTESIAN_POINT('Ctrl Pts',(-45.3814962183241,10.2782632190755,5.02595479026871));
#6420=CARTESIAN_POINT('Ctrl Pts',(-45.3810715307341,10.2877947634712,5.02980332991415));
#6421=CARTESIAN_POINT('Ctrl Pts',(-45.3802176363194,10.3069592804348,5.03754136272999));
#6422=CARTESIAN_POINT('Ctrl Pts',(-45.3791990704487,10.3255016487757,5.04671000606274));
#6423=CARTESIAN_POINT('Ctrl Pts',(-45.3780201587205,10.3431538775706,5.05727656479406));
#6424=CARTESIAN_POINT('Ctrl Pts',(-45.3769679668794,10.3589086882745,5.06670733608864));
#6425=CARTESIAN_POINT('Ctrl Pts',(-45.3757882405681,10.3739547711822,5.07725257839511));
#6426=CARTESIAN_POINT('Ctrl Pts',(-45.3744635290724,10.3880658736959,5.08891353181615));
#6427=CARTESIAN_POINT('Ctrl Pts',(-45.3743039884975,10.3897653330989,5.09031790946273));
#6428=CARTESIAN_POINT('Ctrl Pts',(-45.3741423160836,10.3914511808502,5.09173849323704));
#6429=CARTESIAN_POINT('Ctrl Pts',(-45.3739784564341,10.3931229783678,5.09317530376512));
#6430=CARTESIAN_POINT('Ctrl Pts',(-45.37338466126,10.3991812440906,5.09838202280868));
#6431=CARTESIAN_POINT('Ctrl Pts',(-45.3727622010636,10.4050551031526,5.10380183934172));
#6432=CARTESIAN_POINT('Ctrl Pts',(-45.3721131207454,10.4107318304504,5.10942585839006));
#6433=CARTESIAN_POINT('Ctrl Pts',(-45.3705972657553,10.4239891965437,5.12256013022098));
#6434=CARTESIAN_POINT('Ctrl Pts',(-45.3689458922964,10.4361150687529,5.13674980460996));
#6435=CARTESIAN_POINT('Ctrl Pts',(-45.3672011673007,10.4469390041516,5.15186407662408));
#6436=CARTESIAN_POINT('Ctrl Pts',(-45.3655643935635,10.4570932308849,5.16604318424884));
#6437=CARTESIAN_POINT('Ctrl Pts',(-45.3638455045253,10.4661017185301,5.18103701939749));
#6438=CARTESIAN_POINT('Ctrl Pts',(-45.3620566143744,10.4737842415333,5.19672957732758));
#6439=CARTESIAN_POINT('Ctrl Pts',(-45.3617147913764,10.4752522260508,5.19972812768277));
#6440=CARTESIAN_POINT('Ctrl Pts',(-45.3613703408333,10.4766716722794,5.20275214016098));
#6441=CARTESIAN_POINT('Ctrl Pts',(-45.361023242412,10.4780411403726,5.20580072322233));
#6442=CARTESIAN_POINT('Ctrl Pts',(-45.3592443089366,10.4850598776677,5.2214251862784));
#6443=CARTESIAN_POINT('Ctrl Pts',(-45.3574125752728,10.4907243270631,5.23760180360082));
#6444=CARTESIAN_POINT('Ctrl Pts',(-45.3555295567801,10.4948591962966,5.25418930843074));
#6445=CARTESIAN_POINT('Ctrl Pts',(-45.3553255380162,10.4953071955667,5.25598650917298));
#6446=CARTESIAN_POINT('Ctrl Pts',(-45.3551208935447,10.4957371979007,5.25778851506657));
#6447=CARTESIAN_POINT('Ctrl Pts',(-45.3549156076215,10.4961489495981,5.25959513154996));
#6448=CARTESIAN_POINT('Ctrl Pts',(-45.35304066477,10.4999096112618,5.2760955452555));
#6449=CARTESIAN_POINT('Ctrl Pts',(-45.3511272153351,10.5021256523789,5.2928702872475));
#6450=CARTESIAN_POINT('Ctrl Pts',(-45.3491573116218,10.5026416041586,5.30975918546292));
#6451=CARTESIAN_POINT('Ctrl Pts',(-45.3489629568132,10.5026925090372,5.31142547938276));
#6452=CARTESIAN_POINT('Ctrl Pts',(-45.3487680326438,10.5027268304022,5.31309287002314));
#6453=CARTESIAN_POINT('Ctrl Pts',(-45.3485725085738,10.5027443957947,5.31476119285964));
#6454=CARTESIAN_POINT('Ctrl Pts',(-45.3843554010206,10.1365943647738,4.99999999999999));
#6455=CARTESIAN_POINT('Ctrl Pts',(-45.7834841886406,9.90722923668027,4.99999999999999));
#6456=CARTESIAN_POINT('Ctrl Pts',(-46.1826008660504,9.67784303510886,4.99999999999999));
#6457=CARTESIAN_POINT('Ctrl Pts',(-46.5817063352962,9.44843733435689,4.99999999999999));
#6458=CARTESIAN_POINT('Ctrl Pts',(-46.5817063348102,9.37631806086602,4.99999999999999));
#6459=CARTESIAN_POINT('Ctrl Pts',(-46.1209274251876,9.11252351022863,4.99999999999999));
#6460=CARTESIAN_POINT('Ctrl Pts',(-45.6601202211731,8.84877838176367,4.99999999999999));
#6461=CARTESIAN_POINT('Ctrl Pts',(-45.1992820845165,8.58508731194341,4.99999999999999));
#6462=CARTESIAN_POINT('Ctrl Pts',(-46.622350848298,9.30532290739605,4.99999999999999));
#6463=CARTESIAN_POINT('Ctrl Pts',(-46.161582875224,9.04149744312752,4.99999882244385));
#6464=CARTESIAN_POINT('Ctrl Pts',(-45.7007863028963,8.77772148165044,5.0000012539187));
#6465=CARTESIAN_POINT('Ctrl Pts',(-45.2399595897517,8.51399751080151,4.99999999999999));
#6466=CARTESIAN_POINT('Ctrl Pts',(-46.7032202741895,9.16406553193453,5.07090372029806));
#6467=CARTESIAN_POINT('Ctrl Pts',(-46.2424725705527,8.90018128702357,5.07096250809274));
#6468=CARTESIAN_POINT('Ctrl Pts',(-45.7816980467941,8.63634215494285,5.07102199368677));
#6469=CARTESIAN_POINT('Ctrl Pts',(-45.3208924749439,8.37255563326034,5.07108445547792));
#6470=CARTESIAN_POINT('Ctrl Pts',(-46.733093178207,9.11188551492054,5.23795372223875));
#6471=CARTESIAN_POINT('Ctrl Pts',(-46.2723166273677,8.84804284233126,5.23811640742307));
#6472=CARTESIAN_POINT('Ctrl Pts',(-45.8115096727374,8.58425166395604,5.238283300144));
#6473=CARTESIAN_POINT('Ctrl Pts',(-45.3506732648624,8.32050941211391,5.23845599384303));
#6474=CARTESIAN_POINT('Ctrl Pts',(-46.7304396866795,9.1165204587804,5.3195856067632));
#6475=CARTESIAN_POINT('Ctrl Pts',(-46.2696359773112,8.85272610298114,5.31977652082685));
#6476=CARTESIAN_POINT('Ctrl Pts',(-45.8088028850071,8.58898117784161,5.31997298324661));
#6477=CARTESIAN_POINT('Ctrl Pts',(-45.3479376341692,8.32529032089514,5.32017550494344));
#6478=CARTESIAN_POINT('',(-45.3843554003041,8.69098990324681,4.99999999999999));
#6479=CARTESIAN_POINT('',(-45.3479376341692,8.32529032089514,5.32017550494344));
#6480=CARTESIAN_POINT('Ctrl Pts',(-45.3479376344625,8.32529032106296,5.32017550494331));
#6481=CARTESIAN_POINT('Ctrl Pts',(-45.3499644582612,8.32510842159778,5.30289933066407));
#6482=CARTESIAN_POINT('Ctrl Pts',(-45.3519249894155,8.32672615148409,5.28573925885797));
#6483=CARTESIAN_POINT('Ctrl Pts',(-45.3538443010071,8.32995302676088,5.26886842385571));
#6484=CARTESIAN_POINT('Ctrl Pts',(-45.3557636125987,8.33317990203768,5.25199758885345));
#6485=CARTESIAN_POINT('Ctrl Pts',(-45.3576414194397,8.33801642087923,5.23541478089841));
#6486=CARTESIAN_POINT('Ctrl Pts',(-45.3594765797932,8.34431790375874,5.21927492573763));
#6487=CARTESIAN_POINT('Ctrl Pts',(-45.3613064370721,8.35060117720299,5.20318171001922));
#6488=CARTESIAN_POINT('Ctrl Pts',(-45.3630725408984,8.35827480974824,5.18769513197889));
#6489=CARTESIAN_POINT('Ctrl Pts',(-45.364769409737,8.36715407018926,5.1729379529262));
#6490=CARTESIAN_POINT('Ctrl Pts',(-45.36657679964,8.3766116577774,5.15721960404212));
#6491=CARTESIAN_POINT('Ctrl Pts',(-45.3683056029277,8.38743710664185,5.14232767111508));
#6492=CARTESIAN_POINT('Ctrl Pts',(-45.3699214073503,8.39945575017592,5.12839547558221));
#6493=CARTESIAN_POINT('Ctrl Pts',(-45.3701792998858,8.40137400117881,5.12617180966037));
#6494=CARTESIAN_POINT('Ctrl Pts',(-45.3704342605988,8.40332274091783,5.12397258377385));
#6495=CARTESIAN_POINT('Ctrl Pts',(-45.3706860906409,8.40530136222287,5.12179833749353));
#6496=CARTESIAN_POINT('Ctrl Pts',(-45.3717743040062,8.41385142293513,5.11240293795301));
#6497=CARTESIAN_POINT('Ctrl Pts',(-45.3728002239321,8.42292897116891,5.10350649532524));
#6498=CARTESIAN_POINT('Ctrl Pts',(-45.3737550044899,8.43248157633986,5.09514568448577));
#6499=CARTESIAN_POINT('Ctrl Pts',(-45.3751545383721,8.44648395048726,5.0828902631159));
#6500=CARTESIAN_POINT('Ctrl Pts',(-45.3764025797625,8.46150466614989,5.07178386806516));
#6501=CARTESIAN_POINT('Ctrl Pts',(-45.3775166199696,8.47729934282085,5.06182494306488));
#6502=CARTESIAN_POINT('Ctrl Pts',(-45.3783301473291,8.48883339834638,5.05455244256861));
#6503=CARTESIAN_POINT('Ctrl Pts',(-45.3790715501165,8.50078134468177,5.04789220228935));
#6504=CARTESIAN_POINT('Ctrl Pts',(-45.3797400349468,8.51306130911187,5.04185170408814));
#6505=CARTESIAN_POINT('Ctrl Pts',(-45.3807449504672,8.53152145403451,5.03277118330701));
#6506=CARTESIAN_POINT('Ctrl Pts',(-45.3815889182164,8.5507008446736,5.02510556107341));
#6507=CARTESIAN_POINT('Ctrl Pts',(-45.3822727324814,8.57034830068986,5.01890233091897));
#6508=CARTESIAN_POINT('Ctrl Pts',(-45.3826074582846,8.57996569364601,5.01586586136569));
#6509=CARTESIAN_POINT('Ctrl Pts',(-45.3829035127018,8.58969575870417,5.01318037052736));
#6510=CARTESIAN_POINT('Ctrl Pts',(-45.3831596908663,8.59951130506654,5.01085508892114));
#6511=CARTESIAN_POINT('Ctrl Pts',(-45.3836789937144,8.61940855583247,5.00614147344706));
#6512=CARTESIAN_POINT('Ctrl Pts',(-45.3840359365318,8.63965338025532,5.00290588676459));
#6513=CARTESIAN_POINT('Ctrl Pts',(-45.3842171565846,8.66002641746103,5.00125866447882));
#6514=CARTESIAN_POINT('Ctrl Pts',(-45.3843087561459,8.67032418109743,5.00042605883519));
#6515=CARTESIAN_POINT('Ctrl Pts',(-45.3843553960841,8.68065481421711,5.00000003537478));
#6516=CARTESIAN_POINT('Ctrl Pts',(-45.3843554013812,8.69098990138387,4.99999999999999));
#6517=CARTESIAN_POINT('Ctrl Pts',(-45.3479376341692,8.32529032089514,5.32017550494344));
#6518=CARTESIAN_POINT('Ctrl Pts',(-45.8088028850071,8.58898117784161,5.31997298324661));
#6519=CARTESIAN_POINT('Ctrl Pts',(-46.2696359773112,8.85272610298114,5.31977652082685));
#6520=CARTESIAN_POINT('Ctrl Pts',(-46.7304396866795,9.1165204587804,5.3195856067632));
#6521=CARTESIAN_POINT('Ctrl Pts',(-46.5817063348102,9.37631806086602,4.99999999999999));
#6522=CARTESIAN_POINT('Ctrl Pts',(-46.1826111544016,9.14783726111832,4.99999999999999));
#6523=CARTESIAN_POINT('Ctrl Pts',(-45.7834947479936,8.91939353709222,4.99999999999999));
#6524=CARTESIAN_POINT('Ctrl Pts',(-45.3843554013621,8.69098990137294,4.99999999999999));
#6525=CARTESIAN_POINT('Ctrl Pts',(-5.,9.22362269621235,45.1992820845165));
#6526=CARTESIAN_POINT('Ctrl Pts',(-5.,9.48843177836839,45.6601060343176));
#6527=CARTESIAN_POINT('Ctrl Pts',(-5.,9.75326928168123,46.1209136520149));
#6528=CARTESIAN_POINT('Ctrl Pts',(-5.,10.018132767622,46.5817063348103));
#6529=CARTESIAN_POINT('Ctrl Pts',(-5.,9.1533915675026,45.239639884367));
#6530=CARTESIAN_POINT('Ctrl Pts',(-5.00000088973693,9.41822408726885,45.7004542185463));
#6531=CARTESIAN_POINT('Ctrl Pts',(-4.99999916387083,9.68308358080375,46.1612528507511));
#6532=CARTESIAN_POINT('Ctrl Pts',(-5.,9.94796910246388,46.6220363869878));
#6533=CARTESIAN_POINT('Ctrl Pts',(-5.06943697706784,9.01362469416869,45.3199558867349));
#6534=CARTESIAN_POINT('Ctrl Pts',(-5.06939174224155,9.27850182784456,45.7807522122839));
#6535=CARTESIAN_POINT('Ctrl Pts',(-5.06934865989529,9.54340635160602,46.2415323079896));
#6536=CARTESIAN_POINT('Ctrl Pts',(-5.06930608051233,9.80833382294677,46.702298700766));
#6537=CARTESIAN_POINT('Ctrl Pts',(-5.23385829633114,8.9603700543786,45.3505582725037));
#6538=CARTESIAN_POINT('Ctrl Pts',(-5.2337321796389,9.22521575877072,45.8113756226337));
#6539=CARTESIAN_POINT('Ctrl Pts',(-5.23361024638315,9.49008626113607,46.2721779639126));
#6540=CARTESIAN_POINT('Ctrl Pts',(-5.23349145415708,9.75498419679634,46.7329640487271));
#6541=CARTESIAN_POINT('Ctrl Pts',(-5.31476119285975,8.96382570516407,45.3485725082805));
#6542=CARTESIAN_POINT('Ctrl Pts',(-5.31461237655209,9.22863457445289,45.8094108019618));
#6543=CARTESIAN_POINT('Ctrl Pts',(-5.31446803728646,9.49347187443956,46.2702321134573));
#6544=CARTESIAN_POINT('Ctrl Pts',(-5.31432779515925,9.75833516553637,46.7310379129725));
#6545=CARTESIAN_POINT('',(-5.31476086488114,8.96382570516406,45.3485694530043));
#6546=CARTESIAN_POINT('',(-5.,9.32997573759648,45.3843554003112));
#6547=CARTESIAN_POINT('Ctrl Pts',(-5.,9.32997573661678,45.3843554008837));
#6548=CARTESIAN_POINT('Ctrl Pts',(-5.00000005011296,9.30954535187113,45.3843553933396));
#6549=CARTESIAN_POINT('Ctrl Pts',(-5.00165589666503,9.28913102432305,45.3841739928723));
#6550=CARTESIAN_POINT('Ctrl Pts',(-5.00483286919692,9.26895203581799,45.3838239659755));
#6551=CARTESIAN_POINT('Ctrl Pts',(-5.00809449806567,9.24823534066561,45.3834646119617));
#6552=CARTESIAN_POINT('Ctrl Pts',(-5.01295982641061,9.22776542763366,45.3829282526289));
#6553=CARTESIAN_POINT('Ctrl Pts',(-5.01933650727492,9.20778508886241,45.3822255410116));
#6554=CARTESIAN_POINT('Ctrl Pts',(-5.02246352969766,9.19798704993257,45.381880942461));
#6555=CARTESIAN_POINT('Ctrl Pts',(-5.02595475681139,9.18830694527554,45.3814962234126));
#6556=CARTESIAN_POINT('Ctrl Pts',(-5.02980332339667,9.17877533364181,45.3810715330094));
#6557=CARTESIAN_POINT('Ctrl Pts',(-5.03754135602752,9.15961081609693,45.3802176389362));
#6558=CARTESIAN_POINT('Ctrl Pts',(-5.04670999918415,9.1410684471592,45.3791990734142));
#6559=CARTESIAN_POINT('Ctrl Pts',(-5.0572765577699,9.12341621788656,45.3780201619642));
#6560=CARTESIAN_POINT('Ctrl Pts',(-5.06670732608481,9.10766141151693,45.3769679706894));
#6561=CARTESIAN_POINT('Ctrl Pts',(-5.07725256477027,9.09261533261514,45.3757882449628));
#6562=CARTESIAN_POINT('Ctrl Pts',(-5.08891351406627,9.07850423370874,45.374463534009));
#6563=CARTESIAN_POINT('Ctrl Pts',(-5.09031789516407,9.07680476996267,45.3743039930509));
#6564=CARTESIAN_POINT('Ctrl Pts',(-5.09173848247348,9.07511891793902,45.3741423202413));
#6565=CARTESIAN_POINT('Ctrl Pts',(-5.09317529662101,9.0734471162232,45.3739784601828));
#6566=CARTESIAN_POINT('Ctrl Pts',(-5.09838201572672,9.06738885047625,45.3733846650154));
#6567=CARTESIAN_POINT('Ctrl Pts',(-5.10380183236133,9.06151499144068,45.372762204797));
#6568=CARTESIAN_POINT('Ctrl Pts',(-5.10942585154823,9.05583826421671,45.3721131244299));
#6569=CARTESIAN_POINT('Ctrl Pts',(-5.12256012819131,9.04258089376526,45.3705972688077));
#6570=CARTESIAN_POINT('Ctrl Pts',(-5.13674980831745,9.0304550182312,45.3689458944774));
#6571=CARTESIAN_POINT('Ctrl Pts',(-5.15186408678584,9.01963108061332,45.3672011684739));
#6572=CARTESIAN_POINT('Ctrl Pts',(-5.16604319547736,9.00947685537028,45.365564394367));
#6573=CARTESIAN_POINT('Ctrl Pts',(-5.18103703175073,9.00046836938159,45.363845504897));
#6574=CARTESIAN_POINT('Ctrl Pts',(-5.19672959076223,8.99278584808886,45.3620566143129));
#6575=CARTESIAN_POINT('Ctrl Pts',(-5.19972813577351,8.99131786661564,45.3617147918648));
#6576=CARTESIAN_POINT('Ctrl Pts',(-5.20275214281184,8.98989842325351,45.3613703418814));
#6577=CARTESIAN_POINT('Ctrl Pts',(-5.20580072034144,8.98852895784011,45.36102324403));
#6578=CARTESIAN_POINT('Ctrl Pts',(-5.22142518342896,8.98151022152995,45.3592443102439));
#6579=CARTESIAN_POINT('Ctrl Pts',(-5.23760180072009,8.97584577297948,45.3574125762877));
#6580=CARTESIAN_POINT('Ctrl Pts',(-5.25418930534895,8.9717109043108,45.3555295575879));
#6581=CARTESIAN_POINT('Ctrl Pts',(-5.25598650684115,8.97126290490959,45.3553255387139));
#6582=CARTESIAN_POINT('Ctrl Pts',(-5.25778851348683,8.9708329024565,45.3551208941328));
#6583=CARTESIAN_POINT('Ctrl Pts',(-5.25959513072402,8.97042115065244,45.3549156081006));
#6584=CARTESIAN_POINT('Ctrl Pts',(-5.27609554600355,8.96666048922436,45.3530406648567));
#6585=CARTESIAN_POINT('Ctrl Pts',(-5.2928702894488,8.96444444838965,45.3511272151121));
#6586=CARTESIAN_POINT('Ctrl Pts',(-5.30975918882956,8.96392849685757,45.3491573112327));
#6587=CARTESIAN_POINT('Ctrl Pts',(-5.31142548163157,8.96387759204106,45.3489629565515));
#6588=CARTESIAN_POINT('Ctrl Pts',(-5.31309287114968,8.96384327071331,45.3487680325118));
#6589=CARTESIAN_POINT('Ctrl Pts',(-5.31476119285966,8.9638257053326,45.3485725085737));
#6590=CARTESIAN_POINT('Ctrl Pts',(-5.,9.32997573661095,45.3843554008736));
#6591=CARTESIAN_POINT('Ctrl Pts',(-5.,9.55934086573413,45.7834841879059));
#6592=CARTESIAN_POINT('Ctrl Pts',(-5.,9.78872707088256,46.1826008632741));
#6593=CARTESIAN_POINT('Ctrl Pts',(-5.,10.018132767622,46.5817063348103));
#6594=CARTESIAN_POINT('Ctrl Pts',(-5.31432779515925,9.75833516553637,46.7310379129725));
#6595=CARTESIAN_POINT('Ctrl Pts',(-5.31446803728646,9.49347187443956,46.2702321134573));
#6596=CARTESIAN_POINT('Ctrl Pts',(-5.31461237655209,9.22863457445289,45.8094108019618));
#6597=CARTESIAN_POINT('Ctrl Pts',(-5.31476119285975,8.96382570516407,45.3485725082805));
#6598=CARTESIAN_POINT('Ctrl Pts',(-5.,10.0033812939276,46.7334422869774));
#6599=CARTESIAN_POINT('Ctrl Pts',(-5.,10.2961441597705,46.2220912531669));
#6600=CARTESIAN_POINT('Ctrl Pts',(-5.,10.588846756948,45.7107057133338));
#6601=CARTESIAN_POINT('Ctrl Pts',(-5.,10.8814827891503,45.1992820845753));
#6602=CARTESIAN_POINT('Ctrl Pts',(-5.,10.0743664103905,46.7740832650019));
#6603=CARTESIAN_POINT('Ctrl Pts',(-4.99999870201617,10.3671633532933,46.262744310685));
#6604=CARTESIAN_POINT('Ctrl Pts',(-5.00000139155943,10.659900045566,45.7513705411158));
#6605=CARTESIAN_POINT('Ctrl Pts',(-5.,10.9525725902922,45.2399595898105));
#6606=CARTESIAN_POINT('Ctrl Pts',(-5.07088586657607,10.2156029873461,46.854945182349));
#6607=CARTESIAN_POINT('Ctrl Pts',(-5.07095068178819,10.5084647269457,46.3436286191461));
#6608=CARTESIAN_POINT('Ctrl Pts',(-5.07101647253233,10.8012712665459,45.8322792550576));
#6609=CARTESIAN_POINT('Ctrl Pts',(-5.07108579065804,11.0940132282143,45.3208917656941));
#6610=CARTESIAN_POINT('Ctrl Pts',(-5.23790038194903,10.2677984199217,46.8848285372547));
#6611=CARTESIAN_POINT('Ctrl Pts',(-5.23807976446494,10.5606143357937,46.3734801897757));
#6612=CARTESIAN_POINT('Ctrl Pts',(-5.23826434382279,10.8533678565839,45.8620949751325));
#6613=CARTESIAN_POINT('Ctrl Pts',(-5.23845599384303,11.1460606889798,45.3506732649212));
#6614=CARTESIAN_POINT('Ctrl Pts',(-5.31952293783541,10.2631789598685,46.8821837662962));
#6615=CARTESIAN_POINT('Ctrl Pts',(-5.31973346169147,10.555941611544,46.370805474427));
#6616=CARTESIAN_POINT('Ctrl Pts',(-5.31995075275204,10.8486439842369,45.8593913534497));
#6617=CARTESIAN_POINT('Ctrl Pts',(-5.32017550494344,11.1412797801986,45.347937634228));
#6618=CARTESIAN_POINT('',(-5.,10.7755801978806,45.384355400304));
#6619=CARTESIAN_POINT('Ctrl Pts',(-5.,10.0902520418933,46.581706335732));
#6620=CARTESIAN_POINT('Ctrl Pts',(-5.,10.3187328492972,46.1826111596478));
#6621=CARTESIAN_POINT('Ctrl Pts',(-5.,10.5471765664927,45.7834947493817));
#6622=CARTESIAN_POINT('Ctrl Pts',(-5.,10.775580200246,45.3843554016397));
#6623=CARTESIAN_POINT('',(-5.3201755049434,11.1412797801985,45.347937634228));
#6624=CARTESIAN_POINT('Ctrl Pts',(-5.32017550494334,11.1412797800644,45.3479376344625));
#6625=CARTESIAN_POINT('Ctrl Pts',(-5.30289933066411,11.1414616795296,45.3499644582612));
#6626=CARTESIAN_POINT('Ctrl Pts',(-5.28573928850336,11.1398439221207,45.3519249736671));
#6627=CARTESIAN_POINT('Ctrl Pts',(-5.26886849927335,11.1366170043355,45.353844260936));
#6628=CARTESIAN_POINT('Ctrl Pts',(-5.25199771004335,11.1333900865503,45.3557635482049));
#6629=CARTESIAN_POINT('Ctrl Pts',(-5.23541496405107,11.1285535101532,45.3576413221141));
#6630=CARTESIAN_POINT('Ctrl Pts',(-5.21927517520958,11.122251965654,45.3594764472111));
#6631=CARTESIAN_POINT('Ctrl Pts',(-5.20318210410302,11.1159686614113,45.3613062604116));
#6632=CARTESIAN_POINT('Ctrl Pts',(-5.18769566833865,11.1082950082368,45.3630723188414));
#6633=CARTESIAN_POINT('Ctrl Pts',(-5.17293861688549,11.0994157445977,45.3647691467459));
#6634=CARTESIAN_POINT('Ctrl Pts',(-5.1572204096842,11.0899581570764,45.366576492385));
#6635=CARTESIAN_POINT('Ctrl Pts',(-5.1423286012589,11.0791327290172,45.3683052565049));
#6636=CARTESIAN_POINT('Ctrl Pts',(-5.12839649981248,11.0671141350454,45.3699210335563));
#6637=CARTESIAN_POINT('Ctrl Pts',(-5.12617270039386,11.065195763837,45.3701789389471));
#6638=CARTESIAN_POINT('Ctrl Pts',(-5.12397334350243,11.0632469005525,45.3704339124243));
#6639=CARTESIAN_POINT('Ctrl Pts',(-5.12179896876532,11.0612681525153,45.3706857551264));
#6640=CARTESIAN_POINT('Ctrl Pts',(-5.11240359236085,11.052718070369,45.3717739562267));
#6641=CARTESIAN_POINT('Ctrl Pts',(-5.10350716293815,11.0436405099656,45.3727998691875));
#6642=CARTESIAN_POINT('Ctrl Pts',(-5.09514635221478,11.0340879048308,45.3737546497644));
#6643=CARTESIAN_POINT('Ctrl Pts',(-5.08289079485762,11.0200853751702,45.3751541992232));
#6644=CARTESIAN_POINT('Ctrl Pts',(-5.071784261397,11.0050645074817,45.3764022677672));
#6645=CARTESIAN_POINT('Ctrl Pts',(-5.06182520806411,10.9892696786225,45.3775163405412));
#6646=CARTESIAN_POINT('Ctrl Pts',(-5.05455280529415,10.9777358155829,45.378329870267));
#6647=CARTESIAN_POINT('Ctrl Pts',(-5.04789263587818,10.965788083393,45.3790712820794));
#6648=CARTESIAN_POINT('Ctrl Pts',(-5.0418521856714,10.9535083469517,45.3797397802956));
#6649=CARTESIAN_POINT('Ctrl Pts',(-5.03277154132347,10.9350481468852,45.3807447375986));
#6650=CARTESIAN_POINT('Ctrl Pts',(-5.02510580447432,10.915868700382,45.3815887498998));
#6651=CARTESIAN_POINT('Ctrl Pts',(-5.01890248303801,10.8962211798065,45.3822726042013));
#6652=CARTESIAN_POINT('Ctrl Pts',(-5.01586602737551,10.8866039407649,45.3826073431452));
#6653=CARTESIAN_POINT('Ctrl Pts',(-5.0131805424813,10.8768740318851,45.3829034111134));
#6654=CARTESIAN_POINT('Ctrl Pts',(-5.01085526001771,10.8670586414737,45.3831596024635));
#6655=CARTESIAN_POINT('Ctrl Pts',(-5.00614159286001,10.84716149601,45.383678937543));
#6656=CARTESIAN_POINT('Ctrl Pts',(-5.00290595791474,10.8269167685193,45.3840359076268));
#6657=CARTESIAN_POINT('Ctrl Pts',(-5.00125870224065,10.8065438063725,45.3842171432171));
#6658=CARTESIAN_POINT('Ctrl Pts',(-5.00042607388146,10.7962460084588,45.3843087512744));
#6659=CARTESIAN_POINT('Ctrl Pts',(-5.00000003719835,10.7859153350076,45.3843553960784));
#6660=CARTESIAN_POINT('Ctrl Pts',(-5.,10.775580200235,45.3843554016588));
#6661=CARTESIAN_POINT('Ctrl Pts',(-5.32017550494344,11.1412797801986,45.347937634228));
#6662=CARTESIAN_POINT('Ctrl Pts',(-5.31995091586275,10.8488563605105,45.8590201731754));
#6663=CARTESIAN_POINT('Ctrl Pts',(-5.3197337770872,10.5563664606904,46.3700631713332));
#6664=CARTESIAN_POINT('Ctrl Pts',(-5.3195233962002,10.2638163647854,46.8810703896375));
#6665=CARTESIAN_POINT('Origin',(-45.3843554003193,16.18,4.99999999999999));
#6666=CARTESIAN_POINT('',(-45.3843554003194,16.18,4.99999999999999));
#6667=CARTESIAN_POINT('Origin',(1.11022302462516E-15,7.911,-1.0547118733939E-14));
#6668=CARTESIAN_POINT('Ctrl Pts',(-46.8797831052506,9.62165587304429,5.33391474936875));
#6669=CARTESIAN_POINT('Ctrl Pts',(-46.1972787416609,9.68274757274418,11.3321872049723));
#6670=CARTESIAN_POINT('Ctrl Pts',(-44.3501967063909,9.74383927244406,17.1980371768221));
#6671=CARTESIAN_POINT('Ctrl Pts',(-41.4712952638232,9.80493097214394,22.5028887961288));
#6672=CARTESIAN_POINT('Ctrl Pts',(-38.5892645536445,9.86608907643633,27.813506608091));
#6673=CARTESIAN_POINT('Ctrl Pts',(-34.6731701121194,9.92724718072872,32.561905832569));
#6674=CARTESIAN_POINT('Ctrl Pts',(-30.0111602944704,9.98840528502112,36.4076376784039));
#6675=CARTESIAN_POINT('Ctrl Pts',(-27.6801553856459,10.0189843371673,38.3305036013214));
#6676=CARTESIAN_POINT('Ctrl Pts',(-25.1626716327904,10.0495633893135,40.0277026795781));
#6677=CARTESIAN_POINT('Ctrl Pts',(-22.5062227602519,10.0801424414597,41.4678281107334));
#6678=CARTESIAN_POINT('Ctrl Pts',(-17.1975578167759,10.1412518209066,44.3457842685255));
#6679=CARTESIAN_POINT('Ctrl Pts',(-11.3339177531716,10.2023612003535,46.1970836759945));
#6680=CARTESIAN_POINT('Ctrl Pts',(-5.33391474437894,10.2634705798004,46.8797831208364));
#6681=CARTESIAN_POINT('Ctrl Pts',(-5.14776087371991,11.1430947198225,45.3678330215168));
#6682=CARTESIAN_POINT('Ctrl Pts',(-10.9588918582973,11.0819366155301,44.7084602738636));
#6683=CARTESIAN_POINT('Ctrl Pts',(-19.4778193575939,10.9901994590915,42.0202234314767));
#6684=CARTESIAN_POINT('Ctrl Pts',(-31.6588580189506,10.8373041983605,33.8082175117513));
#6685=CARTESIAN_POINT('Ctrl Pts',(-41.1330264311031,10.6844089376295,22.3204918391198));
#6686=CARTESIAN_POINT('Ctrl Pts',(-44.709649809428,10.5620927290447,10.9540378281165));
#6687=CARTESIAN_POINT('Ctrl Pts',(-45.3683916428555,10.5009346247523,5.14283529015965));
#6688=CARTESIAN_POINT('Ctrl Pts',(-5.20502836714713,10.8499353942269,45.872359948677));
#6689=CARTESIAN_POINT('Ctrl Pts',(-11.0807838194093,10.7887772899345,45.2056518516613));
#6690=CARTESIAN_POINT('Ctrl Pts',(-19.6944479113534,10.697040133496,42.487515759443));
#6691=CARTESIAN_POINT('Ctrl Pts',(-32.0109465481615,10.544144872765,34.1841799298259));
#6692=CARTESIAN_POINT('Ctrl Pts',(-41.5904707755617,10.391249612034,22.5686967276504));
#6693=CARTESIAN_POINT('Ctrl Pts',(-45.2068642661546,10.2689334034492,11.0758364291736));
#6694=CARTESIAN_POINT('Ctrl Pts',(-45.8729293142665,10.2077752991568,5.20000804731122));
#6695=CARTESIAN_POINT('Ctrl Pts',(-5.2622955284915,10.5567760725595,46.3768869158068));
#6696=CARTESIAN_POINT('Ctrl Pts',(-11.202675453557,10.4956179682671,45.7028435119551));
#6697=CARTESIAN_POINT('Ctrl Pts',(-19.9110761582726,10.4038808118285,42.9548082321911));
#6698=CARTESIAN_POINT('Ctrl Pts',(-32.3630348312916,10.2509855510975,34.5601425814917));
#6699=CARTESIAN_POINT('Ctrl Pts',(-42.04791495856,10.0980902903665,22.8169019186065));
#6700=CARTESIAN_POINT('Ctrl Pts',(-45.7040786448749,9.97577408178175,11.1976353582951));
#6701=CARTESIAN_POINT('Ctrl Pts',(-46.377466950264,9.91461597748936,5.25718113706235));
#6702=CARTESIAN_POINT('Ctrl Pts',(-5.31956238886725,10.2636167543368,46.8814139190944));
#6703=CARTESIAN_POINT('Ctrl Pts',(-11.3245667913663,10.2024586500444,46.2000352469485));
#6704=CARTESIAN_POINT('Ctrl Pts',(-20.1277041270795,10.1107214936059,43.4221008360917));
#6705=CARTESIAN_POINT('Ctrl Pts',(-32.7151228913569,9.95782623287487,34.936105444808));
#6706=CARTESIAN_POINT('Ctrl Pts',(-42.5053589951696,9.80493097214388,23.0651073836132));
#6707=CARTESIAN_POINT('Ctrl Pts',(-46.2012929528346,9.68261476355909,11.31943458472));
#6708=CARTESIAN_POINT('Ctrl Pts',(-46.8820045541008,9.6214566592667,5.31435452823541));
#6709=CARTESIAN_POINT('Ctrl Pts',(-45.3485687784072,10.5027443959295,5.31476079399589));
#6710=CARTESIAN_POINT('Ctrl Pts',(-44.6742730131271,10.5632992431628,11.0661023899403));
#6711=CARTESIAN_POINT('Ctrl Pts',(-41.0956455538542,10.6850121946886,22.3658173225349));
#6712=CARTESIAN_POINT('Ctrl Pts',(-31.6588580189506,10.8373041983605,33.8082175117513));
#6713=CARTESIAN_POINT('Ctrl Pts',(-19.5260176026347,10.9895944792168,41.9877299566097));
#6714=CARTESIAN_POINT('Ctrl Pts',(-11.0711989219858,11.0807266557808,44.6729066200048));
#6715=CARTESIAN_POINT('Ctrl Pts',(-5.32017401291291,11.1412797801985,45.3479329437373));
#6716=CARTESIAN_POINT('Origin',(-46.581706334802,9.26813276761727,-5.30000000000001));
#6717=CARTESIAN_POINT('',(-46.7310379129725,9.00833516553634,-5.31432779515927));
#6718=CARTESIAN_POINT('',(-46.8797831528042,9.26813276762188,-5.33391475452666));
#6719=CARTESIAN_POINT('Origin',(-46.5817063348102,9.26813276762197,-5.30000000000002));
#6720=CARTESIAN_POINT('',(-46.5817063348102,9.26813276761444,-5.00000000000001));
#6721=CARTESIAN_POINT('Origin',(-46.581706334802,9.26813276761727,-5.30000000000001));
#6722=CARTESIAN_POINT('Origin',(-46.5817063348102,9.26813276762179,-5.30000000000001));
#6723=CARTESIAN_POINT('Ctrl Pts',(-45.1992820848098,8.47362269638089,-5.00000000000001));
#6724=CARTESIAN_POINT('Ctrl Pts',(-45.6601060345132,8.73843177848076,-5.00000000000001));
#6725=CARTESIAN_POINT('Ctrl Pts',(-46.1209136521128,9.00326928173745,-5.00000000000001));
#6726=CARTESIAN_POINT('Ctrl Pts',(-46.5817063348103,9.268132767622,-5.00000000000001));
#6727=CARTESIAN_POINT('Ctrl Pts',(-45.2396398846603,8.40339156767116,-5.00000000000001));
#6728=CARTESIAN_POINT('Ctrl Pts',(-45.7004542187418,8.66822408738122,-5.00000088973694));
#6729=CARTESIAN_POINT('Ctrl Pts',(-46.1612528508489,8.93308358085998,-4.99999916387084));
#6730=CARTESIAN_POINT('Ctrl Pts',(-46.6220363869878,9.19796910246389,-5.00000000000001));
#6731=CARTESIAN_POINT('Ctrl Pts',(-45.3199562817632,8.26362400741448,-5.06943622287497));
#6732=CARTESIAN_POINT('Ctrl Pts',(-45.7807526072145,8.52850114103416,-5.06939098804868));
#6733=CARTESIAN_POINT('Ctrl Pts',(-46.2415327013047,8.79340566756767,-5.06934790766816));
#6734=CARTESIAN_POINT('Ctrl Pts',(-46.7022990939833,9.05833313885219,-5.06930532828521));
#6735=CARTESIAN_POINT('Ctrl Pts',(-45.3505582727971,8.21037005454715,-5.23385829633108));
#6736=CARTESIAN_POINT('Ctrl Pts',(-45.8113756228292,8.47521575888309,-5.23373217963887));
#6737=CARTESIAN_POINT('Ctrl Pts',(-46.2721779640104,8.74008626119229,-5.23361024638315));
#6738=CARTESIAN_POINT('Ctrl Pts',(-46.7329640487271,9.00498419679634,-5.23349145415711));
#6739=CARTESIAN_POINT('Ctrl Pts',(-45.3485725085738,8.21382570533261,-5.31476119285968));
#6740=CARTESIAN_POINT('Ctrl Pts',(-45.8094108021573,8.47863457456524,-5.31461237655205));
#6741=CARTESIAN_POINT('Ctrl Pts',(-46.2702321135552,8.74347187449577,-5.31446803728647));
#6742=CARTESIAN_POINT('Ctrl Pts',(-46.7310379129726,9.00833516553636,-5.31432779515928));
#6743=CARTESIAN_POINT('',(-45.3485725085738,8.21382570533263,-5.31476119285967));
#6744=CARTESIAN_POINT('',(-45.3843554003112,8.57997573759647,-5.00000000000001));
#6745=CARTESIAN_POINT('Ctrl Pts',(-45.3843554008838,8.5799757366168,-5.00000000000001));
#6746=CARTESIAN_POINT('Ctrl Pts',(-45.3843553933396,8.55954529283592,-5.00000005011311));
#6747=CARTESIAN_POINT('Ctrl Pts',(-45.3841740012295,8.53913088997791,-5.00165588823659));
#6748=CARTESIAN_POINT('Ctrl Pts',(-45.3838239869766,8.51895181906544,-5.0048328508126));
#6749=CARTESIAN_POINT('Ctrl Pts',(-45.3834646471471,8.49823510870083,-5.00809445853536));
#6750=CARTESIAN_POINT('Ctrl Pts',(-45.3829283077297,8.47776517127526,-5.01295975337264));
#6751=CARTESIAN_POINT('Ctrl Pts',(-45.3822256174219,8.4577848061157,-5.01933639683864));
#6752=CARTESIAN_POINT('Ctrl Pts',(-45.3818810308172,8.44798679678951,-5.0224633873441));
#6753=CARTESIAN_POINT('Ctrl Pts',(-45.3814963243988,8.43830672023177,-5.02595457843962));
#6754=CARTESIAN_POINT('Ctrl Pts',(-45.3810716467917,8.42877513565033,-5.0298031059917));
#6755=CARTESIAN_POINT('Ctrl Pts',(-45.380217774346,8.40961058046673,-5.03754109730019));
#6756=CARTESIAN_POINT('Ctrl Pts',(-45.3791992295691,8.39106817542581,-5.04670970082114));
#6757=CARTESIAN_POINT('Ctrl Pts',(-45.3780203336,8.37341591921092,-5.05727622982973));
#6758=CARTESIAN_POINT('Ctrl Pts',(-45.3769681630913,8.35766119284959,-5.06670690946031));
#6759=CARTESIAN_POINT('Ctrl Pts',(-45.3757884556059,8.3426151919198,-5.07725205275374));
#6760=CARTESIAN_POINT('Ctrl Pts',(-45.3744637572679,8.32850417046387,-5.08891290659893));
#6761=CARTESIAN_POINT('Ctrl Pts',(-45.3743042080262,8.32680461162275,-5.09031736249246));
#6762=CARTESIAN_POINT('Ctrl Pts',(-45.3741425265897,8.32511866616889,-5.091738026589));
#6763=CARTESIAN_POINT('Ctrl Pts',(-45.3739786575453,8.32344677277131,-5.09317491953119));
#6764=CARTESIAN_POINT('Ctrl Pts',(-45.3733848623787,8.3173885070273,-5.09838163863304));
#6765=CARTESIAN_POINT('Ctrl Pts',(-45.372762400595,8.31151465071984,-5.10380145825581));
#6766=CARTESIAN_POINT('Ctrl Pts',(-45.372113317335,8.3058379285343,-5.10942548296745));
#6767=CARTESIAN_POINT('Ctrl Pts',(-45.3705974509165,8.29258053451641,-5.12255980751808));
#6768=CARTESIAN_POINT('Ctrl Pts',(-45.368946057852,8.28045465400259,-5.136749554986));
#6769=CARTESIAN_POINT('Ctrl Pts',(-45.3672013088689,8.26963072551492,-5.1518639127037));
#6770=CARTESIAN_POINT('Ctrl Pts',(-45.3655645128457,8.25947650661299,-5.16604309884693));
#6771=CARTESIAN_POINT('Ctrl Pts',(-45.363845597675,8.25046803990635,-5.18103702344989));
#6772=CARTESIAN_POINT('Ctrl Pts',(-45.3620566807513,8.2427855471041,-5.19672967458797));
#6773=CARTESIAN_POINT('Ctrl Pts',(-45.361714864497,8.24131761928805,-5.19972813872013));
#6774=CARTESIAN_POINT('Ctrl Pts',(-45.361370420857,8.23989822673044,-5.20275206334178));
#6775=CARTESIAN_POINT('Ctrl Pts',(-45.361023329524,8.23852880909839,-5.20580055695063));
#6776=CARTESIAN_POINT('Ctrl Pts',(-45.3592443706499,8.23151008688437,-5.22142510370024));
#6777=CARTESIAN_POINT('Ctrl Pts',(-45.357412611828,8.22584565942148,-5.23760180689844));
#6778=CARTESIAN_POINT('Ctrl Pts',(-45.3555295719595,8.22171081434544,-5.25418939173156));
#6779=CARTESIAN_POINT('Ctrl Pts',(-45.3553255568906,8.22126283089197,-5.25598654819125));
#6780=CARTESIAN_POINT('Ctrl Pts',(-45.3551209161955,8.22083284333978,-5.257788509449));
#6781=CARTESIAN_POINT('Ctrl Pts',(-45.3549156341364,8.22042110536091,-5.2595950809493));
#6782=CARTESIAN_POINT('Ctrl Pts',(-45.3530406710386,8.21666045759846,-5.2760955725699));
#6783=CARTESIAN_POINT('Ctrl Pts',(-45.3511272056604,8.21444443187168,-5.29287038551921));
#6784=CARTESIAN_POINT('Ctrl Pts',(-45.3491572939145,8.21392849182543,-5.30975933895853));
#6785=CARTESIAN_POINT('Ctrl Pts',(-45.3489629448904,8.21387758982706,-5.31142558193901));
#6786=CARTESIAN_POINT('Ctrl Pts',(-45.3487680266212,8.21384327018412,-5.31309292141166));
#6787=CARTESIAN_POINT('Ctrl Pts',(-45.3485725085738,8.21382570533261,-5.31476119285968));
#6788=CARTESIAN_POINT('Ctrl Pts',(-45.3843554008736,8.57997573661096,-5.00000000000001));
#6789=CARTESIAN_POINT('Ctrl Pts',(-45.7834841879059,8.80934086573414,-5.00000000000001));
#6790=CARTESIAN_POINT('Ctrl Pts',(-46.1826008632742,9.0387270708826,-5.00000000000001));
#6791=CARTESIAN_POINT('Ctrl Pts',(-46.5817063348103,9.268132767622,-5.00000000000001));
#6792=CARTESIAN_POINT('Ctrl Pts',(-46.7310379129726,9.00833516553636,-5.31432779515928));
#6793=CARTESIAN_POINT('Ctrl Pts',(-46.2702321135552,8.74347187449577,-5.31446803728647));
#6794=CARTESIAN_POINT('Ctrl Pts',(-45.8094108021573,8.47863457456524,-5.31461237655205));
#6795=CARTESIAN_POINT('Ctrl Pts',(-45.3485725085738,8.21382570533261,-5.31476119285968));
#6796=CARTESIAN_POINT('Origin',(-46.5817063348092,9.34025204026124,-5.30000000000877));
#6797=CARTESIAN_POINT('',(-46.7304396866795,9.60004964234696,-5.31958560676322));
#6798=CARTESIAN_POINT('',(-46.5817063347948,9.34025204027018,-5.00000000000001));
#6799=CARTESIAN_POINT('Origin',(-46.5817063348102,9.34025204026134,-5.3));
#6800=CARTESIAN_POINT('',(-46.8797831528052,9.34025204026116,-5.33391475451798));
#6801=CARTESIAN_POINT('Origin',(-46.5817063348092,9.34025204026124,-5.30000000000877));
#6802=CARTESIAN_POINT('Origin',(-46.5817063348102,9.34025204027553,-5.30000000000001));
#6803=CARTESIAN_POINT('Origin',(-5.30000000000879,8.62631806086613,-46.5817063348093));
#6804=CARTESIAN_POINT('',(-5.3195856067632,8.36652045878041,-46.7304396866795));
#6805=CARTESIAN_POINT('',(-5.,8.62631806085719,-46.5817063347948));
#6806=CARTESIAN_POINT('Origin',(-5.29999999999998,8.62631806086603,-46.5817063348102));
#6807=CARTESIAN_POINT('',(-5.33391475451796,8.62631806086622,-46.8797831528052));
#6808=CARTESIAN_POINT('Origin',(-5.30000000000879,8.62631806086613,-46.5817063348093));
#6809=CARTESIAN_POINT('Origin',(-5.29999999999999,8.62631806085185,-46.5817063348102));
#6810=CARTESIAN_POINT('Ctrl Pts',(-5.31958560676319,8.36652045878041,-46.7304396866795));
#6811=CARTESIAN_POINT('Ctrl Pts',(-11.3018335925044,8.42764363742687,-46.0494471581605));
#6812=CARTESIAN_POINT('Ctrl Pts',(-20.07168476744,8.51932929541026,-43.2808852643736));
#6813=CARTESIAN_POINT('Ctrl Pts',(-32.6116263742695,8.67214724938199,-34.8242912502911));
#6814=CARTESIAN_POINT('Ctrl Pts',(-42.3669523582902,8.82496178412191,-22.9976952468926));
#6815=CARTESIAN_POINT('Ctrl Pts',(-46.0507184771271,8.9472119876276,-11.2966522912855));
#6816=CARTESIAN_POINT('Ctrl Pts',(-46.7310379129725,9.00833516553634,-5.31432779515926));
#6817=CARTESIAN_POINT('Ctrl Pts',(-5.32514160275431,8.39643830188569,-46.7819665718694));
#6818=CARTESIAN_POINT('Ctrl Pts',(-11.3140039755731,8.45756148053215,-46.1002605352629));
#6819=CARTESIAN_POINT('Ctrl Pts',(-20.0935077222942,8.54924713851554,-43.3287113740643));
#6820=CARTESIAN_POINT('Ctrl Pts',(-32.6473421775411,8.70206509248727,-34.8628796173155));
#6821=CARTESIAN_POINT('Ctrl Pts',(-42.4134860987616,8.85487962722719,-23.0233042545321));
#6822=CARTESIAN_POINT('Ctrl Pts',(-46.1013858272552,8.97712983073289,-11.3094193783214));
#6823=CARTESIAN_POINT('Ctrl Pts',(-46.7824959074558,9.03825300864163,-5.32048927165282));
#6824=CARTESIAN_POINT('Ctrl Pts',(-5.33273290336997,8.47667767644353,-46.8559151030491));
#6825=CARTESIAN_POINT('Ctrl Pts',(-11.3310384624344,8.53780085509,-46.1732401611071));
#6826=CARTESIAN_POINT('Ctrl Pts',(-20.1244884490763,8.62948651307337,-43.3974607531649));
#6827=CARTESIAN_POINT('Ctrl Pts',(-32.6982638533811,8.78230446704512,-34.9184845701417));
#6828=CARTESIAN_POINT('Ctrl Pts',(-42.4800435541541,8.93511900178503,-23.0604029440131));
#6829=CARTESIAN_POINT('Ctrl Pts',(-46.1739723323673,9.05736920529073,-11.3280540515899));
#6830=CARTESIAN_POINT('Ctrl Pts',(-46.8562596744067,9.11849238319947,-5.3297044652962));
#6831=CARTESIAN_POINT('Ctrl Pts',(-5.33436888300642,8.581439506352,-46.8797314827145));
#6832=CARTESIAN_POINT('Ctrl Pts',(-11.3357329590094,8.64256268499847,-46.1968459923967));
#6833=CARTESIAN_POINT('Ctrl Pts',(-20.1336773106626,8.73424834298185,-43.4198650110879));
#6834=CARTESIAN_POINT('Ctrl Pts',(-32.7140139507356,8.88706629695359,-34.9368848854782));
#6835=CARTESIAN_POINT('Ctrl Pts',(-42.5010042888001,9.03988083169351,-23.0730217988532));
#6836=CARTESIAN_POINT('Ctrl Pts',(-46.197065554997,9.1621310351992,-11.3348378522821));
#6837=CARTESIAN_POINT('Ctrl Pts',(-46.8798348228958,9.22325421310794,-5.33346062602949));
#6838=CARTESIAN_POINT('Ctrl Pts',(-5.33391475451794,8.62631806086603,-46.8797831528052));
#6839=CARTESIAN_POINT('Ctrl Pts',(-11.3352811062622,8.6874412395125,-46.1969562628749));
#6840=CARTESIAN_POINT('Ctrl Pts',(-20.1332593133975,8.77912689749587,-43.420059181796));
#6841=CARTESIAN_POINT('Ctrl Pts',(-32.7136733836705,8.93194485146762,-34.9372011947651));
#6842=CARTESIAN_POINT('Ctrl Pts',(-42.5007806964159,9.08475938620754,-23.0734356962831));
#6843=CARTESIAN_POINT('Ctrl Pts',(-46.1969562711162,9.20700958971323,-11.3352810338288));
#6844=CARTESIAN_POINT('Ctrl Pts',(-46.8797831528052,9.26813276762197,-5.33391475451797));
#6845=CARTESIAN_POINT('Ctrl Pts',(-46.8797831528052,9.26813276762197,-5.33391475451797));
#6846=CARTESIAN_POINT('Ctrl Pts',(-46.1969562711162,9.20700958971323,-11.3352810338288));
#6847=CARTESIAN_POINT('Ctrl Pts',(-42.5007806964159,9.08475938620754,-23.0734356962831));
#6848=CARTESIAN_POINT('Ctrl Pts',(-32.7136733836705,8.93194485146762,-34.9372011947651));
#6849=CARTESIAN_POINT('Ctrl Pts',(-20.1332593133975,8.77912689749587,-43.420059181796));
#6850=CARTESIAN_POINT('Ctrl Pts',(-11.3352811062622,8.6874412395125,-46.1969562628749));
#6851=CARTESIAN_POINT('Ctrl Pts',(-5.33391475451794,8.62631806086603,-46.8797831528052));
#6852=CARTESIAN_POINT('Ctrl Pts',(-5.31958560676319,8.36652045878041,-46.7304396866795));
#6853=CARTESIAN_POINT('Ctrl Pts',(-11.3018335925044,8.42764363742687,-46.0494471581605));
#6854=CARTESIAN_POINT('Ctrl Pts',(-20.07168476744,8.51932929541026,-43.2808852643736));
#6855=CARTESIAN_POINT('Ctrl Pts',(-32.6116263742695,8.67214724938199,-34.8242912502911));
#6856=CARTESIAN_POINT('Ctrl Pts',(-42.3669523582902,8.82496178412191,-22.9976952468926));
#6857=CARTESIAN_POINT('Ctrl Pts',(-46.0507184771271,8.9472119876276,-11.2966522912855));
#6858=CARTESIAN_POINT('Ctrl Pts',(-46.7310379129725,9.00833516553634,-5.31432779515926));
#6859=CARTESIAN_POINT('Origin',(-5.29999999999999,8.69843733350558,-46.5817063348102));
#6860=CARTESIAN_POINT('',(-5.,8.69843733351294,-46.5817063348102));
#6861=CARTESIAN_POINT('',(-5.31432779515926,8.95823493559103,-46.7310379129725));
#6862=CARTESIAN_POINT('Origin',(-5.3,8.6984373335101,-46.5817063348021));
#6863=CARTESIAN_POINT('',(-5.33391475452666,8.69843733350549,-46.8797831528042));
#6864=CARTESIAN_POINT('Origin',(-5.29999999999999,8.69843733350558,-46.5817063348102));
#6865=CARTESIAN_POINT('Origin',(-5.3,8.6984373335054,-46.5817063348102));
#6866=CARTESIAN_POINT('Origin',(-5.29999999999999,7.91100000000001,-46.5817063348102));
#6867=CARTESIAN_POINT('',(-5.33391475451796,7.91100000000001,-46.8797831528052));
#6868=CARTESIAN_POINT('',(-5.,7.91100000000001,-46.5817063348102));
#6869=CARTESIAN_POINT('Ctrl Pts',(-46.7304396866795,9.60004964234696,-5.31958560676322));
#6870=CARTESIAN_POINT('Ctrl Pts',(-46.0494471585259,9.53892646373329,-11.301833589295));
#6871=CARTESIAN_POINT('Ctrl Pts',(-42.3643638817845,9.41667627636814,-23.0024606596725));
#6872=CARTESIAN_POINT('Ctrl Pts',(-32.6077077515615,9.26386172207236,-34.8279601864657));
#6873=CARTESIAN_POINT('Ctrl Pts',(-20.0668154905251,9.11104378286748,-43.2831418510049));
#6874=CARTESIAN_POINT('Ctrl Pts',(-11.2966522937001,9.01935811352444,-46.0507184768525));
#6875=CARTESIAN_POINT('Ctrl Pts',(-5.31432779515926,8.95823493559103,-46.7310379129725));
#6876=CARTESIAN_POINT('Ctrl Pts',(-46.7819665718694,9.57013179924168,-5.32514160275434));
#6877=CARTESIAN_POINT('Ctrl Pts',(-46.1002605356286,9.50900862062801,-11.3140039723601));
#6878=CARTESIAN_POINT('Ctrl Pts',(-42.4111958231623,9.38675843326285,-23.0275207540873));
#6879=CARTESIAN_POINT('Ctrl Pts',(-32.6438747460568,9.23394387896708,-34.8661262201579));
#6880=CARTESIAN_POINT('Ctrl Pts',(-20.089199164237,9.0811259397622,-43.3307077082159));
#6881=CARTESIAN_POINT('Ctrl Pts',(-11.3094193807387,8.98944027041916,-46.1013858269803));
#6882=CARTESIAN_POINT('Ctrl Pts',(-5.32048927165282,8.92831709248575,-46.7824959074558));
#6883=CARTESIAN_POINT('Ctrl Pts',(-46.8559150828028,9.489892414451,-5.33273290096152));
#6884=CARTESIAN_POINT('Ctrl Pts',(-46.1732401412271,9.42876923583733,-11.3310384568079));
#6885=CARTESIAN_POINT('Ctrl Pts',(-42.4785522669395,9.30651904847218,-23.063147209368));
#6886=CARTESIAN_POINT('Ctrl Pts',(-32.6960066709469,9.15370449417639,-34.9205977412895));
#6887=CARTESIAN_POINT('Ctrl Pts',(-20.1216840294804,9.00088655497152,-43.3987599342179));
#6888=CARTESIAN_POINT('Ctrl Pts',(-11.3280540518096,8.90920088562847,-46.1739723118221));
#6889=CARTESIAN_POINT('Ctrl Pts',(-5.32970446309481,8.84807770769506,-46.8562596541369));
#6890=CARTESIAN_POINT('Ctrl Pts',(-46.8797314827145,9.38513059477537,-5.33436888300645));
#6891=CARTESIAN_POINT('Ctrl Pts',(-46.196845992763,9.3240074161617,-11.3357329557898));
#6892=CARTESIAN_POINT('Ctrl Pts',(-42.5005565595457,9.20175722879653,-23.0738439418575));
#6893=CARTESIAN_POINT('Ctrl Pts',(-32.7133368460039,9.04894267450077,-34.9375185846663));
#6894=CARTESIAN_POINT('Ctrl Pts',(-20.1328366044089,8.89612473529588,-43.4202536449153));
#6895=CARTESIAN_POINT('Ctrl Pts',(-11.3348378547044,8.80443906595284,-46.1970655547214));
#6896=CARTESIAN_POINT('Ctrl Pts',(-5.33346062602948,8.74331588801943,-46.8798348228958));
#6897=CARTESIAN_POINT('Ctrl Pts',(-46.8797831528052,9.34025204026134,-5.33391475451797));
#6898=CARTESIAN_POINT('Ctrl Pts',(-46.1969562632412,9.27912886164767,-11.3352811030426));
#6899=CARTESIAN_POINT('Ctrl Pts',(-42.5007800235678,9.1568786742825,-23.0734344213535));
#6900=CARTESIAN_POINT('Ctrl Pts',(-32.7136731491109,9.00406411998675,-34.937201122037));
#6901=CARTESIAN_POINT('Ctrl Pts',(-20.1332598235814,8.85124618078185,-43.4200577139432));
#6902=CARTESIAN_POINT('Ctrl Pts',(-11.3352810362512,8.75956051143881,-46.1969562708407));
#6903=CARTESIAN_POINT('Ctrl Pts',(-5.33391475451797,8.6984373335054,-46.8797831528052));
#6904=CARTESIAN_POINT('Ctrl Pts',(-5.33391475451797,8.6984373335054,-46.8797831528052));
#6905=CARTESIAN_POINT('Ctrl Pts',(-11.3352810362512,8.75956051143881,-46.1969562708407));
#6906=CARTESIAN_POINT('Ctrl Pts',(-20.1332598235814,8.85124618078185,-43.4200577139432));
#6907=CARTESIAN_POINT('Ctrl Pts',(-32.7136731491109,9.00406411998675,-34.937201122037));
#6908=CARTESIAN_POINT('Ctrl Pts',(-42.5007800235678,9.1568786742825,-23.0734344213535));
#6909=CARTESIAN_POINT('Ctrl Pts',(-46.1969562632412,9.27912886164767,-11.3352811030426));
#6910=CARTESIAN_POINT('Ctrl Pts',(-46.8797831528052,9.34025204026134,-5.33391475451797));
#6911=CARTESIAN_POINT('Ctrl Pts',(-46.7304396866795,9.60004964234696,-5.31958560676322));
#6912=CARTESIAN_POINT('Ctrl Pts',(-46.0494471585259,9.53892646373329,-11.301833589295));
#6913=CARTESIAN_POINT('Ctrl Pts',(-42.3643638817845,9.41667627636814,-23.0024606596725));
#6914=CARTESIAN_POINT('Ctrl Pts',(-32.6077077515615,9.26386172207236,-34.8279601864657));
#6915=CARTESIAN_POINT('Ctrl Pts',(-20.0668154905251,9.11104378286748,-43.2831418510049));
#6916=CARTESIAN_POINT('Ctrl Pts',(-11.2966522937001,9.01935811352444,-46.0507184768525));
#6917=CARTESIAN_POINT('Ctrl Pts',(-5.31432779515926,8.95823493559103,-46.7310379129725));
#6918=CARTESIAN_POINT('Ctrl Pts',(-5.,9.49294740474648,-45.1992820848098));
#6919=CARTESIAN_POINT('Ctrl Pts',(-5.,9.22813832264659,-45.6601060345132));
#6920=CARTESIAN_POINT('Ctrl Pts',(-5.,8.96330081938993,-46.1209136521128));
#6921=CARTESIAN_POINT('Ctrl Pts',(-5.,8.69843733350537,-46.5817063348103));
#6922=CARTESIAN_POINT('Ctrl Pts',(-5.,9.56317853345621,-45.2396398846603));
#6923=CARTESIAN_POINT('Ctrl Pts',(-5.00000088973693,9.29834601374612,-45.7004542187419));
#6924=CARTESIAN_POINT('Ctrl Pts',(-4.99999916387083,9.0334865202674,-46.1612528508489));
#6925=CARTESIAN_POINT('Ctrl Pts',(-5.,8.76860099866347,-46.6220363869878));
#6926=CARTESIAN_POINT('Ctrl Pts',(-5.06943617197584,9.70294614007206,-45.3199563084032));
#6927=CARTESIAN_POINT('Ctrl Pts',(-5.06939093714956,9.43806900645235,-45.7807526338545));
#6928=CARTESIAN_POINT('Ctrl Pts',(-5.0693478569017,9.17316447972801,-46.2415327278423));
#6929=CARTESIAN_POINT('Ctrl Pts',(-5.06930527751875,8.90823700844347,-46.7022991205209));
#6930=CARTESIAN_POINT('Ctrl Pts',(-5.23385829633106,9.75620004658021,-45.3505582727971));
#6931=CARTESIAN_POINT('Ctrl Pts',(-5.23373217963885,9.49135434224425,-45.8113756228293));
#6932=CARTESIAN_POINT('Ctrl Pts',(-5.23361024638313,9.22648383993508,-46.2721779640104));
#6933=CARTESIAN_POINT('Ctrl Pts',(-5.23349145415709,8.96158590433102,-46.7329640487271));
#6934=CARTESIAN_POINT('Ctrl Pts',(-5.31476119285966,9.75274439579476,-45.3485725085738));
#6935=CARTESIAN_POINT('Ctrl Pts',(-5.31461237655203,9.48793552656209,-45.8094108021574));
#6936=CARTESIAN_POINT('Ctrl Pts',(-5.31446803728644,9.2230982266316,-46.2702321135551));
#6937=CARTESIAN_POINT('Ctrl Pts',(-5.31432779515926,8.95823493559099,-46.7310379129726));
#6938=CARTESIAN_POINT('',(-5.31476053900794,9.75274439579474,-45.3485693379652));
#6939=CARTESIAN_POINT('',(-5.,9.38659436353089,-45.3843554003112));
#6940=CARTESIAN_POINT('Ctrl Pts',(-5.,9.38659436451058,-45.3843554008838));
#6941=CARTESIAN_POINT('Ctrl Pts',(-5.00000005011311,9.40702481227562,-45.3843553933396));
#6942=CARTESIAN_POINT('Ctrl Pts',(-5.00165588766775,9.42743922021616,-45.3841740017935));
#6943=CARTESIAN_POINT('Ctrl Pts',(-5.00483284957184,9.44761829669016,-45.3838239883939));
#6944=CARTESIAN_POINT('Ctrl Pts',(-5.00809445586749,9.46833500808139,-45.3834646495217));
#6945=CARTESIAN_POINT('Ctrl Pts',(-5.01295974844339,9.48880494715323,-45.3829283114484));
#6946=CARTESIAN_POINT('Ctrl Pts',(-5.01933638938543,9.50878531409368,-45.3822256225787));
#6947=CARTESIAN_POINT('Ctrl Pts',(-5.02246337773674,9.51858332142159,-45.3818810367803));
#6948=CARTESIAN_POINT('Ctrl Pts',(-5.02595456640132,9.52826339608259,-45.3814963312143));
#6949=CARTESIAN_POINT('Ctrl Pts',(-5.02980309131895,9.53779497883797,-45.3810716544707));
#6950=CARTESIAN_POINT('Ctrl Pts',(-5.03754107983869,9.55695953656195,-45.3802177834846));
#6951=CARTESIAN_POINT('Ctrl Pts',(-5.04670968068474,9.57550194403963,-45.3791992401078));
#6952=CARTESIAN_POINT('Ctrl Pts',(-5.05727620769731,9.593154202073,-45.3780203451835));
#6953=CARTESIAN_POINT('Ctrl Pts',(-5.06670688134279,9.60890892303483,-45.3769681760762));
#6954=CARTESIAN_POINT('Ctrl Pts',(-5.07725201819846,9.62395491870254,-45.3757884698219));
#6955=CARTESIAN_POINT('Ctrl Pts',(-5.08891286560192,9.6380659349316,-45.3744637723352));
#6956=CARTESIAN_POINT('Ctrl Pts',(-5.09031732654332,9.63976550019058,-45.3743042225345));
#6957=CARTESIAN_POINT('Ctrl Pts',(-5.09173799582212,9.64145145194993,-45.3741425405158));
#6958=CARTESIAN_POINT('Ctrl Pts',(-5.09317489408206,9.64312335153501,-45.3739786708649));
#6959=CARTESIAN_POINT('Ctrl Pts',(-5.09838161318333,9.64918161727844,-45.3733848756985));
#6960=CARTESIAN_POINT('Ctrl Pts',(-5.10380143300741,9.65505547340143,-45.3727624138092));
#6961=CARTESIAN_POINT('Ctrl Pts',(-5.10942545809154,9.66073219524661,-45.372113330354));
#6962=CARTESIAN_POINT('Ctrl Pts',(-5.12255978587534,9.67398959085504,-45.3705974632068));
#6963=CARTESIAN_POINT('Ctrl Pts',(-5.13674953788803,9.68611547170503,-45.368946068878));
#6964=CARTESIAN_POINT('Ctrl Pts',(-5.15186390095414,9.6969393995766,-45.367201318344));
#6965=CARTESIAN_POINT('Ctrl Pts',(-5.16604309232443,9.70709361805065,-45.3655645208417));
#6966=CARTESIAN_POINT('Ctrl Pts',(-5.1810370228886,9.71610208345604,-45.3638456039365));
#6967=CARTESIAN_POINT('Ctrl Pts',(-5.19672968024414,9.72378457433559,-45.3620566852352));
#6968=CARTESIAN_POINT('Ctrl Pts',(-5.19972813891646,9.72525249852975,-45.3617148693991));
#6969=CARTESIAN_POINT('Ctrl Pts',(-5.20275205797447,9.72667188765803,-45.3613704261873));
#6970=CARTESIAN_POINT('Ctrl Pts',(-5.20580054591816,9.72804130206482,-45.3610233352945));
#6971=CARTESIAN_POINT('Ctrl Pts',(-5.2214250983135,9.73506002332767,-45.3592443747273));
#6972=CARTESIAN_POINT('Ctrl Pts',(-5.23760180730893,9.74072444936762,-45.3574126142273));
#6973=CARTESIAN_POINT('Ctrl Pts',(-5.25418939755441,9.74485929285177,-45.3555295729302));
#6974=CARTESIAN_POINT('Ctrl Pts',(-5.25598655097598,9.74530727522928,-45.3553255581179));
#6975=CARTESIAN_POINT('Ctrl Pts',(-5.25778850917163,9.74573726177612,-45.3551209176851));
#6976=CARTESIAN_POINT('Ctrl Pts',(-5.25959507758628,9.74614899882224,-45.354915635894));
#6977=CARTESIAN_POINT('Ctrl Pts',(-5.27609557436176,9.74990964566328,-45.3530406714559));
#6978=CARTESIAN_POINT('Ctrl Pts',(-5.2928703920047,9.75212567037084,-45.3511272050223));
#6979=CARTESIAN_POINT('Ctrl Pts',(-5.30975934909527,9.7526416096417,-45.3491572927451));
#6980=CARTESIAN_POINT('Ctrl Pts',(-5.31142558871178,9.7526925114498,-45.348962944103));
#6981=CARTESIAN_POINT('Ctrl Pts',(-5.31309292480534,9.75272683097899,-45.3487680262235));
#6982=CARTESIAN_POINT('Ctrl Pts',(-5.31476119285966,9.75274439579476,-45.3485725085738));
#6983=CARTESIAN_POINT('Ctrl Pts',(-5.,9.38659436451641,-45.3843554008736));
#6984=CARTESIAN_POINT('Ctrl Pts',(-5.,9.15722923539322,-45.783484187906));
#6985=CARTESIAN_POINT('Ctrl Pts',(-5.,8.92784303024478,-46.1826008632742));
#6986=CARTESIAN_POINT('Ctrl Pts',(-5.,8.69843733350537,-46.5817063348103));
#6987=CARTESIAN_POINT('Ctrl Pts',(-5.31432779515926,8.95823493559099,-46.7310379129726));
#6988=CARTESIAN_POINT('Ctrl Pts',(-5.31446803728644,9.2230982266316,-46.2702321135551));
#6989=CARTESIAN_POINT('Ctrl Pts',(-5.31461237655203,9.48793552656209,-45.8094108021574));
#6990=CARTESIAN_POINT('Ctrl Pts',(-5.31476119285966,9.75274439579476,-45.3485725085738));
#6991=CARTESIAN_POINT('Ctrl Pts',(-5.,8.62631806086604,-46.5817063348103));
#6992=CARTESIAN_POINT('Ctrl Pts',(-5.,8.36252351028461,-46.1209274252854));
#6993=CARTESIAN_POINT('Ctrl Pts',(-5.,8.09877838187558,-45.6601202213686));
#6994=CARTESIAN_POINT('Ctrl Pts',(-5.,7.83508731211125,-45.1992820848098));
#6995=CARTESIAN_POINT('Ctrl Pts',(-5.,8.55532290739607,-46.622350848298));
#6996=CARTESIAN_POINT('Ctrl Pts',(-4.99999882244386,8.29149744318351,-46.1615828753217));
#6997=CARTESIAN_POINT('Ctrl Pts',(-5.0000012539187,8.02772148176237,-45.7007863030918));
#6998=CARTESIAN_POINT('Ctrl Pts',(-5.,7.76399751096937,-45.239959590045));
#6999=CARTESIAN_POINT('Ctrl Pts',(-5.07090293128002,8.41406480092715,-46.7032206926891));
#7000=CARTESIAN_POINT('Ctrl Pts',(-5.07096171907468,8.15018055607218,-46.2424729891501));
#7001=CARTESIAN_POINT('Ctrl Pts',(-5.07102120191753,7.88634141995382,-45.7816984676136));
#7002=CARTESIAN_POINT('Ctrl Pts',(-5.07108366370866,7.62255489832727,-45.3208928958611));
#7003=CARTESIAN_POINT('Ctrl Pts',(-5.23795372223875,8.36188551492057,-46.7330931782071));
#7004=CARTESIAN_POINT('Ctrl Pts',(-5.23811640742303,8.09804284238726,-46.2723166274655));
#7005=CARTESIAN_POINT('Ctrl Pts',(-5.23828330014393,7.83425166406798,-45.8115096729329));
#7006=CARTESIAN_POINT('Ctrl Pts',(-5.23845599384292,7.57050941228179,-45.3506732651557));
#7007=CARTESIAN_POINT('Ctrl Pts',(-5.3195856067632,8.36652045878043,-46.7304396866795));
#7008=CARTESIAN_POINT('Ctrl Pts',(-5.31977652082681,8.10272610303713,-46.269635977409));
#7009=CARTESIAN_POINT('Ctrl Pts',(-5.31997298324652,7.83898117795353,-45.8088028852026));
#7010=CARTESIAN_POINT('Ctrl Pts',(-5.32017550494331,7.57529032106299,-45.3479376344625));
#7011=CARTESIAN_POINT('',(-5.,7.94098990324679,-45.384355400304));
#7012=CARTESIAN_POINT('',(-5.32017550494334,7.57529032106299,-45.3479376344625));
#7013=CARTESIAN_POINT('Ctrl Pts',(-5.32017550494331,7.57529032106299,-45.3479376344625));
#7014=CARTESIAN_POINT('Ctrl Pts',(-5.30289933066403,7.57510842159781,-45.3499644582612));
#7015=CARTESIAN_POINT('Ctrl Pts',(-5.28573924127823,7.57672613516264,-45.3519249987546));
#7016=CARTESIAN_POINT('Ctrl Pts',(-5.26886837913135,7.57995298523761,-45.3538443247667));
#7017=CARTESIAN_POINT('Ctrl Pts',(-5.25199751698447,7.58317983531259,-45.3557636507787));
#7018=CARTESIAN_POINT('Ctrl Pts',(-5.23541467228185,7.58801632003667,-45.3576414771417));
#7019=CARTESIAN_POINT('Ctrl Pts',(-5.2192747777865,7.59431776639687,-45.3594766583915));
#7020=CARTESIAN_POINT('Ctrl Pts',(-5.2031814752391,7.60060102201481,-45.3613065419196));
#7021=CARTESIAN_POINT('Ctrl Pts',(-5.18769481183147,7.60827464295569,-45.3630726727647));
#7022=CARTESIAN_POINT('Ctrl Pts',(-5.17293755622048,7.61715390227193,-45.3647695659687));
#7023=CARTESIAN_POINT('Ctrl Pts',(-5.1572191253969,7.62661148889956,-45.3665769818695));
#7024=CARTESIAN_POINT('Ctrl Pts',(-5.14232712051897,7.63743694873575,-45.3683058081554));
#7025=CARTESIAN_POINT('Ctrl Pts',(-5.12839487084754,7.64945561998088,-45.3699216286236));
#7026=CARTESIAN_POINT('Ctrl Pts',(-5.12617128317872,7.65137380044753,-45.3701795136424));
#7027=CARTESIAN_POINT('Ctrl Pts',(-5.12397213408775,7.65332246769397,-45.3704344668907));
#7028=CARTESIAN_POINT('Ctrl Pts',(-5.12179796311295,7.65530101464031,-45.3706862895276));
#7029=CARTESIAN_POINT('Ctrl Pts',(-5.11240254987151,7.66385106263286,-45.3717745101713));
#7030=CARTESIAN_POINT('Ctrl Pts',(-5.10350609944834,7.67292860362989,-45.3728004342381));
#7031=CARTESIAN_POINT('Ctrl Pts',(-5.09514528861017,7.68248120880279,-45.3737552147949));
#7032=CARTESIAN_POINT('Ctrl Pts',(-5.08288994489418,7.69648349423216,-45.375154739808));
#7033=CARTESIAN_POINT('Ctrl Pts',(-5.07178362959242,7.711504123761,-45.3764027653863));
#7034=CARTESIAN_POINT('Ctrl Pts',(-5.0618247790468,7.72729871456387,-45.3775167864905));
#7035=CARTESIAN_POINT('Ctrl Pts',(-5.05455222374057,7.73883288054286,-45.3783303121133));
#7036=CARTESIAN_POINT('Ctrl Pts',(-5.04789194421441,7.75078094987723,-45.3790717092569));
#7037=CARTESIAN_POINT('Ctrl Pts',(-5.041851419936,7.76306104530601,-45.3797401858975));
#7038=CARTESIAN_POINT('Ctrl Pts',(-5.032770961997,7.78152117970634,-45.3807450778138));
#7039=CARTESIAN_POINT('Ctrl Pts',(-5.02510540077143,7.80070056116145,-45.3815890199094));
#7040=CARTESIAN_POINT('Ctrl Pts',(-5.0189022212411,7.82034800367066,-45.382272810809));
#7041=CARTESIAN_POINT('Ctrl Pts',(-5.01586575280559,7.82996546496222,-45.3826075277832));
#7042=CARTESIAN_POINT('Ctrl Pts',(-5.01318026606671,7.83969559907805,-45.3829035733158));
#7043=CARTESIAN_POINT('Ctrl Pts',(-5.01085499075185,7.84951121392922,-45.3831597430158));
#7044=CARTESIAN_POINT('Ctrl Pts',(-5.00614139948967,7.86940855516007,-45.3836790274429));
#7045=CARTESIAN_POINT('Ctrl Pts',(-5.00290583882431,7.88965346600375,-45.3840359543579));
#7046=CARTESIAN_POINT('Ctrl Pts',(-5.00125863748395,7.91002657643768,-45.3842171650948));
#7047=CARTESIAN_POINT('Ctrl Pts',(-5.00042604937302,7.9203242911824,-45.3843087591832));
#7048=CARTESIAN_POINT('Ctrl Pts',(-5.00000003537459,7.93065487148659,-45.3843553960841));
#7049=CARTESIAN_POINT('Ctrl Pts',(-5.,7.94098990138386,-45.3843554013812));
#7050=CARTESIAN_POINT('Ctrl Pts',(-5.32017550494331,7.57529032106299,-45.3479376344625));
#7051=CARTESIAN_POINT('Ctrl Pts',(-5.31997298324652,7.83898117795353,-45.8088028852026));
#7052=CARTESIAN_POINT('Ctrl Pts',(-5.31977652082681,8.10272610303713,-46.269635977409));
#7053=CARTESIAN_POINT('Ctrl Pts',(-5.3195856067632,8.36652045878043,-46.7304396866795));
#7054=CARTESIAN_POINT('Ctrl Pts',(-5.,8.62631806086604,-46.5817063348103));
#7055=CARTESIAN_POINT('Ctrl Pts',(-5.,8.39783726111832,-46.1826111544016));
#7056=CARTESIAN_POINT('Ctrl Pts',(-5.,8.1693935370922,-45.7834947479936));
#7057=CARTESIAN_POINT('Ctrl Pts',(-5.,7.9409899013729,-45.384355401362));
#7058=CARTESIAN_POINT('Origin',(-46.5817063348102,7.911,-5.30000000000001));
#7059=CARTESIAN_POINT('',(-46.8797831528052,7.911,-5.33391475451798));
#7060=CARTESIAN_POINT('',(-46.5817063348102,7.911,-5.00000000000001));
#7061=CARTESIAN_POINT('Ctrl Pts',(-46.5817063348102,9.34025204026134,-5.00000000000001));
#7062=CARTESIAN_POINT('Ctrl Pts',(-46.1209274252854,9.60404659084273,-5.00000000000001));
#7063=CARTESIAN_POINT('Ctrl Pts',(-45.6601202213686,9.86779171925181,-5.00000000000001));
#7064=CARTESIAN_POINT('Ctrl Pts',(-45.1992820848098,10.1314827890161,-5.00000000000001));
#7065=CARTESIAN_POINT('Ctrl Pts',(-46.622350848298,9.41124719373131,-5.00000000000001));
#7066=CARTESIAN_POINT('Ctrl Pts',(-46.1615828753218,9.67507265794383,-4.99999882244387));
#7067=CARTESIAN_POINT('Ctrl Pts',(-45.7007863030918,9.93884861936502,-5.00000125391872));
#7068=CARTESIAN_POINT('Ctrl Pts',(-45.239959590045,10.202572590158,-5.00000000000001));
#7069=CARTESIAN_POINT('Ctrl Pts',(-46.7032200086287,9.55250410532868,-5.07090422097316));
#7070=CARTESIAN_POINT('Ctrl Pts',(-46.2424723050897,9.81638835018361,-5.07096300876782));
#7071=CARTESIAN_POINT('Ctrl Pts',(-45.7816977800807,10.0802274796108,-5.07102249610762));
#7072=CARTESIAN_POINT('Ctrl Pts',(-45.3208922083282,10.3440140012374,-5.07108495789875));
#7073=CARTESIAN_POINT('Ctrl Pts',(-46.733093178207,9.60468458620682,-5.23795372223877));
#7074=CARTESIAN_POINT('Ctrl Pts',(-46.2723166274655,9.86852725874009,-5.23811640742306));
#7075=CARTESIAN_POINT('Ctrl Pts',(-45.8115096729329,10.1323184370594,-5.23828330014394));
#7076=CARTESIAN_POINT('Ctrl Pts',(-45.3506732651557,10.3960606888456,-5.23845599384293));
#7077=CARTESIAN_POINT('Ctrl Pts',(-46.7304396866795,9.60004964234696,-5.31958560676322));
#7078=CARTESIAN_POINT('Ctrl Pts',(-46.2696359774091,9.86384399809022,-5.31977652082684));
#7079=CARTESIAN_POINT('Ctrl Pts',(-45.8088028852026,10.1275889231739,-5.31997298324653));
#7080=CARTESIAN_POINT('Ctrl Pts',(-45.3479376344625,10.3912797800644,-5.32017550494332));
#7081=CARTESIAN_POINT('',(-45.384355400304,10.0255801978806,-5.00000000000001));
#7082=CARTESIAN_POINT('',(-45.3479376344625,10.3912797800644,-5.32017550494334));
#7083=CARTESIAN_POINT('Ctrl Pts',(-45.3479376344625,10.3912797800644,-5.32017550494332));
#7084=CARTESIAN_POINT('Ctrl Pts',(-45.3499644582612,10.3914616795296,-5.30289933066406));
#7085=CARTESIAN_POINT('Ctrl Pts',(-45.3519249834893,10.3898439392864,-5.28573927001322));
#7086=CARTESIAN_POINT('Ctrl Pts',(-45.3538442859303,10.3866170480177,-5.2688684522357));
#7087=CARTESIAN_POINT('Ctrl Pts',(-45.3557635883713,10.3833901567489,-5.25199763445819));
#7088=CARTESIAN_POINT('Ctrl Pts',(-45.3576413828246,10.378553616258,-5.2354148498215));
#7089=CARTESIAN_POINT('Ctrl Pts',(-45.3594765299182,10.372252110205,-5.21927501962072));
#7090=CARTESIAN_POINT('Ctrl Pts',(-45.3613063705405,10.3659688254494,-5.20318185900078));
#7091=CARTESIAN_POINT('Ctrl Pts',(-45.3630724572219,10.3582951855411,-5.18769533513132));
#7092=CARTESIAN_POINT('Ctrl Pts',(-45.3647693105994,10.349415924387,-5.17293820465968));
#7093=CARTESIAN_POINT('Ctrl Pts',(-45.3665766840054,10.3399583361896,-5.1572199077705));
#7094=CARTESIAN_POINT('Ctrl Pts',(-45.3683054726995,10.3291328942874,-5.14232802050009));
#7095=CARTESIAN_POINT('Ctrl Pts',(-45.3699212669402,10.3171142683375,-5.12839585932109));
#7096=CARTESIAN_POINT('Ctrl Pts',(-45.3701791642455,10.3151959725749,-5.12617214374286));
#7097=CARTESIAN_POINT('Ctrl Pts',(-45.3704341296952,10.3132471868347,-5.12397286912482));
#7098=CARTESIAN_POINT('Ctrl Pts',(-45.3706859644363,10.3112685183443,-5.12179857505849));
#7099=CARTESIAN_POINT('Ctrl Pts',(-45.3717741731832,10.3027184495607,-5.11240318421196));
#7100=CARTESIAN_POINT('Ctrl Pts',(-45.3728000904814,10.2936408967348,-5.10350674653079));
#7101=CARTESIAN_POINT('Ctrl Pts',(-45.3737548710399,10.2840882915651,-5.09514593569049));
#7102=CARTESIAN_POINT('Ctrl Pts',(-45.3751544105501,10.2700858611199,-5.08289046504384));
#7103=CARTESIAN_POINT('Ctrl Pts',(-45.3764024619743,10.2550650907994,-5.0717840193869));
#7104=CARTESIAN_POINT('Ctrl Pts',(-45.3775165143035,10.239270359639,-5.06182504714014));
#7105=CARTESIAN_POINT('Ctrl Pts',(-45.3783300427649,10.2277363742036,-5.05455258142488));
#7106=CARTESIAN_POINT('Ctrl Pts',(-45.3790714491334,10.2157885059192,-5.04789236605101));
#7107=CARTESIAN_POINT('Ctrl Pts',(-45.3797399391603,10.2035086246163,-5.04185188439825));
#7108=CARTESIAN_POINT('Ctrl Pts',(-45.3807448696589,10.1850484730164,-5.03277132374008));
#7109=CARTESIAN_POINT('Ctrl Pts',(-45.3815888536867,10.1658690765494,-5.02510566279332));
#7110=CARTESIAN_POINT('Ctrl Pts',(-45.3822726827784,10.1462216119619,-5.01890240051498));
#7111=CARTESIAN_POINT('Ctrl Pts',(-45.382607414184,10.1366042623685,-5.01586593025264));
#7112=CARTESIAN_POINT('Ctrl Pts',(-45.3829034742389,10.1268742411314,-5.0131804368132));
#7113=CARTESIAN_POINT('Ctrl Pts',(-45.3831596577746,10.1170587382292,-5.01085515121495));
#7114=CARTESIAN_POINT('Ctrl Pts',(-45.3836789723117,10.0971615448679,-5.00614152037716));
#7115=CARTESIAN_POINT('Ctrl Pts',(-45.3840359252201,10.0769167752836,-5.00290591718547));
#7116=CARTESIAN_POINT('Ctrl Pts',(-45.3842171511844,10.056543784545,-5.00125868160871));
#7117=CARTESIAN_POINT('Ctrl Pts',(-45.3843087542186,10.0462459898844,-5.00042606483954));
#7118=CARTESIAN_POINT('Ctrl Pts',(-45.384355396084,10.0359153232507,-5.00000003537492));
#7119=CARTESIAN_POINT('Ctrl Pts',(-45.3843554013811,10.0255801997435,-5.00000000000001));
#7120=CARTESIAN_POINT('Ctrl Pts',(-45.3479376344625,10.3912797800644,-5.32017550494332));
#7121=CARTESIAN_POINT('Ctrl Pts',(-45.8088028852026,10.1275889231739,-5.31997298324653));
#7122=CARTESIAN_POINT('Ctrl Pts',(-46.2696359774091,9.86384399809022,-5.31977652082684));
#7123=CARTESIAN_POINT('Ctrl Pts',(-46.7304396866795,9.60004964234696,-5.31958560676322));
#7124=CARTESIAN_POINT('Ctrl Pts',(-46.5817063348102,9.34025204026134,-5.00000000000001));
#7125=CARTESIAN_POINT('Ctrl Pts',(-46.1826111544016,9.56873284000902,-5.00000000000001));
#7126=CARTESIAN_POINT('Ctrl Pts',(-45.7834947479935,9.79717656403517,-5.00000000000001));
#7127=CARTESIAN_POINT('Ctrl Pts',(-45.384355401362,10.0255801997545,-5.00000000000001));
#7128=CARTESIAN_POINT('Origin',(-5.,16.18,-45.3843554003194));
#7129=CARTESIAN_POINT('',(-5.,16.18,-45.3843554003194));
#7130=CARTESIAN_POINT('Ctrl Pts',(-45.3659638629684,10.3929216282389,-5.16420738013831));
#7131=CARTESIAN_POINT('Ctrl Pts',(-45.0354020685668,10.3623590231553,-8.06809045752611));
#7132=CARTESIAN_POINT('Ctrl Pts',(-43.2099254319891,10.2706712079044,-16.6860347137755));
#7133=CARTESIAN_POINT('Ctrl Pts',(-36.1095791766005,10.1178581824863,-29.7675479896607));
#7134=CARTESIAN_POINT('Ctrl Pts',(-22.3234927882869,9.93448255198465,-41.1275274404442));
#7135=CARTESIAN_POINT('Ctrl Pts',(-10.9670454739172,9.81223213165018,-44.7060494873177));
#7136=CARTESIAN_POINT('Ctrl Pts',(-5.15920647611617,9.75110692148295,-45.3665328586838));
#7137=CARTESIAN_POINT('Ctrl Pts',(-45.8207891058892,10.1286309632004,-5.21600038463841));
#7138=CARTESIAN_POINT('Ctrl Pts',(-45.4869120324469,10.0980683581168,-8.14899690332977));
#7139=CARTESIAN_POINT('Ctrl Pts',(-43.6431302228183,10.0063805428659,-16.8533416908599));
#7140=CARTESIAN_POINT('Ctrl Pts',(-36.4715925584934,9.85356751744782,-30.0660039798076));
#7141=CARTESIAN_POINT('Ctrl Pts',(-22.5472859620788,9.67019188694613,-41.5398701412));
#7142=CARTESIAN_POINT('Ctrl Pts',(-11.0769804551894,9.54794146661166,-45.1542650057444));
#7143=CARTESIAN_POINT('Ctrl Pts',(-5.21091331976625,9.48681625644443,-45.8213679048629));
#7144=CARTESIAN_POINT('Ctrl Pts',(-46.2756143813994,9.86434030135536,-5.26779311919932));
#7145=CARTESIAN_POINT('Ctrl Pts',(-45.9384220461921,9.83377769627175,-8.2299030812799));
#7146=CARTESIAN_POINT('Ctrl Pts',(-44.0763351147599,9.7420898810209,-17.0206484113126));
#7147=CARTESIAN_POINT('Ctrl Pts',(-36.8336061191082,9.58927685560282,-30.3644597561364));
#7148=CARTESIAN_POINT('Ctrl Pts',(-22.77107938168,9.40590122510112,-41.9522127106863));
#7149=CARTESIAN_POINT('Ctrl Pts',(-11.1869157031251,9.28365080476666,-45.6024804606808));
#7150=CARTESIAN_POINT('Ctrl Pts',(-5.26262043377701,9.22252559459943,-46.276202922157));
#7151=CARTESIAN_POINT('Ctrl Pts',(-46.7304396866795,9.60004964234696,-5.31958560676327));
#7152=CARTESIAN_POINT('Ctrl Pts',(-46.3899321055146,9.56948703726334,-8.31080901413828));
#7153=CARTESIAN_POINT('Ctrl Pts',(-44.5095400991714,9.47779922201249,-17.1879548969319));
#7154=CARTESIAN_POINT('Ctrl Pts',(-37.1956198432125,9.32498619659442,-30.662915336792));
#7155=CARTESIAN_POINT('Ctrl Pts',(-22.9948730261697,9.14161056609272,-42.3645551600178));
#7156=CARTESIAN_POINT('Ctrl Pts',(-11.2968511950431,9.01936014575826,-46.0506958574761));
#7157=CARTESIAN_POINT('Ctrl Pts',(-5.31432779515922,8.95823493559102,-46.7310379129725));
#7158=CARTESIAN_POINT('Ctrl Pts',(-5.31476053900794,9.75274439579474,-45.3485693379652));
#7159=CARTESIAN_POINT('Ctrl Pts',(-11.068411044818,9.81332378114656,-44.6740150160299));
#7160=CARTESIAN_POINT('Ctrl Pts',(-16.6911387327012,9.87390316649837,-42.8918930407944));
#7161=CARTESIAN_POINT('Ctrl Pts',(-21.7820620245247,9.93448255185019,-40.1288280439032));
#7162=CARTESIAN_POINT('Ctrl Pts',(-26.9188549178622,9.99560776201742,-37.3408676237067));
#7163=CARTESIAN_POINT('Ctrl Pts',(-31.5142170473234,10.0567329721846,-33.5542078067597));
#7164=CARTESIAN_POINT('Ctrl Pts',(-35.231967363139,10.1178581823519,-29.0445752430958));
#7165=CARTESIAN_POINT('Ctrl Pts',(-38.9497176789546,10.1789833925191,-24.5349426794318));
#7166=CARTESIAN_POINT('Ctrl Pts',(-41.7898561811245,10.2401086026863,-19.302337369051));
#7167=CARTESIAN_POINT('Ctrl Pts',(-43.5478919647754,10.3012338128536,-13.7279381516826));
#7168=CARTESIAN_POINT('Ctrl Pts',(-44.411169337548,10.3312491352572,-10.9906487541015));
#7169=CARTESIAN_POINT('Ctrl Pts',(-45.0135228575952,10.3612644576608,-8.17094372118087));
#7170=CARTESIAN_POINT('Ctrl Pts',(-45.3479384946629,10.3912797800644,-5.32017598587332));
#7171=CARTESIAN_POINT('Origin',(1.11022302462516E-15,7.911,-1.0547118733939E-14));
#7172=CARTESIAN_POINT('Origin',(1.11022302462516E-15,16.18,-8.88178419700125E-15));
#7173=CARTESIAN_POINT('',(45.65895,11.3584072551076,-1.33226762955019E-14));
#7174=CARTESIAN_POINT('Origin',(1.11022302462516E-15,11.3584072551076,-9.43689570931383E-15));
#7175=CARTESIAN_POINT('',(45.65895,4.292,-1.64140310360405E-14));
#7176=CARTESIAN_POINT('',(45.65895,16.18,-1.44733928939942E-14));
#7177=CARTESIAN_POINT('',(45.3843554003194,4.292,-5.00000000000001));
#7178=CARTESIAN_POINT('Origin',(1.11022302462516E-15,4.292,-1.0547118733939E-14));
#7179=CARTESIAN_POINT('',(45.3843554003194,16.18,-5.00000000000001));
#7180=CARTESIAN_POINT('Ctrl Pts',(45.3485686956603,6.00274439592948,-5.31475998154572));
#7181=CARTESIAN_POINT('Ctrl Pts',(44.673967060646,6.0633237812812,-11.0683694082601));
#7182=CARTESIAN_POINT('Ctrl Pts',(41.9887829308078,6.15446577171654,-19.5243421863727));
#7183=CARTESIAN_POINT('Ctrl Pts',(33.8106003986162,6.30673297231911,-31.6553216672909));
#7184=CARTESIAN_POINT('Ctrl Pts',(22.3719025848655,6.45899871505709,-41.0921712179997));
#7185=CARTESIAN_POINT('Ctrl Pts',(11.073630748672,6.58070185271144,-44.6727179197908));
#7186=CARTESIAN_POINT('Ctrl Pts',(5.32017517690035,6.64127978019856,-45.3479345689781));
#7187=CARTESIAN_POINT('',(-5.,4.29200000000001,-45.3843554003194));
#7188=CARTESIAN_POINT('Origin',(1.11022302462516E-15,4.292,-1.0547118733939E-14));
#7189=CARTESIAN_POINT('',(-5.,16.18,-45.3843554003194));
#7190=CARTESIAN_POINT('Ctrl Pts',(-5.31476053945552,6.75274439592949,-45.3485693417596));
#7191=CARTESIAN_POINT('Ctrl Pts',(-11.068411078236,6.81332378128121,-44.674015317128));
#7192=CARTESIAN_POINT('Ctrl Pts',(-22.3645313668274,6.93502837680016,-41.0937477864626));
#7193=CARTESIAN_POINT('Ctrl Pts',(-36.1095776578643,7.11785818248635,-29.7675504710243));
#7194=CARTESIAN_POINT('Ctrl Pts',(-43.1844944130556,7.27012392522431,-16.73288889544));
#7195=CARTESIAN_POINT('Ctrl Pts',(-45.0135228344217,7.36126445779505,-8.17094377132349));
#7196=CARTESIAN_POINT('Ctrl Pts',(-45.3479384938152,7.39127978019855,-5.32017598721448));
#7197=CARTESIAN_POINT('',(-38.5752157141032,2.89251172816935,-24.427288996385));
#7198=CARTESIAN_POINT('',(-38.5752157141032,5.,-24.427288996385));
#7199=CARTESIAN_POINT('',(-18.3122777895978,2.89251172816933,41.8258316983549));
#7200=CARTESIAN_POINT('Origin',(1.11022302462516E-15,2.89251172816946,-1.11022302462516E-14));
#7201=CARTESIAN_POINT('',(-18.3122777895978,4.99999999999999,41.8258316983549));
#7202=CARTESIAN_POINT('Origin',(1.11022302462516E-15,4.292,-1.0547118733939E-14));
#7203=CARTESIAN_POINT('',(45.3843554003194,16.18,4.99999999999999));
#7204=CARTESIAN_POINT('Ctrl Pts',(45.3485693404633,6.71382570516407,5.31476053931755));
#7205=CARTESIAN_POINT('Ctrl Pts',(44.6740152245158,6.65324631981237,11.0684110679133));
#7206=CARTESIAN_POINT('Ctrl Pts',(41.0937374128164,6.53154172429344,22.3645302117312));
#7207=CARTESIAN_POINT('Ctrl Pts',(29.767549753767,6.34871191860728,36.1095781269665));
#7208=CARTESIAN_POINT('Ctrl Pts',(16.7328876165608,6.19644617586933,43.1844950070672));
#7209=CARTESIAN_POINT('Ctrl Pts',(8.1709437560842,6.10530564329862,45.0135228414365));
#7210=CARTESIAN_POINT('Ctrl Pts',(5.32017598680735,6.07529032089514,45.3479384939454));
#7211=CARTESIAN_POINT('',(-45.3843554003194,16.18,4.99999999999999));
#7212=CARTESIAN_POINT('Ctrl Pts',(-45.3485693407367,7.50274439592948,5.31476053934138));
#7213=CARTESIAN_POINT('Ctrl Pts',(-44.6740152406195,7.5633237812812,11.0684110697086));
#7214=CARTESIAN_POINT('Ctrl Pts',(-41.0937392112425,7.68502837680015,22.3645304117411));
#7215=CARTESIAN_POINT('Ctrl Pts',(-29.767549880999,7.86785818248634,36.1095780458506));
#7216=CARTESIAN_POINT('Ctrl Pts',(-16.7328878392139,8.0201239252243,43.1844949042815));
#7217=CARTESIAN_POINT('Ctrl Pts',(-8.17094375874191,8.11126445779504,45.0135228402706));
#7218=CARTESIAN_POINT('Ctrl Pts',(-5.32017598687805,8.14127978019854,45.3479384939715));
#7219=CARTESIAN_POINT('',(-5.,16.18,45.3843554003194));
#7220=CARTESIAN_POINT('Ctrl Pts',(-5.31476086488114,8.96382570516406,45.3485694530043));
#7221=CARTESIAN_POINT('Ctrl Pts',(-11.068435388341,8.90324631981237,44.6740236306022));
#7222=CARTESIAN_POINT('Ctrl Pts',(-22.3672464126618,8.78154172429344,41.0946758973163));
#7223=CARTESIAN_POINT('Ctrl Pts',(-33.8070865442286,8.62927452369089,31.6590297549571));
#7224=CARTESIAN_POINT('Ctrl Pts',(-41.9865068681125,8.47700878095295,19.5290625998504));
#7225=CARTESIAN_POINT('Ctrl Pts',(-44.6726602070107,8.38586824838224,11.0735641497104));
#7226=CARTESIAN_POINT('Ctrl Pts',(-45.3479337941723,8.32529032089514,5.3201742829088));
#7227=CARTESIAN_POINT('',(45.3843554003194,16.18,-5.00000000000001));
#7228=CARTESIAN_POINT('Ctrl Pts',(45.3485686901156,9.00274439592948,-5.31475997858898));
#7229=CARTESIAN_POINT('Ctrl Pts',(44.6739666459797,9.0633237812812,-11.0683691871067));
#7230=CARTESIAN_POINT('Ctrl Pts',(41.9887480280975,9.15446577171654,-19.5243235636745));
#7231=CARTESIAN_POINT('Ctrl Pts',(33.8105818047541,9.30673297231911,-31.6553072203527));
#7232=CARTESIAN_POINT('Ctrl Pts',(22.3718897194895,9.45899871505708,-41.0921314346282));
#7233=CARTESIAN_POINT('Ctrl Pts',(11.0736306338318,9.58070185271144,-44.672717563983));
#7234=CARTESIAN_POINT('Ctrl Pts',(5.3201751753619,9.64127978019856,-45.3479345642084));
#7235=CARTESIAN_POINT('',(-45.3843554003193,16.18,-5.00000000000001));
#7236=CARTESIAN_POINT('Ctrl Pts',(-45.3485733641138,8.21382570533262,-5.31476167140909));
#7237=CARTESIAN_POINT('Ctrl Pts',(-45.0144817783032,8.18380892506442,-8.16570774309422));
#7238=CARTESIAN_POINT('Ctrl Pts',(-44.4124224009817,8.15379214479622,-10.9856203881744));
#7239=CARTESIAN_POINT('Ctrl Pts',(-43.5494047845339,8.12377536452802,-13.7231380486346));
#7240=CARTESIAN_POINT('Ctrl Pts',(-41.7919833451905,8.06265015436079,-19.2977313540136));
#7241=CARTESIAN_POINT('Ctrl Pts',(-38.9524217032597,8.00152494419356,-24.5306495866015));
#7242=CARTESIAN_POINT('Ctrl Pts',(-35.2351687109352,7.94039973402632,-29.0406928917105));
#7243=CARTESIAN_POINT('Ctrl Pts',(-31.5179157186107,7.87927452385909,-33.5507361968196));
#7244=CARTESIAN_POINT('Ctrl Pts',(-26.9229713758925,7.81814931369186,-37.3379045744499));
#7245=CARTESIAN_POINT('Ctrl Pts',(-21.7864858299824,7.75702410352463,-40.1264305938432));
#7246=CARTESIAN_POINT('Ctrl Pts',(-16.6959896486526,7.69644617603742,-42.8899896317078));
#7247=CARTESIAN_POINT('Ctrl Pts',(-11.0736061965426,7.6358682485502,-44.6727088825397));
#7248=CARTESIAN_POINT('Ctrl Pts',(-5.32017484736156,7.57529032106299,-45.3479344479066));
#7249=CARTESIAN_POINT('Ctrl Pts',(5.16420738013822,9.6429216282389,-45.3659638629685));
#7250=CARTESIAN_POINT('Ctrl Pts',(10.9719735349138,9.58179641807167,-44.7048402741651));
#7251=CARTESIAN_POINT('Ctrl Pts',(22.3307760852022,9.4595459977372,-41.1260498351487));
#7252=CARTESIAN_POINT('Ctrl Pts',(33.8105818047541,9.30673297231911,-31.6553072203527));
#7253=CARTESIAN_POINT('Ctrl Pts',(42.0180639021164,9.15391994690103,-19.4808382175844));
#7254=CARTESIAN_POINT('Ctrl Pts',(44.7060494873176,9.06223213165018,-10.9670454739173));
#7255=CARTESIAN_POINT('Ctrl Pts',(45.3665328586838,9.00110692148294,-5.15920647611627));
#7256=CARTESIAN_POINT('Ctrl Pts',(5.21600038463831,9.37863096320038,-45.8207891058892));
#7257=CARTESIAN_POINT('Ctrl Pts',(11.081993422021,9.31750575303314,-45.1530349590046));
#7258=CARTESIAN_POINT('Ctrl Pts',(22.554674936167,9.19525533269868,-41.5383599929442));
#7259=CARTESIAN_POINT('Ctrl Pts',(34.1495704264634,9.04244230728059,-31.9726616309469));
#7260=CARTESIAN_POINT('Ctrl Pts',(42.4393337600116,8.88962928186251,-19.6761313262668));
#7261=CARTESIAN_POINT('Ctrl Pts',(45.1542650057443,8.79794146661166,-11.0769804551895));
#7262=CARTESIAN_POINT('Ctrl Pts',(45.8213679048629,8.73681625644442,-5.21091331976635));
#7263=CARTESIAN_POINT('Ctrl Pts',(5.26779311919922,9.11434030135537,-46.2756143813994));
#7264=CARTESIAN_POINT('Ctrl Pts',(11.1920130433604,9.05321509118814,-45.6012297109848));
#7265=CARTESIAN_POINT('Ctrl Pts',(22.7785735431386,8.93096467085367,-41.9506702853833));
#7266=CARTESIAN_POINT('Ctrl Pts',(34.488558861044,8.77815164543558,-32.2900162441592));
#7267=CARTESIAN_POINT('Ctrl Pts',(42.8606035035993,8.62533862001751,-19.8714246859463));
#7268=CARTESIAN_POINT('Ctrl Pts',(45.6024804606807,8.53365080476665,-11.1869157031252));
#7269=CARTESIAN_POINT('Ctrl Pts',(46.276202922157,8.47252559459942,-5.2626204337771));
#7270=CARTESIAN_POINT('Ctrl Pts',(5.31958560676317,8.85004964234697,-46.7304396866796));
#7271=CARTESIAN_POINT('Ctrl Pts',(11.3020324215132,8.78892443217973,-46.0494245243497));
#7272=CARTESIAN_POINT('Ctrl Pts',(23.0024719268349,8.66667401184527,-42.3629807009755));
#7273=CARTESIAN_POINT('Ctrl Pts',(34.8275471243675,8.51386098642718,-32.6073710427305));
#7274=CARTESIAN_POINT('Ctrl Pts',(43.2818731425513,8.3610479610091,-20.0667182752642));
#7275=CARTESIAN_POINT('Ctrl Pts',(46.0506958574761,8.26936014575825,-11.2968511950432));
#7276=CARTESIAN_POINT('Ctrl Pts',(46.7310379129725,8.20823493559101,-5.31432779515931));
#7277=CARTESIAN_POINT('Origin',(45.3843554003194,16.18,-5.00000000000001));
#7278=CARTESIAN_POINT('Ctrl Pts',(46.7106629742852,5.,6.65422268677305));
#7279=CARTESIAN_POINT('Ctrl Pts',(46.7106629742852,-0.243708877411963,6.65422268677305));
#7280=CARTESIAN_POINT('Ctrl Pts',(46.5710539554266,5.,7.52468835371201));
#7281=CARTESIAN_POINT('Ctrl Pts',(46.5710539554266,-0.243708877411963,7.52468835371201));
#7282=CARTESIAN_POINT('Ctrl Pts',(46.4069106362745,5.00000000000412,8.39207889607624));
#7283=CARTESIAN_POINT('Ctrl Pts',(46.4069106362745,-0.24370887740784,8.39207889607624));
#7284=CARTESIAN_POINT('Ctrl Pts',(44.9122043185777,5.00000000000412,15.2307645147401));
#7285=CARTESIAN_POINT('Ctrl Pts',(44.9122043185777,-0.24370887740784,15.2307645147401));
#7286=CARTESIAN_POINT('Ctrl Pts',(42.4554293307146,5.00000000000838,20.894724096043));
#7287=CARTESIAN_POINT('Ctrl Pts',(42.4554293307146,-0.243708877403586,20.894724096043));
#7288=CARTESIAN_POINT('Ctrl Pts',(35.5261548649501,5.00000000000837,30.9238734306543));
#7289=CARTESIAN_POINT('Ctrl Pts',(35.5261548649501,-0.243708877403588,30.9238734306543));
#7290=CARTESIAN_POINT('Ctrl Pts',(31.1333340116252,5.00000000001278,35.2015427597387));
#7291=CARTESIAN_POINT('Ctrl Pts',(31.1333340116252,-0.243708877399185,35.2015427597387));
#7292=CARTESIAN_POINT('Ctrl Pts',(20.9855695149029,5.00000000001278,41.8033705198822));
#7293=CARTESIAN_POINT('Ctrl Pts',(20.9855695149029,-0.243708877399185,41.8033705198822));
#7294=CARTESIAN_POINT('Ctrl Pts',(15.3368935459361,5.00000000001734,44.0772488319446));
#7295=CARTESIAN_POINT('Ctrl Pts',(15.3368935459361,-0.243708877394619,44.0772488319446));
#7296=CARTESIAN_POINT('Ctrl Pts',(3.52489308875036,5.00000000001734,46.3165658796958));
#7297=CARTESIAN_POINT('Ctrl Pts',(3.52489308875036,-0.243708877394619,46.3165658796958));
#7298=CARTESIAN_POINT('Ctrl Pts',(-2.5218194925111,5.00000000002206,46.2759830560183));
#7299=CARTESIAN_POINT('Ctrl Pts',(-2.5218194925111,-0.243708877389899,46.2759830560183));
#7300=CARTESIAN_POINT('Ctrl Pts',(-11.8106975169309,5.00000000002206,44.3730771324692));
#7301=CARTESIAN_POINT('Ctrl Pts',(-11.8106975169309,-0.243708877389899,
44.3730771324692));
#7302=CARTESIAN_POINT('Ctrl Pts',(-15.1400268202152,5.,43.283731889601));
#7303=CARTESIAN_POINT('Ctrl Pts',(-15.1400268202152,-0.243708877411966,
43.283731889601));
#7304=CARTESIAN_POINT('Ctrl Pts',(-18.3122777895978,5.,41.8258316983549));
#7305=CARTESIAN_POINT('Ctrl Pts',(-18.3122777895978,-0.243708877411966,
41.8258316983549));
#7306=CARTESIAN_POINT('Ctrl Pts',(-18.8276159806701,4.99999999999999,41.5889930451172));
#7307=CARTESIAN_POINT('Ctrl Pts',(-18.8276159806701,-0.243708877411974,
41.5889930451172));
#7308=CARTESIAN_POINT('Ctrl Pts',(-19.3384959163364,4.99999999999999,41.3425713778835));
#7309=CARTESIAN_POINT('Ctrl Pts',(-19.3384959163364,-0.243708877411968,
41.3425713778835));
#7310=CARTESIAN_POINT('Ctrl Pts',(-19.8446481415144,4.99999999999999,41.0866887411288));
#7311=CARTESIAN_POINT('Ctrl Pts',(-19.8446481415144,-0.243708877411968,
41.0866887411288));
#7312=CARTESIAN_POINT('',(-6.70248257929707E-15,2.55018868100305,46.0002344360859));
#7313=CARTESIAN_POINT('Ctrl Pts',(-18.3122777895978,2.89251172816934,41.8258316983549));
#7314=CARTESIAN_POINT('Ctrl Pts',(-13.8916484191094,2.80413884283596,43.8574604902967));
#7315=CARTESIAN_POINT('Ctrl Pts',(-9.17104488636839,2.71650648418012,45.1710545208846));
#7316=CARTESIAN_POINT('Ctrl Pts',(-2.88894647277947,2.6023281860901,45.8802243160871));
#7317=CARTESIAN_POINT('Ctrl Pts',(-1.44440478348336,2.57623526028742,45.9742668823479));
#7318=CARTESIAN_POINT('Ctrl Pts',(-1.2490009027033E-14,2.55018868100305,
46.0002344360859));
#7319=CARTESIAN_POINT('Ctrl Pts',(-1.22124532708767E-14,2.55018868100305,
46.0002344360859));
#7320=CARTESIAN_POINT('Ctrl Pts',(3.97175133940852,2.47856711249076,46.0716387041409));
#7321=CARTESIAN_POINT('Ctrl Pts',(7.94246819518351,2.40729578373663,45.6282815710954));
#7322=CARTESIAN_POINT('Ctrl Pts',(17.6909614672509,2.22715668855453,43.2366374818761));
#7323=CARTESIAN_POINT('Ctrl Pts',(23.2288243756552,2.11993681896442,40.6537148836498));
#7324=CARTESIAN_POINT('Ctrl Pts',(33.0380921329994,1.90342763911339,33.4869968926369));
#7325=CARTESIAN_POINT('Ctrl Pts',(37.2052240901105,1.79620616062602,28.9596425179607));
#7326=CARTESIAN_POINT('Ctrl Pts',(43.5931915078672,1.579693853144,18.5272247157222));
#7327=CARTESIAN_POINT('Ctrl Pts',(45.7386526512269,1.47247077500404,12.7147309623127));
#7328=CARTESIAN_POINT('Ctrl Pts',(46.7106629742852,1.36457595785186,6.65422268677305));
#7329=CARTESIAN_POINT('Origin',(1.11022302462516E-15,0.453174658926104,
-8.32667268468867E-15));
#7330=CARTESIAN_POINT('',(-4.7632257839421E-15,-1.62370117351429E-14,47.960349160726));
#7331=CARTESIAN_POINT('Origin',(1.11022302462516E-15,-6.66133814775094E-15,
-8.32667268468867E-15));
#7332=CARTESIAN_POINT('',(6.66133814775094E-15,0.31963235060195,48.2240232393233));
#7333=CARTESIAN_POINT('',(-4.8090076169257E-15,0.453174658926097,48.3341861969676));
#7334=CARTESIAN_POINT('Origin',(1.11022302462516E-15,0.319632350601958,
-8.32667268468867E-15));
#7335=CARTESIAN_POINT('Origin',(1.11022302462516E-15,2.72663658414479,-7.7715611723761E-15));
#7336=CARTESIAN_POINT('',(-4.50163788640113E-15,2.72663658414478,45.8243218774056));
#7337=CARTESIAN_POINT('Ctrl Pts',(34.9975013810193,1.36457595785193,-31.6439506406512));
#7338=CARTESIAN_POINT('Ctrl Pts',(31.1630518176218,1.46318025155146,-35.7381896395501));
#7339=CARTESIAN_POINT('Ctrl Pts',(26.6291307888896,1.5612983752434,-39.1156500721265));
#7340=CARTESIAN_POINT('Ctrl Pts',(16.587625331324,1.75965268629658,-44.1067518276448));
#7341=CARTESIAN_POINT('Ctrl Pts',(11.1620580807535,1.85829978554685,-45.6810950610863));
#7342=CARTESIAN_POINT('Ctrl Pts',(-0.408995474840622,2.06536742274412,-46.8709049321606));
#7343=CARTESIAN_POINT('Ctrl Pts',(-6.46799171578197,2.17202005148538,-46.3176998184345));
#7344=CARTESIAN_POINT('Ctrl Pts',(-17.9940651848845,2.38736091237948,-42.9304286425667));
#7345=CARTESIAN_POINT('Ctrl Pts',(-23.3552805335101,2.49401427761406,-40.1437722877814));
#7346=CARTESIAN_POINT('Ctrl Pts',(-32.223293491203,2.69890278236509,-33.058176444411));
#7347=CARTESIAN_POINT('Ctrl Pts',(-35.7923355077185,2.79522709560121,-29.0032630904642));
#7348=CARTESIAN_POINT('Ctrl Pts',(-38.5752157141032,2.89251172816935,-24.427288996385));
#7349=CARTESIAN_POINT('Ctrl Pts',(-45.3659638629684,7.39292162823889,-5.1642073801383));
#7350=CARTESIAN_POINT('Ctrl Pts',(-45.0354020685668,7.36235902315527,-8.0680904575261));
#7351=CARTESIAN_POINT('Ctrl Pts',(-43.209923503892,7.27067120790442,-16.6860389317307));
#7352=CARTESIAN_POINT('Ctrl Pts',(-36.1095776578643,7.11785818248635,-29.7675504710243));
#7353=CARTESIAN_POINT('Ctrl Pts',(-22.323496551263,6.93448255198465,-41.1275613079338));
#7354=CARTESIAN_POINT('Ctrl Pts',(-10.9670454739172,6.81223213165018,-44.7060494873177));
#7355=CARTESIAN_POINT('Ctrl Pts',(-5.15920647611618,6.75110692148295,-45.3665328586838));
#7356=CARTESIAN_POINT('Ctrl Pts',(-45.8207891058892,7.12863096320036,-5.2160003846384));
#7357=CARTESIAN_POINT('Ctrl Pts',(-45.4869120324469,7.09806835811675,-8.14899690332976));
#7358=CARTESIAN_POINT('Ctrl Pts',(-43.6431282753889,7.0063805428659,-16.8533459511026));
#7359=CARTESIAN_POINT('Ctrl Pts',(-36.4715910245298,6.85356751744782,-30.0660064860481));
#7360=CARTESIAN_POINT('Ctrl Pts',(-22.547289762768,6.67019188694613,-41.5399043482379));
#7361=CARTESIAN_POINT('Ctrl Pts',(-11.0769804551894,6.54794146661166,-45.1542650057444));
#7362=CARTESIAN_POINT('Ctrl Pts',(-5.21091331976627,6.48681625644443,-45.8213679048629));
#7363=CARTESIAN_POINT('Ctrl Pts',(-46.2756143813994,6.86434030135536,-5.26779311919931));
#7364=CARTESIAN_POINT('Ctrl Pts',(-45.9384220461921,6.83377769627174,-8.22990308127989));
#7365=CARTESIAN_POINT('Ctrl Pts',(-44.0763331479982,6.7420898810209,-17.0206527138426));
#7366=CARTESIAN_POINT('Ctrl Pts',(-36.8336045699171,6.58927685560281,-30.3644622872538));
#7367=CARTESIAN_POINT('Ctrl Pts',(-22.7710832200825,6.40590122510112,-41.9522472572722));
#7368=CARTESIAN_POINT('Ctrl Pts',(-11.1869157031252,6.28365080476665,-45.6024804606808));
#7369=CARTESIAN_POINT('Ctrl Pts',(-5.26262043377702,6.22252559459942,-46.276202922157));
#7370=CARTESIAN_POINT('Ctrl Pts',(-46.7304396866795,6.60004964234695,-5.31958560676326));
#7371=CARTESIAN_POINT('Ctrl Pts',(-46.3899321055146,6.56948703726333,-8.31080901413827));
#7372=CARTESIAN_POINT('Ctrl Pts',(-44.5095381130776,6.47779922201249,-17.1879592417493));
#7373=CARTESIAN_POINT('Ctrl Pts',(-37.1956182787941,6.32498619659441,-30.6629178927862));
#7374=CARTESIAN_POINT('Ctrl Pts',(-22.9948769022858,6.14161056609271,-42.3645900461517));
#7375=CARTESIAN_POINT('Ctrl Pts',(-11.2968511950432,6.01936014575825,-46.0506958574761));
#7376=CARTESIAN_POINT('Ctrl Pts',(-5.31432779515923,5.95823493559101,-46.7310379129725));
#7377=CARTESIAN_POINT('Ctrl Pts',(5.1642073801382,6.6429216282389,-45.3659638629685));
#7378=CARTESIAN_POINT('Ctrl Pts',(10.9719735349138,6.58179641807166,-44.7048402741651));
#7379=CARTESIAN_POINT('Ctrl Pts',(22.3307889299886,6.4595459977372,-41.1260897095859));
#7380=CARTESIAN_POINT('Ctrl Pts',(33.8106003986162,6.30673297231911,-31.6553216672909));
#7381=CARTESIAN_POINT('Ctrl Pts',(42.0180988632882,6.15391994690103,-19.4808568552512));
#7382=CARTESIAN_POINT('Ctrl Pts',(44.7060494873176,6.06223213165018,-10.9670454739173));
#7383=CARTESIAN_POINT('Ctrl Pts',(45.3665328586838,6.00110692148294,-5.15920647611628));
#7384=CARTESIAN_POINT('Ctrl Pts',(5.2160003846383,6.37863096320038,-45.8207891058892));
#7385=CARTESIAN_POINT('Ctrl Pts',(11.081993422021,6.31750575303314,-45.1530349590046));
#7386=CARTESIAN_POINT('Ctrl Pts',(22.5546879097478,6.19525533269868,-41.5384002671469));
#7387=CARTESIAN_POINT('Ctrl Pts',(34.1495892067485,6.04244230728059,-31.9726762227189));
#7388=CARTESIAN_POINT('Ctrl Pts',(42.4393690717025,5.88962928186251,-19.676150150776));
#7389=CARTESIAN_POINT('Ctrl Pts',(45.1542650057443,5.79794146661166,-11.0769804551895));
#7390=CARTESIAN_POINT('Ctrl Pts',(45.8213679048629,5.73681625644442,-5.21091331976636));
#7391=CARTESIAN_POINT('Ctrl Pts',(5.26779311919921,6.11434030135537,-46.2756143813994));
#7392=CARTESIAN_POINT('Ctrl Pts',(11.1920130433604,6.05321509118814,-45.6012297109848));
#7393=CARTESIAN_POINT('Ctrl Pts',(22.7785866455134,5.93096467085367,-41.9507109593516));
#7394=CARTESIAN_POINT('Ctrl Pts',(34.488577827752,5.77815164543559,-32.2900309807651));
#7395=CARTESIAN_POINT('Ctrl Pts',(42.860639165809,5.6253386200175,-19.8714436972982));
#7396=CARTESIAN_POINT('Ctrl Pts',(45.6024804606807,5.53365080476665,-11.1869157031253));
#7397=CARTESIAN_POINT('Ctrl Pts',(46.276202922157,5.47252559459942,-5.26262043377712));
#7398=CARTESIAN_POINT('Ctrl Pts',(5.31958560676316,5.85004964234697,-46.7304396866796));
#7399=CARTESIAN_POINT('Ctrl Pts',(11.3020324215132,5.78892443217973,-46.0494245243497));
#7400=CARTESIAN_POINT('Ctrl Pts',(23.0024851580035,5.66667401184527,-42.3630217747097));
#7401=CARTESIAN_POINT('Ctrl Pts',(34.8275662774982,5.51386098642718,-32.6073859241705));
#7402=CARTESIAN_POINT('Ctrl Pts',(43.2819091552797,5.3610479610091,-20.0667374734591));
#7403=CARTESIAN_POINT('Ctrl Pts',(46.0506958574761,5.26936014575825,-11.2968511950432));
#7404=CARTESIAN_POINT('Ctrl Pts',(46.7310379129725,5.20823493559101,-5.31432779515932));
#7405=CARTESIAN_POINT('Ctrl Pts',(-39.4549017944594,5.72,-22.9163469476857));
#7406=CARTESIAN_POINT('Ctrl Pts',(-39.4549017944594,1.36457595785148,-22.9163469476857));
#7407=CARTESIAN_POINT('Ctrl Pts',(-39.1713497682817,5.72,-23.4255662276593));
#7408=CARTESIAN_POINT('Ctrl Pts',(-39.1713497682817,1.36457595785148,-23.4255662276593));
#7409=CARTESIAN_POINT('Ctrl Pts',(-38.8780650145507,5.72000000000001,-23.9293047317092));
#7410=CARTESIAN_POINT('Ctrl Pts',(-38.8780650145507,1.36457595785148,-23.9293047317092));
#7411=CARTESIAN_POINT('Ctrl Pts',(-38.5752157141032,5.72000000000001,-24.4272889963851));
#7412=CARTESIAN_POINT('Ctrl Pts',(-38.5752157141032,1.36457595785148,-24.4272889963851));
#7413=CARTESIAN_POINT('Ctrl Pts',(-36.4768542722241,5.72000000000001,-27.8776881821005));
#7414=CARTESIAN_POINT('Ctrl Pts',(-36.4768542722241,1.36457595785148,-27.8776881821005));
#7415=CARTESIAN_POINT('Ctrl Pts',(-33.9253161617398,5.72000000001011,-31.0419342822888));
#7416=CARTESIAN_POINT('Ctrl Pts',(-33.9253161617398,1.36457595786158,-31.0419342822888));
#7417=CARTESIAN_POINT('Ctrl Pts',(-26.6377066341776,5.72000000001011,-37.9612488994622));
#7418=CARTESIAN_POINT('Ctrl Pts',(-26.6377066341776,1.36457595786158,-37.9612488994622));
#7419=CARTESIAN_POINT('Ctrl Pts',(-21.5244921518434,5.7200000000149,-41.1964729611153));
#7420=CARTESIAN_POINT('Ctrl Pts',(-21.5244921518434,1.36457595786638,-41.1964729611153));
#7421=CARTESIAN_POINT('Ctrl Pts',(-10.3087449894451,5.7200000000149,-45.5474595357748));
#7422=CARTESIAN_POINT('Ctrl Pts',(-10.3087449894451,1.36457595786638,-45.5474595357748));
#7423=CARTESIAN_POINT('Ctrl Pts',(-4.30842533501842,5.72000000001953,-46.6066182058031));
#7424=CARTESIAN_POINT('Ctrl Pts',(-4.30842533501842,1.364575957871,-46.6066182058031));
#7425=CARTESIAN_POINT('Ctrl Pts',(7.80329499341445,5.72000000001953,-46.3721714661077));
#7426=CARTESIAN_POINT('Ctrl Pts',(7.80329499341445,1.364575957871,-46.3721714661077));
#7427=CARTESIAN_POINT('Ctrl Pts',(13.7978433824303,5.72000000002399,-45.0650207499804));
#7428=CARTESIAN_POINT('Ctrl Pts',(13.7978433824303,1.36457595787547,-45.0650207499804));
#7429=CARTESIAN_POINT('Ctrl Pts',(24.727468127351,5.72000000002399,-40.3306120048715));
#7430=CARTESIAN_POINT('Ctrl Pts',(24.727468127351,1.36457595787547,-40.3306120048715));
#7431=CARTESIAN_POINT('Ctrl Pts',(29.5994951129686,5.72000000002774,-37.0330585469231));
#7432=CARTESIAN_POINT('Ctrl Pts',(29.5994951129686,1.36457595787921,-37.0330585469231));
#7433=CARTESIAN_POINT('Ctrl Pts',(34.1716816278249,5.72000000002774,-32.5090996192579));
#7434=CARTESIAN_POINT('Ctrl Pts',(34.1716816278249,1.36457595787921,-32.5090996192579));
#7435=CARTESIAN_POINT('Ctrl Pts',(34.5888809693064,5.72000000000001,-32.0802556689793));
#7436=CARTESIAN_POINT('Ctrl Pts',(34.5888809693064,1.36457595785148,-32.0802556689793));
#7437=CARTESIAN_POINT('Ctrl Pts',(34.9975013810193,5.72000000000001,-31.6439506406512));
#7438=CARTESIAN_POINT('Ctrl Pts',(34.9975013810193,1.36457595785148,-31.6439506406512));
#7439=CARTESIAN_POINT('',(-5.,5.00000000000001,-46.1316918640555));
#7440=CARTESIAN_POINT('',(-5.,4.29200000000001,-46.1316918640555));
#7441=CARTESIAN_POINT('Ctrl Pts',(-5.,5.00000000000001,-46.1316918640555));
#7442=CARTESIAN_POINT('Ctrl Pts',(-5.,4.76400000000001,-46.1316918640555));
#7443=CARTESIAN_POINT('Ctrl Pts',(-5.,4.52800000000001,-46.1316918640555));
#7444=CARTESIAN_POINT('Ctrl Pts',(-5.,4.29200000000001,-46.1316918640555));
#7445=CARTESIAN_POINT('Ctrl Pts',(-4.99999970299695,4.29200000001808,-46.1316895153005));
#7446=CARTESIAN_POINT('Ctrl Pts',(-2.77430700182581,4.29200000001888,-46.4131311184909));
#7447=CARTESIAN_POINT('Ctrl Pts',(-0.526133477682795,4.29200000001953,-46.5334043294516));
#7448=CARTESIAN_POINT('Ctrl Pts',(1.72692143624974,4.29200000001953,-46.4897919139894));
#7449=CARTESIAN_POINT('Ctrl Pts',(2.82125435817767,4.29200000001953,-46.468608896323));
#7450=CARTESIAN_POINT('Ctrl Pts',(3.91293330462833,4.29200000001967,-46.4088438111483));
#7451=CARTESIAN_POINT('Ctrl Pts',(5.00000071761884,4.29200000001991,-46.3109675813928));
#7452=CARTESIAN_POINT('Ctrl Pts',(-5.,5.36870720284331,-46.1316918640555));
#7453=CARTESIAN_POINT('Ctrl Pts',(-5.,5.24580480189555,-46.1316918640555));
#7454=CARTESIAN_POINT('Ctrl Pts',(-5.,5.12290240094778,-46.1316918640555));
#7455=CARTESIAN_POINT('Ctrl Pts',(-5.,5.00000000000001,-46.1316918640555));
#7456=CARTESIAN_POINT('Origin',(52.8523405024499,4.292,-1.11022302462516E-14));
#7457=CARTESIAN_POINT('',(-99.9097317186296,4.292,-5.00000000000001));
#7458=CARTESIAN_POINT('Origin',(45.3843554003194,16.18,-5.00000000000001));
#7459=CARTESIAN_POINT('Origin',(1.11022302462516E-15,4.29200000000001,-52.85234050245));
#7460=CARTESIAN_POINT('',(-5.,4.29199999999999,76.1170355029046));
#7461=CARTESIAN_POINT('Origin',(-5.,16.18,-45.3843554003194));
#7462=CARTESIAN_POINT('Origin',(-5.,16.18,60.1127414201234));
#7463=CARTESIAN_POINT('Ctrl Pts',(-5.31432779515931,9.75833516553634,46.7310379129725));
#7464=CARTESIAN_POINT('Ctrl Pts',(-11.2968511950432,9.69720995536911,46.0506958574761));
#7465=CARTESIAN_POINT('Ctrl Pts',(-22.9977013974854,9.57495953503465,42.3655563549757));
#7466=CARTESIAN_POINT('Ctrl Pts',(-34.8238724230409,9.42214650961656,32.6112849048889));
#7467=CARTESIAN_POINT('Ctrl Pts',(-43.2796044283537,9.26933348419848,20.0715821739938));
#7468=CARTESIAN_POINT('Ctrl Pts',(-46.0494245243497,9.17764566894764,11.3020324215132));
#7469=CARTESIAN_POINT('Ctrl Pts',(-46.7304396866796,9.11652045878041,5.31958560676316));
#7470=CARTESIAN_POINT('Ctrl Pts',(-5.26262043377491,9.49404450651669,46.2762029221376));
#7471=CARTESIAN_POINT('Ctrl Pts',(-11.1869157031206,9.43291929634946,45.6024804606617));
#7472=CARTESIAN_POINT('Ctrl Pts',(-22.7738802248186,9.310668876015,41.953204159971));
#7473=CARTESIAN_POINT('Ctrl Pts',(-34.4849436176671,9.15785585059692,32.2938667102975));
#7474=CARTESIAN_POINT('Ctrl Pts',(-42.8583714518774,9.00504282517883,19.8762097990063));
#7475=CARTESIAN_POINT('Ctrl Pts',(-45.6012297109657,8.91335500992799,11.1920130433557));
#7476=CARTESIAN_POINT('Ctrl Pts',(-46.27561438138,8.85222979976075,5.26779311919699));
#7477=CARTESIAN_POINT('Ctrl Pts',(-5.21091331976196,9.22975384466044,45.8213679048242));
#7478=CARTESIAN_POINT('Ctrl Pts',(-11.0769804551802,9.16862863449321,45.1542650057062));
#7479=CARTESIAN_POINT('Ctrl Pts',(-22.5500592770469,9.04637821415874,41.5408518447971));
#7480=CARTESIAN_POINT('Ctrl Pts',(-34.1460149860032,8.89356518874066,31.9764483326439));
#7481=CARTESIAN_POINT('Ctrl Pts',(-42.4371385830852,8.74075216332258,19.6808371957941));
#7482=CARTESIAN_POINT('Ctrl Pts',(-45.1530349589664,8.64906434807173,11.0819934220117));
#7483=CARTESIAN_POINT('Ctrl Pts',(-45.8207891058505,8.5879391379045,5.21600038463388));
#7484=CARTESIAN_POINT('Ctrl Pts',(-5.15920647610967,8.96546317961067,45.3665328586257));
#7485=CARTESIAN_POINT('Ctrl Pts',(-10.9670454739032,8.90433796944344,44.7060494872604));
#7486=CARTESIAN_POINT('Ctrl Pts',(-22.3262385750917,8.78208754910897,41.1284993983377));
#7487=CARTESIAN_POINT('Ctrl Pts',(-33.8070865442286,8.62927452369089,31.6590297549571));
#7488=CARTESIAN_POINT('Ctrl Pts',(-42.0159058320313,8.47646149827281,19.4854643431759));
#7489=CARTESIAN_POINT('Ctrl Pts',(-44.7048402741079,8.38477368302197,10.9719735348997));
#7490=CARTESIAN_POINT('Ctrl Pts',(-45.3659638629104,8.32364847285473,5.16420738013157));
#7491=CARTESIAN_POINT('Origin',(-45.3843554003193,16.18,4.99999999999999));
#7492=CARTESIAN_POINT('Ctrl Pts',(-5.16420738013821,8.14292162823888,45.3659638629684));
#7493=CARTESIAN_POINT('Ctrl Pts',(-8.06809045752601,8.11235902315526,45.0354020685668));
#7494=CARTESIAN_POINT('Ctrl Pts',(-16.6860378738289,8.02067120790441,43.209923995489));
#7495=CARTESIAN_POINT('Ctrl Pts',(-29.767549880999,7.86785818248634,36.1095780458506));
#7496=CARTESIAN_POINT('Ctrl Pts',(-41.1275527088744,7.68448255198464,22.3234955921671));
#7497=CARTESIAN_POINT('Ctrl Pts',(-44.7060494873176,7.56223213165018,10.9670454739172));
#7498=CARTESIAN_POINT('Ctrl Pts',(-45.3665328586838,7.50110692148294,5.15920647611625));
#7499=CARTESIAN_POINT('Ctrl Pts',(-5.21600038463831,7.87863096320036,45.8207891058892));
#7500=CARTESIAN_POINT('Ctrl Pts',(-8.14899690332967,7.84806835811674,45.4869120324469));
#7501=CARTESIAN_POINT('Ctrl Pts',(-16.8533448825947,7.75638054286589,43.6431287719149));
#7502=CARTESIAN_POINT('Ctrl Pts',(-30.0660058901076,7.60356751744781,36.4715914164061));
#7503=CARTESIAN_POINT('Ctrl Pts',(-41.5398956629662,7.42019188694612,22.5472887940599));
#7504=CARTESIAN_POINT('Ctrl Pts',(-45.1542650057443,7.29794146661165,11.0769804551895));
#7505=CARTESIAN_POINT('Ctrl Pts',(-45.8213679048629,7.23681625644442,5.21091331976634));
#7506=CARTESIAN_POINT('Ctrl Pts',(-5.26779311919922,7.61434030135535,46.2756143813994));
#7507=CARTESIAN_POINT('Ctrl Pts',(-8.2299030812798,7.58377769627173,45.9384220461921));
#7508=CARTESIAN_POINT('Ctrl Pts',(-17.0206516347287,7.49208988102088,44.0763336494533));
#7509=CARTESIAN_POINT('Ctrl Pts',(-30.364461685398,7.3392768556028,36.8336049656836));
#7510=CARTESIAN_POINT('Ctrl Pts',(-41.9522384857882,7.15590122510111,22.7710822417621));
#7511=CARTESIAN_POINT('Ctrl Pts',(-45.6024804606807,7.03365080476665,11.1869157031252));
#7512=CARTESIAN_POINT('Ctrl Pts',(-46.276202922157,6.97252559459942,5.26262043377709));
#7513=CARTESIAN_POINT('Ctrl Pts',(-5.31958560676317,7.35004964234694,46.7304396866795));
#7514=CARTESIAN_POINT('Ctrl Pts',(-8.31080901413818,7.31948703726333,46.3899321055146));
#7515=CARTESIAN_POINT('Ctrl Pts',(-17.1879581520293,7.22779922201248,44.5095386194617));
#7516=CARTESIAN_POINT('Ctrl Pts',(-30.6629172850152,7.0749861965944,37.1956186784506));
#7517=CARTESIAN_POINT('Ctrl Pts',(-42.3645811884554,6.8916105660927,22.9948759143531));
#7518=CARTESIAN_POINT('Ctrl Pts',(-46.0506958574761,6.76936014575824,11.2968511950432));
#7519=CARTESIAN_POINT('Ctrl Pts',(-46.7310379129725,6.70823493559101,5.3143277951593));
#7520=CARTESIAN_POINT('Origin',(60.1127414201234,16.18,4.99999999999999));
#7521=CARTESIAN_POINT('Ctrl Pts',(46.7310379129726,7.50833516553637,5.31432779515921));
#7522=CARTESIAN_POINT('Ctrl Pts',(46.0506958574761,7.44720995536914,11.2968511950431));
#7523=CARTESIAN_POINT('Ctrl Pts',(42.364579330854,7.32495953503467,22.9948757074926));
#7524=CARTESIAN_POINT('Ctrl Pts',(30.6629171539957,7.14158390453297,37.195618762054));
#7525=CARTESIAN_POINT('Ctrl Pts',(17.1879579223462,6.98877087911488,44.5095387254775));
#7526=CARTESIAN_POINT('Ctrl Pts',(8.31080901413827,6.89708306386404,46.3899321055146));
#7527=CARTESIAN_POINT('Ctrl Pts',(5.31958560676326,6.86652045878042,46.7304396866796));
#7528=CARTESIAN_POINT('Ctrl Pts',(46.2762029221377,7.24404450651671,5.26262043377481));
#7529=CARTESIAN_POINT('Ctrl Pts',(45.6024804606617,7.18291929634948,11.1869157031204));
#7530=CARTESIAN_POINT('Ctrl Pts',(41.9522366462493,7.06066887601501,22.7710820369048));
#7531=CARTESIAN_POINT('Ctrl Pts',(30.364461555641,6.87729324551331,36.8336050484578));
#7532=CARTESIAN_POINT('Ctrl Pts',(17.0206514072739,6.72448022009523,44.0763337544188));
#7533=CARTESIAN_POINT('Ctrl Pts',(8.22990308127645,6.63279240484438,45.9384220461729));
#7534=CARTESIAN_POINT('Ctrl Pts',(5.2677931191971,6.60222979976076,46.27561438138));
#7535=CARTESIAN_POINT('Ctrl Pts',(45.8213679048242,6.97975384466045,5.21091331976186));
#7536=CARTESIAN_POINT('Ctrl Pts',(45.1542650057063,6.91862863449322,11.07698045518));
#7537=CARTESIAN_POINT('Ctrl Pts',(41.5398938414898,6.79637821415875,22.5472885912057));
#7538=CARTESIAN_POINT('Ctrl Pts',(30.0660057616131,6.61300258365705,36.4715914983512));
#7539=CARTESIAN_POINT('Ctrl Pts',(16.8533446573682,6.46018955823897,43.64312887583));
#7540=CARTESIAN_POINT('Ctrl Pts',(8.14899690332286,6.36850174298812,45.4869120324084));
#7541=CARTESIAN_POINT('Ctrl Pts',(5.21600038463398,6.3379391379045,45.8207891058505));
#7542=CARTESIAN_POINT('Ctrl Pts',(45.3665328586257,6.71546317961068,5.15920647610957));
#7543=CARTESIAN_POINT('Ctrl Pts',(44.7060494872605,6.65433796944344,10.9670454739031));
#7544=CARTESIAN_POINT('Ctrl Pts',(41.1275509054607,6.53208754910897,22.3234953913161));
#7545=CARTESIAN_POINT('Ctrl Pts',(29.767549753767,6.34871191860728,36.1095781269665));
#7546=CARTESIAN_POINT('Ctrl Pts',(16.6860376508308,6.19589889318919,43.2099240983537));
#7547=CARTESIAN_POINT('Ctrl Pts',(8.06809045751575,6.10421107793834,45.0354020685091));
#7548=CARTESIAN_POINT('Ctrl Pts',(5.16420738013167,6.07364847285473,45.3659638629104));
#7549=CARTESIAN_POINT('Ctrl Pts',(41.2260343730632,16.18,-8.88178419700125E-15));
#7550=CARTESIAN_POINT('Ctrl Pts',(41.2260343730629,16.1799999999997,41.2260343730632));
#7551=CARTESIAN_POINT('Ctrl Pts',(-2.83106871279415E-13,16.1799999999997,
41.2260343730629));
#7552=CARTESIAN_POINT('Ctrl Pts',(-41.2260343730635,16.1799999999997,41.2260343730626));
#7553=CARTESIAN_POINT('Ctrl Pts',(-41.2260343730632,16.18,-5.77315972805081E-13));
#7554=CARTESIAN_POINT('Ctrl Pts',(-41.2260343730629,16.1800000000003,-41.2260343730638));
#7555=CARTESIAN_POINT('Ctrl Pts',(2.85327317328665E-13,16.1800000000003,
-41.2260343730635));
#7556=CARTESIAN_POINT('Ctrl Pts',(41.2260343730635,16.1800000000003,-41.2260343730632));
#7557=CARTESIAN_POINT('Ctrl Pts',(41.2260343730632,16.18,-8.88178419700125E-15));
#7558=CARTESIAN_POINT('Ctrl Pts',(41.5410787426401,16.0802699384044,-8.88178419700125E-15));
#7559=CARTESIAN_POINT('Ctrl Pts',(41.5410787426399,16.0802699384042,41.5410787426401));
#7560=CARTESIAN_POINT('Ctrl Pts',(-2.83106871279415E-13,16.0802699384042,
41.5410787426398));
#7561=CARTESIAN_POINT('Ctrl Pts',(-41.5410787426404,16.0802699384042,41.5410787426396));
#7562=CARTESIAN_POINT('Ctrl Pts',(-41.5410787426401,16.0802699384044,-5.79536418854332E-13));
#7563=CARTESIAN_POINT('Ctrl Pts',(-41.5410787426399,16.0802699384047,-41.5410787426407));
#7564=CARTESIAN_POINT('Ctrl Pts',(2.85327317328665E-13,16.0802699384047,
-41.5410787426404));
#7565=CARTESIAN_POINT('Ctrl Pts',(41.5410787426404,16.0802699384047,-41.5410787426401));
#7566=CARTESIAN_POINT('Ctrl Pts',(41.5410787426401,16.0802699384044,-8.88178419700125E-15));
#7567=CARTESIAN_POINT('Ctrl Pts',(42.1451666237787,15.8687111523879,-9.43689570931383E-15));
#7568=CARTESIAN_POINT('Ctrl Pts',(42.1451666237785,15.8687111523876,42.1451666237787));
#7569=CARTESIAN_POINT('Ctrl Pts',(-2.83106871279415E-13,15.8687111523876,
42.1451666237785));
#7570=CARTESIAN_POINT('Ctrl Pts',(-42.145166623779,15.8687111523876,42.1451666237782));
#7571=CARTESIAN_POINT('Ctrl Pts',(-42.1451666237787,15.8687111523879,-5.81201753391269E-13));
#7572=CARTESIAN_POINT('Ctrl Pts',(-42.1451666237785,15.8687111523882,-42.1451666237793));
#7573=CARTESIAN_POINT('Ctrl Pts',(2.85327317328665E-13,15.8687111523882,
-42.145166623779));
#7574=CARTESIAN_POINT('Ctrl Pts',(42.145166623779,15.8687111523882,-42.1451666237787));
#7575=CARTESIAN_POINT('Ctrl Pts',(42.1451666237787,15.8687111523879,-9.43689570931383E-15));
#7576=CARTESIAN_POINT('Ctrl Pts',(42.9733525319707,15.51509528255,-9.43689570931383E-15));
#7577=CARTESIAN_POINT('Ctrl Pts',(42.9733525319704,15.5150952825497,42.9733525319706));
#7578=CARTESIAN_POINT('Ctrl Pts',(-2.83106871279415E-13,15.5150952825497,
42.9733525319703));
#7579=CARTESIAN_POINT('Ctrl Pts',(-42.9733525319709,15.5150952825497,42.9733525319701));
#7580=CARTESIAN_POINT('Ctrl Pts',(-42.9733525319706,15.51509528255,-5.8564264548977E-13));
#7581=CARTESIAN_POINT('Ctrl Pts',(-42.9733525319703,15.5150952825503,-42.9733525319712));
#7582=CARTESIAN_POINT('Ctrl Pts',(2.85327317328665E-13,15.5150952825503,
-42.973352531971));
#7583=CARTESIAN_POINT('Ctrl Pts',(42.9733525319709,15.5150952825503,-42.9733525319707));
#7584=CARTESIAN_POINT('Ctrl Pts',(42.9733525319707,15.51509528255,-9.43689570931383E-15));
#7585=CARTESIAN_POINT('Ctrl Pts',(43.9315210195313,14.9686377686459,-9.99200722162641E-15));
#7586=CARTESIAN_POINT('Ctrl Pts',(43.931521019531,14.9686377686456,43.9315210195313));
#7587=CARTESIAN_POINT('Ctrl Pts',(-2.83106871279415E-13,14.9686377686456,
43.931521019531));
#7588=CARTESIAN_POINT('Ctrl Pts',(-43.9315210195316,14.9686377686456,43.9315210195307));
#7589=CARTESIAN_POINT('Ctrl Pts',(-43.9315210195313,14.9686377686459,-5.92859095149834E-13));
#7590=CARTESIAN_POINT('Ctrl Pts',(-43.931521019531,14.9686377686462,-43.9315210195319));
#7591=CARTESIAN_POINT('Ctrl Pts',(2.85327317328665E-13,14.9686377686462,
-43.9315210195316));
#7592=CARTESIAN_POINT('Ctrl Pts',(43.9315210195316,14.9686377686462,-43.9315210195313));
#7593=CARTESIAN_POINT('Ctrl Pts',(43.9315210195313,14.9686377686459,-9.99200722162641E-15));
#7594=CARTESIAN_POINT('Ctrl Pts',(44.8844230328755,14.1144769627015,-1.11022302462516E-14));
#7595=CARTESIAN_POINT('Ctrl Pts',(44.8844230328752,14.1144769627012,44.8844230328755));
#7596=CARTESIAN_POINT('Ctrl Pts',(-2.83106871279415E-13,14.1144769627012,
44.8844230328752));
#7597=CARTESIAN_POINT('Ctrl Pts',(-44.8844230328758,14.1144769627012,44.8844230328749));
#7598=CARTESIAN_POINT('Ctrl Pts',(-44.8844230328756,14.1144769627015,-6.0285110237146E-13));
#7599=CARTESIAN_POINT('Ctrl Pts',(-44.8844230328752,14.1144769627018,-44.8844230328761));
#7600=CARTESIAN_POINT('Ctrl Pts',(2.85327317328665E-13,14.1144769627018,
-44.8844230328758));
#7601=CARTESIAN_POINT('Ctrl Pts',(44.8844230328758,14.1144769627018,-44.8844230328755));
#7602=CARTESIAN_POINT('Ctrl Pts',(44.8844230328755,14.1144769627015,-1.11022302462516E-14));
#7603=CARTESIAN_POINT('Ctrl Pts',(45.4049074703066,13.2178858692608,-1.16573417585641E-14));
#7604=CARTESIAN_POINT('Ctrl Pts',(45.4049074703063,13.2178858692605,45.4049074703065));
#7605=CARTESIAN_POINT('Ctrl Pts',(-2.83106871279415E-13,13.2178858692605,
45.4049074703062));
#7606=CARTESIAN_POINT('Ctrl Pts',(-45.4049074703068,13.2178858692605,45.4049074703059));
#7607=CARTESIAN_POINT('Ctrl Pts',(-45.4049074703066,13.2178858692608,-6.13398221105399E-13));
#7608=CARTESIAN_POINT('Ctrl Pts',(-45.4049074703062,13.2178858692611,-45.4049074703072));
#7609=CARTESIAN_POINT('Ctrl Pts',(2.85327317328665E-13,13.2178858692611,
-45.4049074703069));
#7610=CARTESIAN_POINT('Ctrl Pts',(45.4049074703068,13.2178858692611,-45.4049074703066));
#7611=CARTESIAN_POINT('Ctrl Pts',(45.4049074703066,13.2178858692608,-1.16573417585641E-14));
#7612=CARTESIAN_POINT('Ctrl Pts',(45.6127387325844,12.3680056445961,-1.22124532708767E-14));
#7613=CARTESIAN_POINT('Ctrl Pts',(45.6127387325841,12.3680056445958,45.6127387325844));
#7614=CARTESIAN_POINT('Ctrl Pts',(-3.1863400806742E-13,12.3680056445958,
45.6127387325841));
#7615=CARTESIAN_POINT('Ctrl Pts',(-45.6127387325847,12.3680056445958,45.6127387325838));
#7616=CARTESIAN_POINT('Ctrl Pts',(-45.6127387325844,12.3680056445961,-6.23945339839338E-13));
#7617=CARTESIAN_POINT('Ctrl Pts',(-45.6127387325841,12.3680056445964,-45.612738732585));
#7618=CARTESIAN_POINT('Ctrl Pts',(3.2085445411667E-13,12.3680056445964,
-45.6127387325848));
#7619=CARTESIAN_POINT('Ctrl Pts',(45.6127387325848,12.3680056445964,-45.6127387325844));
#7620=CARTESIAN_POINT('Ctrl Pts',(45.6127387325844,12.3680056445961,-1.22124532708767E-14));
#7621=CARTESIAN_POINT('Ctrl Pts',(45.65895,11.710162979505,-1.27675647831893E-14));
#7622=CARTESIAN_POINT('Ctrl Pts',(45.6589499999997,11.7101629795047,45.65895));
#7623=CARTESIAN_POINT('Ctrl Pts',(-3.1863400806742E-13,11.7101629795047,
45.6589499999997));
#7624=CARTESIAN_POINT('Ctrl Pts',(-45.6589500000003,11.7101629795047,45.6589499999993));
#7625=CARTESIAN_POINT('Ctrl Pts',(-45.65895,11.710162979505,-6.32272012524027E-13));
#7626=CARTESIAN_POINT('Ctrl Pts',(-45.6589499999996,11.7101629795053,-45.6589500000006));
#7627=CARTESIAN_POINT('Ctrl Pts',(3.2085445411667E-13,11.7101629795053,
-45.6589500000003));
#7628=CARTESIAN_POINT('Ctrl Pts',(45.6589500000003,11.7101629795053,-45.65895));
#7629=CARTESIAN_POINT('Ctrl Pts',(45.65895,11.710162979505,-1.27675647831893E-14));
#7630=CARTESIAN_POINT('Ctrl Pts',(45.65895,11.3584072551076,-1.33226762955019E-14));
#7631=CARTESIAN_POINT('Ctrl Pts',(45.6589499999997,11.3584072551073,45.6589499999999));
#7632=CARTESIAN_POINT('Ctrl Pts',(-3.1863400806742E-13,11.3584072551073,
45.6589499999996));
#7633=CARTESIAN_POINT('Ctrl Pts',(-45.6589500000003,11.3584072551073,45.6589499999993));
#7634=CARTESIAN_POINT('Ctrl Pts',(-45.65895,11.3584072551076,-6.36157793110215E-13));
#7635=CARTESIAN_POINT('Ctrl Pts',(-45.6589499999996,11.3584072551079,-45.6589500000006));
#7636=CARTESIAN_POINT('Ctrl Pts',(3.2085445411667E-13,11.3584072551079,
-45.6589500000003));
#7637=CARTESIAN_POINT('Ctrl Pts',(45.6589500000003,11.3584072551079,-45.65895));
#7638=CARTESIAN_POINT('Ctrl Pts',(45.65895,11.3584072551076,-1.33226762955019E-14));
#7639=CARTESIAN_POINT('',(41.2260343730632,16.18,-8.88178419700125E-15));
#7640=CARTESIAN_POINT('Ctrl Pts',(45.65895,11.3584072551076,-1.33226762955019E-14));
#7641=CARTESIAN_POINT('Ctrl Pts',(45.65895,11.710162979505,-1.27675647831893E-14));
#7642=CARTESIAN_POINT('Ctrl Pts',(45.6127387325844,12.3680056445961,-1.22124532708767E-14));
#7643=CARTESIAN_POINT('Ctrl Pts',(45.4049074703066,13.2178858692608,-1.16573417585641E-14));
#7644=CARTESIAN_POINT('Ctrl Pts',(44.8844230328755,14.1144769627015,-1.11022302462516E-14));
#7645=CARTESIAN_POINT('Ctrl Pts',(43.9315210195313,14.9686377686459,-9.99200722162641E-15));
#7646=CARTESIAN_POINT('Ctrl Pts',(42.9733525319707,15.51509528255,-9.43689570931383E-15));
#7647=CARTESIAN_POINT('Ctrl Pts',(42.1451666237787,15.8687111523879,-9.43689570931383E-15));
#7648=CARTESIAN_POINT('Ctrl Pts',(41.5410787426401,16.0802699384044,-8.88178419700125E-15));
#7649=CARTESIAN_POINT('Ctrl Pts',(41.2260343730632,16.18,-8.88178419700125E-15));
#7650=CARTESIAN_POINT('Origin',(1.11022302462516E-15,16.18,-2.93098878501041E-13));
#7651=CARTESIAN_POINT('Origin',(-0.264703398188323,12.958,-16.0919758026857));
#7652=CARTESIAN_POINT('',(22.7109989058476,12.958,-7.09197566857523));
#7653=CARTESIAN_POINT('',(22.7109989058476,12.958,-25.0919759367961));
#7654=CARTESIAN_POINT('Origin',(22.7109989058476,12.958,-16.0919758026857));
#7655=CARTESIAN_POINT('',(-23.2404057022243,12.958,-7.09197566857523));
#7656=CARTESIAN_POINT('',(-23.2404057022243,12.958,-7.09197566857523));
#7657=CARTESIAN_POINT('',(-23.2404057022243,12.958,-25.0919759367961));
#7658=CARTESIAN_POINT('Origin',(-23.2404057022243,12.958,-16.0919758026857));
#7659=CARTESIAN_POINT('',(22.7109989058476,12.958,-25.0919759367961));
#7660=CARTESIAN_POINT('Origin',(22.7109989058476,4.44089209850063E-15,-25.0919759367961));
#7661=CARTESIAN_POINT('',(22.7109989058476,0.999999999999999,-25.0919759367961));
#7662=CARTESIAN_POINT('',(-23.2404057022243,1.,-25.0919759367961));
#7663=CARTESIAN_POINT('',(11.3554994529238,1.,-25.0919759367961));
#7664=CARTESIAN_POINT('',(22.7109989058476,4.44089209850063E-15,-25.0919759367961));
#7665=CARTESIAN_POINT('',(-23.2404057022243,4.44089209850063E-15,-25.0919759367961));
#7666=CARTESIAN_POINT('Origin',(-23.2404057022243,3.33066907387547E-15,
-16.0919758026857));
#7667=CARTESIAN_POINT('',(-23.2404057022243,1.,-7.09197566857523));
#7668=CARTESIAN_POINT('Origin',(-23.2404057022243,0.999999999999998,-16.0919758026857));
#7669=CARTESIAN_POINT('',(-23.2404057022243,2.22044604925031E-15,-7.09197566857523));
#7670=CARTESIAN_POINT('Origin',(-0.264703398188323,12.958,16.0919758026857));
#7671=CARTESIAN_POINT('',(-23.2404057022243,12.958,7.09197566857521));
#7672=CARTESIAN_POINT('',(-23.2404057022243,12.958,25.0919759367961));
#7673=CARTESIAN_POINT('Origin',(-23.2404057022243,12.958,16.0919758026857));
#7674=CARTESIAN_POINT('',(22.7109989058476,12.958,7.09197566857521));
#7675=CARTESIAN_POINT('',(-23.2404057022243,12.958,7.09197566857521));
#7676=CARTESIAN_POINT('',(22.7109989058476,12.958,25.0919759367961));
#7677=CARTESIAN_POINT('Origin',(22.7109989058476,12.958,16.0919758026857));
#7678=CARTESIAN_POINT('',(22.7109989058476,12.958,25.0919759367961));
#7679=CARTESIAN_POINT('Origin',(-23.2404057022243,-3.33066907387547E-15,
25.0919759367961));
#7680=CARTESIAN_POINT('',(-23.2404057022243,1.,25.0919759367961));
#7681=CARTESIAN_POINT('',(22.7109989058476,0.999999999999995,25.0919759367961));
#7682=CARTESIAN_POINT('',(-11.6202028511121,0.999999999999995,25.0919759367961));
#7683=CARTESIAN_POINT('',(-23.2404057022243,-3.33066907387547E-15,25.0919759367961));
#7684=CARTESIAN_POINT('',(22.7109989058476,-3.33066907387547E-15,25.0919759367961));
#7685=CARTESIAN_POINT('Origin',(22.7109989058476,-2.22044604925031E-15,
16.0919758026857));
#7686=CARTESIAN_POINT('',(22.7109989058476,1.,7.09197566857521));
#7687=CARTESIAN_POINT('Origin',(22.7109989058476,1.,16.0919758026857));
#7688=CARTESIAN_POINT('',(22.7109989058476,-1.11022302462516E-15,7.09197566857521));
#7689=CARTESIAN_POINT('Origin',(1.11022302462516E-15,16.18,-1.38777878078145E-14));
#7690=CARTESIAN_POINT('Origin',(-23.2404057022243,2.22044604925031E-15,
-7.09197566857523));
#7691=CARTESIAN_POINT('',(22.7109989058476,1.,-7.09197566857523));
#7692=CARTESIAN_POINT('',(-11.6202028511121,1.,-7.09197566857523));
#7693=CARTESIAN_POINT('',(22.7109989058476,2.22044604925031E-15,-7.09197566857523));
#7694=CARTESIAN_POINT('Origin',(22.7109989058476,3.33066907387547E-15,-16.0919758026857));
#7695=CARTESIAN_POINT('Origin',(22.7109989058476,0.999999999999998,-16.0919758026857));
#7696=CARTESIAN_POINT('Origin',(-23.2404057022243,0.5,-16.0919758026857));
#7697=CARTESIAN_POINT('',(-23.2404057022243,1.11022302462516E-15,-6.09197566857523));
#7698=CARTESIAN_POINT('',(-23.2404057022243,1.11022302462516E-15,-6.09197566857523));
#7699=CARTESIAN_POINT('',(-23.2404057022243,4.44089209850063E-15,-26.0919759367961));
#7700=CARTESIAN_POINT('Origin',(-23.2404057022243,2.22044604925031E-15,
-16.0919758026857));
#7701=CARTESIAN_POINT('',(-23.2404057022243,1.,-25.0919759367961));
#7702=CARTESIAN_POINT('Origin',(11.3554994529238,0.500000000000005,-25.5919759367961));
#7703=CARTESIAN_POINT('',(22.7109989058476,4.44089209850063E-15,-26.0919759367961));
#7704=CARTESIAN_POINT('',(11.3554994529238,4.44089209850063E-15,-26.0919759367961));
#7705=CARTESIAN_POINT('',(22.7109989058476,0.999999999999999,-25.0919759367961));
#7706=CARTESIAN_POINT('Origin',(22.7109989058476,0.5,-16.0919758026857));
#7707=CARTESIAN_POINT('',(22.7109989058476,1.11022302462516E-15,-6.09197566857523));
#7708=CARTESIAN_POINT('Origin',(22.7109989058476,2.22044604925031E-15,-16.0919758026857));
#7709=CARTESIAN_POINT('',(22.7109989058476,1.,-7.09197566857523));
#7710=CARTESIAN_POINT('Origin',(-11.6202028511121,0.5,-6.59197566857523));
#7711=CARTESIAN_POINT('',(-11.6202028511121,1.11022302462516E-15,-6.09197566857523));
#7712=CARTESIAN_POINT('Origin',(22.7109989058476,-1.11022302462516E-15,
7.09197566857521));
#7713=CARTESIAN_POINT('',(-23.2404057022243,1.,7.09197566857521));
#7714=CARTESIAN_POINT('',(11.3554994529238,1.,7.09197566857521));
#7715=CARTESIAN_POINT('',(-23.2404057022243,-1.11022302462516E-15,7.09197566857521));
#7716=CARTESIAN_POINT('Origin',(-23.2404057022243,-2.22044604925031E-15,
16.0919758026857));
#7717=CARTESIAN_POINT('Origin',(-23.2404057022243,1.,16.0919758026857));
#7718=CARTESIAN_POINT('Origin',(22.7109989058476,0.5,16.0919758026857));
#7719=CARTESIAN_POINT('',(22.7109989058476,-1.11022302462516E-15,6.09197566857521));
#7720=CARTESIAN_POINT('',(22.7109989058476,-1.11022302462516E-15,6.09197566857521));
#7721=CARTESIAN_POINT('',(22.7109989058476,-4.44089209850063E-15,26.0919759367961));
#7722=CARTESIAN_POINT('Origin',(22.7109989058476,-2.22044604925031E-15,
16.0919758026857));
#7723=CARTESIAN_POINT('',(22.7109989058476,0.999999999999995,25.0919759367961));
#7724=CARTESIAN_POINT('Origin',(-11.6202028511121,0.499999999999996,25.5919759367961));
#7725=CARTESIAN_POINT('',(-23.2404057022243,-4.44089209850063E-15,26.0919759367961));
#7726=CARTESIAN_POINT('',(-11.6202028511121,-4.44089209850063E-15,26.0919759367961));
#7727=CARTESIAN_POINT('',(-23.2404057022243,1.,25.0919759367961));
#7728=CARTESIAN_POINT('Origin',(-23.2404057022243,0.5,16.0919758026857));
#7729=CARTESIAN_POINT('',(-23.2404057022243,-1.11022302462516E-15,6.09197566857521));
#7730=CARTESIAN_POINT('Origin',(-23.2404057022243,-2.22044604925031E-15,
16.0919758026857));
#7731=CARTESIAN_POINT('',(-23.2404057022243,1.,7.09197566857521));
#7732=CARTESIAN_POINT('Origin',(11.3554994529238,0.499999999999999,6.59197566857521));
#7733=CARTESIAN_POINT('',(11.3554994529238,-1.11022302462516E-15,6.09197566857521));
#7734=CARTESIAN_POINT('Origin',(1.11022302462516E-15,0.,-1.66533453693773E-14));
#7735=CARTESIAN_POINT('Origin',(-60.1127414201234,16.18,-5.00000000000001));
#7736=CARTESIAN_POINT('Ctrl Pts',(-46.7310379129725,9.00833516553635,-5.31432779515924));
#7737=CARTESIAN_POINT('Ctrl Pts',(-46.3908668852243,8.97777256045273,-8.3055894951012));
#7738=CARTESIAN_POINT('Ctrl Pts',(-44.5114733009051,8.88608474520189,-17.1829477441255));
#7739=CARTESIAN_POINT('Ctrl Pts',(-37.1990692803373,8.73327171978381,-30.6587306849824));
#7740=CARTESIAN_POINT('Ctrl Pts',(-22.9996401897118,8.54989608928211,-42.3619744389948));
#7741=CARTESIAN_POINT('Ctrl Pts',(-11.3020324215133,8.42764566894765,-46.0494245243497));
#7742=CARTESIAN_POINT('Ctrl Pts',(-5.31958560676325,8.36652045878041,-46.7304396866795));
#7743=CARTESIAN_POINT('Ctrl Pts',(-46.2762029221376,8.7440445065167,-5.26262043377483));
#7744=CARTESIAN_POINT('Ctrl Pts',(-45.9393416913997,8.71348190143308,-8.22476806844767));
#7745=CARTESIAN_POINT('Ctrl Pts',(-44.0782370146481,8.62179408618224,-17.0157223319276));
#7746=CARTESIAN_POINT('Ctrl Pts',(-36.8369997064286,8.46898106076416,-30.3603428590167));
#7747=CARTESIAN_POINT('Ctrl Pts',(-22.7757693676597,8.28560543026246,-41.9496738163009));
#7748=CARTESIAN_POINT('Ctrl Pts',(-11.1920130433558,8.163355009928,-45.6012297109657));
#7749=CARTESIAN_POINT('Ctrl Pts',(-5.26779311919709,8.10222979976076,-46.27561438138));
#7750=CARTESIAN_POINT('Ctrl Pts',(-45.8213679048242,8.47975384466045,-5.21091331976189));
#7751=CARTESIAN_POINT('Ctrl Pts',(-45.4878164552652,8.44919123957683,-8.143946887471));
#7752=CARTESIAN_POINT('Ctrl Pts',(-43.6450006390562,8.35750342432599,-16.8484971557734));
#7753=CARTESIAN_POINT('Ctrl Pts',(-36.4749299716503,8.2046903989079,-30.0619552308837));
#7754=CARTESIAN_POINT('Ctrl Pts',(-22.5518983223387,8.02131476840621,-41.5373733167456));
#7755=CARTESIAN_POINT('Ctrl Pts',(-11.0819934220117,7.89906434807174,-45.1530349589664));
#7756=CARTESIAN_POINT('Ctrl Pts',(-5.21600038463397,7.83793913790451,-45.8207891058505));
#7757=CARTESIAN_POINT('Ctrl Pts',(-45.3665328586257,8.21546317961068,-5.15920647610961));
#7758=CARTESIAN_POINT('Ctrl Pts',(-45.0362911729431,8.18490057452706,-8.06312597500639));
#7759=CARTESIAN_POINT('Ctrl Pts',(-43.2117641658802,8.09321275927622,-16.6812722376133));
#7760=CARTESIAN_POINT('Ctrl Pts',(-36.1128600610986,7.94039973385813,-29.7635678189993));
#7761=CARTESIAN_POINT('Ctrl Pts',(-22.3280270330316,7.75702410335644,-41.1250729518179));
#7762=CARTESIAN_POINT('Ctrl Pts',(-10.9719735348998,7.63477368302198,-44.7048402741079));
#7763=CARTESIAN_POINT('Ctrl Pts',(-5.16420738013166,7.57364847285474,-45.3659638629104));
#7764=UNCERTAINTY_MEASURE_WITH_UNIT(LENGTH_MEASURE(0.01),#7768,
'DISTANCE_ACCURACY_VALUE',
'Maximum model space distance between geometric entities at asserted c
onnectivities');
#7765=UNCERTAINTY_MEASURE_WITH_UNIT(LENGTH_MEASURE(0.01),#7768,
'DISTANCE_ACCURACY_VALUE',
'Maximum model space distance between geometric entities at asserted c
onnectivities');
#7766=(
GEOMETRIC_REPRESENTATION_CONTEXT(3)
GLOBAL_UNCERTAINTY_ASSIGNED_CONTEXT((#7764))
GLOBAL_UNIT_ASSIGNED_CONTEXT((#7768,#7770,#7771))
REPRESENTATION_CONTEXT('','3D')
);
#7767=(
GEOMETRIC_REPRESENTATION_CONTEXT(3)
GLOBAL_UNCERTAINTY_ASSIGNED_CONTEXT((#7765))
GLOBAL_UNIT_ASSIGNED_CONTEXT((#7768,#7770,#7771))
REPRESENTATION_CONTEXT('','3D')
);
#7768=(
LENGTH_UNIT()
NAMED_UNIT(*)
SI_UNIT(.MILLI.,.METRE.)
);
#7769=(
LENGTH_UNIT()
NAMED_UNIT(*)
SI_UNIT($,.METRE.)
);
#7770=(
NAMED_UNIT(*)
PLANE_ANGLE_UNIT()
SI_UNIT($,.RADIAN.)
);
#7771=(
NAMED_UNIT(*)
SI_UNIT($,.STERADIAN.)
SOLID_ANGLE_UNIT()
);
#7772=SHAPE_DEFINITION_REPRESENTATION(#7773,#7774);
#7773=PRODUCT_DEFINITION_SHAPE('',$,#7776);
#7774=SHAPE_REPRESENTATION('',(#2412),#7766);
#7775=PRODUCT_DEFINITION_CONTEXT('part definition',#7780,'design');
#7776=PRODUCT_DEFINITION('Boden_Innengewinde','Boden_Innengewinde',#7777,
#7775);
#7777=PRODUCT_DEFINITION_FORMATION('',$,#7782);
#7778=PRODUCT_RELATED_PRODUCT_CATEGORY('Boden_Innengewinde',
'Boden_Innengewinde',(#7782));
#7779=APPLICATION_PROTOCOL_DEFINITION('international standard',
'automotive_design',2009,#7780);
#7780=APPLICATION_CONTEXT(
'Core Data for Automotive Mechanical Design Process');
#7781=PRODUCT_CONTEXT('part definition',#7780,'mechanical');
#7782=PRODUCT('Boden_Innengewinde','Boden_Innengewinde',$,(#7781));
#7783=PRESENTATION_STYLE_ASSIGNMENT((#7785));
#7784=PRESENTATION_STYLE_ASSIGNMENT((#7786));
#7785=SURFACE_STYLE_USAGE(.BOTH.,#7787);
#7786=SURFACE_STYLE_USAGE(.BOTH.,#7788);
#7787=SURFACE_SIDE_STYLE('',(#7789));
#7788=SURFACE_SIDE_STYLE('',(#7790));
#7789=SURFACE_STYLE_FILL_AREA(#7791);
#7790=SURFACE_STYLE_FILL_AREA(#7792);
#7791=FILL_AREA_STYLE('Steel - Satin',(#7793));
#7792=FILL_AREA_STYLE('Plastic - Translucent Glossy (Blue)',(#7794));
#7793=FILL_AREA_STYLE_COLOUR('Steel - Satin',#7795);
#7794=FILL_AREA_STYLE_COLOUR('Plastic - Translucent Glossy (Blue)',#7796);
#7795=COLOUR_RGB('Steel - Satin',0.627450980392157,0.627450980392157,0.627450980392157);
#7796=COLOUR_RGB('Plastic - Translucent Glossy (Blue)',0.752941176470588,
0.43921568627451,0.886274509803922);
ENDSEC;
END-ISO-10303-21;
