ISO-10303-21;
HEADER;
/* Generated by software containing ST-Developer
 * from STEP Tools, Inc. (www.steptools.com) 
 */

FILE_DESCRIPTION(
/* description */ (''),
/* implementation_level */ '2;1');

FILE_NAME(
/* name */ '20250626_Akkuadapter.step',
/* time_stamp */ '2026-06-26T18:49:52+02:00',
/* author */ (''),
/* organization */ (''),
/* preprocessor_version */ 'ST-DEVELOPER v20.1',
/* originating_system */ 'Autodesk Translation Framework v15.8.0.0',
/* authorisation */ '');

FILE_SCHEMA (('AUTOMOTIVE_DESIGN { 1 0 10303 214 3 1 1 }'));
ENDSEC;

DATA;
#10=MECHANICAL_DESIGN_GEOMETRIC_PRESENTATION_REPRESENTATION('',(#13),#15030);
#11=SHAPE_REPRESENTATION_RELATIONSHIP('SRR','None',#15037,#12);
#12=ADVANCED_BREP_SHAPE_REPRESENTATION('',(#14),#15029);
#13=STYLED_ITEM('',(#15047),#14);
#14=MANIFOLD_SOLID_BREP('Akkuadapter',#7713);
#15=(
BOUNDED_SURFACE()
B_SPLINE_SURFACE(3,1,((#11142,#11143),(#11144,#11145),(#11146,#11147),(#11148,
#11149),(#11150,#11151),(#11152,#11153),(#11154,#11155),(#11156,#11157),
(#11158,#11159),(#11160,#11161),(#11162,#11163),(#11164,#11165),(#11166,
#11167),(#11168,#11169),(#11170,#11171),(#11172,#11173),(#11174,#11175),
(#11176,#11177),(#11178,#11179),(#11180,#11181),(#11182,#11183),(#11184,
#11185),(#11186,#11187),(#11188,#11189)),.UNSPECIFIED.,.F.,.F.,.F.)
B_SPLINE_SURFACE_WITH_KNOTS((4,2,2,2,2,2,2,2,2,2,2,4),(2,2),(-3.18106563265287,
-3.14487944115952,-2.92426399416431,-2.71147168449508,-2.52238048002888,
-2.34268036155556,-2.16021831537737,-2.0484039739641,-1.90531078466014,
-1.84691958035923,-1.74522195408244,-1.60596901570114),(-0.6,0.7071),
 .UNSPECIFIED.)
GEOMETRIC_REPRESENTATION_ITEM()
RATIONAL_B_SPLINE_SURFACE(((1.,1.),(1.,1.),(1.,1.),(1.,1.),(1.,1.),(1.,
1.),(1.,1.),(1.,1.),(1.,1.),(1.,1.),(1.,1.),(1.,1.),(1.,1.),(1.,1.),(1.,
1.),(1.,1.),(1.,1.),(1.,1.),(1.,1.),(1.,1.),(1.,1.),(1.,1.),(1.,1.),(1.,
1.)))
REPRESENTATION_ITEM('')
SURFACE()
);
#16=(
BOUNDED_SURFACE()
B_SPLINE_SURFACE(5,1,((#11522,#11523),(#11524,#11525),(#11526,#11527),(#11528,
#11529),(#11530,#11531),(#11532,#11533),(#11534,#11535),(#11536,#11537),
(#11538,#11539),(#11540,#11541),(#11542,#11543),(#11544,#11545),(#11546,
#11547),(#11548,#11549),(#11550,#11551),(#11552,#11553),(#11554,#11555),
(#11556,#11557),(#11558,#11559),(#11560,#11561)),.UNSPECIFIED.,.F.,.F.,
 .F.)
B_SPLINE_SURFACE_WITH_KNOTS((6,5,1,1,1,1,1,1,1,1,1,6),(2,2),(-3.05137158514616,
-1.,-0.9,-0.8,-0.7,-0.6,-0.5,-0.4,-0.3,-0.2,-0.1,0.),(-0.205199956893921,
3.28399956226349),.UNSPECIFIED.)
GEOMETRIC_REPRESENTATION_ITEM()
RATIONAL_B_SPLINE_SURFACE(((1.,1.),(1.,1.),(1.,1.),(1.,1.),(1.,1.),(1.,
1.),(1.,1.),(1.,1.),(1.,1.),(1.,1.),(1.,1.),(1.,1.),(1.,1.),(1.,1.),(1.,
1.),(1.,1.),(1.,1.),(1.,1.),(1.,1.),(1.,1.)))
REPRESENTATION_ITEM('')
SURFACE()
);
#17=(
BOUNDED_SURFACE()
B_SPLINE_SURFACE(5,1,((#11637,#11638),(#11639,#11640),(#11641,#11642),(#11643,
#11644),(#11645,#11646),(#11647,#11648),(#11649,#11650),(#11651,#11652),
(#11653,#11654),(#11655,#11656),(#11657,#11658),(#11659,#11660),(#11661,
#11662)),.UNSPECIFIED.,.F.,.F.,.F.)
B_SPLINE_SURFACE_WITH_KNOTS((6,1,1,5,6),(2,2),(-1.,-0.9,-0.8,-0.728629003094768,
-0.682790584143187),(0.,1.74101785272838),.UNSPECIFIED.)
GEOMETRIC_REPRESENTATION_ITEM()
RATIONAL_B_SPLINE_SURFACE(((1.,1.),(1.,1.),(1.,1.),(1.,1.),(1.,1.),(1.,
1.),(1.,1.),(1.,1.),(1.,1.),(1.,1.),(1.,1.),(1.,1.),(1.,1.)))
REPRESENTATION_ITEM('')
SURFACE()
);
#18=(
BOUNDED_SURFACE()
B_SPLINE_SURFACE(5,1,((#12166,#12167),(#12168,#12169),(#12170,#12171),(#12172,
#12173),(#12174,#12175),(#12176,#12177),(#12178,#12179),(#12180,#12181),
(#12182,#12183),(#12184,#12185),(#12186,#12187),(#12188,#12189),(#12190,
#12191)),.UNSPECIFIED.,.F.,.F.,.F.)
B_SPLINE_SURFACE_WITH_KNOTS((6,1,1,5,6),(2,2),(-1.,-0.9,-0.8,-0.728629003094768,
-0.682790584143187),(0.,1.74101785272838),.UNSPECIFIED.)
GEOMETRIC_REPRESENTATION_ITEM()
RATIONAL_B_SPLINE_SURFACE(((1.,1.),(1.,1.),(1.,1.),(1.,1.),(1.,1.),(1.,
1.),(1.,1.),(1.,1.),(1.,1.),(1.,1.),(1.,1.),(1.,1.),(1.,1.)))
REPRESENTATION_ITEM('')
SURFACE()
);
#19=(
BOUNDED_SURFACE()
B_SPLINE_SURFACE(5,1,((#12437,#12438),(#12439,#12440),(#12441,#12442),(#12443,
#12444),(#12445,#12446),(#12447,#12448),(#12449,#12450),(#12451,#12452),
(#12453,#12454),(#12455,#12456),(#12457,#12458),(#12459,#12460),(#12461,
#12462),(#12463,#12464),(#12465,#12466),(#12467,#12468),(#12469,#12470),
(#12471,#12472),(#12473,#12474),(#12475,#12476)),.UNSPECIFIED.,.F.,.F.,
 .F.)
B_SPLINE_SURFACE_WITH_KNOTS((6,5,1,1,1,1,1,1,1,1,1,6),(2,2),(-3.05137158514616,
-1.,-0.9,-0.8,-0.7,-0.6,-0.5,-0.4,-0.3,-0.2,-0.1,0.),(-0.205199956893921,
3.28399956226349),.UNSPECIFIED.)
GEOMETRIC_REPRESENTATION_ITEM()
RATIONAL_B_SPLINE_SURFACE(((1.,1.),(1.,1.),(1.,1.),(1.,1.),(1.,1.),(1.,
1.),(1.,1.),(1.,1.),(1.,1.),(1.,1.),(1.,1.),(1.,1.),(1.,1.),(1.,1.),(1.,
1.),(1.,1.),(1.,1.),(1.,1.),(1.,1.),(1.,1.)))
REPRESENTATION_ITEM('')
SURFACE()
);
#20=(
BOUNDED_SURFACE()
B_SPLINE_SURFACE(3,1,((#12860,#12861),(#12862,#12863),(#12864,#12865),(#12866,
#12867),(#12868,#12869),(#12870,#12871),(#12872,#12873),(#12874,#12875),
(#12876,#12877),(#12878,#12879),(#12880,#12881),(#12882,#12883),(#12884,
#12885),(#12886,#12887)),.UNSPECIFIED.,.F.,.F.,.F.)
B_SPLINE_SURFACE_WITH_KNOTS((4,2,2,2,2,2,4),(2,2),(-7.11830538907507,-6.82136493684338,
-6.4751412187925,-6.07929333332678,-5.60440978609275,-5.3415404911368,-5.01267434899791),
(-0.600000000000001,0.7071),.UNSPECIFIED.)
GEOMETRIC_REPRESENTATION_ITEM()
RATIONAL_B_SPLINE_SURFACE(((1.,1.),(1.,1.),(1.,1.),(1.,1.),(1.,1.),(1.,
1.),(1.,1.),(1.,1.),(1.,1.),(1.,1.),(1.,1.),(1.,1.),(1.,1.),(1.,1.)))
REPRESENTATION_ITEM('')
SURFACE()
);
#21=(
BOUNDED_SURFACE()
B_SPLINE_SURFACE(3,1,((#12926,#12927),(#12928,#12929),(#12930,#12931),(#12932,
#12933),(#12934,#12935),(#12936,#12937),(#12938,#12939),(#12940,#12941),
(#12942,#12943),(#12944,#12945),(#12946,#12947),(#12948,#12949),(#12950,
#12951),(#12952,#12953),(#12954,#12955),(#12956,#12957),(#12958,#12959),
(#12960,#12961),(#12962,#12963),(#12964,#12965),(#12966,#12967),(#12968,
#12969),(#12970,#12971),(#12972,#12973)),.UNSPECIFIED.,.F.,.F.,.F.)
B_SPLINE_SURFACE_WITH_KNOTS((4,2,2,2,2,2,2,2,2,2,2,4),(2,2),(-3.18106563265287,
-3.14487944115952,-2.92426399416431,-2.71147168449508,-2.52238048002888,
-2.34268036155556,-2.16021831537737,-2.0484039739641,-1.90531078466014,
-1.84691958035923,-1.74522195408244,-1.60596901570114),(-0.6,0.7071),
 .UNSPECIFIED.)
GEOMETRIC_REPRESENTATION_ITEM()
RATIONAL_B_SPLINE_SURFACE(((1.,1.),(1.,1.),(1.,1.),(1.,1.),(1.,1.),(1.,
1.),(1.,1.),(1.,1.),(1.,1.),(1.,1.),(1.,1.),(1.,1.),(1.,1.),(1.,1.),(1.,
1.),(1.,1.),(1.,1.),(1.,1.),(1.,1.),(1.,1.),(1.,1.),(1.,1.),(1.,1.),(1.,
1.)))
REPRESENTATION_ITEM('')
SURFACE()
);
#22=(
BOUNDED_SURFACE()
B_SPLINE_SURFACE(1,2,((#13082,#13083,#13084,#13085,#13086,#13087,#13088,
#13089,#13090),(#13091,#13092,#13093,#13094,#13095,#13096,#13097,#13098,
#13099)),.UNSPECIFIED.,.F.,.T.,.F.)
B_SPLINE_SURFACE_WITH_KNOTS((2,2),(3,2,2,2,3),(0.283018251342093,1.81441359400345),
(-3.14159265358979,-1.5707963267949,0.,1.5707963267949,3.14159265358979),
 .UNSPECIFIED.)
GEOMETRIC_REPRESENTATION_ITEM()
RATIONAL_B_SPLINE_SURFACE(((1.,0.707106781186548,1.,0.707106781186548,1.,
0.707106781186548,1.,0.707106781186548,1.),(1.,0.707106781186548,1.,0.707106781186548,
1.,0.707106781186548,1.,0.707106781186548,1.)))
REPRESENTATION_ITEM('')
SURFACE()
);
#23=(
BOUNDED_SURFACE()
B_SPLINE_SURFACE(1,2,((#13104,#13105,#13106,#13107,#13108),(#13109,#13110,
#13111,#13112,#13113)),.UNSPECIFIED.,.F.,.F.,.F.)
B_SPLINE_SURFACE_WITH_KNOTS((2,2),(3,2,3),(5.63263936591251,5.63483736534832),
(-1.49202151005581,6.69464483848969E-13,1.49202151006275),.UNSPECIFIED.)
GEOMETRIC_REPRESENTATION_ITEM()
RATIONAL_B_SPLINE_SURFACE(((1.,0.734402263588325,1.,0.734402263588325,1.),
(1.,0.734402263588325,1.,0.734402263588325,1.)))
REPRESENTATION_ITEM('')
SURFACE()
);
#24=(
BOUNDED_SURFACE()
B_SPLINE_SURFACE(1,2,((#13115,#13116,#13117,#13118,#13119,#13120,#13121,
#13122,#13123),(#13124,#13125,#13126,#13127,#13128,#13129,#13130,#13131,
#13132)),.UNSPECIFIED.,.F.,.T.,.F.)
B_SPLINE_SURFACE_WITH_KNOTS((2,2),(3,2,2,2,3),(3.40178700793278,4.12829289290899),
(-3.14159265358979,-1.5707963267949,0.,1.5707963267949,3.14159265358979),
 .UNSPECIFIED.)
GEOMETRIC_REPRESENTATION_ITEM()
RATIONAL_B_SPLINE_SURFACE(((1.,0.707106781186548,1.,0.707106781186548,1.,
0.707106781186548,1.,0.707106781186548,1.),(1.,0.707106781186548,1.,0.707106781186548,
1.,0.707106781186548,1.,0.707106781186548,1.)))
REPRESENTATION_ITEM('')
SURFACE()
);
#25=(
BOUNDED_SURFACE()
B_SPLINE_SURFACE(3,1,((#13652,#13653),(#13654,#13655),(#13656,#13657),(#13658,
#13659),(#13660,#13661),(#13662,#13663),(#13664,#13665),(#13666,#13667),
(#13668,#13669),(#13670,#13671),(#13672,#13673),(#13674,#13675),(#13676,
#13677),(#13678,#13679)),.UNSPECIFIED.,.F.,.F.,.F.)
B_SPLINE_SURFACE_WITH_KNOTS((4,2,2,2,2,2,4),(2,2),(-7.11830538907507,-6.82136493684338,
-6.4751412187925,-6.07929333332678,-5.60440978609275,-5.3415404911368,-5.01267434899791),
(-0.600000000000001,0.7071),.UNSPECIFIED.)
GEOMETRIC_REPRESENTATION_ITEM()
RATIONAL_B_SPLINE_SURFACE(((1.,1.),(1.,1.),(1.,1.),(1.,1.),(1.,1.),(1.,
1.),(1.,1.),(1.,1.),(1.,1.),(1.,1.),(1.,1.),(1.,1.),(1.,1.),(1.,1.)))
REPRESENTATION_ITEM('')
SURFACE()
);
#26=(
BOUNDED_SURFACE()
B_SPLINE_SURFACE(1,2,((#13714,#13715,#13716,#13717,#13718,#13719,#13720,
#13721,#13722),(#13723,#13724,#13725,#13726,#13727,#13728,#13729,#13730,
#13731)),.UNSPECIFIED.,.F.,.T.,.F.)
B_SPLINE_SURFACE_WITH_KNOTS((2,2),(3,2,2,2,3),(0.188678834228027,1.81441359400345),
(-3.14159265358979,-1.5707963267949,0.,1.5707963267949,3.14159265358979),
 .UNSPECIFIED.)
GEOMETRIC_REPRESENTATION_ITEM()
RATIONAL_B_SPLINE_SURFACE(((1.,0.707106781186548,1.,0.707106781186548,1.,
0.707106781186548,1.,0.707106781186548,1.),(1.,0.707106781186548,1.,0.707106781186548,
1.,0.707106781186548,1.,0.707106781186548,1.)))
REPRESENTATION_ITEM('')
SURFACE()
);
#27=(
BOUNDED_SURFACE()
B_SPLINE_SURFACE(1,2,((#13736,#13737,#13738,#13739,#13740),(#13741,#13742,
#13743,#13744,#13745)),.UNSPECIFIED.,.F.,.F.,.F.)
B_SPLINE_SURFACE_WITH_KNOTS((2,2),(3,2,3),(5.63263936591251,5.6348373653483),
(-1.49202151005579,6.70130617663744E-13,1.49202151006275),.UNSPECIFIED.)
GEOMETRIC_REPRESENTATION_ITEM()
RATIONAL_B_SPLINE_SURFACE(((1.,0.734402263588327,1.,0.734402263588327,1.),
(1.,0.734402263588327,1.,0.734402263588327,1.)))
REPRESENTATION_ITEM('')
SURFACE()
);
#28=(
BOUNDED_SURFACE()
B_SPLINE_SURFACE(1,2,((#13747,#13748,#13749,#13750,#13751,#13752,#13753,
#13754,#13755),(#13756,#13757,#13758,#13759,#13760,#13761,#13762,#13763,
#13764)),.UNSPECIFIED.,.F.,.T.,.F.)
B_SPLINE_SURFACE_WITH_KNOTS((2,2),(3,2,2,2,3),(3.40178700793278,4.12829289290888),
(-3.14159265358979,-1.5707963267949,0.,1.5707963267949,3.14159265358979),
 .UNSPECIFIED.)
GEOMETRIC_REPRESENTATION_ITEM()
RATIONAL_B_SPLINE_SURFACE(((1.,0.707106781186548,1.,0.707106781186548,1.,
0.707106781186548,1.,0.707106781186548,1.),(1.,0.707106781186548,1.,0.707106781186548,
1.,0.707106781186548,1.,0.707106781186548,1.)))
REPRESENTATION_ITEM('')
SURFACE()
);
#29=B_SPLINE_SURFACE_WITH_KNOTS('',3,3,((#10649,#10650,#10651,#10652),(#10653,
#10654,#10655,#10656),(#10657,#10658,#10659,#10660),(#10661,#10662,#10663,
#10664),(#10665,#10666,#10667,#10668)),.UNSPECIFIED.,.F.,.F.,.F.,(4,1,4),
(4,4),(0.,0.571428571428571,1.),(0.258111389359751,0.44917463065041),
 .UNSPECIFIED.);
#30=B_SPLINE_SURFACE_WITH_KNOTS('',3,3,((#10675,#10676,#10677,#10678),(#10679,
#10680,#10681,#10682),(#10683,#10684,#10685,#10686),(#10687,#10688,#10689,
#10690)),.UNSPECIFIED.,.F.,.F.,.F.,(4,4),(4,4),(0.,0.380629563524058),(0.100072885794491,
1.00060478858946),.UNSPECIFIED.);
#31=B_SPLINE_SURFACE_WITH_KNOTS('',3,3,((#10779,#10780,#10781,#10782,#10783,
#10784,#10785,#10786,#10787,#10788),(#10789,#10790,#10791,#10792,#10793,
#10794,#10795,#10796,#10797,#10798),(#10799,#10800,#10801,#10802,#10803,
#10804,#10805,#10806,#10807,#10808),(#10809,#10810,#10811,#10812,#10813,
#10814,#10815,#10816,#10817,#10818),(#10819,#10820,#10821,#10822,#10823,
#10824,#10825,#10826,#10827,#10828),(#10829,#10830,#10831,#10832,#10833,
#10834,#10835,#10836,#10837,#10838)),.UNSPECIFIED.,.F.,.F.,.F.,(4,1,1,4),
(4,2,2,2,4),(0.,0.285714285714286,0.571428571428571,1.),(-0.825164880798713,
-0.695651935676678,-0.325062377279391,0.,0.265680907602672),
 .UNSPECIFIED.);
#32=B_SPLINE_SURFACE_WITH_KNOTS('',3,3,((#10916,#10917,#10918,#10919),(#10920,
#10921,#10922,#10923),(#10924,#10925,#10926,#10927),(#10928,#10929,#10930,
#10931)),.UNSPECIFIED.,.F.,.F.,.F.,(4,4),(4,4),(0.,0.38062956352408),(0.100072885794506,
1.00060478858945),.UNSPECIFIED.);
#33=B_SPLINE_SURFACE_WITH_KNOTS('',3,3,((#10948,#10949,#10950,#10951),(#10952,
#10953,#10954,#10955),(#10956,#10957,#10958,#10959),(#10960,#10961,#10962,
#10963),(#10964,#10965,#10966,#10967)),.UNSPECIFIED.,.F.,.F.,.F.,(4,1,4),
(4,4),(0.,0.571428571428571,1.),(0.134130682832185,0.449174630650392),
 .UNSPECIFIED.);
#34=B_SPLINE_SURFACE_WITH_KNOTS('',3,3,((#11075,#11076,#11077,#11078),(#11079,
#11080,#11081,#11082),(#11083,#11084,#11085,#11086),(#11087,#11088,#11089,
#11090),(#11091,#11092,#11093,#11094),(#11095,#11096,#11097,#11098)),
 .UNSPECIFIED.,.F.,.F.,.F.,(4,1,1,4),(4,4),(0.,0.285714285714286,0.571428571428571,
1.),(0.,0.142733846588913),.UNSPECIFIED.);
#35=B_SPLINE_SURFACE_WITH_KNOTS('',3,3,((#11432,#11433,#11434,#11435,#11436,
#11437,#11438,#11439,#11440,#11441,#11442,#11443,#11444),(#11445,#11446,
#11447,#11448,#11449,#11450,#11451,#11452,#11453,#11454,#11455,#11456,#11457),
(#11458,#11459,#11460,#11461,#11462,#11463,#11464,#11465,#11466,#11467,
#11468,#11469,#11470),(#11471,#11472,#11473,#11474,#11475,#11476,#11477,
#11478,#11479,#11480,#11481,#11482,#11483)),.UNSPECIFIED.,.F.,.F.,.F.,(4,
4),(4,1,1,1,1,1,1,1,1,1,4),(0.985545343612926,1.),(1.60596901570114,1.71847591691197,
1.83098281812281,1.88723626872823,1.94348971933365,2.05599662054449,2.28101042296616,
2.50602422538784,2.73103802780951,2.95605183023119,3.18106563265287),
 .UNSPECIFIED.);
#36=B_SPLINE_SURFACE_WITH_KNOTS('',3,3,((#11763,#11764,#11765,#11766),(#11767,
#11768,#11769,#11770),(#11771,#11772,#11773,#11774),(#11775,#11776,#11777,
#11778),(#11779,#11780,#11781,#11782)),.UNSPECIFIED.,.F.,.F.,.F.,(4,1,4),
(4,4),(0.,0.571428571428571,1.),(0.,0.197437018717881),.UNSPECIFIED.);
#37=B_SPLINE_SURFACE_WITH_KNOTS('',3,3,((#11796,#11797,#11798,#11799),(#11800,
#11801,#11802,#11803),(#11804,#11805,#11806,#11807),(#11808,#11809,#11810,
#11811)),.UNSPECIFIED.,.F.,.F.,.F.,(4,4),(4,4),(0.564687193298026,1.),(1.06956137478536,
1.96993292755381),.UNSPECIFIED.);
#38=B_SPLINE_SURFACE_WITH_KNOTS('',3,3,((#11818,#11819,#11820,#11821),(#11822,
#11823,#11824,#11825),(#11826,#11827,#11828,#11829),(#11830,#11831,#11832,
#11833),(#11834,#11835,#11836,#11837)),.UNSPECIFIED.,.F.,.F.,.F.,(4,1,4),
(4,4),(0.,0.571428571428571,1.),(4.71764154784305E-16,0.197437018717875),
 .UNSPECIFIED.);
#39=B_SPLINE_SURFACE_WITH_KNOTS('',3,3,((#11842,#11843,#11844,#11845),(#11846,
#11847,#11848,#11849),(#11850,#11851,#11852,#11853),(#11854,#11855,#11856,
#11857)),.UNSPECIFIED.,.F.,.F.,.F.,(4,4),(4,4),(0.564687193298047,1.),(1.06956137478536,
1.96993292755381),.UNSPECIFIED.);
#40=B_SPLINE_SURFACE_WITH_KNOTS('',3,3,((#12029,#12030,#12031,#12032),(#12033,
#12034,#12035,#12036),(#12037,#12038,#12039,#12040),(#12041,#12042,#12043,
#12044),(#12045,#12046,#12047,#12048),(#12049,#12050,#12051,#12052),(#12053,
#12054,#12055,#12056),(#12057,#12058,#12059,#12060),(#12061,#12062,#12063,
#12064)),.UNSPECIFIED.,.F.,.F.,.F.,(4,1,1,1,1,1,4),(4,4),(0.,0.142857142857143,
0.285714285714286,0.428571428571429,0.571428571428571,0.857142857142857,
1.),(0.707100466496986,2.62719965025492),.UNSPECIFIED.);
#41=B_SPLINE_SURFACE_WITH_KNOTS('',3,3,((#12615,#12616,#12617,#12618,#12619,
#12620,#12621,#12622,#12623,#12624,#12625,#12626,#12627),(#12628,#12629,
#12630,#12631,#12632,#12633,#12634,#12635,#12636,#12637,#12638,#12639,#12640),
(#12641,#12642,#12643,#12644,#12645,#12646,#12647,#12648,#12649,#12650,
#12651,#12652,#12653),(#12654,#12655,#12656,#12657,#12658,#12659,#12660,
#12661,#12662,#12663,#12664,#12665,#12666)),.UNSPECIFIED.,.F.,.F.,.F.,(4,
4),(4,1,1,1,1,1,1,1,1,1,4),(0.985545343612926,1.),(1.60596901570114,1.71847591691197,
1.83098281812281,1.88723626872823,1.94348971933365,2.05599662054449,2.28101042296616,
2.50602422538784,2.73103802780951,2.95605183023119,3.18106563265287),
 .UNSPECIFIED.);
#42=B_SPLINE_SURFACE_WITH_KNOTS('',3,3,((#13353,#13354,#13355,#13356),(#13357,
#13358,#13359,#13360),(#13361,#13362,#13363,#13364),(#13365,#13366,#13367,
#13368),(#13369,#13370,#13371,#13372),(#13373,#13374,#13375,#13376),(#13377,
#13378,#13379,#13380),(#13381,#13382,#13383,#13384),(#13385,#13386,#13387,
#13388)),.UNSPECIFIED.,.F.,.F.,.F.,(4,1,1,1,1,1,4),(4,4),(0.,0.142857142857143,
0.285714285714286,0.428571428571429,0.571428571428571,0.857142857142857,
1.),(0.707100466496984,2.62719965025492),.UNSPECIFIED.);
#43=B_SPLINE_SURFACE_WITH_KNOTS('',3,3,((#14260,#14261,#14262,#14263,#14264,
#14265,#14266,#14267,#14268,#14269,#14270,#14271,#14272,#14273,#14274,#14275,
#14276,#14277,#14278,#14279,#14280,#14281,#14282,#14283,#14284,#14285,#14286,
#14287,#14288,#14289,#14290,#14291,#14292,#14293),(#14294,#14295,#14296,
#14297,#14298,#14299,#14300,#14301,#14302,#14303,#14304,#14305,#14306,#14307,
#14308,#14309,#14310,#14311,#14312,#14313,#14314,#14315,#14316,#14317,#14318,
#14319,#14320,#14321,#14322,#14323,#14324,#14325,#14326,#14327),(#14328,
#14329,#14330,#14331,#14332,#14333,#14334,#14335,#14336,#14337,#14338,#14339,
#14340,#14341,#14342,#14343,#14344,#14345,#14346,#14347,#14348,#14349,#14350,
#14351,#14352,#14353,#14354,#14355,#14356,#14357,#14358,#14359,#14360,#14361),
(#14362,#14363,#14364,#14365,#14366,#14367,#14368,#14369,#14370,#14371,
#14372,#14373,#14374,#14375,#14376,#14377,#14378,#14379,#14380,#14381,#14382,
#14383,#14384,#14385,#14386,#14387,#14388,#14389,#14390,#14391,#14392,#14393,
#14394,#14395),(#14396,#14397,#14398,#14399,#14400,#14401,#14402,#14403,
#14404,#14405,#14406,#14407,#14408,#14409,#14410,#14411,#14412,#14413,#14414,
#14415,#14416,#14417,#14418,#14419,#14420,#14421,#14422,#14423,#14424,#14425,
#14426,#14427,#14428,#14429),(#14430,#14431,#14432,#14433,#14434,#14435,
#14436,#14437,#14438,#14439,#14440,#14441,#14442,#14443,#14444,#14445,#14446,
#14447,#14448,#14449,#14450,#14451,#14452,#14453,#14454,#14455,#14456,#14457,
#14458,#14459,#14460,#14461,#14462,#14463)),.UNSPECIFIED.,.F.,.F.,.F.,(4,
1,1,4),(4,2,1,1,1,1,2,1,2,1,1,1,1,2,2,2,2,1,2,2,2,4),(0.,0.285714285714286,
0.571428571428571,1.),(-1.70821557400565,-1.69037583102697,-1.68259749185028,
-1.67481915267359,-1.65926247432022,-1.62814911761346,-1.56592240419995,
-1.52926471698028,-1.49260702976061,-1.48162451345063,-1.47064199714066,
-1.44867696452072,-1.40474689928083,-1.31688676880105,-1.18234066068267,
-0.963204982511959,-0.743610997538835,-0.628925814491602,-0.514240631444368,
-0.269998778736456,-0.03718879836806,1.10910277444554E-14),
 .UNSPECIFIED.);
#44=B_SPLINE_SURFACE_WITH_KNOTS('',3,3,((#14519,#14520,#14521,#14522,#14523,
#14524,#14525,#14526,#14527,#14528,#14529,#14530),(#14531,#14532,#14533,
#14534,#14535,#14536,#14537,#14538,#14539,#14540,#14541,#14542),(#14543,
#14544,#14545,#14546,#14547,#14548,#14549,#14550,#14551,#14552,#14553,#14554),
(#14555,#14556,#14557,#14558,#14559,#14560,#14561,#14562,#14563,#14564,
#14565,#14566),(#14567,#14568,#14569,#14570,#14571,#14572,#14573,#14574,
#14575,#14576,#14577,#14578),(#14579,#14580,#14581,#14582,#14583,#14584,
#14585,#14586,#14587,#14588,#14589,#14590)),.UNSPECIFIED.,.F.,.F.,.F.,(4,
1,1,4),(4,2,2,2,2,4),(0.,0.285714285714286,0.571428571428571,1.),(-1.6243613789175,
-1.62279561419372,-1.17613285288723,-0.843011201481497,-0.295705526184225,
0.),.UNSPECIFIED.);
#45=B_SPLINE_SURFACE_WITH_KNOTS('',3,3,((#14607,#14608,#14609,#14610),(#14611,
#14612,#14613,#14614),(#14615,#14616,#14617,#14618),(#14619,#14620,#14621,
#14622),(#14623,#14624,#14625,#14626),(#14627,#14628,#14629,#14630)),
 .UNSPECIFIED.,.F.,.F.,.F.,(4,1,1,4),(4,4),(0.,0.285714285714286,0.571428571428571,
1.),(0.,0.142733846588913),.UNSPECIFIED.);
#46=B_SPLINE_SURFACE_WITH_KNOTS('',3,3,((#14633,#14634,#14635,#14636,#14637,
#14638,#14639,#14640,#14641,#14642,#14643,#14644),(#14645,#14646,#14647,
#14648,#14649,#14650,#14651,#14652,#14653,#14654,#14655,#14656),(#14657,
#14658,#14659,#14660,#14661,#14662,#14663,#14664,#14665,#14666,#14667,#14668),
(#14669,#14670,#14671,#14672,#14673,#14674,#14675,#14676,#14677,#14678,
#14679,#14680),(#14681,#14682,#14683,#14684,#14685,#14686,#14687,#14688,
#14689,#14690,#14691,#14692),(#14693,#14694,#14695,#14696,#14697,#14698,
#14699,#14700,#14701,#14702,#14703,#14704)),.UNSPECIFIED.,.F.,.F.,.F.,(4,
1,1,4),(4,2,2,2,2,4),(0.,0.285714285714286,0.571428571428571,1.),(-1.6243613789175,
-1.62279561419372,-1.17613285288723,-0.843011201481497,-0.295705526184225,
0.),.UNSPECIFIED.);
#47=B_SPLINE_SURFACE_WITH_KNOTS('',3,3,((#14724,#14725,#14726,#14727,#14728,
#14729,#14730,#14731,#14732,#14733),(#14734,#14735,#14736,#14737,#14738,
#14739,#14740,#14741,#14742,#14743),(#14744,#14745,#14746,#14747,#14748,
#14749,#14750,#14751,#14752,#14753),(#14754,#14755,#14756,#14757,#14758,
#14759,#14760,#14761,#14762,#14763),(#14764,#14765,#14766,#14767,#14768,
#14769,#14770,#14771,#14772,#14773),(#14774,#14775,#14776,#14777,#14778,
#14779,#14780,#14781,#14782,#14783)),.UNSPECIFIED.,.F.,.F.,.F.,(4,1,1,4),
(4,2,2,2,4),(0.,0.285714285714286,0.571428571428571,1.),(-0.825164880798713,
-0.695651935676678,-0.325062377279391,0.,0.247971545501483),
 .UNSPECIFIED.);
#48=B_SPLINE_SURFACE_WITH_KNOTS('',3,3,((#14785,#14786,#14787,#14788,#14789,
#14790,#14791,#14792,#14793,#14794,#14795,#14796,#14797,#14798,#14799,#14800,
#14801,#14802,#14803,#14804,#14805,#14806,#14807,#14808,#14809,#14810,#14811,
#14812,#14813,#14814,#14815,#14816,#14817,#14818),(#14819,#14820,#14821,
#14822,#14823,#14824,#14825,#14826,#14827,#14828,#14829,#14830,#14831,#14832,
#14833,#14834,#14835,#14836,#14837,#14838,#14839,#14840,#14841,#14842,#14843,
#14844,#14845,#14846,#14847,#14848,#14849,#14850,#14851,#14852),(#14853,
#14854,#14855,#14856,#14857,#14858,#14859,#14860,#14861,#14862,#14863,#14864,
#14865,#14866,#14867,#14868,#14869,#14870,#14871,#14872,#14873,#14874,#14875,
#14876,#14877,#14878,#14879,#14880,#14881,#14882,#14883,#14884,#14885,#14886),
(#14887,#14888,#14889,#14890,#14891,#14892,#14893,#14894,#14895,#14896,
#14897,#14898,#14899,#14900,#14901,#14902,#14903,#14904,#14905,#14906,#14907,
#14908,#14909,#14910,#14911,#14912,#14913,#14914,#14915,#14916,#14917,#14918,
#14919,#14920),(#14921,#14922,#14923,#14924,#14925,#14926,#14927,#14928,
#14929,#14930,#14931,#14932,#14933,#14934,#14935,#14936,#14937,#14938,#14939,
#14940,#14941,#14942,#14943,#14944,#14945,#14946,#14947,#14948,#14949,#14950,
#14951,#14952,#14953,#14954),(#14955,#14956,#14957,#14958,#14959,#14960,
#14961,#14962,#14963,#14964,#14965,#14966,#14967,#14968,#14969,#14970,#14971,
#14972,#14973,#14974,#14975,#14976,#14977,#14978,#14979,#14980,#14981,#14982,
#14983,#14984,#14985,#14986,#14987,#14988)),.UNSPECIFIED.,.F.,.F.,.F.,(4,
1,1,4),(4,2,1,1,1,1,2,1,2,1,1,1,1,2,2,2,2,1,2,2,2,4),(0.,0.285714285714286,
0.571428571428571,1.),(-1.70821557400565,-1.69037583102697,-1.68259749185028,
-1.67481915267359,-1.65926247432022,-1.62814911761346,-1.56592240419995,
-1.52926471698028,-1.49260702976061,-1.48162451345063,-1.47064199714066,
-1.44867696452072,-1.40474689928083,-1.31688676880105,-1.18234066068267,
-0.963204982511959,-0.743610997538835,-0.628925814491602,-0.514240631444368,
-0.269998778736456,-0.03718879836806,1.10910277444554E-14),
 .UNSPECIFIED.);
#49=ELLIPSE('',#7748,8.80913979109793,8.8);
#50=ELLIPSE('',#7809,8.8091709167916,8.8);
#51=ELLIPSE('',#7815,6.00625289781246,6.);
#52=ELLIPSE('',#7819,6.00623167574859,6.);
#53=ELLIPSE('',#7889,53.2577449328782,5.14003887881875);
#54=ELLIPSE('',#7925,2.65000577328012,2.65000222777675);
#55=ELLIPSE('',#7945,124.821369096639,12.9);
#56=ELLIPSE('',#7947,1.94149824868731,1.94148770571115);
#57=ELLIPSE('',#7951,2.65000577328012,2.65000211352953);
#58=ELLIPSE('',#7952,2.65000577328012,2.65000211352953);
#59=ELLIPSE('',#7954,2.35000577328011,2.35);
#60=ELLIPSE('',#7955,2.65000577328012,2.65);
#61=ELLIPSE('',#7956,1.94149347899127,1.94148770571115);
#62=ELLIPSE('',#7957,2.65000577328012,2.65);
#63=ELLIPSE('',#7958,2.65000577328012,2.65);
#64=ELLIPSE('',#7990,53.2577449328782,5.14003887881875);
#65=ELLIPSE('',#8024,2.65000577328012,2.65000222777675);
#66=ELLIPSE('',#8043,124.821369096639,12.9);
#67=ELLIPSE('',#8046,1.94149824868731,1.94148770571115);
#68=ELLIPSE('',#8048,2.65000577328012,2.65000211352953);
#69=ELLIPSE('',#8049,2.65000577328012,2.65000211352953);
#70=ELLIPSE('',#8051,2.35000577328011,2.35);
#71=ELLIPSE('',#8052,2.65000577328012,2.65);
#72=ELLIPSE('',#8053,1.94149347899127,1.94148770571115);
#73=ELLIPSE('',#8054,2.65000577328012,2.65);
#74=ELLIPSE('',#8055,2.65000577328012,2.65);
#75=(
BOUNDED_CURVE()
B_SPLINE_CURVE(2,(#10100,#10101,#10102),.UNSPECIFIED.,.F.,.F.)
B_SPLINE_CURVE_WITH_KNOTS((3,3),(0.062993483345332,0.96277584015059),
 .UNSPECIFIED.)
CURVE()
GEOMETRIC_REPRESENTATION_ITEM()
RATIONAL_B_SPLINE_CURVE((0.999999797063923,0.999998442572376,0.999999797741354))
REPRESENTATION_ITEM('')
);
#76=(
BOUNDED_CURVE()
B_SPLINE_CURVE(2,(#10550,#10551,#10552),.UNSPECIFIED.,.F.,.F.)
B_SPLINE_CURVE_WITH_KNOTS((3,3),(0.0627684791556996,0.962550836175038),
 .UNSPECIFIED.)
CURVE()
GEOMETRIC_REPRESENTATION_ITEM()
RATIONAL_B_SPLINE_CURVE((0.999999798373388,0.999998447437921,0.999999797697754))
REPRESENTATION_ITEM('')
);
#77=(
BOUNDED_CURVE()
B_SPLINE_CURVE(3,(#10756,#10757,#10758,#10759),.UNSPECIFIED.,.F.,.F.)
B_SPLINE_CURVE_WITH_KNOTS((4,4),(7.11830538907508,7.14236868374263),
 .UNSPECIFIED.)
CURVE()
GEOMETRIC_REPRESENTATION_ITEM()
RATIONAL_B_SPLINE_CURVE((1.,1.,1.,1.))
REPRESENTATION_ITEM('')
);
#78=(
BOUNDED_CURVE()
B_SPLINE_CURVE(3,(#11131,#11132,#11133,#11134,#11135,#11136,#11137,#11138,
#11139,#11140,#11141),.UNSPECIFIED.,.F.,.F.)
B_SPLINE_CURVE_WITH_KNOTS((4,2,3,2,4),(-0.552250266075135,-0.41418769955635,
-0.276125133037565,-0.138062566518782,4.02063749286255E-16),
 .UNSPECIFIED.)
CURVE()
GEOMETRIC_REPRESENTATION_ITEM()
RATIONAL_B_SPLINE_CURVE((1.,1.,1.,1.,1.,1.,1.,1.,1.,1.,1.))
REPRESENTATION_ITEM('')
);
#79=(
BOUNDED_CURVE()
B_SPLINE_CURVE(3,(#11339,#11340,#11341,#11342),.UNSPECIFIED.,.F.,.F.)
B_SPLINE_CURVE_WITH_KNOTS((4,4),(-1.74522195408244,-1.60596901570114),
 .UNSPECIFIED.)
CURVE()
GEOMETRIC_REPRESENTATION_ITEM()
RATIONAL_B_SPLINE_CURVE((1.,1.,1.,1.))
REPRESENTATION_ITEM('')
);
#80=(
BOUNDED_CURVE()
B_SPLINE_CURVE(3,(#11411,#11412,#11413,#11414),.UNSPECIFIED.,.F.,.F.)
B_SPLINE_CURVE_WITH_KNOTS((4,4),(-2.0484039739641,-1.90531078466014),
 .UNSPECIFIED.)
CURVE()
GEOMETRIC_REPRESENTATION_ITEM()
RATIONAL_B_SPLINE_CURVE((1.,1.,1.,1.))
REPRESENTATION_ITEM('')
);
#81=(
BOUNDED_CURVE()
B_SPLINE_CURVE(3,(#11424,#11425,#11426,#11427),.UNSPECIFIED.,.F.,.F.)
B_SPLINE_CURVE_WITH_KNOTS((4,4),(-2.34268036155556,-2.16021831537737),
 .UNSPECIFIED.)
CURVE()
GEOMETRIC_REPRESENTATION_ITEM()
RATIONAL_B_SPLINE_CURVE((1.,1.,1.,1.))
REPRESENTATION_ITEM('')
);
#82=(
BOUNDED_CURVE()
B_SPLINE_CURVE(5,(#11564,#11565,#11566,#11567,#11568,#11569,#11570,#11571),
 .UNSPECIFIED.,.F.,.F.)
B_SPLINE_CURVE_WITH_KNOTS((6,1,1,6),(-1.,-0.9,-0.8,-0.795880794556338),
 .UNSPECIFIED.)
CURVE()
GEOMETRIC_REPRESENTATION_ITEM()
RATIONAL_B_SPLINE_CURVE((1.,1.,1.,1.,1.,1.,1.,1.))
REPRESENTATION_ITEM('')
);
#83=(
BOUNDED_CURVE()
B_SPLINE_CURVE(5,(#11579,#11580,#11581,#11582,#11583,#11584,#11585,#11586,
#11587,#11588),.UNSPECIFIED.,.F.,.F.)
B_SPLINE_CURVE_WITH_KNOTS((6,1,1,1,1,6),(-0.487369296416898,-0.4,-0.3,-0.2,
-0.1,0.),.UNSPECIFIED.)
CURVE()
GEOMETRIC_REPRESENTATION_ITEM()
RATIONAL_B_SPLINE_CURVE((1.,1.,1.,1.,1.,1.,1.,1.,1.,1.))
REPRESENTATION_ITEM('')
);
#84=(
BOUNDED_CURVE()
B_SPLINE_CURVE(5,(#11631,#11632,#11633,#11634,#11635,#11636),
 .UNSPECIFIED.,.F.,.F.)
B_SPLINE_CURVE_WITH_KNOTS((6,6),(-0.795880794556341,-0.728629003094768),
 .UNSPECIFIED.)
CURVE()
GEOMETRIC_REPRESENTATION_ITEM()
RATIONAL_B_SPLINE_CURVE((1.,1.,1.,1.,1.,1.))
REPRESENTATION_ITEM('')
);
#85=(
BOUNDED_CURVE()
B_SPLINE_CURVE(5,(#11680,#11681,#11682,#11683,#11684,#11685),
 .UNSPECIFIED.,.F.,.F.)
B_SPLINE_CURVE_WITH_KNOTS((6,6),(-1.,-0.973901110254328),.UNSPECIFIED.)
CURVE()
GEOMETRIC_REPRESENTATION_ITEM()
RATIONAL_B_SPLINE_CURVE((1.,1.,1.,1.,1.,1.))
REPRESENTATION_ITEM('')
);
#86=(
BOUNDED_CURVE()
B_SPLINE_CURVE(3,(#11690,#11691,#11692,#11693,#11694,#11695,#11696,#11697,
#11698,#11699,#11700),.UNSPECIFIED.,.F.,.F.)
B_SPLINE_CURVE_WITH_KNOTS((4,2,3,2,4),(-2.50710268746895E-15,0.00138311512089673,
0.0386174827810037,0.057926224171497,0.0772349655619904),.UNSPECIFIED.)
CURVE()
GEOMETRIC_REPRESENTATION_ITEM()
RATIONAL_B_SPLINE_CURVE((1.,1.,1.,1.,1.,1.,1.,1.,1.,1.,1.))
REPRESENTATION_ITEM('')
);
#87=(
BOUNDED_CURVE()
B_SPLINE_CURVE(3,(#11710,#11711,#11712,#11713,#11714,#11715,#11716,#11717),
 .UNSPECIFIED.,.F.,.F.)
B_SPLINE_CURVE_WITH_KNOTS((4,2,2,4),(1.09209803362531E-14,2.50633717449896,
3.75950572185131,5.0126743489979),.UNSPECIFIED.)
CURVE()
GEOMETRIC_REPRESENTATION_ITEM()
RATIONAL_B_SPLINE_CURVE((1.,1.,1.,1.,1.,1.,1.,1.))
REPRESENTATION_ITEM('')
);
#88=(
BOUNDED_CURVE()
B_SPLINE_CURVE(5,(#12193,#12194,#12195,#12196,#12197,#12198,#12199,#12200),
 .UNSPECIFIED.,.F.,.F.)
B_SPLINE_CURVE_WITH_KNOTS((6,1,1,6),(-1.,-0.9,-0.8,-0.795880794556342),
 .UNSPECIFIED.)
CURVE()
GEOMETRIC_REPRESENTATION_ITEM()
RATIONAL_B_SPLINE_CURVE((1.,1.,1.,1.,1.,1.,1.,1.))
REPRESENTATION_ITEM('')
);
#89=(
BOUNDED_CURVE()
B_SPLINE_CURVE(5,(#12202,#12203,#12204,#12205,#12206,#12207),
 .UNSPECIFIED.,.F.,.F.)
B_SPLINE_CURVE_WITH_KNOTS((6,6),(-1.,-0.973901110254328),.UNSPECIFIED.)
CURVE()
GEOMETRIC_REPRESENTATION_ITEM()
RATIONAL_B_SPLINE_CURVE((1.,1.,1.,1.,1.,1.))
REPRESENTATION_ITEM('')
);
#90=(
BOUNDED_CURVE()
B_SPLINE_CURVE(5,(#12228,#12229,#12230,#12231,#12232,#12233),
 .UNSPECIFIED.,.F.,.F.)
B_SPLINE_CURVE_WITH_KNOTS((6,6),(-0.795880794556343,-0.728629003094768),
 .UNSPECIFIED.)
CURVE()
GEOMETRIC_REPRESENTATION_ITEM()
RATIONAL_B_SPLINE_CURVE((1.,1.,1.,1.,1.,1.))
REPRESENTATION_ITEM('')
);
#91=(
BOUNDED_CURVE()
B_SPLINE_CURVE(5,(#12523,#12524,#12525,#12526,#12527,#12528,#12529,#12530,
#12531,#12532),.UNSPECIFIED.,.F.,.F.)
B_SPLINE_CURVE_WITH_KNOTS((6,1,1,1,1,6),(-0.487369296416898,-0.4,-0.3,-0.2,
-0.1,0.),.UNSPECIFIED.)
CURVE()
GEOMETRIC_REPRESENTATION_ITEM()
RATIONAL_B_SPLINE_CURVE((1.,1.,1.,1.,1.,1.,1.,1.,1.,1.))
REPRESENTATION_ITEM('')
);
#92=(
BOUNDED_CURVE()
B_SPLINE_CURVE(3,(#12572,#12573,#12574,#12575),.UNSPECIFIED.,.F.,.F.)
B_SPLINE_CURVE_WITH_KNOTS((4,4),(-7.11830538907507,-6.82136493684338),
 .UNSPECIFIED.)
CURVE()
GEOMETRIC_REPRESENTATION_ITEM()
RATIONAL_B_SPLINE_CURVE((1.,1.,1.,1.))
REPRESENTATION_ITEM('')
);
#93=(
BOUNDED_CURVE()
B_SPLINE_CURVE(3,(#12577,#12578,#12579,#12580),.UNSPECIFIED.,.F.,.F.)
B_SPLINE_CURVE_WITH_KNOTS((4,4),(-6.82136493684338,-6.4751412187925),
 .UNSPECIFIED.)
CURVE()
GEOMETRIC_REPRESENTATION_ITEM()
RATIONAL_B_SPLINE_CURVE((1.,1.,1.,1.))
REPRESENTATION_ITEM('')
);
#94=(
BOUNDED_CURVE()
B_SPLINE_CURVE(3,(#12582,#12583,#12584,#12585),.UNSPECIFIED.,.F.,.F.)
B_SPLINE_CURVE_WITH_KNOTS((4,4),(-6.4751412187925,-6.07929333332678),
 .UNSPECIFIED.)
CURVE()
GEOMETRIC_REPRESENTATION_ITEM()
RATIONAL_B_SPLINE_CURVE((1.,1.,1.,1.))
REPRESENTATION_ITEM('')
);
#95=(
BOUNDED_CURVE()
B_SPLINE_CURVE(3,(#12587,#12588,#12589,#12590),.UNSPECIFIED.,.F.,.F.)
B_SPLINE_CURVE_WITH_KNOTS((4,4),(-6.07929333332678,-5.60440978609275),
 .UNSPECIFIED.)
CURVE()
GEOMETRIC_REPRESENTATION_ITEM()
RATIONAL_B_SPLINE_CURVE((1.,1.,1.,1.))
REPRESENTATION_ITEM('')
);
#96=(
BOUNDED_CURVE()
B_SPLINE_CURVE(3,(#12592,#12593,#12594,#12595),.UNSPECIFIED.,.F.,.F.)
B_SPLINE_CURVE_WITH_KNOTS((4,4),(-5.3415404911368,-5.01267434899791),
 .UNSPECIFIED.)
CURVE()
GEOMETRIC_REPRESENTATION_ITEM()
RATIONAL_B_SPLINE_CURVE((1.,1.,1.,1.))
REPRESENTATION_ITEM('')
);
#97=(
BOUNDED_CURVE()
B_SPLINE_CURVE(3,(#12772,#12773,#12774,#12775),.UNSPECIFIED.,.F.,.F.)
B_SPLINE_CURVE_WITH_KNOTS((4,4),(-2.42845684397541,-2.34268036155556),
 .UNSPECIFIED.)
CURVE()
GEOMETRIC_REPRESENTATION_ITEM()
RATIONAL_B_SPLINE_CURVE((1.,1.,1.,1.))
REPRESENTATION_ITEM('')
);
#98=(
BOUNDED_CURVE()
B_SPLINE_CURVE(3,(#12777,#12778,#12779,#12780),.UNSPECIFIED.,.F.,.F.)
B_SPLINE_CURVE_WITH_KNOTS((4,4),(-2.52238048002888,-2.42845684397541),
 .UNSPECIFIED.)
CURVE()
GEOMETRIC_REPRESENTATION_ITEM()
RATIONAL_B_SPLINE_CURVE((1.,1.,1.,1.))
REPRESENTATION_ITEM('')
);
#99=(
BOUNDED_CURVE()
B_SPLINE_CURVE(3,(#12849,#12850,#12851,#12852,#12853,#12854,#12855,#12856,
#12857,#12858,#12859),.UNSPECIFIED.,.F.,.F.)
B_SPLINE_CURVE_WITH_KNOTS((4,2,3,2,4),(1.30789637407531E-15,0.401492255821405,
0.802984511642808,1.20447676367197,1.60596901570114),.UNSPECIFIED.)
CURVE()
GEOMETRIC_REPRESENTATION_ITEM()
RATIONAL_B_SPLINE_CURVE((1.,1.,1.,1.,1.,1.,1.,1.,1.,1.,1.))
REPRESENTATION_ITEM('')
);
#100=(
BOUNDED_CURVE()
B_SPLINE_CURVE(3,(#13063,#13064,#13065,#13066),.UNSPECIFIED.,.F.,.F.)
B_SPLINE_CURVE_WITH_KNOTS((4,4),(-2.34268036155556,-2.16021831537737),
 .UNSPECIFIED.)
CURVE()
GEOMETRIC_REPRESENTATION_ITEM()
RATIONAL_B_SPLINE_CURVE((1.,1.,1.,1.))
REPRESENTATION_ITEM('')
);
#101=(
BOUNDED_CURVE()
B_SPLINE_CURVE(3,(#13067,#13068,#13069,#13070),.UNSPECIFIED.,.F.,.F.)
B_SPLINE_CURVE_WITH_KNOTS((4,4),(-2.0484039739641,-1.90531078466014),
 .UNSPECIFIED.)
CURVE()
GEOMETRIC_REPRESENTATION_ITEM()
RATIONAL_B_SPLINE_CURVE((1.,1.,1.,1.))
REPRESENTATION_ITEM('')
);
#102=(
BOUNDED_CURVE()
B_SPLINE_CURVE(3,(#13071,#13072,#13073,#13074),.UNSPECIFIED.,.F.,.F.)
B_SPLINE_CURVE_WITH_KNOTS((4,4),(-1.74522195408244,-1.60596901570114),
 .UNSPECIFIED.)
CURVE()
GEOMETRIC_REPRESENTATION_ITEM()
RATIONAL_B_SPLINE_CURVE((1.,1.,1.,1.))
REPRESENTATION_ITEM('')
);
#103=(
BOUNDED_CURVE()
B_SPLINE_CURVE(3,(#13602,#13603,#13604,#13605),.UNSPECIFIED.,.F.,.F.)
B_SPLINE_CURVE_WITH_KNOTS((4,4),(-7.11830538907507,-6.82136493684338),
 .UNSPECIFIED.)
CURVE()
GEOMETRIC_REPRESENTATION_ITEM()
RATIONAL_B_SPLINE_CURVE((1.,1.,1.,1.))
REPRESENTATION_ITEM('')
);
#104=(
BOUNDED_CURVE()
B_SPLINE_CURVE(3,(#13607,#13608,#13609,#13610),.UNSPECIFIED.,.F.,.F.)
B_SPLINE_CURVE_WITH_KNOTS((4,4),(-6.82136493684338,-6.4751412187925),
 .UNSPECIFIED.)
CURVE()
GEOMETRIC_REPRESENTATION_ITEM()
RATIONAL_B_SPLINE_CURVE((1.,1.,1.,1.))
REPRESENTATION_ITEM('')
);
#105=(
BOUNDED_CURVE()
B_SPLINE_CURVE(3,(#13612,#13613,#13614,#13615),.UNSPECIFIED.,.F.,.F.)
B_SPLINE_CURVE_WITH_KNOTS((4,4),(-6.4751412187925,-6.07929333332678),
 .UNSPECIFIED.)
CURVE()
GEOMETRIC_REPRESENTATION_ITEM()
RATIONAL_B_SPLINE_CURVE((1.,1.,1.,1.))
REPRESENTATION_ITEM('')
);
#106=(
BOUNDED_CURVE()
B_SPLINE_CURVE(3,(#13617,#13618,#13619,#13620),.UNSPECIFIED.,.F.,.F.)
B_SPLINE_CURVE_WITH_KNOTS((4,4),(-6.07929333332678,-5.60440978609275),
 .UNSPECIFIED.)
CURVE()
GEOMETRIC_REPRESENTATION_ITEM()
RATIONAL_B_SPLINE_CURVE((1.,1.,1.,1.))
REPRESENTATION_ITEM('')
);
#107=(
BOUNDED_CURVE()
B_SPLINE_CURVE(3,(#13622,#13623,#13624,#13625),.UNSPECIFIED.,.F.,.F.)
B_SPLINE_CURVE_WITH_KNOTS((4,4),(-5.3415404911368,-5.01267434899791),
 .UNSPECIFIED.)
CURVE()
GEOMETRIC_REPRESENTATION_ITEM()
RATIONAL_B_SPLINE_CURVE((1.,1.,1.,1.))
REPRESENTATION_ITEM('')
);
#108=B_SPLINE_CURVE_WITH_KNOTS('',3,(#10070,#10071,#10072,#10073,#10074,
#10075,#10076),.UNSPECIFIED.,.F.,.F.,(4,3,4),(-1.45220017725501,-1.36242649913486,
-1.27262886999044),.UNSPECIFIED.);
#109=B_SPLINE_CURVE_WITH_KNOTS('',3,(#10078,#10079,#10080,#10081,#10082,
#10083,#10084),.UNSPECIFIED.,.F.,.F.,(4,3,4),(4.0103279351695,4.51111215485818,
5.01036270604073),.UNSPECIFIED.);
#110=B_SPLINE_CURVE_WITH_KNOTS('',3,(#10090,#10091,#10092,#10093,#10094,
#10095,#10096,#10097,#10098),.UNSPECIFIED.,.F.,.F.,(4,2,3,4),(-0.0608822400867735,
-0.0378296921258983,0.,0.000225515164600192),.UNSPECIFIED.);
#111=B_SPLINE_CURVE_WITH_KNOTS('',3,(#10107,#10108,#10109,#10110,#10111,
#10112,#10113),.UNSPECIFIED.,.F.,.F.,(4,3,4),(-0.0467063298604925,0.,1.1615829474522E-5),
 .UNSPECIFIED.);
#112=B_SPLINE_CURVE_WITH_KNOTS('',3,(#10130,#10131,#10132,#10133,#10134,
#10135,#10136),.UNSPECIFIED.,.F.,.F.,(4,3,4),(1.2726228170419,1.36242044618633,
1.45219412430371),.UNSPECIFIED.);
#113=B_SPLINE_CURVE_WITH_KNOTS('',3,(#10138,#10139,#10140,#10141,#10142,
#10143,#10144),.UNSPECIFIED.,.F.,.F.,(4,3,4),(-5.01037481238484,-4.51114426731246,
-4.0103400411447),.UNSPECIFIED.);
#114=B_SPLINE_CURVE_WITH_KNOTS('',3,(#10150,#10151,#10152,#10153,#10154,
#10155,#10156,#10157),.UNSPECIFIED.,.F.,.F.,(4,2,2,4),(0.060882240086841,
0.0756593842517992,0.12573872078203,0.175813214862024),.UNSPECIFIED.);
#115=B_SPLINE_CURVE_WITH_KNOTS('',3,(#10165,#10166,#10167,#10168,#10169,
#10170,#10171,#10172,#10173,#10174),.UNSPECIFIED.,.F.,.F.,(4,2,2,2,4),(-0.799045280282063,
-0.634124284954626,-0.385529092944858,-0.229862934539028,0.),
 .UNSPECIFIED.);
#116=B_SPLINE_CURVE_WITH_KNOTS('',3,(#10178,#10179,#10180,#10181,#10182,
#10183,#10184,#10185,#10186,#10187),.UNSPECIFIED.,.F.,.F.,(4,2,2,2,4),(4.10466393859524,
4.37978410216194,4.66184904264327,4.79448389770203,4.85242169662087),
 .UNSPECIFIED.);
#117=B_SPLINE_CURVE_WITH_KNOTS('',3,(#10200,#10201,#10202,#10203,#10204,
#10205,#10206,#10207,#10208,#10209,#10210,#10211),.UNSPECIFIED.,.F.,.F.,
(4,2,2,2,2,4),(0.976537153888581,1.04499817401682,1.15995056130048,1.28265701036659,
1.4053634594327,1.40537545300942),.UNSPECIFIED.);
#118=B_SPLINE_CURVE_WITH_KNOTS('',3,(#10451,#10452,#10453,#10454,#10455,
#10456,#10457,#10458),.UNSPECIFIED.,.F.,.F.,(4,2,2,4),(-0.175813214862006,
-0.12573872078202,-0.0756593842517965,-0.0608822400867735),
 .UNSPECIFIED.);
#119=B_SPLINE_CURVE_WITH_KNOTS('',3,(#10478,#10479,#10480,#10481,#10482,
#10483,#10484,#10485,#10486,#10487,#10488,#10489,#10490,#10491,#10492,#10493,
#10494,#10495,#10496,#10497,#10498,#10499,#10500,#10501,#10502,#10503,#10504,
#10505,#10506,#10507,#10508,#10509,#10510,#10511,#10512,#10513,#10514,#10515,
#10516,#10517,#10518,#10519,#10520),.UNSPECIFIED.,.F.,.F.,(4,3,3,3,3,3,
3,3,3,3,3,3,3,3,4),(-0.159159864891987,-0.145702754124484,-0.13781758022393,
-0.124189861483357,-0.116494601772596,-0.102886303837931,-0.0895658390352138,
-0.0769126986643787,-0.0678023206153683,-0.0544365626454575,-0.0410474730102474,
-0.0382333201217798,-0.0248494112005907,-0.0116718754549466,0.),
 .UNSPECIFIED.);
#120=B_SPLINE_CURVE_WITH_KNOTS('',3,(#10529,#10530,#10531,#10532,#10533,
#10534),.UNSPECIFIED.,.F.,.F.,(4,2,4),(-0.900527529210096,-0.450629317712988,
-0.000611931366905072),.UNSPECIFIED.);
#121=B_SPLINE_CURVE_WITH_KNOTS('',3,(#10539,#10540,#10541,#10542,#10543,
#10544,#10545),.UNSPECIFIED.,.F.,.F.,(4,3,4),(-0.180602263349031,-0.088921042367165,
-0.0559755389450814),.UNSPECIFIED.);
#122=B_SPLINE_CURVE_WITH_KNOTS('',3,(#10556,#10557,#10558,#10559,#10560,
#10561,#10562,#10563,#10564),.UNSPECIFIED.,.F.,.F.,(4,3,2,4),(-0.000225515164595985,
0.,0.0378296921258996,0.060882240086841),.UNSPECIFIED.);
#123=B_SPLINE_CURVE_WITH_KNOTS('',3,(#10578,#10579,#10580,#10581,#10582,
#10583,#10584,#10585,#10586,#10587),.UNSPECIFIED.,.F.,.F.,(4,2,2,2,4),(-0.478148482341606,
-0.35715698228989,-0.23615342071126,-0.11807671035563,-0.0467063298604925),
 .UNSPECIFIED.);
#124=B_SPLINE_CURVE_WITH_KNOTS('',3,(#10597,#10598,#10599,#10600,#10601,
#10602,#10603,#10604,#10605,#10606),.UNSPECIFIED.,.F.,.F.,(4,2,2,2,4),(0.619667519531992,
0.6765054900281,0.810279841558091,1.09234639674639,1.3674681504598),
 .UNSPECIFIED.);
#125=B_SPLINE_CURVE_WITH_KNOTS('',3,(#10610,#10611,#10612,#10613,#10614,
#10615,#10616,#10617,#10618,#10619),.UNSPECIFIED.,.F.,.F.,(4,2,2,2,4),(-1.41926493437915,
-1.30289222826781,-1.21823066613974,-0.94321818433013,-0.704363393827621),
 .UNSPECIFIED.);
#126=B_SPLINE_CURVE_WITH_KNOTS('',3,(#10623,#10624,#10625,#10626),
 .UNSPECIFIED.,.F.,.F.,(4,4),(-0.00559298989700066,0.),.UNSPECIFIED.);
#127=B_SPLINE_CURVE_WITH_KNOTS('',3,(#10629,#10630,#10631,#10632),
 .UNSPECIFIED.,.F.,.F.,(4,4),(-0.44917463065041,-0.258111389359751),
 .UNSPECIFIED.);
#128=B_SPLINE_CURVE_WITH_KNOTS('',3,(#10634,#10635,#10636,#10637),
 .UNSPECIFIED.,.F.,.F.,(4,4),(0.,0.197437018717881),.UNSPECIFIED.);
#129=B_SPLINE_CURVE_WITH_KNOTS('',3,(#10670,#10671,#10672,#10673),
 .UNSPECIFIED.,.F.,.F.,(4,4),(0.279656995605627,0.44917463065041),
 .UNSPECIFIED.);
#130=B_SPLINE_CURVE_WITH_KNOTS('',3,(#10692,#10693,#10694,#10695,#10696,
#10697,#10698),.UNSPECIFIED.,.F.,.F.,(4,3,4),(-0.411437314180389,-0.324793320102451,
-0.254822167065076),.UNSPECIFIED.);
#131=B_SPLINE_CURVE_WITH_KNOTS('',3,(#10699,#10700,#10701,#10702),
 .UNSPECIFIED.,.F.,.F.,(4,4),(0.100727383738961,1.00060478858946),
 .UNSPECIFIED.);
#132=B_SPLINE_CURVE_WITH_KNOTS('',3,(#10705,#10706,#10707,#10708,#10709,
#10710,#10711,#10712),.UNSPECIFIED.,.F.,.F.,(4,2,2,4),(-0.624693753371372,
-0.504659354681446,-0.258342920458167,0.),.UNSPECIFIED.);
#133=B_SPLINE_CURVE_WITH_KNOTS('',3,(#10718,#10719,#10720,#10721),
 .UNSPECIFIED.,.F.,.F.,(4,4),(0.930057402559607,0.976537153888581),
 .UNSPECIFIED.);
#134=B_SPLINE_CURVE_WITH_KNOTS('',3,(#10727,#10728,#10729,#10730,#10731,
#10732,#10733,#10734,#10735,#10736),.UNSPECIFIED.,.F.,.F.,(4,2,2,2,4),(-0.965330012050596,
-0.830405994491283,-0.69565729603939,-0.458719006591889,-0.341385065049485),
 .UNSPECIFIED.);
#135=B_SPLINE_CURVE_WITH_KNOTS('',3,(#10762,#10763,#10764,#10765),
 .UNSPECIFIED.,.F.,.F.,(4,4),(0.0193572720903491,0.247971545501483),
 .UNSPECIFIED.);
#136=B_SPLINE_CURVE_WITH_KNOTS('',3,(#10767,#10768,#10769,#10770),
 .UNSPECIFIED.,.F.,.F.,(4,4),(0.0202410838605175,0.265680907602672),
 .UNSPECIFIED.);
#137=B_SPLINE_CURVE_WITH_KNOTS('',3,(#10773,#10774,#10775,#10776,#10777,
#10778),.UNSPECIFIED.,.F.,.F.,(4,2,4),(-0.0240708765534441,-0.0120367810692654,
0.),.UNSPECIFIED.);
#138=B_SPLINE_CURVE_WITH_KNOTS('',3,(#10840,#10841,#10842,#10843,#10844,
#10845),.UNSPECIFIED.,.F.,.F.,(4,2,4),(0.414256256571632,0.695651935676678,
0.825164880798713),.UNSPECIFIED.);
#139=B_SPLINE_CURVE_WITH_KNOTS('',3,(#10848,#10849,#10850,#10851,#10852,
#10853,#10854,#10855,#10856,#10857),.UNSPECIFIED.,.F.,.F.,(4,2,2,2,4),(-0.825164880798713,
-0.695651935676678,-0.325062377279391,0.,0.020241083860502),
 .UNSPECIFIED.);
#140=B_SPLINE_CURVE_WITH_KNOTS('',3,(#10862,#10863,#10864,#10865),
 .UNSPECIFIED.,.F.,.F.,(4,4),(-0.142733846588913,0.),.UNSPECIFIED.);
#141=B_SPLINE_CURVE_WITH_KNOTS('',3,(#10875,#10876,#10877,#10878,#10879,
#10880),.UNSPECIFIED.,.F.,.F.,(4,2,4),(-1.60596910438641,-0.802984507728551,
0.),.UNSPECIFIED.);
#142=B_SPLINE_CURVE_WITH_KNOTS('',3,(#10886,#10887,#10888,#10889,#10890,
#10891,#10892),.UNSPECIFIED.,.F.,.F.,(4,3,4),(-0.156615145943358,-0.0699711524936518,
0.),.UNSPECIFIED.);
#143=B_SPLINE_CURVE_WITH_KNOTS('',3,(#10894,#10895,#10896,#10897,#10898,
#10899,#10900,#10901,#10902,#10903,#10904,#10905,#10906,#10907,#10908,#10909),
 .UNSPECIFIED.,.F.,.F.,(4,3,3,3,3,4),(-0.230233472891818,-0.172675104668864,
-0.116471795723883,-0.0582358978619416,-0.00295626975194824,0.),
 .UNSPECIFIED.);
#144=B_SPLINE_CURVE_WITH_KNOTS('',3,(#10933,#10934,#10935,#10936,#10937,
#10938),.UNSPECIFIED.,.F.,.F.,(4,2,4),(-0.900717475932815,-0.450658098681559,
-0.000801878089581487),.UNSPECIFIED.);
#145=B_SPLINE_CURVE_WITH_KNOTS('',3,(#10940,#10941,#10942,#10943),
 .UNSPECIFIED.,.F.,.F.,(4,4),(-0.449174630650392,-0.279656870443453),
 .UNSPECIFIED.);
#146=B_SPLINE_CURVE_WITH_KNOTS('',3,(#10944,#10945,#10946,#10947),
 .UNSPECIFIED.,.F.,.F.,(4,4),(0.100727383738961,1.00060478858945),
 .UNSPECIFIED.);
#147=B_SPLINE_CURVE_WITH_KNOTS('',3,(#10969,#10970,#10971,#10972),
 .UNSPECIFIED.,.F.,.F.,(4,4),(0.136461377142641,0.258083434388668),
 .UNSPECIFIED.);
#148=B_SPLINE_CURVE_WITH_KNOTS('',3,(#10974,#10975,#10976,#10977),
 .UNSPECIFIED.,.F.,.F.,(4,4),(0.258083434388668,0.449174630650392),
 .UNSPECIFIED.);
#149=B_SPLINE_CURVE_WITH_KNOTS('',3,(#10979,#10980,#10981,#10982,#10983,
#10984,#10985,#10986,#10987,#10988,#10989,#10990,#10991,#10992,#10993,#10994,
#10995,#10996,#10997,#10998,#10999,#11000,#11001,#11002,#11003,#11004,#11005,
#11006,#11007,#11008,#11009,#11010,#11011,#11012,#11013,#11014,#11015,#11016,
#11017,#11018),.UNSPECIFIED.,.F.,.F.,(4,3,3,3,3,3,3,3,3,3,3,3,3,4),(-0.159389825842872,
-0.146412100247272,-0.132980921445607,-0.120303320249967,-0.106890829359432,
-0.0934049056107382,-0.080861459520968,-0.068763251894331,-0.0554880104737361,
-0.0419448104950851,-0.0405777665871007,-0.0270346005138309,-0.0134748454369609,
-0.00521821213162564),.UNSPECIFIED.);
#150=B_SPLINE_CURVE_WITH_KNOTS('',3,(#11035,#11036,#11037,#11038),
 .UNSPECIFIED.,.F.,.F.,(4,4),(-0.197437018717875,-4.71764154784305E-16),
 .UNSPECIFIED.);
#151=B_SPLINE_CURVE_WITH_KNOTS('',3,(#11050,#11051,#11052,#11053,#11054,
#11055,#11056,#11057,#11058,#11059,#11060,#11061,#11062,#11063,#11064,#11065),
 .UNSPECIFIED.,.F.,.F.,(4,3,3,3,3,4),(-0.916442920350968,-0.860666090053007,
-0.80459400410806,-0.748752108519377,-0.723198104872748,-0.686646513656856),
 .UNSPECIFIED.);
#152=B_SPLINE_CURVE_WITH_KNOTS('',3,(#11101,#11102,#11103,#11104),
 .UNSPECIFIED.,.F.,.F.,(4,4),(0.,0.142733846588913),.UNSPECIFIED.);
#153=B_SPLINE_CURVE_WITH_KNOTS('',3,(#11115,#11116,#11117,#11118,#11119,
#11120),.UNSPECIFIED.,.F.,.F.,(4,2,4),(-0.552250266075179,-0.276125133037588,
0.),.UNSPECIFIED.);
#154=B_SPLINE_CURVE_WITH_KNOTS('',3,(#11122,#11123,#11124,#11125),
 .UNSPECIFIED.,.F.,.F.,(4,4),(-0.552250266075179,-0.546544669568567),
 .UNSPECIFIED.);
#155=B_SPLINE_CURVE_WITH_KNOTS('',3,(#11127,#11128,#11129,#11130),
 .UNSPECIFIED.,.F.,.F.,(4,4),(-0.552250266075179,-0.546544669568567),
 .UNSPECIFIED.);
#156=B_SPLINE_CURVE_WITH_KNOTS('',3,(#11192,#11193,#11194,#11195,#11196,
#11197,#11198),.UNSPECIFIED.,.F.,.F.,(4,3,4),(-1.71484767035606,-1.69461703137972,
-1.59877485430661),.UNSPECIFIED.);
#157=B_SPLINE_CURVE_WITH_KNOTS('',3,(#11200,#11201,#11202,#11203,#11204,
#11205,#11206,#11207,#11208,#11209,#11210,#11211,#11212,#11213,#11214,#11215,
#11216,#11217,#11218,#11219,#11220,#11221,#11222,#11223,#11224,#11225,#11226,
#11227,#11228,#11229,#11230),.UNSPECIFIED.,.F.,.F.,(4,3,3,3,3,3,3,3,3,3,
4),(-0.283898764306697,-0.280108206118799,-0.277539291692039,-0.228222169597756,
-0.175651715244338,-0.157609487092345,-0.101757960429319,-0.0417931994215938,
0.,0.00407558566637166,0.00650827087163871),.UNSPECIFIED.);
#158=B_SPLINE_CURVE_WITH_KNOTS('',3,(#11232,#11233,#11234,#11235,#11236,
#11237,#11238),.UNSPECIFIED.,.F.,.F.,(4,3,4),(-2.10584442171168,-1.93400578486307,
-1.91660515374468),.UNSPECIFIED.);
#159=B_SPLINE_CURVE_WITH_KNOTS('',3,(#11240,#11241,#11242,#11243,#11244,
#11245,#11246),.UNSPECIFIED.,.F.,.F.,(4,3,4),(-2.31716592308657,-2.13629312027002,
-2.10584442171168),.UNSPECIFIED.);
#160=B_SPLINE_CURVE_WITH_KNOTS('',3,(#11248,#11249,#11250,#11251),
 .UNSPECIFIED.,.F.,.F.,(4,4),(-2.35928464044698,-2.31716592308657),
 .UNSPECIFIED.);
#161=B_SPLINE_CURVE_WITH_KNOTS('',3,(#11255,#11256,#11257,#11258,#11259,
#11260),.UNSPECIFIED.,.F.,.F.,(4,2,4),(-0.0372284360801399,-0.03718879836806,
1.10910277444554E-14),.UNSPECIFIED.);
#162=B_SPLINE_CURVE_WITH_KNOTS('',3,(#11262,#11263,#11264,#11265,#11266,
#11267),.UNSPECIFIED.,.F.,.F.,(4,2,4),(-0.270004914560639,-0.269998778736456,
-0.0372284360801399),.UNSPECIFIED.);
#163=B_SPLINE_CURVE_WITH_KNOTS('',3,(#11269,#11270,#11271,#11272),
 .UNSPECIFIED.,.F.,.F.,(4,4),(-0.513608505090696,-0.270004914560639),
 .UNSPECIFIED.);
#164=B_SPLINE_CURVE_WITH_KNOTS('',3,(#11274,#11275,#11276,#11277,#11278,
#11279,#11280,#11281,#11282),.UNSPECIFIED.,.F.,.F.,(4,2,1,2,4),(-0.743793795340288,
-0.743610997538835,-0.628925814491602,-0.514240631444368,-0.513608505090696),
 .UNSPECIFIED.);
#165=B_SPLINE_CURVE_WITH_KNOTS('',3,(#11284,#11285,#11286,#11287,#11288,
#11289),.UNSPECIFIED.,.F.,.F.,(4,2,4),(-0.96373178769219,-0.963204982511959,
-0.743793795340288),.UNSPECIFIED.);
#166=B_SPLINE_CURVE_WITH_KNOTS('',3,(#11291,#11292,#11293,#11294,#11295,
#11296),.UNSPECIFIED.,.F.,.F.,(4,2,4),(-1.18259364534551,-1.18234066068267,
-0.96373178769219),.UNSPECIFIED.);
#167=B_SPLINE_CURVE_WITH_KNOTS('',3,(#11298,#11299,#11300,#11301,#11302,
#11303),.UNSPECIFIED.,.F.,.F.,(4,2,4),(-1.31746963888782,-1.31688676880105,
-1.18259364534551),.UNSPECIFIED.);
#168=B_SPLINE_CURVE_WITH_KNOTS('',3,(#11305,#11306,#11307,#11308,#11309,
#11310,#11311,#11312,#11313,#11314),.UNSPECIFIED.,.F.,.F.,(4,2,1,1,1,1,
4),(-1.49287580222362,-1.49260702976061,-1.48162451345063,-1.47064199714066,
-1.44867696452072,-1.40474689928083,-1.31746963888782),.UNSPECIFIED.);
#169=B_SPLINE_CURVE_WITH_KNOTS('',3,(#11316,#11317,#11318,#11319,#11320),
 .UNSPECIFIED.,.F.,.F.,(4,1,4),(-1.56568850749638,-1.52926471698028,-1.49287580222362),
 .UNSPECIFIED.);
#170=B_SPLINE_CURVE_WITH_KNOTS('',3,(#11322,#11323,#11324,#11325,#11326,
#11327,#11328,#11329,#11330,#11331,#11332,#11333),.UNSPECIFIED.,.F.,.F.,
(4,2,1,1,1,1,2,4),(-1.69037881505418,-1.69037583102697,-1.68259749185028,
-1.67481915267359,-1.65926247432022,-1.62814911761346,-1.56592240419995,
-1.56568850749638),.UNSPECIFIED.);
#171=B_SPLINE_CURVE_WITH_KNOTS('',3,(#11334,#11335,#11336,#11337),
 .UNSPECIFIED.,.F.,.F.,(4,4),(-1.70821557400565,-1.69037881505418),
 .UNSPECIFIED.);
#172=B_SPLINE_CURVE_WITH_KNOTS('',3,(#11344,#11345,#11346,#11347,#11348,
#11349,#11350,#11351,#11352,#11353,#11354,#11355,#11356,#11357,#11358,#11359,
#11360,#11361,#11362,#11363,#11364,#11365,#11366,#11367,#11368,#11369,#11370,
#11371,#11372,#11373,#11374,#11375,#11376,#11377,#11378,#11379,#11380),
 .UNSPECIFIED.,.F.,.F.,(4,3,3,3,3,3,3,3,3,3,3,3,4),(-0.249556736044241,
-0.247798593023802,-0.24675491050888,-0.203633036842179,-0.16946597490891,
-0.129178372797671,-0.111496135530453,-0.0736603748126653,-0.048710402048257,
-0.0130160836007682,0.,0.00160323071268099,0.00273569454991524),
 .UNSPECIFIED.);
#173=B_SPLINE_CURVE_WITH_KNOTS('',3,(#11382,#11383,#11384,#11385,#11386,
#11387,#11388,#11389,#11390,#11391,#11392,#11393,#11394,#11395,#11396,#11397,
#11398,#11399,#11400,#11401,#11402,#11403,#11404,#11405,#11406,#11407,#11408,
#11409),.UNSPECIFIED.,.F.,.F.,(4,3,3,3,3,3,3,3,3,4),(-0.138783235250745,
-0.134235084157244,-0.131281305687411,-0.112097692548517,-0.0720385141846585,
-0.0591480171405911,-0.0170237019672146,0.,0.00481706649308135,0.0076553076637387),
 .UNSPECIFIED.);
#174=B_SPLINE_CURVE_WITH_KNOTS('',3,(#11416,#11417,#11418,#11419,#11420,
#11421,#11422),.UNSPECIFIED.,.F.,.F.,(4,3,4),(-1.19648446849542,-1.01118207368753,
-0.997682623343498),.UNSPECIFIED.);
#175=B_SPLINE_CURVE_WITH_KNOTS('',3,(#11428,#11429,#11430,#11431),
 .UNSPECIFIED.,.F.,.F.,(4,4),(-1.5987748542948,-1.48282915162189),
 .UNSPECIFIED.);
#176=B_SPLINE_CURVE_WITH_KNOTS('',3,(#11484,#11485,#11486,#11487,#11488,
#11489),.UNSPECIFIED.,.F.,.F.,(4,2,4),(-1.48282915162189,-1.36421164201362,
-1.19648446849542),.UNSPECIFIED.);
#177=B_SPLINE_CURVE_WITH_KNOTS('',3,(#11490,#11491,#11492,#11493,#11494,
#11495,#11496),.UNSPECIFIED.,.F.,.F.,(4,3,4),(-0.997682623343498,-0.769729038576835,
-0.68677534413514),.UNSPECIFIED.);
#178=B_SPLINE_CURVE_WITH_KNOTS('',3,(#11497,#11498,#11499,#11500,#11501,
#11502,#11503),.UNSPECIFIED.,.F.,.F.,(4,3,4),(-0.282413558820155,-0.228170943695014,
0.),.UNSPECIFIED.);
#179=B_SPLINE_CURVE_WITH_KNOTS('',3,(#11505,#11506,#11507,#11508,#11509,
#11510,#11511,#11512,#11513,#11514),.UNSPECIFIED.,.F.,.F.,(4,1,1,1,1,1,
1,4),(1.60596901570114,1.71847591691197,1.83098281812281,1.88723626872823,
1.94348971933365,2.05599662054449,2.28101042296616,2.42837689904827),
 .UNSPECIFIED.);
#180=B_SPLINE_CURVE_WITH_KNOTS('',3,(#11515,#11516,#11517,#11518,#11519,
#11520,#11521),.UNSPECIFIED.,.F.,.F.,(4,1,1,1,4),(2.4283768990484,2.50602422538784,
2.73103802780951,2.95605183023119,3.18106563265287),.UNSPECIFIED.);
#181=B_SPLINE_CURVE_WITH_KNOTS('',3,(#11572,#11573,#11574,#11575),
 .UNSPECIFIED.,.F.,.F.,(4,4),(0.91230673808047,1.23119974136353),
 .UNSPECIFIED.);
#182=B_SPLINE_CURVE_WITH_KNOTS('',3,(#11590,#11591,#11592,#11593,#11594,
#11595,#11596,#11597,#11598,#11599,#11600,#11601,#11602,#11603,#11604,#11605),
 .UNSPECIFIED.,.F.,.F.,(4,3,3,3,3,4),(1.44733080242329,1.50795327811887,
1.53170777457024,1.60284046960502,1.67260579387804,1.71796195786816),
 .UNSPECIFIED.);
#183=B_SPLINE_CURVE_WITH_KNOTS('',3,(#11607,#11608,#11609,#11610),
 .UNSPECIFIED.,.F.,.F.,(4,4),(1.63219001712829,1.77847928758137),
 .UNSPECIFIED.);
#184=B_SPLINE_CURVE_WITH_KNOTS('',3,(#11612,#11613,#11614,#11615),
 .UNSPECIFIED.,.F.,.F.,(4,4),(1.98573405387378,1.98579385817162),
 .UNSPECIFIED.);
#185=B_SPLINE_CURVE_WITH_KNOTS('',3,(#11617,#11618,#11619,#11620),
 .UNSPECIFIED.,.F.,.F.,(4,4),(1.59616911424434,1.59784848244166),
 .UNSPECIFIED.);
#186=B_SPLINE_CURVE_WITH_KNOTS('',3,(#11622,#11623,#11624,#11625),
 .UNSPECIFIED.,.F.,.F.,(4,4),(1.27250394206396,1.61498709524475),
 .UNSPECIFIED.);
#187=B_SPLINE_CURVE_WITH_KNOTS('',3,(#11627,#11628,#11629,#11630),
 .UNSPECIFIED.,.F.,.F.,(4,4),(-0.684624696558477,-0.267003567773778),
 .UNSPECIFIED.);
#188=B_SPLINE_CURVE_WITH_KNOTS('',3,(#11666,#11667,#11668,#11669,#11670,
#11671),.UNSPECIFIED.,.F.,.F.,(4,2,4),(0.24115266610032,0.426162067503578,
0.607164314531395),.UNSPECIFIED.);
#189=B_SPLINE_CURVE_WITH_KNOTS('',3,(#11673,#11674,#11675,#11676,#11677,
#11678,#11679),.UNSPECIFIED.,.F.,.F.,(4,3,4),(-0.249801815563301,-0.230429504325371,
-0.218323207732007),.UNSPECIFIED.);
#190=B_SPLINE_CURVE_WITH_KNOTS('',3,(#11706,#11707,#11708,#11709),
 .UNSPECIFIED.,.F.,.F.,(4,4),(0.70710724773992,2.62719944945177),
 .UNSPECIFIED.);
#191=B_SPLINE_CURVE_WITH_KNOTS('',3,(#11784,#11785,#11786,#11787),
 .UNSPECIFIED.,.F.,.F.,(4,4),(-0.197437018717881,0.),.UNSPECIFIED.);
#192=B_SPLINE_CURVE_WITH_KNOTS('',3,(#11792,#11793,#11794,#11795),
 .UNSPECIFIED.,.F.,.F.,(4,4),(1.06956137478536,1.96934415898539),
 .UNSPECIFIED.);
#193=B_SPLINE_CURVE_WITH_KNOTS('',3,(#11838,#11839,#11840,#11841),
 .UNSPECIFIED.,.F.,.F.,(4,4),(4.71764154784305E-16,0.197437018717875),
 .UNSPECIFIED.);
#194=B_SPLINE_CURVE_WITH_KNOTS('',3,(#11858,#11859,#11860,#11861),
 .UNSPECIFIED.,.F.,.F.,(4,4),(1.06956137478536,1.96934415898538),
 .UNSPECIFIED.);
#195=B_SPLINE_CURVE_WITH_KNOTS('',3,(#12067,#12068,#12069,#12070,#12071,
#12072,#12073),.UNSPECIFIED.,.F.,.F.,(4,3,4),(-0.534966281890651,-0.412986566419905,
-7.60279813549758E-8),.UNSPECIFIED.);
#196=B_SPLINE_CURVE_WITH_KNOTS('',3,(#12075,#12076,#12077,#12078),
 .UNSPECIFIED.,.F.,.F.,(4,4),(-0.933200358012283,-0.534966281890651),
 .UNSPECIFIED.);
#197=B_SPLINE_CURVE_WITH_KNOTS('',3,(#12080,#12081,#12082,#12083,#12084,
#12085,#12086),.UNSPECIFIED.,.F.,.F.,(4,3,4),(-1.62482540484466,-1.35599929944184,
-0.933200358012283),.UNSPECIFIED.);
#198=B_SPLINE_CURVE_WITH_KNOTS('',3,(#12088,#12089,#12090,#12091,#12092,
#12093,#12094),.UNSPECIFIED.,.F.,.F.,(4,3,4),(-2.20039917175707,-1.85501392862199,
-1.62482540484466),.UNSPECIFIED.);
#199=B_SPLINE_CURVE_WITH_KNOTS('',3,(#12096,#12097,#12098,#12099,#12100,
#12101,#12102),.UNSPECIFIED.,.F.,.F.,(4,3,4),(-2.72439539833857,-2.34414058786404,
-2.20039917175707),.UNSPECIFIED.);
#200=B_SPLINE_CURVE_WITH_KNOTS('',3,(#12103,#12104,#12105,#12106,#12107,
#12108,#12109),.UNSPECIFIED.,.F.,.F.,(4,3,4),(-3.20893736816739,-2.79937694547358,
-2.72439539833857),.UNSPECIFIED.);
#201=B_SPLINE_CURVE_WITH_KNOTS('',3,(#12111,#12112,#12113,#12114),
 .UNSPECIFIED.,.F.,.F.,(4,4),(-2.62719965025492,-0.707107414247261),
 .UNSPECIFIED.);
#202=B_SPLINE_CURVE_WITH_KNOTS('',3,(#12116,#12117,#12118,#12119,#12120,
#12121,#12122,#12123,#12124,#12125,#12126,#12127,#12128,#12129,#12130,#12131,
#12132,#12133,#12134),.UNSPECIFIED.,.F.,.F.,(4,3,3,3,3,3,4),(0.,0.458305197857785,
1.37491559357335,1.83322079143114,2.29152598928892,2.74983118714671,3.20813638500449),
 .UNSPECIFIED.);
#203=B_SPLINE_CURVE_WITH_KNOTS('',3,(#12135,#12136,#12137,#12138),
 .UNSPECIFIED.,.F.,.F.,(4,4),(0.707107247739921,2.62719944945177),
 .UNSPECIFIED.);
#204=B_SPLINE_CURVE_WITH_KNOTS('',3,(#12143,#12144,#12145,#12146,#12147,
#12148),.UNSPECIFIED.,.F.,.F.,(4,2,4),(-5.01267434804205,-2.50633717217507,
0.),.UNSPECIFIED.);
#205=B_SPLINE_CURVE_WITH_KNOTS('',3,(#12155,#12156,#12157,#12158),
 .UNSPECIFIED.,.F.,.F.,(4,4),(0.91230673808047,1.23119974136353),
 .UNSPECIFIED.);
#206=B_SPLINE_CURVE_WITH_KNOTS('',3,(#12159,#12160,#12161,#12162,#12163,
#12164),.UNSPECIFIED.,.F.,.F.,(4,2,4),(-0.113086227775721,-0.0565431186890164,
-0.035851262213685),.UNSPECIFIED.);
#207=B_SPLINE_CURVE_WITH_KNOTS('',3,(#12209,#12210,#12211,#12212,#12213,
#12214,#12215),.UNSPECIFIED.,.F.,.F.,(4,3,4),(-0.249801815563301,-0.230429504325552,
-0.218323207732007),.UNSPECIFIED.);
#208=B_SPLINE_CURVE_WITH_KNOTS('',3,(#12217,#12218,#12219,#12220,#12221,
#12222),.UNSPECIFIED.,.F.,.F.,(4,2,4),(0.24115266610032,0.426162067503578,
0.607164314531395),.UNSPECIFIED.);
#209=B_SPLINE_CURVE_WITH_KNOTS('',3,(#12224,#12225,#12226,#12227),
 .UNSPECIFIED.,.F.,.F.,(4,4),(-0.684624696558477,-0.267003567773778),
 .UNSPECIFIED.);
#210=B_SPLINE_CURVE_WITH_KNOTS('',3,(#12478,#12479,#12480,#12481,#12482,
#12483,#12484),.UNSPECIFIED.,.F.,.F.,(4,1,1,1,4),(2.42837687048333,2.50602422538784,
2.73103802780951,2.95605183023119,3.18106563265287),.UNSPECIFIED.);
#211=B_SPLINE_CURVE_WITH_KNOTS('',3,(#12486,#12487,#12488,#12489),
 .UNSPECIFIED.,.F.,.F.,(4,4),(1.27250394206396,1.61498709524475),
 .UNSPECIFIED.);
#212=B_SPLINE_CURVE_WITH_KNOTS('',3,(#12491,#12492,#12493,#12494),
 .UNSPECIFIED.,.F.,.F.,(4,4),(1.59616911424434,1.59784848244166),
 .UNSPECIFIED.);
#213=B_SPLINE_CURVE_WITH_KNOTS('',3,(#12496,#12497,#12498,#12499),
 .UNSPECIFIED.,.F.,.F.,(4,4),(1.98573405387378,1.98579385817162),
 .UNSPECIFIED.);
#214=B_SPLINE_CURVE_WITH_KNOTS('',3,(#12501,#12502,#12503,#12504),
 .UNSPECIFIED.,.F.,.F.,(4,4),(1.63219001712829,1.77847928758137),
 .UNSPECIFIED.);
#215=B_SPLINE_CURVE_WITH_KNOTS('',3,(#12506,#12507,#12508,#12509,#12510,
#12511,#12512,#12513,#12514,#12515,#12516,#12517,#12518,#12519,#12520,#12521),
 .UNSPECIFIED.,.F.,.F.,(4,3,3,3,3,4),(1.44733080242329,1.50795327811883,
1.53170777457024,1.60284046960474,1.67260579387747,1.71796195786816),
 .UNSPECIFIED.);
#216=B_SPLINE_CURVE_WITH_KNOTS('',3,(#12535,#12536,#12537,#12538,#12539,
#12540,#12541,#12542,#12543,#12544),.UNSPECIFIED.,.F.,.F.,(4,1,1,1,1,1,
1,4),(1.60596901570114,1.71847591691197,1.83098281812281,1.88723626872823,
1.94348971933365,2.05599662054449,2.28101042296616,2.42837687048324),
 .UNSPECIFIED.);
#217=B_SPLINE_CURVE_WITH_KNOTS('',3,(#12607,#12608,#12609,#12610,#12611,
#12612,#12613,#12614),.UNSPECIFIED.,.F.,.F.,(4,2,2,4),(0.,0.110147483349931,
0.151706178326032,0.188069225312545),.UNSPECIFIED.);
#218=B_SPLINE_CURVE_WITH_KNOTS('',3,(#12668,#12669,#12670,#12671,#12672,
#12673,#12674),.UNSPECIFIED.,.F.,.F.,(4,3,4),(-0.282413558820155,-0.228170943695014,
0.),.UNSPECIFIED.);
#219=B_SPLINE_CURVE_WITH_KNOTS('',3,(#12676,#12677,#12678,#12679,#12680,
#12681,#12682,#12683,#12684,#12685,#12686,#12687,#12688,#12689,#12690,#12691,
#12692,#12693,#12694,#12695,#12696,#12697,#12698,#12699,#12700,#12701,#12702,
#12703,#12704,#12705,#12706,#12707,#12708,#12709,#12710,#12711,#12712,#12713,
#12714,#12715,#12716,#12717,#12718),.UNSPECIFIED.,.F.,.F.,(4,3,3,3,3,3,
3,3,3,3,3,3,3,3,4),(-0.249556736044241,-0.247800673422961,-0.24675491050888,
-0.212834380366684,-0.20903675808463,-0.17320320082125,-0.16946597490891,
-0.133631544190002,-0.111496135530453,-0.0748146954596307,-0.048710402048257,
-0.00894181837573628,0.,0.00165814305030585,0.00273569454991524),
 .UNSPECIFIED.);
#220=B_SPLINE_CURVE_WITH_KNOTS('',3,(#12720,#12721,#12722,#12723,#12724,
#12725,#12726,#12727,#12728,#12729,#12730,#12731,#12732,#12733,#12734,#12735,
#12736,#12737,#12738,#12739,#12740,#12741,#12742,#12743,#12744,#12745,#12746,
#12747),.UNSPECIFIED.,.F.,.F.,(4,3,3,3,3,3,3,3,3,4),(-0.138783235250745,
-0.134232990541031,-0.131281305687411,-0.112097692548517,-0.094579861308468,
-0.0591480171405911,-0.0251537163004194,0.,0.00483457837385041,0.0076553076637387),
 .UNSPECIFIED.);
#221=B_SPLINE_CURVE_WITH_KNOTS('',3,(#12749,#12750,#12751,#12752,#12753,
#12754,#12755),.UNSPECIFIED.,.F.,.F.,(4,3,4),(-0.997682623343498,-0.769729038576835,
-0.68677534413514),.UNSPECIFIED.);
#222=B_SPLINE_CURVE_WITH_KNOTS('',3,(#12757,#12758,#12759,#12760,#12761,
#12762,#12763),.UNSPECIFIED.,.F.,.F.,(4,3,4),(-1.19648446849542,-1.01118207368753,
-0.997682623343498),.UNSPECIFIED.);
#223=B_SPLINE_CURVE_WITH_KNOTS('',3,(#12765,#12766,#12767,#12768,#12769,
#12770),.UNSPECIFIED.,.F.,.F.,(4,2,4),(-1.48282915162189,-1.36421164201362,
-1.19648446849542),.UNSPECIFIED.);
#224=B_SPLINE_CURVE_WITH_KNOTS('',3,(#12782,#12783,#12784,#12785,#12786,
#12787,#12788,#12789,#12790,#12791,#12792,#12793,#12794,#12795,#12796,#12797,
#12798,#12799,#12800,#12801,#12802,#12803,#12804,#12805,#12806,#12807,#12808,
#12809,#12810,#12811,#12812,#12813,#12814,#12815),.UNSPECIFIED.,.F.,.F.,
(4,3,3,3,3,3,3,3,3,3,3,4),(-0.283898764306697,-0.280112431217629,-0.277539291692039,
-0.233228756285064,-0.187717266872842,-0.157609487092345,-0.111605401840343,
-0.0648983298176289,-0.0175857886003122,0.,0.00405011094248291,0.00650827087163871),
 .UNSPECIFIED.);
#225=B_SPLINE_CURVE_WITH_KNOTS('',3,(#12817,#12818,#12819,#12820,#12821,
#12822,#12823),.UNSPECIFIED.,.F.,.F.,(4,3,4),(-2.10584442171168,-1.93400578486307,
-1.91660515374468),.UNSPECIFIED.);
#226=B_SPLINE_CURVE_WITH_KNOTS('',3,(#12825,#12826,#12827,#12828,#12829,
#12830,#12831),.UNSPECIFIED.,.F.,.F.,(4,3,4),(-2.31716592308657,-2.13629312027002,
-2.10584442171168),.UNSPECIFIED.);
#227=B_SPLINE_CURVE_WITH_KNOTS('',3,(#12832,#12833,#12834,#12835),
 .UNSPECIFIED.,.F.,.F.,(4,4),(-2.35928464044698,-2.31716592308657),
 .UNSPECIFIED.);
#228=B_SPLINE_CURVE_WITH_KNOTS('',3,(#12890,#12891,#12892,#12893,#12894,
#12895),.UNSPECIFIED.,.F.,.F.,(4,2,4),(-0.295845364169131,-0.295705526184225,
0.),.UNSPECIFIED.);
#229=B_SPLINE_CURVE_WITH_KNOTS('',3,(#12896,#12897,#12898,#12899,#12900,
#12901,#12902,#12903,#12904,#12905),.UNSPECIFIED.,.F.,.F.,(4,2,2,2,4),(-0.825164880798713,
-0.695651935676678,-0.325062377279391,0.,0.0193572720903337),
 .UNSPECIFIED.);
#230=B_SPLINE_CURVE_WITH_KNOTS('',3,(#12907,#12908,#12909,#12910,#12911,
#12912),.UNSPECIFIED.,.F.,.F.,(4,2,4),(-1.6243613789175,-1.62279561419372,
-1.17657927572381),.UNSPECIFIED.);
#231=B_SPLINE_CURVE_WITH_KNOTS('',3,(#12914,#12915,#12916,#12917,#12918,
#12919,#12920,#12921),.UNSPECIFIED.,.F.,.F.,(4,2,2,4),(-1.17657927572381,
-1.17613285288723,-0.843011201481497,-0.842816178183592),.UNSPECIFIED.);
#232=B_SPLINE_CURVE_WITH_KNOTS('',3,(#12922,#12923,#12924,#12925),
 .UNSPECIFIED.,.F.,.F.,(4,4),(-0.842816178183592,-0.295845364169131),
 .UNSPECIFIED.);
#233=B_SPLINE_CURVE_WITH_KNOTS('',3,(#12975,#12976,#12977,#12978),
 .UNSPECIFIED.,.F.,.F.,(4,4),(0.,0.142733846588913),.UNSPECIFIED.);
#234=B_SPLINE_CURVE_WITH_KNOTS('',3,(#12980,#12981,#12982,#12983),
 .UNSPECIFIED.,.F.,.F.,(4,4),(-1.70821557400565,-1.69037881455675),
 .UNSPECIFIED.);
#235=B_SPLINE_CURVE_WITH_KNOTS('',3,(#12985,#12986,#12987,#12988,#12989,
#12990,#12991,#12992,#12993,#12994,#12995,#12996),.UNSPECIFIED.,.F.,.F.,
(4,2,1,1,1,1,2,4),(-1.69037881455675,-1.69037583102697,-1.68259749185028,
-1.67481915267359,-1.65926247432022,-1.62814911761346,-1.56592240419995,
-1.56568847264257),.UNSPECIFIED.);
#236=B_SPLINE_CURVE_WITH_KNOTS('',3,(#12998,#12999,#13000,#13001,#13002),
 .UNSPECIFIED.,.F.,.F.,(4,1,4),(-1.56568847264257,-1.52926471698028,-1.49287574106593),
 .UNSPECIFIED.);
#237=B_SPLINE_CURVE_WITH_KNOTS('',3,(#13004,#13005,#13006,#13007,#13008,
#13009,#13010,#13011,#13012,#13013),.UNSPECIFIED.,.F.,.F.,(4,2,1,1,1,1,
4),(-1.49287574106593,-1.49260702976061,-1.48162451345063,-1.47064199714066,
-1.44867696452072,-1.40474689928083,-1.31746954463022),.UNSPECIFIED.);
#238=B_SPLINE_CURVE_WITH_KNOTS('',3,(#13015,#13016,#13017,#13018,#13019,
#13020),.UNSPECIFIED.,.F.,.F.,(4,2,4),(-1.31746954463022,-1.31688676880105,
-1.18259355330048),.UNSPECIFIED.);
#239=B_SPLINE_CURVE_WITH_KNOTS('',3,(#13022,#13023,#13024,#13025,#13026,
#13027),.UNSPECIFIED.,.F.,.F.,(4,2,4),(-1.18259355330048,-1.18234066068267,
-0.963731742765967),.UNSPECIFIED.);
#240=B_SPLINE_CURVE_WITH_KNOTS('',3,(#13029,#13030,#13031,#13032,#13033,
#13034),.UNSPECIFIED.,.F.,.F.,(4,2,4),(-0.963731742765967,-0.963204982511959,
-0.743793842217451),.UNSPECIFIED.);
#241=B_SPLINE_CURVE_WITH_KNOTS('',3,(#13036,#13037,#13038,#13039,#13040,
#13041,#13042,#13043,#13044),.UNSPECIFIED.,.F.,.F.,(4,2,1,2,4),(-0.743793842217451,
-0.743610997538835,-0.628925814491602,-0.514240631444368,-0.513608565661654),
 .UNSPECIFIED.);
#242=B_SPLINE_CURVE_WITH_KNOTS('',3,(#13046,#13047,#13048,#13049),
 .UNSPECIFIED.,.F.,.F.,(4,4),(-0.513608565661654,-0.270004926167897),
 .UNSPECIFIED.);
#243=B_SPLINE_CURVE_WITH_KNOTS('',3,(#13051,#13052,#13053,#13054,#13055,
#13056),.UNSPECIFIED.,.F.,.F.,(4,2,4),(-0.270004926167897,-0.269998778736456,
-0.0372284362271241),.UNSPECIFIED.);
#244=B_SPLINE_CURVE_WITH_KNOTS('',3,(#13057,#13058,#13059,#13060,#13061,
#13062),.UNSPECIFIED.,.F.,.F.,(4,2,4),(-0.0372284362271241,-0.03718879836806,
1.10910277444554E-14),.UNSPECIFIED.);
#245=B_SPLINE_CURVE_WITH_KNOTS('',1,(#13102,#13103),.UNSPECIFIED.,.F.,.F.,
(2,2),(0.283018251342093,1.81307692937154),.UNSPECIFIED.);
#246=B_SPLINE_CURVE_WITH_KNOTS('',3,(#13153,#13154,#13155,#13156,#13157,
#13158,#13159,#13160,#13161,#13162,#13163,#13164,#13165,#13166,#13167,#13168,
#13169,#13170,#13171),.UNSPECIFIED.,.F.,.F.,(4,3,3,3,3,3,4),(0.,0.458305197857785,
1.37491559357335,1.83322079143114,2.29152598928892,2.74983118714671,3.20813638500449),
 .UNSPECIFIED.);
#247=B_SPLINE_CURVE_WITH_KNOTS('',3,(#13349,#13350,#13351,#13352),
 .UNSPECIFIED.,.F.,.F.,(4,4),(-2.62719965025492,-0.707107414247261),
 .UNSPECIFIED.);
#248=B_SPLINE_CURVE_WITH_KNOTS('',3,(#13390,#13391,#13392,#13393,#13394,
#13395,#13396),.UNSPECIFIED.,.F.,.F.,(4,3,4),(-0.534966281890651,-0.412986566419911,
-7.60279813549758E-8),.UNSPECIFIED.);
#249=B_SPLINE_CURVE_WITH_KNOTS('',3,(#13398,#13399,#13400,#13401,#13402,
#13403,#13404),.UNSPECIFIED.,.F.,.F.,(4,3,4),(-3.20893736816739,-2.79937694547357,
-2.72439539833857),.UNSPECIFIED.);
#250=B_SPLINE_CURVE_WITH_KNOTS('',3,(#13406,#13407,#13408,#13409,#13410,
#13411,#13412),.UNSPECIFIED.,.F.,.F.,(4,3,4),(-2.72439539833857,-2.34414058786402,
-2.20039917175707),.UNSPECIFIED.);
#251=B_SPLINE_CURVE_WITH_KNOTS('',3,(#13414,#13415,#13416,#13417,#13418,
#13419,#13420),.UNSPECIFIED.,.F.,.F.,(4,3,4),(-2.20039917175707,-1.85501392862198,
-1.62482540484466),.UNSPECIFIED.);
#252=B_SPLINE_CURVE_WITH_KNOTS('',3,(#13422,#13423,#13424,#13425,#13426,
#13427,#13428),.UNSPECIFIED.,.F.,.F.,(4,3,4),(-1.62482540484466,-1.35599929944184,
-0.933200358012283),.UNSPECIFIED.);
#253=B_SPLINE_CURVE_WITH_KNOTS('',3,(#13429,#13430,#13431,#13432),
 .UNSPECIFIED.,.F.,.F.,(4,4),(-0.933200358012283,-0.534966281890651),
 .UNSPECIFIED.);
#254=B_SPLINE_CURVE_WITH_KNOTS('',3,(#13635,#13636,#13637,#13638,#13639,
#13640,#13641,#13642),.UNSPECIFIED.,.F.,.F.,(4,2,2,4),(0.,0.110147483349931,
0.151706178326032,0.188069225312545),.UNSPECIFIED.);
#255=B_SPLINE_CURVE_WITH_KNOTS('',3,(#13681,#13682,#13683,#13684,#13685,
#13686),.UNSPECIFIED.,.F.,.F.,(4,2,4),(-0.295845364169124,-0.295705526184225,
0.),.UNSPECIFIED.);
#256=B_SPLINE_CURVE_WITH_KNOTS('',3,(#13688,#13689,#13690,#13691),
 .UNSPECIFIED.,.F.,.F.,(4,4),(-0.842816178183659,-0.295845364169135),
 .UNSPECIFIED.);
#257=B_SPLINE_CURVE_WITH_KNOTS('',3,(#13693,#13694,#13695,#13696,#13697,
#13698,#13699,#13700),.UNSPECIFIED.,.F.,.F.,(4,2,2,4),(-1.17657927572377,
-1.17613285288723,-0.843011201481497,-0.842816178183659),.UNSPECIFIED.);
#258=B_SPLINE_CURVE_WITH_KNOTS('',3,(#13701,#13702,#13703,#13704,#13705,
#13706),.UNSPECIFIED.,.F.,.F.,(4,2,4),(-1.6243613789175,-1.62279561419372,
-1.17657927572377),.UNSPECIFIED.);
#259=B_SPLINE_CURVE_WITH_KNOTS('',1,(#13734,#13735),.UNSPECIFIED.,.F.,.F.,
(2,2),(0.188678834228027,1.81307692937154),.UNSPECIFIED.);
#260=B_SPLINE_CURVE_WITH_KNOTS('',3,(#14465,#14466,#14467,#14468,#14469,
#14470,#14471,#14472,#14473,#14474,#14475),.UNSPECIFIED.,.F.,.F.,(4,2,2,
1,2,4),(0.0883613163503228,0.269998778736456,0.514240631444368,0.628925814491602,
0.743610997538835,0.759575658040261),.UNSPECIFIED.);
#261=B_SPLINE_CURVE_WITH_KNOTS('',3,(#14476,#14477,#14478,#14479,#14480,
#14481,#14482,#14483,#14484,#14485,#14486,#14487,#14488,#14489,#14490,#14491,
#14492,#14493,#14494,#14495,#14496,#14497,#14498,#14499,#14500),
 .UNSPECIFIED.,.F.,.F.,(4,2,2,2,1,1,1,1,2,1,2,1,1,1,1,2,4),(0.759575658040261,
0.963204982511959,1.18234066068267,1.31688676880105,1.40474689928083,1.44867696452072,
1.47064199714066,1.48162451345063,1.49260702976061,1.52926471698028,1.56592240419995,
1.62814911761346,1.65926247432022,1.67481915267359,1.68259749185028,1.69037583102697,
1.70821557400565),.UNSPECIFIED.);
#262=B_SPLINE_CURVE_WITH_KNOTS('',3,(#14503,#14504,#14505,#14506,#14507,
#14508,#14509,#14510),.UNSPECIFIED.,.F.,.F.,(4,2,2,4),(0.990253061029717,
1.17613285288723,1.62279561419372,1.6243613789175),.UNSPECIFIED.);
#263=B_SPLINE_CURVE_WITH_KNOTS('',3,(#14511,#14512,#14513,#14514,#14515,
#14516,#14517,#14518),.UNSPECIFIED.,.F.,.F.,(4,2,2,4),(0.,0.295705526184225,
0.843011201481497,0.990253061029717),.UNSPECIFIED.);
#264=B_SPLINE_CURVE_WITH_KNOTS('',3,(#14593,#14594,#14595,#14596,#14597,
#14598),.UNSPECIFIED.,.F.,.F.,(4,2,4),(0.432932635454462,0.695651935676678,
0.825164880798713),.UNSPECIFIED.);
#265=B_SPLINE_CURVE_WITH_KNOTS('',3,(#14602,#14603,#14604,#14605),
 .UNSPECIFIED.,.F.,.F.,(4,4),(-0.142733846588913,0.),.UNSPECIFIED.);
#266=B_SPLINE_CURVE_WITH_KNOTS('',3,(#14706,#14707,#14708,#14709,#14710,
#14711,#14712,#14713),.UNSPECIFIED.,.F.,.F.,(4,2,2,4),(0.,0.295705526184225,
0.843011201481497,0.9902530610296),.UNSPECIFIED.);
#267=B_SPLINE_CURVE_WITH_KNOTS('',3,(#14715,#14716,#14717,#14718,#14719,
#14720,#14721,#14722),.UNSPECIFIED.,.F.,.F.,(4,2,2,4),(0.990253061029601,
1.17613285288723,1.62279561419372,1.6243613789175),.UNSPECIFIED.);
#268=B_SPLINE_CURVE_WITH_KNOTS('',3,(#14990,#14991,#14992,#14993,#14994,
#14995,#14996,#14997,#14998,#14999,#15000,#15001,#15002,#15003,#15004,#15005,
#15006,#15007,#15008,#15009,#15010,#15011,#15012,#15013,#15014),
 .UNSPECIFIED.,.F.,.F.,(4,2,2,2,1,1,1,1,2,1,2,1,1,1,1,2,4),(0.759575656198811,
0.963204982511959,1.18234066068267,1.31688676880105,1.40474689928083,1.44867696452072,
1.47064199714066,1.48162451345063,1.49260702976061,1.52926471698028,1.56592240419995,
1.62814911761346,1.65926247432022,1.67481915267359,1.68259749185028,1.69037583102697,
1.70821557400565),.UNSPECIFIED.);
#269=B_SPLINE_CURVE_WITH_KNOTS('',3,(#15015,#15016,#15017,#15018,#15019,
#15020,#15021,#15022,#15023,#15024,#15025),.UNSPECIFIED.,.F.,.F.,(4,2,2,
1,2,4),(0.0883613167691281,0.269998778736456,0.514240631444368,0.628925814491602,
0.743610997538835,0.759575656198812),.UNSPECIFIED.);
#270=CYLINDRICAL_SURFACE('',#7729,8.8);
#271=CYLINDRICAL_SURFACE('',#7732,8.8);
#272=CYLINDRICAL_SURFACE('',#7738,8.8);
#273=CYLINDRICAL_SURFACE('',#7741,8.8);
#274=CYLINDRICAL_SURFACE('',#7758,1.);
#275=CYLINDRICAL_SURFACE('',#7765,1.);
#276=CYLINDRICAL_SURFACE('',#7792,1.00000000000007);
#277=CYLINDRICAL_SURFACE('',#7801,1.00000000000019);
#278=CYLINDRICAL_SURFACE('',#7805,8.8);
#279=CYLINDRICAL_SURFACE('',#7816,8.8);
#280=CYLINDRICAL_SURFACE('',#7825,6.);
#281=CYLINDRICAL_SURFACE('',#7828,3.);
#282=CYLINDRICAL_SURFACE('',#7834,3.);
#283=CYLINDRICAL_SURFACE('',#7849,1.);
#284=CYLINDRICAL_SURFACE('',#7851,1.);
#285=CYLINDRICAL_SURFACE('',#7855,1.);
#286=CYLINDRICAL_SURFACE('',#7857,1.);
#287=CYLINDRICAL_SURFACE('',#7859,1.);
#288=CYLINDRICAL_SURFACE('',#7863,1.);
#289=CYLINDRICAL_SURFACE('',#7887,5.14003887881875);
#290=CYLINDRICAL_SURFACE('',#7893,1.5);
#291=CYLINDRICAL_SURFACE('',#7953,2.34999999999999);
#292=CYLINDRICAL_SURFACE('',#7988,5.14003887881875);
#293=CYLINDRICAL_SURFACE('',#7994,1.5);
#294=CYLINDRICAL_SURFACE('',#8050,2.35);
#295=CYLINDRICAL_SURFACE('',#8097,3.50000000000001);
#296=CYLINDRICAL_SURFACE('',#8106,1.);
#297=CYLINDRICAL_SURFACE('',#8107,1.);
#298=CYLINDRICAL_SURFACE('',#8109,1.);
#299=CYLINDRICAL_SURFACE('',#8111,1.);
#300=CYLINDRICAL_SURFACE('',#8122,3.50000000000001);
#301=CYLINDRICAL_SURFACE('',#8143,4.36823669300779);
#302=CYLINDRICAL_SURFACE('',#8144,3.86823669300782);
#303=CYLINDRICAL_SURFACE('',#8148,4.36823669300779);
#304=CYLINDRICAL_SURFACE('',#8149,3.86823669300782);
#305=CYLINDRICAL_SURFACE('',#8160,1.);
#306=CYLINDRICAL_SURFACE('',#8165,1.);
#307=CYLINDRICAL_SURFACE('',#8168,0.5);
#308=CYLINDRICAL_SURFACE('',#8170,1.);
#309=CYLINDRICAL_SURFACE('',#8175,0.5);
#310=CYLINDRICAL_SURFACE('',#8177,1.);
#311=CYLINDRICAL_SURFACE('',#8188,0.789);
#312=CYLINDRICAL_SURFACE('',#8190,0.764342800714104);
#313=CYLINDRICAL_SURFACE('',#8192,0.789);
#314=CYLINDRICAL_SURFACE('',#8195,0.789000000000001);
#315=CYLINDRICAL_SURFACE('',#8200,0.764342800713962);
#316=CYLINDRICAL_SURFACE('',#8201,0.789);
#317=CYLINDRICAL_SURFACE('',#8223,12.9);
#318=CYLINDRICAL_SURFACE('',#8228,6.);
#319=CYLINDRICAL_SURFACE('',#8230,12.9);
#320=FACE_BOUND('',#852,.T.);
#321=FACE_BOUND('',#858,.T.);
#322=FACE_BOUND('',#869,.T.);
#323=FACE_BOUND('',#870,.T.);
#324=FACE_BOUND('',#871,.T.);
#325=FACE_BOUND('',#872,.T.);
#326=FACE_BOUND('',#873,.T.);
#327=FACE_BOUND('',#1023,.T.);
#328=FACE_BOUND('',#1109,.T.);
#329=FACE_BOUND('',#1150,.T.);
#330=FACE_BOUND('',#1164,.T.);
#331=FACE_BOUND('',#1166,.T.);
#332=FACE_BOUND('',#1177,.T.);
#333=FACE_BOUND('',#1192,.T.);
#334=FACE_BOUND('',#1196,.T.);
#335=FACE_BOUND('',#1205,.T.);
#336=FACE_BOUND('',#1214,.T.);
#337=FACE_BOUND('',#1236,.T.);
#338=FACE_BOUND('',#1240,.T.);
#339=CIRCLE('',#7728,3.50000000000001);
#340=CIRCLE('',#7730,8.80000000329825);
#341=CIRCLE('',#7731,8.80000000659651);
#342=CIRCLE('',#7733,8.80000000329825);
#343=CIRCLE('',#7734,8.80000000329825);
#344=CIRCLE('',#7735,8.80000000659651);
#345=CIRCLE('',#7736,8.8);
#346=CIRCLE('',#7737,8.80000000659651);
#347=CIRCLE('',#7739,8.80000000329826);
#348=CIRCLE('',#7740,8.80000000659651);
#349=CIRCLE('',#7742,8.80000000329826);
#350=CIRCLE('',#7743,8.80000000329826);
#351=CIRCLE('',#7744,8.80000000659651);
#352=CIRCLE('',#7745,8.8);
#353=CIRCLE('',#7746,8.80000000659651);
#354=CIRCLE('',#7747,8.80000000659651);
#355=CIRCLE('',#7749,8.80000000000178);
#356=CIRCLE('',#7750,8.80000000000178);
#357=CIRCLE('',#7751,8.80000000659651);
#358=CIRCLE('',#7753,1.);
#359=CIRCLE('',#7754,1.);
#360=CIRCLE('',#7755,1.);
#361=CIRCLE('',#7756,1.);
#362=CIRCLE('',#7757,3.50000000000001);
#363=CIRCLE('',#7759,1.);
#364=CIRCLE('',#7760,1.);
#365=CIRCLE('',#7761,1.);
#366=CIRCLE('',#7764,1.);
#367=CIRCLE('',#7766,1.);
#368=CIRCLE('',#7767,1.);
#369=CIRCLE('',#7768,1.);
#370=CIRCLE('',#7771,1.);
#371=CIRCLE('',#7776,1.);
#372=CIRCLE('',#7777,1.);
#373=CIRCLE('',#7778,0.5);
#374=CIRCLE('',#7779,1.);
#375=CIRCLE('',#7780,1.);
#376=CIRCLE('',#7781,1.);
#377=CIRCLE('',#7782,1.5);
#378=CIRCLE('',#7783,1.5);
#379=CIRCLE('',#7784,1.);
#380=CIRCLE('',#7785,1.);
#381=CIRCLE('',#7786,1.);
#382=CIRCLE('',#7787,0.5);
#383=CIRCLE('',#7788,1.);
#384=CIRCLE('',#7789,1.);
#385=CIRCLE('',#7790,4.36823669300779);
#386=CIRCLE('',#7791,4.36823669300779);
#387=CIRCLE('',#7793,1.00000000000007);
#388=CIRCLE('',#7797,1.00000000000019);
#389=CIRCLE('',#7799,8.80000000659651);
#390=CIRCLE('',#7804,3.);
#391=CIRCLE('',#7806,8.80000000659651);
#392=CIRCLE('',#7807,8.80000000000178);
#393=CIRCLE('',#7808,8.80000000000178);
#394=CIRCLE('',#7810,8.80000000659651);
#395=CIRCLE('',#7811,8.80000000659651);
#396=CIRCLE('',#7813,1.00000000000003);
#397=CIRCLE('',#7817,8.80000000659651);
#398=CIRCLE('',#7823,6.00000000000001);
#399=CIRCLE('',#7826,6.00000000000002);
#400=CIRCLE('',#7830,1.00000000000001);
#401=CIRCLE('',#7835,3.);
#402=CIRCLE('',#7839,6.00000000000001);
#403=CIRCLE('',#7848,1.00000000000002);
#404=CIRCLE('',#7852,1.);
#405=CIRCLE('',#7853,1.00000000000002);
#406=CIRCLE('',#7856,1.);
#407=CIRCLE('',#7858,1.);
#408=CIRCLE('',#7860,1.);
#409=CIRCLE('',#7861,1.);
#410=CIRCLE('',#7864,1.);
#411=CIRCLE('',#7888,5.14003887881875);
#412=CIRCLE('',#7890,5.14003887881875);
#413=CIRCLE('',#7894,1.5);
#414=CIRCLE('',#7948,2.34999999999999);
#415=CIRCLE('',#7961,0.5);
#416=CIRCLE('',#7962,1.);
#417=CIRCLE('',#7989,5.14003887881875);
#418=CIRCLE('',#7991,5.14003887881875);
#419=CIRCLE('',#7995,1.5);
#420=CIRCLE('',#8045,2.35);
#421=CIRCLE('',#8058,1.);
#422=CIRCLE('',#8059,0.5);
#423=CIRCLE('',#8098,3.50000000000001);
#424=CIRCLE('',#8113,3.86823669300782);
#425=CIRCLE('',#8115,3.50000000000001);
#426=CIRCLE('',#8126,3.86823669300782);
#427=CIRCLE('',#8141,4.36823669300779);
#428=CIRCLE('',#8142,3.86823669300782);
#429=CIRCLE('',#8146,4.36823669300779);
#430=CIRCLE('',#8147,3.86823669300782);
#431=CIRCLE('',#8157,0.789);
#432=CIRCLE('',#8158,0.764342800713962);
#433=CIRCLE('',#8159,1.);
#434=CIRCLE('',#8161,1.);
#435=CIRCLE('',#8162,1.);
#436=CIRCLE('',#8166,1.);
#437=CIRCLE('',#8171,1.);
#438=CIRCLE('',#8172,1.);
#439=CIRCLE('',#8179,0.789);
#440=CIRCLE('',#8180,0.764342800714104);
#441=CIRCLE('',#8182,0.764342800713962);
#442=CIRCLE('',#8183,0.789000000000001);
#443=CIRCLE('',#8185,0.789);
#444=CIRCLE('',#8186,0.764342800714104);
#445=CIRCLE('',#8189,0.789);
#446=CIRCLE('',#8191,0.764342800714104);
#447=CIRCLE('',#8193,0.789);
#448=CIRCLE('',#8196,0.789000000000001);
#449=CIRCLE('',#8198,0.764342800713962);
#450=CIRCLE('',#8199,0.789);
#451=CIRCLE('',#8225,6.00000000000001);
#452=CIRCLE('',#8226,6.00000000000002);
#453=CIRCLE('',#8227,6.00000000000001);
#454=FACE_OUTER_BOUND('',#851,.T.);
#455=FACE_OUTER_BOUND('',#853,.T.);
#456=FACE_OUTER_BOUND('',#854,.T.);
#457=FACE_OUTER_BOUND('',#855,.T.);
#458=FACE_OUTER_BOUND('',#856,.T.);
#459=FACE_OUTER_BOUND('',#857,.T.);
#460=FACE_OUTER_BOUND('',#859,.T.);
#461=FACE_OUTER_BOUND('',#860,.T.);
#462=FACE_OUTER_BOUND('',#861,.T.);
#463=FACE_OUTER_BOUND('',#862,.T.);
#464=FACE_OUTER_BOUND('',#863,.T.);
#465=FACE_OUTER_BOUND('',#864,.T.);
#466=FACE_OUTER_BOUND('',#865,.T.);
#467=FACE_OUTER_BOUND('',#866,.T.);
#468=FACE_OUTER_BOUND('',#867,.T.);
#469=FACE_OUTER_BOUND('',#868,.T.);
#470=FACE_OUTER_BOUND('',#874,.T.);
#471=FACE_OUTER_BOUND('',#875,.T.);
#472=FACE_OUTER_BOUND('',#876,.T.);
#473=FACE_OUTER_BOUND('',#877,.T.);
#474=FACE_OUTER_BOUND('',#878,.T.);
#475=FACE_OUTER_BOUND('',#879,.T.);
#476=FACE_OUTER_BOUND('',#880,.T.);
#477=FACE_OUTER_BOUND('',#881,.T.);
#478=FACE_OUTER_BOUND('',#882,.T.);
#479=FACE_OUTER_BOUND('',#883,.T.);
#480=FACE_OUTER_BOUND('',#884,.T.);
#481=FACE_OUTER_BOUND('',#885,.T.);
#482=FACE_OUTER_BOUND('',#886,.T.);
#483=FACE_OUTER_BOUND('',#887,.T.);
#484=FACE_OUTER_BOUND('',#888,.T.);
#485=FACE_OUTER_BOUND('',#889,.T.);
#486=FACE_OUTER_BOUND('',#890,.T.);
#487=FACE_OUTER_BOUND('',#891,.T.);
#488=FACE_OUTER_BOUND('',#892,.T.);
#489=FACE_OUTER_BOUND('',#893,.T.);
#490=FACE_OUTER_BOUND('',#894,.T.);
#491=FACE_OUTER_BOUND('',#895,.T.);
#492=FACE_OUTER_BOUND('',#896,.T.);
#493=FACE_OUTER_BOUND('',#897,.T.);
#494=FACE_OUTER_BOUND('',#898,.T.);
#495=FACE_OUTER_BOUND('',#899,.T.);
#496=FACE_OUTER_BOUND('',#900,.T.);
#497=FACE_OUTER_BOUND('',#901,.T.);
#498=FACE_OUTER_BOUND('',#902,.T.);
#499=FACE_OUTER_BOUND('',#903,.T.);
#500=FACE_OUTER_BOUND('',#904,.T.);
#501=FACE_OUTER_BOUND('',#905,.T.);
#502=FACE_OUTER_BOUND('',#906,.T.);
#503=FACE_OUTER_BOUND('',#907,.T.);
#504=FACE_OUTER_BOUND('',#908,.T.);
#505=FACE_OUTER_BOUND('',#909,.T.);
#506=FACE_OUTER_BOUND('',#910,.T.);
#507=FACE_OUTER_BOUND('',#911,.T.);
#508=FACE_OUTER_BOUND('',#912,.T.);
#509=FACE_OUTER_BOUND('',#913,.T.);
#510=FACE_OUTER_BOUND('',#914,.T.);
#511=FACE_OUTER_BOUND('',#915,.T.);
#512=FACE_OUTER_BOUND('',#916,.T.);
#513=FACE_OUTER_BOUND('',#917,.T.);
#514=FACE_OUTER_BOUND('',#918,.T.);
#515=FACE_OUTER_BOUND('',#919,.T.);
#516=FACE_OUTER_BOUND('',#920,.T.);
#517=FACE_OUTER_BOUND('',#921,.T.);
#518=FACE_OUTER_BOUND('',#922,.T.);
#519=FACE_OUTER_BOUND('',#923,.T.);
#520=FACE_OUTER_BOUND('',#924,.T.);
#521=FACE_OUTER_BOUND('',#925,.T.);
#522=FACE_OUTER_BOUND('',#926,.T.);
#523=FACE_OUTER_BOUND('',#927,.T.);
#524=FACE_OUTER_BOUND('',#928,.T.);
#525=FACE_OUTER_BOUND('',#929,.T.);
#526=FACE_OUTER_BOUND('',#930,.T.);
#527=FACE_OUTER_BOUND('',#931,.T.);
#528=FACE_OUTER_BOUND('',#932,.T.);
#529=FACE_OUTER_BOUND('',#933,.T.);
#530=FACE_OUTER_BOUND('',#934,.T.);
#531=FACE_OUTER_BOUND('',#935,.T.);
#532=FACE_OUTER_BOUND('',#936,.T.);
#533=FACE_OUTER_BOUND('',#937,.T.);
#534=FACE_OUTER_BOUND('',#938,.T.);
#535=FACE_OUTER_BOUND('',#939,.T.);
#536=FACE_OUTER_BOUND('',#940,.T.);
#537=FACE_OUTER_BOUND('',#941,.T.);
#538=FACE_OUTER_BOUND('',#942,.T.);
#539=FACE_OUTER_BOUND('',#943,.T.);
#540=FACE_OUTER_BOUND('',#944,.T.);
#541=FACE_OUTER_BOUND('',#945,.T.);
#542=FACE_OUTER_BOUND('',#946,.T.);
#543=FACE_OUTER_BOUND('',#947,.T.);
#544=FACE_OUTER_BOUND('',#948,.T.);
#545=FACE_OUTER_BOUND('',#949,.T.);
#546=FACE_OUTER_BOUND('',#950,.T.);
#547=FACE_OUTER_BOUND('',#951,.T.);
#548=FACE_OUTER_BOUND('',#952,.T.);
#549=FACE_OUTER_BOUND('',#953,.T.);
#550=FACE_OUTER_BOUND('',#954,.T.);
#551=FACE_OUTER_BOUND('',#955,.T.);
#552=FACE_OUTER_BOUND('',#956,.T.);
#553=FACE_OUTER_BOUND('',#957,.T.);
#554=FACE_OUTER_BOUND('',#958,.T.);
#555=FACE_OUTER_BOUND('',#959,.T.);
#556=FACE_OUTER_BOUND('',#960,.T.);
#557=FACE_OUTER_BOUND('',#961,.T.);
#558=FACE_OUTER_BOUND('',#962,.T.);
#559=FACE_OUTER_BOUND('',#963,.T.);
#560=FACE_OUTER_BOUND('',#964,.T.);
#561=FACE_OUTER_BOUND('',#965,.T.);
#562=FACE_OUTER_BOUND('',#966,.T.);
#563=FACE_OUTER_BOUND('',#967,.T.);
#564=FACE_OUTER_BOUND('',#968,.T.);
#565=FACE_OUTER_BOUND('',#969,.T.);
#566=FACE_OUTER_BOUND('',#970,.T.);
#567=FACE_OUTER_BOUND('',#971,.T.);
#568=FACE_OUTER_BOUND('',#972,.T.);
#569=FACE_OUTER_BOUND('',#973,.T.);
#570=FACE_OUTER_BOUND('',#974,.T.);
#571=FACE_OUTER_BOUND('',#975,.T.);
#572=FACE_OUTER_BOUND('',#976,.T.);
#573=FACE_OUTER_BOUND('',#977,.T.);
#574=FACE_OUTER_BOUND('',#978,.T.);
#575=FACE_OUTER_BOUND('',#979,.T.);
#576=FACE_OUTER_BOUND('',#980,.T.);
#577=FACE_OUTER_BOUND('',#981,.T.);
#578=FACE_OUTER_BOUND('',#982,.T.);
#579=FACE_OUTER_BOUND('',#983,.T.);
#580=FACE_OUTER_BOUND('',#984,.T.);
#581=FACE_OUTER_BOUND('',#985,.T.);
#582=FACE_OUTER_BOUND('',#986,.T.);
#583=FACE_OUTER_BOUND('',#987,.T.);
#584=FACE_OUTER_BOUND('',#988,.T.);
#585=FACE_OUTER_BOUND('',#989,.T.);
#586=FACE_OUTER_BOUND('',#990,.T.);
#587=FACE_OUTER_BOUND('',#991,.T.);
#588=FACE_OUTER_BOUND('',#992,.T.);
#589=FACE_OUTER_BOUND('',#993,.T.);
#590=FACE_OUTER_BOUND('',#994,.T.);
#591=FACE_OUTER_BOUND('',#995,.T.);
#592=FACE_OUTER_BOUND('',#996,.T.);
#593=FACE_OUTER_BOUND('',#997,.T.);
#594=FACE_OUTER_BOUND('',#998,.T.);
#595=FACE_OUTER_BOUND('',#999,.T.);
#596=FACE_OUTER_BOUND('',#1000,.T.);
#597=FACE_OUTER_BOUND('',#1001,.T.);
#598=FACE_OUTER_BOUND('',#1002,.T.);
#599=FACE_OUTER_BOUND('',#1003,.T.);
#600=FACE_OUTER_BOUND('',#1004,.T.);
#601=FACE_OUTER_BOUND('',#1005,.T.);
#602=FACE_OUTER_BOUND('',#1006,.T.);
#603=FACE_OUTER_BOUND('',#1007,.T.);
#604=FACE_OUTER_BOUND('',#1008,.T.);
#605=FACE_OUTER_BOUND('',#1009,.T.);
#606=FACE_OUTER_BOUND('',#1010,.T.);
#607=FACE_OUTER_BOUND('',#1011,.T.);
#608=FACE_OUTER_BOUND('',#1012,.T.);
#609=FACE_OUTER_BOUND('',#1013,.T.);
#610=FACE_OUTER_BOUND('',#1014,.T.);
#611=FACE_OUTER_BOUND('',#1015,.T.);
#612=FACE_OUTER_BOUND('',#1016,.T.);
#613=FACE_OUTER_BOUND('',#1017,.T.);
#614=FACE_OUTER_BOUND('',#1018,.T.);
#615=FACE_OUTER_BOUND('',#1019,.T.);
#616=FACE_OUTER_BOUND('',#1020,.T.);
#617=FACE_OUTER_BOUND('',#1021,.T.);
#618=FACE_OUTER_BOUND('',#1022,.T.);
#619=FACE_OUTER_BOUND('',#1024,.T.);
#620=FACE_OUTER_BOUND('',#1025,.T.);
#621=FACE_OUTER_BOUND('',#1026,.T.);
#622=FACE_OUTER_BOUND('',#1027,.T.);
#623=FACE_OUTER_BOUND('',#1028,.T.);
#624=FACE_OUTER_BOUND('',#1029,.T.);
#625=FACE_OUTER_BOUND('',#1030,.T.);
#626=FACE_OUTER_BOUND('',#1031,.T.);
#627=FACE_OUTER_BOUND('',#1032,.T.);
#628=FACE_OUTER_BOUND('',#1033,.T.);
#629=FACE_OUTER_BOUND('',#1034,.T.);
#630=FACE_OUTER_BOUND('',#1035,.T.);
#631=FACE_OUTER_BOUND('',#1036,.T.);
#632=FACE_OUTER_BOUND('',#1037,.T.);
#633=FACE_OUTER_BOUND('',#1038,.T.);
#634=FACE_OUTER_BOUND('',#1039,.T.);
#635=FACE_OUTER_BOUND('',#1040,.T.);
#636=FACE_OUTER_BOUND('',#1041,.T.);
#637=FACE_OUTER_BOUND('',#1042,.T.);
#638=FACE_OUTER_BOUND('',#1043,.T.);
#639=FACE_OUTER_BOUND('',#1044,.T.);
#640=FACE_OUTER_BOUND('',#1045,.T.);
#641=FACE_OUTER_BOUND('',#1046,.T.);
#642=FACE_OUTER_BOUND('',#1047,.T.);
#643=FACE_OUTER_BOUND('',#1048,.T.);
#644=FACE_OUTER_BOUND('',#1049,.T.);
#645=FACE_OUTER_BOUND('',#1050,.T.);
#646=FACE_OUTER_BOUND('',#1051,.T.);
#647=FACE_OUTER_BOUND('',#1052,.T.);
#648=FACE_OUTER_BOUND('',#1053,.T.);
#649=FACE_OUTER_BOUND('',#1054,.T.);
#650=FACE_OUTER_BOUND('',#1055,.T.);
#651=FACE_OUTER_BOUND('',#1056,.T.);
#652=FACE_OUTER_BOUND('',#1057,.T.);
#653=FACE_OUTER_BOUND('',#1058,.T.);
#654=FACE_OUTER_BOUND('',#1059,.T.);
#655=FACE_OUTER_BOUND('',#1060,.T.);
#656=FACE_OUTER_BOUND('',#1061,.T.);
#657=FACE_OUTER_BOUND('',#1062,.T.);
#658=FACE_OUTER_BOUND('',#1063,.T.);
#659=FACE_OUTER_BOUND('',#1064,.T.);
#660=FACE_OUTER_BOUND('',#1065,.T.);
#661=FACE_OUTER_BOUND('',#1066,.T.);
#662=FACE_OUTER_BOUND('',#1067,.T.);
#663=FACE_OUTER_BOUND('',#1068,.T.);
#664=FACE_OUTER_BOUND('',#1069,.T.);
#665=FACE_OUTER_BOUND('',#1070,.T.);
#666=FACE_OUTER_BOUND('',#1071,.T.);
#667=FACE_OUTER_BOUND('',#1072,.T.);
#668=FACE_OUTER_BOUND('',#1073,.T.);
#669=FACE_OUTER_BOUND('',#1074,.T.);
#670=FACE_OUTER_BOUND('',#1075,.T.);
#671=FACE_OUTER_BOUND('',#1076,.T.);
#672=FACE_OUTER_BOUND('',#1077,.T.);
#673=FACE_OUTER_BOUND('',#1078,.T.);
#674=FACE_OUTER_BOUND('',#1079,.T.);
#675=FACE_OUTER_BOUND('',#1080,.T.);
#676=FACE_OUTER_BOUND('',#1081,.T.);
#677=FACE_OUTER_BOUND('',#1082,.T.);
#678=FACE_OUTER_BOUND('',#1083,.T.);
#679=FACE_OUTER_BOUND('',#1084,.T.);
#680=FACE_OUTER_BOUND('',#1085,.T.);
#681=FACE_OUTER_BOUND('',#1086,.T.);
#682=FACE_OUTER_BOUND('',#1087,.T.);
#683=FACE_OUTER_BOUND('',#1088,.T.);
#684=FACE_OUTER_BOUND('',#1089,.T.);
#685=FACE_OUTER_BOUND('',#1090,.T.);
#686=FACE_OUTER_BOUND('',#1091,.T.);
#687=FACE_OUTER_BOUND('',#1092,.T.);
#688=FACE_OUTER_BOUND('',#1093,.T.);
#689=FACE_OUTER_BOUND('',#1094,.T.);
#690=FACE_OUTER_BOUND('',#1095,.T.);
#691=FACE_OUTER_BOUND('',#1096,.T.);
#692=FACE_OUTER_BOUND('',#1097,.T.);
#693=FACE_OUTER_BOUND('',#1098,.T.);
#694=FACE_OUTER_BOUND('',#1099,.T.);
#695=FACE_OUTER_BOUND('',#1100,.T.);
#696=FACE_OUTER_BOUND('',#1101,.T.);
#697=FACE_OUTER_BOUND('',#1102,.T.);
#698=FACE_OUTER_BOUND('',#1103,.T.);
#699=FACE_OUTER_BOUND('',#1104,.T.);
#700=FACE_OUTER_BOUND('',#1105,.T.);
#701=FACE_OUTER_BOUND('',#1106,.T.);
#702=FACE_OUTER_BOUND('',#1107,.T.);
#703=FACE_OUTER_BOUND('',#1108,.T.);
#704=FACE_OUTER_BOUND('',#1110,.T.);
#705=FACE_OUTER_BOUND('',#1111,.T.);
#706=FACE_OUTER_BOUND('',#1112,.T.);
#707=FACE_OUTER_BOUND('',#1113,.T.);
#708=FACE_OUTER_BOUND('',#1114,.T.);
#709=FACE_OUTER_BOUND('',#1115,.T.);
#710=FACE_OUTER_BOUND('',#1116,.T.);
#711=FACE_OUTER_BOUND('',#1117,.T.);
#712=FACE_OUTER_BOUND('',#1118,.T.);
#713=FACE_OUTER_BOUND('',#1119,.T.);
#714=FACE_OUTER_BOUND('',#1120,.T.);
#715=FACE_OUTER_BOUND('',#1121,.T.);
#716=FACE_OUTER_BOUND('',#1122,.T.);
#717=FACE_OUTER_BOUND('',#1123,.T.);
#718=FACE_OUTER_BOUND('',#1124,.T.);
#719=FACE_OUTER_BOUND('',#1125,.T.);
#720=FACE_OUTER_BOUND('',#1126,.T.);
#721=FACE_OUTER_BOUND('',#1127,.T.);
#722=FACE_OUTER_BOUND('',#1128,.T.);
#723=FACE_OUTER_BOUND('',#1129,.T.);
#724=FACE_OUTER_BOUND('',#1130,.T.);
#725=FACE_OUTER_BOUND('',#1131,.T.);
#726=FACE_OUTER_BOUND('',#1132,.T.);
#727=FACE_OUTER_BOUND('',#1133,.T.);
#728=FACE_OUTER_BOUND('',#1134,.T.);
#729=FACE_OUTER_BOUND('',#1135,.T.);
#730=FACE_OUTER_BOUND('',#1136,.T.);
#731=FACE_OUTER_BOUND('',#1137,.T.);
#732=FACE_OUTER_BOUND('',#1138,.T.);
#733=FACE_OUTER_BOUND('',#1139,.T.);
#734=FACE_OUTER_BOUND('',#1140,.T.);
#735=FACE_OUTER_BOUND('',#1141,.T.);
#736=FACE_OUTER_BOUND('',#1142,.T.);
#737=FACE_OUTER_BOUND('',#1143,.T.);
#738=FACE_OUTER_BOUND('',#1144,.T.);
#739=FACE_OUTER_BOUND('',#1145,.T.);
#740=FACE_OUTER_BOUND('',#1146,.T.);
#741=FACE_OUTER_BOUND('',#1147,.T.);
#742=FACE_OUTER_BOUND('',#1148,.T.);
#743=FACE_OUTER_BOUND('',#1149,.T.);
#744=FACE_OUTER_BOUND('',#1151,.T.);
#745=FACE_OUTER_BOUND('',#1152,.T.);
#746=FACE_OUTER_BOUND('',#1153,.T.);
#747=FACE_OUTER_BOUND('',#1154,.T.);
#748=FACE_OUTER_BOUND('',#1155,.T.);
#749=FACE_OUTER_BOUND('',#1156,.T.);
#750=FACE_OUTER_BOUND('',#1157,.T.);
#751=FACE_OUTER_BOUND('',#1158,.T.);
#752=FACE_OUTER_BOUND('',#1159,.T.);
#753=FACE_OUTER_BOUND('',#1160,.T.);
#754=FACE_OUTER_BOUND('',#1161,.T.);
#755=FACE_OUTER_BOUND('',#1162,.T.);
#756=FACE_OUTER_BOUND('',#1163,.T.);
#757=FACE_OUTER_BOUND('',#1165,.T.);
#758=FACE_OUTER_BOUND('',#1167,.T.);
#759=FACE_OUTER_BOUND('',#1168,.T.);
#760=FACE_OUTER_BOUND('',#1169,.T.);
#761=FACE_OUTER_BOUND('',#1170,.T.);
#762=FACE_OUTER_BOUND('',#1171,.T.);
#763=FACE_OUTER_BOUND('',#1172,.T.);
#764=FACE_OUTER_BOUND('',#1173,.T.);
#765=FACE_OUTER_BOUND('',#1174,.T.);
#766=FACE_OUTER_BOUND('',#1175,.T.);
#767=FACE_OUTER_BOUND('',#1176,.T.);
#768=FACE_OUTER_BOUND('',#1178,.T.);
#769=FACE_OUTER_BOUND('',#1179,.T.);
#770=FACE_OUTER_BOUND('',#1180,.T.);
#771=FACE_OUTER_BOUND('',#1181,.T.);
#772=FACE_OUTER_BOUND('',#1182,.T.);
#773=FACE_OUTER_BOUND('',#1183,.T.);
#774=FACE_OUTER_BOUND('',#1184,.T.);
#775=FACE_OUTER_BOUND('',#1185,.T.);
#776=FACE_OUTER_BOUND('',#1186,.T.);
#777=FACE_OUTER_BOUND('',#1187,.T.);
#778=FACE_OUTER_BOUND('',#1188,.T.);
#779=FACE_OUTER_BOUND('',#1189,.T.);
#780=FACE_OUTER_BOUND('',#1190,.T.);
#781=FACE_OUTER_BOUND('',#1191,.T.);
#782=FACE_OUTER_BOUND('',#1193,.T.);
#783=FACE_OUTER_BOUND('',#1194,.T.);
#784=FACE_OUTER_BOUND('',#1195,.T.);
#785=FACE_OUTER_BOUND('',#1197,.T.);
#786=FACE_OUTER_BOUND('',#1198,.T.);
#787=FACE_OUTER_BOUND('',#1199,.T.);
#788=FACE_OUTER_BOUND('',#1200,.T.);
#789=FACE_OUTER_BOUND('',#1201,.T.);
#790=FACE_OUTER_BOUND('',#1202,.T.);
#791=FACE_OUTER_BOUND('',#1203,.T.);
#792=FACE_OUTER_BOUND('',#1204,.T.);
#793=FACE_OUTER_BOUND('',#1206,.T.);
#794=FACE_OUTER_BOUND('',#1207,.T.);
#795=FACE_OUTER_BOUND('',#1208,.T.);
#796=FACE_OUTER_BOUND('',#1209,.T.);
#797=FACE_OUTER_BOUND('',#1210,.T.);
#798=FACE_OUTER_BOUND('',#1211,.T.);
#799=FACE_OUTER_BOUND('',#1212,.T.);
#800=FACE_OUTER_BOUND('',#1213,.T.);
#801=FACE_OUTER_BOUND('',#1215,.T.);
#802=FACE_OUTER_BOUND('',#1216,.T.);
#803=FACE_OUTER_BOUND('',#1217,.T.);
#804=FACE_OUTER_BOUND('',#1218,.T.);
#805=FACE_OUTER_BOUND('',#1219,.T.);
#806=FACE_OUTER_BOUND('',#1220,.T.);
#807=FACE_OUTER_BOUND('',#1221,.T.);
#808=FACE_OUTER_BOUND('',#1222,.T.);
#809=FACE_OUTER_BOUND('',#1223,.T.);
#810=FACE_OUTER_BOUND('',#1224,.T.);
#811=FACE_OUTER_BOUND('',#1225,.T.);
#812=FACE_OUTER_BOUND('',#1226,.T.);
#813=FACE_OUTER_BOUND('',#1227,.T.);
#814=FACE_OUTER_BOUND('',#1228,.T.);
#815=FACE_OUTER_BOUND('',#1229,.T.);
#816=FACE_OUTER_BOUND('',#1230,.T.);
#817=FACE_OUTER_BOUND('',#1231,.T.);
#818=FACE_OUTER_BOUND('',#1232,.T.);
#819=FACE_OUTER_BOUND('',#1233,.T.);
#820=FACE_OUTER_BOUND('',#1234,.T.);
#821=FACE_OUTER_BOUND('',#1235,.T.);
#822=FACE_OUTER_BOUND('',#1237,.T.);
#823=FACE_OUTER_BOUND('',#1238,.T.);
#824=FACE_OUTER_BOUND('',#1239,.T.);
#825=FACE_OUTER_BOUND('',#1241,.T.);
#826=FACE_OUTER_BOUND('',#1242,.T.);
#827=FACE_OUTER_BOUND('',#1243,.T.);
#828=FACE_OUTER_BOUND('',#1244,.T.);
#829=FACE_OUTER_BOUND('',#1245,.T.);
#830=FACE_OUTER_BOUND('',#1246,.T.);
#831=FACE_OUTER_BOUND('',#1247,.T.);
#832=FACE_OUTER_BOUND('',#1248,.T.);
#833=FACE_OUTER_BOUND('',#1249,.T.);
#834=FACE_OUTER_BOUND('',#1250,.T.);
#835=FACE_OUTER_BOUND('',#1251,.T.);
#836=FACE_OUTER_BOUND('',#1252,.T.);
#837=FACE_OUTER_BOUND('',#1253,.T.);
#838=FACE_OUTER_BOUND('',#1254,.T.);
#839=FACE_OUTER_BOUND('',#1255,.T.);
#840=FACE_OUTER_BOUND('',#1256,.T.);
#841=FACE_OUTER_BOUND('',#1257,.T.);
#842=FACE_OUTER_BOUND('',#1258,.T.);
#843=FACE_OUTER_BOUND('',#1259,.T.);
#844=FACE_OUTER_BOUND('',#1260,.T.);
#845=FACE_OUTER_BOUND('',#1261,.T.);
#846=FACE_OUTER_BOUND('',#1262,.T.);
#847=FACE_OUTER_BOUND('',#1263,.T.);
#848=FACE_OUTER_BOUND('',#1264,.T.);
#849=FACE_OUTER_BOUND('',#1265,.T.);
#850=FACE_OUTER_BOUND('',#1266,.T.);
#851=EDGE_LOOP('',(#4737,#4738,#4739,#4740,#4741,#4742));
#852=EDGE_LOOP('',(#4743));
#853=EDGE_LOOP('',(#4744,#4745,#4746,#4747));
#854=EDGE_LOOP('',(#4748,#4749,#4750,#4751,#4752,#4753,#4754,#4755,#4756,
#4757,#4758));
#855=EDGE_LOOP('',(#4759,#4760,#4761,#4762));
#856=EDGE_LOOP('',(#4763,#4764,#4765,#4766,#4767,#4768,#4769,#4770,#4771,
#4772,#4773,#4774,#4775,#4776,#4777,#4778,#4779,#4780,#4781,#4782,#4783,
#4784,#4785));
#857=EDGE_LOOP('',(#4786,#4787,#4788,#4789,#4790,#4791,#4792,#4793,#4794,
#4795,#4796,#4797,#4798,#4799,#4800,#4801,#4802,#4803));
#858=EDGE_LOOP('',(#4804));
#859=EDGE_LOOP('',(#4805,#4806,#4807,#4808,#4809,#4810));
#860=EDGE_LOOP('',(#4811,#4812,#4813,#4814));
#861=EDGE_LOOP('',(#4815,#4816,#4817,#4818));
#862=EDGE_LOOP('',(#4819,#4820,#4821,#4822,#4823,#4824));
#863=EDGE_LOOP('',(#4825,#4826,#4827,#4828));
#864=EDGE_LOOP('',(#4829,#4830,#4831,#4832,#4833,#4834,#4835,#4836,#4837,
#4838,#4839,#4840));
#865=EDGE_LOOP('',(#4841,#4842,#4843,#4844,#4845,#4846,#4847));
#866=EDGE_LOOP('',(#4848,#4849,#4850,#4851,#4852,#4853,#4854));
#867=EDGE_LOOP('',(#4855,#4856,#4857,#4858));
#868=EDGE_LOOP('',(#4859,#4860,#4861,#4862,#4863,#4864,#4865,#4866,#4867,
#4868,#4869,#4870,#4871,#4872,#4873,#4874,#4875,#4876,#4877,#4878,#4879,
#4880,#4881,#4882,#4883,#4884,#4885,#4886,#4887,#4888,#4889,#4890,#4891,
#4892,#4893,#4894,#4895,#4896,#4897,#4898,#4899,#4900,#4901,#4902,#4903,
#4904,#4905,#4906));
#869=EDGE_LOOP('',(#4907,#4908,#4909,#4910,#4911,#4912));
#870=EDGE_LOOP('',(#4913,#4914,#4915,#4916));
#871=EDGE_LOOP('',(#4917));
#872=EDGE_LOOP('',(#4918));
#873=EDGE_LOOP('',(#4919,#4920,#4921,#4922,#4923,#4924));
#874=EDGE_LOOP('',(#4925,#4926,#4927,#4928,#4929));
#875=EDGE_LOOP('',(#4930,#4931,#4932,#4933));
#876=EDGE_LOOP('',(#4934,#4935,#4936,#4937,#4938,#4939,#4940));
#877=EDGE_LOOP('',(#4941,#4942,#4943,#4944,#4945,#4946));
#878=EDGE_LOOP('',(#4947,#4948,#4949,#4950));
#879=EDGE_LOOP('',(#4951,#4952,#4953,#4954));
#880=EDGE_LOOP('',(#4955,#4956,#4957,#4958,#4959));
#881=EDGE_LOOP('',(#4960,#4961,#4962,#4963));
#882=EDGE_LOOP('',(#4964,#4965,#4966,#4967,#4968,#4969));
#883=EDGE_LOOP('',(#4970,#4971,#4972,#4973,#4974,#4975,#4976,#4977,#4978,
#4979,#4980,#4981,#4982,#4983,#4984,#4985,#4986,#4987,#4988,#4989,#4990,
#4991,#4992,#4993,#4994));
#884=EDGE_LOOP('',(#4995,#4996,#4997,#4998,#4999,#5000,#5001,#5002,#5003,
#5004,#5005,#5006,#5007,#5008,#5009));
#885=EDGE_LOOP('',(#5010,#5011,#5012,#5013));
#886=EDGE_LOOP('',(#5014,#5015,#5016,#5017));
#887=EDGE_LOOP('',(#5018,#5019,#5020,#5021));
#888=EDGE_LOOP('',(#5022,#5023,#5024,#5025,#5026,#5027,#5028,#5029,#5030,
#5031,#5032));
#889=EDGE_LOOP('',(#5033,#5034,#5035,#5036));
#890=EDGE_LOOP('',(#5037,#5038,#5039,#5040));
#891=EDGE_LOOP('',(#5041,#5042,#5043,#5044,#5045,#5046));
#892=EDGE_LOOP('',(#5047,#5048,#5049,#5050,#5051,#5052,#5053,#5054,#5055,
#5056,#5057,#5058,#5059));
#893=EDGE_LOOP('',(#5060,#5061,#5062,#5063,#5064,#5065));
#894=EDGE_LOOP('',(#5066,#5067,#5068,#5069,#5070));
#895=EDGE_LOOP('',(#5071,#5072,#5073,#5074,#5075));
#896=EDGE_LOOP('',(#5076,#5077,#5078,#5079,#5080,#5081));
#897=EDGE_LOOP('',(#5082,#5083,#5084,#5085,#5086));
#898=EDGE_LOOP('',(#5087,#5088,#5089,#5090,#5091,#5092,#5093,#5094,#5095));
#899=EDGE_LOOP('',(#5096,#5097,#5098,#5099));
#900=EDGE_LOOP('',(#5100,#5101,#5102,#5103,#5104,#5105,#5106));
#901=EDGE_LOOP('',(#5107,#5108,#5109,#5110,#5111,#5112,#5113,#5114,#5115,
#5116,#5117,#5118,#5119,#5120));
#902=EDGE_LOOP('',(#5121,#5122,#5123,#5124));
#903=EDGE_LOOP('',(#5125,#5126,#5127,#5128,#5129,#5130,#5131,#5132,#5133,
#5134,#5135,#5136,#5137,#5138));
#904=EDGE_LOOP('',(#5139,#5140,#5141,#5142,#5143));
#905=EDGE_LOOP('',(#5144,#5145,#5146));
#906=EDGE_LOOP('',(#5147,#5148,#5149,#5150,#5151,#5152));
#907=EDGE_LOOP('',(#5153,#5154,#5155));
#908=EDGE_LOOP('',(#5156,#5157,#5158,#5159));
#909=EDGE_LOOP('',(#5160,#5161,#5162,#5163));
#910=EDGE_LOOP('',(#5164,#5165,#5166,#5167,#5168,#5169,#5170));
#911=EDGE_LOOP('',(#5171,#5172,#5173,#5174,#5175,#5176,#5177,#5178,#5179,
#5180,#5181,#5182,#5183,#5184,#5185,#5186,#5187,#5188,#5189,#5190,#5191,
#5192,#5193,#5194,#5195,#5196));
#912=EDGE_LOOP('',(#5197,#5198,#5199,#5200,#5201,#5202,#5203,#5204,#5205,
#5206,#5207,#5208,#5209,#5210));
#913=EDGE_LOOP('',(#5211,#5212,#5213,#5214,#5215,#5216,#5217,#5218,#5219,
#5220,#5221,#5222,#5223));
#914=EDGE_LOOP('',(#5224,#5225,#5226,#5227,#5228,#5229,#5230));
#915=EDGE_LOOP('',(#5231,#5232,#5233,#5234,#5235));
#916=EDGE_LOOP('',(#5236,#5237,#5238,#5239));
#917=EDGE_LOOP('',(#5240,#5241,#5242,#5243,#5244,#5245,#5246,#5247));
#918=EDGE_LOOP('',(#5248,#5249,#5250,#5251,#5252));
#919=EDGE_LOOP('',(#5253,#5254,#5255,#5256,#5257));
#920=EDGE_LOOP('',(#5258,#5259,#5260,#5261,#5262,#5263,#5264,#5265));
#921=EDGE_LOOP('',(#5266,#5267,#5268,#5269));
#922=EDGE_LOOP('',(#5270,#5271,#5272,#5273));
#923=EDGE_LOOP('',(#5274,#5275,#5276,#5277));
#924=EDGE_LOOP('',(#5278,#5279,#5280,#5281));
#925=EDGE_LOOP('',(#5282,#5283,#5284,#5285));
#926=EDGE_LOOP('',(#5286,#5287,#5288,#5289));
#927=EDGE_LOOP('',(#5290,#5291,#5292,#5293));
#928=EDGE_LOOP('',(#5294,#5295,#5296,#5297));
#929=EDGE_LOOP('',(#5298,#5299,#5300,#5301));
#930=EDGE_LOOP('',(#5302,#5303,#5304,#5305));
#931=EDGE_LOOP('',(#5306,#5307,#5308,#5309,#5310));
#932=EDGE_LOOP('',(#5311,#5312,#5313,#5314));
#933=EDGE_LOOP('',(#5315,#5316,#5317,#5318,#5319));
#934=EDGE_LOOP('',(#5320,#5321,#5322));
#935=EDGE_LOOP('',(#5323,#5324,#5325));
#936=EDGE_LOOP('',(#5326,#5327,#5328));
#937=EDGE_LOOP('',(#5329,#5330,#5331,#5332));
#938=EDGE_LOOP('',(#5333,#5334,#5335,#5336));
#939=EDGE_LOOP('',(#5337,#5338,#5339));
#940=EDGE_LOOP('',(#5340,#5341,#5342));
#941=EDGE_LOOP('',(#5343,#5344,#5345));
#942=EDGE_LOOP('',(#5346,#5347,#5348,#5349));
#943=EDGE_LOOP('',(#5350,#5351,#5352,#5353));
#944=EDGE_LOOP('',(#5354,#5355,#5356));
#945=EDGE_LOOP('',(#5357,#5358,#5359));
#946=EDGE_LOOP('',(#5360,#5361,#5362));
#947=EDGE_LOOP('',(#5363,#5364,#5365,#5366));
#948=EDGE_LOOP('',(#5367,#5368,#5369));
#949=EDGE_LOOP('',(#5370,#5371,#5372));
#950=EDGE_LOOP('',(#5373,#5374,#5375,#5376));
#951=EDGE_LOOP('',(#5377,#5378,#5379));
#952=EDGE_LOOP('',(#5380,#5381,#5382));
#953=EDGE_LOOP('',(#5383,#5384,#5385,#5386));
#954=EDGE_LOOP('',(#5387,#5388,#5389));
#955=EDGE_LOOP('',(#5390,#5391,#5392,#5393,#5394,#5395));
#956=EDGE_LOOP('',(#5396,#5397,#5398,#5399,#5400,#5401));
#957=EDGE_LOOP('',(#5402,#5403,#5404,#5405));
#958=EDGE_LOOP('',(#5406,#5407,#5408,#5409));
#959=EDGE_LOOP('',(#5410,#5411,#5412,#5413));
#960=EDGE_LOOP('',(#5414,#5415,#5416,#5417));
#961=EDGE_LOOP('',(#5418,#5419,#5420,#5421,#5422,#5423,#5424,#5425,#5426));
#962=EDGE_LOOP('',(#5427,#5428,#5429,#5430));
#963=EDGE_LOOP('',(#5431,#5432,#5433,#5434,#5435));
#964=EDGE_LOOP('',(#5436,#5437,#5438,#5439,#5440,#5441,#5442));
#965=EDGE_LOOP('',(#5443,#5444,#5445,#5446,#5447,#5448,#5449,#5450));
#966=EDGE_LOOP('',(#5451,#5452,#5453,#5454));
#967=EDGE_LOOP('',(#5455,#5456,#5457));
#968=EDGE_LOOP('',(#5458,#5459,#5460,#5461));
#969=EDGE_LOOP('',(#5462,#5463,#5464,#5465));
#970=EDGE_LOOP('',(#5466,#5467,#5468,#5469));
#971=EDGE_LOOP('',(#5470,#5471,#5472,#5473));
#972=EDGE_LOOP('',(#5474,#5475,#5476,#5477));
#973=EDGE_LOOP('',(#5478,#5479,#5480,#5481));
#974=EDGE_LOOP('',(#5482,#5483,#5484,#5485));
#975=EDGE_LOOP('',(#5486,#5487,#5488,#5489));
#976=EDGE_LOOP('',(#5490,#5491,#5492,#5493));
#977=EDGE_LOOP('',(#5494,#5495,#5496,#5497));
#978=EDGE_LOOP('',(#5498,#5499,#5500));
#979=EDGE_LOOP('',(#5501,#5502,#5503));
#980=EDGE_LOOP('',(#5504,#5505,#5506));
#981=EDGE_LOOP('',(#5507,#5508,#5509));
#982=EDGE_LOOP('',(#5510,#5511,#5512));
#983=EDGE_LOOP('',(#5513,#5514,#5515));
#984=EDGE_LOOP('',(#5516,#5517,#5518,#5519,#5520,#5521,#5522));
#985=EDGE_LOOP('',(#5523,#5524,#5525,#5526));
#986=EDGE_LOOP('',(#5527,#5528,#5529));
#987=EDGE_LOOP('',(#5530,#5531,#5532,#5533));
#988=EDGE_LOOP('',(#5534,#5535,#5536,#5537,#5538,#5539));
#989=EDGE_LOOP('',(#5540,#5541,#5542,#5543,#5544,#5545,#5546));
#990=EDGE_LOOP('',(#5547,#5548,#5549,#5550));
#991=EDGE_LOOP('',(#5551,#5552,#5553,#5554,#5555,#5556));
#992=EDGE_LOOP('',(#5557,#5558,#5559,#5560,#5561));
#993=EDGE_LOOP('',(#5562,#5563,#5564,#5565));
#994=EDGE_LOOP('',(#5566,#5567,#5568));
#995=EDGE_LOOP('',(#5569,#5570,#5571,#5572));
#996=EDGE_LOOP('',(#5573,#5574,#5575,#5576,#5577,#5578,#5579,#5580));
#997=EDGE_LOOP('',(#5581,#5582,#5583,#5584,#5585,#5586,#5587,#5588,#5589,
#5590,#5591,#5592,#5593));
#998=EDGE_LOOP('',(#5594,#5595,#5596,#5597,#5598));
#999=EDGE_LOOP('',(#5599,#5600,#5601,#5602,#5603));
#1000=EDGE_LOOP('',(#5604,#5605,#5606,#5607,#5608));
#1001=EDGE_LOOP('',(#5609,#5610,#5611));
#1002=EDGE_LOOP('',(#5612,#5613,#5614,#5615,#5616));
#1003=EDGE_LOOP('',(#5617,#5618,#5619));
#1004=EDGE_LOOP('',(#5620,#5621,#5622,#5623,#5624,#5625));
#1005=EDGE_LOOP('',(#5626,#5627));
#1006=EDGE_LOOP('',(#5628,#5629));
#1007=EDGE_LOOP('',(#5630,#5631));
#1008=EDGE_LOOP('',(#5632,#5633));
#1009=EDGE_LOOP('',(#5634,#5635));
#1010=EDGE_LOOP('',(#5636,#5637,#5638,#5639));
#1011=EDGE_LOOP('',(#5640,#5641,#5642,#5643,#5644));
#1012=EDGE_LOOP('',(#5645,#5646,#5647,#5648,#5649,#5650,#5651,#5652,#5653,
#5654,#5655,#5656,#5657,#5658));
#1013=EDGE_LOOP('',(#5659,#5660,#5661,#5662));
#1014=EDGE_LOOP('',(#5663,#5664,#5665,#5666,#5667,#5668));
#1015=EDGE_LOOP('',(#5669,#5670,#5671,#5672,#5673,#5674,#5675,#5676,#5677,
#5678,#5679,#5680,#5681));
#1016=EDGE_LOOP('',(#5682,#5683,#5684,#5685,#5686,#5687,#5688,#5689,#5690,
#5691,#5692,#5693,#5694,#5695,#5696,#5697,#5698,#5699,#5700,#5701,#5702,
#5703,#5704,#5705,#5706,#5707));
#1017=EDGE_LOOP('',(#5708,#5709,#5710,#5711,#5712,#5713,#5714));
#1018=EDGE_LOOP('',(#5715,#5716));
#1019=EDGE_LOOP('',(#5717,#5718,#5719,#5720,#5721,#5722));
#1020=EDGE_LOOP('',(#5723,#5724));
#1021=EDGE_LOOP('',(#5725,#5726,#5727,#5728));
#1022=EDGE_LOOP('',(#5729));
#1023=EDGE_LOOP('',(#5730,#5731,#5732,#5733));
#1024=EDGE_LOOP('',(#5734,#5735,#5736,#5737,#5738,#5739));
#1025=EDGE_LOOP('',(#5740,#5741,#5742,#5743));
#1026=EDGE_LOOP('',(#5744,#5745,#5746,#5747));
#1027=EDGE_LOOP('',(#5748,#5749,#5750,#5751,#5752,#5753,#5754,#5755,#5756,
#5757,#5758,#5759,#5760,#5761,#5762,#5763,#5764,#5765,#5766,#5767,#5768,
#5769,#5770,#5771,#5772,#5773,#5774,#5775,#5776,#5777,#5778,#5779,#5780,
#5781,#5782,#5783,#5784,#5785,#5786,#5787,#5788,#5789,#5790));
#1028=EDGE_LOOP('',(#5791,#5792,#5793));
#1029=EDGE_LOOP('',(#5794,#5795,#5796));
#1030=EDGE_LOOP('',(#5797,#5798,#5799));
#1031=EDGE_LOOP('',(#5800,#5801,#5802,#5803));
#1032=EDGE_LOOP('',(#5804,#5805,#5806,#5807));
#1033=EDGE_LOOP('',(#5808,#5809,#5810));
#1034=EDGE_LOOP('',(#5811,#5812,#5813));
#1035=EDGE_LOOP('',(#5814,#5815,#5816));
#1036=EDGE_LOOP('',(#5817,#5818,#5819,#5820));
#1037=EDGE_LOOP('',(#5821,#5822,#5823,#5824));
#1038=EDGE_LOOP('',(#5825,#5826,#5827));
#1039=EDGE_LOOP('',(#5828,#5829,#5830));
#1040=EDGE_LOOP('',(#5831,#5832,#5833));
#1041=EDGE_LOOP('',(#5834,#5835,#5836,#5837));
#1042=EDGE_LOOP('',(#5838,#5839,#5840));
#1043=EDGE_LOOP('',(#5841,#5842,#5843));
#1044=EDGE_LOOP('',(#5844,#5845,#5846,#5847));
#1045=EDGE_LOOP('',(#5848,#5849,#5850));
#1046=EDGE_LOOP('',(#5851,#5852,#5853));
#1047=EDGE_LOOP('',(#5854,#5855,#5856,#5857));
#1048=EDGE_LOOP('',(#5858,#5859,#5860));
#1049=EDGE_LOOP('',(#5861,#5862,#5863,#5864,#5865,#5866));
#1050=EDGE_LOOP('',(#5867,#5868,#5869,#5870,#5871,#5872));
#1051=EDGE_LOOP('',(#5873,#5874,#5875,#5876));
#1052=EDGE_LOOP('',(#5877,#5878,#5879,#5880));
#1053=EDGE_LOOP('',(#5881,#5882,#5883,#5884));
#1054=EDGE_LOOP('',(#5885,#5886,#5887,#5888,#5889,#5890,#5891,#5892,#5893));
#1055=EDGE_LOOP('',(#5894,#5895,#5896,#5897,#5898,#5899,#5900,#5901,#5902));
#1056=EDGE_LOOP('',(#5903,#5904,#5905,#5906));
#1057=EDGE_LOOP('',(#5907,#5908,#5909));
#1058=EDGE_LOOP('',(#5910,#5911,#5912,#5913));
#1059=EDGE_LOOP('',(#5914,#5915,#5916,#5917));
#1060=EDGE_LOOP('',(#5918,#5919,#5920,#5921));
#1061=EDGE_LOOP('',(#5922,#5923,#5924,#5925));
#1062=EDGE_LOOP('',(#5926,#5927,#5928,#5929));
#1063=EDGE_LOOP('',(#5930,#5931,#5932,#5933));
#1064=EDGE_LOOP('',(#5934,#5935,#5936,#5937));
#1065=EDGE_LOOP('',(#5938,#5939,#5940,#5941));
#1066=EDGE_LOOP('',(#5942,#5943,#5944,#5945));
#1067=EDGE_LOOP('',(#5946,#5947,#5948,#5949));
#1068=EDGE_LOOP('',(#5950,#5951,#5952));
#1069=EDGE_LOOP('',(#5953,#5954,#5955));
#1070=EDGE_LOOP('',(#5956,#5957,#5958));
#1071=EDGE_LOOP('',(#5959,#5960,#5961));
#1072=EDGE_LOOP('',(#5962,#5963,#5964));
#1073=EDGE_LOOP('',(#5965,#5966,#5967));
#1074=EDGE_LOOP('',(#5968,#5969,#5970,#5971,#5972,#5973,#5974));
#1075=EDGE_LOOP('',(#5975,#5976,#5977,#5978,#5979,#5980));
#1076=EDGE_LOOP('',(#5981,#5982,#5983));
#1077=EDGE_LOOP('',(#5984,#5985,#5986,#5987));
#1078=EDGE_LOOP('',(#5988,#5989,#5990,#5991));
#1079=EDGE_LOOP('',(#5992,#5993,#5994,#5995,#5996,#5997));
#1080=EDGE_LOOP('',(#5998,#5999,#6000,#6001,#6002,#6003,#6004,#6005));
#1081=EDGE_LOOP('',(#6006,#6007,#6008,#6009));
#1082=EDGE_LOOP('',(#6010,#6011,#6012,#6013,#6014,#6015));
#1083=EDGE_LOOP('',(#6016,#6017,#6018,#6019,#6020));
#1084=EDGE_LOOP('',(#6021,#6022,#6023,#6024));
#1085=EDGE_LOOP('',(#6025,#6026,#6027,#6028,#6029,#6030,#6031,#6032,#6033,
#6034,#6035,#6036));
#1086=EDGE_LOOP('',(#6037,#6038,#6039));
#1087=EDGE_LOOP('',(#6040,#6041,#6042,#6043));
#1088=EDGE_LOOP('',(#6044,#6045,#6046,#6047));
#1089=EDGE_LOOP('',(#6048,#6049,#6050,#6051,#6052,#6053));
#1090=EDGE_LOOP('',(#6054,#6055,#6056));
#1091=EDGE_LOOP('',(#6057,#6058,#6059,#6060,#6061));
#1092=EDGE_LOOP('',(#6062,#6063,#6064));
#1093=EDGE_LOOP('',(#6065,#6066,#6067,#6068,#6069,#6070));
#1094=EDGE_LOOP('',(#6071,#6072));
#1095=EDGE_LOOP('',(#6073,#6074));
#1096=EDGE_LOOP('',(#6075,#6076));
#1097=EDGE_LOOP('',(#6077,#6078));
#1098=EDGE_LOOP('',(#6079,#6080));
#1099=EDGE_LOOP('',(#6081,#6082,#6083,#6084));
#1100=EDGE_LOOP('',(#6085,#6086,#6087,#6088,#6089));
#1101=EDGE_LOOP('',(#6090,#6091,#6092,#6093));
#1102=EDGE_LOOP('',(#6094,#6095,#6096,#6097,#6098,#6099,#6100,#6101,#6102,
#6103,#6104,#6105,#6106));
#1103=EDGE_LOOP('',(#6107,#6108,#6109,#6110,#6111,#6112,#6113));
#1104=EDGE_LOOP('',(#6114,#6115));
#1105=EDGE_LOOP('',(#6116,#6117,#6118,#6119,#6120,#6121));
#1106=EDGE_LOOP('',(#6122,#6123));
#1107=EDGE_LOOP('',(#6124,#6125,#6126,#6127));
#1108=EDGE_LOOP('',(#6128));
#1109=EDGE_LOOP('',(#6129,#6130,#6131,#6132));
#1110=EDGE_LOOP('',(#6133,#6134,#6135,#6136,#6137,#6138,#6139));
#1111=EDGE_LOOP('',(#6140,#6141,#6142,#6143));
#1112=EDGE_LOOP('',(#6144,#6145,#6146,#6147));
#1113=EDGE_LOOP('',(#6148,#6149,#6150,#6151,#6152,#6153,#6154,#6155,#6156,
#6157,#6158,#6159,#6160,#6161,#6162,#6163,#6164,#6165,#6166,#6167,#6168,
#6169,#6170,#6171,#6172,#6173,#6174,#6175,#6176,#6177,#6178,#6179,#6180,
#6181,#6182,#6183,#6184,#6185,#6186,#6187,#6188,#6189,#6190));
#1114=EDGE_LOOP('',(#6191,#6192,#6193,#6194));
#1115=EDGE_LOOP('',(#6195,#6196,#6197,#6198));
#1116=EDGE_LOOP('',(#6199,#6200,#6201,#6202));
#1117=EDGE_LOOP('',(#6203,#6204));
#1118=EDGE_LOOP('',(#6205,#6206));
#1119=EDGE_LOOP('',(#6207,#6208));
#1120=EDGE_LOOP('',(#6209,#6210,#6211,#6212,#6213,#6214,#6215));
#1121=EDGE_LOOP('',(#6216,#6217,#6218,#6219));
#1122=EDGE_LOOP('',(#6220,#6221,#6222,#6223));
#1123=EDGE_LOOP('',(#6224,#6225,#6226,#6227));
#1124=EDGE_LOOP('',(#6228,#6229,#6230,#6231,#6232,#6233,#6234,#6235,#6236,
#6237));
#1125=EDGE_LOOP('',(#6238,#6239,#6240,#6241));
#1126=EDGE_LOOP('',(#6242,#6243,#6244,#6245,#6246));
#1127=EDGE_LOOP('',(#6247,#6248,#6249,#6250,#6251,#6252));
#1128=EDGE_LOOP('',(#6253,#6254,#6255,#6256,#6257,#6258));
#1129=EDGE_LOOP('',(#6259,#6260,#6261));
#1130=EDGE_LOOP('',(#6262,#6263,#6264,#6265));
#1131=EDGE_LOOP('',(#6266,#6267,#6268,#6269,#6270));
#1132=EDGE_LOOP('',(#6271,#6272,#6273,#6274));
#1133=EDGE_LOOP('',(#6275,#6276,#6277,#6278));
#1134=EDGE_LOOP('',(#6279,#6280));
#1135=EDGE_LOOP('',(#6281,#6282));
#1136=EDGE_LOOP('',(#6283,#6284));
#1137=EDGE_LOOP('',(#6285,#6286,#6287,#6288));
#1138=EDGE_LOOP('',(#6289,#6290,#6291,#6292));
#1139=EDGE_LOOP('',(#6293,#6294,#6295,#6296));
#1140=EDGE_LOOP('',(#6297,#6298,#6299,#6300,#6301));
#1141=EDGE_LOOP('',(#6302,#6303,#6304,#6305,#6306,#6307));
#1142=EDGE_LOOP('',(#6308,#6309,#6310,#6311,#6312,#6313));
#1143=EDGE_LOOP('',(#6314,#6315,#6316));
#1144=EDGE_LOOP('',(#6317,#6318,#6319,#6320));
#1145=EDGE_LOOP('',(#6321,#6322,#6323,#6324,#6325));
#1146=EDGE_LOOP('',(#6326,#6327,#6328,#6329));
#1147=EDGE_LOOP('',(#6330,#6331,#6332,#6333));
#1148=EDGE_LOOP('',(#6334,#6335,#6336,#6337));
#1149=EDGE_LOOP('',(#6338,#6339,#6340,#6341,#6342,#6343));
#1150=EDGE_LOOP('',(#6344));
#1151=EDGE_LOOP('',(#6345,#6346,#6347,#6348));
#1152=EDGE_LOOP('',(#6349,#6350,#6351,#6352));
#1153=EDGE_LOOP('',(#6353,#6354,#6355,#6356));
#1154=EDGE_LOOP('',(#6357,#6358,#6359,#6360));
#1155=EDGE_LOOP('',(#6361,#6362,#6363,#6364));
#1156=EDGE_LOOP('',(#6365,#6366,#6367,#6368));
#1157=EDGE_LOOP('',(#6369,#6370,#6371,#6372));
#1158=EDGE_LOOP('',(#6373,#6374,#6375,#6376));
#1159=EDGE_LOOP('',(#6377,#6378,#6379,#6380));
#1160=EDGE_LOOP('',(#6381,#6382,#6383,#6384));
#1161=EDGE_LOOP('',(#6385,#6386,#6387,#6388));
#1162=EDGE_LOOP('',(#6389,#6390,#6391,#6392));
#1163=EDGE_LOOP('',(#6393));
#1164=EDGE_LOOP('',(#6394,#6395,#6396,#6397,#6398,#6399,#6400,#6401,#6402,
#6403,#6404,#6405));
#1165=EDGE_LOOP('',(#6406,#6407,#6408,#6409,#6410,#6411));
#1166=EDGE_LOOP('',(#6412));
#1167=EDGE_LOOP('',(#6413,#6414,#6415,#6416));
#1168=EDGE_LOOP('',(#6417,#6418,#6419,#6420));
#1169=EDGE_LOOP('',(#6421,#6422,#6423,#6424));
#1170=EDGE_LOOP('',(#6425,#6426,#6427,#6428));
#1171=EDGE_LOOP('',(#6429,#6430,#6431,#6432));
#1172=EDGE_LOOP('',(#6433,#6434,#6435,#6436));
#1173=EDGE_LOOP('',(#6437,#6438,#6439,#6440));
#1174=EDGE_LOOP('',(#6441,#6442,#6443,#6444));
#1175=EDGE_LOOP('',(#6445,#6446,#6447,#6448));
#1176=EDGE_LOOP('',(#6449));
#1177=EDGE_LOOP('',(#6450,#6451,#6452,#6453));
#1178=EDGE_LOOP('',(#6454,#6455,#6456,#6457,#6458,#6459,#6460,#6461,#6462,
#6463,#6464,#6465));
#1179=EDGE_LOOP('',(#6466,#6467,#6468,#6469));
#1180=EDGE_LOOP('',(#6470,#6471,#6472,#6473));
#1181=EDGE_LOOP('',(#6474,#6475,#6476,#6477));
#1182=EDGE_LOOP('',(#6478,#6479,#6480,#6481));
#1183=EDGE_LOOP('',(#6482,#6483,#6484,#6485));
#1184=EDGE_LOOP('',(#6486,#6487,#6488,#6489));
#1185=EDGE_LOOP('',(#6490,#6491,#6492,#6493));
#1186=EDGE_LOOP('',(#6494,#6495,#6496,#6497));
#1187=EDGE_LOOP('',(#6498,#6499,#6500,#6501));
#1188=EDGE_LOOP('',(#6502,#6503,#6504,#6505));
#1189=EDGE_LOOP('',(#6506,#6507,#6508,#6509));
#1190=EDGE_LOOP('',(#6510,#6511,#6512,#6513));
#1191=EDGE_LOOP('',(#6514));
#1192=EDGE_LOOP('',(#6515));
#1193=EDGE_LOOP('',(#6516,#6517,#6518,#6519));
#1194=EDGE_LOOP('',(#6520,#6521,#6522,#6523));
#1195=EDGE_LOOP('',(#6524));
#1196=EDGE_LOOP('',(#6525));
#1197=EDGE_LOOP('',(#6526,#6527,#6528,#6529));
#1198=EDGE_LOOP('',(#6530,#6531,#6532,#6533));
#1199=EDGE_LOOP('',(#6534,#6535,#6536,#6537));
#1200=EDGE_LOOP('',(#6538,#6539,#6540,#6541));
#1201=EDGE_LOOP('',(#6542,#6543,#6544,#6545));
#1202=EDGE_LOOP('',(#6546,#6547,#6548,#6549));
#1203=EDGE_LOOP('',(#6550,#6551,#6552,#6553));
#1204=EDGE_LOOP('',(#6554,#6555,#6556,#6557));
#1205=EDGE_LOOP('',(#6558));
#1206=EDGE_LOOP('',(#6559,#6560,#6561,#6562,#6563,#6564,#6565));
#1207=EDGE_LOOP('',(#6566,#6567,#6568,#6569,#6570));
#1208=EDGE_LOOP('',(#6571,#6572,#6573,#6574));
#1209=EDGE_LOOP('',(#6575,#6576,#6577,#6578));
#1210=EDGE_LOOP('',(#6579,#6580,#6581,#6582,#6583));
#1211=EDGE_LOOP('',(#6584,#6585,#6586,#6587));
#1212=EDGE_LOOP('',(#6588,#6589,#6590,#6591));
#1213=EDGE_LOOP('',(#6592,#6593,#6594,#6595));
#1214=EDGE_LOOP('',(#6596));
#1215=EDGE_LOOP('',(#6597,#6598,#6599,#6600));
#1216=EDGE_LOOP('',(#6601,#6602,#6603,#6604,#6605));
#1217=EDGE_LOOP('',(#6606,#6607,#6608,#6609));
#1218=EDGE_LOOP('',(#6610,#6611,#6612,#6613));
#1219=EDGE_LOOP('',(#6614,#6615,#6616,#6617));
#1220=EDGE_LOOP('',(#6618,#6619,#6620,#6621));
#1221=EDGE_LOOP('',(#6622,#6623,#6624,#6625,#6626,#6627,#6628,#6629));
#1222=EDGE_LOOP('',(#6630,#6631,#6632,#6633));
#1223=EDGE_LOOP('',(#6634,#6635,#6636,#6637));
#1224=EDGE_LOOP('',(#6638,#6639,#6640,#6641,#6642,#6643,#6644,#6645,#6646,
#6647));
#1225=EDGE_LOOP('',(#6648,#6649,#6650,#6651));
#1226=EDGE_LOOP('',(#6652,#6653,#6654,#6655,#6656));
#1227=EDGE_LOOP('',(#6657,#6658,#6659,#6660));
#1228=EDGE_LOOP('',(#6661,#6662,#6663,#6664,#6665,#6666,#6667,#6668,#6669,
#6670));
#1229=EDGE_LOOP('',(#6671,#6672,#6673,#6674));
#1230=EDGE_LOOP('',(#6675,#6676,#6677,#6678,#6679,#6680,#6681,#6682,#6683,
#6684,#6685,#6686,#6687,#6688,#6689,#6690,#6691,#6692,#6693,#6694,#6695,
#6696,#6697,#6698,#6699,#6700,#6701,#6702,#6703,#6704,#6705,#6706,#6707,
#6708,#6709,#6710,#6711,#6712,#6713,#6714,#6715,#6716,#6717,#6718,#6719,
#6720,#6721,#6722,#6723,#6724,#6725,#6726,#6727,#6728,#6729,#6730,#6731,
#6732,#6733,#6734,#6735,#6736,#6737,#6738,#6739,#6740,#6741,#6742,#6743,
#6744,#6745,#6746));
#1231=EDGE_LOOP('',(#6747,#6748,#6749,#6750,#6751));
#1232=EDGE_LOOP('',(#6752,#6753,#6754,#6755));
#1233=EDGE_LOOP('',(#6756,#6757,#6758,#6759,#6760,#6761,#6762,#6763));
#1234=EDGE_LOOP('',(#6764,#6765,#6766,#6767,#6768,#6769,#6770,#6771,#6772,
#6773,#6774,#6775,#6776,#6777,#6778,#6779,#6780));
#1235=EDGE_LOOP('',(#6781,#6782,#6783,#6784,#6785,#6786,#6787));
#1236=EDGE_LOOP('',(#6788));
#1237=EDGE_LOOP('',(#6789,#6790,#6791,#6792,#6793,#6794,#6795));
#1238=EDGE_LOOP('',(#6796,#6797,#6798,#6799));
#1239=EDGE_LOOP('',(#6800,#6801,#6802,#6803,#6804,#6805,#6806,#6807));
#1240=EDGE_LOOP('',(#6808));
#1241=EDGE_LOOP('',(#6809,#6810,#6811,#6812,#6813,#6814,#6815));
#1242=EDGE_LOOP('',(#6816,#6817,#6818,#6819));
#1243=EDGE_LOOP('',(#6820,#6821,#6822));
#1244=EDGE_LOOP('',(#6823,#6824,#6825,#6826,#6827,#6828,#6829,#6830,#6831,
#6832,#6833,#6834,#6835,#6836,#6837,#6838,#6839,#6840));
#1245=EDGE_LOOP('',(#6841,#6842,#6843,#6844,#6845,#6846));
#1246=EDGE_LOOP('',(#6847,#6848,#6849,#6850,#6851,#6852,#6853,#6854,#6855,
#6856,#6857,#6858,#6859));
#1247=EDGE_LOOP('',(#6860,#6861,#6862,#6863,#6864,#6865));
#1248=EDGE_LOOP('',(#6866,#6867,#6868,#6869,#6870,#6871));
#1249=EDGE_LOOP('',(#6872,#6873,#6874,#6875,#6876,#6877,#6878,#6879));
#1250=EDGE_LOOP('',(#6880,#6881,#6882,#6883,#6884,#6885,#6886,#6887,#6888,
#6889,#6890,#6891,#6892));
#1251=EDGE_LOOP('',(#6893,#6894,#6895,#6896,#6897));
#1252=EDGE_LOOP('',(#6898,#6899,#6900,#6901));
#1253=EDGE_LOOP('',(#6902,#6903,#6904,#6905,#6906,#6907,#6908));
#1254=EDGE_LOOP('',(#6909,#6910,#6911,#6912,#6913,#6914));
#1255=EDGE_LOOP('',(#6915,#6916,#6917,#6918));
#1256=EDGE_LOOP('',(#6919,#6920,#6921,#6922,#6923,#6924,#6925,#6926,#6927,
#6928,#6929,#6930,#6931,#6932,#6933));
#1257=EDGE_LOOP('',(#6934,#6935,#6936,#6937,#6938,#6939,#6940));
#1258=EDGE_LOOP('',(#6941,#6942,#6943,#6944,#6945,#6946,#6947));
#1259=EDGE_LOOP('',(#6948,#6949,#6950,#6951,#6952));
#1260=EDGE_LOOP('',(#6953,#6954,#6955,#6956));
#1261=EDGE_LOOP('',(#6957,#6958,#6959,#6960,#6961,#6962,#6963));
#1262=EDGE_LOOP('',(#6964,#6965,#6966,#6967,#6968));
#1263=EDGE_LOOP('',(#6969,#6970,#6971,#6972,#6973,#6974));
#1264=EDGE_LOOP('',(#6975,#6976,#6977,#6978,#6979,#6980));
#1265=EDGE_LOOP('',(#6981,#6982,#6983,#6984,#6985,#6986,#6987,#6988,#6989,
#6990,#6991,#6992,#6993,#6994,#6995));
#1266=EDGE_LOOP('',(#6996,#6997,#6998,#6999,#7000,#7001,#7002));
#1267=LINE('',#10042,#2064);
#1268=LINE('',#10044,#2065);
#1269=LINE('',#10046,#2066);
#1270=LINE('',#10048,#2067);
#1271=LINE('',#10050,#2068);
#1272=LINE('',#10051,#2069);
#1273=LINE('',#10059,#2070);
#1274=LINE('',#10062,#2071);
#1275=LINE('',#10106,#2072);
#1276=LINE('',#10119,#2073);
#1277=LINE('',#10122,#2074);
#1278=LINE('',#10161,#2075);
#1279=LINE('',#10176,#2076);
#1280=LINE('',#10192,#2077);
#1281=LINE('',#10195,#2078);
#1282=LINE('',#10197,#2079);
#1283=LINE('',#10214,#2080);
#1284=LINE('',#10215,#2081);
#1285=LINE('',#10217,#2082);
#1286=LINE('',#10221,#2083);
#1287=LINE('',#10225,#2084);
#1288=LINE('',#10227,#2085);
#1289=LINE('',#10228,#2086);
#1290=LINE('',#10230,#2087);
#1291=LINE('',#10234,#2088);
#1292=LINE('',#10237,#2089);
#1293=LINE('',#10245,#2090);
#1294=LINE('',#10249,#2091);
#1295=LINE('',#10252,#2092);
#1296=LINE('',#10255,#2093);
#1297=LINE('',#10257,#2094);
#1298=LINE('',#10258,#2095);
#1299=LINE('',#10261,#2096);
#1300=LINE('',#10268,#2097);
#1301=LINE('',#10272,#2098);
#1302=LINE('',#10275,#2099);
#1303=LINE('',#10278,#2100);
#1304=LINE('',#10280,#2101);
#1305=LINE('',#10281,#2102);
#1306=LINE('',#10284,#2103);
#1307=LINE('',#10286,#2104);
#1308=LINE('',#10288,#2105);
#1309=LINE('',#10290,#2106);
#1310=LINE('',#10292,#2107);
#1311=LINE('',#10296,#2108);
#1312=LINE('',#10298,#2109);
#1313=LINE('',#10300,#2110);
#1314=LINE('',#10301,#2111);
#1315=LINE('',#10304,#2112);
#1316=LINE('',#10306,#2113);
#1317=LINE('',#10308,#2114);
#1318=LINE('',#10310,#2115);
#1319=LINE('',#10311,#2116);
#1320=LINE('',#10314,#2117);
#1321=LINE('',#10316,#2118);
#1322=LINE('',#10318,#2119);
#1323=LINE('',#10320,#2120);
#1324=LINE('',#10321,#2121);
#1325=LINE('',#10324,#2122);
#1326=LINE('',#10326,#2123);
#1327=LINE('',#10327,#2124);
#1328=LINE('',#10331,#2125);
#1329=LINE('',#10333,#2126);
#1330=LINE('',#10335,#2127);
#1331=LINE('',#10337,#2128);
#1332=LINE('',#10339,#2129);
#1333=LINE('',#10341,#2130);
#1334=LINE('',#10343,#2131);
#1335=LINE('',#10347,#2132);
#1336=LINE('',#10351,#2133);
#1337=LINE('',#10355,#2134);
#1338=LINE('',#10358,#2135);
#1339=LINE('',#10360,#2136);
#1340=LINE('',#10362,#2137);
#1341=LINE('',#10366,#2138);
#1342=LINE('',#10370,#2139);
#1343=LINE('',#10372,#2140);
#1344=LINE('',#10376,#2141);
#1345=LINE('',#10378,#2142);
#1346=LINE('',#10380,#2143);
#1347=LINE('',#10384,#2144);
#1348=LINE('',#10386,#2145);
#1349=LINE('',#10390,#2146);
#1350=LINE('',#10394,#2147);
#1351=LINE('',#10396,#2148);
#1352=LINE('',#10398,#2149);
#1353=LINE('',#10399,#2150);
#1354=LINE('',#10403,#2151);
#1355=LINE('',#10407,#2152);
#1356=LINE('',#10411,#2153);
#1357=LINE('',#10415,#2154);
#1358=LINE('',#10417,#2155);
#1359=LINE('',#10419,#2156);
#1360=LINE('',#10421,#2157);
#1361=LINE('',#10423,#2158);
#1362=LINE('',#10424,#2159);
#1363=LINE('',#10427,#2160);
#1364=LINE('',#10429,#2161);
#1365=LINE('',#10431,#2162);
#1366=LINE('',#10432,#2163);
#1367=LINE('',#10439,#2164);
#1368=LINE('',#10441,#2165);
#1369=LINE('',#10443,#2166);
#1370=LINE('',#10445,#2167);
#1371=LINE('',#10447,#2168);
#1372=LINE('',#10448,#2169);
#1373=LINE('',#10460,#2170);
#1374=LINE('',#10463,#2171);
#1375=LINE('',#10466,#2172);
#1376=LINE('',#10467,#2173);
#1377=LINE('',#10470,#2174);
#1378=LINE('',#10471,#2175);
#1379=LINE('',#10473,#2176);
#1380=LINE('',#10474,#2177);
#1381=LINE('',#10522,#2178);
#1382=LINE('',#10526,#2179);
#1383=LINE('',#10528,#2180);
#1384=LINE('',#10546,#2181);
#1385=LINE('',#10553,#2182);
#1386=LINE('',#10554,#2183);
#1387=LINE('',#10565,#2184);
#1388=LINE('',#10568,#2185);
#1389=LINE('',#10569,#2186);
#1390=LINE('',#10572,#2187);
#1391=LINE('',#10574,#2188);
#1392=LINE('',#10592,#2189);
#1393=LINE('',#10608,#2190);
#1394=LINE('',#10638,#2191);
#1395=LINE('',#10640,#2192);
#1396=LINE('',#10642,#2193);
#1397=LINE('',#10644,#2194);
#1398=LINE('',#10646,#2195);
#1399=LINE('',#10647,#2196);
#1400=LINE('',#10648,#2197);
#1401=LINE('',#10715,#2198);
#1402=LINE('',#10723,#2199);
#1403=LINE('',#10738,#2200);
#1404=LINE('',#10741,#2201);
#1405=LINE('',#10742,#2202);
#1406=LINE('',#10744,#2203);
#1407=LINE('',#10748,#2204);
#1408=LINE('',#10750,#2205);
#1409=LINE('',#10752,#2206);
#1410=LINE('',#10754,#2207);
#1411=LINE('',#10761,#2208);
#1412=LINE('',#10772,#2209);
#1413=LINE('',#10860,#2210);
#1414=LINE('',#10866,#2211);
#1415=LINE('',#10869,#2212);
#1416=LINE('',#10873,#2213);
#1417=LINE('',#10881,#2214);
#1418=LINE('',#10883,#2215);
#1419=LINE('',#10911,#2216);
#1420=LINE('',#10913,#2217);
#1421=LINE('',#10914,#2218);
#1422=LINE('',#10915,#2219);
#1423=LINE('',#11020,#2220);
#1424=LINE('',#11022,#2221);
#1425=LINE('',#11024,#2222);
#1426=LINE('',#11026,#2223);
#1427=LINE('',#11028,#2224);
#1428=LINE('',#11030,#2225);
#1429=LINE('',#11032,#2226);
#1430=LINE('',#11034,#2227);
#1431=LINE('',#11041,#2228);
#1432=LINE('',#11043,#2229);
#1433=LINE('',#11044,#2230);
#1434=LINE('',#11046,#2231);
#1435=LINE('',#11047,#2232);
#1436=LINE('',#11049,#2233);
#1437=LINE('',#11066,#2234);
#1438=LINE('',#11069,#2235);
#1439=LINE('',#11072,#2236);
#1440=LINE('',#11107,#2237);
#1441=LINE('',#11109,#2238);
#1442=LINE('',#11110,#2239);
#1443=LINE('',#11113,#2240);
#1444=LINE('',#11253,#2241);
#1445=LINE('',#11577,#2242);
#1446=LINE('',#11664,#2243);
#1447=LINE('',#11689,#2244);
#1448=LINE('',#11701,#2245);
#1449=LINE('',#11704,#2246);
#1450=LINE('',#11721,#2247);
#1451=LINE('',#11723,#2248);
#1452=LINE('',#11725,#2249);
#1453=LINE('',#11727,#2250);
#1454=LINE('',#11729,#2251);
#1455=LINE('',#11731,#2252);
#1456=LINE('',#11733,#2253);
#1457=LINE('',#11734,#2254);
#1458=LINE('',#11738,#2255);
#1459=LINE('',#11739,#2256);
#1460=LINE('',#11741,#2257);
#1461=LINE('',#11742,#2258);
#1462=LINE('',#11746,#2259);
#1463=LINE('',#11748,#2260);
#1464=LINE('',#11749,#2261);
#1465=LINE('',#11750,#2262);
#1466=LINE('',#11754,#2263);
#1467=LINE('',#11755,#2264);
#1468=LINE('',#11757,#2265);
#1469=LINE('',#11759,#2266);
#1470=LINE('',#11761,#2267);
#1471=LINE('',#11762,#2268);
#1472=LINE('',#11790,#2269);
#1473=LINE('',#11816,#2270);
#1474=LINE('',#11863,#2271);
#1475=LINE('',#11868,#2272);
#1476=LINE('',#11869,#2273);
#1477=LINE('',#11874,#2274);
#1478=LINE('',#11875,#2275);
#1479=LINE('',#11879,#2276);
#1480=LINE('',#11885,#2277);
#1481=LINE('',#11889,#2278);
#1482=LINE('',#11891,#2279);
#1483=LINE('',#11892,#2280);
#1484=LINE('',#11895,#2281);
#1485=LINE('',#11896,#2282);
#1486=LINE('',#11899,#2283);
#1487=LINE('',#11900,#2284);
#1488=LINE('',#11903,#2285);
#1489=LINE('',#11905,#2286);
#1490=LINE('',#11906,#2287);
#1491=LINE('',#11909,#2288);
#1492=LINE('',#11911,#2289);
#1493=LINE('',#11912,#2290);
#1494=LINE('',#11915,#2291);
#1495=LINE('',#11916,#2292);
#1496=LINE('',#11919,#2293);
#1497=LINE('',#11920,#2294);
#1498=LINE('',#11923,#2295);
#1499=LINE('',#11924,#2296);
#1500=LINE('',#11927,#2297);
#1501=LINE('',#11929,#2298);
#1502=LINE('',#11931,#2299);
#1503=LINE('',#11932,#2300);
#1504=LINE('',#11936,#2301);
#1505=LINE('',#11937,#2302);
#1506=LINE('',#11938,#2303);
#1507=LINE('',#11941,#2304);
#1508=LINE('',#11943,#2305);
#1509=LINE('',#11944,#2306);
#1510=LINE('',#11947,#2307);
#1511=LINE('',#11948,#2308);
#1512=LINE('',#11951,#2309);
#1513=LINE('',#11952,#2310);
#1514=LINE('',#11955,#2311);
#1515=LINE('',#11957,#2312);
#1516=LINE('',#11958,#2313);
#1517=LINE('',#11961,#2314);
#1518=LINE('',#11962,#2315);
#1519=LINE('',#11965,#2316);
#1520=LINE('',#11966,#2317);
#1521=LINE('',#11969,#2318);
#1522=LINE('',#11971,#2319);
#1523=LINE('',#11972,#2320);
#1524=LINE('',#11975,#2321);
#1525=LINE('',#11976,#2322);
#1526=LINE('',#11979,#2323);
#1527=LINE('',#11980,#2324);
#1528=LINE('',#11983,#2325);
#1529=LINE('',#11985,#2326);
#1530=LINE('',#11986,#2327);
#1531=LINE('',#11989,#2328);
#1532=LINE('',#11990,#2329);
#1533=LINE('',#11993,#2330);
#1534=LINE('',#11995,#2331);
#1535=LINE('',#11997,#2332);
#1536=LINE('',#11999,#2333);
#1537=LINE('',#12000,#2334);
#1538=LINE('',#12004,#2335);
#1539=LINE('',#12008,#2336);
#1540=LINE('',#12013,#2337);
#1541=LINE('',#12015,#2338);
#1542=LINE('',#12016,#2339);
#1543=LINE('',#12019,#2340);
#1544=LINE('',#12020,#2341);
#1545=LINE('',#12024,#2342);
#1546=LINE('',#12027,#2343);
#1547=LINE('',#12028,#2344);
#1548=LINE('',#12142,#2345);
#1549=LINE('',#12149,#2346);
#1550=LINE('',#12153,#2347);
#1551=LINE('',#12165,#2348);
#1552=LINE('',#12237,#2349);
#1553=LINE('',#12239,#2350);
#1554=LINE('',#12241,#2351);
#1555=LINE('',#12243,#2352);
#1556=LINE('',#12245,#2353);
#1557=LINE('',#12247,#2354);
#1558=LINE('',#12249,#2355);
#1559=LINE('',#12250,#2356);
#1560=LINE('',#12253,#2357);
#1561=LINE('',#12255,#2358);
#1562=LINE('',#12256,#2359);
#1563=LINE('',#12259,#2360);
#1564=LINE('',#12261,#2361);
#1565=LINE('',#12262,#2362);
#1566=LINE('',#12265,#2363);
#1567=LINE('',#12267,#2364);
#1568=LINE('',#12269,#2365);
#1569=LINE('',#12270,#2366);
#1570=LINE('',#12274,#2367);
#1571=LINE('',#12275,#2368);
#1572=LINE('',#12276,#2369);
#1573=LINE('',#12279,#2370);
#1574=LINE('',#12281,#2371);
#1575=LINE('',#12282,#2372);
#1576=LINE('',#12286,#2373);
#1577=LINE('',#12287,#2374);
#1578=LINE('',#12288,#2375);
#1579=LINE('',#12291,#2376);
#1580=LINE('',#12293,#2377);
#1581=LINE('',#12294,#2378);
#1582=LINE('',#12297,#2379);
#1583=LINE('',#12299,#2380);
#1584=LINE('',#12300,#2381);
#1585=LINE('',#12303,#2382);
#1586=LINE('',#12305,#2383);
#1587=LINE('',#12306,#2384);
#1588=LINE('',#12310,#2385);
#1589=LINE('',#12311,#2386);
#1590=LINE('',#12312,#2387);
#1591=LINE('',#12316,#2388);
#1592=LINE('',#12317,#2389);
#1593=LINE('',#12318,#2390);
#1594=LINE('',#12322,#2391);
#1595=LINE('',#12323,#2392);
#1596=LINE('',#12324,#2393);
#1597=LINE('',#12327,#2394);
#1598=LINE('',#12328,#2395);
#1599=LINE('',#12330,#2396);
#1600=LINE('',#12332,#2397);
#1601=LINE('',#12334,#2398);
#1602=LINE('',#12335,#2399);
#1603=LINE('',#12337,#2400);
#1604=LINE('',#12339,#2401);
#1605=LINE('',#12343,#2402);
#1606=LINE('',#12344,#2403);
#1607=LINE('',#12345,#2404);
#1608=LINE('',#12346,#2405);
#1609=LINE('',#12350,#2406);
#1610=LINE('',#12352,#2407);
#1611=LINE('',#12354,#2408);
#1612=LINE('',#12355,#2409);
#1613=LINE('',#12359,#2410);
#1614=LINE('',#12361,#2411);
#1615=LINE('',#12362,#2412);
#1616=LINE('',#12365,#2413);
#1617=LINE('',#12367,#2414);
#1618=LINE('',#12368,#2415);
#1619=LINE('',#12370,#2416);
#1620=LINE('',#12371,#2417);
#1621=LINE('',#12372,#2418);
#1622=LINE('',#12376,#2419);
#1623=LINE('',#12378,#2420);
#1624=LINE('',#12380,#2421);
#1625=LINE('',#12382,#2422);
#1626=LINE('',#12384,#2423);
#1627=LINE('',#12386,#2424);
#1628=LINE('',#12387,#2425);
#1629=LINE('',#12390,#2426);
#1630=LINE('',#12392,#2427);
#1631=LINE('',#12393,#2428);
#1632=LINE('',#12399,#2429);
#1633=LINE('',#12401,#2430);
#1634=LINE('',#12403,#2431);
#1635=LINE('',#12405,#2432);
#1636=LINE('',#12406,#2433);
#1637=LINE('',#12410,#2434);
#1638=LINE('',#12411,#2435);
#1639=LINE('',#12413,#2436);
#1640=LINE('',#12414,#2437);
#1641=LINE('',#12417,#2438);
#1642=LINE('',#12418,#2439);
#1643=LINE('',#12421,#2440);
#1644=LINE('',#12422,#2441);
#1645=LINE('',#12424,#2442);
#1646=LINE('',#12427,#2443);
#1647=LINE('',#12429,#2444);
#1648=LINE('',#12431,#2445);
#1649=LINE('',#12433,#2446);
#1650=LINE('',#12435,#2447);
#1651=LINE('',#12436,#2448);
#1652=LINE('',#12534,#2449);
#1653=LINE('',#12548,#2450);
#1654=LINE('',#12550,#2451);
#1655=LINE('',#12552,#2452);
#1656=LINE('',#12554,#2453);
#1657=LINE('',#12555,#2454);
#1658=LINE('',#12557,#2455);
#1659=LINE('',#12559,#2456);
#1660=LINE('',#12560,#2457);
#1661=LINE('',#12563,#2458);
#1662=LINE('',#12564,#2459);
#1663=LINE('',#12569,#2460);
#1664=LINE('',#12570,#2461);
#1665=LINE('',#12599,#2462);
#1666=LINE('',#12600,#2463);
#1667=LINE('',#12601,#2464);
#1668=LINE('',#12606,#2465);
#1669=LINE('',#12839,#2466);
#1670=LINE('',#12843,#2467);
#1671=LINE('',#12847,#2468);
#1672=LINE('',#12848,#2469);
#1673=LINE('',#13078,#2470);
#1674=LINE('',#13136,#2471);
#1675=LINE('',#13144,#2472);
#1676=LINE('',#13146,#2473);
#1677=LINE('',#13149,#2474);
#1678=LINE('',#13152,#2475);
#1679=LINE('',#13173,#2476);
#1680=LINE('',#13175,#2477);
#1681=LINE('',#13177,#2478);
#1682=LINE('',#13178,#2479);
#1683=LINE('',#13180,#2480);
#1684=LINE('',#13182,#2481);
#1685=LINE('',#13184,#2482);
#1686=LINE('',#13186,#2483);
#1687=LINE('',#13188,#2484);
#1688=LINE('',#13190,#2485);
#1689=LINE('',#13192,#2486);
#1690=LINE('',#13194,#2487);
#1691=LINE('',#13196,#2488);
#1692=LINE('',#13198,#2489);
#1693=LINE('',#13200,#2490);
#1694=LINE('',#13201,#2491);
#1695=LINE('',#13203,#2492);
#1696=LINE('',#13205,#2493);
#1697=LINE('',#13207,#2494);
#1698=LINE('',#13208,#2495);
#1699=LINE('',#13212,#2496);
#1700=LINE('',#13214,#2497);
#1701=LINE('',#13215,#2498);
#1702=LINE('',#13218,#2499);
#1703=LINE('',#13219,#2500);
#1704=LINE('',#13222,#2501);
#1705=LINE('',#13223,#2502);
#1706=LINE('',#13226,#2503);
#1707=LINE('',#13228,#2504);
#1708=LINE('',#13229,#2505);
#1709=LINE('',#13232,#2506);
#1710=LINE('',#13234,#2507);
#1711=LINE('',#13235,#2508);
#1712=LINE('',#13238,#2509);
#1713=LINE('',#13239,#2510);
#1714=LINE('',#13242,#2511);
#1715=LINE('',#13243,#2512);
#1716=LINE('',#13246,#2513);
#1717=LINE('',#13247,#2514);
#1718=LINE('',#13250,#2515);
#1719=LINE('',#13252,#2516);
#1720=LINE('',#13254,#2517);
#1721=LINE('',#13255,#2518);
#1722=LINE('',#13259,#2519);
#1723=LINE('',#13260,#2520);
#1724=LINE('',#13261,#2521);
#1725=LINE('',#13264,#2522);
#1726=LINE('',#13266,#2523);
#1727=LINE('',#13267,#2524);
#1728=LINE('',#13270,#2525);
#1729=LINE('',#13271,#2526);
#1730=LINE('',#13274,#2527);
#1731=LINE('',#13275,#2528);
#1732=LINE('',#13278,#2529);
#1733=LINE('',#13280,#2530);
#1734=LINE('',#13281,#2531);
#1735=LINE('',#13284,#2532);
#1736=LINE('',#13285,#2533);
#1737=LINE('',#13288,#2534);
#1738=LINE('',#13289,#2535);
#1739=LINE('',#13292,#2536);
#1740=LINE('',#13294,#2537);
#1741=LINE('',#13295,#2538);
#1742=LINE('',#13298,#2539);
#1743=LINE('',#13299,#2540);
#1744=LINE('',#13302,#2541);
#1745=LINE('',#13303,#2542);
#1746=LINE('',#13306,#2543);
#1747=LINE('',#13308,#2544);
#1748=LINE('',#13309,#2545);
#1749=LINE('',#13312,#2546);
#1750=LINE('',#13313,#2547);
#1751=LINE('',#13316,#2548);
#1752=LINE('',#13318,#2549);
#1753=LINE('',#13320,#2550);
#1754=LINE('',#13322,#2551);
#1755=LINE('',#13323,#2552);
#1756=LINE('',#13327,#2553);
#1757=LINE('',#13332,#2554);
#1758=LINE('',#13336,#2555);
#1759=LINE('',#13338,#2556);
#1760=LINE('',#13339,#2557);
#1761=LINE('',#13342,#2558);
#1762=LINE('',#13343,#2559);
#1763=LINE('',#13347,#2560);
#1764=LINE('',#13435,#2561);
#1765=LINE('',#13436,#2562);
#1766=LINE('',#13439,#2563);
#1767=LINE('',#13440,#2564);
#1768=LINE('',#13443,#2565);
#1769=LINE('',#13445,#2566);
#1770=LINE('',#13446,#2567);
#1771=LINE('',#13449,#2568);
#1772=LINE('',#13450,#2569);
#1773=LINE('',#13453,#2570);
#1774=LINE('',#13454,#2571);
#1775=LINE('',#13457,#2572);
#1776=LINE('',#13458,#2573);
#1777=LINE('',#13461,#2574);
#1778=LINE('',#13462,#2575);
#1779=LINE('',#13465,#2576);
#1780=LINE('',#13466,#2577);
#1781=LINE('',#13469,#2578);
#1782=LINE('',#13470,#2579);
#1783=LINE('',#13473,#2580);
#1784=LINE('',#13474,#2581);
#1785=LINE('',#13477,#2582);
#1786=LINE('',#13478,#2583);
#1787=LINE('',#13480,#2584);
#1788=LINE('',#13483,#2585);
#1789=LINE('',#13484,#2586);
#1790=LINE('',#13486,#2587);
#1791=LINE('',#13488,#2588);
#1792=LINE('',#13490,#2589);
#1793=LINE('',#13491,#2590);
#1794=LINE('',#13493,#2591);
#1795=LINE('',#13495,#2592);
#1796=LINE('',#13499,#2593);
#1797=LINE('',#13500,#2594);
#1798=LINE('',#13501,#2595);
#1799=LINE('',#13502,#2596);
#1800=LINE('',#13506,#2597);
#1801=LINE('',#13508,#2598);
#1802=LINE('',#13510,#2599);
#1803=LINE('',#13511,#2600);
#1804=LINE('',#13512,#2601);
#1805=LINE('',#13515,#2602);
#1806=LINE('',#13516,#2603);
#1807=LINE('',#13519,#2604);
#1808=LINE('',#13520,#2605);
#1809=LINE('',#13523,#2606);
#1810=LINE('',#13525,#2607);
#1811=LINE('',#13526,#2608);
#1812=LINE('',#13528,#2609);
#1813=LINE('',#13529,#2610);
#1814=LINE('',#13530,#2611);
#1815=LINE('',#13533,#2612);
#1816=LINE('',#13535,#2613);
#1817=LINE('',#13537,#2614);
#1818=LINE('',#13539,#2615);
#1819=LINE('',#13541,#2616);
#1820=LINE('',#13542,#2617);
#1821=LINE('',#13545,#2618);
#1822=LINE('',#13547,#2619);
#1823=LINE('',#13548,#2620);
#1824=LINE('',#13554,#2621);
#1825=LINE('',#13556,#2622);
#1826=LINE('',#13558,#2623);
#1827=LINE('',#13560,#2624);
#1828=LINE('',#13561,#2625);
#1829=LINE('',#13564,#2626);
#1830=LINE('',#13566,#2627);
#1831=LINE('',#13568,#2628);
#1832=LINE('',#13569,#2629);
#1833=LINE('',#13572,#2630);
#1834=LINE('',#13574,#2631);
#1835=LINE('',#13575,#2632);
#1836=LINE('',#13578,#2633);
#1837=LINE('',#13580,#2634);
#1838=LINE('',#13581,#2635);
#1839=LINE('',#13583,#2636);
#1840=LINE('',#13584,#2637);
#1841=LINE('',#13587,#2638);
#1842=LINE('',#13588,#2639);
#1843=LINE('',#13590,#2640);
#1844=LINE('',#13591,#2641);
#1845=LINE('',#13594,#2642);
#1846=LINE('',#13599,#2643);
#1847=LINE('',#13600,#2644);
#1848=LINE('',#13629,#2645);
#1849=LINE('',#13630,#2646);
#1850=LINE('',#13631,#2647);
#1851=LINE('',#13646,#2648);
#1852=LINE('',#13650,#2649);
#1853=LINE('',#13711,#2650);
#1854=LINE('',#13768,#2651);
#1855=LINE('',#13776,#2652);
#1856=LINE('',#13779,#2653);
#1857=LINE('',#13780,#2654);
#1858=LINE('',#13783,#2655);
#1859=LINE('',#13785,#2656);
#1860=LINE('',#13787,#2657);
#1861=LINE('',#13789,#2658);
#1862=LINE('',#13791,#2659);
#1863=LINE('',#13798,#2660);
#1864=LINE('',#13799,#2661);
#1865=LINE('',#13800,#2662);
#1866=LINE('',#13802,#2663);
#1867=LINE('',#13804,#2664);
#1868=LINE('',#13805,#2665);
#1869=LINE('',#13809,#2666);
#1870=LINE('',#13810,#2667);
#1871=LINE('',#13811,#2668);
#1872=LINE('',#13813,#2669);
#1873=LINE('',#13814,#2670);
#1874=LINE('',#13815,#2671);
#1875=LINE('',#13819,#2672);
#1876=LINE('',#13821,#2673);
#1877=LINE('',#13822,#2674);
#1878=LINE('',#13825,#2675);
#1879=LINE('',#13827,#2676);
#1880=LINE('',#13828,#2677);
#1881=LINE('',#13830,#2678);
#1882=LINE('',#13831,#2679);
#1883=LINE('',#13834,#2680);
#1884=LINE('',#13836,#2681);
#1885=LINE('',#13838,#2682);
#1886=LINE('',#13840,#2683);
#1887=LINE('',#13846,#2684);
#1888=LINE('',#13850,#2685);
#1889=LINE('',#13851,#2686);
#1890=LINE('',#13852,#2687);
#1891=LINE('',#13855,#2688);
#1892=LINE('',#13857,#2689);
#1893=LINE('',#13858,#2690);
#1894=LINE('',#13861,#2691);
#1895=LINE('',#13863,#2692);
#1896=LINE('',#13864,#2693);
#1897=LINE('',#13866,#2694);
#1898=LINE('',#13867,#2695);
#1899=LINE('',#13870,#2696);
#1900=LINE('',#13872,#2697);
#1901=LINE('',#13874,#2698);
#1902=LINE('',#13876,#2699);
#1903=LINE('',#13880,#2700);
#1904=LINE('',#13884,#2701);
#1905=LINE('',#13886,#2702);
#1906=LINE('',#13888,#2703);
#1907=LINE('',#13890,#2704);
#1908=LINE('',#13892,#2705);
#1909=LINE('',#13893,#2706);
#1910=LINE('',#13895,#2707);
#1911=LINE('',#13896,#2708);
#1912=LINE('',#13898,#2709);
#1913=LINE('',#13900,#2710);
#1914=LINE('',#13902,#2711);
#1915=LINE('',#13904,#2712);
#1916=LINE('',#13907,#2713);
#1917=LINE('',#13909,#2714);
#1918=LINE('',#13912,#2715);
#1919=LINE('',#13914,#2716);
#1920=LINE('',#13921,#2717);
#1921=LINE('',#13923,#2718);
#1922=LINE('',#13925,#2719);
#1923=LINE('',#13927,#2720);
#1924=LINE('',#13929,#2721);
#1925=LINE('',#13931,#2722);
#1926=LINE('',#13933,#2723);
#1927=LINE('',#13935,#2724);
#1928=LINE('',#13937,#2725);
#1929=LINE('',#13939,#2726);
#1930=LINE('',#13941,#2727);
#1931=LINE('',#13942,#2728);
#1932=LINE('',#13946,#2729);
#1933=LINE('',#13948,#2730);
#1934=LINE('',#13950,#2731);
#1935=LINE('',#13952,#2732);
#1936=LINE('',#13954,#2733);
#1937=LINE('',#13955,#2734);
#1938=LINE('',#13959,#2735);
#1939=LINE('',#13960,#2736);
#1940=LINE('',#13962,#2737);
#1941=LINE('',#13964,#2738);
#1942=LINE('',#13966,#2739);
#1943=LINE('',#13968,#2740);
#1944=LINE('',#13971,#2741);
#1945=LINE('',#13974,#2742);
#1946=LINE('',#13975,#2743);
#1947=LINE('',#13977,#2744);
#1948=LINE('',#13983,#2745);
#1949=LINE('',#13985,#2746);
#1950=LINE('',#13987,#2747);
#1951=LINE('',#13988,#2748);
#1952=LINE('',#13992,#2749);
#1953=LINE('',#13994,#2750);
#1954=LINE('',#13996,#2751);
#1955=LINE('',#13998,#2752);
#1956=LINE('',#14000,#2753);
#1957=LINE('',#14002,#2754);
#1958=LINE('',#14004,#2755);
#1959=LINE('',#14006,#2756);
#1960=LINE('',#14008,#2757);
#1961=LINE('',#14010,#2758);
#1962=LINE('',#14012,#2759);
#1963=LINE('',#14013,#2760);
#1964=LINE('',#14015,#2761);
#1965=LINE('',#14016,#2762);
#1966=LINE('',#14018,#2763);
#1967=LINE('',#14020,#2764);
#1968=LINE('',#14022,#2765);
#1969=LINE('',#14024,#2766);
#1970=LINE('',#14026,#2767);
#1971=LINE('',#14028,#2768);
#1972=LINE('',#14030,#2769);
#1973=LINE('',#14032,#2770);
#1974=LINE('',#14034,#2771);
#1975=LINE('',#14036,#2772);
#1976=LINE('',#14044,#2773);
#1977=LINE('',#14046,#2774);
#1978=LINE('',#14053,#2775);
#1979=LINE('',#14055,#2776);
#1980=LINE('',#14059,#2777);
#1981=LINE('',#14061,#2778);
#1982=LINE('',#14063,#2779);
#1983=LINE('',#14064,#2780);
#1984=LINE('',#14066,#2781);
#1985=LINE('',#14067,#2782);
#1986=LINE('',#14069,#2783);
#1987=LINE('',#14071,#2784);
#1988=LINE('',#14076,#2785);
#1989=LINE('',#14078,#2786);
#1990=LINE('',#14080,#2787);
#1991=LINE('',#14081,#2788);
#1992=LINE('',#14087,#2789);
#1993=LINE('',#14094,#2790);
#1994=LINE('',#14096,#2791);
#1995=LINE('',#14099,#2792);
#1996=LINE('',#14100,#2793);
#1997=LINE('',#14103,#2794);
#1998=LINE('',#14105,#2795);
#1999=LINE('',#14110,#2796);
#2000=LINE('',#14112,#2797);
#2001=LINE('',#14114,#2798);
#2002=LINE('',#14115,#2799);
#2003=LINE('',#14121,#2800);
#2004=LINE('',#14123,#2801);
#2005=LINE('',#14124,#2802);
#2006=LINE('',#14126,#2803);
#2007=LINE('',#14128,#2804);
#2008=LINE('',#14130,#2805);
#2009=LINE('',#14135,#2806);
#2010=LINE('',#14137,#2807);
#2011=LINE('',#14141,#2808);
#2012=LINE('',#14146,#2809);
#2013=LINE('',#14149,#2810);
#2014=LINE('',#14151,#2811);
#2015=LINE('',#14157,#2812);
#2016=LINE('',#14158,#2813);
#2017=LINE('',#14162,#2814);
#2018=LINE('',#14165,#2815);
#2019=LINE('',#14171,#2816);
#2020=LINE('',#14172,#2817);
#2021=LINE('',#14176,#2818);
#2022=LINE('',#14178,#2819);
#2023=LINE('',#14182,#2820);
#2024=LINE('',#14184,#2821);
#2025=LINE('',#14187,#2822);
#2026=LINE('',#14189,#2823);
#2027=LINE('',#14190,#2824);
#2028=LINE('',#14191,#2825);
#2029=LINE('',#14194,#2826);
#2030=LINE('',#14195,#2827);
#2031=LINE('',#14196,#2828);
#2032=LINE('',#14197,#2829);
#2033=LINE('',#14200,#2830);
#2034=LINE('',#14201,#2831);
#2035=LINE('',#14203,#2832);
#2036=LINE('',#14207,#2833);
#2037=LINE('',#14209,#2834);
#2038=LINE('',#14211,#2835);
#2039=LINE('',#14213,#2836);
#2040=LINE('',#14214,#2837);
#2041=LINE('',#14217,#2838);
#2042=LINE('',#14219,#2839);
#2043=LINE('',#14220,#2840);
#2044=LINE('',#14223,#2841);
#2045=LINE('',#14224,#2842);
#2046=LINE('',#14226,#2843);
#2047=LINE('',#14229,#2844);
#2048=LINE('',#14230,#2845);
#2049=LINE('',#14233,#2846);
#2050=LINE('',#14234,#2847);
#2051=LINE('',#14237,#2848);
#2052=LINE('',#14238,#2849);
#2053=LINE('',#14240,#2850);
#2054=LINE('',#14244,#2851);
#2055=LINE('',#14245,#2852);
#2056=LINE('',#14248,#2853);
#2057=LINE('',#14249,#2854);
#2058=LINE('',#14252,#2855);
#2059=LINE('',#14253,#2856);
#2060=LINE('',#14255,#2857);
#2061=LINE('',#14259,#2858);
#2062=LINE('',#14600,#2859);
#2063=LINE('',#14606,#2860);
#2064=VECTOR('',#8235,10.);
#2065=VECTOR('',#8236,10.);
#2066=VECTOR('',#8237,10.);
#2067=VECTOR('',#8238,10.);
#2068=VECTOR('',#8239,10.);
#2069=VECTOR('',#8240,10.);
#2070=VECTOR('',#8247,10.);
#2071=VECTOR('',#8250,10.);
#2072=VECTOR('',#8263,10.);
#2073=VECTOR('',#8268,10.);
#2074=VECTOR('',#8271,10.);
#2075=VECTOR('',#8284,10.);
#2076=VECTOR('',#8287,10.);
#2077=VECTOR('',#8292,10.);
#2078=VECTOR('',#8295,10.);
#2079=VECTOR('',#8296,10.);
#2080=VECTOR('',#8301,10.);
#2081=VECTOR('',#8302,10.);
#2082=VECTOR('',#8303,10.);
#2083=VECTOR('',#8306,10.);
#2084=VECTOR('',#8309,10.);
#2085=VECTOR('',#8310,10.);
#2086=VECTOR('',#8311,10.);
#2087=VECTOR('',#8312,10.);
#2088=VECTOR('',#8315,10.);
#2089=VECTOR('',#8318,10.);
#2090=VECTOR('',#8325,10.);
#2091=VECTOR('',#8328,10.);
#2092=VECTOR('',#8331,10.);
#2093=VECTOR('',#8334,10.);
#2094=VECTOR('',#8335,10.);
#2095=VECTOR('',#8336,10.);
#2096=VECTOR('',#8339,10.);
#2097=VECTOR('',#8346,10.);
#2098=VECTOR('',#8349,10.);
#2099=VECTOR('',#8352,10.);
#2100=VECTOR('',#8355,10.);
#2101=VECTOR('',#8356,10.);
#2102=VECTOR('',#8357,10.);
#2103=VECTOR('',#8360,10.);
#2104=VECTOR('',#8361,10.);
#2105=VECTOR('',#8362,10.);
#2106=VECTOR('',#8363,10.);
#2107=VECTOR('',#8364,10.);
#2108=VECTOR('',#8367,10.);
#2109=VECTOR('',#8368,10.);
#2110=VECTOR('',#8369,10.);
#2111=VECTOR('',#8370,10.);
#2112=VECTOR('',#8373,10.);
#2113=VECTOR('',#8374,10.);
#2114=VECTOR('',#8375,10.);
#2115=VECTOR('',#8376,10.);
#2116=VECTOR('',#8377,10.);
#2117=VECTOR('',#8380,10.);
#2118=VECTOR('',#8381,10.);
#2119=VECTOR('',#8382,10.);
#2120=VECTOR('',#8383,10.);
#2121=VECTOR('',#8384,10.);
#2122=VECTOR('',#8387,10.);
#2123=VECTOR('',#8388,10.);
#2124=VECTOR('',#8389,10.);
#2125=VECTOR('',#8392,10.);
#2126=VECTOR('',#8393,10.);
#2127=VECTOR('',#8394,10.);
#2128=VECTOR('',#8395,10.);
#2129=VECTOR('',#8396,10.);
#2130=VECTOR('',#8397,10.);
#2131=VECTOR('',#8398,10.);
#2132=VECTOR('',#8401,10.);
#2133=VECTOR('',#8404,10.);
#2134=VECTOR('',#8407,10.);
#2135=VECTOR('',#8410,10.);
#2136=VECTOR('',#8411,10.);
#2137=VECTOR('',#8412,10.);
#2138=VECTOR('',#8415,10.);
#2139=VECTOR('',#8418,10.);
#2140=VECTOR('',#8419,10.);
#2141=VECTOR('',#8422,10.);
#2142=VECTOR('',#8423,10.);
#2143=VECTOR('',#8424,10.);
#2144=VECTOR('',#8427,10.);
#2145=VECTOR('',#8428,10.);
#2146=VECTOR('',#8431,10.);
#2147=VECTOR('',#8434,10.);
#2148=VECTOR('',#8435,10.);
#2149=VECTOR('',#8436,10.);
#2150=VECTOR('',#8437,10.);
#2151=VECTOR('',#8440,10.);
#2152=VECTOR('',#8443,10.);
#2153=VECTOR('',#8446,10.);
#2154=VECTOR('',#8449,10.);
#2155=VECTOR('',#8450,10.);
#2156=VECTOR('',#8451,10.);
#2157=VECTOR('',#8452,10.);
#2158=VECTOR('',#8453,10.);
#2159=VECTOR('',#8454,10.);
#2160=VECTOR('',#8455,10.);
#2161=VECTOR('',#8456,10.);
#2162=VECTOR('',#8457,10.);
#2163=VECTOR('',#8458,10.);
#2164=VECTOR('',#8463,10.);
#2165=VECTOR('',#8464,10.);
#2166=VECTOR('',#8465,10.);
#2167=VECTOR('',#8466,10.);
#2168=VECTOR('',#8467,10.);
#2169=VECTOR('',#8468,10.);
#2170=VECTOR('',#8471,10.);
#2171=VECTOR('',#8474,10.);
#2172=VECTOR('',#8477,10.);
#2173=VECTOR('',#8478,10.);
#2174=VECTOR('',#8481,10.);
#2175=VECTOR('',#8482,10.);
#2176=VECTOR('',#8483,10.);
#2177=VECTOR('',#8484,10.);
#2178=VECTOR('',#8487,10.);
#2179=VECTOR('',#8490,10.);
#2180=VECTOR('',#8491,10.);
#2181=VECTOR('',#8496,10.);
#2182=VECTOR('',#8499,10.);
#2183=VECTOR('',#8500,10.);
#2184=VECTOR('',#8503,10.);
#2185=VECTOR('',#8506,10.);
#2186=VECTOR('',#8507,10.);
#2187=VECTOR('',#8510,10.);
#2188=VECTOR('',#8511,10.);
#2189=VECTOR('',#8520,10.);
#2190=VECTOR('',#8525,10.);
#2191=VECTOR('',#8532,10.);
#2192=VECTOR('',#8533,10.);
#2193=VECTOR('',#8534,10.);
#2194=VECTOR('',#8535,10.);
#2195=VECTOR('',#8536,10.);
#2196=VECTOR('',#8537,10.);
#2197=VECTOR('',#8538,10.);
#2198=VECTOR('',#8545,10.);
#2199=VECTOR('',#8548,10.);
#2200=VECTOR('',#8553,10.);
#2201=VECTOR('',#8558,10.);
#2202=VECTOR('',#8559,10.);
#2203=VECTOR('',#8562,10.);
#2204=VECTOR('',#8565,10.);
#2205=VECTOR('',#8566,10.);
#2206=VECTOR('',#8567,10.);
#2207=VECTOR('',#8568,10.);
#2208=VECTOR('',#8569,10.);
#2209=VECTOR('',#8570,10.);
#2210=VECTOR('',#8575,10.);
#2211=VECTOR('',#8576,10.);
#2212=VECTOR('',#8579,10.);
#2213=VECTOR('',#8584,10.);
#2214=VECTOR('',#8585,10.);
#2215=VECTOR('',#8588,10.);
#2216=VECTOR('',#8591,10.);
#2217=VECTOR('',#8592,10.);
#2218=VECTOR('',#8593,10.);
#2219=VECTOR('',#8594,10.);
#2220=VECTOR('',#8599,10.);
#2221=VECTOR('',#8600,10.);
#2222=VECTOR('',#8601,10.);
#2223=VECTOR('',#8602,10.);
#2224=VECTOR('',#8603,10.);
#2225=VECTOR('',#8604,10.);
#2226=VECTOR('',#8605,10.);
#2227=VECTOR('',#8606,10.);
#2228=VECTOR('',#8609,10.);
#2229=VECTOR('',#8610,10.);
#2230=VECTOR('',#8611,10.);
#2231=VECTOR('',#8614,10.);
#2232=VECTOR('',#8615,10.);
#2233=VECTOR('',#8616,10.);
#2234=VECTOR('',#8617,10.);
#2235=VECTOR('',#8620,10.);
#2236=VECTOR('',#8625,10.);
#2237=VECTOR('',#8634,10.);
#2238=VECTOR('',#8635,10.);
#2239=VECTOR('',#8636,10.);
#2240=VECTOR('',#8639,10.);
#2241=VECTOR('',#8640,10.);
#2242=VECTOR('',#8641,10.);
#2243=VECTOR('',#8642,10.);
#2244=VECTOR('',#8645,10.);
#2245=VECTOR('',#8646,10.);
#2246=VECTOR('',#8649,10.);
#2247=VECTOR('',#8652,10.);
#2248=VECTOR('',#8653,10.);
#2249=VECTOR('',#8654,10.);
#2250=VECTOR('',#8655,10.);
#2251=VECTOR('',#8656,10.);
#2252=VECTOR('',#8657,10.);
#2253=VECTOR('',#8658,10.);
#2254=VECTOR('',#8659,10.);
#2255=VECTOR('',#8662,10.);
#2256=VECTOR('',#8663,10.);
#2257=VECTOR('',#8664,10.);
#2258=VECTOR('',#8665,10.);
#2259=VECTOR('',#8668,10.);
#2260=VECTOR('',#8669,10.);
#2261=VECTOR('',#8670,10.);
#2262=VECTOR('',#8671,10.);
#2263=VECTOR('',#8674,10.);
#2264=VECTOR('',#8675,10.);
#2265=VECTOR('',#8676,10.);
#2266=VECTOR('',#8677,10.);
#2267=VECTOR('',#8678,10.);
#2268=VECTOR('',#8679,10.);
#2269=VECTOR('',#8684,10.);
#2270=VECTOR('',#8691,10.);
#2271=VECTOR('',#8696,10.);
#2272=VECTOR('',#8701,10.);
#2273=VECTOR('',#8702,10.);
#2274=VECTOR('',#8707,10.);
#2275=VECTOR('',#8708,10.);
#2276=VECTOR('',#8713,10.);
#2277=VECTOR('',#8722,10.);
#2278=VECTOR('',#8725,10.);
#2279=VECTOR('',#8726,10.);
#2280=VECTOR('',#8727,10.);
#2281=VECTOR('',#8730,10.);
#2282=VECTOR('',#8731,10.);
#2283=VECTOR('',#8734,10.);
#2284=VECTOR('',#8735,10.);
#2285=VECTOR('',#8738,10.);
#2286=VECTOR('',#8739,10.);
#2287=VECTOR('',#8740,10.);
#2288=VECTOR('',#8743,10.);
#2289=VECTOR('',#8744,10.);
#2290=VECTOR('',#8745,10.);
#2291=VECTOR('',#8748,10.);
#2292=VECTOR('',#8749,10.);
#2293=VECTOR('',#8752,10.);
#2294=VECTOR('',#8753,10.);
#2295=VECTOR('',#8756,10.);
#2296=VECTOR('',#8757,10.);
#2297=VECTOR('',#8760,10.);
#2298=VECTOR('',#8761,10.);
#2299=VECTOR('',#8762,10.);
#2300=VECTOR('',#8763,10.);
#2301=VECTOR('',#8766,10.);
#2302=VECTOR('',#8767,10.);
#2303=VECTOR('',#8768,10.);
#2304=VECTOR('',#8771,10.);
#2305=VECTOR('',#8772,10.);
#2306=VECTOR('',#8773,10.);
#2307=VECTOR('',#8776,10.);
#2308=VECTOR('',#8777,10.);
#2309=VECTOR('',#8780,10.);
#2310=VECTOR('',#8781,10.);
#2311=VECTOR('',#8784,10.);
#2312=VECTOR('',#8785,10.);
#2313=VECTOR('',#8786,10.);
#2314=VECTOR('',#8789,10.);
#2315=VECTOR('',#8790,10.);
#2316=VECTOR('',#8793,10.);
#2317=VECTOR('',#8794,10.);
#2318=VECTOR('',#8797,10.);
#2319=VECTOR('',#8798,10.);
#2320=VECTOR('',#8799,10.);
#2321=VECTOR('',#8802,10.);
#2322=VECTOR('',#8803,10.);
#2323=VECTOR('',#8806,10.);
#2324=VECTOR('',#8807,10.);
#2325=VECTOR('',#8810,10.);
#2326=VECTOR('',#8811,10.);
#2327=VECTOR('',#8812,10.);
#2328=VECTOR('',#8815,10.);
#2329=VECTOR('',#8816,10.);
#2330=VECTOR('',#8819,10.);
#2331=VECTOR('',#8820,10.);
#2332=VECTOR('',#8821,10.);
#2333=VECTOR('',#8822,10.);
#2334=VECTOR('',#8823,10.);
#2335=VECTOR('',#8826,10.);
#2336=VECTOR('',#8829,10.);
#2337=VECTOR('',#8836,10.);
#2338=VECTOR('',#8837,10.);
#2339=VECTOR('',#8838,10.);
#2340=VECTOR('',#8841,10.);
#2341=VECTOR('',#8842,10.);
#2342=VECTOR('',#8847,10.);
#2343=VECTOR('',#8850,10.);
#2344=VECTOR('',#8851,10.);
#2345=VECTOR('',#8854,10.);
#2346=VECTOR('',#8855,10.);
#2347=VECTOR('',#8858,10.);
#2348=VECTOR('',#8859,10.);
#2349=VECTOR('',#8862,10.);
#2350=VECTOR('',#8863,10.);
#2351=VECTOR('',#8864,10.);
#2352=VECTOR('',#8865,10.);
#2353=VECTOR('',#8866,10.);
#2354=VECTOR('',#8867,10.);
#2355=VECTOR('',#8868,10.);
#2356=VECTOR('',#8869,10.);
#2357=VECTOR('',#8872,10.);
#2358=VECTOR('',#8873,10.);
#2359=VECTOR('',#8874,10.);
#2360=VECTOR('',#8877,10.);
#2361=VECTOR('',#8878,10.);
#2362=VECTOR('',#8879,10.);
#2363=VECTOR('',#8882,10.);
#2364=VECTOR('',#8883,10.);
#2365=VECTOR('',#8884,10.);
#2366=VECTOR('',#8885,10.);
#2367=VECTOR('',#8888,10.);
#2368=VECTOR('',#8889,10.);
#2369=VECTOR('',#8890,10.);
#2370=VECTOR('',#8893,10.);
#2371=VECTOR('',#8894,10.);
#2372=VECTOR('',#8895,10.);
#2373=VECTOR('',#8898,10.);
#2374=VECTOR('',#8899,10.);
#2375=VECTOR('',#8900,10.);
#2376=VECTOR('',#8903,10.);
#2377=VECTOR('',#8904,10.);
#2378=VECTOR('',#8905,10.);
#2379=VECTOR('',#8908,10.);
#2380=VECTOR('',#8909,10.);
#2381=VECTOR('',#8910,10.);
#2382=VECTOR('',#8913,10.);
#2383=VECTOR('',#8914,10.);
#2384=VECTOR('',#8915,10.);
#2385=VECTOR('',#8918,10.);
#2386=VECTOR('',#8919,10.);
#2387=VECTOR('',#8920,10.);
#2388=VECTOR('',#8923,10.);
#2389=VECTOR('',#8924,10.);
#2390=VECTOR('',#8925,10.);
#2391=VECTOR('',#8928,10.);
#2392=VECTOR('',#8929,10.);
#2393=VECTOR('',#8930,10.);
#2394=VECTOR('',#8933,10.);
#2395=VECTOR('',#8934,10.);
#2396=VECTOR('',#8937,10.);
#2397=VECTOR('',#8940,10.);
#2398=VECTOR('',#8943,10.);
#2399=VECTOR('',#8944,10.);
#2400=VECTOR('',#8947,10.);
#2401=VECTOR('',#8950,10.);
#2402=VECTOR('',#8953,10.);
#2403=VECTOR('',#8954,10.);
#2404=VECTOR('',#8955,10.);
#2405=VECTOR('',#8956,10.);
#2406=VECTOR('',#8959,10.);
#2407=VECTOR('',#8960,10.);
#2408=VECTOR('',#8961,10.);
#2409=VECTOR('',#8962,10.);
#2410=VECTOR('',#8965,10.);
#2411=VECTOR('',#8966,10.);
#2412=VECTOR('',#8967,10.);
#2413=VECTOR('',#8970,10.);
#2414=VECTOR('',#8971,10.);
#2415=VECTOR('',#8972,10.);
#2416=VECTOR('',#8975,10.);
#2417=VECTOR('',#8976,10.);
#2418=VECTOR('',#8977,10.);
#2419=VECTOR('',#8980,10.);
#2420=VECTOR('',#8981,10.);
#2421=VECTOR('',#8982,10.);
#2422=VECTOR('',#8983,10.);
#2423=VECTOR('',#8984,10.);
#2424=VECTOR('',#8985,10.);
#2425=VECTOR('',#8986,10.);
#2426=VECTOR('',#8989,10.);
#2427=VECTOR('',#8990,10.);
#2428=VECTOR('',#8991,10.);
#2429=VECTOR('',#8996,10.);
#2430=VECTOR('',#8997,10.);
#2431=VECTOR('',#8998,10.);
#2432=VECTOR('',#8999,10.);
#2433=VECTOR('',#9000,10.);
#2434=VECTOR('',#9003,10.);
#2435=VECTOR('',#9004,10.);
#2436=VECTOR('',#9005,10.);
#2437=VECTOR('',#9006,10.);
#2438=VECTOR('',#9009,10.);
#2439=VECTOR('',#9010,10.);
#2440=VECTOR('',#9013,10.);
#2441=VECTOR('',#9014,10.);
#2442=VECTOR('',#9017,10.);
#2443=VECTOR('',#9020,10.);
#2444=VECTOR('',#9021,10.);
#2445=VECTOR('',#9022,10.);
#2446=VECTOR('',#9023,10.);
#2447=VECTOR('',#9024,10.);
#2448=VECTOR('',#9025,10.);
#2449=VECTOR('',#9026,10.);
#2450=VECTOR('',#9029,10.);
#2451=VECTOR('',#9030,10.);
#2452=VECTOR('',#9031,10.);
#2453=VECTOR('',#9032,10.);
#2454=VECTOR('',#9033,10.);
#2455=VECTOR('',#9036,10.);
#2456=VECTOR('',#9037,10.);
#2457=VECTOR('',#9038,10.);
#2458=VECTOR('',#9041,10.);
#2459=VECTOR('',#9042,10.);
#2460=VECTOR('',#9051,10.);
#2461=VECTOR('',#9052,10.);
#2462=VECTOR('',#9065,10.);
#2463=VECTOR('',#9066,10.);
#2464=VECTOR('',#9067,10.);
#2465=VECTOR('',#9072,10.);
#2466=VECTOR('',#9075,10.);
#2467=VECTOR('',#9078,10.);
#2468=VECTOR('',#9083,10.);
#2469=VECTOR('',#9084,10.);
#2470=VECTOR('',#9089,10.);
#2471=VECTOR('',#9102,2.65000577328011);
#2472=VECTOR('',#9111,10.);
#2473=VECTOR('',#9114,10.);
#2474=VECTOR('',#9119,10.);
#2475=VECTOR('',#9122,10.);
#2476=VECTOR('',#9123,10.);
#2477=VECTOR('',#9124,10.);
#2478=VECTOR('',#9125,10.);
#2479=VECTOR('',#9126,10.);
#2480=VECTOR('',#9127,10.);
#2481=VECTOR('',#9128,10.);
#2482=VECTOR('',#9129,10.);
#2483=VECTOR('',#9130,10.);
#2484=VECTOR('',#9131,10.);
#2485=VECTOR('',#9132,10.);
#2486=VECTOR('',#9133,10.);
#2487=VECTOR('',#9134,10.);
#2488=VECTOR('',#9135,10.);
#2489=VECTOR('',#9136,10.);
#2490=VECTOR('',#9137,10.);
#2491=VECTOR('',#9138,10.);
#2492=VECTOR('',#9139,10.);
#2493=VECTOR('',#9140,10.);
#2494=VECTOR('',#9141,10.);
#2495=VECTOR('',#9142,10.);
#2496=VECTOR('',#9145,10.);
#2497=VECTOR('',#9146,10.);
#2498=VECTOR('',#9147,10.);
#2499=VECTOR('',#9150,10.);
#2500=VECTOR('',#9151,10.);
#2501=VECTOR('',#9154,10.);
#2502=VECTOR('',#9155,10.);
#2503=VECTOR('',#9158,10.);
#2504=VECTOR('',#9159,10.);
#2505=VECTOR('',#9160,10.);
#2506=VECTOR('',#9163,10.);
#2507=VECTOR('',#9164,10.);
#2508=VECTOR('',#9165,10.);
#2509=VECTOR('',#9168,10.);
#2510=VECTOR('',#9169,10.);
#2511=VECTOR('',#9172,10.);
#2512=VECTOR('',#9173,10.);
#2513=VECTOR('',#9176,10.);
#2514=VECTOR('',#9177,10.);
#2515=VECTOR('',#9180,10.);
#2516=VECTOR('',#9181,10.);
#2517=VECTOR('',#9182,10.);
#2518=VECTOR('',#9183,10.);
#2519=VECTOR('',#9186,10.);
#2520=VECTOR('',#9187,10.);
#2521=VECTOR('',#9188,10.);
#2522=VECTOR('',#9191,10.);
#2523=VECTOR('',#9192,10.);
#2524=VECTOR('',#9193,10.);
#2525=VECTOR('',#9196,10.);
#2526=VECTOR('',#9197,10.);
#2527=VECTOR('',#9200,10.);
#2528=VECTOR('',#9201,10.);
#2529=VECTOR('',#9204,10.);
#2530=VECTOR('',#9205,10.);
#2531=VECTOR('',#9206,10.);
#2532=VECTOR('',#9209,10.);
#2533=VECTOR('',#9210,10.);
#2534=VECTOR('',#9213,10.);
#2535=VECTOR('',#9214,10.);
#2536=VECTOR('',#9217,10.);
#2537=VECTOR('',#9218,10.);
#2538=VECTOR('',#9219,10.);
#2539=VECTOR('',#9222,10.);
#2540=VECTOR('',#9223,10.);
#2541=VECTOR('',#9226,10.);
#2542=VECTOR('',#9227,10.);
#2543=VECTOR('',#9230,10.);
#2544=VECTOR('',#9231,10.);
#2545=VECTOR('',#9232,10.);
#2546=VECTOR('',#9235,10.);
#2547=VECTOR('',#9236,10.);
#2548=VECTOR('',#9239,10.);
#2549=VECTOR('',#9240,10.);
#2550=VECTOR('',#9241,10.);
#2551=VECTOR('',#9242,10.);
#2552=VECTOR('',#9243,10.);
#2553=VECTOR('',#9246,10.);
#2554=VECTOR('',#9251,10.);
#2555=VECTOR('',#9256,10.);
#2556=VECTOR('',#9257,10.);
#2557=VECTOR('',#9258,10.);
#2558=VECTOR('',#9261,10.);
#2559=VECTOR('',#9262,10.);
#2560=VECTOR('',#9267,10.);
#2561=VECTOR('',#9272,10.);
#2562=VECTOR('',#9273,10.);
#2563=VECTOR('',#9276,10.);
#2564=VECTOR('',#9277,10.);
#2565=VECTOR('',#9280,10.);
#2566=VECTOR('',#9281,10.);
#2567=VECTOR('',#9282,10.);
#2568=VECTOR('',#9285,10.);
#2569=VECTOR('',#9286,10.);
#2570=VECTOR('',#9289,10.);
#2571=VECTOR('',#9290,10.);
#2572=VECTOR('',#9293,10.);
#2573=VECTOR('',#9294,10.);
#2574=VECTOR('',#9297,10.);
#2575=VECTOR('',#9298,10.);
#2576=VECTOR('',#9301,10.);
#2577=VECTOR('',#9302,10.);
#2578=VECTOR('',#9305,10.);
#2579=VECTOR('',#9306,10.);
#2580=VECTOR('',#9309,10.);
#2581=VECTOR('',#9310,10.);
#2582=VECTOR('',#9313,10.);
#2583=VECTOR('',#9314,10.);
#2584=VECTOR('',#9317,10.);
#2585=VECTOR('',#9320,10.);
#2586=VECTOR('',#9321,10.);
#2587=VECTOR('',#9324,10.);
#2588=VECTOR('',#9327,10.);
#2589=VECTOR('',#9330,10.);
#2590=VECTOR('',#9331,10.);
#2591=VECTOR('',#9334,10.);
#2592=VECTOR('',#9337,10.);
#2593=VECTOR('',#9340,10.);
#2594=VECTOR('',#9341,10.);
#2595=VECTOR('',#9342,10.);
#2596=VECTOR('',#9343,10.);
#2597=VECTOR('',#9346,10.);
#2598=VECTOR('',#9347,10.);
#2599=VECTOR('',#9348,10.);
#2600=VECTOR('',#9349,10.);
#2601=VECTOR('',#9350,10.);
#2602=VECTOR('',#9353,10.);
#2603=VECTOR('',#9354,10.);
#2604=VECTOR('',#9357,10.);
#2605=VECTOR('',#9358,10.);
#2606=VECTOR('',#9361,10.);
#2607=VECTOR('',#9362,10.);
#2608=VECTOR('',#9363,10.);
#2609=VECTOR('',#9366,10.);
#2610=VECTOR('',#9367,10.);
#2611=VECTOR('',#9368,10.);
#2612=VECTOR('',#9371,10.);
#2613=VECTOR('',#9372,10.);
#2614=VECTOR('',#9373,10.);
#2615=VECTOR('',#9374,10.);
#2616=VECTOR('',#9375,10.);
#2617=VECTOR('',#9376,10.);
#2618=VECTOR('',#9379,10.);
#2619=VECTOR('',#9380,10.);
#2620=VECTOR('',#9381,10.);
#2621=VECTOR('',#9386,10.);
#2622=VECTOR('',#9387,10.);
#2623=VECTOR('',#9388,10.);
#2624=VECTOR('',#9389,10.);
#2625=VECTOR('',#9390,10.);
#2626=VECTOR('',#9393,10.);
#2627=VECTOR('',#9394,10.);
#2628=VECTOR('',#9395,10.);
#2629=VECTOR('',#9396,10.);
#2630=VECTOR('',#9399,10.);
#2631=VECTOR('',#9400,10.);
#2632=VECTOR('',#9401,10.);
#2633=VECTOR('',#9404,10.);
#2634=VECTOR('',#9405,10.);
#2635=VECTOR('',#9406,10.);
#2636=VECTOR('',#9407,10.);
#2637=VECTOR('',#9408,10.);
#2638=VECTOR('',#9411,10.);
#2639=VECTOR('',#9412,10.);
#2640=VECTOR('',#9415,10.);
#2641=VECTOR('',#9416,10.);
#2642=VECTOR('',#9421,10.);
#2643=VECTOR('',#9430,10.);
#2644=VECTOR('',#9431,10.);
#2645=VECTOR('',#9444,10.);
#2646=VECTOR('',#9445,10.);
#2647=VECTOR('',#9446,10.);
#2648=VECTOR('',#9453,10.);
#2649=VECTOR('',#9456,10.);
#2650=VECTOR('',#9465,10.);
#2651=VECTOR('',#9476,2.65000577328011);
#2652=VECTOR('',#9485,10.);
#2653=VECTOR('',#9488,10.);
#2654=VECTOR('',#9489,10.);
#2655=VECTOR('',#9494,10.);
#2656=VECTOR('',#9497,10.);
#2657=VECTOR('',#9500,10.);
#2658=VECTOR('',#9503,10.);
#2659=VECTOR('',#9506,10.);
#2660=VECTOR('',#9515,10.);
#2661=VECTOR('',#9516,10.);
#2662=VECTOR('',#9517,10.);
#2663=VECTOR('',#9520,10.);
#2664=VECTOR('',#9523,10.);
#2665=VECTOR('',#9524,10.);
#2666=VECTOR('',#9527,10.);
#2667=VECTOR('',#9528,10.);
#2668=VECTOR('',#9529,10.);
#2669=VECTOR('',#9532,10.);
#2670=VECTOR('',#9533,10.);
#2671=VECTOR('',#9534,10.);
#2672=VECTOR('',#9539,10.);
#2673=VECTOR('',#9540,10.);
#2674=VECTOR('',#9541,10.);
#2675=VECTOR('',#9544,10.);
#2676=VECTOR('',#9545,10.);
#2677=VECTOR('',#9546,10.);
#2678=VECTOR('',#9549,10.);
#2679=VECTOR('',#9550,10.);
#2680=VECTOR('',#9555,10.);
#2681=VECTOR('',#9558,10.);
#2682=VECTOR('',#9561,10.);
#2683=VECTOR('',#9564,10.);
#2684=VECTOR('',#9575,10.);
#2685=VECTOR('',#9578,10.);
#2686=VECTOR('',#9579,10.);
#2687=VECTOR('',#9580,10.);
#2688=VECTOR('',#9583,10.);
#2689=VECTOR('',#9584,10.);
#2690=VECTOR('',#9585,10.);
#2691=VECTOR('',#9588,10.);
#2692=VECTOR('',#9589,10.);
#2693=VECTOR('',#9590,10.);
#2694=VECTOR('',#9593,10.);
#2695=VECTOR('',#9594,10.);
#2696=VECTOR('',#9599,10.);
#2697=VECTOR('',#9602,10.);
#2698=VECTOR('',#9605,10.);
#2699=VECTOR('',#9608,10.);
#2700=VECTOR('',#9613,3.50000000000001);
#2701=VECTOR('',#9616,10.);
#2702=VECTOR('',#9617,10.);
#2703=VECTOR('',#9618,10.);
#2704=VECTOR('',#9619,10.);
#2705=VECTOR('',#9620,10.);
#2706=VECTOR('',#9621,10.);
#2707=VECTOR('',#9624,10.);
#2708=VECTOR('',#9625,10.);
#2709=VECTOR('',#9628,10.);
#2710=VECTOR('',#9631,10.);
#2711=VECTOR('',#9634,10.);
#2712=VECTOR('',#9637,10.);
#2713=VECTOR('',#9642,10.);
#2714=VECTOR('',#9645,10.);
#2715=VECTOR('',#9650,10.);
#2716=VECTOR('',#9653,10.);
#2717=VECTOR('',#9660,10.);
#2718=VECTOR('',#9661,10.);
#2719=VECTOR('',#9662,10.);
#2720=VECTOR('',#9663,10.);
#2721=VECTOR('',#9664,10.);
#2722=VECTOR('',#9665,10.);
#2723=VECTOR('',#9666,10.);
#2724=VECTOR('',#9667,10.);
#2725=VECTOR('',#9668,10.);
#2726=VECTOR('',#9669,10.);
#2727=VECTOR('',#9670,10.);
#2728=VECTOR('',#9671,10.);
#2729=VECTOR('',#9674,10.);
#2730=VECTOR('',#9675,10.);
#2731=VECTOR('',#9676,10.);
#2732=VECTOR('',#9677,10.);
#2733=VECTOR('',#9678,10.);
#2734=VECTOR('',#9679,10.);
#2735=VECTOR('',#9684,10.);
#2736=VECTOR('',#9685,10.);
#2737=VECTOR('',#9688,10.);
#2738=VECTOR('',#9691,10.);
#2739=VECTOR('',#9694,10.);
#2740=VECTOR('',#9697,10.);
#2741=VECTOR('',#9702,3.50000000000001);
#2742=VECTOR('',#9705,10.);
#2743=VECTOR('',#9706,10.);
#2744=VECTOR('',#9709,10.);
#2745=VECTOR('',#9714,10.);
#2746=VECTOR('',#9715,10.);
#2747=VECTOR('',#9716,10.);
#2748=VECTOR('',#9717,10.);
#2749=VECTOR('',#9720,10.);
#2750=VECTOR('',#9721,10.);
#2751=VECTOR('',#9722,10.);
#2752=VECTOR('',#9723,10.);
#2753=VECTOR('',#9724,10.);
#2754=VECTOR('',#9725,10.);
#2755=VECTOR('',#9726,10.);
#2756=VECTOR('',#9727,10.);
#2757=VECTOR('',#9728,10.);
#2758=VECTOR('',#9729,10.);
#2759=VECTOR('',#9730,10.);
#2760=VECTOR('',#9731,10.);
#2761=VECTOR('',#9734,10.);
#2762=VECTOR('',#9735,10.);
#2763=VECTOR('',#9738,10.);
#2764=VECTOR('',#9741,10.);
#2765=VECTOR('',#9744,10.);
#2766=VECTOR('',#9747,10.);
#2767=VECTOR('',#9750,10.);
#2768=VECTOR('',#9753,10.);
#2769=VECTOR('',#9756,10.);
#2770=VECTOR('',#9759,10.);
#2771=VECTOR('',#9762,10.);
#2772=VECTOR('',#9765,10.);
#2773=VECTOR('',#9776,4.36823669300779);
#2774=VECTOR('',#9779,3.86823669300782);
#2775=VECTOR('',#9788,4.36823669300779);
#2776=VECTOR('',#9791,3.86823669300782);
#2777=VECTOR('',#9794,10.);
#2778=VECTOR('',#9795,10.);
#2779=VECTOR('',#9796,10.);
#2780=VECTOR('',#9797,10.);
#2781=VECTOR('',#9800,10.);
#2782=VECTOR('',#9801,10.);
#2783=VECTOR('',#9804,10.);
#2784=VECTOR('',#9807,10.);
#2785=VECTOR('',#9812,10.);
#2786=VECTOR('',#9813,10.);
#2787=VECTOR('',#9814,10.);
#2788=VECTOR('',#9815,10.);
#2789=VECTOR('',#9822,10.);
#2790=VECTOR('',#9831,10.);
#2791=VECTOR('',#9834,10.);
#2792=VECTOR('',#9837,10.);
#2793=VECTOR('',#9838,10.);
#2794=VECTOR('',#9843,10.);
#2795=VECTOR('',#9846,10.);
#2796=VECTOR('',#9851,10.);
#2797=VECTOR('',#9852,10.);
#2798=VECTOR('',#9853,10.);
#2799=VECTOR('',#9854,10.);
#2800=VECTOR('',#9861,10.);
#2801=VECTOR('',#9864,10.);
#2802=VECTOR('',#9865,10.);
#2803=VECTOR('',#9868,10.);
#2804=VECTOR('',#9871,10.);
#2805=VECTOR('',#9874,10.);
#2806=VECTOR('',#9881,10.);
#2807=VECTOR('',#9882,10.);
#2808=VECTOR('',#9887,10.);
#2809=VECTOR('',#9892,10.);
#2810=VECTOR('',#9895,10.);
#2811=VECTOR('',#9896,10.);
#2812=VECTOR('',#9903,10.);
#2813=VECTOR('',#9904,10.);
#2814=VECTOR('',#9909,10.);
#2815=VECTOR('',#9912,10.);
#2816=VECTOR('',#9921,10.);
#2817=VECTOR('',#9922,10.);
#2818=VECTOR('',#9927,10.);
#2819=VECTOR('',#9930,10.);
#2820=VECTOR('',#9935,10.);
#2821=VECTOR('',#9938,10.);
#2822=VECTOR('',#9943,10.);
#2823=VECTOR('',#9944,10.);
#2824=VECTOR('',#9945,10.);
#2825=VECTOR('',#9946,10.);
#2826=VECTOR('',#9949,10.);
#2827=VECTOR('',#9950,10.);
#2828=VECTOR('',#9951,10.);
#2829=VECTOR('',#9952,10.);
#2830=VECTOR('',#9955,10.);
#2831=VECTOR('',#9956,10.);
#2832=VECTOR('',#9959,10.);
#2833=VECTOR('',#9964,10.);
#2834=VECTOR('',#9965,10.);
#2835=VECTOR('',#9966,10.);
#2836=VECTOR('',#9967,10.);
#2837=VECTOR('',#9968,10.);
#2838=VECTOR('',#9971,10.);
#2839=VECTOR('',#9972,10.);
#2840=VECTOR('',#9973,10.);
#2841=VECTOR('',#9976,10.);
#2842=VECTOR('',#9977,10.);
#2843=VECTOR('',#9980,10.);
#2844=VECTOR('',#9983,10.);
#2845=VECTOR('',#9984,10.);
#2846=VECTOR('',#9987,10.);
#2847=VECTOR('',#9988,10.);
#2848=VECTOR('',#9991,10.);
#2849=VECTOR('',#9992,10.);
#2850=VECTOR('',#9995,10.);
#2851=VECTOR('',#10000,10.);
#2852=VECTOR('',#10001,10.);
#2853=VECTOR('',#10004,10.);
#2854=VECTOR('',#10005,10.);
#2855=VECTOR('',#10008,10.);
#2856=VECTOR('',#10009,10.);
#2857=VECTOR('',#10012,10.);
#2858=VECTOR('',#10019,10.);
#2859=VECTOR('',#10024,10.);
#2860=VECTOR('',#10025,10.);
#2861=VERTEX_POINT('',#10040);
#2862=VERTEX_POINT('',#10041);
#2863=VERTEX_POINT('',#10043);
#2864=VERTEX_POINT('',#10045);
#2865=VERTEX_POINT('',#10047);
#2866=VERTEX_POINT('',#10049);
#2867=VERTEX_POINT('',#10052);
#2868=VERTEX_POINT('',#10055);
#2869=VERTEX_POINT('',#10056);
#2870=VERTEX_POINT('',#10058);
#2871=VERTEX_POINT('',#10060);
#2872=VERTEX_POINT('',#10064);
#2873=VERTEX_POINT('',#10065);
#2874=VERTEX_POINT('',#10067);
#2875=VERTEX_POINT('',#10069);
#2876=VERTEX_POINT('',#10077);
#2877=VERTEX_POINT('',#10085);
#2878=VERTEX_POINT('',#10087);
#2879=VERTEX_POINT('',#10089);
#2880=VERTEX_POINT('',#10099);
#2881=VERTEX_POINT('',#10103);
#2882=VERTEX_POINT('',#10105);
#2883=VERTEX_POINT('',#10115);
#2884=VERTEX_POINT('',#10116);
#2885=VERTEX_POINT('',#10118);
#2886=VERTEX_POINT('',#10120);
#2887=VERTEX_POINT('',#10124);
#2888=VERTEX_POINT('',#10125);
#2889=VERTEX_POINT('',#10127);
#2890=VERTEX_POINT('',#10129);
#2891=VERTEX_POINT('',#10137);
#2892=VERTEX_POINT('',#10145);
#2893=VERTEX_POINT('',#10147);
#2894=VERTEX_POINT('',#10149);
#2895=VERTEX_POINT('',#10158);
#2896=VERTEX_POINT('',#10160);
#2897=VERTEX_POINT('',#10162);
#2898=VERTEX_POINT('',#10164);
#2899=VERTEX_POINT('',#10175);
#2900=VERTEX_POINT('',#10177);
#2901=VERTEX_POINT('',#10189);
#2902=VERTEX_POINT('',#10191);
#2903=VERTEX_POINT('',#10193);
#2904=VERTEX_POINT('',#10196);
#2905=VERTEX_POINT('',#10198);
#2906=VERTEX_POINT('',#10213);
#2907=VERTEX_POINT('',#10216);
#2908=VERTEX_POINT('',#10218);
#2909=VERTEX_POINT('',#10220);
#2910=VERTEX_POINT('',#10222);
#2911=VERTEX_POINT('',#10224);
#2912=VERTEX_POINT('',#10226);
#2913=VERTEX_POINT('',#10229);
#2914=VERTEX_POINT('',#10231);
#2915=VERTEX_POINT('',#10233);
#2916=VERTEX_POINT('',#10235);
#2917=VERTEX_POINT('',#10238);
#2918=VERTEX_POINT('',#10241);
#2919=VERTEX_POINT('',#10242);
#2920=VERTEX_POINT('',#10244);
#2921=VERTEX_POINT('',#10246);
#2922=VERTEX_POINT('',#10248);
#2923=VERTEX_POINT('',#10250);
#2924=VERTEX_POINT('',#10254);
#2925=VERTEX_POINT('',#10256);
#2926=VERTEX_POINT('',#10260);
#2927=VERTEX_POINT('',#10264);
#2928=VERTEX_POINT('',#10265);
#2929=VERTEX_POINT('',#10267);
#2930=VERTEX_POINT('',#10269);
#2931=VERTEX_POINT('',#10271);
#2932=VERTEX_POINT('',#10273);
#2933=VERTEX_POINT('',#10277);
#2934=VERTEX_POINT('',#10279);
#2935=VERTEX_POINT('',#10283);
#2936=VERTEX_POINT('',#10285);
#2937=VERTEX_POINT('',#10287);
#2938=VERTEX_POINT('',#10289);
#2939=VERTEX_POINT('',#10291);
#2940=VERTEX_POINT('',#10293);
#2941=VERTEX_POINT('',#10295);
#2942=VERTEX_POINT('',#10297);
#2943=VERTEX_POINT('',#10299);
#2944=VERTEX_POINT('',#10303);
#2945=VERTEX_POINT('',#10305);
#2946=VERTEX_POINT('',#10307);
#2947=VERTEX_POINT('',#10309);
#2948=VERTEX_POINT('',#10313);
#2949=VERTEX_POINT('',#10315);
#2950=VERTEX_POINT('',#10317);
#2951=VERTEX_POINT('',#10319);
#2952=VERTEX_POINT('',#10323);
#2953=VERTEX_POINT('',#10325);
#2954=VERTEX_POINT('',#10329);
#2955=VERTEX_POINT('',#10330);
#2956=VERTEX_POINT('',#10332);
#2957=VERTEX_POINT('',#10334);
#2958=VERTEX_POINT('',#10336);
#2959=VERTEX_POINT('',#10338);
#2960=VERTEX_POINT('',#10340);
#2961=VERTEX_POINT('',#10342);
#2962=VERTEX_POINT('',#10344);
#2963=VERTEX_POINT('',#10346);
#2964=VERTEX_POINT('',#10348);
#2965=VERTEX_POINT('',#10350);
#2966=VERTEX_POINT('',#10352);
#2967=VERTEX_POINT('',#10354);
#2968=VERTEX_POINT('',#10357);
#2969=VERTEX_POINT('',#10359);
#2970=VERTEX_POINT('',#10361);
#2971=VERTEX_POINT('',#10363);
#2972=VERTEX_POINT('',#10365);
#2973=VERTEX_POINT('',#10367);
#2974=VERTEX_POINT('',#10369);
#2975=VERTEX_POINT('',#10371);
#2976=VERTEX_POINT('',#10373);
#2977=VERTEX_POINT('',#10375);
#2978=VERTEX_POINT('',#10377);
#2979=VERTEX_POINT('',#10379);
#2980=VERTEX_POINT('',#10381);
#2981=VERTEX_POINT('',#10383);
#2982=VERTEX_POINT('',#10385);
#2983=VERTEX_POINT('',#10387);
#2984=VERTEX_POINT('',#10389);
#2985=VERTEX_POINT('',#10391);
#2986=VERTEX_POINT('',#10393);
#2987=VERTEX_POINT('',#10395);
#2988=VERTEX_POINT('',#10397);
#2989=VERTEX_POINT('',#10400);
#2990=VERTEX_POINT('',#10402);
#2991=VERTEX_POINT('',#10404);
#2992=VERTEX_POINT('',#10406);
#2993=VERTEX_POINT('',#10408);
#2994=VERTEX_POINT('',#10410);
#2995=VERTEX_POINT('',#10413);
#2996=VERTEX_POINT('',#10414);
#2997=VERTEX_POINT('',#10416);
#2998=VERTEX_POINT('',#10418);
#2999=VERTEX_POINT('',#10420);
#3000=VERTEX_POINT('',#10422);
#3001=VERTEX_POINT('',#10425);
#3002=VERTEX_POINT('',#10426);
#3003=VERTEX_POINT('',#10428);
#3004=VERTEX_POINT('',#10430);
#3005=VERTEX_POINT('',#10433);
#3006=VERTEX_POINT('',#10435);
#3007=VERTEX_POINT('',#10437);
#3008=VERTEX_POINT('',#10438);
#3009=VERTEX_POINT('',#10440);
#3010=VERTEX_POINT('',#10442);
#3011=VERTEX_POINT('',#10444);
#3012=VERTEX_POINT('',#10446);
#3013=VERTEX_POINT('',#10450);
#3014=VERTEX_POINT('',#10459);
#3015=VERTEX_POINT('',#10461);
#3016=VERTEX_POINT('',#10465);
#3017=VERTEX_POINT('',#10469);
#3018=VERTEX_POINT('',#10472);
#3019=VERTEX_POINT('',#10476);
#3020=VERTEX_POINT('',#10477);
#3021=VERTEX_POINT('',#10521);
#3022=VERTEX_POINT('',#10523);
#3023=VERTEX_POINT('',#10525);
#3024=VERTEX_POINT('',#10527);
#3025=VERTEX_POINT('',#10536);
#3026=VERTEX_POINT('',#10538);
#3027=VERTEX_POINT('',#10548);
#3028=VERTEX_POINT('',#10549);
#3029=VERTEX_POINT('',#10567);
#3030=VERTEX_POINT('',#10571);
#3031=VERTEX_POINT('',#10573);
#3032=VERTEX_POINT('',#10577);
#3033=VERTEX_POINT('',#10589);
#3034=VERTEX_POINT('',#10591);
#3035=VERTEX_POINT('',#10594);
#3036=VERTEX_POINT('',#10596);
#3037=VERTEX_POINT('',#10607);
#3038=VERTEX_POINT('',#10609);
#3039=VERTEX_POINT('',#10621);
#3040=VERTEX_POINT('',#10628);
#3041=VERTEX_POINT('',#10633);
#3042=VERTEX_POINT('',#10639);
#3043=VERTEX_POINT('',#10641);
#3044=VERTEX_POINT('',#10643);
#3045=VERTEX_POINT('',#10645);
#3046=VERTEX_POINT('',#10669);
#3047=VERTEX_POINT('',#10691);
#3048=VERTEX_POINT('',#10704);
#3049=VERTEX_POINT('',#10713);
#3050=VERTEX_POINT('',#10717);
#3051=VERTEX_POINT('',#10722);
#3052=VERTEX_POINT('',#10726);
#3053=VERTEX_POINT('',#10737);
#3054=VERTEX_POINT('',#10746);
#3055=VERTEX_POINT('',#10747);
#3056=VERTEX_POINT('',#10749);
#3057=VERTEX_POINT('',#10751);
#3058=VERTEX_POINT('',#10753);
#3059=VERTEX_POINT('',#10755);
#3060=VERTEX_POINT('',#10760);
#3061=VERTEX_POINT('',#10766);
#3062=VERTEX_POINT('',#10771);
#3063=VERTEX_POINT('',#10839);
#3064=VERTEX_POINT('',#10846);
#3065=VERTEX_POINT('',#10859);
#3066=VERTEX_POINT('',#10861);
#3067=VERTEX_POINT('',#10868);
#3068=VERTEX_POINT('',#10872);
#3069=VERTEX_POINT('',#10874);
#3070=VERTEX_POINT('',#10885);
#3071=VERTEX_POINT('',#10893);
#3072=VERTEX_POINT('',#10910);
#3073=VERTEX_POINT('',#10912);
#3074=VERTEX_POINT('',#10932);
#3075=VERTEX_POINT('',#10939);
#3076=VERTEX_POINT('',#10968);
#3077=VERTEX_POINT('',#10973);
#3078=VERTEX_POINT('',#11021);
#3079=VERTEX_POINT('',#11023);
#3080=VERTEX_POINT('',#11025);
#3081=VERTEX_POINT('',#11027);
#3082=VERTEX_POINT('',#11029);
#3083=VERTEX_POINT('',#11031);
#3084=VERTEX_POINT('',#11033);
#3085=VERTEX_POINT('',#11040);
#3086=VERTEX_POINT('',#11042);
#3087=VERTEX_POINT('',#11048);
#3088=VERTEX_POINT('',#11068);
#3089=VERTEX_POINT('',#11099);
#3090=VERTEX_POINT('',#11106);
#3091=VERTEX_POINT('',#11108);
#3092=VERTEX_POINT('',#11112);
#3093=VERTEX_POINT('',#11114);
#3094=VERTEX_POINT('',#11121);
#3095=VERTEX_POINT('',#11126);
#3096=VERTEX_POINT('',#11190);
#3097=VERTEX_POINT('',#11191);
#3098=VERTEX_POINT('',#11199);
#3099=VERTEX_POINT('',#11231);
#3100=VERTEX_POINT('',#11239);
#3101=VERTEX_POINT('',#11247);
#3102=VERTEX_POINT('',#11252);
#3103=VERTEX_POINT('',#11254);
#3104=VERTEX_POINT('',#11261);
#3105=VERTEX_POINT('',#11268);
#3106=VERTEX_POINT('',#11273);
#3107=VERTEX_POINT('',#11283);
#3108=VERTEX_POINT('',#11290);
#3109=VERTEX_POINT('',#11297);
#3110=VERTEX_POINT('',#11304);
#3111=VERTEX_POINT('',#11315);
#3112=VERTEX_POINT('',#11321);
#3113=VERTEX_POINT('',#11338);
#3114=VERTEX_POINT('',#11343);
#3115=VERTEX_POINT('',#11381);
#3116=VERTEX_POINT('',#11410);
#3117=VERTEX_POINT('',#11415);
#3118=VERTEX_POINT('',#11423);
#3119=VERTEX_POINT('',#11504);
#3120=VERTEX_POINT('',#11562);
#3121=VERTEX_POINT('',#11563);
#3122=VERTEX_POINT('',#11576);
#3123=VERTEX_POINT('',#11578);
#3124=VERTEX_POINT('',#11589);
#3125=VERTEX_POINT('',#11606);
#3126=VERTEX_POINT('',#11611);
#3127=VERTEX_POINT('',#11616);
#3128=VERTEX_POINT('',#11621);
#3129=VERTEX_POINT('',#11626);
#3130=VERTEX_POINT('',#11663);
#3131=VERTEX_POINT('',#11665);
#3132=VERTEX_POINT('',#11672);
#3133=VERTEX_POINT('',#11687);
#3134=VERTEX_POINT('',#11688);
#3135=VERTEX_POINT('',#11703);
#3136=VERTEX_POINT('',#11705);
#3137=VERTEX_POINT('',#11719);
#3138=VERTEX_POINT('',#11720);
#3139=VERTEX_POINT('',#11722);
#3140=VERTEX_POINT('',#11724);
#3141=VERTEX_POINT('',#11726);
#3142=VERTEX_POINT('',#11728);
#3143=VERTEX_POINT('',#11730);
#3144=VERTEX_POINT('',#11732);
#3145=VERTEX_POINT('',#11736);
#3146=VERTEX_POINT('',#11737);
#3147=VERTEX_POINT('',#11740);
#3148=VERTEX_POINT('',#11744);
#3149=VERTEX_POINT('',#11745);
#3150=VERTEX_POINT('',#11747);
#3151=VERTEX_POINT('',#11752);
#3152=VERTEX_POINT('',#11753);
#3153=VERTEX_POINT('',#11756);
#3154=VERTEX_POINT('',#11758);
#3155=VERTEX_POINT('',#11760);
#3156=VERTEX_POINT('',#11783);
#3157=VERTEX_POINT('',#11813);
#3158=VERTEX_POINT('',#11815);
#3159=VERTEX_POINT('',#11865);
#3160=VERTEX_POINT('',#11866);
#3161=VERTEX_POINT('',#11871);
#3162=VERTEX_POINT('',#11872);
#3163=VERTEX_POINT('',#11878);
#3164=VERTEX_POINT('',#11883);
#3165=VERTEX_POINT('',#11887);
#3166=VERTEX_POINT('',#11888);
#3167=VERTEX_POINT('',#11890);
#3168=VERTEX_POINT('',#11894);
#3169=VERTEX_POINT('',#11898);
#3170=VERTEX_POINT('',#11902);
#3171=VERTEX_POINT('',#11904);
#3172=VERTEX_POINT('',#11908);
#3173=VERTEX_POINT('',#11910);
#3174=VERTEX_POINT('',#11914);
#3175=VERTEX_POINT('',#11918);
#3176=VERTEX_POINT('',#11922);
#3177=VERTEX_POINT('',#11926);
#3178=VERTEX_POINT('',#11928);
#3179=VERTEX_POINT('',#11930);
#3180=VERTEX_POINT('',#11934);
#3181=VERTEX_POINT('',#11935);
#3182=VERTEX_POINT('',#11940);
#3183=VERTEX_POINT('',#11942);
#3184=VERTEX_POINT('',#11946);
#3185=VERTEX_POINT('',#11950);
#3186=VERTEX_POINT('',#11954);
#3187=VERTEX_POINT('',#11956);
#3188=VERTEX_POINT('',#11960);
#3189=VERTEX_POINT('',#11964);
#3190=VERTEX_POINT('',#11968);
#3191=VERTEX_POINT('',#11970);
#3192=VERTEX_POINT('',#11974);
#3193=VERTEX_POINT('',#11978);
#3194=VERTEX_POINT('',#11982);
#3195=VERTEX_POINT('',#11984);
#3196=VERTEX_POINT('',#11988);
#3197=VERTEX_POINT('',#11992);
#3198=VERTEX_POINT('',#11994);
#3199=VERTEX_POINT('',#11996);
#3200=VERTEX_POINT('',#11998);
#3201=VERTEX_POINT('',#12002);
#3202=VERTEX_POINT('',#12003);
#3203=VERTEX_POINT('',#12005);
#3204=VERTEX_POINT('',#12007);
#3205=VERTEX_POINT('',#12012);
#3206=VERTEX_POINT('',#12014);
#3207=VERTEX_POINT('',#12018);
#3208=VERTEX_POINT('',#12022);
#3209=VERTEX_POINT('',#12026);
#3210=VERTEX_POINT('',#12065);
#3211=VERTEX_POINT('',#12066);
#3212=VERTEX_POINT('',#12074);
#3213=VERTEX_POINT('',#12079);
#3214=VERTEX_POINT('',#12087);
#3215=VERTEX_POINT('',#12095);
#3216=VERTEX_POINT('',#12110);
#3217=VERTEX_POINT('',#12115);
#3218=VERTEX_POINT('',#12140);
#3219=VERTEX_POINT('',#12141);
#3220=VERTEX_POINT('',#12151);
#3221=VERTEX_POINT('',#12152);
#3222=VERTEX_POINT('',#12154);
#3223=VERTEX_POINT('',#12192);
#3224=VERTEX_POINT('',#12201);
#3225=VERTEX_POINT('',#12208);
#3226=VERTEX_POINT('',#12216);
#3227=VERTEX_POINT('',#12223);
#3228=VERTEX_POINT('',#12235);
#3229=VERTEX_POINT('',#12236);
#3230=VERTEX_POINT('',#12238);
#3231=VERTEX_POINT('',#12240);
#3232=VERTEX_POINT('',#12242);
#3233=VERTEX_POINT('',#12244);
#3234=VERTEX_POINT('',#12246);
#3235=VERTEX_POINT('',#12248);
#3236=VERTEX_POINT('',#12252);
#3237=VERTEX_POINT('',#12254);
#3238=VERTEX_POINT('',#12258);
#3239=VERTEX_POINT('',#12260);
#3240=VERTEX_POINT('',#12264);
#3241=VERTEX_POINT('',#12266);
#3242=VERTEX_POINT('',#12268);
#3243=VERTEX_POINT('',#12272);
#3244=VERTEX_POINT('',#12273);
#3245=VERTEX_POINT('',#12278);
#3246=VERTEX_POINT('',#12280);
#3247=VERTEX_POINT('',#12284);
#3248=VERTEX_POINT('',#12285);
#3249=VERTEX_POINT('',#12290);
#3250=VERTEX_POINT('',#12292);
#3251=VERTEX_POINT('',#12296);
#3252=VERTEX_POINT('',#12298);
#3253=VERTEX_POINT('',#12302);
#3254=VERTEX_POINT('',#12304);
#3255=VERTEX_POINT('',#12308);
#3256=VERTEX_POINT('',#12309);
#3257=VERTEX_POINT('',#12314);
#3258=VERTEX_POINT('',#12315);
#3259=VERTEX_POINT('',#12320);
#3260=VERTEX_POINT('',#12321);
#3261=VERTEX_POINT('',#12326);
#3262=VERTEX_POINT('',#12341);
#3263=VERTEX_POINT('',#12342);
#3264=VERTEX_POINT('',#12348);
#3265=VERTEX_POINT('',#12349);
#3266=VERTEX_POINT('',#12351);
#3267=VERTEX_POINT('',#12353);
#3268=VERTEX_POINT('',#12357);
#3269=VERTEX_POINT('',#12358);
#3270=VERTEX_POINT('',#12360);
#3271=VERTEX_POINT('',#12364);
#3272=VERTEX_POINT('',#12366);
#3273=VERTEX_POINT('',#12374);
#3274=VERTEX_POINT('',#12375);
#3275=VERTEX_POINT('',#12377);
#3276=VERTEX_POINT('',#12379);
#3277=VERTEX_POINT('',#12381);
#3278=VERTEX_POINT('',#12383);
#3279=VERTEX_POINT('',#12385);
#3280=VERTEX_POINT('',#12389);
#3281=VERTEX_POINT('',#12391);
#3282=VERTEX_POINT('',#12395);
#3283=VERTEX_POINT('',#12396);
#3284=VERTEX_POINT('',#12398);
#3285=VERTEX_POINT('',#12400);
#3286=VERTEX_POINT('',#12402);
#3287=VERTEX_POINT('',#12404);
#3288=VERTEX_POINT('',#12408);
#3289=VERTEX_POINT('',#12409);
#3290=VERTEX_POINT('',#12412);
#3291=VERTEX_POINT('',#12416);
#3292=VERTEX_POINT('',#12420);
#3293=VERTEX_POINT('',#12426);
#3294=VERTEX_POINT('',#12428);
#3295=VERTEX_POINT('',#12430);
#3296=VERTEX_POINT('',#12432);
#3297=VERTEX_POINT('',#12434);
#3298=VERTEX_POINT('',#12477);
#3299=VERTEX_POINT('',#12485);
#3300=VERTEX_POINT('',#12490);
#3301=VERTEX_POINT('',#12495);
#3302=VERTEX_POINT('',#12500);
#3303=VERTEX_POINT('',#12505);
#3304=VERTEX_POINT('',#12522);
#3305=VERTEX_POINT('',#12533);
#3306=VERTEX_POINT('',#12546);
#3307=VERTEX_POINT('',#12547);
#3308=VERTEX_POINT('',#12549);
#3309=VERTEX_POINT('',#12551);
#3310=VERTEX_POINT('',#12553);
#3311=VERTEX_POINT('',#12558);
#3312=VERTEX_POINT('',#12562);
#3313=VERTEX_POINT('',#12597);
#3314=VERTEX_POINT('',#12598);
#3315=VERTEX_POINT('',#12603);
#3316=VERTEX_POINT('',#12605);
#3317=VERTEX_POINT('',#12667);
#3318=VERTEX_POINT('',#12675);
#3319=VERTEX_POINT('',#12719);
#3320=VERTEX_POINT('',#12748);
#3321=VERTEX_POINT('',#12756);
#3322=VERTEX_POINT('',#12764);
#3323=VERTEX_POINT('',#12771);
#3324=VERTEX_POINT('',#12776);
#3325=VERTEX_POINT('',#12781);
#3326=VERTEX_POINT('',#12816);
#3327=VERTEX_POINT('',#12824);
#3328=VERTEX_POINT('',#12837);
#3329=VERTEX_POINT('',#12838);
#3330=VERTEX_POINT('',#12840);
#3331=VERTEX_POINT('',#12842);
#3332=VERTEX_POINT('',#12846);
#3333=VERTEX_POINT('',#12888);
#3334=VERTEX_POINT('',#12889);
#3335=VERTEX_POINT('',#12906);
#3336=VERTEX_POINT('',#12913);
#3337=VERTEX_POINT('',#12974);
#3338=VERTEX_POINT('',#12979);
#3339=VERTEX_POINT('',#12984);
#3340=VERTEX_POINT('',#12997);
#3341=VERTEX_POINT('',#13003);
#3342=VERTEX_POINT('',#13014);
#3343=VERTEX_POINT('',#13021);
#3344=VERTEX_POINT('',#13028);
#3345=VERTEX_POINT('',#13035);
#3346=VERTEX_POINT('',#13045);
#3347=VERTEX_POINT('',#13050);
#3348=VERTEX_POINT('',#13076);
#3349=VERTEX_POINT('',#13100);
#3350=VERTEX_POINT('',#13133);
#3351=VERTEX_POINT('',#13135);
#3352=VERTEX_POINT('',#13140);
#3353=VERTEX_POINT('',#13141);
#3354=VERTEX_POINT('',#13143);
#3355=VERTEX_POINT('',#13151);
#3356=VERTEX_POINT('',#13172);
#3357=VERTEX_POINT('',#13174);
#3358=VERTEX_POINT('',#13176);
#3359=VERTEX_POINT('',#13179);
#3360=VERTEX_POINT('',#13181);
#3361=VERTEX_POINT('',#13183);
#3362=VERTEX_POINT('',#13185);
#3363=VERTEX_POINT('',#13187);
#3364=VERTEX_POINT('',#13189);
#3365=VERTEX_POINT('',#13191);
#3366=VERTEX_POINT('',#13193);
#3367=VERTEX_POINT('',#13195);
#3368=VERTEX_POINT('',#13197);
#3369=VERTEX_POINT('',#13199);
#3370=VERTEX_POINT('',#13202);
#3371=VERTEX_POINT('',#13204);
#3372=VERTEX_POINT('',#13206);
#3373=VERTEX_POINT('',#13210);
#3374=VERTEX_POINT('',#13211);
#3375=VERTEX_POINT('',#13213);
#3376=VERTEX_POINT('',#13217);
#3377=VERTEX_POINT('',#13221);
#3378=VERTEX_POINT('',#13225);
#3379=VERTEX_POINT('',#13227);
#3380=VERTEX_POINT('',#13231);
#3381=VERTEX_POINT('',#13233);
#3382=VERTEX_POINT('',#13237);
#3383=VERTEX_POINT('',#13241);
#3384=VERTEX_POINT('',#13245);
#3385=VERTEX_POINT('',#13249);
#3386=VERTEX_POINT('',#13251);
#3387=VERTEX_POINT('',#13253);
#3388=VERTEX_POINT('',#13257);
#3389=VERTEX_POINT('',#13258);
#3390=VERTEX_POINT('',#13263);
#3391=VERTEX_POINT('',#13265);
#3392=VERTEX_POINT('',#13269);
#3393=VERTEX_POINT('',#13273);
#3394=VERTEX_POINT('',#13277);
#3395=VERTEX_POINT('',#13279);
#3396=VERTEX_POINT('',#13283);
#3397=VERTEX_POINT('',#13287);
#3398=VERTEX_POINT('',#13291);
#3399=VERTEX_POINT('',#13293);
#3400=VERTEX_POINT('',#13297);
#3401=VERTEX_POINT('',#13301);
#3402=VERTEX_POINT('',#13305);
#3403=VERTEX_POINT('',#13307);
#3404=VERTEX_POINT('',#13311);
#3405=VERTEX_POINT('',#13315);
#3406=VERTEX_POINT('',#13317);
#3407=VERTEX_POINT('',#13319);
#3408=VERTEX_POINT('',#13321);
#3409=VERTEX_POINT('',#13325);
#3410=VERTEX_POINT('',#13326);
#3411=VERTEX_POINT('',#13329);
#3412=VERTEX_POINT('',#13331);
#3413=VERTEX_POINT('',#13335);
#3414=VERTEX_POINT('',#13337);
#3415=VERTEX_POINT('',#13341);
#3416=VERTEX_POINT('',#13345);
#3417=VERTEX_POINT('',#13389);
#3418=VERTEX_POINT('',#13397);
#3419=VERTEX_POINT('',#13405);
#3420=VERTEX_POINT('',#13413);
#3421=VERTEX_POINT('',#13421);
#3422=VERTEX_POINT('',#13434);
#3423=VERTEX_POINT('',#13438);
#3424=VERTEX_POINT('',#13442);
#3425=VERTEX_POINT('',#13444);
#3426=VERTEX_POINT('',#13448);
#3427=VERTEX_POINT('',#13452);
#3428=VERTEX_POINT('',#13456);
#3429=VERTEX_POINT('',#13460);
#3430=VERTEX_POINT('',#13464);
#3431=VERTEX_POINT('',#13468);
#3432=VERTEX_POINT('',#13472);
#3433=VERTEX_POINT('',#13476);
#3434=VERTEX_POINT('',#13482);
#3435=VERTEX_POINT('',#13497);
#3436=VERTEX_POINT('',#13498);
#3437=VERTEX_POINT('',#13504);
#3438=VERTEX_POINT('',#13505);
#3439=VERTEX_POINT('',#13507);
#3440=VERTEX_POINT('',#13509);
#3441=VERTEX_POINT('',#13514);
#3442=VERTEX_POINT('',#13518);
#3443=VERTEX_POINT('',#13522);
#3444=VERTEX_POINT('',#13524);
#3445=VERTEX_POINT('',#13532);
#3446=VERTEX_POINT('',#13534);
#3447=VERTEX_POINT('',#13536);
#3448=VERTEX_POINT('',#13538);
#3449=VERTEX_POINT('',#13540);
#3450=VERTEX_POINT('',#13544);
#3451=VERTEX_POINT('',#13546);
#3452=VERTEX_POINT('',#13550);
#3453=VERTEX_POINT('',#13551);
#3454=VERTEX_POINT('',#13553);
#3455=VERTEX_POINT('',#13555);
#3456=VERTEX_POINT('',#13557);
#3457=VERTEX_POINT('',#13559);
#3458=VERTEX_POINT('',#13563);
#3459=VERTEX_POINT('',#13565);
#3460=VERTEX_POINT('',#13567);
#3461=VERTEX_POINT('',#13571);
#3462=VERTEX_POINT('',#13573);
#3463=VERTEX_POINT('',#13577);
#3464=VERTEX_POINT('',#13579);
#3465=VERTEX_POINT('',#13582);
#3466=VERTEX_POINT('',#13586);
#3467=VERTEX_POINT('',#13627);
#3468=VERTEX_POINT('',#13628);
#3469=VERTEX_POINT('',#13633);
#3470=VERTEX_POINT('',#13644);
#3471=VERTEX_POINT('',#13645);
#3472=VERTEX_POINT('',#13647);
#3473=VERTEX_POINT('',#13649);
#3474=VERTEX_POINT('',#13680);
#3475=VERTEX_POINT('',#13687);
#3476=VERTEX_POINT('',#13692);
#3477=VERTEX_POINT('',#13708);
#3478=VERTEX_POINT('',#13732);
#3479=VERTEX_POINT('',#13765);
#3480=VERTEX_POINT('',#13767);
#3481=VERTEX_POINT('',#13772);
#3482=VERTEX_POINT('',#13773);
#3483=VERTEX_POINT('',#13775);
#3484=VERTEX_POINT('',#13777);
#3485=VERTEX_POINT('',#13796);
#3486=VERTEX_POINT('',#13797);
#3487=VERTEX_POINT('',#13807);
#3488=VERTEX_POINT('',#13808);
#3489=VERTEX_POINT('',#13818);
#3490=VERTEX_POINT('',#13820);
#3491=VERTEX_POINT('',#13824);
#3492=VERTEX_POINT('',#13826);
#3493=VERTEX_POINT('',#13848);
#3494=VERTEX_POINT('',#13849);
#3495=VERTEX_POINT('',#13854);
#3496=VERTEX_POINT('',#13856);
#3497=VERTEX_POINT('',#13860);
#3498=VERTEX_POINT('',#13862);
#3499=VERTEX_POINT('',#13878);
#3500=VERTEX_POINT('',#13882);
#3501=VERTEX_POINT('',#13883);
#3502=VERTEX_POINT('',#13885);
#3503=VERTEX_POINT('',#13887);
#3504=VERTEX_POINT('',#13889);
#3505=VERTEX_POINT('',#13891);
#3506=VERTEX_POINT('',#13917);
#3507=VERTEX_POINT('',#13919);
#3508=VERTEX_POINT('',#13920);
#3509=VERTEX_POINT('',#13922);
#3510=VERTEX_POINT('',#13924);
#3511=VERTEX_POINT('',#13926);
#3512=VERTEX_POINT('',#13928);
#3513=VERTEX_POINT('',#13930);
#3514=VERTEX_POINT('',#13932);
#3515=VERTEX_POINT('',#13934);
#3516=VERTEX_POINT('',#13936);
#3517=VERTEX_POINT('',#13938);
#3518=VERTEX_POINT('',#13940);
#3519=VERTEX_POINT('',#13944);
#3520=VERTEX_POINT('',#13945);
#3521=VERTEX_POINT('',#13947);
#3522=VERTEX_POINT('',#13949);
#3523=VERTEX_POINT('',#13951);
#3524=VERTEX_POINT('',#13953);
#3525=VERTEX_POINT('',#13956);
#3526=VERTEX_POINT('',#13973);
#3527=VERTEX_POINT('',#13979);
#3528=VERTEX_POINT('',#13981);
#3529=VERTEX_POINT('',#13982);
#3530=VERTEX_POINT('',#13984);
#3531=VERTEX_POINT('',#13986);
#3532=VERTEX_POINT('',#13990);
#3533=VERTEX_POINT('',#13991);
#3534=VERTEX_POINT('',#13993);
#3535=VERTEX_POINT('',#13995);
#3536=VERTEX_POINT('',#13997);
#3537=VERTEX_POINT('',#13999);
#3538=VERTEX_POINT('',#14001);
#3539=VERTEX_POINT('',#14003);
#3540=VERTEX_POINT('',#14005);
#3541=VERTEX_POINT('',#14007);
#3542=VERTEX_POINT('',#14009);
#3543=VERTEX_POINT('',#14011);
#3544=VERTEX_POINT('',#14039);
#3545=VERTEX_POINT('',#14041);
#3546=VERTEX_POINT('',#14048);
#3547=VERTEX_POINT('',#14050);
#3548=VERTEX_POINT('',#14057);
#3549=VERTEX_POINT('',#14058);
#3550=VERTEX_POINT('',#14060);
#3551=VERTEX_POINT('',#14062);
#3552=VERTEX_POINT('',#14074);
#3553=VERTEX_POINT('',#14075);
#3554=VERTEX_POINT('',#14077);
#3555=VERTEX_POINT('',#14079);
#3556=VERTEX_POINT('',#14083);
#3557=VERTEX_POINT('',#14085);
#3558=VERTEX_POINT('',#14090);
#3559=VERTEX_POINT('',#14092);
#3560=VERTEX_POINT('',#14098);
#3561=VERTEX_POINT('',#14108);
#3562=VERTEX_POINT('',#14109);
#3563=VERTEX_POINT('',#14111);
#3564=VERTEX_POINT('',#14113);
#3565=VERTEX_POINT('',#14117);
#3566=VERTEX_POINT('',#14119);
#3567=VERTEX_POINT('',#14133);
#3568=VERTEX_POINT('',#14136);
#3569=VERTEX_POINT('',#14140);
#3570=VERTEX_POINT('',#14142);
#3571=VERTEX_POINT('',#14144);
#3572=VERTEX_POINT('',#14148);
#3573=VERTEX_POINT('',#14150);
#3574=VERTEX_POINT('',#14152);
#3575=VERTEX_POINT('',#14156);
#3576=VERTEX_POINT('',#14160);
#3577=VERTEX_POINT('',#14164);
#3578=VERTEX_POINT('',#14170);
#3579=VERTEX_POINT('',#14174);
#3580=VERTEX_POINT('',#14179);
#3581=VERTEX_POINT('',#14188);
#3582=VERTEX_POINT('',#14193);
#3583=VERTEX_POINT('',#14199);
#3584=VERTEX_POINT('',#14206);
#3585=VERTEX_POINT('',#14208);
#3586=VERTEX_POINT('',#14210);
#3587=VERTEX_POINT('',#14212);
#3588=VERTEX_POINT('',#14216);
#3589=VERTEX_POINT('',#14218);
#3590=VERTEX_POINT('',#14222);
#3591=VERTEX_POINT('',#14228);
#3592=VERTEX_POINT('',#14232);
#3593=VERTEX_POINT('',#14236);
#3594=VERTEX_POINT('',#14243);
#3595=VERTEX_POINT('',#14247);
#3596=VERTEX_POINT('',#14251);
#3597=VERTEX_POINT('',#14464);
#3598=VERTEX_POINT('',#14502);
#3599=VERTEX_POINT('',#14592);
#3600=VERTEX_POINT('',#14599);
#3601=VERTEX_POINT('',#14601);
#3602=VERTEX_POINT('',#14705);
#3603=VERTEX_POINT('',#14989);
#3604=EDGE_CURVE('',#2861,#2862,#1267,.T.);
#3605=EDGE_CURVE('',#2861,#2863,#1268,.T.);
#3606=EDGE_CURVE('',#2864,#2863,#1269,.T.);
#3607=EDGE_CURVE('',#2865,#2864,#1270,.T.);
#3608=EDGE_CURVE('',#2866,#2865,#1271,.T.);
#3609=EDGE_CURVE('',#2866,#2862,#1272,.T.);
#3610=EDGE_CURVE('',#2867,#2867,#339,.T.);
#3611=EDGE_CURVE('',#2868,#2869,#340,.T.);
#3612=EDGE_CURVE('',#2870,#2869,#1273,.T.);
#3613=EDGE_CURVE('',#2870,#2871,#341,.T.);
#3614=EDGE_CURVE('',#2868,#2871,#1274,.T.);
#3615=EDGE_CURVE('',#2872,#2873,#342,.T.);
#3616=EDGE_CURVE('',#2873,#2874,#343,.T.);
#3617=EDGE_CURVE('',#2875,#2874,#108,.T.);
#3618=EDGE_CURVE('',#2876,#2875,#109,.T.);
#3619=EDGE_CURVE('',#2876,#2877,#344,.T.);
#3620=EDGE_CURVE('',#2877,#2878,#345,.T.);
#3621=EDGE_CURVE('',#2878,#2879,#110,.T.);
#3622=EDGE_CURVE('',#2879,#2880,#75,.T.);
#3623=EDGE_CURVE('',#2880,#2881,#346,.T.);
#3624=EDGE_CURVE('',#2882,#2881,#1275,.T.);
#3625=EDGE_CURVE('',#2872,#2882,#111,.T.);
#3626=EDGE_CURVE('',#2883,#2884,#347,.T.);
#3627=EDGE_CURVE('',#2885,#2884,#1276,.T.);
#3628=EDGE_CURVE('',#2886,#2885,#348,.T.);
#3629=EDGE_CURVE('',#2883,#2886,#1277,.T.);
#3630=EDGE_CURVE('',#2887,#2888,#349,.T.);
#3631=EDGE_CURVE('',#2889,#2887,#350,.T.);
#3632=EDGE_CURVE('',#2889,#2890,#112,.T.);
#3633=EDGE_CURVE('',#2890,#2891,#113,.T.);
#3634=EDGE_CURVE('',#2892,#2891,#351,.T.);
#3635=EDGE_CURVE('',#2893,#2892,#352,.T.);
#3636=EDGE_CURVE('',#2893,#2894,#114,.T.);
#3637=EDGE_CURVE('',#2894,#2895,#353,.T.);
#3638=EDGE_CURVE('',#2896,#2895,#1278,.T.);
#3639=EDGE_CURVE('',#2897,#2896,#354,.T.);
#3640=EDGE_CURVE('',#2898,#2897,#115,.T.);
#3641=EDGE_CURVE('',#2898,#2899,#1279,.T.);
#3642=EDGE_CURVE('',#2900,#2899,#116,.T.);
#3643=EDGE_CURVE('',#2863,#2900,#49,.T.);
#3644=EDGE_CURVE('',#2901,#2861,#355,.T.);
#3645=EDGE_CURVE('',#2902,#2901,#1280,.T.);
#3646=EDGE_CURVE('',#2903,#2902,#356,.T.);
#3647=EDGE_CURVE('',#2884,#2903,#1281,.T.);
#3648=EDGE_CURVE('',#2904,#2883,#1282,.T.);
#3649=EDGE_CURVE('',#2905,#2904,#357,.T.);
#3650=EDGE_CURVE('',#2888,#2905,#117,.T.);
#3651=EDGE_CURVE('',#2906,#2903,#1283,.T.);
#3652=EDGE_CURVE('',#2906,#2868,#1284,.T.);
#3653=EDGE_CURVE('',#2907,#2871,#1285,.T.);
#3654=EDGE_CURVE('',#2908,#2907,#358,.T.);
#3655=EDGE_CURVE('',#2909,#2908,#1286,.T.);
#3656=EDGE_CURVE('',#2910,#2909,#359,.T.);
#3657=EDGE_CURVE('',#2911,#2910,#1287,.T.);
#3658=EDGE_CURVE('',#2911,#2912,#1288,.T.);
#3659=EDGE_CURVE('',#2896,#2912,#1289,.T.);
#3660=EDGE_CURVE('',#2913,#2895,#1290,.T.);
#3661=EDGE_CURVE('',#2914,#2913,#360,.T.);
#3662=EDGE_CURVE('',#2915,#2914,#1291,.T.);
#3663=EDGE_CURVE('',#2916,#2915,#361,.T.);
#3664=EDGE_CURVE('',#2885,#2916,#1292,.T.);
#3665=EDGE_CURVE('',#2917,#2917,#362,.T.);
#3666=EDGE_CURVE('',#2918,#2919,#363,.T.);
#3667=EDGE_CURVE('',#2918,#2920,#1293,.T.);
#3668=EDGE_CURVE('',#2920,#2921,#364,.T.);
#3669=EDGE_CURVE('',#2921,#2922,#1294,.T.);
#3670=EDGE_CURVE('',#2923,#2922,#365,.T.);
#3671=EDGE_CURVE('',#2919,#2923,#1295,.T.);
#3672=EDGE_CURVE('',#2918,#2924,#1296,.T.);
#3673=EDGE_CURVE('',#2925,#2924,#1297,.T.);
#3674=EDGE_CURVE('',#2925,#2920,#1298,.T.);
#3675=EDGE_CURVE('',#2926,#2919,#1299,.T.);
#3676=EDGE_CURVE('',#2926,#2924,#366,.T.);
#3677=EDGE_CURVE('',#2927,#2928,#367,.T.);
#3678=EDGE_CURVE('',#2927,#2929,#1300,.T.);
#3679=EDGE_CURVE('',#2929,#2930,#368,.T.);
#3680=EDGE_CURVE('',#2930,#2931,#1301,.T.);
#3681=EDGE_CURVE('',#2932,#2931,#369,.T.);
#3682=EDGE_CURVE('',#2928,#2932,#1302,.T.);
#3683=EDGE_CURVE('',#2927,#2933,#1303,.T.);
#3684=EDGE_CURVE('',#2934,#2933,#1304,.F.);
#3685=EDGE_CURVE('',#2934,#2929,#1305,.F.);
#3686=EDGE_CURVE('',#2935,#2928,#1306,.T.);
#3687=EDGE_CURVE('',#2936,#2935,#1307,.T.);
#3688=EDGE_CURVE('',#2936,#2937,#1308,.T.);
#3689=EDGE_CURVE('',#2938,#2937,#1309,.F.);
#3690=EDGE_CURVE('',#2939,#2938,#1310,.T.);
#3691=EDGE_CURVE('',#2939,#2940,#370,.F.);
#3692=EDGE_CURVE('',#2941,#2940,#1311,.F.);
#3693=EDGE_CURVE('',#2942,#2941,#1312,.T.);
#3694=EDGE_CURVE('',#2943,#2942,#1313,.T.);
#3695=EDGE_CURVE('',#2943,#2933,#1314,.T.);
#3696=EDGE_CURVE('',#2923,#2944,#1315,.T.);
#3697=EDGE_CURVE('',#2944,#2945,#1316,.T.);
#3698=EDGE_CURVE('',#2945,#2946,#1317,.T.);
#3699=EDGE_CURVE('',#2946,#2947,#1318,.T.);
#3700=EDGE_CURVE('',#2947,#2926,#1319,.T.);
#3701=EDGE_CURVE('',#2948,#2932,#1320,.T.);
#3702=EDGE_CURVE('',#2949,#2948,#1321,.T.);
#3703=EDGE_CURVE('',#2950,#2949,#1322,.T.);
#3704=EDGE_CURVE('',#2951,#2950,#1323,.T.);
#3705=EDGE_CURVE('',#2935,#2951,#1324,.T.);
#3706=EDGE_CURVE('',#2952,#2930,#1325,.T.);
#3707=EDGE_CURVE('',#2953,#2952,#1326,.T.);
#3708=EDGE_CURVE('',#2953,#2931,#1327,.T.);
#3709=EDGE_CURVE('',#2954,#2955,#1328,.T.);
#3710=EDGE_CURVE('',#2956,#2955,#1329,.T.);
#3711=EDGE_CURVE('',#2956,#2957,#1330,.T.);
#3712=EDGE_CURVE('',#2958,#2957,#1331,.T.);
#3713=EDGE_CURVE('',#2959,#2958,#1332,.T.);
#3714=EDGE_CURVE('',#2959,#2960,#1333,.T.);
#3715=EDGE_CURVE('',#2961,#2960,#1334,.T.);
#3716=EDGE_CURVE('',#2962,#2961,#371,.T.);
#3717=EDGE_CURVE('',#2962,#2963,#1335,.T.);
#3718=EDGE_CURVE('',#2964,#2963,#372,.T.);
#3719=EDGE_CURVE('',#2964,#2965,#1336,.F.);
#3720=EDGE_CURVE('',#2966,#2965,#373,.T.);
#3721=EDGE_CURVE('',#2967,#2966,#1337,.F.);
#3722=EDGE_CURVE('',#2952,#2967,#374,.T.);
#3723=EDGE_CURVE('',#2968,#2934,#1338,.T.);
#3724=EDGE_CURVE('',#2969,#2968,#1339,.F.);
#3725=EDGE_CURVE('',#2970,#2969,#1340,.F.);
#3726=EDGE_CURVE('',#2971,#2970,#375,.T.);
#3727=EDGE_CURVE('',#2972,#2971,#1341,.F.);
#3728=EDGE_CURVE('',#2973,#2972,#376,.T.);
#3729=EDGE_CURVE('',#2974,#2973,#1342,.F.);
#3730=EDGE_CURVE('',#2975,#2974,#1343,.F.);
#3731=EDGE_CURVE('',#2976,#2975,#377,.F.);
#3732=EDGE_CURVE('',#2977,#2976,#1344,.T.);
#3733=EDGE_CURVE('',#2978,#2977,#1345,.T.);
#3734=EDGE_CURVE('',#2979,#2978,#1346,.T.);
#3735=EDGE_CURVE('',#2979,#2980,#378,.F.);
#3736=EDGE_CURVE('',#2980,#2981,#1347,.F.);
#3737=EDGE_CURVE('',#2981,#2982,#1348,.F.);
#3738=EDGE_CURVE('',#2983,#2982,#379,.T.);
#3739=EDGE_CURVE('',#2983,#2984,#1349,.T.);
#3740=EDGE_CURVE('',#2985,#2984,#380,.T.);
#3741=EDGE_CURVE('',#2985,#2986,#1350,.T.);
#3742=EDGE_CURVE('',#2986,#2987,#1351,.T.);
#3743=EDGE_CURVE('',#2987,#2988,#1352,.F.);
#3744=EDGE_CURVE('',#2988,#2921,#1353,.T.);
#3745=EDGE_CURVE('',#2989,#2925,#381,.T.);
#3746=EDGE_CURVE('',#2989,#2990,#1354,.F.);
#3747=EDGE_CURVE('',#2991,#2990,#382,.T.);
#3748=EDGE_CURVE('',#2992,#2991,#1355,.T.);
#3749=EDGE_CURVE('',#2993,#2992,#383,.T.);
#3750=EDGE_CURVE('',#2994,#2993,#1356,.T.);
#3751=EDGE_CURVE('',#2954,#2994,#384,.T.);
#3752=EDGE_CURVE('',#2995,#2996,#1357,.T.);
#3753=EDGE_CURVE('',#2996,#2997,#1358,.T.);
#3754=EDGE_CURVE('',#2997,#2998,#1359,.T.);
#3755=EDGE_CURVE('',#2998,#2999,#1360,.T.);
#3756=EDGE_CURVE('',#2999,#3000,#1361,.T.);
#3757=EDGE_CURVE('',#3000,#2995,#1362,.T.);
#3758=EDGE_CURVE('',#3001,#3002,#1363,.T.);
#3759=EDGE_CURVE('',#3002,#3003,#1364,.T.);
#3760=EDGE_CURVE('',#3003,#3004,#1365,.T.);
#3761=EDGE_CURVE('',#3004,#3001,#1366,.T.);
#3762=EDGE_CURVE('',#3005,#3005,#385,.T.);
#3763=EDGE_CURVE('',#3006,#3006,#386,.T.);
#3764=EDGE_CURVE('',#3007,#3008,#1367,.T.);
#3765=EDGE_CURVE('',#3008,#3009,#1368,.T.);
#3766=EDGE_CURVE('',#3009,#3010,#1369,.T.);
#3767=EDGE_CURVE('',#3010,#3011,#1370,.T.);
#3768=EDGE_CURVE('',#3011,#3012,#1371,.T.);
#3769=EDGE_CURVE('',#3012,#3007,#1372,.T.);
#3770=EDGE_CURVE('',#3013,#2878,#118,.T.);
#3771=EDGE_CURVE('',#3014,#3013,#1373,.T.);
#3772=EDGE_CURVE('',#3014,#3015,#387,.T.);
#3773=EDGE_CURVE('',#3015,#2879,#1374,.T.);
#3774=EDGE_CURVE('',#3015,#3016,#1375,.T.);
#3775=EDGE_CURVE('',#3016,#2880,#1376,.T.);
#3776=EDGE_CURVE('',#3016,#3017,#1377,.T.);
#3777=EDGE_CURVE('',#2871,#3017,#1378,.T.);
#3778=EDGE_CURVE('',#3018,#2870,#1379,.T.);
#3779=EDGE_CURVE('',#2881,#3018,#1380,.T.);
#3780=EDGE_CURVE('',#3019,#3020,#119,.T.);
#3781=EDGE_CURVE('',#3021,#3019,#1381,.T.);
#3782=EDGE_CURVE('',#3022,#3021,#388,.T.);
#3783=EDGE_CURVE('',#3022,#3023,#1382,.T.);
#3784=EDGE_CURVE('',#3023,#3024,#1383,.T.);
#3785=EDGE_CURVE('',#3020,#3024,#120,.T.);
#3786=EDGE_CURVE('',#3025,#3013,#389,.T.);
#3787=EDGE_CURVE('',#3026,#3025,#121,.T.);
#3788=EDGE_CURVE('',#3014,#3026,#1384,.T.);
#3789=EDGE_CURVE('',#3027,#3028,#76,.T.);
#3790=EDGE_CURVE('',#3023,#3027,#1385,.T.);
#3791=EDGE_CURVE('',#3022,#3028,#1386,.T.);
#3792=EDGE_CURVE('',#3028,#2893,#122,.T.);
#3793=EDGE_CURVE('',#3021,#2894,#1387,.T.);
#3794=EDGE_CURVE('',#3029,#3018,#1388,.T.);
#3795=EDGE_CURVE('',#2882,#3029,#1389,.T.);
#3796=EDGE_CURVE('',#2869,#3030,#1390,.T.);
#3797=EDGE_CURVE('',#3030,#3031,#1391,.T.);
#3798=EDGE_CURVE('',#3031,#3029,#390,.T.);
#3799=EDGE_CURVE('',#3032,#2872,#123,.T.);
#3800=EDGE_CURVE('',#3030,#3032,#391,.T.);
#3801=EDGE_CURVE('',#3033,#2906,#392,.T.);
#3802=EDGE_CURVE('',#3034,#3033,#1392,.T.);
#3803=EDGE_CURVE('',#2862,#3034,#393,.T.);
#3804=EDGE_CURVE('',#3035,#2866,#50,.T.);
#3805=EDGE_CURVE('',#3036,#3035,#124,.T.);
#3806=EDGE_CURVE('',#3036,#3037,#1393,.T.);
#3807=EDGE_CURVE('',#3038,#3037,#125,.T.);
#3808=EDGE_CURVE('',#2912,#3038,#394,.T.);
#3809=EDGE_CURVE('',#3039,#2911,#395,.T.);
#3810=EDGE_CURVE('',#3025,#3039,#126,.T.);
#3811=EDGE_CURVE('',#3040,#3019,#127,.T.);
#3812=EDGE_CURVE('',#3041,#3040,#128,.T.);
#3813=EDGE_CURVE('',#2939,#3041,#1394,.T.);
#3814=EDGE_CURVE('',#2938,#3042,#1395,.T.);
#3815=EDGE_CURVE('',#3042,#3043,#1396,.F.);
#3816=EDGE_CURVE('',#3044,#3043,#1397,.T.);
#3817=EDGE_CURVE('',#3045,#3044,#1398,.F.);
#3818=EDGE_CURVE('',#2974,#3045,#1399,.T.);
#3819=EDGE_CURVE('',#2913,#2973,#1400,.T.);
#3820=EDGE_CURVE('',#3020,#3046,#129,.T.);
#3821=EDGE_CURVE('',#3046,#3040,#396,.T.);
#3822=EDGE_CURVE('',#3047,#3024,#130,.T.);
#3823=EDGE_CURVE('',#3046,#3047,#131,.T.);
#3824=EDGE_CURVE('',#3037,#3048,#132,.T.);
#3825=EDGE_CURVE('',#3049,#3036,#51,.T.);
#3826=EDGE_CURVE('',#3048,#3049,#1401,.T.);
#3827=EDGE_CURVE('',#3050,#2888,#133,.T.);
#3828=EDGE_CURVE('',#3051,#3050,#1402,.T.);
#3829=EDGE_CURVE('',#3027,#3051,#397,.T.);
#3830=EDGE_CURVE('',#3052,#2898,#134,.T.);
#3831=EDGE_CURVE('',#3053,#3052,#1403,.T.);
#3832=EDGE_CURVE('',#2899,#3053,#52,.T.);
#3833=EDGE_CURVE('',#3002,#2901,#1404,.T.);
#3834=EDGE_CURVE('',#3001,#2902,#1405,.T.);
#3835=EDGE_CURVE('',#3003,#3034,#1406,.T.);
#3836=EDGE_CURVE('',#3054,#3055,#1407,.T.);
#3837=EDGE_CURVE('',#3056,#3054,#1408,.T.);
#3838=EDGE_CURVE('',#3057,#3056,#1409,.T.);
#3839=EDGE_CURVE('',#3058,#3057,#1410,.T.);
#3840=EDGE_CURVE('',#3059,#3058,#77,.T.);
#3841=EDGE_CURVE('',#3059,#3060,#1411,.T.);
#3842=EDGE_CURVE('',#3060,#2897,#135,.T.);
#3843=EDGE_CURVE('',#3061,#3038,#136,.T.);
#3844=EDGE_CURVE('',#3062,#3061,#1412,.T.);
#3845=EDGE_CURVE('',#3055,#3062,#137,.T.);
#3846=EDGE_CURVE('',#3048,#3063,#138,.T.);
#3847=EDGE_CURVE('',#3064,#3063,#398,.T.);
#3848=EDGE_CURVE('',#3064,#3061,#139,.T.);
#3849=EDGE_CURVE('',#3065,#3049,#1413,.T.);
#3850=EDGE_CURVE('',#3066,#3065,#140,.T.);
#3851=EDGE_CURVE('',#3063,#3066,#1414,.T.);
#3852=EDGE_CURVE('',#3035,#3067,#1415,.T.);
#3853=EDGE_CURVE('',#3067,#3065,#399,.T.);
#3854=EDGE_CURVE('',#3068,#2865,#1416,.T.);
#3855=EDGE_CURVE('',#3069,#3068,#141,.T.);
#3856=EDGE_CURVE('',#3069,#3067,#1417,.T.);
#3857=EDGE_CURVE('',#3031,#3032,#1418,.T.);
#3858=EDGE_CURVE('',#3070,#3017,#142,.F.);
#3859=EDGE_CURVE('',#3070,#3071,#143,.T.);
#3860=EDGE_CURVE('',#3072,#3071,#1419,.T.);
#3861=EDGE_CURVE('',#3073,#3072,#1420,.T.);
#3862=EDGE_CURVE('',#2986,#3073,#1421,.T.);
#3863=EDGE_CURVE('',#2985,#2907,#1422,.T.);
#3864=EDGE_CURVE('',#3017,#3074,#144,.T.);
#3865=EDGE_CURVE('',#3075,#3074,#145,.T.);
#3866=EDGE_CURVE('',#3075,#3070,#146,.T.);
#3867=EDGE_CURVE('',#3039,#3076,#147,.T.);
#3868=EDGE_CURVE('',#3076,#3077,#148,.T.);
#3869=EDGE_CURVE('',#3075,#3077,#400,.T.);
#3870=EDGE_CURVE('',#3074,#3026,#149,.T.);
#3871=EDGE_CURVE('',#2982,#2910,#1423,.T.);
#3872=EDGE_CURVE('',#2981,#3078,#1424,.T.);
#3873=EDGE_CURVE('',#3078,#3079,#1425,.F.);
#3874=EDGE_CURVE('',#3079,#3080,#1426,.T.);
#3875=EDGE_CURVE('',#3081,#3080,#1427,.F.);
#3876=EDGE_CURVE('',#3082,#3081,#1428,.T.);
#3877=EDGE_CURVE('',#3082,#3083,#1429,.T.);
#3878=EDGE_CURVE('',#3084,#3083,#1430,.T.);
#3879=EDGE_CURVE('',#3077,#3084,#150,.T.);
#3880=EDGE_CURVE('',#3050,#3085,#1431,.T.);
#3881=EDGE_CURVE('',#3085,#3086,#1432,.T.);
#3882=EDGE_CURVE('',#3086,#3051,#1433,.F.);
#3883=EDGE_CURVE('',#2970,#2916,#1434,.T.);
#3884=EDGE_CURVE('',#2969,#2942,#1435,.F.);
#3885=EDGE_CURVE('',#2941,#3087,#1436,.F.);
#3886=EDGE_CURVE('',#3047,#3087,#151,.F.);
#3887=EDGE_CURVE('',#2886,#3086,#1437,.T.);
#3888=EDGE_CURVE('',#3088,#2905,#1438,.T.);
#3889=EDGE_CURVE('',#3088,#3085,#401,.T.);
#3890=EDGE_CURVE('',#2904,#3088,#1439,.T.);
#3891=EDGE_CURVE('',#3089,#3066,#402,.T.);
#3892=EDGE_CURVE('',#3067,#3089,#152,.T.);
#3893=EDGE_CURVE('',#3090,#2958,#1440,.T.);
#3894=EDGE_CURVE('',#2957,#3091,#1441,.T.);
#3895=EDGE_CURVE('',#3091,#3090,#1442,.T.);
#3896=EDGE_CURVE('',#3092,#2864,#1443,.T.);
#3897=EDGE_CURVE('',#3092,#3093,#153,.T.);
#3898=EDGE_CURVE('',#3093,#3094,#154,.T.);
#3899=EDGE_CURVE('',#3095,#3094,#155,.T.);
#3900=EDGE_CURVE('',#3095,#3068,#78,.T.);
#3901=EDGE_CURVE('',#3096,#3097,#156,.T.);
#3902=EDGE_CURVE('',#3098,#3096,#157,.T.);
#3903=EDGE_CURVE('',#3099,#3098,#158,.T.);
#3904=EDGE_CURVE('',#3100,#3099,#159,.T.);
#3905=EDGE_CURVE('',#3101,#3100,#160,.T.);
#3906=EDGE_CURVE('',#3101,#3102,#1444,.T.);
#3907=EDGE_CURVE('',#3103,#3102,#161,.T.);
#3908=EDGE_CURVE('',#3104,#3103,#162,.T.);
#3909=EDGE_CURVE('',#3105,#3104,#163,.T.);
#3910=EDGE_CURVE('',#3106,#3105,#164,.T.);
#3911=EDGE_CURVE('',#3107,#3106,#165,.T.);
#3912=EDGE_CURVE('',#3108,#3107,#166,.T.);
#3913=EDGE_CURVE('',#3109,#3108,#167,.T.);
#3914=EDGE_CURVE('',#3110,#3109,#168,.T.);
#3915=EDGE_CURVE('',#3111,#3110,#169,.T.);
#3916=EDGE_CURVE('',#3112,#3111,#170,.T.);
#3917=EDGE_CURVE('',#3089,#3112,#171,.T.);
#3918=EDGE_CURVE('',#3113,#3069,#79,.T.);
#3919=EDGE_CURVE('',#3114,#3113,#172,.T.);
#3920=EDGE_CURVE('',#3115,#3114,#173,.T.);
#3921=EDGE_CURVE('',#3116,#3115,#80,.T.);
#3922=EDGE_CURVE('',#3117,#3116,#174,.T.);
#3923=EDGE_CURVE('',#3118,#3117,#81,.T.);
#3924=EDGE_CURVE('',#3097,#3118,#175,.T.);
#3925=EDGE_CURVE('',#3118,#3117,#176,.T.);
#3926=EDGE_CURVE('',#3116,#3115,#177,.T.);
#3927=EDGE_CURVE('',#3113,#3069,#178,.T.);
#3928=EDGE_CURVE('',#3069,#3119,#179,.T.);
#3929=EDGE_CURVE('',#3119,#3101,#180,.T.);
#3930=EDGE_CURVE('',#3120,#3121,#82,.T.);
#3931=EDGE_CURVE('',#3101,#3120,#181,.T.);
#3932=EDGE_CURVE('',#3069,#3122,#1445,.T.);
#3933=EDGE_CURVE('',#3123,#3122,#83,.T.);
#3934=EDGE_CURVE('',#3124,#3123,#182,.F.);
#3935=EDGE_CURVE('',#3124,#3125,#183,.T.);
#3936=EDGE_CURVE('',#3125,#3126,#184,.T.);
#3937=EDGE_CURVE('',#3126,#3127,#185,.T.);
#3938=EDGE_CURVE('',#3127,#3128,#186,.T.);
#3939=EDGE_CURVE('',#3129,#3128,#187,.T.);
#3940=EDGE_CURVE('',#3121,#3129,#84,.T.);
#3941=EDGE_CURVE('',#3120,#3130,#1446,.T.);
#3942=EDGE_CURVE('',#3128,#3131,#188,.T.);
#3943=EDGE_CURVE('',#3132,#3131,#189,.T.);
#3944=EDGE_CURVE('',#3130,#3132,#85,.T.);
#3945=EDGE_CURVE('',#3133,#3134,#1447,.T.);
#3946=EDGE_CURVE('',#3101,#3133,#86,.T.);
#3947=EDGE_CURVE('',#3134,#3130,#1448,.T.);
#3948=EDGE_CURVE('',#3134,#3135,#1449,.T.);
#3949=EDGE_CURVE('',#3136,#3135,#190,.T.);
#3950=EDGE_CURVE('',#3133,#3136,#87,.T.);
#3951=EDGE_CURVE('',#3137,#3138,#1450,.F.);
#3952=EDGE_CURVE('',#3137,#3139,#1451,.T.);
#3953=EDGE_CURVE('',#3139,#3140,#1452,.F.);
#3954=EDGE_CURVE('',#3141,#3140,#1453,.T.);
#3955=EDGE_CURVE('',#3142,#3141,#1454,.T.);
#3956=EDGE_CURVE('',#3143,#3142,#1455,.T.);
#3957=EDGE_CURVE('',#3144,#3143,#1456,.F.);
#3958=EDGE_CURVE('',#3144,#3138,#1457,.T.);
#3959=EDGE_CURVE('',#3145,#3146,#1458,.T.);
#3960=EDGE_CURVE('',#3145,#3137,#1459,.T.);
#3961=EDGE_CURVE('',#3138,#3147,#1460,.T.);
#3962=EDGE_CURVE('',#3146,#3147,#1461,.T.);
#3963=EDGE_CURVE('',#3148,#3149,#1462,.F.);
#3964=EDGE_CURVE('',#3149,#3150,#1463,.T.);
#3965=EDGE_CURVE('',#3150,#3145,#1464,.T.);
#3966=EDGE_CURVE('',#3148,#3146,#1465,.F.);
#3967=EDGE_CURVE('',#3151,#3152,#1466,.T.);
#3968=EDGE_CURVE('',#3091,#3152,#1467,.T.);
#3969=EDGE_CURVE('',#2956,#3153,#1468,.T.);
#3970=EDGE_CURVE('',#3154,#3153,#1469,.T.);
#3971=EDGE_CURVE('',#3155,#3154,#1470,.T.);
#3972=EDGE_CURVE('',#3155,#3151,#1471,.T.);
#3973=EDGE_CURVE('',#3046,#3156,#191,.T.);
#3974=EDGE_CURVE('',#3156,#3041,#403,.T.);
#3975=EDGE_CURVE('',#3156,#2940,#1472,.T.);
#3976=EDGE_CURVE('',#3156,#3087,#192,.T.);
#3977=EDGE_CURVE('',#3083,#3157,#404,.T.);
#3978=EDGE_CURVE('',#3157,#3158,#1473,.T.);
#3979=EDGE_CURVE('',#3158,#3084,#405,.T.);
#3980=EDGE_CURVE('',#3158,#3075,#193,.T.);
#3981=EDGE_CURVE('',#3158,#3071,#194,.T.);
#3982=EDGE_CURVE('',#3072,#3157,#1474,.F.);
#3983=EDGE_CURVE('',#3159,#3160,#406,.T.);
#3984=EDGE_CURVE('',#3159,#2962,#1475,.T.);
#3985=EDGE_CURVE('',#2961,#3160,#1476,.T.);
#3986=EDGE_CURVE('',#3161,#3162,#407,.T.);
#3987=EDGE_CURVE('',#3161,#2954,#1477,.T.);
#3988=EDGE_CURVE('',#2994,#3162,#1478,.T.);
#3989=EDGE_CURVE('',#2953,#2948,#408,.T.);
#3990=EDGE_CURVE('',#2967,#3163,#1479,.T.);
#3991=EDGE_CURVE('',#3163,#2948,#409,.T.);
#3992=EDGE_CURVE('',#3164,#2926,#410,.F.);
#3993=EDGE_CURVE('',#3164,#2989,#1480,.T.);
#3994=EDGE_CURVE('',#3165,#3166,#1481,.T.);
#3995=EDGE_CURVE('',#3165,#3167,#1482,.T.);
#3996=EDGE_CURVE('',#3166,#3167,#1483,.T.);
#3997=EDGE_CURVE('',#3168,#3165,#1484,.T.);
#3998=EDGE_CURVE('',#3167,#3168,#1485,.T.);
#3999=EDGE_CURVE('',#3169,#3168,#1486,.T.);
#4000=EDGE_CURVE('',#3167,#3169,#1487,.T.);
#4001=EDGE_CURVE('',#3170,#3169,#1488,.T.);
#4002=EDGE_CURVE('',#3171,#3170,#1489,.T.);
#4003=EDGE_CURVE('',#3167,#3171,#1490,.T.);
#4004=EDGE_CURVE('',#3172,#3170,#1491,.T.);
#4005=EDGE_CURVE('',#3173,#3172,#1492,.T.);
#4006=EDGE_CURVE('',#3173,#3171,#1493,.T.);
#4007=EDGE_CURVE('',#3174,#3172,#1494,.T.);
#4008=EDGE_CURVE('',#3173,#3174,#1495,.T.);
#4009=EDGE_CURVE('',#3175,#3174,#1496,.T.);
#4010=EDGE_CURVE('',#3173,#3175,#1497,.T.);
#4011=EDGE_CURVE('',#3176,#3175,#1498,.T.);
#4012=EDGE_CURVE('',#3173,#3176,#1499,.T.);
#4013=EDGE_CURVE('',#3177,#3176,#1500,.T.);
#4014=EDGE_CURVE('',#3176,#3178,#1501,.T.);
#4015=EDGE_CURVE('',#3178,#3179,#1502,.T.);
#4016=EDGE_CURVE('',#3177,#3179,#1503,.T.);
#4017=EDGE_CURVE('',#3180,#3181,#1504,.T.);
#4018=EDGE_CURVE('',#3179,#3180,#1505,.T.);
#4019=EDGE_CURVE('',#3178,#3181,#1506,.T.);
#4020=EDGE_CURVE('',#3182,#3181,#1507,.T.);
#4021=EDGE_CURVE('',#3183,#3182,#1508,.T.);
#4022=EDGE_CURVE('',#3181,#3183,#1509,.T.);
#4023=EDGE_CURVE('',#3184,#3182,#1510,.T.);
#4024=EDGE_CURVE('',#3183,#3184,#1511,.T.);
#4025=EDGE_CURVE('',#3185,#3184,#1512,.T.);
#4026=EDGE_CURVE('',#3185,#3183,#1513,.T.);
#4027=EDGE_CURVE('',#3186,#3185,#1514,.T.);
#4028=EDGE_CURVE('',#3187,#3186,#1515,.T.);
#4029=EDGE_CURVE('',#3187,#3183,#1516,.T.);
#4030=EDGE_CURVE('',#3188,#3186,#1517,.T.);
#4031=EDGE_CURVE('',#3187,#3188,#1518,.T.);
#4032=EDGE_CURVE('',#3189,#3188,#1519,.T.);
#4033=EDGE_CURVE('',#3189,#3187,#1520,.T.);
#4034=EDGE_CURVE('',#3190,#3189,#1521,.T.);
#4035=EDGE_CURVE('',#3190,#3191,#1522,.T.);
#4036=EDGE_CURVE('',#3187,#3191,#1523,.T.);
#4037=EDGE_CURVE('',#3192,#3190,#1524,.T.);
#4038=EDGE_CURVE('',#3192,#3191,#1525,.T.);
#4039=EDGE_CURVE('',#3193,#3192,#1526,.T.);
#4040=EDGE_CURVE('',#3193,#3191,#1527,.T.);
#4041=EDGE_CURVE('',#3194,#3193,#1528,.T.);
#4042=EDGE_CURVE('',#3194,#3195,#1529,.T.);
#4043=EDGE_CURVE('',#3195,#3191,#1530,.T.);
#4044=EDGE_CURVE('',#3196,#3194,#1531,.T.);
#4045=EDGE_CURVE('',#3196,#3195,#1532,.T.);
#4046=EDGE_CURVE('',#3197,#3196,#1533,.T.);
#4047=EDGE_CURVE('',#3198,#3197,#1534,.T.);
#4048=EDGE_CURVE('',#3199,#3198,#1535,.T.);
#4049=EDGE_CURVE('',#3199,#3200,#1536,.T.);
#4050=EDGE_CURVE('',#3195,#3200,#1537,.T.);
#4051=EDGE_CURVE('',#3201,#3202,#1538,.T.);
#4052=EDGE_CURVE('',#3202,#3203,#411,.T.);
#4053=EDGE_CURVE('',#3203,#3204,#1539,.T.);
#4054=EDGE_CURVE('',#3204,#3198,#53,.T.);
#4055=EDGE_CURVE('',#3197,#3201,#412,.T.);
#4056=EDGE_CURVE('',#3201,#3205,#1540,.T.);
#4057=EDGE_CURVE('',#3205,#3206,#1541,.T.);
#4058=EDGE_CURVE('',#3202,#3206,#1542,.T.);
#4059=EDGE_CURVE('',#3207,#2975,#1543,.T.);
#4060=EDGE_CURVE('',#3045,#3207,#1544,.F.);
#4061=EDGE_CURVE('',#3208,#3207,#413,.T.);
#4062=EDGE_CURVE('',#2976,#3208,#1545,.T.);
#4063=EDGE_CURVE('',#3208,#3209,#1546,.T.);
#4064=EDGE_CURVE('',#2977,#3209,#1547,.T.);
#4065=EDGE_CURVE('',#3210,#3211,#195,.T.);
#4066=EDGE_CURVE('',#3212,#3210,#196,.T.);
#4067=EDGE_CURVE('',#3213,#3212,#197,.T.);
#4068=EDGE_CURVE('',#3214,#3213,#198,.T.);
#4069=EDGE_CURVE('',#3215,#3214,#199,.T.);
#4070=EDGE_CURVE('',#3059,#3215,#200,.T.);
#4071=EDGE_CURVE('',#3216,#3059,#201,.T.);
#4072=EDGE_CURVE('',#3217,#3216,#202,.T.);
#4073=EDGE_CURVE('',#3211,#3217,#203,.T.);
#4074=EDGE_CURVE('',#3218,#3219,#1548,.T.);
#4075=EDGE_CURVE('',#3211,#3218,#204,.T.);
#4076=EDGE_CURVE('',#3219,#3217,#1549,.T.);
#4077=EDGE_CURVE('',#3220,#3221,#1550,.T.);
#4078=EDGE_CURVE('',#3222,#3220,#205,.T.);
#4079=EDGE_CURVE('',#3218,#3222,#206,.T.);
#4080=EDGE_CURVE('',#3219,#3221,#1551,.T.);
#4081=EDGE_CURVE('',#3220,#3223,#88,.T.);
#4082=EDGE_CURVE('',#3221,#3224,#89,.T.);
#4083=EDGE_CURVE('',#3224,#3225,#207,.T.);
#4084=EDGE_CURVE('',#3226,#3225,#208,.T.);
#4085=EDGE_CURVE('',#3227,#3226,#209,.T.);
#4086=EDGE_CURVE('',#3223,#3227,#90,.T.);
#4087=EDGE_CURVE('',#3228,#3229,#1552,.F.);
#4088=EDGE_CURVE('',#3229,#3230,#1553,.T.);
#4089=EDGE_CURVE('',#3230,#3231,#1554,.T.);
#4090=EDGE_CURVE('',#3231,#3232,#1555,.T.);
#4091=EDGE_CURVE('',#3233,#3232,#1556,.T.);
#4092=EDGE_CURVE('',#3234,#3233,#1557,.T.);
#4093=EDGE_CURVE('',#3234,#3235,#1558,.F.);
#4094=EDGE_CURVE('',#3228,#3235,#1559,.T.);
#4095=EDGE_CURVE('',#3229,#3236,#1560,.T.);
#4096=EDGE_CURVE('',#3236,#3237,#1561,.T.);
#4097=EDGE_CURVE('',#3237,#3230,#1562,.T.);
#4098=EDGE_CURVE('',#3236,#3238,#1563,.T.);
#4099=EDGE_CURVE('',#3236,#3239,#1564,.T.);
#4100=EDGE_CURVE('',#3239,#3238,#1565,.T.);
#4101=EDGE_CURVE('',#3239,#3240,#1566,.T.);
#4102=EDGE_CURVE('',#3240,#3241,#1567,.T.);
#4103=EDGE_CURVE('',#3242,#3241,#1568,.T.);
#4104=EDGE_CURVE('',#3239,#3242,#1569,.T.);
#4105=EDGE_CURVE('',#3243,#3244,#1570,.T.);
#4106=EDGE_CURVE('',#3244,#3241,#1571,.T.);
#4107=EDGE_CURVE('',#3243,#3240,#1572,.T.);
#4108=EDGE_CURVE('',#3245,#3243,#1573,.T.);
#4109=EDGE_CURVE('',#3245,#3246,#1574,.T.);
#4110=EDGE_CURVE('',#3244,#3246,#1575,.T.);
#4111=EDGE_CURVE('',#3247,#3248,#1576,.T.);
#4112=EDGE_CURVE('',#3248,#3246,#1577,.T.);
#4113=EDGE_CURVE('',#3245,#3247,#1578,.T.);
#4114=EDGE_CURVE('',#3249,#3247,#1579,.T.);
#4115=EDGE_CURVE('',#3249,#3250,#1580,.T.);
#4116=EDGE_CURVE('',#3250,#3248,#1581,.T.);
#4117=EDGE_CURVE('',#3249,#3251,#1582,.T.);
#4118=EDGE_CURVE('',#3251,#3252,#1583,.T.);
#4119=EDGE_CURVE('',#3252,#3250,#1584,.T.);
#4120=EDGE_CURVE('',#3253,#3252,#1585,.T.);
#4121=EDGE_CURVE('',#3254,#3251,#1586,.T.);
#4122=EDGE_CURVE('',#3254,#3253,#1587,.T.);
#4123=EDGE_CURVE('',#3255,#3256,#1588,.T.);
#4124=EDGE_CURVE('',#3256,#3253,#1589,.T.);
#4125=EDGE_CURVE('',#3255,#3254,#1590,.T.);
#4126=EDGE_CURVE('',#3257,#3258,#1591,.T.);
#4127=EDGE_CURVE('',#3258,#3256,#1592,.T.);
#4128=EDGE_CURVE('',#3255,#3257,#1593,.T.);
#4129=EDGE_CURVE('',#3259,#3260,#1594,.T.);
#4130=EDGE_CURVE('',#3258,#3260,#1595,.T.);
#4131=EDGE_CURVE('',#3259,#3257,#1596,.T.);
#4132=EDGE_CURVE('',#3261,#3167,#1597,.T.);
#4133=EDGE_CURVE('',#3261,#3166,#1598,.T.);
#4134=EDGE_CURVE('',#3177,#3173,#1599,.T.);
#4135=EDGE_CURVE('',#3180,#3183,#1600,.T.);
#4136=EDGE_CURVE('',#3199,#3241,#1601,.T.);
#4137=EDGE_CURVE('',#3200,#3241,#1602,.T.);
#4138=EDGE_CURVE('',#3199,#3204,#1603,.T.);
#4139=EDGE_CURVE('',#3203,#3199,#1604,.T.);
#4140=EDGE_CURVE('',#3262,#3263,#1605,.T.);
#4141=EDGE_CURVE('',#3242,#3262,#1606,.T.);
#4142=EDGE_CURVE('',#3199,#3242,#1607,.T.);
#4143=EDGE_CURVE('',#3206,#3263,#1608,.T.);
#4144=EDGE_CURVE('',#3264,#3265,#1609,.T.);
#4145=EDGE_CURVE('',#3266,#3265,#1610,.T.);
#4146=EDGE_CURVE('',#3267,#3266,#1611,.F.);
#4147=EDGE_CURVE('',#3267,#3264,#1612,.T.);
#4148=EDGE_CURVE('',#3268,#3269,#1613,.T.);
#4149=EDGE_CURVE('',#3269,#3270,#1614,.T.);
#4150=EDGE_CURVE('',#3270,#3268,#1615,.F.);
#4151=EDGE_CURVE('',#3262,#3271,#1616,.T.);
#4152=EDGE_CURVE('',#3263,#3272,#1617,.T.);
#4153=EDGE_CURVE('',#3271,#3272,#1618,.T.);
#4154=EDGE_CURVE('',#3238,#3237,#1619,.T.);
#4155=EDGE_CURVE('',#3271,#3238,#1620,.T.);
#4156=EDGE_CURVE('',#3272,#3231,#1621,.T.);
#4157=EDGE_CURVE('',#3273,#3274,#1622,.T.);
#4158=EDGE_CURVE('',#3273,#3275,#1623,.T.);
#4159=EDGE_CURVE('',#3276,#3275,#1624,.T.);
#4160=EDGE_CURVE('',#3276,#3277,#1625,.T.);
#4161=EDGE_CURVE('',#3278,#3277,#1626,.T.);
#4162=EDGE_CURVE('',#3279,#3278,#1627,.T.);
#4163=EDGE_CURVE('',#3274,#3279,#1628,.T.);
#4164=EDGE_CURVE('',#3273,#3280,#1629,.T.);
#4165=EDGE_CURVE('',#3280,#3281,#1630,.T.);
#4166=EDGE_CURVE('',#3275,#3281,#1631,.T.);
#4167=EDGE_CURVE('',#3282,#3283,#54,.T.);
#4168=EDGE_CURVE('',#3284,#3282,#1632,.T.);
#4169=EDGE_CURVE('',#3284,#3285,#1633,.T.);
#4170=EDGE_CURVE('',#3285,#3286,#1634,.T.);
#4171=EDGE_CURVE('',#3287,#3286,#1635,.T.);
#4172=EDGE_CURVE('',#3283,#3287,#1636,.T.);
#4173=EDGE_CURVE('',#3288,#3289,#1637,.T.);
#4174=EDGE_CURVE('',#3286,#3289,#1638,.T.);
#4175=EDGE_CURVE('',#3290,#3285,#1639,.T.);
#4176=EDGE_CURVE('',#3288,#3290,#1640,.T.);
#4177=EDGE_CURVE('',#3291,#2951,#1641,.T.);
#4178=EDGE_CURVE('',#2936,#3291,#1642,.F.);
#4179=EDGE_CURVE('',#3292,#3042,#1643,.T.);
#4180=EDGE_CURVE('',#3043,#3292,#1644,.T.);
#4181=EDGE_CURVE('',#2968,#2943,#1645,.F.);
#4182=EDGE_CURVE('',#3090,#3293,#1646,.T.);
#4183=EDGE_CURVE('',#3294,#3293,#1647,.T.);
#4184=EDGE_CURVE('',#3295,#3294,#1648,.T.);
#4185=EDGE_CURVE('',#3295,#3296,#1649,.T.);
#4186=EDGE_CURVE('',#3296,#3297,#1650,.T.);
#4187=EDGE_CURVE('',#2959,#3297,#1651,.T.);
#4188=EDGE_CURVE('',#3298,#3222,#210,.T.);
#4189=EDGE_CURVE('',#3299,#3226,#211,.T.);
#4190=EDGE_CURVE('',#3300,#3299,#212,.T.);
#4191=EDGE_CURVE('',#3301,#3300,#213,.T.);
#4192=EDGE_CURVE('',#3302,#3301,#214,.T.);
#4193=EDGE_CURVE('',#3302,#3303,#215,.F.);
#4194=EDGE_CURVE('',#3303,#3304,#91,.T.);
#4195=EDGE_CURVE('',#3305,#3304,#1652,.T.);
#4196=EDGE_CURVE('',#3305,#3298,#216,.T.);
#4197=EDGE_CURVE('',#3306,#3307,#1653,.T.);
#4198=EDGE_CURVE('',#3308,#3306,#1654,.T.);
#4199=EDGE_CURVE('',#3309,#3308,#1655,.T.);
#4200=EDGE_CURVE('',#3310,#3309,#1656,.F.);
#4201=EDGE_CURVE('',#3310,#3307,#1657,.F.);
#4202=EDGE_CURVE('',#3306,#3234,#1658,.T.);
#4203=EDGE_CURVE('',#3307,#3311,#1659,.T.);
#4204=EDGE_CURVE('',#3235,#3311,#1660,.T.);
#4205=EDGE_CURVE('',#3312,#3233,#1661,.T.);
#4206=EDGE_CURVE('',#3312,#3308,#1662,.T.);
#4207=EDGE_CURVE('',#3281,#3287,#1663,.T.);
#4208=EDGE_CURVE('',#3289,#3276,#1664,.T.);
#4209=EDGE_CURVE('',#3059,#3215,#92,.T.);
#4210=EDGE_CURVE('',#3215,#3214,#93,.T.);
#4211=EDGE_CURVE('',#3214,#3213,#94,.T.);
#4212=EDGE_CURVE('',#3213,#3212,#95,.T.);
#4213=EDGE_CURVE('',#3210,#3211,#96,.T.);
#4214=EDGE_CURVE('',#3313,#3314,#1665,.T.);
#4215=EDGE_CURVE('',#3211,#3314,#1666,.T.);
#4216=EDGE_CURVE('',#3218,#3313,#1667,.T.);
#4217=EDGE_CURVE('',#3315,#3313,#55,.T.);
#4218=EDGE_CURVE('',#3222,#3316,#1668,.T.);
#4219=EDGE_CURVE('',#3316,#3315,#217,.F.);
#4220=EDGE_CURVE('',#3317,#3305,#218,.T.);
#4221=EDGE_CURVE('',#3318,#3317,#219,.T.);
#4222=EDGE_CURVE('',#3319,#3318,#220,.T.);
#4223=EDGE_CURVE('',#3320,#3319,#221,.T.);
#4224=EDGE_CURVE('',#3321,#3320,#222,.T.);
#4225=EDGE_CURVE('',#3322,#3321,#223,.T.);
#4226=EDGE_CURVE('',#3323,#3322,#97,.T.);
#4227=EDGE_CURVE('',#3324,#3323,#98,.T.);
#4228=EDGE_CURVE('',#3325,#3324,#224,.T.);
#4229=EDGE_CURVE('',#3326,#3325,#225,.T.);
#4230=EDGE_CURVE('',#3327,#3326,#226,.T.);
#4231=EDGE_CURVE('',#3222,#3327,#227,.T.);
#4232=EDGE_CURVE('',#3328,#3329,#1669,.T.);
#4233=EDGE_CURVE('',#3330,#3328,#56,.T.);
#4234=EDGE_CURVE('',#3331,#3330,#1670,.T.);
#4235=EDGE_CURVE('',#3331,#3329,#414,.T.);
#4236=EDGE_CURVE('',#2900,#3332,#1671,.T.);
#4237=EDGE_CURVE('',#3305,#3332,#1672,.T.);
#4238=EDGE_CURVE('',#3092,#3305,#99,.T.);
#4239=EDGE_CURVE('',#3333,#3334,#228,.T.);
#4240=EDGE_CURVE('',#3334,#3060,#229,.T.);
#4241=EDGE_CURVE('',#3314,#3335,#230,.T.);
#4242=EDGE_CURVE('',#3335,#3336,#231,.T.);
#4243=EDGE_CURVE('',#3336,#3333,#232,.T.);
#4244=EDGE_CURVE('',#3332,#3337,#233,.T.);
#4245=EDGE_CURVE('',#3337,#3338,#234,.T.);
#4246=EDGE_CURVE('',#3338,#3339,#235,.T.);
#4247=EDGE_CURVE('',#3339,#3340,#236,.T.);
#4248=EDGE_CURVE('',#3340,#3341,#237,.T.);
#4249=EDGE_CURVE('',#3341,#3342,#238,.T.);
#4250=EDGE_CURVE('',#3342,#3343,#239,.T.);
#4251=EDGE_CURVE('',#3343,#3344,#240,.T.);
#4252=EDGE_CURVE('',#3344,#3345,#241,.T.);
#4253=EDGE_CURVE('',#3345,#3346,#242,.T.);
#4254=EDGE_CURVE('',#3346,#3347,#243,.T.);
#4255=EDGE_CURVE('',#3347,#3316,#244,.T.);
#4256=EDGE_CURVE('',#3322,#3321,#100,.T.);
#4257=EDGE_CURVE('',#3320,#3319,#101,.T.);
#4258=EDGE_CURVE('',#3317,#3305,#102,.T.);
#4259=EDGE_CURVE('',#3283,#3348,#57,.T.);
#4260=EDGE_CURVE('',#3280,#3284,#1673,.T.);
#4261=EDGE_CURVE('',#3348,#3282,#58,.T.);
#4262=EDGE_CURVE('',#3329,#3331,#59,.T.);
#4263=EDGE_CURVE('',#3349,#3349,#60,.T.);
#4264=EDGE_CURVE('',#3349,#3348,#245,.T.);
#4265=EDGE_CURVE('',#3330,#3328,#61,.T.);
#4266=EDGE_CURVE('',#3350,#3350,#62,.T.);
#4267=EDGE_CURVE('',#3350,#3351,#1674,.T.);
#4268=EDGE_CURVE('',#3351,#3351,#63,.T.);
#4269=EDGE_CURVE('',#3352,#3353,#415,.T.);
#4270=EDGE_CURVE('',#3352,#3354,#1675,.F.);
#4271=EDGE_CURVE('',#2949,#3354,#416,.T.);
#4272=EDGE_CURVE('',#3163,#3353,#1676,.T.);
#4273=EDGE_CURVE('',#2937,#3292,#1677,.T.);
#4274=EDGE_CURVE('',#3355,#3216,#1678,.T.);
#4275=EDGE_CURVE('',#3135,#3355,#246,.T.);
#4276=EDGE_CURVE('',#3132,#3356,#1679,.T.);
#4277=EDGE_CURVE('',#3357,#3356,#1680,.T.);
#4278=EDGE_CURVE('',#3357,#3358,#1681,.T.);
#4279=EDGE_CURVE('',#3144,#3358,#1682,.T.);
#4280=EDGE_CURVE('',#3143,#3359,#1683,.T.);
#4281=EDGE_CURVE('',#3359,#3360,#1684,.T.);
#4282=EDGE_CURVE('',#3360,#3361,#1685,.T.);
#4283=EDGE_CURVE('',#3362,#3361,#1686,.T.);
#4284=EDGE_CURVE('',#3363,#3362,#1687,.T.);
#4285=EDGE_CURVE('',#3363,#3364,#1688,.T.);
#4286=EDGE_CURVE('',#3365,#3364,#1689,.T.);
#4287=EDGE_CURVE('',#3365,#3366,#1690,.T.);
#4288=EDGE_CURVE('',#3367,#3366,#1691,.T.);
#4289=EDGE_CURVE('',#3368,#3367,#1692,.T.);
#4290=EDGE_CURVE('',#3368,#3369,#1693,.T.);
#4291=EDGE_CURVE('',#3259,#3369,#1694,.T.);
#4292=EDGE_CURVE('',#3228,#3370,#1695,.T.);
#4293=EDGE_CURVE('',#3371,#3370,#1696,.T.);
#4294=EDGE_CURVE('',#3371,#3372,#1697,.T.);
#4295=EDGE_CURVE('',#3224,#3372,#1698,.T.);
#4296=EDGE_CURVE('',#3373,#3374,#1699,.T.);
#4297=EDGE_CURVE('',#3374,#3375,#1700,.T.);
#4298=EDGE_CURVE('',#3373,#3375,#1701,.T.);
#4299=EDGE_CURVE('',#3376,#3373,#1702,.T.);
#4300=EDGE_CURVE('',#3375,#3376,#1703,.T.);
#4301=EDGE_CURVE('',#3377,#3376,#1704,.T.);
#4302=EDGE_CURVE('',#3375,#3377,#1705,.T.);
#4303=EDGE_CURVE('',#3378,#3377,#1706,.T.);
#4304=EDGE_CURVE('',#3375,#3379,#1707,.T.);
#4305=EDGE_CURVE('',#3378,#3379,#1708,.T.);
#4306=EDGE_CURVE('',#3380,#3378,#1709,.T.);
#4307=EDGE_CURVE('',#3381,#3379,#1710,.T.);
#4308=EDGE_CURVE('',#3381,#3380,#1711,.T.);
#4309=EDGE_CURVE('',#3382,#3380,#1712,.T.);
#4310=EDGE_CURVE('',#3381,#3382,#1713,.T.);
#4311=EDGE_CURVE('',#3383,#3382,#1714,.T.);
#4312=EDGE_CURVE('',#3381,#3383,#1715,.T.);
#4313=EDGE_CURVE('',#3384,#3383,#1716,.T.);
#4314=EDGE_CURVE('',#3381,#3384,#1717,.T.);
#4315=EDGE_CURVE('',#3385,#3384,#1718,.T.);
#4316=EDGE_CURVE('',#3385,#3386,#1719,.T.);
#4317=EDGE_CURVE('',#3387,#3386,#1720,.T.);
#4318=EDGE_CURVE('',#3384,#3387,#1721,.T.);
#4319=EDGE_CURVE('',#3388,#3389,#1722,.T.);
#4320=EDGE_CURVE('',#3387,#3389,#1723,.T.);
#4321=EDGE_CURVE('',#3386,#3388,#1724,.T.);
#4322=EDGE_CURVE('',#3390,#3389,#1725,.T.);
#4323=EDGE_CURVE('',#3389,#3391,#1726,.T.);
#4324=EDGE_CURVE('',#3391,#3390,#1727,.T.);
#4325=EDGE_CURVE('',#3392,#3390,#1728,.T.);
#4326=EDGE_CURVE('',#3391,#3392,#1729,.T.);
#4327=EDGE_CURVE('',#3393,#3392,#1730,.T.);
#4328=EDGE_CURVE('',#3393,#3391,#1731,.T.);
#4329=EDGE_CURVE('',#3394,#3393,#1732,.T.);
#4330=EDGE_CURVE('',#3395,#3391,#1733,.T.);
#4331=EDGE_CURVE('',#3395,#3394,#1734,.T.);
#4332=EDGE_CURVE('',#3396,#3394,#1735,.T.);
#4333=EDGE_CURVE('',#3395,#3396,#1736,.T.);
#4334=EDGE_CURVE('',#3397,#3396,#1737,.T.);
#4335=EDGE_CURVE('',#3397,#3395,#1738,.T.);
#4336=EDGE_CURVE('',#3398,#3397,#1739,.T.);
#4337=EDGE_CURVE('',#3395,#3399,#1740,.T.);
#4338=EDGE_CURVE('',#3398,#3399,#1741,.T.);
#4339=EDGE_CURVE('',#3400,#3398,#1742,.T.);
#4340=EDGE_CURVE('',#3400,#3399,#1743,.T.);
#4341=EDGE_CURVE('',#3401,#3400,#1744,.T.);
#4342=EDGE_CURVE('',#3401,#3399,#1745,.T.);
#4343=EDGE_CURVE('',#3402,#3401,#1746,.T.);
#4344=EDGE_CURVE('',#3403,#3399,#1747,.T.);
#4345=EDGE_CURVE('',#3402,#3403,#1748,.T.);
#4346=EDGE_CURVE('',#3404,#3402,#1749,.T.);
#4347=EDGE_CURVE('',#3404,#3403,#1750,.T.);
#4348=EDGE_CURVE('',#3405,#3404,#1751,.T.);
#4349=EDGE_CURVE('',#3403,#3406,#1752,.T.);
#4350=EDGE_CURVE('',#3407,#3406,#1753,.T.);
#4351=EDGE_CURVE('',#3407,#3408,#1754,.T.);
#4352=EDGE_CURVE('',#3408,#3405,#1755,.T.);
#4353=EDGE_CURVE('',#3409,#3410,#1756,.T.);
#4354=EDGE_CURVE('',#3405,#3409,#417,.T.);
#4355=EDGE_CURVE('',#3411,#3408,#64,.T.);
#4356=EDGE_CURVE('',#3412,#3411,#1757,.T.);
#4357=EDGE_CURVE('',#3410,#3412,#418,.T.);
#4358=EDGE_CURVE('',#3410,#3413,#1758,.T.);
#4359=EDGE_CURVE('',#3414,#3413,#1759,.T.);
#4360=EDGE_CURVE('',#3409,#3414,#1760,.T.);
#4361=EDGE_CURVE('',#3415,#2980,#1761,.T.);
#4362=EDGE_CURVE('',#3078,#3415,#1762,.F.);
#4363=EDGE_CURVE('',#3416,#3415,#419,.T.);
#4364=EDGE_CURVE('',#2979,#3416,#1763,.T.);
#4365=EDGE_CURVE('',#3355,#3062,#247,.T.);
#4366=EDGE_CURVE('',#3417,#3136,#248,.T.);
#4367=EDGE_CURVE('',#3062,#3418,#249,.T.);
#4368=EDGE_CURVE('',#3418,#3419,#250,.T.);
#4369=EDGE_CURVE('',#3419,#3420,#251,.T.);
#4370=EDGE_CURVE('',#3420,#3421,#252,.T.);
#4371=EDGE_CURVE('',#3421,#3417,#253,.T.);
#4372=EDGE_CURVE('',#3422,#3142,#1764,.T.);
#4373=EDGE_CURVE('',#3359,#3422,#1765,.T.);
#4374=EDGE_CURVE('',#3359,#3423,#1766,.T.);
#4375=EDGE_CURVE('',#3360,#3423,#1767,.T.);
#4376=EDGE_CURVE('',#3360,#3424,#1768,.T.);
#4377=EDGE_CURVE('',#3424,#3425,#1769,.T.);
#4378=EDGE_CURVE('',#3361,#3425,#1770,.T.);
#4379=EDGE_CURVE('',#3362,#3426,#1771,.T.);
#4380=EDGE_CURVE('',#3426,#3425,#1772,.T.);
#4381=EDGE_CURVE('',#3426,#3427,#1773,.T.);
#4382=EDGE_CURVE('',#3363,#3427,#1774,.T.);
#4383=EDGE_CURVE('',#3364,#3428,#1775,.T.);
#4384=EDGE_CURVE('',#3428,#3427,#1776,.T.);
#4385=EDGE_CURVE('',#3429,#3428,#1777,.T.);
#4386=EDGE_CURVE('',#3365,#3429,#1778,.T.);
#4387=EDGE_CURVE('',#3430,#3429,#1779,.T.);
#4388=EDGE_CURVE('',#3366,#3430,#1780,.T.);
#4389=EDGE_CURVE('',#3431,#3430,#1781,.T.);
#4390=EDGE_CURVE('',#3367,#3431,#1782,.T.);
#4391=EDGE_CURVE('',#3368,#3432,#1783,.T.);
#4392=EDGE_CURVE('',#3432,#3431,#1784,.T.);
#4393=EDGE_CURVE('',#3369,#3433,#1785,.T.);
#4394=EDGE_CURVE('',#3433,#3432,#1786,.T.);
#4395=EDGE_CURVE('',#3433,#3260,#1787,.T.);
#4396=EDGE_CURVE('',#3434,#3375,#1788,.T.);
#4397=EDGE_CURVE('',#3434,#3374,#1789,.T.);
#4398=EDGE_CURVE('',#3385,#3381,#1790,.T.);
#4399=EDGE_CURVE('',#3388,#3391,#1791,.T.);
#4400=EDGE_CURVE('',#3407,#3425,#1792,.T.);
#4401=EDGE_CURVE('',#3406,#3425,#1793,.T.);
#4402=EDGE_CURVE('',#3407,#3411,#1794,.T.);
#4403=EDGE_CURVE('',#3412,#3407,#1795,.T.);
#4404=EDGE_CURVE('',#3435,#3436,#1796,.T.);
#4405=EDGE_CURVE('',#3413,#3436,#1797,.T.);
#4406=EDGE_CURVE('',#3407,#3424,#1798,.T.);
#4407=EDGE_CURVE('',#3424,#3435,#1799,.T.);
#4408=EDGE_CURVE('',#3437,#3438,#1800,.T.);
#4409=EDGE_CURVE('',#3438,#3439,#1801,.F.);
#4410=EDGE_CURVE('',#3439,#3440,#1802,.F.);
#4411=EDGE_CURVE('',#3140,#3440,#1803,.T.);
#4412=EDGE_CURVE('',#3437,#3139,#1804,.F.);
#4413=EDGE_CURVE('',#3441,#3439,#1805,.T.);
#4414=EDGE_CURVE('',#3440,#3441,#1806,.T.);
#4415=EDGE_CURVE('',#3438,#3442,#1807,.T.);
#4416=EDGE_CURVE('',#3441,#3442,#1808,.T.);
#4417=EDGE_CURVE('',#3435,#3443,#1809,.T.);
#4418=EDGE_CURVE('',#3443,#3444,#1810,.T.);
#4419=EDGE_CURVE('',#3436,#3444,#1811,.T.);
#4420=EDGE_CURVE('',#3444,#3141,#1812,.T.);
#4421=EDGE_CURVE('',#3443,#3423,#1813,.T.);
#4422=EDGE_CURVE('',#3423,#3422,#1814,.T.);
#4423=EDGE_CURVE('',#3442,#3445,#1815,.T.);
#4424=EDGE_CURVE('',#3446,#3437,#1816,.T.);
#4425=EDGE_CURVE('',#3447,#3446,#1817,.T.);
#4426=EDGE_CURVE('',#3447,#3448,#1818,.T.);
#4427=EDGE_CURVE('',#3448,#3449,#1819,.T.);
#4428=EDGE_CURVE('',#3445,#3449,#1820,.T.);
#4429=EDGE_CURVE('',#3445,#3450,#1821,.T.);
#4430=EDGE_CURVE('',#3449,#3451,#1822,.T.);
#4431=EDGE_CURVE('',#3450,#3451,#1823,.T.);
#4432=EDGE_CURVE('',#3452,#3453,#65,.T.);
#4433=EDGE_CURVE('',#3453,#3454,#1824,.T.);
#4434=EDGE_CURVE('',#3454,#3455,#1825,.T.);
#4435=EDGE_CURVE('',#3456,#3455,#1826,.T.);
#4436=EDGE_CURVE('',#3457,#3456,#1827,.T.);
#4437=EDGE_CURVE('',#3457,#3452,#1828,.T.);
#4438=EDGE_CURVE('',#3456,#3458,#1829,.T.);
#4439=EDGE_CURVE('',#3455,#3459,#1830,.T.);
#4440=EDGE_CURVE('',#3459,#3460,#1831,.F.);
#4441=EDGE_CURVE('',#3460,#3458,#1832,.F.);
#4442=EDGE_CURVE('',#3461,#2945,#1833,.T.);
#4443=EDGE_CURVE('',#3462,#2944,#1834,.T.);
#4444=EDGE_CURVE('',#3462,#3461,#1835,.F.);
#4445=EDGE_CURVE('',#3463,#2922,#1836,.T.);
#4446=EDGE_CURVE('',#3464,#3463,#1837,.F.);
#4447=EDGE_CURVE('',#3464,#3073,#1838,.F.);
#4448=EDGE_CURVE('',#3082,#3465,#1839,.F.);
#4449=EDGE_CURVE('',#3462,#3465,#1840,.T.);
#4450=EDGE_CURVE('',#3466,#3081,#1841,.T.);
#4451=EDGE_CURVE('',#3080,#3466,#1842,.T.);
#4452=EDGE_CURVE('',#2987,#3464,#1843,.F.);
#4453=EDGE_CURVE('',#2988,#3463,#1844,.T.);
#4454=EDGE_CURVE('',#3446,#3150,#1845,.T.);
#4455=EDGE_CURVE('',#3448,#3459,#1846,.T.);
#4456=EDGE_CURVE('',#3451,#3454,#1847,.T.);
#4457=EDGE_CURVE('',#3062,#3418,#103,.T.);
#4458=EDGE_CURVE('',#3418,#3419,#104,.T.);
#4459=EDGE_CURVE('',#3419,#3420,#105,.T.);
#4460=EDGE_CURVE('',#3420,#3421,#106,.T.);
#4461=EDGE_CURVE('',#3417,#3136,#107,.T.);
#4462=EDGE_CURVE('',#3467,#3468,#1848,.T.);
#4463=EDGE_CURVE('',#3133,#3467,#1849,.T.);
#4464=EDGE_CURVE('',#3136,#3468,#1850,.T.);
#4465=EDGE_CURVE('',#3469,#3467,#66,.T.);
#4466=EDGE_CURVE('',#3102,#3469,#254,.F.);
#4467=EDGE_CURVE('',#3470,#3471,#1851,.T.);
#4468=EDGE_CURVE('',#3472,#3471,#420,.T.);
#4469=EDGE_CURVE('',#3472,#3473,#1852,.T.);
#4470=EDGE_CURVE('',#3473,#3470,#67,.T.);
#4471=EDGE_CURVE('',#3474,#3064,#255,.T.);
#4472=EDGE_CURVE('',#3475,#3474,#256,.T.);
#4473=EDGE_CURVE('',#3476,#3475,#257,.T.);
#4474=EDGE_CURVE('',#3468,#3476,#258,.T.);
#4475=EDGE_CURVE('',#3453,#3477,#68,.T.);
#4476=EDGE_CURVE('',#3477,#3452,#69,.T.);
#4477=EDGE_CURVE('',#3450,#3457,#1853,.T.);
#4478=EDGE_CURVE('',#3471,#3472,#70,.T.);
#4479=EDGE_CURVE('',#3478,#3478,#71,.F.);
#4480=EDGE_CURVE('',#3478,#3477,#259,.T.);
#4481=EDGE_CURVE('',#3473,#3470,#72,.T.);
#4482=EDGE_CURVE('',#3479,#3479,#73,.T.);
#4483=EDGE_CURVE('',#3479,#3480,#1854,.T.);
#4484=EDGE_CURVE('',#3480,#3480,#74,.T.);
#4485=EDGE_CURVE('',#3481,#3482,#421,.T.);
#4486=EDGE_CURVE('',#3483,#3481,#1855,.T.);
#4487=EDGE_CURVE('',#3484,#3483,#422,.T.);
#4488=EDGE_CURVE('',#3164,#3484,#1856,.T.);
#4489=EDGE_CURVE('',#2947,#3482,#1857,.T.);
#4490=EDGE_CURVE('',#3465,#3466,#1858,.T.);
#4491=EDGE_CURVE('',#3434,#3261,#1859,.T.);
#4492=EDGE_CURVE('',#3166,#3374,#1860,.T.);
#4493=EDGE_CURVE('',#3293,#3152,#1861,.T.);
#4494=EDGE_CURVE('',#3151,#3294,#1862,.T.);
#4495=EDGE_CURVE('',#3485,#3486,#1863,.T.);
#4496=EDGE_CURVE('',#3068,#3486,#1864,.T.);
#4497=EDGE_CURVE('',#3092,#3485,#1865,.T.);
#4498=EDGE_CURVE('',#3486,#3122,#1866,.T.);
#4499=EDGE_CURVE('',#3154,#3123,#1867,.T.);
#4500=EDGE_CURVE('',#3124,#3153,#1868,.T.);
#4501=EDGE_CURVE('',#3487,#3488,#1869,.T.);
#4502=EDGE_CURVE('',#3488,#3127,#1870,.T.);
#4503=EDGE_CURVE('',#3487,#3126,#1871,.T.);
#4504=EDGE_CURVE('',#3155,#3295,#1872,.T.);
#4505=EDGE_CURVE('',#3485,#3304,#1873,.T.);
#4506=EDGE_CURVE('',#3296,#3303,#1874,.T.);
#4507=EDGE_CURVE('',#3489,#3148,#1875,.T.);
#4508=EDGE_CURVE('',#3147,#3490,#1876,.T.);
#4509=EDGE_CURVE('',#3490,#3489,#1877,.T.);
#4510=EDGE_CURVE('',#3491,#3131,#1878,.T.);
#4511=EDGE_CURVE('',#3488,#3492,#1879,.T.);
#4512=EDGE_CURVE('',#3491,#3492,#1880,.T.);
#4513=EDGE_CURVE('',#2955,#3487,#1881,.T.);
#4514=EDGE_CURVE('',#3487,#3125,#1882,.T.);
#4515=EDGE_CURVE('',#3492,#2955,#1883,.T.);
#4516=EDGE_CURVE('',#3490,#3358,#1884,.T.);
#4517=EDGE_CURVE('',#3357,#3489,#1885,.T.);
#4518=EDGE_CURVE('',#3356,#3491,#1886,.T.);
#4519=EDGE_CURVE('',#3302,#3297,#1887,.T.);
#4520=EDGE_CURVE('',#3493,#3494,#1888,.T.);
#4521=EDGE_CURVE('',#3493,#3300,#1889,.T.);
#4522=EDGE_CURVE('',#3494,#3299,#1890,.T.);
#4523=EDGE_CURVE('',#3495,#3310,#1891,.T.);
#4524=EDGE_CURVE('',#3496,#3495,#1892,.T.);
#4525=EDGE_CURVE('',#3311,#3496,#1893,.T.);
#4526=EDGE_CURVE('',#3497,#3225,#1894,.T.);
#4527=EDGE_CURVE('',#3497,#3498,#1895,.T.);
#4528=EDGE_CURVE('',#3494,#3498,#1896,.T.);
#4529=EDGE_CURVE('',#3493,#3301,#1897,.T.);
#4530=EDGE_CURVE('',#2960,#3493,#1898,.T.);
#4531=EDGE_CURVE('',#3498,#2960,#1899,.T.);
#4532=EDGE_CURVE('',#3496,#3370,#1900,.T.);
#4533=EDGE_CURVE('',#3371,#3495,#1901,.T.);
#4534=EDGE_CURVE('',#3372,#3497,#1902,.T.);
#4535=EDGE_CURVE('',#3499,#3499,#423,.T.);
#4536=EDGE_CURVE('',#3499,#2867,#1903,.T.);
#4537=EDGE_CURVE('',#3500,#3501,#1904,.T.);
#4538=EDGE_CURVE('',#3502,#3500,#1905,.T.);
#4539=EDGE_CURVE('',#3503,#3502,#1906,.T.);
#4540=EDGE_CURVE('',#3504,#3503,#1907,.T.);
#4541=EDGE_CURVE('',#3505,#3504,#1908,.T.);
#4542=EDGE_CURVE('',#3501,#3505,#1909,.T.);
#4543=EDGE_CURVE('',#2998,#3500,#1910,.T.);
#4544=EDGE_CURVE('',#2999,#3501,#1911,.T.);
#4545=EDGE_CURVE('',#3000,#3505,#1912,.T.);
#4546=EDGE_CURVE('',#2995,#3504,#1913,.T.);
#4547=EDGE_CURVE('',#2996,#3503,#1914,.T.);
#4548=EDGE_CURVE('',#2997,#3502,#1915,.T.);
#4549=EDGE_CURVE('',#2984,#2908,#1916,.T.);
#4550=EDGE_CURVE('',#2909,#2983,#1917,.T.);
#4551=EDGE_CURVE('',#2915,#2971,#1918,.T.);
#4552=EDGE_CURVE('',#2972,#2914,#1919,.T.);
#4553=EDGE_CURVE('',#3506,#3506,#424,.T.);
#4554=EDGE_CURVE('',#3507,#3508,#1920,.T.);
#4555=EDGE_CURVE('',#3508,#3509,#1921,.T.);
#4556=EDGE_CURVE('',#3509,#3510,#1922,.T.);
#4557=EDGE_CURVE('',#3510,#3511,#1923,.T.);
#4558=EDGE_CURVE('',#3511,#3512,#1924,.T.);
#4559=EDGE_CURVE('',#3512,#3513,#1925,.T.);
#4560=EDGE_CURVE('',#3513,#3514,#1926,.T.);
#4561=EDGE_CURVE('',#3514,#3515,#1927,.T.);
#4562=EDGE_CURVE('',#3515,#3516,#1928,.T.);
#4563=EDGE_CURVE('',#3516,#3517,#1929,.T.);
#4564=EDGE_CURVE('',#3517,#3518,#1930,.T.);
#4565=EDGE_CURVE('',#3518,#3507,#1931,.T.);
#4566=EDGE_CURVE('',#3519,#3520,#1932,.T.);
#4567=EDGE_CURVE('',#3521,#3519,#1933,.T.);
#4568=EDGE_CURVE('',#3522,#3521,#1934,.T.);
#4569=EDGE_CURVE('',#3523,#3522,#1935,.T.);
#4570=EDGE_CURVE('',#3524,#3523,#1936,.T.);
#4571=EDGE_CURVE('',#3520,#3524,#1937,.T.);
#4572=EDGE_CURVE('',#3525,#3525,#425,.T.);
#4573=EDGE_CURVE('',#3012,#3519,#1938,.T.);
#4574=EDGE_CURVE('',#3007,#3520,#1939,.T.);
#4575=EDGE_CURVE('',#3008,#3524,#1940,.T.);
#4576=EDGE_CURVE('',#3009,#3523,#1941,.T.);
#4577=EDGE_CURVE('',#3010,#3522,#1942,.T.);
#4578=EDGE_CURVE('',#3011,#3521,#1943,.T.);
#4579=EDGE_CURVE('',#3525,#2917,#1944,.T.);
#4580=EDGE_CURVE('',#3209,#3526,#1945,.T.);
#4581=EDGE_CURVE('',#2978,#3526,#1946,.T.);
#4582=EDGE_CURVE('',#3416,#3526,#1947,.T.);
#4583=EDGE_CURVE('',#3527,#3527,#426,.T.);
#4584=EDGE_CURVE('',#3528,#3529,#1948,.T.);
#4585=EDGE_CURVE('',#3529,#3530,#1949,.T.);
#4586=EDGE_CURVE('',#3530,#3531,#1950,.T.);
#4587=EDGE_CURVE('',#3531,#3528,#1951,.T.);
#4588=EDGE_CURVE('',#3532,#3533,#1952,.T.);
#4589=EDGE_CURVE('',#3534,#3532,#1953,.T.);
#4590=EDGE_CURVE('',#3535,#3534,#1954,.T.);
#4591=EDGE_CURVE('',#3536,#3535,#1955,.T.);
#4592=EDGE_CURVE('',#3537,#3536,#1956,.T.);
#4593=EDGE_CURVE('',#3538,#3537,#1957,.T.);
#4594=EDGE_CURVE('',#3539,#3538,#1958,.T.);
#4595=EDGE_CURVE('',#3540,#3539,#1959,.T.);
#4596=EDGE_CURVE('',#3541,#3540,#1960,.T.);
#4597=EDGE_CURVE('',#3542,#3541,#1961,.T.);
#4598=EDGE_CURVE('',#3543,#3542,#1962,.T.);
#4599=EDGE_CURVE('',#3533,#3543,#1963,.T.);
#4600=EDGE_CURVE('',#3508,#3532,#1964,.T.);
#4601=EDGE_CURVE('',#3509,#3533,#1965,.T.);
#4602=EDGE_CURVE('',#3510,#3543,#1966,.T.);
#4603=EDGE_CURVE('',#3511,#3542,#1967,.T.);
#4604=EDGE_CURVE('',#3512,#3541,#1968,.T.);
#4605=EDGE_CURVE('',#3513,#3540,#1969,.T.);
#4606=EDGE_CURVE('',#3514,#3539,#1970,.T.);
#4607=EDGE_CURVE('',#3515,#3538,#1971,.T.);
#4608=EDGE_CURVE('',#3516,#3537,#1972,.T.);
#4609=EDGE_CURVE('',#3517,#3536,#1973,.T.);
#4610=EDGE_CURVE('',#3518,#3535,#1974,.T.);
#4611=EDGE_CURVE('',#3507,#3534,#1975,.T.);
#4612=EDGE_CURVE('',#3544,#3544,#427,.T.);
#4613=EDGE_CURVE('',#3545,#3545,#428,.T.);
#4614=EDGE_CURVE('',#3006,#3544,#1976,.T.);
#4615=EDGE_CURVE('',#3527,#3545,#1977,.T.);
#4616=EDGE_CURVE('',#3546,#3546,#429,.T.);
#4617=EDGE_CURVE('',#3547,#3547,#430,.T.);
#4618=EDGE_CURVE('',#3005,#3546,#1978,.T.);
#4619=EDGE_CURVE('',#3506,#3547,#1979,.T.);
#4620=EDGE_CURVE('',#3548,#3549,#1980,.T.);
#4621=EDGE_CURVE('',#3550,#3548,#1981,.T.);
#4622=EDGE_CURVE('',#3551,#3550,#1982,.T.);
#4623=EDGE_CURVE('',#3549,#3551,#1983,.T.);
#4624=EDGE_CURVE('',#3529,#3548,#1984,.T.);
#4625=EDGE_CURVE('',#3530,#3549,#1985,.T.);
#4626=EDGE_CURVE('',#3531,#3551,#1986,.T.);
#4627=EDGE_CURVE('',#3528,#3550,#1987,.T.);
#4628=EDGE_CURVE('',#3552,#3553,#1988,.T.);
#4629=EDGE_CURVE('',#3554,#3552,#1989,.F.);
#4630=EDGE_CURVE('',#3555,#3554,#1990,.T.);
#4631=EDGE_CURVE('',#3555,#3553,#1991,.T.);
#4632=EDGE_CURVE('',#3556,#3552,#431,.T.);
#4633=EDGE_CURVE('',#3556,#3557,#432,.T.);
#4634=EDGE_CURVE('',#3557,#3291,#1992,.T.);
#4635=EDGE_CURVE('',#3554,#2950,#433,.T.);
#4636=EDGE_CURVE('',#3558,#3555,#434,.T.);
#4637=EDGE_CURVE('',#3559,#2950,#435,.T.);
#4638=EDGE_CURVE('',#3559,#3558,#1993,.T.);
#4639=EDGE_CURVE('',#3353,#2966,#1994,.T.);
#4640=EDGE_CURVE('',#2963,#3560,#1995,.T.);
#4641=EDGE_CURVE('',#3159,#3560,#1996,.T.);
#4642=EDGE_CURVE('',#3560,#2949,#436,.F.);
#4643=EDGE_CURVE('',#3354,#2964,#1997,.T.);
#4644=EDGE_CURVE('',#2965,#3352,#1998,.T.);
#4645=EDGE_CURVE('',#3561,#3562,#1999,.T.);
#4646=EDGE_CURVE('',#3563,#3561,#2000,.F.);
#4647=EDGE_CURVE('',#3564,#3563,#2001,.T.);
#4648=EDGE_CURVE('',#3564,#3562,#2002,.T.);
#4649=EDGE_CURVE('',#3565,#3564,#437,.T.);
#4650=EDGE_CURVE('',#3563,#3566,#438,.T.);
#4651=EDGE_CURVE('',#3566,#3565,#2003,.T.);
#4652=EDGE_CURVE('',#3482,#2993,#2004,.T.);
#4653=EDGE_CURVE('',#3162,#2947,#2005,.T.);
#4654=EDGE_CURVE('',#2990,#3484,#2006,.T.);
#4655=EDGE_CURVE('',#3483,#2991,#2007,.T.);
#4656=EDGE_CURVE('',#2992,#3481,#2008,.T.);
#4657=EDGE_CURVE('',#3562,#3567,#439,.T.);
#4658=EDGE_CURVE('',#2946,#3565,#2009,.T.);
#4659=EDGE_CURVE('',#3568,#3461,#2010,.T.);
#4660=EDGE_CURVE('',#3568,#3567,#440,.T.);
#4661=EDGE_CURVE('',#3569,#3557,#2011,.T.);
#4662=EDGE_CURVE('',#3570,#3557,#441,.T.);
#4663=EDGE_CURVE('',#3571,#3570,#442,.F.);
#4664=EDGE_CURVE('',#3571,#3569,#2012,.T.);
#4665=EDGE_CURVE('',#3572,#3568,#2013,.T.);
#4666=EDGE_CURVE('',#3573,#3572,#2014,.T.);
#4667=EDGE_CURVE('',#3574,#3573,#443,.F.);
#4668=EDGE_CURVE('',#3568,#3574,#444,.T.);
#4669=EDGE_CURVE('',#3573,#3575,#2015,.T.);
#4670=EDGE_CURVE('',#3575,#3079,#2016,.T.);
#4671=EDGE_CURVE('',#3575,#3576,#445,.T.);
#4672=EDGE_CURVE('',#3576,#3574,#2017,.T.);
#4673=EDGE_CURVE('',#3567,#3577,#2018,.T.);
#4674=EDGE_CURVE('',#3577,#3576,#446,.T.);
#4675=EDGE_CURVE('',#3577,#3561,#447,.T.);
#4676=EDGE_CURVE('',#3578,#3571,#2019,.T.);
#4677=EDGE_CURVE('',#3578,#3044,#2020,.T.);
#4678=EDGE_CURVE('',#3579,#3578,#448,.T.);
#4679=EDGE_CURVE('',#3570,#3579,#2021,.T.);
#4680=EDGE_CURVE('',#3566,#3414,#2022,.T.);
#4681=EDGE_CURVE('',#3579,#3580,#449,.T.);
#4682=EDGE_CURVE('',#3553,#3580,#450,.T.);
#4683=EDGE_CURVE('',#3558,#3205,#2023,.T.);
#4684=EDGE_CURVE('',#3580,#3556,#2024,.T.);
#4685=EDGE_CURVE('',#3277,#3264,#2025,.T.);
#4686=EDGE_CURVE('',#3581,#3267,#2026,.F.);
#4687=EDGE_CURVE('',#3309,#3581,#2027,.F.);
#4688=EDGE_CURVE('',#3278,#3312,#2028,.T.);
#4689=EDGE_CURVE('',#3290,#3582,#2029,.T.);
#4690=EDGE_CURVE('',#3270,#3274,#2030,.F.);
#4691=EDGE_CURVE('',#3232,#3269,#2031,.F.);
#4692=EDGE_CURVE('',#3582,#3559,#2032,.F.);
#4693=EDGE_CURVE('',#3288,#3583,#2033,.F.);
#4694=EDGE_CURVE('',#3265,#3583,#2034,.T.);
#4695=EDGE_CURVE('',#3279,#3268,#2035,.T.);
#4696=EDGE_CURVE('',#3584,#3447,#2036,.T.);
#4697=EDGE_CURVE('',#3585,#3584,#2037,.T.);
#4698=EDGE_CURVE('',#3586,#3585,#2038,.T.);
#4699=EDGE_CURVE('',#3587,#3586,#2039,.T.);
#4700=EDGE_CURVE('',#3460,#3587,#2040,.T.);
#4701=EDGE_CURVE('',#3149,#3588,#2041,.F.);
#4702=EDGE_CURVE('',#3588,#3589,#2042,.F.);
#4703=EDGE_CURVE('',#3584,#3589,#2043,.T.);
#4704=EDGE_CURVE('',#3589,#3590,#2044,.T.);
#4705=EDGE_CURVE('',#3590,#3585,#2045,.F.);
#4706=EDGE_CURVE('',#3590,#3586,#2046,.T.);
#4707=EDGE_CURVE('',#3591,#3458,#2047,.T.);
#4708=EDGE_CURVE('',#3591,#2946,#2048,.F.);
#4709=EDGE_CURVE('',#3592,#3587,#2049,.T.);
#4710=EDGE_CURVE('',#3588,#3592,#2050,.F.);
#4711=EDGE_CURVE('',#3592,#3593,#2051,.T.);
#4712=EDGE_CURVE('',#3161,#3593,#2052,.F.);
#4713=EDGE_CURVE('',#3591,#3593,#2053,.T.);
#4714=EDGE_CURVE('',#3594,#3582,#2054,.T.);
#4715=EDGE_CURVE('',#3160,#3594,#2055,.F.);
#4716=EDGE_CURVE('',#3594,#3595,#2056,.T.);
#4717=EDGE_CURVE('',#3581,#3595,#2057,.F.);
#4718=EDGE_CURVE('',#3596,#3595,#2058,.T.);
#4719=EDGE_CURVE('',#3266,#3596,#2059,.F.);
#4720=EDGE_CURVE('',#3583,#3596,#2060,.T.);
#4721=EDGE_CURVE('',#3004,#3033,#2061,.T.);
#4722=EDGE_CURVE('',#3469,#3597,#260,.T.);
#4723=EDGE_CURVE('',#3597,#3066,#261,.T.);
#4724=EDGE_CURVE('',#3598,#3468,#262,.T.);
#4725=EDGE_CURVE('',#3063,#3598,#263,.T.);
#4726=EDGE_CURVE('',#3052,#3599,#264,.T.);
#4727=EDGE_CURVE('',#3599,#3600,#2062,.T.);
#4728=EDGE_CURVE('',#3600,#3601,#265,.T.);
#4729=EDGE_CURVE('',#3601,#3053,#2063,.T.);
#4730=EDGE_CURVE('',#3337,#3600,#451,.T.);
#4731=EDGE_CURVE('',#3332,#3601,#452,.T.);
#4732=EDGE_CURVE('',#3599,#3602,#266,.T.);
#4733=EDGE_CURVE('',#3334,#3599,#453,.T.);
#4734=EDGE_CURVE('',#3602,#3314,#267,.T.);
#4735=EDGE_CURVE('',#3603,#3600,#268,.T.);
#4736=EDGE_CURVE('',#3315,#3603,#269,.T.);
#4737=ORIENTED_EDGE('',*,*,#3604,.F.);
#4738=ORIENTED_EDGE('',*,*,#3605,.T.);
#4739=ORIENTED_EDGE('',*,*,#3606,.F.);
#4740=ORIENTED_EDGE('',*,*,#3607,.F.);
#4741=ORIENTED_EDGE('',*,*,#3608,.F.);
#4742=ORIENTED_EDGE('',*,*,#3609,.T.);
#4743=ORIENTED_EDGE('',*,*,#3610,.F.);
#4744=ORIENTED_EDGE('',*,*,#3611,.T.);
#4745=ORIENTED_EDGE('',*,*,#3612,.F.);
#4746=ORIENTED_EDGE('',*,*,#3613,.T.);
#4747=ORIENTED_EDGE('',*,*,#3614,.F.);
#4748=ORIENTED_EDGE('',*,*,#3615,.T.);
#4749=ORIENTED_EDGE('',*,*,#3616,.T.);
#4750=ORIENTED_EDGE('',*,*,#3617,.F.);
#4751=ORIENTED_EDGE('',*,*,#3618,.F.);
#4752=ORIENTED_EDGE('',*,*,#3619,.T.);
#4753=ORIENTED_EDGE('',*,*,#3620,.T.);
#4754=ORIENTED_EDGE('',*,*,#3621,.T.);
#4755=ORIENTED_EDGE('',*,*,#3622,.T.);
#4756=ORIENTED_EDGE('',*,*,#3623,.T.);
#4757=ORIENTED_EDGE('',*,*,#3624,.F.);
#4758=ORIENTED_EDGE('',*,*,#3625,.F.);
#4759=ORIENTED_EDGE('',*,*,#3626,.T.);
#4760=ORIENTED_EDGE('',*,*,#3627,.F.);
#4761=ORIENTED_EDGE('',*,*,#3628,.F.);
#4762=ORIENTED_EDGE('',*,*,#3629,.F.);
#4763=ORIENTED_EDGE('',*,*,#3630,.F.);
#4764=ORIENTED_EDGE('',*,*,#3631,.F.);
#4765=ORIENTED_EDGE('',*,*,#3632,.T.);
#4766=ORIENTED_EDGE('',*,*,#3633,.T.);
#4767=ORIENTED_EDGE('',*,*,#3634,.F.);
#4768=ORIENTED_EDGE('',*,*,#3635,.F.);
#4769=ORIENTED_EDGE('',*,*,#3636,.T.);
#4770=ORIENTED_EDGE('',*,*,#3637,.T.);
#4771=ORIENTED_EDGE('',*,*,#3638,.F.);
#4772=ORIENTED_EDGE('',*,*,#3639,.F.);
#4773=ORIENTED_EDGE('',*,*,#3640,.F.);
#4774=ORIENTED_EDGE('',*,*,#3641,.T.);
#4775=ORIENTED_EDGE('',*,*,#3642,.F.);
#4776=ORIENTED_EDGE('',*,*,#3643,.F.);
#4777=ORIENTED_EDGE('',*,*,#3605,.F.);
#4778=ORIENTED_EDGE('',*,*,#3644,.F.);
#4779=ORIENTED_EDGE('',*,*,#3645,.F.);
#4780=ORIENTED_EDGE('',*,*,#3646,.F.);
#4781=ORIENTED_EDGE('',*,*,#3647,.F.);
#4782=ORIENTED_EDGE('',*,*,#3626,.F.);
#4783=ORIENTED_EDGE('',*,*,#3648,.F.);
#4784=ORIENTED_EDGE('',*,*,#3649,.F.);
#4785=ORIENTED_EDGE('',*,*,#3650,.F.);
#4786=ORIENTED_EDGE('',*,*,#3651,.F.);
#4787=ORIENTED_EDGE('',*,*,#3652,.T.);
#4788=ORIENTED_EDGE('',*,*,#3614,.T.);
#4789=ORIENTED_EDGE('',*,*,#3653,.F.);
#4790=ORIENTED_EDGE('',*,*,#3654,.F.);
#4791=ORIENTED_EDGE('',*,*,#3655,.F.);
#4792=ORIENTED_EDGE('',*,*,#3656,.F.);
#4793=ORIENTED_EDGE('',*,*,#3657,.F.);
#4794=ORIENTED_EDGE('',*,*,#3658,.T.);
#4795=ORIENTED_EDGE('',*,*,#3659,.F.);
#4796=ORIENTED_EDGE('',*,*,#3638,.T.);
#4797=ORIENTED_EDGE('',*,*,#3660,.F.);
#4798=ORIENTED_EDGE('',*,*,#3661,.F.);
#4799=ORIENTED_EDGE('',*,*,#3662,.F.);
#4800=ORIENTED_EDGE('',*,*,#3663,.F.);
#4801=ORIENTED_EDGE('',*,*,#3664,.F.);
#4802=ORIENTED_EDGE('',*,*,#3627,.T.);
#4803=ORIENTED_EDGE('',*,*,#3647,.T.);
#4804=ORIENTED_EDGE('',*,*,#3665,.F.);
#4805=ORIENTED_EDGE('',*,*,#3666,.F.);
#4806=ORIENTED_EDGE('',*,*,#3667,.T.);
#4807=ORIENTED_EDGE('',*,*,#3668,.T.);
#4808=ORIENTED_EDGE('',*,*,#3669,.T.);
#4809=ORIENTED_EDGE('',*,*,#3670,.F.);
#4810=ORIENTED_EDGE('',*,*,#3671,.F.);
#4811=ORIENTED_EDGE('',*,*,#3667,.F.);
#4812=ORIENTED_EDGE('',*,*,#3672,.T.);
#4813=ORIENTED_EDGE('',*,*,#3673,.F.);
#4814=ORIENTED_EDGE('',*,*,#3674,.T.);
#4815=ORIENTED_EDGE('',*,*,#3666,.T.);
#4816=ORIENTED_EDGE('',*,*,#3675,.F.);
#4817=ORIENTED_EDGE('',*,*,#3676,.T.);
#4818=ORIENTED_EDGE('',*,*,#3672,.F.);
#4819=ORIENTED_EDGE('',*,*,#3677,.F.);
#4820=ORIENTED_EDGE('',*,*,#3678,.T.);
#4821=ORIENTED_EDGE('',*,*,#3679,.T.);
#4822=ORIENTED_EDGE('',*,*,#3680,.T.);
#4823=ORIENTED_EDGE('',*,*,#3681,.F.);
#4824=ORIENTED_EDGE('',*,*,#3682,.F.);
#4825=ORIENTED_EDGE('',*,*,#3678,.F.);
#4826=ORIENTED_EDGE('',*,*,#3683,.T.);
#4827=ORIENTED_EDGE('',*,*,#3684,.F.);
#4828=ORIENTED_EDGE('',*,*,#3685,.T.);
#4829=ORIENTED_EDGE('',*,*,#3677,.T.);
#4830=ORIENTED_EDGE('',*,*,#3686,.F.);
#4831=ORIENTED_EDGE('',*,*,#3687,.F.);
#4832=ORIENTED_EDGE('',*,*,#3688,.T.);
#4833=ORIENTED_EDGE('',*,*,#3689,.F.);
#4834=ORIENTED_EDGE('',*,*,#3690,.F.);
#4835=ORIENTED_EDGE('',*,*,#3691,.T.);
#4836=ORIENTED_EDGE('',*,*,#3692,.F.);
#4837=ORIENTED_EDGE('',*,*,#3693,.F.);
#4838=ORIENTED_EDGE('',*,*,#3694,.F.);
#4839=ORIENTED_EDGE('',*,*,#3695,.T.);
#4840=ORIENTED_EDGE('',*,*,#3683,.F.);
#4841=ORIENTED_EDGE('',*,*,#3671,.T.);
#4842=ORIENTED_EDGE('',*,*,#3696,.T.);
#4843=ORIENTED_EDGE('',*,*,#3697,.T.);
#4844=ORIENTED_EDGE('',*,*,#3698,.T.);
#4845=ORIENTED_EDGE('',*,*,#3699,.T.);
#4846=ORIENTED_EDGE('',*,*,#3700,.T.);
#4847=ORIENTED_EDGE('',*,*,#3675,.T.);
#4848=ORIENTED_EDGE('',*,*,#3682,.T.);
#4849=ORIENTED_EDGE('',*,*,#3701,.F.);
#4850=ORIENTED_EDGE('',*,*,#3702,.F.);
#4851=ORIENTED_EDGE('',*,*,#3703,.F.);
#4852=ORIENTED_EDGE('',*,*,#3704,.F.);
#4853=ORIENTED_EDGE('',*,*,#3705,.F.);
#4854=ORIENTED_EDGE('',*,*,#3686,.T.);
#4855=ORIENTED_EDGE('',*,*,#3680,.F.);
#4856=ORIENTED_EDGE('',*,*,#3706,.F.);
#4857=ORIENTED_EDGE('',*,*,#3707,.F.);
#4858=ORIENTED_EDGE('',*,*,#3708,.T.);
#4859=ORIENTED_EDGE('',*,*,#3709,.T.);
#4860=ORIENTED_EDGE('',*,*,#3710,.F.);
#4861=ORIENTED_EDGE('',*,*,#3711,.T.);
#4862=ORIENTED_EDGE('',*,*,#3712,.F.);
#4863=ORIENTED_EDGE('',*,*,#3713,.F.);
#4864=ORIENTED_EDGE('',*,*,#3714,.T.);
#4865=ORIENTED_EDGE('',*,*,#3715,.F.);
#4866=ORIENTED_EDGE('',*,*,#3716,.F.);
#4867=ORIENTED_EDGE('',*,*,#3717,.T.);
#4868=ORIENTED_EDGE('',*,*,#3718,.F.);
#4869=ORIENTED_EDGE('',*,*,#3719,.T.);
#4870=ORIENTED_EDGE('',*,*,#3720,.F.);
#4871=ORIENTED_EDGE('',*,*,#3721,.F.);
#4872=ORIENTED_EDGE('',*,*,#3722,.F.);
#4873=ORIENTED_EDGE('',*,*,#3706,.T.);
#4874=ORIENTED_EDGE('',*,*,#3679,.F.);
#4875=ORIENTED_EDGE('',*,*,#3685,.F.);
#4876=ORIENTED_EDGE('',*,*,#3723,.F.);
#4877=ORIENTED_EDGE('',*,*,#3724,.F.);
#4878=ORIENTED_EDGE('',*,*,#3725,.F.);
#4879=ORIENTED_EDGE('',*,*,#3726,.F.);
#4880=ORIENTED_EDGE('',*,*,#3727,.F.);
#4881=ORIENTED_EDGE('',*,*,#3728,.F.);
#4882=ORIENTED_EDGE('',*,*,#3729,.F.);
#4883=ORIENTED_EDGE('',*,*,#3730,.F.);
#4884=ORIENTED_EDGE('',*,*,#3731,.F.);
#4885=ORIENTED_EDGE('',*,*,#3732,.F.);
#4886=ORIENTED_EDGE('',*,*,#3733,.F.);
#4887=ORIENTED_EDGE('',*,*,#3734,.F.);
#4888=ORIENTED_EDGE('',*,*,#3735,.T.);
#4889=ORIENTED_EDGE('',*,*,#3736,.T.);
#4890=ORIENTED_EDGE('',*,*,#3737,.T.);
#4891=ORIENTED_EDGE('',*,*,#3738,.F.);
#4892=ORIENTED_EDGE('',*,*,#3739,.T.);
#4893=ORIENTED_EDGE('',*,*,#3740,.F.);
#4894=ORIENTED_EDGE('',*,*,#3741,.T.);
#4895=ORIENTED_EDGE('',*,*,#3742,.T.);
#4896=ORIENTED_EDGE('',*,*,#3743,.T.);
#4897=ORIENTED_EDGE('',*,*,#3744,.T.);
#4898=ORIENTED_EDGE('',*,*,#3668,.F.);
#4899=ORIENTED_EDGE('',*,*,#3674,.F.);
#4900=ORIENTED_EDGE('',*,*,#3745,.F.);
#4901=ORIENTED_EDGE('',*,*,#3746,.T.);
#4902=ORIENTED_EDGE('',*,*,#3747,.F.);
#4903=ORIENTED_EDGE('',*,*,#3748,.F.);
#4904=ORIENTED_EDGE('',*,*,#3749,.F.);
#4905=ORIENTED_EDGE('',*,*,#3750,.F.);
#4906=ORIENTED_EDGE('',*,*,#3751,.F.);
#4907=ORIENTED_EDGE('',*,*,#3752,.T.);
#4908=ORIENTED_EDGE('',*,*,#3753,.T.);
#4909=ORIENTED_EDGE('',*,*,#3754,.T.);
#4910=ORIENTED_EDGE('',*,*,#3755,.T.);
#4911=ORIENTED_EDGE('',*,*,#3756,.T.);
#4912=ORIENTED_EDGE('',*,*,#3757,.T.);
#4913=ORIENTED_EDGE('',*,*,#3758,.T.);
#4914=ORIENTED_EDGE('',*,*,#3759,.T.);
#4915=ORIENTED_EDGE('',*,*,#3760,.T.);
#4916=ORIENTED_EDGE('',*,*,#3761,.T.);
#4917=ORIENTED_EDGE('',*,*,#3762,.T.);
#4918=ORIENTED_EDGE('',*,*,#3763,.T.);
#4919=ORIENTED_EDGE('',*,*,#3764,.T.);
#4920=ORIENTED_EDGE('',*,*,#3765,.T.);
#4921=ORIENTED_EDGE('',*,*,#3766,.T.);
#4922=ORIENTED_EDGE('',*,*,#3767,.T.);
#4923=ORIENTED_EDGE('',*,*,#3768,.T.);
#4924=ORIENTED_EDGE('',*,*,#3769,.T.);
#4925=ORIENTED_EDGE('',*,*,#3770,.F.);
#4926=ORIENTED_EDGE('',*,*,#3771,.F.);
#4927=ORIENTED_EDGE('',*,*,#3772,.T.);
#4928=ORIENTED_EDGE('',*,*,#3773,.T.);
#4929=ORIENTED_EDGE('',*,*,#3621,.F.);
#4930=ORIENTED_EDGE('',*,*,#3622,.F.);
#4931=ORIENTED_EDGE('',*,*,#3773,.F.);
#4932=ORIENTED_EDGE('',*,*,#3774,.T.);
#4933=ORIENTED_EDGE('',*,*,#3775,.T.);
#4934=ORIENTED_EDGE('',*,*,#3623,.F.);
#4935=ORIENTED_EDGE('',*,*,#3775,.F.);
#4936=ORIENTED_EDGE('',*,*,#3776,.T.);
#4937=ORIENTED_EDGE('',*,*,#3777,.F.);
#4938=ORIENTED_EDGE('',*,*,#3613,.F.);
#4939=ORIENTED_EDGE('',*,*,#3778,.F.);
#4940=ORIENTED_EDGE('',*,*,#3779,.F.);
#4941=ORIENTED_EDGE('',*,*,#3780,.F.);
#4942=ORIENTED_EDGE('',*,*,#3781,.F.);
#4943=ORIENTED_EDGE('',*,*,#3782,.F.);
#4944=ORIENTED_EDGE('',*,*,#3783,.T.);
#4945=ORIENTED_EDGE('',*,*,#3784,.T.);
#4946=ORIENTED_EDGE('',*,*,#3785,.F.);
#4947=ORIENTED_EDGE('',*,*,#3786,.F.);
#4948=ORIENTED_EDGE('',*,*,#3787,.F.);
#4949=ORIENTED_EDGE('',*,*,#3788,.F.);
#4950=ORIENTED_EDGE('',*,*,#3771,.T.);
#4951=ORIENTED_EDGE('',*,*,#3789,.F.);
#4952=ORIENTED_EDGE('',*,*,#3790,.F.);
#4953=ORIENTED_EDGE('',*,*,#3783,.F.);
#4954=ORIENTED_EDGE('',*,*,#3791,.T.);
#4955=ORIENTED_EDGE('',*,*,#3792,.F.);
#4956=ORIENTED_EDGE('',*,*,#3791,.F.);
#4957=ORIENTED_EDGE('',*,*,#3782,.T.);
#4958=ORIENTED_EDGE('',*,*,#3793,.T.);
#4959=ORIENTED_EDGE('',*,*,#3636,.F.);
#4960=ORIENTED_EDGE('',*,*,#3779,.T.);
#4961=ORIENTED_EDGE('',*,*,#3794,.F.);
#4962=ORIENTED_EDGE('',*,*,#3795,.F.);
#4963=ORIENTED_EDGE('',*,*,#3624,.T.);
#4964=ORIENTED_EDGE('',*,*,#3778,.T.);
#4965=ORIENTED_EDGE('',*,*,#3612,.T.);
#4966=ORIENTED_EDGE('',*,*,#3796,.T.);
#4967=ORIENTED_EDGE('',*,*,#3797,.T.);
#4968=ORIENTED_EDGE('',*,*,#3798,.T.);
#4969=ORIENTED_EDGE('',*,*,#3794,.T.);
#4970=ORIENTED_EDGE('',*,*,#3615,.F.);
#4971=ORIENTED_EDGE('',*,*,#3799,.F.);
#4972=ORIENTED_EDGE('',*,*,#3800,.F.);
#4973=ORIENTED_EDGE('',*,*,#3796,.F.);
#4974=ORIENTED_EDGE('',*,*,#3611,.F.);
#4975=ORIENTED_EDGE('',*,*,#3652,.F.);
#4976=ORIENTED_EDGE('',*,*,#3801,.F.);
#4977=ORIENTED_EDGE('',*,*,#3802,.F.);
#4978=ORIENTED_EDGE('',*,*,#3803,.F.);
#4979=ORIENTED_EDGE('',*,*,#3609,.F.);
#4980=ORIENTED_EDGE('',*,*,#3804,.F.);
#4981=ORIENTED_EDGE('',*,*,#3805,.F.);
#4982=ORIENTED_EDGE('',*,*,#3806,.T.);
#4983=ORIENTED_EDGE('',*,*,#3807,.F.);
#4984=ORIENTED_EDGE('',*,*,#3808,.F.);
#4985=ORIENTED_EDGE('',*,*,#3658,.F.);
#4986=ORIENTED_EDGE('',*,*,#3809,.F.);
#4987=ORIENTED_EDGE('',*,*,#3810,.F.);
#4988=ORIENTED_EDGE('',*,*,#3786,.T.);
#4989=ORIENTED_EDGE('',*,*,#3770,.T.);
#4990=ORIENTED_EDGE('',*,*,#3620,.F.);
#4991=ORIENTED_EDGE('',*,*,#3619,.F.);
#4992=ORIENTED_EDGE('',*,*,#3618,.T.);
#4993=ORIENTED_EDGE('',*,*,#3617,.T.);
#4994=ORIENTED_EDGE('',*,*,#3616,.F.);
#4995=ORIENTED_EDGE('',*,*,#3811,.F.);
#4996=ORIENTED_EDGE('',*,*,#3812,.F.);
#4997=ORIENTED_EDGE('',*,*,#3813,.F.);
#4998=ORIENTED_EDGE('',*,*,#3690,.T.);
#4999=ORIENTED_EDGE('',*,*,#3814,.T.);
#5000=ORIENTED_EDGE('',*,*,#3815,.T.);
#5001=ORIENTED_EDGE('',*,*,#3816,.F.);
#5002=ORIENTED_EDGE('',*,*,#3817,.F.);
#5003=ORIENTED_EDGE('',*,*,#3818,.F.);
#5004=ORIENTED_EDGE('',*,*,#3729,.T.);
#5005=ORIENTED_EDGE('',*,*,#3819,.F.);
#5006=ORIENTED_EDGE('',*,*,#3660,.T.);
#5007=ORIENTED_EDGE('',*,*,#3637,.F.);
#5008=ORIENTED_EDGE('',*,*,#3793,.F.);
#5009=ORIENTED_EDGE('',*,*,#3781,.T.);
#5010=ORIENTED_EDGE('',*,*,#3780,.T.);
#5011=ORIENTED_EDGE('',*,*,#3820,.T.);
#5012=ORIENTED_EDGE('',*,*,#3821,.T.);
#5013=ORIENTED_EDGE('',*,*,#3811,.T.);
#5014=ORIENTED_EDGE('',*,*,#3785,.T.);
#5015=ORIENTED_EDGE('',*,*,#3822,.F.);
#5016=ORIENTED_EDGE('',*,*,#3823,.F.);
#5017=ORIENTED_EDGE('',*,*,#3820,.F.);
#5018=ORIENTED_EDGE('',*,*,#3824,.F.);
#5019=ORIENTED_EDGE('',*,*,#3806,.F.);
#5020=ORIENTED_EDGE('',*,*,#3825,.F.);
#5021=ORIENTED_EDGE('',*,*,#3826,.F.);
#5022=ORIENTED_EDGE('',*,*,#3630,.T.);
#5023=ORIENTED_EDGE('',*,*,#3827,.F.);
#5024=ORIENTED_EDGE('',*,*,#3828,.F.);
#5025=ORIENTED_EDGE('',*,*,#3829,.F.);
#5026=ORIENTED_EDGE('',*,*,#3789,.T.);
#5027=ORIENTED_EDGE('',*,*,#3792,.T.);
#5028=ORIENTED_EDGE('',*,*,#3635,.T.);
#5029=ORIENTED_EDGE('',*,*,#3634,.T.);
#5030=ORIENTED_EDGE('',*,*,#3633,.F.);
#5031=ORIENTED_EDGE('',*,*,#3632,.F.);
#5032=ORIENTED_EDGE('',*,*,#3631,.T.);
#5033=ORIENTED_EDGE('',*,*,#3830,.F.);
#5034=ORIENTED_EDGE('',*,*,#3831,.F.);
#5035=ORIENTED_EDGE('',*,*,#3832,.F.);
#5036=ORIENTED_EDGE('',*,*,#3641,.F.);
#5037=ORIENTED_EDGE('',*,*,#3645,.T.);
#5038=ORIENTED_EDGE('',*,*,#3833,.F.);
#5039=ORIENTED_EDGE('',*,*,#3758,.F.);
#5040=ORIENTED_EDGE('',*,*,#3834,.T.);
#5041=ORIENTED_EDGE('',*,*,#3644,.T.);
#5042=ORIENTED_EDGE('',*,*,#3604,.T.);
#5043=ORIENTED_EDGE('',*,*,#3803,.T.);
#5044=ORIENTED_EDGE('',*,*,#3835,.F.);
#5045=ORIENTED_EDGE('',*,*,#3759,.F.);
#5046=ORIENTED_EDGE('',*,*,#3833,.T.);
#5047=ORIENTED_EDGE('',*,*,#3836,.F.);
#5048=ORIENTED_EDGE('',*,*,#3837,.F.);
#5049=ORIENTED_EDGE('',*,*,#3838,.F.);
#5050=ORIENTED_EDGE('',*,*,#3839,.F.);
#5051=ORIENTED_EDGE('',*,*,#3840,.F.);
#5052=ORIENTED_EDGE('',*,*,#3841,.T.);
#5053=ORIENTED_EDGE('',*,*,#3842,.T.);
#5054=ORIENTED_EDGE('',*,*,#3639,.T.);
#5055=ORIENTED_EDGE('',*,*,#3659,.T.);
#5056=ORIENTED_EDGE('',*,*,#3808,.T.);
#5057=ORIENTED_EDGE('',*,*,#3843,.F.);
#5058=ORIENTED_EDGE('',*,*,#3844,.F.);
#5059=ORIENTED_EDGE('',*,*,#3845,.F.);
#5060=ORIENTED_EDGE('',*,*,#3807,.T.);
#5061=ORIENTED_EDGE('',*,*,#3824,.T.);
#5062=ORIENTED_EDGE('',*,*,#3846,.T.);
#5063=ORIENTED_EDGE('',*,*,#3847,.F.);
#5064=ORIENTED_EDGE('',*,*,#3848,.T.);
#5065=ORIENTED_EDGE('',*,*,#3843,.T.);
#5066=ORIENTED_EDGE('',*,*,#3826,.T.);
#5067=ORIENTED_EDGE('',*,*,#3849,.F.);
#5068=ORIENTED_EDGE('',*,*,#3850,.F.);
#5069=ORIENTED_EDGE('',*,*,#3851,.F.);
#5070=ORIENTED_EDGE('',*,*,#3846,.F.);
#5071=ORIENTED_EDGE('',*,*,#3825,.T.);
#5072=ORIENTED_EDGE('',*,*,#3805,.T.);
#5073=ORIENTED_EDGE('',*,*,#3852,.T.);
#5074=ORIENTED_EDGE('',*,*,#3853,.T.);
#5075=ORIENTED_EDGE('',*,*,#3849,.T.);
#5076=ORIENTED_EDGE('',*,*,#3804,.T.);
#5077=ORIENTED_EDGE('',*,*,#3608,.T.);
#5078=ORIENTED_EDGE('',*,*,#3854,.F.);
#5079=ORIENTED_EDGE('',*,*,#3855,.F.);
#5080=ORIENTED_EDGE('',*,*,#3856,.T.);
#5081=ORIENTED_EDGE('',*,*,#3852,.F.);
#5082=ORIENTED_EDGE('',*,*,#3799,.T.);
#5083=ORIENTED_EDGE('',*,*,#3625,.T.);
#5084=ORIENTED_EDGE('',*,*,#3795,.T.);
#5085=ORIENTED_EDGE('',*,*,#3798,.F.);
#5086=ORIENTED_EDGE('',*,*,#3857,.T.);
#5087=ORIENTED_EDGE('',*,*,#3653,.T.);
#5088=ORIENTED_EDGE('',*,*,#3777,.T.);
#5089=ORIENTED_EDGE('',*,*,#3858,.F.);
#5090=ORIENTED_EDGE('',*,*,#3859,.T.);
#5091=ORIENTED_EDGE('',*,*,#3860,.F.);
#5092=ORIENTED_EDGE('',*,*,#3861,.F.);
#5093=ORIENTED_EDGE('',*,*,#3862,.F.);
#5094=ORIENTED_EDGE('',*,*,#3741,.F.);
#5095=ORIENTED_EDGE('',*,*,#3863,.T.);
#5096=ORIENTED_EDGE('',*,*,#3864,.T.);
#5097=ORIENTED_EDGE('',*,*,#3865,.F.);
#5098=ORIENTED_EDGE('',*,*,#3866,.T.);
#5099=ORIENTED_EDGE('',*,*,#3858,.T.);
#5100=ORIENTED_EDGE('',*,*,#3787,.T.);
#5101=ORIENTED_EDGE('',*,*,#3810,.T.);
#5102=ORIENTED_EDGE('',*,*,#3867,.T.);
#5103=ORIENTED_EDGE('',*,*,#3868,.T.);
#5104=ORIENTED_EDGE('',*,*,#3869,.F.);
#5105=ORIENTED_EDGE('',*,*,#3865,.T.);
#5106=ORIENTED_EDGE('',*,*,#3870,.T.);
#5107=ORIENTED_EDGE('',*,*,#3809,.T.);
#5108=ORIENTED_EDGE('',*,*,#3657,.T.);
#5109=ORIENTED_EDGE('',*,*,#3871,.F.);
#5110=ORIENTED_EDGE('',*,*,#3737,.F.);
#5111=ORIENTED_EDGE('',*,*,#3872,.T.);
#5112=ORIENTED_EDGE('',*,*,#3873,.T.);
#5113=ORIENTED_EDGE('',*,*,#3874,.T.);
#5114=ORIENTED_EDGE('',*,*,#3875,.F.);
#5115=ORIENTED_EDGE('',*,*,#3876,.F.);
#5116=ORIENTED_EDGE('',*,*,#3877,.T.);
#5117=ORIENTED_EDGE('',*,*,#3878,.F.);
#5118=ORIENTED_EDGE('',*,*,#3879,.F.);
#5119=ORIENTED_EDGE('',*,*,#3868,.F.);
#5120=ORIENTED_EDGE('',*,*,#3867,.F.);
#5121=ORIENTED_EDGE('',*,*,#3828,.T.);
#5122=ORIENTED_EDGE('',*,*,#3880,.T.);
#5123=ORIENTED_EDGE('',*,*,#3881,.T.);
#5124=ORIENTED_EDGE('',*,*,#3882,.T.);
#5125=ORIENTED_EDGE('',*,*,#3664,.T.);
#5126=ORIENTED_EDGE('',*,*,#3883,.F.);
#5127=ORIENTED_EDGE('',*,*,#3725,.T.);
#5128=ORIENTED_EDGE('',*,*,#3884,.T.);
#5129=ORIENTED_EDGE('',*,*,#3693,.T.);
#5130=ORIENTED_EDGE('',*,*,#3885,.T.);
#5131=ORIENTED_EDGE('',*,*,#3886,.F.);
#5132=ORIENTED_EDGE('',*,*,#3822,.T.);
#5133=ORIENTED_EDGE('',*,*,#3784,.F.);
#5134=ORIENTED_EDGE('',*,*,#3790,.T.);
#5135=ORIENTED_EDGE('',*,*,#3829,.T.);
#5136=ORIENTED_EDGE('',*,*,#3882,.F.);
#5137=ORIENTED_EDGE('',*,*,#3887,.F.);
#5138=ORIENTED_EDGE('',*,*,#3628,.T.);
#5139=ORIENTED_EDGE('',*,*,#3827,.T.);
#5140=ORIENTED_EDGE('',*,*,#3650,.T.);
#5141=ORIENTED_EDGE('',*,*,#3888,.F.);
#5142=ORIENTED_EDGE('',*,*,#3889,.T.);
#5143=ORIENTED_EDGE('',*,*,#3880,.F.);
#5144=ORIENTED_EDGE('',*,*,#3649,.T.);
#5145=ORIENTED_EDGE('',*,*,#3890,.T.);
#5146=ORIENTED_EDGE('',*,*,#3888,.T.);
#5147=ORIENTED_EDGE('',*,*,#3648,.T.);
#5148=ORIENTED_EDGE('',*,*,#3629,.T.);
#5149=ORIENTED_EDGE('',*,*,#3887,.T.);
#5150=ORIENTED_EDGE('',*,*,#3881,.F.);
#5151=ORIENTED_EDGE('',*,*,#3889,.F.);
#5152=ORIENTED_EDGE('',*,*,#3890,.F.);
#5153=ORIENTED_EDGE('',*,*,#3800,.T.);
#5154=ORIENTED_EDGE('',*,*,#3857,.F.);
#5155=ORIENTED_EDGE('',*,*,#3797,.F.);
#5156=ORIENTED_EDGE('',*,*,#3891,.T.);
#5157=ORIENTED_EDGE('',*,*,#3850,.T.);
#5158=ORIENTED_EDGE('',*,*,#3853,.F.);
#5159=ORIENTED_EDGE('',*,*,#3892,.T.);
#5160=ORIENTED_EDGE('',*,*,#3893,.T.);
#5161=ORIENTED_EDGE('',*,*,#3712,.T.);
#5162=ORIENTED_EDGE('',*,*,#3894,.T.);
#5163=ORIENTED_EDGE('',*,*,#3895,.T.);
#5164=ORIENTED_EDGE('',*,*,#3607,.T.);
#5165=ORIENTED_EDGE('',*,*,#3896,.F.);
#5166=ORIENTED_EDGE('',*,*,#3897,.T.);
#5167=ORIENTED_EDGE('',*,*,#3898,.T.);
#5168=ORIENTED_EDGE('',*,*,#3899,.F.);
#5169=ORIENTED_EDGE('',*,*,#3900,.T.);
#5170=ORIENTED_EDGE('',*,*,#3854,.T.);
#5171=ORIENTED_EDGE('',*,*,#3901,.F.);
#5172=ORIENTED_EDGE('',*,*,#3902,.F.);
#5173=ORIENTED_EDGE('',*,*,#3903,.F.);
#5174=ORIENTED_EDGE('',*,*,#3904,.F.);
#5175=ORIENTED_EDGE('',*,*,#3905,.F.);
#5176=ORIENTED_EDGE('',*,*,#3906,.T.);
#5177=ORIENTED_EDGE('',*,*,#3907,.F.);
#5178=ORIENTED_EDGE('',*,*,#3908,.F.);
#5179=ORIENTED_EDGE('',*,*,#3909,.F.);
#5180=ORIENTED_EDGE('',*,*,#3910,.F.);
#5181=ORIENTED_EDGE('',*,*,#3911,.F.);
#5182=ORIENTED_EDGE('',*,*,#3912,.F.);
#5183=ORIENTED_EDGE('',*,*,#3913,.F.);
#5184=ORIENTED_EDGE('',*,*,#3914,.F.);
#5185=ORIENTED_EDGE('',*,*,#3915,.F.);
#5186=ORIENTED_EDGE('',*,*,#3916,.F.);
#5187=ORIENTED_EDGE('',*,*,#3917,.F.);
#5188=ORIENTED_EDGE('',*,*,#3892,.F.);
#5189=ORIENTED_EDGE('',*,*,#3856,.F.);
#5190=ORIENTED_EDGE('',*,*,#3918,.F.);
#5191=ORIENTED_EDGE('',*,*,#3919,.F.);
#5192=ORIENTED_EDGE('',*,*,#3920,.F.);
#5193=ORIENTED_EDGE('',*,*,#3921,.F.);
#5194=ORIENTED_EDGE('',*,*,#3922,.F.);
#5195=ORIENTED_EDGE('',*,*,#3923,.F.);
#5196=ORIENTED_EDGE('',*,*,#3924,.F.);
#5197=ORIENTED_EDGE('',*,*,#3905,.T.);
#5198=ORIENTED_EDGE('',*,*,#3904,.T.);
#5199=ORIENTED_EDGE('',*,*,#3903,.T.);
#5200=ORIENTED_EDGE('',*,*,#3902,.T.);
#5201=ORIENTED_EDGE('',*,*,#3901,.T.);
#5202=ORIENTED_EDGE('',*,*,#3924,.T.);
#5203=ORIENTED_EDGE('',*,*,#3925,.T.);
#5204=ORIENTED_EDGE('',*,*,#3922,.T.);
#5205=ORIENTED_EDGE('',*,*,#3926,.T.);
#5206=ORIENTED_EDGE('',*,*,#3920,.T.);
#5207=ORIENTED_EDGE('',*,*,#3919,.T.);
#5208=ORIENTED_EDGE('',*,*,#3927,.T.);
#5209=ORIENTED_EDGE('',*,*,#3928,.T.);
#5210=ORIENTED_EDGE('',*,*,#3929,.T.);
#5211=ORIENTED_EDGE('',*,*,#3930,.F.);
#5212=ORIENTED_EDGE('',*,*,#3931,.F.);
#5213=ORIENTED_EDGE('',*,*,#3929,.F.);
#5214=ORIENTED_EDGE('',*,*,#3928,.F.);
#5215=ORIENTED_EDGE('',*,*,#3932,.T.);
#5216=ORIENTED_EDGE('',*,*,#3933,.F.);
#5217=ORIENTED_EDGE('',*,*,#3934,.F.);
#5218=ORIENTED_EDGE('',*,*,#3935,.T.);
#5219=ORIENTED_EDGE('',*,*,#3936,.T.);
#5220=ORIENTED_EDGE('',*,*,#3937,.T.);
#5221=ORIENTED_EDGE('',*,*,#3938,.T.);
#5222=ORIENTED_EDGE('',*,*,#3939,.F.);
#5223=ORIENTED_EDGE('',*,*,#3940,.F.);
#5224=ORIENTED_EDGE('',*,*,#3941,.F.);
#5225=ORIENTED_EDGE('',*,*,#3930,.T.);
#5226=ORIENTED_EDGE('',*,*,#3940,.T.);
#5227=ORIENTED_EDGE('',*,*,#3939,.T.);
#5228=ORIENTED_EDGE('',*,*,#3942,.T.);
#5229=ORIENTED_EDGE('',*,*,#3943,.F.);
#5230=ORIENTED_EDGE('',*,*,#3944,.F.);
#5231=ORIENTED_EDGE('',*,*,#3945,.F.);
#5232=ORIENTED_EDGE('',*,*,#3946,.F.);
#5233=ORIENTED_EDGE('',*,*,#3931,.T.);
#5234=ORIENTED_EDGE('',*,*,#3941,.T.);
#5235=ORIENTED_EDGE('',*,*,#3947,.F.);
#5236=ORIENTED_EDGE('',*,*,#3948,.T.);
#5237=ORIENTED_EDGE('',*,*,#3949,.F.);
#5238=ORIENTED_EDGE('',*,*,#3950,.F.);
#5239=ORIENTED_EDGE('',*,*,#3945,.T.);
#5240=ORIENTED_EDGE('',*,*,#3951,.F.);
#5241=ORIENTED_EDGE('',*,*,#3952,.T.);
#5242=ORIENTED_EDGE('',*,*,#3953,.T.);
#5243=ORIENTED_EDGE('',*,*,#3954,.F.);
#5244=ORIENTED_EDGE('',*,*,#3955,.F.);
#5245=ORIENTED_EDGE('',*,*,#3956,.F.);
#5246=ORIENTED_EDGE('',*,*,#3957,.F.);
#5247=ORIENTED_EDGE('',*,*,#3958,.T.);
#5248=ORIENTED_EDGE('',*,*,#3959,.F.);
#5249=ORIENTED_EDGE('',*,*,#3960,.T.);
#5250=ORIENTED_EDGE('',*,*,#3951,.T.);
#5251=ORIENTED_EDGE('',*,*,#3961,.T.);
#5252=ORIENTED_EDGE('',*,*,#3962,.F.);
#5253=ORIENTED_EDGE('',*,*,#3963,.T.);
#5254=ORIENTED_EDGE('',*,*,#3964,.T.);
#5255=ORIENTED_EDGE('',*,*,#3965,.T.);
#5256=ORIENTED_EDGE('',*,*,#3959,.T.);
#5257=ORIENTED_EDGE('',*,*,#3966,.F.);
#5258=ORIENTED_EDGE('',*,*,#3967,.T.);
#5259=ORIENTED_EDGE('',*,*,#3968,.F.);
#5260=ORIENTED_EDGE('',*,*,#3894,.F.);
#5261=ORIENTED_EDGE('',*,*,#3711,.F.);
#5262=ORIENTED_EDGE('',*,*,#3969,.T.);
#5263=ORIENTED_EDGE('',*,*,#3970,.F.);
#5264=ORIENTED_EDGE('',*,*,#3971,.F.);
#5265=ORIENTED_EDGE('',*,*,#3972,.T.);
#5266=ORIENTED_EDGE('',*,*,#3821,.F.);
#5267=ORIENTED_EDGE('',*,*,#3973,.T.);
#5268=ORIENTED_EDGE('',*,*,#3974,.T.);
#5269=ORIENTED_EDGE('',*,*,#3812,.T.);
#5270=ORIENTED_EDGE('',*,*,#3691,.F.);
#5271=ORIENTED_EDGE('',*,*,#3813,.T.);
#5272=ORIENTED_EDGE('',*,*,#3974,.F.);
#5273=ORIENTED_EDGE('',*,*,#3975,.T.);
#5274=ORIENTED_EDGE('',*,*,#3975,.F.);
#5275=ORIENTED_EDGE('',*,*,#3976,.T.);
#5276=ORIENTED_EDGE('',*,*,#3885,.F.);
#5277=ORIENTED_EDGE('',*,*,#3692,.T.);
#5278=ORIENTED_EDGE('',*,*,#3973,.F.);
#5279=ORIENTED_EDGE('',*,*,#3823,.T.);
#5280=ORIENTED_EDGE('',*,*,#3886,.T.);
#5281=ORIENTED_EDGE('',*,*,#3976,.F.);
#5282=ORIENTED_EDGE('',*,*,#3977,.T.);
#5283=ORIENTED_EDGE('',*,*,#3978,.T.);
#5284=ORIENTED_EDGE('',*,*,#3979,.T.);
#5285=ORIENTED_EDGE('',*,*,#3878,.T.);
#5286=ORIENTED_EDGE('',*,*,#3869,.T.);
#5287=ORIENTED_EDGE('',*,*,#3879,.T.);
#5288=ORIENTED_EDGE('',*,*,#3979,.F.);
#5289=ORIENTED_EDGE('',*,*,#3980,.T.);
#5290=ORIENTED_EDGE('',*,*,#3980,.F.);
#5291=ORIENTED_EDGE('',*,*,#3981,.T.);
#5292=ORIENTED_EDGE('',*,*,#3859,.F.);
#5293=ORIENTED_EDGE('',*,*,#3866,.F.);
#5294=ORIENTED_EDGE('',*,*,#3978,.F.);
#5295=ORIENTED_EDGE('',*,*,#3982,.F.);
#5296=ORIENTED_EDGE('',*,*,#3860,.T.);
#5297=ORIENTED_EDGE('',*,*,#3981,.F.);
#5298=ORIENTED_EDGE('',*,*,#3983,.F.);
#5299=ORIENTED_EDGE('',*,*,#3984,.T.);
#5300=ORIENTED_EDGE('',*,*,#3716,.T.);
#5301=ORIENTED_EDGE('',*,*,#3985,.T.);
#5302=ORIENTED_EDGE('',*,*,#3986,.F.);
#5303=ORIENTED_EDGE('',*,*,#3987,.T.);
#5304=ORIENTED_EDGE('',*,*,#3751,.T.);
#5305=ORIENTED_EDGE('',*,*,#3988,.T.);
#5306=ORIENTED_EDGE('',*,*,#3989,.F.);
#5307=ORIENTED_EDGE('',*,*,#3707,.T.);
#5308=ORIENTED_EDGE('',*,*,#3722,.T.);
#5309=ORIENTED_EDGE('',*,*,#3990,.T.);
#5310=ORIENTED_EDGE('',*,*,#3991,.T.);
#5311=ORIENTED_EDGE('',*,*,#3681,.T.);
#5312=ORIENTED_EDGE('',*,*,#3708,.F.);
#5313=ORIENTED_EDGE('',*,*,#3989,.T.);
#5314=ORIENTED_EDGE('',*,*,#3701,.T.);
#5315=ORIENTED_EDGE('',*,*,#3676,.F.);
#5316=ORIENTED_EDGE('',*,*,#3992,.F.);
#5317=ORIENTED_EDGE('',*,*,#3993,.T.);
#5318=ORIENTED_EDGE('',*,*,#3745,.T.);
#5319=ORIENTED_EDGE('',*,*,#3673,.T.);
#5320=ORIENTED_EDGE('',*,*,#3994,.F.);
#5321=ORIENTED_EDGE('',*,*,#3995,.T.);
#5322=ORIENTED_EDGE('',*,*,#3996,.F.);
#5323=ORIENTED_EDGE('',*,*,#3997,.F.);
#5324=ORIENTED_EDGE('',*,*,#3998,.F.);
#5325=ORIENTED_EDGE('',*,*,#3995,.F.);
#5326=ORIENTED_EDGE('',*,*,#3999,.F.);
#5327=ORIENTED_EDGE('',*,*,#4000,.F.);
#5328=ORIENTED_EDGE('',*,*,#3998,.T.);
#5329=ORIENTED_EDGE('',*,*,#4001,.F.);
#5330=ORIENTED_EDGE('',*,*,#4002,.F.);
#5331=ORIENTED_EDGE('',*,*,#4003,.F.);
#5332=ORIENTED_EDGE('',*,*,#4000,.T.);
#5333=ORIENTED_EDGE('',*,*,#4004,.F.);
#5334=ORIENTED_EDGE('',*,*,#4005,.F.);
#5335=ORIENTED_EDGE('',*,*,#4006,.T.);
#5336=ORIENTED_EDGE('',*,*,#4002,.T.);
#5337=ORIENTED_EDGE('',*,*,#4007,.F.);
#5338=ORIENTED_EDGE('',*,*,#4008,.F.);
#5339=ORIENTED_EDGE('',*,*,#4005,.T.);
#5340=ORIENTED_EDGE('',*,*,#4009,.F.);
#5341=ORIENTED_EDGE('',*,*,#4010,.F.);
#5342=ORIENTED_EDGE('',*,*,#4008,.T.);
#5343=ORIENTED_EDGE('',*,*,#4011,.F.);
#5344=ORIENTED_EDGE('',*,*,#4012,.F.);
#5345=ORIENTED_EDGE('',*,*,#4010,.T.);
#5346=ORIENTED_EDGE('',*,*,#4013,.T.);
#5347=ORIENTED_EDGE('',*,*,#4014,.T.);
#5348=ORIENTED_EDGE('',*,*,#4015,.T.);
#5349=ORIENTED_EDGE('',*,*,#4016,.F.);
#5350=ORIENTED_EDGE('',*,*,#4017,.F.);
#5351=ORIENTED_EDGE('',*,*,#4018,.F.);
#5352=ORIENTED_EDGE('',*,*,#4015,.F.);
#5353=ORIENTED_EDGE('',*,*,#4019,.T.);
#5354=ORIENTED_EDGE('',*,*,#4020,.F.);
#5355=ORIENTED_EDGE('',*,*,#4021,.F.);
#5356=ORIENTED_EDGE('',*,*,#4022,.F.);
#5357=ORIENTED_EDGE('',*,*,#4023,.F.);
#5358=ORIENTED_EDGE('',*,*,#4024,.F.);
#5359=ORIENTED_EDGE('',*,*,#4021,.T.);
#5360=ORIENTED_EDGE('',*,*,#4025,.F.);
#5361=ORIENTED_EDGE('',*,*,#4026,.T.);
#5362=ORIENTED_EDGE('',*,*,#4024,.T.);
#5363=ORIENTED_EDGE('',*,*,#4027,.F.);
#5364=ORIENTED_EDGE('',*,*,#4028,.F.);
#5365=ORIENTED_EDGE('',*,*,#4029,.T.);
#5366=ORIENTED_EDGE('',*,*,#4026,.F.);
#5367=ORIENTED_EDGE('',*,*,#4030,.F.);
#5368=ORIENTED_EDGE('',*,*,#4031,.F.);
#5369=ORIENTED_EDGE('',*,*,#4028,.T.);
#5370=ORIENTED_EDGE('',*,*,#4032,.F.);
#5371=ORIENTED_EDGE('',*,*,#4033,.T.);
#5372=ORIENTED_EDGE('',*,*,#4031,.T.);
#5373=ORIENTED_EDGE('',*,*,#4034,.F.);
#5374=ORIENTED_EDGE('',*,*,#4035,.T.);
#5375=ORIENTED_EDGE('',*,*,#4036,.F.);
#5376=ORIENTED_EDGE('',*,*,#4033,.F.);
#5377=ORIENTED_EDGE('',*,*,#4037,.F.);
#5378=ORIENTED_EDGE('',*,*,#4038,.T.);
#5379=ORIENTED_EDGE('',*,*,#4035,.F.);
#5380=ORIENTED_EDGE('',*,*,#4039,.F.);
#5381=ORIENTED_EDGE('',*,*,#4040,.T.);
#5382=ORIENTED_EDGE('',*,*,#4038,.F.);
#5383=ORIENTED_EDGE('',*,*,#4041,.F.);
#5384=ORIENTED_EDGE('',*,*,#4042,.T.);
#5385=ORIENTED_EDGE('',*,*,#4043,.T.);
#5386=ORIENTED_EDGE('',*,*,#4040,.F.);
#5387=ORIENTED_EDGE('',*,*,#4044,.F.);
#5388=ORIENTED_EDGE('',*,*,#4045,.T.);
#5389=ORIENTED_EDGE('',*,*,#4042,.F.);
#5390=ORIENTED_EDGE('',*,*,#4046,.F.);
#5391=ORIENTED_EDGE('',*,*,#4047,.F.);
#5392=ORIENTED_EDGE('',*,*,#4048,.F.);
#5393=ORIENTED_EDGE('',*,*,#4049,.T.);
#5394=ORIENTED_EDGE('',*,*,#4050,.F.);
#5395=ORIENTED_EDGE('',*,*,#4045,.F.);
#5396=ORIENTED_EDGE('',*,*,#4051,.T.);
#5397=ORIENTED_EDGE('',*,*,#4052,.T.);
#5398=ORIENTED_EDGE('',*,*,#4053,.T.);
#5399=ORIENTED_EDGE('',*,*,#4054,.T.);
#5400=ORIENTED_EDGE('',*,*,#4047,.T.);
#5401=ORIENTED_EDGE('',*,*,#4055,.T.);
#5402=ORIENTED_EDGE('',*,*,#4051,.F.);
#5403=ORIENTED_EDGE('',*,*,#4056,.T.);
#5404=ORIENTED_EDGE('',*,*,#4057,.T.);
#5405=ORIENTED_EDGE('',*,*,#4058,.F.);
#5406=ORIENTED_EDGE('',*,*,#4059,.T.);
#5407=ORIENTED_EDGE('',*,*,#3730,.T.);
#5408=ORIENTED_EDGE('',*,*,#3818,.T.);
#5409=ORIENTED_EDGE('',*,*,#4060,.T.);
#5410=ORIENTED_EDGE('',*,*,#4061,.F.);
#5411=ORIENTED_EDGE('',*,*,#4062,.F.);
#5412=ORIENTED_EDGE('',*,*,#3731,.T.);
#5413=ORIENTED_EDGE('',*,*,#4059,.F.);
#5414=ORIENTED_EDGE('',*,*,#3732,.T.);
#5415=ORIENTED_EDGE('',*,*,#4062,.T.);
#5416=ORIENTED_EDGE('',*,*,#4063,.T.);
#5417=ORIENTED_EDGE('',*,*,#4064,.F.);
#5418=ORIENTED_EDGE('',*,*,#4065,.F.);
#5419=ORIENTED_EDGE('',*,*,#4066,.F.);
#5420=ORIENTED_EDGE('',*,*,#4067,.F.);
#5421=ORIENTED_EDGE('',*,*,#4068,.F.);
#5422=ORIENTED_EDGE('',*,*,#4069,.F.);
#5423=ORIENTED_EDGE('',*,*,#4070,.F.);
#5424=ORIENTED_EDGE('',*,*,#4071,.F.);
#5425=ORIENTED_EDGE('',*,*,#4072,.F.);
#5426=ORIENTED_EDGE('',*,*,#4073,.F.);
#5427=ORIENTED_EDGE('',*,*,#4074,.F.);
#5428=ORIENTED_EDGE('',*,*,#4075,.F.);
#5429=ORIENTED_EDGE('',*,*,#4073,.T.);
#5430=ORIENTED_EDGE('',*,*,#4076,.F.);
#5431=ORIENTED_EDGE('',*,*,#4077,.F.);
#5432=ORIENTED_EDGE('',*,*,#4078,.F.);
#5433=ORIENTED_EDGE('',*,*,#4079,.F.);
#5434=ORIENTED_EDGE('',*,*,#4074,.T.);
#5435=ORIENTED_EDGE('',*,*,#4080,.T.);
#5436=ORIENTED_EDGE('',*,*,#4081,.F.);
#5437=ORIENTED_EDGE('',*,*,#4077,.T.);
#5438=ORIENTED_EDGE('',*,*,#4082,.T.);
#5439=ORIENTED_EDGE('',*,*,#4083,.T.);
#5440=ORIENTED_EDGE('',*,*,#4084,.F.);
#5441=ORIENTED_EDGE('',*,*,#4085,.F.);
#5442=ORIENTED_EDGE('',*,*,#4086,.F.);
#5443=ORIENTED_EDGE('',*,*,#4087,.T.);
#5444=ORIENTED_EDGE('',*,*,#4088,.T.);
#5445=ORIENTED_EDGE('',*,*,#4089,.T.);
#5446=ORIENTED_EDGE('',*,*,#4090,.T.);
#5447=ORIENTED_EDGE('',*,*,#4091,.F.);
#5448=ORIENTED_EDGE('',*,*,#4092,.F.);
#5449=ORIENTED_EDGE('',*,*,#4093,.T.);
#5450=ORIENTED_EDGE('',*,*,#4094,.F.);
#5451=ORIENTED_EDGE('',*,*,#4088,.F.);
#5452=ORIENTED_EDGE('',*,*,#4095,.T.);
#5453=ORIENTED_EDGE('',*,*,#4096,.T.);
#5454=ORIENTED_EDGE('',*,*,#4097,.T.);
#5455=ORIENTED_EDGE('',*,*,#4098,.F.);
#5456=ORIENTED_EDGE('',*,*,#4099,.T.);
#5457=ORIENTED_EDGE('',*,*,#4100,.T.);
#5458=ORIENTED_EDGE('',*,*,#4101,.T.);
#5459=ORIENTED_EDGE('',*,*,#4102,.T.);
#5460=ORIENTED_EDGE('',*,*,#4103,.F.);
#5461=ORIENTED_EDGE('',*,*,#4104,.F.);
#5462=ORIENTED_EDGE('',*,*,#4105,.T.);
#5463=ORIENTED_EDGE('',*,*,#4106,.T.);
#5464=ORIENTED_EDGE('',*,*,#4102,.F.);
#5465=ORIENTED_EDGE('',*,*,#4107,.F.);
#5466=ORIENTED_EDGE('',*,*,#4108,.F.);
#5467=ORIENTED_EDGE('',*,*,#4109,.T.);
#5468=ORIENTED_EDGE('',*,*,#4110,.F.);
#5469=ORIENTED_EDGE('',*,*,#4105,.F.);
#5470=ORIENTED_EDGE('',*,*,#4111,.T.);
#5471=ORIENTED_EDGE('',*,*,#4112,.T.);
#5472=ORIENTED_EDGE('',*,*,#4109,.F.);
#5473=ORIENTED_EDGE('',*,*,#4113,.T.);
#5474=ORIENTED_EDGE('',*,*,#4111,.F.);
#5475=ORIENTED_EDGE('',*,*,#4114,.F.);
#5476=ORIENTED_EDGE('',*,*,#4115,.T.);
#5477=ORIENTED_EDGE('',*,*,#4116,.T.);
#5478=ORIENTED_EDGE('',*,*,#4117,.T.);
#5479=ORIENTED_EDGE('',*,*,#4118,.T.);
#5480=ORIENTED_EDGE('',*,*,#4119,.T.);
#5481=ORIENTED_EDGE('',*,*,#4115,.F.);
#5482=ORIENTED_EDGE('',*,*,#4120,.T.);
#5483=ORIENTED_EDGE('',*,*,#4118,.F.);
#5484=ORIENTED_EDGE('',*,*,#4121,.F.);
#5485=ORIENTED_EDGE('',*,*,#4122,.T.);
#5486=ORIENTED_EDGE('',*,*,#4123,.T.);
#5487=ORIENTED_EDGE('',*,*,#4124,.T.);
#5488=ORIENTED_EDGE('',*,*,#4122,.F.);
#5489=ORIENTED_EDGE('',*,*,#4125,.F.);
#5490=ORIENTED_EDGE('',*,*,#4126,.T.);
#5491=ORIENTED_EDGE('',*,*,#4127,.T.);
#5492=ORIENTED_EDGE('',*,*,#4123,.F.);
#5493=ORIENTED_EDGE('',*,*,#4128,.T.);
#5494=ORIENTED_EDGE('',*,*,#4129,.T.);
#5495=ORIENTED_EDGE('',*,*,#4130,.F.);
#5496=ORIENTED_EDGE('',*,*,#4126,.F.);
#5497=ORIENTED_EDGE('',*,*,#4131,.F.);
#5498=ORIENTED_EDGE('',*,*,#4132,.F.);
#5499=ORIENTED_EDGE('',*,*,#4133,.T.);
#5500=ORIENTED_EDGE('',*,*,#3996,.T.);
#5501=ORIENTED_EDGE('',*,*,#4134,.T.);
#5502=ORIENTED_EDGE('',*,*,#4012,.T.);
#5503=ORIENTED_EDGE('',*,*,#4013,.F.);
#5504=ORIENTED_EDGE('',*,*,#4135,.F.);
#5505=ORIENTED_EDGE('',*,*,#4017,.T.);
#5506=ORIENTED_EDGE('',*,*,#4022,.T.);
#5507=ORIENTED_EDGE('',*,*,#4136,.T.);
#5508=ORIENTED_EDGE('',*,*,#4137,.F.);
#5509=ORIENTED_EDGE('',*,*,#4049,.F.);
#5510=ORIENTED_EDGE('',*,*,#4054,.F.);
#5511=ORIENTED_EDGE('',*,*,#4138,.F.);
#5512=ORIENTED_EDGE('',*,*,#4048,.T.);
#5513=ORIENTED_EDGE('',*,*,#4053,.F.);
#5514=ORIENTED_EDGE('',*,*,#4139,.T.);
#5515=ORIENTED_EDGE('',*,*,#4138,.T.);
#5516=ORIENTED_EDGE('',*,*,#4140,.F.);
#5517=ORIENTED_EDGE('',*,*,#4141,.F.);
#5518=ORIENTED_EDGE('',*,*,#4142,.F.);
#5519=ORIENTED_EDGE('',*,*,#4139,.F.);
#5520=ORIENTED_EDGE('',*,*,#4052,.F.);
#5521=ORIENTED_EDGE('',*,*,#4058,.T.);
#5522=ORIENTED_EDGE('',*,*,#4143,.T.);
#5523=ORIENTED_EDGE('',*,*,#4144,.T.);
#5524=ORIENTED_EDGE('',*,*,#4145,.F.);
#5525=ORIENTED_EDGE('',*,*,#4146,.F.);
#5526=ORIENTED_EDGE('',*,*,#4147,.T.);
#5527=ORIENTED_EDGE('',*,*,#4148,.T.);
#5528=ORIENTED_EDGE('',*,*,#4149,.T.);
#5529=ORIENTED_EDGE('',*,*,#4150,.T.);
#5530=ORIENTED_EDGE('',*,*,#4151,.F.);
#5531=ORIENTED_EDGE('',*,*,#4140,.T.);
#5532=ORIENTED_EDGE('',*,*,#4152,.T.);
#5533=ORIENTED_EDGE('',*,*,#4153,.F.);
#5534=ORIENTED_EDGE('',*,*,#4089,.F.);
#5535=ORIENTED_EDGE('',*,*,#4097,.F.);
#5536=ORIENTED_EDGE('',*,*,#4154,.F.);
#5537=ORIENTED_EDGE('',*,*,#4155,.F.);
#5538=ORIENTED_EDGE('',*,*,#4153,.T.);
#5539=ORIENTED_EDGE('',*,*,#4156,.T.);
#5540=ORIENTED_EDGE('',*,*,#4157,.F.);
#5541=ORIENTED_EDGE('',*,*,#4158,.T.);
#5542=ORIENTED_EDGE('',*,*,#4159,.F.);
#5543=ORIENTED_EDGE('',*,*,#4160,.T.);
#5544=ORIENTED_EDGE('',*,*,#4161,.F.);
#5545=ORIENTED_EDGE('',*,*,#4162,.F.);
#5546=ORIENTED_EDGE('',*,*,#4163,.F.);
#5547=ORIENTED_EDGE('',*,*,#4164,.T.);
#5548=ORIENTED_EDGE('',*,*,#4165,.T.);
#5549=ORIENTED_EDGE('',*,*,#4166,.F.);
#5550=ORIENTED_EDGE('',*,*,#4158,.F.);
#5551=ORIENTED_EDGE('',*,*,#4167,.F.);
#5552=ORIENTED_EDGE('',*,*,#4168,.F.);
#5553=ORIENTED_EDGE('',*,*,#4169,.T.);
#5554=ORIENTED_EDGE('',*,*,#4170,.T.);
#5555=ORIENTED_EDGE('',*,*,#4171,.F.);
#5556=ORIENTED_EDGE('',*,*,#4172,.F.);
#5557=ORIENTED_EDGE('',*,*,#4173,.T.);
#5558=ORIENTED_EDGE('',*,*,#4174,.F.);
#5559=ORIENTED_EDGE('',*,*,#4170,.F.);
#5560=ORIENTED_EDGE('',*,*,#4175,.F.);
#5561=ORIENTED_EDGE('',*,*,#4176,.F.);
#5562=ORIENTED_EDGE('',*,*,#4177,.F.);
#5563=ORIENTED_EDGE('',*,*,#4178,.F.);
#5564=ORIENTED_EDGE('',*,*,#3687,.T.);
#5565=ORIENTED_EDGE('',*,*,#3705,.T.);
#5566=ORIENTED_EDGE('',*,*,#4179,.F.);
#5567=ORIENTED_EDGE('',*,*,#4180,.F.);
#5568=ORIENTED_EDGE('',*,*,#3815,.F.);
#5569=ORIENTED_EDGE('',*,*,#4181,.F.);
#5570=ORIENTED_EDGE('',*,*,#3723,.T.);
#5571=ORIENTED_EDGE('',*,*,#3684,.T.);
#5572=ORIENTED_EDGE('',*,*,#3695,.F.);
#5573=ORIENTED_EDGE('',*,*,#4182,.T.);
#5574=ORIENTED_EDGE('',*,*,#4183,.F.);
#5575=ORIENTED_EDGE('',*,*,#4184,.F.);
#5576=ORIENTED_EDGE('',*,*,#4185,.T.);
#5577=ORIENTED_EDGE('',*,*,#4186,.T.);
#5578=ORIENTED_EDGE('',*,*,#4187,.F.);
#5579=ORIENTED_EDGE('',*,*,#3713,.T.);
#5580=ORIENTED_EDGE('',*,*,#3893,.F.);
#5581=ORIENTED_EDGE('',*,*,#4188,.T.);
#5582=ORIENTED_EDGE('',*,*,#4078,.T.);
#5583=ORIENTED_EDGE('',*,*,#4081,.T.);
#5584=ORIENTED_EDGE('',*,*,#4086,.T.);
#5585=ORIENTED_EDGE('',*,*,#4085,.T.);
#5586=ORIENTED_EDGE('',*,*,#4189,.F.);
#5587=ORIENTED_EDGE('',*,*,#4190,.F.);
#5588=ORIENTED_EDGE('',*,*,#4191,.F.);
#5589=ORIENTED_EDGE('',*,*,#4192,.F.);
#5590=ORIENTED_EDGE('',*,*,#4193,.T.);
#5591=ORIENTED_EDGE('',*,*,#4194,.T.);
#5592=ORIENTED_EDGE('',*,*,#4195,.F.);
#5593=ORIENTED_EDGE('',*,*,#4196,.T.);
#5594=ORIENTED_EDGE('',*,*,#4197,.F.);
#5595=ORIENTED_EDGE('',*,*,#4198,.F.);
#5596=ORIENTED_EDGE('',*,*,#4199,.F.);
#5597=ORIENTED_EDGE('',*,*,#4200,.F.);
#5598=ORIENTED_EDGE('',*,*,#4201,.T.);
#5599=ORIENTED_EDGE('',*,*,#4093,.F.);
#5600=ORIENTED_EDGE('',*,*,#4202,.F.);
#5601=ORIENTED_EDGE('',*,*,#4197,.T.);
#5602=ORIENTED_EDGE('',*,*,#4203,.T.);
#5603=ORIENTED_EDGE('',*,*,#4204,.F.);
#5604=ORIENTED_EDGE('',*,*,#4205,.F.);
#5605=ORIENTED_EDGE('',*,*,#4206,.T.);
#5606=ORIENTED_EDGE('',*,*,#4198,.T.);
#5607=ORIENTED_EDGE('',*,*,#4202,.T.);
#5608=ORIENTED_EDGE('',*,*,#4092,.T.);
#5609=ORIENTED_EDGE('',*,*,#4154,.T.);
#5610=ORIENTED_EDGE('',*,*,#4096,.F.);
#5611=ORIENTED_EDGE('',*,*,#4098,.T.);
#5612=ORIENTED_EDGE('',*,*,#4155,.T.);
#5613=ORIENTED_EDGE('',*,*,#4100,.F.);
#5614=ORIENTED_EDGE('',*,*,#4104,.T.);
#5615=ORIENTED_EDGE('',*,*,#4141,.T.);
#5616=ORIENTED_EDGE('',*,*,#4151,.T.);
#5617=ORIENTED_EDGE('',*,*,#4103,.T.);
#5618=ORIENTED_EDGE('',*,*,#4136,.F.);
#5619=ORIENTED_EDGE('',*,*,#4142,.T.);
#5620=ORIENTED_EDGE('',*,*,#4159,.T.);
#5621=ORIENTED_EDGE('',*,*,#4166,.T.);
#5622=ORIENTED_EDGE('',*,*,#4207,.T.);
#5623=ORIENTED_EDGE('',*,*,#4171,.T.);
#5624=ORIENTED_EDGE('',*,*,#4174,.T.);
#5625=ORIENTED_EDGE('',*,*,#4208,.T.);
#5626=ORIENTED_EDGE('',*,*,#4070,.T.);
#5627=ORIENTED_EDGE('',*,*,#4209,.F.);
#5628=ORIENTED_EDGE('',*,*,#4069,.T.);
#5629=ORIENTED_EDGE('',*,*,#4210,.F.);
#5630=ORIENTED_EDGE('',*,*,#4068,.T.);
#5631=ORIENTED_EDGE('',*,*,#4211,.F.);
#5632=ORIENTED_EDGE('',*,*,#4067,.T.);
#5633=ORIENTED_EDGE('',*,*,#4212,.F.);
#5634=ORIENTED_EDGE('',*,*,#4065,.T.);
#5635=ORIENTED_EDGE('',*,*,#4213,.F.);
#5636=ORIENTED_EDGE('',*,*,#4214,.T.);
#5637=ORIENTED_EDGE('',*,*,#4215,.F.);
#5638=ORIENTED_EDGE('',*,*,#4075,.T.);
#5639=ORIENTED_EDGE('',*,*,#4216,.T.);
#5640=ORIENTED_EDGE('',*,*,#4217,.T.);
#5641=ORIENTED_EDGE('',*,*,#4216,.F.);
#5642=ORIENTED_EDGE('',*,*,#4079,.T.);
#5643=ORIENTED_EDGE('',*,*,#4218,.T.);
#5644=ORIENTED_EDGE('',*,*,#4219,.T.);
#5645=ORIENTED_EDGE('',*,*,#4188,.F.);
#5646=ORIENTED_EDGE('',*,*,#4196,.F.);
#5647=ORIENTED_EDGE('',*,*,#4220,.F.);
#5648=ORIENTED_EDGE('',*,*,#4221,.F.);
#5649=ORIENTED_EDGE('',*,*,#4222,.F.);
#5650=ORIENTED_EDGE('',*,*,#4223,.F.);
#5651=ORIENTED_EDGE('',*,*,#4224,.F.);
#5652=ORIENTED_EDGE('',*,*,#4225,.F.);
#5653=ORIENTED_EDGE('',*,*,#4226,.F.);
#5654=ORIENTED_EDGE('',*,*,#4227,.F.);
#5655=ORIENTED_EDGE('',*,*,#4228,.F.);
#5656=ORIENTED_EDGE('',*,*,#4229,.F.);
#5657=ORIENTED_EDGE('',*,*,#4230,.F.);
#5658=ORIENTED_EDGE('',*,*,#4231,.F.);
#5659=ORIENTED_EDGE('',*,*,#4232,.F.);
#5660=ORIENTED_EDGE('',*,*,#4233,.F.);
#5661=ORIENTED_EDGE('',*,*,#4234,.F.);
#5662=ORIENTED_EDGE('',*,*,#4235,.T.);
#5663=ORIENTED_EDGE('',*,*,#3643,.T.);
#5664=ORIENTED_EDGE('',*,*,#4236,.T.);
#5665=ORIENTED_EDGE('',*,*,#4237,.F.);
#5666=ORIENTED_EDGE('',*,*,#4238,.F.);
#5667=ORIENTED_EDGE('',*,*,#3896,.T.);
#5668=ORIENTED_EDGE('',*,*,#3606,.T.);
#5669=ORIENTED_EDGE('',*,*,#4239,.T.);
#5670=ORIENTED_EDGE('',*,*,#4240,.T.);
#5671=ORIENTED_EDGE('',*,*,#3841,.F.);
#5672=ORIENTED_EDGE('',*,*,#4209,.T.);
#5673=ORIENTED_EDGE('',*,*,#4210,.T.);
#5674=ORIENTED_EDGE('',*,*,#4211,.T.);
#5675=ORIENTED_EDGE('',*,*,#4212,.T.);
#5676=ORIENTED_EDGE('',*,*,#4066,.T.);
#5677=ORIENTED_EDGE('',*,*,#4213,.T.);
#5678=ORIENTED_EDGE('',*,*,#4215,.T.);
#5679=ORIENTED_EDGE('',*,*,#4241,.T.);
#5680=ORIENTED_EDGE('',*,*,#4242,.T.);
#5681=ORIENTED_EDGE('',*,*,#4243,.T.);
#5682=ORIENTED_EDGE('',*,*,#4237,.T.);
#5683=ORIENTED_EDGE('',*,*,#4244,.T.);
#5684=ORIENTED_EDGE('',*,*,#4245,.T.);
#5685=ORIENTED_EDGE('',*,*,#4246,.T.);
#5686=ORIENTED_EDGE('',*,*,#4247,.T.);
#5687=ORIENTED_EDGE('',*,*,#4248,.T.);
#5688=ORIENTED_EDGE('',*,*,#4249,.T.);
#5689=ORIENTED_EDGE('',*,*,#4250,.T.);
#5690=ORIENTED_EDGE('',*,*,#4251,.T.);
#5691=ORIENTED_EDGE('',*,*,#4252,.T.);
#5692=ORIENTED_EDGE('',*,*,#4253,.T.);
#5693=ORIENTED_EDGE('',*,*,#4254,.T.);
#5694=ORIENTED_EDGE('',*,*,#4255,.T.);
#5695=ORIENTED_EDGE('',*,*,#4218,.F.);
#5696=ORIENTED_EDGE('',*,*,#4231,.T.);
#5697=ORIENTED_EDGE('',*,*,#4230,.T.);
#5698=ORIENTED_EDGE('',*,*,#4229,.T.);
#5699=ORIENTED_EDGE('',*,*,#4228,.T.);
#5700=ORIENTED_EDGE('',*,*,#4227,.T.);
#5701=ORIENTED_EDGE('',*,*,#4226,.T.);
#5702=ORIENTED_EDGE('',*,*,#4256,.T.);
#5703=ORIENTED_EDGE('',*,*,#4224,.T.);
#5704=ORIENTED_EDGE('',*,*,#4257,.T.);
#5705=ORIENTED_EDGE('',*,*,#4222,.T.);
#5706=ORIENTED_EDGE('',*,*,#4221,.T.);
#5707=ORIENTED_EDGE('',*,*,#4258,.T.);
#5708=ORIENTED_EDGE('',*,*,#4259,.F.);
#5709=ORIENTED_EDGE('',*,*,#4172,.T.);
#5710=ORIENTED_EDGE('',*,*,#4207,.F.);
#5711=ORIENTED_EDGE('',*,*,#4165,.F.);
#5712=ORIENTED_EDGE('',*,*,#4260,.T.);
#5713=ORIENTED_EDGE('',*,*,#4168,.T.);
#5714=ORIENTED_EDGE('',*,*,#4261,.F.);
#5715=ORIENTED_EDGE('',*,*,#4262,.F.);
#5716=ORIENTED_EDGE('',*,*,#4235,.F.);
#5717=ORIENTED_EDGE('',*,*,#4263,.T.);
#5718=ORIENTED_EDGE('',*,*,#4264,.T.);
#5719=ORIENTED_EDGE('',*,*,#4261,.T.);
#5720=ORIENTED_EDGE('',*,*,#4167,.T.);
#5721=ORIENTED_EDGE('',*,*,#4259,.T.);
#5722=ORIENTED_EDGE('',*,*,#4264,.F.);
#5723=ORIENTED_EDGE('',*,*,#4233,.T.);
#5724=ORIENTED_EDGE('',*,*,#4265,.F.);
#5725=ORIENTED_EDGE('',*,*,#4266,.T.);
#5726=ORIENTED_EDGE('',*,*,#4267,.T.);
#5727=ORIENTED_EDGE('',*,*,#4268,.F.);
#5728=ORIENTED_EDGE('',*,*,#4267,.F.);
#5729=ORIENTED_EDGE('',*,*,#4268,.T.);
#5730=ORIENTED_EDGE('',*,*,#4232,.T.);
#5731=ORIENTED_EDGE('',*,*,#4262,.T.);
#5732=ORIENTED_EDGE('',*,*,#4234,.T.);
#5733=ORIENTED_EDGE('',*,*,#4265,.T.);
#5734=ORIENTED_EDGE('',*,*,#4269,.F.);
#5735=ORIENTED_EDGE('',*,*,#4270,.T.);
#5736=ORIENTED_EDGE('',*,*,#4271,.F.);
#5737=ORIENTED_EDGE('',*,*,#3702,.T.);
#5738=ORIENTED_EDGE('',*,*,#3991,.F.);
#5739=ORIENTED_EDGE('',*,*,#4272,.T.);
#5740=ORIENTED_EDGE('',*,*,#3724,.T.);
#5741=ORIENTED_EDGE('',*,*,#4181,.T.);
#5742=ORIENTED_EDGE('',*,*,#3694,.T.);
#5743=ORIENTED_EDGE('',*,*,#3884,.F.);
#5744=ORIENTED_EDGE('',*,*,#3814,.F.);
#5745=ORIENTED_EDGE('',*,*,#3689,.T.);
#5746=ORIENTED_EDGE('',*,*,#4273,.T.);
#5747=ORIENTED_EDGE('',*,*,#4179,.T.);
#5748=ORIENTED_EDGE('',*,*,#4076,.T.);
#5749=ORIENTED_EDGE('',*,*,#4072,.T.);
#5750=ORIENTED_EDGE('',*,*,#4274,.F.);
#5751=ORIENTED_EDGE('',*,*,#4275,.F.);
#5752=ORIENTED_EDGE('',*,*,#3948,.F.);
#5753=ORIENTED_EDGE('',*,*,#3947,.T.);
#5754=ORIENTED_EDGE('',*,*,#3944,.T.);
#5755=ORIENTED_EDGE('',*,*,#4276,.T.);
#5756=ORIENTED_EDGE('',*,*,#4277,.F.);
#5757=ORIENTED_EDGE('',*,*,#4278,.T.);
#5758=ORIENTED_EDGE('',*,*,#4279,.F.);
#5759=ORIENTED_EDGE('',*,*,#3957,.T.);
#5760=ORIENTED_EDGE('',*,*,#4280,.T.);
#5761=ORIENTED_EDGE('',*,*,#4281,.T.);
#5762=ORIENTED_EDGE('',*,*,#4282,.T.);
#5763=ORIENTED_EDGE('',*,*,#4283,.F.);
#5764=ORIENTED_EDGE('',*,*,#4284,.F.);
#5765=ORIENTED_EDGE('',*,*,#4285,.T.);
#5766=ORIENTED_EDGE('',*,*,#4286,.F.);
#5767=ORIENTED_EDGE('',*,*,#4287,.T.);
#5768=ORIENTED_EDGE('',*,*,#4288,.F.);
#5769=ORIENTED_EDGE('',*,*,#4289,.F.);
#5770=ORIENTED_EDGE('',*,*,#4290,.T.);
#5771=ORIENTED_EDGE('',*,*,#4291,.F.);
#5772=ORIENTED_EDGE('',*,*,#4131,.T.);
#5773=ORIENTED_EDGE('',*,*,#4128,.F.);
#5774=ORIENTED_EDGE('',*,*,#4125,.T.);
#5775=ORIENTED_EDGE('',*,*,#4121,.T.);
#5776=ORIENTED_EDGE('',*,*,#4117,.F.);
#5777=ORIENTED_EDGE('',*,*,#4114,.T.);
#5778=ORIENTED_EDGE('',*,*,#4113,.F.);
#5779=ORIENTED_EDGE('',*,*,#4108,.T.);
#5780=ORIENTED_EDGE('',*,*,#4107,.T.);
#5781=ORIENTED_EDGE('',*,*,#4101,.F.);
#5782=ORIENTED_EDGE('',*,*,#4099,.F.);
#5783=ORIENTED_EDGE('',*,*,#4095,.F.);
#5784=ORIENTED_EDGE('',*,*,#4087,.F.);
#5785=ORIENTED_EDGE('',*,*,#4292,.T.);
#5786=ORIENTED_EDGE('',*,*,#4293,.F.);
#5787=ORIENTED_EDGE('',*,*,#4294,.T.);
#5788=ORIENTED_EDGE('',*,*,#4295,.F.);
#5789=ORIENTED_EDGE('',*,*,#4082,.F.);
#5790=ORIENTED_EDGE('',*,*,#4080,.F.);
#5791=ORIENTED_EDGE('',*,*,#4296,.T.);
#5792=ORIENTED_EDGE('',*,*,#4297,.T.);
#5793=ORIENTED_EDGE('',*,*,#4298,.F.);
#5794=ORIENTED_EDGE('',*,*,#4299,.T.);
#5795=ORIENTED_EDGE('',*,*,#4298,.T.);
#5796=ORIENTED_EDGE('',*,*,#4300,.T.);
#5797=ORIENTED_EDGE('',*,*,#4301,.T.);
#5798=ORIENTED_EDGE('',*,*,#4300,.F.);
#5799=ORIENTED_EDGE('',*,*,#4302,.T.);
#5800=ORIENTED_EDGE('',*,*,#4303,.T.);
#5801=ORIENTED_EDGE('',*,*,#4302,.F.);
#5802=ORIENTED_EDGE('',*,*,#4304,.T.);
#5803=ORIENTED_EDGE('',*,*,#4305,.F.);
#5804=ORIENTED_EDGE('',*,*,#4306,.T.);
#5805=ORIENTED_EDGE('',*,*,#4305,.T.);
#5806=ORIENTED_EDGE('',*,*,#4307,.F.);
#5807=ORIENTED_EDGE('',*,*,#4308,.T.);
#5808=ORIENTED_EDGE('',*,*,#4309,.T.);
#5809=ORIENTED_EDGE('',*,*,#4308,.F.);
#5810=ORIENTED_EDGE('',*,*,#4310,.T.);
#5811=ORIENTED_EDGE('',*,*,#4311,.T.);
#5812=ORIENTED_EDGE('',*,*,#4310,.F.);
#5813=ORIENTED_EDGE('',*,*,#4312,.T.);
#5814=ORIENTED_EDGE('',*,*,#4313,.T.);
#5815=ORIENTED_EDGE('',*,*,#4312,.F.);
#5816=ORIENTED_EDGE('',*,*,#4314,.T.);
#5817=ORIENTED_EDGE('',*,*,#4315,.F.);
#5818=ORIENTED_EDGE('',*,*,#4316,.T.);
#5819=ORIENTED_EDGE('',*,*,#4317,.F.);
#5820=ORIENTED_EDGE('',*,*,#4318,.F.);
#5821=ORIENTED_EDGE('',*,*,#4319,.T.);
#5822=ORIENTED_EDGE('',*,*,#4320,.F.);
#5823=ORIENTED_EDGE('',*,*,#4317,.T.);
#5824=ORIENTED_EDGE('',*,*,#4321,.T.);
#5825=ORIENTED_EDGE('',*,*,#4322,.T.);
#5826=ORIENTED_EDGE('',*,*,#4323,.T.);
#5827=ORIENTED_EDGE('',*,*,#4324,.T.);
#5828=ORIENTED_EDGE('',*,*,#4325,.T.);
#5829=ORIENTED_EDGE('',*,*,#4324,.F.);
#5830=ORIENTED_EDGE('',*,*,#4326,.T.);
#5831=ORIENTED_EDGE('',*,*,#4327,.T.);
#5832=ORIENTED_EDGE('',*,*,#4326,.F.);
#5833=ORIENTED_EDGE('',*,*,#4328,.F.);
#5834=ORIENTED_EDGE('',*,*,#4329,.T.);
#5835=ORIENTED_EDGE('',*,*,#4328,.T.);
#5836=ORIENTED_EDGE('',*,*,#4330,.F.);
#5837=ORIENTED_EDGE('',*,*,#4331,.T.);
#5838=ORIENTED_EDGE('',*,*,#4332,.T.);
#5839=ORIENTED_EDGE('',*,*,#4331,.F.);
#5840=ORIENTED_EDGE('',*,*,#4333,.T.);
#5841=ORIENTED_EDGE('',*,*,#4334,.T.);
#5842=ORIENTED_EDGE('',*,*,#4333,.F.);
#5843=ORIENTED_EDGE('',*,*,#4335,.F.);
#5844=ORIENTED_EDGE('',*,*,#4336,.T.);
#5845=ORIENTED_EDGE('',*,*,#4335,.T.);
#5846=ORIENTED_EDGE('',*,*,#4337,.T.);
#5847=ORIENTED_EDGE('',*,*,#4338,.F.);
#5848=ORIENTED_EDGE('',*,*,#4339,.T.);
#5849=ORIENTED_EDGE('',*,*,#4338,.T.);
#5850=ORIENTED_EDGE('',*,*,#4340,.F.);
#5851=ORIENTED_EDGE('',*,*,#4341,.T.);
#5852=ORIENTED_EDGE('',*,*,#4340,.T.);
#5853=ORIENTED_EDGE('',*,*,#4342,.F.);
#5854=ORIENTED_EDGE('',*,*,#4343,.T.);
#5855=ORIENTED_EDGE('',*,*,#4342,.T.);
#5856=ORIENTED_EDGE('',*,*,#4344,.F.);
#5857=ORIENTED_EDGE('',*,*,#4345,.F.);
#5858=ORIENTED_EDGE('',*,*,#4346,.T.);
#5859=ORIENTED_EDGE('',*,*,#4345,.T.);
#5860=ORIENTED_EDGE('',*,*,#4347,.F.);
#5861=ORIENTED_EDGE('',*,*,#4348,.T.);
#5862=ORIENTED_EDGE('',*,*,#4347,.T.);
#5863=ORIENTED_EDGE('',*,*,#4349,.T.);
#5864=ORIENTED_EDGE('',*,*,#4350,.F.);
#5865=ORIENTED_EDGE('',*,*,#4351,.T.);
#5866=ORIENTED_EDGE('',*,*,#4352,.T.);
#5867=ORIENTED_EDGE('',*,*,#4353,.F.);
#5868=ORIENTED_EDGE('',*,*,#4354,.F.);
#5869=ORIENTED_EDGE('',*,*,#4352,.F.);
#5870=ORIENTED_EDGE('',*,*,#4355,.F.);
#5871=ORIENTED_EDGE('',*,*,#4356,.F.);
#5872=ORIENTED_EDGE('',*,*,#4357,.F.);
#5873=ORIENTED_EDGE('',*,*,#4353,.T.);
#5874=ORIENTED_EDGE('',*,*,#4358,.T.);
#5875=ORIENTED_EDGE('',*,*,#4359,.F.);
#5876=ORIENTED_EDGE('',*,*,#4360,.F.);
#5877=ORIENTED_EDGE('',*,*,#4361,.F.);
#5878=ORIENTED_EDGE('',*,*,#4362,.F.);
#5879=ORIENTED_EDGE('',*,*,#3872,.F.);
#5880=ORIENTED_EDGE('',*,*,#3736,.F.);
#5881=ORIENTED_EDGE('',*,*,#4363,.T.);
#5882=ORIENTED_EDGE('',*,*,#4361,.T.);
#5883=ORIENTED_EDGE('',*,*,#3735,.F.);
#5884=ORIENTED_EDGE('',*,*,#4364,.T.);
#5885=ORIENTED_EDGE('',*,*,#3837,.T.);
#5886=ORIENTED_EDGE('',*,*,#3836,.T.);
#5887=ORIENTED_EDGE('',*,*,#3845,.T.);
#5888=ORIENTED_EDGE('',*,*,#4365,.F.);
#5889=ORIENTED_EDGE('',*,*,#4274,.T.);
#5890=ORIENTED_EDGE('',*,*,#4071,.T.);
#5891=ORIENTED_EDGE('',*,*,#3840,.T.);
#5892=ORIENTED_EDGE('',*,*,#3839,.T.);
#5893=ORIENTED_EDGE('',*,*,#3838,.T.);
#5894=ORIENTED_EDGE('',*,*,#4366,.T.);
#5895=ORIENTED_EDGE('',*,*,#3949,.T.);
#5896=ORIENTED_EDGE('',*,*,#4275,.T.);
#5897=ORIENTED_EDGE('',*,*,#4365,.T.);
#5898=ORIENTED_EDGE('',*,*,#4367,.T.);
#5899=ORIENTED_EDGE('',*,*,#4368,.T.);
#5900=ORIENTED_EDGE('',*,*,#4369,.T.);
#5901=ORIENTED_EDGE('',*,*,#4370,.T.);
#5902=ORIENTED_EDGE('',*,*,#4371,.T.);
#5903=ORIENTED_EDGE('',*,*,#3956,.T.);
#5904=ORIENTED_EDGE('',*,*,#4372,.F.);
#5905=ORIENTED_EDGE('',*,*,#4373,.F.);
#5906=ORIENTED_EDGE('',*,*,#4280,.F.);
#5907=ORIENTED_EDGE('',*,*,#4374,.T.);
#5908=ORIENTED_EDGE('',*,*,#4375,.F.);
#5909=ORIENTED_EDGE('',*,*,#4281,.F.);
#5910=ORIENTED_EDGE('',*,*,#4282,.F.);
#5911=ORIENTED_EDGE('',*,*,#4376,.T.);
#5912=ORIENTED_EDGE('',*,*,#4377,.T.);
#5913=ORIENTED_EDGE('',*,*,#4378,.F.);
#5914=ORIENTED_EDGE('',*,*,#4379,.F.);
#5915=ORIENTED_EDGE('',*,*,#4283,.T.);
#5916=ORIENTED_EDGE('',*,*,#4378,.T.);
#5917=ORIENTED_EDGE('',*,*,#4380,.F.);
#5918=ORIENTED_EDGE('',*,*,#4284,.T.);
#5919=ORIENTED_EDGE('',*,*,#4379,.T.);
#5920=ORIENTED_EDGE('',*,*,#4381,.T.);
#5921=ORIENTED_EDGE('',*,*,#4382,.F.);
#5922=ORIENTED_EDGE('',*,*,#4383,.F.);
#5923=ORIENTED_EDGE('',*,*,#4285,.F.);
#5924=ORIENTED_EDGE('',*,*,#4382,.T.);
#5925=ORIENTED_EDGE('',*,*,#4384,.F.);
#5926=ORIENTED_EDGE('',*,*,#4383,.T.);
#5927=ORIENTED_EDGE('',*,*,#4385,.F.);
#5928=ORIENTED_EDGE('',*,*,#4386,.F.);
#5929=ORIENTED_EDGE('',*,*,#4286,.T.);
#5930=ORIENTED_EDGE('',*,*,#4287,.F.);
#5931=ORIENTED_EDGE('',*,*,#4386,.T.);
#5932=ORIENTED_EDGE('',*,*,#4387,.F.);
#5933=ORIENTED_EDGE('',*,*,#4388,.F.);
#5934=ORIENTED_EDGE('',*,*,#4389,.F.);
#5935=ORIENTED_EDGE('',*,*,#4390,.F.);
#5936=ORIENTED_EDGE('',*,*,#4288,.T.);
#5937=ORIENTED_EDGE('',*,*,#4388,.T.);
#5938=ORIENTED_EDGE('',*,*,#4391,.F.);
#5939=ORIENTED_EDGE('',*,*,#4289,.T.);
#5940=ORIENTED_EDGE('',*,*,#4390,.T.);
#5941=ORIENTED_EDGE('',*,*,#4392,.F.);
#5942=ORIENTED_EDGE('',*,*,#4393,.F.);
#5943=ORIENTED_EDGE('',*,*,#4290,.F.);
#5944=ORIENTED_EDGE('',*,*,#4391,.T.);
#5945=ORIENTED_EDGE('',*,*,#4394,.F.);
#5946=ORIENTED_EDGE('',*,*,#4129,.F.);
#5947=ORIENTED_EDGE('',*,*,#4291,.T.);
#5948=ORIENTED_EDGE('',*,*,#4393,.T.);
#5949=ORIENTED_EDGE('',*,*,#4395,.T.);
#5950=ORIENTED_EDGE('',*,*,#4396,.T.);
#5951=ORIENTED_EDGE('',*,*,#4297,.F.);
#5952=ORIENTED_EDGE('',*,*,#4397,.F.);
#5953=ORIENTED_EDGE('',*,*,#4398,.F.);
#5954=ORIENTED_EDGE('',*,*,#4315,.T.);
#5955=ORIENTED_EDGE('',*,*,#4314,.F.);
#5956=ORIENTED_EDGE('',*,*,#4399,.T.);
#5957=ORIENTED_EDGE('',*,*,#4323,.F.);
#5958=ORIENTED_EDGE('',*,*,#4319,.F.);
#5959=ORIENTED_EDGE('',*,*,#4400,.F.);
#5960=ORIENTED_EDGE('',*,*,#4350,.T.);
#5961=ORIENTED_EDGE('',*,*,#4401,.T.);
#5962=ORIENTED_EDGE('',*,*,#4355,.T.);
#5963=ORIENTED_EDGE('',*,*,#4351,.F.);
#5964=ORIENTED_EDGE('',*,*,#4402,.T.);
#5965=ORIENTED_EDGE('',*,*,#4356,.T.);
#5966=ORIENTED_EDGE('',*,*,#4402,.F.);
#5967=ORIENTED_EDGE('',*,*,#4403,.F.);
#5968=ORIENTED_EDGE('',*,*,#4404,.T.);
#5969=ORIENTED_EDGE('',*,*,#4405,.F.);
#5970=ORIENTED_EDGE('',*,*,#4358,.F.);
#5971=ORIENTED_EDGE('',*,*,#4357,.T.);
#5972=ORIENTED_EDGE('',*,*,#4403,.T.);
#5973=ORIENTED_EDGE('',*,*,#4406,.T.);
#5974=ORIENTED_EDGE('',*,*,#4407,.T.);
#5975=ORIENTED_EDGE('',*,*,#4408,.T.);
#5976=ORIENTED_EDGE('',*,*,#4409,.T.);
#5977=ORIENTED_EDGE('',*,*,#4410,.T.);
#5978=ORIENTED_EDGE('',*,*,#4411,.F.);
#5979=ORIENTED_EDGE('',*,*,#3953,.F.);
#5980=ORIENTED_EDGE('',*,*,#4412,.F.);
#5981=ORIENTED_EDGE('',*,*,#4410,.F.);
#5982=ORIENTED_EDGE('',*,*,#4413,.F.);
#5983=ORIENTED_EDGE('',*,*,#4414,.F.);
#5984=ORIENTED_EDGE('',*,*,#4415,.T.);
#5985=ORIENTED_EDGE('',*,*,#4416,.F.);
#5986=ORIENTED_EDGE('',*,*,#4413,.T.);
#5987=ORIENTED_EDGE('',*,*,#4409,.F.);
#5988=ORIENTED_EDGE('',*,*,#4417,.T.);
#5989=ORIENTED_EDGE('',*,*,#4418,.T.);
#5990=ORIENTED_EDGE('',*,*,#4419,.F.);
#5991=ORIENTED_EDGE('',*,*,#4404,.F.);
#5992=ORIENTED_EDGE('',*,*,#3955,.T.);
#5993=ORIENTED_EDGE('',*,*,#4420,.F.);
#5994=ORIENTED_EDGE('',*,*,#4418,.F.);
#5995=ORIENTED_EDGE('',*,*,#4421,.T.);
#5996=ORIENTED_EDGE('',*,*,#4422,.T.);
#5997=ORIENTED_EDGE('',*,*,#4372,.T.);
#5998=ORIENTED_EDGE('',*,*,#4423,.F.);
#5999=ORIENTED_EDGE('',*,*,#4415,.F.);
#6000=ORIENTED_EDGE('',*,*,#4408,.F.);
#6001=ORIENTED_EDGE('',*,*,#4424,.F.);
#6002=ORIENTED_EDGE('',*,*,#4425,.F.);
#6003=ORIENTED_EDGE('',*,*,#4426,.T.);
#6004=ORIENTED_EDGE('',*,*,#4427,.T.);
#6005=ORIENTED_EDGE('',*,*,#4428,.F.);
#6006=ORIENTED_EDGE('',*,*,#4429,.F.);
#6007=ORIENTED_EDGE('',*,*,#4428,.T.);
#6008=ORIENTED_EDGE('',*,*,#4430,.T.);
#6009=ORIENTED_EDGE('',*,*,#4431,.F.);
#6010=ORIENTED_EDGE('',*,*,#4432,.T.);
#6011=ORIENTED_EDGE('',*,*,#4433,.T.);
#6012=ORIENTED_EDGE('',*,*,#4434,.T.);
#6013=ORIENTED_EDGE('',*,*,#4435,.F.);
#6014=ORIENTED_EDGE('',*,*,#4436,.F.);
#6015=ORIENTED_EDGE('',*,*,#4437,.T.);
#6016=ORIENTED_EDGE('',*,*,#4438,.F.);
#6017=ORIENTED_EDGE('',*,*,#4435,.T.);
#6018=ORIENTED_EDGE('',*,*,#4439,.T.);
#6019=ORIENTED_EDGE('',*,*,#4440,.T.);
#6020=ORIENTED_EDGE('',*,*,#4441,.T.);
#6021=ORIENTED_EDGE('',*,*,#4442,.T.);
#6022=ORIENTED_EDGE('',*,*,#3697,.F.);
#6023=ORIENTED_EDGE('',*,*,#4443,.F.);
#6024=ORIENTED_EDGE('',*,*,#4444,.T.);
#6025=ORIENTED_EDGE('',*,*,#3670,.T.);
#6026=ORIENTED_EDGE('',*,*,#4445,.F.);
#6027=ORIENTED_EDGE('',*,*,#4446,.F.);
#6028=ORIENTED_EDGE('',*,*,#4447,.T.);
#6029=ORIENTED_EDGE('',*,*,#3861,.T.);
#6030=ORIENTED_EDGE('',*,*,#3982,.T.);
#6031=ORIENTED_EDGE('',*,*,#3977,.F.);
#6032=ORIENTED_EDGE('',*,*,#3877,.F.);
#6033=ORIENTED_EDGE('',*,*,#4448,.T.);
#6034=ORIENTED_EDGE('',*,*,#4449,.F.);
#6035=ORIENTED_EDGE('',*,*,#4443,.T.);
#6036=ORIENTED_EDGE('',*,*,#3696,.F.);
#6037=ORIENTED_EDGE('',*,*,#4450,.T.);
#6038=ORIENTED_EDGE('',*,*,#3875,.T.);
#6039=ORIENTED_EDGE('',*,*,#4451,.T.);
#6040=ORIENTED_EDGE('',*,*,#4452,.T.);
#6041=ORIENTED_EDGE('',*,*,#4446,.T.);
#6042=ORIENTED_EDGE('',*,*,#4453,.F.);
#6043=ORIENTED_EDGE('',*,*,#3743,.F.);
#6044=ORIENTED_EDGE('',*,*,#3669,.F.);
#6045=ORIENTED_EDGE('',*,*,#3744,.F.);
#6046=ORIENTED_EDGE('',*,*,#4453,.T.);
#6047=ORIENTED_EDGE('',*,*,#4445,.T.);
#6048=ORIENTED_EDGE('',*,*,#4424,.T.);
#6049=ORIENTED_EDGE('',*,*,#4412,.T.);
#6050=ORIENTED_EDGE('',*,*,#3952,.F.);
#6051=ORIENTED_EDGE('',*,*,#3960,.F.);
#6052=ORIENTED_EDGE('',*,*,#3965,.F.);
#6053=ORIENTED_EDGE('',*,*,#4454,.F.);
#6054=ORIENTED_EDGE('',*,*,#4422,.F.);
#6055=ORIENTED_EDGE('',*,*,#4374,.F.);
#6056=ORIENTED_EDGE('',*,*,#4373,.T.);
#6057=ORIENTED_EDGE('',*,*,#4421,.F.);
#6058=ORIENTED_EDGE('',*,*,#4417,.F.);
#6059=ORIENTED_EDGE('',*,*,#4407,.F.);
#6060=ORIENTED_EDGE('',*,*,#4376,.F.);
#6061=ORIENTED_EDGE('',*,*,#4375,.T.);
#6062=ORIENTED_EDGE('',*,*,#4377,.F.);
#6063=ORIENTED_EDGE('',*,*,#4406,.F.);
#6064=ORIENTED_EDGE('',*,*,#4400,.T.);
#6065=ORIENTED_EDGE('',*,*,#4427,.F.);
#6066=ORIENTED_EDGE('',*,*,#4455,.T.);
#6067=ORIENTED_EDGE('',*,*,#4439,.F.);
#6068=ORIENTED_EDGE('',*,*,#4434,.F.);
#6069=ORIENTED_EDGE('',*,*,#4456,.F.);
#6070=ORIENTED_EDGE('',*,*,#4430,.F.);
#6071=ORIENTED_EDGE('',*,*,#4367,.F.);
#6072=ORIENTED_EDGE('',*,*,#4457,.T.);
#6073=ORIENTED_EDGE('',*,*,#4368,.F.);
#6074=ORIENTED_EDGE('',*,*,#4458,.T.);
#6075=ORIENTED_EDGE('',*,*,#4369,.F.);
#6076=ORIENTED_EDGE('',*,*,#4459,.T.);
#6077=ORIENTED_EDGE('',*,*,#4370,.F.);
#6078=ORIENTED_EDGE('',*,*,#4460,.T.);
#6079=ORIENTED_EDGE('',*,*,#4366,.F.);
#6080=ORIENTED_EDGE('',*,*,#4461,.T.);
#6081=ORIENTED_EDGE('',*,*,#4462,.F.);
#6082=ORIENTED_EDGE('',*,*,#4463,.F.);
#6083=ORIENTED_EDGE('',*,*,#3950,.T.);
#6084=ORIENTED_EDGE('',*,*,#4464,.T.);
#6085=ORIENTED_EDGE('',*,*,#4465,.F.);
#6086=ORIENTED_EDGE('',*,*,#4466,.F.);
#6087=ORIENTED_EDGE('',*,*,#3906,.F.);
#6088=ORIENTED_EDGE('',*,*,#3946,.T.);
#6089=ORIENTED_EDGE('',*,*,#4463,.T.);
#6090=ORIENTED_EDGE('',*,*,#4467,.T.);
#6091=ORIENTED_EDGE('',*,*,#4468,.F.);
#6092=ORIENTED_EDGE('',*,*,#4469,.T.);
#6093=ORIENTED_EDGE('',*,*,#4470,.T.);
#6094=ORIENTED_EDGE('',*,*,#4471,.F.);
#6095=ORIENTED_EDGE('',*,*,#4472,.F.);
#6096=ORIENTED_EDGE('',*,*,#4473,.F.);
#6097=ORIENTED_EDGE('',*,*,#4474,.F.);
#6098=ORIENTED_EDGE('',*,*,#4464,.F.);
#6099=ORIENTED_EDGE('',*,*,#4461,.F.);
#6100=ORIENTED_EDGE('',*,*,#4371,.F.);
#6101=ORIENTED_EDGE('',*,*,#4460,.F.);
#6102=ORIENTED_EDGE('',*,*,#4459,.F.);
#6103=ORIENTED_EDGE('',*,*,#4458,.F.);
#6104=ORIENTED_EDGE('',*,*,#4457,.F.);
#6105=ORIENTED_EDGE('',*,*,#3844,.T.);
#6106=ORIENTED_EDGE('',*,*,#3848,.F.);
#6107=ORIENTED_EDGE('',*,*,#4475,.T.);
#6108=ORIENTED_EDGE('',*,*,#4476,.T.);
#6109=ORIENTED_EDGE('',*,*,#4437,.F.);
#6110=ORIENTED_EDGE('',*,*,#4477,.F.);
#6111=ORIENTED_EDGE('',*,*,#4431,.T.);
#6112=ORIENTED_EDGE('',*,*,#4456,.T.);
#6113=ORIENTED_EDGE('',*,*,#4433,.F.);
#6114=ORIENTED_EDGE('',*,*,#4478,.T.);
#6115=ORIENTED_EDGE('',*,*,#4468,.T.);
#6116=ORIENTED_EDGE('',*,*,#4479,.F.);
#6117=ORIENTED_EDGE('',*,*,#4480,.T.);
#6118=ORIENTED_EDGE('',*,*,#4475,.F.);
#6119=ORIENTED_EDGE('',*,*,#4432,.F.);
#6120=ORIENTED_EDGE('',*,*,#4476,.F.);
#6121=ORIENTED_EDGE('',*,*,#4480,.F.);
#6122=ORIENTED_EDGE('',*,*,#4470,.F.);
#6123=ORIENTED_EDGE('',*,*,#4481,.T.);
#6124=ORIENTED_EDGE('',*,*,#4482,.T.);
#6125=ORIENTED_EDGE('',*,*,#4483,.T.);
#6126=ORIENTED_EDGE('',*,*,#4484,.T.);
#6127=ORIENTED_EDGE('',*,*,#4483,.F.);
#6128=ORIENTED_EDGE('',*,*,#4484,.F.);
#6129=ORIENTED_EDGE('',*,*,#4467,.F.);
#6130=ORIENTED_EDGE('',*,*,#4481,.F.);
#6131=ORIENTED_EDGE('',*,*,#4469,.F.);
#6132=ORIENTED_EDGE('',*,*,#4478,.F.);
#6133=ORIENTED_EDGE('',*,*,#4485,.F.);
#6134=ORIENTED_EDGE('',*,*,#4486,.F.);
#6135=ORIENTED_EDGE('',*,*,#4487,.F.);
#6136=ORIENTED_EDGE('',*,*,#4488,.F.);
#6137=ORIENTED_EDGE('',*,*,#3992,.T.);
#6138=ORIENTED_EDGE('',*,*,#3700,.F.);
#6139=ORIENTED_EDGE('',*,*,#4489,.T.);
#6140=ORIENTED_EDGE('',*,*,#3862,.T.);
#6141=ORIENTED_EDGE('',*,*,#4447,.F.);
#6142=ORIENTED_EDGE('',*,*,#4452,.F.);
#6143=ORIENTED_EDGE('',*,*,#3742,.F.);
#6144=ORIENTED_EDGE('',*,*,#3876,.T.);
#6145=ORIENTED_EDGE('',*,*,#4450,.F.);
#6146=ORIENTED_EDGE('',*,*,#4490,.F.);
#6147=ORIENTED_EDGE('',*,*,#4448,.F.);
#6148=ORIENTED_EDGE('',*,*,#4395,.F.);
#6149=ORIENTED_EDGE('',*,*,#4394,.T.);
#6150=ORIENTED_EDGE('',*,*,#4392,.T.);
#6151=ORIENTED_EDGE('',*,*,#4389,.T.);
#6152=ORIENTED_EDGE('',*,*,#4387,.T.);
#6153=ORIENTED_EDGE('',*,*,#4385,.T.);
#6154=ORIENTED_EDGE('',*,*,#4384,.T.);
#6155=ORIENTED_EDGE('',*,*,#4381,.F.);
#6156=ORIENTED_EDGE('',*,*,#4380,.T.);
#6157=ORIENTED_EDGE('',*,*,#4401,.F.);
#6158=ORIENTED_EDGE('',*,*,#4349,.F.);
#6159=ORIENTED_EDGE('',*,*,#4344,.T.);
#6160=ORIENTED_EDGE('',*,*,#4337,.F.);
#6161=ORIENTED_EDGE('',*,*,#4330,.T.);
#6162=ORIENTED_EDGE('',*,*,#4399,.F.);
#6163=ORIENTED_EDGE('',*,*,#4321,.F.);
#6164=ORIENTED_EDGE('',*,*,#4316,.F.);
#6165=ORIENTED_EDGE('',*,*,#4398,.T.);
#6166=ORIENTED_EDGE('',*,*,#4307,.T.);
#6167=ORIENTED_EDGE('',*,*,#4304,.F.);
#6168=ORIENTED_EDGE('',*,*,#4396,.F.);
#6169=ORIENTED_EDGE('',*,*,#4491,.T.);
#6170=ORIENTED_EDGE('',*,*,#4132,.T.);
#6171=ORIENTED_EDGE('',*,*,#4003,.T.);
#6172=ORIENTED_EDGE('',*,*,#4006,.F.);
#6173=ORIENTED_EDGE('',*,*,#4134,.F.);
#6174=ORIENTED_EDGE('',*,*,#4016,.T.);
#6175=ORIENTED_EDGE('',*,*,#4018,.T.);
#6176=ORIENTED_EDGE('',*,*,#4135,.T.);
#6177=ORIENTED_EDGE('',*,*,#4029,.F.);
#6178=ORIENTED_EDGE('',*,*,#4036,.T.);
#6179=ORIENTED_EDGE('',*,*,#4043,.F.);
#6180=ORIENTED_EDGE('',*,*,#4050,.T.);
#6181=ORIENTED_EDGE('',*,*,#4137,.T.);
#6182=ORIENTED_EDGE('',*,*,#4106,.F.);
#6183=ORIENTED_EDGE('',*,*,#4110,.T.);
#6184=ORIENTED_EDGE('',*,*,#4112,.F.);
#6185=ORIENTED_EDGE('',*,*,#4116,.F.);
#6186=ORIENTED_EDGE('',*,*,#4119,.F.);
#6187=ORIENTED_EDGE('',*,*,#4120,.F.);
#6188=ORIENTED_EDGE('',*,*,#4124,.F.);
#6189=ORIENTED_EDGE('',*,*,#4127,.F.);
#6190=ORIENTED_EDGE('',*,*,#4130,.T.);
#6191=ORIENTED_EDGE('',*,*,#4491,.F.);
#6192=ORIENTED_EDGE('',*,*,#4397,.T.);
#6193=ORIENTED_EDGE('',*,*,#4492,.F.);
#6194=ORIENTED_EDGE('',*,*,#4133,.F.);
#6195=ORIENTED_EDGE('',*,*,#3895,.F.);
#6196=ORIENTED_EDGE('',*,*,#3968,.T.);
#6197=ORIENTED_EDGE('',*,*,#4493,.F.);
#6198=ORIENTED_EDGE('',*,*,#4182,.F.);
#6199=ORIENTED_EDGE('',*,*,#4183,.T.);
#6200=ORIENTED_EDGE('',*,*,#4493,.T.);
#6201=ORIENTED_EDGE('',*,*,#3967,.F.);
#6202=ORIENTED_EDGE('',*,*,#4494,.T.);
#6203=ORIENTED_EDGE('',*,*,#3926,.F.);
#6204=ORIENTED_EDGE('',*,*,#3921,.T.);
#6205=ORIENTED_EDGE('',*,*,#3925,.F.);
#6206=ORIENTED_EDGE('',*,*,#3923,.T.);
#6207=ORIENTED_EDGE('',*,*,#3927,.F.);
#6208=ORIENTED_EDGE('',*,*,#3918,.T.);
#6209=ORIENTED_EDGE('',*,*,#4495,.T.);
#6210=ORIENTED_EDGE('',*,*,#4496,.F.);
#6211=ORIENTED_EDGE('',*,*,#3900,.F.);
#6212=ORIENTED_EDGE('',*,*,#3899,.T.);
#6213=ORIENTED_EDGE('',*,*,#3898,.F.);
#6214=ORIENTED_EDGE('',*,*,#3897,.F.);
#6215=ORIENTED_EDGE('',*,*,#4497,.T.);
#6216=ORIENTED_EDGE('',*,*,#3855,.T.);
#6217=ORIENTED_EDGE('',*,*,#4496,.T.);
#6218=ORIENTED_EDGE('',*,*,#4498,.T.);
#6219=ORIENTED_EDGE('',*,*,#3932,.F.);
#6220=ORIENTED_EDGE('',*,*,#3934,.T.);
#6221=ORIENTED_EDGE('',*,*,#4499,.F.);
#6222=ORIENTED_EDGE('',*,*,#3970,.T.);
#6223=ORIENTED_EDGE('',*,*,#4500,.F.);
#6224=ORIENTED_EDGE('',*,*,#4501,.T.);
#6225=ORIENTED_EDGE('',*,*,#4502,.T.);
#6226=ORIENTED_EDGE('',*,*,#3937,.F.);
#6227=ORIENTED_EDGE('',*,*,#4503,.F.);
#6228=ORIENTED_EDGE('',*,*,#4504,.F.);
#6229=ORIENTED_EDGE('',*,*,#3971,.T.);
#6230=ORIENTED_EDGE('',*,*,#4499,.T.);
#6231=ORIENTED_EDGE('',*,*,#3933,.T.);
#6232=ORIENTED_EDGE('',*,*,#4498,.F.);
#6233=ORIENTED_EDGE('',*,*,#4495,.F.);
#6234=ORIENTED_EDGE('',*,*,#4505,.T.);
#6235=ORIENTED_EDGE('',*,*,#4194,.F.);
#6236=ORIENTED_EDGE('',*,*,#4506,.F.);
#6237=ORIENTED_EDGE('',*,*,#4185,.F.);
#6238=ORIENTED_EDGE('',*,*,#4494,.F.);
#6239=ORIENTED_EDGE('',*,*,#3972,.F.);
#6240=ORIENTED_EDGE('',*,*,#4504,.T.);
#6241=ORIENTED_EDGE('',*,*,#4184,.T.);
#6242=ORIENTED_EDGE('',*,*,#4507,.T.);
#6243=ORIENTED_EDGE('',*,*,#3966,.T.);
#6244=ORIENTED_EDGE('',*,*,#3962,.T.);
#6245=ORIENTED_EDGE('',*,*,#4508,.T.);
#6246=ORIENTED_EDGE('',*,*,#4509,.T.);
#6247=ORIENTED_EDGE('',*,*,#4510,.T.);
#6248=ORIENTED_EDGE('',*,*,#3942,.F.);
#6249=ORIENTED_EDGE('',*,*,#3938,.F.);
#6250=ORIENTED_EDGE('',*,*,#4502,.F.);
#6251=ORIENTED_EDGE('',*,*,#4511,.T.);
#6252=ORIENTED_EDGE('',*,*,#4512,.F.);
#6253=ORIENTED_EDGE('',*,*,#3935,.F.);
#6254=ORIENTED_EDGE('',*,*,#4500,.T.);
#6255=ORIENTED_EDGE('',*,*,#3969,.F.);
#6256=ORIENTED_EDGE('',*,*,#3710,.T.);
#6257=ORIENTED_EDGE('',*,*,#4513,.T.);
#6258=ORIENTED_EDGE('',*,*,#4514,.T.);
#6259=ORIENTED_EDGE('',*,*,#4503,.T.);
#6260=ORIENTED_EDGE('',*,*,#3936,.F.);
#6261=ORIENTED_EDGE('',*,*,#4514,.F.);
#6262=ORIENTED_EDGE('',*,*,#4501,.F.);
#6263=ORIENTED_EDGE('',*,*,#4513,.F.);
#6264=ORIENTED_EDGE('',*,*,#4515,.F.);
#6265=ORIENTED_EDGE('',*,*,#4511,.F.);
#6266=ORIENTED_EDGE('',*,*,#3961,.F.);
#6267=ORIENTED_EDGE('',*,*,#3958,.F.);
#6268=ORIENTED_EDGE('',*,*,#4279,.T.);
#6269=ORIENTED_EDGE('',*,*,#4516,.F.);
#6270=ORIENTED_EDGE('',*,*,#4508,.F.);
#6271=ORIENTED_EDGE('',*,*,#4517,.T.);
#6272=ORIENTED_EDGE('',*,*,#4509,.F.);
#6273=ORIENTED_EDGE('',*,*,#4516,.T.);
#6274=ORIENTED_EDGE('',*,*,#4278,.F.);
#6275=ORIENTED_EDGE('',*,*,#3943,.T.);
#6276=ORIENTED_EDGE('',*,*,#4510,.F.);
#6277=ORIENTED_EDGE('',*,*,#4518,.F.);
#6278=ORIENTED_EDGE('',*,*,#4276,.F.);
#6279=ORIENTED_EDGE('',*,*,#4223,.T.);
#6280=ORIENTED_EDGE('',*,*,#4257,.F.);
#6281=ORIENTED_EDGE('',*,*,#4225,.T.);
#6282=ORIENTED_EDGE('',*,*,#4256,.F.);
#6283=ORIENTED_EDGE('',*,*,#4220,.T.);
#6284=ORIENTED_EDGE('',*,*,#4258,.F.);
#6285=ORIENTED_EDGE('',*,*,#4238,.T.);
#6286=ORIENTED_EDGE('',*,*,#4195,.T.);
#6287=ORIENTED_EDGE('',*,*,#4505,.F.);
#6288=ORIENTED_EDGE('',*,*,#4497,.F.);
#6289=ORIENTED_EDGE('',*,*,#4193,.F.);
#6290=ORIENTED_EDGE('',*,*,#4519,.T.);
#6291=ORIENTED_EDGE('',*,*,#4186,.F.);
#6292=ORIENTED_EDGE('',*,*,#4506,.T.);
#6293=ORIENTED_EDGE('',*,*,#4520,.F.);
#6294=ORIENTED_EDGE('',*,*,#4521,.T.);
#6295=ORIENTED_EDGE('',*,*,#4190,.T.);
#6296=ORIENTED_EDGE('',*,*,#4522,.F.);
#6297=ORIENTED_EDGE('',*,*,#4523,.F.);
#6298=ORIENTED_EDGE('',*,*,#4524,.F.);
#6299=ORIENTED_EDGE('',*,*,#4525,.F.);
#6300=ORIENTED_EDGE('',*,*,#4203,.F.);
#6301=ORIENTED_EDGE('',*,*,#4201,.F.);
#6302=ORIENTED_EDGE('',*,*,#4526,.F.);
#6303=ORIENTED_EDGE('',*,*,#4527,.T.);
#6304=ORIENTED_EDGE('',*,*,#4528,.F.);
#6305=ORIENTED_EDGE('',*,*,#4522,.T.);
#6306=ORIENTED_EDGE('',*,*,#4189,.T.);
#6307=ORIENTED_EDGE('',*,*,#4084,.T.);
#6308=ORIENTED_EDGE('',*,*,#4192,.T.);
#6309=ORIENTED_EDGE('',*,*,#4529,.F.);
#6310=ORIENTED_EDGE('',*,*,#4530,.F.);
#6311=ORIENTED_EDGE('',*,*,#3714,.F.);
#6312=ORIENTED_EDGE('',*,*,#4187,.T.);
#6313=ORIENTED_EDGE('',*,*,#4519,.F.);
#6314=ORIENTED_EDGE('',*,*,#4529,.T.);
#6315=ORIENTED_EDGE('',*,*,#4191,.T.);
#6316=ORIENTED_EDGE('',*,*,#4521,.F.);
#6317=ORIENTED_EDGE('',*,*,#4520,.T.);
#6318=ORIENTED_EDGE('',*,*,#4528,.T.);
#6319=ORIENTED_EDGE('',*,*,#4531,.T.);
#6320=ORIENTED_EDGE('',*,*,#4530,.T.);
#6321=ORIENTED_EDGE('',*,*,#4204,.T.);
#6322=ORIENTED_EDGE('',*,*,#4525,.T.);
#6323=ORIENTED_EDGE('',*,*,#4532,.T.);
#6324=ORIENTED_EDGE('',*,*,#4292,.F.);
#6325=ORIENTED_EDGE('',*,*,#4094,.T.);
#6326=ORIENTED_EDGE('',*,*,#4533,.F.);
#6327=ORIENTED_EDGE('',*,*,#4293,.T.);
#6328=ORIENTED_EDGE('',*,*,#4532,.F.);
#6329=ORIENTED_EDGE('',*,*,#4524,.T.);
#6330=ORIENTED_EDGE('',*,*,#4083,.F.);
#6331=ORIENTED_EDGE('',*,*,#4295,.T.);
#6332=ORIENTED_EDGE('',*,*,#4534,.T.);
#6333=ORIENTED_EDGE('',*,*,#4526,.T.);
#6334=ORIENTED_EDGE('',*,*,#4535,.T.);
#6335=ORIENTED_EDGE('',*,*,#4536,.T.);
#6336=ORIENTED_EDGE('',*,*,#3610,.T.);
#6337=ORIENTED_EDGE('',*,*,#4536,.F.);
#6338=ORIENTED_EDGE('',*,*,#4537,.F.);
#6339=ORIENTED_EDGE('',*,*,#4538,.F.);
#6340=ORIENTED_EDGE('',*,*,#4539,.F.);
#6341=ORIENTED_EDGE('',*,*,#4540,.F.);
#6342=ORIENTED_EDGE('',*,*,#4541,.F.);
#6343=ORIENTED_EDGE('',*,*,#4542,.F.);
#6344=ORIENTED_EDGE('',*,*,#4535,.F.);
#6345=ORIENTED_EDGE('',*,*,#3755,.F.);
#6346=ORIENTED_EDGE('',*,*,#4543,.T.);
#6347=ORIENTED_EDGE('',*,*,#4537,.T.);
#6348=ORIENTED_EDGE('',*,*,#4544,.F.);
#6349=ORIENTED_EDGE('',*,*,#3756,.F.);
#6350=ORIENTED_EDGE('',*,*,#4544,.T.);
#6351=ORIENTED_EDGE('',*,*,#4542,.T.);
#6352=ORIENTED_EDGE('',*,*,#4545,.F.);
#6353=ORIENTED_EDGE('',*,*,#3757,.F.);
#6354=ORIENTED_EDGE('',*,*,#4545,.T.);
#6355=ORIENTED_EDGE('',*,*,#4541,.T.);
#6356=ORIENTED_EDGE('',*,*,#4546,.F.);
#6357=ORIENTED_EDGE('',*,*,#3752,.F.);
#6358=ORIENTED_EDGE('',*,*,#4546,.T.);
#6359=ORIENTED_EDGE('',*,*,#4540,.T.);
#6360=ORIENTED_EDGE('',*,*,#4547,.F.);
#6361=ORIENTED_EDGE('',*,*,#3753,.F.);
#6362=ORIENTED_EDGE('',*,*,#4547,.T.);
#6363=ORIENTED_EDGE('',*,*,#4539,.T.);
#6364=ORIENTED_EDGE('',*,*,#4548,.F.);
#6365=ORIENTED_EDGE('',*,*,#3754,.F.);
#6366=ORIENTED_EDGE('',*,*,#4548,.T.);
#6367=ORIENTED_EDGE('',*,*,#4538,.T.);
#6368=ORIENTED_EDGE('',*,*,#4543,.F.);
#6369=ORIENTED_EDGE('',*,*,#3654,.T.);
#6370=ORIENTED_EDGE('',*,*,#3863,.F.);
#6371=ORIENTED_EDGE('',*,*,#3740,.T.);
#6372=ORIENTED_EDGE('',*,*,#4549,.T.);
#6373=ORIENTED_EDGE('',*,*,#3656,.T.);
#6374=ORIENTED_EDGE('',*,*,#4550,.T.);
#6375=ORIENTED_EDGE('',*,*,#3738,.T.);
#6376=ORIENTED_EDGE('',*,*,#3871,.T.);
#6377=ORIENTED_EDGE('',*,*,#3655,.T.);
#6378=ORIENTED_EDGE('',*,*,#4549,.F.);
#6379=ORIENTED_EDGE('',*,*,#3739,.F.);
#6380=ORIENTED_EDGE('',*,*,#4550,.F.);
#6381=ORIENTED_EDGE('',*,*,#3663,.T.);
#6382=ORIENTED_EDGE('',*,*,#4551,.T.);
#6383=ORIENTED_EDGE('',*,*,#3726,.T.);
#6384=ORIENTED_EDGE('',*,*,#3883,.T.);
#6385=ORIENTED_EDGE('',*,*,#3662,.T.);
#6386=ORIENTED_EDGE('',*,*,#4552,.F.);
#6387=ORIENTED_EDGE('',*,*,#3727,.T.);
#6388=ORIENTED_EDGE('',*,*,#4551,.F.);
#6389=ORIENTED_EDGE('',*,*,#3661,.T.);
#6390=ORIENTED_EDGE('',*,*,#3819,.T.);
#6391=ORIENTED_EDGE('',*,*,#3728,.T.);
#6392=ORIENTED_EDGE('',*,*,#4552,.T.);
#6393=ORIENTED_EDGE('',*,*,#4553,.T.);
#6394=ORIENTED_EDGE('',*,*,#4554,.T.);
#6395=ORIENTED_EDGE('',*,*,#4555,.T.);
#6396=ORIENTED_EDGE('',*,*,#4556,.T.);
#6397=ORIENTED_EDGE('',*,*,#4557,.T.);
#6398=ORIENTED_EDGE('',*,*,#4558,.T.);
#6399=ORIENTED_EDGE('',*,*,#4559,.T.);
#6400=ORIENTED_EDGE('',*,*,#4560,.T.);
#6401=ORIENTED_EDGE('',*,*,#4561,.T.);
#6402=ORIENTED_EDGE('',*,*,#4562,.T.);
#6403=ORIENTED_EDGE('',*,*,#4563,.T.);
#6404=ORIENTED_EDGE('',*,*,#4564,.T.);
#6405=ORIENTED_EDGE('',*,*,#4565,.T.);
#6406=ORIENTED_EDGE('',*,*,#4566,.F.);
#6407=ORIENTED_EDGE('',*,*,#4567,.F.);
#6408=ORIENTED_EDGE('',*,*,#4568,.F.);
#6409=ORIENTED_EDGE('',*,*,#4569,.F.);
#6410=ORIENTED_EDGE('',*,*,#4570,.F.);
#6411=ORIENTED_EDGE('',*,*,#4571,.F.);
#6412=ORIENTED_EDGE('',*,*,#4572,.F.);
#6413=ORIENTED_EDGE('',*,*,#3769,.F.);
#6414=ORIENTED_EDGE('',*,*,#4573,.T.);
#6415=ORIENTED_EDGE('',*,*,#4566,.T.);
#6416=ORIENTED_EDGE('',*,*,#4574,.F.);
#6417=ORIENTED_EDGE('',*,*,#3764,.F.);
#6418=ORIENTED_EDGE('',*,*,#4574,.T.);
#6419=ORIENTED_EDGE('',*,*,#4571,.T.);
#6420=ORIENTED_EDGE('',*,*,#4575,.F.);
#6421=ORIENTED_EDGE('',*,*,#3765,.F.);
#6422=ORIENTED_EDGE('',*,*,#4575,.T.);
#6423=ORIENTED_EDGE('',*,*,#4570,.T.);
#6424=ORIENTED_EDGE('',*,*,#4576,.F.);
#6425=ORIENTED_EDGE('',*,*,#3766,.F.);
#6426=ORIENTED_EDGE('',*,*,#4576,.T.);
#6427=ORIENTED_EDGE('',*,*,#4569,.T.);
#6428=ORIENTED_EDGE('',*,*,#4577,.F.);
#6429=ORIENTED_EDGE('',*,*,#3767,.F.);
#6430=ORIENTED_EDGE('',*,*,#4577,.T.);
#6431=ORIENTED_EDGE('',*,*,#4568,.T.);
#6432=ORIENTED_EDGE('',*,*,#4578,.F.);
#6433=ORIENTED_EDGE('',*,*,#3768,.F.);
#6434=ORIENTED_EDGE('',*,*,#4578,.T.);
#6435=ORIENTED_EDGE('',*,*,#4567,.T.);
#6436=ORIENTED_EDGE('',*,*,#4573,.F.);
#6437=ORIENTED_EDGE('',*,*,#4572,.T.);
#6438=ORIENTED_EDGE('',*,*,#4579,.T.);
#6439=ORIENTED_EDGE('',*,*,#3665,.T.);
#6440=ORIENTED_EDGE('',*,*,#4579,.F.);
#6441=ORIENTED_EDGE('',*,*,#3733,.T.);
#6442=ORIENTED_EDGE('',*,*,#4064,.T.);
#6443=ORIENTED_EDGE('',*,*,#4580,.T.);
#6444=ORIENTED_EDGE('',*,*,#4581,.F.);
#6445=ORIENTED_EDGE('',*,*,#3734,.T.);
#6446=ORIENTED_EDGE('',*,*,#4581,.T.);
#6447=ORIENTED_EDGE('',*,*,#4582,.F.);
#6448=ORIENTED_EDGE('',*,*,#4364,.F.);
#6449=ORIENTED_EDGE('',*,*,#4583,.T.);
#6450=ORIENTED_EDGE('',*,*,#4584,.T.);
#6451=ORIENTED_EDGE('',*,*,#4585,.T.);
#6452=ORIENTED_EDGE('',*,*,#4586,.T.);
#6453=ORIENTED_EDGE('',*,*,#4587,.T.);
#6454=ORIENTED_EDGE('',*,*,#4588,.F.);
#6455=ORIENTED_EDGE('',*,*,#4589,.F.);
#6456=ORIENTED_EDGE('',*,*,#4590,.F.);
#6457=ORIENTED_EDGE('',*,*,#4591,.F.);
#6458=ORIENTED_EDGE('',*,*,#4592,.F.);
#6459=ORIENTED_EDGE('',*,*,#4593,.F.);
#6460=ORIENTED_EDGE('',*,*,#4594,.F.);
#6461=ORIENTED_EDGE('',*,*,#4595,.F.);
#6462=ORIENTED_EDGE('',*,*,#4596,.F.);
#6463=ORIENTED_EDGE('',*,*,#4597,.F.);
#6464=ORIENTED_EDGE('',*,*,#4598,.F.);
#6465=ORIENTED_EDGE('',*,*,#4599,.F.);
#6466=ORIENTED_EDGE('',*,*,#4555,.F.);
#6467=ORIENTED_EDGE('',*,*,#4600,.T.);
#6468=ORIENTED_EDGE('',*,*,#4588,.T.);
#6469=ORIENTED_EDGE('',*,*,#4601,.F.);
#6470=ORIENTED_EDGE('',*,*,#4556,.F.);
#6471=ORIENTED_EDGE('',*,*,#4601,.T.);
#6472=ORIENTED_EDGE('',*,*,#4599,.T.);
#6473=ORIENTED_EDGE('',*,*,#4602,.F.);
#6474=ORIENTED_EDGE('',*,*,#4557,.F.);
#6475=ORIENTED_EDGE('',*,*,#4602,.T.);
#6476=ORIENTED_EDGE('',*,*,#4598,.T.);
#6477=ORIENTED_EDGE('',*,*,#4603,.F.);
#6478=ORIENTED_EDGE('',*,*,#4558,.F.);
#6479=ORIENTED_EDGE('',*,*,#4603,.T.);
#6480=ORIENTED_EDGE('',*,*,#4597,.T.);
#6481=ORIENTED_EDGE('',*,*,#4604,.F.);
#6482=ORIENTED_EDGE('',*,*,#4559,.F.);
#6483=ORIENTED_EDGE('',*,*,#4604,.T.);
#6484=ORIENTED_EDGE('',*,*,#4596,.T.);
#6485=ORIENTED_EDGE('',*,*,#4605,.F.);
#6486=ORIENTED_EDGE('',*,*,#4560,.F.);
#6487=ORIENTED_EDGE('',*,*,#4605,.T.);
#6488=ORIENTED_EDGE('',*,*,#4595,.T.);
#6489=ORIENTED_EDGE('',*,*,#4606,.F.);
#6490=ORIENTED_EDGE('',*,*,#4561,.F.);
#6491=ORIENTED_EDGE('',*,*,#4606,.T.);
#6492=ORIENTED_EDGE('',*,*,#4594,.T.);
#6493=ORIENTED_EDGE('',*,*,#4607,.F.);
#6494=ORIENTED_EDGE('',*,*,#4562,.F.);
#6495=ORIENTED_EDGE('',*,*,#4607,.T.);
#6496=ORIENTED_EDGE('',*,*,#4593,.T.);
#6497=ORIENTED_EDGE('',*,*,#4608,.F.);
#6498=ORIENTED_EDGE('',*,*,#4563,.F.);
#6499=ORIENTED_EDGE('',*,*,#4608,.T.);
#6500=ORIENTED_EDGE('',*,*,#4592,.T.);
#6501=ORIENTED_EDGE('',*,*,#4609,.F.);
#6502=ORIENTED_EDGE('',*,*,#4564,.F.);
#6503=ORIENTED_EDGE('',*,*,#4609,.T.);
#6504=ORIENTED_EDGE('',*,*,#4591,.T.);
#6505=ORIENTED_EDGE('',*,*,#4610,.F.);
#6506=ORIENTED_EDGE('',*,*,#4565,.F.);
#6507=ORIENTED_EDGE('',*,*,#4610,.T.);
#6508=ORIENTED_EDGE('',*,*,#4590,.T.);
#6509=ORIENTED_EDGE('',*,*,#4611,.F.);
#6510=ORIENTED_EDGE('',*,*,#4554,.F.);
#6511=ORIENTED_EDGE('',*,*,#4611,.T.);
#6512=ORIENTED_EDGE('',*,*,#4589,.T.);
#6513=ORIENTED_EDGE('',*,*,#4600,.F.);
#6514=ORIENTED_EDGE('',*,*,#4612,.F.);
#6515=ORIENTED_EDGE('',*,*,#4613,.F.);
#6516=ORIENTED_EDGE('',*,*,#3763,.F.);
#6517=ORIENTED_EDGE('',*,*,#4614,.T.);
#6518=ORIENTED_EDGE('',*,*,#4612,.T.);
#6519=ORIENTED_EDGE('',*,*,#4614,.F.);
#6520=ORIENTED_EDGE('',*,*,#4583,.F.);
#6521=ORIENTED_EDGE('',*,*,#4615,.T.);
#6522=ORIENTED_EDGE('',*,*,#4613,.T.);
#6523=ORIENTED_EDGE('',*,*,#4615,.F.);
#6524=ORIENTED_EDGE('',*,*,#4616,.F.);
#6525=ORIENTED_EDGE('',*,*,#4617,.F.);
#6526=ORIENTED_EDGE('',*,*,#3762,.F.);
#6527=ORIENTED_EDGE('',*,*,#4618,.T.);
#6528=ORIENTED_EDGE('',*,*,#4616,.T.);
#6529=ORIENTED_EDGE('',*,*,#4618,.F.);
#6530=ORIENTED_EDGE('',*,*,#4553,.F.);
#6531=ORIENTED_EDGE('',*,*,#4619,.T.);
#6532=ORIENTED_EDGE('',*,*,#4617,.T.);
#6533=ORIENTED_EDGE('',*,*,#4619,.F.);
#6534=ORIENTED_EDGE('',*,*,#4620,.F.);
#6535=ORIENTED_EDGE('',*,*,#4621,.F.);
#6536=ORIENTED_EDGE('',*,*,#4622,.F.);
#6537=ORIENTED_EDGE('',*,*,#4623,.F.);
#6538=ORIENTED_EDGE('',*,*,#4585,.F.);
#6539=ORIENTED_EDGE('',*,*,#4624,.T.);
#6540=ORIENTED_EDGE('',*,*,#4620,.T.);
#6541=ORIENTED_EDGE('',*,*,#4625,.F.);
#6542=ORIENTED_EDGE('',*,*,#4586,.F.);
#6543=ORIENTED_EDGE('',*,*,#4625,.T.);
#6544=ORIENTED_EDGE('',*,*,#4623,.T.);
#6545=ORIENTED_EDGE('',*,*,#4626,.F.);
#6546=ORIENTED_EDGE('',*,*,#4587,.F.);
#6547=ORIENTED_EDGE('',*,*,#4626,.T.);
#6548=ORIENTED_EDGE('',*,*,#4622,.T.);
#6549=ORIENTED_EDGE('',*,*,#4627,.F.);
#6550=ORIENTED_EDGE('',*,*,#4584,.F.);
#6551=ORIENTED_EDGE('',*,*,#4627,.T.);
#6552=ORIENTED_EDGE('',*,*,#4621,.T.);
#6553=ORIENTED_EDGE('',*,*,#4624,.F.);
#6554=ORIENTED_EDGE('',*,*,#4628,.F.);
#6555=ORIENTED_EDGE('',*,*,#4629,.F.);
#6556=ORIENTED_EDGE('',*,*,#4630,.F.);
#6557=ORIENTED_EDGE('',*,*,#4631,.T.);
#6558=ORIENTED_EDGE('',*,*,#4263,.F.);
#6559=ORIENTED_EDGE('',*,*,#4632,.F.);
#6560=ORIENTED_EDGE('',*,*,#4633,.T.);
#6561=ORIENTED_EDGE('',*,*,#4634,.T.);
#6562=ORIENTED_EDGE('',*,*,#4177,.T.);
#6563=ORIENTED_EDGE('',*,*,#3704,.T.);
#6564=ORIENTED_EDGE('',*,*,#4635,.F.);
#6565=ORIENTED_EDGE('',*,*,#4629,.T.);
#6566=ORIENTED_EDGE('',*,*,#4636,.T.);
#6567=ORIENTED_EDGE('',*,*,#4630,.T.);
#6568=ORIENTED_EDGE('',*,*,#4635,.T.);
#6569=ORIENTED_EDGE('',*,*,#4637,.F.);
#6570=ORIENTED_EDGE('',*,*,#4638,.T.);
#6571=ORIENTED_EDGE('',*,*,#4639,.F.);
#6572=ORIENTED_EDGE('',*,*,#4272,.F.);
#6573=ORIENTED_EDGE('',*,*,#3990,.F.);
#6574=ORIENTED_EDGE('',*,*,#3721,.T.);
#6575=ORIENTED_EDGE('',*,*,#4640,.F.);
#6576=ORIENTED_EDGE('',*,*,#3717,.F.);
#6577=ORIENTED_EDGE('',*,*,#3984,.F.);
#6578=ORIENTED_EDGE('',*,*,#4641,.T.);
#6579=ORIENTED_EDGE('',*,*,#3718,.T.);
#6580=ORIENTED_EDGE('',*,*,#4640,.T.);
#6581=ORIENTED_EDGE('',*,*,#4642,.T.);
#6582=ORIENTED_EDGE('',*,*,#4271,.T.);
#6583=ORIENTED_EDGE('',*,*,#4643,.T.);
#6584=ORIENTED_EDGE('',*,*,#4644,.F.);
#6585=ORIENTED_EDGE('',*,*,#3719,.F.);
#6586=ORIENTED_EDGE('',*,*,#4643,.F.);
#6587=ORIENTED_EDGE('',*,*,#4270,.F.);
#6588=ORIENTED_EDGE('',*,*,#3720,.T.);
#6589=ORIENTED_EDGE('',*,*,#4644,.T.);
#6590=ORIENTED_EDGE('',*,*,#4269,.T.);
#6591=ORIENTED_EDGE('',*,*,#4639,.T.);
#6592=ORIENTED_EDGE('',*,*,#4645,.F.);
#6593=ORIENTED_EDGE('',*,*,#4646,.F.);
#6594=ORIENTED_EDGE('',*,*,#4647,.F.);
#6595=ORIENTED_EDGE('',*,*,#4648,.T.);
#6596=ORIENTED_EDGE('',*,*,#4479,.T.);
#6597=ORIENTED_EDGE('',*,*,#4649,.T.);
#6598=ORIENTED_EDGE('',*,*,#4647,.T.);
#6599=ORIENTED_EDGE('',*,*,#4650,.T.);
#6600=ORIENTED_EDGE('',*,*,#4651,.T.);
#6601=ORIENTED_EDGE('',*,*,#4652,.F.);
#6602=ORIENTED_EDGE('',*,*,#4489,.F.);
#6603=ORIENTED_EDGE('',*,*,#4653,.F.);
#6604=ORIENTED_EDGE('',*,*,#3988,.F.);
#6605=ORIENTED_EDGE('',*,*,#3750,.T.);
#6606=ORIENTED_EDGE('',*,*,#4654,.F.);
#6607=ORIENTED_EDGE('',*,*,#3746,.F.);
#6608=ORIENTED_EDGE('',*,*,#3993,.F.);
#6609=ORIENTED_EDGE('',*,*,#4488,.T.);
#6610=ORIENTED_EDGE('',*,*,#4487,.T.);
#6611=ORIENTED_EDGE('',*,*,#4655,.T.);
#6612=ORIENTED_EDGE('',*,*,#3747,.T.);
#6613=ORIENTED_EDGE('',*,*,#4654,.T.);
#6614=ORIENTED_EDGE('',*,*,#4656,.F.);
#6615=ORIENTED_EDGE('',*,*,#3748,.T.);
#6616=ORIENTED_EDGE('',*,*,#4655,.F.);
#6617=ORIENTED_EDGE('',*,*,#4486,.T.);
#6618=ORIENTED_EDGE('',*,*,#3749,.T.);
#6619=ORIENTED_EDGE('',*,*,#4656,.T.);
#6620=ORIENTED_EDGE('',*,*,#4485,.T.);
#6621=ORIENTED_EDGE('',*,*,#4652,.T.);
#6622=ORIENTED_EDGE('',*,*,#4657,.F.);
#6623=ORIENTED_EDGE('',*,*,#4648,.F.);
#6624=ORIENTED_EDGE('',*,*,#4649,.F.);
#6625=ORIENTED_EDGE('',*,*,#4658,.F.);
#6626=ORIENTED_EDGE('',*,*,#3698,.F.);
#6627=ORIENTED_EDGE('',*,*,#4442,.F.);
#6628=ORIENTED_EDGE('',*,*,#4659,.F.);
#6629=ORIENTED_EDGE('',*,*,#4660,.T.);
#6630=ORIENTED_EDGE('',*,*,#4661,.T.);
#6631=ORIENTED_EDGE('',*,*,#4662,.F.);
#6632=ORIENTED_EDGE('',*,*,#4663,.F.);
#6633=ORIENTED_EDGE('',*,*,#4664,.T.);
#6634=ORIENTED_EDGE('',*,*,#4665,.F.);
#6635=ORIENTED_EDGE('',*,*,#4666,.F.);
#6636=ORIENTED_EDGE('',*,*,#4667,.F.);
#6637=ORIENTED_EDGE('',*,*,#4668,.F.);
#6638=ORIENTED_EDGE('',*,*,#4669,.F.);
#6639=ORIENTED_EDGE('',*,*,#4666,.T.);
#6640=ORIENTED_EDGE('',*,*,#4665,.T.);
#6641=ORIENTED_EDGE('',*,*,#4659,.T.);
#6642=ORIENTED_EDGE('',*,*,#4444,.F.);
#6643=ORIENTED_EDGE('',*,*,#4449,.T.);
#6644=ORIENTED_EDGE('',*,*,#4490,.T.);
#6645=ORIENTED_EDGE('',*,*,#4451,.F.);
#6646=ORIENTED_EDGE('',*,*,#3874,.F.);
#6647=ORIENTED_EDGE('',*,*,#4670,.F.);
#6648=ORIENTED_EDGE('',*,*,#4671,.T.);
#6649=ORIENTED_EDGE('',*,*,#4672,.T.);
#6650=ORIENTED_EDGE('',*,*,#4667,.T.);
#6651=ORIENTED_EDGE('',*,*,#4669,.T.);
#6652=ORIENTED_EDGE('',*,*,#4673,.F.);
#6653=ORIENTED_EDGE('',*,*,#4660,.F.);
#6654=ORIENTED_EDGE('',*,*,#4668,.T.);
#6655=ORIENTED_EDGE('',*,*,#4672,.F.);
#6656=ORIENTED_EDGE('',*,*,#4674,.F.);
#6657=ORIENTED_EDGE('',*,*,#4657,.T.);
#6658=ORIENTED_EDGE('',*,*,#4673,.T.);
#6659=ORIENTED_EDGE('',*,*,#4675,.T.);
#6660=ORIENTED_EDGE('',*,*,#4645,.T.);
#6661=ORIENTED_EDGE('',*,*,#4664,.F.);
#6662=ORIENTED_EDGE('',*,*,#4676,.F.);
#6663=ORIENTED_EDGE('',*,*,#4677,.T.);
#6664=ORIENTED_EDGE('',*,*,#3816,.T.);
#6665=ORIENTED_EDGE('',*,*,#4180,.T.);
#6666=ORIENTED_EDGE('',*,*,#4273,.F.);
#6667=ORIENTED_EDGE('',*,*,#3688,.F.);
#6668=ORIENTED_EDGE('',*,*,#4178,.T.);
#6669=ORIENTED_EDGE('',*,*,#4634,.F.);
#6670=ORIENTED_EDGE('',*,*,#4661,.F.);
#6671=ORIENTED_EDGE('',*,*,#4678,.T.);
#6672=ORIENTED_EDGE('',*,*,#4676,.T.);
#6673=ORIENTED_EDGE('',*,*,#4663,.T.);
#6674=ORIENTED_EDGE('',*,*,#4679,.T.);
#6675=ORIENTED_EDGE('',*,*,#4306,.F.);
#6676=ORIENTED_EDGE('',*,*,#4309,.F.);
#6677=ORIENTED_EDGE('',*,*,#4311,.F.);
#6678=ORIENTED_EDGE('',*,*,#4313,.F.);
#6679=ORIENTED_EDGE('',*,*,#4318,.T.);
#6680=ORIENTED_EDGE('',*,*,#4320,.T.);
#6681=ORIENTED_EDGE('',*,*,#4322,.F.);
#6682=ORIENTED_EDGE('',*,*,#4325,.F.);
#6683=ORIENTED_EDGE('',*,*,#4327,.F.);
#6684=ORIENTED_EDGE('',*,*,#4329,.F.);
#6685=ORIENTED_EDGE('',*,*,#4332,.F.);
#6686=ORIENTED_EDGE('',*,*,#4334,.F.);
#6687=ORIENTED_EDGE('',*,*,#4336,.F.);
#6688=ORIENTED_EDGE('',*,*,#4339,.F.);
#6689=ORIENTED_EDGE('',*,*,#4341,.F.);
#6690=ORIENTED_EDGE('',*,*,#4343,.F.);
#6691=ORIENTED_EDGE('',*,*,#4346,.F.);
#6692=ORIENTED_EDGE('',*,*,#4348,.F.);
#6693=ORIENTED_EDGE('',*,*,#4354,.T.);
#6694=ORIENTED_EDGE('',*,*,#4360,.T.);
#6695=ORIENTED_EDGE('',*,*,#4680,.F.);
#6696=ORIENTED_EDGE('',*,*,#4650,.F.);
#6697=ORIENTED_EDGE('',*,*,#4646,.T.);
#6698=ORIENTED_EDGE('',*,*,#4675,.F.);
#6699=ORIENTED_EDGE('',*,*,#4674,.T.);
#6700=ORIENTED_EDGE('',*,*,#4671,.F.);
#6701=ORIENTED_EDGE('',*,*,#4670,.T.);
#6702=ORIENTED_EDGE('',*,*,#3873,.F.);
#6703=ORIENTED_EDGE('',*,*,#4362,.T.);
#6704=ORIENTED_EDGE('',*,*,#4363,.F.);
#6705=ORIENTED_EDGE('',*,*,#4582,.T.);
#6706=ORIENTED_EDGE('',*,*,#4580,.F.);
#6707=ORIENTED_EDGE('',*,*,#4063,.F.);
#6708=ORIENTED_EDGE('',*,*,#4061,.T.);
#6709=ORIENTED_EDGE('',*,*,#4060,.F.);
#6710=ORIENTED_EDGE('',*,*,#3817,.T.);
#6711=ORIENTED_EDGE('',*,*,#4677,.F.);
#6712=ORIENTED_EDGE('',*,*,#4678,.F.);
#6713=ORIENTED_EDGE('',*,*,#4681,.T.);
#6714=ORIENTED_EDGE('',*,*,#4682,.F.);
#6715=ORIENTED_EDGE('',*,*,#4631,.F.);
#6716=ORIENTED_EDGE('',*,*,#4636,.F.);
#6717=ORIENTED_EDGE('',*,*,#4683,.T.);
#6718=ORIENTED_EDGE('',*,*,#4056,.F.);
#6719=ORIENTED_EDGE('',*,*,#4055,.F.);
#6720=ORIENTED_EDGE('',*,*,#4046,.T.);
#6721=ORIENTED_EDGE('',*,*,#4044,.T.);
#6722=ORIENTED_EDGE('',*,*,#4041,.T.);
#6723=ORIENTED_EDGE('',*,*,#4039,.T.);
#6724=ORIENTED_EDGE('',*,*,#4037,.T.);
#6725=ORIENTED_EDGE('',*,*,#4034,.T.);
#6726=ORIENTED_EDGE('',*,*,#4032,.T.);
#6727=ORIENTED_EDGE('',*,*,#4030,.T.);
#6728=ORIENTED_EDGE('',*,*,#4027,.T.);
#6729=ORIENTED_EDGE('',*,*,#4025,.T.);
#6730=ORIENTED_EDGE('',*,*,#4023,.T.);
#6731=ORIENTED_EDGE('',*,*,#4020,.T.);
#6732=ORIENTED_EDGE('',*,*,#4019,.F.);
#6733=ORIENTED_EDGE('',*,*,#4014,.F.);
#6734=ORIENTED_EDGE('',*,*,#4011,.T.);
#6735=ORIENTED_EDGE('',*,*,#4009,.T.);
#6736=ORIENTED_EDGE('',*,*,#4007,.T.);
#6737=ORIENTED_EDGE('',*,*,#4004,.T.);
#6738=ORIENTED_EDGE('',*,*,#4001,.T.);
#6739=ORIENTED_EDGE('',*,*,#3999,.T.);
#6740=ORIENTED_EDGE('',*,*,#3997,.T.);
#6741=ORIENTED_EDGE('',*,*,#3994,.T.);
#6742=ORIENTED_EDGE('',*,*,#4492,.T.);
#6743=ORIENTED_EDGE('',*,*,#4296,.F.);
#6744=ORIENTED_EDGE('',*,*,#4299,.F.);
#6745=ORIENTED_EDGE('',*,*,#4301,.F.);
#6746=ORIENTED_EDGE('',*,*,#4303,.F.);
#6747=ORIENTED_EDGE('',*,*,#4684,.F.);
#6748=ORIENTED_EDGE('',*,*,#4681,.F.);
#6749=ORIENTED_EDGE('',*,*,#4679,.F.);
#6750=ORIENTED_EDGE('',*,*,#4662,.T.);
#6751=ORIENTED_EDGE('',*,*,#4633,.F.);
#6752=ORIENTED_EDGE('',*,*,#4682,.T.);
#6753=ORIENTED_EDGE('',*,*,#4684,.T.);
#6754=ORIENTED_EDGE('',*,*,#4632,.T.);
#6755=ORIENTED_EDGE('',*,*,#4628,.T.);
#6756=ORIENTED_EDGE('',*,*,#4685,.T.);
#6757=ORIENTED_EDGE('',*,*,#4147,.F.);
#6758=ORIENTED_EDGE('',*,*,#4686,.F.);
#6759=ORIENTED_EDGE('',*,*,#4687,.F.);
#6760=ORIENTED_EDGE('',*,*,#4199,.T.);
#6761=ORIENTED_EDGE('',*,*,#4206,.F.);
#6762=ORIENTED_EDGE('',*,*,#4688,.F.);
#6763=ORIENTED_EDGE('',*,*,#4161,.T.);
#6764=ORIENTED_EDGE('',*,*,#4689,.F.);
#6765=ORIENTED_EDGE('',*,*,#4175,.T.);
#6766=ORIENTED_EDGE('',*,*,#4169,.F.);
#6767=ORIENTED_EDGE('',*,*,#4260,.F.);
#6768=ORIENTED_EDGE('',*,*,#4164,.F.);
#6769=ORIENTED_EDGE('',*,*,#4157,.T.);
#6770=ORIENTED_EDGE('',*,*,#4690,.F.);
#6771=ORIENTED_EDGE('',*,*,#4149,.F.);
#6772=ORIENTED_EDGE('',*,*,#4691,.F.);
#6773=ORIENTED_EDGE('',*,*,#4090,.F.);
#6774=ORIENTED_EDGE('',*,*,#4156,.F.);
#6775=ORIENTED_EDGE('',*,*,#4152,.F.);
#6776=ORIENTED_EDGE('',*,*,#4143,.F.);
#6777=ORIENTED_EDGE('',*,*,#4057,.F.);
#6778=ORIENTED_EDGE('',*,*,#4683,.F.);
#6779=ORIENTED_EDGE('',*,*,#4638,.F.);
#6780=ORIENTED_EDGE('',*,*,#4692,.F.);
#6781=ORIENTED_EDGE('',*,*,#4160,.F.);
#6782=ORIENTED_EDGE('',*,*,#4208,.F.);
#6783=ORIENTED_EDGE('',*,*,#4173,.F.);
#6784=ORIENTED_EDGE('',*,*,#4693,.T.);
#6785=ORIENTED_EDGE('',*,*,#4694,.F.);
#6786=ORIENTED_EDGE('',*,*,#4144,.F.);
#6787=ORIENTED_EDGE('',*,*,#4685,.F.);
#6788=ORIENTED_EDGE('',*,*,#4266,.F.);
#6789=ORIENTED_EDGE('',*,*,#4162,.T.);
#6790=ORIENTED_EDGE('',*,*,#4688,.T.);
#6791=ORIENTED_EDGE('',*,*,#4205,.T.);
#6792=ORIENTED_EDGE('',*,*,#4091,.T.);
#6793=ORIENTED_EDGE('',*,*,#4691,.T.);
#6794=ORIENTED_EDGE('',*,*,#4148,.F.);
#6795=ORIENTED_EDGE('',*,*,#4695,.F.);
#6796=ORIENTED_EDGE('',*,*,#4163,.T.);
#6797=ORIENTED_EDGE('',*,*,#4695,.T.);
#6798=ORIENTED_EDGE('',*,*,#4150,.F.);
#6799=ORIENTED_EDGE('',*,*,#4690,.T.);
#6800=ORIENTED_EDGE('',*,*,#4440,.F.);
#6801=ORIENTED_EDGE('',*,*,#4455,.F.);
#6802=ORIENTED_EDGE('',*,*,#4426,.F.);
#6803=ORIENTED_EDGE('',*,*,#4696,.F.);
#6804=ORIENTED_EDGE('',*,*,#4697,.F.);
#6805=ORIENTED_EDGE('',*,*,#4698,.F.);
#6806=ORIENTED_EDGE('',*,*,#4699,.F.);
#6807=ORIENTED_EDGE('',*,*,#4700,.F.);
#6808=ORIENTED_EDGE('',*,*,#4482,.F.);
#6809=ORIENTED_EDGE('',*,*,#4425,.T.);
#6810=ORIENTED_EDGE('',*,*,#4454,.T.);
#6811=ORIENTED_EDGE('',*,*,#3964,.F.);
#6812=ORIENTED_EDGE('',*,*,#4701,.T.);
#6813=ORIENTED_EDGE('',*,*,#4702,.T.);
#6814=ORIENTED_EDGE('',*,*,#4703,.F.);
#6815=ORIENTED_EDGE('',*,*,#4696,.T.);
#6816=ORIENTED_EDGE('',*,*,#4697,.T.);
#6817=ORIENTED_EDGE('',*,*,#4703,.T.);
#6818=ORIENTED_EDGE('',*,*,#4704,.T.);
#6819=ORIENTED_EDGE('',*,*,#4705,.T.);
#6820=ORIENTED_EDGE('',*,*,#4698,.T.);
#6821=ORIENTED_EDGE('',*,*,#4705,.F.);
#6822=ORIENTED_EDGE('',*,*,#4706,.T.);
#6823=ORIENTED_EDGE('',*,*,#4707,.F.);
#6824=ORIENTED_EDGE('',*,*,#4708,.T.);
#6825=ORIENTED_EDGE('',*,*,#4658,.T.);
#6826=ORIENTED_EDGE('',*,*,#4651,.F.);
#6827=ORIENTED_EDGE('',*,*,#4680,.T.);
#6828=ORIENTED_EDGE('',*,*,#4359,.T.);
#6829=ORIENTED_EDGE('',*,*,#4405,.T.);
#6830=ORIENTED_EDGE('',*,*,#4419,.T.);
#6831=ORIENTED_EDGE('',*,*,#4420,.T.);
#6832=ORIENTED_EDGE('',*,*,#3954,.T.);
#6833=ORIENTED_EDGE('',*,*,#4411,.T.);
#6834=ORIENTED_EDGE('',*,*,#4414,.T.);
#6835=ORIENTED_EDGE('',*,*,#4416,.T.);
#6836=ORIENTED_EDGE('',*,*,#4423,.T.);
#6837=ORIENTED_EDGE('',*,*,#4429,.T.);
#6838=ORIENTED_EDGE('',*,*,#4477,.T.);
#6839=ORIENTED_EDGE('',*,*,#4436,.T.);
#6840=ORIENTED_EDGE('',*,*,#4438,.T.);
#6841=ORIENTED_EDGE('',*,*,#4709,.T.);
#6842=ORIENTED_EDGE('',*,*,#4699,.T.);
#6843=ORIENTED_EDGE('',*,*,#4706,.F.);
#6844=ORIENTED_EDGE('',*,*,#4704,.F.);
#6845=ORIENTED_EDGE('',*,*,#4702,.F.);
#6846=ORIENTED_EDGE('',*,*,#4710,.T.);
#6847=ORIENTED_EDGE('',*,*,#4711,.F.);
#6848=ORIENTED_EDGE('',*,*,#4710,.F.);
#6849=ORIENTED_EDGE('',*,*,#4701,.F.);
#6850=ORIENTED_EDGE('',*,*,#3963,.F.);
#6851=ORIENTED_EDGE('',*,*,#4507,.F.);
#6852=ORIENTED_EDGE('',*,*,#4517,.F.);
#6853=ORIENTED_EDGE('',*,*,#4277,.T.);
#6854=ORIENTED_EDGE('',*,*,#4518,.T.);
#6855=ORIENTED_EDGE('',*,*,#4512,.T.);
#6856=ORIENTED_EDGE('',*,*,#4515,.T.);
#6857=ORIENTED_EDGE('',*,*,#3709,.F.);
#6858=ORIENTED_EDGE('',*,*,#3987,.F.);
#6859=ORIENTED_EDGE('',*,*,#4712,.T.);
#6860=ORIENTED_EDGE('',*,*,#4713,.T.);
#6861=ORIENTED_EDGE('',*,*,#4712,.F.);
#6862=ORIENTED_EDGE('',*,*,#3986,.T.);
#6863=ORIENTED_EDGE('',*,*,#4653,.T.);
#6864=ORIENTED_EDGE('',*,*,#3699,.F.);
#6865=ORIENTED_EDGE('',*,*,#4708,.F.);
#6866=ORIENTED_EDGE('',*,*,#4709,.F.);
#6867=ORIENTED_EDGE('',*,*,#4711,.T.);
#6868=ORIENTED_EDGE('',*,*,#4713,.F.);
#6869=ORIENTED_EDGE('',*,*,#4707,.T.);
#6870=ORIENTED_EDGE('',*,*,#4441,.F.);
#6871=ORIENTED_EDGE('',*,*,#4700,.T.);
#6872=ORIENTED_EDGE('',*,*,#4714,.T.);
#6873=ORIENTED_EDGE('',*,*,#4692,.T.);
#6874=ORIENTED_EDGE('',*,*,#4637,.T.);
#6875=ORIENTED_EDGE('',*,*,#3703,.T.);
#6876=ORIENTED_EDGE('',*,*,#4642,.F.);
#6877=ORIENTED_EDGE('',*,*,#4641,.F.);
#6878=ORIENTED_EDGE('',*,*,#3983,.T.);
#6879=ORIENTED_EDGE('',*,*,#4715,.T.);
#6880=ORIENTED_EDGE('',*,*,#4716,.F.);
#6881=ORIENTED_EDGE('',*,*,#4715,.F.);
#6882=ORIENTED_EDGE('',*,*,#3985,.F.);
#6883=ORIENTED_EDGE('',*,*,#3715,.T.);
#6884=ORIENTED_EDGE('',*,*,#4531,.F.);
#6885=ORIENTED_EDGE('',*,*,#4527,.F.);
#6886=ORIENTED_EDGE('',*,*,#4534,.F.);
#6887=ORIENTED_EDGE('',*,*,#4294,.F.);
#6888=ORIENTED_EDGE('',*,*,#4533,.T.);
#6889=ORIENTED_EDGE('',*,*,#4523,.T.);
#6890=ORIENTED_EDGE('',*,*,#4200,.T.);
#6891=ORIENTED_EDGE('',*,*,#4687,.T.);
#6892=ORIENTED_EDGE('',*,*,#4717,.T.);
#6893=ORIENTED_EDGE('',*,*,#4718,.T.);
#6894=ORIENTED_EDGE('',*,*,#4717,.F.);
#6895=ORIENTED_EDGE('',*,*,#4686,.T.);
#6896=ORIENTED_EDGE('',*,*,#4146,.T.);
#6897=ORIENTED_EDGE('',*,*,#4719,.T.);
#6898=ORIENTED_EDGE('',*,*,#4720,.T.);
#6899=ORIENTED_EDGE('',*,*,#4719,.F.);
#6900=ORIENTED_EDGE('',*,*,#4145,.T.);
#6901=ORIENTED_EDGE('',*,*,#4694,.T.);
#6902=ORIENTED_EDGE('',*,*,#4176,.T.);
#6903=ORIENTED_EDGE('',*,*,#4689,.T.);
#6904=ORIENTED_EDGE('',*,*,#4714,.F.);
#6905=ORIENTED_EDGE('',*,*,#4716,.T.);
#6906=ORIENTED_EDGE('',*,*,#4718,.F.);
#6907=ORIENTED_EDGE('',*,*,#4720,.F.);
#6908=ORIENTED_EDGE('',*,*,#4693,.F.);
#6909=ORIENTED_EDGE('',*,*,#3864,.F.);
#6910=ORIENTED_EDGE('',*,*,#3776,.F.);
#6911=ORIENTED_EDGE('',*,*,#3774,.F.);
#6912=ORIENTED_EDGE('',*,*,#3772,.F.);
#6913=ORIENTED_EDGE('',*,*,#3788,.T.);
#6914=ORIENTED_EDGE('',*,*,#3870,.F.);
#6915=ORIENTED_EDGE('',*,*,#3802,.T.);
#6916=ORIENTED_EDGE('',*,*,#4721,.F.);
#6917=ORIENTED_EDGE('',*,*,#3760,.F.);
#6918=ORIENTED_EDGE('',*,*,#3835,.T.);
#6919=ORIENTED_EDGE('',*,*,#3917,.T.);
#6920=ORIENTED_EDGE('',*,*,#3916,.T.);
#6921=ORIENTED_EDGE('',*,*,#3915,.T.);
#6922=ORIENTED_EDGE('',*,*,#3914,.T.);
#6923=ORIENTED_EDGE('',*,*,#3913,.T.);
#6924=ORIENTED_EDGE('',*,*,#3912,.T.);
#6925=ORIENTED_EDGE('',*,*,#3911,.T.);
#6926=ORIENTED_EDGE('',*,*,#3910,.T.);
#6927=ORIENTED_EDGE('',*,*,#3909,.T.);
#6928=ORIENTED_EDGE('',*,*,#3908,.T.);
#6929=ORIENTED_EDGE('',*,*,#3907,.T.);
#6930=ORIENTED_EDGE('',*,*,#4466,.T.);
#6931=ORIENTED_EDGE('',*,*,#4722,.T.);
#6932=ORIENTED_EDGE('',*,*,#4723,.T.);
#6933=ORIENTED_EDGE('',*,*,#3891,.F.);
#6934=ORIENTED_EDGE('',*,*,#4722,.F.);
#6935=ORIENTED_EDGE('',*,*,#4465,.T.);
#6936=ORIENTED_EDGE('',*,*,#4462,.T.);
#6937=ORIENTED_EDGE('',*,*,#4724,.F.);
#6938=ORIENTED_EDGE('',*,*,#4725,.F.);
#6939=ORIENTED_EDGE('',*,*,#3851,.T.);
#6940=ORIENTED_EDGE('',*,*,#4723,.F.);
#6941=ORIENTED_EDGE('',*,*,#4724,.T.);
#6942=ORIENTED_EDGE('',*,*,#4474,.T.);
#6943=ORIENTED_EDGE('',*,*,#4473,.T.);
#6944=ORIENTED_EDGE('',*,*,#4472,.T.);
#6945=ORIENTED_EDGE('',*,*,#4471,.T.);
#6946=ORIENTED_EDGE('',*,*,#3847,.T.);
#6947=ORIENTED_EDGE('',*,*,#4725,.T.);
#6948=ORIENTED_EDGE('',*,*,#3831,.T.);
#6949=ORIENTED_EDGE('',*,*,#4726,.T.);
#6950=ORIENTED_EDGE('',*,*,#4727,.T.);
#6951=ORIENTED_EDGE('',*,*,#4728,.T.);
#6952=ORIENTED_EDGE('',*,*,#4729,.T.);
#6953=ORIENTED_EDGE('',*,*,#4730,.F.);
#6954=ORIENTED_EDGE('',*,*,#4244,.F.);
#6955=ORIENTED_EDGE('',*,*,#4731,.T.);
#6956=ORIENTED_EDGE('',*,*,#4728,.F.);
#6957=ORIENTED_EDGE('',*,*,#4732,.F.);
#6958=ORIENTED_EDGE('',*,*,#4733,.F.);
#6959=ORIENTED_EDGE('',*,*,#4239,.F.);
#6960=ORIENTED_EDGE('',*,*,#4243,.F.);
#6961=ORIENTED_EDGE('',*,*,#4242,.F.);
#6962=ORIENTED_EDGE('',*,*,#4241,.F.);
#6963=ORIENTED_EDGE('',*,*,#4734,.F.);
#6964=ORIENTED_EDGE('',*,*,#3832,.T.);
#6965=ORIENTED_EDGE('',*,*,#4729,.F.);
#6966=ORIENTED_EDGE('',*,*,#4731,.F.);
#6967=ORIENTED_EDGE('',*,*,#4236,.F.);
#6968=ORIENTED_EDGE('',*,*,#3642,.T.);
#6969=ORIENTED_EDGE('',*,*,#3640,.T.);
#6970=ORIENTED_EDGE('',*,*,#3842,.F.);
#6971=ORIENTED_EDGE('',*,*,#4240,.F.);
#6972=ORIENTED_EDGE('',*,*,#4733,.T.);
#6973=ORIENTED_EDGE('',*,*,#4726,.F.);
#6974=ORIENTED_EDGE('',*,*,#3830,.T.);
#6975=ORIENTED_EDGE('',*,*,#3646,.T.);
#6976=ORIENTED_EDGE('',*,*,#3834,.F.);
#6977=ORIENTED_EDGE('',*,*,#3761,.F.);
#6978=ORIENTED_EDGE('',*,*,#4721,.T.);
#6979=ORIENTED_EDGE('',*,*,#3801,.T.);
#6980=ORIENTED_EDGE('',*,*,#3651,.T.);
#6981=ORIENTED_EDGE('',*,*,#4730,.T.);
#6982=ORIENTED_EDGE('',*,*,#4735,.F.);
#6983=ORIENTED_EDGE('',*,*,#4736,.F.);
#6984=ORIENTED_EDGE('',*,*,#4219,.F.);
#6985=ORIENTED_EDGE('',*,*,#4255,.F.);
#6986=ORIENTED_EDGE('',*,*,#4254,.F.);
#6987=ORIENTED_EDGE('',*,*,#4253,.F.);
#6988=ORIENTED_EDGE('',*,*,#4252,.F.);
#6989=ORIENTED_EDGE('',*,*,#4251,.F.);
#6990=ORIENTED_EDGE('',*,*,#4250,.F.);
#6991=ORIENTED_EDGE('',*,*,#4249,.F.);
#6992=ORIENTED_EDGE('',*,*,#4248,.F.);
#6993=ORIENTED_EDGE('',*,*,#4247,.F.);
#6994=ORIENTED_EDGE('',*,*,#4246,.F.);
#6995=ORIENTED_EDGE('',*,*,#4245,.F.);
#6996=ORIENTED_EDGE('',*,*,#4735,.T.);
#6997=ORIENTED_EDGE('',*,*,#4727,.F.);
#6998=ORIENTED_EDGE('',*,*,#4732,.T.);
#6999=ORIENTED_EDGE('',*,*,#4734,.T.);
#7000=ORIENTED_EDGE('',*,*,#4214,.F.);
#7001=ORIENTED_EDGE('',*,*,#4217,.F.);
#7002=ORIENTED_EDGE('',*,*,#4736,.T.);
#7003=PLANE('',#7727);
#7004=PLANE('',#7752);
#7005=PLANE('',#7762);
#7006=PLANE('',#7763);
#7007=PLANE('',#7769);
#7008=PLANE('',#7770);
#7009=PLANE('',#7772);
#7010=PLANE('',#7773);
#7011=PLANE('',#7774);
#7012=PLANE('',#7775);
#7013=PLANE('',#7794);
#7014=PLANE('',#7795);
#7015=PLANE('',#7796);
#7016=PLANE('',#7798);
#7017=PLANE('',#7800);
#7018=PLANE('',#7802);
#7019=PLANE('',#7803);
#7020=PLANE('',#7812);
#7021=PLANE('',#7814);
#7022=PLANE('',#7818);
#7023=PLANE('',#7820);
#7024=PLANE('',#7821);
#7025=PLANE('',#7822);
#7026=PLANE('',#7824);
#7027=PLANE('',#7827);
#7028=PLANE('',#7829);
#7029=PLANE('',#7831);
#7030=PLANE('',#7832);
#7031=PLANE('',#7833);
#7032=PLANE('',#7836);
#7033=PLANE('',#7837);
#7034=PLANE('',#7838);
#7035=PLANE('',#7840);
#7036=PLANE('',#7841);
#7037=PLANE('',#7842);
#7038=PLANE('',#7843);
#7039=PLANE('',#7844);
#7040=PLANE('',#7845);
#7041=PLANE('',#7846);
#7042=PLANE('',#7847);
#7043=PLANE('',#7850);
#7044=PLANE('',#7854);
#7045=PLANE('',#7862);
#7046=PLANE('',#7865);
#7047=PLANE('',#7866);
#7048=PLANE('',#7867);
#7049=PLANE('',#7868);
#7050=PLANE('',#7869);
#7051=PLANE('',#7870);
#7052=PLANE('',#7871);
#7053=PLANE('',#7872);
#7054=PLANE('',#7873);
#7055=PLANE('',#7874);
#7056=PLANE('',#7875);
#7057=PLANE('',#7876);
#7058=PLANE('',#7877);
#7059=PLANE('',#7878);
#7060=PLANE('',#7879);
#7061=PLANE('',#7880);
#7062=PLANE('',#7881);
#7063=PLANE('',#7882);
#7064=PLANE('',#7883);
#7065=PLANE('',#7884);
#7066=PLANE('',#7885);
#7067=PLANE('',#7886);
#7068=PLANE('',#7891);
#7069=PLANE('',#7892);
#7070=PLANE('',#7895);
#7071=PLANE('',#7896);
#7072=PLANE('',#7897);
#7073=PLANE('',#7898);
#7074=PLANE('',#7899);
#7075=PLANE('',#7900);
#7076=PLANE('',#7901);
#7077=PLANE('',#7902);
#7078=PLANE('',#7903);
#7079=PLANE('',#7904);
#7080=PLANE('',#7905);
#7081=PLANE('',#7906);
#7082=PLANE('',#7907);
#7083=PLANE('',#7908);
#7084=PLANE('',#7909);
#7085=PLANE('',#7910);
#7086=PLANE('',#7911);
#7087=PLANE('',#7912);
#7088=PLANE('',#7913);
#7089=PLANE('',#7914);
#7090=PLANE('',#7915);
#7091=PLANE('',#7916);
#7092=PLANE('',#7917);
#7093=PLANE('',#7918);
#7094=PLANE('',#7919);
#7095=PLANE('',#7920);
#7096=PLANE('',#7921);
#7097=PLANE('',#7922);
#7098=PLANE('',#7923);
#7099=PLANE('',#7924);
#7100=PLANE('',#7926);
#7101=PLANE('',#7927);
#7102=PLANE('',#7928);
#7103=PLANE('',#7929);
#7104=PLANE('',#7930);
#7105=PLANE('',#7931);
#7106=PLANE('',#7932);
#7107=PLANE('',#7933);
#7108=PLANE('',#7934);
#7109=PLANE('',#7935);
#7110=PLANE('',#7936);
#7111=PLANE('',#7937);
#7112=PLANE('',#7938);
#7113=PLANE('',#7939);
#7114=PLANE('',#7940);
#7115=PLANE('',#7941);
#7116=PLANE('',#7942);
#7117=PLANE('',#7943);
#7118=PLANE('',#7944);
#7119=PLANE('',#7946);
#7120=PLANE('',#7949);
#7121=PLANE('',#7950);
#7122=PLANE('',#7959);
#7123=PLANE('',#7960);
#7124=PLANE('',#7963);
#7125=PLANE('',#7964);
#7126=PLANE('',#7965);
#7127=PLANE('',#7966);
#7128=PLANE('',#7967);
#7129=PLANE('',#7968);
#7130=PLANE('',#7969);
#7131=PLANE('',#7970);
#7132=PLANE('',#7971);
#7133=PLANE('',#7972);
#7134=PLANE('',#7973);
#7135=PLANE('',#7974);
#7136=PLANE('',#7975);
#7137=PLANE('',#7976);
#7138=PLANE('',#7977);
#7139=PLANE('',#7978);
#7140=PLANE('',#7979);
#7141=PLANE('',#7980);
#7142=PLANE('',#7981);
#7143=PLANE('',#7982);
#7144=PLANE('',#7983);
#7145=PLANE('',#7984);
#7146=PLANE('',#7985);
#7147=PLANE('',#7986);
#7148=PLANE('',#7987);
#7149=PLANE('',#7992);
#7150=PLANE('',#7993);
#7151=PLANE('',#7996);
#7152=PLANE('',#7997);
#7153=PLANE('',#7998);
#7154=PLANE('',#7999);
#7155=PLANE('',#8000);
#7156=PLANE('',#8001);
#7157=PLANE('',#8002);
#7158=PLANE('',#8003);
#7159=PLANE('',#8004);
#7160=PLANE('',#8005);
#7161=PLANE('',#8006);
#7162=PLANE('',#8007);
#7163=PLANE('',#8008);
#7164=PLANE('',#8009);
#7165=PLANE('',#8010);
#7166=PLANE('',#8011);
#7167=PLANE('',#8012);
#7168=PLANE('',#8013);
#7169=PLANE('',#8014);
#7170=PLANE('',#8015);
#7171=PLANE('',#8016);
#7172=PLANE('',#8017);
#7173=PLANE('',#8018);
#7174=PLANE('',#8019);
#7175=PLANE('',#8020);
#7176=PLANE('',#8021);
#7177=PLANE('',#8022);
#7178=PLANE('',#8023);
#7179=PLANE('',#8025);
#7180=PLANE('',#8026);
#7181=PLANE('',#8027);
#7182=PLANE('',#8028);
#7183=PLANE('',#8029);
#7184=PLANE('',#8030);
#7185=PLANE('',#8031);
#7186=PLANE('',#8032);
#7187=PLANE('',#8033);
#7188=PLANE('',#8034);
#7189=PLANE('',#8035);
#7190=PLANE('',#8036);
#7191=PLANE('',#8037);
#7192=PLANE('',#8038);
#7193=PLANE('',#8039);
#7194=PLANE('',#8040);
#7195=PLANE('',#8041);
#7196=PLANE('',#8042);
#7197=PLANE('',#8044);
#7198=PLANE('',#8047);
#7199=PLANE('',#8056);
#7200=PLANE('',#8057);
#7201=PLANE('',#8060);
#7202=PLANE('',#8061);
#7203=PLANE('',#8062);
#7204=PLANE('',#8063);
#7205=PLANE('',#8064);
#7206=PLANE('',#8065);
#7207=PLANE('',#8066);
#7208=PLANE('',#8067);
#7209=PLANE('',#8068);
#7210=PLANE('',#8069);
#7211=PLANE('',#8070);
#7212=PLANE('',#8071);
#7213=PLANE('',#8072);
#7214=PLANE('',#8073);
#7215=PLANE('',#8074);
#7216=PLANE('',#8075);
#7217=PLANE('',#8076);
#7218=PLANE('',#8077);
#7219=PLANE('',#8078);
#7220=PLANE('',#8079);
#7221=PLANE('',#8080);
#7222=PLANE('',#8081);
#7223=PLANE('',#8082);
#7224=PLANE('',#8083);
#7225=PLANE('',#8084);
#7226=PLANE('',#8085);
#7227=PLANE('',#8086);
#7228=PLANE('',#8087);
#7229=PLANE('',#8088);
#7230=PLANE('',#8089);
#7231=PLANE('',#8090);
#7232=PLANE('',#8091);
#7233=PLANE('',#8092);
#7234=PLANE('',#8093);
#7235=PLANE('',#8094);
#7236=PLANE('',#8095);
#7237=PLANE('',#8096);
#7238=PLANE('',#8099);
#7239=PLANE('',#8100);
#7240=PLANE('',#8101);
#7241=PLANE('',#8102);
#7242=PLANE('',#8103);
#7243=PLANE('',#8104);
#7244=PLANE('',#8105);
#7245=PLANE('',#8108);
#7246=PLANE('',#8110);
#7247=PLANE('',#8112);
#7248=PLANE('',#8114);
#7249=PLANE('',#8116);
#7250=PLANE('',#8117);
#7251=PLANE('',#8118);
#7252=PLANE('',#8119);
#7253=PLANE('',#8120);
#7254=PLANE('',#8121);
#7255=PLANE('',#8123);
#7256=PLANE('',#8124);
#7257=PLANE('',#8125);
#7258=PLANE('',#8127);
#7259=PLANE('',#8128);
#7260=PLANE('',#8129);
#7261=PLANE('',#8130);
#7262=PLANE('',#8131);
#7263=PLANE('',#8132);
#7264=PLANE('',#8133);
#7265=PLANE('',#8134);
#7266=PLANE('',#8135);
#7267=PLANE('',#8136);
#7268=PLANE('',#8137);
#7269=PLANE('',#8138);
#7270=PLANE('',#8139);
#7271=PLANE('',#8140);
#7272=PLANE('',#8145);
#7273=PLANE('',#8150);
#7274=PLANE('',#8151);
#7275=PLANE('',#8152);
#7276=PLANE('',#8153);
#7277=PLANE('',#8154);
#7278=PLANE('',#8155);
#7279=PLANE('',#8156);
#7280=PLANE('',#8163);
#7281=PLANE('',#8164);
#7282=PLANE('',#8167);
#7283=PLANE('',#8169);
#7284=PLANE('',#8173);
#7285=PLANE('',#8174);
#7286=PLANE('',#8176);
#7287=PLANE('',#8178);
#7288=PLANE('',#8181);
#7289=PLANE('',#8184);
#7290=PLANE('',#8187);
#7291=PLANE('',#8194);
#7292=PLANE('',#8197);
#7293=PLANE('',#8202);
#7294=PLANE('',#8203);
#7295=PLANE('',#8204);
#7296=PLANE('',#8205);
#7297=PLANE('',#8206);
#7298=PLANE('',#8207);
#7299=PLANE('',#8208);
#7300=PLANE('',#8209);
#7301=PLANE('',#8210);
#7302=PLANE('',#8211);
#7303=PLANE('',#8212);
#7304=PLANE('',#8213);
#7305=PLANE('',#8214);
#7306=PLANE('',#8215);
#7307=PLANE('',#8216);
#7308=PLANE('',#8217);
#7309=PLANE('',#8218);
#7310=PLANE('',#8219);
#7311=PLANE('',#8220);
#7312=PLANE('',#8221);
#7313=PLANE('',#8222);
#7314=PLANE('',#8224);
#7315=PLANE('',#8229);
#7316=ADVANCED_FACE('',(#454,#320),#7003,.T.);
#7317=ADVANCED_FACE('',(#455),#270,.F.);
#7318=ADVANCED_FACE('',(#456),#271,.F.);
#7319=ADVANCED_FACE('',(#457),#272,.F.);
#7320=ADVANCED_FACE('',(#458),#273,.F.);
#7321=ADVANCED_FACE('',(#459,#321),#7004,.T.);
#7322=ADVANCED_FACE('',(#460),#274,.F.);
#7323=ADVANCED_FACE('',(#461),#7005,.T.);
#7324=ADVANCED_FACE('',(#462),#7006,.F.);
#7325=ADVANCED_FACE('',(#463),#275,.F.);
#7326=ADVANCED_FACE('',(#464),#7007,.T.);
#7327=ADVANCED_FACE('',(#465),#7008,.F.);
#7328=ADVANCED_FACE('',(#466),#7009,.T.);
#7329=ADVANCED_FACE('',(#467),#7010,.F.);
#7330=ADVANCED_FACE('',(#468),#7011,.F.);
#7331=ADVANCED_FACE('',(#469,#322,#323,#324,#325,#326),#7012,.T.);
#7332=ADVANCED_FACE('',(#470),#276,.F.);
#7333=ADVANCED_FACE('',(#471),#7013,.F.);
#7334=ADVANCED_FACE('',(#472),#7014,.F.);
#7335=ADVANCED_FACE('',(#473),#7015,.F.);
#7336=ADVANCED_FACE('',(#474),#7016,.F.);
#7337=ADVANCED_FACE('',(#475),#7017,.F.);
#7338=ADVANCED_FACE('',(#476),#277,.F.);
#7339=ADVANCED_FACE('',(#477),#7018,.F.);
#7340=ADVANCED_FACE('',(#478),#7019,.F.);
#7341=ADVANCED_FACE('',(#479),#278,.F.);
#7342=ADVANCED_FACE('',(#480),#7020,.T.);
#7343=ADVANCED_FACE('',(#481),#29,.T.);
#7344=ADVANCED_FACE('',(#482),#30,.T.);
#7345=ADVANCED_FACE('',(#483),#7021,.F.);
#7346=ADVANCED_FACE('',(#484),#279,.F.);
#7347=ADVANCED_FACE('',(#485),#7022,.F.);
#7348=ADVANCED_FACE('',(#486),#7023,.F.);
#7349=ADVANCED_FACE('',(#487),#7024,.F.);
#7350=ADVANCED_FACE('',(#488),#7025,.T.);
#7351=ADVANCED_FACE('',(#489),#31,.F.);
#7352=ADVANCED_FACE('',(#490),#7026,.T.);
#7353=ADVANCED_FACE('',(#491),#280,.T.);
#7354=ADVANCED_FACE('',(#492),#7027,.T.);
#7355=ADVANCED_FACE('',(#493),#281,.F.);
#7356=ADVANCED_FACE('',(#494),#7028,.F.);
#7357=ADVANCED_FACE('',(#495),#32,.F.);
#7358=ADVANCED_FACE('',(#496),#33,.T.);
#7359=ADVANCED_FACE('',(#497),#7029,.F.);
#7360=ADVANCED_FACE('',(#498),#7030,.T.);
#7361=ADVANCED_FACE('',(#499),#7031,.F.);
#7362=ADVANCED_FACE('',(#500),#282,.F.);
#7363=ADVANCED_FACE('',(#501),#7032,.T.);
#7364=ADVANCED_FACE('',(#502),#7033,.F.);
#7365=ADVANCED_FACE('',(#503),#7034,.F.);
#7366=ADVANCED_FACE('',(#504),#34,.F.);
#7367=ADVANCED_FACE('',(#505),#7035,.T.);
#7368=ADVANCED_FACE('',(#506),#7036,.T.);
#7369=ADVANCED_FACE('',(#507),#15,.T.);
#7370=ADVANCED_FACE('',(#508),#35,.T.);
#7371=ADVANCED_FACE('',(#509),#16,.T.);
#7372=ADVANCED_FACE('',(#510),#17,.T.);
#7373=ADVANCED_FACE('',(#511),#7037,.T.);
#7374=ADVANCED_FACE('',(#512),#7038,.T.);
#7375=ADVANCED_FACE('',(#513),#7039,.T.);
#7376=ADVANCED_FACE('',(#514),#7040,.T.);
#7377=ADVANCED_FACE('',(#515),#7041,.T.);
#7378=ADVANCED_FACE('',(#516),#7042,.T.);
#7379=ADVANCED_FACE('',(#517),#36,.T.);
#7380=ADVANCED_FACE('',(#518),#283,.F.);
#7381=ADVANCED_FACE('',(#519),#7043,.T.);
#7382=ADVANCED_FACE('',(#520),#37,.F.);
#7383=ADVANCED_FACE('',(#521),#284,.F.);
#7384=ADVANCED_FACE('',(#522),#38,.T.);
#7385=ADVANCED_FACE('',(#523),#39,.T.);
#7386=ADVANCED_FACE('',(#524),#7044,.F.);
#7387=ADVANCED_FACE('',(#525),#285,.F.);
#7388=ADVANCED_FACE('',(#526),#286,.F.);
#7389=ADVANCED_FACE('',(#527),#287,.F.);
#7390=ADVANCED_FACE('',(#528),#7045,.F.);
#7391=ADVANCED_FACE('',(#529),#288,.F.);
#7392=ADVANCED_FACE('',(#530),#7046,.F.);
#7393=ADVANCED_FACE('',(#531),#7047,.F.);
#7394=ADVANCED_FACE('',(#532),#7048,.F.);
#7395=ADVANCED_FACE('',(#533),#7049,.F.);
#7396=ADVANCED_FACE('',(#534),#7050,.F.);
#7397=ADVANCED_FACE('',(#535),#7051,.F.);
#7398=ADVANCED_FACE('',(#536),#7052,.F.);
#7399=ADVANCED_FACE('',(#537),#7053,.F.);
#7400=ADVANCED_FACE('',(#538),#7054,.F.);
#7401=ADVANCED_FACE('',(#539),#7055,.F.);
#7402=ADVANCED_FACE('',(#540),#7056,.F.);
#7403=ADVANCED_FACE('',(#541),#7057,.F.);
#7404=ADVANCED_FACE('',(#542),#7058,.F.);
#7405=ADVANCED_FACE('',(#543),#7059,.F.);
#7406=ADVANCED_FACE('',(#544),#7060,.F.);
#7407=ADVANCED_FACE('',(#545),#7061,.F.);
#7408=ADVANCED_FACE('',(#546),#7062,.F.);
#7409=ADVANCED_FACE('',(#547),#7063,.F.);
#7410=ADVANCED_FACE('',(#548),#7064,.F.);
#7411=ADVANCED_FACE('',(#549),#7065,.F.);
#7412=ADVANCED_FACE('',(#550),#7066,.F.);
#7413=ADVANCED_FACE('',(#551),#7067,.F.);
#7414=ADVANCED_FACE('',(#552),#289,.T.);
#7415=ADVANCED_FACE('',(#553),#7068,.F.);
#7416=ADVANCED_FACE('',(#554),#7069,.F.);
#7417=ADVANCED_FACE('',(#555),#290,.T.);
#7418=ADVANCED_FACE('',(#556),#7070,.T.);
#7419=ADVANCED_FACE('',(#557),#40,.F.);
#7420=ADVANCED_FACE('',(#558),#7071,.F.);
#7421=ADVANCED_FACE('',(#559),#7072,.F.);
#7422=ADVANCED_FACE('',(#560),#18,.F.);
#7423=ADVANCED_FACE('',(#561),#7073,.F.);
#7424=ADVANCED_FACE('',(#562),#7074,.F.);
#7425=ADVANCED_FACE('',(#563),#7075,.F.);
#7426=ADVANCED_FACE('',(#564),#7076,.F.);
#7427=ADVANCED_FACE('',(#565),#7077,.F.);
#7428=ADVANCED_FACE('',(#566),#7078,.F.);
#7429=ADVANCED_FACE('',(#567),#7079,.F.);
#7430=ADVANCED_FACE('',(#568),#7080,.F.);
#7431=ADVANCED_FACE('',(#569),#7081,.F.);
#7432=ADVANCED_FACE('',(#570),#7082,.F.);
#7433=ADVANCED_FACE('',(#571),#7083,.F.);
#7434=ADVANCED_FACE('',(#572),#7084,.F.);
#7435=ADVANCED_FACE('',(#573),#7085,.T.);
#7436=ADVANCED_FACE('',(#574),#7086,.F.);
#7437=ADVANCED_FACE('',(#575),#7087,.F.);
#7438=ADVANCED_FACE('',(#576),#7088,.F.);
#7439=ADVANCED_FACE('',(#577),#7089,.F.);
#7440=ADVANCED_FACE('',(#578),#7090,.F.);
#7441=ADVANCED_FACE('',(#579),#7091,.F.);
#7442=ADVANCED_FACE('',(#580),#7092,.F.);
#7443=ADVANCED_FACE('',(#581),#7093,.F.);
#7444=ADVANCED_FACE('',(#582),#7094,.F.);
#7445=ADVANCED_FACE('',(#583),#7095,.F.);
#7446=ADVANCED_FACE('',(#584),#7096,.F.);
#7447=ADVANCED_FACE('',(#585),#7097,.T.);
#7448=ADVANCED_FACE('',(#586),#7098,.T.);
#7449=ADVANCED_FACE('',(#587),#7099,.T.);
#7450=ADVANCED_FACE('',(#588),#7100,.T.);
#7451=ADVANCED_FACE('',(#589),#7101,.F.);
#7452=ADVANCED_FACE('',(#590),#7102,.T.);
#7453=ADVANCED_FACE('',(#591),#7103,.F.);
#7454=ADVANCED_FACE('',(#592),#7104,.F.);
#7455=ADVANCED_FACE('',(#593),#19,.F.);
#7456=ADVANCED_FACE('',(#594),#7105,.F.);
#7457=ADVANCED_FACE('',(#595),#7106,.F.);
#7458=ADVANCED_FACE('',(#596),#7107,.F.);
#7459=ADVANCED_FACE('',(#597),#7108,.F.);
#7460=ADVANCED_FACE('',(#598),#7109,.F.);
#7461=ADVANCED_FACE('',(#599),#7110,.F.);
#7462=ADVANCED_FACE('',(#600),#7111,.T.);
#7463=ADVANCED_FACE('',(#601),#7112,.T.);
#7464=ADVANCED_FACE('',(#602),#7113,.T.);
#7465=ADVANCED_FACE('',(#603),#7114,.T.);
#7466=ADVANCED_FACE('',(#604),#7115,.T.);
#7467=ADVANCED_FACE('',(#605),#7116,.T.);
#7468=ADVANCED_FACE('',(#606),#7117,.F.);
#7469=ADVANCED_FACE('',(#607),#7118,.F.);
#7470=ADVANCED_FACE('',(#608),#41,.F.);
#7471=ADVANCED_FACE('',(#609),#7119,.F.);
#7472=ADVANCED_FACE('',(#610),#7120,.F.);
#7473=ADVANCED_FACE('',(#611),#20,.F.);
#7474=ADVANCED_FACE('',(#612),#21,.F.);
#7475=ADVANCED_FACE('',(#613),#7121,.T.);
#7476=ADVANCED_FACE('',(#614),#291,.F.);
#7477=ADVANCED_FACE('',(#615),#22,.F.);
#7478=ADVANCED_FACE('',(#616),#23,.T.);
#7479=ADVANCED_FACE('',(#617),#24,.F.);
#7480=ADVANCED_FACE('',(#618,#327),#7122,.F.);
#7481=ADVANCED_FACE('',(#619),#7123,.F.);
#7482=ADVANCED_FACE('',(#620),#7124,.T.);
#7483=ADVANCED_FACE('',(#621),#7125,.T.);
#7484=ADVANCED_FACE('',(#622),#7126,.T.);
#7485=ADVANCED_FACE('',(#623),#7127,.T.);
#7486=ADVANCED_FACE('',(#624),#7128,.T.);
#7487=ADVANCED_FACE('',(#625),#7129,.T.);
#7488=ADVANCED_FACE('',(#626),#7130,.T.);
#7489=ADVANCED_FACE('',(#627),#7131,.T.);
#7490=ADVANCED_FACE('',(#628),#7132,.T.);
#7491=ADVANCED_FACE('',(#629),#7133,.T.);
#7492=ADVANCED_FACE('',(#630),#7134,.T.);
#7493=ADVANCED_FACE('',(#631),#7135,.T.);
#7494=ADVANCED_FACE('',(#632),#7136,.T.);
#7495=ADVANCED_FACE('',(#633),#7137,.T.);
#7496=ADVANCED_FACE('',(#634),#7138,.T.);
#7497=ADVANCED_FACE('',(#635),#7139,.T.);
#7498=ADVANCED_FACE('',(#636),#7140,.T.);
#7499=ADVANCED_FACE('',(#637),#7141,.T.);
#7500=ADVANCED_FACE('',(#638),#7142,.T.);
#7501=ADVANCED_FACE('',(#639),#7143,.T.);
#7502=ADVANCED_FACE('',(#640),#7144,.T.);
#7503=ADVANCED_FACE('',(#641),#7145,.T.);
#7504=ADVANCED_FACE('',(#642),#7146,.T.);
#7505=ADVANCED_FACE('',(#643),#7147,.T.);
#7506=ADVANCED_FACE('',(#644),#7148,.T.);
#7507=ADVANCED_FACE('',(#645),#292,.T.);
#7508=ADVANCED_FACE('',(#646),#7149,.T.);
#7509=ADVANCED_FACE('',(#647),#7150,.T.);
#7510=ADVANCED_FACE('',(#648),#293,.T.);
#7511=ADVANCED_FACE('',(#649),#7151,.T.);
#7512=ADVANCED_FACE('',(#650),#42,.T.);
#7513=ADVANCED_FACE('',(#651),#7152,.T.);
#7514=ADVANCED_FACE('',(#652),#7153,.T.);
#7515=ADVANCED_FACE('',(#653),#7154,.T.);
#7516=ADVANCED_FACE('',(#654),#7155,.T.);
#7517=ADVANCED_FACE('',(#655),#7156,.T.);
#7518=ADVANCED_FACE('',(#656),#7157,.T.);
#7519=ADVANCED_FACE('',(#657),#7158,.T.);
#7520=ADVANCED_FACE('',(#658),#7159,.T.);
#7521=ADVANCED_FACE('',(#659),#7160,.T.);
#7522=ADVANCED_FACE('',(#660),#7161,.T.);
#7523=ADVANCED_FACE('',(#661),#7162,.T.);
#7524=ADVANCED_FACE('',(#662),#7163,.F.);
#7525=ADVANCED_FACE('',(#663),#7164,.T.);
#7526=ADVANCED_FACE('',(#664),#7165,.T.);
#7527=ADVANCED_FACE('',(#665),#7166,.T.);
#7528=ADVANCED_FACE('',(#666),#7167,.T.);
#7529=ADVANCED_FACE('',(#667),#7168,.T.);
#7530=ADVANCED_FACE('',(#668),#7169,.T.);
#7531=ADVANCED_FACE('',(#669),#7170,.T.);
#7532=ADVANCED_FACE('',(#670),#7171,.T.);
#7533=ADVANCED_FACE('',(#671),#7172,.T.);
#7534=ADVANCED_FACE('',(#672),#7173,.T.);
#7535=ADVANCED_FACE('',(#673),#7174,.T.);
#7536=ADVANCED_FACE('',(#674),#7175,.T.);
#7537=ADVANCED_FACE('',(#675),#7176,.F.);
#7538=ADVANCED_FACE('',(#676),#7177,.F.);
#7539=ADVANCED_FACE('',(#677),#7178,.F.);
#7540=ADVANCED_FACE('',(#678),#7179,.F.);
#7541=ADVANCED_FACE('',(#679),#7180,.T.);
#7542=ADVANCED_FACE('',(#680),#7181,.F.);
#7543=ADVANCED_FACE('',(#681),#7182,.F.);
#7544=ADVANCED_FACE('',(#682),#7183,.T.);
#7545=ADVANCED_FACE('',(#683),#7184,.T.);
#7546=ADVANCED_FACE('',(#684),#7185,.T.);
#7547=ADVANCED_FACE('',(#685),#7186,.T.);
#7548=ADVANCED_FACE('',(#686),#7187,.T.);
#7549=ADVANCED_FACE('',(#687),#7188,.T.);
#7550=ADVANCED_FACE('',(#688),#7189,.F.);
#7551=ADVANCED_FACE('',(#689),#7190,.F.);
#7552=ADVANCED_FACE('',(#690),#7191,.F.);
#7553=ADVANCED_FACE('',(#691),#7192,.F.);
#7554=ADVANCED_FACE('',(#692),#7193,.F.);
#7555=ADVANCED_FACE('',(#693),#7194,.F.);
#7556=ADVANCED_FACE('',(#694),#7195,.T.);
#7557=ADVANCED_FACE('',(#695),#7196,.T.);
#7558=ADVANCED_FACE('',(#696),#7197,.T.);
#7559=ADVANCED_FACE('',(#697),#25,.T.);
#7560=ADVANCED_FACE('',(#698),#7198,.F.);
#7561=ADVANCED_FACE('',(#699),#294,.F.);
#7562=ADVANCED_FACE('',(#700),#26,.T.);
#7563=ADVANCED_FACE('',(#701),#27,.F.);
#7564=ADVANCED_FACE('',(#702),#28,.T.);
#7565=ADVANCED_FACE('',(#703,#328),#7199,.T.);
#7566=ADVANCED_FACE('',(#704),#7200,.T.);
#7567=ADVANCED_FACE('',(#705),#7201,.F.);
#7568=ADVANCED_FACE('',(#706),#7202,.F.);
#7569=ADVANCED_FACE('',(#707),#7203,.T.);
#7570=ADVANCED_FACE('',(#708),#7204,.T.);
#7571=ADVANCED_FACE('',(#709),#7205,.F.);
#7572=ADVANCED_FACE('',(#710),#7206,.F.);
#7573=ADVANCED_FACE('',(#711),#7207,.F.);
#7574=ADVANCED_FACE('',(#712),#7208,.F.);
#7575=ADVANCED_FACE('',(#713),#7209,.F.);
#7576=ADVANCED_FACE('',(#714),#7210,.T.);
#7577=ADVANCED_FACE('',(#715),#7211,.T.);
#7578=ADVANCED_FACE('',(#716),#7212,.T.);
#7579=ADVANCED_FACE('',(#717),#7213,.T.);
#7580=ADVANCED_FACE('',(#718),#7214,.T.);
#7581=ADVANCED_FACE('',(#719),#7215,.T.);
#7582=ADVANCED_FACE('',(#720),#7216,.T.);
#7583=ADVANCED_FACE('',(#721),#7217,.T.);
#7584=ADVANCED_FACE('',(#722),#7218,.T.);
#7585=ADVANCED_FACE('',(#723),#7219,.T.);
#7586=ADVANCED_FACE('',(#724),#7220,.T.);
#7587=ADVANCED_FACE('',(#725),#7221,.T.);
#7588=ADVANCED_FACE('',(#726),#7222,.T.);
#7589=ADVANCED_FACE('',(#727),#7223,.T.);
#7590=ADVANCED_FACE('',(#728),#7224,.T.);
#7591=ADVANCED_FACE('',(#729),#7225,.T.);
#7592=ADVANCED_FACE('',(#730),#7226,.T.);
#7593=ADVANCED_FACE('',(#731),#7227,.F.);
#7594=ADVANCED_FACE('',(#732),#7228,.F.);
#7595=ADVANCED_FACE('',(#733),#7229,.F.);
#7596=ADVANCED_FACE('',(#734),#7230,.F.);
#7597=ADVANCED_FACE('',(#735),#7231,.F.);
#7598=ADVANCED_FACE('',(#736),#7232,.F.);
#7599=ADVANCED_FACE('',(#737),#7233,.F.);
#7600=ADVANCED_FACE('',(#738),#7234,.F.);
#7601=ADVANCED_FACE('',(#739),#7235,.F.);
#7602=ADVANCED_FACE('',(#740),#7236,.F.);
#7603=ADVANCED_FACE('',(#741),#7237,.F.);
#7604=ADVANCED_FACE('',(#742),#295,.F.);
#7605=ADVANCED_FACE('',(#743,#329),#7238,.T.);
#7606=ADVANCED_FACE('',(#744),#7239,.F.);
#7607=ADVANCED_FACE('',(#745),#7240,.F.);
#7608=ADVANCED_FACE('',(#746),#7241,.F.);
#7609=ADVANCED_FACE('',(#747),#7242,.F.);
#7610=ADVANCED_FACE('',(#748),#7243,.F.);
#7611=ADVANCED_FACE('',(#749),#7244,.F.);
#7612=ADVANCED_FACE('',(#750),#296,.F.);
#7613=ADVANCED_FACE('',(#751),#297,.F.);
#7614=ADVANCED_FACE('',(#752),#7245,.F.);
#7615=ADVANCED_FACE('',(#753),#298,.F.);
#7616=ADVANCED_FACE('',(#754),#7246,.T.);
#7617=ADVANCED_FACE('',(#755),#299,.F.);
#7618=ADVANCED_FACE('',(#756,#330),#7247,.T.);
#7619=ADVANCED_FACE('',(#757,#331),#7248,.T.);
#7620=ADVANCED_FACE('',(#758),#7249,.F.);
#7621=ADVANCED_FACE('',(#759),#7250,.F.);
#7622=ADVANCED_FACE('',(#760),#7251,.F.);
#7623=ADVANCED_FACE('',(#761),#7252,.F.);
#7624=ADVANCED_FACE('',(#762),#7253,.F.);
#7625=ADVANCED_FACE('',(#763),#7254,.F.);
#7626=ADVANCED_FACE('',(#764),#300,.F.);
#7627=ADVANCED_FACE('',(#765),#7255,.F.);
#7628=ADVANCED_FACE('',(#766),#7256,.F.);
#7629=ADVANCED_FACE('',(#767,#332),#7257,.T.);
#7630=ADVANCED_FACE('',(#768),#7258,.F.);
#7631=ADVANCED_FACE('',(#769),#7259,.F.);
#7632=ADVANCED_FACE('',(#770),#7260,.F.);
#7633=ADVANCED_FACE('',(#771),#7261,.F.);
#7634=ADVANCED_FACE('',(#772),#7262,.F.);
#7635=ADVANCED_FACE('',(#773),#7263,.F.);
#7636=ADVANCED_FACE('',(#774),#7264,.F.);
#7637=ADVANCED_FACE('',(#775),#7265,.F.);
#7638=ADVANCED_FACE('',(#776),#7266,.F.);
#7639=ADVANCED_FACE('',(#777),#7267,.F.);
#7640=ADVANCED_FACE('',(#778),#7268,.F.);
#7641=ADVANCED_FACE('',(#779),#7269,.F.);
#7642=ADVANCED_FACE('',(#780),#7270,.F.);
#7643=ADVANCED_FACE('',(#781,#333),#7271,.T.);
#7644=ADVANCED_FACE('',(#782),#301,.F.);
#7645=ADVANCED_FACE('',(#783),#302,.T.);
#7646=ADVANCED_FACE('',(#784,#334),#7272,.T.);
#7647=ADVANCED_FACE('',(#785),#303,.F.);
#7648=ADVANCED_FACE('',(#786),#304,.T.);
#7649=ADVANCED_FACE('',(#787),#7273,.F.);
#7650=ADVANCED_FACE('',(#788),#7274,.F.);
#7651=ADVANCED_FACE('',(#789),#7275,.F.);
#7652=ADVANCED_FACE('',(#790),#7276,.F.);
#7653=ADVANCED_FACE('',(#791),#7277,.F.);
#7654=ADVANCED_FACE('',(#792,#335),#7278,.F.);
#7655=ADVANCED_FACE('',(#793),#7279,.F.);
#7656=ADVANCED_FACE('',(#794),#305,.T.);
#7657=ADVANCED_FACE('',(#795),#7280,.F.);
#7658=ADVANCED_FACE('',(#796),#7281,.T.);
#7659=ADVANCED_FACE('',(#797),#306,.T.);
#7660=ADVANCED_FACE('',(#798),#7282,.F.);
#7661=ADVANCED_FACE('',(#799),#307,.T.);
#7662=ADVANCED_FACE('',(#800,#336),#7283,.T.);
#7663=ADVANCED_FACE('',(#801),#308,.T.);
#7664=ADVANCED_FACE('',(#802),#7284,.F.);
#7665=ADVANCED_FACE('',(#803),#7285,.T.);
#7666=ADVANCED_FACE('',(#804),#309,.T.);
#7667=ADVANCED_FACE('',(#805),#7286,.T.);
#7668=ADVANCED_FACE('',(#806),#310,.T.);
#7669=ADVANCED_FACE('',(#807),#7287,.T.);
#7670=ADVANCED_FACE('',(#808),#7288,.T.);
#7671=ADVANCED_FACE('',(#809),#7289,.T.);
#7672=ADVANCED_FACE('',(#810),#7290,.F.);
#7673=ADVANCED_FACE('',(#811),#311,.T.);
#7674=ADVANCED_FACE('',(#812),#312,.F.);
#7675=ADVANCED_FACE('',(#813),#313,.T.);
#7676=ADVANCED_FACE('',(#814),#7291,.T.);
#7677=ADVANCED_FACE('',(#815),#314,.T.);
#7678=ADVANCED_FACE('',(#816),#7292,.T.);
#7679=ADVANCED_FACE('',(#817),#315,.F.);
#7680=ADVANCED_FACE('',(#818),#316,.T.);
#7681=ADVANCED_FACE('',(#819),#7293,.F.);
#7682=ADVANCED_FACE('',(#820),#7294,.F.);
#7683=ADVANCED_FACE('',(#821,#337),#7295,.T.);
#7684=ADVANCED_FACE('',(#822),#7296,.F.);
#7685=ADVANCED_FACE('',(#823),#7297,.F.);
#7686=ADVANCED_FACE('',(#824,#338),#7298,.F.);
#7687=ADVANCED_FACE('',(#825),#7299,.T.);
#7688=ADVANCED_FACE('',(#826),#7300,.T.);
#7689=ADVANCED_FACE('',(#827),#7301,.T.);
#7690=ADVANCED_FACE('',(#828),#7302,.T.);
#7691=ADVANCED_FACE('',(#829),#7303,.T.);
#7692=ADVANCED_FACE('',(#830),#7304,.T.);
#7693=ADVANCED_FACE('',(#831),#7305,.T.);
#7694=ADVANCED_FACE('',(#832),#7306,.T.);
#7695=ADVANCED_FACE('',(#833),#7307,.F.);
#7696=ADVANCED_FACE('',(#834),#7308,.F.);
#7697=ADVANCED_FACE('',(#835),#7309,.F.);
#7698=ADVANCED_FACE('',(#836),#7310,.F.);
#7699=ADVANCED_FACE('',(#837),#7311,.T.);
#7700=ADVANCED_FACE('',(#838),#7312,.T.);
#7701=ADVANCED_FACE('',(#839),#7313,.F.);
#7702=ADVANCED_FACE('',(#840),#43,.F.);
#7703=ADVANCED_FACE('',(#841),#317,.T.);
#7704=ADVANCED_FACE('',(#842),#44,.F.);
#7705=ADVANCED_FACE('',(#843),#7314,.F.);
#7706=ADVANCED_FACE('',(#844),#45,.T.);
#7707=ADVANCED_FACE('',(#845),#46,.T.);
#7708=ADVANCED_FACE('',(#846),#318,.T.);
#7709=ADVANCED_FACE('',(#847),#47,.T.);
#7710=ADVANCED_FACE('',(#848),#7315,.F.);
#7711=ADVANCED_FACE('',(#849),#48,.T.);
#7712=ADVANCED_FACE('',(#850),#319,.T.);
#7713=CLOSED_SHELL('',(#7316,#7317,#7318,#7319,#7320,#7321,#7322,#7323,
#7324,#7325,#7326,#7327,#7328,#7329,#7330,#7331,#7332,#7333,#7334,#7335,
#7336,#7337,#7338,#7339,#7340,#7341,#7342,#7343,#7344,#7345,#7346,#7347,
#7348,#7349,#7350,#7351,#7352,#7353,#7354,#7355,#7356,#7357,#7358,#7359,
#7360,#7361,#7362,#7363,#7364,#7365,#7366,#7367,#7368,#7369,#7370,#7371,
#7372,#7373,#7374,#7375,#7376,#7377,#7378,#7379,#7380,#7381,#7382,#7383,
#7384,#7385,#7386,#7387,#7388,#7389,#7390,#7391,#7392,#7393,#7394,#7395,
#7396,#7397,#7398,#7399,#7400,#7401,#7402,#7403,#7404,#7405,#7406,#7407,
#7408,#7409,#7410,#7411,#7412,#7413,#7414,#7415,#7416,#7417,#7418,#7419,
#7420,#7421,#7422,#7423,#7424,#7425,#7426,#7427,#7428,#7429,#7430,#7431,
#7432,#7433,#7434,#7435,#7436,#7437,#7438,#7439,#7440,#7441,#7442,#7443,
#7444,#7445,#7446,#7447,#7448,#7449,#7450,#7451,#7452,#7453,#7454,#7455,
#7456,#7457,#7458,#7459,#7460,#7461,#7462,#7463,#7464,#7465,#7466,#7467,
#7468,#7469,#7470,#7471,#7472,#7473,#7474,#7475,#7476,#7477,#7478,#7479,
#7480,#7481,#7482,#7483,#7484,#7485,#7486,#7487,#7488,#7489,#7490,#7491,
#7492,#7493,#7494,#7495,#7496,#7497,#7498,#7499,#7500,#7501,#7502,#7503,
#7504,#7505,#7506,#7507,#7508,#7509,#7510,#7511,#7512,#7513,#7514,#7515,
#7516,#7517,#7518,#7519,#7520,#7521,#7522,#7523,#7524,#7525,#7526,#7527,
#7528,#7529,#7530,#7531,#7532,#7533,#7534,#7535,#7536,#7537,#7538,#7539,
#7540,#7541,#7542,#7543,#7544,#7545,#7546,#7547,#7548,#7549,#7550,#7551,
#7552,#7553,#7554,#7555,#7556,#7557,#7558,#7559,#7560,#7561,#7562,#7563,
#7564,#7565,#7566,#7567,#7568,#7569,#7570,#7571,#7572,#7573,#7574,#7575,
#7576,#7577,#7578,#7579,#7580,#7581,#7582,#7583,#7584,#7585,#7586,#7587,
#7588,#7589,#7590,#7591,#7592,#7593,#7594,#7595,#7596,#7597,#7598,#7599,
#7600,#7601,#7602,#7603,#7604,#7605,#7606,#7607,#7608,#7609,#7610,#7611,
#7612,#7613,#7614,#7615,#7616,#7617,#7618,#7619,#7620,#7621,#7622,#7623,
#7624,#7625,#7626,#7627,#7628,#7629,#7630,#7631,#7632,#7633,#7634,#7635,
#7636,#7637,#7638,#7639,#7640,#7641,#7642,#7643,#7644,#7645,#7646,#7647,
#7648,#7649,#7650,#7651,#7652,#7653,#7654,#7655,#7656,#7657,#7658,#7659,
#7660,#7661,#7662,#7663,#7664,#7665,#7666,#7667,#7668,#7669,#7670,#7671,
#7672,#7673,#7674,#7675,#7676,#7677,#7678,#7679,#7680,#7681,#7682,#7683,
#7684,#7685,#7686,#7687,#7688,#7689,#7690,#7691,#7692,#7693,#7694,#7695,
#7696,#7697,#7698,#7699,#7700,#7701,#7702,#7703,#7704,#7705,#7706,#7707,
#7708,#7709,#7710,#7711,#7712));
#7714=DERIVED_UNIT_ELEMENT(#7716,1.);
#7715=DERIVED_UNIT_ELEMENT(#15032,-3.);
#7716=(
MASS_UNIT()
NAMED_UNIT(*)
SI_UNIT(.KILO.,.GRAM.)
);
#7717=DERIVED_UNIT((#7714,#7715));
#7718=MEASURE_REPRESENTATION_ITEM('density measure',
POSITIVE_RATIO_MEASURE(7850.),#7717);
#7719=PROPERTY_DEFINITION_REPRESENTATION(#7724,#7721);
#7720=PROPERTY_DEFINITION_REPRESENTATION(#7725,#7722);
#7721=REPRESENTATION('material name',(#7723),#15029);
#7722=REPRESENTATION('density',(#7718),#15029);
#7723=DESCRIPTIVE_REPRESENTATION_ITEM('Steel','Steel');
#7724=PROPERTY_DEFINITION('material property','material name',#15039);
#7725=PROPERTY_DEFINITION('material property','density of part',#15039);
#7726=AXIS2_PLACEMENT_3D('',#10038,#8231,#8232);
#7727=AXIS2_PLACEMENT_3D('',#10039,#8233,#8234);
#7728=AXIS2_PLACEMENT_3D('',#10053,#8241,#8242);
#7729=AXIS2_PLACEMENT_3D('',#10054,#8243,#8244);
#7730=AXIS2_PLACEMENT_3D('',#10057,#8245,#8246);
#7731=AXIS2_PLACEMENT_3D('',#10061,#8248,#8249);
#7732=AXIS2_PLACEMENT_3D('',#10063,#8251,#8252);
#7733=AXIS2_PLACEMENT_3D('',#10066,#8253,#8254);
#7734=AXIS2_PLACEMENT_3D('',#10068,#8255,#8256);
#7735=AXIS2_PLACEMENT_3D('',#10086,#8257,#8258);
#7736=AXIS2_PLACEMENT_3D('',#10088,#8259,#8260);
#7737=AXIS2_PLACEMENT_3D('',#10104,#8261,#8262);
#7738=AXIS2_PLACEMENT_3D('',#10114,#8264,#8265);
#7739=AXIS2_PLACEMENT_3D('',#10117,#8266,#8267);
#7740=AXIS2_PLACEMENT_3D('',#10121,#8269,#8270);
#7741=AXIS2_PLACEMENT_3D('',#10123,#8272,#8273);
#7742=AXIS2_PLACEMENT_3D('',#10126,#8274,#8275);
#7743=AXIS2_PLACEMENT_3D('',#10128,#8276,#8277);
#7744=AXIS2_PLACEMENT_3D('',#10146,#8278,#8279);
#7745=AXIS2_PLACEMENT_3D('',#10148,#8280,#8281);
#7746=AXIS2_PLACEMENT_3D('',#10159,#8282,#8283);
#7747=AXIS2_PLACEMENT_3D('',#10163,#8285,#8286);
#7748=AXIS2_PLACEMENT_3D('',#10188,#8288,#8289);
#7749=AXIS2_PLACEMENT_3D('',#10190,#8290,#8291);
#7750=AXIS2_PLACEMENT_3D('',#10194,#8293,#8294);
#7751=AXIS2_PLACEMENT_3D('',#10199,#8297,#8298);
#7752=AXIS2_PLACEMENT_3D('',#10212,#8299,#8300);
#7753=AXIS2_PLACEMENT_3D('',#10219,#8304,#8305);
#7754=AXIS2_PLACEMENT_3D('',#10223,#8307,#8308);
#7755=AXIS2_PLACEMENT_3D('',#10232,#8313,#8314);
#7756=AXIS2_PLACEMENT_3D('',#10236,#8316,#8317);
#7757=AXIS2_PLACEMENT_3D('',#10239,#8319,#8320);
#7758=AXIS2_PLACEMENT_3D('',#10240,#8321,#8322);
#7759=AXIS2_PLACEMENT_3D('',#10243,#8323,#8324);
#7760=AXIS2_PLACEMENT_3D('',#10247,#8326,#8327);
#7761=AXIS2_PLACEMENT_3D('',#10251,#8329,#8330);
#7762=AXIS2_PLACEMENT_3D('',#10253,#8332,#8333);
#7763=AXIS2_PLACEMENT_3D('',#10259,#8337,#8338);
#7764=AXIS2_PLACEMENT_3D('',#10262,#8340,#8341);
#7765=AXIS2_PLACEMENT_3D('',#10263,#8342,#8343);
#7766=AXIS2_PLACEMENT_3D('',#10266,#8344,#8345);
#7767=AXIS2_PLACEMENT_3D('',#10270,#8347,#8348);
#7768=AXIS2_PLACEMENT_3D('',#10274,#8350,#8351);
#7769=AXIS2_PLACEMENT_3D('',#10276,#8353,#8354);
#7770=AXIS2_PLACEMENT_3D('',#10282,#8358,#8359);
#7771=AXIS2_PLACEMENT_3D('',#10294,#8365,#8366);
#7772=AXIS2_PLACEMENT_3D('',#10302,#8371,#8372);
#7773=AXIS2_PLACEMENT_3D('',#10312,#8378,#8379);
#7774=AXIS2_PLACEMENT_3D('',#10322,#8385,#8386);
#7775=AXIS2_PLACEMENT_3D('',#10328,#8390,#8391);
#7776=AXIS2_PLACEMENT_3D('',#10345,#8399,#8400);
#7777=AXIS2_PLACEMENT_3D('',#10349,#8402,#8403);
#7778=AXIS2_PLACEMENT_3D('',#10353,#8405,#8406);
#7779=AXIS2_PLACEMENT_3D('',#10356,#8408,#8409);
#7780=AXIS2_PLACEMENT_3D('',#10364,#8413,#8414);
#7781=AXIS2_PLACEMENT_3D('',#10368,#8416,#8417);
#7782=AXIS2_PLACEMENT_3D('',#10374,#8420,#8421);
#7783=AXIS2_PLACEMENT_3D('',#10382,#8425,#8426);
#7784=AXIS2_PLACEMENT_3D('',#10388,#8429,#8430);
#7785=AXIS2_PLACEMENT_3D('',#10392,#8432,#8433);
#7786=AXIS2_PLACEMENT_3D('',#10401,#8438,#8439);
#7787=AXIS2_PLACEMENT_3D('',#10405,#8441,#8442);
#7788=AXIS2_PLACEMENT_3D('',#10409,#8444,#8445);
#7789=AXIS2_PLACEMENT_3D('',#10412,#8447,#8448);
#7790=AXIS2_PLACEMENT_3D('',#10434,#8459,#8460);
#7791=AXIS2_PLACEMENT_3D('',#10436,#8461,#8462);
#7792=AXIS2_PLACEMENT_3D('',#10449,#8469,#8470);
#7793=AXIS2_PLACEMENT_3D('',#10462,#8472,#8473);
#7794=AXIS2_PLACEMENT_3D('',#10464,#8475,#8476);
#7795=AXIS2_PLACEMENT_3D('',#10468,#8479,#8480);
#7796=AXIS2_PLACEMENT_3D('',#10475,#8485,#8486);
#7797=AXIS2_PLACEMENT_3D('',#10524,#8488,#8489);
#7798=AXIS2_PLACEMENT_3D('',#10535,#8492,#8493);
#7799=AXIS2_PLACEMENT_3D('',#10537,#8494,#8495);
#7800=AXIS2_PLACEMENT_3D('',#10547,#8497,#8498);
#7801=AXIS2_PLACEMENT_3D('',#10555,#8501,#8502);
#7802=AXIS2_PLACEMENT_3D('',#10566,#8504,#8505);
#7803=AXIS2_PLACEMENT_3D('',#10570,#8508,#8509);
#7804=AXIS2_PLACEMENT_3D('',#10575,#8512,#8513);
#7805=AXIS2_PLACEMENT_3D('',#10576,#8514,#8515);
#7806=AXIS2_PLACEMENT_3D('',#10588,#8516,#8517);
#7807=AXIS2_PLACEMENT_3D('',#10590,#8518,#8519);
#7808=AXIS2_PLACEMENT_3D('',#10593,#8521,#8522);
#7809=AXIS2_PLACEMENT_3D('',#10595,#8523,#8524);
#7810=AXIS2_PLACEMENT_3D('',#10620,#8526,#8527);
#7811=AXIS2_PLACEMENT_3D('',#10622,#8528,#8529);
#7812=AXIS2_PLACEMENT_3D('',#10627,#8530,#8531);
#7813=AXIS2_PLACEMENT_3D('',#10674,#8539,#8540);
#7814=AXIS2_PLACEMENT_3D('',#10703,#8541,#8542);
#7815=AXIS2_PLACEMENT_3D('',#10714,#8543,#8544);
#7816=AXIS2_PLACEMENT_3D('',#10716,#8546,#8547);
#7817=AXIS2_PLACEMENT_3D('',#10724,#8549,#8550);
#7818=AXIS2_PLACEMENT_3D('',#10725,#8551,#8552);
#7819=AXIS2_PLACEMENT_3D('',#10739,#8554,#8555);
#7820=AXIS2_PLACEMENT_3D('',#10740,#8556,#8557);
#7821=AXIS2_PLACEMENT_3D('',#10743,#8560,#8561);
#7822=AXIS2_PLACEMENT_3D('',#10745,#8563,#8564);
#7823=AXIS2_PLACEMENT_3D('',#10847,#8571,#8572);
#7824=AXIS2_PLACEMENT_3D('',#10858,#8573,#8574);
#7825=AXIS2_PLACEMENT_3D('',#10867,#8577,#8578);
#7826=AXIS2_PLACEMENT_3D('',#10870,#8580,#8581);
#7827=AXIS2_PLACEMENT_3D('',#10871,#8582,#8583);
#7828=AXIS2_PLACEMENT_3D('',#10882,#8586,#8587);
#7829=AXIS2_PLACEMENT_3D('',#10884,#8589,#8590);
#7830=AXIS2_PLACEMENT_3D('',#10978,#8595,#8596);
#7831=AXIS2_PLACEMENT_3D('',#11019,#8597,#8598);
#7832=AXIS2_PLACEMENT_3D('',#11039,#8607,#8608);
#7833=AXIS2_PLACEMENT_3D('',#11045,#8612,#8613);
#7834=AXIS2_PLACEMENT_3D('',#11067,#8618,#8619);
#7835=AXIS2_PLACEMENT_3D('',#11070,#8621,#8622);
#7836=AXIS2_PLACEMENT_3D('',#11071,#8623,#8624);
#7837=AXIS2_PLACEMENT_3D('',#11073,#8626,#8627);
#7838=AXIS2_PLACEMENT_3D('',#11074,#8628,#8629);
#7839=AXIS2_PLACEMENT_3D('',#11100,#8630,#8631);
#7840=AXIS2_PLACEMENT_3D('',#11105,#8632,#8633);
#7841=AXIS2_PLACEMENT_3D('',#11111,#8637,#8638);
#7842=AXIS2_PLACEMENT_3D('',#11686,#8643,#8644);
#7843=AXIS2_PLACEMENT_3D('',#11702,#8647,#8648);
#7844=AXIS2_PLACEMENT_3D('',#11718,#8650,#8651);
#7845=AXIS2_PLACEMENT_3D('',#11735,#8660,#8661);
#7846=AXIS2_PLACEMENT_3D('',#11743,#8666,#8667);
#7847=AXIS2_PLACEMENT_3D('',#11751,#8672,#8673);
#7848=AXIS2_PLACEMENT_3D('',#11788,#8680,#8681);
#7849=AXIS2_PLACEMENT_3D('',#11789,#8682,#8683);
#7850=AXIS2_PLACEMENT_3D('',#11791,#8685,#8686);
#7851=AXIS2_PLACEMENT_3D('',#11812,#8687,#8688);
#7852=AXIS2_PLACEMENT_3D('',#11814,#8689,#8690);
#7853=AXIS2_PLACEMENT_3D('',#11817,#8692,#8693);
#7854=AXIS2_PLACEMENT_3D('',#11862,#8694,#8695);
#7855=AXIS2_PLACEMENT_3D('',#11864,#8697,#8698);
#7856=AXIS2_PLACEMENT_3D('',#11867,#8699,#8700);
#7857=AXIS2_PLACEMENT_3D('',#11870,#8703,#8704);
#7858=AXIS2_PLACEMENT_3D('',#11873,#8705,#8706);
#7859=AXIS2_PLACEMENT_3D('',#11876,#8709,#8710);
#7860=AXIS2_PLACEMENT_3D('',#11877,#8711,#8712);
#7861=AXIS2_PLACEMENT_3D('',#11880,#8714,#8715);
#7862=AXIS2_PLACEMENT_3D('',#11881,#8716,#8717);
#7863=AXIS2_PLACEMENT_3D('',#11882,#8718,#8719);
#7864=AXIS2_PLACEMENT_3D('',#11884,#8720,#8721);
#7865=AXIS2_PLACEMENT_3D('',#11886,#8723,#8724);
#7866=AXIS2_PLACEMENT_3D('',#11893,#8728,#8729);
#7867=AXIS2_PLACEMENT_3D('',#11897,#8732,#8733);
#7868=AXIS2_PLACEMENT_3D('',#11901,#8736,#8737);
#7869=AXIS2_PLACEMENT_3D('',#11907,#8741,#8742);
#7870=AXIS2_PLACEMENT_3D('',#11913,#8746,#8747);
#7871=AXIS2_PLACEMENT_3D('',#11917,#8750,#8751);
#7872=AXIS2_PLACEMENT_3D('',#11921,#8754,#8755);
#7873=AXIS2_PLACEMENT_3D('',#11925,#8758,#8759);
#7874=AXIS2_PLACEMENT_3D('',#11933,#8764,#8765);
#7875=AXIS2_PLACEMENT_3D('',#11939,#8769,#8770);
#7876=AXIS2_PLACEMENT_3D('',#11945,#8774,#8775);
#7877=AXIS2_PLACEMENT_3D('',#11949,#8778,#8779);
#7878=AXIS2_PLACEMENT_3D('',#11953,#8782,#8783);
#7879=AXIS2_PLACEMENT_3D('',#11959,#8787,#8788);
#7880=AXIS2_PLACEMENT_3D('',#11963,#8791,#8792);
#7881=AXIS2_PLACEMENT_3D('',#11967,#8795,#8796);
#7882=AXIS2_PLACEMENT_3D('',#11973,#8800,#8801);
#7883=AXIS2_PLACEMENT_3D('',#11977,#8804,#8805);
#7884=AXIS2_PLACEMENT_3D('',#11981,#8808,#8809);
#7885=AXIS2_PLACEMENT_3D('',#11987,#8813,#8814);
#7886=AXIS2_PLACEMENT_3D('',#11991,#8817,#8818);
#7887=AXIS2_PLACEMENT_3D('',#12001,#8824,#8825);
#7888=AXIS2_PLACEMENT_3D('',#12006,#8827,#8828);
#7889=AXIS2_PLACEMENT_3D('',#12009,#8830,#8831);
#7890=AXIS2_PLACEMENT_3D('',#12010,#8832,#8833);
#7891=AXIS2_PLACEMENT_3D('',#12011,#8834,#8835);
#7892=AXIS2_PLACEMENT_3D('',#12017,#8839,#8840);
#7893=AXIS2_PLACEMENT_3D('',#12021,#8843,#8844);
#7894=AXIS2_PLACEMENT_3D('',#12023,#8845,#8846);
#7895=AXIS2_PLACEMENT_3D('',#12025,#8848,#8849);
#7896=AXIS2_PLACEMENT_3D('',#12139,#8852,#8853);
#7897=AXIS2_PLACEMENT_3D('',#12150,#8856,#8857);
#7898=AXIS2_PLACEMENT_3D('',#12234,#8860,#8861);
#7899=AXIS2_PLACEMENT_3D('',#12251,#8870,#8871);
#7900=AXIS2_PLACEMENT_3D('',#12257,#8875,#8876);
#7901=AXIS2_PLACEMENT_3D('',#12263,#8880,#8881);
#7902=AXIS2_PLACEMENT_3D('',#12271,#8886,#8887);
#7903=AXIS2_PLACEMENT_3D('',#12277,#8891,#8892);
#7904=AXIS2_PLACEMENT_3D('',#12283,#8896,#8897);
#7905=AXIS2_PLACEMENT_3D('',#12289,#8901,#8902);
#7906=AXIS2_PLACEMENT_3D('',#12295,#8906,#8907);
#7907=AXIS2_PLACEMENT_3D('',#12301,#8911,#8912);
#7908=AXIS2_PLACEMENT_3D('',#12307,#8916,#8917);
#7909=AXIS2_PLACEMENT_3D('',#12313,#8921,#8922);
#7910=AXIS2_PLACEMENT_3D('',#12319,#8926,#8927);
#7911=AXIS2_PLACEMENT_3D('',#12325,#8931,#8932);
#7912=AXIS2_PLACEMENT_3D('',#12329,#8935,#8936);
#7913=AXIS2_PLACEMENT_3D('',#12331,#8938,#8939);
#7914=AXIS2_PLACEMENT_3D('',#12333,#8941,#8942);
#7915=AXIS2_PLACEMENT_3D('',#12336,#8945,#8946);
#7916=AXIS2_PLACEMENT_3D('',#12338,#8948,#8949);
#7917=AXIS2_PLACEMENT_3D('',#12340,#8951,#8952);
#7918=AXIS2_PLACEMENT_3D('',#12347,#8957,#8958);
#7919=AXIS2_PLACEMENT_3D('',#12356,#8963,#8964);
#7920=AXIS2_PLACEMENT_3D('',#12363,#8968,#8969);
#7921=AXIS2_PLACEMENT_3D('',#12369,#8973,#8974);
#7922=AXIS2_PLACEMENT_3D('',#12373,#8978,#8979);
#7923=AXIS2_PLACEMENT_3D('',#12388,#8987,#8988);
#7924=AXIS2_PLACEMENT_3D('',#12394,#8992,#8993);
#7925=AXIS2_PLACEMENT_3D('',#12397,#8994,#8995);
#7926=AXIS2_PLACEMENT_3D('',#12407,#9001,#9002);
#7927=AXIS2_PLACEMENT_3D('',#12415,#9007,#9008);
#7928=AXIS2_PLACEMENT_3D('',#12419,#9011,#9012);
#7929=AXIS2_PLACEMENT_3D('',#12423,#9015,#9016);
#7930=AXIS2_PLACEMENT_3D('',#12425,#9018,#9019);
#7931=AXIS2_PLACEMENT_3D('',#12545,#9027,#9028);
#7932=AXIS2_PLACEMENT_3D('',#12556,#9034,#9035);
#7933=AXIS2_PLACEMENT_3D('',#12561,#9039,#9040);
#7934=AXIS2_PLACEMENT_3D('',#12565,#9043,#9044);
#7935=AXIS2_PLACEMENT_3D('',#12566,#9045,#9046);
#7936=AXIS2_PLACEMENT_3D('',#12567,#9047,#9048);
#7937=AXIS2_PLACEMENT_3D('',#12568,#9049,#9050);
#7938=AXIS2_PLACEMENT_3D('',#12571,#9053,#9054);
#7939=AXIS2_PLACEMENT_3D('',#12576,#9055,#9056);
#7940=AXIS2_PLACEMENT_3D('',#12581,#9057,#9058);
#7941=AXIS2_PLACEMENT_3D('',#12586,#9059,#9060);
#7942=AXIS2_PLACEMENT_3D('',#12591,#9061,#9062);
#7943=AXIS2_PLACEMENT_3D('',#12596,#9063,#9064);
#7944=AXIS2_PLACEMENT_3D('',#12602,#9068,#9069);
#7945=AXIS2_PLACEMENT_3D('',#12604,#9070,#9071);
#7946=AXIS2_PLACEMENT_3D('',#12836,#9073,#9074);
#7947=AXIS2_PLACEMENT_3D('',#12841,#9076,#9077);
#7948=AXIS2_PLACEMENT_3D('',#12844,#9079,#9080);
#7949=AXIS2_PLACEMENT_3D('',#12845,#9081,#9082);
#7950=AXIS2_PLACEMENT_3D('',#13075,#9085,#9086);
#7951=AXIS2_PLACEMENT_3D('',#13077,#9087,#9088);
#7952=AXIS2_PLACEMENT_3D('',#13079,#9090,#9091);
#7953=AXIS2_PLACEMENT_3D('',#13080,#9092,#9093);
#7954=AXIS2_PLACEMENT_3D('',#13081,#9094,#9095);
#7955=AXIS2_PLACEMENT_3D('',#13101,#9096,#9097);
#7956=AXIS2_PLACEMENT_3D('',#13114,#9098,#9099);
#7957=AXIS2_PLACEMENT_3D('',#13134,#9100,#9101);
#7958=AXIS2_PLACEMENT_3D('',#13137,#9103,#9104);
#7959=AXIS2_PLACEMENT_3D('',#13138,#9105,#9106);
#7960=AXIS2_PLACEMENT_3D('',#13139,#9107,#9108);
#7961=AXIS2_PLACEMENT_3D('',#13142,#9109,#9110);
#7962=AXIS2_PLACEMENT_3D('',#13145,#9112,#9113);
#7963=AXIS2_PLACEMENT_3D('',#13147,#9115,#9116);
#7964=AXIS2_PLACEMENT_3D('',#13148,#9117,#9118);
#7965=AXIS2_PLACEMENT_3D('',#13150,#9120,#9121);
#7966=AXIS2_PLACEMENT_3D('',#13209,#9143,#9144);
#7967=AXIS2_PLACEMENT_3D('',#13216,#9148,#9149);
#7968=AXIS2_PLACEMENT_3D('',#13220,#9152,#9153);
#7969=AXIS2_PLACEMENT_3D('',#13224,#9156,#9157);
#7970=AXIS2_PLACEMENT_3D('',#13230,#9161,#9162);
#7971=AXIS2_PLACEMENT_3D('',#13236,#9166,#9167);
#7972=AXIS2_PLACEMENT_3D('',#13240,#9170,#9171);
#7973=AXIS2_PLACEMENT_3D('',#13244,#9174,#9175);
#7974=AXIS2_PLACEMENT_3D('',#13248,#9178,#9179);
#7975=AXIS2_PLACEMENT_3D('',#13256,#9184,#9185);
#7976=AXIS2_PLACEMENT_3D('',#13262,#9189,#9190);
#7977=AXIS2_PLACEMENT_3D('',#13268,#9194,#9195);
#7978=AXIS2_PLACEMENT_3D('',#13272,#9198,#9199);
#7979=AXIS2_PLACEMENT_3D('',#13276,#9202,#9203);
#7980=AXIS2_PLACEMENT_3D('',#13282,#9207,#9208);
#7981=AXIS2_PLACEMENT_3D('',#13286,#9211,#9212);
#7982=AXIS2_PLACEMENT_3D('',#13290,#9215,#9216);
#7983=AXIS2_PLACEMENT_3D('',#13296,#9220,#9221);
#7984=AXIS2_PLACEMENT_3D('',#13300,#9224,#9225);
#7985=AXIS2_PLACEMENT_3D('',#13304,#9228,#9229);
#7986=AXIS2_PLACEMENT_3D('',#13310,#9233,#9234);
#7987=AXIS2_PLACEMENT_3D('',#13314,#9237,#9238);
#7988=AXIS2_PLACEMENT_3D('',#13324,#9244,#9245);
#7989=AXIS2_PLACEMENT_3D('',#13328,#9247,#9248);
#7990=AXIS2_PLACEMENT_3D('',#13330,#9249,#9250);
#7991=AXIS2_PLACEMENT_3D('',#13333,#9252,#9253);
#7992=AXIS2_PLACEMENT_3D('',#13334,#9254,#9255);
#7993=AXIS2_PLACEMENT_3D('',#13340,#9259,#9260);
#7994=AXIS2_PLACEMENT_3D('',#13344,#9263,#9264);
#7995=AXIS2_PLACEMENT_3D('',#13346,#9265,#9266);
#7996=AXIS2_PLACEMENT_3D('',#13348,#9268,#9269);
#7997=AXIS2_PLACEMENT_3D('',#13433,#9270,#9271);
#7998=AXIS2_PLACEMENT_3D('',#13437,#9274,#9275);
#7999=AXIS2_PLACEMENT_3D('',#13441,#9278,#9279);
#8000=AXIS2_PLACEMENT_3D('',#13447,#9283,#9284);
#8001=AXIS2_PLACEMENT_3D('',#13451,#9287,#9288);
#8002=AXIS2_PLACEMENT_3D('',#13455,#9291,#9292);
#8003=AXIS2_PLACEMENT_3D('',#13459,#9295,#9296);
#8004=AXIS2_PLACEMENT_3D('',#13463,#9299,#9300);
#8005=AXIS2_PLACEMENT_3D('',#13467,#9303,#9304);
#8006=AXIS2_PLACEMENT_3D('',#13471,#9307,#9308);
#8007=AXIS2_PLACEMENT_3D('',#13475,#9311,#9312);
#8008=AXIS2_PLACEMENT_3D('',#13479,#9315,#9316);
#8009=AXIS2_PLACEMENT_3D('',#13481,#9318,#9319);
#8010=AXIS2_PLACEMENT_3D('',#13485,#9322,#9323);
#8011=AXIS2_PLACEMENT_3D('',#13487,#9325,#9326);
#8012=AXIS2_PLACEMENT_3D('',#13489,#9328,#9329);
#8013=AXIS2_PLACEMENT_3D('',#13492,#9332,#9333);
#8014=AXIS2_PLACEMENT_3D('',#13494,#9335,#9336);
#8015=AXIS2_PLACEMENT_3D('',#13496,#9338,#9339);
#8016=AXIS2_PLACEMENT_3D('',#13503,#9344,#9345);
#8017=AXIS2_PLACEMENT_3D('',#13513,#9351,#9352);
#8018=AXIS2_PLACEMENT_3D('',#13517,#9355,#9356);
#8019=AXIS2_PLACEMENT_3D('',#13521,#9359,#9360);
#8020=AXIS2_PLACEMENT_3D('',#13527,#9364,#9365);
#8021=AXIS2_PLACEMENT_3D('',#13531,#9369,#9370);
#8022=AXIS2_PLACEMENT_3D('',#13543,#9377,#9378);
#8023=AXIS2_PLACEMENT_3D('',#13549,#9382,#9383);
#8024=AXIS2_PLACEMENT_3D('',#13552,#9384,#9385);
#8025=AXIS2_PLACEMENT_3D('',#13562,#9391,#9392);
#8026=AXIS2_PLACEMENT_3D('',#13570,#9397,#9398);
#8027=AXIS2_PLACEMENT_3D('',#13576,#9402,#9403);
#8028=AXIS2_PLACEMENT_3D('',#13585,#9409,#9410);
#8029=AXIS2_PLACEMENT_3D('',#13589,#9413,#9414);
#8030=AXIS2_PLACEMENT_3D('',#13592,#9417,#9418);
#8031=AXIS2_PLACEMENT_3D('',#13593,#9419,#9420);
#8032=AXIS2_PLACEMENT_3D('',#13595,#9422,#9423);
#8033=AXIS2_PLACEMENT_3D('',#13596,#9424,#9425);
#8034=AXIS2_PLACEMENT_3D('',#13597,#9426,#9427);
#8035=AXIS2_PLACEMENT_3D('',#13598,#9428,#9429);
#8036=AXIS2_PLACEMENT_3D('',#13601,#9432,#9433);
#8037=AXIS2_PLACEMENT_3D('',#13606,#9434,#9435);
#8038=AXIS2_PLACEMENT_3D('',#13611,#9436,#9437);
#8039=AXIS2_PLACEMENT_3D('',#13616,#9438,#9439);
#8040=AXIS2_PLACEMENT_3D('',#13621,#9440,#9441);
#8041=AXIS2_PLACEMENT_3D('',#13626,#9442,#9443);
#8042=AXIS2_PLACEMENT_3D('',#13632,#9447,#9448);
#8043=AXIS2_PLACEMENT_3D('',#13634,#9449,#9450);
#8044=AXIS2_PLACEMENT_3D('',#13643,#9451,#9452);
#8045=AXIS2_PLACEMENT_3D('',#13648,#9454,#9455);
#8046=AXIS2_PLACEMENT_3D('',#13651,#9457,#9458);
#8047=AXIS2_PLACEMENT_3D('',#13707,#9459,#9460);
#8048=AXIS2_PLACEMENT_3D('',#13709,#9461,#9462);
#8049=AXIS2_PLACEMENT_3D('',#13710,#9463,#9464);
#8050=AXIS2_PLACEMENT_3D('',#13712,#9466,#9467);
#8051=AXIS2_PLACEMENT_3D('',#13713,#9468,#9469);
#8052=AXIS2_PLACEMENT_3D('',#13733,#9470,#9471);
#8053=AXIS2_PLACEMENT_3D('',#13746,#9472,#9473);
#8054=AXIS2_PLACEMENT_3D('',#13766,#9474,#9475);
#8055=AXIS2_PLACEMENT_3D('',#13769,#9477,#9478);
#8056=AXIS2_PLACEMENT_3D('',#13770,#9479,#9480);
#8057=AXIS2_PLACEMENT_3D('',#13771,#9481,#9482);
#8058=AXIS2_PLACEMENT_3D('',#13774,#9483,#9484);
#8059=AXIS2_PLACEMENT_3D('',#13778,#9486,#9487);
#8060=AXIS2_PLACEMENT_3D('',#13781,#9490,#9491);
#8061=AXIS2_PLACEMENT_3D('',#13782,#9492,#9493);
#8062=AXIS2_PLACEMENT_3D('',#13784,#9495,#9496);
#8063=AXIS2_PLACEMENT_3D('',#13786,#9498,#9499);
#8064=AXIS2_PLACEMENT_3D('',#13788,#9501,#9502);
#8065=AXIS2_PLACEMENT_3D('',#13790,#9504,#9505);
#8066=AXIS2_PLACEMENT_3D('',#13792,#9507,#9508);
#8067=AXIS2_PLACEMENT_3D('',#13793,#9509,#9510);
#8068=AXIS2_PLACEMENT_3D('',#13794,#9511,#9512);
#8069=AXIS2_PLACEMENT_3D('',#13795,#9513,#9514);
#8070=AXIS2_PLACEMENT_3D('',#13801,#9518,#9519);
#8071=AXIS2_PLACEMENT_3D('',#13803,#9521,#9522);
#8072=AXIS2_PLACEMENT_3D('',#13806,#9525,#9526);
#8073=AXIS2_PLACEMENT_3D('',#13812,#9530,#9531);
#8074=AXIS2_PLACEMENT_3D('',#13816,#9535,#9536);
#8075=AXIS2_PLACEMENT_3D('',#13817,#9537,#9538);
#8076=AXIS2_PLACEMENT_3D('',#13823,#9542,#9543);
#8077=AXIS2_PLACEMENT_3D('',#13829,#9547,#9548);
#8078=AXIS2_PLACEMENT_3D('',#13832,#9551,#9552);
#8079=AXIS2_PLACEMENT_3D('',#13833,#9553,#9554);
#8080=AXIS2_PLACEMENT_3D('',#13835,#9556,#9557);
#8081=AXIS2_PLACEMENT_3D('',#13837,#9559,#9560);
#8082=AXIS2_PLACEMENT_3D('',#13839,#9562,#9563);
#8083=AXIS2_PLACEMENT_3D('',#13841,#9565,#9566);
#8084=AXIS2_PLACEMENT_3D('',#13842,#9567,#9568);
#8085=AXIS2_PLACEMENT_3D('',#13843,#9569,#9570);
#8086=AXIS2_PLACEMENT_3D('',#13844,#9571,#9572);
#8087=AXIS2_PLACEMENT_3D('',#13845,#9573,#9574);
#8088=AXIS2_PLACEMENT_3D('',#13847,#9576,#9577);
#8089=AXIS2_PLACEMENT_3D('',#13853,#9581,#9582);
#8090=AXIS2_PLACEMENT_3D('',#13859,#9586,#9587);
#8091=AXIS2_PLACEMENT_3D('',#13865,#9591,#9592);
#8092=AXIS2_PLACEMENT_3D('',#13868,#9595,#9596);
#8093=AXIS2_PLACEMENT_3D('',#13869,#9597,#9598);
#8094=AXIS2_PLACEMENT_3D('',#13871,#9600,#9601);
#8095=AXIS2_PLACEMENT_3D('',#13873,#9603,#9604);
#8096=AXIS2_PLACEMENT_3D('',#13875,#9606,#9607);
#8097=AXIS2_PLACEMENT_3D('',#13877,#9609,#9610);
#8098=AXIS2_PLACEMENT_3D('',#13879,#9611,#9612);
#8099=AXIS2_PLACEMENT_3D('',#13881,#9614,#9615);
#8100=AXIS2_PLACEMENT_3D('',#13894,#9622,#9623);
#8101=AXIS2_PLACEMENT_3D('',#13897,#9626,#9627);
#8102=AXIS2_PLACEMENT_3D('',#13899,#9629,#9630);
#8103=AXIS2_PLACEMENT_3D('',#13901,#9632,#9633);
#8104=AXIS2_PLACEMENT_3D('',#13903,#9635,#9636);
#8105=AXIS2_PLACEMENT_3D('',#13905,#9638,#9639);
#8106=AXIS2_PLACEMENT_3D('',#13906,#9640,#9641);
#8107=AXIS2_PLACEMENT_3D('',#13908,#9643,#9644);
#8108=AXIS2_PLACEMENT_3D('',#13910,#9646,#9647);
#8109=AXIS2_PLACEMENT_3D('',#13911,#9648,#9649);
#8110=AXIS2_PLACEMENT_3D('',#13913,#9651,#9652);
#8111=AXIS2_PLACEMENT_3D('',#13915,#9654,#9655);
#8112=AXIS2_PLACEMENT_3D('',#13916,#9656,#9657);
#8113=AXIS2_PLACEMENT_3D('',#13918,#9658,#9659);
#8114=AXIS2_PLACEMENT_3D('',#13943,#9672,#9673);
#8115=AXIS2_PLACEMENT_3D('',#13957,#9680,#9681);
#8116=AXIS2_PLACEMENT_3D('',#13958,#9682,#9683);
#8117=AXIS2_PLACEMENT_3D('',#13961,#9686,#9687);
#8118=AXIS2_PLACEMENT_3D('',#13963,#9689,#9690);
#8119=AXIS2_PLACEMENT_3D('',#13965,#9692,#9693);
#8120=AXIS2_PLACEMENT_3D('',#13967,#9695,#9696);
#8121=AXIS2_PLACEMENT_3D('',#13969,#9698,#9699);
#8122=AXIS2_PLACEMENT_3D('',#13970,#9700,#9701);
#8123=AXIS2_PLACEMENT_3D('',#13972,#9703,#9704);
#8124=AXIS2_PLACEMENT_3D('',#13976,#9707,#9708);
#8125=AXIS2_PLACEMENT_3D('',#13978,#9710,#9711);
#8126=AXIS2_PLACEMENT_3D('',#13980,#9712,#9713);
#8127=AXIS2_PLACEMENT_3D('',#13989,#9718,#9719);
#8128=AXIS2_PLACEMENT_3D('',#14014,#9732,#9733);
#8129=AXIS2_PLACEMENT_3D('',#14017,#9736,#9737);
#8130=AXIS2_PLACEMENT_3D('',#14019,#9739,#9740);
#8131=AXIS2_PLACEMENT_3D('',#14021,#9742,#9743);
#8132=AXIS2_PLACEMENT_3D('',#14023,#9745,#9746);
#8133=AXIS2_PLACEMENT_3D('',#14025,#9748,#9749);
#8134=AXIS2_PLACEMENT_3D('',#14027,#9751,#9752);
#8135=AXIS2_PLACEMENT_3D('',#14029,#9754,#9755);
#8136=AXIS2_PLACEMENT_3D('',#14031,#9757,#9758);
#8137=AXIS2_PLACEMENT_3D('',#14033,#9760,#9761);
#8138=AXIS2_PLACEMENT_3D('',#14035,#9763,#9764);
#8139=AXIS2_PLACEMENT_3D('',#14037,#9766,#9767);
#8140=AXIS2_PLACEMENT_3D('',#14038,#9768,#9769);
#8141=AXIS2_PLACEMENT_3D('',#14040,#9770,#9771);
#8142=AXIS2_PLACEMENT_3D('',#14042,#9772,#9773);
#8143=AXIS2_PLACEMENT_3D('',#14043,#9774,#9775);
#8144=AXIS2_PLACEMENT_3D('',#14045,#9777,#9778);
#8145=AXIS2_PLACEMENT_3D('',#14047,#9780,#9781);
#8146=AXIS2_PLACEMENT_3D('',#14049,#9782,#9783);
#8147=AXIS2_PLACEMENT_3D('',#14051,#9784,#9785);
#8148=AXIS2_PLACEMENT_3D('',#14052,#9786,#9787);
#8149=AXIS2_PLACEMENT_3D('',#14054,#9789,#9790);
#8150=AXIS2_PLACEMENT_3D('',#14056,#9792,#9793);
#8151=AXIS2_PLACEMENT_3D('',#14065,#9798,#9799);
#8152=AXIS2_PLACEMENT_3D('',#14068,#9802,#9803);
#8153=AXIS2_PLACEMENT_3D('',#14070,#9805,#9806);
#8154=AXIS2_PLACEMENT_3D('',#14072,#9808,#9809);
#8155=AXIS2_PLACEMENT_3D('',#14073,#9810,#9811);
#8156=AXIS2_PLACEMENT_3D('',#14082,#9816,#9817);
#8157=AXIS2_PLACEMENT_3D('',#14084,#9818,#9819);
#8158=AXIS2_PLACEMENT_3D('',#14086,#9820,#9821);
#8159=AXIS2_PLACEMENT_3D('',#14088,#9823,#9824);
#8160=AXIS2_PLACEMENT_3D('',#14089,#9825,#9826);
#8161=AXIS2_PLACEMENT_3D('',#14091,#9827,#9828);
#8162=AXIS2_PLACEMENT_3D('',#14093,#9829,#9830);
#8163=AXIS2_PLACEMENT_3D('',#14095,#9832,#9833);
#8164=AXIS2_PLACEMENT_3D('',#14097,#9835,#9836);
#8165=AXIS2_PLACEMENT_3D('',#14101,#9839,#9840);
#8166=AXIS2_PLACEMENT_3D('',#14102,#9841,#9842);
#8167=AXIS2_PLACEMENT_3D('',#14104,#9844,#9845);
#8168=AXIS2_PLACEMENT_3D('',#14106,#9847,#9848);
#8169=AXIS2_PLACEMENT_3D('',#14107,#9849,#9850);
#8170=AXIS2_PLACEMENT_3D('',#14116,#9855,#9856);
#8171=AXIS2_PLACEMENT_3D('',#14118,#9857,#9858);
#8172=AXIS2_PLACEMENT_3D('',#14120,#9859,#9860);
#8173=AXIS2_PLACEMENT_3D('',#14122,#9862,#9863);
#8174=AXIS2_PLACEMENT_3D('',#14125,#9866,#9867);
#8175=AXIS2_PLACEMENT_3D('',#14127,#9869,#9870);
#8176=AXIS2_PLACEMENT_3D('',#14129,#9872,#9873);
#8177=AXIS2_PLACEMENT_3D('',#14131,#9875,#9876);
#8178=AXIS2_PLACEMENT_3D('',#14132,#9877,#9878);
#8179=AXIS2_PLACEMENT_3D('',#14134,#9879,#9880);
#8180=AXIS2_PLACEMENT_3D('',#14138,#9883,#9884);
#8181=AXIS2_PLACEMENT_3D('',#14139,#9885,#9886);
#8182=AXIS2_PLACEMENT_3D('',#14143,#9888,#9889);
#8183=AXIS2_PLACEMENT_3D('',#14145,#9890,#9891);
#8184=AXIS2_PLACEMENT_3D('',#14147,#9893,#9894);
#8185=AXIS2_PLACEMENT_3D('',#14153,#9897,#9898);
#8186=AXIS2_PLACEMENT_3D('',#14154,#9899,#9900);
#8187=AXIS2_PLACEMENT_3D('',#14155,#9901,#9902);
#8188=AXIS2_PLACEMENT_3D('',#14159,#9905,#9906);
#8189=AXIS2_PLACEMENT_3D('',#14161,#9907,#9908);
#8190=AXIS2_PLACEMENT_3D('',#14163,#9910,#9911);
#8191=AXIS2_PLACEMENT_3D('',#14166,#9913,#9914);
#8192=AXIS2_PLACEMENT_3D('',#14167,#9915,#9916);
#8193=AXIS2_PLACEMENT_3D('',#14168,#9917,#9918);
#8194=AXIS2_PLACEMENT_3D('',#14169,#9919,#9920);
#8195=AXIS2_PLACEMENT_3D('',#14173,#9923,#9924);
#8196=AXIS2_PLACEMENT_3D('',#14175,#9925,#9926);
#8197=AXIS2_PLACEMENT_3D('',#14177,#9928,#9929);
#8198=AXIS2_PLACEMENT_3D('',#14180,#9931,#9932);
#8199=AXIS2_PLACEMENT_3D('',#14181,#9933,#9934);
#8200=AXIS2_PLACEMENT_3D('',#14183,#9936,#9937);
#8201=AXIS2_PLACEMENT_3D('',#14185,#9939,#9940);
#8202=AXIS2_PLACEMENT_3D('',#14186,#9941,#9942);
#8203=AXIS2_PLACEMENT_3D('',#14192,#9947,#9948);
#8204=AXIS2_PLACEMENT_3D('',#14198,#9953,#9954);
#8205=AXIS2_PLACEMENT_3D('',#14202,#9957,#9958);
#8206=AXIS2_PLACEMENT_3D('',#14204,#9960,#9961);
#8207=AXIS2_PLACEMENT_3D('',#14205,#9962,#9963);
#8208=AXIS2_PLACEMENT_3D('',#14215,#9969,#9970);
#8209=AXIS2_PLACEMENT_3D('',#14221,#9974,#9975);
#8210=AXIS2_PLACEMENT_3D('',#14225,#9978,#9979);
#8211=AXIS2_PLACEMENT_3D('',#14227,#9981,#9982);
#8212=AXIS2_PLACEMENT_3D('',#14231,#9985,#9986);
#8213=AXIS2_PLACEMENT_3D('',#14235,#9989,#9990);
#8214=AXIS2_PLACEMENT_3D('',#14239,#9993,#9994);
#8215=AXIS2_PLACEMENT_3D('',#14241,#9996,#9997);
#8216=AXIS2_PLACEMENT_3D('',#14242,#9998,#9999);
#8217=AXIS2_PLACEMENT_3D('',#14246,#10002,#10003);
#8218=AXIS2_PLACEMENT_3D('',#14250,#10006,#10007);
#8219=AXIS2_PLACEMENT_3D('',#14254,#10010,#10011);
#8220=AXIS2_PLACEMENT_3D('',#14256,#10013,#10014);
#8221=AXIS2_PLACEMENT_3D('',#14257,#10015,#10016);
#8222=AXIS2_PLACEMENT_3D('',#14258,#10017,#10018);
#8223=AXIS2_PLACEMENT_3D('',#14501,#10020,#10021);
#8224=AXIS2_PLACEMENT_3D('',#14591,#10022,#10023);
#8225=AXIS2_PLACEMENT_3D('',#14631,#10026,#10027);
#8226=AXIS2_PLACEMENT_3D('',#14632,#10028,#10029);
#8227=AXIS2_PLACEMENT_3D('',#14714,#10030,#10031);
#8228=AXIS2_PLACEMENT_3D('',#14723,#10032,#10033);
#8229=AXIS2_PLACEMENT_3D('',#14784,#10034,#10035);
#8230=AXIS2_PLACEMENT_3D('',#15026,#10036,#10037);
#8231=DIRECTION('axis',(0.,0.,1.));
#8232=DIRECTION('refdir',(1.,0.,0.));
#8233=DIRECTION('center_axis',(1.42780130684002E-19,0.984807753012208,0.173648177666931));
#8234=DIRECTION('ref_axis',(0.999999999250397,6.72358657811993E-6,-3.81313543231174E-5));
#8235=DIRECTION('',(-1.,6.43506968154805E-11,-3.64950936621924E-10));
#8236=DIRECTION('',(9.41348657373176E-21,0.173648177666931,-0.984807753012208));
#8237=DIRECTION('',(0.998962464972214,-0.00790813243167888,0.0448492476869095));
#8238=DIRECTION('',(0.999999999250397,6.72358657768828E-6,-3.81313543206694E-5));
#8239=DIRECTION('',(0.998958935309778,0.00792156562919999,-0.0449254311357903));
#8240=DIRECTION('',(-9.41348657373176E-21,-0.173648177666931,0.984807753012208));
#8241=DIRECTION('center_axis',(1.42780130684002E-19,0.984807753012208,0.173648177666931));
#8242=DIRECTION('ref_axis',(-0.999999999250397,-6.72358657864784E-6,3.81313543237076E-5));
#8243=DIRECTION('center_axis',(-9.41348657373176E-21,-0.173648177666931,
0.984807753012208));
#8244=DIRECTION('ref_axis',(-0.707106781186549,-0.696364240320018,-0.122787803968969));
#8245=DIRECTION('center_axis',(3.87195919532457E-5,0.173648177536756,-0.984807752273994));
#8246=DIRECTION('ref_axis',(-0.707106780921524,-0.696359485765352,-0.122814766862193));
#8247=DIRECTION('',(9.41348657373176E-21,0.173648177666931,-0.984807753012208));
#8248=DIRECTION('center_axis',(-3.87195919532457E-5,-0.173648177536756,
0.984807752273994));
#8249=DIRECTION('ref_axis',(-0.999999999250395,6.67649917130259E-6,-3.81396571301124E-5));
#8250=DIRECTION('',(-9.41348657373176E-21,-0.173648177666931,0.984807753012208));
#8251=DIRECTION('center_axis',(-9.41348657373176E-21,-0.173648177666931,
0.984807753012208));
#8252=DIRECTION('ref_axis',(-0.707106781186549,-0.696364240320018,-0.122787803968969));
#8253=DIRECTION('center_axis',(3.87195919532457E-5,0.173648177536756,-0.984807752273994));
#8254=DIRECTION('ref_axis',(-0.707106780921524,-0.696359485765352,-0.122814766862193));
#8255=DIRECTION('center_axis',(3.87195919532457E-5,0.173648177536756,-0.984807752273994));
#8256=DIRECTION('ref_axis',(-0.707106780921524,-0.696359485765352,-0.122814766862193));
#8257=DIRECTION('center_axis',(-3.87195918978647E-5,-0.173648177536756,
0.984807752273994));
#8258=DIRECTION('ref_axis',(-0.999999999250395,6.67649916139884E-6,-3.81396570756105E-5));
#8259=DIRECTION('center_axis',(7.53833639194688E-18,-0.173648177666931,
0.984807753012208));
#8260=DIRECTION('ref_axis',(-0.707106781186549,-0.696364240320018,-0.122787803968969));
#8261=DIRECTION('center_axis',(-3.87195919532457E-5,-0.173648177536756,
0.984807752273994));
#8262=DIRECTION('ref_axis',(-0.999999999250395,6.67649917130259E-6,-3.81396571301124E-5));
#8263=DIRECTION('',(3.8719591909731E-5,-0.173677548005252,0.984802573016377));
#8264=DIRECTION('center_axis',(9.41348657373176E-21,0.173648177666931,-0.984807753012208));
#8265=DIRECTION('ref_axis',(0.707106781186549,-0.696364240320018,-0.122787803968969));
#8266=DIRECTION('center_axis',(-3.87195919532608E-5,0.173648177536756,-0.984807752273994));
#8267=DIRECTION('ref_axis',(-0.707106780921522,-0.696368994352691,-0.122760840983701));
#8268=DIRECTION('',(9.41348657373176E-21,0.173648177666931,-0.984807753012208));
#8269=DIRECTION('center_axis',(-3.87195919276109E-5,0.173648177536764,-0.984807752273993));
#8270=DIRECTION('ref_axis',(0.999999999250397,6.72358657973451E-6,-3.81313543235229E-5));
#8271=DIRECTION('',(-9.41348657373176E-21,-0.173648177666931,0.984807753012208));
#8272=DIRECTION('center_axis',(0.,0.173648177666931,-0.984807753012208));
#8273=DIRECTION('ref_axis',(0.707106781186549,-0.696364240320018,-0.122787803968969));
#8274=DIRECTION('center_axis',(-3.87195919532608E-5,0.173648177536756,-0.984807752273994));
#8275=DIRECTION('ref_axis',(-0.707106780921522,-0.696368994352691,-0.122760840983701));
#8276=DIRECTION('center_axis',(-3.87195919532608E-5,0.173648177536756,-0.984807752273994));
#8277=DIRECTION('ref_axis',(-0.707106780921522,-0.696368994352691,-0.122760840983701));
#8278=DIRECTION('center_axis',(3.87195918978797E-5,-0.173648177536756,0.984807752273994));
#8279=DIRECTION('ref_axis',(0.999999999250397,6.72358657456193E-6,-3.81313542942219E-5));
#8280=DIRECTION('center_axis',(7.53833639194688E-18,-0.173648177666931,
0.984807753012208));
#8281=DIRECTION('ref_axis',(0.707106781186549,-0.696364240320018,-0.122787803968969));
#8282=DIRECTION('center_axis',(-3.87195918978797E-5,0.173648177536756,-0.984807752273994));
#8283=DIRECTION('ref_axis',(0.999999999250397,6.72358657456188E-6,-3.81313542942219E-5));
#8284=DIRECTION('',(9.41348657373176E-21,0.173648177666931,-0.984807753012208));
#8285=DIRECTION('center_axis',(-3.87195920720461E-5,0.173648177536763,-0.984807752273993));
#8286=DIRECTION('ref_axis',(0.999999999250397,6.72358660477761E-6,-3.81313544657703E-5));
#8287=DIRECTION('',(9.41348657373176E-21,0.173648177666931,-0.984807753012208));
#8288=DIRECTION('center_axis',(-0.0455411196243431,-0.17346801160009,0.983785980472822));
#8289=DIRECTION('ref_axis',(0.998962464972214,-0.00790813243167739,0.0448492476869098));
#8290=DIRECTION('center_axis',(3.70580893087793E-10,0.17364729293303,-0.984807909014256));
#8291=DIRECTION('ref_axis',(0.707106781186406,-0.696364350675767,-0.122787178109597));
#8292=DIRECTION('',(3.70581024279835E-10,0.173648177787057,-0.984807752991027));
#8293=DIRECTION('center_axis',(-3.70580893087793E-10,-0.17364729293303,
0.984807909014256));
#8294=DIRECTION('ref_axis',(0.707106781186406,-0.696364350675767,-0.122787178109597));
#8295=DIRECTION('',(9.41348657373176E-21,0.173648177666931,-0.984807753012208));
#8296=DIRECTION('',(-9.41348657373176E-21,-0.173648177666931,0.984807753012208));
#8297=DIRECTION('center_axis',(-3.87195919267409E-5,0.173648177536763,-0.984807752273993));
#8298=DIRECTION('ref_axis',(0.999999999250397,6.72358657967143E-6,-3.81313543226398E-5));
#8299=DIRECTION('center_axis',(1.42780130684002E-19,0.984807753012208,0.173648177666931));
#8300=DIRECTION('ref_axis',(0.999999999250397,6.72358657811993E-6,-3.81313543231174E-5));
#8301=DIRECTION('',(1.,-6.43506968154805E-11,3.64950936621924E-10));
#8302=DIRECTION('',(-9.41348657373176E-21,-0.173648177666931,0.984807753012208));
#8303=DIRECTION('',(-0.999999999250397,-6.72358657822627E-6,3.81313543237819E-5));
#8304=DIRECTION('center_axis',(5.33865352648202E-20,0.984807753012208,0.173648177666931));
#8305=DIRECTION('ref_axis',(0.707079401770463,0.122792558170601,-0.696391202737257));
#8306=DIRECTION('',(-3.87195919276108E-5,0.173648177536764,-0.984807752273993));
#8307=DIRECTION('center_axis',(5.33865352648202E-20,0.984807753012208,0.173648177666931));
#8308=DIRECTION('ref_axis',(0.707134159542494,-0.122783049583262,0.696337276858826));
#8309=DIRECTION('',(0.999999999250397,6.72358657774542E-6,-3.81313543209935E-5));
#8310=DIRECTION('',(-9.41348657373176E-21,-0.173648177666931,0.984807753012208));
#8311=DIRECTION('',(-0.999999999250397,-6.72358660331769E-6,3.8131354466021E-5));
#8312=DIRECTION('',(0.999999999250397,6.72358657846022E-6,-3.81313543250473E-5));
#8313=DIRECTION('center_axis',(5.33865352648202E-20,0.984807753012208,0.173648177666931));
#8314=DIRECTION('ref_axis',(-0.707079401770513,-0.122792558170592,0.696391202737208));
#8315=DIRECTION('',(3.8719591926068E-5,-0.173648177536764,0.984807752273993));
#8316=DIRECTION('center_axis',(5.33865352648202E-20,0.984807753012208,0.173648177666931));
#8317=DIRECTION('ref_axis',(-0.707134159542543,0.122783049583266,-0.696337276858776));
#8318=DIRECTION('',(-0.999999999250397,-6.72358657823678E-6,3.81313543237801E-5));
#8319=DIRECTION('center_axis',(5.33865352648202E-20,0.984807753012208,0.173648177666931));
#8320=DIRECTION('ref_axis',(-0.999999999250397,-6.72358657864784E-6,3.81313543237076E-5));
#8321=DIRECTION('center_axis',(-4.17368685036391E-16,0.984807753012208,
0.173648177666931));
#8322=DIRECTION('ref_axis',(-0.70713415954251,0.12278304958326,-0.69633727685881));
#8323=DIRECTION('center_axis',(6.82257886071701E-15,-0.984807753012208,
-0.17364817766693));
#8324=DIRECTION('ref_axis',(-0.70713415954251,0.12278304958326,-0.69633727685881));
#8325=DIRECTION('',(4.17367838003444E-16,-0.984807753012208,-0.173648177666931));
#8326=DIRECTION('center_axis',(-1.27536535675444E-16,-0.984807753012208,
-0.17364817766693));
#8327=DIRECTION('ref_axis',(-0.70713415954251,0.12278304958326,-0.69633727685881));
#8328=DIRECTION('',(-4.17369759720952E-16,0.984807753012208,0.173648177666931));
#8329=DIRECTION('center_axis',(2.36147563182811E-14,-0.984807753012208,
-0.17364817766693));
#8330=DIRECTION('ref_axis',(-0.70713415954251,0.12278304958326,-0.69633727685881));
#8331=DIRECTION('',(-4.17368685036391E-16,0.984807753012208,0.173648177666931));
#8332=DIRECTION('center_axis',(0.999999999250397,6.72358657813332E-6,-3.81313543207895E-5));
#8333=DIRECTION('ref_axis',(-3.80432394709695E-5,-0.0126514461725802,-0.999919966528549));
#8334=DIRECTION('',(3.87195919246477E-5,-0.173648177536763,0.984807752273993));
#8335=DIRECTION('',(-4.17491895003308E-16,0.984807753012209,0.173648177666926));
#8336=DIRECTION('',(-3.87195919246477E-5,0.173648177536763,-0.984807752273993));
#8337=DIRECTION('center_axis',(-6.82257886071701E-15,0.984807753012208,
0.17364817766693));
#8338=DIRECTION('ref_axis',(0.999999999250397,6.72358658516425E-6,-3.81313543237775E-5));
#8339=DIRECTION('',(-3.8719591924874E-5,0.173648177536763,-0.984807752273993));
#8340=DIRECTION('center_axis',(-5.98792032850272E-15,-0.984807753012208,
-0.17364817766693));
#8341=DIRECTION('ref_axis',(-0.707079401770463,-0.122792558170601,0.696391202737257));
#8342=DIRECTION('center_axis',(4.17366143937549E-16,-0.984807753012208,
-0.173648177666931));
#8343=DIRECTION('ref_axis',(0.707079401770488,0.122792558170598,-0.696391202737233));
#8344=DIRECTION('center_axis',(2.36147563182811E-14,-0.984807753012208,
-0.17364817766693));
#8345=DIRECTION('ref_axis',(0.707079401770488,0.122792558170598,-0.696391202737233));
#8346=DIRECTION('',(4.1736721862211E-16,-0.984807753012208,-0.173648177666931));
#8347=DIRECTION('center_axis',(-1.27536535675444E-16,-0.984807753012208,
-0.17364817766693));
#8348=DIRECTION('ref_axis',(0.707079401770488,0.122792558170598,-0.696391202737233));
#8349=DIRECTION('',(-4.17364449871656E-16,0.984807753012208,0.173648177666931));
#8350=DIRECTION('center_axis',(6.82257886071701E-15,-0.984807753012208,
-0.17364817766693));
#8351=DIRECTION('ref_axis',(0.707079401770488,0.122792558170598,-0.696391202737233));
#8352=DIRECTION('',(4.17366143937549E-16,-0.984807753012208,-0.173648177666931));
#8353=DIRECTION('center_axis',(3.87195919288976E-5,-0.173648177536763,0.984807752273993));
#8354=DIRECTION('ref_axis',(8.34692892611154E-16,-0.984807753012208,-0.173648177666931));
#8355=DIRECTION('',(-0.999999999250397,-6.72358660171624E-6,3.81313543209466E-5));
#8356=DIRECTION('',(2.39028290797879E-15,-0.984807753012208,-0.173648177666931));
#8357=DIRECTION('',(-0.999999999250397,-6.72358657833465E-6,3.81313543250694E-5));
#8358=DIRECTION('center_axis',(-2.36147563182811E-14,0.984807753012208,
0.17364817766693));
#8359=DIRECTION('ref_axis',(0.999999999250397,6.72358660371423E-6,-3.81313543322775E-5));
#8360=DIRECTION('',(-3.87195919288049E-5,0.173648177536763,-0.984807752273993));
#8361=DIRECTION('',(-0.00225534119998957,0.17364773603009,-0.984805248365227));
#8362=DIRECTION('',(-0.999997456714802,-0.000391635889418622,0.00222107749943366));
#8363=DIRECTION('',(-0.00225534119998957,0.17364773603009,-0.984805248365227));
#8364=DIRECTION('',(0.999999999250397,6.72358660171629E-6,-3.81313543209466E-5));
#8365=DIRECTION('center_axis',(2.36147563182811E-14,-0.984807753012208,
-0.17364817766693));
#8366=DIRECTION('ref_axis',(0.707917389492481,-0.122646881764288,0.695565030782634));
#8367=DIRECTION('',(-0.00225534119998957,0.17364773603009,-0.984805248365227));
#8368=DIRECTION('',(-0.999999999250397,-6.72358660149285E-6,3.81313543196794E-5));
#8369=DIRECTION('',(0.00225534119998957,-0.17364773603009,0.984805248365227));
#8370=DIRECTION('',(-3.87195919288049E-5,0.173648177536763,-0.984807752273993));
#8371=DIRECTION('center_axis',(0.999999999250397,6.72358657815937E-6,-3.81313543210146E-5));
#8372=DIRECTION('ref_axis',(4.03939369246093E-16,-0.984807753012208,-0.17364817766693));
#8373=DIRECTION('',(3.8719591924874E-5,-0.173648177536763,0.984807752273993));
#8374=DIRECTION('',(3.76726155520559E-16,-0.984807753012086,-0.173648177667623));
#8375=DIRECTION('',(-3.8719591924874E-5,0.173648177536763,-0.984807752273993));
#8376=DIRECTION('',(-3.8719591924874E-5,0.173648177536763,-0.984807752273993));
#8377=DIRECTION('',(-3.8719591924874E-5,0.173648177536763,-0.984807752273993));
#8378=DIRECTION('center_axis',(0.999999999250397,6.72358657886836E-6,-3.81313543248811E-5));
#8379=DIRECTION('ref_axis',(4.30719162906485E-16,-0.984807753012208,-0.17364817766693));
#8380=DIRECTION('',(-3.87195919288049E-5,0.173648177536763,-0.984807752273993));
#8381=DIRECTION('',(-3.87195919288049E-5,0.173648177536763,-0.984807752273993));
#8382=DIRECTION('',(-3.87195919288049E-5,0.173648177536763,-0.984807752273993));
#8383=DIRECTION('',(-3.87195919288049E-5,0.173648177536763,-0.984807752273993));
#8384=DIRECTION('',(4.03505949180951E-16,-0.984807753012086,-0.173648177667623));
#8385=DIRECTION('center_axis',(0.999999999250397,6.72358657889447E-6,-3.81313543251063E-5));
#8386=DIRECTION('ref_axis',(-3.80432394752762E-5,-0.0126514461725802,-0.999919966528549));
#8387=DIRECTION('',(-3.87195919290311E-5,0.173648177536763,-0.984807752273993));
#8388=DIRECTION('',(4.17491895003308E-16,-0.984807753012209,-0.173648177666926));
#8389=DIRECTION('',(-3.87195919290311E-5,0.173648177536763,-0.984807752273993));
#8390=DIRECTION('center_axis',(-1.27536535675444E-16,-0.984807753012208,
-0.17364817766693));
#8391=DIRECTION('ref_axis',(-0.999999999250397,-6.7235865776345E-6,3.81313543210985E-5));
#8392=DIRECTION('',(-3.87195919247812E-5,0.173648177536763,-0.984807752273993));
#8393=DIRECTION('',(-0.999999828372914,-0.000101736811862785,0.00057697813150328));
#8394=DIRECTION('',(3.87195919247812E-5,-0.173648177536763,0.984807752273993));
#8395=DIRECTION('',(-0.999999999250397,-6.72358657758667E-6,3.81313543208273E-5));
#8396=DIRECTION('',(3.87195919288976E-5,-0.173648177536763,0.984807752273993));
#8397=DIRECTION('',(0.999999870744488,-8.82896407186876E-5,0.000500715434273278));
#8398=DIRECTION('',(-3.87195919288976E-5,0.173648177536763,-0.984807752273993));
#8399=DIRECTION('center_axis',(-1.27536535675444E-16,-0.984807753012208,
-0.17364817766693));
#8400=DIRECTION('ref_axis',(0.707079401770463,0.122792558170601,-0.696391202737257));
#8401=DIRECTION('',(-0.999999999250397,-6.72358657889447E-6,3.81313543251062E-5));
#8402=DIRECTION('center_axis',(1.27536535675444E-16,0.984807753012208,0.17364817766693));
#8403=DIRECTION('ref_axis',(-0.707079401770463,-0.122792558170601,0.696391202737257));
#8404=DIRECTION('',(3.87195919290311E-5,-0.173648177536763,0.984807752273993));
#8405=DIRECTION('center_axis',(1.27536535675444E-16,0.984807753012208,0.17364817766693));
#8406=DIRECTION('ref_axis',(-0.707134159542393,0.122783049583279,-0.696337276858925));
#8407=DIRECTION('',(0.999999999250397,6.72358657943104E-6,-3.81313543250116E-5));
#8408=DIRECTION('center_axis',(-1.27536535675444E-16,-0.984807753012208,
-0.17364817766693));
#8409=DIRECTION('ref_axis',(0.707134159542492,-0.122783049583274,0.696337276858825));
#8410=DIRECTION('',(-3.87195919288049E-5,0.173648177536763,-0.984807752273993));
#8411=DIRECTION('',(0.00225534119998957,-0.17364773603009,0.984805248365227));
#8412=DIRECTION('',(-0.999999999250397,-6.72358657811122E-6,3.81313543238022E-5));
#8413=DIRECTION('center_axis',(-1.27536535675444E-16,-0.984807753012208,
-0.17364817766693));
#8414=DIRECTION('ref_axis',(-0.707134159542543,0.122783049583266,-0.696337276858776));
#8415=DIRECTION('',(3.8719591926068E-5,-0.173648177536763,0.984807752273993));
#8416=DIRECTION('center_axis',(-1.27536535675444E-16,-0.984807753012208,
-0.17364817766693));
#8417=DIRECTION('ref_axis',(-0.707079401770513,-0.122792558170592,0.696391202737208));
#8418=DIRECTION('',(-0.999999999250397,-6.72358657940786E-6,3.81313543248802E-5));
#8419=DIRECTION('',(-0.500033531775629,0.150380371274398,-0.852849465635856));
#8420=DIRECTION('center_axis',(-9.62195067889736E-16,0.984807753012208,
0.17364817766693));
#8421=DIRECTION('ref_axis',(-3.87195921658787E-5,0.173648177536767,-0.984807752273992));
#8422=DIRECTION('',(0.499966467474768,0.150387094861017,-0.852887596990404));
#8423=DIRECTION('',(0.999999999250397,6.72358653859557E-6,-3.81313540988955E-5));
#8424=DIRECTION('',(0.500033531775234,-0.150380371274439,0.852849465636081));
#8425=DIRECTION('center_axis',(-1.27536535675444E-16,-0.984807753012208,
-0.17364817766693));
#8426=DIRECTION('ref_axis',(-3.87195916878002E-5,0.173648177536767,-0.984807752273992));
#8427=DIRECTION('',(0.499966467475164,0.150387094860976,-0.852887596990179));
#8428=DIRECTION('',(0.999999999250397,6.72358657761987E-6,-3.81313543210156E-5));
#8429=DIRECTION('center_axis',(-1.27536535675444E-16,-0.984807753012208,
-0.17364817766693));
#8430=DIRECTION('ref_axis',(0.707134159542494,-0.122783049583262,0.696337276858826));
#8431=DIRECTION('',(-3.87195919276108E-5,0.173648177536763,-0.984807752273993));
#8432=DIRECTION('center_axis',(-1.27536535675444E-16,-0.984807753012208,
-0.17364817766693));
#8433=DIRECTION('ref_axis',(0.707079401770463,0.122792558170601,-0.696391202737257));
#8434=DIRECTION('',(-0.999999999250397,-6.72358657811122E-6,3.81313543238022E-5));
#8435=DIRECTION('',(0.00217790220638142,0.173647765837386,-0.984805417410802));
#8436=DIRECTION('',(3.8719591924874E-5,-0.173648177536763,0.984807752273993));
#8437=DIRECTION('',(-0.999999999250397,-6.72358657833465E-6,3.81313543250694E-5));
#8438=DIRECTION('center_axis',(-1.27536535675444E-16,-0.984807753012208,
-0.17364817766693));
#8439=DIRECTION('ref_axis',(-0.707079401770463,-0.122792558170601,0.696391202737257));
#8440=DIRECTION('',(-0.999999999250397,-6.72358657759669E-6,3.81313543208841E-5));
#8441=DIRECTION('center_axis',(1.27536535675444E-16,0.984807753012208,0.17364817766693));
#8442=DIRECTION('ref_axis',(0.707079401770565,0.122792558170571,-0.696391202737159));
#8443=DIRECTION('',(-3.87195919246477E-5,0.173648177536763,-0.984807752273993));
#8444=DIRECTION('center_axis',(1.27536535675444E-16,0.984807753012208,0.17364817766693));
#8445=DIRECTION('ref_axis',(0.707134159542404,-0.122783049583294,0.696337276858911));
#8446=DIRECTION('',(0.999999999250397,6.72358657813332E-6,-3.81313543207895E-5));
#8447=DIRECTION('center_axis',(-1.27536535675444E-16,-0.984807753012208,
-0.17364817766693));
#8448=DIRECTION('ref_axis',(-0.707134159542544,0.122783049583253,-0.696337276858777));
#8449=DIRECTION('',(0.499966467474953,0.150387094860997,-0.852887596990298));
#8450=DIRECTION('',(-0.50003353177542,0.150380371274419,-0.852849465635975));
#8451=DIRECTION('',(-0.999999999250397,-6.72358657917976E-6,3.81313543298622E-5));
#8452=DIRECTION('',(-0.499966467474965,-0.150387094860996,0.852887596990291));
#8453=DIRECTION('',(0.500033531775439,-0.150380371274417,0.852849465635964));
#8454=DIRECTION('',(0.999999999250397,6.72358657811122E-6,-3.81313543238022E-5));
#8455=DIRECTION('',(3.70580893251929E-10,0.17364817766693,-0.984807753012208));
#8456=DIRECTION('',(-1.,6.43508223443874E-11,-3.6495091449325E-10));
#8457=DIRECTION('',(-3.70580893251929E-10,-0.17364817766693,0.984807753012208));
#8458=DIRECTION('',(1.,-6.43508223443874E-11,3.6495091449325E-10));
#8459=DIRECTION('center_axis',(1.27536535675444E-16,0.984807753012208,0.17364817766693));
#8460=DIRECTION('ref_axis',(-0.999999999250397,-6.72358657863283E-6,3.81313543236226E-5));
#8461=DIRECTION('center_axis',(1.27536535675444E-16,0.984807753012208,0.17364817766693));
#8462=DIRECTION('ref_axis',(-0.999999999250397,-6.72358657863283E-6,3.81313543236226E-5));
#8463=DIRECTION('',(-0.500033531775635,0.150380371274398,-0.852849465635853));
#8464=DIRECTION('',(-0.999999999250397,-6.72358657757696E-6,3.81313543207722E-5));
#8465=DIRECTION('',(-0.499966467475169,-0.150387094860976,0.852887596990176));
#8466=DIRECTION('',(0.500033531775239,-0.150380371274437,0.852849465636078));
#8467=DIRECTION('',(0.999999999250397,6.72358657811122E-6,-3.81313543238022E-5));
#8468=DIRECTION('',(0.499966467474775,0.150387094861015,-0.8528875969904));
#8469=DIRECTION('center_axis',(5.33865352648203E-20,0.984807753012209,0.173648177666924));
#8470=DIRECTION('ref_axis',(-3.8719592008175E-5,-0.173648177536756,0.984807752273994));
#8471=DIRECTION('',(5.33865352648203E-20,0.984807753012209,0.173648177666924));
#8472=DIRECTION('center_axis',(3.558083853393E-14,-0.984807753012208,-0.173648177666931));
#8473=DIRECTION('ref_axis',(-3.8719592008175E-5,-0.173648177536764,0.984807752273993));
#8474=DIRECTION('',(5.33865352648203E-20,0.984807753012209,0.173648177666924));
#8475=DIRECTION('center_axis',(-0.999997456714802,0.00039163588939692,-0.00222107749944665));
#8476=DIRECTION('ref_axis',(-0.00225534119999877,-0.173647736030091,0.984805248365227));
#8477=DIRECTION('',(0.00225534119999877,0.173647736030091,-0.984805248365227));
#8478=DIRECTION('',(5.33865352648203E-20,0.984807753012209,0.173648177666924));
#8479=DIRECTION('center_axis',(3.87195919532457E-5,0.173648177536756,-0.984807752273994));
#8480=DIRECTION('ref_axis',(-0.999999999250397,6.72358658256943E-6,-3.81313543490465E-5));
#8481=DIRECTION('',(0.999999999250397,-6.72358658256943E-6,3.81313543490465E-5));
#8482=DIRECTION('',(-0.999999999250397,-6.72358657822627E-6,3.81313543237819E-5));
#8483=DIRECTION('',(0.999999999250397,-6.72358658268841E-6,3.81313543490255E-5));
#8484=DIRECTION('',(4.17645666062577E-16,-0.984807753012209,-0.173648177666924));
#8485=DIRECTION('center_axis',(-1.0719339908239E-17,-0.984807753012208,
-0.173648177666931));
#8486=DIRECTION('ref_axis',(-1.,9.24910530649401E-18,9.27593548990106E-18));
#8487=DIRECTION('',(-0.999999999250397,-6.7235865678261E-6,3.8131354295426E-5));
#8488=DIRECTION('center_axis',(3.55808416942493E-14,-0.984807753012208,
-0.173648177666931));
#8489=DIRECTION('ref_axis',(0.999997456714802,0.000391635889416952,-0.00222107749935527));
#8490=DIRECTION('',(-0.00225534119999879,0.173647736030091,-0.984805248365227));
#8491=DIRECTION('',(-0.999999999250397,-6.72358658268034E-6,3.81313543490422E-5));
#8492=DIRECTION('center_axis',(-3.87195918978647E-5,-0.173648177536756,
0.984807752273994));
#8493=DIRECTION('ref_axis',(0.999999999250397,-6.72358656771519E-6,3.81313542954302E-5));
#8494=DIRECTION('center_axis',(3.87195918978647E-5,0.173648177536756,-0.984807752273994));
#8495=DIRECTION('ref_axis',(-0.999999999250395,6.6764991613989E-6,-3.81396570756105E-5));
#8496=DIRECTION('',(0.999999999250397,-6.72358656771519E-6,3.81313542954302E-5));
#8497=DIRECTION('center_axis',(0.999997456714802,0.000391635889396922,-0.00222107749944667));
#8498=DIRECTION('ref_axis',(-0.00225534119999879,0.173647736030091,-0.984805248365227));
#8499=DIRECTION('',(5.33865352648203E-20,0.984807753012209,0.173648177666924));
#8500=DIRECTION('',(5.33865352648203E-20,0.984807753012209,0.173648177666924));
#8501=DIRECTION('center_axis',(5.33865352648203E-20,0.984807753012209,0.173648177666924));
#8502=DIRECTION('ref_axis',(0.999997456714802,0.000391635889381896,-0.00222107749936145));
#8503=DIRECTION('',(5.33865352648203E-20,0.984807753012209,0.173648177666924));
#8504=DIRECTION('center_axis',(-0.999999999250397,-6.72358657853101E-6,
3.81313543230449E-5));
#8505=DIRECTION('ref_axis',(3.8719591926938E-5,-0.173648177536763,0.984807752273993));
#8506=DIRECTION('',(3.8719591926938E-5,-0.173648177536763,0.984807752273993));
#8507=DIRECTION('',(4.17329266117432E-16,-0.984807753012208,-0.17364817766693));
#8508=DIRECTION('center_axis',(-1.42780274683608E-19,-0.984807753012208,
-0.173648177666931));
#8509=DIRECTION('ref_axis',(3.87195919247812E-5,-0.173648177536763,0.984807752273993));
#8510=DIRECTION('',(9.41348657373176E-21,0.173648177666931,-0.984807753012208));
#8511=DIRECTION('',(-0.999999999250397,-6.72358657811983E-6,3.81313543231174E-5));
#8512=DIRECTION('center_axis',(1.42780274683608E-19,0.984807753012208,0.173648177666931));
#8513=DIRECTION('ref_axis',(-0.707134159542509,0.122783049583267,-0.696337276858809));
#8514=DIRECTION('center_axis',(0.,-0.173648177666931,0.984807753012208));
#8515=DIRECTION('ref_axis',(-0.707106781186549,-0.696364240320018,-0.122787803968969));
#8516=DIRECTION('center_axis',(-3.8719591926938E-5,0.173648177536763,-0.984807752273993));
#8517=DIRECTION('ref_axis',(-0.999999999250395,-6.6764991639851E-6,3.8139657104675E-5));
#8518=DIRECTION('center_axis',(-3.70580893087793E-10,-0.17364729293303,
0.984807909014256));
#8519=DIRECTION('ref_axis',(0.707106781186403,-0.696364350675769,-0.122787178109598));
#8520=DIRECTION('',(-3.70580864540761E-10,-0.173648177574572,0.984807753028493));
#8521=DIRECTION('center_axis',(3.70580893087793E-10,0.17364729293303,-0.984807909014256));
#8522=DIRECTION('ref_axis',(0.707106781186403,-0.696364350675769,-0.122787178109598));
#8523=DIRECTION('center_axis',(0.0456184783257219,-0.17346739868064,0.98378250443389));
#8524=DIRECTION('ref_axis',(-0.998958935309778,-0.00792156562919843,0.0449254311357906));
#8525=DIRECTION('',(-9.41348657373176E-21,-0.173648177666931,0.984807753012208));
#8526=DIRECTION('center_axis',(-3.87195920720461E-5,0.173648177536763,-0.984807752273993));
#8527=DIRECTION('ref_axis',(-0.999999999250397,-6.72358660168664E-6,3.81313544663222E-5));
#8528=DIRECTION('center_axis',(3.87195919247813E-5,-0.173648177536763,0.984807752273993));
#8529=DIRECTION('ref_axis',(-0.999999999250397,-6.72358657620198E-6,3.81313543212836E-5));
#8530=DIRECTION('center_axis',(-3.87195919288976E-5,0.173648177536763,-0.984807752273993));
#8531=DIRECTION('ref_axis',(0.999999999250397,6.72358657928242E-6,-3.81313543249023E-5));
#8532=DIRECTION('',(-4.17491896649018E-16,0.984807753012208,0.173648177666931));
#8533=DIRECTION('',(1.98909715580624E-15,-0.984807753012208,-0.173648177666931));
#8534=DIRECTION('',(-0.999999999250397,-6.72358657940786E-6,3.81313543248802E-5));
#8535=DIRECTION('',(1.49841436666814E-13,0.984807753012208,0.173648177666931));
#8536=DIRECTION('',(-0.999999999250397,-6.72358658016827E-6,3.81313543247461E-5));
#8537=DIRECTION('',(1.45886808332135E-15,-0.984807753012208,-0.173648177666931));
#8538=DIRECTION('',(4.1732926631286E-16,-0.984807753012208,-0.173648177666931));
#8539=DIRECTION('center_axis',(0.334822916000001,-0.927963451975325,-0.163638157895079));
#8540=DIRECTION('ref_axis',(0.942280165001783,0.329975776796223,0.0567809595898367));
#8541=DIRECTION('center_axis',(-1.,0.,0.));
#8542=DIRECTION('ref_axis',(0.,0.,1.));
#8543=DIRECTION('center_axis',(-1.,5.42101086242752E-20,-8.55284707229503E-50));
#8544=DIRECTION('ref_axis',(9.4134865737297E-21,0.173648177666893,-0.984807753012215));
#8545=DIRECTION('',(9.41348657373173E-21,0.17364817766693,-0.984807753012208));
#8546=DIRECTION('center_axis',(9.41348657373176E-21,0.173648177666931,-0.984807753012208));
#8547=DIRECTION('ref_axis',(0.707106781186549,-0.696364240320018,-0.122787803968969));
#8548=DIRECTION('',(-3.8719591911127E-5,0.173620317327958,-0.98481266437416));
#8549=DIRECTION('center_axis',(-3.87195919276109E-5,0.173648177536764,-0.984807752273993));
#8550=DIRECTION('ref_axis',(0.999999999250397,6.72358657973451E-6,-3.81313543235229E-5));
#8551=DIRECTION('center_axis',(1.,0.,0.));
#8552=DIRECTION('ref_axis',(0.,0.,-1.));
#8553=DIRECTION('',(-9.41348657373173E-21,-0.17364817766693,0.984807753012208));
#8554=DIRECTION('center_axis',(1.,-5.42101086242752E-20,8.55284707229503E-50));
#8555=DIRECTION('ref_axis',(9.41348657372374E-21,0.173648177666783,-0.984807753012234));
#8556=DIRECTION('center_axis',(1.,-6.45304588692266E-11,3.64919239892699E-10));
#8557=DIRECTION('ref_axis',(3.70580893087793E-10,0.17364729293303,-0.984807909014256));
#8558=DIRECTION('',(1.82868313851417E-13,0.984807909014256,0.17364729293303));
#8559=DIRECTION('',(1.82868313851417E-13,0.984807909014256,0.17364729293303));
#8560=DIRECTION('center_axis',(3.70580893087793E-10,0.17364729293303,-0.984807909014256));
#8561=DIRECTION('ref_axis',(-1.,6.45304708496606E-11,-3.64919237792057E-10));
#8562=DIRECTION('',(1.82868313851417E-13,0.984807909014256,0.17364729293303));
#8563=DIRECTION('center_axis',(3.87195920720461E-5,-0.173648177536763,0.984807752273993));
#8564=DIRECTION('ref_axis',(-0.999999999250397,-6.72358660331772E-6,3.8131354466021E-5));
#8565=DIRECTION('',(-0.999999999250397,-6.72358657775046E-6,3.8131354321022E-5));
#8566=DIRECTION('',(-0.999999999250397,-6.72358657775046E-6,3.8131354321022E-5));
#8567=DIRECTION('',(-0.999999999250397,-6.72358657775046E-6,3.8131354321022E-5));
#8568=DIRECTION('',(-0.999999999250397,-6.72358657775046E-6,3.8131354321022E-5));
#8569=DIRECTION('',(-8.34692892611154E-16,0.984807753012208,0.173648177666931));
#8570=DIRECTION('',(1.42780202683781E-19,0.984807753012208,0.173648177666931));
#8571=DIRECTION('center_axis',(-0.826032934045549,0.0978719074652635,-0.555059169459629));
#8572=DIRECTION('ref_axis',(-0.563621851840489,-0.143439113689878,0.813483637691478));
#8573=DIRECTION('center_axis',(-4.47717851108774E-15,0.984807753012208,
0.17364817766693));
#8574=DIRECTION('ref_axis',(0.999999999250397,6.72358658146228E-6,-3.81313543162896E-5));
#8575=DIRECTION('',(0.998958935309778,0.00792156562919999,-0.0449254311357903));
#8576=DIRECTION('',(-0.00225534119998559,0.173647736030091,-0.984805248365227));
#8577=DIRECTION('center_axis',(-0.998958935309778,-0.0079215656292,0.0449254311357903));
#8578=DIRECTION('ref_axis',(-0.0322571353715282,0.819024214241889,-0.572851476128917));
#8579=DIRECTION('',(-0.998958935309778,-0.00792156562919999,0.0449254311357903));
#8580=DIRECTION('center_axis',(0.998958935309778,0.00792156562919993,-0.04492543113579));
#8581=DIRECTION('ref_axis',(-0.0456184783257215,0.17346739868064,-0.98378250443389));
#8582=DIRECTION('center_axis',(-0.0456184783257219,0.17346739868064,-0.98378250443389));
#8583=DIRECTION('ref_axis',(0.998958935309778,0.00792156562919999,-0.0449254311357903));
#8584=DIRECTION('',(1.42780202683781E-19,0.984807753012208,0.173648177666931));
#8585=DIRECTION('',(1.42780202683781E-19,0.984807753012208,0.173648177666931));
#8586=DIRECTION('center_axis',(-4.17329266117432E-16,0.984807753012208,
0.17364817766693));
#8587=DIRECTION('ref_axis',(-0.707134159542509,0.122783049583267,-0.696337276858809));
#8588=DIRECTION('',(-4.17329266117432E-16,0.984807753012208,0.17364817766693));
#8589=DIRECTION('center_axis',(-3.87195919276109E-5,0.173648177536764,-0.984807752273993));
#8590=DIRECTION('ref_axis',(-0.999999999250397,-6.72358657812293E-6,3.81313543238001E-5));
#8591=DIRECTION('',(-4.17220846136754E-16,0.984807753012208,0.173648177666931));
#8592=DIRECTION('',(0.999999999250397,6.72358655580285E-6,-3.81313543277358E-5));
#8593=DIRECTION('',(1.15454704331548E-15,0.984807753012208,0.173648177666931));
#8594=DIRECTION('',(-4.17166636768699E-16,0.984807753012208,0.173648177666933));
#8595=DIRECTION('center_axis',(0.334822915999961,0.927967954397067,0.163612623392592));
#8596=DIRECTION('ref_axis',(-0.942280269148081,0.329963105790933,0.0568528204315454));
#8597=DIRECTION('center_axis',(3.87195919247813E-5,-0.173648177536763,0.984807752273993));
#8598=DIRECTION('ref_axis',(-0.999999999250397,-6.72358657774542E-6,3.81313543209934E-5));
#8599=DIRECTION('',(-4.1732926631286E-16,0.984807753012208,0.173648177666931));
#8600=DIRECTION('',(-6.24317970892303E-16,-0.984807753012208,-0.173648177666931));
#8601=DIRECTION('',(0.999999999250397,6.72358657685946E-6,-3.81313543211497E-5));
#8602=DIRECTION('',(-1.50676149409568E-13,0.984807753012208,0.173648177666931));
#8603=DIRECTION('',(0.999999999250397,6.72358657761987E-6,-3.81313543210156E-5));
#8604=DIRECTION('',(-1.15454704331548E-15,-0.984807753012208,-0.173648177666931));
#8605=DIRECTION('',(0.999999999250397,6.72358655531149E-6,-3.81313543249492E-5));
#8606=DIRECTION('',(4.170040056714E-16,-0.984807753012208,-0.173648177666931));
#8607=DIRECTION('center_axis',(-0.999999999250397,-6.72358657849678E-6,
3.81313543228508E-5));
#8608=DIRECTION('ref_axis',(3.87195919267409E-5,-0.173648177536763,0.984807752273993));
#8609=DIRECTION('',(4.17329266117432E-16,-0.984807753012208,-0.17364817766693));
#8610=DIRECTION('',(3.87195919267409E-5,-0.173648177536763,0.984807752273993));
#8611=DIRECTION('',(4.17275056245378E-16,-0.984807753012208,-0.173648177666931));
#8612=DIRECTION('center_axis',(-3.87195919276109E-5,0.173648177536764,-0.984807752273993));
#8613=DIRECTION('ref_axis',(-0.999999999250397,-6.72358657812293E-6,3.81313543238001E-5));
#8614=DIRECTION('',(-4.17275056245378E-16,0.984807753012208,0.173648177666931));
#8615=DIRECTION('',(1.98898873558899E-15,-0.984807753012208,-0.173648177666931));
#8616=DIRECTION('',(4.17220846136754E-16,-0.984807753012208,-0.173648177666931));
#8617=DIRECTION('',(0.999999999250397,6.72358657823668E-6,-3.81313543237801E-5));
#8618=DIRECTION('center_axis',(4.17329266117432E-16,-0.984807753012208,
-0.17364817766693));
#8619=DIRECTION('ref_axis',(0.707079401770477,0.122792558170594,-0.696391202737244));
#8620=DIRECTION('',(-4.17329266117432E-16,0.984807753012208,0.17364817766693));
#8621=DIRECTION('center_axis',(-1.42780336397725E-19,-0.984807753012208,
-0.17364817766693));
#8622=DIRECTION('ref_axis',(0.707079401770477,0.122792558170594,-0.696391202737244));
#8623=DIRECTION('center_axis',(3.87195919267409E-5,-0.173648177536763,0.984807752273993));
#8624=DIRECTION('ref_axis',(0.999999999250397,6.72358657889609E-6,-3.81313543227804E-5));
#8625=DIRECTION('',(0.999999999250397,6.72358657808571E-6,-3.81313543229233E-5));
#8626=DIRECTION('center_axis',(-1.42780274683608E-19,-0.984807753012208,
-0.173648177666931));
#8627=DIRECTION('ref_axis',(3.87195919247812E-5,-0.173648177536763,0.984807752273993));
#8628=DIRECTION('center_axis',(-3.8719591926938E-5,0.173648177536763,-0.984807752273993));
#8629=DIRECTION('ref_axis',(-0.999999999250397,-6.72358657813159E-6,3.81313543231154E-5));
#8630=DIRECTION('center_axis',(0.976268429013221,0.0376059393040554,-0.213273879884802));
#8631=DIRECTION('ref_axis',(-0.21656397325515,0.169527233611903,-0.961436717913269));
#8632=DIRECTION('center_axis',(-2.1477771380329E-5,-0.723086770917892,-0.690757208621265));
#8633=DIRECTION('ref_axis',(-0.999999999250397,-6.72358657812567E-6,3.81313543213915E-5));
#8634=DIRECTION('',(3.22166437669481E-5,-0.690757208922448,0.723086770231456));
#8635=DIRECTION('',(-3.22166437630599E-5,0.690757208922448,-0.723086770231456));
#8636=DIRECTION('',(0.999999999250397,6.72358657928242E-6,-3.81313543249023E-5));
#8637=DIRECTION('center_axis',(-3.87195919244522E-5,0.173648177536763,-0.984807752273993));
#8638=DIRECTION('ref_axis',(0.999999999250397,6.72358657768828E-6,-3.81313543206694E-5));
#8639=DIRECTION('',(-8.34692892611154E-16,0.984807753012208,0.173648177666931));
#8640=DIRECTION('',(1.42780202683781E-19,0.984807753012208,0.173648177666931));
#8641=DIRECTION('',(-1.42780202683781E-19,-0.984807753012208,-0.173648177666931));
#8642=DIRECTION('',(-1.42780202683781E-19,-0.984807753012208,-0.173648177666931));
#8643=DIRECTION('center_axis',(-0.994875845797597,0.0175565533783197,-0.0995681619896124));
#8644=DIRECTION('ref_axis',(0.101104161380803,0.172758377627599,-0.979761446226052));
#8645=DIRECTION('',(-1.42780202683781E-19,-0.984807753012208,-0.173648177666931));
#8646=DIRECTION('',(0.101104161380803,0.172758377627599,-0.979761446226052));
#8647=DIRECTION('center_axis',(-0.999997456714802,-0.000391635889394639,
0.00222107749943362));
#8648=DIRECTION('ref_axis',(-0.00225534119998554,0.173647736030091,-0.984805248365227));
#8649=DIRECTION('',(0.00225534119998554,-0.173647736030091,0.984805248365227));
#8650=DIRECTION('center_axis',(0.999999999250397,6.72358657774542E-6,-3.81313543209934E-5));
#8651=DIRECTION('ref_axis',(3.87195919247812E-5,-0.173648177536763,0.984807752273993));
#8652=DIRECTION('',(3.87195919247812E-5,-0.173648177536763,0.984807752273993));
#8653=DIRECTION('',(3.45938412593854E-5,0.287202719992932,0.957869822278543));
#8654=DIRECTION('',(-3.87195919247812E-5,0.173648177536763,-0.984807752273993));
#8655=DIRECTION('',(8.85701146308776E-20,0.984807753012208,0.173648177666931));
#8656=DIRECTION('',(-3.87195919247812E-5,0.173648177536763,-0.984807752273993));
#8657=DIRECTION('',(8.85700837738438E-20,0.984807753012208,0.173648177666931));
#8658=DIRECTION('',(-3.87195919247813E-5,0.173648177536763,-0.984807752273993));
#8659=DIRECTION('',(8.85701043452161E-20,0.984807753012208,0.173648177666931));
#8660=DIRECTION('center_axis',(0.733758759333797,0.66909326622178,0.1179503463225));
#8661=DIRECTION('ref_axis',(3.87195919247812E-5,-0.173648177536763,0.984807752273993));
#8662=DIRECTION('',(-3.8719591924799E-5,0.173648177536763,-0.984807752273993));
#8663=DIRECTION('',(0.679410098248267,-0.722606747501593,-0.127441778328178));
#8664=DIRECTION('',(-0.571774408082395,0.701908134534686,-0.424734030819363));
#8665=DIRECTION('',(0.427221005265086,-0.319400339460133,-0.845852017679831));
#8666=DIRECTION('center_axis',(8.85700940595053E-20,0.984807753012208,0.173648177666931));
#8667=DIRECTION('ref_axis',(0.999999999250397,6.72358657774542E-6,-3.81313543209934E-5));
#8668=DIRECTION('',(-3.87195919247813E-5,0.173648177536763,-0.984807752273993));
#8669=DIRECTION('',(0.999999999250397,6.72358657774542E-6,-3.81313543209934E-5));
#8670=DIRECTION('',(0.422054625589766,-0.157424298160892,0.892797560125941));
#8671=DIRECTION('',(-0.999999999250397,-6.72358657774542E-6,3.81313543209934E-5));
#8672=DIRECTION('center_axis',(0.999999999250397,6.72358657774542E-6,-3.81313543209934E-5));
#8673=DIRECTION('ref_axis',(3.87195919247812E-5,-0.173648177536763,0.984807752273993));
#8674=DIRECTION('',(3.87195919247812E-5,-0.173648177536763,0.984807752273993));
#8675=DIRECTION('',(1.42780202683781E-19,0.984807753012208,0.173648177666931));
#8676=DIRECTION('',(-3.56105163848321E-5,0.546355328622945,-0.837553492988481));
#8677=DIRECTION('',(3.8249426512282E-5,-0.324544025473635,0.945870590549442));
#8678=DIRECTION('',(3.87195919247812E-5,-0.173648177536763,0.984807752273993));
#8679=DIRECTION('',(1.42780202683781E-19,0.984807753012208,0.173648177666931));
#8680=DIRECTION('center_axis',(5.42594596729482E-14,-0.984807753012208,
-0.17364817766693));
#8681=DIRECTION('ref_axis',(0.999997456714802,0.000391635889449752,-0.00222107749943373));
#8682=DIRECTION('center_axis',(-4.17546106747357E-16,0.984807753012208,
0.173648177666931));
#8683=DIRECTION('ref_axis',(0.707917389492481,-0.122646881764288,0.695565030782634));
#8684=DIRECTION('',(4.17491896638732E-16,-0.984807753012208,-0.173648177666931));
#8685=DIRECTION('center_axis',(-0.999997456714802,-0.000391635889395653,
0.00222107749943697));
#8686=DIRECTION('ref_axis',(0.00225534119998902,-0.17364773603009,0.984805248365227));
#8687=DIRECTION('center_axis',(-4.17058215769738E-16,0.984807753012208,
0.173648177666931));
#8688=DIRECTION('ref_axis',(-0.707862692442803,-0.122656400884243,0.69561901639457));
#8689=DIRECTION('center_axis',(-2.27800977860668E-14,-0.984807753012208,
-0.17364817766693));
#8690=DIRECTION('ref_axis',(-0.707862692442803,-0.122656400884243,0.69561901639457));
#8691=DIRECTION('',(-4.17004005661114E-16,0.984807753012208,0.173648177666931));
#8692=DIRECTION('center_axis',(1.07198504943385E-15,0.984807753012209,0.173648177666927));
#8693=DIRECTION('ref_axis',(-0.999997628368177,0.000378188749275989,-0.00214481497814675));
#8694=DIRECTION('center_axis',(-0.999997628368178,0.000378188749274416,
-0.00214481497814635));
#8695=DIRECTION('ref_axis',(-0.00217790220638087,-0.173647765837386,0.984805417410802));
#8696=DIRECTION('',(0.00217790220638142,0.173647765837386,-0.984805417410802));
#8697=DIRECTION('center_axis',(-8.34747102174637E-16,0.984807753012208,
0.173648177666929));
#8698=DIRECTION('ref_axis',(0.707079401770463,0.122792558170601,-0.696391202737257));
#8699=DIRECTION('center_axis',(6.82257886071701E-15,-0.984807753012208,
-0.17364817766693));
#8700=DIRECTION('ref_axis',(0.707079401770463,0.122792558170601,-0.696391202737257));
#8701=DIRECTION('',(8.34747102174637E-16,-0.984807753012208,-0.173648177666929));
#8702=DIRECTION('',(-8.34747102174637E-16,0.984807753012208,0.173648177666929));
#8703=DIRECTION('center_axis',(8.85706392008478E-20,0.984807753012208,0.173648177666929));
#8704=DIRECTION('ref_axis',(-0.707134159542544,0.122783049583253,-0.696337276858777));
#8705=DIRECTION('center_axis',(-5.98792032850272E-15,-0.984807753012208,
-0.17364817766693));
#8706=DIRECTION('ref_axis',(-0.707134159542544,0.122783049583253,-0.696337276858777));
#8707=DIRECTION('',(-8.85706392008478E-20,-0.984807753012208,-0.173648177666929));
#8708=DIRECTION('',(8.85706392008478E-20,0.984807753012208,0.173648177666929));
#8709=DIRECTION('center_axis',(4.17491895003308E-16,-0.984807753012209,
-0.173648177666926));
#8710=DIRECTION('ref_axis',(0.707134159542492,-0.122783049583274,0.696337276858825));
#8711=DIRECTION('center_axis',(6.82257886071701E-15,-0.984807753012208,
-0.17364817766693));
#8712=DIRECTION('ref_axis',(0.707134159542492,-0.122783049583274,0.696337276858825));
#8713=DIRECTION('',(-4.17491895003308E-16,0.984807753012209,0.173648177666926));
#8714=DIRECTION('center_axis',(-4.17220846363039E-16,0.984807753012208,
0.173648177666931));
#8715=DIRECTION('ref_axis',(0.707134159542492,-0.122783049583274,0.696337276858825));
#8716=DIRECTION('center_axis',(-6.82257886071701E-15,0.984807753012208,
0.17364817766693));
#8717=DIRECTION('ref_axis',(0.999999999250397,6.72358658516425E-6,-3.81313543237775E-5));
#8718=DIRECTION('center_axis',(4.17491895003308E-16,-0.984807753012209,
-0.173648177666926));
#8719=DIRECTION('ref_axis',(-0.707079401770463,-0.122792558170601,0.696391202737257));
#8720=DIRECTION('center_axis',(-4.17220846363039E-16,0.984807753012208,
0.173648177666931));
#8721=DIRECTION('ref_axis',(-0.707079401770463,-0.122792558170601,0.696391202737257));
#8722=DIRECTION('',(4.17491895003308E-16,-0.984807753012209,-0.173648177666926));
#8723=DIRECTION('center_axis',(-0.311191438187539,0.435892257939328,0.844486724743098));
#8724=DIRECTION('ref_axis',(-0.924716138924392,0.0661004652482567,-0.374874366830714));
#8725=DIRECTION('',(-0.924716138924392,0.0661004652482567,-0.374874366830714));
#8726=DIRECTION('',(0.787917291555093,-0.378505400332982,0.485715970076397));
#8727=DIRECTION('',(0.924072682796884,-0.0687185534484672,0.37598861328572));
#8728=DIRECTION('center_axis',(-0.302284806123381,0.449451759772149,0.84060514608505));
#8729=DIRECTION('ref_axis',(-0.927462518032461,0.0649298558218602,-0.368235510872918));
#8730=DIRECTION('',(-0.927462518032461,0.0649298558218602,-0.368235510872918));
#8731=DIRECTION('',(0.163892227004496,0.893234194313514,-0.41865500359675));
#8732=DIRECTION('center_axis',(-0.106341377462857,0.437917938886643,0.89270341672953));
#8733=DIRECTION('ref_axis',(-0.991346888705827,0.0227944876326017,-0.129273963298279));
#8734=DIRECTION('',(-0.991346888705827,0.0227944876326017,-0.129273963298279));
#8735=DIRECTION('',(0.991829111078489,0.110348167412293,0.0640179378455917));
#8736=DIRECTION('center_axis',(-0.10595941991785,0.433095474331679,0.895098269154896));
#8737=DIRECTION('ref_axis',(-0.991475249161141,0.0226255181466282,-0.128315689724408));
#8738=DIRECTION('',(-0.991475249161141,0.0226255181466282,-0.128315689724408));
#8739=DIRECTION('',(-2.27395955720839E-5,0.899062642956188,-0.437820012703331));
#8740=DIRECTION('',(0.991475249161141,-0.0226255181466282,0.128315689724408));
#8741=DIRECTION('center_axis',(0.105945854641023,0.435358084074673,0.894001574112268));
#8742=DIRECTION('ref_axis',(-0.991446579812917,-0.0226633686994706,0.128530350876595));
#8743=DIRECTION('',(-0.991446579812917,-0.0226633686994706,0.128530350876595));
#8744=DIRECTION('',(-0.991053458749033,0.11962023710822,0.0591949387680492));
#8745=DIRECTION('',(-0.991446579812917,-0.0226633686994706,0.128530350876595));
#8746=DIRECTION('center_axis',(0.105640152456533,0.432002735496255,0.895663884899192));
#8747=DIRECTION('ref_axis',(-0.991541370664991,-0.0225379750284717,0.127819208029964));
#8748=DIRECTION('',(-0.991541370664991,-0.0225379750284717,0.127819208029964));
#8749=DIRECTION('',(-0.219615442313071,0.888598884629089,-0.402692289140943));
#8750=DIRECTION('center_axis',(0.288469163359983,0.453459780617716,0.843302892887558));
#8751=DIRECTION('ref_axis',(-0.933622033296194,-0.0622111164812975,0.352816773878497));
#8752=DIRECTION('',(-0.933622033296194,-0.0622111164812975,0.352816773878497));
#8753=DIRECTION('',(0.662768188083736,0.541077802127269,-0.517661222141784));
#8754=DIRECTION('center_axis',(0.310693596211122,0.430288951580445,0.847538145112774));
#8755=DIRECTION('ref_axis',(-0.925629007091133,-0.0657140644780637,0.372682979167623));
#8756=DIRECTION('',(-0.925629007091133,-0.0657140644780637,0.372682979167623));
#8757=DIRECTION('',(0.925003337130142,0.0683049506091373,-0.373768992855727));
#8758=DIRECTION('center_axis',(3.87195919288976E-5,-0.173648177536763,0.984807752273993));
#8759=DIRECTION('ref_axis',(-0.999999999250397,-6.72358657928242E-6,3.81313543249023E-5));
#8760=DIRECTION('',(-0.894000052808639,0.441253699400684,0.077840081856083));
#8761=DIRECTION('',(0.999999999250397,6.72358657928242E-6,-3.81313543249023E-5));
#8762=DIRECTION('',(8.34692892611154E-16,-0.984807753012208,-0.173648177666931));
#8763=DIRECTION('',(0.999999999250397,6.72358657928242E-6,-3.81313543249023E-5));
#8764=DIRECTION('center_axis',(0.999999999250397,6.72358657928242E-6,-3.81313543249023E-5));
#8765=DIRECTION('ref_axis',(3.87195919288976E-5,-0.173648177536763,0.984807752273993));
#8766=DIRECTION('',(-2.73462338336263E-5,0.819835104814219,-0.572599685789681));
#8767=DIRECTION('',(-3.87195919288976E-5,0.173648177536763,-0.984807752273993));
#8768=DIRECTION('',(-3.87195919288976E-5,0.173648177536763,-0.984807752273993));
#8769=DIRECTION('center_axis',(0.496713162453111,0.469576884968056,0.729913408117378));
#8770=DIRECTION('ref_axis',(-0.788722973251019,-0.106750006634671,0.605409371871274));
#8771=DIRECTION('',(-0.788722973251019,-0.106750006634671,0.605409371871274));
#8772=DIRECTION('',(-0.866111492799954,0.322368016002744,0.382007518641047));
#8773=DIRECTION('',(0.792406034649844,0.0977316658416406,-0.602113940830411));
#8774=DIRECTION('center_axis',(0.497006173038197,0.473982184402202,0.726860201710923));
#8775=DIRECTION('ref_axis',(-0.786772314003075,-0.107183179078326,0.607866014875737));
#8776=DIRECTION('',(-0.786772314003075,-0.107183179078326,0.607866014875737));
#8777=DIRECTION('',(-0.369710775068409,0.873474344767651,-0.316790959200288));
#8778=DIRECTION('center_axis',(0.644711869623318,0.486677392651424,0.589484283631734));
#8779=DIRECTION('ref_axis',(-0.609777058662075,-0.137628854751842,0.780532021808923));
#8780=DIRECTION('',(-0.609777058662075,-0.137628854751842,0.780532021808923));
#8781=DIRECTION('',(-0.51023613062232,-0.300246774555691,0.8059224313645));
#8782=DIRECTION('center_axis',(0.648749755786693,0.480821997347298,0.589859272397799));
#8783=DIRECTION('ref_axis',(-0.608454123136444,-0.137805292322494,0.78153264899566));
#8784=DIRECTION('',(-0.608454123136444,-0.137805292322494,0.78153264899566));
#8785=DIRECTION('',(-0.71133089108419,0.107701222366826,0.694556556437317));
#8786=DIRECTION('',(-0.608454123136444,-0.137805292322494,0.78153264899566));
#8787=DIRECTION('center_axis',(0.647179224283331,0.485832878899674,0.587473799786919));
#8788=DIRECTION('ref_axis',(-0.606894341465065,-0.138012536698365,0.782707990256754));
#8789=DIRECTION('',(-0.606894341465065,-0.138012536698365,0.782707990256754));
#8790=DIRECTION('',(-0.568233020481807,0.821152674103762,-0.0530991548554514));
#8791=DIRECTION('center_axis',(0.737730349516921,0.536964144741585,0.409174093343628));
#8792=DIRECTION('ref_axis',(-0.38709248168864,-0.160110721016266,0.908033021225429));
#8793=DIRECTION('',(-0.38709248168864,-0.160110721016266,0.908033021225429));
#8794=DIRECTION('',(-0.290541907172365,-0.294560711393186,0.910395182039198));
#8795=DIRECTION('center_axis',(0.754609459276713,0.514474552711257,0.407284296999847));
#8796=DIRECTION('ref_axis',(-0.381836164292968,-0.160490860011544,0.910188896598277));
#8797=DIRECTION('',(-0.381836164292968,-0.160490860011544,0.910188896598277));
#8798=DIRECTION('',(0.613025837497618,-0.331383556122915,-0.717205870926665));
#8799=DIRECTION('',(0.381836164292968,0.160490860011544,-0.910188896598277));
#8800=DIRECTION('center_axis',(0.651858127311349,0.725071944195935,0.222152329715599));
#8801=DIRECTION('ref_axis',(-0.14104527367767,-0.171912242335055,0.974962774524507));
#8802=DIRECTION('',(-0.14104527367767,-0.171912242335055,0.974962774524507));
#8803=DIRECTION('',(-0.108231255779649,-0.200993849910672,0.973595125075329));
#8804=DIRECTION('center_axis',(0.776755055973115,0.594112968584969,0.209000869805269));
#8805=DIRECTION('ref_axis',(-0.131024613380118,-0.172151176787047,0.97631783913817));
#8806=DIRECTION('',(-0.131024613380118,-0.172151176787047,0.97631783913817));
#8807=DIRECTION('',(-0.123401719327185,-0.181848355592294,0.975552761892187));
#8808=DIRECTION('center_axis',(0.795712086485361,0.569287236862137,0.206771171508475));
#8809=DIRECTION('ref_axis',(-0.130546618630963,-0.172162126425035,0.976379937621023));
#8810=DIRECTION('',(-0.130546618630963,-0.172162126425035,0.976379937621023));
#8811=DIRECTION('',(0.599847404241446,-0.78795485467536,-0.138961284602336));
#8812=DIRECTION('',(-0.130546618630963,-0.172162126425035,0.976379937621023));
#8813=DIRECTION('center_axis',(-0.128696283411261,-0.266432942232264,0.955222881808004));
#8814=DIRECTION('ref_axis',(-0.991605536376365,0.0224526893804513,-0.127335529084882));
#8815=DIRECTION('',(-0.991605536376365,0.0224526893804513,-0.127335529084882));
#8816=DIRECTION('',(-0.991293999786721,0.00754938596029832,-0.131450419392511));
#8817=DIRECTION('center_axis',(-0.130779820806321,-0.172156789445637,0.97634967010679));
#8818=DIRECTION('ref_axis',(-0.991411437532303,0.0227096775586245,-0.128792981467612));
#8819=DIRECTION('',(-0.991411437532303,0.0227096775586245,-0.128792981467612));
#8820=DIRECTION('',(8.34692892611154E-16,-0.984807753012208,-0.173648177666931));
#8821=DIRECTION('',(-0.991293999786721,0.00754938596029832,-0.131450419392511));
#8822=DIRECTION('',(8.34692892611154E-16,-0.984807753012208,-0.173648177666931));
#8823=DIRECTION('',(0.991411437532303,-0.0227096775586245,0.128792981467612));
#8824=DIRECTION('center_axis',(8.34747102719779E-16,-0.984807753012208,
-0.173648177666931));
#8825=DIRECTION('ref_axis',(3.87195919288976E-5,-0.173648177536764,0.984807752273993));
#8826=DIRECTION('',(-4.30719162916771E-16,0.984807753012208,0.17364817766693));
#8827=DIRECTION('center_axis',(8.34747102719779E-16,-0.984807753012208,
-0.173648177666931));
#8828=DIRECTION('ref_axis',(3.87195919288976E-5,-0.173648177536764,0.984807752273993));
#8829=DIRECTION('',(8.34692892611154E-16,-0.984807753012208,-0.173648177666931));
#8830=DIRECTION('center_axis',(0.128696283411261,0.266432942232264,-0.955222881808004));
#8831=DIRECTION('ref_axis',(-0.0124790570104524,0.963591907413633,0.267085958266409));
#8832=DIRECTION('center_axis',(-8.34747102719779E-16,0.984807753012208,
0.173648177666931));
#8833=DIRECTION('ref_axis',(3.87195919288976E-5,-0.173648177536764,0.984807752273993));
#8834=DIRECTION('center_axis',(-0.999999999250397,-6.72358657890765E-6,
3.81313543251039E-5));
#8835=DIRECTION('ref_axis',(-4.30719162916771E-16,0.984807753012208,0.17364817766693));
#8836=DIRECTION('',(-3.87195919290311E-5,0.173648177536763,-0.984807752273993));
#8837=DIRECTION('',(-4.30719162916771E-16,0.984807753012208,0.17364817766693));
#8838=DIRECTION('',(-3.87195919290311E-5,0.173648177536763,-0.984807752273993));
#8839=DIRECTION('center_axis',(-0.866006043339185,-0.0868299115651986,0.492436898858716));
#8840=DIRECTION('ref_axis',(-0.500033531775629,0.150380371274399,-0.852849465635856));
#8841=DIRECTION('',(-8.33879741382932E-16,0.984807753012208,0.173648177666932));
#8842=DIRECTION('',(0.500033531775629,-0.150380371274398,0.852849465635856));
#8843=DIRECTION('center_axis',(-8.33879741382932E-16,0.984807753012208,
0.173648177666932));
#8844=DIRECTION('ref_axis',(-3.87195921658787E-5,0.173648177536767,-0.984807752273992));
#8845=DIRECTION('center_axis',(1.73436385531905E-15,-0.984807753012208,
-0.173648177666931));
#8846=DIRECTION('ref_axis',(-3.87195921658787E-5,0.173648177536767,-0.984807752273992));
#8847=DIRECTION('',(8.33879741382932E-16,-0.984807753012208,-0.173648177666932));
#8848=DIRECTION('center_axis',(-0.86604476293134,0.0868182659715661,-0.492370853415277));
#8849=DIRECTION('ref_axis',(0.499966467474768,0.150387094861018,-0.852887596990404));
#8850=DIRECTION('',(-0.499966467474768,-0.150387094861017,0.852887596990404));
#8851=DIRECTION('',(8.27374528348019E-16,-0.984807753012208,-0.173648177666932));
#8852=DIRECTION('center_axis',(-0.999997628368177,0.000378188749273401,
-0.002144814978143));
#8853=DIRECTION('ref_axis',(0.0021779022063774,0.173647765837387,-0.984805417410802));
#8854=DIRECTION('',(8.34692892611154E-16,-0.984807753012208,-0.173648177666931));
#8855=DIRECTION('',(-0.0021779022063774,-0.173647765837387,0.984805417410802));
#8856=DIRECTION('center_axis',(-0.994868013390812,-0.0175699315934361,0.0996440336177759));
#8857=DIRECTION('ref_axis',(-0.101181203451128,0.172757017544434,-0.979753732811125));
#8858=DIRECTION('',(8.34692892611154E-16,-0.984807753012208,-0.173648177666931));
#8859=DIRECTION('',(-0.101181203451128,0.172757017544434,-0.979753732811125));
#8860=DIRECTION('center_axis',(0.999999999250397,6.72358657928242E-6,-3.81313543249023E-5));
#8861=DIRECTION('ref_axis',(3.87195919288976E-5,-0.173648177536763,0.984807752273993));
#8862=DIRECTION('',(-3.87195919288976E-5,0.173648177536763,-0.984807752273993));
#8863=DIRECTION('',(-8.34747102730064E-16,0.984807753012208,0.173648177666931));
#8864=DIRECTION('',(-3.87195919288976E-5,0.173648177536763,-0.984807752273993));
#8865=DIRECTION('',(-8.34747102699207E-16,0.984807753012208,0.173648177666931));
#8866=DIRECTION('',(3.87195919288976E-5,-0.173648177536763,0.984807752273993));
#8867=DIRECTION('',(3.45938412626882E-5,0.287202719992932,0.957869822278543));
#8868=DIRECTION('',(3.87195919288976E-5,-0.173648177536763,0.984807752273993));
#8869=DIRECTION('',(-8.34747102709493E-16,0.984807753012208,0.173648177666931));
#8870=DIRECTION('center_axis',(0.981056228571656,-0.0336396798282713,0.19078010462784));
#8871=DIRECTION('ref_axis',(-0.193723195257455,-0.17035862628026,0.966151780038284));
#8872=DIRECTION('',(-0.193723195257455,-0.17035862628026,0.966151780038284));
#8873=DIRECTION('',(-8.34692892611154E-16,0.984807753012208,0.173648177666931));
#8874=DIRECTION('',(0.193723195257455,0.170358626280261,-0.966151780038284));
#8875=DIRECTION('center_axis',(0.927176987409328,-0.0649693809561595,0.3689468980175));
#8876=DIRECTION('ref_axis',(-0.374623581565448,-0.161002594814593,0.913091088883275));
#8877=DIRECTION('',(-0.0109454794628203,0.979728467247993,0.200030814984158));
#8878=DIRECTION('',(-0.374623581565448,-0.161002594814593,0.913091088883275));
#8879=DIRECTION('',(0.322143051271598,0.640979357950577,-0.696684517696992));
#8880=DIRECTION('center_axis',(0.106798811154537,-0.172655023221478,0.97917529426164));
#8881=DIRECTION('ref_axis',(-0.994280651494324,-0.0185454189339809,0.105176297237475));
#8882=DIRECTION('',(-0.994280651494324,-0.0185454189339809,0.105176297237475));
#8883=DIRECTION('',(-8.34692892611154E-16,0.984807753012208,0.173648177666931));
#8884=DIRECTION('',(-0.914673413050524,-0.403175412915777,0.0286728770565308));
#8885=DIRECTION('',(-8.34692892611154E-16,0.984807753012208,0.173648177666931));
#8886=DIRECTION('center_axis',(0.882578268903217,-0.0816433826221052,0.463022631556841));
#8887=DIRECTION('ref_axis',(-0.470165501988184,-0.153258108043478,0.869169921855981));
#8888=DIRECTION('',(-8.34692892611154E-16,0.984807753012208,0.173648177666931));
#8889=DIRECTION('',(0.470165501988184,0.153258108043478,-0.869169921855981));
#8890=DIRECTION('',(0.470165501988184,0.153258108043478,-0.869169921855981));
#8891=DIRECTION('center_axis',(0.814507403784164,-0.100742539020088,0.571339330006754));
#8892=DIRECTION('ref_axis',(-0.580153160105829,-0.141437726363344,0.80213320613249));
#8893=DIRECTION('',(0.580153160105829,0.141437726363344,-0.80213320613249));
#8894=DIRECTION('',(-8.34692892611154E-16,0.984807753012208,0.173648177666931));
#8895=DIRECTION('',(-0.580153160105829,-0.141437726363344,0.80213320613249));
#8896=DIRECTION('center_axis',(0.694170447203223,-0.124993809854306,0.708875121391478));
#8897=DIRECTION('ref_axis',(-0.719810662764645,-0.120541433147079,0.683624438317686));
#8898=DIRECTION('',(-8.34692892611154E-16,0.984807753012208,0.173648177666931));
#8899=DIRECTION('',(0.719810662764645,0.120541433147079,-0.683624438317686));
#8900=DIRECTION('',(-0.719810662764645,-0.120541433147079,0.683624438317686));
#8901=DIRECTION('center_axis',(0.599329235564594,-0.139005823650357,0.788341200489258));
#8902=DIRECTION('ref_axis',(-0.800502634222748,-0.104072429578307,0.590224077790892));
#8903=DIRECTION('',(0.800502634222748,0.104072429578307,-0.590224077790892));
#8904=DIRECTION('',(-8.34692892611154E-16,0.984807753012208,0.173648177666931));
#8905=DIRECTION('',(0.800502634222748,0.104072429578307,-0.590224077790892));
#8906=DIRECTION('center_axis',(0.403082955103823,-0.158916464514457,0.901260056038763));
#8907=DIRECTION('ref_axis',(-0.915163445131398,-0.0699946206023809,0.396959219293316));
#8908=DIRECTION('',(-0.915163445131398,-0.0699946206023809,0.396959219293316));
#8909=DIRECTION('',(-8.34692892611154E-16,0.984807753012208,0.173648177666931));
#8910=DIRECTION('',(0.915163445131398,0.0699946206023809,-0.396959219293316));
#8911=DIRECTION('center_axis',(0.230327639149384,-0.168979323014605,0.958329362504039));
#8912=DIRECTION('ref_axis',(-0.973113137638102,-0.0399959748046177,0.226828444767311));
#8913=DIRECTION('',(0.973113137638102,0.0399959748046177,-0.226828444767311));
#8914=DIRECTION('',(0.973113137638102,0.0399959748046177,-0.226828444767311));
#8915=DIRECTION('',(-8.34692892611154E-16,0.984807753012208,0.173648177666931));
#8916=DIRECTION('center_axis',(0.142710342912755,-0.17187080109225,0.974727749557605));
#8917=DIRECTION('ref_axis',(-0.989764496244296,-0.0247813909810235,0.140542252135512));
#8918=DIRECTION('',(-8.34692892611154E-16,0.984807753012208,0.173648177666931));
#8919=DIRECTION('',(0.989764496244295,0.0247813909810235,-0.140542252135512));
#8920=DIRECTION('',(0.989764496244295,0.0247813909810235,-0.140542252135512));
#8921=DIRECTION('center_axis',(0.0350804534359433,-0.173541295732008,0.984201595437837));
#8922=DIRECTION('ref_axis',(-0.999384491467988,-0.006091656810882,0.0345475025229006));
#8923=DIRECTION('',(-8.34692892611154E-16,0.984807753012208,0.173648177666931));
#8924=DIRECTION('',(0.999384491467988,0.006091656810882,-0.0345475025229006));
#8925=DIRECTION('',(-0.999384491467988,-0.006091656810882,0.0345475025229006));
#8926=DIRECTION('center_axis',(0.0350030618114362,0.173541766944591,-0.984204267817192));
#8927=DIRECTION('ref_axis',(0.999387205073101,-0.00607821789631801,0.0344712866510681));
#8928=DIRECTION('',(-4.1732926631286E-16,0.984807753012208,0.173648177666931));
#8929=DIRECTION('',(-0.999387205073101,0.00607821789631801,-0.0344712866510681));
#8930=DIRECTION('',(0.999387205073101,-0.00607821789631801,0.0344712866510681));
#8931=DIRECTION('center_axis',(-0.330881053949368,0.348600100840105,0.876923997751016));
#8932=DIRECTION('ref_axis',(-0.924594539451316,0.0661517371135412,-0.37516514402816));
#8933=DIRECTION('',(0.924594539451316,-0.0661517371135412,0.37516514402816));
#8934=DIRECTION('',(0.83164324922413,0.546879458842961,0.096396906151404));
#8935=DIRECTION('center_axis',(0.301954733789982,0.464960078900682,0.832247237166032));
#8936=DIRECTION('ref_axis',(-0.925682052961753,-0.065691529476953,0.372555176825519));
#8937=DIRECTION('',(-0.925682052961753,-0.065691529476953,0.372555176825519));
#8938=DIRECTION('center_axis',(0.483481316692108,0.501238654415094,0.717638925734809));
#8939=DIRECTION('ref_axis',(-0.788429802325058,-0.106815290286431,0.605779613858618));
#8940=DIRECTION('',(0.788429802325058,0.106815290286431,-0.605779613858618));
#8941=DIRECTION('center_axis',(0.130207891431691,-0.17216986115205,0.976423803437727));
#8942=DIRECTION('ref_axis',(-0.991486714489364,-0.0226103630649676,0.128229740985301));
#8943=DIRECTION('',(0.991150754810075,-0.00303209006835576,-0.132706396489527));
#8944=DIRECTION('',(0.991486714489364,0.0226103630649676,-0.128229740985301));
#8945=DIRECTION('center_axis',(-0.128696283411261,-0.266432942232264,0.955222881808004));
#8946=DIRECTION('ref_axis',(-0.991605536376365,0.0224526893804513,-0.127335529084882));
#8947=DIRECTION('',(-0.991425067913293,0.0125548459754181,-0.130071943768269));
#8948=DIRECTION('center_axis',(-0.130282792413385,-0.172168152572533,0.976414113601771));
#8949=DIRECTION('ref_axis',(-0.991476875172069,0.0226233694839426,-0.128303504052782));
#8950=DIRECTION('',(0.991476875172069,-0.0226233694839426,0.128303504052782));
#8951=DIRECTION('center_axis',(-2.54854547674704E-15,0.984807753012208,
0.173648177666931));
#8952=DIRECTION('ref_axis',(0.999999999250397,6.72358658095512E-6,-3.81313543245198E-5));
#8953=DIRECTION('',(-3.87195919290311E-5,0.173648177536763,-0.984807752273993));
#8954=DIRECTION('',(0.374577038259999,0.161005860155553,-0.913109607552093));
#8955=DIRECTION('',(0.991662539994672,0.0223766458965819,-0.126904265057303));
#8956=DIRECTION('',(0.999999999250397,6.72358658095512E-6,-3.81313543245198E-5));
#8957=DIRECTION('center_axis',(0.733758759333797,-0.66908339924068,-0.118006304753021));
#8958=DIRECTION('ref_axis',(3.87195919288976E-5,-0.173648177536763,0.984807752273993));
#8959=DIRECTION('',(3.87195919246477E-5,-0.173648177536768,0.984807752273992));
#8960=DIRECTION('',(-0.679410098248267,-0.722615883646836,-0.127389964673766));
#8961=DIRECTION('',(-3.87195919288654E-5,0.173648177536763,-0.984807752273993));
#8962=DIRECTION('',(-0.384045790425684,-0.265184703385218,-0.884412745242178));
#8963=DIRECTION('center_axis',(0.998149690187729,-0.0105586031245258,0.0598808139406864));
#8964=DIRECTION('ref_axis',(-0.0608045720167517,-0.173326874739911,0.982985553563609));
#8965=DIRECTION('',(-0.0606737232645966,-0.237526644515646,0.96948429200805));
#8966=DIRECTION('',(-8.30898184986884E-16,0.984807753012208,0.173648177666931));
#8967=DIRECTION('',(-0.0608045720167517,-0.173326874739911,0.982985553563609));
#8968=DIRECTION('center_axis',(0.999999999250397,6.72358657890765E-6,-3.81313543251039E-5));
#8969=DIRECTION('ref_axis',(4.30719162906485E-16,-0.984807753012208,-0.17364817766693));
#8970=DIRECTION('',(4.30719162906485E-16,-0.984807753012208,-0.17364817766693));
#8971=DIRECTION('',(4.30719162906485E-16,-0.984807753012208,-0.17364817766693));
#8972=DIRECTION('',(-3.87195919290311E-5,0.173648177536763,-0.984807752273993));
#8973=DIRECTION('center_axis',(-3.44230753763547E-15,0.984807753012208,
0.173648177666931));
#8974=DIRECTION('ref_axis',(0.999999999250397,6.72358658183531E-6,-3.81313543243645E-5));
#8975=DIRECTION('',(0.377325101759243,0.16081225449164,-0.912011615270164));
#8976=DIRECTION('',(0.374577038259999,0.161005860155554,-0.913109607552093));
#8977=DIRECTION('',(0.999999999250397,6.72358658183531E-6,-3.81313543243645E-5));
#8978=DIRECTION('center_axis',(1.02211174825495E-15,0.984807753012208,0.17364817766693));
#8979=DIRECTION('ref_axis',(-0.999999999250397,-6.72358657747733E-6,3.81313543253591E-5));
#8980=DIRECTION('',(0.999999999250397,6.7235865836539E-6,-3.8131354324267E-5));
#8981=DIRECTION('',(3.87195918914688E-5,-0.173648177536763,0.984807752273993));
#8982=DIRECTION('',(-0.999999999250397,-6.72358657747733E-6,3.81313543253591E-5));
#8983=DIRECTION('',(-3.87195919246477E-5,0.173648177536763,-0.984807752273993));
#8984=DIRECTION('',(0.999999999250397,6.72358657901547E-6,-3.81313543257925E-5));
#8985=DIRECTION('',(-3.87195919290356E-5,0.173648177536763,-0.984807752273993));
#8986=DIRECTION('',(0.0608045720167515,0.17332687473991,-0.982985553563609));
#8987=DIRECTION('center_axis',(0.931981921429548,0.357003758712884,0.0629127522316466));
#8988=DIRECTION('ref_axis',(-0.362504753940249,0.917820585246937,0.161850785193306));
#8989=DIRECTION('',(-0.362504753940249,0.917820585246937,0.161850785193307));
#8990=DIRECTION('',(3.87195918914688E-5,-0.173648177536763,0.984807752273993));
#8991=DIRECTION('',(-0.362504753940249,0.917820585246937,0.161850785193306));
#8992=DIRECTION('center_axis',(0.999999158580629,-0.00127024167312282,-0.000263294749947235));
#8993=DIRECTION('ref_axis',(0.00129666450043617,0.984806933832339,0.173647982242583));
#8994=DIRECTION('center_axis',(0.999999158580629,-0.00127024167312282,-0.000263294749947235));
#8995=DIRECTION('ref_axis',(-3.87195918860305E-5,0.173648177540893,-0.984807752273265));
#8996=DIRECTION('',(3.87195918914688E-5,-0.173648177536763,0.984807752273993));
#8997=DIRECTION('',(0.00129666450043617,0.984806933832339,0.173647982242584));
#8998=DIRECTION('',(3.87195918914688E-5,-0.173648177536763,0.984807752273993));
#8999=DIRECTION('',(0.00129666450043617,0.984806933832339,0.173647982242583));
#9000=DIRECTION('',(3.87195918914688E-5,-0.173648177536763,0.984807752273993));
#9001=DIRECTION('center_axis',(-1.01766651934776E-15,-0.984807753012208,
-0.17364817766693));
#9002=DIRECTION('ref_axis',(0.999999999250397,6.723586577474E-6,-3.81313543253142E-5));
#9003=DIRECTION('',(3.87195918914688E-5,-0.173648177536763,0.984807752273993));
#9004=DIRECTION('',(0.999999999250397,6.723586577474E-6,-3.81313543253142E-5));
#9005=DIRECTION('',(-0.999999999250397,-6.7235865836539E-6,3.8131354324267E-5));
#9006=DIRECTION('',(-0.707079401770463,-0.122792558170596,0.696391202737258));
#9007=DIRECTION('center_axis',(0.999997456714802,0.000391635889397297,-0.00222107749943724));
#9008=DIRECTION('ref_axis',(-0.00221594516870922,-0.0126514308113256,-0.999917512040586));
#9009=DIRECTION('',(-0.00225534119998957,0.17364773603009,-0.984805248365227));
#9010=DIRECTION('',(-1.98844663458503E-15,0.984807753012208,0.173648177666931));
#9011=DIRECTION('center_axis',(-9.62195067889736E-16,0.984807753012208,
0.17364817766693));
#9012=DIRECTION('ref_axis',(0.999999999250397,6.72358657939324E-6,-3.81313543247972E-5));
#9013=DIRECTION('',(-0.00225534119998957,0.17364773603009,-0.984805248365227));
#9014=DIRECTION('',(-0.999997456714802,-0.000391635889396314,0.00222107749943759));
#9015=DIRECTION('center_axis',(-0.999999999250397,-6.72358658079813E-6,
3.81313543245409E-5));
#9016=DIRECTION('ref_axis',(-2.39025195934816E-15,0.984807753012208,0.17364817766693));
#9017=DIRECTION('',(2.39724499657573E-15,-0.984807753012239,-0.173648177666753));
#9018=DIRECTION('center_axis',(0.999999999250397,6.72358657928242E-6,-3.81313543249023E-5));
#9019=DIRECTION('ref_axis',(3.87195919288976E-5,-0.173648177536763,0.984807752273993));
#9020=DIRECTION('',(-8.34692892611154E-16,0.984807753012208,0.173648177666931));
#9021=DIRECTION('',(3.87195919288976E-5,-0.173648177536763,0.984807752273993));
#9022=DIRECTION('',(-8.34692892611154E-16,0.984807753012208,0.173648177666931));
#9023=DIRECTION('',(3.87195919288976E-5,-0.173648177536763,0.984807752273993));
#9024=DIRECTION('',(3.82494265164781E-5,-0.324544025473635,0.945870590549442));
#9025=DIRECTION('',(-3.56105163889457E-5,0.546355328622945,-0.837553492988481));
#9026=DIRECTION('',(8.34692892611154E-16,-0.984807753012208,-0.173648177666931));
#9027=DIRECTION('center_axis',(8.34747102719779E-16,-0.984807753012208,
-0.173648177666931));
#9028=DIRECTION('ref_axis',(-0.999999999250397,-6.72358657928242E-6,3.81313543249023E-5));
#9029=DIRECTION('',(-3.87195919288798E-5,0.173648177536763,-0.984807752273993));
#9030=DIRECTION('',(-0.42198442025232,-0.157429973130496,0.892829744477884));
#9031=DIRECTION('',(-0.999999999250397,-6.72358657928242E-6,3.81313543249023E-5));
#9032=DIRECTION('',(-3.87195919288976E-5,0.173648177536763,-0.984807752273993));
#9033=DIRECTION('',(0.999999999250397,6.72358657928242E-6,-3.81313543249023E-5));
#9034=DIRECTION('center_axis',(0.733758759333797,-0.66908339924068,-0.118006304753021));
#9035=DIRECTION('ref_axis',(3.87195919288976E-5,-0.173648177536763,0.984807752273993));
#9036=DIRECTION('',(-0.679410098248267,-0.722615883646836,-0.127389964673766));
#9037=DIRECTION('',(-0.427281215918366,-0.319406084779803,-0.845819434352841));
#9038=DIRECTION('',(0.571732576320141,0.701915823002905,-0.424777634289388));
#9039=DIRECTION('center_axis',(0.694382917429212,-0.689295483340974,0.20664970512495));
#9040=DIRECTION('ref_axis',(-0.42198442025232,-0.157429973130496,0.892829744477884));
#9041=DIRECTION('',(-0.679410098248267,-0.722615883646836,-0.127389964673766));
#9042=DIRECTION('',(-3.45938412626752E-5,-0.287202719992932,-0.957869822278543));
#9043=DIRECTION('center_axis',(0.926080864494228,-0.065521816308481,0.371592685618623));
#9044=DIRECTION('ref_axis',(-0.377325101759243,-0.160812254491639,0.912011615270164));
#9045=DIRECTION('center_axis',(0.927195795076944,-0.0650446200897243,0.368886371378798));
#9046=DIRECTION('ref_axis',(-0.374577038259999,-0.161005860155553,0.913109607552093));
#9047=DIRECTION('center_axis',(0.128687245211345,-0.223233148118936,0.966233178120491));
#9048=DIRECTION('ref_axis',(-0.991662539994672,-0.0223766458965819,0.126904265057303));
#9049=DIRECTION('center_axis',(-3.87195918914688E-5,0.173648177536763,-0.984807752273993));
#9050=DIRECTION('ref_axis',(-0.999999999250397,-6.7235865793781E-6,3.81313542868792E-5));
#9051=DIRECTION('',(-0.0012629785107802,0.984806959079477,0.173648087331574));
#9052=DIRECTION('',(4.05403042168663E-16,-0.984807753012208,-0.17364817766693));
#9053=DIRECTION('center_axis',(8.34747102688922E-16,-0.984807753012208,
-0.173648177666931));
#9054=DIRECTION('ref_axis',(-0.999999999250397,-6.7235865793395E-6,3.81313543252263E-5));
#9055=DIRECTION('center_axis',(8.34747102688922E-16,-0.984807753012208,
-0.173648177666931));
#9056=DIRECTION('ref_axis',(-0.999999999250397,-6.7235865793395E-6,3.81313543252263E-5));
#9057=DIRECTION('center_axis',(8.34747102688922E-16,-0.984807753012208,
-0.173648177666931));
#9058=DIRECTION('ref_axis',(-0.999999999250397,-6.7235865793395E-6,3.81313543252263E-5));
#9059=DIRECTION('center_axis',(8.34747102688922E-16,-0.984807753012208,
-0.173648177666931));
#9060=DIRECTION('ref_axis',(-0.999999999250397,-6.7235865793395E-6,3.81313543252263E-5));
#9061=DIRECTION('center_axis',(8.34747102688922E-16,-0.984807753012208,
-0.173648177666931));
#9062=DIRECTION('ref_axis',(-0.999999999250397,-6.7235865793395E-6,3.81313543252263E-5));
#9063=DIRECTION('center_axis',(-0.999997628368178,0.000378188749273409,
-0.00214481497814305));
#9064=DIRECTION('ref_axis',(0.00217790220637744,0.173647765837387,-0.984805417410802));
#9065=DIRECTION('',(-0.00217790220637744,-0.173647765837387,0.984805417410802));
#9066=DIRECTION('',(-8.34692892611154E-16,0.984807753012208,0.173648177666931));
#9067=DIRECTION('',(-8.34692892611154E-16,0.984807753012208,0.173648177666931));
#9068=DIRECTION('center_axis',(-0.994868013390813,-0.0175699315934358,0.099644033617774));
#9069=DIRECTION('ref_axis',(-0.101181203451126,0.172757017544434,-0.979753732811125));
#9070=DIRECTION('center_axis',(0.994868013390813,0.0175699315934358,-0.099644033617774));
#9071=DIRECTION('ref_axis',(0.101181203451126,-0.172757017544434,0.979753732811125));
#9072=DIRECTION('',(-8.34692892611154E-16,0.984807753012208,0.173648177666931));
#9073=DIRECTION('center_axis',(0.999997456714802,0.000391635889397323,-0.00222107749943732));
#9074=DIRECTION('ref_axis',(-0.0022159451687093,-0.0126514308113256,-0.999917512040586));
#9075=DIRECTION('',(-3.77539313197906E-16,0.984807753012083,0.173648177667639));
#9076=DIRECTION('center_axis',(0.999997456714802,0.000391635889397323,-0.00222107749943732));
#9077=DIRECTION('ref_axis',(-0.00225534119998966,0.17364773603422,-0.984805248364498));
#9078=DIRECTION('',(-3.77539313197906E-16,0.984807753012083,0.173648177667639));
#9079=DIRECTION('center_axis',(-0.999997456714802,-0.000391635889397297,
0.00222107749943724));
#9080=DIRECTION('ref_axis',(-0.00221594516870922,-0.0126514308113256,-0.999917512040586));
#9081=DIRECTION('center_axis',(-0.0455411196243431,-0.17346801160009,0.983785980472822));
#9082=DIRECTION('ref_axis',(-0.998962464972214,0.00790813243167806,-0.0448492476869097));
#9083=DIRECTION('',(0.998962464972214,-0.00790813243167806,0.0448492476869097));
#9084=DIRECTION('',(-8.34692892611154E-16,0.984807753012208,0.173648177666931));
#9085=DIRECTION('center_axis',(0.999999201692719,0.00125051461144602,0.000181182593117641));
#9086=DIRECTION('ref_axis',(-0.0012629785107802,0.984806959079477,0.173648087331574));
#9087=DIRECTION('center_axis',(0.999999201692719,0.00125051461144602,0.000181182593117641));
#9088=DIRECTION('ref_axis',(-3.87195918967657E-5,0.173648177540893,-0.984807752273265));
#9089=DIRECTION('',(-0.0012629785107802,0.984806959079477,0.173648087331574));
#9090=DIRECTION('center_axis',(0.999999201692719,0.00125051461144602,0.000181182593117641));
#9091=DIRECTION('ref_axis',(-3.87195918967657E-5,0.173648177540893,-0.984807752273265));
#9092=DIRECTION('center_axis',(-0.999997456714802,-0.000391635889397034,
0.00222107749943744));
#9093=DIRECTION('ref_axis',(0.00225534119998972,-0.173647736030792,0.984805248365103));
#9094=DIRECTION('center_axis',(0.999999999250397,6.72358657936998E-6,-3.81313543278715E-5));
#9095=DIRECTION('ref_axis',(-3.87195919318368E-5,0.173648177540893,-0.984807752273265));
#9096=DIRECTION('center_axis',(-0.999999999250397,-6.72358657936998E-6,
3.81313543278715E-5));
#9097=DIRECTION('ref_axis',(-3.87195919323729E-5,0.173648177540893,-0.984807752273265));
#9098=DIRECTION('center_axis',(0.999999999250397,6.72358657936998E-6,-3.81313543278715E-5));
#9099=DIRECTION('ref_axis',(-3.87195919318369E-5,0.173648177540893,-0.984807752273265));
#9100=DIRECTION('center_axis',(-0.999999999250397,-6.72358657236011E-6,
3.81313542881167E-5));
#9101=DIRECTION('ref_axis',(-3.87195919323729E-5,0.173648177540893,-0.984807752273265));
#9102=DIRECTION('',(0.999999999250397,6.72358657966516E-6,-3.81313543283637E-5));
#9103=DIRECTION('center_axis',(-0.999999999250397,-6.72358657936998E-6,
3.81313543278715E-5));
#9104=DIRECTION('ref_axis',(-3.87195919318369E-5,0.173648177540893,-0.984807752273265));
#9105=DIRECTION('center_axis',(0.999999999250397,6.72358657936998E-6,-3.81313543278715E-5));
#9106=DIRECTION('ref_axis',(-3.80432394780353E-5,-0.01265144617258,-0.999919966528549));
#9107=DIRECTION('center_axis',(4.17220846363039E-16,-0.984807753012208,
-0.173648177666931));
#9108=DIRECTION('ref_axis',(3.87195919291174E-5,-0.173648177536764,0.984807752273993));
#9109=DIRECTION('center_axis',(4.17220846363039E-16,-0.984807753012208,
-0.173648177666931));
#9110=DIRECTION('ref_axis',(-0.707134159542393,0.122783049583279,-0.696337276858925));
#9111=DIRECTION('',(-3.87195919290311E-5,0.173648177536764,-0.984807752273993));
#9112=DIRECTION('center_axis',(4.17220846363039E-16,-0.984807753012208,
-0.173648177666931));
#9113=DIRECTION('ref_axis',(-0.707079401770463,-0.122792558170601,0.696391202737257));
#9114=DIRECTION('',(-0.999999999250397,-6.72358657889447E-6,3.81313543251062E-5));
#9115=DIRECTION('center_axis',(0.999997456714802,0.000391635889397297,-0.00222107749943724));
#9116=DIRECTION('ref_axis',(-0.00221594516870922,-0.0126514308113256,-0.999917512040586));
#9117=DIRECTION('center_axis',(0.999997456714802,0.000391635889397297,-0.00222107749943724));
#9118=DIRECTION('ref_axis',(-0.00221594516870922,-0.0126514308113256,-0.999917512040586));
#9119=DIRECTION('',(1.98850084470394E-15,-0.984807753012208,-0.173648177666931));
#9120=DIRECTION('center_axis',(-8.85700940595053E-20,-0.984807753012208,
-0.173648177666931));
#9121=DIRECTION('ref_axis',(-0.999999999250397,-6.72358657774542E-6,3.81313543209934E-5));
#9122=DIRECTION('',(0.999999999250397,6.72358657774542E-6,-3.81313543209934E-5));
#9123=DIRECTION('',(0.999999999250397,6.72358657774542E-6,-3.81313543209934E-5));
#9124=DIRECTION('',(-3.87195919247812E-5,0.173648177536763,-0.984807752273993));
#9125=DIRECTION('',(0.999999999250397,6.72358657774542E-6,-3.81313543209934E-5));
#9126=DIRECTION('',(-0.726913335873983,0.119249275141604,-0.676296246113167));
#9127=DIRECTION('',(0.193799166870191,-0.170356020740105,0.966137003285774));
#9128=DIRECTION('',(0.374695380271568,-0.160997556703674,0.913062516336418));
#9129=DIRECTION('',(0.994288918925826,-0.0185320486142967,0.105100470386532));
#9130=DIRECTION('',(-0.470233846719213,0.153251785187034,-0.869134063155183));
#9131=DIRECTION('',(-0.580216233154835,0.141429924519259,-0.802088959675977));
#9132=DIRECTION('',(0.719864416599201,-0.12053175336703,0.683569541557084));
#9133=DIRECTION('',(-0.800549043389337,0.104061664768728,-0.590163027522038));
#9134=DIRECTION('',(0.915194656802405,-0.0699823140312036,0.396889425259941));
#9135=DIRECTION('',(-0.973130971104687,0.0399828890638398,-0.226754231843546));
#9136=DIRECTION('',(-0.989775544649046,0.0247680813721629,-0.140466769592759));
#9137=DIRECTION('',(0.999387205073101,-0.00607821789631955,0.034471286651072));
#9138=DIRECTION('',(-0.999384491467988,-0.00609165681088046,0.0345475025228967));
#9139=DIRECTION('',(0.726860153945209,0.119259049713535,-0.676351680465253));
#9140=DIRECTION('',(-0.999999999250397,-6.72358657928242E-6,3.81313543249023E-5));
#9141=DIRECTION('',(-3.87195919288976E-5,0.173648177536763,-0.984807752273993));
#9142=DIRECTION('',(-0.999999999250397,-6.72358657928242E-6,3.81313543249023E-5));
#9143=DIRECTION('center_axis',(-0.311249978580789,-0.435896442978087,-0.844462990208872));
#9144=DIRECTION('ref_axis',(0.924686658352714,0.0661128998680921,-0.374944887064116));
#9145=DIRECTION('',(0.924686658352714,0.0661128998680921,-0.374944887064116));
#9146=DIRECTION('',(-0.924043082045798,-0.0687309794148285,0.376059084442832));
#9147=DIRECTION('',(-0.787875157349453,-0.37851599530995,0.485776057176651));
#9148=DIRECTION('center_axis',(-0.302342868186666,-0.449455825038668,-0.84058209081295));
#9149=DIRECTION('ref_axis',(0.927433559491073,0.0649423273762409,-0.368306240572536));
#9150=DIRECTION('',(0.927433559491073,0.0649423273762409,-0.368306240572536));
#9151=DIRECTION('',(-0.163936165752489,0.893231990130931,-0.418642503056139));
#9152=DIRECTION('center_axis',(-0.10640356836618,-0.437919369295707,-0.892695304476614));
#9153=DIRECTION('ref_axis',(0.991336720429345,0.0228078183775155,-0.129349565709546));
#9154=DIRECTION('',(0.991336720429345,0.0228078183775155,-0.129349565709546));
#9155=DIRECTION('',(-0.991825709794151,0.110334830137352,0.0640935772904775));
#9156=DIRECTION('center_axis',(-0.106021858308766,-0.433096899606157,-0.89509018602166));
#9157=DIRECTION('ref_axis',(0.991465156236975,0.0226388506181339,-0.128391301927664));
#9158=DIRECTION('',(0.991465156236975,0.0226388506181339,-0.128391301927664));
#9159=DIRECTION('',(-0.991465156236975,-0.0226388506181339,0.128391301927664));
#9160=DIRECTION('',(-0.188222430063803,-0.875148952445335,0.445742782167821));
#9161=DIRECTION('center_axis',(0.105883529677367,-0.435356659821467,-0.894009651453584));
#9162=DIRECTION('ref_axis',(0.991456683671087,-0.0226500364776917,0.128454740089611));
#9163=DIRECTION('',(0.991456683671087,-0.0226500364776917,0.128454740089611));
#9164=DIRECTION('',(0.991456683671087,-0.0226500364776917,0.128454740089611));
#9165=DIRECTION('',(0.991056361589769,0.119633563995216,0.0591193582361263));
#9166=DIRECTION('center_axis',(0.105577655601517,-0.432001315355034,-0.895671938920277));
#9167=DIRECTION('ref_axis',(0.991551418603006,-0.0225246415323998,0.127743590016105));
#9168=DIRECTION('',(0.991551418603006,-0.0225246415323998,0.127743590016105));
#9169=DIRECTION('',(0.219572782106816,0.888601837549142,-0.402709035982755));
#9170=DIRECTION('center_axis',(0.288410947684446,-0.453455901914341,-0.843324890107491));
#9171=DIRECTION('ref_axis',(0.933649773823276,-0.0621985617176273,0.352745572275549));
#9172=DIRECTION('',(0.933649773823276,-0.0621985617176273,0.352745572275549));
#9173=DIRECTION('',(-0.662814940310307,0.541068889454331,-0.517610675861792));
#9174=DIRECTION('center_axis',(0.310634745894991,-0.43028477402554,-0.847561837203956));
#9175=DIRECTION('ref_axis',(0.925658309797554,-0.0657016171874975,0.372612387074937));
#9176=DIRECTION('',(0.925658309797554,-0.0657016171874975,0.372612387074937));
#9177=DIRECTION('',(-0.925032757500879,0.0682925117312724,-0.373698448473839));
#9178=DIRECTION('center_axis',(-3.87195919247813E-5,0.173648177536763,-0.984807752273993));
#9179=DIRECTION('ref_axis',(0.999999999250397,6.72358657774542E-6,-3.81313543209934E-5));
#9180=DIRECTION('',(0.894000052808639,0.441265721174205,0.0777719029904751));
#9181=DIRECTION('',(-0.999999999250397,-6.72358657774542E-6,3.81313543209934E-5));
#9182=DIRECTION('',(-1.42780202683781E-19,-0.984807753012208,-0.173648177666931));
#9183=DIRECTION('',(-0.999999999250397,-6.72358657774542E-6,3.81313543209934E-5));
#9184=DIRECTION('center_axis',(0.999999999250397,6.72358657774542E-6,-3.81313543209934E-5));
#9185=DIRECTION('ref_axis',(3.87195919247812E-5,-0.173648177536763,0.984807752273993));
#9186=DIRECTION('',(-2.7346233830128E-5,0.819835104814219,-0.572599685789681));
#9187=DIRECTION('',(-3.87195919247812E-5,0.173648177536763,-0.984807752273993));
#9188=DIRECTION('',(-3.87195919247812E-5,0.173648177536763,-0.984807752273993));
#9189=DIRECTION('center_axis',(0.496663810271899,-0.46957020591197,-0.72995128692673));
#9190=DIRECTION('ref_axis',(0.788770576530428,-0.106739400220204,0.60534921990574));
#9191=DIRECTION('',(0.788770576530428,-0.106739400220204,0.60534921990574));
#9192=DIRECTION('',(-0.792453265328522,0.0977210099029145,-0.602053507998846));
#9193=DIRECTION('',(0.866136288192538,0.322379662920684,0.381941465687085));
#9194=DIRECTION('center_axis',(0.496957112940721,-0.473975501403988,-0.726898102877193));
#9195=DIRECTION('ref_axis',(0.786820110463528,-0.107172598893413,0.607806011665395));
#9196=DIRECTION('',(0.786820110463528,-0.107172598893413,0.607806011665395));
#9197=DIRECTION('',(0.369674868862505,0.873479316091047,-0.316819152976279));
#9198=DIRECTION('center_axis',(0.64467345645723,-0.486668723357544,-0.589533449640498));
#9199=DIRECTION('ref_axis',(0.609838433038874,-0.137620654561485,0.780485516218436));
#9200=DIRECTION('',(0.609838433038874,-0.137620654561485,0.780485516218436));
#9201=DIRECTION('',(0.510301628390314,-0.300239912881706,0.805883516877582));
#9202=DIRECTION('center_axis',(0.648711235272325,-0.480813273755986,-0.589908746342606));
#9203=DIRECTION('ref_axis',(0.608515576200336,-0.137797109921351,0.781486244292819));
#9204=DIRECTION('',(0.608515576200336,-0.137797109921351,0.781486244292819));
#9205=DIRECTION('',(0.608515576200336,-0.137797109921351,0.781486244292819));
#9206=DIRECTION('',(0.711382409438603,0.107710788102886,0.694502306452314));
#9207=DIRECTION('center_axis',(0.647140953078466,-0.485824176425895,-0.587523153968246));
#9208=DIRECTION('ref_axis',(0.606955886955194,-0.138004375271255,0.782661704503564));
#9209=DIRECTION('',(0.606955886955194,-0.138004375271255,0.782661704503564));
#9210=DIRECTION('',(0.568217927110448,0.821160315130106,-0.0531424892692372));
#9211=DIRECTION('center_axis',(0.737706363230085,-0.536954224515098,-0.409230353743746));
#9212=DIRECTION('ref_axis',(0.387163882622252,-0.160105515236563,0.908003497781643));
#9213=DIRECTION('',(0.387163882622252,-0.160105515236563,0.908003497781643));
#9214=DIRECTION('',(0.290615296512557,-0.294556803932408,0.910373021727931));
#9215=DIRECTION('center_axis',(0.754585314638817,-0.514464405509523,-0.407341844640556));
#9216=DIRECTION('ref_axis',(0.381907734767031,-0.160485724913311,0.910159774009028));
#9217=DIRECTION('',(0.381907734767031,-0.160485724913311,0.910159774009028));
#9218=DIRECTION('',(-0.381907734767031,0.160485724913311,-0.910159774009028));
#9219=DIRECTION('',(-0.613076075549788,-0.331391799925287,-0.717159118000147));
#9220=DIRECTION('center_axis',(0.651850933586403,-0.725063178595184,-0.222202041907772));
#9221=DIRECTION('ref_axis',(0.141121938290406,-0.171910345159374,0.974952015106561));
#9222=DIRECTION('',(0.141121938290406,-0.171910345159374,0.974952015106561));
#9223=DIRECTION('',(0.108308207255536,-0.200992393988844,0.973586868132333));
#9224=DIRECTION('center_axis',(0.776747103811611,-0.59410252347869,-0.209060106946609));
#9225=DIRECTION('ref_axis',(0.13110138457679,-0.172149414360204,0.976307843918857));
#9226=DIRECTION('',(0.13110138457679,-0.172149414360204,0.976307843918857));
#9227=DIRECTION('',(0.123478562599493,-0.181846695671343,0.975543348012674));
#9228=DIRECTION('center_axis',(0.795703970473934,-0.569276536838487,-0.206831854358064));
#9229=DIRECTION('ref_axis',(0.130623394712109,-0.172160370425837,0.976369978854698));
#9230=DIRECTION('',(0.130623394712109,-0.172160370425837,0.976369978854698));
#9231=DIRECTION('',(0.130623394712109,-0.172160370425837,0.976369978854698));
#9232=DIRECTION('',(-0.599847404241446,-0.787962920927278,-0.13891553861448));
#9233=DIRECTION('center_axis',(-0.128772713679555,0.26643121111717,-0.955213064166441));
#9234=DIRECTION('ref_axis',(0.991595520525572,0.02246602360447,-0.127411151227133));
#9235=DIRECTION('',(0.991595520525572,0.02246602360447,-0.127411151227133));
#9236=DIRECTION('',(0.991283870531483,0.00756271599426804,-0.131526017771814));
#9237=DIRECTION('center_axis',(-0.130856594506717,0.172155030310545,-0.976339693555926));
#9238=DIRECTION('ref_axis',(0.991401307077061,0.0227230091717919,-0.12886858880299));
#9239=DIRECTION('',(0.991401307077061,0.0227230091717919,-0.12886858880299));
#9240=DIRECTION('',(-0.991401307077061,-0.0227230091717919,0.12886858880299));
#9241=DIRECTION('',(-1.42780202683781E-19,-0.984807753012208,-0.173648177666931));
#9242=DIRECTION('',(0.991283870531483,0.00756271599426804,-0.131526017771814));
#9243=DIRECTION('',(-1.42780202683781E-19,-0.984807753012208,-0.173648177666931));
#9244=DIRECTION('center_axis',(8.85700940595053E-20,0.984807753012208,0.173648177666931));
#9245=DIRECTION('ref_axis',(3.87195919247813E-5,-0.173648177536764,0.984807752273993));
#9246=DIRECTION('',(-4.03939369256379E-16,0.984807753012208,0.17364817766693));
#9247=DIRECTION('center_axis',(-8.85700940595053E-20,-0.984807753012208,
-0.173648177666931));
#9248=DIRECTION('ref_axis',(3.87195919247813E-5,-0.173648177536764,0.984807752273993));
#9249=DIRECTION('center_axis',(0.128772713679555,-0.26643121111717,0.955213064166441));
#9250=DIRECTION('ref_axis',(0.0124864680844165,0.963592075271503,0.267085006297125));
#9251=DIRECTION('',(-1.42780202683781E-19,-0.984807753012208,-0.173648177666931));
#9252=DIRECTION('center_axis',(8.85700940595053E-20,0.984807753012208,0.173648177666931));
#9253=DIRECTION('ref_axis',(3.87195919247813E-5,-0.173648177536764,0.984807752273993));
#9254=DIRECTION('center_axis',(-0.999999999250397,-6.72358657812009E-6,
3.81313543207918E-5));
#9255=DIRECTION('ref_axis',(-4.03939369256379E-16,0.984807753012208,0.17364817766693));
#9256=DIRECTION('',(-3.87195919246478E-5,0.173648177536763,-0.984807752273993));
#9257=DIRECTION('',(-4.03939369256379E-16,0.984807753012208,0.17364817766693));
#9258=DIRECTION('',(-3.87195919246478E-5,0.173648177536763,-0.984807752273993));
#9259=DIRECTION('center_axis',(-0.866044762931112,0.0868182659716355,-0.492370853415667));
#9260=DIRECTION('ref_axis',(0.499966467475163,0.150387094860977,-0.852887596990179));
#9261=DIRECTION('',(-5.61951610573533E-19,0.984807753012208,0.173648177666932));
#9262=DIRECTION('',(-0.499966467475164,-0.150387094860977,0.852887596990179));
#9263=DIRECTION('center_axis',(5.61951610573534E-19,-0.984807753012208,
-0.173648177666932));
#9264=DIRECTION('ref_axis',(-3.87195916878002E-5,0.173648177536767,-0.984807752273992));
#9265=DIRECTION('center_axis',(8.99705322734478E-16,0.984807753012208,0.173648177666931));
#9266=DIRECTION('ref_axis',(-3.87195916878002E-5,0.173648177536767,-0.984807752273992));
#9267=DIRECTION('',(5.61951610573533E-19,-0.984807753012208,-0.173648177666932));
#9268=DIRECTION('center_axis',(3.87195919247811E-5,-0.173648081914308,0.984807769134807));
#9269=DIRECTION('ref_axis',(-0.999999999250397,-6.72358657774542E-6,3.81313543209934E-5));
#9270=DIRECTION('center_axis',(0.981041223863921,0.0336528721603781,-0.190854922061071));
#9271=DIRECTION('ref_axis',(0.193799166870191,-0.170356020740105,0.966137003285774));
#9272=DIRECTION('',(-0.193799166870191,0.170356020740106,-0.966137003285774));
#9273=DIRECTION('',(1.42780202683781E-19,0.984807753012208,0.173648177666931));
#9274=DIRECTION('center_axis',(0.927147974084985,0.0649818486705921,-0.36901760593969));
#9275=DIRECTION('ref_axis',(0.374695380271568,-0.160997556703674,0.913062516336418));
#9276=DIRECTION('',(0.010947559743417,0.979728614447738,0.200029980172922));
#9277=DIRECTION('',(-0.322204800714441,0.640975025622004,-0.696659947840722));
#9278=DIRECTION('center_axis',(0.106721814552195,0.172656458845892,-0.97918343609228));
#9279=DIRECTION('ref_axis',(0.994288918925826,-0.0185320486142967,0.105100470386532));
#9280=DIRECTION('',(1.42780202683781E-19,0.984807753012208,0.173648177666931));
#9281=DIRECTION('',(0.914681018548808,-0.403163113092864,0.0286031212944649));
#9282=DIRECTION('',(1.42780202683781E-19,0.984807753012208,0.173648177666931));
#9283=DIRECTION('center_axis',(0.882541857024159,0.0816552505601023,-0.463089937977836));
#9284=DIRECTION('ref_axis',(0.470233846719213,-0.153251785187034,0.869134063155183));
#9285=DIRECTION('',(1.42780202683781E-19,0.984807753012208,0.173648177666931));
#9286=DIRECTION('',(-0.470233846719213,0.153251785187034,-0.869134063155183));
#9287=DIRECTION('center_axis',(0.814462474754739,0.100753491540108,-0.571401444834421));
#9288=DIRECTION('ref_axis',(0.580216233154835,-0.141429924519259,0.802088959675977));
#9289=DIRECTION('',(0.580216233154835,-0.141429924519259,0.802088959675977));
#9290=DIRECTION('',(1.42780202683781E-19,0.984807753012208,0.173648177666931));
#9291=DIRECTION('center_axis',(0.694114703571601,0.12500314410972,-0.708928058584503));
#9292=DIRECTION('ref_axis',(0.719864416599201,-0.12053175336703,0.683569541557084));
#9293=DIRECTION('',(1.42780202683781E-19,0.984807753012208,0.173648177666931));
#9294=DIRECTION('',(-0.719864416599201,0.12053175336703,-0.683569541557084));
#9295=DIRECTION('center_axis',(0.599267243496937,0.139013882517563,-0.788386904596326));
#9296=DIRECTION('ref_axis',(0.800549043389337,-0.104061664768728,0.590163027522038));
#9297=DIRECTION('',(-0.800549043389337,0.104061664768728,-0.590163027522038));
#9298=DIRECTION('',(1.42780202683781E-19,0.984807753012208,0.173648177666931));
#9299=DIRECTION('center_axis',(0.403012084384983,0.15892188436425,-0.901290793534355));
#9300=DIRECTION('ref_axis',(0.915194656802405,-0.0699823140312036,0.396889425259941));
#9301=DIRECTION('',(-0.915194656802405,0.0699823140312036,-0.396889425259941));
#9302=DIRECTION('',(1.42780202683781E-19,0.984807753012208,0.173648177666931));
#9303=DIRECTION('center_axis',(0.230252281371647,0.16898241976358,-0.958346925040195));
#9304=DIRECTION('ref_axis',(0.973130971104687,-0.0399828890638398,0.226754231843546));
#9305=DIRECTION('',(-0.973130971104687,0.0399828890638398,-0.226754231843546));
#9306=DIRECTION('',(1.42780202683781E-19,0.984807753012208,0.173648177666931));
#9307=DIRECTION('center_axis',(0.142633695930111,0.171872719627601,-0.974738630112262));
#9308=DIRECTION('ref_axis',(0.989775544649046,-0.0247680813721629,0.140466769592759));
#9309=DIRECTION('',(1.42780202683781E-19,0.984807753012208,0.173648177666931));
#9310=DIRECTION('',(-0.989775544649046,0.0247680813721629,-0.140466769592759));
#9311=DIRECTION('center_axis',(0.0350030618114403,0.173541766944591,-0.984204267817191));
#9312=DIRECTION('ref_axis',(0.999387205073101,-0.00607821789631955,0.034471286651072));
#9313=DIRECTION('',(1.42780202683781E-19,0.984807753012208,0.173648177666931));
#9314=DIRECTION('',(-0.999387205073101,0.00607821789631955,-0.034471286651072));
#9315=DIRECTION('center_axis',(0.0350804534359392,-0.173541295732008,0.984201595437837));
#9316=DIRECTION('ref_axis',(-0.999384491467988,-0.00609165681088046,0.0345475025228967));
#9317=DIRECTION('',(0.999384491467988,0.00609165681088046,-0.0345475025228967));
#9318=DIRECTION('center_axis',(-0.330943241870629,-0.348604550673061,-0.876898761494274));
#9319=DIRECTION('ref_axis',(0.924565036015084,0.0661641700980537,-0.375235654987185));
#9320=DIRECTION('',(-0.924565036015084,-0.0661641700980537,0.375235654987185));
#9321=DIRECTION('',(-0.83164324922413,0.546868275592175,0.0964603295182645));
#9322=DIRECTION('center_axis',(0.301897515854762,-0.464956018847798,-0.832270262870139));
#9323=DIRECTION('ref_axis',(0.92571134561843,-0.0656790814731374,0.372484580687794));
#9324=DIRECTION('',(0.92571134561843,-0.0656790814731374,0.372484580687794));
#9325=DIRECTION('center_axis',(0.48343332639714,-0.501232153280772,-0.717675795499693));
#9326=DIRECTION('ref_axis',(0.788477434718883,-0.106804687814088,0.605719484249982));
#9327=DIRECTION('',(-0.788477434718883,0.106804687814088,-0.605719484249982));
#9328=DIRECTION('center_axis',(0.13013111111936,0.172171611563875,-0.976433730516485));
#9329=DIRECTION('ref_axis',(0.991496794709313,-0.0225970303036497,0.128154127138439));
#9330=DIRECTION('',(-0.991160831614399,-0.00304541831194267,-0.132630808263989));
#9331=DIRECTION('',(-0.991496794709313,0.0225970303036497,-0.128154127138439));
#9332=DIRECTION('center_axis',(-0.128772713679555,0.26643121111717,-0.955213064166441));
#9333=DIRECTION('ref_axis',(0.991595520525572,0.02246602360447,-0.127411151227133));
#9334=DIRECTION('',(0.99141497647466,0.0125681777721379,-0.130147552144624));
#9335=DIRECTION('center_axis',(-0.130359571182709,0.172166400121034,-0.976404174955446));
#9336=DIRECTION('ref_axis',(0.991466783206104,0.02263670197732,-0.128379116380079));
#9337=DIRECTION('',(-0.991466783206104,-0.02263670197732,0.128379116380079));
#9338=DIRECTION('center_axis',(-1.71388694416247E-15,-0.984807753012208,
-0.173648177666931));
#9339=DIRECTION('ref_axis',(-0.999999999250397,-6.72358657607261E-6,3.81313543213759E-5));
#9340=DIRECTION('',(-3.87195919246478E-5,0.173648177536763,-0.984807752273993));
#9341=DIRECTION('',(-0.999999999250397,-6.72358657607261E-6,3.81313543213759E-5));
#9342=DIRECTION('',(-0.991672515986874,0.0223633107716088,-0.126828637805486));
#9343=DIRECTION('',(-0.374648838422452,0.1610008226705,-0.9130810385547));
#9344=DIRECTION('center_axis',(0.733758759333797,0.66909326622178,0.1179503463225));
#9345=DIRECTION('ref_axis',(3.87195919247812E-5,-0.173648177536763,0.984807752273993));
#9346=DIRECTION('',(3.87195919246099E-5,-0.173648177536763,0.984807752273993));
#9347=DIRECTION('',(-0.679410098248267,0.722606747501593,0.127441778328179));
#9348=DIRECTION('',(-0.0607508526426303,0.237525828106997,-0.969479661924519));
#9349=DIRECTION('',(-0.679410098248267,0.722606747501593,0.127441778328178));
#9350=DIRECTION('',(-0.679410098248267,0.722606747501593,0.127441778328178));
#9351=DIRECTION('center_axis',(0.998144978538436,0.0105720253845772,-0.0599569353600897));
#9352=DIRECTION('ref_axis',(0.0608818677317485,-0.173326056570597,0.982980913494855));
#9353=DIRECTION('',(-0.0608818677317485,0.173326056570597,-0.982980913494855));
#9354=DIRECTION('',(-3.65192738044411E-18,0.984807753012208,0.173648177666931));
#9355=DIRECTION('center_axis',(0.733024181150964,0.676184027348059,0.0738289306933093));
#9356=DIRECTION('ref_axis',(0.0608818677317485,-0.173326056570597,0.982980913494855));
#9357=DIRECTION('',(0.0608818677317481,-0.173326056570597,0.982980913494855));
#9358=DIRECTION('',(-0.679410098248267,0.722606747501593,0.127441778328178));
#9359=DIRECTION('center_axis',(0.999999999250397,6.72358657812009E-6,-3.81313543207918E-5));
#9360=DIRECTION('ref_axis',(4.03939369246093E-16,-0.984807753012208,-0.17364817766693));
#9361=DIRECTION('',(4.03939369246093E-16,-0.984807753012208,-0.17364817766693));
#9362=DIRECTION('',(-3.87195919246478E-5,0.173648177536763,-0.984807752273993));
#9363=DIRECTION('',(4.03939369246093E-16,-0.984807753012208,-0.17364817766693));
#9364=DIRECTION('center_axis',(-2.60764900505089E-15,-0.984807753012208,
-0.173648177666931));
#9365=DIRECTION('ref_axis',(-0.999999999250397,-6.72358657519242E-6,3.81313543215313E-5));
#9366=DIRECTION('',(-0.999999999250397,-6.72358657519242E-6,3.81313543215313E-5));
#9367=DIRECTION('',(-0.374648838422452,0.161000822670501,-0.9130810385547));
#9368=DIRECTION('',(-0.377396815574141,0.160807180053482,-0.911982836701297));
#9369=DIRECTION('center_axis',(1.85677028034581E-15,-0.984807753012208,
-0.17364817766693));
#9370=DIRECTION('ref_axis',(0.999999999250397,6.72358657955035E-6,-3.81313543205367E-5));
#9371=DIRECTION('',(0.999999999250397,6.72358658005506E-6,-3.81313543204506E-5));
#9372=DIRECTION('',(0.422054625589765,-0.157424298160891,0.892797560125941));
#9373=DIRECTION('',(0.999999999250397,6.72358657926001E-6,-3.8131354315942E-5));
#9374=DIRECTION('',(3.87195919622101E-5,-0.173648177536763,0.984807752273993));
#9375=DIRECTION('',(0.999999999250397,6.72358657955035E-6,-3.81313543205367E-5));
#9376=DIRECTION('',(3.87195919622101E-5,-0.173648177536763,0.984807752273993));
#9377=DIRECTION('center_axis',(0.931981921429548,-0.356991226190598,-0.0629838276974371));
#9378=DIRECTION('ref_axis',(0.362504753940248,0.917825459911137,0.161823139598853));
#9379=DIRECTION('',(0.362504753940249,0.917825459911137,0.161823139598853));
#9380=DIRECTION('',(0.362504753940248,0.917825459911137,0.161823139598853));
#9381=DIRECTION('',(3.87195919622101E-5,-0.173648177536763,0.984807752273993));
#9382=DIRECTION('center_axis',(0.999999158580629,0.00128368883497521,0.000187032105413093));
#9383=DIRECTION('ref_axis',(-0.00129666450043701,0.984806916395867,0.17364808112973));
#9384=DIRECTION('center_axis',(0.999999158580629,0.00128368883497521,0.000187032105413093));
#9385=DIRECTION('ref_axis',(-3.87195919676483E-5,0.173648177540893,-0.984807752273265));
#9386=DIRECTION('',(3.87195919622101E-5,-0.173648177536763,0.984807752273993));
#9387=DIRECTION('',(-0.00129666450043701,0.984806916395867,0.17364808112973));
#9388=DIRECTION('',(3.87195919622101E-5,-0.173648177536763,0.984807752273993));
#9389=DIRECTION('',(-0.00129666450043701,0.984806916395867,0.173648081129731));
#9390=DIRECTION('',(3.87195919622101E-5,-0.173648177536763,0.984807752273993));
#9391=DIRECTION('center_axis',(-1.85232505143862E-15,0.984807753012208,
0.17364817766693));
#9392=DIRECTION('ref_axis',(-0.999999999250397,-6.72358657955379E-6,3.81313543205815E-5));
#9393=DIRECTION('',(-0.999999999250397,-6.72358658005506E-6,3.81313543204506E-5));
#9394=DIRECTION('',(-0.999999999250397,-6.72358658591156E-6,3.81313543536646E-5));
#9395=DIRECTION('',(3.87195919622101E-5,-0.173648177536763,0.984807752273993));
#9396=DIRECTION('',(-0.707134159542515,0.122783049583266,-0.696337276858804));
#9397=DIRECTION('center_axis',(0.999997628368177,-0.000378188749276059,
0.00214481497814662));
#9398=DIRECTION('ref_axis',(0.00213985887021205,-0.0126514015247,-0.999917678133293));
#9399=DIRECTION('',(0.00217790220638142,0.173647765837386,-0.984805417410802));
#9400=DIRECTION('',(0.00217790220638142,0.173647765837386,-0.984805417410802));
#9401=DIRECTION('',(1.15400494214695E-15,0.984807753012208,0.173648177666931));
#9402=DIRECTION('center_axis',(-2.36147563182811E-14,0.984807753012208,
0.17364817766693));
#9403=DIRECTION('ref_axis',(0.999999999250397,6.72358660371423E-6,-3.81313543322775E-5));
#9404=DIRECTION('',(-0.999999999250397,-6.72358660171624E-6,3.81313543209466E-5));
#9405=DIRECTION('',(3.8719591924874E-5,-0.173648177536763,0.984807752273993));
#9406=DIRECTION('',(0.00217790220638142,0.173647765837386,-0.984805417410802));
#9407=DIRECTION('',(0.00217790220638142,0.173647765837386,-0.984805417410802));
#9408=DIRECTION('',(0.999997628368177,-0.000378188749297385,0.00214481497814303));
#9409=DIRECTION('center_axis',(-1.27536535675444E-16,-0.984807753012208,
-0.17364817766693));
#9410=DIRECTION('ref_axis',(-0.999999999250397,-6.7235865776345E-6,3.81313543210985E-5));
#9411=DIRECTION('',(0.00217790220638142,0.173647765837386,-0.984805417410802));
#9412=DIRECTION('',(0.999997628368177,-0.000378188749275076,0.00214481497814697));
#9413=DIRECTION('center_axis',(-0.999999999250397,-6.72358657622971E-6,
3.81313543213549E-5));
#9414=DIRECTION('ref_axis',(1.55559342719558E-15,0.984807753012208,0.17364817766693));
#9415=DIRECTION('',(-1.54860038996801E-15,-0.984807753012239,-0.173648177666753));
#9416=DIRECTION('',(1.55549217483033E-15,0.984807753012208,0.173648177666931));
#9417=DIRECTION('center_axis',(3.87195919288976E-5,-0.173648177536763,0.984807752273993));
#9418=DIRECTION('ref_axis',(8.34692892611154E-16,-0.984807753012208,-0.173648177666931));
#9419=DIRECTION('center_axis',(0.694357886605209,0.689304820660012,-0.206702659692651));
#9420=DIRECTION('ref_axis',(0.422054625589766,-0.157424298160892,0.892797560125941));
#9421=DIRECTION('',(-3.45938412593984E-5,-0.287202719992932,-0.957869822278543));
#9422=DIRECTION('center_axis',(0.926051641969549,0.0655342692817524,-0.371663309939533));
#9423=DIRECTION('ref_axis',(0.377396815574141,-0.160807180053481,0.911982836701297));
#9424=DIRECTION('center_axis',(0.927166785356717,0.0650570880570911,-0.368957080735449));
#9425=DIRECTION('ref_axis',(0.374648838422452,-0.1610008226705,0.9130810385547));
#9426=DIRECTION('center_axis',(0.128610555411401,0.223234878082976,-0.9662429892341));
#9427=DIRECTION('ref_axis',(0.991672515986874,-0.0223633107716088,0.126828637805486));
#9428=DIRECTION('center_axis',(3.87195919622101E-5,-0.173648177536763,0.984807752273993));
#9429=DIRECTION('ref_axis',(0.999999999250397,6.72358657764958E-6,-3.81313543590166E-5));
#9430=DIRECTION('',(-4.29255489963344E-16,0.984807753012208,0.17364817766693));
#9431=DIRECTION('',(0.00126297851077936,0.984806976062968,0.173647991013411));
#9432=DIRECTION('center_axis',(8.85701249165885E-20,0.984807753012208,0.173648177666931));
#9433=DIRECTION('ref_axis',(0.999999999250397,6.72358657768828E-6,-3.81313543206694E-5));
#9434=DIRECTION('center_axis',(8.85701249165885E-20,0.984807753012208,0.173648177666931));
#9435=DIRECTION('ref_axis',(0.999999999250397,6.72358657768828E-6,-3.81313543206694E-5));
#9436=DIRECTION('center_axis',(8.85701249165885E-20,0.984807753012208,0.173648177666931));
#9437=DIRECTION('ref_axis',(0.999999999250397,6.72358657768828E-6,-3.81313543206694E-5));
#9438=DIRECTION('center_axis',(8.85701249165885E-20,0.984807753012208,0.173648177666931));
#9439=DIRECTION('ref_axis',(0.999999999250397,6.72358657768828E-6,-3.81313543206694E-5));
#9440=DIRECTION('center_axis',(8.85701249165885E-20,0.984807753012208,0.173648177666931));
#9441=DIRECTION('ref_axis',(0.999999999250397,6.72358657768828E-6,-3.81313543206694E-5));
#9442=DIRECTION('center_axis',(-0.999997456714802,-0.000391635889394646,
0.00222107749943367));
#9443=DIRECTION('ref_axis',(-0.00225534119998559,0.173647736030091,-0.984805248365227));
#9444=DIRECTION('',(0.00225534119998559,-0.173647736030091,0.984805248365227));
#9445=DIRECTION('',(1.42780202683781E-19,0.984807753012208,0.173648177666931));
#9446=DIRECTION('',(1.42780202683781E-19,0.984807753012208,0.173648177666931));
#9447=DIRECTION('center_axis',(-0.994875845797598,0.0175565533783194,-0.0995681619896105));
#9448=DIRECTION('ref_axis',(0.101104161380801,0.172758377627599,-0.979761446226052));
#9449=DIRECTION('center_axis',(0.994875845797598,-0.0175565533783194,0.0995681619896105));
#9450=DIRECTION('ref_axis',(-0.101104161380801,-0.172758377627599,0.979761446226052));
#9451=DIRECTION('center_axis',(0.999997628368177,-0.000378188749276085,
0.0021448149781467));
#9452=DIRECTION('ref_axis',(0.00213985887021214,-0.0126514015247,-0.999917678133293));
#9453=DIRECTION('',(-4.01391760992587E-16,0.984807753012083,0.173648177667639));
#9454=DIRECTION('center_axis',(-0.999997628368177,0.000378188749276059,
-0.00214481497814662));
#9455=DIRECTION('ref_axis',(0.00213985887021205,-0.0126514015247,-0.999917678133293));
#9456=DIRECTION('',(-4.01391760992587E-16,0.984807753012083,0.173648177667639));
#9457=DIRECTION('center_axis',(0.999997628368177,-0.000378188749276085,
0.0021448149781467));
#9458=DIRECTION('ref_axis',(0.00217790220638151,0.173647765841516,-0.984805417410074));
#9459=DIRECTION('center_axis',(0.999999201692719,-0.00123706744901388,-0.000257445240939628));
#9460=DIRECTION('ref_axis',(0.00126297851077936,0.984806976062968,0.173647991013411));
#9461=DIRECTION('center_axis',(0.999999201692719,-0.00123706744901388,-0.000257445240939628));
#9462=DIRECTION('ref_axis',(-3.87195919569131E-5,0.173648177540893,-0.984807752273265));
#9463=DIRECTION('center_axis',(0.999999201692719,-0.00123706744901388,-0.000257445240939628));
#9464=DIRECTION('ref_axis',(-3.87195919569131E-5,0.173648177540893,-0.984807752273265));
#9465=DIRECTION('',(0.00126297851077936,0.984806976062968,0.173647991013412));
#9466=DIRECTION('center_axis',(-0.999997628368177,0.000378188749275796,
-0.00214481497814682));
#9467=DIRECTION('ref_axis',(-0.00217790220638158,-0.173647765838089,0.984805417410678));
#9468=DIRECTION('center_axis',(0.999999999250397,6.72358657765775E-6,-3.81313543180243E-5));
#9469=DIRECTION('ref_axis',(-3.8719591921842E-5,0.173648177540893,-0.984807752273265));
#9470=DIRECTION('center_axis',(0.999999999250397,6.72358657765775E-6,-3.81313543180243E-5));
#9471=DIRECTION('ref_axis',(-3.87195919213059E-5,0.173648177540893,-0.984807752273265));
#9472=DIRECTION('center_axis',(0.999999999250397,6.72358657765775E-6,-3.81313543180243E-5));
#9473=DIRECTION('ref_axis',(-3.87195919218419E-5,0.173648177540893,-0.984807752273265));
#9474=DIRECTION('center_axis',(0.999999999250397,6.72358658466762E-6,-3.81313543577791E-5));
#9475=DIRECTION('ref_axis',(-3.87195919213059E-5,0.173648177540893,-0.984807752273265));
#9476=DIRECTION('',(-0.999999999250397,-6.72358657736258E-6,3.81313543175321E-5));
#9477=DIRECTION('center_axis',(-0.999999999250397,-6.72358657765775E-6,
3.81313543180243E-5));
#9478=DIRECTION('ref_axis',(-3.87195919218419E-5,0.173648177540893,-0.984807752273265));
#9479=DIRECTION('center_axis',(0.999999999250397,6.72358657765775E-6,-3.81313543180243E-5));
#9480=DIRECTION('ref_axis',(-3.80432394682105E-5,-0.0126514461725801,-0.999919966528549));
#9481=DIRECTION('center_axis',(-4.17220846363039E-16,0.984807753012208,
0.173648177666931));
#9482=DIRECTION('ref_axis',(3.87195919245614E-5,-0.173648177536764,0.984807752273993));
#9483=DIRECTION('center_axis',(4.17220846363039E-16,-0.984807753012208,
-0.173648177666931));
#9484=DIRECTION('ref_axis',(0.707134159542404,-0.122783049583294,0.696337276858911));
#9485=DIRECTION('',(3.87195919246477E-5,-0.173648177536764,0.984807752273993));
#9486=DIRECTION('center_axis',(4.17220846363039E-16,-0.984807753012208,
-0.173648177666931));
#9487=DIRECTION('ref_axis',(0.707079401770565,0.122792558170571,-0.696391202737159));
#9488=DIRECTION('',(0.999999999250397,6.72358657813332E-6,-3.81313543207895E-5));
#9489=DIRECTION('',(0.999999999250397,6.72358657813332E-6,-3.81313543207895E-5));
#9490=DIRECTION('center_axis',(0.999997628368177,-0.000378188749276059,
0.00214481497814662));
#9491=DIRECTION('ref_axis',(0.00213985887021205,-0.0126514015247,-0.999917678133293));
#9492=DIRECTION('center_axis',(0.999997628368177,-0.000378188749276059,
0.00214481497814662));
#9493=DIRECTION('ref_axis',(0.00213985887021205,-0.0126514015247,-0.999917678133293));
#9494=DIRECTION('',(-1.15405915224529E-15,-0.984807753012208,-0.173648177666931));
#9495=DIRECTION('center_axis',(-8.85700940595053E-20,-0.984807753012208,
-0.173648177666931));
#9496=DIRECTION('ref_axis',(-0.999999999250397,-6.72358657774542E-6,3.81313543209934E-5));
#9497=DIRECTION('',(0.999999999250397,6.72358657774542E-6,-3.81313543209934E-5));
#9498=DIRECTION('center_axis',(-3.87195919247813E-5,0.173648177536763,-0.984807752273993));
#9499=DIRECTION('ref_axis',(0.999999999250397,6.72358657774542E-6,-3.81313543209934E-5));
#9500=DIRECTION('',(-0.999999999250397,-6.72358657928242E-6,3.81313543249023E-5));
#9501=DIRECTION('center_axis',(3.87195919247813E-5,-0.173648177536763,0.984807752273993));
#9502=DIRECTION('ref_axis',(0.999999999250397,6.72358657774542E-6,-3.81313543209934E-5));
#9503=DIRECTION('',(-0.999999999250397,-6.72358657928242E-6,3.81313543249023E-5));
#9504=DIRECTION('center_axis',(8.85700940595053E-20,0.984807753012208,0.173648177666931));
#9505=DIRECTION('ref_axis',(0.999999999250397,6.72358657774542E-6,-3.81313543209934E-5));
#9506=DIRECTION('',(0.999999999250397,6.72358657928242E-6,-3.81313543249023E-5));
#9507=DIRECTION('center_axis',(8.85701249165885E-20,0.984807753012208,0.173648177666931));
#9508=DIRECTION('ref_axis',(0.999999999250397,6.72358657768828E-6,-3.81313543206694E-5));
#9509=DIRECTION('center_axis',(8.85701249165885E-20,0.984807753012208,0.173648177666931));
#9510=DIRECTION('ref_axis',(0.999999999250397,6.72358657768828E-6,-3.81313543206694E-5));
#9511=DIRECTION('center_axis',(8.85701249165885E-20,0.984807753012208,0.173648177666931));
#9512=DIRECTION('ref_axis',(0.999999999250397,6.72358657768828E-6,-3.81313543206694E-5));
#9513=DIRECTION('center_axis',(-3.87195919247813E-5,0.173648177536763,-0.984807752273993));
#9514=DIRECTION('ref_axis',(0.999999999250397,6.72358657774542E-6,-3.81313543209934E-5));
#9515=DIRECTION('',(-0.999999999250397,-6.72358657774542E-6,3.81313543209934E-5));
#9516=DIRECTION('',(-1.42780202683781E-19,-0.984807753012208,-0.173648177666931));
#9517=DIRECTION('',(8.34692892611154E-16,-0.984807753012208,-0.173648177666931));
#9518=DIRECTION('center_axis',(-0.0456184783257221,0.17346739868064,-0.98378250443389));
#9519=DIRECTION('ref_axis',(0.998958935309778,0.00792156562920002,-0.0449254311357905));
#9520=DIRECTION('',(-0.998958935309778,-0.00792156562920002,0.0449254311357905));
#9521=DIRECTION('center_axis',(-6.01566042119437E-6,-0.945870591298916,
-0.324544025487529));
#9522=DIRECTION('ref_axis',(-0.999999999250397,-6.72358657774542E-6,3.81313543209934E-5));
#9523=DIRECTION('',(-0.999999999250397,-6.72358657774542E-6,3.81313543209934E-5));
#9524=DIRECTION('',(0.999999581161491,0.000291341455039988,-0.000867638748940655));
#9525=DIRECTION('center_axis',(1.23853756671546E-5,-0.479454960782885,-0.877566487753085));
#9526=DIRECTION('ref_axis',(0.999999999874249,-2.75385281386643E-6,1.56178753971832E-5));
#9527=DIRECTION('',(2.41826612706741E-5,-0.87756648742019,0.479454960942307));
#9528=DIRECTION('',(-0.9999999794862,-0.000183359088021456,8.60641900043474E-5));
#9529=DIRECTION('',(-0.999999934029043,0.000312641991101434,-0.00018492402649537));
#9530=DIRECTION('center_axis',(-8.85700940595053E-20,-0.984807753012208,
-0.173648177666931));
#9531=DIRECTION('ref_axis',(-0.999999999250397,-6.72358657774542E-6,3.81313543209934E-5));
#9532=DIRECTION('',(0.999999999250397,6.72358657774542E-6,-3.81313543209934E-5));
#9533=DIRECTION('',(0.998962464972214,-0.00790813243167809,0.0448492476869098));
#9534=DIRECTION('',(0.999999999250397,6.72358657928242E-6,-3.81313543249023E-5));
#9535=DIRECTION('center_axis',(3.87195919247813E-5,-0.173648177536763,0.984807752273993));
#9536=DIRECTION('ref_axis',(-0.999999999250397,-6.72358657774542E-6,3.81313543209934E-5));
#9537=DIRECTION('center_axis',(-1.97607284720403E-5,0.935521348240883,-0.353270160918063));
#9538=DIRECTION('ref_axis',(0.999999999250397,6.72358657774542E-6,-3.81313543209934E-5));
#9539=DIRECTION('',(3.32974534923601E-5,0.353270161406754,0.935521347672476));
#9540=DIRECTION('',(-0.673152174512863,-0.261257137534278,-0.691817069777842));
#9541=DIRECTION('',(-0.999999999250397,-6.72358657774542E-6,3.81313543209934E-5));
#9542=DIRECTION('center_axis',(-3.50395713780857E-5,-0.261894218910799,
-0.965096584220114));
#9543=DIRECTION('ref_axis',(0.999999999250397,6.72358657774542E-6,-3.81313543209934E-5));
#9544=DIRECTION('',(-0.999999999250397,-6.72358657774542E-6,3.81313543209934E-5));
#9545=DIRECTION('',(0.999999999250397,6.72358657774542E-6,-3.81313543209934E-5));
#9546=DIRECTION('',(-1.64752916957977E-5,0.96509658483278,-0.26189421847889));
#9547=DIRECTION('center_axis',(-0.000230025083629671,-0.83755347583678,
-0.546355307654451));
#9548=DIRECTION('ref_axis',(-0.999999971970841,0.000223306740313506,7.86919062605614E-5));
#9549=DIRECTION('',(-0.999999999250397,-6.72358657774542E-6,3.81313543209934E-5));
#9550=DIRECTION('',(-0.999999960164262,0.00028203365373889,-1.13354669365057E-5));
#9551=DIRECTION('center_axis',(-0.000275780546776739,-0.984807717416709,
-0.173648160547647));
#9552=DIRECTION('ref_axis',(-0.999999961222941,0.0002648672344772,8.60201422906232E-5));
#9553=DIRECTION('center_axis',(-3.02391417320238E-5,-0.479454961505023,
-0.877566486924957));
#9554=DIRECTION('ref_axis',(-2.41826612706741E-5,0.87756648742019,-0.479454960942307));
#9555=DIRECTION('',(-2.41826612706741E-5,0.87756648742019,-0.479454960942307));
#9556=DIRECTION('center_axis',(0.68672920582174,0.126227176096307,-0.715869888936666));
#9557=DIRECTION('ref_axis',(0.726913335873983,-0.119249275141604,0.676296246113166));
#9558=DIRECTION('',(-1.42780202683781E-19,-0.984807753012208,-0.173648177666931));
#9559=DIRECTION('center_axis',(-3.87195919247813E-5,0.173648177536763,-0.984807752273993));
#9560=DIRECTION('ref_axis',(0.999999999250397,6.72358657774542E-6,-3.81313543209934E-5));
#9561=DIRECTION('',(1.42780202683781E-19,0.984807753012208,0.173648177666931));
#9562=DIRECTION('center_axis',(-2.43457750779136E-5,-0.65659177806338,-0.754246137800422));
#9563=DIRECTION('ref_axis',(0.999999999250397,6.72358657774542E-6,-3.81313543209934E-5));
#9564=DIRECTION('',(-3.01079729420169E-5,0.754246138163374,-0.656591777407505));
#9565=DIRECTION('center_axis',(8.34747102688922E-16,-0.984807753012208,
-0.173648177666931));
#9566=DIRECTION('ref_axis',(-0.999999999250397,-6.7235865793395E-6,3.81313543252263E-5));
#9567=DIRECTION('center_axis',(8.34747102688922E-16,-0.984807753012208,
-0.173648177666931));
#9568=DIRECTION('ref_axis',(-0.999999999250397,-6.7235865793395E-6,3.81313543252263E-5));
#9569=DIRECTION('center_axis',(8.34747102688922E-16,-0.984807753012208,
-0.173648177666931));
#9570=DIRECTION('ref_axis',(-0.999999999250397,-6.7235865793395E-6,3.81313543252263E-5));
#9571=DIRECTION('center_axis',(-0.0455411196243433,-0.17346801160009,0.983785980472822));
#9572=DIRECTION('ref_axis',(-0.998962464972214,0.00790813243167809,-0.0448492476869098));
#9573=DIRECTION('center_axis',(6.01566042100919E-6,0.945870591298916,0.324544025487529));
#9574=DIRECTION('ref_axis',(0.999999999250397,6.72358657928242E-6,-3.81313543249023E-5));
#9575=DIRECTION('',(-0.999999648249279,0.000277894287054003,-0.000791376069621204));
#9576=DIRECTION('center_axis',(7.28636590789557E-5,0.479454961356064,0.877566484502423));
#9577=DIRECTION('ref_axis',(-0.999999995647743,-1.62010259508659E-5,9.18805839294932E-5));
#9578=DIRECTION('',(2.41826612738971E-5,-0.87756648742019,0.479454960942307));
#9579=DIRECTION('',(0.999999912723671,0.00032608916323817,-0.000261186729354906));
#9580=DIRECTION('',(0.999999985516936,-0.000169911915089653,9.80148263576269E-6));
#9581=DIRECTION('center_axis',(1.97607284748591E-5,-0.935521348240883,0.353270160918063));
#9582=DIRECTION('ref_axis',(-0.999999999250397,-6.72358657928242E-6,3.81313543249023E-5));
#9583=DIRECTION('',(3.32974534954739E-5,0.353270161406754,0.935521347672476));
#9584=DIRECTION('',(0.999999999250397,6.72358657928242E-6,-3.81313543249023E-5));
#9585=DIRECTION('',(0.67310292582085,-0.261248085871548,-0.69186840430812));
#9586=DIRECTION('center_axis',(3.50395713814556E-5,0.261894218910799,0.965096584220114));
#9587=DIRECTION('ref_axis',(-0.999999999250397,-6.72358657928242E-6,3.81313543249023E-5));
#9588=DIRECTION('',(0.999999999250397,6.72358657928242E-6,-3.81313543249023E-5));
#9589=DIRECTION('',(-1.64752916983048E-5,0.96509658483278,-0.26189421847889));
#9590=DIRECTION('',(-0.999999999250397,-6.72358657928242E-6,3.81313543249023E-5));
#9591=DIRECTION('center_axis',(-0.000199621273935809,0.837553472948015,
0.546355324037449));
#9592=DIRECTION('ref_axis',(0.999999971970841,0.0002367539131037,2.42919969507839E-6));
#9593=DIRECTION('',(0.99999995250882,0.000295480826318847,-8.75981723096746E-5));
#9594=DIRECTION('',(0.999999999250397,6.72358657928242E-6,-3.81313543249023E-5));
#9595=DIRECTION('center_axis',(-0.000275780546777574,0.98480771370824,0.173648181579418));
#9596=DIRECTION('ref_axis',(0.999999961222941,0.000278314407122866,9.75743654480422E-6));
#9597=DIRECTION('center_axis',(3.02391417347172E-5,0.479454961505023,0.877566486924957));
#9598=DIRECTION('ref_axis',(-2.41826612738971E-5,0.87756648742019,-0.479454960942307));
#9599=DIRECTION('',(-2.41826612738971E-5,0.87756648742019,-0.479454960942307));
#9600=DIRECTION('center_axis',(0.686785495338062,-0.12621794115129,0.715817514960889));
#9601=DIRECTION('ref_axis',(-0.726860153945209,-0.119259049713535,0.676351680465253));
#9602=DIRECTION('',(8.34692892611154E-16,-0.984807753012208,-0.173648177666931));
#9603=DIRECTION('center_axis',(3.87195919288976E-5,-0.173648177536763,0.984807752273993));
#9604=DIRECTION('ref_axis',(-0.999999999250397,-6.72358657928242E-6,3.81313543249023E-5));
#9605=DIRECTION('',(-8.34692892611154E-16,0.984807753012208,0.173648177666931));
#9606=DIRECTION('center_axis',(2.43457750798527E-5,0.65659177806338,0.754246137800422));
#9607=DIRECTION('ref_axis',(-0.999999999250397,-6.72358657928242E-6,3.81313543249023E-5));
#9608=DIRECTION('',(-3.01079729457427E-5,0.754246138163374,-0.656591777407505));
#9609=DIRECTION('center_axis',(-4.17329265973432E-16,0.984807753012208,
0.17364817766693));
#9610=DIRECTION('ref_axis',(-0.999999999250397,-6.72358657864784E-6,3.81313543237076E-5));
#9611=DIRECTION('center_axis',(1.42270994022096E-15,-0.984807753012208,
-0.173648177666929));
#9612=DIRECTION('ref_axis',(-0.999999999250397,-6.72358657864784E-6,3.81313543237076E-5));
#9613=DIRECTION('',(-4.17329265973432E-16,0.984807753012208,0.17364817766693));
#9614=DIRECTION('center_axis',(1.42270994022096E-15,-0.984807753012208,
-0.173648177666929));
#9615=DIRECTION('ref_axis',(-0.999999999250397,-6.72358657963794E-6,3.8131354323533E-5));
#9616=DIRECTION('',(-0.499966467474965,-0.150387094860996,0.852887596990292));
#9617=DIRECTION('',(-0.999999999250397,-6.72358658070653E-6,3.8131354329593E-5));
#9618=DIRECTION('',(-0.500033531775421,0.150380371274417,-0.852849465635975));
#9619=DIRECTION('',(0.499966467474954,0.150387094860998,-0.852887596990298));
#9620=DIRECTION('',(0.999999999250397,6.72358658191043E-6,-3.81313543231323E-5));
#9621=DIRECTION('',(0.500033531775439,-0.150380371274419,0.852849465635964));
#9622=DIRECTION('center_axis',(-0.866044762931227,0.0868182659715999,-0.492370853415472));
#9623=DIRECTION('ref_axis',(-0.499966467474965,-0.150387094860996,0.852887596990292));
#9624=DIRECTION('',(-4.17329266076289E-16,0.984807753012208,0.17364817766693));
#9625=DIRECTION('',(-4.17329266076289E-16,0.984807753012208,0.17364817766693));
#9626=DIRECTION('center_axis',(-0.866006043339295,-0.0868299115651644,0.492436898858529));
#9627=DIRECTION('ref_axis',(0.500033531775439,-0.150380371274419,0.852849465635964));
#9628=DIRECTION('',(-4.17329266076289E-16,0.984807753012208,0.17364817766693));
#9629=DIRECTION('center_axis',(3.87195919276109E-5,-0.173648177536763,0.984807752273993));
#9630=DIRECTION('ref_axis',(0.999999999250397,6.72358658191043E-6,-3.81313543231323E-5));
#9631=DIRECTION('',(-4.17329266076289E-16,0.984807753012208,0.17364817766693));
#9632=DIRECTION('center_axis',(0.866044762931233,-0.0868182659715978,0.49237085341546));
#9633=DIRECTION('ref_axis',(0.499966467474954,0.150387094860998,-0.852887596990298));
#9634=DIRECTION('',(-4.17329266076289E-16,0.984807753012208,0.17364817766693));
#9635=DIRECTION('center_axis',(0.866006043339306,0.0868299115651611,-0.49243689885851));
#9636=DIRECTION('ref_axis',(-0.500033531775421,0.150380371274417,-0.852849465635975));
#9637=DIRECTION('',(-4.17329266076289E-16,0.984807753012208,0.17364817766693));
#9638=DIRECTION('center_axis',(-3.87195919337643E-5,0.173648177536763,-0.984807752273993));
#9639=DIRECTION('ref_axis',(-0.999999999250397,-6.72358658070653E-6,3.8131354329593E-5));
#9640=DIRECTION('center_axis',(4.17275056245378E-16,-0.984807753012208,
-0.173648177666931));
#9641=DIRECTION('ref_axis',(0.707079401770463,0.122792558170601,-0.696391202737257));
#9642=DIRECTION('',(-4.17275056245378E-16,0.984807753012208,0.173648177666931));
#9643=DIRECTION('center_axis',(4.1732926631286E-16,-0.984807753012208,-0.173648177666931));
#9644=DIRECTION('ref_axis',(0.707134159542494,-0.122783049583262,0.696337276858826));
#9645=DIRECTION('',(4.1732926631286E-16,-0.984807753012208,-0.173648177666931));
#9646=DIRECTION('center_axis',(0.999999999250397,6.72358657864785E-6,-3.81313543237076E-5));
#9647=DIRECTION('ref_axis',(-3.87195919276108E-5,0.173648177536764,-0.984807752273993));
#9648=DIRECTION('center_axis',(-4.17275056245378E-16,0.984807753012208,
0.173648177666931));
#9649=DIRECTION('ref_axis',(-0.707134159542543,0.122783049583266,-0.696337276858776));
#9650=DIRECTION('',(4.17275056245378E-16,-0.984807753012208,-0.173648177666931));
#9651=DIRECTION('center_axis',(0.999999999250397,6.72358657837994E-6,-3.81313543221882E-5));
#9652=DIRECTION('ref_axis',(-3.8719591926068E-5,0.173648177536764,-0.984807752273993));
#9653=DIRECTION('',(-4.1732926631286E-16,0.984807753012208,0.173648177666931));
#9654=DIRECTION('center_axis',(-4.1732926631286E-16,0.984807753012208,0.173648177666931));
#9655=DIRECTION('ref_axis',(-0.707079401770513,-0.122792558170592,0.696391202737208));
#9656=DIRECTION('center_axis',(-1.27536535675444E-16,-0.984807753012208,
-0.17364817766693));
#9657=DIRECTION('ref_axis',(-0.999999999250397,-6.7235865776345E-6,3.81313543210985E-5));
#9658=DIRECTION('center_axis',(-1.27536535675444E-16,-0.984807753012208,
-0.17364817766693));
#9659=DIRECTION('ref_axis',(-0.999999999250397,-6.72358657863277E-6,3.81313543236226E-5));
#9660=DIRECTION('',(-0.999999999250397,-6.72358658228108E-6,3.81313543474504E-5));
#9661=DIRECTION('',(3.8719591795561E-5,-0.173648177536763,0.984807752273993));
#9662=DIRECTION('',(0.999999999250397,6.72358658175792E-6,-3.81313543444838E-5));
#9663=DIRECTION('',(3.87195919275245E-5,-0.173648177536763,0.984807752273993));
#9664=DIRECTION('',(0.999999999250397,6.72358657809623E-6,-3.81313543237172E-5));
#9665=DIRECTION('',(-3.87195919275245E-5,0.173648177536763,-0.984807752273993));
#9666=DIRECTION('',(0.999999999250397,6.72358658175792E-6,-3.81313543444838E-5));
#9667=DIRECTION('',(-3.87195919275245E-5,0.173648177536763,-0.984807752273993));
#9668=DIRECTION('',(-0.999999999250397,-6.72358658228108E-6,3.81313543474504E-5));
#9669=DIRECTION('',(-3.87195919275245E-5,0.173648177536763,-0.984807752273993));
#9670=DIRECTION('',(-0.999999999250397,-6.72358657809623E-6,3.81313543237172E-5));
#9671=DIRECTION('',(3.87195919275245E-5,-0.173648177536763,0.984807752273993));
#9672=DIRECTION('center_axis',(-1.2753653568573E-16,-0.984807753012208,
-0.17364817766693));
#9673=DIRECTION('ref_axis',(-0.999999999250397,-6.72358657811122E-6,3.81313543238022E-5));
#9674=DIRECTION('',(0.499966467474775,0.150387094861016,-0.8528875969904));
#9675=DIRECTION('',(0.999999999250397,6.72358657811122E-6,-3.81313543238022E-5));
#9676=DIRECTION('',(0.500033531775239,-0.150380371274437,0.852849465636078));
#9677=DIRECTION('',(-0.499966467475169,-0.150387094860976,0.852887596990176));
#9678=DIRECTION('',(-0.999999999250397,-6.72358657655911E-6,3.81313543209517E-5));
#9679=DIRECTION('',(-0.500033531775634,0.150380371274396,-0.852849465635853));
#9680=DIRECTION('center_axis',(-1.27536535675444E-16,-0.984807753012208,
-0.17364817766693));
#9681=DIRECTION('ref_axis',(-0.999999999250397,-6.72358657811124E-6,3.81313543238022E-5));
#9682=DIRECTION('center_axis',(0.866044762931336,-0.0868182659715663,0.492370853415285));
#9683=DIRECTION('ref_axis',(0.499966467474775,0.150387094861016,-0.8528875969904));
#9684=DIRECTION('',(-4.17329265706004E-16,0.984807753012208,0.173648177666929));
#9685=DIRECTION('',(-4.17329265706004E-16,0.984807753012208,0.173648177666929));
#9686=DIRECTION('center_axis',(0.866006043339182,0.0868299115651979,-0.492436898858721));
#9687=DIRECTION('ref_axis',(-0.500033531775635,0.150380371274396,-0.852849465635853));
#9688=DIRECTION('',(-4.17329265706004E-16,0.984807753012208,0.173648177666929));
#9689=DIRECTION('center_axis',(-3.87195919245341E-5,0.173648177536762,-0.984807752273993));
#9690=DIRECTION('ref_axis',(-0.999999999250397,-6.72358657655911E-6,3.81313543209517E-5));
#9691=DIRECTION('',(-4.17329265706004E-16,0.984807753012208,0.173648177666929));
#9692=DIRECTION('center_axis',(-0.866044762931109,0.0868182659716348,-0.492370853415673));
#9693=DIRECTION('ref_axis',(-0.499966467475169,-0.150387094860976,0.852887596990176));
#9694=DIRECTION('',(-4.17329265706004E-16,0.984807753012208,0.173648177666929));
#9695=DIRECTION('center_axis',(-0.86600604333941,-0.0868299115651292,0.492436898858332));
#9696=DIRECTION('ref_axis',(0.500033531775239,-0.150380371274437,0.852849465636078));
#9697=DIRECTION('',(-4.17329265706004E-16,0.984807753012208,0.173648177666929));
#9698=DIRECTION('center_axis',(3.87195919276108E-5,-0.173648177536762,0.984807752273993));
#9699=DIRECTION('ref_axis',(0.999999999250397,6.72358657811122E-6,-3.81313543238022E-5));
#9700=DIRECTION('center_axis',(-4.17329266086574E-16,0.984807753012208,
0.17364817766693));
#9701=DIRECTION('ref_axis',(-0.999999999250397,-6.72358657864784E-6,3.81313543237076E-5));
#9702=DIRECTION('',(-4.17329266086574E-16,0.984807753012208,0.17364817766693));
#9703=DIRECTION('center_axis',(3.87195916992592E-5,-0.173648177536765,0.984807752273993));
#9704=DIRECTION('ref_axis',(-0.999999999250397,-6.72358653859557E-6,3.81313540988955E-5));
#9705=DIRECTION('',(-0.999999999250397,-6.72358661844388E-6,3.81313545469982E-5));
#9706=DIRECTION('',(7.06716464548656E-18,-0.984807753012208,-0.173648177666932));
#9707=DIRECTION('center_axis',(-0.866006043339414,-0.0868299115651292,0.492436898858326));
#9708=DIRECTION('ref_axis',(-0.500033531775233,0.150380371274439,-0.852849465636081));
#9709=DIRECTION('',(0.500033531775234,-0.150380371274438,0.852849465636081));
#9710=DIRECTION('center_axis',(-1.27536535675444E-16,-0.984807753012208,
-0.17364817766693));
#9711=DIRECTION('ref_axis',(-0.999999999250397,-6.7235865776345E-6,3.81313543210985E-5));
#9712=DIRECTION('center_axis',(-1.27536535675444E-16,-0.984807753012208,
-0.17364817766693));
#9713=DIRECTION('ref_axis',(-0.999999999250397,-6.72358657863277E-6,3.81313543236226E-5));
#9714=DIRECTION('',(-3.87195919275245E-5,0.173648177536763,-0.984807752273993));
#9715=DIRECTION('',(-0.999999999250397,-6.72358658228108E-6,3.81313543474504E-5));
#9716=DIRECTION('',(3.8719591795561E-5,-0.173648177536763,0.984807752273993));
#9717=DIRECTION('',(0.999999999250397,6.72358658175792E-6,-3.81313543444838E-5));
#9718=DIRECTION('center_axis',(-4.17058217415448E-16,0.984807753012207,
0.173648177666935));
#9719=DIRECTION('ref_axis',(3.87195919246477E-5,-0.173648177536768,0.984807752273992));
#9720=DIRECTION('',(3.8719591795561E-5,-0.173648177536747,0.984807752273996));
#9721=DIRECTION('',(-0.999999999250397,-6.72358658376437E-6,3.81313543471889E-5));
#9722=DIRECTION('',(3.87195919275245E-5,-0.173648177536765,0.984807752273992));
#9723=DIRECTION('',(-0.999999999250397,-6.72358657809623E-6,3.81313543237172E-5));
#9724=DIRECTION('',(-3.87195919275245E-5,0.173648177536763,-0.984807752273993));
#9725=DIRECTION('',(-0.999999999250397,-6.72358658376437E-6,3.81313543471889E-5));
#9726=DIRECTION('',(-3.87195919275245E-5,0.173648177536771,-0.984807752273991));
#9727=DIRECTION('',(0.999999999250397,6.72358657879133E-6,-3.81313543450069E-5));
#9728=DIRECTION('',(-3.87195919275245E-5,0.173648177536763,-0.984807752273993));
#9729=DIRECTION('',(0.999999999250397,6.72358658782565E-6,-3.81313543220016E-5));
#9730=DIRECTION('',(3.87195919275245E-5,-0.173648177536765,0.984807752273992));
#9731=DIRECTION('',(0.999999999250397,6.72358657879133E-6,-3.81313543450069E-5));
#9732=DIRECTION('center_axis',(-0.999999999250397,-6.72358655571765E-6,
3.81313541936639E-5));
#9733=DIRECTION('ref_axis',(3.8719591795561E-5,-0.173648177536747,0.984807752273996));
#9734=DIRECTION('',(-4.17058217415448E-16,0.984807753012207,0.173648177666935));
#9735=DIRECTION('',(-4.17058217415448E-16,0.984807753012207,0.173648177666935));
#9736=DIRECTION('center_axis',(3.87195919486115E-5,-0.173648177536768,0.984807752273992));
#9737=DIRECTION('ref_axis',(0.999999999250397,6.72358657879133E-6,-3.81313543450069E-5));
#9738=DIRECTION('',(-4.17058217415448E-16,0.984807753012207,0.173648177666935));
#9739=DIRECTION('center_axis',(-0.999999999250397,-6.72358657863286E-6,
3.81313543236226E-5));
#9740=DIRECTION('ref_axis',(3.87195919275245E-5,-0.173648177536765,0.984807752273992));
#9741=DIRECTION('',(-4.17058217415448E-16,0.984807753012207,0.173648177666935));
#9742=DIRECTION('center_axis',(3.87195919275245E-5,-0.173648177536768,0.984807752273992));
#9743=DIRECTION('ref_axis',(0.999999999250397,6.72358658782565E-6,-3.81313543220016E-5));
#9744=DIRECTION('',(-4.17058217415448E-16,0.984807753012207,0.173648177666935));
#9745=DIRECTION('center_axis',(0.999999999250397,6.72358657863286E-6,-3.81313543236226E-5));
#9746=DIRECTION('ref_axis',(-3.87195919275245E-5,0.173648177536763,-0.984807752273993));
#9747=DIRECTION('',(-4.17058217415448E-16,0.984807753012207,0.173648177666935));
#9748=DIRECTION('center_axis',(3.87195919486115E-5,-0.173648177536768,0.984807752273992));
#9749=DIRECTION('ref_axis',(0.999999999250397,6.72358657879133E-6,-3.81313543450069E-5));
#9750=DIRECTION('',(-4.17058217415448E-16,0.984807753012207,0.173648177666935));
#9751=DIRECTION('center_axis',(0.999999999250397,6.72358657863286E-6,-3.81313543236226E-5));
#9752=DIRECTION('ref_axis',(-3.87195919275245E-5,0.173648177536771,-0.984807752273991));
#9753=DIRECTION('',(-4.17058217415448E-16,0.984807753012207,0.173648177666935));
#9754=DIRECTION('center_axis',(-3.87195919516239E-5,0.173648177536768,-0.984807752273992));
#9755=DIRECTION('ref_axis',(-0.999999999250397,-6.72358658376437E-6,3.81313543471889E-5));
#9756=DIRECTION('',(-4.17058217415448E-16,0.984807753012207,0.173648177666935));
#9757=DIRECTION('center_axis',(0.999999999250397,6.72358657863286E-6,-3.81313543236226E-5));
#9758=DIRECTION('ref_axis',(-3.87195919275245E-5,0.173648177536763,-0.984807752273993));
#9759=DIRECTION('',(-4.17058217415448E-16,0.984807753012207,0.173648177666935));
#9760=DIRECTION('center_axis',(-3.87195919275245E-5,0.173648177536768,-0.984807752273992));
#9761=DIRECTION('ref_axis',(-0.999999999250397,-6.72358657809623E-6,3.81313543237172E-5));
#9762=DIRECTION('',(-4.17058217415448E-16,0.984807753012207,0.173648177666935));
#9763=DIRECTION('center_axis',(-0.999999999250397,-6.72358657863286E-6,
3.81313543236226E-5));
#9764=DIRECTION('ref_axis',(3.87195919275245E-5,-0.173648177536765,0.984807752273992));
#9765=DIRECTION('',(-4.17058217415448E-16,0.984807753012207,0.173648177666935));
#9766=DIRECTION('center_axis',(-3.87195919516239E-5,0.173648177536768,-0.984807752273992));
#9767=DIRECTION('ref_axis',(-0.999999999250397,-6.72358658376437E-6,3.81313543471889E-5));
#9768=DIRECTION('center_axis',(-1.27590745681212E-16,-0.984807753012208,
-0.17364817766693));
#9769=DIRECTION('ref_axis',(-0.999999999250397,-6.72358657809623E-6,3.81313543237172E-5));
#9770=DIRECTION('center_axis',(1.27590745681212E-16,0.984807753012208,0.17364817766693));
#9771=DIRECTION('ref_axis',(-0.999999999250397,-6.72358657809628E-6,3.81313543237172E-5));
#9772=DIRECTION('center_axis',(-1.27590745681212E-16,-0.984807753012208,
-0.17364817766693));
#9773=DIRECTION('ref_axis',(-0.999999999250397,-6.72358657809624E-6,3.81313543237172E-5));
#9774=DIRECTION('center_axis',(-4.17058217415448E-16,0.984807753012207,
0.173648177666935));
#9775=DIRECTION('ref_axis',(-0.999999999250397,-6.72358657863283E-6,3.81313543236226E-5));
#9776=DIRECTION('',(-4.17058217415448E-16,0.984807753012207,0.173648177666935));
#9777=DIRECTION('center_axis',(-4.17058217415448E-16,0.984807753012207,
0.173648177666935));
#9778=DIRECTION('ref_axis',(-0.999999999250397,-6.72358657863277E-6,3.81313543236226E-5));
#9779=DIRECTION('',(-4.17058217415448E-16,0.984807753012207,0.173648177666935));
#9780=DIRECTION('center_axis',(-1.27590745681212E-16,-0.984807753012208,
-0.17364817766693));
#9781=DIRECTION('ref_axis',(-0.999999999250397,-6.72358657809623E-6,3.81313543237172E-5));
#9782=DIRECTION('center_axis',(1.27590745681212E-16,0.984807753012208,0.17364817766693));
#9783=DIRECTION('ref_axis',(-0.999999999250397,-6.72358657809628E-6,3.81313543237172E-5));
#9784=DIRECTION('center_axis',(-1.27590745681212E-16,-0.984807753012208,
-0.17364817766693));
#9785=DIRECTION('ref_axis',(-0.999999999250397,-6.72358657809624E-6,3.81313543237172E-5));
#9786=DIRECTION('center_axis',(-4.17058217415448E-16,0.984807753012207,
0.173648177666935));
#9787=DIRECTION('ref_axis',(-0.999999999250397,-6.72358657863283E-6,3.81313543236226E-5));
#9788=DIRECTION('',(-4.17058217415448E-16,0.984807753012207,0.173648177666935));
#9789=DIRECTION('center_axis',(-4.17058217415448E-16,0.984807753012207,
0.173648177666935));
#9790=DIRECTION('ref_axis',(-0.999999999250397,-6.72358657863277E-6,3.81313543236226E-5));
#9791=DIRECTION('',(-4.17058217415448E-16,0.984807753012207,0.173648177666935));
#9792=DIRECTION('center_axis',(-4.17058217415448E-16,0.984807753012207,
0.173648177666935));
#9793=DIRECTION('ref_axis',(3.87195919246477E-5,-0.173648177536768,0.984807752273992));
#9794=DIRECTION('',(-0.999999999250397,-6.72358658376437E-6,3.81313543471889E-5));
#9795=DIRECTION('',(-3.87195919275245E-5,0.173648177536771,-0.984807752273991));
#9796=DIRECTION('',(0.999999999250397,6.72358657879133E-6,-3.81313543450069E-5));
#9797=DIRECTION('',(3.8719591795561E-5,-0.173648177536747,0.984807752273996));
#9798=DIRECTION('center_axis',(-3.87195919516239E-5,0.173648177536768,-0.984807752273992));
#9799=DIRECTION('ref_axis',(-0.999999999250397,-6.72358658376437E-6,3.81313543471889E-5));
#9800=DIRECTION('',(-4.17058217415448E-16,0.984807753012207,0.173648177666935));
#9801=DIRECTION('',(-4.17058217415448E-16,0.984807753012207,0.173648177666935));
#9802=DIRECTION('center_axis',(-0.999999999250397,-6.72358655571765E-6,
3.81313541936639E-5));
#9803=DIRECTION('ref_axis',(3.8719591795561E-5,-0.173648177536747,0.984807752273996));
#9804=DIRECTION('',(-4.17058217415448E-16,0.984807753012207,0.173648177666935));
#9805=DIRECTION('center_axis',(3.87195919486115E-5,-0.173648177536768,0.984807752273992));
#9806=DIRECTION('ref_axis',(0.999999999250397,6.72358657879133E-6,-3.81313543450069E-5));
#9807=DIRECTION('',(-4.17058217415448E-16,0.984807753012207,0.173648177666935));
#9808=DIRECTION('center_axis',(0.999999999250397,6.72358657863286E-6,-3.81313543236226E-5));
#9809=DIRECTION('ref_axis',(-3.87195919275245E-5,0.173648177536771,-0.984807752273991));
#9810=DIRECTION('center_axis',(0.999999999250397,6.72358657936998E-6,-3.81313543278715E-5));
#9811=DIRECTION('ref_axis',(-4.05403042158377E-16,0.984807753012208,0.17364817766693));
#9812=DIRECTION('',(4.05294622527413E-16,-0.984807753012208,-0.173648177666932));
#9813=DIRECTION('',(-3.87195919318369E-5,0.173648177536763,-0.984807752273993));
#9814=DIRECTION('',(-4.05403042394948E-16,0.984807753012208,0.173648177666931));
#9815=DIRECTION('',(3.87195919318369E-5,-0.173648177536763,0.984807752273993));
#9816=DIRECTION('center_axis',(4.0540304219952E-16,-0.984807753012208,-0.17364817766693));
#9817=DIRECTION('ref_axis',(0.999999999250397,6.72358657928371E-6,-3.81313543273826E-5));
#9818=DIRECTION('center_axis',(4.0540304219952E-16,-0.984807753012208,-0.17364817766693));
#9819=DIRECTION('ref_axis',(-0.920851151404195,-0.0677079066644284,0.383990620110295));
#9820=DIRECTION('center_axis',(4.0540304219952E-16,-0.984807753012208,-0.17364817766693));
#9821=DIRECTION('ref_axis',(-0.999999999250397,-6.72358657934076E-6,3.81313543276374E-5));
#9822=DIRECTION('',(0.999997456714802,0.000391635889395766,-0.00222107749943769));
#9823=DIRECTION('center_axis',(4.0540304219952E-16,-0.984807753012208,-0.17364817766693));
#9824=DIRECTION('ref_axis',(-0.707134159542593,0.122783049583257,-0.696337276858726));
#9825=DIRECTION('center_axis',(4.05403042394948E-16,-0.984807753012208,
-0.173648177666931));
#9826=DIRECTION('ref_axis',(-0.707134159542593,0.122783049583257,-0.696337276858726));
#9827=DIRECTION('center_axis',(8.99705322734478E-16,0.984807753012208,0.173648177666931));
#9828=DIRECTION('ref_axis',(-0.707134159542593,0.122783049583257,-0.696337276858726));
#9829=DIRECTION('center_axis',(-6.82257886071701E-15,0.984807753012208,
0.17364817766693));
#9830=DIRECTION('ref_axis',(-0.707134159542593,0.122783049583257,-0.696337276858726));
#9831=DIRECTION('',(4.05403042394948E-16,-0.984807753012208,-0.173648177666931));
#9832=DIRECTION('center_axis',(3.87195919290311E-5,-0.173648177536759,0.984807752273994));
#9833=DIRECTION('ref_axis',(-4.29418118900649E-16,0.984807753012209,0.173648177666926));
#9834=DIRECTION('',(4.17491895003308E-16,-0.984807753012209,-0.173648177666926));
#9835=DIRECTION('center_axis',(3.87195919258588E-5,-0.173648177536762,0.984807752273993));
#9836=DIRECTION('ref_axis',(0.999999999250397,6.72358657874292E-6,-3.81313543219117E-5));
#9837=DIRECTION('',(-4.17329265767718E-16,0.984807753012208,0.173648177666929));
#9838=DIRECTION('',(-0.999999999250397,-6.72358658520236E-6,3.8131354323994E-5));
#9839=DIRECTION('center_axis',(4.17329265767718E-16,-0.984807753012208,
-0.173648177666929));
#9840=DIRECTION('ref_axis',(-0.707079401770463,-0.122792558170601,0.696391202737257));
#9841=DIRECTION('center_axis',(-6.82257886071701E-15,0.984807753012208,
0.17364817766693));
#9842=DIRECTION('ref_axis',(-0.707079401770463,-0.122792558170601,0.696391202737257));
#9843=DIRECTION('',(4.17329265767718E-16,-0.984807753012208,-0.173648177666929));
#9844=DIRECTION('center_axis',(0.999999999250397,6.72358657889447E-6,-3.81313543251063E-5));
#9845=DIRECTION('ref_axis',(-3.80432394752762E-5,-0.0126514461725802,-0.999919966528549));
#9846=DIRECTION('',(-4.17491895003308E-16,0.984807753012209,0.173648177666926));
#9847=DIRECTION('center_axis',(4.17491895003308E-16,-0.984807753012209,
-0.173648177666926));
#9848=DIRECTION('ref_axis',(-0.707134159542393,0.122783049583279,-0.696337276858925));
#9849=DIRECTION('center_axis',(0.999999999250397,6.72358657765775E-6,-3.81313543180243E-5));
#9850=DIRECTION('ref_axis',(-4.29255489953058E-16,0.984807753012208,0.17364817766693));
#9851=DIRECTION('',(-4.29147070322094E-16,0.984807753012208,0.173648177666932));
#9852=DIRECTION('',(-3.87195919218419E-5,0.173648177536763,-0.984807752273993));
#9853=DIRECTION('',(4.29255490189629E-16,-0.984807753012208,-0.173648177666931));
#9854=DIRECTION('',(3.87195919218419E-5,-0.173648177536763,0.984807752273993));
#9855=DIRECTION('center_axis',(-4.29255490189629E-16,0.984807753012208,
0.173648177666931));
#9856=DIRECTION('ref_axis',(0.707079401770463,0.122792558170601,-0.696391202737257));
#9857=DIRECTION('center_axis',(4.29255489994201E-16,-0.984807753012208,
-0.17364817766693));
#9858=DIRECTION('ref_axis',(0.707079401770463,0.122792558170601,-0.696391202737257));
#9859=DIRECTION('center_axis',(8.99705322734478E-16,0.984807753012208,0.173648177666931));
#9860=DIRECTION('ref_axis',(0.707079401770463,0.122792558170601,-0.696391202737257));
#9861=DIRECTION('',(-4.29255490189629E-16,0.984807753012208,0.173648177666931));
#9862=DIRECTION('center_axis',(-3.87195919278201E-5,0.173648177536762,-0.984807752273993));
#9863=DIRECTION('ref_axis',(-0.999999999250397,-6.72358657828476E-6,3.8131354323984E-5));
#9864=DIRECTION('',(4.17329265767718E-16,-0.984807753012208,-0.173648177666929));
#9865=DIRECTION('',(0.999999999250397,6.72358657182537E-6,-3.81313543219018E-5));
#9866=DIRECTION('center_axis',(-3.87195919246478E-5,0.173648177536759,-0.984807752273994));
#9867=DIRECTION('ref_axis',(-4.05565671105968E-16,0.984807753012209,0.173648177666926));
#9868=DIRECTION('',(-4.17491895003308E-16,0.984807753012209,0.173648177666926));
#9869=DIRECTION('center_axis',(-4.17491895003308E-16,0.984807753012209,
0.173648177666926));
#9870=DIRECTION('ref_axis',(0.707079401770565,0.122792558170571,-0.696391202737159));
#9871=DIRECTION('',(4.17491895003308E-16,-0.984807753012209,-0.173648177666926));
#9872=DIRECTION('center_axis',(0.999999999250397,6.72358657813332E-6,-3.81313543207895E-5));
#9873=DIRECTION('ref_axis',(-3.80432394709695E-5,-0.0126514461725802,-0.999919966528549));
#9874=DIRECTION('',(-4.17329265767718E-16,0.984807753012208,0.173648177666929));
#9875=DIRECTION('center_axis',(4.17329265767718E-16,-0.984807753012208,
-0.173648177666929));
#9876=DIRECTION('ref_axis',(0.707134159542404,-0.122783049583294,0.696337276858911));
#9877=DIRECTION('center_axis',(-4.29255489994201E-16,0.984807753012208,
0.17364817766693));
#9878=DIRECTION('ref_axis',(-0.999999999250397,-6.72358657774402E-6,3.81313543185132E-5));
#9879=DIRECTION('center_axis',(4.29255489994201E-16,-0.984807753012208,
-0.17364817766693));
#9880=DIRECTION('ref_axis',(0.920881343287733,-0.067695523616569,0.383920392356096));
#9881=DIRECTION('',(0.999999999250397,6.72358657774402E-6,-3.81313543185132E-5));
#9882=DIRECTION('',(-0.999997628368177,0.000378188749274528,-0.00214481497814706));
#9883=DIRECTION('center_axis',(4.29255489994201E-16,-0.984807753012208,
-0.17364817766693));
#9884=DIRECTION('ref_axis',(-0.999999999250397,-6.72358657934076E-6,3.81313543276374E-5));
#9885=DIRECTION('center_axis',(-8.99705322549336E-16,-0.984807753012208,
-0.173648177666931));
#9886=DIRECTION('ref_axis',(-0.999999999250397,-6.7235865780438E-6,3.81313543278661E-5));
#9887=DIRECTION('',(0.999997456714802,0.000391635889395766,-0.00222107749943769));
#9888=DIRECTION('center_axis',(8.99705322549336E-16,0.984807753012208,0.173648177666931));
#9889=DIRECTION('ref_axis',(-0.999999999250397,-6.72358657804384E-6,3.81313543278661E-5));
#9890=DIRECTION('center_axis',(8.99705322549336E-16,0.984807753012208,0.173648177666931));
#9891=DIRECTION('ref_axis',(0.387800779939943,0.160059029625612,-0.907739864781359));
#9892=DIRECTION('',(0.999997456714802,0.000391635889395766,-0.00222107749943769));
#9893=DIRECTION('center_axis',(-8.99705322549336E-16,-0.984807753012208,
-0.173648177666931));
#9894=DIRECTION('ref_axis',(-0.999999999250397,-6.7235865780438E-6,3.81313543278661E-5));
#9895=DIRECTION('',(-0.999997628368177,0.000378188749274528,-0.00214481497814706));
#9896=DIRECTION('',(-0.999997628368177,0.000378188749274528,-0.00214481497814706));
#9897=DIRECTION('center_axis',(8.99705322549336E-16,0.984807753012208,0.173648177666931));
#9898=DIRECTION('ref_axis',(-0.387872157819603,0.160053814321439,-0.907710287321634));
#9899=DIRECTION('center_axis',(8.99705322549336E-16,0.984807753012208,0.173648177666931));
#9900=DIRECTION('ref_axis',(-0.999999999250397,-6.72358657804384E-6,3.81313543278661E-5));
#9901=DIRECTION('center_axis',(-0.0021779022063816,-0.173647765837387,0.984805417410802));
#9902=DIRECTION('ref_axis',(-1.15400494214695E-15,-0.984807753012208,-0.173648177666931));
#9903=DIRECTION('',(4.15974013720681E-16,-0.984807753012208,-0.173648177666931));
#9904=DIRECTION('',(0.999997628368177,-0.000378188749275838,0.00214481497814683));
#9905=DIRECTION('center_axis',(4.17220846424753E-16,-0.984807753012208,
-0.173648177666932));
#9906=DIRECTION('ref_axis',(-0.387872157819603,0.160053814321439,-0.907710287321634));
#9907=DIRECTION('center_axis',(8.99705322734478E-16,0.984807753012208,0.173648177666931));
#9908=DIRECTION('ref_axis',(-0.387872157819603,0.160053814321439,-0.907710287321634));
#9909=DIRECTION('',(-4.17220846424753E-16,0.984807753012208,0.173648177666932));
#9910=DIRECTION('center_axis',(-4.17220846424753E-16,0.984807753012208,
0.173648177666932));
#9911=DIRECTION('ref_axis',(-0.999999999250397,-6.72358657934076E-6,3.81313543276374E-5));
#9912=DIRECTION('',(4.17220846424753E-16,-0.984807753012208,-0.173648177666932));
#9913=DIRECTION('center_axis',(8.99705322734478E-16,0.984807753012208,0.173648177666931));
#9914=DIRECTION('ref_axis',(-0.999999999250397,-6.72358657934076E-6,3.81313543276374E-5));
#9915=DIRECTION('center_axis',(-4.17220846424753E-16,0.984807753012208,
0.173648177666932));
#9916=DIRECTION('ref_axis',(0.920881343287733,-0.067695523616569,0.383920392356096));
#9917=DIRECTION('center_axis',(8.99705322734478E-16,0.984807753012208,0.173648177666931));
#9918=DIRECTION('ref_axis',(0.920881343287733,-0.067695523616569,0.383920392356096));
#9919=DIRECTION('center_axis',(-0.00225534119998974,0.173647736030091,-0.984805248365227));
#9920=DIRECTION('ref_axis',(1.98855505480228E-15,-0.984807753012208,-0.173648177666931));
#9921=DIRECTION('',(-4.18467678717398E-16,0.984807753012208,0.173648177666931));
#9922=DIRECTION('',(-0.999997456714802,-0.000391635889397075,0.00222107749943745));
#9923=DIRECTION('center_axis',(-4.17220846424753E-16,0.984807753012208,
0.173648177666932));
#9924=DIRECTION('ref_axis',(0.387800779939943,0.160059029625612,-0.907739864781359));
#9925=DIRECTION('center_axis',(8.99705322734478E-16,0.984807753012208,0.173648177666931));
#9926=DIRECTION('ref_axis',(0.387800779939943,0.160059029625612,-0.907739864781359));
#9927=DIRECTION('',(4.17220846424753E-16,-0.984807753012208,-0.173648177666932));
#9928=DIRECTION('center_axis',(-8.99705322734478E-16,-0.984807753012208,
-0.173648177666931));
#9929=DIRECTION('ref_axis',(-0.999999999250397,-6.72358657687445E-6,3.81313543212347E-5));
#9930=DIRECTION('',(-0.999999999250397,-6.72358657815996E-6,3.81313543208724E-5));
#9931=DIRECTION('center_axis',(8.99705322734478E-16,0.984807753012208,0.173648177666931));
#9932=DIRECTION('ref_axis',(-0.999999999250397,-6.72358657934076E-6,3.81313543276374E-5));
#9933=DIRECTION('center_axis',(8.99705322734478E-16,0.984807753012208,0.173648177666931));
#9934=DIRECTION('ref_axis',(-0.920851151404195,-0.0677079066644284,0.383990620110295));
#9935=DIRECTION('',(0.999999999250397,6.72358657886772E-6,-3.81313543250233E-5));
#9936=DIRECTION('center_axis',(-4.17220846424753E-16,0.984807753012208,
0.173648177666932));
#9937=DIRECTION('ref_axis',(0.707917389492494,-0.122646881764291,0.695565030782621));
#9938=DIRECTION('',(-4.17220846424753E-16,0.984807753012208,0.173648177666932));
#9939=DIRECTION('center_axis',(4.17220846424753E-16,-0.984807753012208,
-0.173648177666932));
#9940=DIRECTION('ref_axis',(-0.920851151404195,-0.0677079066644284,0.383990620110295));
#9941=DIRECTION('center_axis',(1.73917493608977E-5,-0.957869822879631,0.287202719545049));
#9942=DIRECTION('ref_axis',(-0.999999999250397,-6.72358657928242E-6,3.81313543249023E-5));
#9943=DIRECTION('',(3.4593841259084E-5,0.287202719992932,0.957869822278543));
#9944=DIRECTION('',(0.999999999250397,6.72358657928242E-6,-3.81313543249023E-5));
#9945=DIRECTION('',(-3.45938412626882E-5,-0.287202719992932,-0.957869822278543));
#9946=DIRECTION('',(-0.384045790425684,-0.265184703385218,-0.884412745242178));
#9947=DIRECTION('center_axis',(3.87195919290311E-5,-0.173648177536763,0.984807752273993));
#9948=DIRECTION('ref_axis',(0.999999999250397,6.72358657889447E-6,-3.81313543251062E-5));
#9949=DIRECTION('',(-8.34747102699207E-16,0.984807753012208,0.173648177666931));
#9950=DIRECTION('',(-0.679410098248267,-0.722615883646836,-0.127389964673765));
#9951=DIRECTION('',(-0.679410098248267,-0.722615883646836,-0.127389964673765));
#9952=DIRECTION('',(0.999999999250397,6.72358657889447E-6,-3.81313543251062E-5));
#9953=DIRECTION('center_axis',(-0.999999999250397,-6.72358657236011E-6,
3.81313542881167E-5));
#9954=DIRECTION('ref_axis',(4.05403042168663E-16,-0.984807753012208,-0.17364817766693));
#9955=DIRECTION('',(-4.05348832132038E-16,0.984807753012208,0.17364817766693));
#9956=DIRECTION('',(3.86359604773318E-5,-0.108581011776301,0.994087602975159));
#9957=DIRECTION('center_axis',(0.733758759333797,-0.66908339924068,-0.118006304753021));
#9958=DIRECTION('ref_axis',(3.87195919288976E-5,-0.173648177536763,0.984807752273993));
#9959=DIRECTION('',(-0.679410098248267,-0.722615883646836,-0.127389964673766));
#9960=DIRECTION('center_axis',(0.733027641322523,-0.676174170221695,-0.0738848332348498));
#9961=DIRECTION('ref_axis',(-0.0608045720167517,-0.173326874739911,0.982985553563609));
#9962=DIRECTION('center_axis',(-0.999999999250397,-6.72358658466762E-6,
3.81313543577791E-5));
#9963=DIRECTION('ref_axis',(4.29255489963344E-16,-0.984807753012208,-0.17364817766693));
#9964=DIRECTION('',(-3.4593841291741E-5,-0.287202719992932,-0.957869822278543));
#9965=DIRECTION('',(-3.87195919612115E-5,0.173648177536802,-0.984807752273986));
#9966=DIRECTION('',(-3.86359605138151E-5,0.108581011776335,-0.994087602975155));
#9967=DIRECTION('',(-3.87195919612115E-5,0.173648177536763,-0.984807752273993));
#9968=DIRECTION('',(4.29201279937005E-16,-0.984807753012208,-0.17364817766693));
#9969=DIRECTION('center_axis',(-1.73917493583028E-5,0.957869822879631,-0.287202719545049));
#9970=DIRECTION('ref_axis',(0.999999999250397,6.72358657774542E-6,-3.81313543209934E-5));
#9971=DIRECTION('',(-3.45938412593854E-5,-0.287202719992932,-0.957869822278543));
#9972=DIRECTION('',(-0.999999999250397,-6.72358657774542E-6,3.81313543209934E-5));
#9973=DIRECTION('',(-0.383981907547316,0.265179539484492,0.884442031178481));
#9974=DIRECTION('center_axis',(0.733758759333797,0.66909326622178,0.1179503463225));
#9975=DIRECTION('ref_axis',(3.87195919247812E-5,-0.173648177536763,0.984807752273993));
#9976=DIRECTION('',(3.8719591924799E-5,-0.173648177536763,0.984807752273993));
#9977=DIRECTION('',(-0.679410098248267,0.722606747501593,0.127441778328179));
#9978=DIRECTION('center_axis',(0.733024181150964,0.676184027348059,0.0738289306933093));
#9979=DIRECTION('ref_axis',(0.0608818677317485,-0.173326056570597,0.982980913494855));
#9980=DIRECTION('',(0.0608818677317485,-0.173326056570597,0.982980913494855));
#9981=DIRECTION('center_axis',(-3.87195919246478E-5,0.173648177536763,-0.984807752273993));
#9982=DIRECTION('ref_axis',(-0.999999999250397,-6.72358657813332E-6,3.81313543207895E-5));
#9983=DIRECTION('',(-8.85701146308776E-20,-0.984807753012208,-0.173648177666931));
#9984=DIRECTION('',(-0.999999999250397,-6.72358657813332E-6,3.81313543207895E-5));
#9985=DIRECTION('center_axis',(8.85700940595053E-20,0.984807753012208,0.173648177666931));
#9986=DIRECTION('ref_axis',(0.999999999250397,6.72358657774542E-6,-3.81313543209934E-5));
#9987=DIRECTION('',(0.707134159542515,-0.122783049583268,0.696337276858804));
#9988=DIRECTION('',(-3.87195919247813E-5,0.173648177536763,-0.984807752273993));
#9989=DIRECTION('center_axis',(0.999999999250397,6.72358657774542E-6,-3.81313543209934E-5));
#9990=DIRECTION('ref_axis',(3.87195919247812E-5,-0.173648177536763,0.984807752273993));
#9991=DIRECTION('',(8.85701146308776E-20,0.984807753012208,0.173648177666931));
#9992=DIRECTION('',(-3.87195919247812E-5,0.173648177536762,-0.984807752273993));
#9993=DIRECTION('center_axis',(-5.98792032850272E-15,-0.984807753012208,
-0.17364817766693));
#9994=DIRECTION('ref_axis',(-0.999999999250397,-6.7235865718636E-6,3.81313543221182E-5));
#9995=DIRECTION('',(-0.707134159542515,0.122783049583271,-0.696337276858803));
#9996=DIRECTION('center_axis',(0.707079401770481,0.122792558170594,-0.69639120273724));
#9997=DIRECTION('ref_axis',(-0.700876440271376,-0.00902910727980633,-0.713225553870761));
#9998=DIRECTION('center_axis',(-6.82257886071701E-15,0.984807753012208,
0.17364817766693));
#9999=DIRECTION('ref_axis',(0.999999999250397,6.72358658516425E-6,-3.81313543237775E-5));
#10000=DIRECTION('',(-0.707079401770463,-0.122792558170602,0.696391202737257));
#10001=DIRECTION('',(-3.87195919288976E-5,0.173648177536762,-0.984807752273993));
#10002=DIRECTION('center_axis',(0.999999999250397,6.72358657928242E-6,-3.81313543249023E-5));
#10003=DIRECTION('ref_axis',(3.87195919288976E-5,-0.173648177536763,0.984807752273993));
#10004=DIRECTION('',(8.34747102699207E-16,-0.984807753012208,-0.173648177666931));
#10005=DIRECTION('',(-3.87195919288976E-5,0.173648177536763,-0.984807752273993));
#10006=DIRECTION('center_axis',(8.34747102719779E-16,-0.984807753012208,
-0.173648177666931));
#10007=DIRECTION('ref_axis',(-0.999999999250397,-6.72358657928242E-6,3.81313543249023E-5));
#10008=DIRECTION('',(0.707079401770463,0.122792558170598,-0.696391202737258));
#10009=DIRECTION('',(0.0608045720167517,0.173326874739911,-0.982985553563609));
#10010=DIRECTION('center_axis',(0.733027641322523,-0.676174170221695,-0.0738848332348498));
#10011=DIRECTION('ref_axis',(-0.0608045720167517,-0.173326874739911,0.982985553563609));
#10012=DIRECTION('',(0.574602733932997,0.673695578511121,-0.464721384973075));
#10013=DIRECTION('center_axis',(-0.707134159542533,0.122783049583264,-0.696337276858786));
#10014=DIRECTION('ref_axis',(-0.700822167073236,0.00901968283785665,0.71327900253707));
#10015=DIRECTION('center_axis',(1.42780130684002E-19,0.984807753012208,
0.173648177666931));
#10016=DIRECTION('ref_axis',(0.999999999250397,6.72358657811993E-6,-3.81313543231174E-5));
#10017=DIRECTION('center_axis',(-1.,6.45304588692266E-11,-3.64919239892699E-10));
#10018=DIRECTION('ref_axis',(-3.70580893087793E-10,-0.17364729293303,0.984807909014256));
#10019=DIRECTION('',(1.82868313851417E-13,0.984807909014256,0.17364729293303));
#10020=DIRECTION('center_axis',(0.00225534119998559,-0.173647736030091,
0.984805248365227));
#10021=DIRECTION('ref_axis',(-0.707104982812337,0.696087311926872,0.124358342930365));
#10022=DIRECTION('center_axis',(-3.64251997887345E-15,-0.984807753012208,
-0.17364817766693));
#10023=DIRECTION('ref_axis',(-0.999999999250397,-6.72358657556539E-6,3.81313543296061E-5));
#10024=DIRECTION('',(0.00217790220637744,0.173647765837387,-0.984805417410802));
#10025=DIRECTION('',(-0.998962464972214,0.00790813243167806,-0.0448492476869097));
#10026=DIRECTION('center_axis',(0.976285196623293,-0.0375928111406944,0.213199426370613));
#10027=DIRECTION('ref_axis',(0.216488371175493,0.169530145276836,-0.961453230785667));
#10028=DIRECTION('center_axis',(0.998962464972214,-0.007908132431678,0.0448492476869093));
#10029=DIRECTION('ref_axis',(0.0455411196243427,0.17346801160009,-0.983785980472822));
#10030=DIRECTION('center_axis',(-0.825989285152584,-0.0978830149796923,
0.555122163304266));
#10031=DIRECTION('ref_axis',(0.563685817466719,-0.143431534139157,0.813440651923276));
#10032=DIRECTION('center_axis',(-0.998962464972214,0.00790813243167806,
-0.0448492476869097));
#10033=DIRECTION('ref_axis',(0.0322024345091989,0.819024647641388,-0.572853934059617));
#10034=DIRECTION('center_axis',(-3.70580893087793E-10,-0.17364729293303,
0.984807909014256));
#10035=DIRECTION('ref_axis',(1.,-6.45304708496606E-11,3.64919237792057E-10));
#10036=DIRECTION('center_axis',(0.00217790220637744,0.173647765837387,-0.984805417410802));
#10037=DIRECTION('ref_axis',(0.707105104189603,0.696096820490839,0.12430441718441));
#10038=CARTESIAN_POINT('',(0.,0.,0.));
#10039=CARTESIAN_POINT('Origin',(-0.0919571395602148,71.0663209420588,-155.715562367028));
#10040=CARTESIAN_POINT('',(12.1995253905115,68.4639880157054,-140.956998953206));
#10041=CARTESIAN_POINT('',(-12.2004746094885,68.4639880172755,-140.956998962111));
#10042=CARTESIAN_POINT('',(-2.0247807713395,68.4639880166206,-140.956998958397));
#10043=CARTESIAN_POINT('',(12.1995253905115,73.7603340886681,-170.994070147203));
#10044=CARTESIAN_POINT('',(12.1995253905115,54.9621727568163,-64.3843995436314));
#10045=CARTESIAN_POINT('',(5.48698893808048,73.8134728492118,-171.295435033791));
#10046=CARTESIAN_POINT('',(4.0999990299451,73.8244527411092,-171.357705095091));
#10047=CARTESIAN_POINT('',(-5.67212830518972,73.8133978199209,-171.295009521538));
#10048=CARTESIAN_POINT('',(-12.3386928740144,73.8133529966968,-171.294755316402));
#10049=CARTESIAN_POINT('',(-12.2004746094885,73.7616292017407,-171.001415098426));
#10050=CARTESIAN_POINT('',(-23.1585062632994,73.674733971272,-170.508607757658));
#10051=CARTESIAN_POINT('',(-12.2004746094885,54.9621727568163,-64.3843995436314));
#10052=CARTESIAN_POINT('',(3.4083518996417,69.6803652539206,-147.855417070094));
#10053=CARTESIAN_POINT('Origin',(-0.0916480977346978,69.6803417213676,-147.855283610354));
#10054=CARTESIAN_POINT('Origin',(-12.2004746094885,63.6284809833237,-62.8562955801625));
#10055=CARTESIAN_POINT('',(-12.2002026761126,61.7641714181497,-102.960450888716));
#10056=CARTESIAN_POINT('',(-12.2699770653677,61.7644421889999,-102.960405898513));
#10057=CARTESIAN_POINT('Origin',(-12.200000283124,70.4304796451246,-101.432346927899));
#10058=CARTESIAN_POINT('',(-12.2699770653677,61.3769323086324,-100.762728159063));
#10059=CARTESIAN_POINT('',(-12.2699770653677,54.9624430567041,-64.3843518824684));
#10060=CARTESIAN_POINT('',(-12.2004746094885,61.3766615414389,-100.762773170003));
#10061=CARTESIAN_POINT('Origin',(-12.2004746094885,70.0429697679463,-99.2346692065341));
#10062=CARTESIAN_POINT('',(-12.2004746094885,54.9621727568163,-64.3843995436314));
#10063=CARTESIAN_POINT('Origin',(-12.2004746094885,63.6284809833237,-62.8562955801625));
#10064=CARTESIAN_POINT('',(-17.5334059050416,63.5368722207769,-102.648085599871));
#10065=CARTESIAN_POINT('',(-18.4645645891962,64.3441840470865,-102.505771357674));
#10066=CARTESIAN_POINT('Origin',(-12.200000283124,70.4304796451246,-101.432346927899));
#10067=CARTESIAN_POINT('',(-18.9340829522467,64.8515972063115,-102.416319187319));
#10068=CARTESIAN_POINT('Origin',(-12.200000283124,70.4304796451246,-101.432346927899));
#10069=CARTESIAN_POINT('',(-18.9341539767702,64.5398580501484,-100.647872369733));
#10070=CARTESIAN_POINT('Ctrl Pts',(-18.9341546405381,64.5398588275771,-100.647872234772));
#10071=CARTESIAN_POINT('Ctrl Pts',(-18.934142694173,64.591808294018,-100.942574080988));
#10072=CARTESIAN_POINT('Ctrl Pts',(-18.9341301012794,64.6437582966465,-101.237275835985));
#10073=CARTESIAN_POINT('Ctrl Pts',(-18.9341181535011,64.6957077642558,-101.531977681995));
#10074=CARTESIAN_POINT('Ctrl Pts',(-18.9341062025352,64.74767109164,-101.826758152511));
#10075=CARTESIAN_POINT('Ctrl Pts',(-18.934094901979,64.7996338796983,-102.12153871521));
#10076=CARTESIAN_POINT('Ctrl Pts',(-18.9340829522469,64.8515972060625,-102.416319185906));
#10077=CARTESIAN_POINT('',(-18.9574110903473,62.8306674720811,-90.794692220021));
#10078=CARTESIAN_POINT('Ctrl Pts',(-18.9574110903474,62.8306674720811,-90.794692220021));
#10079=CARTESIAN_POINT('Ctrl Pts',(-18.9535289602922,63.1159503083751,-92.4394107316055));
#10080=CARTESIAN_POINT('Ctrl Pts',(-18.9496468301775,63.4012427732984,-94.0841275714169));
#10081=CARTESIAN_POINT('Ctrl Pts',(-18.9457647000037,63.6865447957978,-95.7288427516939));
#10082=CARTESIAN_POINT('Ctrl Pts',(-18.9418944589843,63.9709730712632,-97.3685209364459));
#10083=CARTESIAN_POINT('Ctrl Pts',(-18.9380242179061,64.2554108458561,-99.0081974718163));
#10084=CARTESIAN_POINT('Ctrl Pts',(-18.9341539767702,64.5398580501484,-100.647872369733));
#10085=CARTESIAN_POINT('',(-18.4645503416142,62.2958359025125,-90.8889308149769));
#10086=CARTESIAN_POINT('Origin',(-12.200000283124,68.38212573983,-89.8155546646585));
#10087=CARTESIAN_POINT('',(-18.310683420098,62.1456817300914,-90.915313119712));
#10088=CARTESIAN_POINT('Origin',(-12.200000283124,68.3821437162651,-89.8156566140881));
#10089=CARTESIAN_POINT('',(-18.4853663358709,62.4145843638955,-91.4434177778427));
#10090=CARTESIAN_POINT('Ctrl Pts',(-18.3107878053129,62.1455751953079,-90.9153318990417));
#10091=CARTESIAN_POINT('Ctrl Pts',(-18.3505517206813,62.193455467423,-90.965927398559));
#10092=CARTESIAN_POINT('Ctrl Pts',(-18.3860510317879,62.2392746847025,-91.024220545026));
#10093=CARTESIAN_POINT('Ctrl Pts',(-18.4601262139055,62.3442372773401,-91.1941307689804));
#10094=CARTESIAN_POINT('Ctrl Pts',(-18.485368879156,62.392298426621,-91.3170130027211));
#10095=CARTESIAN_POINT('Ctrl Pts',(-18.485368879156,62.4141952836188,-91.4411962497199));
#10096=CARTESIAN_POINT('Ctrl Pts',(-18.485368879156,62.4143258179434,-91.4419365466617));
#10097=CARTESIAN_POINT('Ctrl Pts',(-18.4853680315363,62.414455511705,-91.4426770571106));
#10098=CARTESIAN_POINT('Ctrl Pts',(-18.4853663358707,62.4145843638954,-91.4434177778428));
#10099=CARTESIAN_POINT('',(-18.4650732144548,63.956708409013,-100.30808760038));
#10100=CARTESIAN_POINT('Ctrl Pts',(-18.4853663358709,62.4145843638955,-91.4434177778427));
#10101=CARTESIAN_POINT('Ctrl Pts',(-18.4752367388419,63.1843238458312,-95.8683483181991));
#10102=CARTESIAN_POINT('Ctrl Pts',(-18.4650732144548,63.9567084090129,-100.30808760038));
#10103=CARTESIAN_POINT('',(-17.5705124088362,63.1773563471939,-100.445473224988));
#10104=CARTESIAN_POINT('Origin',(-12.2004746094885,70.0429697679463,-99.2346692065341));
#10105=CARTESIAN_POINT('',(-17.5705805804299,63.4831414699906,-102.179364456341));
#10106=CARTESIAN_POINT('',(-17.5703774840517,62.572148374425,-97.0137667342049));
#10107=CARTESIAN_POINT('Ctrl Pts',(-17.5334059050416,63.5368722207769,-102.648085599871));
#10108=CARTESIAN_POINT('Ctrl Pts',(-17.5583443975596,63.5283310295756,-102.490233177495));
#10109=CARTESIAN_POINT('Ctrl Pts',(-17.5705805826786,63.5101965393422,-102.332801369307));
#10110=CARTESIAN_POINT('Ctrl Pts',(-17.5705805826786,63.4831616424562,-102.179478850103));
#10111=CARTESIAN_POINT('Ctrl Pts',(-17.5705805826786,63.4831549188975,-102.179440718907));
#10112=CARTESIAN_POINT('Ctrl Pts',(-17.5705805819289,63.4831481947423,-102.179402587652));
#10113=CARTESIAN_POINT('Ctrl Pts',(-17.5705805804297,63.4831414699906,-102.179364456341));
#10114=CARTESIAN_POINT('Origin',(12.1995253905115,63.6284809833237,-62.8562955801625));
#10115=CARTESIAN_POINT('',(12.2690278463906,61.7644421826219,-102.960405862342));
#10116=CARTESIAN_POINT('',(12.1997277835001,61.7641714181497,-102.960450888716));
#10117=CARTESIAN_POINT('Origin',(12.199999716876,70.4304796451246,-101.432346927899));
#10118=CARTESIAN_POINT('',(12.1995253905115,61.3766615414389,-100.762773170003));
#10119=CARTESIAN_POINT('',(12.1995253905115,54.9621727568163,-64.3843995436314));
#10120=CARTESIAN_POINT('',(12.2690278463699,61.3769323086323,-100.762728159063));
#10121=CARTESIAN_POINT('Origin',(12.1995253905115,70.0429697679463,-99.2346692065341));
#10122=CARTESIAN_POINT('',(12.2690278463906,54.9624430567041,-64.3843518824684));
#10123=CARTESIAN_POINT('Origin',(12.199999716876,63.7041187331784,-63.2852585757914));
#10124=CARTESIAN_POINT('',(18.4645640229481,64.3441840470865,-102.505771357674));
#10125=CARTESIAN_POINT('',(17.3538554382667,63.4063505286663,-102.671093049569));
#10126=CARTESIAN_POINT('Origin',(12.199999716876,70.4304796451246,-101.432346927899));
#10127=CARTESIAN_POINT('',(18.9340823860002,64.8515972063133,-102.416319187319));
#10128=CARTESIAN_POINT('Origin',(12.199999716876,70.4304796451246,-101.432346927899));
#10129=CARTESIAN_POINT('',(18.9341534105134,64.5398580507789,-100.647872373368));
#10130=CARTESIAN_POINT('Ctrl Pts',(18.9340823860004,64.8515972060642,-102.416319185906));
#10131=CARTESIAN_POINT('Ctrl Pts',(18.9340943357324,64.7996338797,-102.12153871521));
#10132=CARTESIAN_POINT('Ctrl Pts',(18.9341056362869,64.747671091643,-101.82675815251));
#10133=CARTESIAN_POINT('Ctrl Pts',(18.9341175872531,64.6957077642589,-101.531977681994));
#10134=CARTESIAN_POINT('Ctrl Pts',(18.9341295350312,64.6437582966512,-101.237275835993));
#10135=CARTESIAN_POINT('Ctrl Pts',(18.9341421279265,64.5918082940228,-100.942574081006));
#10136=CARTESIAN_POINT('Ctrl Pts',(18.9341540742915,64.5398588275836,-100.647872234799));
#10137=CARTESIAN_POINT('',(18.9574105240993,62.8306674720811,-90.7946922200209));
#10138=CARTESIAN_POINT('Ctrl Pts',(18.9341534105135,64.5398580507787,-100.647872373368));
#10139=CARTESIAN_POINT('Ctrl Pts',(18.93802349656,64.2554222449358,-99.0082631809703));
#10140=CARTESIAN_POINT('Ctrl Pts',(18.9418935825486,63.9709958680366,-97.3686523512504));
#10141=CARTESIAN_POINT('Ctrl Pts',(18.945763668479,63.6865789895007,-95.7290398722814));
#10142=CARTESIAN_POINT('Ctrl Pts',(18.9496459537449,63.4012655683367,-94.0842589852745));
#10143=CARTESIAN_POINT('Ctrl Pts',(18.9535282389518,63.1159617055094,-92.4394764386011));
#10144=CARTESIAN_POINT('Ctrl Pts',(18.9574105240992,62.8306674720809,-90.7946922200209));
#10145=CARTESIAN_POINT('',(18.4645782714219,62.2958082169728,-90.8889356955451));
#10146=CARTESIAN_POINT('Origin',(12.199999716876,68.38212573983,-89.8155546646585));
#10147=CARTESIAN_POINT('',(18.3099429675153,62.1454686500263,-90.9153506914767));
#10148=CARTESIAN_POINT('Origin',(12.199999716876,68.3821437162651,-89.8156566140881));
#10149=CARTESIAN_POINT('',(17.4844583797707,61.3771231378574,-90.6086334388341));
#10150=CARTESIAN_POINT('Ctrl Pts',(18.3098385863355,62.1455751953074,-90.9153318990414));
#10151=CARTESIAN_POINT('Ctrl Pts',(18.2843491215284,62.114882983544,-90.8828991722238));
#10152=CARTESIAN_POINT('Ctrl Pts',(18.2571329213819,62.0833607991018,-90.8535932475871));
#10153=CARTESIAN_POINT('Ctrl Pts',(18.1349637044292,61.9464914370103,-90.739230544768));
#10154=CARTESIAN_POINT('Ctrl Pts',(18.0168211333392,61.8263645670165,-90.6734180338556));
#10155=CARTESIAN_POINT('Ctrl Pts',(17.7583808468279,61.5909890671938,-90.5993037226356));
#10156=CARTESIAN_POINT('Ctrl Pts',(17.6179220937681,61.4758451277838,-90.5912313358009));
#10157=CARTESIAN_POINT('Ctrl Pts',(17.4844583797707,61.3771231378574,-90.608633438834));
#10158=CARTESIAN_POINT('',(12.1995253905115,59.6401797634679,-90.9146956324988));
#10159=CARTESIAN_POINT('Origin',(12.1995253905115,68.3064879899753,-89.3865916690296));
#10160=CARTESIAN_POINT('',(12.1995253905115,57.9003979613461,-81.0479027280237));
#10161=CARTESIAN_POINT('',(12.1995253905115,54.9621727568163,-64.3843995436314));
#10162=CARTESIAN_POINT('',(12.2690278464003,57.900668728539,-81.0478577170795));
#10163=CARTESIAN_POINT('Origin',(12.1995253905115,66.5667061878535,-79.5197987645548));
#10164=CARTESIAN_POINT('',(18.9995253905115,61.3226522694624,-81.9460324695237));
#10165=CARTESIAN_POINT('Ctrl Pts',(18.9995253905115,61.3226522694624,-81.9460324695236));
#10166=CARTESIAN_POINT('Ctrl Pts',(18.7097792310588,60.9223543968794,-81.7071538335621));
#10167=CARTESIAN_POINT('Ctrl Pts',(18.3728649922355,60.5296867154698,-81.5185447722595));
#10168=CARTESIAN_POINT('Ctrl Pts',(17.4018356506832,59.6051853875773,-81.1553245755873));
#10169=CARTESIAN_POINT('Ctrl Pts',(16.7263902188278,59.1264156626094,-81.0435889921554));
#10170=CARTESIAN_POINT('Ctrl Pts',(15.5073815362746,58.5264486422944,-80.9771823853097));
#10171=CARTESIAN_POINT('Ctrl Pts',(15.0319363805945,58.3484664421645,-80.9847151224096));
#10172=CARTESIAN_POINT('Ctrl Pts',(13.7962769650013,58.0106977147633,-81.0260978782675));
#10173=CARTESIAN_POINT('Ctrl Pts',(13.0352137297362,57.90663347344,-81.0468360956773));
#10174=CARTESIAN_POINT('Ctrl Pts',(12.2690278463966,57.900668728539,-81.0478577170795));
#10175=CARTESIAN_POINT('',(18.9995253905115,76.7097156415914,-169.210405229185));
#10176=CARTESIAN_POINT('',(18.9995253905115,58.1276442393128,-63.8262415146042));
#10177=CARTESIAN_POINT('',(12.2690278463901,73.760054183073,-170.990902115688));
#10178=CARTESIAN_POINT('Ctrl Pts',(12.2690278463901,73.7600541830731,-170.990902115688));
#10179=CARTESIAN_POINT('Ctrl Pts',(13.1884643296987,73.7599272222916,-170.94836222991));
#10180=CARTESIAN_POINT('Ctrl Pts',(14.1723255142639,73.9117221936394,-170.882473343176));
#10181=CARTESIAN_POINT('Ctrl Pts',(16.0415435304511,74.529123676693,-170.632847228579));
#10182=CARTESIAN_POINT('Ctrl Pts',(16.9231063835749,75.0017723215438,-170.438052165909));
#10183=CARTESIAN_POINT('Ctrl Pts',(17.979290323573,75.7641256066981,-169.975303299095));
#10184=CARTESIAN_POINT('Ctrl Pts',(18.3218161049643,76.0478780047471,-169.782206650415));
#10185=CARTESIAN_POINT('Ctrl Pts',(18.7576660879969,76.4606709520278,-169.440885311621));
#10186=CARTESIAN_POINT('Ctrl Pts',(18.8831152751629,76.5867002253407,-169.328866535633));
#10187=CARTESIAN_POINT('Ctrl Pts',(18.9995253905114,76.7097156415914,-169.210405229185));
#10188=CARTESIAN_POINT('Origin',(12.1995253905115,82.4266423151756,-169.465966183734));
#10189=CARTESIAN_POINT('',(14.9509130324517,68.898465907469,-140.880389179794));
#10190=CARTESIAN_POINT('Origin',(12.1995253905115,77.1302976150343,-139.428902775394));
#10191=CARTESIAN_POINT('',(14.9509130228168,64.3836132177271,-115.275387220473));
#10192=CARTESIAN_POINT('',(14.9509130276425,66.6449214096109,-128.099903248508));
#10193=CARTESIAN_POINT('',(12.1995253905115,63.9491353290868,-115.351996993334));
#10194=CARTESIAN_POINT('Origin',(12.1995253905115,72.6154449284157,-113.823900815522));
#10195=CARTESIAN_POINT('',(12.1995253905115,54.9621727568163,-64.3843995436314));
#10196=CARTESIAN_POINT('',(12.2690278463832,62.2038465232313,-105.452391710701));
#10197=CARTESIAN_POINT('',(12.2690278463906,54.9624430567041,-64.3843518824684));
#10198=CARTESIAN_POINT('',(14.3907348801613,62.4765514006276,-105.404389901997));
#10199=CARTESIAN_POINT('Origin',(12.1995253905115,70.8698839825452,-103.924332758172));
#10200=CARTESIAN_POINT('Ctrl Pts',(17.3538554382667,63.4063505286663,-102.671093049569));
#10201=CARTESIAN_POINT('Ctrl Pts',(17.3172434387492,63.4204015885283,-102.90314453725));
#10202=CARTESIAN_POINT('Ctrl Pts',(17.2527805693235,63.4145065727026,-103.136401839344));
#10203=CARTESIAN_POINT('Ctrl Pts',(17.0145177372913,63.3544145687929,-103.733050762504));
#10204=CARTESIAN_POINT('Ctrl Pts',(16.7938572111285,63.2701252338504,-104.077425761797));
#10205=CARTESIAN_POINT('Ctrl Pts',(16.2813199966646,63.0753154747585,-104.649203214957));
#10206=CARTESIAN_POINT('Ctrl Pts',(15.9460703248487,62.9482262668286,-104.912385339822));
#10207=CARTESIAN_POINT('Ctrl Pts',(15.1992049672003,62.698565224874,-105.281439717332));
#10208=CARTESIAN_POINT('Ctrl Pts',(14.7869882824929,62.5768856415917,-105.38669827051));
#10209=CARTESIAN_POINT('Ctrl Pts',(14.3908123196811,62.4765710084363,-105.404386446895));
#10210=CARTESIAN_POINT('Ctrl Pts',(14.3907736000892,62.4765612045011,-105.404388174832));
#10211=CARTESIAN_POINT('Ctrl Pts',(14.3907348801613,62.4765514006276,-105.404389901997));
#10212=CARTESIAN_POINT('Origin',(-0.0892467681254416,58.9109485144854,-86.7790197078488));
#10213=CARTESIAN_POINT('',(-12.2004746094885,63.9491353306569,-115.351997002239));
#10214=CARTESIAN_POINT('',(-16.6799578268965,63.9491353309452,-115.351997003873));
#10215=CARTESIAN_POINT('',(-12.2004746094885,54.9621727568163,-64.3843995436314));
#10216=CARTESIAN_POINT('',(-11.0648833678531,61.3765051211723,-100.761886066589));
#10217=CARTESIAN_POINT('',(-6.833275775675,61.3765335727524,-100.762047423517));
#10218=CARTESIAN_POINT('',(-10.0648446490104,61.2028636672221,-99.7771164456693));
#10219=CARTESIAN_POINT('Origin',(-11.0648446482609,61.2028569436355,-99.7770783143148));
#10220=CARTESIAN_POINT('',(-10.0645348922751,59.813678246928,-91.8986544274773));
#10221=CARTESIAN_POINT('',(-10.0636849219476,56.001763115305,-70.280209443578));
#10222=CARTESIAN_POINT('',(-11.0644961719337,59.6400233458046,-90.9138085438491));
#10223=CARTESIAN_POINT('Origin',(-11.0645348915256,59.8136715233414,-91.8986162961229));
#10224=CARTESIAN_POINT('',(-12.2004746094885,59.6400157079553,-90.9137652274528));
#10225=CARTESIAN_POINT('',(-7.67353141266458,59.6400461452498,-90.9139378459279));
#10226=CARTESIAN_POINT('',(-12.2004746094885,57.9002339058328,-81.0469723229741));
#10227=CARTESIAN_POINT('',(-12.2004746094885,54.9621727568163,-64.3843995436314));
#10228=CARTESIAN_POINT('',(-2.18353890485478,57.9003012555676,-81.0473542823004));
#10229=CARTESIAN_POINT('',(10.8856774685827,59.6401709296976,-90.9146455336981));
#10230=CARTESIAN_POINT('',(-11.4179750499708,59.6400209691588,-90.9137950652206));
#10231=CARTESIAN_POINT('',(9.8856387497403,59.8138123836478,-91.8994151546178));
#10232=CARTESIAN_POINT('Origin',(10.8856387489908,59.8138191072344,-91.899453285972));
#10233=CARTESIAN_POINT('',(9.88532899300505,61.2029978039419,-99.7778771728097));
#10234=CARTESIAN_POINT('',(9.88648872006788,56.0018972520248,-70.2809701707187));
#10235=CARTESIAN_POINT('',(10.8852902726633,61.3766527050653,-100.762723056438));
#10236=CARTESIAN_POINT('Origin',(10.8853289922552,61.2030045275285,-99.7779153041641));
#10237=CARTESIAN_POINT('',(-16.3341838363911,61.3764696925744,-100.761685141026));
#10238=CARTESIAN_POINT('',(3.40992495130169,62.6256020108038,-107.845866547698));
#10239=CARTESIAN_POINT('Origin',(-0.0900750460747091,62.6255784782508,-107.845733087957));
#10240=CARTESIAN_POINT('Origin',(-21.2973037147896,65.4280410944005,-151.259115974141));
#10241=CARTESIAN_POINT('',(-22.29730371404,62.9315892330213,-151.699268476438));
#10242=CARTESIAN_POINT('',(-21.4802958037138,63.1023119781249,-152.667485276937));
#10243=CARTESIAN_POINT('Origin',(-21.2973037147896,62.9315959566081,-151.699306607792));
#10244=CARTESIAN_POINT('',(-22.2973037140402,58.9539504856872,-152.400633507104));
#10245=CARTESIAN_POINT('',(-22.29730371404,65.4280343708139,-151.259077842786));
#10246=CARTESIAN_POINT('',(-21.2973424343816,59.1276053868105,-153.385479390732));
#10247=CARTESIAN_POINT('Origin',(-21.2973037147896,58.9539572092738,-152.400671638458));
#10248=CARTESIAN_POINT('',(-21.2973424343816,63.1055610162536,-152.6840584852));
#10249=CARTESIAN_POINT('',(-21.2973424343816,65.6016892719372,-152.243923726415));
#10250=CARTESIAN_POINT('',(-21.4802958037138,63.1026288602336,-152.667429402072));
#10251=CARTESIAN_POINT('Origin',(-21.2973037147896,62.9319128387178,-151.699250732926));
#10252=CARTESIAN_POINT('',(-21.4802958037138,65.5987571159173,-152.227294643286));
#10253=CARTESIAN_POINT('Origin',(-22.2957844346925,53.9080744613828,-113.447048235814));
#10254=CARTESIAN_POINT('',(-22.2967674560252,60.5265993467322,-138.05989305796));
#10255=CARTESIAN_POINT('',(-22.2956446182641,55.4909385562191,-109.501241566963));
#10256=CARTESIAN_POINT('',(-22.2967674560252,56.5489605993979,-138.761258088627));
#10257=CARTESIAN_POINT('',(-22.2967674560252,57.4328262978047,-138.605408718675));
#10258=CARTESIAN_POINT('',(-22.2956446182642,51.513299808885,-110.20260659763));
#10259=CARTESIAN_POINT('Origin',(20.3815579874384,54.8641820105441,-105.946728564149));
#10260=CARTESIAN_POINT('',(-21.4796834135746,60.3558875885875,-137.091738567599));
#10261=CARTESIAN_POINT('',(-21.4784588254472,54.8639005610967,-105.945132385014));
#10262=CARTESIAN_POINT('Origin',(-21.2967674567748,60.5266060703186,-138.059931189314));
#10263=CARTESIAN_POINT('Origin',(21.1138050516844,65.4283262491624,-151.260733167157));
#10264=CARTESIAN_POINT('',(21.1137663320925,63.1058461710165,-152.685675678217));
#10265=CARTESIAN_POINT('',(21.2967210084841,63.1029164752109,-152.669060547658));
#10266=CARTESIAN_POINT('Origin',(21.1138050516844,62.9321979934797,-151.700867925943));
#10267=CARTESIAN_POINT('',(21.1137663320925,59.1278905415724,-153.387096583749));
#10268=CARTESIAN_POINT('',(21.1137663320925,65.6019744266992,-152.245540919431));
#10269=CARTESIAN_POINT('',(22.1138050509347,58.9542490876223,-152.40232696283));
#10270=CARTESIAN_POINT('Origin',(21.1138050516844,58.9542423640357,-152.402288831475));
#10271=CARTESIAN_POINT('',(22.113805050935,62.9318878349566,-151.700961932163));
#10272=CARTESIAN_POINT('',(22.1138050509348,65.428332972749,-151.260771298512));
#10273=CARTESIAN_POINT('',(21.2967210084841,63.1025995931012,-152.669116422524));
#10274=CARTESIAN_POINT('Origin',(21.1138050516844,62.9318811113701,-151.700923800809));
#10275=CARTESIAN_POINT('',(21.2967210084841,65.5990447308936,-152.228925788873));
#10276=CARTESIAN_POINT('Origin',(-0.0347320861221689,70.3081849541698,-151.41487753306));
#10277=CARTESIAN_POINT('',(18.9033245778099,63.1058313089199,-152.685591391079));
#10278=CARTESIAN_POINT('',(9.40629624586489,63.1057674548274,-152.685229256527));
#10279=CARTESIAN_POINT('',(18.9033245778099,59.1278756794759,-153.387012296611));
#10280=CARTESIAN_POINT('',(18.9033245778099,65.5911260557001,-152.247366872209));
#10281=CARTESIAN_POINT('',(-8.81326006207459,59.1276893246193,-153.385955425701));
#10282=CARTESIAN_POINT('Origin',(18.8491622096484,54.864488589458,-105.946614256956));
#10283=CARTESIAN_POINT('',(21.2989665553479,53.0321718972163,-95.5550299124634));
#10284=CARTESIAN_POINT('',(21.2985579867509,54.8645050581827,-105.946707655735));
#10285=CARTESIAN_POINT('',(21.3066715994171,52.4389297489236,-92.1905865022209));
#10286=CARTESIAN_POINT('',(21.2612718701362,55.9344364181682,-112.01458992586));
#10287=CARTESIAN_POINT('',(18.4866787714813,52.4378253357155,-92.1843230636726));
#10288=CARTESIAN_POINT('',(19.6351758505184,52.4382751295345,-92.1868739711807));
#10289=CARTESIAN_POINT('',(18.4866774628849,52.4379260897911,-92.1848944684296));
#10290=CARTESIAN_POINT('',(18.4412790422007,55.9333320049601,-112.008326487311));
#10291=CARTESIAN_POINT('',(17.4844583797707,52.4379193512843,-92.1848562524585));
#10292=CARTESIAN_POINT('',(7.50792514416954,52.4378522731991,-92.1844758337345));
#10293=CARTESIAN_POINT('',(18.4844171168936,52.6119591647105,-93.171885082232));
#10294=CARTESIAN_POINT('Origin',(17.4844196601788,52.6115675288211,-93.1696640047326));
#10295=CARTESIAN_POINT('',(18.4641239954777,54.1744077161219,-102.03297114594));
#10296=CARTESIAN_POINT('',(18.4412790422007,55.9333320049601,-112.008326487311));
#10297=CARTESIAN_POINT('',(18.914125100662,54.1744107417433,-102.032988305091));
#10298=CARTESIAN_POINT('',(2.59171635774916,54.1743009966146,-102.03236590954));
#10299=CARTESIAN_POINT('',(18.9051622072034,54.8644997435322,-105.946677514855));
#10300=CARTESIAN_POINT('',(18.8912778977223,55.9335082411103,-112.009325972186));
#10301=CARTESIAN_POINT('',(18.9051622096065,54.8644889659789,-105.946616392312));
#10302=CARTESIAN_POINT('Origin',(-21.4784588254472,54.8642174432063,-105.945076510149));
#10303=CARTESIAN_POINT('',(-21.4780502568502,53.0318842822399,-95.5533987668772));
#10304=CARTESIAN_POINT('',(-21.4784588254472,54.8642174432054,-105.945076510149));
#10305=CARTESIAN_POINT('',(-21.4780502568502,53.0315674001303,-95.5534546417428));
#10306=CARTESIAN_POINT('',(-21.4780502568502,49.4486042567969,-96.1852277147992));
#10307=CARTESIAN_POINT('',(-21.4784031852986,54.6143677040437,-104.529961229412));
#10308=CARTESIAN_POINT('',(-21.478431005373,54.7391341325702,-105.237546807213));
#10309=CARTESIAN_POINT('',(-21.4790768067644,57.6354000568192,-121.663087088185));
#10310=CARTESIAN_POINT('',(-21.4784588254472,54.8639005610967,-105.945132385014));
#10311=CARTESIAN_POINT('',(-21.4784588254472,54.8639005610967,-105.945132385014));
#10312=CARTESIAN_POINT('Origin',(21.2985579867509,54.8645050581826,-105.946707655735));
#10313=CARTESIAN_POINT('',(21.2973333986232,60.3561752035638,-137.093369713185));
#10314=CARTESIAN_POINT('',(21.2985579867509,54.864188176073,-105.946763530601));
#10315=CARTESIAN_POINT('',(21.2979394679288,57.6380982537184,-121.678389323205));
#10316=CARTESIAN_POINT('',(21.2985579867509,54.864188176073,-105.946763530601));
#10317=CARTESIAN_POINT('',(21.2986144883024,54.6107921326263,-104.509683156238));
#10318=CARTESIAN_POINT('',(21.2985579867509,54.864188176073,-105.946763530601));
#10319=CARTESIAN_POINT('',(21.2989665553479,53.0318550151066,-95.5550857873291));
#10320=CARTESIAN_POINT('',(21.2985858068253,54.7394217475465,-105.2391779528));
#10321=CARTESIAN_POINT('',(21.2989665553479,49.4488918717732,-96.1868588603855));
#10322=CARTESIAN_POINT('Origin',(22.1153243302825,53.9083730633179,-113.44874169154));
#10323=CARTESIAN_POINT('',(22.1143413089498,56.5492592013329,-138.762951544352));
#10324=CARTESIAN_POINT('',(22.1154641467109,51.5135984108201,-110.204300053355));
#10325=CARTESIAN_POINT('',(22.1143413089498,60.5268979486672,-138.061586513686));
#10326=CARTESIAN_POINT('',(22.1143413089498,57.4331248997397,-138.6071021744));
#10327=CARTESIAN_POINT('',(22.1154641467112,55.4912371581544,-109.502935022689));
#10328=CARTESIAN_POINT('Origin',(-17.5899504062304,50.8862879584854,-106.646645689773));
#10329=CARTESIAN_POINT('',(-30.6980854915892,53.4840511468847,-121.379292831814));
#10330=CARTESIAN_POINT('',(-30.6996788721625,60.6025095078304,-161.750074955937));
#10331=CARTESIAN_POINT('',(-30.6993806259038,59.2924213097156,-154.320195575873));
#10332=CARTESIAN_POINT('',(-18.1986743772859,60.6039833893689,-161.75843375351));
#10333=CARTESIAN_POINT('',(-18.1986743772859,60.6039833893689,-161.75843375351));
#10334=CARTESIAN_POINT('',(-18.1984948687085,59.7989300367754,-157.192749311125));
#10335=CARTESIAN_POINT('',(-18.1986743772859,60.6039833893689,-161.75843375351));
#10336=CARTESIAN_POINT('',(18.0146193955758,59.7991735187847,-157.194130166217));
#10337=CARTESIAN_POINT('',(-8.84193772999371,59.7989926518748,-157.193105781014));
#10338=CARTESIAN_POINT('',(18.0144398869984,60.6042268713781,-161.759814608603));
#10339=CARTESIAN_POINT('',(18.0144398869984,60.6042268713781,-161.759814608603));
#10340=CARTESIAN_POINT('',(30.515445001676,60.602921093016,-161.752409171517));
#10341=CARTESIAN_POINT('',(18.0144398869984,60.6042268713781,-161.759814608603));
#10342=CARTESIAN_POINT('',(30.5170261294421,53.4844627319879,-121.381627046927));
#10343=CARTESIAN_POINT('',(30.5157309951272,59.2928328948188,-154.322529790986));
#10344=CARTESIAN_POINT('',(29.5169874105997,53.6581044188561,-122.366396626777));
#10345=CARTESIAN_POINT('Origin',(29.5170261301916,53.4844560084013,-121.381588915573));
#10346=CARTESIAN_POINT('',(21.46398598231,53.6580502738037,-122.366089554926));
#10347=CARTESIAN_POINT('',(21.77098598208,53.6580523379448,-122.366101261252));
#10348=CARTESIAN_POINT('',(20.4639472634679,53.8316914948359,-123.350859216916));
#10349=CARTESIAN_POINT('Origin',(21.4639472627183,53.8316982184225,-123.35089734827));
#10350=CARTESIAN_POINT('',(20.4633993895751,56.2887758343863,-137.285676961075));
#10351=CARTESIAN_POINT('',(20.4641822049902,52.778034543365,-117.375273703925));
#10352=CARTESIAN_POINT('',(20.9633800294045,56.375603284948,-137.778099902889));
#10353=CARTESIAN_POINT('Origin',(20.9633993892006,56.2887791961795,-137.285696026752));
#10354=CARTESIAN_POINT('',(21.1143800292913,56.3756043002095,-137.778105660723));
#10355=CARTESIAN_POINT('',(19.5396028309056,56.3755937120587,-137.778045612336));
#10356=CARTESIAN_POINT('Origin',(21.1143413096996,56.5492524777462,-138.762913412998));
#10357=CARTESIAN_POINT('',(18.9051622072034,50.8865441140882,-106.648098420386));
#10358=CARTESIAN_POINT('',(18.9051622096065,50.8865333365349,-106.648037297845));
#10359=CARTESIAN_POINT('',(18.914125100662,50.1964551122994,-102.734409210623));
#10360=CARTESIAN_POINT('',(18.8911868138194,51.9625655255167,-112.75051908854));
#10361=CARTESIAN_POINT('',(10.8852902726633,50.1964011297333,-102.734103060277));
#10362=CARTESIAN_POINT('',(-15.6278399501901,50.1962228664066,-102.733092078714));
#10363=CARTESIAN_POINT('',(9.88532899300505,50.0227462286099,-101.749257176649));
#10364=CARTESIAN_POINT('Origin',(10.8853289922552,50.0227529521965,-101.749295308003));
#10365=CARTESIAN_POINT('',(9.8856387497403,48.6335608083158,-93.8707951584571));
#10366=CARTESIAN_POINT('',(9.88540693549592,49.6731926601948,-99.7668403791137));
#10367=CARTESIAN_POINT('',(10.8856774685827,48.4599193543656,-92.8860255375375));
#10368=CARTESIAN_POINT('Origin',(10.8856387489908,48.6335675319024,-93.8708332898115));
#10369=CARTESIAN_POINT('',(7.62835353901576,48.4598974534661,-92.8859013313645));
#10370=CARTESIAN_POINT('',(6.78836882311284,48.4598918057562,-92.8858693016096));
#10371=CARTESIAN_POINT('',(6.98308816922772,48.653954931041,-93.9864559758955));
#10372=CARTESIAN_POINT('',(4.85335670682669,49.2944515931216,-97.6188930510788));
#10373=CARTESIAN_POINT('',(4.38501195982209,48.6539374626506,-93.9863569077303));
#10374=CARTESIAN_POINT('Origin',(5.68407910421907,48.5237100636932,-93.2478006276074));
#10375=CARTESIAN_POINT('',(2.79740519961901,48.1763937545688,-91.2780751433705));
#10376=CARTESIAN_POINT('',(3.51904463607493,48.3934588288205,-92.5091123526478));
#10377=CARTESIAN_POINT('',(-2.976097487952,48.1763549359236,-91.2778549918936));
#10378=CARTESIAN_POINT('',(1.35402952772463,48.1763840499074,-91.2780201055003));
#10379=CARTESIAN_POINT('',(-4.56391720591061,48.6538772937505,-93.9860156729412));
#10380=CARTESIAN_POINT('',(-3.69783372338762,48.393410305514,-92.5088371633016));
#10381=CARTESIAN_POINT('',(-7.16199341531624,48.6538598253602,-93.9859166047772));
#10382=CARTESIAN_POINT('Origin',(-5.86292627091954,48.5236324264027,-93.2473603246538));
#10383=CARTESIAN_POINT('',(-7.80717224236671,48.4597936713721,-92.8853127538613));
#10384=CARTESIAN_POINT('',(-5.03254759166058,49.2943851243881,-97.618516088159));
#10385=CARTESIAN_POINT('',(-11.0644961719337,48.4597717704726,-92.8851885476882));
#10386=CARTESIAN_POINT('',(-6.9671875264638,48.459799319082,-92.8853447836161));
#10387=CARTESIAN_POINT('',(-10.0645348922751,48.633426671596,-93.8700344313167));
#10388=CARTESIAN_POINT('Origin',(-11.0645348915256,48.6334199480094,-93.8699962999622));
#10389=CARTESIAN_POINT('',(-10.0648446490104,50.0226120918901,-101.748496449509));
#10390=CARTESIAN_POINT('',(-10.0647667065195,49.6730585234749,-99.7660796519732));
#10391=CARTESIAN_POINT('',(-11.0648833678531,50.1962535458403,-102.733266070428));
#10392=CARTESIAN_POINT('Origin',(-11.0648446482609,50.0226053683035,-101.748458318154));
#10393=CARTESIAN_POINT('',(-18.8437175818601,50.196201244175,-102.732969452945));
#10394=CARTESIAN_POINT('',(-15.6278399501901,50.1962228664066,-102.733092078714));
#10395=CARTESIAN_POINT('',(-18.8350630401647,50.8862422503284,-106.646386465933));
#10396=CARTESIAN_POINT('',(-18.8216525895897,51.9554797828456,-112.710333844951));
#10397=CARTESIAN_POINT('',(-18.8369006802864,59.1276219298037,-153.385573210709));
#10398=CARTESIAN_POINT('',(-18.83506304849,50.8862795868627,-106.646598211942));
#10399=CARTESIAN_POINT('',(-8.81326006207459,59.1276893246193,-153.385955425701));
#10400=CARTESIAN_POINT('',(-21.2967287371828,56.3753191454477,-137.776488467707));
#10401=CARTESIAN_POINT('Origin',(-21.2967674567748,56.5489673229843,-138.761296219981));
#10402=CARTESIAN_POINT('',(-20.8957287374836,56.3753218416059,-137.77650375838));
#10403=CARTESIAN_POINT('',(-19.7219515387971,56.3753297335985,-137.776548516094));
#10404=CARTESIAN_POINT('',(-20.3957093780625,56.2885011146308,-137.28411894792));
#10405=CARTESIAN_POINT('Origin',(-20.8957093776874,56.2884977528373,-137.284099882243));
#10406=CARTESIAN_POINT('',(-20.39516150417,53.8314167750804,-123.349301203761));
#10407=CARTESIAN_POINT('',(-20.3949265626474,52.7777598236095,-117.37371569077));
#10408=CARTESIAN_POINT('',(-21.395122783828,53.657762106875,-122.364455279062));
#10409=CARTESIAN_POINT('Origin',(-21.3951615034202,53.8314100514938,-123.349263072406));
#10410=CARTESIAN_POINT('',(-29.6981242119304,53.657706280926,-122.364138674373));
#10411=CARTESIAN_POINT('',(-21.9521227834108,53.6577583618373,-122.364434039898));
#10412=CARTESIAN_POINT('Origin',(-29.6980854923388,53.4840578704713,-121.379330963169));
#10413=CARTESIAN_POINT('',(2.79529684400924,57.6318686676745,-144.902734928562));
#10414=CARTESIAN_POINT('',(5.68185458983375,58.500128964681,-149.82688376567));
#10415=CARTESIAN_POINT('',(-8.16260130557058,54.3357946793115,-126.209770442243));
#10416=CARTESIAN_POINT('',(2.7949096480901,59.3683504430422,-154.750812451302));
#10417=CARTESIAN_POINT('',(12.2659292025034,56.5200305876058,-138.597187838709));
#10418=CARTESIAN_POINT('',(-2.97859303947835,59.368311624397,-154.750592299825));
#10419=CARTESIAN_POINT('',(-7.39846601724341,59.3682819069983,-154.750423764082));
#10420=CARTESIAN_POINT('',(-5.86515078530315,58.5000513273905,-149.826443462717));
#10421=CARTESIAN_POINT('',(-15.3797700619709,55.6381074875307,-133.595553394952));
#10422=CARTESIAN_POINT('',(-2.97820584355922,57.6318298490293,-144.902514777085));
#10423=CARTESIAN_POINT('',(2.16239629823857,56.0858422111349,-136.13478319294));
#10424=CARTESIAN_POINT('',(-10.2848301651082,57.6317807223081,-144.902236165604));
#10425=CARTESIAN_POINT('',(14.9509130228145,52.7688819825248,-117.323366952029));
#10426=CARTESIAN_POINT('',(14.9509130324494,57.2837346691434,-142.928368911901));
#10427=CARTESIAN_POINT('',(14.9509130208056,51.827584969433,-111.985006314821));
#10428=CARTESIAN_POINT('',(-14.359441059394,57.2837346710296,-142.928368922598));
#10429=CARTESIAN_POINT('',(-1.31951868006386,57.2837346701904,-142.928368917839));
#10430=CARTESIAN_POINT('',(-14.359441069029,52.768881984411,-117.323366962726));
#10431=CARTESIAN_POINT('',(-14.3594410662203,54.0850113146266,-124.787507305444));
#10432=CARTESIAN_POINT('',(-15.9746957356208,52.7688819845149,-117.323366963315));
#10433=CARTESIAN_POINT('',(-8.24009254840352,51.1416306698308,-108.094766166398));
#10434=CARTESIAN_POINT('Origin',(-12.608329238137,51.1416012996132,-108.094599599617));
#10435=CARTESIAN_POINT('',(16.907685375022,51.141799753093,-108.095725085229));
#10436=CARTESIAN_POINT('Origin',(12.5394486852889,51.1417703828754,-108.095558518448));
#10437=CARTESIAN_POINT('',(5.68342764149403,51.4453657215642,-109.817333243275));
#10438=CARTESIAN_POINT('',(2.79648269974896,52.3135871999253,-114.741261928906));
#10439=CARTESIAN_POINT('',(3.47096029695958,52.1107444203128,-113.590883360649));
#10440=CARTESIAN_POINT('',(-2.97701998781751,52.3135483812801,-114.741041777429));
#10441=CARTESIAN_POINT('',(-7.39689296558399,52.3135186638815,-114.740873241686));
#10442=CARTESIAN_POINT('',(-5.86357773364316,51.4452880842738,-109.816892940321));
#10443=CARTESIAN_POINT('',(-6.58283484185521,51.2289396009278,-108.589919720019));
#10444=CARTESIAN_POINT('',(-2.97663279190065,50.5770666059124,-104.892964254689));
#10445=CARTESIAN_POINT('',(-6.63257260730266,51.6765560438414,-111.128478714877));
#10446=CARTESIAN_POINT('',(2.79686989567036,50.5771054245576,-104.893184406166));
#10447=CARTESIAN_POINT('',(-10.2832571134491,50.5770174791912,-104.892685643208));
#10448=CARTESIAN_POINT('',(0.634333914548755,49.9266267927089,-101.204136767312));
#10449=CARTESIAN_POINT('Origin',(-17.4853688791558,59.8138634747092,-91.8997049064251));
#10450=CARTESIAN_POINT('',(-17.4854075987477,61.3771231378575,-90.6086334388341));
#10451=CARTESIAN_POINT('Ctrl Pts',(-17.4854075987478,61.3771231378574,-90.6086334388341));
#10452=CARTESIAN_POINT('Ctrl Pts',(-17.6188713127453,61.475845127784,-90.5912313358009));
#10453=CARTESIAN_POINT('Ctrl Pts',(-17.7593300658052,61.5909890671938,-90.5993037226359));
#10454=CARTESIAN_POINT('Ctrl Pts',(-18.0177703523166,61.8263645670165,-90.6734180338557));
#10455=CARTESIAN_POINT('Ctrl Pts',(-18.1359129234065,61.9464914370103,-90.7392305447682));
#10456=CARTESIAN_POINT('Ctrl Pts',(-18.2580821403594,62.0833607991019,-90.8535932475873));
#10457=CARTESIAN_POINT('Ctrl Pts',(-18.2852983405058,62.1148829835444,-90.882899172224));
#10458=CARTESIAN_POINT('Ctrl Pts',(-18.3107878053129,62.1455751953079,-90.9153318990417));
#10459=CARTESIAN_POINT('',(-17.4854075987477,59.6402152971724,-90.9148971541509));
#10460=CARTESIAN_POINT('',(-17.4854075987477,59.6402152971724,-90.9148971541509));
#10461=CARTESIAN_POINT('',(-18.4853663358709,59.8142551105986,-91.9019259839244));
#10462=CARTESIAN_POINT('Origin',(-17.4853688791558,59.8138634747092,-91.8997049064251));
#10463=CARTESIAN_POINT('',(-18.4853663358709,59.8142551105986,-91.9019259839244));
#10464=CARTESIAN_POINT('Origin',(-18.4650732144548,61.3767036620101,-100.763012047632));
#10465=CARTESIAN_POINT('',(-18.4650732144548,61.3767036620101,-100.763012047632));
#10466=CARTESIAN_POINT('',(-18.4853663358709,59.8142551105986,-91.9019259839244));
#10467=CARTESIAN_POINT('',(-18.4650732144548,61.3767036620101,-100.763012047632));
#10468=CARTESIAN_POINT('Origin',(-10.8862394916406,61.3766527050653,-100.762723056438));
#10469=CARTESIAN_POINT('',(-17.8363276461593,61.3764595927804,-100.761627862248));
#10470=CARTESIAN_POINT('',(-18.9150743196393,61.3767066876315,-100.763029206784));
#10471=CARTESIAN_POINT('',(-6.833275775675,61.3765335727524,-100.762047423517));
#10472=CARTESIAN_POINT('',(-17.5705124088362,61.3769679472408,-100.762930275654));
#10473=CARTESIAN_POINT('',(-5.49097106914108,61.3768867293986,-100.762469666383));
#10474=CARTESIAN_POINT('',(-17.5705124088362,61.3768327972969,-100.762954106236));
#10475=CARTESIAN_POINT('Origin',(-0.000474609488527733,60.5084372958538,
-95.8388287906652));
#10476=CARTESIAN_POINT('',(16.6436902354362,59.640209644195,-90.9148650945229));
#10477=CARTESIAN_POINT('',(17.6648719413796,59.8140118364647,-91.9005463057826));
#10478=CARTESIAN_POINT('Ctrl Pts',(16.6436902354398,59.6402096441951,-90.9148650945233));
#10479=CARTESIAN_POINT('Ctrl Pts',(16.6885798788523,59.6402099460145,-90.9148668062262));
#10480=CARTESIAN_POINT('Ctrl Pts',(16.733333394622,59.6407354721211,-90.9179289643299));
#10481=CARTESIAN_POINT('Ctrl Pts',(16.7777033383702,59.6417650303454,-90.9238756398388));
#10482=CARTESIAN_POINT('Ctrl Pts',(16.8037018404601,59.642368298445,-90.9273600854473));
#10483=CARTESIAN_POINT('Ctrl Pts',(16.8295686835438,59.6431447273662,-90.9318359274008));
#10484=CARTESIAN_POINT('Ctrl Pts',(16.8552529930411,59.6440905736565,-90.9372759266299));
#10485=CARTESIAN_POINT('Ctrl Pts',(16.8996424447247,59.6457252525333,-90.9466777204748));
#10486=CARTESIAN_POINT('Ctrl Pts',(16.9433552350229,59.6478610306078,-90.9589284905382));
#10487=CARTESIAN_POINT('Ctrl Pts',(16.9861291368806,59.6504791233442,-90.9738759399301));
#10488=CARTESIAN_POINT('Ctrl Pts',(17.0102825766384,59.6519575001684,-90.9823164212222));
#10489=CARTESIAN_POINT('Ctrl Pts',(17.0341364533892,59.6535897118545,-90.9916177152563));
#10490=CARTESIAN_POINT('Ctrl Pts',(17.0576408580845,59.6553723782138,-91.0017592117798));
#10491=CARTESIAN_POINT('Ctrl Pts',(17.0992060493702,59.6585248455569,-91.0196934351047));
#10492=CARTESIAN_POINT('Ctrl Pts',(17.1394926200729,59.662132131031,-91.040171888643));
#10493=CARTESIAN_POINT('Ctrl Pts',(17.1782402240567,59.6661723653054,-91.0630473953356));
#10494=CARTESIAN_POINT('Ctrl Pts',(17.2161682660157,59.6701271433904,-91.0854390554247));
#10495=CARTESIAN_POINT('Ctrl Pts',(17.2526226251416,59.6744969945129,-91.110128055578));
#10496=CARTESIAN_POINT('Ctrl Pts',(17.2873341880582,59.6792602617809,-91.137018011741));
#10497=CARTESIAN_POINT('Ctrl Pts',(17.3203067820765,59.683784900392,-91.1625608433867));
#10498=CARTESIAN_POINT('Ctrl Pts',(17.3517073461205,59.6886646895188,-91.1900902435651));
#10499=CARTESIAN_POINT('Ctrl Pts',(17.381272872608,59.6938771346055,-91.2195525669785));
#10500=CARTESIAN_POINT('Ctrl Pts',(17.4025603250209,59.6976301432585,-91.2407657122241));
#10501=CARTESIAN_POINT('Ctrl Pts',(17.4228038788733,59.7015407488946,-91.2628901368539));
#10502=CARTESIAN_POINT('Ctrl Pts',(17.441920821797,59.7055968706446,-91.2858908206999));
#10503=CARTESIAN_POINT('Ctrl Pts',(17.4699671257888,59.7115475722856,-91.3196349278901));
#10504=CARTESIAN_POINT('Ctrl Pts',(17.495590771881,59.7178116342713,-91.3552639884246));
#10505=CARTESIAN_POINT('Ctrl Pts',(17.5187025866389,59.7243561061194,-91.3924844859259));
#10506=CARTESIAN_POINT('Ctrl Pts',(17.5418547460691,59.7309120021924,-91.4297699566364));
#10507=CARTESIAN_POINT('Ctrl Pts',(17.5624867135788,59.7377495262053,-91.4686535254556));
#10508=CARTESIAN_POINT('Ctrl Pts',(17.5804620849965,59.7448310409455,-91.5088609539966));
#10509=CARTESIAN_POINT('Ctrl Pts',(17.5842401942462,59.7463194517115,-91.5173118535162));
#10510=CARTESIAN_POINT('Ctrl Pts',(17.5879007665841,59.7478186180636,-91.5258212762762));
#10511=CARTESIAN_POINT('Ctrl Pts',(17.5914422455961,59.7493281499236,-91.5343867214595));
#10512=CARTESIAN_POINT('Ctrl Pts',(17.6082852652976,59.7565073749795,-91.5751233632648));
#10513=CARTESIAN_POINT('Ctrl Pts',(17.6223182518821,59.7638730189301,-91.6168359340066));
#10514=CARTESIAN_POINT('Ctrl Pts',(17.6334652097997,59.7713657384524,-91.6592259349733));
#10515=CARTESIAN_POINT('Ctrl Pts',(17.6444402872064,59.7787429239904,-91.7009623033456));
#10516=CARTESIAN_POINT('Ctrl Pts',(17.6526178892679,59.7862435278034,-91.7433564955528));
#10517=CARTESIAN_POINT('Ctrl Pts',(17.6578786387992,59.7938078489347,-91.7861384575074));
#10518=CARTESIAN_POINT('Ctrl Pts',(17.6625382970627,59.8005078735713,-91.8240321685389));
#10519=CARTESIAN_POINT('Ctrl Pts',(17.6649091052127,59.8072579461202,-91.8622307879335));
#10520=CARTESIAN_POINT('Ctrl Pts',(17.6648741317108,59.8140123947884,-91.9005462072313));
#10521=CARTESIAN_POINT('',(17.4844583797707,59.6402152971724,-90.9148971541509));
#10522=CARTESIAN_POINT('',(17.4844583797707,59.6402152971724,-90.9148971541509));
#10523=CARTESIAN_POINT('',(18.4844171168936,59.8142551105986,-91.9019259839244));
#10524=CARTESIAN_POINT('Origin',(17.4844196601785,59.8138634747092,-91.8997049064251));
#10525=CARTESIAN_POINT('',(18.4641239954777,61.3767036620101,-100.763012047632));
#10526=CARTESIAN_POINT('',(18.4844171168936,59.8142551105986,-91.9019259839244));
#10527=CARTESIAN_POINT('',(17.6567345509698,61.3766982334572,-100.762981260779));
#10528=CARTESIAN_POINT('',(18.914125100662,61.3767066876315,-100.763029206784));
#10529=CARTESIAN_POINT('Ctrl Pts',(17.6648719413796,59.8140118364647,-91.9005463057826));
#10530=CARTESIAN_POINT('Ctrl Pts',(17.6635138131931,60.0744250782154,-93.3774231893115));
#10531=CARTESIAN_POINT('Ctrl Pts',(17.6621567103956,60.3348383197906,-94.8543000738138));
#10532=CARTESIAN_POINT('Ctrl Pts',(17.659444233505,60.8557337855654,-97.8084450587835));
#10533=CARTESIAN_POINT('Ctrl Pts',(17.6580888601105,61.1162160094275,-99.2857131593061));
#10534=CARTESIAN_POINT('Ctrl Pts',(17.6567345509698,61.3766982334572,-100.762981260779));
#10535=CARTESIAN_POINT('Origin',(-17.4854075987477,59.6402152971724,-90.9148971541509));
#10536=CARTESIAN_POINT('',(-16.6890005163612,60.8522887810033,-90.7011445840922));
#10537=CARTESIAN_POINT('Origin',(-12.2004746094885,68.3064879899753,-89.3865916690296));
#10538=CARTESIAN_POINT('',(-16.874617669042,59.6402111904734,-90.9148738639037));
#10539=CARTESIAN_POINT('Ctrl Pts',(-16.8747232719237,59.640238477247,-90.9149127198805));
#10540=CARTESIAN_POINT('Ctrl Pts',(-16.8148533151761,59.9351587628462,-90.8629077951187));
#10541=CARTESIAN_POINT('Ctrl Pts',(-16.7654668648613,60.232010351293,-90.8105627771918));
#10542=CARTESIAN_POINT('Ctrl Pts',(-16.7266900167872,60.5302571149269,-90.7579722254496));
#10543=CARTESIAN_POINT('Ctrl Pts',(-16.712755617057,60.6374316231489,-90.7390738929031));
#10544=CARTESIAN_POINT('Ctrl Pts',(-16.7001917289468,60.744786377797,-90.7201438391761));
#10545=CARTESIAN_POINT('Ctrl Pts',(-16.6890058369868,60.8522967095567,-90.7011864154018));
#10546=CARTESIAN_POINT('',(-17.4854075987477,59.6402152971724,-90.9148971541509));
#10547=CARTESIAN_POINT('Origin',(18.4844171168936,59.8142551105986,-91.9019259839244));
#10548=CARTESIAN_POINT('',(18.4641239954777,63.9567084090129,-100.30808760038));
#10549=CARTESIAN_POINT('',(18.4844171168936,62.4145843638955,-91.4434177778427));
#10550=CARTESIAN_POINT('Ctrl Pts',(18.4641239954777,63.9567084090129,-100.30808760038));
#10551=CARTESIAN_POINT('Ctrl Pts',(18.4742875278783,63.1843232368596,-95.8683448176184));
#10552=CARTESIAN_POINT('Ctrl Pts',(18.4844171168936,62.4145843638955,-91.4434177778427));
#10553=CARTESIAN_POINT('',(18.4641239954777,61.3767036620101,-100.763012047632));
#10554=CARTESIAN_POINT('',(18.4844171168936,59.8142551105986,-91.9019259839244));
#10555=CARTESIAN_POINT('Origin',(17.4844196601785,59.8138634747092,-91.8997049064251));
#10556=CARTESIAN_POINT('Ctrl Pts',(18.4844171168935,62.4145843638953,-91.4434177778428));
#10557=CARTESIAN_POINT('Ctrl Pts',(18.4844188125591,62.4144555117048,-91.4426770571104));
#10558=CARTESIAN_POINT('Ctrl Pts',(18.4844196601787,62.4143258179435,-91.4419365466615));
#10559=CARTESIAN_POINT('Ctrl Pts',(18.4844196601787,62.4141952836189,-91.4411962497199));
#10560=CARTESIAN_POINT('Ctrl Pts',(18.4844196601787,62.3922984266211,-91.3170130027211));
#10561=CARTESIAN_POINT('Ctrl Pts',(18.4591769949284,62.3442372773402,-91.1941307689805));
#10562=CARTESIAN_POINT('Ctrl Pts',(18.3851018128108,62.2392746847025,-91.0242205450258));
#10563=CARTESIAN_POINT('Ctrl Pts',(18.3496025017039,62.1934554674227,-90.9659273985588));
#10564=CARTESIAN_POINT('Ctrl Pts',(18.3098385863355,62.1455751953074,-90.9153318990414));
#10565=CARTESIAN_POINT('',(17.4844583797707,59.6402152971724,-90.9148971541509));
#10566=CARTESIAN_POINT('Origin',(-17.5706967392054,62.2036458932594,-105.451253881589));
#10567=CARTESIAN_POINT('',(-17.5705805804299,61.6827013606492,-102.496830624767));
#10568=CARTESIAN_POINT('',(-17.5720810725099,68.4120521154166,-140.660875218111));
#10569=CARTESIAN_POINT('',(-17.5705805804299,61.6827013606492,-102.496830624767));
#10570=CARTESIAN_POINT('Origin',(-0.0927495972556258,74.62057587068,-175.871163118));
#10571=CARTESIAN_POINT('',(-12.2699770653654,62.2036815331072,-105.451456005209));
#10572=CARTESIAN_POINT('',(-12.2699770653677,54.9624430567041,-64.3843518824684));
#10573=CARTESIAN_POINT('',(-14.5706967414543,62.2036660640192,-105.451368275652));
#10574=CARTESIAN_POINT('',(-2.94277210209035,62.2037442453773,-105.451811664167));
#10575=CARTESIAN_POINT('Origin',(-14.5705805826785,61.682721531409,-102.49694501883));
#10576=CARTESIAN_POINT('Origin',(-12.200000283124,63.7041187331784,-63.2852585757914));
#10577=CARTESIAN_POINT('',(-14.5706967414543,62.5236661683188,-105.394943623435));
#10578=CARTESIAN_POINT('Ctrl Pts',(-14.5706967414543,62.5236661683188,-105.394943623435));
#10579=CARTESIAN_POINT('Ctrl Pts',(-14.9591020849849,62.630642133318,-105.376065603622));
#10580=CARTESIAN_POINT('Ctrl Pts',(-15.36346503587,62.7591290030924,-105.272809984765));
#10581=CARTESIAN_POINT('Ctrl Pts',(-16.0980823313131,63.022475496083,-104.913558768947));
#10582=CARTESIAN_POINT('Ctrl Pts',(-16.4289139581249,63.1565398231689,-104.658160184518));
#10583=CARTESIAN_POINT('Ctrl Pts',(-16.9485267284549,63.3700227442639,-104.092888750739));
#10584=CARTESIAN_POINT('Ctrl Pts',(-17.1776220577798,63.4661630430631,-103.74326410707));
#10585=CARTESIAN_POINT('Ctrl Pts',(-17.4272482233328,63.540295844202,-103.131457080637));
#10586=CARTESIAN_POINT('Ctrl Pts',(-17.4952982287308,63.5499237293784,-102.889294606888));
#10587=CARTESIAN_POINT('Ctrl Pts',(-17.5334059050416,63.5368722207769,-102.648085599871));
#10588=CARTESIAN_POINT('Origin',(-12.2004746094885,70.8697199270326,-103.923402353126));
#10589=CARTESIAN_POINT('',(-14.359441069027,64.2139965478995,-115.305295069652));
#10590=CARTESIAN_POINT('Origin',(-12.2004746094885,72.6154449299859,-113.823900824427));
#10591=CARTESIAN_POINT('',(-14.3594410593917,68.7288492321168,-140.910297029948));
#10592=CARTESIAN_POINT('',(-14.3594410642013,66.475287596459,-128.129713889245));
#10593=CARTESIAN_POINT('Origin',(-12.2004746094885,77.1302976166045,-139.428902784299));
#10594=CARTESIAN_POINT('',(-12.2699770653677,73.7613483595884,-170.998241755431));
#10595=CARTESIAN_POINT('Origin',(-12.2004746094885,82.4279374282482,-169.473311134957));
#10596=CARTESIAN_POINT('',(-19.0004746094886,76.7109185502056,-169.217227262939));
#10597=CARTESIAN_POINT('Ctrl Pts',(-19.0004746094885,76.7109185502056,-169.217227262939));
#10598=CARTESIAN_POINT('Ctrl Pts',(-18.8862036234545,76.5901652349979,-169.333520787939));
#10599=CARTESIAN_POINT('Ctrl Pts',(-18.7632952885119,76.466580301684,-169.4435437078));
#10600=CARTESIAN_POINT('Ctrl Pts',(-18.3283191973252,76.0537385209454,-169.785901289018));
#10601=CARTESIAN_POINT('Ctrl Pts',(-17.9831372067142,75.7674341110725,-169.980935377138));
#10602=CARTESIAN_POINT('Ctrl Pts',(-16.9240619241544,75.0030082298901,-170.445033012037));
#10603=CARTESIAN_POINT('Ctrl Pts',(-16.0425000801294,74.530370144038,-170.639897110014));
#10604=CARTESIAN_POINT('Ctrl Pts',(-14.173279543675,73.9129915998863,-170.889667215307));
#10605=CARTESIAN_POINT('Ctrl Pts',(-13.189415608704,73.7612090089336,-170.955631509491));
#10606=CARTESIAN_POINT('Ctrl Pts',(-12.2699770653677,73.7613483595884,-170.998241755431));
#10607=CARTESIAN_POINT('',(-19.0004746094886,61.3147149741028,-81.9010178306538));
#10608=CARTESIAN_POINT('',(-19.0004746094886,58.1276442393128,-63.8262415146042));
#10609=CARTESIAN_POINT('',(-12.2699770653711,57.9005037384148,-81.0469220115878));
#10610=CARTESIAN_POINT('Ctrl Pts',(-12.2699770653691,57.9005037384148,-81.0469220115877));
#10611=CARTESIAN_POINT('Ctrl Pts',(-12.8690172018486,57.9051592009413,-81.046077575533));
#10612=CARTESIAN_POINT('Ctrl Pts',(-13.4656867169076,57.9698829996818,-81.0337226354757));
#10613=CARTESIAN_POINT('Ctrl Pts',(-14.4763312959467,58.1851620964022,-81.0029529703814));
#10614=CARTESIAN_POINT('Ctrl Pts',(-14.8241717634085,58.2915318197318,-80.9886033954525));
#10615=CARTESIAN_POINT('Ctrl Pts',(-15.9562543440606,58.6866191823654,-80.9623487145235));
#10616=CARTESIAN_POINT('Ctrl Pts',(-16.7565350745682,59.1336376669996,-81.0136700131842));
#10617=CARTESIAN_POINT('Ctrl Pts',(-18.0689213831423,60.1824637284104,-81.3296239765422));
#10618=CARTESIAN_POINT('Ctrl Pts',(-18.5815689625118,60.7368798559672,-81.5607738658515));
#10619=CARTESIAN_POINT('Ctrl Pts',(-19.0004746094885,61.3147149741027,-81.901017830654));
#10620=CARTESIAN_POINT('Origin',(-12.2004746094885,66.5665421323403,-79.5188683595051));
#10621=CARTESIAN_POINT('',(-16.6408335724404,60.824139011836,-90.7047977593257));
#10622=CARTESIAN_POINT('Origin',(-12.2004746094885,68.3063239344627,-89.3856612639838));
#10623=CARTESIAN_POINT('Ctrl Pts',(-16.6890058369869,60.8522967095567,-90.7011864154018));
#10624=CARTESIAN_POINT('Ctrl Pts',(-16.6729920496742,60.8427905946924,-90.7019637824456));
#10625=CARTESIAN_POINT('Ctrl Pts',(-16.656929332758,60.8334029831471,-90.7031636370261));
#10626=CARTESIAN_POINT('Ctrl Pts',(-16.6408336676968,60.8241390301462,-90.7047977560933));
#10627=CARTESIAN_POINT('Origin',(-3.83385298898137,36.7376564033223,-94.9523980443986));
#10628=CARTESIAN_POINT('',(17.1506679119338,57.8277672643964,-91.2344675198541));
#10629=CARTESIAN_POINT('Ctrl Pts',(17.1506679119337,57.8277672643963,-91.2344675198539));
#10630=CARTESIAN_POINT('Ctrl Pts',(16.9374267399692,58.418766280842,-91.1302500636997));
#10631=CARTESIAN_POINT('Ctrl Pts',(16.7678393722787,59.0250401525254,-91.023340954773));
#10632=CARTESIAN_POINT('Ctrl Pts',(16.6436902354396,59.6402096441957,-90.9148650945232));
#10633=CARTESIAN_POINT('',(17.4844583797707,55.9208957374799,-91.570713542402));
#10634=CARTESIAN_POINT('Ctrl Pts',(17.4844583797709,55.9208957374799,-91.5707135424018));
#10635=CARTESIAN_POINT('Ctrl Pts',(17.4844583797709,56.5690207600299,-91.456431614054));
#10636=CARTESIAN_POINT('Ctrl Pts',(17.3710227063787,57.2170528062724,-91.3421616199982));
#10637=CARTESIAN_POINT('Ctrl Pts',(17.1506679119337,57.8277672643963,-91.2344675198539));
#10638=CARTESIAN_POINT('',(17.4844583797707,42.5988817303375,-93.9197440492371));
#10639=CARTESIAN_POINT('',(18.4866774628849,50.2060346064378,-92.5784371549582));
#10640=CARTESIAN_POINT('',(18.4866774628849,46.8656682496373,-93.1674338691131));
#10641=CARTESIAN_POINT('',(18.7484366392598,50.2060363663984,-92.5784471361902));
#10642=CARTESIAN_POINT('',(6.78836882311284,50.2059559518469,-92.5779910826063));
#10643=CARTESIAN_POINT('',(18.7484366392576,36.7378082373019,-94.9532591376865));
#10644=CARTESIAN_POINT('',(18.748436639259,44.5878680435254,-93.5690817936744));
#10645=CARTESIAN_POINT('',(7.62835353901576,36.7377334704604,-94.9528351138575));
#10646=CARTESIAN_POINT('',(8.27412303306485,36.7377378123475,-94.9528597379228));
#10647=CARTESIAN_POINT('',(7.62835353901576,45.7270570170425,-93.3677748342771));
#10648=CARTESIAN_POINT('',(10.8856774685827,42.5988373628627,-93.919492428784));
#10649=CARTESIAN_POINT('Ctrl Pts',(16.6436902354396,59.6402096441957,-90.9148650945232));
#10650=CARTESIAN_POINT('Ctrl Pts',(16.7678393722787,59.0250401525254,-91.023340954773));
#10651=CARTESIAN_POINT('Ctrl Pts',(16.9374267399692,58.418766280842,-91.1302500636997));
#10652=CARTESIAN_POINT('Ctrl Pts',(17.1506679119337,57.8277672643963,-91.2344675198539));
#10653=CARTESIAN_POINT('Ctrl Pts',(16.9372960854957,59.6976782773162,-90.9047433676326));
#10654=CARTESIAN_POINT('Ctrl Pts',(17.058644545624,59.0965736234265,-91.0107375852649));
#10655=CARTESIAN_POINT('Ctrl Pts',(17.2244391673453,58.5039874183367,-91.1152360260706));
#10656=CARTESIAN_POINT('Ctrl Pts',(17.4328391302521,57.9265104707385,-91.2170675225129));
#10657=CARTESIAN_POINT('Ctrl Pts',(17.4453954800673,59.8408157210071,-91.1349668215173));
#10658=CARTESIAN_POINT('Ctrl Pts',(17.5619287871561,59.2638805348758,-91.2367667584672));
#10659=CARTESIAN_POINT('Ctrl Pts',(17.7210616738031,58.6953488160015,-91.3370846279764));
#10660=CARTESIAN_POINT('Ctrl Pts',(17.9211421500261,58.1411073802408,-91.4348837605538));
#10661=CARTESIAN_POINT('Ctrl Pts',(17.624648664109,59.9670205660751,-91.6455250432711));
#10662=CARTESIAN_POINT('Ctrl Pts',(17.7393941712966,59.3986929970218,-91.745907462242));
#10663=CARTESIAN_POINT('Ctrl Pts',(17.8961491050556,58.8384770148982,-91.8448576751873));
#10664=CARTESIAN_POINT('Ctrl Pts',(18.0932026679097,58.292490930033,-91.9412974123403));
#10665=CARTESIAN_POINT('Ctrl Pts',(17.6244675551822,60.0059727897195,-91.8666314173566));
#10666=CARTESIAN_POINT('Ctrl Pts',(17.7391799913533,59.4375952755701,-91.9670498746859));
#10667=CARTESIAN_POINT('Ctrl Pts',(17.8958768555902,58.87743674927,-92.0660179550377));
#10668=CARTESIAN_POINT('Ctrl Pts',(18.0929093573436,58.3313912187293,-92.1624943125381));
#10669=CARTESIAN_POINT('',(18.0929093573436,58.3313912187293,-92.1624943125383));
#10670=CARTESIAN_POINT('Ctrl Pts',(17.6648741511337,59.8140123061766,-91.9005462228869));
#10671=CARTESIAN_POINT('Ctrl Pts',(17.7750333482695,59.3114400792438,-91.9893388329639));
#10672=CARTESIAN_POINT('Ctrl Pts',(17.9180955967345,58.8158608966157,-92.0768972931914));
#10673=CARTESIAN_POINT('Ctrl Pts',(18.0929093573436,58.3313912187293,-92.1624943125381));
#10674=CARTESIAN_POINT('Origin',(17.1506291923418,58.0014154419331,-92.219275272128));
#10675=CARTESIAN_POINT('Ctrl Pts',(18.0929189224321,58.3302547918628,-92.1560488360581));
#10676=CARTESIAN_POINT('Ctrl Pts',(18.0885320141919,58.8514627758011,-95.1121860535146));
#10677=CARTESIAN_POINT('Ctrl Pts',(18.0841451068334,59.3726608319673,-98.0683245241664));
#10678=CARTESIAN_POINT('Ctrl Pts',(18.079758200391,59.8938483079667,-101.024464342965));
#10679=CARTESIAN_POINT('Ctrl Pts',(17.9166056984098,58.8192422463172,-92.0718439542566));
#10680=CARTESIAN_POINT('Ctrl Pts',(17.9132813881844,59.339131135558,-95.0282161684746));
#10681=CARTESIAN_POINT('Ctrl Pts',(17.9099569202561,59.8590016403434,-97.9845911537094));
#10682=CARTESIAN_POINT('Ctrl Pts',(17.9066330035225,60.3788531574636,-100.940968998019));
#10683=CARTESIAN_POINT('Ctrl Pts',(17.7725795351791,59.319533727614,-91.9856939189841));
#10684=CARTESIAN_POINT('Ctrl Pts',(17.7701310038209,59.8380005635812,-94.9423190317681));
#10685=CARTESIAN_POINT('Ctrl Pts',(17.7676823276129,60.3564411616578,-97.898948327328));
#10686=CARTESIAN_POINT('Ctrl Pts',(17.765234221666,60.8748546940395,-100.855581934196));
#10687=CARTESIAN_POINT('Ctrl Pts',(17.6620535449645,59.8269153505932,-91.8983243599357));
#10688=CARTESIAN_POINT('Ctrl Pts',(17.6602791561034,60.3438949965109,-94.8552136926153));
#10689=CARTESIAN_POINT('Ctrl Pts',(17.6585049526586,60.8608409697271,-97.8121085463299));
#10690=CARTESIAN_POINT('Ctrl Pts',(17.6567309344983,61.3777519961132,-100.76900912845));
#10691=CARTESIAN_POINT('',(18.079758200391,59.893848307967,-101.024464342965));
#10692=CARTESIAN_POINT('Ctrl Pts',(18.079758200391,59.8938483079667,-101.024464342965));
#10693=CARTESIAN_POINT('Ctrl Pts',(17.9839172252251,60.1621561020257,-100.977150671568));
#10694=CARTESIAN_POINT('Ctrl Pts',(17.8978673682724,60.4336281762092,-100.929279449429));
#10695=CARTESIAN_POINT('Ctrl Pts',(17.8217265041451,60.7077343913677,-100.880944132378));
#10696=CARTESIAN_POINT('Ctrl Pts',(17.7602373713674,60.9290945460266,-100.841909945386));
#10697=CARTESIAN_POINT('Ctrl Pts',(17.7052114538433,61.1521731769516,-100.802572991776));
#10698=CARTESIAN_POINT('Ctrl Pts',(17.6567345509701,61.3766982334566,-100.762981260779));
#10699=CARTESIAN_POINT('Ctrl Pts',(18.0929093573437,58.331391218729,-92.1624943125381));
#10700=CARTESIAN_POINT('Ctrl Pts',(18.0885256374676,58.852220379286,-95.1164830396556));
#10701=CARTESIAN_POINT('Ctrl Pts',(18.0841419184719,59.373039626023,-98.0704730182164));
#10702=CARTESIAN_POINT('Ctrl Pts',(18.079758200391,59.8938483079667,-101.024464342965));
#10703=CARTESIAN_POINT('Origin',(-19.0000002831241,108.041922118673,-126.352385891942));
#10704=CARTESIAN_POINT('',(-19.0004746402267,64.9741454212149,-86.6109145868802));
#10705=CARTESIAN_POINT('Ctrl Pts',(-19.0004746094886,61.3147149741027,-81.901017830654));
#10706=CARTESIAN_POINT('Ctrl Pts',(-19.0004746094886,61.6798094514343,-82.0570896108047));
#10707=CARTESIAN_POINT('Ctrl Pts',(-19.000474609999,62.0293407801894,-82.2497272519665));
#10708=CARTESIAN_POINT('Ctrl Pts',(-19.000474609999,63.0331392128109,-82.9410431783586));
#10709=CARTESIAN_POINT('Ctrl Pts',(-19.0004746095036,63.6056983179012,-83.537582487458));
#10710=CARTESIAN_POINT('Ctrl Pts',(-19.0004746095036,64.5130821457002,-84.9520531414956));
#10711=CARTESIAN_POINT('Ctrl Pts',(-19.0004746094886,64.8246094930639,-85.7628541961778));
#10712=CARTESIAN_POINT('Ctrl Pts',(-19.0004746094886,64.9741454175663,-86.6109145661879));
#10713=CARTESIAN_POINT('',(-19.0004746094886,78.5738483660056,-163.738662649873));
#10714=CARTESIAN_POINT('Origin',(-19.0004746094886,72.6650018479324,-164.780551715874));
#10715=CARTESIAN_POINT('',(-19.0004746094886,70.4844894638295,-117.861628575599));
#10716=CARTESIAN_POINT('Origin',(12.1995253905115,63.6284809833237,-62.8562955801625));
#10717=CARTESIAN_POINT('',(17.3908510366885,63.3512837283673,-102.203989109057));
#10718=CARTESIAN_POINT('Ctrl Pts',(17.3908510366886,63.3512837283674,-102.203989109057));
#10719=CARTESIAN_POINT('Ctrl Pts',(17.3908450377124,63.3781833961056,-102.356569945222));
#10720=CARTESIAN_POINT('Ctrl Pts',(17.378712161553,63.396810942971,-102.51354799075));
#10721=CARTESIAN_POINT('Ctrl Pts',(17.3538554382667,63.4063505286663,-102.671093049569));
#10722=CARTESIAN_POINT('',(17.3909192609642,63.0453631349884,-100.468740165844));
#10723=CARTESIAN_POINT('',(17.3910541330664,62.4405908250735,-97.0383384549245));
#10724=CARTESIAN_POINT('Origin',(12.1995253905115,70.0429697679463,-99.2346692065341));
#10725=CARTESIAN_POINT('Origin',(18.9999997168761,108.194064080964,-125.965322547688));
#10726=CARTESIAN_POINT('',(18.999525390511,64.9851725908333,-86.6734527734584));
#10727=CARTESIAN_POINT('Ctrl Pts',(18.9995253905115,64.9851725908333,-86.6734527734587));
#10728=CARTESIAN_POINT('Ctrl Pts',(18.9995253905115,64.9069217358014,-86.229670121947));
#10729=CARTESIAN_POINT('Ctrl Pts',(18.999525390509,64.7845137293138,-85.7948084069032));
#10730=CARTESIAN_POINT('Ctrl Pts',(18.999525390509,64.4523950058436,-84.9577430666782));
#10731=CARTESIAN_POINT('Ctrl Pts',(18.999525390279,64.2437196735877,-84.5578442763631));
#10732=CARTESIAN_POINT('Ctrl Pts',(18.999525390279,63.5558047884129,-83.5249620827859));
#10733=CARTESIAN_POINT('Ctrl Pts',(18.9995253904172,62.9982475121722,-82.9555612132459));
#10734=CARTESIAN_POINT('Ctrl Pts',(18.9995253904172,62.023086712929,-82.2879637976189));
#10735=CARTESIAN_POINT('Ctrl Pts',(18.9995253905115,61.6803686748419,-82.0994264910872));
#10736=CARTESIAN_POINT('Ctrl Pts',(18.9995253905115,61.3226522694624,-81.9460324695236));
#10737=CARTESIAN_POINT('',(18.9995253905115,78.5726485692486,-163.731858264337));
#10738=CARTESIAN_POINT('',(18.9995253905115,70.4538344041741,-117.687775093096));
#10739=CARTESIAN_POINT('Origin',(18.9995253905115,72.6638020511754,-164.773747330339));
#10740=CARTESIAN_POINT('Origin',(14.9509130228145,52.7685652477546,-117.323422800621));
#10741=CARTESIAN_POINT('',(14.9509130324494,57.2833949312896,-142.928428816536));
#10742=CARTESIAN_POINT('',(14.9509130228145,52.7685652477546,-117.323422800621));
#10743=CARTESIAN_POINT('Origin',(14.9509130324494,57.2833949312896,-142.928428816536));
#10744=CARTESIAN_POINT('',(-14.359441059394,57.283394933181,-142.928428827232));
#10745=CARTESIAN_POINT('Origin',(14.6346313695053,57.9006846338798,-81.04794792075));
#10746=CARTESIAN_POINT('',(-0.146077385197707,50.9370107455387,-82.2752568863625));
#10747=CARTESIAN_POINT('',(-14.6860080074862,50.9369124287927,-82.2746993043889));
#10748=CARTESIAN_POINT('',(-7.41607737974793,50.9369618650642,-82.2749796714166));
#10749=CARTESIAN_POINT('',(-0.0890214201740425,50.9370111291594,-82.2752590619837));
#10750=CARTESIAN_POINT('',(-7.41607737974793,50.9369618650642,-82.2749796714166));
#10751=CARTESIAN_POINT('',(-0.0319654551503801,50.9370115127801,-82.2752612376049));
#10752=CARTESIAN_POINT('',(-7.41607737974793,50.9369618650642,-82.2749796714166));
#10753=CARTESIAN_POINT('',(14.5079651673863,50.9370754951834,-82.2758183678607));
#10754=CARTESIAN_POINT('',(-7.41607737974793,50.9369618650642,-82.2749796714166));
#10755=CARTESIAN_POINT('',(14.7487432995523,50.937076557784,-82.2758243941685));
#10756=CARTESIAN_POINT('Ctrl Pts',(14.7487432995522,50.9370433359968,-82.2758302520658));
#10757=CARTESIAN_POINT('Ctrl Pts',(14.6685014055422,50.9370427964835,-82.2758271923338));
#10758=CARTESIAN_POINT('Ctrl Pts',(14.5882653350985,50.9370422570093,-82.2758241328237));
#10759=CARTESIAN_POINT('Ctrl Pts',(14.5080345341982,50.9370417175705,-82.2758210735146));
#10760=CARTESIAN_POINT('',(14.7487432995524,57.9006854011206,-81.0479522719882));
#10761=CARTESIAN_POINT('',(14.7487432995524,57.9006854011206,-81.0479522719882));
#10762=CARTESIAN_POINT('Ctrl Pts',(14.7487432995521,57.9006854011206,-81.0479522719881));
#10763=CARTESIAN_POINT('Ctrl Pts',(13.7931230013279,57.9006789759247,-81.0479158328919));
#10764=CARTESIAN_POINT('Ctrl Pts',(13.0310754238621,57.9006738522319,-81.0478867749857));
#10765=CARTESIAN_POINT('Ctrl Pts',(12.2690278463962,57.900668728539,-81.0478577170795));
#10766=CARTESIAN_POINT('',(-14.926786139404,57.900485875129,-81.0468207038595));
#10767=CARTESIAN_POINT('Ctrl Pts',(-14.9267861394041,57.9004858751289,-81.0468207038595));
#10768=CARTESIAN_POINT('Ctrl Pts',(-13.9062425557568,57.9004927368421,-81.0468596185685));
#10769=CARTESIAN_POINT('Ctrl Pts',(-13.0881098105629,57.9004982376284,-81.0468908150781));
#10770=CARTESIAN_POINT('Ctrl Pts',(-12.269977065369,57.9005037384148,-81.0469220115877));
#10771=CARTESIAN_POINT('',(-14.9267861394042,50.9368770318209,-82.2746928262015));
#10772=CARTESIAN_POINT('',(-14.926786139404,57.900485875129,-81.0468207038595));
#10773=CARTESIAN_POINT('Ctrl Pts',(-14.68607737405,50.9369118720629,-82.274696147017));
#10774=CARTESIAN_POINT('Ctrl Pts',(-14.7261910256342,50.9369116023553,-82.2746946174291));
#10775=CARTESIAN_POINT('Ctrl Pts',(-14.7663046772178,50.9369113326477,-82.2746930878412));
#10776=CARTESIAN_POINT('Ctrl Pts',(-14.8465409323359,50.9369107931723,-82.2746900283242));
#10777=CARTESIAN_POINT('Ctrl Pts',(-14.8866635358698,50.9369105234045,-82.274688498395));
#10778=CARTESIAN_POINT('Ctrl Pts',(-14.926786139404,50.9369102536366,-82.2746869684658));
#10779=CARTESIAN_POINT('Ctrl Pts',(-26.065858645052,58.5277692033361,-84.6043212388699));
#10780=CARTESIAN_POINT('Ctrl Pts',(-25.5774110180739,58.469895843838,-84.2761051073082));
#10781=CARTESIAN_POINT('Ctrl Pts',(-25.0724778129637,58.4150526512732,-83.9650739063859));
#10782=CARTESIAN_POINT('Ctrl Pts',(-23.0759141882694,58.2172662018901,-82.8433712118328));
#10783=CARTESIAN_POINT('Ctrl Pts',(-21.4270330357034,58.0950111720249,-82.1500284836011));
#10784=CARTESIAN_POINT('Ctrl Pts',(-18.2220962397432,57.9436426544055,-81.291574961564));
#10785=CARTESIAN_POINT('Ctrl Pts',(-16.5811723400246,57.9004747517201,-81.0467576198732));
#10786=CARTESIAN_POINT('Ctrl Pts',(-14.0411831147258,57.9004918295576,-81.0468544731022));
#10787=CARTESIAN_POINT('Ctrl Pts',(-13.1555800900474,57.9004977839862,-81.0468882423449));
#10788=CARTESIAN_POINT('Ctrl Pts',(-12.269977065369,57.9005037384148,-81.0469220115877));
#10789=CARTESIAN_POINT('Ctrl Pts',(-26.065858645052,59.4117305753536,-84.4484549990791));
#10790=CARTESIAN_POINT('Ctrl Pts',(-25.5774110180739,59.3538572158555,-84.1202388675174));
#10791=CARTESIAN_POINT('Ctrl Pts',(-25.0724778129637,59.2990140232908,-83.8092076665952));
#10792=CARTESIAN_POINT('Ctrl Pts',(-23.0759141882694,59.1012275739077,-82.6875049720421));
#10793=CARTESIAN_POINT('Ctrl Pts',(-21.4270330357034,58.9789725440424,-81.9941622438104));
#10794=CARTESIAN_POINT('Ctrl Pts',(-18.2220962397432,58.8276040264231,-81.1357087217732));
#10795=CARTESIAN_POINT('Ctrl Pts',(-16.5811723400246,58.7844361237377,-80.8908913800825));
#10796=CARTESIAN_POINT('Ctrl Pts',(-14.0411831147258,58.7844532015751,-80.8909882333114));
#10797=CARTESIAN_POINT('Ctrl Pts',(-13.1555800900474,58.7844591560037,-80.8910220025542));
#10798=CARTESIAN_POINT('Ctrl Pts',(-12.269977065369,58.7844651104323,-80.8910557717969));
#10799=CARTESIAN_POINT('Ctrl Pts',(-25.834375354525,61.2352005048634,-84.471418931847));
#10800=CARTESIAN_POINT('Ctrl Pts',(-25.3549546862887,61.1783960750087,-84.1492650015386));
#10801=CARTESIAN_POINT('Ctrl Pts',(-24.8593852518468,61.1245699882011,-83.8440020940055));
#10802=CARTESIAN_POINT('Ctrl Pts',(-22.900170407792,60.9304159867266,-82.742900035237));
#10803=CARTESIAN_POINT('Ctrl Pts',(-21.2845975415894,60.8106540622406,-82.0636964102175));
#10804=CARTESIAN_POINT('Ctrl Pts',(-18.1460405867349,60.6623955482197,-81.2228805950468));
#10805=CARTESIAN_POINT('Ctrl Pts',(-16.5429919063548,60.6202368473394,-80.983786721206));
#10806=CARTESIAN_POINT('Ctrl Pts',(-14.0411990171229,60.6203301970639,-80.9843161338011));
#10807=CARTESIAN_POINT('Ctrl Pts',(-13.1555959924446,60.6203361514925,-80.9843499030439));
#10808=CARTESIAN_POINT('Ctrl Pts',(-12.2699929677662,60.6203421059211,-80.9843836722866));
#10809=CARTESIAN_POINT('Ctrl Pts',(-24.7030252682303,64.0081739215757,-85.6661316220562));
#10810=CARTESIAN_POINT('Ctrl Pts',(-24.2677093413205,63.9565958591247,-85.3736178941868));
#10811=CARTESIAN_POINT('Ctrl Pts',(-23.8179057585625,63.9077409820649,-85.0965481181181));
#10812=CARTESIAN_POINT('Ctrl Pts',(-22.038122246512,63.7314323802257,-84.0966523498651));
#10813=CARTESIAN_POINT('Ctrl Pts',(-20.5857350582962,63.623982843579,-83.4872757461542));
#10814=CARTESIAN_POINT('Ctrl Pts',(-17.7674348466096,63.4908761600501,-82.7323902317873));
#10815=CARTESIAN_POINT('Ctrl Pts',(-16.3511788484515,63.4539295556934,-82.5228556262023));
#10816=CARTESIAN_POINT('Ctrl Pts',(-14.0412767384063,63.4539418358012,-82.5229252701548));
#10817=CARTESIAN_POINT('Ctrl Pts',(-13.1556737137279,63.4539477902299,-82.5229590393975));
#10818=CARTESIAN_POINT('Ctrl Pts',(-12.2700706890495,63.4539537446585,-82.5229928086403));
#10819=CARTESIAN_POINT('Ctrl Pts',(-23.4429862207855,65.1041244324891,-87.3480621904513));
#10820=CARTESIAN_POINT('Ctrl Pts',(-23.0567964428419,65.058366523014,-87.0885561903418));
#10821=CARTESIAN_POINT('Ctrl Pts',(-22.6579640152009,65.0150482496859,-86.8428860543587));
#10822=CARTESIAN_POINT('Ctrl Pts',(-21.0790698542266,64.8585838284194,-85.9555322266129));
#10823=CARTESIAN_POINT('Ctrl Pts',(-19.8082971813524,64.7648041479165,-85.4236812295275));
#10824=CARTESIAN_POINT('Ctrl Pts',(-17.3480882061753,64.6485889733585,-84.7645922228932));
#10825=CARTESIAN_POINT('Ctrl Pts',(-16.1393049723947,64.6173529710139,-84.5874440506785));
#10826=CARTESIAN_POINT('Ctrl Pts',(-14.0413633003406,64.6174280533405,-84.5878698637122));
#10827=CARTESIAN_POINT('Ctrl Pts',(-13.1557602756622,64.6174340077691,-84.5879036329549));
#10828=CARTESIAN_POINT('Ctrl Pts',(-12.2701572509838,64.6174399621977,-84.5879374021977));
#10829=CARTESIAN_POINT('Ctrl Pts',(-22.6841275340092,65.2972504035486,-88.4433339990172));
#10830=CARTESIAN_POINT('Ctrl Pts',(-22.3275210071557,65.2549981402801,-88.2037095065049));
#10831=CARTESIAN_POINT('Ctrl Pts',(-21.9593862749767,65.2150143340723,-87.9769500732797));
#10832=CARTESIAN_POINT('Ctrl Pts',(-20.5007954687215,65.070521319623,-87.1574894673713));
#10833=CARTESIAN_POINT('Ctrl Pts',(-19.3394868956538,64.9850023331364,-86.6724871940779));
#10834=CARTESIAN_POINT('Ctrl Pts',(-17.0940231703925,64.8789495348755,-86.0710318873813));
#10835=CARTESIAN_POINT('Ctrl Pts',(-16.0105597137417,64.8512141731393,-85.9137368346064));
#10836=CARTESIAN_POINT('Ctrl Pts',(-14.0414154322773,64.8512274128514,-85.9138119207446));
#10837=CARTESIAN_POINT('Ctrl Pts',(-13.1558124075989,64.85123336728,-85.9138456899873));
#10838=CARTESIAN_POINT('Ctrl Pts',(-12.2702093829205,64.8512393217086,-85.9138794592301));
#10839=CARTESIAN_POINT('',(-22.6841275340098,65.2972504035486,-88.4433339990173));
#10840=CARTESIAN_POINT('Ctrl Pts',(-19.0002920075545,64.9742381072166,-86.6114402353168));
#10841=CARTESIAN_POINT('Ctrl Pts',(-19.8938363629854,65.0274165117263,-86.9130299540088));
#10842=CARTESIAN_POINT('Ctrl Pts',(-20.7609368825204,65.0962918214675,-87.3036412459643));
#10843=CARTESIAN_POINT('Ctrl Pts',(-21.9593862749767,65.2150143340723,-87.9769500732797));
#10844=CARTESIAN_POINT('Ctrl Pts',(-22.3275210071557,65.2549981402801,-88.2037095065049));
#10845=CARTESIAN_POINT('Ctrl Pts',(-22.6841275340092,65.2972504035486,-88.4433339990172));
#10846=CARTESIAN_POINT('',(-26.0658586450521,58.527769203336,-84.6043212388697));
#10847=CARTESIAN_POINT('Origin',(-22.6841275340093,59.3884038854753,-89.4852230650187));
#10848=CARTESIAN_POINT('Ctrl Pts',(-26.065858645052,58.5277692033361,-84.6043212388699));
#10849=CARTESIAN_POINT('Ctrl Pts',(-25.5774110180739,58.469895843838,-84.2761051073082));
#10850=CARTESIAN_POINT('Ctrl Pts',(-25.0724778129637,58.4150526512732,-83.9650739063859));
#10851=CARTESIAN_POINT('Ctrl Pts',(-23.0759141882694,58.2172662018901,-82.8433712118328));
#10852=CARTESIAN_POINT('Ctrl Pts',(-21.4270330357034,58.0950111720249,-82.1500284836011));
#10853=CARTESIAN_POINT('Ctrl Pts',(-18.2220962397432,57.9436426544055,-81.291574961564));
#10854=CARTESIAN_POINT('Ctrl Pts',(-16.5811723400246,57.9004747517201,-81.0467576198732));
#10855=CARTESIAN_POINT('Ctrl Pts',(-15.0964883949014,57.9004847341212,-81.0468142328827));
#10856=CARTESIAN_POINT('Ctrl Pts',(-15.0109489616592,57.9004853092529,-81.0468174946172));
#10857=CARTESIAN_POINT('Ctrl Pts',(-14.9267861394043,57.900485875129,-81.0468207038596));
#10858=CARTESIAN_POINT('Origin',(-21.9510075601193,67.9756270298331,-103.633162665754));
#10859=CARTESIAN_POINT('',(-21.4413893018176,78.5544923492094,-163.628889223716));
#10860=CARTESIAN_POINT('',(-21.8118533090959,78.5515546359129,-163.612228623707));
#10861=CARTESIAN_POINT('',(-22.8559138552578,78.5237660917454,-163.454631958376));
#10862=CARTESIAN_POINT('Ctrl Pts',(-22.8559138552578,78.5237660917454,-163.454631958376));
#10863=CARTESIAN_POINT('Ctrl Pts',(-22.3914253613367,78.5416582263169,-163.556103295886));
#10864=CARTESIAN_POINT('Ctrl Pts',(-21.9166734732215,78.5507234307652,-163.607514625064));
#10865=CARTESIAN_POINT('Ctrl Pts',(-21.4413893018178,78.5544923492094,-163.628889223716));
#10866=CARTESIAN_POINT('',(-22.7046913264823,66.8805390009561,-97.4226098367026));
#10867=CARTESIAN_POINT('Origin',(-21.8118533090959,72.6427081178397,-164.654117689708));
#10868=CARTESIAN_POINT('',(-21.7151001717722,73.68645022322,-170.573473316321));
#10869=CARTESIAN_POINT('',(-22.0855641790505,73.6835125099235,-170.556812716312));
#10870=CARTESIAN_POINT('Origin',(-21.4413893018176,72.6456458311362,-164.670778289718));
#10871=CARTESIAN_POINT('Origin',(-21.7151001717722,73.68645022322,-170.573473316321));
#10872=CARTESIAN_POINT('',(-5.67212830518215,66.8500591074056,-172.522834012201));
#10873=CARTESIAN_POINT('',(-5.67212830518972,73.8136681198087,-171.294961860375));
#10874=CARTESIAN_POINT('',(-21.7151001717646,66.722841210817,-171.801345468148));
#10875=CARTESIAN_POINT('Ctrl Pts',(-21.7151001717571,66.7228746016143,-171.801339580284));
#10876=CARTESIAN_POINT('Ctrl Pts',(-19.0412713792657,66.7440775855532,-171.921587677619));
#10877=CARTESIAN_POINT('Ctrl Pts',(-16.367442586774,66.765280569492,-172.041835774953));
#10878=CARTESIAN_POINT('Ctrl Pts',(-11.019785297913,66.8076865350215,-172.282331956304));
#10879=CARTESIAN_POINT('Ctrl Pts',(-8.34595680154369,66.8288895166122,-172.402580040321));
#10880=CARTESIAN_POINT('Ctrl Pts',(-5.67212830517466,66.8500924982029,-172.522828124337));
#10881=CARTESIAN_POINT('',(-21.7151001717722,73.68645022322,-170.573473316321));
#10882=CARTESIAN_POINT('Origin',(-14.5705805826785,61.6827215314089,-102.49694501883));
#10883=CARTESIAN_POINT('',(-14.5706967414543,62.2036660640192,-105.451368275652));
#10884=CARTESIAN_POINT('Origin',(-13.665883365903,50.1962360577915,-102.733166890776));
#10885=CARTESIAN_POINT('',(-18.2593512955805,59.8936039788179,-101.023078683504));
#10886=CARTESIAN_POINT('Ctrl Pts',(-17.8363276461593,61.3764595927804,-100.761627862248));
#10887=CARTESIAN_POINT('Ctrl Pts',(-17.8963557049368,61.0984335304494,-100.810648997923));
#10888=CARTESIAN_POINT('Ctrl Pts',(-17.9664241718009,60.8226248433888,-100.859278768041));
#10889=CARTESIAN_POINT('Ctrl Pts',(-18.0463750097956,60.5495512519902,-100.907425865316));
#10890=CARTESIAN_POINT('Ctrl Pts',(-18.1109409658947,60.3290250141635,-100.946308051507));
#10891=CARTESIAN_POINT('Ctrl Pts',(-18.1819529299033,60.1102825390355,-100.984875450261));
#10892=CARTESIAN_POINT('Ctrl Pts',(-18.2593512955802,59.893603978818,-101.023078683504));
#10893=CARTESIAN_POINT('',(-18.6437170906672,57.6768887941474,-101.413930267035));
#10894=CARTESIAN_POINT('Ctrl Pts',(-18.2593512119822,59.8936039617938,-101.02307868636));
#10895=CARTESIAN_POINT('Ctrl Pts',(-18.3228798367404,59.7157454009811,-101.054437455848));
#10896=CARTESIAN_POINT('Ctrl Pts',(-18.3785966542667,59.5354941442583,-101.086218301014));
#10897=CARTESIAN_POINT('Ctrl Pts',(-18.4264857299184,59.3533664861359,-101.118330329469));
#10898=CARTESIAN_POINT('Ctrl Pts',(-18.4732473841668,59.1755265411738,-101.149686365296));
#10899=CARTESIAN_POINT('Ctrl Pts',(-18.5125454374183,58.9958967068906,-101.181358316612));
#10900=CARTESIAN_POINT('Ctrl Pts',(-18.5443145570856,58.8149399355335,-101.213264615965));
#10901=CARTESIAN_POINT('Ctrl Pts',(-18.5772326048453,58.6274388746175,-101.246324804504));
#10902=CARTESIAN_POINT('Ctrl Pts',(-18.6020677883032,58.4385124204308,-101.279636731833));
#10903=CARTESIAN_POINT('Ctrl Pts',(-18.6186888676017,58.2486678220131,-101.313110915307));
#10904=CARTESIAN_POINT('Ctrl Pts',(-18.6344661993875,58.068460438174,-101.344885825314));
#10905=CARTESIAN_POINT('Ctrl Pts',(-18.6428418972059,57.8874250951805,-101.376807054361));
#10906=CARTESIAN_POINT('Ctrl Pts',(-18.6436520847302,57.7059992056812,-101.408797317354));
#10907=CARTESIAN_POINT('Ctrl Pts',(-18.6436954123167,57.6962968272882,-101.410508107568));
#10908=CARTESIAN_POINT('Ctrl Pts',(-18.6437170907071,57.686593334193,-101.412219094789));
#10909=CARTESIAN_POINT('Ctrl Pts',(-18.643717090667,57.6768887941475,-101.413930267034));
#10910=CARTESIAN_POINT('',(-18.6437170906672,54.1741582183395,-102.031556173702));
#10911=CARTESIAN_POINT('',(-18.6437170906672,50.1962025888954,-102.732977079234));
#10912=CARTESIAN_POINT('',(-18.8437175818604,54.1741568736188,-102.031548547412));
#10913=CARTESIAN_POINT('',(-16.3473962712471,54.1741736578513,-102.031643735525));
#10914=CARTESIAN_POINT('',(-18.8437175818604,48.601899033465,-103.014087948096));
#10915=CARTESIAN_POINT('',(-11.0648833678531,57.9299482855173,-101.36960702726));
#10916=CARTESIAN_POINT('Ctrl Pts',(-18.2718146622817,58.3300102904283,-92.1546621995159));
#10917=CARTESIAN_POINT('Ctrl Pts',(-18.2676602058598,58.8512183317953,-95.1107997426661));
#10918=CARTESIAN_POINT('Ctrl Pts',(-18.2635057502816,59.37241644539,-98.0669385390116));
#10919=CARTESIAN_POINT('Ctrl Pts',(-18.2593512955802,59.893603978818,-101.023078683504));
#10920=CARTESIAN_POINT('Ctrl Pts',(-18.0955015925947,58.8190001157962,-92.0704707638326));
#10921=CARTESIAN_POINT('Ctrl Pts',(-18.0924097343677,59.3388890481766,-95.0268432227077));
#10922=CARTESIAN_POINT('Ctrl Pts',(-18.0893177184021,59.8587595961038,-97.9832184526117));
#10923=CARTESIAN_POINT('Ctrl Pts',(-18.0862262535939,60.3786111563584,-100.939596541548));
#10924=CARTESIAN_POINT('Ctrl Pts',(-17.9514755872669,59.3192935338367,-91.9843317123794));
#10925=CARTESIAN_POINT('Ctrl Pts',(-17.9492595080688,59.8377604011668,-94.9409570030312));
#10926=CARTESIAN_POINT('Ctrl Pts',(-17.9470432839869,60.3562010306082,-97.89758647647));
#10927=CARTESIAN_POINT('Ctrl Pts',(-17.9448276301311,60.8746145943471,-100.854220261174));
#10928=CARTESIAN_POINT('Ctrl Pts',(-17.8409497571931,59.8266766430769,-91.8969705823363));
#10929=CARTESIAN_POINT('Ctrl Pts',(-17.8394078206416,60.3436563112922,-94.8538600414718));
#10930=CARTESIAN_POINT('Ctrl Pts',(-17.8378660694747,60.8606023068034,-97.8107550216281));
#10931=CARTESIAN_POINT('Ctrl Pts',(-17.8363245035591,61.3775133554822,-100.767655730176));
#10932=CARTESIAN_POINT('',(-17.8437681495359,59.8137730910486,-91.8991923132448));
#10933=CARTESIAN_POINT('Ctrl Pts',(-17.8363276461593,61.3764595927804,-100.761627862248));
#10934=CARTESIAN_POINT('Ctrl Pts',(-17.8375659076105,61.1159530458478,-99.2842218187375));
#10935=CARTESIAN_POINT('Ctrl Pts',(-17.838805233514,60.8554464990678,-97.8068157760923));
#10936=CARTESIAN_POINT('Ctrl Pts',(-17.8412854151168,60.3345509983798,-94.8526705931198));
#10937=CARTESIAN_POINT('Ctrl Pts',(-17.8425262697275,60.0741620448092,-93.3759314527368));
#10938=CARTESIAN_POINT('Ctrl Pts',(-17.8437681495359,59.8137730910486,-91.8991923132448));
#10939=CARTESIAN_POINT('',(-18.2718056040247,58.3311467174195,-92.1611076767058));
#10940=CARTESIAN_POINT('Ctrl Pts',(-18.2718056040245,58.3311467174197,-92.1611076767062));
#10941=CARTESIAN_POINT('Ctrl Pts',(-18.0969917017542,58.8156191037635,-92.0755239259409));
#10942=CARTESIAN_POINT('Ctrl Pts',(-17.9540287985765,59.3112209480817,-91.9879727084203));
#10943=CARTESIAN_POINT('Ctrl Pts',(-17.8438686391865,59.8137944502744,-91.8991885358257));
#10944=CARTESIAN_POINT('Ctrl Pts',(-18.2718056040245,58.3311467174197,-92.161107676706));
#10945=CARTESIAN_POINT('Ctrl Pts',(-18.2676541670229,58.8519759353636,-95.1150967292805));
#10946=CARTESIAN_POINT('Ctrl Pts',(-18.2635027308638,59.3727952394874,-98.0690870332983));
#10947=CARTESIAN_POINT('Ctrl Pts',(-18.2593512955802,59.893603978818,-101.023078683504));
#10948=CARTESIAN_POINT('Ctrl Pts',(-17.6332869284324,61.1209129914674,-91.6682711945746));
#10949=CARTESIAN_POINT('Ctrl Pts',(-17.7320429494935,60.1703433085306,-91.836202264979));
#10950=CARTESIAN_POINT('Ctrl Pts',(-17.9469189264427,59.2315249020792,-92.0020527040751));
#10951=CARTESIAN_POINT('Ctrl Pts',(-18.2718056040245,58.3311467174197,-92.1611076767062));
#10952=CARTESIAN_POINT('Ctrl Pts',(-17.6333970486345,61.0689563229437,-91.3735385789139));
#10953=CARTESIAN_POINT('Ctrl Pts',(-17.7322239682088,60.1186456848191,-91.5413620186812));
#10954=CARTESIAN_POINT('Ctrl Pts',(-17.9472953919362,59.1793696300776,-91.7072328886822));
#10955=CARTESIAN_POINT('Ctrl Pts',(-18.2721734952133,58.2792796607216,-91.866178447502));
#10956=CARTESIAN_POINT('Ctrl Pts',(-17.3834582827064,60.9538226782107,-90.8678263973837));
#10957=CARTESIAN_POINT('Ctrl Pts',(-17.4844114010995,59.9835304234704,-91.0389900383217));
#10958=CARTESIAN_POINT('Ctrl Pts',(-17.7038465840824,59.0254450737216,-91.2079953897761));
#10959=CARTESIAN_POINT('Ctrl Pts',(-18.0355883864082,58.1064517769424,-91.3701004549965));
#10960=CARTESIAN_POINT('Ctrl Pts',(-16.8617332810315,60.8694665585535,-90.6967966047773));
#10961=CARTESIAN_POINT('Ctrl Pts',(-16.9668385332692,59.8581619575677,-90.8751119232228));
#10962=CARTESIAN_POINT('Ctrl Pts',(-17.1954517446681,58.8594765236246,-91.0511997519354));
#10963=CARTESIAN_POINT('Ctrl Pts',(-17.5411150290233,57.9015899930446,-91.2200866075019));
#10964=CARTESIAN_POINT('Ctrl Pts',(-16.6384409407819,60.8469706826477,-90.7007720138177));
#10965=CARTESIAN_POINT('Ctrl Pts',(-16.7453210041751,59.8181448519168,-90.8821775640322));
#10966=CARTESIAN_POINT('Ctrl Pts',(-16.9778735043624,58.8020377267653,-91.0613355222422));
#10967=CARTESIAN_POINT('Ctrl Pts',(-17.3294866152845,57.8275354340919,-91.2331527448638));
#10968=CARTESIAN_POINT('',(-16.8224543918959,59.6402549315617,-90.9135413239408));
#10969=CARTESIAN_POINT('Ctrl Pts',(-16.640833667697,60.824139030144,-90.7047977560937));
#10970=CARTESIAN_POINT('Ctrl Pts',(-16.6828121892593,60.4270362287316,-90.7748160436321));
#10971=CARTESIAN_POINT('Ctrl Pts',(-16.7435127597355,60.031860782288,-90.8444937503951));
#10972=CARTESIAN_POINT('Ctrl Pts',(-16.8225549751626,59.6402746215791,-90.9135378481049));
#10973=CARTESIAN_POINT('',(-17.3294866152847,57.8275354340919,-91.2331527448636));
#10974=CARTESIAN_POINT('Ctrl Pts',(-16.8225549751626,59.6402746215791,-90.9135378481049));
#10975=CARTESIAN_POINT('Ctrl Pts',(-16.946745207125,59.0250188893229,-91.0220191509618));
#10976=CARTESIAN_POINT('Ctrl Pts',(-17.116214243437,58.4186237890861,-91.1289363051051));
#10977=CARTESIAN_POINT('Ctrl Pts',(-17.3294866152845,57.8275354340919,-91.2331527448638));
#10978=CARTESIAN_POINT('Origin',(-17.3295253348764,58.0011836116286,-92.2179604971376));
#10979=CARTESIAN_POINT('Ctrl Pts',(-17.8438688637349,59.8137934258383,-91.8991887168016));
#10980=CARTESIAN_POINT('Ctrl Pts',(-17.8439074519727,59.8062905463916,-91.8566222252998));
#10981=CARTESIAN_POINT('Ctrl Pts',(-17.8408919030666,59.7987896441908,-91.8142855395122));
#10982=CARTESIAN_POINT('Ctrl Pts',(-17.8350241700744,59.7913548496545,-91.772393827372));
#10983=CARTESIAN_POINT('Ctrl Pts',(-17.8289514133038,59.783660276824,-91.7290383817728));
#10984=CARTESIAN_POINT('Ctrl Pts',(-17.8198234525559,59.7760363133991,-91.6861585650982));
#10985=CARTESIAN_POINT('Ctrl Pts',(-17.8078079892293,59.7685473173159,-91.6439947271832));
#10986=CARTESIAN_POINT('Ctrl Pts',(-17.7964666725449,59.7614785032454,-91.6041965583213));
#10987=CARTESIAN_POINT('Ctrl Pts',(-17.7825519533657,59.7545297007437,-91.5650355779542));
#10988=CARTESIAN_POINT('Ctrl Pts',(-17.7661646456788,59.747752446278,-91.526727623717));
#10989=CARTESIAN_POINT('Ctrl Pts',(-17.7488274056379,59.740582330861,-91.4861990505814));
#10990=CARTESIAN_POINT('Ctrl Pts',(-17.7288494434409,59.7336535497692,-91.4469194234604));
#10991=CARTESIAN_POINT('Ctrl Pts',(-17.7064227609958,59.7270062878239,-91.4091170815006));
#10992=CARTESIAN_POINT('Ctrl Pts',(-17.6838732933496,59.7203226323818,-91.3711077732107));
#10993=CARTESIAN_POINT('Ctrl Pts',(-17.6588477015714,59.7139233466228,-91.3345909548106));
#10994=CARTESIAN_POINT('Ctrl Pts',(-17.6314924786613,59.7078435865501,-91.2998162915674));
#10995=CARTESIAN_POINT('Ctrl Pts',(-17.6060490036543,59.7021887167665,-91.26747189145));
#10996=CARTESIAN_POINT('Ctrl Pts',(-17.578589330759,59.6968100567703,-91.2366341773198));
#10997=CARTESIAN_POINT('Ctrl Pts',(-17.54919963709,59.6917343026507,-91.2075291988195));
#10998=CARTESIAN_POINT('Ctrl Pts',(-17.52085315132,59.6868387160025,-91.1794573220526));
#10999=CARTESIAN_POINT('Ctrl Pts',(-17.4908751344087,59.6822507479118,-91.1531603540624));
#11000=CARTESIAN_POINT('Ctrl Pts',(-17.4593774879919,59.6779866461072,-91.128806538325));
#11001=CARTESIAN_POINT('Ctrl Pts',(-17.4248154377059,59.6733076901292,-91.1020833415174));
#11002=CARTESIAN_POINT('Ctrl Pts',(-17.3884239207211,59.6690186568635,-91.077698354012));
#11003=CARTESIAN_POINT('Ctrl Pts',(-17.3505106775218,59.6651419837845,-91.0556997717417));
#11004=CARTESIAN_POINT('Ctrl Pts',(-17.3118321617632,59.6611870606988,-91.0332571517173));
#11005=CARTESIAN_POINT('Ctrl Pts',(-17.2715688589119,59.6576610674189,-91.0132977631525));
#11006=CARTESIAN_POINT('Ctrl Pts',(-17.2300197362344,59.654586186759,-90.9959180559163));
#11007=CARTESIAN_POINT('Ctrl Pts',(-17.2258257883397,59.6542758098259,-90.9941637568632));
#11008=CARTESIAN_POINT('Ctrl Pts',(-17.221618724319,59.6539700297168,-90.9924357826765));
#11009=CARTESIAN_POINT('Ctrl Pts',(-17.2173988427048,59.6536688699068,-90.9907342606276));
#11010=CARTESIAN_POINT('Ctrl Pts',(-17.1755928855801,59.650685308931,-90.9738774470187));
#11011=CARTESIAN_POINT('Ctrl Pts',(-17.13277354241,59.648171396525,-90.9597109270505));
#11012=CARTESIAN_POINT('Ctrl Pts',(-17.0892547750584,59.6461461013544,-90.9482901220878));
#11013=CARTESIAN_POINT('Ctrl Pts',(-17.0456827016347,59.6441183254029,-90.9368553277984));
#11014=CARTESIAN_POINT('Ctrl Pts',(-17.0014083786389,59.6425800850463,-90.9281726546126));
#11015=CARTESIAN_POINT('Ctrl Pts',(-16.9567280769668,59.641550023334,-90.9223454878577));
#11016=CARTESIAN_POINT('Ctrl Pts',(-16.9295219169155,59.6409228112794,-90.9187972837175));
#11017=CARTESIAN_POINT('Ctrl Pts',(-16.9021649384229,59.6404840257556,-90.916308757243));
#11018=CARTESIAN_POINT('Ctrl Pts',(-16.8747232719237,59.640238477247,-90.9149127198805));
#11019=CARTESIAN_POINT('Origin',(3.65503428563041,36.7377067555044,-94.9526836058132));
#11020=CARTESIAN_POINT('',(-11.0644961719337,42.5986897789697,-93.9186554389349));
#11021=CARTESIAN_POINT('',(-7.80717224236671,36.7376296883663,-94.9522465363543));
#11022=CARTESIAN_POINT('',(-7.80717224236671,45.7269532349484,-93.3671862567738));
#11023=CARTESIAN_POINT('',(-18.9272553426085,36.7375549215248,-94.9518225125251));
#11024=CARTESIAN_POINT('',(-8.4529417364158,36.7376253464792,-94.9522219122889));
#11025=CARTESIAN_POINT('',(-18.9272553426108,50.2057830506212,-92.5770105110288));
#11026=CARTESIAN_POINT('',(-18.9272553426099,44.5876147277482,-93.5676451685128));
#11027=CARTESIAN_POINT('',(-18.6654961662359,50.2057848105817,-92.5770204922605));
#11028=CARTESIAN_POINT('',(-6.9671875264638,50.2058634651727,-92.5774665646128));
#11029=CARTESIAN_POINT('',(-18.6654961662359,52.437676293935,-92.183477805732));
#11030=CARTESIAN_POINT('',(-18.6654961662359,46.8654184537811,-93.1660172064154));
#11031=CARTESIAN_POINT('',(-17.6632770831216,52.4376830324417,-92.183516021703));
#11032=CARTESIAN_POINT('',(-7.6867438475205,52.4377501105265,-92.183896440427));
#11033=CARTESIAN_POINT('',(-17.6632770831216,55.9206594186373,-91.5693733116464));
#11034=CARTESIAN_POINT('',(-17.6632770831216,42.5986454114949,-93.9184038184815));
#11035=CARTESIAN_POINT('Ctrl Pts',(-17.3294866152845,57.8275354340919,-91.2331527448638));
#11036=CARTESIAN_POINT('Ctrl Pts',(-17.5498414097295,57.2168180128187,-91.3408300401546));
#11037=CARTESIAN_POINT('Ctrl Pts',(-17.6632770831215,56.5687844411872,-91.4550913832987));
#11038=CARTESIAN_POINT('Ctrl Pts',(-17.6632770831215,55.9206594186374,-91.5693733116465));
#11039=CARTESIAN_POINT('Origin',(17.3907348779127,62.203880959472,-105.452587008327));
#11040=CARTESIAN_POINT('',(17.3908510366882,61.6829364268618,-102.498163751505));
#11041=CARTESIAN_POINT('',(17.3908510366885,61.6829364268617,-102.498163751505));
#11042=CARTESIAN_POINT('',(17.3909192609642,61.3769667461128,-100.762923463719));
#11043=CARTESIAN_POINT('',(17.3907648989654,62.0692436639156,-104.689020961795));
#11044=CARTESIAN_POINT('',(17.3909192609642,55.7867058085029,-101.748637296221));
#11045=CARTESIAN_POINT('Origin',(-13.665883365903,50.1962360577915,-102.733166890776));
#11046=CARTESIAN_POINT('',(10.8852902726633,50.1964011297332,-102.734103060278));
#11047=CARTESIAN_POINT('',(18.914125100662,48.6021529015895,-103.015527705775));
#11048=CARTESIAN_POINT('',(18.4641239954777,57.6771382919299,-101.415345239272));
#11049=CARTESIAN_POINT('',(18.4641239954777,50.1964520866779,-102.734392051472));
#11050=CARTESIAN_POINT('Ctrl Pts',(18.4641239954779,57.6771382919295,-101.415345239272));
#11051=CARTESIAN_POINT('Ctrl Pts',(18.4641239962344,57.8602364751656,-101.383060089451));
#11052=CARTESIAN_POINT('Ctrl Pts',(18.456411447754,58.0430579863296,-101.350823286212));
#11053=CARTESIAN_POINT('Ctrl Pts',(18.4411330767216,58.2251520232235,-101.318714488118));
#11054=CARTESIAN_POINT('Ctrl Pts',(18.4257738293593,58.4082099781526,-101.286435721529));
#11055=CARTESIAN_POINT('Ctrl Pts',(18.4027683629393,58.5905334272646,-101.254286195301));
#11056=CARTESIAN_POINT('Ctrl Pts',(18.3722129456491,58.7716646749781,-101.22234666454));
#11057=CARTESIAN_POINT('Ctrl Pts',(18.3417829662176,58.9520523322626,-101.190538253781));
#11058=CARTESIAN_POINT('Ctrl Pts',(18.3038647473947,59.1312582364107,-101.158937996082));
#11059=CARTESIAN_POINT('Ctrl Pts',(18.2585030316475,59.308820344573,-101.12762732012));
#11060=CARTESIAN_POINT('Ctrl Pts',(18.2377448994709,59.3900751571406,-101.113299133025));
#11061=CARTESIAN_POINT('Ctrl Pts',(18.2154273414105,59.4709855420643,-101.099031621464));
#11062=CARTESIAN_POINT('Ctrl Pts',(18.1915512326361,59.551505926449,-101.084832812319));
#11063=CARTESIAN_POINT('Ctrl Pts',(18.1573997546891,59.6666792219629,-101.06452337572));
#11064=CARTESIAN_POINT('Ctrl Pts',(18.1201250932954,59.7808350161809,-101.04439321903));
#11065=CARTESIAN_POINT('Ctrl Pts',(18.079758116793,59.8938482909416,-101.024464345815));
#11066=CARTESIAN_POINT('',(-6.87835102666956,61.3768035695726,-100.761998043574));
#11067=CARTESIAN_POINT('Origin',(14.3908510389374,61.682916256102,-102.498049357442));
#11068=CARTESIAN_POINT('',(14.3907348801613,62.2038607887123,-105.452472614264));
#11069=CARTESIAN_POINT('',(14.3907348801613,62.2038607887123,-105.452472614264));
#11070=CARTESIAN_POINT('Origin',(14.3908510389374,61.682916256102,-102.498049357442));
#11071=CARTESIAN_POINT('Origin',(5.61560141224131,62.2038017883426,-105.45213800654));
#11072=CARTESIAN_POINT('',(-0.94634304496001,62.2037576685409,-105.451887790711));
#11073=CARTESIAN_POINT('Origin',(-0.0927495972556258,74.62057587068,-175.871163118));
#11074=CARTESIAN_POINT('Origin',(-5.79556327353405,62.2037250643888,-105.451702883376));
#11075=CARTESIAN_POINT('Ctrl Pts',(-21.7151001717725,73.68645022322,-170.573473316321));
#11076=CARTESIAN_POINT('Ctrl Pts',(-22.4105736459766,73.6809352429995,-170.542196309262));
#11077=CARTESIAN_POINT('Ctrl Pts',(-23.3051763544458,73.6648297185301,-170.450857341143));
#11078=CARTESIAN_POINT('Ctrl Pts',(-24.1552976947878,73.6320829753436,-170.265141331857));
#11079=CARTESIAN_POINT('Ctrl Pts',(-21.7151001717725,74.5704115952375,-170.417607076531));
#11080=CARTESIAN_POINT('Ctrl Pts',(-22.4106127504198,74.5648963049259,-170.386328310856));
#11081=CARTESIAN_POINT('Ctrl Pts',(-23.3051078681136,74.5487937286467,-170.295006062755));
#11082=CARTESIAN_POINT('Ctrl Pts',(-24.1552976947878,74.5160443473611,-170.109275092067));
#11083=CARTESIAN_POINT('Ctrl Pts',(-21.6963552495172,76.2630871022526,-169.702331855259));
#11084=CARTESIAN_POINT('Ctrl Pts',(-22.3767844289598,76.2576914205979,-169.671731423987));
#11085=CARTESIAN_POINT('Ctrl Pts',(-23.2425369636167,76.2420707046626,-169.583141941693));
#11086=CARTESIAN_POINT('Ctrl Pts',(-24.0663101837846,76.2103388932086,-169.403181896291));
#11087=CARTESIAN_POINT('Ctrl Pts',(-21.6048037350845,78.4011683260928,-167.289596988205));
#11088=CARTESIAN_POINT('Ctrl Pts',(-22.2115642378098,78.3963568238642,-167.262309603091));
#11089=CARTESIAN_POINT('Ctrl Pts',(-22.9369368005751,78.3830895251955,-167.187067013356));
#11090=CARTESIAN_POINT('Ctrl Pts',(-23.6316889414568,78.3563276162113,-167.035292685476));
#11091=CARTESIAN_POINT('Ctrl Pts',(-21.5028098774076,78.7880483086376,-164.953450890285));
#11092=CARTESIAN_POINT('Ctrl Pts',(-22.0275632921803,78.7838871079442,-164.929851548445));
#11093=CARTESIAN_POINT('Ctrl Pts',(-22.5963674851795,78.7732464984529,-164.869505653287));
#11094=CARTESIAN_POINT('Ctrl Pts',(-23.147494907005,78.7520170253305,-164.749107328328));
#11095=CARTESIAN_POINT('Ctrl Pts',(-21.4413893018178,78.5544923492094,-163.628889223716));
#11096=CARTESIAN_POINT('Ctrl Pts',(-21.9166734732215,78.5507234307652,-163.607514625064));
#11097=CARTESIAN_POINT('Ctrl Pts',(-22.3914253613367,78.5416582263169,-163.556103295886));
#11098=CARTESIAN_POINT('Ctrl Pts',(-22.8559138552578,78.5237660917454,-163.454631958376));
#11099=CARTESIAN_POINT('',(-24.1552976947887,73.6320829753436,-170.265141331857));
#11100=CARTESIAN_POINT('Origin',(-22.8559138552578,72.6149195736722,-164.496521024378));
#11101=CARTESIAN_POINT('Ctrl Pts',(-21.7151001717725,73.68645022322,-170.573473316321));
#11102=CARTESIAN_POINT('Ctrl Pts',(-22.4105736459766,73.6809352429995,-170.542196309262));
#11103=CARTESIAN_POINT('Ctrl Pts',(-23.3051763544458,73.6648297185301,-170.450857341143));
#11104=CARTESIAN_POINT('Ctrl Pts',(-24.1552976947878,73.6320829753436,-170.265141331857));
#11105=CARTESIAN_POINT('Origin',(-0.0911335794171819,42.5571145994348,-139.144526885091));
#11106=CARTESIAN_POINT('',(18.0144213405134,64.0456730300903,-161.639378911735));
#11107=CARTESIAN_POINT('',(18.0150375025115,50.8345407605331,-147.809925030541));
#11108=CARTESIAN_POINT('',(-18.1986929237707,64.0454295480811,-161.637998056642));
#11109=CARTESIAN_POINT('',(-18.1980767617728,50.8342972785238,-147.808544175449));
#11110=CARTESIAN_POINT('',(18.014421340514,64.0456730300903,-161.639378911735));
#11111=CARTESIAN_POINT('Origin',(-5.67212830518972,73.8136681198087,-171.294961860375));
#11112=CARTESIAN_POINT('',(5.48698893807295,66.8501341366967,-172.523259524455));
#11113=CARTESIAN_POINT('',(5.48698893808048,73.8137431490997,-171.295387372628));
#11114=CARTESIAN_POINT('',(-0.0355137185312426,66.8500970056718,-172.523048943949));
#11115=CARTESIAN_POINT('Ctrl Pts',(5.48698893808076,66.8501675274938,-172.523253636591));
#11116=CARTESIAN_POINT('Ctrl Pts',(4.56657182864543,66.8501613389897,-172.52321853984));
#11117=CARTESIAN_POINT('Ctrl Pts',(3.6461547192101,66.8501551504855,-172.523183443089));
#11118=CARTESIAN_POINT('Ctrl Pts',(1.80532050033943,66.8501427734773,-172.523113249587));
#11119=CARTESIAN_POINT('Ctrl Pts',(0.884903390903808,66.8501365849731,-172.523078152836));
#11120=CARTESIAN_POINT('Ctrl Pts',(-0.0355137185312415,66.850130396469,
-172.523043056085));
#11121=CARTESIAN_POINT('',(-0.0925696835546208,66.8500966220511,-172.523046768328));
#11122=CARTESIAN_POINT('Ctrl Pts',(-0.0355137185312415,66.850130396469,
-172.523043056085));
#11123=CARTESIAN_POINT('Ctrl Pts',(-0.0545323735392245,66.8501302685955,
-172.523042330878));
#11124=CARTESIAN_POINT('Ctrl Pts',(-0.0735510285469232,66.8501301407219,
-172.523041605671));
#11125=CARTESIAN_POINT('Ctrl Pts',(-0.0925696835546219,66.8501300128483,
-172.523040880464));
#11126=CARTESIAN_POINT('',(-0.149625648577989,66.8500962384304,-172.523044592706));
#11127=CARTESIAN_POINT('Ctrl Pts',(-0.149625648578002,66.8501296292276,
-172.523038704843));
#11128=CARTESIAN_POINT('Ctrl Pts',(-0.130606993570019,66.8501297571012,
-172.52303943005));
#11129=CARTESIAN_POINT('Ctrl Pts',(-0.111588338562321,66.8501298849747,
-172.523040155257));
#11130=CARTESIAN_POINT('Ctrl Pts',(-0.0925696835546219,66.8501300128483,
-172.523040880464));
#11131=CARTESIAN_POINT('Ctrl Pts',(-0.149625648577976,66.8500628476332,
-172.52305048057));
#11132=CARTESIAN_POINT('Ctrl Pts',(-0.609840454608568,66.8500597533391,
-172.523032931956));
#11133=CARTESIAN_POINT('Ctrl Pts',(-1.07004344853269,66.8500566591244,-172.523015383793));
#11134=CARTESIAN_POINT('Ctrl Pts',(-1.9904591762651,66.8500504706296,-172.522980287094));
#11135=CARTESIAN_POINT('Ctrl Pts',(-2.45066831212487,66.8500473763736,-172.522962738697));
#11136=CARTESIAN_POINT('Ctrl Pts',(-2.91087697688372,66.8500442821208,-172.522945190317));
#11137=CARTESIAN_POINT('Ctrl Pts',(-3.37108564164257,66.850041187868,-172.522927641937));
#11138=CARTESIAN_POINT('Ctrl Pts',(-3.83129477750519,66.8500380936121,-172.52291009354));
#11139=CARTESIAN_POINT('Ctrl Pts',(-4.75171050523247,66.8500319051172,-172.522874996841));
#11140=CARTESIAN_POINT('Ctrl Pts',(-5.2119134991358,66.8500288109025,-172.522857448678));
#11141=CARTESIAN_POINT('Ctrl Pts',(-5.6721283051897,66.8500257166084,-172.522839900064));
#11142=CARTESIAN_POINT('Ctrl Pts',(-35.6463444073143,76.2307692145382,-150.45040045623));
#11143=CARTESIAN_POINT('Ctrl Pts',(-35.6463444073143,63.3583470749156,-152.720155786515));
#11144=CARTESIAN_POINT('Ctrl Pts',(-35.6463498585115,76.2552165394655,-150.589048125629));
#11145=CARTESIAN_POINT('Ctrl Pts',(-35.6463498585115,63.3827943998429,-152.858803455914));
#11146=CARTESIAN_POINT('Ctrl Pts',(-35.6457579063428,76.2797729352299,-150.728314366483));
#11147=CARTESIAN_POINT('Ctrl Pts',(-35.6457579063428,63.4073507956073,-152.998069696767));
#11148=CARTESIAN_POINT('Ctrl Pts',(-35.6369417447221,76.4548962139209,-151.721487833115));
#11149=CARTESIAN_POINT('Ctrl Pts',(-35.6369417447221,63.5824740742983,-153.991243163399));
#11150=CARTESIAN_POINT('Ctrl Pts',(-35.6070073665231,76.609520497575,-152.598405721874));
#11151=CARTESIAN_POINT('Ctrl Pts',(-35.6070073665231,63.7370983579524,-154.868161052158));
#11152=CARTESIAN_POINT('Ctrl Pts',(-35.4592461325416,76.9321069243217,-154.427884259138));
#11153=CARTESIAN_POINT('Ctrl Pts',(-35.4592461325416,64.0596847846991,-156.697639589422));
#11154=CARTESIAN_POINT('Ctrl Pts',(-35.3441023629367,77.1005106170788,-155.382949060228));
#11155=CARTESIAN_POINT('Ctrl Pts',(-35.3441023629367,64.2280884774562,-157.652704390512));
#11156=CARTESIAN_POINT('Ctrl Pts',(-34.9613498813958,77.4385539108624,-157.300087846507));
#11157=CARTESIAN_POINT('Ctrl Pts',(-34.9613498813958,64.5661317712398,-159.569843176791));
#11158=CARTESIAN_POINT('Ctrl Pts',(-34.7067839736193,77.6055170738398,-158.246982997246));
#11159=CARTESIAN_POINT('Ctrl Pts',(-34.7067839736193,64.7330949342173,-160.516738327531));
#11160=CARTESIAN_POINT('Ctrl Pts',(-34.0673505185865,77.9208580597553,-160.035370597649));
#11161=CARTESIAN_POINT('Ctrl Pts',(-34.0673505185865,65.0484359201327,-162.305125927933));
#11162=CARTESIAN_POINT('Ctrl Pts',(-33.6965328625724,78.068766522073,-160.874201170959));
#11163=CARTESIAN_POINT('Ctrl Pts',(-33.6965328625724,65.1963443824505,-163.143956501243));
#11164=CARTESIAN_POINT('Ctrl Pts',(-32.8345668441395,78.3568160107557,-162.507810999275));
#11165=CARTESIAN_POINT('Ctrl Pts',(-32.8345668441395,65.4843938711331,-164.77756632956));
#11166=CARTESIAN_POINT('Ctrl Pts',(-32.3432646840152,78.4978276736968,-163.307527879667));
#11167=CARTESIAN_POINT('Ctrl Pts',(-32.3432646840152,65.6254055340743,-165.577283209952));
#11168=CARTESIAN_POINT('Ctrl Pts',(-31.3690707809306,78.7286090082678,-164.616353866727));
#11169=CARTESIAN_POINT('Ctrl Pts',(-31.3690707809306,65.8561868686452,-166.886109197011));
#11170=CARTESIAN_POINT('Ctrl Pts',(-30.9559237207998,78.8171096219607,-165.118265788188));
#11171=CARTESIAN_POINT('Ctrl Pts',(-30.9559237207998,65.9446874823382,-167.388021118473));
#11172=CARTESIAN_POINT('Ctrl Pts',(-29.843710310428,79.0219442676991,-166.279940790592));
#11173=CARTESIAN_POINT('Ctrl Pts',(-29.843710310428,66.1495221280765,-168.549696120877));
#11174=CARTESIAN_POINT('Ctrl Pts',(-29.0895129251937,79.1413652032917,-166.9572105715));
#11175=CARTESIAN_POINT('Ctrl Pts',(-29.0895129251937,66.2689430636691,-169.226965901785));
#11176=CARTESIAN_POINT('Ctrl Pts',(-27.7235861484977,79.2972135786171,-167.841070629101));
#11177=CARTESIAN_POINT('Ctrl Pts',(-27.7235861484977,66.4247914389946,-170.110825959385));
#11178=CARTESIAN_POINT('Ctrl Pts',(-27.2927538529533,79.3403760301872,-168.08585705598));
#11179=CARTESIAN_POINT('Ctrl Pts',(-27.2927538529533,66.4679538905646,-170.355612386264));
#11180=CARTESIAN_POINT('Ctrl Pts',(-26.0587800273214,79.4454628241612,-168.681833880127));
#11181=CARTESIAN_POINT('Ctrl Pts',(-26.0587800273214,66.5730406845386,-170.951589210411));
#11182=CARTESIAN_POINT('Ctrl Pts',(-25.2292667615163,79.4954570729192,-168.965365354194));
#11183=CARTESIAN_POINT('Ctrl Pts',(-25.2292667615163,66.6230349332967,-171.235120684478));
#11184=CARTESIAN_POINT('Ctrl Pts',(-23.4353507852117,79.5725992546373,-169.402860406897));
#11185=CARTESIAN_POINT('Ctrl Pts',(-23.4353507852117,66.7001771150147,-171.672615737181));
#11186=CARTESIAN_POINT('Ctrl Pts',(-22.5255603550383,79.5888699370427,-169.495136032215));
#11187=CARTESIAN_POINT('Ctrl Pts',(-22.5255603550383,66.7164477974201,-171.7648913625));
#11188=CARTESIAN_POINT('Ctrl Pts',(-21.7151001717722,79.5952967412933,-169.53158425032));
#11189=CARTESIAN_POINT('Ctrl Pts',(-21.7151001717722,66.7228746016707,-171.801339580604));
#11190=CARTESIAN_POINT('',(-34.3789258200585,64.894780427165,-161.433702324181));
#11191=CARTESIAN_POINT('',(-33.8420061373077,65.131112456256,-162.774007865494));
#11192=CARTESIAN_POINT('Ctrl Pts',(-34.3770902986689,64.8949794821856,-161.434831221301));
#11193=CARTESIAN_POINT('Ctrl Pts',(-34.3489775498811,64.9089486471138,-161.514054292393));
#11194=CARTESIAN_POINT('Ctrl Pts',(-34.3203437321041,64.9228742491499,-161.593030306048));
#11195=CARTESIAN_POINT('Ctrl Pts',(-34.2911900621059,64.9367473911153,-161.671708803857));
#11196=CARTESIAN_POINT('Ctrl Pts',(-34.1530752351065,65.0024710753927,-162.044446339618));
#11197=CARTESIAN_POINT('Ctrl Pts',(-34.003293009257,65.0670173624339,-162.410506523838));
#11198=CARTESIAN_POINT('Ctrl Pts',(-33.8421358852917,65.1306310931549,-162.771277918354));
#11199=CARTESIAN_POINT('',(-35.1414396964856,64.4070781864666,-158.667805473122));
#11200=CARTESIAN_POINT('Ctrl Pts',(-35.1414396964858,64.4070781864666,-158.667805473122));
#11201=CARTESIAN_POINT('Ctrl Pts',(-35.1390302718034,64.4110756118064,-158.679544217271));
#11202=CARTESIAN_POINT('Ctrl Pts',(-35.1358549248771,64.41625239337,-158.694954416483));
#11203=CARTESIAN_POINT('Ctrl Pts',(-35.1328025155248,64.4211697354231,-158.709671559786));
#11204=CARTESIAN_POINT('Ctrl Pts',(-35.1307338549127,64.4245022870726,-158.719645574134));
#11205=CARTESIAN_POINT('Ctrl Pts',(-35.1287226905782,64.4277155666507,-158.729300632645));
#11206=CARTESIAN_POINT('Ctrl Pts',(-35.1270577778307,64.4303604685551,-158.73727110134));
#11207=CARTESIAN_POINT('Ctrl Pts',(-35.0950953642954,64.4811363717104,-158.890285376046));
#11208=CARTESIAN_POINT('Ctrl Pts',(-35.061126061568,64.5278077371565,-159.044153593872));
#11209=CARTESIAN_POINT('Ctrl Pts',(-35.0251938540566,64.5703417029289,-159.198684624471));
#11210=CARTESIAN_POINT('Ctrl Pts',(-34.9868912849979,64.6156815324071,-159.363409696522));
#11211=CARTESIAN_POINT('Ctrl Pts',(-34.9463585697478,64.6563201869245,-159.528888470996));
#11212=CARTESIAN_POINT('Ctrl Pts',(-34.9036141978963,64.6922262359419,-159.694936929847));
#11213=CARTESIAN_POINT('Ctrl Pts',(-34.8889442902715,64.7045492248979,-159.751924913225));
#11214=CARTESIAN_POINT('Ctrl Pts',(-34.8740135734711,64.7163148366014,-159.808980346921));
#11215=CARTESIAN_POINT('Ctrl Pts',(-34.8588218467852,64.7275219719101,-159.866096764276));
#11216=CARTESIAN_POINT('Ctrl Pts',(-34.8117943332816,64.7622147831988,-160.042906362287));
#11217=CARTESIAN_POINT('Ctrl Pts',(-34.7623776241594,64.7914690131376,-160.219887879593));
#11218=CARTESIAN_POINT('Ctrl Pts',(-34.710589424284,64.8153635621015,-160.396803526861));
#11219=CARTESIAN_POINT('Ctrl Pts',(-34.6549872373055,64.8410178459431,-160.586748281119));
#11220=CARTESIAN_POINT('Ctrl Pts',(-34.5966518469881,64.8604941425612,-160.776618239547));
#11221=CARTESIAN_POINT('Ctrl Pts',(-34.5355567151495,64.8738967020319,-160.966156555772));
#11222=CARTESIAN_POINT('Ctrl Pts',(-34.4929756894652,64.88323778555,-161.098257685083));
#11223=CARTESIAN_POINT('Ctrl Pts',(-34.4490530583154,64.8896286551885,-161.230198545807));
#11224=CARTESIAN_POINT('Ctrl Pts',(-34.4037658089302,64.8931054251823,-161.361896831382));
#11225=CARTESIAN_POINT('Ctrl Pts',(-34.3993494907967,64.8934444725429,-161.374739773593));
#11226=CARTESIAN_POINT('Ctrl Pts',(-34.3935247618651,64.893868460165,-161.391624894575));
#11227=CARTESIAN_POINT('Ctrl Pts',(-34.3880303109919,64.8942300784448,-161.407481477751));
#11228=CARTESIAN_POINT('Ctrl Pts',(-34.384750716243,64.8944459255675,-161.41694614822));
#11229=CARTESIAN_POINT('Ctrl Pts',(-34.381589815376,64.894639619239,-161.426044753856));
#11230=CARTESIAN_POINT('Ctrl Pts',(-34.3789258200586,64.894780427165,-161.433702324181));
#11231=CARTESIAN_POINT('',(-35.5317931826943,63.9013029612048,-155.799411633281));
#11232=CARTESIAN_POINT('Ctrl Pts',(-35.5302574460888,63.901263791278,-155.799189489588));
#11233=CARTESIAN_POINT('Ctrl Pts',(-35.466616405365,64.045225466684,-156.615636722039));
#11234=CARTESIAN_POINT('Ctrl Pts',(-35.3687874519204,64.1965156054189,-157.473645735334));
#11235=CARTESIAN_POINT('Ctrl Pts',(-35.1960714139145,64.3575664621904,-158.387010531376));
#11236=CARTESIAN_POINT('Ctrl Pts',(-35.1785819358746,64.3738747069564,-158.479499183427));
#11237=CARTESIAN_POINT('Ctrl Pts',(-35.160324574422,64.3902830369843,-158.572555447205));
#11238=CARTESIAN_POINT('Ctrl Pts',(-35.1413014125373,64.4067762212282,-158.666092943155));
#11239=CARTESIAN_POINT('',(-35.6445156116499,63.4320276027177,-153.138018824299));
#11240=CARTESIAN_POINT('Ctrl Pts',(-35.6443666224402,63.4319850803103,-153.137777667742));
#11241=CARTESIAN_POINT('Ctrl Pts',(-35.6373693092218,63.560629159464,-153.867354495049));
#11242=CARTESIAN_POINT('Ctrl Pts',(-35.611348127789,63.6924053517483,-154.614694418609));
#11243=CARTESIAN_POINT('Ctrl Pts',(-35.5590718658325,63.8307980483089,-155.399558402581));
#11244=CARTESIAN_POINT('Ctrl Pts',(-35.5502715148827,63.8540955116899,-155.531684883097));
#11245=CARTESIAN_POINT('Ctrl Pts',(-35.540727110222,63.8775804829537,-155.66487477366));
#11246=CARTESIAN_POINT('Ctrl Pts',(-35.5302574460888,63.901263791278,-155.799189489588));
#11247=CARTESIAN_POINT('',(-35.6463444073143,63.3583136840901,-152.720161674218));
#11248=CARTESIAN_POINT('Ctrl Pts',(-35.6463444073143,63.3583470749156,-152.720155786515));
#11249=CARTESIAN_POINT('Ctrl Pts',(-35.6463498585115,63.3827943998441,-152.858803455921));
#11250=CARTESIAN_POINT('Ctrl Pts',(-35.6457579063428,63.4073507956098,-152.998069696781));
#11251=CARTESIAN_POINT('Ctrl Pts',(-35.6445156116497,63.4320276027177,-153.138018824298));
#11252=CARTESIAN_POINT('',(-35.6463444073143,64.5572512201758,-152.508756638422));
#11253=CARTESIAN_POINT('',(-35.6463444073143,70.3219226964649,-151.492289522232));
#11254=CARTESIAN_POINT('',(-35.6445156116499,64.6464589314535,-152.923881814801));
#11255=CARTESIAN_POINT('Ctrl Pts',(-35.6445276525597,64.6464209031723,-152.923891411254));
#11256=CARTESIAN_POINT('Ctrl Pts',(-35.644528931595,64.6463858867703,-152.923745476466));
#11257=CARTESIAN_POINT('Ctrl Pts',(-35.6445302098834,64.6463508747169,-152.923599542166));
#11258=CARTESIAN_POINT('Ctrl Pts',(-35.6457300993903,64.6134710233479,-152.786535940692));
#11259=CARTESIAN_POINT('Ctrl Pts',(-35.6463498645518,64.5834891853325,-152.647246978276));
#11260=CARTESIAN_POINT('Ctrl Pts',(-35.6463444073143,64.5572512201762,-152.508756638422));
#11261=CARTESIAN_POINT('',(-35.5317931826923,65.6177713735085,-155.496751940681));
#11262=CARTESIAN_POINT('Ctrl Pts',(-35.5317837131197,65.6176925006268,-155.49679534131));
#11263=CARTESIAN_POINT('Ctrl Pts',(-35.5317856099994,65.617681692648,-155.496773146093));
#11264=CARTESIAN_POINT('Ctrl Pts',(-35.5317875068533,65.6176708847083,-155.496750950876));
#11265=CARTESIAN_POINT('Ctrl Pts',(-35.6037480052194,65.2076485329163,-154.65472489078));
#11266=CARTESIAN_POINT('Ctrl Pts',(-35.6370165860949,64.8520528494002,-153.780885646597));
#11267=CARTESIAN_POINT('Ctrl Pts',(-35.6445276525597,64.6464209031723,-152.923891411254));
#11268=CARTESIAN_POINT('',(-35.1414396964822,67.0731232537646,-158.197709795991));
#11269=CARTESIAN_POINT('Ctrl Pts',(-35.141065864542,67.0731105620688,-158.19763740436));
#11270=CARTESIAN_POINT('Ctrl Pts',(-35.3406677424878,66.5396120544423,-157.260421937933));
#11271=CARTESIAN_POINT('Ctrl Pts',(-35.4565555539213,66.0486378886984,-156.376845250912));
#11272=CARTESIAN_POINT('Ctrl Pts',(-35.5318309226603,65.6192802824858,-155.495909237275));
#11273=CARTESIAN_POINT('',(-34.3789258200585,68.6221647215721,-160.776463905608));
#11274=CARTESIAN_POINT('Ctrl Pts',(-34.3797531891411,68.6230145996353,-160.776253483621));
#11275=CARTESIAN_POINT('Ctrl Pts',(-34.3800103020308,68.622598669935,-160.775584531319));
#11276=CARTESIAN_POINT('Ctrl Pts',(-34.3802673646577,68.6221827384159,-160.774915575683));
#11277=CARTESIAN_POINT('Ctrl Pts',(-34.5417708873985,68.3608151484845,-160.354549676354));
#11278=CARTESIAN_POINT('Ctrl Pts',(-34.8291202900582,67.8379293915491,-159.497864705623));
#11279=CARTESIAN_POINT('Ctrl Pts',(-35.0449990532989,67.3258129526049,-158.648327413318));
#11280=CARTESIAN_POINT('Ctrl Pts',(-35.1397562159005,67.0733362027582,-158.204352116127));
#11281=CARTESIAN_POINT('Ctrl Pts',(-35.1402750742597,67.0719525053329,-158.201918772144));
#11282=CARTESIAN_POINT('Ctrl Pts',(-35.1407933684123,67.070569093915,-158.199485789788));
#11283=CARTESIAN_POINT('',(-33.2688366238404,70.0856255012428,-163.117621882444));
#11284=CARTESIAN_POINT('Ctrl Pts',(-33.270266792469,70.0878570492272,-163.117020094481));
#11285=CARTESIAN_POINT('Ctrl Pts',(-33.271268901173,70.0867390905075,-163.115256027791));
#11286=CARTESIAN_POINT('Ctrl Pts',(-33.2722703779716,70.0856211199849,-163.113492349116));
#11287=CARTESIAN_POINT('Ctrl Pts',(-33.6901168269787,69.6188704379629,-162.377329848769));
#11288=CARTESIAN_POINT('Ctrl Pts',(-34.0711420136813,69.1222527118736,-161.57919322124));
#11289=CARTESIAN_POINT('Ctrl Pts',(-34.3797531891411,68.6230145996353,-160.776253483621));
#11290=CARTESIAN_POINT('',(-31.7392290888185,71.4379505170354,-165.389125464152));
#11291=CARTESIAN_POINT('Ctrl Pts',(-31.7405792131655,71.4389352782206,-165.389634012859));
#11292=CARTESIAN_POINT('Ctrl Pts',(-31.7412592681704,71.4384448451152,-165.388778245602));
#11293=CARTESIAN_POINT('Ctrl Pts',(-31.7419390300309,71.4379544085325,-165.387922667229));
#11294=CARTESIAN_POINT('Ctrl Pts',(-32.3297599983726,71.0136654810666,-164.647909520265));
#11295=CARTESIAN_POINT('Ctrl Pts',(-32.8544207404274,70.5517774982539,-163.849056614643));
#11296=CARTESIAN_POINT('Ctrl Pts',(-33.270266792469,70.0878570492272,-163.117020094481));
#11297=CARTESIAN_POINT('',(-30.4680550036935,72.1966379420454,-166.811041436191));
#11298=CARTESIAN_POINT('Ctrl Pts',(-30.4693650246354,72.1986819372776,-166.811306425176));
#11299=CARTESIAN_POINT('Ctrl Pts',(-30.4713688118937,72.1976534739883,-166.809333402702));
#11300=CARTESIAN_POINT('Ctrl Pts',(-30.4733702991633,72.1966249981809,-166.807361664365));
#11301=CARTESIAN_POINT('Ctrl Pts',(-30.9359812567792,71.9586335729787,-166.351401290211));
#11302=CARTESIAN_POINT('Ctrl Pts',(-31.3795821879173,71.6992743550048,-165.843905258382));
#11303=CARTESIAN_POINT('Ctrl Pts',(-31.7405792131655,71.4389352782206,-165.389634012859));
#11304=CARTESIAN_POINT('',(-28.1194386909761,73.0601882189826,-168.676715406013));
#11305=CARTESIAN_POINT('Ctrl Pts',(-28.1192574435911,73.0607798134771,-168.676179015697));
#11306=CARTESIAN_POINT('Ctrl Pts',(-28.1207505331315,73.0603960660004,-168.675251255718));
#11307=CARTESIAN_POINT('Ctrl Pts',(-28.1222435747301,73.0600121446018,-168.674323060273));
#11308=CARTESIAN_POINT('Ctrl Pts',(-28.1847429786018,73.0439332314737,-168.635448884271));
#11309=CARTESIAN_POINT('Ctrl Pts',(-28.2954594537978,73.0132828637911,-168.56565076892));
#11310=CARTESIAN_POINT('Ctrl Pts',(-28.5211056222882,72.949323073166,-168.41826172613));
#11311=CARTESIAN_POINT('Ctrl Pts',(-28.9061066561899,72.8329675994705,-168.153445361959));
#11312=CARTESIAN_POINT('Ctrl Pts',(-29.6407351142278,72.5837719260172,-167.594163440169));
#11313=CARTESIAN_POINT('Ctrl Pts',(-30.1693237868378,72.3526810192933,-167.106741034265));
#11314=CARTESIAN_POINT('Ctrl Pts',(-30.4693650246354,72.1986819372776,-166.811306425176));
#11315=CARTESIAN_POINT('',(-26.8426711239187,73.3393423435098,-169.368137845428));
#11316=CARTESIAN_POINT('Ctrl Pts',(-26.8420485434287,73.3387678875776,-169.367110767562));
#11317=CARTESIAN_POINT('Ctrl Pts',(-27.0870083660609,73.2966485837555,-169.252493193865));
#11318=CARTESIAN_POINT('Ctrl Pts',(-27.5108602547468,73.2103163857346,-169.037153704859));
#11319=CARTESIAN_POINT('Ctrl Pts',(-27.9171091007036,73.1127351144765,-168.80178778692));
#11320=CARTESIAN_POINT('Ctrl Pts',(-28.1192574435911,73.0607798134771,-168.676179015697));
#11321=CARTESIAN_POINT('',(-24.4721114637511,73.6170084320404,-170.19228838329));
#11322=CARTESIAN_POINT('Ctrl Pts',(-24.472117997278,73.6170135713537,-170.192314241178));
#11323=CARTESIAN_POINT('Ctrl Pts',(-24.4721355832785,73.6170125746483,-170.19230999581));
#11324=CARTESIAN_POINT('Ctrl Pts',(-24.4721531692694,73.6170115779166,-170.19230575041));
#11325=CARTESIAN_POINT('Ctrl Pts',(-24.5180113983158,73.6144123738434,-170.181235114879));
#11326=CARTESIAN_POINT('Ctrl Pts',(-24.626962417825,73.608062649691,-170.154152666268));
#11327=CARTESIAN_POINT('Ctrl Pts',(-24.8286861586543,73.5944619849387,-170.101173942489));
#11328=CARTESIAN_POINT('Ctrl Pts',(-25.1760469522093,73.5668885853685,-170.003532011733));
#11329=CARTESIAN_POINT('Ctrl Pts',(-25.8452319063656,73.4970731989769,-169.789315989415));
#11330=CARTESIAN_POINT('Ctrl Pts',(-26.4181093767671,73.4115128462091,-169.565285475264));
#11331=CARTESIAN_POINT('Ctrl Pts',(-26.8389011484965,73.3393087848606,-169.368583093823));
#11332=CARTESIAN_POINT('Ctrl Pts',(-26.8404755249644,73.3390383582283,-169.367846788505));
#11333=CARTESIAN_POINT('Ctrl Pts',(-26.8420485434287,73.3387678875776,-169.367110767562));
#11334=CARTESIAN_POINT('Ctrl Pts',(-24.1552976947872,73.6320829753436,-170.265141331857));
#11335=CARTESIAN_POINT('Ctrl Pts',(-24.26153324991,73.6279907731181,-170.241933299774));
#11336=CARTESIAN_POINT('Ctrl Pts',(-24.366999232779,73.6229712899237,-170.217690555832));
#11337=CARTESIAN_POINT('Ctrl Pts',(-24.472117997278,73.6170135713537,-170.192314241178));
#11338=CARTESIAN_POINT('',(-24.472111463752,66.6555942127392,-171.41977353404));
#11339=CARTESIAN_POINT('Ctrl Pts',(-24.472111463752,66.6555942127392,-171.41977353404));
#11340=CARTESIAN_POINT('Ctrl Pts',(-23.4353507852117,66.7001771150148,-171.672615737182));
#11341=CARTESIAN_POINT('Ctrl Pts',(-22.5255603550383,66.7164477974201,-171.7648913625));
#11342=CARTESIAN_POINT('Ctrl Pts',(-21.7151001717719,66.7228746016707,-171.801339580604));
#11343=CARTESIAN_POINT('',(-26.8426711239181,66.5062835131505,-170.572990477989));
#11344=CARTESIAN_POINT('Ctrl Pts',(-26.8426711239182,66.5062835131505,-170.572990477989));
#11345=CARTESIAN_POINT('Ctrl Pts',(-26.8375313873467,66.5079721329463,-170.57525226549));
#11346=CARTESIAN_POINT('Ctrl Pts',(-26.8280279256929,66.5110370101447,-170.579435042104));
#11347=CARTESIAN_POINT('Ctrl Pts',(-26.819627368664,66.5137340931131,-170.583117606786));
#11348=CARTESIAN_POINT('Ctrl Pts',(-26.8146405647551,66.5153351564525,-170.585303679435));
#11349=CARTESIAN_POINT('Ctrl Pts',(-26.8100429472226,66.5168068041648,-170.587314574005));
#11350=CARTESIAN_POINT('Ctrl Pts',(-26.8069819649066,66.5177856587713,-170.588652089509));
#11351=CARTESIAN_POINT('Ctrl Pts',(-26.6805112318655,66.5582290350593,-170.643914272931));
#11352=CARTESIAN_POINT('Ctrl Pts',(-26.5519969683056,66.5934611474357,-170.697999313986));
#11353=CARTESIAN_POINT('Ctrl Pts',(-26.4217390268423,66.6232783339423,-170.750882571732));
#11354=CARTESIAN_POINT('Ctrl Pts',(-26.3185308224012,66.6469035981393,-170.792783940782));
#11355=CARTESIAN_POINT('Ctrl Pts',(-26.2142283396572,66.6671292890811,-170.833930305809));
#11356=CARTESIAN_POINT('Ctrl Pts',(-26.1090000491365,66.6838517861246,-170.874296289057));
#11357=CARTESIAN_POINT('Ctrl Pts',(-25.9849216162988,66.7035698791965,-170.921893260524));
#11358=CARTESIAN_POINT('Ctrl Pts',(-25.8596961624763,66.7183942149301,-170.96835181795));
#11359=CARTESIAN_POINT('Ctrl Pts',(-25.7336289043443,66.7281841842841,-171.01362265721));
#11360=CARTESIAN_POINT('Ctrl Pts',(-25.6782979575244,66.7324810039478,-171.033492038339));
#11361=CARTESIAN_POINT('Ctrl Pts',(-25.6228053988934,66.7358079798744,-171.053132304133));
#11362=CARTESIAN_POINT('Ctrl Pts',(-25.5671798821268,66.7381529531093,-171.07253774971));
#11363=CARTESIAN_POINT('Ctrl Pts',(-25.4481545738258,66.7431706352537,-171.11406076427));
#11364=CARTESIAN_POINT('Ctrl Pts',(-25.3285908536696,66.7436886526471,-171.154484545173));
#11365=CARTESIAN_POINT('Ctrl Pts',(-25.2087979578834,66.7396046643237,-171.1937433999));
#11366=CARTESIAN_POINT('Ctrl Pts',(-25.129803127846,66.7369115666958,-171.21963180118));
#11367=CARTESIAN_POINT('Ctrl Pts',(-25.0507094632373,66.7322172338993,-171.245013227401));
#11368=CARTESIAN_POINT('Ctrl Pts',(-24.9716171234631,66.7254914397092,-171.269863850563));
#11369=CARTESIAN_POINT('Ctrl Pts',(-24.8584648090571,66.7158692793204,-171.305416035936));
#11370=CARTESIAN_POINT('Ctrl Pts',(-24.7453128528563,66.702088965131,-171.339882617705));
#11371=CARTESIAN_POINT('Ctrl Pts',(-24.6325007299713,66.6840680265423,-171.37317572788));
#11372=CARTESIAN_POINT('Ctrl Pts',(-24.5913633140878,66.6774966153643,-171.385316200768));
#11373=CARTESIAN_POINT('Ctrl Pts',(-24.550271547386,66.6703612889174,-171.397300475101));
#11374=CARTESIAN_POINT('Ctrl Pts',(-24.5092435553541,66.662657950343,-171.409123734813));
#11375=CARTESIAN_POINT('Ctrl Pts',(-24.5041900124512,66.6617091066377,-171.41058004177));
#11376=CARTESIAN_POINT('Ctrl Pts',(-24.4952604237484,66.6600285214694,-171.41314785701));
#11377=CARTESIAN_POINT('Ctrl Pts',(-24.4870049414453,66.6584579802244,-171.415512671076));
#11378=CARTESIAN_POINT('Ctrl Pts',(-24.481173569146,66.6573486070375,-171.417183089681));
#11379=CARTESIAN_POINT('Ctrl Pts',(-24.4756777880834,66.6562943301573,-171.418753298145));
#11380=CARTESIAN_POINT('Ctrl Pts',(-24.472111463752,66.6555942127392,-171.41977353404));
#11381=CARTESIAN_POINT('',(-28.1194386909945,66.3796257854111,-169.854678809346));
#11382=CARTESIAN_POINT('Ctrl Pts',(-28.1194386909945,66.3796257854111,-169.854678809346));
#11383=CARTESIAN_POINT('Ctrl Pts',(-28.1068820744617,66.3830307288241,-169.862456145217));
#11384=CARTESIAN_POINT('Ctrl Pts',(-28.0925610309021,66.3867969297882,-169.871307702132));
#11385=CARTESIAN_POINT('Ctrl Pts',(-28.0785780382899,66.3904002820449,-169.879917034404));
#11386=CARTESIAN_POINT('Ctrl Pts',(-28.0694968398705,66.3927404647029,-169.885508330688));
#11387=CARTESIAN_POINT('Ctrl Pts',(-28.0605593082537,66.3950120197349,-169.890997794437));
#11388=CARTESIAN_POINT('Ctrl Pts',(-28.0523526240959,66.3970720691272,-169.896028716262));
#11389=CARTESIAN_POINT('Ctrl Pts',(-27.9990534834719,66.410451268343,-169.928702547088));
#11390=CARTESIAN_POINT('Ctrl Pts',(-27.9453637786178,66.4226640822487,-169.961215572485));
#11391=CARTESIAN_POINT('Ctrl Pts',(-27.8913233868143,66.4337156557586,-169.993540856219));
#11392=CARTESIAN_POINT('Ctrl Pts',(-27.7784763606344,66.4567935270246,-170.061042441943));
#11393=CARTESIAN_POINT('Ctrl Pts',(-27.6641262100561,66.4748025543921,-170.127710425914));
#11394=CARTESIAN_POINT('Ctrl Pts',(-27.5485927949662,66.4878040314753,-170.193321153903));
#11395=CARTESIAN_POINT('Ctrl Pts',(-27.5114157182878,66.4919877294131,-170.214433791));
#11396=CARTESIAN_POINT('Ctrl Pts',(-27.474115738554,66.4956529410811,-170.235437110821));
#11397=CARTESIAN_POINT('Ctrl Pts',(-27.4367024760027,66.4988017809546,-170.256324070609));
#11398=CARTESIAN_POINT('Ctrl Pts',(-27.314441242942,66.5090917428395,-170.324579691328));
#11399=CARTESIAN_POINT('Ctrl Pts',(-27.1910676610511,66.5138597588797,-170.391539220201));
#11400=CARTESIAN_POINT('Ctrl Pts',(-27.0668862337266,66.5132092815294,-170.456975051564));
#11401=CARTESIAN_POINT('Ctrl Pts',(-27.0167007862022,66.5129464040796,-170.483419637939));
#11402=CARTESIAN_POINT('Ctrl Pts',(-26.9663828079169,66.5117986051732,-170.509615558759));
#11403=CARTESIAN_POINT('Ctrl Pts',(-26.9159501349941,66.5097728233034,-170.535548417053));
#11404=CARTESIAN_POINT('Ctrl Pts',(-26.9016795880025,66.5091996033313,-170.542886439241));
#11405=CARTESIAN_POINT('Ctrl Pts',(-26.8853539562666,66.5084786805545,-170.551249877149));
#11406=CARTESIAN_POINT('Ctrl Pts',(-26.8695448156754,66.5077000082719,-170.55931290127));
#11407=CARTESIAN_POINT('Ctrl Pts',(-26.8602299860456,66.5072412104259,-170.56406367792));
#11408=CARTESIAN_POINT('Ctrl Pts',(-26.8510950886931,66.5067625064602,-170.568710969447));
#11409=CARTESIAN_POINT('Ctrl Pts',(-26.8426711239182,66.5062835131505,-170.572990477989));
#11410=CARTESIAN_POINT('',(-30.4680550036935,66.0345375191237,-167.897585998587));
#11411=CARTESIAN_POINT('Ctrl Pts',(-30.4680550036935,66.0345375191237,-167.897585998587));
#11412=CARTESIAN_POINT('Ctrl Pts',(-29.843710310428,66.1495221280765,-168.549696120877));
#11413=CARTESIAN_POINT('Ctrl Pts',(-29.0895129251937,66.2689430636691,-169.226965901785));
#11414=CARTESIAN_POINT('Ctrl Pts',(-28.1194386909758,66.3796257854132,-169.854678809358));
#11415=CARTESIAN_POINT('',(-31.7392290888992,65.7684983417051,-166.388802848387));
#11416=CARTESIAN_POINT('Ctrl Pts',(-31.7403380878678,65.7689623013591,-166.391434094338));
#11417=CARTESIAN_POINT('Ctrl Pts',(-31.3959100264422,65.8505431183227,-166.854101898413));
#11418=CARTESIAN_POINT('Ctrl Pts',(-31.0099313126693,65.9326241031537,-167.319606295421));
#11419=CARTESIAN_POINT('Ctrl Pts',(-30.5634370575153,66.0163648265044,-167.794523537321));
#11420=CARTESIAN_POINT('Ctrl Pts',(-30.530909539279,66.0224654154245,-167.829121696353));
#11421=CARTESIAN_POINT('Ctrl Pts',(-30.4980608495204,66.0285748130033,-167.863769811771));
#11422=CARTESIAN_POINT('Ctrl Pts',(-30.4648743097084,66.0346917760895,-167.898460833313));
#11423=CARTESIAN_POINT('',(-33.2688366239956,65.339270762608,-163.954532282575));
#11424=CARTESIAN_POINT('Ctrl Pts',(-33.2688366238407,65.3392707626599,-163.954532282869));
#11425=CARTESIAN_POINT('Ctrl Pts',(-32.8345668441395,65.4843938711331,-164.77756632956));
#11426=CARTESIAN_POINT('Ctrl Pts',(-32.3432646840152,65.6254055340742,-165.577283209952));
#11427=CARTESIAN_POINT('Ctrl Pts',(-31.7392290888185,65.7684983417242,-166.388802848495));
#11428=CARTESIAN_POINT('Ctrl Pts',(-33.8420061372508,65.1311124564802,-162.77400786543));
#11429=CARTESIAN_POINT('Ctrl Pts',(-33.6557746828017,65.2049612284028,-163.192825063035));
#11430=CARTESIAN_POINT('Ctrl Pts',(-33.4636256405242,65.274176692169,-163.585365464329));
#11431=CARTESIAN_POINT('Ctrl Pts',(-33.2688366237071,65.339270762582,-163.954532282427));
#11432=CARTESIAN_POINT('Ctrl Pts',(-21.7150322074889,66.8654901257106,-171.77468136661));
#11433=CARTESIAN_POINT('Ctrl Pts',(-22.3697699648095,66.8602981724369,-171.7452363364));
#11434=CARTESIAN_POINT('Ctrl Pts',(-23.7891061423294,66.8383830345277,-171.620949413201));
#11435=CARTESIAN_POINT('Ctrl Pts',(-26.0398621662952,66.7250196393492,-170.978033651115));
#11436=CARTESIAN_POINT('Ctrl Pts',(-27.7725414744816,66.5662449416625,-170.077577594709));
#11437=CARTESIAN_POINT('Ctrl Pts',(-29.2517285853554,66.387934766326,-169.06633033907));
#11438=CARTESIAN_POINT('Ctrl Pts',(-31.1853020921915,66.0648080985721,-167.233787942804));
#11439=CARTESIAN_POINT('Ctrl Pts',(-32.8899202483872,65.6321950121674,-164.780317210948));
#11440=CARTESIAN_POINT('Ctrl Pts',(-34.388169924905,65.0894594086247,-161.702310649717));
#11441=CARTESIAN_POINT('Ctrl Pts',(-35.2961497185899,64.4871606654248,-158.286504737429));
#11442=CARTESIAN_POINT('Ctrl Pts',(-35.5948662847447,63.9642613454596,-155.32099533062));
#11443=CARTESIAN_POINT('Ctrl Pts',(-35.6448884620697,63.6532354057892,-153.557079573538));
#11444=CARTESIAN_POINT('Ctrl Pts',(-35.6448545663273,63.5012210478132,-152.694963308828));
#11445=CARTESIAN_POINT('Ctrl Pts',(-21.7150777048558,66.8178237203891,-171.784097916401));
#11446=CARTESIAN_POINT('Ctrl Pts',(-22.3698558763537,66.8126313255988,-171.754650382226));
#11447=CARTESIAN_POINT('Ctrl Pts',(-23.7892851246647,66.7907151510727,-171.630357580081));
#11448=CARTESIAN_POINT('Ctrl Pts',(-26.0402315892863,66.6773423412903,-170.987388425123));
#11449=CARTESIAN_POINT('Ctrl Pts',(-27.7730612497679,66.5185538207351,-170.086853975334));
#11450=CARTESIAN_POINT('Ctrl Pts',(-29.2523698867598,66.3402289712648,-169.075523498547));
#11451=CARTESIAN_POINT('Ctrl Pts',(-31.1860803784241,66.0170788639131,-167.242848169716));
#11452=CARTESIAN_POINT('Ctrl Pts',(-32.8907866411632,65.5844426648724,-164.789246359588));
#11453=CARTESIAN_POINT('Ctrl Pts',(-34.3891110809994,65.0416804778885,-161.71108903617));
#11454=CARTESIAN_POINT('Ctrl Pts',(-35.2971373295039,64.4393502879061,-158.295104780316));
#11455=CARTESIAN_POINT('Ctrl Pts',(-35.5958619972888,63.9164321697403,-155.329488763614));
#11456=CARTESIAN_POINT('Ctrl Pts',(-35.6458863093886,63.6053990505056,-153.565532289199));
#11457=CARTESIAN_POINT('Ctrl Pts',(-35.6458519114487,63.4533816289221,-152.703398649907));
#11458=CARTESIAN_POINT('Ctrl Pts',(-21.7151001717677,66.7702580122768,-171.792984606877));
#11459=CARTESIAN_POINT('Ctrl Pts',(-22.3698968664314,66.7650655916405,-171.763536926122));
#11460=CARTESIAN_POINT('Ctrl Pts',(-23.789374198617,66.743148650211,-171.639239774651));
#11461=CARTESIAN_POINT('Ctrl Pts',(-26.0404137115829,66.6297712890113,-170.996244807323));
#11462=CARTESIAN_POINT('Ctrl Pts',(-27.7733176833743,66.4709759773338,-170.095671843166));
#11463=CARTESIAN_POINT('Ctrl Pts',(-29.2526859754449,66.292643842693,-169.084300050124));
#11464=CARTESIAN_POINT('Ctrl Pts',(-31.1864647365574,65.9694822374001,-167.251559513228));
#11465=CARTESIAN_POINT('Ctrl Pts',(-32.8912139037183,65.5368344891011,-164.797892204001));
#11466=CARTESIAN_POINT('Ctrl Pts',(-34.3895754260129,64.9940592062355,-161.719660610148));
#11467=CARTESIAN_POINT('Ctrl Pts',(-35.2976247666955,64.3917134964024,-158.303588336846));
#11468=CARTESIAN_POINT('Ctrl Pts',(-35.5963539926105,63.868786044995,-155.3379193887));
#11469=CARTESIAN_POINT('Ctrl Pts',(-35.6463783040726,63.5577493997519,-153.573942917298));
#11470=CARTESIAN_POINT('Ctrl Pts',(-35.6463444073143,63.4057304855217,-152.711800812787));
#11471=CARTESIAN_POINT('Ctrl Pts',(-21.7151001717677,66.7228078200198,-171.801351356011));
#11472=CARTESIAN_POINT('Ctrl Pts',(-22.3698968664314,66.7176153993835,-171.771903675257));
#11473=CARTESIAN_POINT('Ctrl Pts',(-23.789374198617,66.6956984579539,-171.647606523786));
#11474=CARTESIAN_POINT('Ctrl Pts',(-26.0404137115829,66.5823210967543,-171.004611556458));
#11475=CARTESIAN_POINT('Ctrl Pts',(-27.7733176833743,66.4235257850767,-170.1040385923));
#11476=CARTESIAN_POINT('Ctrl Pts',(-29.2526859754449,66.2451936504359,-169.092666799259));
#11477=CARTESIAN_POINT('Ctrl Pts',(-31.1864647365574,65.922032045143,-167.259926262363));
#11478=CARTESIAN_POINT('Ctrl Pts',(-32.8912139037183,65.4893842968441,-164.806258953136));
#11479=CARTESIAN_POINT('Ctrl Pts',(-34.3895754260129,64.9466090139784,-161.728027359282));
#11480=CARTESIAN_POINT('Ctrl Pts',(-35.2976247666955,64.3442633041453,-158.311955085981));
#11481=CARTESIAN_POINT('Ctrl Pts',(-35.5963539926105,63.8213358527379,-155.346286137835));
#11482=CARTESIAN_POINT('Ctrl Pts',(-35.6463783040726,63.5102992074948,-153.582309666433));
#11483=CARTESIAN_POINT('Ctrl Pts',(-35.6463444073143,63.3582802932647,-152.720167561922));
#11484=CARTESIAN_POINT('Ctrl Pts',(-33.2688366237072,65.339270762582,-163.954532282427));
#11485=CARTESIAN_POINT('Ctrl Pts',(-33.0695589657931,65.4058648350197,-164.332206034738));
#11486=CARTESIAN_POINT('Ctrl Pts',(-32.8673696610116,65.4681794823694,-164.685609961347));
#11487=CARTESIAN_POINT('Ctrl Pts',(-32.3790419281901,65.6090354610347,-165.484443912337));
#11488=CARTESIAN_POINT('Ctrl Pts',(-32.0703132242882,65.6900662775414,-165.94399250882));
#11489=CARTESIAN_POINT('Ctrl Pts',(-31.7392290886368,65.7684983416717,-166.388802848198));
#11490=CARTESIAN_POINT('Ctrl Pts',(-30.4648743097084,66.0346917760895,-167.898460833313));
#11491=CARTESIAN_POINT('Ctrl Pts',(-30.0063067929307,66.1192152180791,-168.3778170932));
#11492=CARTESIAN_POINT('Ctrl Pts',(-29.4832323093986,66.2051831705116,-168.8653655789));
#11493=CARTESIAN_POINT('Ctrl Pts',(-28.8516479141338,66.2893158290512,-169.342505595712));
#11494=CARTESIAN_POINT('Ctrl Pts',(-28.6218105154696,66.3199322146465,-169.516139746721));
#11495=CARTESIAN_POINT('Ctrl Pts',(-28.3776034061649,66.3503055566179,-169.688395528844));
#11496=CARTESIAN_POINT('Ctrl Pts',(-28.1188715329387,66.3798373446731,-169.855878621543));
#11497=CARTESIAN_POINT('Ctrl Pts',(-24.4734598693594,66.6555000894263,-171.419239734207));
#11498=CARTESIAN_POINT('Ctrl Pts',(-24.2728795409251,66.6642108415008,-171.468640864083));
#11499=CARTESIAN_POINT('Ctrl Pts',(-24.0761021445502,66.6718758412003,-171.512111237526));
#11500=CARTESIAN_POINT('Ctrl Pts',(-23.8847127681006,66.6785690026669,-171.550070042467));
#11501=CARTESIAN_POINT('Ctrl Pts',(-23.0796355324812,66.7067237102635,-171.709743323796));
#11502=CARTESIAN_POINT('Ctrl Pts',(-22.3698968664043,66.717682180978,-171.77189189953));
#11503=CARTESIAN_POINT('Ctrl Pts',(-21.7151001717529,66.7228746016143,-171.801339580285));
#11504=CARTESIAN_POINT('',(-33.8420506803843,65.1310280115598,-162.773919467525));
#11505=CARTESIAN_POINT('Ctrl Pts',(-21.7151001717677,66.7228078200198,-171.801351356011));
#11506=CARTESIAN_POINT('Ctrl Pts',(-22.3698968664314,66.7176153993835,-171.771903675257));
#11507=CARTESIAN_POINT('Ctrl Pts',(-23.789374198617,66.6956984579539,-171.647606523786));
#11508=CARTESIAN_POINT('Ctrl Pts',(-26.0404137115829,66.5823210967543,-171.004611556458));
#11509=CARTESIAN_POINT('Ctrl Pts',(-27.7733176833743,66.4235257850767,-170.1040385923));
#11510=CARTESIAN_POINT('Ctrl Pts',(-29.2526859754449,66.2451936504359,-169.092666799259));
#11511=CARTESIAN_POINT('Ctrl Pts',(-31.1864647365574,65.922032045143,-167.259926262363));
#11512=CARTESIAN_POINT('Ctrl Pts',(-32.6559052897843,65.5491031950462,-165.144941654798));
#11513=CARTESIAN_POINT('Ctrl Pts',(-33.5345577395573,65.2519323323485,-163.45960194386));
#11514=CARTESIAN_POINT('Ctrl Pts',(-33.8411377296317,65.1309582454211,-162.773523804024));
#11515=CARTESIAN_POINT('Ctrl Pts',(-33.8411377296325,65.1309582454208,-162.773523804022));
#11516=CARTESIAN_POINT('Ctrl Pts',(-34.0026745809662,65.0672170564068,-162.412029557606));
#11517=CARTESIAN_POINT('Ctrl Pts',(-34.5878092380502,64.8151125403014,-160.982273798774));
#11518=CARTESIAN_POINT('Ctrl Pts',(-35.2976247666955,64.3442633041453,-158.311955085981));
#11519=CARTESIAN_POINT('Ctrl Pts',(-35.5963539926105,63.8213358527379,-155.346286137835));
#11520=CARTESIAN_POINT('Ctrl Pts',(-35.6463783040726,63.5102992074948,-153.582309666433));
#11521=CARTESIAN_POINT('Ctrl Pts',(-35.6463444073143,63.3582802932647,-152.720167561922));
#11522=CARTESIAN_POINT('Ctrl Pts',(-35.6439385471151,61.5530359533622,-89.9444670087566));
#11523=CARTESIAN_POINT('Ctrl Pts',(-35.6439385471151,27.1911285706353,-96.0033983889367));
#11524=CARTESIAN_POINT('Ctrl Pts',(-35.644419719155,63.7109783189165,-102.182766314308));
#11525=CARTESIAN_POINT('Ctrl Pts',(-35.644419719155,29.3490709361896,-108.241697694488));
#11526=CARTESIAN_POINT('Ctrl Pts',(-35.6449008911949,65.8689206844709,-114.421065619859));
#11527=CARTESIAN_POINT('Ctrl Pts',(-35.6449008911949,31.507013301744,-120.479997000039));
#11528=CARTESIAN_POINT('Ctrl Pts',(-35.6453820632345,68.0268630500252,-126.65936492541));
#11529=CARTESIAN_POINT('Ctrl Pts',(-35.6453820632345,33.6649556672983,-132.71829630559));
#11530=CARTESIAN_POINT('Ctrl Pts',(-35.6458632352744,70.1848054155795,-138.897664230961));
#11531=CARTESIAN_POINT('Ctrl Pts',(-35.6458632352744,35.8228980328527,-144.956595611141));
#11532=CARTESIAN_POINT('Ctrl Pts',(-35.6463444073143,72.3427477811339,-151.135963536512));
#11533=CARTESIAN_POINT('Ctrl Pts',(-35.6463444073143,37.980840398407,-157.194894916692));
#11534=CARTESIAN_POINT('Ctrl Pts',(-35.6463678634274,72.4479428799244,-151.732554587796));
#11535=CARTESIAN_POINT('Ctrl Pts',(-35.6463678634274,38.0860354971975,-157.791485967976));
#11536=CARTESIAN_POINT('Ctrl Pts',(-35.6279562416546,72.6514241127035,-152.886554003889));
#11537=CARTESIAN_POINT('Ctrl Pts',(-35.6279562416546,38.2895167299766,-158.945485384069));
#11538=CARTESIAN_POINT('Ctrl Pts',(-35.5449638699409,72.9359222982094,-154.500023391063));
#11539=CARTESIAN_POINT('Ctrl Pts',(-35.5449638699409,38.5740149154825,-160.558954771243));
#11540=CARTESIAN_POINT('Ctrl Pts',(-35.321275645311,73.2780713245113,-156.440446943529));
#11541=CARTESIAN_POINT('Ctrl Pts',(-35.321275645311,38.9161639417844,-162.499378323709));
#11542=CARTESIAN_POINT('Ctrl Pts',(-34.8341290304495,73.6655191022187,-158.637772481292));
#11543=CARTESIAN_POINT('Ctrl Pts',(-34.8341290304495,39.3036117194918,-164.696703861472));
#11544=CARTESIAN_POINT('Ctrl Pts',(-34.1067439142646,74.0361844435748,-160.739920092887));
#11545=CARTESIAN_POINT('Ctrl Pts',(-34.1067439142646,39.6742770608479,-166.798851473067));
#11546=CARTESIAN_POINT('Ctrl Pts',(-33.0943119476158,74.4071702544777,-162.843885177597));
#11547=CARTESIAN_POINT('Ctrl Pts',(-33.0943119476158,40.0452628717508,-168.902816557777));
#11548=CARTESIAN_POINT('Ctrl Pts',(-31.744788620257,74.7795521104904,-164.955767627557));
#11549=CARTESIAN_POINT('Ctrl Pts',(-31.744788620257,40.4176447277635,-171.014699007737));
#11550=CARTESIAN_POINT('Ctrl Pts',(-30.0041467984468,75.1323095188835,-166.956354304513));
#11551=CARTESIAN_POINT('Ctrl Pts',(-30.0041467984468,40.7704021361566,-173.015285684693));
#11552=CARTESIAN_POINT('Ctrl Pts',(-27.8140476360381,75.4330418092781,-168.661891875599));
#11553=CARTESIAN_POINT('Ctrl Pts',(-27.8140476360381,41.0711344265512,-174.72082325578));
#11554=CARTESIAN_POINT('Ctrl Pts',(-25.655585295024,75.6032154341993,-169.626994460794));
#11555=CARTESIAN_POINT('Ctrl Pts',(-25.655585295024,41.2413080514725,-175.685925840974));
#11556=CARTESIAN_POINT('Ctrl Pts',(-23.7857986560565,75.677616047135,-170.048941304304));
#11557=CARTESIAN_POINT('Ctrl Pts',(-23.7857986560565,41.3157086644081,-176.107872684484));
#11558=CARTESIAN_POINT('Ctrl Pts',(-22.4244683785625,75.7016501449251,-170.185245446152));
#11559=CARTESIAN_POINT('Ctrl Pts',(-22.4244683785625,41.3397427621982,-176.244176826332));
#11560=CARTESIAN_POINT('Ctrl Pts',(-21.7151001717722,75.707275307889,-170.217147330602));
#11561=CARTESIAN_POINT('Ctrl Pts',(-21.7151001717722,41.3453679251622,-176.276078710782));
#11562=CARTESIAN_POINT('',(-35.6463444073143,60.2177972731196,-153.27391945083));
#11563=CARTESIAN_POINT('',(-35.2532191940532,61.1599080124346,-158.616894958774));
#11564=CARTESIAN_POINT('Ctrl Pts',(-35.6463444073143,60.2177972731196,-153.27391945083));
#11565=CARTESIAN_POINT('Ctrl Pts',(-35.6463678634274,60.3229923719101,-153.870510502113));
#11566=CARTESIAN_POINT('Ctrl Pts',(-35.6279562416546,60.5264736046892,-155.024509918207));
#11567=CARTESIAN_POINT('Ctrl Pts',(-35.5714884517477,60.720045416608,-156.122310215932));
#11568=CARTESIAN_POINT('Ctrl Pts',(-35.4757754332437,60.9007074757038,-157.146895667177));
#11569=CARTESIAN_POINT('Ctrl Pts',(-35.3381027987135,61.0715400337593,-158.115735247876));
#11570=CARTESIAN_POINT('Ctrl Pts',(-35.2564668003436,61.1565481960299,-158.59784049308));
#11571=CARTESIAN_POINT('Ctrl Pts',(-35.2532191940532,61.1599080124346,-158.616894958774));
#11572=CARTESIAN_POINT('Ctrl Pts',(-35.6463444073143,63.3582802932646,-152.720167561922));
#11573=CARTESIAN_POINT('Ctrl Pts',(-35.6463444073143,62.311452619883,-152.904751524891));
#11574=CARTESIAN_POINT('Ctrl Pts',(-35.6463444073143,61.2646249465013,-153.089335487861));
#11575=CARTESIAN_POINT('Ctrl Pts',(-35.6463444073143,60.2177972731196,-153.27391945083));
#11576=CARTESIAN_POINT('',(-21.7151001717722,63.5823247998748,-172.355103244919));
#11577=CARTESIAN_POINT('',(-21.7151001717722,70.7320297817409,-171.094417352511));
#11578=CARTESIAN_POINT('',(-32.8575892095106,62.329204120679,-165.248302719209));
#11579=CARTESIAN_POINT('Ctrl Pts',(-32.8575892095108,62.329204120679,-165.248302719209));
#11580=CARTESIAN_POINT('Ctrl Pts',(-32.6429333693773,62.3939407717734,-165.615442511624));
#11581=CARTESIAN_POINT('Ctrl Pts',(-32.1544213854021,62.5324684510378,-166.40107202055));
#11582=CARTESIAN_POINT('Ctrl Pts',(-31.3083596121632,62.7429338821524,-167.594680793688));
#11583=CARTESIAN_POINT('Ctrl Pts',(-29.9488218117709,63.014955931705,-169.137394497851));
#11584=CARTESIAN_POINT('Ctrl Pts',(-27.8140476360381,63.3080913012638,-170.799847789917));
#11585=CARTESIAN_POINT('Ctrl Pts',(-25.655585295024,63.4782649261851,-171.764950375111));
#11586=CARTESIAN_POINT('Ctrl Pts',(-23.7857986560565,63.5526655391207,-172.186897218622));
#11587=CARTESIAN_POINT('Ctrl Pts',(-22.4244683785625,63.5766996369109,-172.32320136047));
#11588=CARTESIAN_POINT('Ctrl Pts',(-21.7151001717722,63.5823247998748,-172.355103244919));
#11589=CARTESIAN_POINT('',(-33.8095992889905,61.7126976129803,-163.451501496109));
#11590=CARTESIAN_POINT('Ctrl Pts',(-32.8575892095107,62.3292041206791,-165.248302719209));
#11591=CARTESIAN_POINT('Ctrl Pts',(-32.9399645428892,62.2822028744905,-165.111317938795));
#11592=CARTESIAN_POINT('Ctrl Pts',(-33.0189073976704,62.2357885016312,-164.976042028309));
#11593=CARTESIAN_POINT('Ctrl Pts',(-33.0944668464391,62.1901179551811,-164.842936470051));
#11594=CARTESIAN_POINT('Ctrl Pts',(-33.1240742921438,62.1722222684555,-164.790779980647));
#11595=CARTESIAN_POINT('Ctrl Pts',(-33.1531625774302,62.1544407052296,-164.738956250948));
#11596=CARTESIAN_POINT('Ctrl Pts',(-33.1817358461767,62.1367824000266,-164.687491296553));
#11597=CARTESIAN_POINT('Ctrl Pts',(-33.2672983255186,62.0839047125788,-164.533379803875));
#11598=CARTESIAN_POINT('Ctrl Pts',(-33.3507728707963,62.0305715287656,-164.377928874891));
#11599=CARTESIAN_POINT('Ctrl Pts',(-33.432082417957,61.9768212046044,-164.22126999071));
#11600=CARTESIAN_POINT('Ctrl Pts',(-33.5118289665924,61.9241041130749,-164.067622531552));
#11601=CARTESIAN_POINT('Ctrl Pts',(-33.5894930760454,61.8709857875639,-163.912813243479));
#11602=CARTESIAN_POINT('Ctrl Pts',(-33.6650186606327,61.8174942236039,-163.756919717772));
#11603=CARTESIAN_POINT('Ctrl Pts',(-33.7141197124187,61.7827180339662,-163.65556947837));
#11604=CARTESIAN_POINT('Ctrl Pts',(-33.7623172240031,61.7477839223753,-163.553760018961));
#11605=CARTESIAN_POINT('Ctrl Pts',(-33.8095992889905,61.7126976129802,-163.451501496109));
#11606=CARTESIAN_POINT('',(-34.525591730926,60.6036750981001,-161.751087232122));
#11607=CARTESIAN_POINT('Ctrl Pts',(-33.8095992889904,61.7126976129803,-163.451501496109));
#11608=CARTESIAN_POINT('Ctrl Pts',(-34.057646006819,61.379925645625,-162.941263248249));
#11609=CARTESIAN_POINT('Ctrl Pts',(-34.3018324383051,61.0112600849317,-162.376002352166));
#11610=CARTESIAN_POINT('Ctrl Pts',(-34.5255917309261,60.6036750980999,-161.751087232122));
#11611=CARTESIAN_POINT('',(-34.525714863473,60.6036095583746,-161.750715342291));
#11612=CARTESIAN_POINT('Ctrl Pts',(-34.525591730926,60.6036750981001,-161.751087232122));
#11613=CARTESIAN_POINT('Ctrl Pts',(-34.5256327764189,60.6036532404309,-161.75096327112));
#11614=CARTESIAN_POINT('Ctrl Pts',(-34.5256738206012,60.6036313827072,-161.750839309809));
#11615=CARTESIAN_POINT('Ctrl Pts',(-34.5257148634728,60.603609524929,-161.750715348189));
#11616=CARTESIAN_POINT('',(-34.5290153786013,60.5893735014355,-161.742937575776));
#11617=CARTESIAN_POINT('Ctrl Pts',(-34.5257148634725,60.6036095583761,-161.750715342292));
#11618=CARTESIAN_POINT('Ctrl Pts',(-34.5268160178564,60.5988643538539,-161.748122834213));
#11619=CARTESIAN_POINT('Ctrl Pts',(-34.5279161705256,60.5941190831632,-161.745530289968));
#11620=CARTESIAN_POINT('Ctrl Pts',(-34.5290153786009,60.5893735014369,-161.742937575777));
#11621=CARTESIAN_POINT('',(-34.9389675412371,57.3137387433171,-160.854027403479));
#11622=CARTESIAN_POINT('Ctrl Pts',(-34.5290153786012,60.5893735014356,-161.742937575777));
#11623=CARTESIAN_POINT('Ctrl Pts',(-34.6850261384514,59.5021500575378,-161.447896638085));
#11624=CARTESIAN_POINT('Ctrl Pts',(-34.8209663946696,58.412035281419,-161.152071820371));
#11625=CARTESIAN_POINT('Ctrl Pts',(-34.938967541237,57.3137387433171,-160.854027403479));
#11626=CARTESIAN_POINT('',(-34.9389675412371,61.4265039978059,-160.128835923792));
#11627=CARTESIAN_POINT('Ctrl Pts',(-34.9389675412371,61.4265039978059,-160.128835923792));
#11628=CARTESIAN_POINT('Ctrl Pts',(-34.9389675412371,60.0555822463096,-160.370566417021));
#11629=CARTESIAN_POINT('Ctrl Pts',(-34.9389675412371,58.6846604948133,-160.61229691025));
#11630=CARTESIAN_POINT('Ctrl Pts',(-34.9389675412371,57.3137387433171,-160.854027403479));
#11631=CARTESIAN_POINT('Ctrl Pts',(-35.2532191940532,61.1599080124346,-158.616894958774));
#11632=CARTESIAN_POINT('Ctrl Pts',(-35.2001974780976,61.214761715483,-158.92798576761));
#11633=CARTESIAN_POINT('Ctrl Pts',(-35.1424070439021,61.268733042296,-159.234072372146));
#11634=CARTESIAN_POINT('Ctrl Pts',(-35.0797136366069,61.321936855733,-159.535806192025));
#11635=CARTESIAN_POINT('Ctrl Pts',(-35.011960001435,61.3744903915455,-159.833852104236));
#11636=CARTESIAN_POINT('Ctrl Pts',(-34.9389675412371,61.4265039978059,-160.128835923792));
#11637=CARTESIAN_POINT('Ctrl Pts',(-35.6463444073143,60.2177972731196,-153.27391945083));
#11638=CARTESIAN_POINT('Ctrl Pts',(-35.6463444073143,43.0721184781238,-156.297165224949));
#11639=CARTESIAN_POINT('Ctrl Pts',(-35.6463678634274,60.3229923719101,-153.870510502113));
#11640=CARTESIAN_POINT('Ctrl Pts',(-35.6463678634274,43.1773135769143,-156.893756276232));
#11641=CARTESIAN_POINT('Ctrl Pts',(-35.6279562416546,60.5264736046892,-155.024509918207));
#11642=CARTESIAN_POINT('Ctrl Pts',(-35.6279562416546,43.3807948096934,-158.047755692326));
#11643=CARTESIAN_POINT('Ctrl Pts',(-35.5528838328297,60.7838221254174,-156.484005905118));
#11644=CARTESIAN_POINT('Ctrl Pts',(-35.5528838328297,43.6381433304216,-159.507251679237));
#11645=CARTESIAN_POINT('Ctrl Pts',(-35.4084455304681,61.0183526738235,-157.814094740439));
#11646=CARTESIAN_POINT('Ctrl Pts',(-35.4084455304681,43.8726738788277,-160.837340514557));
#11647=CARTESIAN_POINT('Ctrl Pts',(-35.1882629526779,61.2373033552658,-159.055825759495));
#11648=CARTESIAN_POINT('Ctrl Pts',(-35.1882629526779,44.09162456027,-162.079071533614));
#11649=CARTESIAN_POINT('Ctrl Pts',(-35.016430825674,61.3713045324718,-159.815784199591));
#11650=CARTESIAN_POINT('Ctrl Pts',(-35.016430825674,44.225625737476,-162.839029973709));
#11651=CARTESIAN_POINT('Ctrl Pts',(-34.9389675412371,61.4265039978059,-160.128835923792));
#11652=CARTESIAN_POINT('Ctrl Pts',(-34.9389675412371,44.2808252028101,-163.152081697911));
#11653=CARTESIAN_POINT('Ctrl Pts',(-34.8892163167995,61.4619561608357,-160.329895131449));
#11654=CARTESIAN_POINT('Ctrl Pts',(-34.8892163167995,44.3162773658399,-163.353140905568));
#11655=CARTESIAN_POINT('Ctrl Pts',(-34.8394650923618,61.4974083238655,-160.530954339106));
#11656=CARTESIAN_POINT('Ctrl Pts',(-34.8394650923618,44.3517295288697,-163.554200113225));
#11657=CARTESIAN_POINT('Ctrl Pts',(-34.7897138679238,61.5328604868953,-160.732013546763));
#11658=CARTESIAN_POINT('Ctrl Pts',(-34.7897138679238,44.3871816918995,-163.755259320882));
#11659=CARTESIAN_POINT('Ctrl Pts',(-34.7399626434862,61.5683126499251,-160.933072754421));
#11660=CARTESIAN_POINT('Ctrl Pts',(-34.7399626434862,44.4226338549293,-163.95631852854));
#11661=CARTESIAN_POINT('Ctrl Pts',(-34.6902114190485,61.6037648129549,-161.134131962078));
#11662=CARTESIAN_POINT('Ctrl Pts',(-34.6902114190485,44.4580860179592,-164.157377736197));
#11663=CARTESIAN_POINT('',(-35.6463444073143,44.4490584072324,-156.054373564632));
#11664=CARTESIAN_POINT('',(-35.6463444073143,60.2177972731196,-153.27391945083));
#11665=CARTESIAN_POINT('',(-35.611979241842,45.5520216966204,-157.662275063482));
#11666=CARTESIAN_POINT('Ctrl Pts',(-34.9389675412371,57.3137387433171,-160.854027403479));
#11667=CARTESIAN_POINT('Ctrl Pts',(-35.0049564960495,56.6995460618767,-160.687354111478));
#11668=CARTESIAN_POINT('Ctrl Pts',(-35.180909704437,55.0514765395569,-160.240117997869));
#11669=CARTESIAN_POINT('Ctrl Pts',(-35.4846752857097,50.307575191912,-158.95277432454));
#11670=CARTESIAN_POINT('Ctrl Pts',(-35.5698800812258,47.9107037425796,-158.302342262241));
#11671=CARTESIAN_POINT('Ctrl Pts',(-35.611979241842,45.5520216966407,-157.662275063458));
#11672=CARTESIAN_POINT('',(-35.6400862731678,44.5839832470647,-156.819570355788));
#11673=CARTESIAN_POINT('Ctrl Pts',(-35.6400862731727,44.5839832470172,-156.819570355519));
#11674=CARTESIAN_POINT('Ctrl Pts',(-35.6367383121111,44.7815234493015,-156.991543027488));
#11675=CARTESIAN_POINT('Ctrl Pts',(-35.6319850888859,44.9798811793075,-157.16422550553));
#11676=CARTESIAN_POINT('Ctrl Pts',(-35.6256742441581,45.1787288869626,-157.337324044492));
#11677=CARTESIAN_POINT('Ctrl Pts',(-35.6217304216016,45.3029943551463,-157.445498140336));
#11678=CARTESIAN_POINT('Ctrl Pts',(-35.6171781968993,45.42745133573,-157.553835624608));
#11679=CARTESIAN_POINT('Ctrl Pts',(-35.6119792418412,45.5520216966204,-157.662275063482));
#11680=CARTESIAN_POINT('Ctrl Pts',(-35.6463444073143,44.4490584072324,-156.054373564632));
#11681=CARTESIAN_POINT('Ctrl Pts',(-35.6463505290992,44.4765131600835,-156.210077205339));
#11682=CARTESIAN_POINT('Ctrl Pts',(-35.6457279974743,44.5037326101592,-156.364446377693));
#11683=CARTESIAN_POINT('Ctrl Pts',(-35.6444768144039,44.5307167670317,-156.517481135982));
#11684=CARTESIAN_POINT('Ctrl Pts',(-35.6425965402116,44.55746646237,-156.669186196834));
#11685=CARTESIAN_POINT('Ctrl Pts',(-35.6400862731678,44.5839832470647,-156.819570355788));
#11686=CARTESIAN_POINT('Origin',(-35.6463444073143,44.4490568580186,-156.0543738378));
#11687=CARTESIAN_POINT('',(-35.7244321713757,63.224883810624,-151.963443258636));
#11688=CARTESIAN_POINT('',(-35.7244321715382,44.3156269845525,-155.297655422218));
#11689=CARTESIAN_POINT('',(-35.7244321715382,57.2520599037756,-153.016613264434));
#11690=CARTESIAN_POINT('Ctrl Pts',(-35.6463444073143,63.3582802932647,-152.720167561922));
#11691=CARTESIAN_POINT('Ctrl Pts',(-35.6468105363849,63.3574838106975,-152.715650484819));
#11692=CARTESIAN_POINT('Ctrl Pts',(-35.647276665525,63.3566873280115,-152.711133407042));
#11693=CARTESIAN_POINT('Ctrl Pts',(-35.6602912952218,63.3344490117924,-152.585013648569));
#11694=CARTESIAN_POINT('Ctrl Pts',(-35.6728397909658,63.3130071864829,-152.463411014512));
#11695=CARTESIAN_POINT('Ctrl Pts',(-35.6853882894262,63.2915653565316,-152.34180835413));
#11696=CARTESIAN_POINT('Ctrl Pts',(-35.6918956031484,63.2804462003465,-152.278748485808));
#11697=CARTESIAN_POINT('Ctrl Pts',(-35.6984029170036,63.2693270439337,-152.215688616195));
#11698=CARTESIAN_POINT('Ctrl Pts',(-35.7114175439688,63.2470887323827,-152.089568884196));
#11699=CARTESIAN_POINT('Ctrl Pts',(-35.7179248560566,63.2359695789905,-152.026509031714));
#11700=CARTESIAN_POINT('Ctrl Pts',(-35.7244321715385,63.2248504197985,-151.963449146339));
#11701=CARTESIAN_POINT('',(-35.6463444073143,44.4490568580186,-156.0543738378));
#11702=CARTESIAN_POINT('Origin',(-35.6174799902076,61.9538167785494,-104.034402565322));
#11703=CARTESIAN_POINT('',(-35.6113792575411,35.611231140873,-105.932573523202));
#11704=CARTESIAN_POINT('',(-35.6243418627591,36.6092739421931,-111.59275551753));
#11705=CARTESIAN_POINT('',(-35.6113792615833,54.5204882906879,-102.598363195661));
#11706=CARTESIAN_POINT('Ctrl Pts',(-35.6113792617459,54.5204548998625,-102.598369083364));
#11707=CARTESIAN_POINT('Ctrl Pts',(-35.6113792603443,48.217434923307,-103.709760934139));
#11708=CARTESIAN_POINT('Ctrl Pts',(-35.6113792589429,41.9153076457444,-104.820995378085));
#11709=CARTESIAN_POINT('Ctrl Pts',(-35.6113792575411,35.611231140873,-105.932573523202));
#11710=CARTESIAN_POINT('Ctrl Pts',(-35.7244321715384,63.2248504197985,-151.963449146339));
#11711=CARTESIAN_POINT('Ctrl Pts',(-35.7055853479429,61.7737581200013,-143.733895767912));
#11712=CARTESIAN_POINT('Ctrl Pts',(-35.6867484059598,60.3234266450588,-135.508657241651));
#11713=CARTESIAN_POINT('Ctrl Pts',(-35.6584843723454,58.1472656951187,-123.167035209693));
#11714=CARTESIAN_POINT('Ctrl Pts',(-35.6490604570769,57.421680780985,-119.052038677579));
#11715=CARTESIAN_POINT('Ctrl Pts',(-35.6302245217723,55.9714268142309,-110.827239722097));
#11716=CARTESIAN_POINT('Ctrl Pts',(-35.6208214349907,55.2474455685804,-106.721338045896));
#11717=CARTESIAN_POINT('Ctrl Pts',(-35.6113792617459,54.5204548998624,-102.598369083364));
#11718=CARTESIAN_POINT('Origin',(-27.0251426199949,48.595610262418,-149.95906428356));
#11719=CARTESIAN_POINT('',(-27.024240530927,43.6990858635344,-127.165044059404));
#11720=CARTESIAN_POINT('',(-27.0251133544022,47.6134919365077,-149.364744055658));
#11721=CARTESIAN_POINT('',(-27.0251426199949,47.7447411724287,-150.109095461176));
#11722=CARTESIAN_POINT('',(-27.0241914430065,44.106620377258,-125.805847279365));
#11723=CARTESIAN_POINT('',(-27.0245447516388,41.1734046216509,-135.588619721761));
#11724=CARTESIAN_POINT('',(-27.0234508060921,40.7850396479189,-106.96822687667));
#11725=CARTESIAN_POINT('',(-27.0243072254019,44.6258769336442,-128.750697547315));
#11726=CARTESIAN_POINT('',(-27.0234508060921,38.9125554007885,-107.298396370391));
#11727=CARTESIAN_POINT('',(-27.0234508060921,43.9742212287174,-106.405888117597));
#11728=CARTESIAN_POINT('',(-27.0231902762658,37.7441409809446,-100.671988913351));
#11729=CARTESIAN_POINT('',(-27.0241202291436,41.9147588614565,-124.32473827567));
#11730=CARTESIAN_POINT('',(-27.0231902762658,34.7759332910312,-101.195364013429));
#11731=CARTESIAN_POINT('',(-27.0231902762658,37.3078727129221,-100.74891477983));
#11732=CARTESIAN_POINT('',(-27.0251133544022,43.4004821827151,-150.10761134524));
#11733=CARTESIAN_POINT('',(-27.0252448978059,43.9904231203381,-153.453332659429));
#11734=CARTESIAN_POINT('',(-27.0251133544022,48.3112244239541,-149.241714992805));
#11735=CARTESIAN_POINT('Origin',(-27.8251426193953,48.5956048835487,-149.959033778477));
#11736=CARTESIAN_POINT('',(-28.5372070628253,45.308246262405,-126.881246179636));
#11737=CARTESIAN_POINT('',(-28.5380856678868,49.2485813772513,-149.227997079665));
#11738=CARTESIAN_POINT('',(-28.5376581073595,47.3310739168522,-138.353271880521));
#11739=CARTESIAN_POINT('',(-28.0742414838145,44.815845498688,-126.968087921973));
#11740=CARTESIAN_POINT('',(-28.0750810667871,48.9024283909975,-150.144696799971));
#11741=CARTESIAN_POINT('',(-28.1680825984424,49.016596724995,-150.21378159085));
#11742=CARTESIAN_POINT('',(-28.3317798840872,49.0943423848654,-149.636460524428));
#11743=CARTESIAN_POINT('Origin',(-28.0742414838145,45.3082493751942,-126.88126383314));
#11744=CARTESIAN_POINT('',(-30.6991189196114,49.2485668473571,-149.22791467654));
#11745=CARTESIAN_POINT('',(-30.6982449071697,45.328828541643,-126.997974085685));
#11746=CARTESIAN_POINT('',(-30.6988086794371,47.8572133185253,-141.337156703815));
#11747=CARTESIAN_POINT('',(-28.5924261235738,45.328842700298,-126.998054383407));
#11748=CARTESIAN_POINT('',(-28.0742460764342,45.3288461843264,-126.998074142314));
#11749=CARTESIAN_POINT('',(-28.0135026273993,45.1129070854548,-125.773422656739));
#11750=CARTESIAN_POINT('',(-29.5371195041313,49.2485746601608,-149.227958985152));
#11751=CARTESIAN_POINT('Origin',(-18.1984485645419,59.591266842385,-156.015032812175));
#11752=CARTESIAN_POINT('',(-18.1989455304873,68.8929296293793,-167.407898805702));
#11753=CARTESIAN_POINT('',(-18.1986929237707,67.7600484759736,-160.983010516605));
#11754=CARTESIAN_POINT('',(-18.1979006242122,64.2067730521719,-140.831384205503));
#11755=CARTESIAN_POINT('',(-18.1986929237707,64.6372254316231,-161.533648475302));
#11756=CARTESIAN_POINT('',(-18.198746937841,61.7172457033236,-163.465046082186));
#11757=CARTESIAN_POINT('',(-18.1986743772859,60.6039833893689,-161.75843375351));
#11758=CARTESIAN_POINT('',(-18.1988190723635,62.3293026801892,-165.248861677968));
#11759=CARTESIAN_POINT('',(-18.1988190723635,62.3293026801892,-165.248861677968));
#11760=CARTESIAN_POINT('',(-18.198945530487,62.8964373438478,-168.46524218525));
#11761=CARTESIAN_POINT('',(-18.1989514159187,62.922832106628,-168.614934323538));
#11762=CARTESIAN_POINT('',(-18.1989455304873,65.3417145644301,-168.03407383595));
#11763=CARTESIAN_POINT('Ctrl Pts',(18.4844171168938,56.0949355509062,-92.5577423721753));
#11764=CARTESIAN_POINT('Ctrl Pts',(18.484417687066,56.855090307384,-92.423449869988));
#11765=CARTESIAN_POINT('Ctrl Pts',(18.3513673137855,57.6151283709347,-92.2891285980929));
#11766=CARTESIAN_POINT('Ctrl Pts',(18.0929093573436,58.3313912187294,-92.1624943125381));
#11767=CARTESIAN_POINT('Ctrl Pts',(18.4850928656395,56.0429069532741,-92.2626735323245));
#11768=CARTESIAN_POINT('Ctrl Pts',(18.4850152574816,56.8035049636461,-92.1283518316063));
#11769=CARTESIAN_POINT('Ctrl Pts',(18.3519899024531,57.5629021569199,-91.9942001550975));
#11770=CARTESIAN_POINT('Ctrl Pts',(18.0933004380984,58.2795241671344,-91.8675651122744));
#11771=CARTESIAN_POINT('Ctrl Pts',(18.2342143647128,55.952772071472,-91.7514932158471));
#11772=CARTESIAN_POINT('Ctrl Pts',(18.2340941689607,56.6848293314248,-91.6223491361606));
#11773=CARTESIAN_POINT('Ctrl Pts',(18.105779078765,57.4169894455376,-91.4931713962544));
#11774=CARTESIAN_POINT('Ctrl Pts',(17.856756045432,58.1066931743977,-91.3714683439136));
#11775=CARTESIAN_POINT('Ctrl Pts',(17.7091745153618,55.9208972483783,-91.5707221111324));
#11776=CARTESIAN_POINT('Ctrl Pts',(17.7091387138062,56.5941554475277,-91.4520091899995));
#11777=CARTESIAN_POINT('Ctrl Pts',(17.5912343780109,57.267455929644,-91.3332819996286));
#11778=CARTESIAN_POINT('Ctrl Pts',(17.3622963256725,57.901824669153,-91.2214175218481));
#11779=CARTESIAN_POINT('Ctrl Pts',(17.4844583797709,55.9208957374799,-91.5707135424018));
#11780=CARTESIAN_POINT('Ctrl Pts',(17.4844583797709,56.5690207600299,-91.456431614054));
#11781=CARTESIAN_POINT('Ctrl Pts',(17.3710227063787,57.2170528062724,-91.3421616199982));
#11782=CARTESIAN_POINT('Ctrl Pts',(17.1506679119337,57.8277672643963,-91.2344675198539));
#11783=CARTESIAN_POINT('',(18.4844171168936,56.0949355509061,-92.5577423721752));
#11784=CARTESIAN_POINT('Ctrl Pts',(18.0929093573436,58.3313912187294,-92.1624943125381));
#11785=CARTESIAN_POINT('Ctrl Pts',(18.3513673137855,57.6151283709347,-92.2891285980929));
#11786=CARTESIAN_POINT('Ctrl Pts',(18.484417687066,56.855090307384,-92.423449869988));
#11787=CARTESIAN_POINT('Ctrl Pts',(18.4844171168938,56.0949355509062,-92.5577423721753));
#11788=CARTESIAN_POINT('Origin',(17.4844196601788,56.0945439150167,-92.5555212946759));
#11789=CARTESIAN_POINT('Origin',(17.4844196601788,42.7725299078743,-94.9045518015113));
#11790=CARTESIAN_POINT('',(18.4844171168936,42.7729215437636,-94.9067728790105));
#11791=CARTESIAN_POINT('Origin',(18.4708900357,49.6755075987787,-99.7799690482188));
#11792=CARTESIAN_POINT('Ctrl Pts',(18.4844171168938,56.0949355509057,-92.5577423721753));
#11793=CARTESIAN_POINT('Ctrl Pts',(18.4776527429704,56.6223133272421,-95.5102807940911));
#11794=CARTESIAN_POINT('Ctrl Pts',(18.4708883691645,57.1497141588437,-98.4628150978611));
#11795=CARTESIAN_POINT('Ctrl Pts',(18.4641239954779,57.6771382919295,-101.415345239272));
#11796=CARTESIAN_POINT('Ctrl Pts',(18.0929187801052,58.3305101756387,-92.1575306063282));
#11797=CARTESIAN_POINT('Ctrl Pts',(18.0873091434395,58.8550200785531,-95.1125655392605));
#11798=CARTESIAN_POINT('Ctrl Pts',(18.0816990524678,59.3795465310775,-98.067597503276));
#11799=CARTESIAN_POINT('Ctrl Pts',(18.0760885081964,59.9040896937681,-101.022626469257));
#11800=CARTESIAN_POINT('Ctrl Pts',(18.351381283961,57.6145531371997,-92.2860058753002));
#11801=CARTESIAN_POINT('Ctrl Pts',(18.3450124154309,58.1400035949883,-95.2408749172241));
#11802=CARTESIAN_POINT('Ctrl Pts',(18.3386480774138,58.6654743044904,-98.1957403464175));
#11803=CARTESIAN_POINT('Ctrl Pts',(18.3322787733544,59.190963098818,-101.150602526116));
#11804=CARTESIAN_POINT('Ctrl Pts',(18.484420984488,56.8548559670404,-92.4220065896645));
#11805=CARTESIAN_POINT('Ctrl Pts',(18.4776505746466,57.3814418194365,-95.3766759933162));
#11806=CARTESIAN_POINT('Ctrl Pts',(18.4708849880974,57.9080496177602,-98.3313414853571));
#11807=CARTESIAN_POINT('Ctrl Pts',(18.4641145942192,58.4346778577502,-101.286003310882));
#11808=CARTESIAN_POINT('Ctrl Pts',(18.4844171168938,56.0949355509057,-92.5577423721753));
#11809=CARTESIAN_POINT('Ctrl Pts',(18.4776483167347,56.6226584143718,-95.5122127735092));
#11810=CARTESIAN_POINT('Ctrl Pts',(18.4708795166931,57.1504043632853,-98.4666790513062));
#11811=CARTESIAN_POINT('Ctrl Pts',(18.464110716771,57.6781736443486,-101.421141161266));
#11812=CARTESIAN_POINT('Origin',(-17.6633158027136,42.7722935890317,-94.9032115707557));
#11813=CARTESIAN_POINT('',(-18.6633134310819,52.6117093987278,-93.1704685889552));
#11814=CARTESIAN_POINT('Origin',(-17.6633158027136,52.6113312099785,-93.1683237739771));
#11815=CARTESIAN_POINT('',(-18.6633134310819,56.0946857849233,-92.5563258788985));
#11816=CARTESIAN_POINT('',(-18.6633134310816,42.7726717777809,-94.9053563857338));
#11817=CARTESIAN_POINT('Origin',(-17.6633158027136,56.0943075961741,-92.5541810639203));
#11818=CARTESIAN_POINT('Ctrl Pts',(-17.6632770831215,55.9206594186374,-91.5693733116465));
#11819=CARTESIAN_POINT('Ctrl Pts',(-17.6632770831215,56.5687844411872,-91.4550913832987));
#11820=CARTESIAN_POINT('Ctrl Pts',(-17.5498414097295,57.2168180128187,-91.3408300401546));
#11821=CARTESIAN_POINT('Ctrl Pts',(-17.3294866152845,57.8275354340919,-91.2331527448638));
#11822=CARTESIAN_POINT('Ctrl Pts',(-17.9628985972426,55.9206574041062,-91.5693618866723));
#11823=CARTESIAN_POINT('Ctrl Pts',(-17.9628493934848,56.6025088445351,-91.4491351056476));
#11824=CARTESIAN_POINT('Ctrl Pts',(-17.8435317478058,57.2838162400238,-91.3290023201188));
#11825=CARTESIAN_POINT('Ctrl Pts',(-17.6116578336029,57.9262748460288,-91.2157312283813));
#11826=CARTESIAN_POINT('Ctrl Pts',(-18.4814072465903,55.9644216965586,-91.8175615228064));
#11827=CARTESIAN_POINT('Ctrl Pts',(-18.481279758015,56.7041831431371,-91.6870338851625));
#11828=CARTESIAN_POINT('Ctrl Pts',(-18.3516322555372,57.4439058301415,-91.5565047445452));
#11829=CARTESIAN_POINT('Ctrl Pts',(-18.0999806178487,58.1408652419771,-91.4335099758407));
#11830=CARTESIAN_POINT('Ctrl Pts',(-18.6638028408495,56.0556643300012,-92.3350242110233));
#11831=CARTESIAN_POINT('Ctrl Pts',(-18.6637459647138,56.8159726858619,-92.2007406418782));
#11832=CARTESIAN_POINT('Ctrl Pts',(-18.5306510811189,57.57587834269,-92.0664972336333));
#11833=CARTESIAN_POINT('Ctrl Pts',(-18.2720815224161,58.2922464248961,-91.939910754803));
#11834=CARTESIAN_POINT('Ctrl Pts',(-18.6633134310816,56.0946857849234,-92.5563258788986));
#11835=CARTESIAN_POINT('Ctrl Pts',(-18.6633139816766,56.8548405413933,-92.4220333766687));
#11836=CARTESIAN_POINT('Ctrl Pts',(-18.5302635854546,57.6148803940956,-92.2877222515563));
#11837=CARTESIAN_POINT('Ctrl Pts',(-18.2718056040245,58.3311467174196,-92.1611076767062));
#11838=CARTESIAN_POINT('Ctrl Pts',(-18.6633134310816,56.0946857849234,-92.5563258788986));
#11839=CARTESIAN_POINT('Ctrl Pts',(-18.6633139816766,56.8548405413933,-92.4220333766687));
#11840=CARTESIAN_POINT('Ctrl Pts',(-18.5302635854546,57.6148803940956,-92.2877222515563));
#11841=CARTESIAN_POINT('Ctrl Pts',(-18.2718056040245,58.3311467174196,-92.1611076767062));
#11842=CARTESIAN_POINT('Ctrl Pts',(-18.2718146363928,58.3302656742052,-92.1561439697924));
#11843=CARTESIAN_POINT('Ctrl Pts',(-18.2664374118874,58.8547756509907,-95.1111793216686));
#11844=CARTESIAN_POINT('Ctrl Pts',(-18.2610597330721,59.3793021773922,-98.0662117046625));
#11845=CARTESIAN_POINT('Ctrl Pts',(-18.2556816009531,59.9038454139662,-101.021241089657));
#11846=CARTESIAN_POINT('Ctrl Pts',(-18.5302773097473,57.614305160175,-92.2845995277072));
#11847=CARTESIAN_POINT('Ctrl Pts',(-18.5241408533763,58.1397557020443,-95.2394690464761));
#11848=CARTESIAN_POINT('Ctrl Pts',(-18.518008927515,58.6652264955661,-98.194334952169));
#11849=CARTESIAN_POINT('Ctrl Pts',(-18.5118720356068,59.1907153739802,-101.149197608745));
#11850=CARTESIAN_POINT('Ctrl Pts',(-18.6633171658788,56.854606201007,-92.4205900960977));
#11851=CARTESIAN_POINT('Ctrl Pts',(-18.6567791682406,57.3811921428833,-95.3752600072169));
#11852=CARTESIAN_POINT('Ctrl Pts',(-18.6502459938912,57.9078000306224,-98.3299260063576));
#11853=CARTESIAN_POINT('Ctrl Pts',(-18.6437080122083,58.4344283600924,-101.284588339349));
#11854=CARTESIAN_POINT('Ctrl Pts',(-18.6633134310816,56.0946857849235,-92.5563258788983));
#11855=CARTESIAN_POINT('Ctrl Pts',(-18.6567770432388,56.6224087378482,-95.5107967875771));
#11856=CARTESIAN_POINT('Ctrl Pts',(-18.6502406555095,57.1501547762203,-98.4652635727189));
#11857=CARTESIAN_POINT('Ctrl Pts',(-18.6437042678954,57.6779241467421,-101.419726190024));
#11858=CARTESIAN_POINT('Ctrl Pts',(-18.6633134310816,56.0946857849235,-92.5563258788983));
#11859=CARTESIAN_POINT('Ctrl Pts',(-18.6567813174961,56.62206365066,-95.5088648078272));
#11860=CARTESIAN_POINT('Ctrl Pts',(-18.650249204024,57.1494645716617,-98.4613996186102));
#11861=CARTESIAN_POINT('Ctrl Pts',(-18.643717090667,57.6768887941475,-101.413930267034));
#11862=CARTESIAN_POINT('Origin',(-18.6502508133376,49.6752580115741,-99.7785535688432));
#11863=CARTESIAN_POINT('',(-18.6216565376356,55.9330828091036,-112.006913227381));
#11864=CARTESIAN_POINT('Origin',(29.5170261301916,46.1382841432471,-122.676917220321));
#11865=CARTESIAN_POINT('',(29.5169874105997,57.6357429332724,-121.66503163718));
#11866=CARTESIAN_POINT('',(30.5170261294424,57.4621014793222,-120.680262016261));
#11867=CARTESIAN_POINT('Origin',(29.5170261301916,57.4620947557356,-120.680223884906));
#11868=CARTESIAN_POINT('',(29.5169874105997,46.3119323207839,-123.661724972595));
#11869=CARTESIAN_POINT('',(30.5170261294421,46.1382908668337,-122.676955351675));
#11870=CARTESIAN_POINT('Origin',(-29.6980854923388,46.1378860053171,-122.674659267917));
#11871=CARTESIAN_POINT('',(-30.6980854915892,57.461689894219,-120.677927801148));
#11872=CARTESIAN_POINT('',(-29.6981242119304,57.6353447953424,-121.662773684776));
#11873=CARTESIAN_POINT('Origin',(-29.6980854923388,57.4616966178056,-120.677965932502));
#11874=CARTESIAN_POINT('',(-30.6980854915892,46.1378792817305,-122.674621136562));
#11875=CARTESIAN_POINT('',(-29.6981242119304,46.3115341828539,-123.659467020191));
#11876=CARTESIAN_POINT('Origin',(21.1143413096996,57.4331181761532,-138.607064043046));
#11877=CARTESIAN_POINT('Origin',(21.1143413096996,60.5268912250805,-138.061548382331));
#11878=CARTESIAN_POINT('',(21.1143800292913,60.3532430475438,-137.076740630057));
#11879=CARTESIAN_POINT('',(21.1143800292913,57.2594699986164,-137.622256290772));
#11880=CARTESIAN_POINT('Origin',(21.1143413096996,60.5268912250806,-138.061548382331));
#11881=CARTESIAN_POINT('Origin',(20.3815579874384,54.8641820105441,-105.946728564149));
#11882=CARTESIAN_POINT('Origin',(-21.2967674567748,57.4328330213913,-138.605446850029));
#11883=CARTESIAN_POINT('',(-21.2967287371828,60.352957892782,-137.07512343704));
#11884=CARTESIAN_POINT('Origin',(-21.2967674567748,60.5266060703187,-138.059931189314));
#11885=CARTESIAN_POINT('',(-21.2967287371828,57.2591848438545,-137.620639097755));
#11886=CARTESIAN_POINT('Origin',(17.5212587465603,36.232595565515,-92.0995888792988));
#11887=CARTESIAN_POINT('',(17.5157874828116,36.2352238907183,-92.1029616700825));
#11888=CARTESIAN_POINT('',(16.7452462952795,36.2903036377292,-92.4153344379343));
#11889=CARTESIAN_POINT('',(14.2078238680321,36.4716834103019,-93.4439902445721));
#11890=CARTESIAN_POINT('',(17.5212587465603,36.232595565515,-92.0995888792988));
#11891=CARTESIAN_POINT('',(17.2562541788443,36.3599003741142,-92.2629524100429));
#11892=CARTESIAN_POINT('',(16.7452462952795,36.2903036377292,-92.4153344379343));
#11893=CARTESIAN_POINT('Origin',(17.2562541788443,36.3599003741142,-92.2629524100429));
#11894=CARTESIAN_POINT('',(17.5216654921828,36.2348123826588,-92.1006278919061));
#11895=CARTESIAN_POINT('',(14.0622655132554,36.4769982796571,-93.4741323665203));
#11896=CARTESIAN_POINT('',(17.5212587465603,36.232595565515,-92.0995888792988));
#11897=CARTESIAN_POINT('Origin',(17.5602540304729,36.4451249919821,-92.1992005022845));
#11898=CARTESIAN_POINT('',(17.5378409303991,36.234440453488,-92.0985185767613));
#11899=CARTESIAN_POINT('',(14.4693288504697,36.3049961403553,-92.4986597609627));
#11900=CARTESIAN_POINT('',(17.5212587465603,36.232595565515,-92.0995888792988));
#11901=CARTESIAN_POINT('Origin',(18.7632643160941,36.370777674694,-92.0194232192409));
#11902=CARTESIAN_POINT('',(18.799024774412,36.2056608394731,-91.9353012750232));
#11903=CARTESIAN_POINT('',(15.0748337278861,36.2906464094136,-92.4172783927568));
#11904=CARTESIAN_POINT('',(18.7992651283951,36.2034313916153,-91.9341906300775));
#11905=CARTESIAN_POINT('',(18.7992651283951,36.2034313916153,-91.9341906300775));
#11906=CARTESIAN_POINT('',(17.5212587465603,36.232595565515,-92.0995888792988));
#11907=CARTESIAN_POINT('Origin',(18.7992605206915,36.3856076411185,-92.0229057029334));
#11908=CARTESIAN_POINT('',(20.0527643132821,36.2343096263019,-92.0977766189197));
#11909=CARTESIAN_POINT('',(15.83223819783,36.1378330824237,-91.5506309496037));
#11910=CARTESIAN_POINT('',(20.0682606220149,36.2324392205145,-92.09870220274));
#11911=CARTESIAN_POINT('',(20.0682606220149,36.2324392205145,-92.09870220274));
#11912=CARTESIAN_POINT('',(20.0682606220149,36.2324392205145,-92.09870220274));
#11913=CARTESIAN_POINT('Origin',(20.0682606220149,36.2324392205145,-92.09870220274));
#11914=CARTESIAN_POINT('',(20.0677143695165,36.2346494446938,-92.0997038247876));
#11915=CARTESIAN_POINT('',(16.4563702698015,36.152562720381,-91.6341668775601));
#11916=CARTESIAN_POINT('',(20.0682606220149,36.2324392205145,-92.09870220274));
#11917=CARTESIAN_POINT('Origin',(20.0112539714072,36.4630971633846,-92.2032310026628));
#11918=CARTESIAN_POINT('',(20.0712570922627,36.234885511035,-92.1010426235365));
#11919=CARTESIAN_POINT('',(17.4641182667497,36.0611610150693,-91.1158020479435));
#11920=CARTESIAN_POINT('',(20.0682606220149,36.2324392205145,-92.09870220274));
#11921=CARTESIAN_POINT('Origin',(20.8522495041759,36.2903312515209,-92.415491043529));
#11922=CARTESIAN_POINT('',(20.8522495041759,36.2903312515209,-92.415491043529));
#11923=CARTESIAN_POINT('',(17.9601898683137,36.0850124986193,-91.2510705329717));
#11924=CARTESIAN_POINT('',(20.0682606220149,36.2324392205145,-92.09870220274));
#11925=CARTESIAN_POINT('Origin',(22.1152480841618,36.2903397434012,-92.4155392033753));
#11926=CARTESIAN_POINT('',(20.8562453995588,36.2883589880803,-92.415838963893));
#11927=CARTESIAN_POINT('',(20.8562453995588,36.2883589880803,-92.415838963893));
#11928=CARTESIAN_POINT('',(22.1152480841618,36.2903397434012,-92.4155392033753));
#11929=CARTESIAN_POINT('',(20.8522495041759,36.2903312515209,-92.415491043529));
#11930=CARTESIAN_POINT('',(22.1152480841618,36.2883674530938,-92.4158869713704));
#11931=CARTESIAN_POINT('',(22.1152480841618,36.2903397434012,-92.4155392033753));
#11932=CARTESIAN_POINT('',(20.8562453995588,36.2883589880803,-92.415838963893));
#11933=CARTESIAN_POINT('Origin',(22.1152480841618,36.2903397434012,-92.4155392033753));
#11934=CARTESIAN_POINT('',(22.1152164502217,36.4302381645096,-93.2204757577589));
#11935=CARTESIAN_POINT('',(22.1152163728621,36.4325573947926,-93.2220955841407));
#11936=CARTESIAN_POINT('',(22.1152164502217,36.4302381645096,-93.2204757577589));
#11937=CARTESIAN_POINT('',(22.1152480841618,36.2883674530938,-92.4158869713704));
#11938=CARTESIAN_POINT('',(22.1152480841618,36.2903397434012,-92.4155392033753));
#11939=CARTESIAN_POINT('Origin',(21.884212960324,36.613180510858,-93.18109620661));
#11940=CARTESIAN_POINT('',(22.3016883911165,36.4577955200418,-93.3652281050275));
#11941=CARTESIAN_POINT('',(19.9398558756792,36.1381324124064,-91.5523285342922));
#11942=CARTESIAN_POINT('',(22.3062078044972,36.4561133875022,-93.3672214394953));
#11943=CARTESIAN_POINT('',(22.3062078044972,36.4561133875022,-93.3672214394953));
#11944=CARTESIAN_POINT('',(22.1152163728621,36.4325573947926,-93.2220955841407));
#11945=CARTESIAN_POINT('Origin',(21.884212960324,36.613180510858,-93.18109620661));
#11946=CARTESIAN_POINT('',(22.3052882427703,36.4582859332625,-93.3680093766104));
#11947=CARTESIAN_POINT('',(19.9578398629066,36.1384894996592,-91.554353676737));
#11948=CARTESIAN_POINT('',(22.3062078044972,36.4561133875022,-93.3672214394953));
#11949=CARTESIAN_POINT('Origin',(22.1882039511663,36.7349079085686,-93.4683344078125));
#11950=CARTESIAN_POINT('',(22.3127691802531,36.4599744075068,-93.3775851898944));
#11951=CARTESIAN_POINT('',(21.4077211522138,36.2557018429274,-92.2190979081492));
#11952=CARTESIAN_POINT('',(22.7091856321814,36.6932443661181,-94.0037284431785));
#11953=CARTESIAN_POINT('Origin',(22.3062078044972,36.4561133875022,-93.3672214394953));
#11954=CARTESIAN_POINT('',(23.0888913183204,36.6357538690099,-94.3744800541797));
#11955=CARTESIAN_POINT('',(21.4013184383154,36.2535451449638,-92.2068666661974));
#11956=CARTESIAN_POINT('',(23.095176102091,36.6348023021613,-94.3806166325687));
#11957=CARTESIAN_POINT('',(23.095176102091,36.6348023021613,-94.3806166325687));
#11958=CARTESIAN_POINT('',(23.095176102091,36.6348023021613,-94.3806166325687));
#11959=CARTESIAN_POINT('Origin',(22.7091856321814,36.6932443661181,-94.0037284431785));
#11960=CARTESIAN_POINT('',(23.0937526240654,36.6368593680922,-94.3807496510265));
#11961=CARTESIAN_POINT('',(21.6473422577476,36.3079342980702,-92.5153228813944));
#11962=CARTESIAN_POINT('',(23.095176102091,36.6348023021613,-94.3806166325687));
#11963=CARTESIAN_POINT('Origin',(22.9231691180933,36.8833693332614,-94.3966900129429));
#11964=CARTESIAN_POINT('',(23.0995843237022,36.639271498727,-94.3944295236423));
#11965=CARTESIAN_POINT('',(22.8180984203996,36.5228421877337,-93.7341260889353));
#11966=CARTESIAN_POINT('',(23.4011381692002,36.9449964666592,-95.339329936593));
#11967=CARTESIAN_POINT('Origin',(23.4011381692002,36.9449964666592,-95.339329936593));
#11968=CARTESIAN_POINT('',(23.5874019623659,36.8443077935549,-95.5572481348618));
#11969=CARTESIAN_POINT('',(23.0350810213846,36.6121598958183,-94.2406719829652));
#11970=CARTESIAN_POINT('',(23.5901248328934,36.8428358906381,-95.5604337407673));
#11971=CARTESIAN_POINT('',(23.4011381692002,36.9449964666592,-95.339329936593));
#11972=CARTESIAN_POINT('',(23.095176102091,36.6348023021613,-94.3806166325687));
#11973=CARTESIAN_POINT('Origin',(23.635107964173,36.9263730599315,-95.9650798571675));
#11974=CARTESIAN_POINT('',(23.5976309573024,36.8567753467776,-95.6279551427887));
#11975=CARTESIAN_POINT('',(23.6363114931768,36.9039209014175,-95.8953308696935));
#11976=CARTESIAN_POINT('',(23.635107964173,36.9263730599315,-95.9650798571675));
#11977=CARTESIAN_POINT('Origin',(23.635107964173,36.9263730599315,-95.9650798571675));
#11978=CARTESIAN_POINT('',(23.6156485320023,36.8804483545235,-95.7622114412333));
#11979=CARTESIAN_POINT('',(23.6413447308658,36.9142101856725,-95.9536843004255));
#11980=CARTESIAN_POINT('',(23.641111460399,36.9179712649234,-95.9635087186028));
#11981=CARTESIAN_POINT('Origin',(23.5901248328934,36.8428358906381,-95.5604337407673));
#11982=CARTESIAN_POINT('',(23.6426093258316,36.9160036806164,-95.9638557156945));
#11983=CARTESIAN_POINT('',(23.6145096505063,36.8789464216343,-95.7536935565444));
#11984=CARTESIAN_POINT('',(23.6441107661218,36.9140314004041,-95.9642035409416));
#11985=CARTESIAN_POINT('',(23.641111460399,36.9179712649234,-95.9635087186028));
#11986=CARTESIAN_POINT('',(23.6441107661218,36.9140314004041,-95.9642035409416));
#11987=CARTESIAN_POINT('Origin',(23.6441107661218,36.9140314004041,-95.9642035409416));
#11988=CARTESIAN_POINT('',(23.7730968425009,36.9130490826716,-95.9470993580861));
#11989=CARTESIAN_POINT('',(17.8267178759458,37.0476915337035,-96.7106946427721));
#11990=CARTESIAN_POINT('',(24.4171058952778,36.9081445105645,-95.861700616544));
#11991=CARTESIAN_POINT('Origin',(23.6441107661218,36.9140314004041,-95.9642035409416));
#11992=CARTESIAN_POINT('',(23.9847696588239,36.9082004182074,-95.9196012154605));
#11993=CARTESIAN_POINT('',(17.8278900864697,37.0492324303087,-96.7194335016749));
#11994=CARTESIAN_POINT('',(23.9847696588239,36.9114370485142,-95.9190305102109));
#11995=CARTESIAN_POINT('',(23.9847696588239,36.9082004182074,-95.9196012154605));
#11996=CARTESIAN_POINT('',(24.4171058952778,36.9081445105645,-95.861700616544));
#11997=CARTESIAN_POINT('',(24.4171058952778,36.9081445105645,-95.861700616544));
#11998=CARTESIAN_POINT('',(24.4171058952778,36.8963248565083,-95.8637847404566));
#11999=CARTESIAN_POINT('',(24.4171058952778,36.9081445105645,-95.861700616544));
#12000=CARTESIAN_POINT('',(23.6441107661218,36.9140314004041,-95.9642035409416));
#12001=CARTESIAN_POINT('Origin',(18.9105211831994,37.0505497850405,-96.7269045916157));
#12002=CARTESIAN_POINT('',(23.7885319823911,37.3318925410632,-98.3224786489282));
#12003=CARTESIAN_POINT('',(23.7885319823911,37.3417399048121,-98.3207422930104));
#12004=CARTESIAN_POINT('',(23.7885319823911,37.3318925410632,-98.3224786489282));
#12005=CARTESIAN_POINT('',(23.9847347732254,36.9180102894781,-95.9176522291329));
#12006=CARTESIAN_POINT('Origin',(18.9105211831994,37.0603971487894,-96.7251682356979));
#12007=CARTESIAN_POINT('',(23.9847347732254,36.9136198137591,-95.9184263884603));
#12008=CARTESIAN_POINT('',(23.9847347732254,36.9081629257292,-95.9193885850507));
#12009=CARTESIAN_POINT('Origin',(18.9105211831994,35.4615200083332,-97.0070934143983));
#12010=CARTESIAN_POINT('Origin',(18.9105211831994,37.0505497850405,-96.7269045916157));
#12011=CARTESIAN_POINT('Origin',(23.7885319823911,37.3318925410632,-98.3224786489282));
#12012=CARTESIAN_POINT('',(23.7881790145908,38.9148693274884,-107.299986118658));
#12013=CARTESIAN_POINT('',(23.7885319823911,37.3318925410632,-98.3224786489282));
#12014=CARTESIAN_POINT('',(23.7881790145908,38.9247166912373,-107.29824976274));
#12015=CARTESIAN_POINT('',(23.7881790145908,38.9148693274884,-107.299986118658));
#12016=CARTESIAN_POINT('',(23.7885319823911,37.3417399048121,-98.3207422930104));
#12017=CARTESIAN_POINT('Origin',(5.68396294544268,55.3011377064619,-95.0990371077614));
#12018=CARTESIAN_POINT('',(6.98308816922772,36.9317909480352,-96.0533897583884));
#12019=CARTESIAN_POINT('',(6.98308816922772,54.9104380411995,-92.8832691992279));
#12020=CARTESIAN_POINT('',(8.84777270026998,36.3710046521802,-92.873012634015));
#12021=CARTESIAN_POINT('Origin',(5.68407910421907,54.7801931738517,-92.1446138509397));
#12022=CARTESIAN_POINT('',(4.38501195982209,36.9317734796447,-96.0532906902232));
#12023=CARTESIAN_POINT('Origin',(5.68407910421907,36.8015460806874,-95.3147344101003));
#12024=CARTESIAN_POINT('',(4.38501195982209,54.9104205728091,-92.8831701310626));
#12025=CARTESIAN_POINT('Origin',(2.79740519961901,54.4328774094554,-90.1748882706525));
#12026=CARTESIAN_POINT('',(2.79740519961901,36.4542303162912,-93.3450088298133));
#12027=CARTESIAN_POINT('',(5.18478690430353,37.1723412742224,-97.4176184499971));
#12028=CARTESIAN_POINT('',(2.79740519961901,54.4328774094554,-90.1748882706525));
#12029=CARTESIAN_POINT('Ctrl Pts',(14.7487432995522,50.9371117574124,-82.2758181875311));
#12030=CARTESIAN_POINT('Ctrl Pts',(14.7487432981987,44.634068854831,-83.3872140807807));
#12031=CARTESIAN_POINT('Ctrl Pts',(14.7487432968455,38.3319186677721,-84.4984525642871));
#12032=CARTESIAN_POINT('Ctrl Pts',(14.7487432954918,32.0278192389309,-85.6100347515164));
#12033=CARTESIAN_POINT('Ctrl Pts',(16.0092093587408,50.9371202319979,-82.2758662508561));
#12034=CARTESIAN_POINT('Ctrl Pts',(16.0092093573873,44.6340773294165,-83.3872621441058));
#12035=CARTESIAN_POINT('Ctrl Pts',(16.0092093560341,38.3319271423576,-84.4985006276121));
#12036=CARTESIAN_POINT('Ctrl Pts',(16.0092093546804,32.0278277135164,-85.6100828148415));
#12037=CARTESIAN_POINT('Ctrl Pts',(18.7137147410793,50.9861686109285,-82.5540335918007));
#12038=CARTESIAN_POINT('Ctrl Pts',(18.7137147397259,44.683125708347,-83.6654294850504));
#12039=CARTESIAN_POINT('Ctrl Pts',(18.7137147383726,38.3809755212882,-84.7766679685567));
#12040=CARTESIAN_POINT('Ctrl Pts',(18.7137147370189,32.076876092447,-85.888250155786));
#12041=CARTESIAN_POINT('Ctrl Pts',(23.0776219455342,51.2465246977283,-84.0305871771799));
#12042=CARTESIAN_POINT('Ctrl Pts',(23.0776219441807,44.9434817951469,-85.1419830704296));
#12043=CARTESIAN_POINT('Ctrl Pts',(23.0776219428274,38.641331608088,-86.253221553936));
#12044=CARTESIAN_POINT('Ctrl Pts',(23.0776219414738,32.3372321792468,-87.3648037411653));
#12045=CARTESIAN_POINT('Ctrl Pts',(27.3159444315753,51.7068370676661,-86.641149839563));
#12046=CARTESIAN_POINT('Ctrl Pts',(27.3159444302219,45.4037941650847,-87.7525457328127));
#12047=CARTESIAN_POINT('Ctrl Pts',(27.3159444288686,39.1016439780258,-88.863784216319));
#12048=CARTESIAN_POINT('Ctrl Pts',(27.3159444275149,32.7975445491846,-89.9753664035484));
#12049=CARTESIAN_POINT('Ctrl Pts',(32.2062888829318,52.5511371679449,-91.4294163732546));
#12050=CARTESIAN_POINT('Ctrl Pts',(32.2062888815784,46.2480942653634,-92.5408122665043));
#12051=CARTESIAN_POINT('Ctrl Pts',(32.2062888802251,39.9459440783045,-93.6520507500107));
#12052=CARTESIAN_POINT('Ctrl Pts',(32.2062888788714,33.6418446494634,-94.76363293724));
#12053=CARTESIAN_POINT('Ctrl Pts',(35.0223860352724,53.5989552890386,-97.371891611179));
#12054=CARTESIAN_POINT('Ctrl Pts',(35.022386033919,47.2959123864571,-98.4832875044287));
#12055=CARTESIAN_POINT('Ctrl Pts',(35.0223860325657,40.9937621993982,-99.5945259879351));
#12056=CARTESIAN_POINT('Ctrl Pts',(35.0223860312121,34.689662770557,-100.706108175164));
#12057=CARTESIAN_POINT('Ctrl Pts',(35.4289930604674,54.3021223513392,-101.359752452516));
#12058=CARTESIAN_POINT('Ctrl Pts',(35.428993059114,47.9990794487578,-102.471148345766));
#12059=CARTESIAN_POINT('Ctrl Pts',(35.4289930577607,41.6969292616989,-103.582386829272));
#12060=CARTESIAN_POINT('Ctrl Pts',(35.4289930564071,35.3928298328577,-104.693969016502));
#12061=CARTESIAN_POINT('Ctrl Pts',(35.4317382322809,54.520999346066,-102.601066278251));
#12062=CARTESIAN_POINT('Ctrl Pts',(35.4317382309274,48.2179564434846,-103.7124621715));
#12063=CARTESIAN_POINT('Ctrl Pts',(35.4317382295742,41.9158062564257,-104.823700655007));
#12064=CARTESIAN_POINT('Ctrl Pts',(35.4317382282205,35.6117068275845,-105.935282842236));
#12065=CARTESIAN_POINT('',(34.6277937013783,53.6061138488141,-97.4124927906534));
#12066=CARTESIAN_POINT('',(35.4317382321184,54.5209659552395,-102.601072165948));
#12067=CARTESIAN_POINT('Ctrl Pts',(34.6310420409848,53.6062582123685,-97.4133115175241));
#12068=CARTESIAN_POINT('Ctrl Pts',(34.7598914460992,53.6794675747991,-97.8285026796004));
#12069=CARTESIAN_POINT('Ctrl Pts',(34.8724240698946,53.7522122300624,-98.2410583548509));
#12070=CARTESIAN_POINT('Ctrl Pts',(34.9684255059974,53.8241553026712,-98.6490680263645));
#12071=CARTESIAN_POINT('Ctrl Pts',(35.2934573854019,54.0677328266065,-100.030465594264));
#12072=CARTESIAN_POINT('Ctrl Pts',(35.428993060467,54.3021218473729,-101.359752541374));
#12073=CARTESIAN_POINT('Ctrl Pts',(35.4317382322809,54.5209988420995,-102.601066367107));
#12074=CARTESIAN_POINT('',(33.1105937677338,52.9663025583265,-93.7839426509254));
#12075=CARTESIAN_POINT('Ctrl Pts',(33.1039674304403,52.9659460584398,-93.781920838443));
#12076=CARTESIAN_POINT('Ctrl Pts',(33.7466812653555,53.177815742886,-94.9834942109933));
#12077=CARTESIAN_POINT('Ctrl Pts',(34.2574482161607,53.3939901686281,-96.2094809982942));
#12078=CARTESIAN_POINT('Ctrl Pts',(34.6310420409848,53.6062578597291,-97.4133115797039));
#12079=CARTESIAN_POINT('',(28.9710618855875,52.0045209677442,-88.3294082018131));
#12080=CARTESIAN_POINT('Ctrl Pts',(28.9737115156666,52.0047153464395,-88.3305105788024));
#12081=CARTESIAN_POINT('Ctrl Pts',(29.6282388957052,52.1159766341786,-88.9615050562535));
#12082=CARTESIAN_POINT('Ctrl Pts',(30.2446845526352,52.2340318943093,-89.6310300876423));
#12083=CARTESIAN_POINT('Ctrl Pts',(30.8108488285081,52.357020590854,-90.3285340430989));
#12084=CARTESIAN_POINT('Ctrl Pts',(31.7012893463871,52.550452291354,-91.425540353435));
#12085=CARTESIAN_POINT('Ctrl Pts',(32.4673551489289,52.7560872117483,-92.5917546020418));
#12086=CARTESIAN_POINT('Ctrl Pts',(33.1039674304403,52.9659455279555,-93.7819209319817));
#12087=CARTESIAN_POINT('',(24.3765217241207,51.4005202280005,-84.9039497874685));
#12088=CARTESIAN_POINT('Ctrl Pts',(24.3767353651835,51.4005242963189,-84.9039728600622));
#12089=CARTESIAN_POINT('Ctrl Pts',(25.3538780566738,51.4974739038163,-85.4538017198581));
#12090=CARTESIAN_POINT('Ctrl Pts',(26.3100796825313,51.6096799711813,-86.0901543122341));
#12091=CARTESIAN_POINT('Ctrl Pts',(27.220850406988,51.7356541312282,-86.8045896826074));
#12092=CARTESIAN_POINT('Ctrl Pts',(27.8278507717381,51.8196119913617,-87.2807386394875));
#12093=CARTESIAN_POINT('Ctrl Pts',(28.4146716024773,51.9096853738814,-87.7915704669619));
#12094=CARTESIAN_POINT('Ctrl Pts',(28.9737115156667,52.0047150128788,-88.3305106376182));
#12095=CARTESIAN_POINT('',(19.5398909692252,51.0509814906151,-82.9216171008829));
#12096=CARTESIAN_POINT('Ctrl Pts',(19.5404308778429,51.051008535434,-82.9217704797602));
#12097=CARTESIAN_POINT('Ctrl Pts',(20.700272841466,51.1058460677428,-83.2327697577707));
#12098=CARTESIAN_POINT('Ctrl Pts',(21.8854661995299,51.1817271908694,-83.6631132375982));
#12099=CARTESIAN_POINT('Ctrl Pts',(23.0566911591319,51.2798488307812,-84.2195890275277));
#12100=CARTESIAN_POINT('Ctrl Pts',(23.4994298954622,51.3169401260998,-84.429944336311));
#12101=CARTESIAN_POINT('Ctrl Pts',(23.9401726295739,51.3572094608313,-84.6583232124695));
#12102=CARTESIAN_POINT('Ctrl Pts',(24.3767353651835,51.4005241028319,-84.9039728941792));
#12103=CARTESIAN_POINT('Ctrl Pts',(14.7487432995524,50.9371097795724,-82.2758185362774));
#12104=CARTESIAN_POINT('Ctrl Pts',(16.0092093587409,50.9371182541579,-82.2758665996025));
#12105=CARTESIAN_POINT('Ctrl Pts',(17.3614620499101,50.9616424436232,-82.4149502700748));
#12106=CARTESIAN_POINT('Ctrl Pts',(18.7649062629038,51.0172972194891,-82.7305843695408));
#12107=CARTESIAN_POINT('Ctrl Pts',(19.0218461735422,51.0274863905336,-82.7883700631653));
#12108=CARTESIAN_POINT('Ctrl Pts',(19.2805019007988,51.0387189839179,-82.8520733022981));
#12109=CARTESIAN_POINT('Ctrl Pts',(19.5404308778429,51.0510084717307,-82.9217704909928));
#12110=CARTESIAN_POINT('',(14.7487432954921,32.0278192389309,-85.6100347515163));
#12111=CARTESIAN_POINT('Ctrl Pts',(14.7487432954918,32.0278192389309,-85.6100347515164));
#12112=CARTESIAN_POINT('Ctrl Pts',(14.7487432968455,38.3318958568106,-84.4984565864728));
#12113=CARTESIAN_POINT('Ctrl Pts',(14.7487432981987,44.6340232470144,-83.3872221226648));
#12114=CARTESIAN_POINT('Ctrl Pts',(14.7487432995522,50.9370433359969,-82.2758302520658));
#12115=CARTESIAN_POINT('',(35.4317382282207,35.6117088054245,-105.93528249349));
#12116=CARTESIAN_POINT('Ctrl Pts',(35.4317382282205,35.6117088054246,-105.93528249349));
#12117=CARTESIAN_POINT('Ctrl Pts',(35.4289930564071,35.3928318106977,-104.693968667755));
#12118=CARTESIAN_POINT('Ctrl Pts',(35.293457381342,35.1584427899308,-103.364681720643));
#12119=CARTESIAN_POINT('Ctrl Pts',(34.968425501937,34.9148652659951,-101.983284152741));
#12120=CARTESIAN_POINT('Ctrl Pts',(34.3183617431269,34.4277102181237,-99.2204890169369));
#12121=CARTESIAN_POINT('Ctrl Pts',(32.9103131669566,33.9038011575768,-96.2492513979747));
#12122=CARTESIAN_POINT('Ctrl Pts',(30.8108488244476,33.4477314373016,-93.6627500137568));
#12123=CARTESIAN_POINT('Ctrl Pts',(29.7611166531932,33.219696577164,-92.3694993216478));
#12124=CARTESIAN_POINT('Ctrl Pts',(28.538530540354,33.0086215520943,-91.1724326882249));
#12125=CARTESIAN_POINT('Ctrl Pts',(27.2208504029276,32.8263653112365,-90.1388055944496));
#12126=CARTESIAN_POINT('Ctrl Pts',(25.9031702655012,32.6441090703787,-89.1051785006743));
#12127=CARTESIAN_POINT('Ctrl Pts',(24.4903961034875,32.4906716137328,-88.2349909465466));
#12128=CARTESIAN_POINT('Ctrl Pts',(23.0566911550715,32.3705602042765,-87.5538049052529));
#12129=CARTESIAN_POINT('Ctrl Pts',(21.6229862066555,32.2504487948202,-86.8726188639592));
#12130=CARTESIAN_POINT('Ctrl Pts',(20.1683504718372,32.1636634325536,-86.3804343354994));
#12131=CARTESIAN_POINT('Ctrl Pts',(18.7649062588434,32.1080086566877,-86.0648002360334));
#12132=CARTESIAN_POINT('Ctrl Pts',(17.3614620458497,32.0523538808217,-85.7491661365674));
#12133=CARTESIAN_POINT('Ctrl Pts',(16.0092093546804,32.0278296913565,-85.6100824660951));
#12134=CARTESIAN_POINT('Ctrl Pts',(14.7487432954918,32.0278212167709,-85.6100344027701));
#12135=CARTESIAN_POINT('Ctrl Pts',(35.4317382322809,54.5209325644141,-102.601078053651));
#12136=CARTESIAN_POINT('Ctrl Pts',(35.4317382309274,48.2179125878584,-103.712469904426));
#12137=CARTESIAN_POINT('Ctrl Pts',(35.4317382295742,41.9157853102961,-104.823704348372));
#12138=CARTESIAN_POINT('Ctrl Pts',(35.4317382282205,35.6117088054246,-105.93528249349));
#12139=CARTESIAN_POINT('Origin',(35.437629487217,61.9542945237301,-104.03711199288));
#12140=CARTESIAN_POINT('',(35.5409093773438,63.2253629693154,-151.966160702611));
#12141=CARTESIAN_POINT('',(35.5409093775054,44.3161061432468,-155.300372866209));
#12142=CARTESIAN_POINT('',(35.5409093775054,57.2525390624699,-153.019330708425));
#12143=CARTESIAN_POINT('Ctrl Pts',(35.4317382319558,54.5209993460651,-102.601066278245));
#12144=CARTESIAN_POINT('Ctrl Pts',(35.4499334228401,55.9717321828134,-110.828581040418));
#12145=CARTESIAN_POINT('Ctrl Pts',(35.4681286137241,57.4224650195616,-119.056095802591));
#12146=CARTESIAN_POINT('Ctrl Pts',(35.5045189954657,60.3239306909212,-135.511125314817));
#12147=CARTESIAN_POINT('Ctrl Pts',(35.522714186323,61.7746635255325,-143.738640064871));
#12148=CARTESIAN_POINT('Ctrl Pts',(35.5409093771803,63.2253963601438,-151.966154814925));
#12149=CARTESIAN_POINT('',(35.4442557517356,36.6097517780625,-111.595465459408));
#12150=CARTESIAN_POINT('Origin',(35.4627621098649,44.4495349662532,-156.057085324338));
#12151=CARTESIAN_POINT('',(35.4627621098649,60.2182753813542,-153.276630937368));
#12152=CARTESIAN_POINT('',(35.4627621098649,44.4495365154669,-156.05708505117));
#12153=CARTESIAN_POINT('',(35.4627621098649,60.2182753813542,-153.276630937368));
#12154=CARTESIAN_POINT('',(35.4627621097023,63.3587917923247,-152.722873160756));
#12155=CARTESIAN_POINT('Ctrl Pts',(35.4627621098649,63.3587584014992,-152.72287904846));
#12156=CARTESIAN_POINT('Ctrl Pts',(35.4627621098649,62.3119307281175,-152.907463011429));
#12157=CARTESIAN_POINT('Ctrl Pts',(35.4627621098649,61.2651030547358,-153.092046974399));
#12158=CARTESIAN_POINT('Ctrl Pts',(35.4627621098649,60.2182753813542,-153.276630937368));
#12159=CARTESIAN_POINT('Ctrl Pts',(35.540909377182,63.2253963601379,-151.966154814891));
#12160=CARTESIAN_POINT('Ctrl Pts',(35.5218390444346,63.2579570897663,-152.150815888866));
#12161=CARTESIAN_POINT('Ctrl Pts',(35.502768711687,63.2905178193947,-152.335476962841));
#12162=CARTESIAN_POINT('Ctrl Pts',(35.4767196224733,63.3349940937302,-152.587714448884));
#12163=CARTESIAN_POINT('Ctrl Pts',(35.469740866331,63.346909638443,-152.655290860985));
#12164=CARTESIAN_POINT('Ctrl Pts',(35.4627621098649,63.3588251831501,-152.722867273053));
#12165=CARTESIAN_POINT('',(35.4627621098649,44.4495349662532,-156.057085324338));
#12166=CARTESIAN_POINT('Ctrl Pts',(35.4627621098649,60.2182753813542,-153.276630937368));
#12167=CARTESIAN_POINT('Ctrl Pts',(35.4627621098649,43.0725965863584,-156.299876711487));
#12168=CARTESIAN_POINT('Ctrl Pts',(35.4627386537518,60.3234704801447,-153.873221988651));
#12169=CARTESIAN_POINT('Ctrl Pts',(35.4627386537518,43.1777916851489,-156.89646776277));
#12170=CARTESIAN_POINT('Ctrl Pts',(35.4442362886658,60.5269514647294,-155.027219997165));
#12171=CARTESIAN_POINT('Ctrl Pts',(35.4442362886658,43.3812726697336,-158.050465771283));
#12172=CARTESIAN_POINT('Ctrl Pts',(35.3690491143388,60.7842989751743,-156.486710254475));
#12173=CARTESIAN_POINT('Ctrl Pts',(35.3690491143388,43.6386201801785,-159.509956028594));
#12174=CARTESIAN_POINT('Ctrl Pts',(35.2245062224599,61.0188275805903,-157.816788070551));
#12175=CARTESIAN_POINT('Ctrl Pts',(35.22450622246,43.8731487855945,-160.840033844669));
#12176=CARTESIAN_POINT('Ctrl Pts',(35.0042260032913,61.2377753005429,-159.058502294164));
#12177=CARTESIAN_POINT('Ctrl Pts',(35.0042260032913,44.0920965055471,-162.081748068283));
#12178=CARTESIAN_POINT('Ctrl Pts',(34.8323341183766,61.3717741666907,-159.818447627598));
#12179=CARTESIAN_POINT('Ctrl Pts',(34.8323341183766,44.2260953716949,-162.841693401717));
#12180=CARTESIAN_POINT('Ctrl Pts',(34.7548462177229,61.426972590197,-160.131493443301));
#12181=CARTESIAN_POINT('Ctrl Pts',(34.7548462177229,44.2812937952012,-163.15473921742));
#12182=CARTESIAN_POINT('Ctrl Pts',(34.7050791833831,61.4624240841072,-160.332548856192));
#12183=CARTESIAN_POINT('Ctrl Pts',(34.7050791833831,44.3167452891114,-163.355794630311));
#12184=CARTESIAN_POINT('Ctrl Pts',(34.6553121490436,61.4978755780174,-160.533604269083));
#12185=CARTESIAN_POINT('Ctrl Pts',(34.6553121490436,44.3521967830216,-163.556850043202));
#12186=CARTESIAN_POINT('Ctrl Pts',(34.605545114704,61.5333270719276,-160.734659681974));
#12187=CARTESIAN_POINT('Ctrl Pts',(34.605545114704,44.3876482769318,-163.757905456093));
#12188=CARTESIAN_POINT('Ctrl Pts',(34.5557780803642,61.5687785658377,-160.935715094865));
#12189=CARTESIAN_POINT('Ctrl Pts',(34.5557780803642,44.4230997708419,-163.958960868984));
#12190=CARTESIAN_POINT('Ctrl Pts',(34.5060110460247,61.6042300597479,-161.136770507756));
#12191=CARTESIAN_POINT('Ctrl Pts',(34.5060110460247,44.4585512647521,-164.160016281875));
#12192=CARTESIAN_POINT('',(35.0692167592723,61.1603808314216,-158.619576448498));
#12193=CARTESIAN_POINT('Ctrl Pts',(35.4627621098649,60.2182753813542,-153.276630937368));
#12194=CARTESIAN_POINT('Ctrl Pts',(35.4627386537518,60.3234704801447,-153.873221988651));
#12195=CARTESIAN_POINT('Ctrl Pts',(35.4442362886658,60.5269514647294,-155.027219997165));
#12196=CARTESIAN_POINT('Ctrl Pts',(35.3876821747104,60.7205225167356,-156.125015985212));
#12197=CARTESIAN_POINT('Ctrl Pts',(35.2918885894374,60.9011832882201,-157.14959413405));
#12198=CARTESIAN_POINT('Ctrl Pts',(35.1541397717747,61.0720139944557,-158.118423212556));
#12199=CARTESIAN_POINT('Ctrl Pts',(35.0724658638782,61.157021058698,-158.600522230533));
#12200=CARTESIAN_POINT('Ctrl Pts',(35.0692167592723,61.1603808314216,-158.619576448498));
#12201=CARTESIAN_POINT('',(35.4564438054001,44.5844612707404,-156.822281362769));
#12202=CARTESIAN_POINT('Ctrl Pts',(35.4627621098649,44.4495365154669,-156.05708505117));
#12203=CARTESIAN_POINT('Ctrl Pts',(35.4627559880796,44.4769912683181,-156.212788691877));
#12204=CARTESIAN_POINT('Ctrl Pts',(35.4621213178208,44.5042107099408,-156.367157816293));
#12205=CARTESIAN_POINT('Ctrl Pts',(35.4608581010484,44.5311948499075,-156.520192478704));
#12206=CARTESIAN_POINT('Ctrl Pts',(35.458965897715,44.5579445198813,-156.671897395707));
#12207=CARTESIAN_POINT('Ctrl Pts',(35.4564438054001,44.5844612707404,-156.822281362769));
#12208=CARTESIAN_POINT('',(35.4282594898339,45.5524993418165,-157.664983923998));
#12209=CARTESIAN_POINT('Ctrl Pts',(35.4564438054046,44.584461270693,-156.8222813625));
#12210=CARTESIAN_POINT('Ctrl Pts',(35.4530800728941,44.7820014278488,-156.994253778542));
#12211=CARTESIAN_POINT('Ctrl Pts',(35.448311013099,44.980359093829,-157.166935893484));
#12212=CARTESIAN_POINT('Ctrl Pts',(35.4419842934871,45.1792067165125,-157.340033950558));
#12213=CARTESIAN_POINT('Ctrl Pts',(35.4380305502737,45.3034721315981,-157.448207745258));
#12214=CARTESIAN_POINT('Ctrl Pts',(35.4334683898804,45.4279290509023,-157.556544881988));
#12215=CARTESIAN_POINT('Ctrl Pts',(35.4282594898333,45.5524993418165,-157.664983923998));
#12216=CARTESIAN_POINT('',(34.7548462177229,57.3142073357082,-160.856684922988));
#12217=CARTESIAN_POINT('Ctrl Pts',(34.7548462177229,57.3142073357082,-160.856684922988));
#12218=CARTESIAN_POINT('Ctrl Pts',(34.8208561424494,56.7000155417738,-160.690016664282));
#12219=CARTESIAN_POINT('Ctrl Pts',(34.996865619623,55.0519483859055,-160.242793971488));
#12220=CARTESIAN_POINT('Ctrl Pts',(35.3007931683632,50.308051124138,-158.955473470321));
#12221=CARTESIAN_POINT('Ctrl Pts',(35.38607979848,47.9111808211196,-158.305047909091));
#12222=CARTESIAN_POINT('Ctrl Pts',(35.4282594898341,45.5524993418367,-157.664983923975));
#12223=CARTESIAN_POINT('',(34.7548462177229,61.426972590197,-160.131493443301));
#12224=CARTESIAN_POINT('Ctrl Pts',(34.7548462177229,61.426972590197,-160.131493443301));
#12225=CARTESIAN_POINT('Ctrl Pts',(34.7548462177229,60.0560508387007,-160.37322393653));
#12226=CARTESIAN_POINT('Ctrl Pts',(34.7548462177229,58.6851290872045,-160.614954429759));
#12227=CARTESIAN_POINT('Ctrl Pts',(34.7548462177229,57.3142073357082,-160.856684922988));
#12228=CARTESIAN_POINT('Ctrl Pts',(35.0692167592723,61.1603808314216,-158.619576448498));
#12229=CARTESIAN_POINT('Ctrl Pts',(35.0161705812209,61.2152338213132,-158.930663212822));
#12230=CARTESIAN_POINT('Ctrl Pts',(34.9583560784435,61.2692043708464,-159.236745409185));
#12231=CARTESIAN_POINT('Ctrl Pts',(34.8956389448571,61.3224073410748,-159.53847444699));
#12232=CARTESIAN_POINT('Ctrl Pts',(34.8278618734028,61.3749599656349,-159.836515191231));
#12233=CARTESIAN_POINT('Ctrl Pts',(34.7548462177229,61.426972590197,-160.131493443301));
#12234=CARTESIAN_POINT('Origin',(26.8419694337905,48.5959724426099,-149.961118309498));
#12235=CARTESIAN_POINT('',(26.8419986993834,43.400844362907,-150.109665371177));
#12236=CARTESIAN_POINT('',(26.8439217775198,34.7762954712231,-101.197418039366));
#12237=CARTESIAN_POINT('',(26.8418671559791,43.99078530053,-153.455386685367));
#12238=CARTESIAN_POINT('',(26.8439217775196,37.7445031611365,-100.674042939289));
#12239=CARTESIAN_POINT('',(26.8439217775196,37.308234893114,-100.750968805768));
#12240=CARTESIAN_POINT('',(26.8436612476932,38.9129175809804,-107.300450396329));
#12241=CARTESIAN_POINT('',(26.8429918246417,41.9151210416484,-124.326792301608));
#12242=CARTESIAN_POINT('',(26.8436612476932,40.7346691831024,-106.979226436726));
#12243=CARTESIAN_POINT('',(26.8436612476932,43.9745834089094,-106.407942143535));
#12244=CARTESIAN_POINT('',(26.8429166432295,44.0740434293928,-125.917758888612));
#12245=CARTESIAN_POINT('',(26.8428048283837,44.575506468828,-128.76169710737));
#12246=CARTESIAN_POINT('',(26.8428715228586,43.6994480437263,-127.167098085341));
#12247=CARTESIAN_POINT('',(26.8425673021465,41.1737668018429,-135.590673747699));
#12248=CARTESIAN_POINT('',(26.8419986993834,47.6138541166996,-149.366798081596));
#12249=CARTESIAN_POINT('',(26.8419694337905,47.7451033526207,-150.111149487114));
#12250=CARTESIAN_POINT('',(26.8419986993834,48.311586604146,-149.243769018742));
#12251=CARTESIAN_POINT('Origin',(27.3598259424642,35.2299774617324,-103.77037646403));
#12252=CARTESIAN_POINT('',(26.8379251048585,34.7710220453152,-101.167510954888));
#12253=CARTESIAN_POINT('',(27.3598259424642,35.2299774617324,-103.77037646403));
#12254=CARTESIAN_POINT('',(26.8379251048585,37.7392297352285,-100.64413585481));
#12255=CARTESIAN_POINT('',(26.8379251048585,34.7710220453152,-101.167510954888));
#12256=CARTESIAN_POINT('',(26.8570210378331,37.7560225457374,-100.739372615749));
#12257=CARTESIAN_POINT('Origin',(24.9021040657575,33.9390610430485,-96.4492256481018));
#12258=CARTESIAN_POINT('',(26.804921573092,37.7251639539571,-100.564364845207));
#12259=CARTESIAN_POINT('',(26.8379251048585,34.7710220453152,-101.167510954888));
#12260=CARTESIAN_POINT('',(24.9021040657575,33.9390610430485,-96.4492256481018));
#12261=CARTESIAN_POINT('',(26.8379251048585,34.7710220453152,-101.167510954888));
#12262=CARTESIAN_POINT('',(24.9021040657575,33.9390610430485,-96.4492256481018));
#12263=CARTESIAN_POINT('Origin',(24.8741043042576,36.9067464787006,-95.9228886969271));
#12264=CARTESIAN_POINT('',(24.8741043042576,33.9385387887873,-96.4462637970051));
#12265=CARTESIAN_POINT('',(24.9021040657575,33.9390610430485,-96.4492256481018));
#12266=CARTESIAN_POINT('',(24.8741043042576,36.9067464787006,-95.9228886969271));
#12267=CARTESIAN_POINT('',(24.8741043042576,33.9385387887873,-96.4462637970051));
#12268=CARTESIAN_POINT('',(24.9021040657575,36.919088387018,-95.9237664241109));
#12269=CARTESIAN_POINT('',(24.9021040657575,36.919088387018,-95.9237664241109));
#12270=CARTESIAN_POINT('',(24.9021040657575,33.9390610430485,-96.4492256481018));
#12271=CARTESIAN_POINT('Origin',(24.6141325074714,33.8537967446525,-95.9656677827465));
#12272=CARTESIAN_POINT('',(24.6141325074714,33.8537967446525,-95.9656677827465));
#12273=CARTESIAN_POINT('',(24.6141325074714,36.8220044345659,-95.4422926826686));
#12274=CARTESIAN_POINT('',(24.6141325074714,33.8537967446525,-95.9656677827465));
#12275=CARTESIAN_POINT('',(24.6141325074714,36.8220044345659,-95.4422926826686));
#12276=CARTESIAN_POINT('',(24.6141325074714,33.8537967446525,-95.9656677827465));
#12277=CARTESIAN_POINT('Origin',(24.6141325074714,36.8220044345659,-95.4422926826686));
#12278=CARTESIAN_POINT('',(22.8462213321736,33.4227910133369,-93.5213128145854));
#12279=CARTESIAN_POINT('',(22.8462213321736,33.4227910133369,-93.5213128145854));
#12280=CARTESIAN_POINT('',(22.8462213321736,36.3909987032503,-92.9979377145073));
#12281=CARTESIAN_POINT('',(22.8462213321736,33.4227910133369,-93.5213128145854));
#12282=CARTESIAN_POINT('',(24.6141325074714,36.8220044345659,-95.4422926826686));
#12283=CARTESIAN_POINT('Origin',(20.9692934682544,33.1084756157829,-91.7387416148115));
#12284=CARTESIAN_POINT('',(20.9692934682544,33.1084756157829,-91.7387416148115));
#12285=CARTESIAN_POINT('',(20.9692934682544,36.0766833056962,-91.2153665147333));
#12286=CARTESIAN_POINT('',(20.9692934682544,33.1084756157829,-91.7387416148115));
#12287=CARTESIAN_POINT('',(20.9692934682544,36.0766833056962,-91.2153665147333));
#12288=CARTESIAN_POINT('',(22.8462213321736,33.4227910133369,-93.5213128145854));
#12289=CARTESIAN_POINT('Origin',(18.5943604060975,32.7997132915908,-89.9876634590376));
#12290=CARTESIAN_POINT('',(18.5943604060975,32.7997132915908,-89.9876634590376));
#12291=CARTESIAN_POINT('',(18.5943604060975,32.7997132915908,-89.9876634590376));
#12292=CARTESIAN_POINT('',(18.5943604060975,35.7679209815041,-89.4642883589597));
#12293=CARTESIAN_POINT('',(18.5943604060975,32.7997132915908,-89.9876634590376));
#12294=CARTESIAN_POINT('',(18.5943604060975,35.7679209815041,-89.4642883589597));
#12295=CARTESIAN_POINT('Origin',(18.5943604060975,35.7679209815041,-89.4642883589597));
#12296=CARTESIAN_POINT('',(15.7924129110358,32.5854114060555,-88.7722970716918));
#12297=CARTESIAN_POINT('',(18.5943604060975,32.7997132915908,-89.9876634590376));
#12298=CARTESIAN_POINT('',(15.7924129110358,35.5536190959688,-88.2489219716136));
#12299=CARTESIAN_POINT('',(15.7924129110358,32.5854114060555,-88.7722970716918));
#12300=CARTESIAN_POINT('',(15.7924129110358,35.5536190959688,-88.2489219716136));
#12301=CARTESIAN_POINT('Origin',(15.7924129110358,32.5854114060555,-88.7722970716918));
#12302=CARTESIAN_POINT('',(12.4584409682424,35.4165893379009,-87.4717875959363));
#12303=CARTESIAN_POINT('',(12.4584409682424,35.4165893379009,-87.4717875959363));
#12304=CARTESIAN_POINT('',(12.4584409682424,32.4483816479876,-87.9951626960145));
#12305=CARTESIAN_POINT('',(12.4584409682424,32.4483816479876,-87.9951626960145));
#12306=CARTESIAN_POINT('',(12.4584409682424,32.4483816479876,-87.9951626960145));
#12307=CARTESIAN_POINT('Origin',(12.4584409682424,32.4483816479876,-87.9951626960145));
#12308=CARTESIAN_POINT('',(8.58046044869067,32.3512860744077,-87.4445063348058));
#12309=CARTESIAN_POINT('',(8.58046044869095,35.3194937643211,-86.9211312347278));
#12310=CARTESIAN_POINT('',(8.58046044869067,32.3512860744077,-87.4445063348058));
#12311=CARTESIAN_POINT('',(8.58046044869095,35.3194937643211,-86.9211312347278));
#12312=CARTESIAN_POINT('',(8.58046044869067,32.3512860744077,-87.4445063348058));
#12313=CARTESIAN_POINT('Origin',(8.58046044869067,32.3512860744077,-87.4445063348058));
#12314=CARTESIAN_POINT('',(-0.032025897180894,32.2987894511808,-87.1467831899073));
#12315=CARTESIAN_POINT('',(-0.032025897180894,35.2669971410941,-86.6234080898294));
#12316=CARTESIAN_POINT('',(-0.032025897180894,40.251109755749,-85.7445745609763));
#12317=CARTESIAN_POINT('',(-0.0325253834251171,35.2669940965214,-86.6233908231994));
#12318=CARTESIAN_POINT('',(8.58046044869067,32.3512860744077,-87.4445063348058));
#12319=CARTESIAN_POINT('Origin',(-8.64453562833265,32.3511702606552,-87.4438495223766));
#12320=CARTESIAN_POINT('',(-0.0890819396653697,32.2991364628864,-87.1487511910842));
#12321=CARTESIAN_POINT('',(-0.0890819396653697,35.2673441527997,-86.6253760910062));
#12322=CARTESIAN_POINT('',(-0.0890819396650855,40.3452875777214,-85.7299976586813));
#12323=CARTESIAN_POINT('',(-0.0315264095795342,35.266994103238,-86.6233908612916));
#12324=CARTESIAN_POINT('',(-8.64453562833265,32.3511702606552,-87.4438495223766));
#12325=CARTESIAN_POINT('Origin',(16.7452462952795,36.2903036377292,-92.4153344379343));
#12326=CARTESIAN_POINT('',(16.7422469895567,36.2883313272557,-92.4156820915618));
#12327=CARTESIAN_POINT('',(16.7422469895567,36.2883313272557,-92.4156820915618));
#12328=CARTESIAN_POINT('',(16.7422469895567,36.2883313272557,-92.4156820915618));
#12329=CARTESIAN_POINT('Origin',(20.8522495041759,36.2903312515209,-92.415491043529));
#12330=CARTESIAN_POINT('',(20.8562453995588,36.2883589880803,-92.415838963893));
#12331=CARTESIAN_POINT('Origin',(22.1152163728621,36.4325573947926,-93.2220955841407));
#12332=CARTESIAN_POINT('',(22.1152164502217,36.4302381645096,-93.2204757577589));
#12333=CARTESIAN_POINT('Origin',(24.4171058952778,36.8963248565083,-95.8637847404566));
#12334=CARTESIAN_POINT('',(24.4171058952778,36.9081445105645,-95.861700616544));
#12335=CARTESIAN_POINT('',(24.4171058952778,36.8963248565083,-95.8637847404566));
#12336=CARTESIAN_POINT('Origin',(23.6441107661218,36.9140314004041,-95.9642035409416));
#12337=CARTESIAN_POINT('',(24.4171058952778,36.9081445105645,-95.861700616544));
#12338=CARTESIAN_POINT('Origin',(23.641111460399,36.9179712649234,-95.9635087186028));
#12339=CARTESIAN_POINT('',(23.641111460399,36.9258510342942,-95.9621193026611));
#12340=CARTESIAN_POINT('Origin',(23.7885319823911,37.3417399048121,-98.3207422930104));
#12341=CARTESIAN_POINT('',(25.8854274965458,37.3417540034706,-98.3208222504763));
#12342=CARTESIAN_POINT('',(25.8850745287455,38.9247307898958,-107.298329720206));
#12343=CARTESIAN_POINT('',(25.8854274965458,37.3417540034706,-98.3208222504763));
#12344=CARTESIAN_POINT('',(24.9021040657575,36.919088387018,-95.9237664241109));
#12345=CARTESIAN_POINT('',(24.4171058952778,36.9081445105645,-95.861700616544));
#12346=CARTESIAN_POINT('',(23.7881790145908,38.9247166912373,-107.29824976274));
#12347=CARTESIAN_POINT('Origin',(28.1504567416306,42.218881061841,-107.2689473017));
#12348=CARTESIAN_POINT('',(28.7724147835183,45.9914404062117,-124.791652322616));
#12349=CARTESIAN_POINT('',(28.7731086151049,42.8797704602069,-107.144495129188));
#12350=CARTESIAN_POINT('',(28.7731188245467,42.8339835359705,-106.88482457819));
#12351=CARTESIAN_POINT('',(28.8336030663879,42.9441119403859,-107.133152368709));
#12352=CARTESIAN_POINT('',(28.0254565678032,42.0845729113125,-107.284680516688));
#12353=CARTESIAN_POINT('',(28.8329142665989,46.0332154702162,-124.652329056352));
#12354=CARTESIAN_POINT('',(28.8336027634719,42.9454704479944,-107.140856848211));
#12355=CARTESIAN_POINT('',(31.4501882596758,47.8404505573726,-118.625051749908));
#12356=CARTESIAN_POINT('Origin',(27.6436402223768,36.0390061336263,-108.358606062492));
#12357=CARTESIAN_POINT('',(27.6431636449919,41.677968801451,-107.35636076115));
#12358=CARTESIAN_POINT('',(27.6105620909436,41.5503396182986,-106.835431883801));
#12359=CARTESIAN_POINT('',(27.6342688944649,41.6431474631047,-107.214234640427));
#12360=CARTESIAN_POINT('',(27.6105620909436,41.5850362260306,-106.829313935719));
#12361=CARTESIAN_POINT('',(27.6105620909436,41.4426491433427,-106.854420620102));
#12362=CARTESIAN_POINT('',(27.6436402223768,41.679327312266,-107.364065258836));
#12363=CARTESIAN_POINT('Origin',(25.8854274965458,37.3417540034706,-98.3208222504763));
#12364=CARTESIAN_POINT('',(25.8854274965458,37.3299343494144,-98.322906374389));
#12365=CARTESIAN_POINT('',(25.8854274965458,37.3417540034706,-98.3208222504763));
#12366=CARTESIAN_POINT('',(25.8850745287455,38.9129111358396,-107.300413844119));
#12367=CARTESIAN_POINT('',(25.8850745287455,38.9247307898958,-107.298329720206));
#12368=CARTESIAN_POINT('',(25.8854274965458,37.3299343494144,-98.322906374389));
#12369=CARTESIAN_POINT('Origin',(25.8854274965458,37.3299343494144,-98.322906374389));
#12370=CARTESIAN_POINT('',(26.3583054288116,37.534820537314,-99.4848736869143));
#12371=CARTESIAN_POINT('',(25.3937657811516,37.1186015411881,-97.1243784612063));
#12372=CARTESIAN_POINT('',(25.8850745287455,38.9129111358396,-107.300413844119));
#12373=CARTESIAN_POINT('Origin',(27.6891293377178,42.4355753679282,-106.679344025875));
#12374=CARTESIAN_POINT('',(24.5783116450516,42.4355544520761,-106.679225406183));
#12375=CARTESIAN_POINT('',(28.410251371481,42.4355802164547,-106.679371523235));
#12376=CARTESIAN_POINT('',(26.1943402273229,42.4355653175842,-106.679287027542));
#12377=CARTESIAN_POINT('',(24.5787144836859,40.6289188129836,-96.4332855515245));
#12378=CARTESIAN_POINT('',(24.5783116450516,42.4355544520761,-106.679225406183));
#12379=CARTESIAN_POINT('',(28.7735321755391,40.6289470172036,-96.4334455056043));
#12380=CARTESIAN_POINT('',(27.6895321763518,40.6289397288357,-96.4334041712162));
#12381=CARTESIAN_POINT('',(28.7723873135661,45.7633811718671,-125.552268580972));
#12382=CARTESIAN_POINT('',(28.7731293369054,42.435582656296,-106.679385360263));
#12383=CARTESIAN_POINT('',(28.4421316239905,45.7633789513644,-125.552255987875));
#12384=CARTESIAN_POINT('',(28.3326537454039,45.7633782152804,-125.552251813335));
#12385=CARTESIAN_POINT('',(28.4428529255294,42.5285127918747,-107.206418348665));
#12386=CARTESIAN_POINT('',(28.4428631349712,42.4827258676383,-106.946747797667));
#12387=CARTESIAN_POINT('',(28.4259824354316,42.4804225047967,-106.933684777859));
#12388=CARTESIAN_POINT('Origin',(24.5783116450516,42.4355544520761,-106.679225406183));
#12389=CARTESIAN_POINT('',(24.5680736742016,42.4614758235764,-106.674654366485));
#12390=CARTESIAN_POINT('',(23.813534193838,44.3718835077014,-106.337768281465));
#12391=CARTESIAN_POINT('',(24.5684765128356,40.6548401844839,-96.4287145118267));
#12392=CARTESIAN_POINT('',(24.5680736742016,42.4614758235764,-106.674654366485));
#12393=CARTESIAN_POINT('',(24.5787144836859,40.6289188129836,-96.4332855515245));
#12394=CARTESIAN_POINT('Origin',(24.5630052165177,46.4136035568332,-105.97778741663));
#12395=CARTESIAN_POINT('',(24.5631431795377,45.7948721652912,-102.468787324551));
#12396=CARTESIAN_POINT('',(24.5633483836985,44.874580218837,-97.2495523398848));
#12397=CARTESIAN_POINT('Origin',(24.5632116516677,45.3088047514984,-99.8637404802262));
#12398=CARTESIAN_POINT('',(24.5630052165177,46.4136035568332,-105.97778741663));
#12399=CARTESIAN_POINT('',(24.5630052165177,46.4136035568332,-105.97778741663));
#12400=CARTESIAN_POINT('',(24.568563729361,50.6352522471088,-105.233397068005));
#12401=CARTESIAN_POINT('',(24.5633522460738,46.6771698942541,-105.93131357378));
#12402=CARTESIAN_POINT('',(24.5689665679953,48.8286166080163,-94.9874572133466));
#12403=CARTESIAN_POINT('',(24.568563729361,50.6352522471088,-105.233397068005));
#12404=CARTESIAN_POINT('',(24.5634080551516,44.6069679177407,-95.7318475619713));
#12405=CARTESIAN_POINT('',(24.5634080551516,44.6069679177407,-95.7318475619713));
#12406=CARTESIAN_POINT('',(24.5630052165177,46.4136035568332,-105.97778741663));
#12407=CARTESIAN_POINT('Origin',(24.568563729361,50.6352522471088,-105.233397068005));
#12408=CARTESIAN_POINT('',(28.7731194452769,50.6796421223266,-105.485144560303));
#12409=CARTESIAN_POINT('',(28.7735321755391,48.8286448777772,-94.9876175391277));
#12410=CARTESIAN_POINT('',(28.7731293369054,50.6352805168697,-105.233557393786));
#12411=CARTESIAN_POINT('',(24.5689665679953,48.8286166080163,-94.9874572133466));
#12412=CARTESIAN_POINT('',(28.5176610328153,50.6352787992064,-105.233547652434));
#12413=CARTESIAN_POINT('',(26.1943402273229,50.6352631781578,-105.233459061065));
#12414=CARTESIAN_POINT('',(28.03040557364,50.5506612242002,-104.753657537681));
#12415=CARTESIAN_POINT('Origin',(21.2473877006343,49.8368740873468,-119.340835156584));
#12416=CARTESIAN_POINT('',(21.3066715994171,52.438612866814,-92.1906423770865));
#12417=CARTESIAN_POINT('',(21.2628964588353,55.8090359568797,-111.305261572195));
#12418=CARTESIAN_POINT('',(21.3066715994171,48.8556497234918,-92.8224154501383));
#12419=CARTESIAN_POINT('Origin',(17.4100495675341,52.6325874301063,-106.340102068171));
#12420=CARTESIAN_POINT('',(18.4866787714813,50.2059338523623,-92.5778657502012));
#12421=CARTESIAN_POINT('',(18.4412754449673,53.7017174869952,-112.403439922612));
#12422=CARTESIAN_POINT('',(18.9156231266949,50.2061018427936,-92.57881847128));
#12423=CARTESIAN_POINT('Origin',(18.9051622096065,52.6325974826256,-106.340159078841));
#12424=CARTESIAN_POINT('',(18.9051622072034,50.1652739764247,-106.775277806036));
#12425=CARTESIAN_POINT('Origin',(18.0146656997425,59.5915103243943,-156.016413667267));
#12426=CARTESIAN_POINT('',(18.0144213405134,67.7602919579829,-160.984391371697));
#12427=CARTESIAN_POINT('',(18.0144213405134,64.6374689136323,-161.535029330394));
#12428=CARTESIAN_POINT('',(18.014168733797,68.8931731113885,-167.409279660793));
#12429=CARTESIAN_POINT('',(18.0152136400721,64.2070165341811,-140.832765060595));
#12430=CARTESIAN_POINT('',(18.0141687337968,62.896680825857,-168.466623040342));
#12431=CARTESIAN_POINT('',(18.014168733797,65.3419580464393,-168.035454691042));
#12432=CARTESIAN_POINT('',(18.0142951919211,62.3295461621984,-165.25024253306));
#12433=CARTESIAN_POINT('',(18.0141628483656,62.9230755886372,-168.616315178631));
#12434=CARTESIAN_POINT('',(18.0143673264436,61.7174891853328,-163.466426937278));
#12435=CARTESIAN_POINT('',(18.0142951919211,62.3295461621984,-165.25024253306));
#12436=CARTESIAN_POINT('',(18.0144398869984,60.6042268713781,-161.759814608603));
#12437=CARTESIAN_POINT('Ctrl Pts',(35.465167970064,61.5535140615967,-89.9471784952947));
#12438=CARTESIAN_POINT('Ctrl Pts',(35.465167970064,27.1916066788699,-96.0061098754748));
#12439=CARTESIAN_POINT('Ctrl Pts',(35.4646867980241,63.7114564271511,-102.185477800846));
#12440=CARTESIAN_POINT('Ctrl Pts',(35.4646867980242,29.3495490444242,-108.244409181026));
#12441=CARTESIAN_POINT('Ctrl Pts',(35.4642056259845,65.8693987927054,-114.423777106397));
#12442=CARTESIAN_POINT('Ctrl Pts',(35.4642056259846,31.5074914099786,-120.482708486577));
#12443=CARTESIAN_POINT('Ctrl Pts',(35.4637244539446,68.0273411582598,-126.662076411948));
#12444=CARTESIAN_POINT('Ctrl Pts',(35.4637244539447,33.6654337755329,-132.721007792128));
#12445=CARTESIAN_POINT('Ctrl Pts',(35.4632432819048,70.1852835238141,-138.900375717499));
#12446=CARTESIAN_POINT('Ctrl Pts',(35.4632432819048,35.8233761410872,-144.959307097679));
#12447=CARTESIAN_POINT('Ctrl Pts',(35.4627621098649,72.3432258893685,-151.13867502305));
#12448=CARTESIAN_POINT('Ctrl Pts',(35.4627621098649,37.9813185066416,-157.197606403231));
#12449=CARTESIAN_POINT('Ctrl Pts',(35.4627386537518,72.4484209881589,-151.735266074334));
#12450=CARTESIAN_POINT('Ctrl Pts',(35.4627386537518,38.086513605432,-157.794197454514));
#12451=CARTESIAN_POINT('Ctrl Pts',(35.4442362886658,72.6519019727436,-152.889264082847));
#12452=CARTESIAN_POINT('Ctrl Pts',(35.4442362886658,38.2899945900167,-158.948195463027));
#12453=CARTESIAN_POINT('Ctrl Pts',(35.3611170439589,72.9363990413838,-154.50272713596));
#12454=CARTESIAN_POINT('Ctrl Pts',(35.3611170439589,38.5744916586569,-160.56165851614));
#12455=CARTESIAN_POINT('Ctrl Pts',(35.1372762371068,73.2785450586854,-156.443133623537));
#12456=CARTESIAN_POINT('Ctrl Pts',(35.1372762371068,38.9166376759585,-162.502065003718));
#12457=CARTESIAN_POINT('Ctrl Pts',(34.6499568396314,73.6659862844862,-158.640422003592));
#12458=CARTESIAN_POINT('Ctrl Pts',(34.6499568396314,39.3040789017593,-164.699353383772));
#12459=CARTESIAN_POINT('Ctrl Pts',(33.9224064257555,74.0366418434573,-160.742514136525));
#12460=CARTESIAN_POINT('Ctrl Pts',(33.9224064257556,39.6747344607304,-166.801445516705));
#12461=CARTESIAN_POINT('Ctrl Pts',(32.9098090193557,74.4076140388998,-162.846402004122));
#12462=CARTESIAN_POINT('Ctrl Pts',(32.9098090193557,40.0457066561729,-168.905333384302));
#12463=CARTESIAN_POINT('Ctrl Pts',(31.5601196306843,74.7799777465221,-164.958181529445));
#12464=CARTESIAN_POINT('Ctrl Pts',(31.5601196306844,40.4180703637952,-171.017112909626));
#12465=CARTESIAN_POINT('Ctrl Pts',(29.8193205003448,75.1327117471456,-166.958635454343));
#12466=CARTESIAN_POINT('Ctrl Pts',(29.8193205003449,40.7708043644187,-173.017566834523));
#12467=CARTESIAN_POINT('Ctrl Pts',(27.6290872315885,75.4334145859958,-168.664005997421));
#12468=CARTESIAN_POINT('Ctrl Pts',(27.6290872315886,41.071507203269,-174.722937377601));
#12469=CARTESIAN_POINT('Ctrl Pts',(25.470549007355,75.60355918519,-169.628943969538));
#12470=CARTESIAN_POINT('Ctrl Pts',(25.470549007355,41.2416518024631,-175.687875349718));
#12471=CARTESIAN_POINT('Ctrl Pts',(23.6007291947069,75.6779346545579,-170.050748216789));
#12472=CARTESIAN_POINT('Ctrl Pts',(23.600729194707,41.316027271831,-176.109679596969));
#12473=CARTESIAN_POINT('Ctrl Pts',(22.2393882031812,75.701950446232,-170.186948539494));
#12474=CARTESIAN_POINT('Ctrl Pts',(22.2393882031812,41.3400430635051,-176.245879919674));
#12475=CARTESIAN_POINT('Ctrl Pts',(21.5300174899511,75.7075660701819,-170.218796325507));
#12476=CARTESIAN_POINT('Ctrl Pts',(21.5300174899511,41.345658687455,-176.277727705687));
#12477=CARTESIAN_POINT('',(33.6576778235482,65.1314818518285,-162.776493323591));
#12478=CARTESIAN_POINT('Ctrl Pts',(33.6567655541215,65.1314121231001,-162.776097872252));
#12479=CARTESIAN_POINT('Ctrl Pts',(33.818330904288,65.0676730869835,-162.414615835525));
#12480=CARTESIAN_POINT('Ctrl Pts',(34.4035780579343,64.8155764284465,-160.984904639177));
#12481=CARTESIAN_POINT('Ctrl Pts',(35.1136033637289,64.3447367155232,-158.314639935321));
#12482=CARTESIAN_POINT('Ctrl Pts',(35.4125656169249,63.8218133082324,-155.3489939225));
#12483=CARTESIAN_POINT('Ctrl Pts',(35.4627282131066,63.5107773157298,-153.585021152973));
#12484=CARTESIAN_POINT('Ctrl Pts',(35.4627621098649,63.3587584014992,-152.72287904846));
#12485=CARTESIAN_POINT('',(34.3447822175912,60.5898365803769,-161.745563826958));
#12486=CARTESIAN_POINT('Ctrl Pts',(34.3447822175911,60.5898365803771,-161.745563826958));
#12487=CARTESIAN_POINT('Ctrl Pts',(34.5008300976766,59.5026152346326,-161.450534788485));
#12488=CARTESIAN_POINT('Ctrl Pts',(34.6368075728511,58.4125022867762,-161.154720339363));
#12489=CARTESIAN_POINT('Ctrl Pts',(34.754846217723,57.3142073357084,-160.856684922988));
#12490=CARTESIAN_POINT('',(34.3414809178844,60.6040725929282,-161.753341341737));
#12491=CARTESIAN_POINT('Ctrl Pts',(34.341480917884,60.6040725929297,-161.753341341738));
#12492=CARTESIAN_POINT('Ctrl Pts',(34.3425823337859,60.5993274032167,-161.750748917645));
#12493=CARTESIAN_POINT('Ctrl Pts',(34.3436827479768,60.5945821473217,-161.748156457311));
#12494=CARTESIAN_POINT('Ctrl Pts',(34.3447822175908,60.5898365803784,-161.745563826959));
#12495=CARTESIAN_POINT('',(34.3413577560952,60.6041381309977,-161.753713222176));
#12496=CARTESIAN_POINT('Ctrl Pts',(34.3413577560952,60.6041381309977,-161.753713222176));
#12497=CARTESIAN_POINT('Ctrl Pts',(34.3413988113356,60.6041162738805,-161.753589264305));
#12498=CARTESIAN_POINT('Ctrl Pts',(34.3414398652653,60.6040944167088,-161.753465306124));
#12499=CARTESIAN_POINT('Ctrl Pts',(34.3414809178843,60.6040725594826,-161.753341347634));
#12500=CARTESIAN_POINT('',(33.6252207248915,61.7131510168313,-163.454072877126));
#12501=CARTESIAN_POINT('Ctrl Pts',(33.6252207248912,61.7131510168313,-163.454072877126));
#12502=CARTESIAN_POINT('Ctrl Pts',(33.8733108289691,61.380382385295,-162.943853547636));
#12503=CARTESIAN_POINT('Ctrl Pts',(34.1175453255596,61.0117201085421,-162.378611275704));
#12504=CARTESIAN_POINT('Ctrl Pts',(34.3413577560953,60.6041381309976,-161.753713222176));
#12505=CARTESIAN_POINT('',(32.6730653290681,62.3296447217087,-165.250801491819));
#12506=CARTESIAN_POINT('Ctrl Pts',(32.673065329068,62.3296447217087,-165.250801491818));
#12507=CARTESIAN_POINT('Ctrl Pts',(32.7554517410637,62.28264458331,-165.113822993993));
#12508=CARTESIAN_POINT('Ctrl Pts',(32.8344055362577,62.2362312720826,-164.97855310432));
#12509=CARTESIAN_POINT('Ctrl Pts',(32.9099757499299,62.1905617417659,-164.845453308841));
#12510=CARTESIAN_POINT('Ctrl Pts',(32.9395874137874,62.172666453205,-164.793299077541));
#12511=CARTESIAN_POINT('Ctrl Pts',(32.9686798903164,62.1548852811625,-164.741477566353));
#12512=CARTESIAN_POINT('Ctrl Pts',(32.9972573212884,62.1372273602172,-164.690014791192));
#12513=CARTESIAN_POINT('Ctrl Pts',(33.0828322643887,62.0843508234268,-164.535909824216));
#12514=CARTESIAN_POINT('Ctrl Pts',(33.1663193817052,62.0310187621951,-164.380465261707));
#12515=CARTESIAN_POINT('Ctrl Pts',(33.2476415986426,61.9772695315028,-164.223812578896));
#12516=CARTESIAN_POINT('Ctrl Pts',(33.3274005735058,61.9245535124228,-164.070171201901));
#12517=CARTESIAN_POINT('Ctrl Pts',(33.4050772031926,61.8714362313588,-163.915367837181));
#12518=CARTESIAN_POINT('Ctrl Pts',(33.4806153957261,61.8179456830895,-163.759480071741));
#12519=CARTESIAN_POINT('Ctrl Pts',(33.5297246442506,61.7831701537768,-163.65813357723));
#12520=CARTESIAN_POINT('Ctrl Pts',(33.5779303897214,61.7482366903611,-163.556327793806));
#12521=CARTESIAN_POINT('Ctrl Pts',(33.6252207248912,61.7131510168313,-163.454072877126));
#12522=CARTESIAN_POINT('',(21.5300174899511,63.5826155621677,-172.356752239825));
#12523=CARTESIAN_POINT('Ctrl Pts',(32.6730653290682,62.3296447217086,-165.250801491818));
#12524=CARTESIAN_POINT('Ctrl Pts',(32.4583806199783,62.3943784860947,-165.617924912897));
#12525=CARTESIAN_POINT('Ctrl Pts',(31.9698068604279,62.5328995958386,-166.40351716422));
#12526=CARTESIAN_POINT('Ctrl Pts',(31.1236512317228,62.7433536491829,-167.597061410817));
#12527=CARTESIAN_POINT('Ctrl Pts',(29.7639921259538,63.0153574159796,-169.139671428318));
#12528=CARTESIAN_POINT('Ctrl Pts',(27.6290872315885,63.3084640779816,-170.801961911739));
#12529=CARTESIAN_POINT('Ctrl Pts',(25.470549007355,63.4786086771758,-171.766899883855));
#12530=CARTESIAN_POINT('Ctrl Pts',(23.6007291947069,63.5529841465436,-172.188704131107));
#12531=CARTESIAN_POINT('Ctrl Pts',(22.2393882031812,63.5769999382177,-172.324904453812));
#12532=CARTESIAN_POINT('Ctrl Pts',(21.5300174899511,63.5826155621677,-172.356752239825));
#12533=CARTESIAN_POINT('',(21.5300174899425,66.72313197311,-171.802994463053));
#12534=CARTESIAN_POINT('',(21.5300174899511,70.7323205440339,-171.096066347416));
#12535=CARTESIAN_POINT('Ctrl Pts',(21.5300174899486,66.7230985823128,-171.803000350917));
#12536=CARTESIAN_POINT('Ctrl Pts',(22.1848164982285,66.7179149668565,-171.77360260682));
#12537=CARTESIAN_POINT('Ctrl Pts',(23.6043038236043,66.6960170758092,-171.649413495435));
#12538=CARTESIAN_POINT('Ctrl Pts',(25.8553940540279,66.5826699629559,-171.006590075004));
#12539=CARTESIAN_POINT('Ctrl Pts',(27.5883689100102,66.4238979430196,-170.106149204875));
#12540=CARTESIAN_POINT('Ctrl Pts',(29.0678167669171,66.2455857017985,-169.094890233023));
#12541=CARTESIAN_POINT('Ctrl Pts',(31.0017397440363,65.9224500844772,-167.262297081237));
#12542=CARTESIAN_POINT('Ctrl Pts',(32.4713466422043,65.5495410582269,-165.147424900293));
#12543=CARTESIAN_POINT('Ctrl Pts',(33.3501316484949,65.2523820561033,-163.462152454014));
#12544=CARTESIAN_POINT('Ctrl Pts',(33.6567655541209,65.1314121231003,-162.776097872254));
#12545=CARTESIAN_POINT('Origin',(27.8928724757457,45.3086256749307,-126.883397934995));
#12546=CARTESIAN_POINT('',(28.3558380547569,45.3086287877198,-126.883415588499));
#12547=CARTESIAN_POINT('',(28.3549594496952,49.2489639025662,-149.230166488528));
#12548=CARTESIAN_POINT('',(28.3553870102227,47.331456442167,-138.355441289385));
#12549=CARTESIAN_POINT('',(28.4110479302657,45.3292259680913,-127.000228003075));
#12550=CARTESIAN_POINT('',(27.8322207332831,45.1132825690112,-125.775552129806));
#12551=CARTESIAN_POINT('',(30.5168667138616,45.3292401267462,-127.000308300798));
#12552=CARTESIAN_POINT('',(27.8928678831258,45.3292224840629,-127.000208244168));
#12553=CARTESIAN_POINT('',(30.5159927014196,49.2489784324604,-149.230248891653));
#12554=CARTESIAN_POINT('',(30.5163029415939,47.8576249036285,-141.339490918928));
#12555=CARTESIAN_POINT('',(29.3539932859394,49.2489706196567,-149.230204583041));
#12556=CARTESIAN_POINT('Origin',(27.6419694331906,48.5959778214792,-149.961148814581));
#12557=CARTESIAN_POINT('',(27.8928724757457,44.8162217984246,-126.970222023828));
#12558=CARTESIAN_POINT('',(27.8918895947592,48.9028046897706,-150.146830896361));
#12559=CARTESIAN_POINT('',(28.148624590064,49.0947221357552,-149.638614198745));
#12560=CARTESIAN_POINT('',(27.9848843223013,49.0169742743301,-150.215922779529));
#12561=CARTESIAN_POINT('Origin',(27.6429563181236,45.254309178825,-124.669182382985));
#12562=CARTESIAN_POINT('',(28.4110976432563,45.7419498999829,-125.62372363257));
#12563=CARTESIAN_POINT('',(28.0247326851403,45.3310148015214,-125.696167387075));
#12564=CARTESIAN_POINT('',(28.4111265251712,45.981731437596,-124.824011503017));
#12565=CARTESIAN_POINT('Origin',(26.8379251048585,34.7710220453152,-101.167510954888));
#12566=CARTESIAN_POINT('Origin',(24.9021040657575,36.919088387018,-95.9237664241109));
#12567=CARTESIAN_POINT('Origin',(24.4171058952778,36.9081445105645,-95.861700616544));
#12568=CARTESIAN_POINT('Origin',(26.1264701157517,44.7287781497394,-95.7104305863046));
#12569=CARTESIAN_POINT('',(24.5684765128356,40.6548401844839,-96.4287145118267));
#12570=CARTESIAN_POINT('',(28.7735321755391,48.8286448777772,-94.9876175391277));
#12571=CARTESIAN_POINT('Origin',(-0.0337395867169121,58.8935703983609,-127.399148992117));
#12572=CARTESIAN_POINT('Ctrl Pts',(14.7487432995524,50.9371097795713,-82.2758185362708));
#12573=CARTESIAN_POINT('Ctrl Pts',(16.4462182310296,50.9371211926909,-82.275883263289));
#12574=CARTESIAN_POINT('Ctrl Pts',(18.0436686343182,50.9802936030942,-82.5207261695183));
#12575=CARTESIAN_POINT('Ctrl Pts',(19.5398909698664,51.0509814906454,-82.9216171010546));
#12576=CARTESIAN_POINT('Origin',(-0.0337395867169121,58.8935703983609,-127.399148992117));
#12577=CARTESIAN_POINT('Ctrl Pts',(19.5398909698664,51.0509814906454,-82.9216171010546));
#12578=CARTESIAN_POINT('Ctrl Pts',(21.2844416235444,51.1334014609297,-83.3890439801016));
#12579=CARTESIAN_POINT('Ctrl Pts',(22.8928937200575,51.2535204980271,-84.0702728913821));
#12580=CARTESIAN_POINT('Ctrl Pts',(24.3765217241207,51.4005202280005,-84.9039497874685));
#12581=CARTESIAN_POINT('Origin',(-0.0337395867169121,58.8935703983609,-127.399148992117));
#12582=CARTESIAN_POINT('Ctrl Pts',(24.3765217241207,51.4005202280005,-84.9039497874685));
#12583=CARTESIAN_POINT('Ctrl Pts',(26.0727977953621,51.568589396114,-85.8571174050293));
#12584=CARTESIAN_POINT('Ctrl Pts',(27.6052382150598,51.7719675900412,-87.0105324587553));
#12585=CARTESIAN_POINT('Ctrl Pts',(28.9710618855875,52.0045209677442,-88.3294082018131));
#12586=CARTESIAN_POINT('Origin',(-0.0337395867169121,58.8935703983609,-127.399148992117));
#12587=CARTESIAN_POINT('Ctrl Pts',(28.9710618855875,52.0045209677442,-88.3294082018131));
#12588=CARTESIAN_POINT('Ctrl Pts',(30.6095882321247,52.2835063481889,-89.9116129178679));
#12589=CARTESIAN_POINT('Ctrl Pts',(32.0110416574979,52.6044007343095,-91.7314954158908));
#12590=CARTESIAN_POINT('Ctrl Pts',(33.1105937677338,52.9663025583265,-93.7839426509254));
#12591=CARTESIAN_POINT('Origin',(-0.0337395867169121,58.8935703983609,-127.399148992117));
#12592=CARTESIAN_POINT('Ctrl Pts',(34.6277937013783,53.6061138488141,-97.4124927906534));
#12593=CARTESIAN_POINT('Ctrl Pts',(35.1207117569964,53.889774843237,-99.0212142312589));
#12594=CARTESIAN_POINT('Ctrl Pts',(35.4276369160823,54.1940010878604,-100.746567001442));
#12595=CARTESIAN_POINT('Ctrl Pts',(35.431738232281,54.5209993460649,-102.601066278244));
#12596=CARTESIAN_POINT('Origin',(35.431738232281,61.4845749676143,-101.373200013961));
#12597=CARTESIAN_POINT('',(35.5409093775054,63.3937984859088,-151.936460976543));
#12598=CARTESIAN_POINT('',(35.431738232281,54.68940147183,-102.571372439863));
#12599=CARTESIAN_POINT('',(35.4252482508945,54.1719444598536,-99.6367278954078));
#12600=CARTESIAN_POINT('',(35.431738232281,61.4845749676143,-101.373200013961));
#12601=CARTESIAN_POINT('',(35.5409093775054,70.1889719816931,-150.738288550641));
#12602=CARTESIAN_POINT('Origin',(35.5409093775054,70.1889719816931,-150.738288550641));
#12603=CARTESIAN_POINT('',(35.3744172120971,65.7340653777387,-153.186103289524));
#12604=CARTESIAN_POINT('Origin',(22.9113330358905,84.9575659368572,-274.23066328357));
#12605=CARTESIAN_POINT('',(35.4627621098649,64.5577293284103,-152.511468124961));
#12606=CARTESIAN_POINT('',(35.4627621098649,70.3224008046995,-151.49500100877));
#12607=CARTESIAN_POINT('Ctrl Pts',(35.374417212097,65.7340653777413,-153.186103289526));
#12608=CARTESIAN_POINT('Ctrl Pts',(35.4058467275426,65.4876299339484,-152.915757291622));
#12609=CARTESIAN_POINT('Ctrl Pts',(35.4295103499842,65.2641194901049,-152.718905386628));
#12610=CARTESIAN_POINT('Ctrl Pts',(35.4501231623132,64.9693183936836,-152.565083908329));
#12611=CARTESIAN_POINT('Ctrl Pts',(35.4549970244082,64.8832264978161,-152.53160251805));
#12612=CARTESIAN_POINT('Ctrl Pts',(35.4611715679635,64.7152126922189,-152.499579880132));
#12613=CARTESIAN_POINT('Ctrl Pts',(35.4627621098649,64.6363177767788,-152.497610861139));
#12614=CARTESIAN_POINT('Ctrl Pts',(35.4627621098649,64.55772932841,-152.511468124959));
#12615=CARTESIAN_POINT('Ctrl Pts',(21.5299496409219,66.8657808870904,-171.776330356336));
#12616=CARTESIAN_POINT('Ctrl Pts',(22.1846897116505,66.8605977382043,-171.74693525829));
#12617=CARTESIAN_POINT('Ctrl Pts',(23.6040358815116,66.8387016487862,-171.622756364452));
#12618=CARTESIAN_POINT('Ctrl Pts',(25.8548426166754,66.7253684981461,-170.980012127667));
#12619=CARTESIAN_POINT('Ctrl Pts',(27.5875927998456,66.5666170891816,-170.079688148168));
#12620=CARTESIAN_POINT('Ctrl Pts',(29.0668594657555,66.3883268048286,-169.068553699902));
#12621=CARTESIAN_POINT('Ctrl Pts',(31.0005771729996,66.0652261222892,-167.236158673111));
#12622=CARTESIAN_POINT('Ctrl Pts',(32.7053883967104,65.6326360069638,-164.782818216719));
#12623=CARTESIAN_POINT('Ctrl Pts',(34.203880248551,65.0899205856654,-161.704926114683));
#12624=CARTESIAN_POINT('Ctrl Pts',(35.1121283348599,64.4876340569704,-158.289189474295));
#12625=CARTESIAN_POINT('Ctrl Pts',(35.4110779157811,63.9647387809464,-155.323703001816));
#12626=CARTESIAN_POINT('Ctrl Pts',(35.4612383731355,63.65371349399,-153.559790946459));
#12627=CARTESIAN_POINT('Ctrl Pts',(35.4612722688779,63.5016991360137,-152.697674681747));
#12628=CARTESIAN_POINT('Ctrl Pts',(21.5299950611354,66.8181144823802,-171.785746909595));
#12629=CARTESIAN_POINT('Ctrl Pts',(22.1847755462382,66.8129308925209,-171.756349310665));
#12630=CARTESIAN_POINT('Ctrl Pts',(23.6042147873523,66.7910337677375,-171.632164544979));
#12631=CARTESIAN_POINT('Ctrl Pts',(25.8552119673699,66.6776912050543,-170.989366929845));
#12632=CARTESIAN_POINT('Ctrl Pts',(27.5881125089991,66.5189259752433,-170.08896456843));
#12633=CARTESIAN_POINT('Ctrl Pts',(29.0675007075709,66.3406210183907,-169.077746908284));
#12634=CARTESIAN_POINT('Ctrl Pts',(31.0013554100957,66.0174968980956,-167.245218959375));
#12635=CARTESIAN_POINT('Ctrl Pts',(32.7062547506568,65.584883671319,-164.791747431431));
#12636=CARTESIAN_POINT('Ctrl Pts',(34.2048213776706,65.0421416675848,-161.71370457291));
#12637=CARTESIAN_POINT('Ctrl Pts',(35.1131159328228,64.4398236927321,-158.297789592499));
#12638=CARTESIAN_POINT('Ctrl Pts',(35.4120736237572,63.9169096186166,-155.332196510745));
#12639=CARTESIAN_POINT('Ctrl Pts',(35.4622362190881,63.6058771521246,-153.568243738219));
#12640=CARTESIAN_POINT('Ctrl Pts',(35.4622696139993,63.453859730534,-152.706110098886));
#12641=CARTESIAN_POINT('Ctrl Pts',(21.5300174899486,66.7705487745698,-171.794633601782));
#12642=CARTESIAN_POINT('Ctrl Pts',(22.1848164982285,66.7653651591136,-171.765235857685));
#12643=CARTESIAN_POINT('Ctrl Pts',(23.6043038236044,66.7434672680662,-171.6410467463));
#12644=CARTESIAN_POINT('Ctrl Pts',(25.8553940540279,66.630120155213,-170.99822332587));
#12645=CARTESIAN_POINT('Ctrl Pts',(27.5883689100102,66.4713481352767,-170.097782455741));
#12646=CARTESIAN_POINT('Ctrl Pts',(29.0678167669171,66.2930358940556,-169.086523483888));
#12647=CARTESIAN_POINT('Ctrl Pts',(31.0017397440363,65.9699002767342,-167.253930332103));
#12648=CARTESIAN_POINT('Ctrl Pts',(32.7066819941965,65.5372755012839,-164.800393308375));
#12649=CARTESIAN_POINT('Ctrl Pts',(34.2052857095306,64.9945204021721,-161.722276182278));
#12650=CARTESIAN_POINT('Ctrl Pts',(35.1136033637289,64.3921869077803,-158.306273186187));
#12651=CARTESIAN_POINT('Ctrl Pts',(35.4125656169249,63.8692635004895,-155.340627173366));
#12652=CARTESIAN_POINT('Ctrl Pts',(35.4627282131066,63.5582275079868,-153.576654403839));
#12653=CARTESIAN_POINT('Ctrl Pts',(35.4627621098649,63.4062085937563,-152.714512299325));
#12654=CARTESIAN_POINT('Ctrl Pts',(21.5300174899486,66.7230985823128,-171.803000350917));
#12655=CARTESIAN_POINT('Ctrl Pts',(22.1848164982285,66.7179149668565,-171.77360260682));
#12656=CARTESIAN_POINT('Ctrl Pts',(23.6043038236043,66.6960170758092,-171.649413495435));
#12657=CARTESIAN_POINT('Ctrl Pts',(25.8553940540279,66.5826699629559,-171.006590075004));
#12658=CARTESIAN_POINT('Ctrl Pts',(27.5883689100102,66.4238979430196,-170.106149204875));
#12659=CARTESIAN_POINT('Ctrl Pts',(29.0678167669171,66.2455857017985,-169.094890233023));
#12660=CARTESIAN_POINT('Ctrl Pts',(31.0017397440363,65.9224500844772,-167.262297081237));
#12661=CARTESIAN_POINT('Ctrl Pts',(32.7066819941965,65.4898253090268,-164.80876005751));
#12662=CARTESIAN_POINT('Ctrl Pts',(34.2052857095306,64.947070209915,-161.730642931412));
#12663=CARTESIAN_POINT('Ctrl Pts',(35.1136033637289,64.3447367155232,-158.314639935321));
#12664=CARTESIAN_POINT('Ctrl Pts',(35.4125656169249,63.8218133082324,-155.3489939225));
#12665=CARTESIAN_POINT('Ctrl Pts',(35.4627282131066,63.5107773157298,-153.585021152973));
#12666=CARTESIAN_POINT('Ctrl Pts',(35.4627621098649,63.3587584014992,-152.72287904846));
#12667=CARTESIAN_POINT('',(24.2870587776556,66.6559220492421,-171.421632787239));
#12668=CARTESIAN_POINT('Ctrl Pts',(24.2884074846827,66.6558279023504,-171.421098853683));
#12669=CARTESIAN_POINT('Ctrl Pts',(24.0878232537851,66.6645359599238,-171.470484702283));
#12670=CARTESIAN_POINT('Ctrl Pts',(23.8910424200384,66.6721983165071,-171.51394008587));
#12671=CARTESIAN_POINT('Ctrl Pts',(23.699650038282,66.6788889075959,-171.551884313474));
#12672=CARTESIAN_POINT('Ctrl Pts',(22.8945601608735,66.7070328029276,-171.711496275402));
#12673=CARTESIAN_POINT('Ctrl Pts',(22.1848164982015,66.7179817484511,-171.773590831093));
#12674=CARTESIAN_POINT('Ctrl Pts',(21.5300174899337,66.7231653639073,-171.80298857519));
#12675=CARTESIAN_POINT('',(26.6576850164901,66.5066432274273,-170.575030519027));
#12676=CARTESIAN_POINT('Ctrl Pts',(26.6540517535154,66.507163786461,-170.57798275601));
#12677=CARTESIAN_POINT('Ctrl Pts',(26.6489180732554,66.5088509739762,-170.580245076251));
#12678=CARTESIAN_POINT('Ctrl Pts',(26.6394324978758,66.5119113050775,-170.584425859665));
#12679=CARTESIAN_POINT('Ctrl Pts',(26.631041195759,66.5146068712672,-170.588109435616));
#12680=CARTESIAN_POINT('Ctrl Pts',(26.6260440433522,66.5162121233348,-170.590303063038));
#12681=CARTESIAN_POINT('Ctrl Pts',(26.6214354965342,66.5176881714299,-170.592321452929));
#12682=CARTESIAN_POINT('Ctrl Pts',(26.6183696389779,66.518669197635,-170.593662884091));
#12683=CARTESIAN_POINT('Ctrl Pts',(26.5189250017204,66.5504899177142,-170.637173755977));
#12684=CARTESIAN_POINT('Ctrl Pts',(26.4183856090773,66.5790737106533,-170.679864593777));
#12685=CARTESIAN_POINT('Ctrl Pts',(26.3169232517846,66.6042987577216,-170.721634389887));
#12686=CARTESIAN_POINT('Ctrl Pts',(26.3055638860191,66.6071228645505,-170.726310788156));
#12687=CARTESIAN_POINT('Ctrl Pts',(26.294192947,66.609904873972,-170.730975587873));
#12688=CARTESIAN_POINT('Ctrl Pts',(26.2828106736631,66.6126446162058,-170.735628605061));
#12689=CARTESIAN_POINT('Ctrl Pts',(26.1754099599769,66.6384962420209,-170.779533486982));
#12690=CARTESIAN_POINT('Ctrl Pts',(26.0670005549271,66.6605842865674,-170.822393520399));
#12691=CARTESIAN_POINT('Ctrl Pts',(25.9576150528976,66.6788256894186,-170.864349937111));
#12692=CARTESIAN_POINT('Ctrl Pts',(25.9462067986287,66.6807281587412,-170.868725740679));
#12693=CARTESIAN_POINT('Ctrl Pts',(25.9347879242688,66.6825887909183,-170.873091668753));
#12694=CARTESIAN_POINT('Ctrl Pts',(25.9233584657969,66.6844074942435,-170.877447848617));
#12695=CARTESIAN_POINT('Ctrl Pts',(25.8137669807297,66.7018461505711,-170.919217125936));
#12696=CARTESIAN_POINT('Ctrl Pts',(25.7033085957829,66.7154094026402,-170.960054217949));
#12697=CARTESIAN_POINT('Ctrl Pts',(25.5920662621195,66.7250138748678,-171.00003669618));
#12698=CARTESIAN_POINT('Ctrl Pts',(25.5233503800339,66.7309466862297,-171.024734409444));
#12699=CARTESIAN_POINT('Ctrl Pts',(25.4543354117489,66.7353690381007,-171.049105068752));
#12700=CARTESIAN_POINT('Ctrl Pts',(25.3850428608526,66.7382621728557,-171.073157165108));
#12701=CARTESIAN_POINT('Ctrl Pts',(25.2702155002128,66.7430564981273,-171.113014822341));
#12702=CARTESIAN_POINT('Ctrl Pts',(25.1546824418951,66.7436490467266,-171.151979365096));
#12703=CARTESIAN_POINT('Ctrl Pts',(25.0386824810406,66.7399445306644,-171.190014696827));
#12704=CARTESIAN_POINT('Ctrl Pts',(24.9561312778162,66.7373082172032,-171.217082485267));
#12705=CARTESIAN_POINT('Ctrl Pts',(24.8733439393415,66.732495846667,-171.243678811191));
#12706=CARTESIAN_POINT('Ctrl Pts',(24.7904141317624,66.725476074187,-171.26977665521));
#12707=CARTESIAN_POINT('Ctrl Pts',(24.6640747231569,66.7147818023737,-171.309535413556));
#12708=CARTESIAN_POINT('Ctrl Pts',(24.537409859937,66.6989607360788,-171.348136316891));
#12709=CARTESIAN_POINT('Ctrl Pts',(24.4110158427191,66.6778819320352,-171.385382510739));
#12710=CARTESIAN_POINT('Ctrl Pts',(24.3825966172559,66.6731424412128,-171.393757179128));
#12711=CARTESIAN_POINT('Ctrl Pts',(24.3541911993645,66.6681372420142,-171.402063218423));
#12712=CARTESIAN_POINT('Ctrl Pts',(24.3258065642396,66.6628650300402,-171.410298138681));
#12713=CARTESIAN_POINT('Ctrl Pts',(24.3205430055885,66.6618873674131,-171.411825196738));
#12714=CARTESIAN_POINT('Ctrl Pts',(24.3111047671255,66.6601296439291,-171.414557533677));
#12715=CARTESIAN_POINT('Ctrl Pts',(24.3025580508203,66.6585203542144,-171.417022353452));
#12716=CARTESIAN_POINT('Ctrl Pts',(24.2970039299199,66.6574745502682,-171.418624127343));
#12717=CARTESIAN_POINT('Ctrl Pts',(24.291825684781,66.6564915974484,-171.420114056713));
#12718=CARTESIAN_POINT('Ctrl Pts',(24.2884074846828,66.6558279023504,-171.421098853683));
#12719=CARTESIAN_POINT('',(27.9345090633202,66.3800026689822,-169.856816222291));
#12720=CARTESIAN_POINT('Ctrl Pts',(27.9339422800964,66.3802141497673,-169.858015589422));
#12721=CARTESIAN_POINT('Ctrl Pts',(27.9213838571631,66.3836205056541,-169.865795626891));
#12722=CARTESIAN_POINT('Ctrl Pts',(27.9070587429649,66.3873884823323,-169.874651380693));
#12723=CARTESIAN_POINT('Ctrl Pts',(27.8930718234875,66.390993369686,-169.883264510755));
#12724=CARTESIAN_POINT('Ctrl Pts',(27.8839986898421,66.3933318134576,-169.888851736755));
#12725=CARTESIAN_POINT('Ctrl Pts',(27.8750689191625,66.3956016824341,-169.894337219311));
#12726=CARTESIAN_POINT('Ctrl Pts',(27.8668682850961,66.3976603602829,-169.899365076829));
#12727=CARTESIAN_POINT('Ctrl Pts',(27.8135706604424,66.4110401353558,-169.932042167481));
#12728=CARTESIAN_POINT('Ctrl Pts',(27.7598618253201,66.4232551299413,-169.964567550752));
#12729=CARTESIAN_POINT('Ctrl Pts',(27.7057639645791,66.4343115922296,-169.996920552846));
#12730=CARTESIAN_POINT('Ctrl Pts',(27.6563636150178,66.4444079822618,-170.026464227789));
#12731=CARTESIAN_POINT('Ctrl Pts',(27.6066457944575,66.4535376809429,-170.055859906842));
#12732=CARTESIAN_POINT('Ctrl Pts',(27.5566169094095,66.4617062963572,-170.085096830383));
#12733=CARTESIAN_POINT('Ctrl Pts',(27.4554276905715,66.4782282678536,-170.144231897086));
#12734=CARTESIAN_POINT('Ctrl Pts',(27.3529704864296,66.4908176657962,-170.202718097072));
#12735=CARTESIAN_POINT('Ctrl Pts',(27.2496831465991,66.4995092140604,-170.260336072323));
#12736=CARTESIAN_POINT('Ctrl Pts',(27.1505863881424,66.5078481282038,-170.315616366942));
#12737=CARTESIAN_POINT('Ctrl Pts',(27.0507846463913,66.5125950191942,-170.370064882724));
#12738=CARTESIAN_POINT('Ctrl Pts',(26.9505374924976,66.5137927267191,-170.42352103349));
#12739=CARTESIAN_POINT('Ctrl Pts',(26.8763606920739,66.5146789574857,-170.463075335759));
#12740=CARTESIAN_POINT('Ctrl Pts',(26.8019387388106,66.5136221591441,-170.502085972547));
#12741=CARTESIAN_POINT('Ctrl Pts',(26.7273607296901,66.5106423599922,-170.540479800349));
#12742=CARTESIAN_POINT('Ctrl Pts',(26.7130267352317,66.5100696385555,-170.547859146103));
#12743=CARTESIAN_POINT('Ctrl Pts',(26.6966244490113,66.5093481688207,-170.556271886779));
#12744=CARTESIAN_POINT('Ctrl Pts',(26.6807569561623,66.5085684428488,-170.564374367891));
#12745=CARTESIAN_POINT('Ctrl Pts',(26.6714990853874,66.5081135126115,-170.569101751341));
#12746=CARTESIAN_POINT('Ctrl Pts',(26.6624237704138,66.5076388966994,-170.573724390713));
#12747=CARTESIAN_POINT('Ctrl Pts',(26.6540517535154,66.507163786461,-170.57798275601));
#12748=CARTESIAN_POINT('',(30.2832792626372,66.0349459859797,-167.899902529241));
#12749=CARTESIAN_POINT('Ctrl Pts',(30.2800990711763,66.0351001213937,-167.900776674612));
#12750=CARTESIAN_POINT('Ctrl Pts',(29.821493834113,66.1196173973016,-168.380097964912));
#12751=CARTESIAN_POINT('Ctrl Pts',(29.2983809864073,66.2055783199011,-168.867606582448));
#12752=CARTESIAN_POINT('Ctrl Pts',(28.6667590514228,66.2897024867963,-169.344698440752));
#12753=CARTESIAN_POINT('Ctrl Pts',(28.4369079918265,66.3203157822307,-169.518315066587));
#12754=CARTESIAN_POINT('Ctrl Pts',(28.1926873307702,66.350685840457,-169.690552225666));
#12755=CARTESIAN_POINT('Ctrl Pts',(27.9339422800962,66.3802141497673,-169.858015589422));
#12756=CARTESIAN_POINT('',(31.554571985396,65.7689239030568,-166.391216326744));
#12757=CARTESIAN_POINT('Ctrl Pts',(31.5556814371386,65.7693878086442,-166.393847266067));
#12758=CARTESIAN_POINT('Ctrl Pts',(31.2112169685407,65.8509639879184,-166.856488768499));
#12759=CARTESIAN_POINT('Ctrl Pts',(30.8252016239829,65.9330397781271,-167.32196370534));
#12760=CARTESIAN_POINT('Ctrl Pts',(30.3786699977631,66.0167744971821,-167.796846895187));
#12761=CARTESIAN_POINT('Ctrl Pts',(30.3461397570102,66.0228746486838,-167.831442573496));
#12762=CARTESIAN_POINT('Ctrl Pts',(30.3132883408061,66.028983604547,-167.86608818382));
#12763=CARTESIAN_POINT('Ctrl Pts',(30.2800990711763,66.0351001213937,-167.900776674612));
#12764=CARTESIAN_POINT('',(33.0843709318705,65.3397168941442,-163.957062420245));
#12765=CARTESIAN_POINT('Ctrl Pts',(33.0843709315819,65.3397168941181,-163.957062420097));
#12766=CARTESIAN_POINT('Ctrl Pts',(32.8850635763399,65.406308286635,-164.334720973821));
#12767=CARTESIAN_POINT('Ctrl Pts',(32.6828464826684,65.4686202149232,-164.688109479867));
#12768=CARTESIAN_POINT('Ctrl Pts',(32.1944559359556,65.6094696265386,-165.486906187265));
#12769=CARTESIAN_POINT('Ctrl Pts',(31.885691096923,65.690496291274,-165.946431237884));
#12770=CARTESIAN_POINT('Ctrl Pts',(31.5545719851337,65.7689239030234,-166.391216326554));
#12771=CARTESIAN_POINT('',(33.6577865003695,65.1315662973324,-162.776581724804));
#12772=CARTESIAN_POINT('Ctrl Pts',(33.6577865003695,65.1315662973325,-162.776581724804));
#12773=CARTESIAN_POINT('Ctrl Pts',(33.4797783396251,65.2021406119474,-163.176828552212));
#12774=CARTESIAN_POINT('Ctrl Pts',(33.2885541363924,65.2714964117611,-163.57016483878));
#12775=CARTESIAN_POINT('Ctrl Pts',(33.0843709317153,65.339716894196,-163.957062420539));
#12776=CARTESIAN_POINT('',(34.1946583470638,64.8952414875955,-161.436317127818));
#12777=CARTESIAN_POINT('Ctrl Pts',(34.1946583470638,64.8952414875955,-161.436317127818));
#12778=CARTESIAN_POINT('Ctrl Pts',(34.0317718596065,64.9755502217051,-161.89177059153));
#12779=CARTESIAN_POINT('Ctrl Pts',(33.8527020906653,65.0542887492957,-162.338318971559));
#12780=CARTESIAN_POINT('Ctrl Pts',(33.6577865003695,65.1315662973324,-162.776581724804));
#12781=CARTESIAN_POINT('',(34.9573897142067,64.4075495020156,-158.670478436426));
#12782=CARTESIAN_POINT('Ctrl Pts',(34.9572522045113,64.4072475329131,-158.668765884544));
#12783=CARTESIAN_POINT('Ctrl Pts',(34.9547943561418,64.4112449897701,-158.680516992399));
#12784=CARTESIAN_POINT('Ctrl Pts',(34.9515558636355,64.4164206488426,-158.695940602144));
#12785=CARTESIAN_POINT('Ctrl Pts',(34.9484416751723,64.4213390616,-158.710676554991));
#12786=CARTESIAN_POINT('Ctrl Pts',(34.946325315825,64.4246815467885,-158.720690904449));
#12787=CARTESIAN_POINT('Ctrl Pts',(34.9442674068163,64.4279050925595,-158.730387044902));
#12788=CARTESIAN_POINT('Ctrl Pts',(34.9425642485489,64.4305576810276,-158.738389543764));
#12789=CARTESIAN_POINT('Ctrl Pts',(34.9132351531143,64.4762363603477,-158.876195910509));
#12790=CARTESIAN_POINT('Ctrl Pts',(34.8822656878302,64.518613668861,-159.01472152864));
#12791=CARTESIAN_POINT('Ctrl Pts',(34.8497710827879,64.5576471219099,-159.153785171628));
#12792=CARTESIAN_POINT('Ctrl Pts',(34.8163957723848,64.5977385035382,-159.296617873995));
#12793=CARTESIAN_POINT('Ctrl Pts',(34.7814117116308,64.6343024439167,-159.440018666476));
#12794=CARTESIAN_POINT('Ctrl Pts',(34.7448966984987,64.6673114092214,-159.583814080176));
#12795=CARTESIAN_POINT('Ctrl Pts',(34.7207404691979,64.6891482392398,-159.678940842781));
#12796=CARTESIAN_POINT('Ctrl Pts',(34.6959132532219,64.7094296507846,-159.774240768431));
#12797=CARTESIAN_POINT('Ctrl Pts',(34.6704262652937,64.7281515388638,-159.869667177725));
#12798=CARTESIAN_POINT('Ctrl Pts',(34.6314826575611,64.7567582093507,-160.015476822292));
#12799=CARTESIAN_POINT('Ctrl Pts',(34.5910629274509,64.7816774486015,-160.16135047954));
#12800=CARTESIAN_POINT('Ctrl Pts',(34.549169898017,64.8029396195311,-160.307167248508));
#12801=CARTESIAN_POINT('Ctrl Pts',(34.5066367027084,64.8245266969292,-160.455212238273));
#12802=CARTESIAN_POINT('Ctrl Pts',(34.462584717259,64.8423442029231,-160.6031993678));
#12803=CARTESIAN_POINT('Ctrl Pts',(34.4169646256966,64.8564381244823,-160.751004833558));
#12804=CARTESIAN_POINT('Ctrl Pts',(34.3707531555933,64.8707147471821,-160.90072631872));
#12805=CARTESIAN_POINT('Ctrl Pts',(34.3229324574291,64.881170701386,-161.050262197888));
#12806=CARTESIAN_POINT('Ctrl Pts',(34.2734005331994,64.887866729457,-161.199474511529));
#12807=CARTESIAN_POINT('Ctrl Pts',(34.2549898132072,64.8903556030429,-161.254935836089));
#12808=CARTESIAN_POINT('Ctrl Pts',(34.236342193993,64.892325140049,-161.310352305899));
#12809=CARTESIAN_POINT('Ctrl Pts',(34.2174507807411,64.8937788802963,-161.36571618008));
#12810=CARTESIAN_POINT('Ctrl Pts',(34.2130999767328,64.8941136852582,-161.378466807176));
#12811=CARTESIAN_POINT('Ctrl Pts',(34.2073701793636,64.894531402044,-161.395204601689));
#12812=CARTESIAN_POINT('Ctrl Pts',(34.2019526901828,64.8948885506761,-161.410957501231));
#12813=CARTESIAN_POINT('Ctrl Pts',(34.1986646185695,64.8951053171964,-161.420518510047));
#12814=CARTESIAN_POINT('Ctrl Pts',(34.1954926060861,64.8952998269926,-161.42971715154));
#12815=CARTESIAN_POINT('Ctrl Pts',(34.1928235550388,64.8954405065543,-161.437445820421));
#12816=CARTESIAN_POINT('',(35.3479687519754,63.9017795274212,-155.8021143746));
#12817=CARTESIAN_POINT('Ctrl Pts',(35.3464334320679,63.9017403481368,-155.801892177836));
#12818=CARTESIAN_POINT('Ctrl Pts',(35.2827282899455,64.0457011660834,-156.618334547394));
#12819=CARTESIAN_POINT('Ctrl Pts',(35.1848319205945,64.1969899820027,-157.476336058629));
#12820=CARTESIAN_POINT('Ctrl Pts',(35.0120441299087,64.3580385116808,-158.389687657068));
#12821=CARTESIAN_POINT('Ctrl Pts',(34.9945473860877,64.374346520802,-158.482174972711));
#12822=CARTESIAN_POINT('Ctrl Pts',(34.9762827143854,64.3907546048873,-158.575229841679));
#12823=CARTESIAN_POINT('Ctrl Pts',(34.9572522045113,64.4072475329131,-158.668765884544));
#12824=CARTESIAN_POINT('',(35.4609004560441,63.4325056861392,-153.140730170115));
#12825=CARTESIAN_POINT('Ctrl Pts',(35.4607515010199,63.4324631624557,-153.140489006322));
#12826=CARTESIAN_POINT('Ctrl Pts',(35.453696869285,63.5611071495154,-153.870065311337));
#12827=CARTESIAN_POINT('Ctrl Pts',(35.4276170889904,63.6928829989757,-154.617403290645));
#12828=CARTESIAN_POINT('Ctrl Pts',(35.3752792234466,63.831274992969,-155.402263290161));
#12829=CARTESIAN_POINT('Ctrl Pts',(35.3664685019544,63.8545723380777,-155.534389099921));
#12830=CARTESIAN_POINT('Ctrl Pts',(35.3569136415992,63.8780571808742,-155.667578261909));
#12831=CARTESIAN_POINT('Ctrl Pts',(35.3464334320679,63.9017403481368,-155.801892177836));
#12832=CARTESIAN_POINT('Ctrl Pts',(35.4627621095397,63.3588251831502,-152.722867273053));
#12833=CARTESIAN_POINT('Ctrl Pts',(35.4627566583427,63.3832725080788,-152.861514942459));
#12834=CARTESIAN_POINT('Ctrl Pts',(35.462103423303,63.4078103273771,-153.000675830938));
#12835=CARTESIAN_POINT('Ctrl Pts',(35.4607515010199,63.4324631624557,-153.140489006322));
#12836=CARTESIAN_POINT('Origin',(30.6988986589124,45.313057066111,-99.8878565547798));
#12837=CARTESIAN_POINT('',(30.6986087743891,47.241439240023,-99.6783456836209));
#12838=CARTESIAN_POINT('',(30.6986087743891,47.6462104432712,-99.606973599418));
#12839=CARTESIAN_POINT('',(30.6986087743891,45.3353764345362,-100.014435983154));
#12840=CARTESIAN_POINT('',(30.6986087743891,43.4293136290495,-100.350526282688));
#12841=CARTESIAN_POINT('Origin',(30.6989533522721,45.308846005689,-99.8639744443675));
#12842=CARTESIAN_POINT('',(30.6986087743891,43.024542425782,-100.421898366782));
#12843=CARTESIAN_POINT('',(30.6986087743891,45.3353764345362,-100.014435983154));
#12844=CARTESIAN_POINT('Origin',(30.6988986589124,45.313057066111,-99.8878565547798));
#12845=CARTESIAN_POINT('Origin',(21.5300174899508,73.6867409855129,-170.575122311227));
#12846=CARTESIAN_POINT('',(21.5300174899508,73.6867409855129,-170.575122311227));
#12847=CARTESIAN_POINT('',(21.9004828062048,73.6838082539189,-170.558489963856));
#12848=CARTESIAN_POINT('',(21.5300174899508,73.6867409855129,-170.575122311227));
#12849=CARTESIAN_POINT('Ctrl Pts',(5.48698893808049,66.8501007458994,-172.523265412318));
#12850=CARTESIAN_POINT('Ctrl Pts',(6.82402378390376,66.8395163155557,-172.463238124939));
#12851=CARTESIAN_POINT('Ctrl Pts',(8.16084031991547,66.8289336134279,-172.403220638759));
#12852=CARTESIAN_POINT('Ctrl Pts',(10.8346514226451,66.8077667998196,-172.283177673563));
#12853=CARTESIAN_POINT('Ctrl Pts',(12.1715738722733,66.797183259243,-172.223155432304));
#12854=CARTESIAN_POINT('Ctrl Pts',(13.5085028077136,66.7865996673225,-172.163132899859));
#12855=CARTESIAN_POINT('Ctrl Pts',(14.8454317305265,66.7760160755019,-172.10311036798));
#12856=CARTESIAN_POINT('Ctrl Pts',(16.1824521931842,66.7654317590203,-172.043083726345));
#12857=CARTESIAN_POINT('Ctrl Pts',(18.8560672008319,66.7442664977685,-171.923049565));
#12858=CARTESIAN_POINT('Ctrl Pts',(20.191541506759,66.7336944211984,-171.863092339353));
#12859=CARTESIAN_POINT('Ctrl Pts',(21.5300174899509,66.7230985823127,-171.803000350917));
#12860=CARTESIAN_POINT('Ctrl Pts',(14.7487432995524,63.8095319191938,-80.0060632059866));
#12861=CARTESIAN_POINT('Ctrl Pts',(14.7487432995524,50.9371097795713,-82.2758185362711));
#12862=CARTESIAN_POINT('Ctrl Pts',(16.4462182310296,63.8095433323135,-80.0061279330046));
#12863=CARTESIAN_POINT('Ctrl Pts',(16.4462182310296,50.9371211926909,-82.275883263289));
#12864=CARTESIAN_POINT('Ctrl Pts',(18.0436686343179,63.8527157427168,-80.2509708392338));
#12865=CARTESIAN_POINT('Ctrl Pts',(18.0436686343179,50.9802936030942,-82.5207261695183));
#12866=CARTESIAN_POINT('Ctrl Pts',(21.2844416235444,64.0058236005523,-81.119288649817));
#12867=CARTESIAN_POINT('Ctrl Pts',(21.2844416235444,51.1334014609297,-83.3890439801015));
#12868=CARTESIAN_POINT('Ctrl Pts',(22.8928937200575,64.1259426376497,-81.8005175610976));
#12869=CARTESIAN_POINT('Ctrl Pts',(22.8928937200575,51.2535204980271,-84.070272891382));
#12870=CARTESIAN_POINT('Ctrl Pts',(26.0727977953621,64.4410115357366,-83.5873620747447));
#12871=CARTESIAN_POINT('Ctrl Pts',(26.0727977953621,51.568589396114,-85.8571174050292));
#12872=CARTESIAN_POINT('Ctrl Pts',(27.6052382150598,64.6443897296638,-84.7407771284706));
#12873=CARTESIAN_POINT('Ctrl Pts',(27.6052382150598,51.7719675900412,-87.010532458755));
#12874=CARTESIAN_POINT('Ctrl Pts',(30.6095882321247,65.1559284878115,-87.6418575875835));
#12875=CARTESIAN_POINT('Ctrl Pts',(30.6095882321247,52.2835063481889,-89.911612917868));
#12876=CARTESIAN_POINT('Ctrl Pts',(32.0110416574979,65.476822873932,-89.4617400856063));
#12877=CARTESIAN_POINT('Ctrl Pts',(32.0110416574979,52.6044007343094,-91.7314954158907));
#12878=CARTESIAN_POINT('Ctrl Pts',(33.7192450669181,66.0390535530479,-92.6503087145076));
#12879=CARTESIAN_POINT('Ctrl Pts',(33.7192450669181,53.1666314134253,-94.920064044792));
#12880=CARTESIAN_POINT('Ctrl Pts',(34.2337944258412,66.2518000735581,-93.8568541884639));
#12881=CARTESIAN_POINT('Ctrl Pts',(34.2337944258412,53.3793779339355,-96.1266095187483));
#12882=CARTESIAN_POINT('Ctrl Pts',(35.1207117569964,66.7621969828596,-96.7514589009746));
#12883=CARTESIAN_POINT('Ctrl Pts',(35.1207117569964,53.889774843237,-99.0212142312591));
#12884=CARTESIAN_POINT('Ctrl Pts',(35.4276369160822,67.066423227483,-98.4768116711575));
#12885=CARTESIAN_POINT('Ctrl Pts',(35.4276369160823,54.1940010878604,-100.746567001442));
#12886=CARTESIAN_POINT('Ctrl Pts',(35.431738232281,67.3934214856875,-100.33131094796));
#12887=CARTESIAN_POINT('Ctrl Pts',(35.431738232281,54.520999346065,-102.601066278244));
#12888=CARTESIAN_POINT('',(28.9710618855878,58.5929697483203,-87.1676869207816));
#12889=CARTESIAN_POINT('',(25.8875360319865,58.5281185164835,-84.6063022921721));
#12890=CARTESIAN_POINT('Ctrl Pts',(28.9710024124506,58.5926291724919,-87.1676878671641));
#12891=CARTESIAN_POINT('Ctrl Pts',(28.9705671783734,58.5926652314176,-87.1672480965284));
#12892=CARTESIAN_POINT('Ctrl Pts',(28.9701319253757,58.5927012724752,-87.1668083462212));
#12893=CARTESIAN_POINT('Ctrl Pts',(28.0492578238525,58.6689129888337,-86.2365026470048));
#12894=CARTESIAN_POINT('Ctrl Pts',(27.0027066440832,58.660270668687,-85.3557743903796));
#12895=CARTESIAN_POINT('Ctrl Pts',(25.8875360319865,58.5281185164835,-84.606302292172));
#12896=CARTESIAN_POINT('Ctrl Pts',(25.8875360319864,58.5281185164835,-84.606302292172));
#12897=CARTESIAN_POINT('Ctrl Pts',(25.3991142153572,58.4702385889191,-84.2780489112554));
#12898=CARTESIAN_POINT('Ctrl Pts',(24.8942054693288,58.4153886065946,-83.9669792036919));
#12899=CARTESIAN_POINT('Ctrl Pts',(22.8977300543752,58.2175753096678,-82.8451242491523));
#12900=CARTESIAN_POINT('Ctrl Pts',(21.2489034269322,58.0952981073787,-82.1516557748566));
#12901=CARTESIAN_POINT('Ctrl Pts',(18.0440341440516,57.9438864928732,-81.2929578382325));
#12902=CARTESIAN_POINT('Ctrl Pts',(16.403129500172,57.9006965245294,-81.0480153559744));
#12903=CARTESIAN_POINT('Ctrl Pts',(14.9119600304303,57.9006864985224,-81.0479584956631));
#12904=CARTESIAN_POINT('Ctrl Pts',(14.8296577667541,57.900685945156,-81.0479553573663));
#12905=CARTESIAN_POINT('Ctrl Pts',(14.7487432995523,57.9006854011205,-81.0479522719881));
#12906=CARTESIAN_POINT('',(34.6277937013783,56.4107271489469,-96.9179637953864));
#12907=CARTESIAN_POINT('Ctrl Pts',(35.431738232281,54.6894014697105,-102.571372440237));
#12908=CARTESIAN_POINT('Ctrl Pts',(35.4317245664984,54.6914555728542,-102.564638844458));
#12909=CARTESIAN_POINT('Ctrl Pts',(35.431702982824,54.6935089736195,-102.557911453819));
#12910=CARTESIAN_POINT('Ctrl Pts',(35.4277264457519,55.2810284162121,-100.629548290129));
#12911=CARTESIAN_POINT('Ctrl Pts',(35.131106632248,55.8717038521042,-98.7083643890253));
#12912=CARTESIAN_POINT('Ctrl Pts',(34.627294258605,56.4079598325437,-96.9167735064331));
#12913=CARTESIAN_POINT('',(33.1105937677338,57.5027396763578,-92.9840463907291));
#12914=CARTESIAN_POINT('Ctrl Pts',(34.6277906473732,56.4107273060628,-96.9179647009619));
#12915=CARTESIAN_POINT('Ctrl Pts',(34.6272868709127,56.4112647158125,-96.9161725026883));
#12916=CARTESIAN_POINT('Ctrl Pts',(34.626782887105,56.4118020710664,-96.914380433874));
#12917=CARTESIAN_POINT('Ctrl Pts',(34.2500502687282,56.8132742730855,-95.5754397080983));
#12918=CARTESIAN_POINT('Ctrl Pts',(33.7365699383294,57.1823596686972,-94.2456656056041));
#12919=CARTESIAN_POINT('Ctrl Pts',(33.112659477307,57.508168425386,-92.9870830403359));
#12920=CARTESIAN_POINT('Ctrl Pts',(33.1122943784442,57.5083590406955,-92.9863466490369));
#12921=CARTESIAN_POINT('Ctrl Pts',(33.1119292301938,57.5085496408859,-92.9856102620211));
#12922=CARTESIAN_POINT('Ctrl Pts',(33.1107713442805,57.5037293829592,-92.9842139427749));
#12923=CARTESIAN_POINT('Ctrl Pts',(32.086328148084,58.037168996635,-90.9189952222358));
#12924=CARTESIAN_POINT('Ctrl Pts',(30.6734034990609,58.4515860934309,-88.8878335252998));
#12925=CARTESIAN_POINT('Ctrl Pts',(28.9710024124506,58.5926291724919,-87.1676878671641));
#12926=CARTESIAN_POINT('Ctrl Pts',(35.4627621098649,76.2312473227727,-150.453111942769));
#12927=CARTESIAN_POINT('Ctrl Pts',(35.4627621098649,63.3588251831501,-152.722867273053));
#12928=CARTESIAN_POINT('Ctrl Pts',(35.4627566586677,76.2556946477,-150.591759612167));
#12929=CARTESIAN_POINT('Ctrl Pts',(35.4627566586677,63.3832725080774,-152.861514942452));
#12930=CARTESIAN_POINT('Ctrl Pts',(35.4621537554666,76.2802510354307,-150.73102580746));
#12931=CARTESIAN_POINT('Ctrl Pts',(35.4621537554666,63.4078288958082,-153.000781137744));
#12932=CARTESIAN_POINT('Ctrl Pts',(35.4532594968603,76.4553741950442,-151.724198598769));
#12933=CARTESIAN_POINT('Ctrl Pts',(35.4532594968603,63.5829520554216,-153.993953929054));
#12934=CARTESIAN_POINT('Ctrl Pts',(35.4232561633583,76.6099980757019,-152.601114202022));
#12935=CARTESIAN_POINT('Ctrl Pts',(35.4232561633583,63.7375759360793,-154.870869532307));
#12936=CARTESIAN_POINT('Ctrl Pts',(35.2753510709556,76.9325825145104,-154.430581465129));
#12937=CARTESIAN_POINT('Ctrl Pts',(35.2753510709556,64.0601603748878,-156.700336795413));
#12938=CARTESIAN_POINT('Ctrl Pts',(35.1601322013135,77.1009846584044,-155.385637482179));
#12939=CARTESIAN_POINT('Ctrl Pts',(35.1601322013135,64.2285625187818,-157.655392812464));
#12940=CARTESIAN_POINT('Ctrl Pts',(34.777228968997,77.4390228042355,-157.302747072969));
#12941=CARTESIAN_POINT('Ctrl Pts',(34.777228968997,64.566600664613,-159.572502403253));
#12942=CARTESIAN_POINT('Ctrl Pts',(34.5225886040125,77.6059825435205,-158.249622806984));
#12943=CARTESIAN_POINT('Ctrl Pts',(34.5225886040126,64.7335604038979,-160.519378137268));
#12944=CARTESIAN_POINT('Ctrl Pts',(33.8830145231696,77.921314929918,-160.037961637097));
#12945=CARTESIAN_POINT('Ctrl Pts',(33.8830145231696,65.0488927902954,-162.307716967381));
#12946=CARTESIAN_POINT('Ctrl Pts',(33.5121309078252,78.069218405343,-160.876763928333));
#12947=CARTESIAN_POINT('Ctrl Pts',(33.5121309078252,65.1967962657205,-163.146519258617));
#12948=CARTESIAN_POINT('Ctrl Pts',(32.650036435015,78.3572563021557,-162.510308015887));
#12949=CARTESIAN_POINT('Ctrl Pts',(32.650036435015,65.4848341625332,-164.780063346172));
#12950=CARTESIAN_POINT('Ctrl Pts',(32.1586713915803,78.4982613580488,-163.309987425848));
#12951=CARTESIAN_POINT('Ctrl Pts',(32.1586713915803,65.6258392184263,-165.579742756133));
#12952=CARTESIAN_POINT('Ctrl Pts',(31.1843745734452,78.7290295917737,-164.618739114317));
#12953=CARTESIAN_POINT('Ctrl Pts',(31.1843745734452,65.8566074521512,-166.888494444602));
#12954=CARTESIAN_POINT('Ctrl Pts',(30.7711880473076,78.8175246495412,-165.12061952656));
#12955=CARTESIAN_POINT('Ctrl Pts',(30.7711880473076,65.9451025099187,-167.390374856845));
#12956=CARTESIAN_POINT('Ctrl Pts',(29.6588832933417,79.0223443385392,-166.282209705074));
#12957=CARTESIAN_POINT('Ctrl Pts',(29.6588832933417,66.1499221989166,-168.551965035359));
#12958=CARTESIAN_POINT('Ctrl Pts',(28.9046326540668,79.1417551319508,-166.959421966816));
#12959=CARTESIAN_POINT('Ctrl Pts',(28.9046326540668,66.2693329923283,-169.2291772971));
#12960=CARTESIAN_POINT('Ctrl Pts',(27.5386363801845,79.2975851389551,-167.84317785249));
#12961=CARTESIAN_POINT('Ctrl Pts',(27.5386363801846,66.4251629993325,-170.112933182775));
#12962=CARTESIAN_POINT('Ctrl Pts',(27.1077848374429,79.3407417969192,-168.087931422198));
#12963=CARTESIAN_POINT('Ctrl Pts',(27.1077848374429,66.4683196572967,-170.357686752482));
#12964=CARTESIAN_POINT('Ctrl Pts',(25.8737641515838,79.4458119971185,-168.683814138371));
#12965=CARTESIAN_POINT('Ctrl Pts',(25.8737641515839,66.5733898574959,-170.953569468655));
#12966=CARTESIAN_POINT('Ctrl Pts',(25.0442285931066,79.4957950911181,-168.96728235066));
#12967=CARTESIAN_POINT('Ctrl Pts',(25.0442285931066,66.6233729514956,-171.237037680944));
#12968=CARTESIAN_POINT('Ctrl Pts',(23.2502782202786,79.5729131495062,-169.40464059316));
#12969=CARTESIAN_POINT('Ctrl Pts',(23.2502782202786,66.7004910098836,-171.674395923444));
#12970=CARTESIAN_POINT('Ctrl Pts',(22.3404805368497,79.5891715977533,-169.496846835119));
#12971=CARTESIAN_POINT('Ctrl Pts',(22.3404805368497,66.7167494581307,-171.766602165403));
#12972=CARTESIAN_POINT('Ctrl Pts',(21.5300174899508,79.5955875035862,-169.533233245225));
#12973=CARTESIAN_POINT('Ctrl Pts',(21.5300174899508,66.7231653639636,-171.80298857551));
#12974=CARTESIAN_POINT('',(23.9702392509693,73.6324065515581,-170.26697642376));
#12975=CARTESIAN_POINT('Ctrl Pts',(21.5300174899516,73.6867409855129,-170.575122311227));
#12976=CARTESIAN_POINT('Ctrl Pts',(22.2254934214988,73.6812353574612,-170.543898342952));
#12977=CARTESIAN_POINT('Ctrl Pts',(23.1201033096171,73.6651418629176,-170.452627599933));
#12978=CARTESIAN_POINT('Ctrl Pts',(23.9702392509683,73.6324065515582,-170.26697642376));
#12979=CARTESIAN_POINT('',(24.2870587776545,73.6173362685433,-170.194147636489));
#12980=CARTESIAN_POINT('Ctrl Pts',(23.9702392509674,73.6324065515581,-170.26697642376));
#12981=CARTESIAN_POINT('Ctrl Pts',(24.0764766336704,73.6283157777988,-170.24377649291));
#12982=CARTESIAN_POINT('Ctrl Pts',(24.1819445310771,73.6232977144603,-170.219541802186));
#12983=CARTESIAN_POINT('Ctrl Pts',(24.2870653121751,73.6173414098255,-170.194173507017));
#12984=CARTESIAN_POINT('',(26.6576850164907,73.3397020577866,-169.370177886466));
#12985=CARTESIAN_POINT('Ctrl Pts',(24.2870653121751,73.6173414098255,-170.194173507017));
#12986=CARTESIAN_POINT('Ctrl Pts',(24.287082895581,73.6173404135227,-170.194169263697));
#12987=CARTESIAN_POINT('Ctrl Pts',(24.2871004789772,73.6173394171938,-170.194165020346));
#12988=CARTESIAN_POINT('Ctrl Pts',(24.332959583582,73.6147408302132,-170.183097884371));
#12989=CARTESIAN_POINT('Ctrl Pts',(24.4419127507518,73.6083925720543,-170.156023750103));
#12990=CARTESIAN_POINT('Ctrl Pts',(24.6436407104293,73.5947946210368,-170.103060417011));
#12991=CARTESIAN_POINT('Ctrl Pts',(24.9910092818978,73.5672258992965,-170.005445017407));
#12992=CARTESIAN_POINT('Ctrl Pts',(25.660211461341,73.4974195206709,-169.791280083098));
#12993=CARTESIAN_POINT('Ctrl Pts',(26.2331068249127,73.4118669156444,-169.567293519241));
#12994=CARTESIAN_POINT('Ctrl Pts',(26.6539146160701,73.3396684955384,-169.37062325489));
#12995=CARTESIAN_POINT('Ctrl Pts',(26.6554892860368,73.3393980498625,-169.369886960487));
#12996=CARTESIAN_POINT('Ctrl Pts',(26.6570625975777,73.3391275601365,-169.369150950438));
#12997=CARTESIAN_POINT('',(27.9345090633015,73.0605651025537,-168.678852818957));
#12998=CARTESIAN_POINT('Ctrl Pts',(26.6570625975777,73.3391275601365,-169.369150950438));
#12999=CARTESIAN_POINT('Ctrl Pts',(26.9020313217054,73.2970116019445,-169.254552259692));
#13000=CARTESIAN_POINT('Ctrl Pts',(27.3259008414328,73.210685078567,-169.03924507563));
#13001=CARTESIAN_POINT('Ctrl Pts',(27.7321689826495,73.1131092372049,-168.803910106512));
#13002=CARTESIAN_POINT('Ctrl Pts',(27.9343278955409,73.0611565617884,-168.678316544911));
#13003=CARTESIAN_POINT('',(30.2832792626372,72.1970464089013,-166.813357966845));
#13004=CARTESIAN_POINT('Ctrl Pts',(27.9343278955409,73.0611565617884,-168.678316544911));
#13005=CARTESIAN_POINT('Ctrl Pts',(27.9358207208816,73.0607729216645,-168.677389109911));
#13006=CARTESIAN_POINT('Ctrl Pts',(27.9373134983383,73.0603891076971,-168.67646123964));
#13007=CARTESIAN_POINT('Ctrl Pts',(27.9998157295285,73.0443111240367,-168.637592050907));
#13008=CARTESIAN_POINT('Ctrl Pts',(28.1105379285553,73.0136622465062,-168.56780238691));
#13009=CARTESIAN_POINT('Ctrl Pts',(28.3361961771227,72.9497054925672,-168.420430566601));
#13010=CARTESIAN_POINT('Ctrl Pts',(28.7212189151341,72.8333552024652,-168.155643601662));
#13011=CARTESIAN_POINT('Ctrl Pts',(29.4558937490478,72.5841692634524,-167.596417415421));
#13012=CARTESIAN_POINT('Ctrl Pts',(29.9845229520581,72.3530852902797,-167.109034992245));
#13013=CARTESIAN_POINT('Ctrl Pts',(30.2845890030538,72.1990900740903,-166.813623000004));
#13014=CARTESIAN_POINT('',(31.5545719853153,71.4383760783871,-165.391538942509));
#13015=CARTESIAN_POINT('Ctrl Pts',(30.2845890030538,72.1990900740903,-166.813623000004));
#13016=CARTESIAN_POINT('Ctrl Pts',(30.2865926297949,72.1980618040406,-166.811650449743));
#13017=CARTESIAN_POINT('Ctrl Pts',(30.2885939571949,72.1970335214459,-166.809679183029));
#13018=CARTESIAN_POINT('Ctrl Pts',(30.7512428795647,71.9590483178285,-166.353754083021));
#13019=CARTESIAN_POINT('Ctrl Pts',(31.1948863202375,71.6996948654102,-165.846291463203));
#13020=CARTESIAN_POINT('Ctrl Pts',(31.5559216479001,71.4393604581313,-165.392047497326));
#13021=CARTESIAN_POINT('',(33.0843709317153,70.0860716327789,-163.120152020113));
#13022=CARTESIAN_POINT('Ctrl Pts',(31.5559216479001,71.4393604581313,-165.392047497326));
#13023=CARTESIAN_POINT('Ctrl Pts',(31.556601527139,71.4388702125927,-165.391192093386));
#13024=CARTESIAN_POINT('Ctrl Pts',(31.5572811134323,71.4383799635754,-165.39033687817));
#13025=CARTESIAN_POINT('Ctrl Pts',(32.14516413425,71.0140990236716,-164.650368698964));
#13026=CARTESIAN_POINT('Ctrl Pts',(32.6698922677696,70.5522179549861,-163.851555439363));
#13027=CARTESIAN_POINT('Ctrl Pts',(33.0858006015626,70.0883029502222,-163.119550207422));
#13028=CARTESIAN_POINT('',(34.1946583470638,68.6226257820026,-160.779078709246));
#13029=CARTESIAN_POINT('Ctrl Pts',(33.0858006015626,70.0883029502222,-163.119550207422));
#13030=CARTESIAN_POINT('Ctrl Pts',(33.0868027746744,70.0871851001908,-163.117786366927));
#13031=CARTESIAN_POINT('Ctrl Pts',(33.0878043159593,70.0860672383501,-163.116022914332));
#13032=CARTESIAN_POINT('Ctrl Pts',(33.5057131853794,69.6193223181105,-162.379892282616));
#13033=CARTESIAN_POINT('Ctrl Pts',(33.8868061098909,69.1227097454902,-161.581784461194));
#13034=CARTESIAN_POINT('Ctrl Pts',(34.1954853635673,68.6234758280885,-160.778868115699));
#13035=CARTESIAN_POINT('',(34.9573897142033,67.0735945693135,-158.200382759294));
#13036=CARTESIAN_POINT('Ctrl Pts',(34.1954853635673,68.6234758280885,-160.778868115699));
#13037=CARTESIAN_POINT('Ctrl Pts',(34.1957425991792,68.6230597951329,-160.7781990112));
#13038=CARTESIAN_POINT('Ctrl Pts',(34.1959997845027,68.622643760357,-160.777529903361));
#13039=CARTESIAN_POINT('Ctrl Pts',(34.357539032633,68.3612782026207,-160.35717598333));
#13040=CARTESIAN_POINT('Ctrl Pts',(34.6449609693747,67.8383962417441,-159.500512560531));
#13041=CARTESIAN_POINT('Ctrl Pts',(34.8609113756479,67.3262827373421,-158.650991984676));
#13042=CARTESIAN_POINT('Ctrl Pts',(34.9557057362363,67.0738074126896,-158.207024324392));
#13043=CARTESIAN_POINT('Ctrl Pts',(34.9562247490593,67.0724238549014,-158.204591254076));
#13044=CARTESIAN_POINT('Ctrl Pts',(34.9567431977523,67.0710405830583,-158.202158545276));
#13045=CARTESIAN_POINT('',(35.3479687519737,65.618247939725,-155.499454682));
#13046=CARTESIAN_POINT('Ctrl Pts',(34.9570157802652,67.0735818689192,-158.200310318259));
#13047=CARTESIAN_POINT('Ctrl Pts',(35.1566963856387,66.540085982936,-157.263110204342));
#13048=CARTESIAN_POINT('Ctrl Pts',(35.2726581877099,66.0491133356083,-156.379542518777));
#13049=CARTESIAN_POINT('Ctrl Pts',(35.3480065393926,65.6197566701364,-155.498612082753));
#13050=CARTESIAN_POINT('',(35.4609004560444,64.646937014875,-152.926593160618));
#13051=CARTESIAN_POINT('Ctrl Pts',(35.3479592872079,65.61816900425,-155.499498117509));
#13052=CARTESIAN_POINT('Ctrl Pts',(35.3479611895176,65.618158175851,-155.49947588045));
#13053=CARTESIAN_POINT('Ctrl Pts',(35.3479630918015,65.6181473474911,-155.499453643392));
#13054=CARTESIAN_POINT('Ctrl Pts',(35.4199933274855,65.2081259446841,-154.657433061404));
#13055=CARTESIAN_POINT('Ctrl Pts',(35.4533333161773,64.8525307801708,-153.783596425684));
#13056=CARTESIAN_POINT('Ctrl Pts',(35.4609124978688,64.6468989797334,-152.926602759753));
#13057=CARTESIAN_POINT('Ctrl Pts',(35.4609124978688,64.6468989797334,-152.926602759753));
#13058=CARTESIAN_POINT('Ctrl Pts',(35.460913788508,64.6468639632264,-152.92645682452));
#13059=CARTESIAN_POINT('Ctrl Pts',(35.4609150784002,64.6468289510681,-152.926310889776));
#13060=CARTESIAN_POINT('Ctrl Pts',(35.462125861828,64.6139491228756,-152.789247378636));
#13061=CARTESIAN_POINT('Ctrl Pts',(35.4627566526274,64.5839672935644,-152.649958464793));
#13062=CARTESIAN_POINT('Ctrl Pts',(35.4627621098649,64.5577293284118,-152.511468124963));
#13063=CARTESIAN_POINT('Ctrl Pts',(33.0843709317153,65.339716894196,-163.957062420539));
#13064=CARTESIAN_POINT('Ctrl Pts',(32.650036435015,65.4848341625331,-164.780063346172));
#13065=CARTESIAN_POINT('Ctrl Pts',(32.1586713915803,65.6258392184262,-165.579742756133));
#13066=CARTESIAN_POINT('Ctrl Pts',(31.5545719853153,65.7689239030759,-166.391216326852));
#13067=CARTESIAN_POINT('Ctrl Pts',(30.2832792626372,66.0349459859797,-167.899902529241));
#13068=CARTESIAN_POINT('Ctrl Pts',(29.6588832933417,66.1499221989166,-168.551965035358));
#13069=CARTESIAN_POINT('Ctrl Pts',(28.9046326540668,66.2693329923283,-169.2291772971));
#13070=CARTESIAN_POINT('Ctrl Pts',(27.9345090633015,66.3800026689843,-169.856816222303));
#13071=CARTESIAN_POINT('Ctrl Pts',(24.2870587776556,66.6559220492421,-171.421632787239));
#13072=CARTESIAN_POINT('Ctrl Pts',(23.2502782202786,66.7004910098836,-171.674395923444));
#13073=CARTESIAN_POINT('Ctrl Pts',(22.3404805368497,66.7167494581307,-171.766602165403));
#13074=CARTESIAN_POINT('Ctrl Pts',(21.5300174899508,66.7231653639636,-171.80298857551));
#13075=CARTESIAN_POINT('Origin',(24.5680736742016,42.4614758235764,-106.674654366485));
#13076=CARTESIAN_POINT('',(24.5633816320485,44.8486360789485,-97.2539942537003));
#13077=CARTESIAN_POINT('Origin',(24.5632790249064,45.3088047519514,-99.8637404827954));
#13078=CARTESIAN_POINT('',(24.5652016519653,44.7009339464122,-106.279777364344));
#13079=CARTESIAN_POINT('Origin',(24.5632790249064,45.3088047519514,-99.8637404827954));
#13080=CARTESIAN_POINT('Origin',(18.2559303050101,45.3081839407393,-99.8602196874543));
#13081=CARTESIAN_POINT('Origin',(30.6986137511253,45.3130569545306,-99.887855921976));
#13082=CARTESIAN_POINT('Ctrl Pts',(20.5087173048525,44.8486088170618,-97.2538396438581));
#13083=CARTESIAN_POINT('Ctrl Pts',(20.5087173048525,47.4583493625423,-96.7936719730298));
#13084=CARTESIAN_POINT('Ctrl Pts',(20.5086146977103,47.9185180355452,-99.4034182021249));
#13085=CARTESIAN_POINT('Ctrl Pts',(20.5085120905682,48.3786867085481,-102.01316443122));
#13086=CARTESIAN_POINT('Ctrl Pts',(20.5085120905682,45.7689461630677,-102.473332102048));
#13087=CARTESIAN_POINT('Ctrl Pts',(20.5085120905682,43.1592056175873,-102.933499772877));
#13088=CARTESIAN_POINT('Ctrl Pts',(20.5086146977103,42.6990369445843,-100.323753543782));
#13089=CARTESIAN_POINT('Ctrl Pts',(20.5087173048525,42.2388682715814,-97.7140073146864));
#13090=CARTESIAN_POINT('Ctrl Pts',(20.5087173048525,44.8486088170618,-97.2538396438581));
#13091=CARTESIAN_POINT('Ctrl Pts',(24.5669238010373,44.8486361027646,-97.253994388768));
#13092=CARTESIAN_POINT('Ctrl Pts',(24.5669238010373,47.458376648245,-96.7938267179397));
#13093=CARTESIAN_POINT('Ctrl Pts',(24.5668211938951,47.9185453212479,-99.4035729470349));
#13094=CARTESIAN_POINT('Ctrl Pts',(24.566718586753,48.3787139942509,-102.01331917613));
#13095=CARTESIAN_POINT('Ctrl Pts',(24.566718586753,45.7689734487705,-102.473486846958));
#13096=CARTESIAN_POINT('Ctrl Pts',(24.566718586753,43.15923290329,-102.933654517787));
#13097=CARTESIAN_POINT('Ctrl Pts',(24.5668211938951,42.6990642302871,-100.323908288692));
#13098=CARTESIAN_POINT('Ctrl Pts',(24.5669238010373,42.2388955572842,-97.7141620595963));
#13099=CARTESIAN_POINT('Ctrl Pts',(24.5669238010373,44.8486361027646,-97.253994388768));
#13100=CARTESIAN_POINT('',(20.5087173048522,44.8486088170618,-97.253839643858));
#13101=CARTESIAN_POINT('Origin',(20.5086146977103,45.3087774900647,-99.8635858729531));
#13102=CARTESIAN_POINT('Ctrl Pts',(20.5087173048525,44.8486088170618,-97.2538396438581));
#13103=CARTESIAN_POINT('Ctrl Pts',(24.5633816320485,44.8486360789485,-97.2539942537003));
#13104=CARTESIAN_POINT('Ctrl Pts',(30.6943413728211,47.2414392113307,-99.6783455208992));
#13105=CARTESIAN_POINT('Ctrl Pts',(30.6942721146683,47.4129935527625,-101.464400423219));
#13106=CARTESIAN_POINT('Ctrl Pts',(30.6942721146683,45.6459827790541,-101.775972097831));
#13107=CARTESIAN_POINT('Ctrl Pts',(30.6942721146683,43.8789720053391,-102.087543772444));
#13108=CARTESIAN_POINT('Ctrl Pts',(30.6943413728211,43.4293136003572,-100.350526119966));
#13109=CARTESIAN_POINT('Ctrl Pts',(30.6986087743894,47.241439240023,-99.678345683621));
#13110=CARTESIAN_POINT('Ctrl Pts',(30.6985395162365,47.4129935814548,-101.464400585941));
#13111=CARTESIAN_POINT('Ctrl Pts',(30.6985395162365,45.6459828077464,-101.775972260552));
#13112=CARTESIAN_POINT('Ctrl Pts',(30.6985395162365,43.8789720340313,-102.087543935165));
#13113=CARTESIAN_POINT('Ctrl Pts',(30.6986087743894,43.4293136290495,-100.350526282688));
#13114=CARTESIAN_POINT('Origin',(30.6986146900718,45.308846003412,-99.8639744314538));
#13115=CARTESIAN_POINT('Ctrl Pts',(28.7734725091482,44.848664385859,-97.2541547901674));
#13116=CARTESIAN_POINT('Ctrl Pts',(28.7734725091482,47.4584049313395,-96.7939871193391));
#13117=CARTESIAN_POINT('Ctrl Pts',(28.773369902006,47.9185736043424,-99.4037333484343));
#13118=CARTESIAN_POINT('Ctrl Pts',(28.7732672948638,48.3787422773453,-102.013479577529));
#13119=CARTESIAN_POINT('Ctrl Pts',(28.7732672948638,45.7690017318649,-102.473647248358));
#13120=CARTESIAN_POINT('Ctrl Pts',(28.7732672948638,43.1592611863845,-102.933814919186));
#13121=CARTESIAN_POINT('Ctrl Pts',(28.773369902006,42.6990925133816,-100.324068690091));
#13122=CARTESIAN_POINT('Ctrl Pts',(28.7734725091482,42.2389238403786,-97.7143224609958));
#13123=CARTESIAN_POINT('Ctrl Pts',(28.7734725091482,44.848664385859,-97.2541547901674));
#13124=CARTESIAN_POINT('Ctrl Pts',(30.6987172972139,44.8486773304091,-97.2542282023587));
#13125=CARTESIAN_POINT('Ctrl Pts',(30.6987172972139,47.4584178758895,-96.7940605315304));
#13126=CARTESIAN_POINT('Ctrl Pts',(30.6986146900718,47.9185865488924,-99.4038067606255));
#13127=CARTESIAN_POINT('Ctrl Pts',(30.6985120829296,48.3787552218954,-102.013552989721));
#13128=CARTESIAN_POINT('Ctrl Pts',(30.6985120829296,45.7690146764149,-102.473720660549));
#13129=CARTESIAN_POINT('Ctrl Pts',(30.6985120829296,43.1592741309345,-102.933888331377));
#13130=CARTESIAN_POINT('Ctrl Pts',(30.6986146900718,42.6991054579316,-100.324142102282));
#13131=CARTESIAN_POINT('Ctrl Pts',(30.6987172972139,42.2389367849286,-97.714395873187));
#13132=CARTESIAN_POINT('Ctrl Pts',(30.6987172972139,44.8486773304091,-97.2542282023587));
#13133=CARTESIAN_POINT('',(28.7734725091482,44.848664385859,-97.2541547901673));
#13134=CARTESIAN_POINT('Origin',(28.773369902006,45.308833058862,-99.8639010192625));
#13135=CARTESIAN_POINT('',(30.698717297214,44.848677330409,-97.2542282023586));
#13136=CARTESIAN_POINT('',(19.7587173054145,44.8486037743719,-97.2538110453423));
#13137=CARTESIAN_POINT('Origin',(30.6986146900718,45.308846003412,-99.8639744314538));
#13138=CARTESIAN_POINT('Origin',(30.6986146900718,45.308846003412,-99.8639744314538));
#13139=CARTESIAN_POINT('Origin',(21.6705349072424,59.6586540757109,-133.137530821994));
#13140=CARTESIAN_POINT('',(20.4633993895754,60.2664145817206,-136.584311930409));
#13141=CARTESIAN_POINT('',(20.9633800294045,60.3532420322823,-137.076734872223));
#13142=CARTESIAN_POINT('Origin',(20.9633993892006,60.2664179435139,-136.584330996086));
#13143=CARTESIAN_POINT('',(20.4639472634679,57.8093302421702,-122.649494186249));
#13144=CARTESIAN_POINT('',(20.4636476768755,59.1529049864148,-130.269285206581));
#13145=CARTESIAN_POINT('Origin',(21.4639472627183,57.8093369657568,-122.649532317603));
#13146=CARTESIAN_POINT('',(21.6703800288746,60.353246785858,-137.07676183109));
#13147=CARTESIAN_POINT('Origin',(18.8773937282201,49.835945910289,-119.335571202911));
#13148=CARTESIAN_POINT('Origin',(18.4273948726985,49.8357696741387,-119.334571718036));
#13149=CARTESIAN_POINT('',(18.4866787714813,48.8545453102837,-92.8161520115898));
#13150=CARTESIAN_POINT('Origin',(-35.6463444073143,44.4490568580186,-156.0543738378));
#13151=CARTESIAN_POINT('',(-14.9267861351993,32.0276197129393,-85.608903183388));
#13152=CARTESIAN_POINT('',(-30.856328355865,32.027512609283,-85.6082957683691));
#13153=CARTESIAN_POINT('Ctrl Pts',(-35.6113792575411,35.611231140873,-105.932573523202));
#13154=CARTESIAN_POINT('Ctrl Pts',(-35.6085364765045,35.3923541837172,-104.691259910544));
#13155=CARTESIAN_POINT('Ctrl Pts',(-35.4728963325068,35.1579669861668,-103.361983303407));
#13156=CARTESIAN_POINT('Ctrl Pts',(-35.1477558593222,34.91439383332,-101.980610525181));
#13157=CARTESIAN_POINT('Ctrl Pts',(-34.497474912953,34.4272475276263,-99.2178649687312));
#13158=CARTESIAN_POINT('Ctrl Pts',(-33.0891926498361,33.9033574007467,-96.2467347279316));
#13159=CARTESIAN_POINT('Ctrl Pts',(-30.989525022089,33.4473159199479,-93.660393497743));
#13160=CARTESIAN_POINT('Ctrl Pts',(-29.9396912082154,33.2192951795485,-92.3672228826486));
#13161=CARTESIAN_POINT('Ctrl Pts',(-28.7170110531843,33.0082366006693,-91.1702495202071));
#13162=CARTESIAN_POINT('Ctrl Pts',(-27.3992496447999,32.8259980796938,-90.1367229208778));
#13163=CARTESIAN_POINT('Ctrl Pts',(-26.0814882364155,32.6437595587182,-89.1031963215485));
#13164=CARTESIAN_POINT('Ctrl Pts',(-24.6686455746778,32.4903410956463,-88.2331164853316));
#13165=CARTESIAN_POINT('Ctrl Pts',(-23.2348870419551,32.3702489646125,-87.5520397774052));
#13166=CARTESIAN_POINT('Ctrl Pts',(-21.8011285092323,32.2501568335788,-86.8709630694787));
#13167=CARTESIAN_POINT('Ctrl Pts',(-20.3464541055245,32.1633910345833,-86.3788894898427));
#13168=CARTESIAN_POINT('Ctrl Pts',(-18.9429850268134,32.1077551301035,-86.0633624153257));
#13169=CARTESIAN_POINT('Ctrl Pts',(-17.5395159481024,32.0521192256237,-85.7478353408087));
#13170=CARTESIAN_POINT('Ctrl Pts',(-16.1872521943881,32.0276132156595,-85.6088547714109));
#13171=CARTESIAN_POINT('Ctrl Pts',(-14.9267861351995,32.0276216907794,-85.6089028346417));
#13172=CARTESIAN_POINT('',(-30.6993770443242,44.5840145793151,-156.819757109006));
#13173=CARTESIAN_POINT('',(-30.9993770440994,44.5840125622391,-156.8197456696));
#13174=CARTESIAN_POINT('',(-30.6991894479279,43.7426892783843,-152.048364225453));
#13175=CARTESIAN_POINT('',(-30.6991894479279,43.7426892783843,-152.048364225453));
#13176=CARTESIAN_POINT('',(-29.111186099814,43.7426999554623,-152.048424778171));
#13177=CARTESIAN_POINT('',(-30.9991894477031,43.7426872613083,-152.048352786046));
#13178=CARTESIAN_POINT('',(-27.8251426193953,43.5317260397669,-150.851932245674));
#13179=CARTESIAN_POINT('',(-27.0171912519149,34.7706599457774,-101.165457386362));
#13180=CARTESIAN_POINT('',(-27.5392967611825,35.2296083427275,-103.768283086128));
#13181=CARTESIAN_POINT('',(-25.0809992018771,33.9387249773259,-96.4473197246796));
#13182=CARTESIAN_POINT('',(-27.0171912519149,34.7706599457774,-101.165457386362));
#13183=CARTESIAN_POINT('',(-25.0529992075596,33.9382030995839,-96.4443600089292));
#13184=CARTESIAN_POINT('',(-25.0809992018771,33.9387249773259,-96.4473197246796));
#13185=CARTESIAN_POINT('',(-24.7929896204582,33.8534645515891,-95.9637838222652));
#13186=CARTESIAN_POINT('',(-24.7929896204582,33.8534645515891,-95.9637838222652));
#13187=CARTESIAN_POINT('',(-23.0248862415218,33.4224825949735,-93.519563687128));
#13188=CARTESIAN_POINT('',(-23.0248862415218,33.4224825949735,-93.519563687128));
#13189=CARTESIAN_POINT('',(-21.1478182128693,33.1081924377359,-91.7371356323016));
#13190=CARTESIAN_POINT('',(-23.0248862415218,33.4224825949735,-93.519563687128));
#13191=CARTESIAN_POINT('',(-18.7727474638897,32.7994620506057,-89.9862386006063));
#13192=CARTESIAN_POINT('',(-18.7727474638897,32.7994620506057,-89.9862386006063));
#13193=CARTESIAN_POINT('',(-15.9707044083425,32.585197843986,-88.7710859010099));
#13194=CARTESIAN_POINT('',(-18.7727474638897,32.7994620506057,-89.9862386006063));
#13195=CARTESIAN_POINT('',(-12.6366713665101,32.448212918827,-87.9942057853935));
#13196=CARTESIAN_POINT('',(-12.6366713665101,32.448212918827,-87.9942057853935));
#13197=CARTESIAN_POINT('',(-8.7586475583797,32.3511694934137,-87.4438451711341));
#13198=CARTESIAN_POINT('',(-8.7586475583797,32.3511694934137,-87.4438451711341));
#13199=CARTESIAN_POINT('',(-0.146137827227086,32.2987886839394,-87.146778838665));
#13200=CARTESIAN_POINT('',(-8.7586475583797,32.3511694934137,-87.4438451711341));
#13201=CARTESIAN_POINT('',(8.46634851864362,32.3512853071663,-87.4445019835634));
#13202=CARTESIAN_POINT('',(28.9279188249892,43.7430901864095,-152.050637887847));
#13203=CARTESIAN_POINT('',(27.6419694331906,43.5320989776973,-150.854047281779));
#13204=CARTESIAN_POINT('',(30.5159221731031,43.7431008634875,-152.050698440565));
#13205=CARTESIAN_POINT('',(30.8159221728783,43.7431028805635,-152.050709879972));
#13206=CARTESIAN_POINT('',(30.5157345767068,44.5844261644184,-156.822091324119));
#13207=CARTESIAN_POINT('',(30.5159221731031,43.7431008634875,-152.050698440565));
#13208=CARTESIAN_POINT('',(30.815734576482,44.5844281814943,-156.822102763525));
#13209=CARTESIAN_POINT('Origin',(-17.6998530312855,36.2323587533203,-92.0982458506049));
#13210=CARTESIAN_POINT('',(-17.6943820601148,36.2349871520948,-92.1016190586309));
#13211=CARTESIAN_POINT('',(-16.9238654379533,36.2900772605413,-92.4140505891041));
#13212=CARTESIAN_POINT('',(-14.3865239054375,36.4714911537288,-93.4428999033649));
#13213=CARTESIAN_POINT('',(-17.6998530312855,36.2323587533203,-92.0982458506049));
#13214=CARTESIAN_POINT('',(-16.9238654379533,36.2900772605413,-92.4140505891041));
#13215=CARTESIAN_POINT('',(-17.4348626347993,36.3596671253866,-92.261629590775));
#13216=CARTESIAN_POINT('Origin',(-17.4348626347993,36.3596671253866,-92.261629590775));
#13217=CARTESIAN_POINT('',(-17.7002598859545,36.234575564994,-92.0992848321889));
#13218=CARTESIAN_POINT('',(-14.2409679212867,36.4768079804165,-93.4730531258968));
#13219=CARTESIAN_POINT('',(-17.6998530312855,36.2323587533203,-92.0982458506049));
#13220=CARTESIAN_POINT('Origin',(-17.7388587696533,36.4448876553408,-92.1978544993061));
#13221=CARTESIAN_POINT('',(-17.7164351582588,36.2342034183103,-92.0971742834675));
#13222=CARTESIAN_POINT('',(-14.6479545521553,36.3048003677793,-92.4975494795116));
#13223=CARTESIAN_POINT('',(-17.6998530312855,36.2323587533203,-92.0982458506049));
#13224=CARTESIAN_POINT('Origin',(-18.9418543416034,36.370524161064,-92.0179854720004));
#13225=CARTESIAN_POINT('',(-18.9775587047449,36.2054077966312,-91.9338661977545));
#13226=CARTESIAN_POINT('',(-15.2534530284291,36.2904424945517,-92.4161219341076));
#13227=CARTESIAN_POINT('',(-18.9778464033938,36.2031773939351,-91.9327501376514));
#13228=CARTESIAN_POINT('',(-17.6998530312855,36.2323587533203,-92.0982458506049));
#13229=CARTESIAN_POINT('',(-18.9418543416034,36.370524161064,-92.0179854720004));
#13230=CARTESIAN_POINT('Origin',(-18.9778510110975,36.3853536434382,-92.0214652105072));
#13231=CARTESIAN_POINT('',(-20.231358475258,36.2340387725145,-92.096240530759));
#13232=CARTESIAN_POINT('',(-16.010789348313,36.1376189830709,-91.5494167318365));
#13233=CARTESIAN_POINT('',(-20.2468548293803,36.2321681583451,-92.0971649327872));
#13234=CARTESIAN_POINT('',(-20.2468548293803,36.2321681583451,-92.0971649327872));
#13235=CARTESIAN_POINT('',(-20.2468548293803,36.2321681583451,-92.0971649327872));
#13236=CARTESIAN_POINT('Origin',(-20.2468548293803,36.2321681583451,-92.0971649327872));
#13237=CARTESIAN_POINT('',(-20.2463086829912,36.2343783898693,-92.0981665964893));
#13238=CARTESIAN_POINT('',(-16.6349279871614,36.152340228172,-91.6329050615402));
#13239=CARTESIAN_POINT('',(-20.2468548293803,36.2321681583451,-92.0971649327872));
#13240=CARTESIAN_POINT('Origin',(-20.1898592522904,36.4628268677191,-92.2016980797691));
#13241=CARTESIAN_POINT('',(-20.2498515110014,36.2346144085702,-92.0995051250564));
#13242=CARTESIAN_POINT('',(-17.6426352200872,36.0609249717725,-91.1144633798862));
#13243=CARTESIAN_POINT('',(-20.2468548293803,36.2321681583451,-92.0971649327872));
#13244=CARTESIAN_POINT('Origin',(-21.0308686468497,36.2900496467495,-92.4138939835093));
#13245=CARTESIAN_POINT('',(-21.0308686468497,36.2900496467495,-92.4138939835093));
#13246=CARTESIAN_POINT('',(-18.13871745684,36.0847697844903,-91.2496940327449));
#13247=CARTESIAN_POINT('',(-20.2468548293803,36.2321681583451,-92.0971649327872));
#13248=CARTESIAN_POINT('Origin',(-22.2938672268356,36.2900411548693,-92.4138458236632));
#13249=CARTESIAN_POINT('',(-21.0348645422326,36.2880773295755,-92.4142415991356));
#13250=CARTESIAN_POINT('',(-21.0348645422326,36.2880773295755,-92.4142415991356));
#13251=CARTESIAN_POINT('',(-22.2938672268356,36.2880688645619,-92.4141935916579));
#13252=CARTESIAN_POINT('',(-21.0348645422326,36.2880773295755,-92.4142415991356));
#13253=CARTESIAN_POINT('',(-22.2938672268356,36.2900411548693,-92.4138458236632));
#13254=CARTESIAN_POINT('',(-22.2938672268356,36.2900411548693,-92.4138458236632));
#13255=CARTESIAN_POINT('',(-21.0308686468497,36.2900496467495,-92.4138939835093));
#13256=CARTESIAN_POINT('Origin',(-22.2938672268356,36.2900411548693,-92.4138458236632));
#13257=CARTESIAN_POINT('',(-22.2938988607757,36.4299395759777,-93.2187823780465));
#13258=CARTESIAN_POINT('',(-22.2938989381354,36.4322588062608,-93.2204022044281));
#13259=CARTESIAN_POINT('',(-22.2938988607757,36.4299395759777,-93.2187823780465));
#13260=CARTESIAN_POINT('',(-22.2938672268356,36.2900411548693,-92.4138458236632));
#13261=CARTESIAN_POINT('',(-22.2938672268356,36.2880688645619,-92.4141935916579));
#13262=CARTESIAN_POINT('Origin',(-22.0628948284369,36.6128850286737,-93.1794204438702));
#13263=CARTESIAN_POINT('',(-22.480382210886,36.4574944239128,-93.3635205040251));
#13264=CARTESIAN_POINT('',(-20.1184071473336,36.1378630772066,-91.5508010584702));
#13265=CARTESIAN_POINT('',(-22.4849017536505,36.4558122305988,-93.3655134938249));
#13266=CARTESIAN_POINT('',(-22.2938989381354,36.4322588062608,-93.2204022044281));
#13267=CARTESIAN_POINT('',(-22.4849017536505,36.4558122305988,-93.3655134938249));
#13268=CARTESIAN_POINT('Origin',(-22.0628948284369,36.6128850286737,-93.1794204438702));
#13269=CARTESIAN_POINT('',(-22.4839822812308,36.4579847887241,-93.3663015010648));
#13270=CARTESIAN_POINT('',(-20.1363912937515,36.1382199226245,-91.5528248294013));
#13271=CARTESIAN_POINT('',(-22.4849017536505,36.4558122305988,-93.3655134938249));
#13272=CARTESIAN_POINT('Origin',(-22.3669093608203,36.7346083384065,-93.4666354609987));
#13273=CARTESIAN_POINT('',(-22.4914639716744,36.4596731623658,-93.3758767438036));
#13274=CARTESIAN_POINT('',(-21.5863248500816,36.2554127687366,-92.2174584869461));
#13275=CARTESIAN_POINT('',(-22.8879313106157,36.6929377899543,-94.0019897633549));
#13276=CARTESIAN_POINT('Origin',(-22.4849017536505,36.4558122305988,-93.3655134938249));
#13277=CARTESIAN_POINT('',(-23.2676644970534,36.6354421866932,-94.3727124159232));
#13278=CARTESIAN_POINT('',(-21.5799211744136,36.2532561568778,-92.2052277333193));
#13279=CARTESIAN_POINT('',(-23.2739497360015,36.6344905353289,-94.3788485150003));
#13280=CARTESIAN_POINT('',(-23.2739497360015,36.6344905353289,-94.3788485150003));
#13281=CARTESIAN_POINT('',(-23.2739497360015,36.6344905353289,-94.3788485150003));
#13282=CARTESIAN_POINT('Origin',(-22.8879313106157,36.6929377899543,-94.0019897633549));
#13283=CARTESIAN_POINT('',(-23.2725262957863,36.6365476204013,-94.3789816420148));
#13284=CARTESIAN_POINT('',(-21.8259692481948,36.3076420014963,-92.5136651851485));
#13285=CARTESIAN_POINT('',(-23.2739497360015,36.6344905353289,-94.3788485150003));
#13286=CARTESIAN_POINT('Origin',(-23.1019473208432,36.883059879406,-94.394935012919));
#13287=CARTESIAN_POINT('',(-23.278359071106,36.6389596726091,-94.3926610698487));
#13288=CARTESIAN_POINT('',(-22.9968212464738,36.5225341471545,-93.7323791039988));
#13289=CARTESIAN_POINT('',(-23.5799890875012,36.9446805849823,-95.337538482582));
#13290=CARTESIAN_POINT('Origin',(-23.5799890875012,36.9446805849823,-95.337538482582));
#13291=CARTESIAN_POINT('',(-23.7662681451625,36.843989407054,-95.555442475287));
#13292=CARTESIAN_POINT('',(-23.2138436784411,36.6118489371687,-94.2389084488292));
#13293=CARTESIAN_POINT('',(-23.768991238832,36.8425174675207,-95.5586278735306));
#13294=CARTESIAN_POINT('',(-23.2739497360015,36.6344905353289,-94.3788485150003));
#13295=CARTESIAN_POINT('',(-23.5799890875012,36.9446805849823,-95.337538482582));
#13296=CARTESIAN_POINT('Origin',(-23.8140063527243,36.9260540317031,-95.9632705581758));
#13297=CARTESIAN_POINT('',(-23.7765027000299,36.8564568226882,-95.6261487029111));
#13298=CARTESIAN_POINT('',(-23.8152042605595,36.9036018570429,-95.8935214791317));
#13299=CARTESIAN_POINT('',(-23.8140063527243,36.9260540317031,-95.9632705581758));
#13300=CARTESIAN_POINT('Origin',(-23.8140063527243,36.9260540317031,-95.9632705581758));
#13301=CARTESIAN_POINT('',(-23.7945308317595,36.8801295880776,-95.7604036268841));
#13302=CARTESIAN_POINT('',(-23.8202420867862,36.9138910735841,-95.9518745258404));
#13303=CARTESIAN_POINT('',(-23.8200096161328,36.9176521559665,-95.9616989617772));
#13304=CARTESIAN_POINT('Origin',(-23.768991238832,36.8425174675207,-95.5586278735306));
#13305=CARTESIAN_POINT('',(-23.8215074815651,36.9156845515174,-95.9620458446376));
#13306=CARTESIAN_POINT('',(-23.7933912804732,36.8786276705077,-95.7518858290751));
#13307=CARTESIAN_POINT('',(-23.8230089218556,36.913712251115,-95.9623935553806));
#13308=CARTESIAN_POINT('',(-23.8230089218556,36.913712251115,-95.9623935553806));
#13309=CARTESIAN_POINT('',(-23.8200096161328,36.9176521559665,-95.9616989617772));
#13310=CARTESIAN_POINT('Origin',(-23.8230089218556,36.913712251115,-95.9623935553806));
#13311=CARTESIAN_POINT('',(-23.9519936802268,36.9127281988932,-95.9452795357478));
#13312=CARTESIAN_POINT('',(-18.0056747759065,37.0474506115091,-96.7093283051107));
#13313=CARTESIAN_POINT('',(-24.5959961523809,36.9078149667291,-95.859831680582));
#13314=CARTESIAN_POINT('Origin',(-23.8230089218556,36.913712251115,-95.9623935553806));
#13315=CARTESIAN_POINT('',(-24.1636643336316,36.9078766880425,-95.9177652504625));
#13316=CARTESIAN_POINT('',(-18.0068476735969,37.0489914923466,-96.7180670745912));
#13317=CARTESIAN_POINT('',(-24.5959961523809,36.8959953126729,-95.8619158044946));
#13318=CARTESIAN_POINT('',(-23.8230089218556,36.913712251115,-95.9623935553806));
#13319=CARTESIAN_POINT('',(-24.5959961523809,36.9078149667291,-95.859831680582));
#13320=CARTESIAN_POINT('',(-24.5959961523809,36.9078149667291,-95.859831680582));
#13321=CARTESIAN_POINT('',(-24.1636643336316,36.9111133183494,-95.9171945452128));
#13322=CARTESIAN_POINT('',(-24.5959961523809,36.9078149667291,-95.859831680582));
#13323=CARTESIAN_POINT('',(-24.1636643336316,36.9078766880425,-95.9177652504625));
#13324=CARTESIAN_POINT('Origin',(-19.0894793545604,37.0502942887467,-96.7254556001296));
#13325=CARTESIAN_POINT('',(-23.96761560519,37.3315714484701,-98.3206576423423));
#13326=CARTESIAN_POINT('',(-23.96761560519,37.3414188122189,-98.3189212864243));
#13327=CARTESIAN_POINT('',(-23.96761560519,37.3315714484701,-98.3206576423423));
#13328=CARTESIAN_POINT('Origin',(-19.0894793545604,37.0502942887467,-96.7254556001296));
#13329=CARTESIAN_POINT('',(-24.1636294313131,36.9132960840635,-95.9165904261233));
#13330=CARTESIAN_POINT('Origin',(-19.0894793545604,35.4612645120394,-97.0056444229124));
#13331=CARTESIAN_POINT('',(-24.1636294313131,36.9176865597825,-95.9158162667961));
#13332=CARTESIAN_POINT('',(-24.1636294313131,36.9078391960336,-95.9175526227137));
#13333=CARTESIAN_POINT('Origin',(-19.0894793545604,37.0601416524956,-96.723719244212));
#13334=CARTESIAN_POINT('Origin',(-23.96761560519,37.3315714484701,-98.3206576423423));
#13335=CARTESIAN_POINT('',(-23.96796857299,38.924395598644,-107.296428756154));
#13336=CARTESIAN_POINT('',(-23.96761560519,37.3414188122189,-98.3189212864243));
#13337=CARTESIAN_POINT('',(-23.96796857299,38.9145482348952,-107.298165112072));
#13338=CARTESIAN_POINT('',(-23.96796857299,38.9145482348952,-107.298165112072));
#13339=CARTESIAN_POINT('',(-23.96761560519,37.3315714484701,-98.3206576423423));
#13340=CARTESIAN_POINT('Origin',(-5.86304242969479,55.3010600691715,-95.0985968048079));
#13341=CARTESIAN_POINT('',(-7.16199341531624,36.9316958423544,-96.05285038727));
#13342=CARTESIAN_POINT('',(-7.16199341531624,54.9103429355187,-92.8827298281094));
#13343=CARTESIAN_POINT('',(-9.02642785560293,36.3708844734451,-92.8723310665398));
#13344=CARTESIAN_POINT('Origin',(-5.86292627091954,54.7801155365613,-92.1441735479861));
#13345=CARTESIAN_POINT('',(-4.56391720591061,36.9317133107447,-96.0529494554342));
#13346=CARTESIAN_POINT('Origin',(-5.86292627091954,36.801468443397,-95.3142941071468));
#13347=CARTESIAN_POINT('',(-4.56391720591061,54.9103604039089,-92.8828288962734));
#13348=CARTESIAN_POINT('Origin',(-29.2695779487011,57.9003895593504,-81.0462744699355));
#13349=CARTESIAN_POINT('Ctrl Pts',(-14.9267861351995,32.0276197129393,-85.6089031833881));
#13350=CARTESIAN_POINT('Ctrl Pts',(-14.9267861366013,38.331696330819,-84.4973250183443));
#13351=CARTESIAN_POINT('Ctrl Pts',(-14.9267861380027,44.6338237210229,-83.3860905545362));
#13352=CARTESIAN_POINT('Ctrl Pts',(-14.9267861394043,50.9368438100053,-82.2746986839372));
#13353=CARTESIAN_POINT('Ctrl Pts',(-14.9267861394043,50.9369122314208,-82.2746866194024));
#13354=CARTESIAN_POINT('Ctrl Pts',(-14.9267861380027,44.6338693288395,-83.3860825126522));
#13355=CARTESIAN_POINT('Ctrl Pts',(-14.9267861366013,38.3317191417805,-84.4973209961586));
#13356=CARTESIAN_POINT('Ctrl Pts',(-14.9267861351995,32.0276197129393,-85.6089031833881));
#13357=CARTESIAN_POINT('Ctrl Pts',(-16.1872521985929,50.936903756301,-82.2746385561716));
#13358=CARTESIAN_POINT('Ctrl Pts',(-16.1872521971913,44.6338608537197,-83.3860344494213));
#13359=CARTESIAN_POINT('Ctrl Pts',(-16.1872521957899,38.3317106666607,-84.4972729329278));
#13360=CARTESIAN_POINT('Ctrl Pts',(-16.1872521943881,32.0276112378195,-85.6088551201572));
#13361=CARTESIAN_POINT('Ctrl Pts',(-18.8917797060214,50.9859157762292,-82.5525996949673));
#13362=CARTESIAN_POINT('Ctrl Pts',(-18.8917797046198,44.6828728736479,-83.6639955882171));
#13363=CARTESIAN_POINT('Ctrl Pts',(-18.8917797032184,38.3807226865889,-84.7752340717235));
#13364=CARTESIAN_POINT('Ctrl Pts',(-18.8917797018166,32.0766232577477,-85.886816258953));
#13365=CARTESIAN_POINT('Ctrl Pts',(-23.255802917145,51.2462131732158,-84.0288204338755));
#13366=CARTESIAN_POINT('Ctrl Pts',(-23.2558029157434,44.9431702706345,-85.1402163271252));
#13367=CARTESIAN_POINT('Ctrl Pts',(-23.255802914342,38.6410200835754,-86.2514548106317));
#13368=CARTESIAN_POINT('Ctrl Pts',(-23.2558029129402,32.3369206547342,-87.3630369978611));
#13369=CARTESIAN_POINT('Ctrl Pts',(-27.4943309023579,51.7064685624316,-86.6390599425261));
#13370=CARTESIAN_POINT('Ctrl Pts',(-27.4943309009563,45.4034256598503,-87.7504558357759));
#13371=CARTESIAN_POINT('Ctrl Pts',(-27.4943308995549,39.1012754727913,-88.8616943192824));
#13372=CARTESIAN_POINT('Ctrl Pts',(-27.4943308981531,32.7971760439501,-89.9732765065118));
#13373=CARTESIAN_POINT('Ctrl Pts',(-32.3850515224825,52.5507028779483,-91.4269533922925));
#13374=CARTESIAN_POINT('Ctrl Pts',(-32.3850515210809,46.247659975367,-92.5383492855423));
#13375=CARTESIAN_POINT('Ctrl Pts',(-32.3850515196795,39.945509788308,-93.6495877690488));
#13376=CARTESIAN_POINT('Ctrl Pts',(-32.3850515182777,33.6414103594668,-94.7611699562782));
#13377=CARTESIAN_POINT('Ctrl Pts',(-35.2016160487163,53.5984831317076,-97.3692138738918));
#13378=CARTESIAN_POINT('Ctrl Pts',(-35.2016160473147,47.2954402291262,-98.4806097671415));
#13379=CARTESIAN_POINT('Ctrl Pts',(-35.2016160459133,40.9932900420673,-99.591848250648));
#13380=CARTESIAN_POINT('Ctrl Pts',(-35.2016160445115,34.689190613226,-100.703430437877));
#13381=CARTESIAN_POINT('Ctrl Pts',(-35.6085364807093,54.3016447243587,-101.357043695305));
#13382=CARTESIAN_POINT('Ctrl Pts',(-35.6085364793077,47.9986018217774,-102.468439588555));
#13383=CARTESIAN_POINT('Ctrl Pts',(-35.6085364779063,41.6964516347183,-103.579678072061));
#13384=CARTESIAN_POINT('Ctrl Pts',(-35.6085364765045,35.3923522058771,-104.691260259291));
#13385=CARTESIAN_POINT('Ctrl Pts',(-35.6113792617459,54.5205216815144,-102.598357307963));
#13386=CARTESIAN_POINT('Ctrl Pts',(-35.6113792603443,48.2174787789331,-103.709753201213));
#13387=CARTESIAN_POINT('Ctrl Pts',(-35.6113792589429,41.9153285918741,-104.820991684719));
#13388=CARTESIAN_POINT('Ctrl Pts',(-35.6113792575411,35.6112291630329,-105.932573871949));
#13389=CARTESIAN_POINT('',(-34.807026735962,53.605646997787,-97.4098451469111));
#13390=CARTESIAN_POINT('Ctrl Pts',(-34.8102752472527,53.6057913167865,-97.4106636210985));
#13391=CARTESIAN_POINT('Ctrl Pts',(-34.9391572952563,53.6789989464843,-97.8258449563586));
#13392=CARTESIAN_POINT('Ctrl Pts',(-35.0517223531588,53.7517420884323,-98.2383920491717));
#13393=CARTESIAN_POINT('Ctrl Pts',(-35.147755863527,53.823683869996,-98.6463943988048));
#13394=CARTESIAN_POINT('Ctrl Pts',(-35.4728963367111,54.0672570228424,-100.027767177028));
#13395=CARTESIAN_POINT('Ctrl Pts',(-35.6085364807089,54.3016442203924,-101.357043784163));
#13396=CARTESIAN_POINT('Ctrl Pts',(-35.6113792617459,54.5205211775479,-102.59835739682));
#13397=CARTESIAN_POINT('',(-19.7179845763117,51.0507175368898,-82.9201201449194));
#13398=CARTESIAN_POINT('Ctrl Pts',(-14.9267861394043,50.9369102535808,-82.2746869681488));
#13399=CARTESIAN_POINT('Ctrl Pts',(-16.1872521985929,50.9369017784609,-82.2746389049179));
#13400=CARTESIAN_POINT('Ctrl Pts',(-17.5395159523072,50.9614077884251,-82.4136194743158));
#13401=CARTESIAN_POINT('Ctrl Pts',(-18.9429850310182,51.0170436929049,-82.7291465488328));
#13402=CARTESIAN_POINT('Ctrl Pts',(-19.199929494025,51.0272294090117,-82.7869126485322));
#13403=CARTESIAN_POINT('Ctrl Pts',(-19.4585902362991,51.0384585242681,-82.8505961622209));
#13404=CARTESIAN_POINT('Ctrl Pts',(-19.718524697835,51.0507445167561,-82.9202735279441));
#13405=CARTESIAN_POINT('',(-24.5547711950727,51.4001912342159,-84.9020839709993));
#13406=CARTESIAN_POINT('Ctrl Pts',(-19.718524697835,51.0507445804594,-82.9202735167115));
#13407=CARTESIAN_POINT('Ctrl Pts',(-20.8783911340808,51.1055665161067,-83.2311843416584));
#13408=CARTESIAN_POINT('Ctrl Pts',(-22.0636183123646,51.1814317001709,-83.6614374265714));
#13409=CARTESIAN_POINT('Ctrl Pts',(-23.2348870461599,51.2795375911172,-84.2178238996797));
#13410=CARTESIAN_POINT('Ctrl Pts',(-23.677642329722,51.3166229331158,-84.4281454455071));
#13411=CARTESIAN_POINT('Ctrl Pts',(-24.1184030334299,51.356886341691,-84.6564907127629));
#13412=CARTESIAN_POINT('Ctrl Pts',(-24.5549850978572,51.4001951138189,-84.9021071047706));
#13413=CARTESIAN_POINT('',(-29.1495806996028,52.0041301885715,-88.3271919829954));
#13414=CARTESIAN_POINT('Ctrl Pts',(-24.5549850978572,51.4001953073058,-84.9021070706536));
#13415=CARTESIAN_POINT('Ctrl Pts',(-25.5321710523462,51.4971317764781,-85.4518614193052));
#13416=CARTESIAN_POINT('Ctrl Pts',(-26.4884227506653,51.6093249874895,-86.0881410996766));
#13417=CARTESIAN_POINT('Ctrl Pts',(-27.3992496490047,51.7352868996854,-86.8025070090353));
#13418=CARTESIAN_POINT('Ctrl Pts',(-28.0062874519006,51.8192365970071,-87.2786096723092));
#13419=CARTESIAN_POINT('Ctrl Pts',(-28.5931484309196,51.9093020870001,-87.7893967390407));
#13420=CARTESIAN_POINT('Ctrl Pts',(-29.152230697053,52.0043242066682,-88.3282942654611));
#13421=CARTESIAN_POINT('',(-33.2895414801519,52.9658561112681,-93.7814107238394));
#13422=CARTESIAN_POINT('Ctrl Pts',(-29.152230697053,52.0043245402289,-88.3282942066454));
#13423=CARTESIAN_POINT('Ctrl Pts',(-29.8068076641799,52.1155770242908,-88.9592387559621));
#13424=CARTESIAN_POINT('Ctrl Pts',(-30.4233059303235,52.2336239923184,-89.628716760497));
#13425=CARTESIAN_POINT('Ctrl Pts',(-30.9895250262938,52.3566050735002,-90.3261775270848));
#13426=CARTESIAN_POINT('Ctrl Pts',(-31.8800517630284,52.5500247968623,-91.4231159116963));
#13427=CARTESIAN_POINT('Ctrl Pts',(-32.6462092532102,52.755649414086,-92.5892717281188));
#13428=CARTESIAN_POINT('Ctrl Pts',(-33.2829151128834,52.9654991686618,-93.7793895026339));
#13429=CARTESIAN_POINT('Ctrl Pts',(-33.2829151128834,52.965499699146,-93.7793894090952));
#13430=CARTESIAN_POINT('Ctrl Pts',(-33.9257234228519,53.1773607399025,-94.9809137608456));
#13431=CARTESIAN_POINT('Ctrl Pts',(-34.4365867756449,53.3935282970374,-96.2068615943391));
#13432=CARTESIAN_POINT('Ctrl Pts',(-34.8102752472527,53.6057909641471,-97.4106636832783));
#13433=CARTESIAN_POINT('Origin',(-27.5392967611825,35.2296083427275,-103.768283086128));
#13434=CARTESIAN_POINT('',(-27.0171912519149,37.7388676356907,-100.642082286284));
#13435=CARTESIAN_POINT('',(-27.0362946736615,37.755660189363,-100.737317590631));
#13436=CARTESIAN_POINT('',(-27.0171912519149,34.7706599457774,-101.165457386362));
#13437=CARTESIAN_POINT('Origin',(-25.0809992018771,33.9387249773259,-96.4473197246796));
#13438=CARTESIAN_POINT('',(-26.984181447549,37.7248022982657,-100.562313793859));
#13439=CARTESIAN_POINT('',(-27.0171912519149,34.7706599457774,-101.165457386362));
#13440=CARTESIAN_POINT('',(-25.0809992018771,33.9387249773259,-96.4473197246796));
#13441=CARTESIAN_POINT('Origin',(-25.0529992075596,36.9064107894973,-95.9209849088515));
#13442=CARTESIAN_POINT('',(-25.0809992018771,36.9187523212955,-95.9218605006887));
#13443=CARTESIAN_POINT('',(-25.0809992018771,33.9387249773259,-96.4473197246796));
#13444=CARTESIAN_POINT('',(-25.0529992075596,36.9064107894973,-95.9209849088515));
#13445=CARTESIAN_POINT('',(-25.0809992018771,36.9187523212955,-95.9218605006887));
#13446=CARTESIAN_POINT('',(-25.0529992075596,33.9382030995839,-96.4443600089292));
#13447=CARTESIAN_POINT('Origin',(-24.7929896204582,33.8534645515891,-95.9637838222652));
#13448=CARTESIAN_POINT('',(-24.7929896204582,36.8216722415024,-95.4404087221871));
#13449=CARTESIAN_POINT('',(-24.7929896204582,33.8534645515891,-95.9637838222652));
#13450=CARTESIAN_POINT('',(-24.7929896204582,36.8216722415024,-95.4404087221871));
#13451=CARTESIAN_POINT('Origin',(-24.7929896204582,36.8216722415024,-95.4404087221871));
#13452=CARTESIAN_POINT('',(-23.0248862415218,36.3906902848868,-92.99618858705));
#13453=CARTESIAN_POINT('',(-24.7929896204582,36.8216722415024,-95.4404087221871));
#13454=CARTESIAN_POINT('',(-23.0248862415218,33.4224825949735,-93.519563687128));
#13455=CARTESIAN_POINT('Origin',(-21.1478182128693,33.1081924377359,-91.7371356323016));
#13456=CARTESIAN_POINT('',(-21.1478182128693,36.0764001276492,-91.2137605322237));
#13457=CARTESIAN_POINT('',(-21.1478182128693,33.1081924377359,-91.7371356323016));
#13458=CARTESIAN_POINT('',(-21.1478182128693,36.0764001276492,-91.2137605322237));
#13459=CARTESIAN_POINT('Origin',(-18.7727474638897,32.7994620506057,-89.9862386006063));
#13460=CARTESIAN_POINT('',(-18.7727474638897,35.767669740519,-89.4628635005284));
#13461=CARTESIAN_POINT('',(-18.7727474638897,35.767669740519,-89.4628635005284));
#13462=CARTESIAN_POINT('',(-18.7727474638897,32.7994620506057,-89.9862386006063));
#13463=CARTESIAN_POINT('Origin',(-18.7727474638897,35.767669740519,-89.4628635005284));
#13464=CARTESIAN_POINT('',(-15.9707044083425,35.5534055338994,-88.2477108009317));
#13465=CARTESIAN_POINT('',(-15.9707044083425,35.5534055338994,-88.2477108009317));
#13466=CARTESIAN_POINT('',(-15.9707044083425,32.585197843986,-88.7710859010099));
#13467=CARTESIAN_POINT('Origin',(-15.9707044083425,32.585197843986,-88.7710859010099));
#13468=CARTESIAN_POINT('',(-12.6366713665101,35.4164206087403,-87.4708306853155));
#13469=CARTESIAN_POINT('',(-12.6366713665101,35.4164206087403,-87.4708306853155));
#13470=CARTESIAN_POINT('',(-12.6366713665101,32.448212918827,-87.9942057853935));
#13471=CARTESIAN_POINT('Origin',(-12.6366713665101,32.448212918827,-87.9942057853935));
#13472=CARTESIAN_POINT('',(-8.7586475583797,35.3193771833271,-86.9204700710561));
#13473=CARTESIAN_POINT('',(-8.7586475583797,32.3511694934137,-87.4438451711341));
#13474=CARTESIAN_POINT('',(-8.7586475583797,35.3193771833271,-86.9204700710561));
#13475=CARTESIAN_POINT('Origin',(-8.7586475583797,32.3511694934137,-87.4438451711341));
#13476=CARTESIAN_POINT('',(-0.146137827227086,35.2669963738527,-86.6234037385869));
#13477=CARTESIAN_POINT('',(-0.146137827227086,40.2511089885076,-85.744570209734));
#13478=CARTESIAN_POINT('',(-0.145638339626579,35.2669933359966,-86.6233865100491));
#13479=CARTESIAN_POINT('Origin',(8.46634851864362,32.3512853071663,-87.4445019835634));
#13480=CARTESIAN_POINT('',(-0.146637313472162,35.2669933292799,-86.6233864719569));
#13481=CARTESIAN_POINT('Origin',(-16.9238654379533,36.2900772605413,-92.4140505891041));
#13482=CARTESIAN_POINT('',(-16.9208661322304,36.2881049904,-92.4143984714668));
#13483=CARTESIAN_POINT('',(-16.9208661322304,36.2881049904,-92.4143984714668));
#13484=CARTESIAN_POINT('',(-16.9208661322304,36.2881049904,-92.4143984714668));
#13485=CARTESIAN_POINT('Origin',(-21.0308686468497,36.2900496467495,-92.4138939835093));
#13486=CARTESIAN_POINT('',(-21.0348645422326,36.2880773295755,-92.4142415991356));
#13487=CARTESIAN_POINT('Origin',(-22.2938989381354,36.4322588062608,-93.2204022044281));
#13488=CARTESIAN_POINT('',(-22.2938988607757,36.4299395759777,-93.2187823780465));
#13489=CARTESIAN_POINT('Origin',(-24.5959961523809,36.8959953126729,-95.8619158044946));
#13490=CARTESIAN_POINT('',(-24.5959961523809,36.9078149667291,-95.859831680582));
#13491=CARTESIAN_POINT('',(-24.5959961523809,36.8959953126729,-95.8619158044946));
#13492=CARTESIAN_POINT('Origin',(-23.8230089218556,36.913712251115,-95.9623935553806));
#13493=CARTESIAN_POINT('',(-24.5959961523809,36.9078149667291,-95.859831680582));
#13494=CARTESIAN_POINT('Origin',(-23.8200096161328,36.9176521559665,-95.9616989617772));
#13495=CARTESIAN_POINT('',(-23.8200096161328,36.9255319253373,-95.9603095458354));
#13496=CARTESIAN_POINT('Origin',(-23.96761560519,37.3414188122189,-98.3189212864243));
#13497=CARTESIAN_POINT('',(-26.0645111193444,37.3414047135603,-98.3188413289583));
#13498=CARTESIAN_POINT('',(-26.0648640871446,38.9243814999855,-107.296348798688));
#13499=CARTESIAN_POINT('',(-26.0645111193444,37.3414047135603,-98.3188413289583));
#13500=CARTESIAN_POINT('',(-23.96796857299,38.9243955986441,-107.296428756154));
#13501=CARTESIAN_POINT('',(-24.5959961523809,36.9078149667291,-95.859831680582));
#13502=CARTESIAN_POINT('',(-25.0809992018771,36.9187523212955,-95.9218605006887));
#13503=CARTESIAN_POINT('Origin',(-28.3046067928865,42.2419195729788,-107.262665352274));
#13504=CARTESIAN_POINT('',(-28.5757042417834,45.756777800767,-125.514819002504));
#13505=CARTESIAN_POINT('',(-28.5749843569613,42.52826527827,-107.205014629258));
#13506=CARTESIAN_POINT('',(-28.5749741172276,42.4823425032728,-106.94457363031));
#13507=CARTESIAN_POINT('',(-27.8230423653139,41.7285150857203,-107.346061730063));
#13508=CARTESIAN_POINT('',(-28.1796060435184,42.1077489541143,-107.279178548086));
#13509=CARTESIAN_POINT('',(-27.7903516493427,41.6006997704666,-106.82437383781));
#13510=CARTESIAN_POINT('',(-27.8138833850824,41.6927049815088,-107.199900076818));
#13511=CARTESIAN_POINT('',(-28.7270767938393,42.5969815621459,-106.648665648416));
#13512=CARTESIAN_POINT('',(-28.1803259283405,45.3362614766113,-125.588982921332));
#13513=CARTESIAN_POINT('Origin',(-27.8234718302096,36.0386331956959,-108.356491026387));
#13514=CARTESIAN_POINT('',(-27.7903516493425,41.6354470985371,-106.818246946364));
#13515=CARTESIAN_POINT('',(-27.8234718302096,41.7297377396822,-107.352995745249));
#13516=CARTESIAN_POINT('',(-27.7903516493427,41.4422766505023,-106.852308108228));
#13517=CARTESIAN_POINT('Origin',(-28.0543744472721,41.9737900591904,-107.295661561081));
#13518=CARTESIAN_POINT('',(-28.5422936409904,42.4351972910871,-106.67719984556));
#13519=CARTESIAN_POINT('',(-28.5574610412872,42.4783777285444,-106.922088275474));
#13520=CARTESIAN_POINT('',(-28.584486745892,42.4800730183963,-106.669285385154));
#13521=CARTESIAN_POINT('Origin',(-26.0645111193444,37.3414047135603,-98.3188413289583));
#13522=CARTESIAN_POINT('',(-26.0645111193444,37.3295850595041,-98.3209254528711));
#13523=CARTESIAN_POINT('',(-26.0645111193444,37.3414047135603,-98.3188413289583));
#13524=CARTESIAN_POINT('',(-26.0648640871446,38.9125618459293,-107.298432922601));
#13525=CARTESIAN_POINT('',(-26.0645111193444,37.3295850595041,-98.3209254528711));
#13526=CARTESIAN_POINT('',(-26.0648640871446,38.9243814999855,-107.296348798688));
#13527=CARTESIAN_POINT('Origin',(-26.0645111193444,37.3295850595041,-98.3209254528711));
#13528=CARTESIAN_POINT('',(-26.0648640871446,38.9125618459293,-107.298432922601));
#13529=CARTESIAN_POINT('',(-25.5727551606109,37.1182588633717,-97.1224350387365));
#13530=CARTESIAN_POINT('',(-26.5374804201074,37.5344648879179,-99.4828566989603));
#13531=CARTESIAN_POINT('Origin',(-27.8689188961167,42.4352018185805,-106.677225522251));
#13532=CARTESIAN_POINT('',(-24.7581012034508,42.4352227344326,-106.677344141942));
#13533=CARTESIAN_POINT('',(-26.374129785722,42.4352118689245,-106.677282520584));
#13534=CARTESIAN_POINT('',(-28.5923738294585,45.7629954749287,-125.550081184937));
#13535=CARTESIAN_POINT('',(-24.6699255629381,44.2999415762385,-117.252690208174));
#13536=CARTESIAN_POINT('',(-28.9536609186442,45.7629930457837,-125.550067408572));
#13537=CARTESIAN_POINT('',(-28.308614723324,45.7629973828076,-125.550092005056));
#13538=CARTESIAN_POINT('',(-28.9525160566692,40.6285588911202,-96.4312443332038));
#13539=CARTESIAN_POINT('',(-28.9529188953043,42.4351945302126,-106.677184187862));
#13540=CARTESIAN_POINT('',(-24.7576983648159,40.6285870953401,-96.4314042872837));
#13541=CARTESIAN_POINT('',(-27.8685160574819,40.628566179488,-96.4312856675919));
#13542=CARTESIAN_POINT('',(-24.7581012034508,42.4352227344326,-106.677344141942));
#13543=CARTESIAN_POINT('Origin',(-24.7581012034508,42.4352227344326,-106.677344141942));
#13544=CARTESIAN_POINT('',(-24.7478632326005,42.4611442436047,-106.67277388302));
#13545=CARTESIAN_POINT('',(-23.9933237522368,44.3715620741527,-106.335945341224));
#13546=CARTESIAN_POINT('',(-24.747460393966,40.6545086045122,-96.4268340283614));
#13547=CARTESIAN_POINT('',(-24.7576983648159,40.6285870953401,-96.4314042872836));
#13548=CARTESIAN_POINT('',(-24.7478632326005,42.4611442436047,-106.67277388302));
#13549=CARTESIAN_POINT('Origin',(-24.7427947749165,46.4132720450179,-105.975907319699));
#13550=CARTESIAN_POINT('',(-24.7426568118962,45.7945406534758,-102.46690722762));
#13551=CARTESIAN_POINT('',(-24.7424516077351,44.8742487070217,-97.2476722429535));
#13552=CARTESIAN_POINT('Origin',(-24.7425200798654,45.308473240142,-99.8618603858981));
#13553=CARTESIAN_POINT('',(-24.7423919362817,44.6066364059254,-95.7299674650403));
#13554=CARTESIAN_POINT('',(-24.7427947749165,46.4132720450179,-105.975907319699));
#13555=CARTESIAN_POINT('',(-24.7479504491253,48.8282850214547,-94.9855766925083));
#13556=CARTESIAN_POINT('',(-24.7423919362817,44.6066364059254,-95.7299674650403));
#13557=CARTESIAN_POINT('',(-24.7483532877601,50.6349206605471,-105.231516547167));
#13558=CARTESIAN_POINT('',(-24.7483532877601,50.6349206605471,-105.231516547167));
#13559=CARTESIAN_POINT('',(-24.7427947749165,46.4132720450179,-105.975907319699));
#13560=CARTESIAN_POINT('',(-24.743141804473,46.6768383777722,-105.929433450384));
#13561=CARTESIAN_POINT('',(-24.7427947749165,46.4132720450179,-105.975907319699));
#13562=CARTESIAN_POINT('Origin',(-24.7483532877601,50.6349206605471,-105.231516547167));
#13563=CARTESIAN_POINT('',(-28.6974505912145,50.6348941084495,-105.231365962738));
#13564=CARTESIAN_POINT('',(-26.3741297857218,50.6349097294981,-105.231454554107));
#13565=CARTESIAN_POINT('',(-28.9525160566692,48.8282567516938,-94.9854163667271));
#13566=CARTESIAN_POINT('',(-27.8685160574819,48.8282640400617,-94.9854577011153));
#13567=CARTESIAN_POINT('',(-28.9529287869329,50.6792539962431,-105.482943387903));
#13568=CARTESIAN_POINT('',(-28.9529188953043,50.6348923907862,-105.231356221386));
#13569=CARTESIAN_POINT('',(-28.2101573979131,50.5502830859054,-104.751513008845));
#13570=CARTESIAN_POINT('Origin',(-21.4282424045021,49.8365871540529,-119.33920787701));
#13571=CARTESIAN_POINT('',(-21.485490741899,52.4383251500054,-92.1890106539808));
#13572=CARTESIAN_POINT('',(-21.4432186567447,55.808748818617,-111.303633130187));
#13573=CARTESIAN_POINT('',(-21.485490741899,52.4386420321151,-92.1889547791153));
#13574=CARTESIAN_POINT('',(-21.4416498496337,55.9341493013767,-112.01296160562));
#13575=CARTESIAN_POINT('',(-21.485490741899,48.8553620066831,-92.8207837270325));
#13576=CARTESIAN_POINT('Origin',(18.8491622096484,54.864488589458,-105.946614256956));
#13577=CARTESIAN_POINT('',(-18.8369006802864,63.1055775592476,-152.684152305177));
#13578=CARTESIAN_POINT('',(9.40629624586489,63.1057674548274,-152.685229256527));
#13579=CARTESIAN_POINT('',(-18.8350630401647,54.8641978797724,-105.944965560402));
#13580=CARTESIAN_POINT('',(-18.83506304849,54.8642352163067,-105.94517730641));
#13581=CARTESIAN_POINT('',(-18.8216560633092,55.9331584468535,-112.007342190377));
#13582=CARTESIAN_POINT('',(-18.6654974299006,52.4375755398421,-92.1829064008769));
#13583=CARTESIAN_POINT('',(-18.6216565376356,55.9330828091036,-112.006913227381));
#13584=CARTESIAN_POINT('',(-19.8139947060813,52.4380098896207,-92.1853697208795));
#13585=CARTESIAN_POINT('Origin',(-17.5899504062304,52.632352104576,-106.33876747077));
#13586=CARTESIAN_POINT('',(-18.6654974299006,50.2056840564888,-92.5764490874054));
#13587=CARTESIAN_POINT('',(-18.6216530639161,53.7014682911864,-112.402026662952));
#13588=CARTESIAN_POINT('',(-19.0944418587438,50.2058462788306,-92.577369096023));
#13589=CARTESIAN_POINT('Origin',(-18.83506304849,52.6323437329533,-106.338719992938));
#13590=CARTESIAN_POINT('',(-18.8350630401647,50.1649721126649,-106.773565851583));
#13591=CARTESIAN_POINT('',(-18.8369006802864,65.5908723060279,-152.245927786306));
#13592=CARTESIAN_POINT('Origin',(-0.0347320861221689,70.3081849541698,-151.41487753306));
#13593=CARTESIAN_POINT('Origin',(-27.8241557344626,45.2539362408945,-124.66706734688));
#13594=CARTESIAN_POINT('',(-28.5923475286683,45.9813481698026,-124.821837883349));
#13595=CARTESIAN_POINT('Origin',(-27.0171912519149,34.7706599457774,-101.165457386362));
#13596=CARTESIAN_POINT('Origin',(-25.0809992018771,36.9187523212955,-95.9218605006887));
#13597=CARTESIAN_POINT('Origin',(-24.5959961523809,36.9078149667291,-95.859831680582));
#13598=CARTESIAN_POINT('Origin',(-26.3054539968821,44.7284256191579,-95.708431286027));
#13599=CARTESIAN_POINT('',(-28.9525160566692,48.8282567516938,-94.9854163667271));
#13600=CARTESIAN_POINT('',(-24.747460393966,40.6545086045122,-96.4268340283614));
#13601=CARTESIAN_POINT('Origin',(-0.147851516763673,58.8935696311194,-127.399144640874));
#13602=CARTESIAN_POINT('Ctrl Pts',(-14.926786139404,50.9369102535796,-82.2746869681424));
#13603=CARTESIAN_POINT('Ctrl Pts',(-16.6242610708816,50.93689884046,-82.2746222411243));
#13604=CARTESIAN_POINT('Ctrl Pts',(-18.2217307223101,50.9800497695416,-82.5193433207248));
#13605=CARTESIAN_POINT('Ctrl Pts',(-19.7179845769526,51.0507175369201,-82.9201201450912));
#13606=CARTESIAN_POINT('Origin',(-0.147851516763673,58.8935696311194,-127.399144640874));
#13607=CARTESIAN_POINT('Ctrl Pts',(-19.7179845769526,51.0507175369201,-82.9201201450912));
#13608=CARTESIAN_POINT('Ctrl Pts',(-21.4625719809553,51.1331140476826,-83.3874139785783));
#13609=CARTESIAN_POINT('Ctrl Pts',(-23.0710776402691,51.253211455286,-84.0685202229028));
#13610=CARTESIAN_POINT('Ctrl Pts',(-24.5547711950727,51.4001912342159,-84.9020839709993));
#13611=CARTESIAN_POINT('Origin',(-0.147851516763673,58.8935696311194,-127.399144640874));
#13612=CARTESIAN_POINT('Ctrl Pts',(-24.5547711950727,51.4001912342159,-84.9020839709993));
#13613=CARTESIAN_POINT('Ctrl Pts',(-26.2511222124275,51.5682375917075,-85.8551222230943));
#13614=CARTESIAN_POINT('Ctrl Pts',(-27.7836533249482,51.7715951780332,-87.0084204053047));
#13615=CARTESIAN_POINT('Ctrl Pts',(-29.1495806996028,52.0041301885715,-88.3271919829954));
#13616=CARTESIAN_POINT('Origin',(-0.147851516763673,58.8935696311194,-127.399144640874));
#13617=CARTESIAN_POINT('Ctrl Pts',(-29.1495806996028,52.0041301885715,-88.3271919829954));
#13618=CARTESIAN_POINT('Ctrl Pts',(-30.7882314560087,52.2830935346322,-89.9092717358491));
#13619=CARTESIAN_POINT('Ctrl Pts',(-32.1898279814707,52.6039690742037,-91.7290473497807));
#13620=CARTESIAN_POINT('Ctrl Pts',(-33.2895414801519,52.9658561112681,-93.7814107238394));
#13621=CARTESIAN_POINT('Origin',(-0.147851516763673,58.8935696311194,-127.399144640874));
#13622=CARTESIAN_POINT('Ctrl Pts',(-34.807026735962,53.605646997787,-97.4098451469111));
#13623=CARTESIAN_POINT('Ctrl Pts',(-35.300071289995,53.8893013630049,-99.0185289914269));
#13624=CARTESIAN_POINT('Ctrl Pts',(-35.6071321192193,54.1935234794403,-100.743858349493));
#13625=CARTESIAN_POINT('Ctrl Pts',(-35.6113792617458,54.5205216815133,-102.598357307957));
#13626=CARTESIAN_POINT('Origin',(-35.6113792617458,61.4840973030626,-101.370491043674));
#13627=CARTESIAN_POINT('',(-35.7244321715382,63.3933193272145,-151.933743532551));
#13628=CARTESIAN_POINT('',(-35.6113792617458,54.6889238072784,-102.568663469576));
#13629=CARTESIAN_POINT('',(-35.6046585181031,54.1714668841254,-99.6340194288631));
#13630=CARTESIAN_POINT('',(-35.7244321715382,70.1884928229987,-150.735571106649));
#13631=CARTESIAN_POINT('',(-35.6113792617458,61.4840973030626,-101.370491043674));
#13632=CARTESIAN_POINT('Origin',(-35.7244321715382,70.1884928229988,-150.735571106649));
#13633=CARTESIAN_POINT('',(-35.5580667777108,65.7335884570409,-153.183398537842));
#13634=CARTESIAN_POINT('Origin',(-23.1044723266192,84.9572565456056,-274.22890863859));
#13635=CARTESIAN_POINT('Ctrl Pts',(-35.5580667777107,65.7335884570438,-153.183398537844));
#13636=CARTESIAN_POINT('Ctrl Pts',(-35.5894723618839,65.4871525907734,-152.913050143953));
#13637=CARTESIAN_POINT('Ctrl Pts',(-35.6131179662109,65.2636418288423,-152.716196434994));
#13638=CARTESIAN_POINT('Ctrl Pts',(-35.6337150833949,64.9688404553425,-152.562373385304));
#13639=CARTESIAN_POINT('Ctrl Pts',(-35.6385852344008,64.8827484939602,-152.528891623472));
#13640=CARTESIAN_POINT('Ctrl Pts',(-35.6447550764935,64.7147346053645,-152.496868514847));
#13641=CARTESIAN_POINT('Ctrl Pts',(-35.6463444073143,64.6358396685441,-152.4948993746));
#13642=CARTESIAN_POINT('Ctrl Pts',(-35.6463444073143,64.5572512201753,-152.50875663842));
#13643=CARTESIAN_POINT('Origin',(-30.8782089650515,45.3126430470963,-99.885508536269));
#13644=CARTESIAN_POINT('',(-30.8779290339519,47.2410252248395,-99.6759976868378));
#13645=CARTESIAN_POINT('',(-30.8779290339519,47.6457964280877,-99.6046256026351));
#13646=CARTESIAN_POINT('',(-30.8779290339519,45.3349624193527,-100.012087986372));
#13647=CARTESIAN_POINT('',(-30.8779290339519,43.0241284105985,-100.419550369999));
#13648=CARTESIAN_POINT('Origin',(-30.8782089650515,45.3126430470963,-99.885508536269));
#13649=CARTESIAN_POINT('',(-30.8779290339519,43.428899613866,-100.348178285905));
#13650=CARTESIAN_POINT('',(-30.8779290339519,45.3349624193527,-100.012087986372));
#13651=CARTESIAN_POINT('Origin',(-30.8782617804698,45.3084319859515,-99.8616264217571));
#13652=CARTESIAN_POINT('Ctrl Pts',(-14.926786139404,63.8093323932022,-80.0049316378579));
#13653=CARTESIAN_POINT('Ctrl Pts',(-14.926786139404,50.9369102535796,-82.2746869681423));
#13654=CARTESIAN_POINT('Ctrl Pts',(-16.6242610708816,63.8093209800826,-80.0048669108399));
#13655=CARTESIAN_POINT('Ctrl Pts',(-16.6242610708816,50.93689884046,-82.2746222411243));
#13656=CARTESIAN_POINT('Ctrl Pts',(-18.2217307223101,63.8524719091642,-80.2495879904404));
#13657=CARTESIAN_POINT('Ctrl Pts',(-18.2217307223101,50.9800497695416,-82.5193433207249));
#13658=CARTESIAN_POINT('Ctrl Pts',(-21.4625719809553,64.0055361873051,-81.1176586482937));
#13659=CARTESIAN_POINT('Ctrl Pts',(-21.4625719809553,51.1331140476826,-83.3874139785782));
#13660=CARTESIAN_POINT('Ctrl Pts',(-23.0710776402691,64.1256335949085,-81.7987648926182));
#13661=CARTESIAN_POINT('Ctrl Pts',(-23.0710776402691,51.2532114552859,-84.0685202229027));
#13662=CARTESIAN_POINT('Ctrl Pts',(-26.2511222124275,64.44065973133,-83.5853668928099));
#13663=CARTESIAN_POINT('Ctrl Pts',(-26.2511222124275,51.5682375917074,-85.8551222230944));
#13664=CARTESIAN_POINT('Ctrl Pts',(-27.7836533249482,64.6440173176557,-84.73866507502));
#13665=CARTESIAN_POINT('Ctrl Pts',(-27.7836533249482,51.7715951780331,-87.0084204053045));
#13666=CARTESIAN_POINT('Ctrl Pts',(-30.7882314560087,65.1555156742548,-87.6395164055645));
#13667=CARTESIAN_POINT('Ctrl Pts',(-30.7882314560087,52.2830935346322,-89.909271735849));
#13668=CARTESIAN_POINT('Ctrl Pts',(-32.1898279814707,65.4763912138262,-89.4592920194963));
#13669=CARTESIAN_POINT('Ctrl Pts',(-32.1898279814707,52.6039690742037,-91.7290473497808));
#13670=CARTESIAN_POINT('Ctrl Pts',(-33.8982821150623,66.0385989207493,-92.6477303666182));
#13671=CARTESIAN_POINT('Ctrl Pts',(-33.8982821150623,53.1661767811267,-94.9174856969026));
#13672=CARTESIAN_POINT('Ctrl Pts',(-34.4129263477081,66.2513385213873,-93.8542365960289));
#13673=CARTESIAN_POINT('Ctrl Pts',(-34.4129263477081,53.3789163817647,-96.1239919263133));
#13674=CARTESIAN_POINT('Ctrl Pts',(-35.300071289995,66.7617235026275,-96.7487736611424));
#13675=CARTESIAN_POINT('Ctrl Pts',(-35.300071289995,53.8893013630049,-99.0185289914268));
#13676=CARTESIAN_POINT('Ctrl Pts',(-35.607132119219,67.0659456190629,-98.4741030192083));
#13677=CARTESIAN_POINT('Ctrl Pts',(-35.607132119219,54.1935234794403,-100.743858349493));
#13678=CARTESIAN_POINT('Ctrl Pts',(-35.6113792617458,67.3929438211359,-100.328601977672));
#13679=CARTESIAN_POINT('Ctrl Pts',(-35.6113792617458,54.5205216815133,-102.598357307957));
#13680=CARTESIAN_POINT('',(-29.1495806996028,58.5925789691476,-87.1654707019641));
#13681=CARTESIAN_POINT('Ctrl Pts',(-29.1495212219583,58.592238394119,-87.1654716528822));
#13682=CARTESIAN_POINT('Ctrl Pts',(-29.1490859548293,58.5922744588976,-87.16503191544));
#13683=CARTESIAN_POINT('Ctrl Pts',(-29.148650668781,58.5923105058083,-87.1645921983276));
#13684=CARTESIAN_POINT('Ctrl Pts',(-28.2277066472187,58.6685346057904,-86.2343567301307));
#13685=CARTESIAN_POINT('Ctrl Pts',(-27.1810881876499,58.659906359251,-85.3537082888986));
#13686=CARTESIAN_POINT('Ctrl Pts',(-26.065858645052,58.5277692033361,-84.6043212388699));
#13687=CARTESIAN_POINT('',(-33.2895414801519,57.5022932292993,-92.9815144636431));
#13688=CARTESIAN_POINT('Ctrl Pts',(-33.2897190827845,57.5032829335126,-92.9816820021455));
#13689=CARTESIAN_POINT('Ctrl Pts',(-32.2651255637417,58.0367363240642,-90.9165414141523));
#13690=CARTESIAN_POINT('Ctrl Pts',(-30.8520515898008,58.4511724217066,-88.8854874763707));
#13691=CARTESIAN_POINT('Ctrl Pts',(-29.1495212219584,58.592238394119,-87.1654716528824));
#13692=CARTESIAN_POINT('',(-34.807026735962,56.4102602979198,-96.9153161516439));
#13693=CARTESIAN_POINT('Ctrl Pts',(-34.8070236820269,56.410260455077,-96.9153170574532));
#13694=CARTESIAN_POINT('Ctrl Pts',(-34.806519776117,56.410797871602,-96.9135248976035));
#13695=CARTESIAN_POINT('Ctrl Pts',(-34.8060156628689,56.4113352336339,-96.9117328672291));
#13696=CARTESIAN_POINT('Ctrl Pts',(-34.4291863330417,56.8128125022917,-95.5728208757899));
#13697=CARTESIAN_POINT('Ctrl Pts',(-33.9156095551625,57.1819048034115,-94.2430859363746));
#13698=CARTESIAN_POINT('Ctrl Pts',(-33.2916074943014,57.5077219505468,-92.9845509557029));
#13699=CARTESIAN_POINT('Ctrl Pts',(-33.2912423418439,57.5079125707661,-92.9838145922496));
#13700=CARTESIAN_POINT('Ctrl Pts',(-33.2908771399989,57.5081031758669,-92.9830782330833));
#13701=CARTESIAN_POINT('Ctrl Pts',(-35.6113792617458,54.6889238051588,-102.56866346995));
#13702=CARTESIAN_POINT('Ctrl Pts',(-35.6113651100629,54.6909779084896,-102.561929875232));
#13703=CARTESIAN_POINT('Ctrl Pts',(-35.6113430413182,54.6930313096205,-102.555202485506));
#13704=CARTESIAN_POINT('Ctrl Pts',(-35.607227190939,55.2805507768324,-100.626839940706));
#13705=CARTESIAN_POINT('Ctrl Pts',(-35.3104689574797,55.8712302320129,-98.705678356965));
#13706=CARTESIAN_POINT('Ctrl Pts',(-34.8065271652023,56.4074929882337,-96.9141259007844));
#13707=CARTESIAN_POINT('Origin',(-24.7478632326005,42.4611442436047,-106.67277388302));
#13708=CARTESIAN_POINT('',(-24.7424848459619,44.8483045666861,-97.252114154234));
#13709=CARTESIAN_POINT('Origin',(-24.7425874531041,45.308473239689,-99.8618603833292));
#13710=CARTESIAN_POINT('Origin',(-24.7425874531041,45.308473239689,-99.8618603833292));
#13711=CARTESIAN_POINT('',(-24.7449912103642,44.700602405061,-106.277897099906));
#13712=CARTESIAN_POINT('Origin',(-18.4352384752663,45.3079372444891,-99.8588206034958));
#13713=CARTESIAN_POINT('Origin',(-30.8779240572156,45.3126429393471,-99.8855079251929));
#13714=CARTESIAN_POINT('Ctrl Pts',(-20.4378205189532,44.8483335094695,-97.2522782969148));
#13715=CARTESIAN_POINT('Ctrl Pts',(-20.4378205189532,47.4580740549499,-96.7921106260864));
#13716=CARTESIAN_POINT('Ctrl Pts',(-20.4379231260953,47.9182427279528,-99.4018568551816));
#13717=CARTESIAN_POINT('Ctrl Pts',(-20.4380257332374,48.3784114009558,-102.011603084277));
#13718=CARTESIAN_POINT('Ctrl Pts',(-20.4380257332374,45.7686708554753,-102.471770755105));
#13719=CARTESIAN_POINT('Ctrl Pts',(-20.4380257332374,43.1589303099949,-102.931938425933));
#13720=CARTESIAN_POINT('Ctrl Pts',(-20.4379231260953,42.698761636992,-100.322192196838));
#13721=CARTESIAN_POINT('Ctrl Pts',(-20.4378205189532,42.238592963989,-97.7124459677431));
#13722=CARTESIAN_POINT('Ctrl Pts',(-20.4378205189532,44.8483335094695,-97.2522782969148));
#13723=CARTESIAN_POINT('Ctrl Pts',(-24.7460270149507,44.8483045428701,-97.2521140191663));
#13724=CARTESIAN_POINT('Ctrl Pts',(-24.7460270149507,47.4580450883505,-96.7919463483379));
#13725=CARTESIAN_POINT('Ctrl Pts',(-24.7461296220929,47.9182137613534,-99.4016925774331));
#13726=CARTESIAN_POINT('Ctrl Pts',(-24.746232229235,48.3783824343564,-102.011438806528));
#13727=CARTESIAN_POINT('Ctrl Pts',(-24.746232229235,45.7686418888759,-102.471606477357));
#13728=CARTESIAN_POINT('Ctrl Pts',(-24.746232229235,43.1589013433955,-102.931774148185));
#13729=CARTESIAN_POINT('Ctrl Pts',(-24.7461296220929,42.6987326703926,-100.32202791909));
#13730=CARTESIAN_POINT('Ctrl Pts',(-24.7460270149507,42.2385639973896,-97.7122816899946));
#13731=CARTESIAN_POINT('Ctrl Pts',(-24.7460270149507,44.8483045428701,-97.2521140191663));
#13732=CARTESIAN_POINT('',(-20.4378205189531,44.8483335094694,-97.2522782969148));
#13733=CARTESIAN_POINT('Origin',(-20.4379231260953,45.3085021824724,-99.8620245260099));
#13734=CARTESIAN_POINT('Ctrl Pts',(-20.4378205189532,44.8483335094695,-97.2522782969148));
#13735=CARTESIAN_POINT('Ctrl Pts',(-24.7424848459619,44.8483045666861,-97.252114154234));
#13736=CARTESIAN_POINT('Ctrl Pts',(-30.8736616323836,47.2410252535317,-99.6759978495598));
#13737=CARTESIAN_POINT('Ctrl Pts',(-30.8737308905365,47.4125795949635,-101.462052751879));
#13738=CARTESIAN_POINT('Ctrl Pts',(-30.8737308905365,45.6455688212551,-101.773624426491));
#13739=CARTESIAN_POINT('Ctrl Pts',(-30.8737308905365,43.8785580475401,-102.085196101104));
#13740=CARTESIAN_POINT('Ctrl Pts',(-30.8736616323836,43.4288996425582,-100.348178448627));
#13741=CARTESIAN_POINT('Ctrl Pts',(-30.8779290339519,47.2410252248395,-99.675997686838));
#13742=CARTESIAN_POINT('Ctrl Pts',(-30.8779982921047,47.4125795662713,-101.462052589158));
#13743=CARTESIAN_POINT('Ctrl Pts',(-30.8779982921047,45.6455687925629,-101.773624263769));
#13744=CARTESIAN_POINT('Ctrl Pts',(-30.8779982921047,43.8785580188479,-102.085195938382));
#13745=CARTESIAN_POINT('Ctrl Pts',(-30.8779290339519,43.428899613866,-100.348178285905));
#13746=CARTESIAN_POINT('Origin',(-30.8779231182692,45.3084319882285,-99.8616264346708));
#13747=CARTESIAN_POINT('Ctrl Pts',(-28.9525757230616,44.8482762597756,-97.2519536177669));
#13748=CARTESIAN_POINT('Ctrl Pts',(-28.9525757230616,47.458016805256,-96.7917859469386));
#13749=CARTESIAN_POINT('Ctrl Pts',(-28.9526783302037,47.918185478259,-99.4015321760338));
#13750=CARTESIAN_POINT('Ctrl Pts',(-28.9527809373459,48.3783541512619,-102.011278405129));
#13751=CARTESIAN_POINT('Ctrl Pts',(-28.9527809373459,45.7686136057815,-102.471446075957));
#13752=CARTESIAN_POINT('Ctrl Pts',(-28.9527809373459,43.1588730603011,-102.931613746786));
#13753=CARTESIAN_POINT('Ctrl Pts',(-28.9526783302037,42.6987043872981,-100.32186751769));
#13754=CARTESIAN_POINT('Ctrl Pts',(-28.9525757230616,42.2385357142952,-97.7121212885952));
#13755=CARTESIAN_POINT('Ctrl Pts',(-28.9525757230616,44.8482762597756,-97.2519536177669));
#13756=CARTESIAN_POINT('Ctrl Pts',(-30.8778205111271,44.8482633152256,-97.2518802055757));
#13757=CARTESIAN_POINT('Ctrl Pts',(-30.8778205111271,47.458003860706,-96.7917125347474));
#13758=CARTESIAN_POINT('Ctrl Pts',(-30.8779231182692,47.9181725337089,-99.4014587638425));
#13759=CARTESIAN_POINT('Ctrl Pts',(-30.8780257254113,48.3783412067119,-102.011204992938));
#13760=CARTESIAN_POINT('Ctrl Pts',(-30.8780257254113,45.7686006612315,-102.471372663766));
#13761=CARTESIAN_POINT('Ctrl Pts',(-30.8780257254113,43.158860115751,-102.931540334594));
#13762=CARTESIAN_POINT('Ctrl Pts',(-30.8779231182692,42.6986914427481,-100.321794105499));
#13763=CARTESIAN_POINT('Ctrl Pts',(-30.8778205111271,42.2385227697452,-97.712047876404));
#13764=CARTESIAN_POINT('Ctrl Pts',(-30.8778205111271,44.8482633152256,-97.2518802055757));
#13765=CARTESIAN_POINT('',(-28.9525757230615,44.8482762597756,-97.2519536177668));
#13766=CARTESIAN_POINT('Origin',(-28.9526783302037,45.3084449327785,-99.8616998468621));
#13767=CARTESIAN_POINT('',(-30.8778205111273,44.8482633152256,-97.2518802055757));
#13768=CARTESIAN_POINT('',(-19.9378205193279,44.8483368712627,-97.2522973625919));
#13769=CARTESIAN_POINT('Origin',(-30.8779231182692,45.3084319882285,-99.8616264346708));
#13770=CARTESIAN_POINT('Origin',(-30.8779231182692,45.3084319882285,-99.8616264346708));
#13771=CARTESIAN_POINT('Origin',(-21.8525738583984,59.6583614443208,-133.135871226912));
#13772=CARTESIAN_POINT('',(-20.39516150417,57.8090555224147,-122.647936173094));
#13773=CARTESIAN_POINT('',(-21.395122783828,57.6354006212913,-121.663090289466));
#13774=CARTESIAN_POINT('Origin',(-21.3951615034202,57.8090487988281,-122.64789804174));
#13775=CARTESIAN_POINT('',(-20.3957093780625,60.2661398619651,-136.582753917254));
#13776=CARTESIAN_POINT('',(-20.3954610907627,59.1526302666593,-130.267727193426));
#13777=CARTESIAN_POINT('',(-20.8957287374836,60.3529605889402,-137.075138727713));
#13778=CARTESIAN_POINT('Origin',(-20.8957093776874,60.2661365001718,-136.582734851576));
#13779=CARTESIAN_POINT('',(-21.8527287367661,60.3529541544678,-137.075102236007));
#13780=CARTESIAN_POINT('',(-21.8521227834856,57.6353975486123,-121.663072863437));
#13781=CARTESIAN_POINT('Origin',(-18.8082486181773,49.8355962995297,-119.333588461768));
#13782=CARTESIAN_POINT('Origin',(-18.6082490925037,49.8355206617799,-119.333159498772));
#13783=CARTESIAN_POINT('',(-18.6654974299006,48.8542955144102,-92.8147353487942));
#13784=CARTESIAN_POINT('Origin',(-23.2739497360015,36.6344905353289,-94.3788485150003));
#13785=CARTESIAN_POINT('',(-16.9208661322304,36.2881049904,-92.4143984714668));
#13786=CARTESIAN_POINT('Origin',(16.1261340127515,36.2883271847668,-92.4156585983395));
#13787=CARTESIAN_POINT('',(12.5502475572742,36.2902754322919,-92.4151744769509));
#13788=CARTESIAN_POINT('Origin',(-18.1986929237715,64.6372254316231,-161.533648475302));
#13789=CARTESIAN_POINT('',(8.98967075695449,67.7602312792909,-160.984047245734));
#13790=CARTESIAN_POINT('Origin',(-0.147851516763673,61.7495121148548,-126.89556492564));
#13791=CARTESIAN_POINT('',(8.98941815023758,68.8931124326965,-167.408935534831));
#13792=CARTESIAN_POINT('Origin',(-0.147851516763673,58.8935696311194,-127.399144640874));
#13793=CARTESIAN_POINT('Origin',(-0.147851516763673,58.8935696311194,-127.399144640874));
#13794=CARTESIAN_POINT('Origin',(-0.147851516763673,58.8935696311194,-127.399144640874));
#13795=CARTESIAN_POINT('Origin',(5.37287462384793,70.8593219403631,-171.816327057485));
#13796=CARTESIAN_POINT('',(5.48698893808048,63.7096177257544,-173.077017301227));
#13797=CARTESIAN_POINT('',(-5.67212830518972,63.7095426964634,-173.076591788973));
#13798=CARTESIAN_POINT('',(5.37287462384793,63.7096169584969,-173.077012949893));
#13799=CARTESIAN_POINT('',(-5.67212830518972,70.8592476783296,-171.815905896564));
#13800=CARTESIAN_POINT('',(5.48698893808048,70.8593227076205,-171.816331408818));
#13801=CARTESIAN_POINT('Origin',(-21.7151001717722,63.5823247998748,-172.355103244919));
#13802=CARTESIAN_POINT('',(-5.67212830518972,63.7095426964634,-173.076591788973));
#13803=CARTESIAN_POINT('Origin',(-32.6768158876826,62.329205336124,-165.248309612341));
#13804=CARTESIAN_POINT('',(-18.1988190723635,62.3293026801892,-165.248861677968));
#13805=CARTESIAN_POINT('',(-25.4369125902773,61.7151369247273,-163.458765966564));
#13806=CARTESIAN_POINT('Origin',(-31.0006787171253,60.5968895081955,-161.74699411964));
#13807=CARTESIAN_POINT('',(-31.0006788912769,60.6025942190248,-161.750555376994));
#13808=CARTESIAN_POINT('',(-31.0006785278381,60.5900204540759,-161.743241239236));
#13809=CARTESIAN_POINT('',(-31.0006788719369,60.6025074840308,-161.750063478399));
#13810=CARTESIAN_POINT('',(-31.0010019415222,60.5900203947751,-161.743241211401));
#13811=CARTESIAN_POINT('',(-31.0006788719369,60.6025074840308,-161.750063478399));
#13812=CARTESIAN_POINT('Origin',(-18.1988190723635,62.3293026801892,-165.248861677968));
#13813=CARTESIAN_POINT('',(17.9000568037506,62.8966800586156,-168.4666186891));
#13814=CARTESIAN_POINT('',(5.48698893808048,63.7096177257544,-173.077017301227));
#13815=CARTESIAN_POINT('',(18.0142951919211,62.3295461621984,-165.25024253306));
#13816=CARTESIAN_POINT('Origin',(-18.198945530487,68.8633880039688,-167.413107791315));
#13817=CARTESIAN_POINT('Origin',(-30.999151541256,48.9024622939241,-150.14444345654));
#13818=CARTESIAN_POINT('',(-30.6991894479279,48.5002949170803,-151.20946998778));
#13819=CARTESIAN_POINT('',(-30.6992809098654,47.5299272164316,-153.779173852476));
#13820=CARTESIAN_POINT('',(-29.111186099814,48.5003055941584,-151.209530540498));
#13821=CARTESIAN_POINT('',(-29.2555692672915,48.4442690329298,-151.357917106911));
#13822=CARTESIAN_POINT('',(-29.111186099814,48.5003055941584,-151.209530540498));
#13823=CARTESIAN_POINT('Origin',(-30.9995234816171,51.8665325612159,-159.375984899548));
#13824=CARTESIAN_POINT('',(-30.6994156865196,45.5520547265506,-157.662462386123));
#13825=CARTESIAN_POINT('',(-30.9994156862948,45.5520527094747,-157.662450946717));
#13826=CARTESIAN_POINT('',(-30.6996785280637,60.5900224778755,-161.743252716773));
#13827=CARTESIAN_POINT('',(-31.0006785278381,60.5900204540759,-161.743241239236));
#13828=CARTESIAN_POINT('',(-30.6995234818419,51.8665345782919,-159.375996338954));
#13829=CARTESIAN_POINT('Origin',(-18.198746937841,61.7172457033236,-163.465046082186));
#13830=CARTESIAN_POINT('',(-5.73567664020434,60.6026773554609,-161.751026867152));
#13831=CARTESIAN_POINT('',(-24.5998802716912,60.6008757133198,-161.750974719543));
#13832=CARTESIAN_POINT('Origin',(-31.0006788719369,60.6025074840308,-161.750063478399));
#13833=CARTESIAN_POINT('Origin',(-31.0006785278381,60.5900204540759,-161.743241239236));
#13834=CARTESIAN_POINT('',(-30.6996788721625,60.6025095078304,-161.750074955937));
#13835=CARTESIAN_POINT('Origin',(-29.111186099814,48.5003055941584,-151.209530540498));
#13836=CARTESIAN_POINT('',(-29.111186099814,48.5003055941584,-151.209530540498));
#13837=CARTESIAN_POINT('Origin',(-30.9991894477031,43.7426872613083,-152.048352786046));
#13838=CARTESIAN_POINT('',(-30.6991894479279,43.7426892783843,-152.048364225453));
#13839=CARTESIAN_POINT('Origin',(-35.4664166442499,45.552022675207,-157.66228061392));
#13840=CARTESIAN_POINT('',(-30.6993770443242,44.5840145793151,-156.819757109006));
#13841=CARTESIAN_POINT('Origin',(-0.0337395867169121,58.8935703983609,-127.399148992117));
#13842=CARTESIAN_POINT('Origin',(-0.0337395867169121,58.8935703983609,-127.399148992117));
#13843=CARTESIAN_POINT('Origin',(-0.0337395867169121,58.8935703983609,-127.399148992117));
#13844=CARTESIAN_POINT('Origin',(21.5300174899511,63.5826155621677,-172.356752239825));
#13845=CARTESIAN_POINT('Origin',(32.4922920072401,62.3296435062635,-165.250794598687));
#13846=CARTESIAN_POINT('',(25.2525334644727,61.7154777396067,-163.460698823793));
#13847=CARTESIAN_POINT('Origin',(30.8164451562623,60.5973051409802,-161.749351290296));
#13848=CARTESIAN_POINT('',(30.8164449821105,60.6030098518095,-161.752912547649));
#13849=CARTESIAN_POINT('',(30.8164453455495,60.5904360868606,-161.745598409891));
#13850=CARTESIAN_POINT('',(30.8164450014507,60.6029231168156,-161.752420649055));
#13851=CARTESIAN_POINT('',(30.8164450014507,60.6029231168156,-161.752420649055));
#13852=CARTESIAN_POINT('',(30.8167687592353,60.5904360319088,-161.745598406721));
#13853=CARTESIAN_POINT('Origin',(30.8159600793254,48.9028779131794,-150.146800550466));
#13854=CARTESIAN_POINT('',(30.5159221731031,48.5007065021836,-151.211804202893));
#13855=CARTESIAN_POINT('',(30.5158307111656,47.5303388015349,-153.781508067589));
#13856=CARTESIAN_POINT('',(28.9279188249892,48.5006958251055,-151.211743650174));
#13857=CARTESIAN_POINT('',(28.9279188249892,48.5006958251055,-151.211743650174));
#13858=CARTESIAN_POINT('',(29.0722914292055,48.4446612053514,-151.360141227236));
#13859=CARTESIAN_POINT('Origin',(30.8155881389643,51.8669481804711,-159.378341993473));
#13860=CARTESIAN_POINT('',(30.5156959345114,45.5524663116539,-157.664796601236));
#13861=CARTESIAN_POINT('',(30.8156959342866,45.5524683287299,-157.664808040642));
#13862=CARTESIAN_POINT('',(30.5154453457751,60.5904340630611,-161.745586932353));
#13863=CARTESIAN_POINT('',(30.5157350019612,43.6228318286619,-157.141159772963));
#13864=CARTESIAN_POINT('',(30.8164453455495,60.5904360868606,-161.745598409891));
#13865=CARTESIAN_POINT('Origin',(18.0143673264436,61.7174891853328,-163.466426937278));
#13866=CARTESIAN_POINT('',(24.4156463728461,60.6012052734571,-161.752843747959));
#13867=CARTESIAN_POINT('',(5.55144276971784,60.6027532453855,-161.751457260302));
#13868=CARTESIAN_POINT('Origin',(30.8164450014507,60.6029231168156,-161.752420649055));
#13869=CARTESIAN_POINT('Origin',(30.8164453455495,60.5904360868606,-161.745598409891));
#13870=CARTESIAN_POINT('',(30.515445001676,60.602921093016,-161.752409171517));
#13871=CARTESIAN_POINT('Origin',(28.9279188249892,48.5006958251055,-151.211743650174));
#13872=CARTESIAN_POINT('',(28.9279188249892,48.5006958251055,-151.211743650174));
#13873=CARTESIAN_POINT('Origin',(30.8159221728783,43.7431028805635,-152.050709879972));
#13874=CARTESIAN_POINT('',(30.5159221731031,43.7431008634875,-152.050698440565));
#13875=CARTESIAN_POINT('Origin',(35.282696892242,45.5524983629976,-157.664978373439));
#13876=CARTESIAN_POINT('',(30.5157345767068,44.5844261644184,-156.822091324119));
#13877=CARTESIAN_POINT('Origin',(-0.0916480977346978,58.5000901460357,-149.826663614193));
#13878=CARTESIAN_POINT('',(3.40835189964164,65.3937679496742,-148.611259830265));
#13879=CARTESIAN_POINT('Origin',(-0.0916480977346978,65.3937444171212,-148.611126370525));
#13880=CARTESIAN_POINT('',(3.4083518996417,58.5001136785887,-149.826797073934));
#13881=CARTESIAN_POINT('Origin',(-0.0916480977346978,65.3937444171212,-148.611126370525));
#13882=CARTESIAN_POINT('',(-2.97859303947835,66.2619658954824,-153.535055056157));
#13883=CARTESIAN_POINT('',(-5.86515078530315,65.393705598476,-148.610906219048));
#13884=CARTESIAN_POINT('',(-5.86515078530315,65.393705598476,-148.610906219048));
#13885=CARTESIAN_POINT('',(2.7949096480901,66.2620047141276,-153.535275207633));
#13886=CARTESIAN_POINT('',(-2.97859303947835,66.2619658954824,-153.535055056157));
#13887=CARTESIAN_POINT('',(5.68185458983375,65.3937832357664,-148.611346522002));
#13888=CARTESIAN_POINT('',(2.7949096480901,66.2620047141276,-153.535275207633));
#13889=CARTESIAN_POINT('',(2.79529684400924,64.52552293876,-143.687197684893));
#13890=CARTESIAN_POINT('',(5.68185458983375,65.3937832357664,-148.611346522002));
#13891=CARTESIAN_POINT('',(-2.97820584355922,64.5254841201148,-143.686977533417));
#13892=CARTESIAN_POINT('',(2.79529684400924,64.52552293876,-143.687197684893));
#13893=CARTESIAN_POINT('',(-2.97820584355922,64.5254841201148,-143.686977533417));
#13894=CARTESIAN_POINT('Origin',(-2.97859303947835,59.368311624397,-154.750592299825));
#13895=CARTESIAN_POINT('',(-2.97859303947835,59.368311624397,-154.750592299825));
#13896=CARTESIAN_POINT('',(-5.86515078530315,58.5000513273905,-149.826443462717));
#13897=CARTESIAN_POINT('Origin',(-5.86515078530315,58.5000513273905,-149.826443462717));
#13898=CARTESIAN_POINT('',(-2.97820584355922,57.6318298490293,-144.902514777085));
#13899=CARTESIAN_POINT('Origin',(-2.97820584355922,57.6318298490293,-144.902514777085));
#13900=CARTESIAN_POINT('',(2.79529684400924,57.6318686676745,-144.902734928562));
#13901=CARTESIAN_POINT('Origin',(2.79529684400924,57.6318686676745,-144.902734928562));
#13902=CARTESIAN_POINT('',(5.68185458983375,58.500128964681,-149.82688376567));
#13903=CARTESIAN_POINT('Origin',(5.68185458983375,58.500128964681,-149.82688376567));
#13904=CARTESIAN_POINT('',(2.7949096480901,59.3683504430422,-154.750812451302));
#13905=CARTESIAN_POINT('Origin',(2.7949096480901,59.3683504430422,-154.750812451302));
#13906=CARTESIAN_POINT('Origin',(-11.0648446482609,50.0226053683034,-101.748458318154));
#13907=CARTESIAN_POINT('',(-10.0648446490104,50.02261209189,-101.748496449509));
#13908=CARTESIAN_POINT('Origin',(-11.0645348915256,42.7723379565064,-94.9034631912087));
#13909=CARTESIAN_POINT('',(-10.0645348922751,42.772344680093,-94.9035013225631));
#13910=CARTESIAN_POINT('Origin',(-10.0644961726832,48.4597784940591,-92.8852266790427));
#13911=CARTESIAN_POINT('Origin',(10.8853289922552,50.0227529521964,-101.749295308003));
#13912=CARTESIAN_POINT('',(9.88532899300505,50.0227462286098,-101.749257176649));
#13913=CARTESIAN_POINT('Origin',(9.88567746933224,48.459912630779,-92.8859874061832));
#13914=CARTESIAN_POINT('',(9.8856387497403,42.7724788168129,-94.9042620497036));
#13915=CARTESIAN_POINT('Origin',(10.8856387489908,42.7724855403994,-94.9043001810578));
#13916=CARTESIAN_POINT('Origin',(-17.5899504062304,50.8862879584854,-106.646645689773));
#13917=CARTESIAN_POINT('',(-8.74009254802875,51.1416273080375,-108.094747100721));
#13918=CARTESIAN_POINT('Origin',(-12.608329238137,51.1416012996132,-108.094599599617));
#13919=CARTESIAN_POINT('',(-13.1467895632048,51.2380034827035,-108.641323547948));
#13920=CARTESIAN_POINT('',(-15.5181259322947,51.237987538818,-108.641233125681));
#13921=CARTESIAN_POINT('',(-15.368409193666,51.2379885454515,-108.641238834583));
#13922=CARTESIAN_POINT('',(-15.5180842360312,51.0509896960168,-107.580715659494));
#13923=CARTESIAN_POINT('',(-15.5180867233466,51.0621447139609,-107.643978909959));
#13924=CARTESIAN_POINT('',(-13.1467478669413,51.0510056399022,-107.580806081762));
#13925=CARTESIAN_POINT('',(-16.5540356819472,51.0509827307075,-107.580676157263));
#13926=CARTESIAN_POINT('',(-13.1466539065145,50.6296154319175,-105.190983456253));
#13927=CARTESIAN_POINT('',(-13.1467295061248,50.9686617364457,-107.113810599133));
#13928=CARTESIAN_POINT('',(-12.0697762489789,50.6296226723977,-105.191024519057));
#13929=CARTESIAN_POINT('',(-15.3682735369754,50.6296004946655,-105.190898742888));
#13930=CARTESIAN_POINT('',(-12.0698702094058,51.0510128803824,-107.580847144565));
#13931=CARTESIAN_POINT('',(-12.0698048683758,50.7579738729335,-105.918940349182));
#13932=CARTESIAN_POINT('',(-9.62130772694909,51.0510293435042,-107.580940511569));
#13933=CARTESIAN_POINT('',(-14.8299286686347,51.0509943228903,-107.580741899798));
#13934=CARTESIAN_POINT('',(-9.6213494232126,51.2380271863055,-108.641457977756));
#13935=CARTESIAN_POINT('',(-9.6212893661323,50.9686854400478,-107.11394502894));
#13936=CARTESIAN_POINT('',(-12.0699119056693,51.2380107231837,-108.641364610752));
#13937=CARTESIAN_POINT('',(-13.6056891236698,51.2380003972525,-108.641306049487));
#13938=CARTESIAN_POINT('',(-12.0700045697592,51.653587167309,-110.998215742981));
#13939=CARTESIAN_POINT('',(-12.0698726967209,51.0621678983265,-107.64411039503));
#13940=CARTESIAN_POINT('',(-13.1468822272948,51.6535799268288,-110.998174680177));
#13941=CARTESIAN_POINT('',(-14.8300630289879,51.6535686098169,-110.998110498214));
#13942=CARTESIAN_POINT('',(-13.1467966863014,51.269948879909,-108.822494898341));
#13943=CARTESIAN_POINT('Origin',(-0.0900750460747091,58.6866183108176,-108.540278041412));
#13944=CARTESIAN_POINT('',(2.79686989567036,57.8183968324564,-103.616349355781));
#13945=CARTESIAN_POINT('',(5.68342764149403,58.686657129463,-108.54049819289));
#13946=CARTESIAN_POINT('',(5.68342764149403,58.686657129463,-108.54049819289));
#13947=CARTESIAN_POINT('',(-2.97663279190065,57.8183580138112,-103.616129204304));
#13948=CARTESIAN_POINT('',(2.79686989567036,57.8183968324564,-103.616349355781));
#13949=CARTESIAN_POINT('',(-5.86357773364316,58.6865794921725,-108.540057889936));
#13950=CARTESIAN_POINT('',(-2.97663279190065,57.8183580138112,-103.616129204304));
#13951=CARTESIAN_POINT('',(-2.97701998781751,59.5548397891789,-113.464206727044));
#13952=CARTESIAN_POINT('',(-5.86357773364316,58.6865794921725,-108.540057889936));
#13953=CARTESIAN_POINT('',(2.79648269974896,59.5548786078241,-113.464426878521));
#13954=CARTESIAN_POINT('',(-2.97701998781751,59.5548397891788,-113.464206727044));
#13955=CARTESIAN_POINT('',(2.79648269974896,59.5548786078241,-113.464426878521));
#13956=CARTESIAN_POINT('',(3.40992495130191,58.6866418433705,-108.540411501152));
#13957=CARTESIAN_POINT('Origin',(-0.0900750460747091,58.6866183108175,-108.540278041412));
#13958=CARTESIAN_POINT('Origin',(2.79686989567036,50.5771054245576,-104.893184406166));
#13959=CARTESIAN_POINT('',(2.79686989567036,50.5771054245576,-104.893184406166));
#13960=CARTESIAN_POINT('',(5.68342764149403,51.4453657215642,-109.817333243275));
#13961=CARTESIAN_POINT('Origin',(5.68342764149403,51.4453657215642,-109.817333243275));
#13962=CARTESIAN_POINT('',(2.79648269974896,52.3135871999253,-114.741261928906));
#13963=CARTESIAN_POINT('Origin',(2.79648269974896,52.3135871999253,-114.741261928906));
#13964=CARTESIAN_POINT('',(-2.97701998781751,52.3135483812801,-114.741041777429));
#13965=CARTESIAN_POINT('Origin',(-2.97701998781751,52.3135483812801,-114.741041777429));
#13966=CARTESIAN_POINT('',(-5.86357773364316,51.4452880842738,-109.816892940321));
#13967=CARTESIAN_POINT('Origin',(-5.86357773364316,51.4452880842738,-109.816892940321));
#13968=CARTESIAN_POINT('',(-2.97663279190065,50.5770666059124,-104.892964254689));
#13969=CARTESIAN_POINT('Origin',(-2.97663279190065,50.5770666059124,-104.892964254689));
#13970=CARTESIAN_POINT('Origin',(-0.0900750460747091,51.4453269029188,-109.817113091797));
#13971=CARTESIAN_POINT('',(3.40992495130169,51.4453504354718,-109.817246551537));
#13972=CARTESIAN_POINT('Origin',(2.79740519961646,54.4328774094552,-90.1748882706512));
#13973=CARTESIAN_POINT('',(-2.976097487952,36.4541914976459,-93.3447886783364));
#13974=CARTESIAN_POINT('',(9.56955701169161,36.4542758494405,-93.3452670611352));
#13975=CARTESIAN_POINT('',(-2.976097487952,54.4328385908102,-90.1746681191756));
#13976=CARTESIAN_POINT('Origin',(-2.976097487952,54.4328385908102,-90.1746681191756));
#13977=CARTESIAN_POINT('',(-5.36379943028098,37.1722703498889,-97.4172162181138));
#13978=CARTESIAN_POINT('Origin',(-17.5899504062304,50.8862879584854,-106.646645689773));
#13979=CARTESIAN_POINT('',(16.4076853753968,51.1417963912997,-108.095706019552));
#13980=CARTESIAN_POINT('Origin',(12.5394486852889,51.1417703828754,-108.095558518448));
#13981=CARTESIAN_POINT('',(15.5264701964768,51.0511984267665,-107.5818994304));
#13982=CARTESIAN_POINT('',(15.5264285002132,51.2381962695677,-108.642416896587));
#13983=CARTESIAN_POINT('',(15.5264885572936,50.96885452331,-107.114903947771));
#13984=CARTESIAN_POINT('',(9.62965199113082,51.2381566220803,-108.642192044512));
#13985=CARTESIAN_POINT('',(-1.03180016195697,51.2380849388836,-108.641785508902));
#13986=CARTESIAN_POINT('',(9.62969368739433,51.051158779279,-107.581674578325));
#13987=CARTESIAN_POINT('',(9.62969120007923,51.0623137972229,-107.644937828788));
#13988=CARTESIAN_POINT('',(-3.98014672023439,51.0510672723386,-107.581155616678));
#13989=CARTESIAN_POINT('Origin',(-12.5697161814535,52.1264093122436,-107.920952894318));
#13990=CARTESIAN_POINT('',(-15.5181259322947,52.2227952918303,-108.467584948014));
#13991=CARTESIAN_POINT('',(-15.5180842360312,52.035797449029,-107.407067481827));
#13992=CARTESIAN_POINT('',(-15.5181259322947,52.2227952918303,-108.467584948014));
#13993=CARTESIAN_POINT('',(-13.1467895632048,52.2228112357157,-108.467675370281));
#13994=CARTESIAN_POINT('',(-9.6213494232126,52.2228349393177,-108.467809800089));
#13995=CARTESIAN_POINT('',(-13.1468822272948,52.638387679841,-110.824526502511));
#13996=CARTESIAN_POINT('',(-13.1468822272948,52.638387679841,-110.824526502511));
#13997=CARTESIAN_POINT('',(-12.0700045697592,52.6383949203212,-110.824567565314));
#13998=CARTESIAN_POINT('',(-12.0700045697592,52.6383949203212,-110.824567565314));
#13999=CARTESIAN_POINT('',(-12.0699119056693,52.2228184761958,-108.467716433085));
#14000=CARTESIAN_POINT('',(-12.0697762489789,51.6144304254099,-105.01737634139));
#14001=CARTESIAN_POINT('',(-9.6213494232126,52.2228349393177,-108.467809800089));
#14002=CARTESIAN_POINT('',(-9.6213494232126,52.2228349393177,-108.467809800089));
#14003=CARTESIAN_POINT('',(-9.62130772694909,52.0358370965164,-107.407292333902));
#14004=CARTESIAN_POINT('',(-9.62130772694909,52.0358370965164,-107.407292333902));
#14005=CARTESIAN_POINT('',(-12.0698702094058,52.0358206333946,-107.407198966899));
#14006=CARTESIAN_POINT('',(-15.5180842360312,52.035797449029,-107.407067481827));
#14007=CARTESIAN_POINT('',(-12.0697762489789,51.6144304254099,-105.01737634139));
#14008=CARTESIAN_POINT('',(-12.0697762489789,51.6144304254099,-105.01737634139));
#14009=CARTESIAN_POINT('',(-13.1466539065145,51.6144231849297,-105.017335278586));
#14010=CARTESIAN_POINT('',(-13.1466539065145,51.6144231849297,-105.017335278586));
#14011=CARTESIAN_POINT('',(-13.1467478669413,52.0358133929144,-107.407157904095));
#14012=CARTESIAN_POINT('',(-13.1468822272948,52.638387679841,-110.824526502511));
#14013=CARTESIAN_POINT('',(-15.5180842360312,52.035797449029,-107.407067481827));
#14014=CARTESIAN_POINT('Origin',(-15.5181259322947,51.237987538818,-108.641233125681));
#14015=CARTESIAN_POINT('',(-15.5181259322947,51.237987538818,-108.641233125681));
#14016=CARTESIAN_POINT('',(-15.5180842360312,51.0509896960168,-107.580715659494));
#14017=CARTESIAN_POINT('Origin',(-15.5180842360312,51.0509896960168,-107.580715659494));
#14018=CARTESIAN_POINT('',(-13.1467478669413,51.0510056399022,-107.580806081762));
#14019=CARTESIAN_POINT('Origin',(-13.1467478669416,51.0510056399022,-107.580806081762));
#14020=CARTESIAN_POINT('',(-13.1466539065145,50.6296154319175,-105.190983456253));
#14021=CARTESIAN_POINT('Origin',(-13.1466539065145,50.6296154319175,-105.190983456253));
#14022=CARTESIAN_POINT('',(-12.0697762489789,50.6296226723977,-105.191024519057));
#14023=CARTESIAN_POINT('Origin',(-12.0697762489789,50.6296226723977,-105.191024519057));
#14024=CARTESIAN_POINT('',(-12.0698702094058,51.0510128803824,-107.580847144565));
#14025=CARTESIAN_POINT('Origin',(-12.0698702094058,51.0510128803824,-107.580847144565));
#14026=CARTESIAN_POINT('',(-9.62130772694909,51.0510293435042,-107.580940511569));
#14027=CARTESIAN_POINT('Origin',(-9.62130772694909,51.0510293435042,-107.580940511569));
#14028=CARTESIAN_POINT('',(-9.6213494232126,51.2380271863055,-108.641457977756));
#14029=CARTESIAN_POINT('Origin',(-9.6213494232126,51.2380271863055,-108.641457977756));
#14030=CARTESIAN_POINT('',(-12.0699119056693,51.2380107231837,-108.641364610752));
#14031=CARTESIAN_POINT('Origin',(-12.0699119056693,51.2380107231837,-108.641364610752));
#14032=CARTESIAN_POINT('',(-12.0700045697592,51.653587167309,-110.998215742981));
#14033=CARTESIAN_POINT('Origin',(-12.0700045697592,51.653587167309,-110.998215742981));
#14034=CARTESIAN_POINT('',(-13.1468822272948,51.6535799268288,-110.998174680177));
#14035=CARTESIAN_POINT('Origin',(-13.1468822272948,51.6535799268288,-110.998174680177));
#14036=CARTESIAN_POINT('',(-13.1467895632048,51.2380034827035,-108.641323547948));
#14037=CARTESIAN_POINT('Origin',(-13.1467895632048,51.2380034827035,-108.641323547948));
#14038=CARTESIAN_POINT('Origin',(12.5394486852889,52.1265781358876,-107.921910340781));
#14039=CARTESIAN_POINT('',(16.907685375022,52.1266075061052,-107.922076907562));
#14040=CARTESIAN_POINT('Origin',(12.5394486852889,52.1265781358876,-107.921910340781));
#14041=CARTESIAN_POINT('',(16.4076853753968,52.126604144312,-107.922057841885));
#14042=CARTESIAN_POINT('Origin',(12.5394486852889,52.1265781358876,-107.921910340781));
#14043=CARTESIAN_POINT('Origin',(12.5394486852889,51.1417703828754,-108.095558518448));
#14044=CARTESIAN_POINT('',(16.9076853750222,51.141799753093,-108.095725085229));
#14045=CARTESIAN_POINT('Origin',(12.5394486852889,51.1417703828754,-108.095558518448));
#14046=CARTESIAN_POINT('',(16.407685375397,51.1417963912998,-108.095706019552));
#14047=CARTESIAN_POINT('Origin',(-12.608329238137,52.1264090526254,-107.92095142195));
#14048=CARTESIAN_POINT('',(-8.24009254840352,52.126438422843,-107.921117988731));
#14049=CARTESIAN_POINT('Origin',(-12.608329238137,52.1264090526254,-107.92095142195));
#14050=CARTESIAN_POINT('',(-8.74009254802875,52.1264350610497,-107.921098923054));
#14051=CARTESIAN_POINT('Origin',(-12.608329238137,52.1264090526254,-107.92095142195));
#14052=CARTESIAN_POINT('Origin',(-12.608329238137,51.1416012996132,-108.094599599617));
#14053=CARTESIAN_POINT('',(-8.24009254840364,51.1416306698308,-108.094766166398));
#14054=CARTESIAN_POINT('Origin',(-12.608329238137,51.1416012996132,-108.094599599617));
#14055=CARTESIAN_POINT('',(-8.74009254802881,51.1416273080375,-108.094747100721));
#14056=CARTESIAN_POINT('Origin',(12.5780610938036,52.1294852774356,-107.938397559789));
#14057=CARTESIAN_POINT('',(15.5264285002132,52.22300402258,-108.46876871892));
#14058=CARTESIAN_POINT('',(9.62965199113082,52.2229643750925,-108.468543866845));
#14059=CARTESIAN_POINT('',(15.5264285002132,52.22300402258,-108.46876871892));
#14060=CARTESIAN_POINT('',(15.5264701964768,52.0360061797787,-107.408251252733));
#14061=CARTESIAN_POINT('',(15.5264701964768,52.0360061797787,-107.408251252733));
#14062=CARTESIAN_POINT('',(9.62969368739433,52.0359665322913,-107.408026400659));
#14063=CARTESIAN_POINT('',(9.62969368739433,52.0359665322913,-107.408026400659));
#14064=CARTESIAN_POINT('',(9.62965199113082,52.2229643750925,-108.468543866845));
#14065=CARTESIAN_POINT('Origin',(15.5264285002132,51.2381962695677,-108.642416896587));
#14066=CARTESIAN_POINT('',(15.5264285002132,51.2381962695677,-108.642416896587));
#14067=CARTESIAN_POINT('',(9.62965199113082,51.2381566220803,-108.642192044512));
#14068=CARTESIAN_POINT('Origin',(9.62965199113082,51.2381566220803,-108.642192044512));
#14069=CARTESIAN_POINT('',(9.62969368739433,51.051158779279,-107.581674578325));
#14070=CARTESIAN_POINT('Origin',(9.62969368739433,51.051158779279,-107.581674578325));
#14071=CARTESIAN_POINT('',(15.5264701964768,51.0511984267665,-107.5818994304));
#14072=CARTESIAN_POINT('Origin',(15.5264701964768,51.0511984267665,-107.5818994304));
#14073=CARTESIAN_POINT('Origin',(20.5083741326095,38.9148472754363,-107.299861055256));
#14074=CARTESIAN_POINT('',(20.5088049366037,52.6825963679818,-93.5743415715458));
#14075=CARTESIAN_POINT('',(20.5088049366034,36.9827936376416,-96.3426403847053));
#14076=CARTESIAN_POINT('',(20.5088049366037,36.9827936376417,-96.3426403847053));
#14077=CARTESIAN_POINT('',(20.5084128522014,54.4410018282396,-103.546754489822));
#14078=CARTESIAN_POINT('',(20.5083741326095,54.6146500057764,-104.531562242096));
#14079=CARTESIAN_POINT('',(20.5084128522014,38.7411990978994,-106.315053302982));
#14080=CARTESIAN_POINT('',(20.5084128522014,42.7540432037406,-105.607480617745));
#14081=CARTESIAN_POINT('',(20.5085506165096,38.1233588822237,-102.811107320391));
#14082=CARTESIAN_POINT('Origin',(20.5003741326157,54.6146499519877,-104.531561937046));
#14083=CARTESIAN_POINT('',(20.7486913201367,52.5842187946168,-93.0164146282634));
#14084=CARTESIAN_POINT('Origin',(21.2978049360123,52.6826016728916,-93.5743716571845));
#14085=CARTESIAN_POINT('',(20.9237178289649,52.4384628879921,-92.1897918049205));
#14086=CARTESIAN_POINT('Origin',(20.216738165424,52.4889104996576,-92.4758944278022));
#14087=CARTESIAN_POINT('',(20.459157223303,52.4382809489234,-92.188759977188));
#14088=CARTESIAN_POINT('Origin',(21.5084128514519,54.4410085518262,-103.546792621177));
#14089=CARTESIAN_POINT('Origin',(21.5084128514519,42.7540499273271,-105.607518749099));
#14090=CARTESIAN_POINT('',(21.5083741318599,38.9148539990228,-107.29989918661));
#14091=CARTESIAN_POINT('Origin',(21.5084128514519,38.7412058214861,-106.315091434336));
#14092=CARTESIAN_POINT('',(21.5083741318599,54.6146567293629,-104.531600373451));
#14093=CARTESIAN_POINT('Origin',(21.5084128514519,54.4410085518262,-103.546792621177));
#14094=CARTESIAN_POINT('',(21.5083741318599,42.9276981048639,-106.592326501373));
#14095=CARTESIAN_POINT('Origin',(21.6703800288746,56.3756082714417,-137.778126820687));
#14096=CARTESIAN_POINT('',(20.9633800294045,57.37001314647,-137.60275861442));
#14097=CARTESIAN_POINT('Origin',(21.77098598208,53.6580523379448,-122.366101261252));
#14098=CARTESIAN_POINT('',(21.46398598231,57.63568878822,-121.664724565329));
#14099=CARTESIAN_POINT('',(21.46398598231,54.6524599024078,-122.190748307527));
#14100=CARTESIAN_POINT('',(21.0259629941381,57.6356858431345,-121.66470786292));
#14101=CARTESIAN_POINT('Origin',(21.4639472627183,54.8261080799445,-123.175556059801));
#14102=CARTESIAN_POINT('Origin',(21.4639472627183,57.8093369657568,-122.649532317603));
#14103=CARTESIAN_POINT('',(20.4639472634679,54.826101356358,-123.175517928446));
#14104=CARTESIAN_POINT('Origin',(20.4637604456033,56.6583447552795,-127.751768110511));
#14105=CARTESIAN_POINT('',(20.4633993895754,57.2831856959084,-137.110335672606));
#14106=CARTESIAN_POINT('Origin',(20.9633993892006,57.2831890577017,-137.110354738283));
#14107=CARTESIAN_POINT('Origin',(-20.4381636911959,38.9145719678439,-107.298299708313));
#14108=CARTESIAN_POINT('',(-20.4377328657452,36.9824221017332,-96.340533299862));
#14109=CARTESIAN_POINT('',(-20.4377328657452,52.6822248320733,-93.5722344867028));
#14110=CARTESIAN_POINT('',(-20.4377328657452,36.9824221017332,-96.340533299862));
#14111=CARTESIAN_POINT('',(-20.4381249716042,38.7409237903072,-106.313491956039));
#14112=CARTESIAN_POINT('',(-20.437987207296,38.1230835746313,-102.809545973448));
#14113=CARTESIAN_POINT('',(-20.4381249716042,54.4407265206472,-103.545193142879));
#14114=CARTESIAN_POINT('',(-20.4381249716039,42.7537678961482,-105.605919270802));
#14115=CARTESIAN_POINT('',(-20.4381636911959,54.614374698184,-104.530000895153));
#14116=CARTESIAN_POINT('Origin',(-21.4381249708544,42.7537611725616,-105.605881139448));
#14117=CARTESIAN_POINT('',(-21.4381636904463,54.6143679745974,-104.529962763799));
#14118=CARTESIAN_POINT('Origin',(-21.4381249708544,54.4407197970607,-103.545155011525));
#14119=CARTESIAN_POINT('',(-21.4381636904463,38.9145652442573,-107.298261576958));
#14120=CARTESIAN_POINT('Origin',(-21.4381249708541,38.7409170667206,-106.313453824684));
#14121=CARTESIAN_POINT('',(-21.4381636904463,42.9274093500984,-106.590688891721));
#14122=CARTESIAN_POINT('Origin',(-21.9521227834108,53.6577583618373,-122.364434039898));
#14123=CARTESIAN_POINT('',(-21.395122783828,54.6521717354791,-122.189114031663));
#14124=CARTESIAN_POINT('',(-21.2070997954686,57.6354018854802,-121.663097459037));
#14125=CARTESIAN_POINT('Origin',(-21.8527287367661,56.3753156400516,-137.776467225604));
#14126=CARTESIAN_POINT('',(-20.8957287374836,57.369731703128,-137.601162469911));
#14127=CARTESIAN_POINT('Origin',(-20.8957093776874,57.2829076143596,-137.108758593774));
#14128=CARTESIAN_POINT('',(-20.3957093780625,57.2829109761529,-137.108777659451));
#14129=CARTESIAN_POINT('Origin',(-20.3953483220343,56.658070035524,-127.750210097356));
#14130=CARTESIAN_POINT('',(-20.3951615041698,54.8258266366025,-123.173959915292));
#14131=CARTESIAN_POINT('Origin',(-21.3951615034202,54.8258199130159,-123.173921783937));
#14132=CARTESIAN_POINT('Origin',(-20.6801636910146,54.6143730710761,-104.529991667365));
#14133=CARTESIAN_POINT('',(-20.6775753766388,52.5838440332095,-93.0142892507074));
#14134=CARTESIAN_POINT('Origin',(-21.2267328651538,52.6822195271634,-93.5722044010642));
#14135=CARTESIAN_POINT('',(-23.0576635989525,54.6143570857495,-104.529901010074));
#14136=CARTESIAN_POINT('',(-20.8525368844423,52.4380882415905,-92.1876526466404));
#14137=CARTESIAN_POINT('',(-20.6379762203057,52.4380046287884,-92.1871928878298));
#14138=CARTESIAN_POINT('Origin',(-20.1455797203596,52.4885428918022,-92.4738096200553));
#14139=CARTESIAN_POINT('Origin',(20.216738165424,52.4889129678381,-92.4758939925955));
#14140=CARTESIAN_POINT('',(19.5110761171315,52.4379096453918,-92.1866542102197));
#14141=CARTESIAN_POINT('',(20.459157223303,52.4382809489234,-92.188759977188));
#14142=CARTESIAN_POINT('',(19.6691013466809,52.3963218719709,-91.9507837939453));
#14143=CARTESIAN_POINT('Origin',(20.216738165424,52.4889129678381,-92.4758939925955));
#14144=CARTESIAN_POINT('',(19.102018657816,52.437751911583,-92.1857452243833));
#14145=CARTESIAN_POINT('Origin',(19.1037981220228,52.3007438478552,-91.408733883423));
#14146=CARTESIAN_POINT('',(20.459157223303,52.4382809489234,-92.188759977188));
#14147=CARTESIAN_POINT('Origin',(-20.1455797203596,52.4885453599828,-92.4738091848485));
#14148=CARTESIAN_POINT('',(-19.4398949301231,52.4375515268491,-92.1846232190391));
#14149=CARTESIAN_POINT('',(-20.6379762203057,52.4380046287884,-92.1871928878298));
#14150=CARTESIAN_POINT('',(-19.0308374005912,52.4373992937073,-92.1837454290352));
#14151=CARTESIAN_POINT('',(-20.6379762203057,52.4380046287884,-92.1871928878298));
#14152=CARTESIAN_POINT('',(-19.597901611844,52.3959616285603,-91.9487407520398));
#14153=CARTESIAN_POINT('Origin',(-19.0325557654322,52.3003912064615,-91.4067339546982));
#14154=CARTESIAN_POINT('Origin',(-20.1455797203596,52.4885453599828,-92.4738091848485));
#14155=CARTESIAN_POINT('Origin',(-20.5684929166853,52.4382952330319,-92.1869879837801));
#14156=CARTESIAN_POINT('',(-19.0308374005912,36.7375940951866,-94.9520446774015));
#14157=CARTESIAN_POINT('',(-19.0308374005912,36.7375940951867,-94.9520446774015));
#14158=CARTESIAN_POINT('',(-20.5684929166853,36.7381756205822,-94.9553426718053));
#14159=CARTESIAN_POINT('Origin',(-19.0325557654319,36.6005860079409,-94.1750332030643));
#14160=CARTESIAN_POINT('',(-19.597901611844,36.6961564300396,-94.7170400004059));
#14161=CARTESIAN_POINT('Origin',(-19.0325557654319,36.6005860079409,-94.1750332030643));
#14162=CARTESIAN_POINT('',(-19.597901611844,36.6961564300396,-94.7170400004059));
#14163=CARTESIAN_POINT('Origin',(-20.1455797203596,36.7887401614621,-95.2421084332148));
#14164=CARTESIAN_POINT('',(-20.6775753766388,36.8840413028695,-95.7825880638668));
#14165=CARTESIAN_POINT('',(-20.6775753766388,36.8840413028695,-95.7825880638668));
#14166=CARTESIAN_POINT('Origin',(-20.1455797203596,36.7887401614621,-95.2421084332148));
#14167=CARTESIAN_POINT('Origin',(-21.2267328651538,36.9824167968234,-96.3405032142235));
#14168=CARTESIAN_POINT('Origin',(-21.2267328651538,36.9824167968234,-96.3405032142235));
#14169=CARTESIAN_POINT('Origin',(20.3896739316096,52.4385706188131,-92.1885497741539));
#14170=CARTESIAN_POINT('',(19.102018657816,36.7379467130624,-94.9540444727495));
#14171=CARTESIAN_POINT('',(19.102018657816,36.7379467130623,-94.9540444727495));
#14172=CARTESIAN_POINT('',(20.3896739316096,36.7384510063634,-94.956904462179));
#14173=CARTESIAN_POINT('Origin',(19.1037981220228,36.6009386493346,-94.1770331317893));
#14174=CARTESIAN_POINT('',(19.6691013466809,36.6965166734504,-94.7190830423115));
#14175=CARTESIAN_POINT('Origin',(19.1037981220228,36.6009386493346,-94.1770331317893));
#14176=CARTESIAN_POINT('',(19.6691013466809,36.6965166734503,-94.7190830423113));
#14177=CARTESIAN_POINT('Origin',(-20.5610502181858,37.3315943528073,-98.3207875392941));
#14178=CARTESIAN_POINT('',(-20.6801636910146,38.914570340736,-107.298290480525));
#14179=CARTESIAN_POINT('',(20.7486913201367,36.8844160642768,-95.7847134414227));
#14180=CARTESIAN_POINT('Origin',(20.216738165424,36.7891077693175,-95.2441932409618));
#14181=CARTESIAN_POINT('Origin',(21.2978049360123,36.9827989425515,-96.3426704703438));
#14182=CARTESIAN_POINT('',(20.5003741326157,38.9148472216475,-107.299860750205));
#14183=CARTESIAN_POINT('Origin',(20.216738165424,36.7891077693175,-95.2441932409618));
#14184=CARTESIAN_POINT('',(20.7486913201367,36.8844160642767,-95.7847134414227));
#14185=CARTESIAN_POINT('Origin',(21.2978049360123,36.9827989425515,-96.3426704703438));
#14186=CARTESIAN_POINT('Origin',(27.8929485757356,45.9991433761045,-124.765908353776));
#14187=CARTESIAN_POINT('',(28.7727007157363,48.3652881127273,-116.874467273629));
#14188=CARTESIAN_POINT('',(30.5169515097262,46.0332267929863,-124.652393270973));
#14189=CARTESIAN_POINT('',(27.8929526789906,46.0332091503031,-124.652293214344));
#14190=CARTESIAN_POINT('',(30.5164092669221,41.5314541483742,-139.666569192215));
#14191=CARTESIAN_POINT('',(31.4501882596758,47.8404505573726,-118.625051749908));
#14192=CARTESIAN_POINT('Origin',(24.6995511169282,46.9405636668597,-105.884875500037));
#14193=CARTESIAN_POINT('',(28.5176610328153,54.6147038569103,-104.531867647053));
#14194=CARTESIAN_POINT('',(28.5176610328153,41.4426552423009,-106.854455209013));
#14195=CARTESIAN_POINT('',(28.4304044193967,42.4570148588971,-106.675592809806));
#14196=CARTESIAN_POINT('',(28.5729687920169,42.5739487323181,-106.654979818152));
#14197=CARTESIAN_POINT('',(23.6061057337997,54.614670833643,-104.531680362798));
#14198=CARTESIAN_POINT('Origin',(28.7731293369054,50.6352805168697,-105.233557393786));
#14199=CARTESIAN_POINT('',(28.7731194452769,42.8493337627015,-106.865839191372));
#14200=CARTESIAN_POINT('',(28.7731194452769,46.0833303438738,-106.295598338592));
#14201=CARTESIAN_POINT('',(28.7731179309796,42.8535894847897,-106.904801441772));
#14202=CARTESIAN_POINT('Origin',(28.1504567416306,42.218881061841,-107.2689473017));
#14203=CARTESIAN_POINT('',(28.0254565678032,42.0845729113125,-107.284680516688));
#14204=CARTESIAN_POINT('Origin',(27.9001998968397,41.9505000061579,-107.30038017565));
#14205=CARTESIAN_POINT('Origin',(-28.9529188953043,50.6348923907862,-105.231356221386));
#14206=CARTESIAN_POINT('',(-28.9536294811427,46.023991408186,-124.679593566905));
#14207=CARTESIAN_POINT('',(-28.9533505613045,48.3396213906663,-116.956574509718));
#14208=CARTESIAN_POINT('',(-28.9529396473964,42.9302508298927,-107.13411887062));
#14209=CARTESIAN_POINT('',(-28.9529294076627,42.8843280548954,-106.873677871672));
#14210=CARTESIAN_POINT('',(-28.9529315200562,42.907410066333,-106.925005697648));
#14211=CARTESIAN_POINT('',(-28.9529309294349,42.9057502071579,-106.90980925214));
#14212=CARTESIAN_POINT('',(-28.9529287869329,42.8951526569382,-106.855490474591));
#14213=CARTESIAN_POINT('',(-28.9529294076627,42.8979364833263,-106.871278338575));
#14214=CARTESIAN_POINT('',(-28.9529287869329,46.0829422177904,-106.293397166192));
#14215=CARTESIAN_POINT('Origin',(-28.0741653838243,45.998767076368,-124.763774251922));
#14216=CARTESIAN_POINT('',(-30.6981601113049,46.0328152078831,-124.65005905586));
#14217=CARTESIAN_POINT('',(-30.6987023541092,41.531042563271,-139.664234977102));
#14218=CARTESIAN_POINT('',(-28.9664232673175,46.0328268513657,-124.650125089332));
#14219=CARTESIAN_POINT('',(-28.0741612805693,46.0328328505664,-124.650159112489));
#14220=CARTESIAN_POINT('',(-31.5902954128743,47.8448841216401,-118.606447602566));
#14221=CARTESIAN_POINT('Origin',(-28.3046067928865,42.2419195729788,-107.262665352274));
#14222=CARTESIAN_POINT('',(-28.9657344978201,42.9438591722963,-107.131718849638));
#14223=CARTESIAN_POINT('',(-28.9657347704446,42.945081829144,-107.138652881191));
#14224=CARTESIAN_POINT('',(-28.1796060435184,42.1077489541143,-107.279178548086));
#14225=CARTESIAN_POINT('Origin',(-28.0543744472721,41.9737900591904,-107.295661561081));
#14226=CARTESIAN_POINT('',(-28.9623941795495,42.9343495397063,-107.077787043219));
#14227=CARTESIAN_POINT('Origin',(-24.8793406753271,46.940230318888,-105.882984989746));
#14228=CARTESIAN_POINT('',(-28.6974505912145,54.6143191661534,-104.529685957358));
#14229=CARTESIAN_POINT('',(-28.6974505912145,41.442270551544,-106.852273519317));
#14230=CARTESIAN_POINT('',(-23.7858952921986,54.6143521894207,-104.529873241613));
#14231=CARTESIAN_POINT('Origin',(-28.0734727836964,42.9450878283448,-107.138686904349));
#14232=CARTESIAN_POINT('',(-30.697528028899,43.1980756770449,-108.573452291266));
#14233=CARTESIAN_POINT('',(-29.177219319173,42.9340972831728,-107.076356425327));
#14234=CARTESIAN_POINT('',(-30.6984243293781,47.2177705392642,-131.370274683781));
#14235=CARTESIAN_POINT('Origin',(-30.6993770443242,44.5840145793151,-156.819757109006));
#14236=CARTESIAN_POINT('',(-30.697528028899,54.9616020740538,-106.499225199197));
#14237=CARTESIAN_POINT('',(-30.697528028899,41.7895534594444,-108.821812761156));
#14238=CARTESIAN_POINT('',(-30.698493980436,59.2936653960156,-131.067577158472));
#14239=CARTESIAN_POINT('Origin',(-20.5614588261344,54.8639067266256,-105.945167351466));
#14240=CARTESIAN_POINT('',(-27.5226438661995,54.4103319164616,-103.372816776746));
#14241=CARTESIAN_POINT('Origin',(-29.6974893100569,41.6159120054942,-107.837043140236));
#14242=CARTESIAN_POINT('Origin',(20.3815579874384,54.8641820105441,-105.946728564149));
#14243=CARTESIAN_POINT('',(30.5175835921323,54.962013659157,-106.50155941431));
#14244=CARTESIAN_POINT('',(27.3429452803523,54.4107008100007,-103.374908875968));
#14245=CARTESIAN_POINT('',(30.516617640595,59.2940769811188,-131.069911373585));
#14246=CARTESIAN_POINT('Origin',(30.5157345767068,44.5844261644184,-156.822091324119));
#14247=CARTESIAN_POINT('',(30.5175835921323,43.1984872621481,-108.575786506379));
#14248=CARTESIAN_POINT('',(30.5175835921321,41.7899650445476,-108.824146976269));
#14249=CARTESIAN_POINT('',(30.516687291653,47.2181821243675,-131.372608898894));
#14250=CARTESIAN_POINT('Origin',(27.8936411758636,42.9454641280813,-107.140821006203));
#14251=CARTESIAN_POINT('',(28.8193823092723,42.903574867177,-106.903255202399));
#14252=CARTESIAN_POINT('',(28.9973926093139,42.9344884252131,-107.078574702069));
#14253=CARTESIAN_POINT('',(28.83013800344,42.934234582292,-107.077135087326));
#14254=CARTESIAN_POINT('Origin',(27.9001998968397,41.9505000061579,-107.30038017565));
#14255=CARTESIAN_POINT('',(28.5272807182715,42.561099033506,-106.667012233289));
#14256=CARTESIAN_POINT('Origin',(29.5176223124738,41.6163101434243,-107.839301092641));
#14257=CARTESIAN_POINT('Origin',(-0.0892467681254416,58.9109485144854,-86.7790197078488));
#14258=CARTESIAN_POINT('Origin',(-14.359441059394,57.283394933181,-142.928428827232));
#14259=CARTESIAN_POINT('',(-14.359441069029,52.7685652496461,-117.323422811317));
#14260=CARTESIAN_POINT('Ctrl Pts',(-24.1552976947872,73.6320829753436,-170.265141331857));
#14261=CARTESIAN_POINT('Ctrl Pts',(-24.2615510227458,73.6279900885071,-170.241929417151));
#14262=CARTESIAN_POINT('Ctrl Pts',(-24.3670345209355,73.6229696104138,-170.217682444351));
#14263=CARTESIAN_POINT('Ctrl Pts',(-24.5180113983158,73.6144123738434,-170.181235114879));
#14264=CARTESIAN_POINT('Ctrl Pts',(-24.626962417825,73.608062649691,-170.154152666268));
#14265=CARTESIAN_POINT('Ctrl Pts',(-24.8286861586543,73.5944619849387,-170.101173942489));
#14266=CARTESIAN_POINT('Ctrl Pts',(-25.1760469522093,73.5668885853685,-170.003532011733));
#14267=CARTESIAN_POINT('Ctrl Pts',(-25.8452319063656,73.4970731989769,-169.789315989415));
#14268=CARTESIAN_POINT('Ctrl Pts',(-26.4181093767671,73.4115128462091,-169.565285475264));
#14269=CARTESIAN_POINT('Ctrl Pts',(-27.0842851003286,73.2972031185848,-169.25387645996));
#14270=CARTESIAN_POINT('Ctrl Pts',(-27.511120026008,73.2103113032755,-169.037115130243));
#14271=CARTESIAN_POINT('Ctrl Pts',(-27.9201080215757,73.112014560592,-168.800049908578));
#14272=CARTESIAN_POINT('Ctrl Pts',(-28.1847429786018,73.0439332314737,-168.635448884271));
#14273=CARTESIAN_POINT('Ctrl Pts',(-28.2954594537978,73.0132828637911,-168.56565076892));
#14274=CARTESIAN_POINT('Ctrl Pts',(-28.5211056222882,72.949323073166,-168.41826172613));
#14275=CARTESIAN_POINT('Ctrl Pts',(-28.9061066561899,72.8329675994705,-168.153445361959));
#14276=CARTESIAN_POINT('Ctrl Pts',(-29.6435306117834,72.5828236563328,-167.592035192579));
#14277=CARTESIAN_POINT('Ctrl Pts',(-30.1740181613358,72.3506274936818,-167.102410258699));
#14278=CARTESIAN_POINT('Ctrl Pts',(-30.9368489684754,71.9581871764118,-166.350546052903));
#14279=CARTESIAN_POINT('Ctrl Pts',(-31.381253460066,71.6982971010782,-165.841993001684));
#14280=CARTESIAN_POINT('Ctrl Pts',(-32.3311748960368,71.0126442085283,-164.646128292766));
#14281=CARTESIAN_POINT('Ctrl Pts',(-32.8569490397903,70.5495511553247,-163.845206105424));
#14282=CARTESIAN_POINT('Ctrl Pts',(-33.6904641130997,69.6184825059026,-162.37671799956));
#14283=CARTESIAN_POINT('Ctrl Pts',(-34.0717768750091,69.1214251972051,-161.577863275615));
#14284=CARTESIAN_POINT('Ctrl Pts',(-34.5417708873985,68.3608151484845,-160.354549676354));
#14285=CARTESIAN_POINT('Ctrl Pts',(-34.8291202900582,67.8379293915491,-159.497864705623));
#14286=CARTESIAN_POINT('Ctrl Pts',(-35.0449990532989,67.3258129526049,-158.648327413318));
#14287=CARTESIAN_POINT('Ctrl Pts',(-35.3399322915598,66.5399748863997,-157.266446946308));
#14288=CARTESIAN_POINT('Ctrl Pts',(-35.4562845006197,66.0478780245446,-156.380228696415));
#14289=CARTESIAN_POINT('Ctrl Pts',(-35.6037602588179,65.2075787133708,-154.654581508653));
#14290=CARTESIAN_POINT('Ctrl Pts',(-35.637027915372,64.8519317444904,-153.780588039132));
#14291=CARTESIAN_POINT('Ctrl Pts',(-35.6457300993903,64.6134710233479,-152.786535940692));
#14292=CARTESIAN_POINT('Ctrl Pts',(-35.6463498645518,64.5834891853325,-152.647246978276));
#14293=CARTESIAN_POINT('Ctrl Pts',(-35.6463444073143,64.5572512201762,-152.508756638422));
#14294=CARTESIAN_POINT('Ctrl Pts',(-24.1552976947871,74.5160443473612,-170.109275092067));
#14295=CARTESIAN_POINT('Ctrl Pts',(-24.2687704810666,74.5106534197345,-170.084662216899));
#14296=CARTESIAN_POINT('Ctrl Pts',(-24.3813618558415,74.5041092550609,-170.058895714853));
#14297=CARTESIAN_POINT('Ctrl Pts',(-24.5423541063583,74.4930433487161,-170.020101545645));
#14298=CARTESIAN_POINT('Ctrl Pts',(-24.6572913850845,74.4850185328622,-169.991482569892));
#14299=CARTESIAN_POINT('Ctrl Pts',(-24.8707351150014,74.4677344661288,-169.935266506735));
#14300=CARTESIAN_POINT('Ctrl Pts',(-25.2378959898857,74.4328157262412,-169.831493921501));
#14301=CARTESIAN_POINT('Ctrl Pts',(-25.9434573573981,74.3449671172595,-169.603463621557));
#14302=CARTESIAN_POINT('Ctrl Pts',(-26.5411845053704,74.2389034239911,-169.36551249178));
#14303=CARTESIAN_POINT('Ctrl Pts',(-27.2251973811095,74.0990092254168,-169.038048263089));
#14304=CARTESIAN_POINT('Ctrl Pts',(-27.664221703885,73.9932893578481,-168.810248123729));
#14305=CARTESIAN_POINT('Ctrl Pts',(-28.0809017191129,73.875191644752,-168.562838837957));
#14306=CARTESIAN_POINT('Ctrl Pts',(-28.3489141675799,73.7939398766185,-168.391845191867));
#14307=CARTESIAN_POINT('Ctrl Pts',(-28.4615235626558,73.757435086338,-168.319268734966));
#14308=CARTESIAN_POINT('Ctrl Pts',(-28.689956568565,73.681518849507,-168.166440674982));
#14309=CARTESIAN_POINT('Ctrl Pts',(-29.0782527325874,73.5441572572075,-167.892734912518));
#14310=CARTESIAN_POINT('Ctrl Pts',(-29.815929427409,73.2518900040061,-167.316277166812));
#14311=CARTESIAN_POINT('Ctrl Pts',(-30.3410693409478,72.9859714587927,-166.81939057955));
#14312=CARTESIAN_POINT('Ctrl Pts',(-31.098149363443,72.5404778292054,-166.058315998331));
#14313=CARTESIAN_POINT('Ctrl Pts',(-31.5318732768339,72.249704358373,-165.54929134136));
#14314=CARTESIAN_POINT('Ctrl Pts',(-32.4638264389597,71.4893723182214,-164.355125351481));
#14315=CARTESIAN_POINT('Ctrl Pts',(-32.9713054589487,70.9837855786584,-163.564592038543));
#14316=CARTESIAN_POINT('Ctrl Pts',(-33.7794564843474,69.9748722057743,-162.11842029549));
#14317=CARTESIAN_POINT('Ctrl Pts',(-34.14361845089,69.4415401343607,-161.338466450141));
#14318=CARTESIAN_POINT('Ctrl Pts',(-34.5920257076829,68.630655873383,-160.14831288992));
#14319=CARTESIAN_POINT('Ctrl Pts',(-34.8653291042311,68.0753196640679,-159.316697005358));
#14320=CARTESIAN_POINT('Ctrl Pts',(-35.0708500673654,67.5339266651567,-158.49268543828));
#14321=CARTESIAN_POINT('Ctrl Pts',(-35.3505958596822,66.7062279617268,-157.154477093551));
#14322=CARTESIAN_POINT('Ctrl Pts',(-35.4625562952395,66.1894145940315,-156.292825412522));
#14323=CARTESIAN_POINT('Ctrl Pts',(-35.6048800035383,65.3100230556842,-154.605435411081));
#14324=CARTESIAN_POINT('Ctrl Pts',(-35.6372662091125,64.9405434171932,-153.748637475113));
#14325=CARTESIAN_POINT('Ctrl Pts',(-35.6457531340465,64.6989314017993,-152.766785031452));
#14326=CARTESIAN_POINT('Ctrl Pts',(-35.6463533145048,64.668812433243,-152.629295378788));
#14327=CARTESIAN_POINT('Ctrl Pts',(-35.6463443586499,64.642705376354,-152.492412535012));
#14328=CARTESIAN_POINT('Ctrl Pts',(-24.0663100941262,76.2103381285987,-169.403181620702));
#14329=CARTESIAN_POINT('Ctrl Pts',(-24.1910767249673,76.2026658244317,-169.377425104897));
#14330=CARTESIAN_POINT('Ctrl Pts',(-24.3148360008754,76.1934109411227,-169.350394460822));
#14331=CARTESIAN_POINT('Ctrl Pts',(-24.4915806261783,76.1778501924586,-169.309647821347));
#14332=CARTESIAN_POINT('Ctrl Pts',(-24.6147452613359,76.1668646745752,-169.280018918825));
#14333=CARTESIAN_POINT('Ctrl Pts',(-24.8453277118864,76.142992410893,-169.221427211657));
#14334=CARTESIAN_POINT('Ctrl Pts',(-25.241670751844,76.0948417994802,-169.113066520128));
#14335=CARTESIAN_POINT('Ctrl Pts',(-26.001853802998,75.9742148392088,-168.874623052453));
#14336=CARTESIAN_POINT('Ctrl Pts',(-26.6354811548203,75.8305996353072,-168.626985860818));
#14337=CARTESIAN_POINT('Ctrl Pts',(-27.339148641566,75.6442173598735,-168.292141378499));
#14338=CARTESIAN_POINT('Ctrl Pts',(-27.7950365235408,75.5039887734313,-168.058788919598));
#14339=CARTESIAN_POINT('Ctrl Pts',(-28.2215761275566,75.3495423245438,-167.807826136617));
#14340=CARTESIAN_POINT('Ctrl Pts',(-28.4932712212736,75.2441333030985,-167.635572005098));
#14341=CARTESIAN_POINT('Ctrl Pts',(-28.6087795521179,75.1968228089123,-167.562184617778));
#14342=CARTESIAN_POINT('Ctrl Pts',(-28.8410345447088,75.0988751789621,-167.408387925376));
#14343=CARTESIAN_POINT('Ctrl Pts',(-29.2337752939091,74.9227630003903,-167.13411978943));
#14344=CARTESIAN_POINT('Ctrl Pts',(-29.9708972876811,74.552701635559,-166.561719613947));
#14345=CARTESIAN_POINT('Ctrl Pts',(-30.4902547044947,74.2239665673342,-166.074995753446));
#14346=CARTESIAN_POINT('Ctrl Pts',(-31.2473319957743,73.6786662188498,-165.329049348991));
#14347=CARTESIAN_POINT('Ctrl Pts',(-31.6684398137078,73.3298120332919,-164.838911735327));
#14348=CARTESIAN_POINT('Ctrl Pts',(-32.5895810685035,72.4271896703081,-163.68617735722));
#14349=CARTESIAN_POINT('Ctrl Pts',(-33.0775457427144,71.8401857539109,-162.936056210382));
#14350=CARTESIAN_POINT('Ctrl Pts',(-33.8658681974393,70.680454298456,-161.561256854514));
#14351=CARTESIAN_POINT('Ctrl Pts',(-34.2110326964422,70.0765865104151,-160.830373371684));
#14352=CARTESIAN_POINT('Ctrl Pts',(-34.6364796576292,69.1672709191171,-159.718387666409));
#14353=CARTESIAN_POINT('Ctrl Pts',(-34.8945002669534,68.5482006934273,-158.943467384491));
#14354=CARTESIAN_POINT('Ctrl Pts',(-35.0894186147901,67.9489403413628,-158.174367237487));
#14355=CARTESIAN_POINT('Ctrl Pts',(-35.3527831988953,67.0383707201589,-156.928339865531));
#14356=CARTESIAN_POINT('Ctrl Pts',(-35.4617259222451,66.4722767634077,-156.116734711053));
#14357=CARTESIAN_POINT('Ctrl Pts',(-35.6010474183288,65.5148903512965,-154.506972760838));
#14358=CARTESIAN_POINT('Ctrl Pts',(-35.6333722431044,65.1177511824066,-153.684636596634));
#14359=CARTESIAN_POINT('Ctrl Pts',(-35.6419529687178,64.8698483808201,-152.727261717294));
#14360=CARTESIAN_POINT('Ctrl Pts',(-35.6425594133257,64.8394570487031,-152.593381774658));
#14361=CARTESIAN_POINT('Ctrl Pts',(-35.642558556593,64.8136136704954,-152.459724480896));
#14362=CARTESIAN_POINT('Ctrl Pts',(-23.6316888246085,78.3563261335805,-167.035292412031));
#14363=CARTESIAN_POINT('Ctrl Pts',(-23.7615278822786,78.3477529366939,-167.013099513522));
#14364=CARTESIAN_POINT('Ctrl Pts',(-23.8905290136306,78.3371907956736,-166.989835612083));
#14365=CARTESIAN_POINT('Ctrl Pts',(-24.0747755623717,78.3192124073476,-166.954849581143));
#14366=CARTESIAN_POINT('Ctrl Pts',(-24.196644570592,78.3067923823494,-166.93029701188));
#14367=CARTESIAN_POINT('Ctrl Pts',(-24.429746964233,78.2792890068224,-166.881153727702));
#14368=CARTESIAN_POINT('Ctrl Pts',(-24.8315569828966,78.223208337283,-166.79023414178));
#14369=CARTESIAN_POINT('Ctrl Pts',(-25.6071859479896,78.080851353586,-166.590276887268));
#14370=CARTESIAN_POINT('Ctrl Pts',(-26.2455215798447,77.9098657333255,-166.384902460632));
#14371=CARTESIAN_POINT('Ctrl Pts',(-26.9234657118911,77.6908693923459,-166.115909993817));
#14372=CARTESIAN_POINT('Ctrl Pts',(-27.3788742284623,77.5245102391839,-165.924947281396));
#14373=CARTESIAN_POINT('Ctrl Pts',(-27.8019945139971,77.341588376502,-165.720854792379));
#14374=CARTESIAN_POINT('Ctrl Pts',(-28.0693096691785,77.2171549897657,-165.581723925943));
#14375=CARTESIAN_POINT('Ctrl Pts',(-28.1863933371532,77.1609167162866,-165.521417224282));
#14376=CARTESIAN_POINT('Ctrl Pts',(-28.4190126155711,77.0448598120699,-165.396026957764));
#14377=CARTESIAN_POINT('Ctrl Pts',(-28.8123214706923,76.8363395288054,-165.172691766584));
#14378=CARTESIAN_POINT('Ctrl Pts',(-29.5478161172644,76.39943734639,-164.708553630954));
#14379=CARTESIAN_POINT('Ctrl Pts',(-30.0775539204922,76.0115032997527,-164.310371865724));
#14380=CARTESIAN_POINT('Ctrl Pts',(-30.8777831240139,75.3640434245316,-163.685363799514));
#14381=CARTESIAN_POINT('Ctrl Pts',(-31.3113874576542,74.9539073726386,-163.282372991975));
#14382=CARTESIAN_POINT('Ctrl Pts',(-32.3064838908697,73.8853523956244,-162.303309644829));
#14383=CARTESIAN_POINT('Ctrl Pts',(-32.8243604424033,73.1963409569546,-161.674202864605));
#14384=CARTESIAN_POINT('Ctrl Pts',(-33.6902477947965,71.830895045613,-160.490670587618));
#14385=CARTESIAN_POINT('Ctrl Pts',(-34.0581454236585,71.1261112493879,-159.873023175608));
#14386=CARTESIAN_POINT('Ctrl Pts',(-34.5161028103027,70.0686976197523,-158.925968596591));
#14387=CARTESIAN_POINT('Ctrl Pts',(-34.7931912599143,69.3513619690146,-158.265634005449));
#14388=CARTESIAN_POINT('Ctrl Pts',(-35.0053303718204,68.6589128608397,-157.601434238821));
#14389=CARTESIAN_POINT('Ctrl Pts',(-35.2895098738247,67.6132844510231,-156.527808024686));
#14390=CARTESIAN_POINT('Ctrl Pts',(-35.413363767932,66.963376319406,-155.805787095453));
#14391=CARTESIAN_POINT('Ctrl Pts',(-35.573046167869,65.8723801062795,-154.334329552234));
#14392=CARTESIAN_POINT('Ctrl Pts',(-35.611260348453,65.4271333740104,-153.572493776439));
#14393=CARTESIAN_POINT('Ctrl Pts',(-35.6218556130712,65.1683658343536,-152.658152096218));
#14394=CARTESIAN_POINT('Ctrl Pts',(-35.6226322192335,65.1375115503228,-152.530615843693));
#14395=CARTESIAN_POINT('Ctrl Pts',(-35.6226982727097,65.1121375063937,-152.402629100562));
#14396=CARTESIAN_POINT('Ctrl Pts',(-23.147494907004,78.7520170253305,-164.749107328328));
#14397=CARTESIAN_POINT('Ctrl Pts',(-23.2665993514857,78.7466575068854,-164.732878110658));
#14398=CARTESIAN_POINT('Ctrl Pts',(-23.3852817587701,78.7395426029603,-164.71596156671));
#14399=CARTESIAN_POINT('Ctrl Pts',(-23.5551254965297,78.7267801201995,-164.690674839199));
#14400=CARTESIAN_POINT('Ctrl Pts',(-23.6619307688335,78.7180327751868,-164.673917079355));
#14401=CARTESIAN_POINT('Ctrl Pts',(-23.8711556390975,78.6979577264804,-164.639771796138));
#14402=CARTESIAN_POINT('Ctrl Pts',(-24.2339035295208,78.655778836575,-164.576681376831));
#14403=CARTESIAN_POINT('Ctrl Pts',(-24.9436234238285,78.5441175929301,-164.438100924879));
#14404=CARTESIAN_POINT('Ctrl Pts',(-25.5300834633172,78.4044165484581,-164.297772703548));
#14405=CARTESIAN_POINT('Ctrl Pts',(-26.1368561012026,78.2259138613605,-164.121742983048));
#14406=CARTESIAN_POINT('Ctrl Pts',(-26.5630073697996,78.0860969695551,-163.991058007387));
#14407=CARTESIAN_POINT('Ctrl Pts',(-26.9635357376509,77.9294888300548,-163.850563951209));
#14408=CARTESIAN_POINT('Ctrl Pts',(-27.2172107207027,77.8223374523765,-163.754993454916));
#14409=CARTESIAN_POINT('Ctrl Pts',(-27.3314407969502,77.7730722193027,-163.712135653272));
#14410=CARTESIAN_POINT('Ctrl Pts',(-27.5573383257772,77.6713788083892,-163.6238168376));
#14411=CARTESIAN_POINT('Ctrl Pts',(-27.9422982299544,77.4872295781222,-163.465591696426));
#14412=CARTESIAN_POINT('Ctrl Pts',(-28.6718236329364,77.0959368318624,-163.133939586561));
#14413=CARTESIAN_POINT('Ctrl Pts',(-29.2225588067431,76.7358841068575,-162.83611212136));
#14414=CARTESIAN_POINT('Ctrl Pts',(-30.0827533020814,76.1172328621574,-162.345724804076));
#14415=CARTESIAN_POINT('Ctrl Pts',(-30.5523960999142,75.7201439755958,-162.031931029822));
#14416=CARTESIAN_POINT('Ctrl Pts',(-31.6719301231068,74.6526167424944,-161.225174127471));
#14417=CARTESIAN_POINT('Ctrl Pts',(-32.2643682004975,73.9503444468142,-160.705454600069));
#14418=CARTESIAN_POINT('Ctrl Pts',(-33.2789395945644,72.5243253486188,-159.687392648696));
#14419=CARTESIAN_POINT('Ctrl Pts',(-33.7114365932221,71.7811980317915,-159.162319422506));
#14420=CARTESIAN_POINT('Ctrl Pts',(-34.2556054064985,70.6542558821785,-158.344715781068));
#14421=CARTESIAN_POINT('Ctrl Pts',(-34.5862555158755,69.8867165297685,-157.772474072332));
#14422=CARTESIAN_POINT('Ctrl Pts',(-34.8420554444115,69.1399457049073,-157.186612351186));
#14423=CARTESIAN_POINT('Ctrl Pts',(-35.1846728666958,68.0131402643065,-156.240420615593));
#14424=CARTESIAN_POINT('Ctrl Pts',(-35.3370733618863,67.3074432094086,-155.582980635468));
#14425=CARTESIAN_POINT('Ctrl Pts',(-35.5340292690807,66.125745094176,-154.211078675064));
#14426=CARTESIAN_POINT('Ctrl Pts',(-35.5818335817394,65.6468122695696,-153.49248328812));
#14427=CARTESIAN_POINT('Ctrl Pts',(-35.5955256007749,65.3805546819495,-152.60895642196));
#14428=CARTESIAN_POINT('Ctrl Pts',(-35.5965657115725,65.3493896683675,-152.485963508015));
#14429=CARTESIAN_POINT('Ctrl Pts',(-35.596726410596,65.3243591327825,-152.362040264626));
#14430=CARTESIAN_POINT('Ctrl Pts',(-22.8559138552568,78.5237660917454,-163.454631958376));
#14431=CARTESIAN_POINT('Ctrl Pts',(-22.964475702091,78.5215100436029,-163.441837273561));
#14432=CARTESIAN_POINT('Ctrl Pts',(-23.0729170692185,78.5177749952193,-163.4285547465));
#14433=CARTESIAN_POINT('Ctrl Pts',(-23.2283592678085,78.5103091015935,-163.408803835399));
#14434=CARTESIAN_POINT('Ctrl Pts',(-23.3226335106658,78.5052026346549,-163.396536271894));
#14435=CARTESIAN_POINT('Ctrl Pts',(-23.5106527157481,78.4927326917454,-163.370974085099));
#14436=CARTESIAN_POINT('Ctrl Pts',(-23.838216715173,78.4650411876311,-163.323735905782));
#14437=CARTESIAN_POINT('Ctrl Pts',(-24.4861362771826,78.3868213485323,-163.219879089059));
#14438=CARTESIAN_POINT('Ctrl Pts',(-25.0251145068403,78.2824105954973,-163.116078606912));
#14439=CARTESIAN_POINT('Ctrl Pts',(-25.5746931800592,78.1495909747753,-162.992628392945));
#14440=CARTESIAN_POINT('Ctrl Pts',(-25.9733985382612,78.0415152643127,-162.895750391361));
#14441=CARTESIAN_POINT('Ctrl Pts',(-26.3525859975298,77.9173989184331,-162.790866495711));
#14442=CARTESIAN_POINT('Ctrl Pts',(-26.5937055275668,77.8318314186448,-162.719711582438));
#14443=CARTESIAN_POINT('Ctrl Pts',(-26.7042040530242,77.7916931006481,-162.686564416229));
#14444=CARTESIAN_POINT('Ctrl Pts',(-26.9224173278403,77.7087769465384,-162.618924976422));
#14445=CARTESIAN_POINT('Ctrl Pts',(-27.2968321260781,77.5570396607458,-162.49698605275));
#14446=CARTESIAN_POINT('Ctrl Pts',(-28.0150336745372,77.2289882558161,-162.239155170479));
#14447=CARTESIAN_POINT('Ctrl Pts',(-28.5761731996335,76.9135714937553,-161.996888800622));
#14448=CARTESIAN_POINT('Ctrl Pts',(-29.4705970853752,76.3542621579782,-161.580207216798));
#14449=CARTESIAN_POINT('Ctrl Pts',(-29.964786376522,75.9894001453044,-161.315769428466));
#14450=CARTESIAN_POINT('Ctrl Pts',(-31.1682257801002,74.9760951521603,-160.603146079377));
#14451=CARTESIAN_POINT('Ctrl Pts',(-31.8165987826298,74.2933959901556,-160.144087956271));
#14452=CARTESIAN_POINT('Ctrl Pts',(-32.9423454526036,72.8734612337337,-159.21776725375));
#14453=CARTESIAN_POINT('Ctrl Pts',(-33.4270658072625,72.1241915809431,-158.745151643002));
#14454=CARTESIAN_POINT('Ctrl Pts',(-34.0416519839612,70.9743798185875,-158.001800520924));
#14455=CARTESIAN_POINT('Ctrl Pts',(-34.4167899042857,70.1872997152,-157.48048844876));
#14456=CARTESIAN_POINT('Ctrl Pts',(-34.709001130876,69.4146876582905,-156.940406535421));
#14457=CARTESIAN_POINT('Ctrl Pts',(-35.1010719985698,68.2474281132534,-156.069141431658));
#14458=CARTESIAN_POINT('Ctrl Pts',(-35.2767402640083,67.5103988765815,-155.45001808026));
#14459=CARTESIAN_POINT('Ctrl Pts',(-35.5039139362493,66.2768135752177,-154.137350005293));
#14460=CARTESIAN_POINT('Ctrl Pts',(-35.5593335591064,65.777878929612,-153.444628017443));
#14461=CARTESIAN_POINT('Ctrl Pts',(-35.5754506724329,65.5072208251293,-152.579563183416));
#14462=CARTESIAN_POINT('Ctrl Pts',(-35.5766988578793,65.4758784478105,-152.459294297828));
#14463=CARTESIAN_POINT('Ctrl Pts',(-35.5769329707304,65.451057637069,-152.337808479103));
#14464=CARTESIAN_POINT('',(-33.7414365180181,71.5334362604281,-158.363124371757));
#14465=CARTESIAN_POINT('Ctrl Pts',(-35.5579006222112,65.7351574344353,-153.182880174325));
#14466=CARTESIAN_POINT('Ctrl Pts',(-35.5322919054287,66.0021944436958,-153.746635945182));
#14467=CARTESIAN_POINT('Ctrl Pts',(-35.4795454127014,66.4091381186738,-154.278157619924));
#14468=CARTESIAN_POINT('Ctrl Pts',(-35.2767402640083,67.5103988765815,-155.45001808026));
#14469=CARTESIAN_POINT('Ctrl Pts',(-35.1010719985698,68.2474281132534,-156.069141431658));
#14470=CARTESIAN_POINT('Ctrl Pts',(-34.709001130876,69.4146876582905,-156.940406535421));
#14471=CARTESIAN_POINT('Ctrl Pts',(-34.4167899042857,70.1872997152,-157.48048844876));
#14472=CARTESIAN_POINT('Ctrl Pts',(-34.0416519839612,70.9743798185875,-158.001800520924));
#14473=CARTESIAN_POINT('Ctrl Pts',(-33.8014468036373,71.4237728446376,-158.29233225934));
#14474=CARTESIAN_POINT('Ctrl Pts',(-33.7716670573777,71.4786540494696,-158.327750561356));
#14475=CARTESIAN_POINT('Ctrl Pts',(-33.7414601215888,71.533490724833,-158.363088443035));
#14476=CARTESIAN_POINT('Ctrl Pts',(-33.7414601215888,71.533490724833,-158.363088443035));
#14477=CARTESIAN_POINT('Ctrl Pts',(-33.3561705046561,72.2329327931138,-158.813823300434));
#14478=CARTESIAN_POINT('Ctrl Pts',(-32.9013813580677,72.9251303553472,-159.251474560945));
#14479=CARTESIAN_POINT('Ctrl Pts',(-31.8165987826298,74.2933959901556,-160.144087956271));
#14480=CARTESIAN_POINT('Ctrl Pts',(-31.1682257801002,74.9760951521603,-160.603146079377));
#14481=CARTESIAN_POINT('Ctrl Pts',(-29.964786376522,75.9894001453044,-161.315769428466));
#14482=CARTESIAN_POINT('Ctrl Pts',(-29.4705970853752,76.3542621579782,-161.580207216798));
#14483=CARTESIAN_POINT('Ctrl Pts',(-28.5761731996335,76.9135714937553,-161.996888800622));
#14484=CARTESIAN_POINT('Ctrl Pts',(-28.0150336745372,77.2289882558161,-162.239155170479));
#14485=CARTESIAN_POINT('Ctrl Pts',(-27.2968321260781,77.5570396607458,-162.49698605275));
#14486=CARTESIAN_POINT('Ctrl Pts',(-26.9224173278403,77.7087769465384,-162.618924976422));
#14487=CARTESIAN_POINT('Ctrl Pts',(-26.7042040530242,77.7916931006481,-162.686564416229));
#14488=CARTESIAN_POINT('Ctrl Pts',(-26.5937055275668,77.8318314186448,-162.719711582438));
#14489=CARTESIAN_POINT('Ctrl Pts',(-26.3525859975298,77.9173989184331,-162.790866495711));
#14490=CARTESIAN_POINT('Ctrl Pts',(-25.9733985382612,78.0415152643127,-162.895750391361));
#14491=CARTESIAN_POINT('Ctrl Pts',(-25.5746931800592,78.1495909747753,-162.992628392945));
#14492=CARTESIAN_POINT('Ctrl Pts',(-25.0251145068403,78.2824105954973,-163.116078606912));
#14493=CARTESIAN_POINT('Ctrl Pts',(-24.4861362771826,78.3868213485323,-163.219879089059));
#14494=CARTESIAN_POINT('Ctrl Pts',(-23.838216715173,78.4650411876311,-163.323735905782));
#14495=CARTESIAN_POINT('Ctrl Pts',(-23.5106527157481,78.4927326917454,-163.370974085099));
#14496=CARTESIAN_POINT('Ctrl Pts',(-23.3226335106658,78.5052026346549,-163.396536271894));
#14497=CARTESIAN_POINT('Ctrl Pts',(-23.2283592678085,78.5103091015935,-163.408803835399));
#14498=CARTESIAN_POINT('Ctrl Pts',(-23.0729170692185,78.5177749952193,-163.4285547465));
#14499=CARTESIAN_POINT('Ctrl Pts',(-22.964475702091,78.5215100436029,-163.441837273561));
#14500=CARTESIAN_POINT('Ctrl Pts',(-22.8559138552568,78.5237660917454,-163.454631958376));
#14501=CARTESIAN_POINT('Origin',(-22.7046913264823,54.1765189870986,-99.6626713286059));
#14502=CARTESIAN_POINT('',(-33.5996043019262,60.6132068839185,-96.4314260428504));
#14503=CARTESIAN_POINT('Ctrl Pts',(-33.5993743133799,60.6138662860663,-96.4318049559926));
#14504=CARTESIAN_POINT('Ctrl Pts',(-33.985471157287,60.0995273151687,-97.0165932809544));
#14505=CARTESIAN_POINT('Ctrl Pts',(-34.3168707004028,59.5598215660456,-97.6094034862799));
#14506=CARTESIAN_POINT('Ctrl Pts',(-35.2566479844239,57.6599192124973,-99.6403992159591));
#14507=CARTESIAN_POINT('Ctrl Pts',(-35.6072521073929,56.1773482249298,-101.096846459027));
#14508=CARTESIAN_POINT('Ctrl Pts',(-35.6113542083333,54.6992414003666,-102.558460105967));
#14509=CARTESIAN_POINT('Ctrl Pts',(-35.6113699494974,54.6940840190106,-102.563561030612));
#14510=CARTESIAN_POINT('Ctrl Pts',(-35.6113792619631,54.6889239446038,-102.568663543178));
#14511=CARTESIAN_POINT('Ctrl Pts',(-22.6841275339994,65.2972504035486,-88.4433339990172));
#14512=CARTESIAN_POINT('Ctrl Pts',(-24.2052500033087,65.3934444295574,-88.9888774298624));
#14513=CARTESIAN_POINT('Ctrl Pts',(-25.6387950730492,65.2377516858272,-89.6608458555261));
#14514=CARTESIAN_POINT('Ctrl Pts',(-29.2775263311332,64.3274737129984,-91.7570102215587));
#14515=CARTESIAN_POINT('Ctrl Pts',(-31.188175098565,63.1686257403198,-93.3821580641186));
#14516=CARTESIAN_POINT('Ctrl Pts',(-32.9533714570572,61.4128008396069,-95.5103760915362));
#14517=CARTESIAN_POINT('Ctrl Pts',(-33.293533550947,61.0212921054966,-95.9685737486138));
#14518=CARTESIAN_POINT('Ctrl Pts',(-33.5993743133799,60.6138662860663,-96.4318049559926));
#14519=CARTESIAN_POINT('Ctrl Pts',(-35.6113792617458,54.6889238051588,-102.56866346995));
#14520=CARTESIAN_POINT('Ctrl Pts',(-35.6113651100629,54.6909779084896,-102.561929875232));
#14521=CARTESIAN_POINT('Ctrl Pts',(-35.6113430413182,54.6930313096205,-102.555202485506));
#14522=CARTESIAN_POINT('Ctrl Pts',(-35.6072230875825,55.2811365128527,-100.624917431809));
#14523=CARTESIAN_POINT('Ctrl Pts',(-35.3098748734201,55.8724121428466,-98.7018342561223));
#14524=CARTESIAN_POINT('Ctrl Pts',(-34.4284881547749,56.8093665973804,-95.5714640057308));
#14525=CARTESIAN_POINT('Ctrl Pts',(-33.9146543925725,57.1777714652203,-94.2416384196463));
#14526=CARTESIAN_POINT('Ctrl Pts',(-32.2658713187299,58.0365771574632,-90.9174618267171));
#14527=CARTESIAN_POINT('Ctrl Pts',(-30.8519361270175,58.4513340750733,-88.885062181973));
#14528=CARTESIAN_POINT('Ctrl Pts',(-28.2277066472187,58.6685346057904,-86.2343567301307));
#14529=CARTESIAN_POINT('Ctrl Pts',(-27.1810881876499,58.659906359251,-85.3537082888986));
#14530=CARTESIAN_POINT('Ctrl Pts',(-26.065858645052,58.5277692033361,-84.6043212388699));
#14531=CARTESIAN_POINT('Ctrl Pts',(-35.6113792617665,54.6889238184393,-102.568663476924));
#14532=CARTESIAN_POINT('Ctrl Pts',(-35.6113488781494,54.6912759379121,-102.562103492446));
#14533=CARTESIAN_POINT('Ctrl Pts',(-35.6113602124993,54.693620870358,-102.555495810641));
#14534=CARTESIAN_POINT('Ctrl Pts',(-35.6068264475519,55.3664515241343,-100.670215806417));
#14535=CARTESIAN_POINT('Ctrl Pts',(-35.3307718796249,56.0430466115377,-98.7906707852562));
#14536=CARTESIAN_POINT('Ctrl Pts',(-34.4924938438036,57.1247777796256,-95.695630205798));
#14537=CARTESIAN_POINT('Ctrl Pts',(-34.0022224626002,57.5561024886738,-94.374078141924));
#14538=CARTESIAN_POINT('Ctrl Pts',(-32.4025482522604,58.5807759784281,-91.0374245803977));
#14539=CARTESIAN_POINT('Ctrl Pts',(-31.0189535495554,59.107371866788,-88.9637893943299));
#14540=CARTESIAN_POINT('Ctrl Pts',(-28.3394401723125,59.474368681527,-86.1890685179143));
#14541=CARTESIAN_POINT('Ctrl Pts',(-27.2534411151847,59.5147459144542,-85.2531864306611));
#14542=CARTESIAN_POINT('Ctrl Pts',(-26.065858645051,59.411730575354,-84.4484549990783));
#14543=CARTESIAN_POINT('Ctrl Pts',(-35.6113792618079,54.6889238450002,-102.568663490872));
#14544=CARTESIAN_POINT('Ctrl Pts',(-35.6113422420723,54.6918560634264,-102.562406322672));
#14545=CARTESIAN_POINT('Ctrl Pts',(-35.6113705554169,54.694814291529,-102.556122883427));
#14546=CARTESIAN_POINT('Ctrl Pts',(-35.6065625871167,55.5370057147155,-100.760263023276));
#14547=CARTESIAN_POINT('Ctrl Pts',(-35.3581551611735,56.3835202281331,-98.9676387046816));
#14548=CARTESIAN_POINT('Ctrl Pts',(-34.5663254776854,57.7590206849493,-95.9623741120995));
#14549=CARTESIAN_POINT('Ctrl Pts',(-34.101440759119,58.3182036844736,-94.6704034299947));
#14550=CARTESIAN_POINT('Ctrl Pts',(-32.5392922254141,59.6840749433709,-91.3591437721026));
#14551=CARTESIAN_POINT('Ctrl Pts',(-31.1721524287234,60.4435791371478,-89.2579519157756));
#14552=CARTESIAN_POINT('Ctrl Pts',(-28.3396408703585,61.1275169561972,-86.3454146740737));
#14553=CARTESIAN_POINT('Ctrl Pts',(-27.1655265117042,61.2730295691546,-85.3437140304901));
#14554=CARTESIAN_POINT('Ctrl Pts',(-25.8343710673549,61.2351892698227,-84.4714272930007));
#14555=CARTESIAN_POINT('Ctrl Pts',(-35.6113792618803,54.6889238914819,-102.568663515282));
#14556=CARTESIAN_POINT('Ctrl Pts',(-35.6113242705149,54.6928969739903,-102.562975346853));
#14557=CARTESIAN_POINT('Ctrl Pts',(-35.6113926371187,54.6968797581439,-102.557185992619));
#14558=CARTESIAN_POINT('Ctrl Pts',(-35.6061391881137,55.8355803225646,-100.917763435595));
#14559=CARTESIAN_POINT('Ctrl Pts',(-35.3533609102618,56.9807443055574,-99.2816229481828));
#14560=CARTESIAN_POINT('Ctrl Pts',(-34.5026072534476,58.8506350241659,-96.482248420613));
#14561=CARTESIAN_POINT('Ctrl Pts',(-34.0029141793028,59.620648260017,-95.2798171747895));
#14562=CARTESIAN_POINT('Ctrl Pts',(-32.2859003455879,61.523268730787,-92.168939938149));
#14563=CARTESIAN_POINT('Ctrl Pts',(-30.7783121257927,62.6216269249607,-90.1929358895564));
#14564=CARTESIAN_POINT('Ctrl Pts',(-27.5632937303359,63.7112258917518,-87.4322563996391));
#14565=CARTESIAN_POINT('Ctrl Pts',(-26.2272390771712,63.9798637234848,-86.4853525328366));
#14566=CARTESIAN_POINT('Ctrl Pts',(-24.7030192518469,64.008150737513,-85.6661446635347));
#14567=CARTESIAN_POINT('Ctrl Pts',(-35.6113792619321,54.6889239246831,-102.568663532717));
#14568=CARTESIAN_POINT('Ctrl Pts',(-35.6113534555008,54.6936242698031,-102.56332286904));
#14569=CARTESIAN_POINT('Ctrl Pts',(-35.6113685249369,54.6983691224701,-102.557998962707));
#14570=CARTESIAN_POINT('Ctrl Pts',(-35.6067730350314,56.0490056053327,-101.029558957688));
#14571=CARTESIAN_POINT('Ctrl Pts',(-35.3038824992277,57.4051105129039,-99.5049340439413));
#14572=CARTESIAN_POINT('Ctrl Pts',(-34.2860593722163,59.5882057384018,-96.8878627114457));
#14573=CARTESIAN_POINT('Ctrl Pts',(-33.6919345279851,60.4775582647273,-95.7741712288553));
#14574=CARTESIAN_POINT('Ctrl Pts',(-31.6782721233941,62.632595331096,-92.9122489331019));
#14575=CARTESIAN_POINT('Ctrl Pts',(-29.9322452605609,63.8231250371844,-91.1456286329232));
#14576=CARTESIAN_POINT('Ctrl Pts',(-26.4194246366884,64.894795096579,-88.7831513708019));
#14577=CARTESIAN_POINT('Ctrl Pts',(-25.000070911405,65.1277564386711,-88.0013858960566));
#14578=CARTESIAN_POINT('Ctrl Pts',(-23.4429862207761,65.1041244324902,-87.3480621904505));
#14579=CARTESIAN_POINT('Ctrl Pts',(-35.6113792619631,54.6889239446038,-102.568663543178));
#14580=CARTESIAN_POINT('Ctrl Pts',(-35.6113699494974,54.6940840190106,-102.563561030612));
#14581=CARTESIAN_POINT('Ctrl Pts',(-35.6113542083333,54.6992414003666,-102.558460105967));
#14582=CARTESIAN_POINT('Ctrl Pts',(-35.6072521073929,56.1773482249298,-101.096846459027));
#14583=CARTESIAN_POINT('Ctrl Pts',(-35.2566479844239,57.6599192124973,-99.6403992159591));
#14584=CARTESIAN_POINT('Ctrl Pts',(-34.0981114182513,60.0020766429526,-97.1366327825912));
#14585=CARTESIAN_POINT('Ctrl Pts',(-33.4257859646937,60.9428943887038,-96.0799450614294));
#14586=CARTESIAN_POINT('Ctrl Pts',(-31.188175098565,63.1686257403198,-93.3821580641186));
#14587=CARTESIAN_POINT('Ctrl Pts',(-29.2775263311332,64.3274737129984,-91.7570102215587));
#14588=CARTESIAN_POINT('Ctrl Pts',(-25.6387950730492,65.2377516858272,-89.6608458555261));
#14589=CARTESIAN_POINT('Ctrl Pts',(-24.2052500033087,65.3934444295574,-88.9888774298624));
#14590=CARTESIAN_POINT('Ctrl Pts',(-22.6841275339994,65.2972504035486,-88.4433339990172));
#14591=CARTESIAN_POINT('Origin',(21.7711067214233,67.9759209992541,-103.634829849186));
#14592=CARTESIAN_POINT('',(22.505421127187,65.2975542393916,-88.4450571377103));
#14593=CARTESIAN_POINT('Ctrl Pts',(18.999284579723,64.9852897112529,-86.6741169963649));
#14594=CARTESIAN_POINT('Ctrl Pts',(19.8301416946418,65.0368816962036,-86.9667096826537));
#14595=CARTESIAN_POINT('Ctrl Pts',(20.6367889153454,65.101966635231,-87.3358247140909));
#14596=CARTESIAN_POINT('Ctrl Pts',(21.7807165438709,65.2153084244408,-87.9786179426396));
#14597=CARTESIAN_POINT('Ctrl Pts',(22.1488334439883,65.2552971809002,-88.2054054501367));
#14598=CARTESIAN_POINT('Ctrl Pts',(22.5054211271862,65.2975542393917,-88.4450571377101));
#14599=CARTESIAN_POINT('',(22.6713090239161,78.5240721979703,-163.456367973044));
#14600=CARTESIAN_POINT('',(22.5252788449452,66.8808431085767,-97.4243345167224));
#14601=CARTESIAN_POINT('',(21.256770772205,78.5547794339856,-163.630517362388));
#14602=CARTESIAN_POINT('Ctrl Pts',(22.6713090239164,78.5240721979703,-163.456367973044));
#14603=CARTESIAN_POINT('Ctrl Pts',(22.2068125523098,78.541958086431,-163.557803887099));
#14604=CARTESIAN_POINT('Ctrl Pts',(21.7320566229499,78.5510169067812,-163.609179010258));
#14605=CARTESIAN_POINT('Ctrl Pts',(21.256770772205,78.5547794339856,-163.630517362388));
#14606=CARTESIAN_POINT('',(21.6272360884588,78.5518467023916,-163.613885015017));
#14607=CARTESIAN_POINT('Ctrl Pts',(21.5300174899516,73.6867409855129,-170.575122311227));
#14608=CARTESIAN_POINT('Ctrl Pts',(22.2254934214988,73.6812353574612,-170.543898342952));
#14609=CARTESIAN_POINT('Ctrl Pts',(23.1201033096171,73.6651418629176,-170.452627599933));
#14610=CARTESIAN_POINT('Ctrl Pts',(23.9702392509683,73.6324065515582,-170.26697642376));
#14611=CARTESIAN_POINT('Ctrl Pts',(21.5300174899516,74.5707023575305,-170.419256071436));
#14612=CARTESIAN_POINT('Ctrl Pts',(22.2255325260802,74.5651964199134,-170.388030347528));
#14613=CARTESIAN_POINT('Ctrl Pts',(23.1200348221087,74.5491058721133,-170.296776316322));
#14614=CARTESIAN_POINT('Ctrl Pts',(23.9702392509683,74.5163679235757,-170.111110183969));
#14615=CARTESIAN_POINT('Ctrl Pts',(21.5113043567956,76.2633776906374,-169.703979450817));
#14616=CARTESIAN_POINT('Ctrl Pts',(22.191735940425,76.257991158848,-169.673430911009));
#14617=CARTESIAN_POINT('Ctrl Pts',(23.0574954458147,76.2423820847179,-169.584907452674));
#14618=CARTESIAN_POINT('Ctrl Pts',(23.8812828144573,76.2106613507802,-169.405010230988));
#14619=CARTESIAN_POINT('Ctrl Pts',(21.4199080937668,78.4014577575239,-167.291237607782));
#14620=CARTESIAN_POINT('Ctrl Pts',(22.0266707403828,78.3966544145232,-167.263996495949));
#14621=CARTESIAN_POINT('Ctrl Pts',(22.7520492269682,78.3833968698887,-167.18880922409));
#14622=CARTESIAN_POINT('Ctrl Pts',(23.4468133003609,78.3566443034371,-167.037087880345));
#14623=CARTESIAN_POINT('Ctrl Pts',(21.3180871922828,78.7883362186466,-164.955083709085));
#14624=CARTESIAN_POINT('Ctrl Pts',(21.842842461188,78.7841820744157,-164.931524386432));
#14625=CARTESIAN_POINT('Ctrl Pts',(22.4116513977091,78.7735491137648,-164.871221870004));
#14626=CARTESIAN_POINT('Ctrl Pts',(22.9627882852615,78.7523270518119,-164.750865575876));
#14627=CARTESIAN_POINT('Ctrl Pts',(21.256770772205,78.5547794339856,-163.630517362388));
#14628=CARTESIAN_POINT('Ctrl Pts',(21.7320566229499,78.5510169067812,-163.609179010258));
#14629=CARTESIAN_POINT('Ctrl Pts',(22.2068125523098,78.541958086431,-163.557803887099));
#14630=CARTESIAN_POINT('Ctrl Pts',(22.6713090239164,78.5240721979703,-163.456367973044));
#14631=CARTESIAN_POINT('Origin',(22.6713090239164,72.6152256798971,-164.498257039046));
#14632=CARTESIAN_POINT('Origin',(21.256770772205,72.6459329159124,-164.67240642839));
#14633=CARTESIAN_POINT('Ctrl Pts',(35.431738232281,54.6894014697105,-102.571372440237));
#14634=CARTESIAN_POINT('Ctrl Pts',(35.4317245664984,54.6914555728542,-102.564638844458));
#14635=CARTESIAN_POINT('Ctrl Pts',(35.431702982824,54.6935089736195,-102.557911453819));
#14636=CARTESIAN_POINT('Ctrl Pts',(35.4277224812858,55.2816141522079,-100.627625780615));
#14637=CARTESIAN_POINT('Ctrl Pts',(35.130512825156,55.8728857548918,-98.7045202435051));
#14638=CARTESIAN_POINT('Ctrl Pts',(34.2493522402795,56.8098283587869,-95.5740827848004));
#14639=CARTESIAN_POINT('Ctrl Pts',(33.7356149417154,57.1782263176634,-94.2442180160393));
#14640=CARTESIAN_POINT('Ctrl Pts',(32.0870738350175,58.0370098400617,-90.9199156916719));
#14641=CARTESIAN_POINT('Ctrl Pts',(30.6732880665385,58.4517477452451,-88.8874082220981));
#14642=CARTESIAN_POINT('Ctrl Pts',(28.0492578238525,58.6689129888337,-86.2365026470048));
#14643=CARTESIAN_POINT('Ctrl Pts',(27.0027066440832,58.660270668687,-85.3557743903796));
#14644=CARTESIAN_POINT('Ctrl Pts',(25.8875360319865,58.5281185164835,-84.606302292172));
#14645=CARTESIAN_POINT('Ctrl Pts',(35.431738232301,54.6894014829909,-102.571372447211));
#14646=CARTESIAN_POINT('Ctrl Pts',(35.4317083173367,54.6917536020583,-102.564812460434));
#14647=CARTESIAN_POINT('Ctrl Pts',(35.4317201237073,54.6940985345877,-102.558204780262));
#14648=CARTESIAN_POINT('Ctrl Pts',(35.4273212394339,55.3669291581247,-100.672924124799));
#14649=CARTESIAN_POINT('Ctrl Pts',(35.1514007618326,56.0435205045276,-98.7933583659556));
#14650=CARTESIAN_POINT('Ctrl Pts',(34.3133442184767,57.1252404016355,-95.698253865592));
#14651=CARTESIAN_POINT('Ctrl Pts',(33.8231678237857,57.5565585185578,-94.376664415916));
#14652=CARTESIAN_POINT('Ctrl Pts',(32.2237343015179,58.5812104988343,-91.0398888680778));
#14653=CARTESIAN_POINT('Ctrl Pts',(30.8402906627714,59.1077877827723,-88.9661481710907));
#14654=CARTESIAN_POINT('Ctrl Pts',(28.1609839662227,59.4747485670206,-86.1912229556081));
#14655=CARTESIAN_POINT('Ctrl Pts',(27.0750557422948,59.5151111968068,-85.2552580498263));
#14656=CARTESIAN_POINT('Ctrl Pts',(25.8875360319855,59.4120798885014,-84.4504360523805));
#14657=CARTESIAN_POINT('Ctrl Pts',(35.4317382323409,54.6894015095519,-102.571372461159));
#14658=CARTESIAN_POINT('Ctrl Pts',(35.4317016529605,54.6923337280179,-102.565115288438));
#14659=CARTESIAN_POINT('Ctrl Pts',(35.4317304004778,54.69529195532,-102.558831855207));
#14660=CARTESIAN_POINT('Ctrl Pts',(35.4270482306245,55.5374833899121,-100.762971375768));
#14661=CARTESIAN_POINT('Ctrl Pts',(35.1787660208034,56.3839945032723,-98.9703283143839));
#14662=CARTESIAN_POINT('Ctrl Pts',(34.3871470007541,57.7594843092945,-95.9650033868619));
#14663=CARTESIAN_POINT('Ctrl Pts',(33.9223532851378,58.3186610542183,-94.6729972578071));
#14664=CARTESIAN_POINT('Ctrl Pts',(32.3604390901933,59.6845115024886,-91.3616183237133));
#14665=CARTESIAN_POINT('Ctrl Pts',(30.9934492947829,60.4439973711071,-89.2603221721048));
#14666=CARTESIAN_POINT('Ctrl Pts',(28.1611505184686,61.1278969707643,-86.3475690079786));
#14667=CARTESIAN_POINT('Ctrl Pts',(26.9871105780428,61.2733938075735,-85.3457788161681));
#14668=CARTESIAN_POINT('Ctrl Pts',(25.6560222254835,61.2355355822668,-84.4733906079499));
#14669=CARTESIAN_POINT('Ctrl Pts',(35.4317382324109,54.6894015560336,-102.571372485569));
#14670=CARTESIAN_POINT('Ctrl Pts',(35.4316836253466,54.6933746387719,-102.565684310549));
#14671=CARTESIAN_POINT('Ctrl Pts',(35.431752372129,54.6973574218294,-102.559894966686));
#14672=CARTESIAN_POINT('Ctrl Pts',(35.4266088230966,55.8360580015319,-100.92047175808));
#14673=CARTESIAN_POINT('Ctrl Pts',(35.1739398222998,56.981218526863,-99.2843121659423));
#14674=CARTESIAN_POINT('Ctrl Pts',(34.3233744618868,58.851097799584,-96.4848728281952));
#14675=CARTESIAN_POINT('Ctrl Pts',(33.8237627247558,59.6211043097693,-95.2824034809471));
#14676=CARTESIAN_POINT('Ctrl Pts',(32.106960814088,61.5237020199353,-92.1713950985417));
#14677=CARTESIAN_POINT('Ctrl Pts',(30.5995084786931,62.6220400369769,-90.1952760237188));
#14678=CARTESIAN_POINT('Ctrl Pts',(27.3846857585246,63.7115955725584,-87.4343514683942));
#14679=CARTESIAN_POINT('Ctrl Pts',(26.0486996775937,63.9802154665807,-86.4873456955991));
#14680=CARTESIAN_POINT('Ctrl Pts',(24.524542029775,64.0084819545624,-85.6680216469436));
#14681=CARTESIAN_POINT('Ctrl Pts',(35.4317382324608,54.6894015892348,-102.571372503004));
#14682=CARTESIAN_POINT('Ctrl Pts',(35.4317127701168,54.6941019340101,-102.566031837372));
#14683=CARTESIAN_POINT('Ctrl Pts',(35.4317281816022,54.6988467865514,-102.560707932495));
#14684=CARTESIAN_POINT('Ctrl Pts',(35.4272311592596,56.0494833450353,-101.032267459389));
#14685=CARTESIAN_POINT('Ctrl Pts',(35.1244385939623,57.4055840438079,-99.5076195712305));
#14686=CARTESIAN_POINT('Ctrl Pts',(34.1067856984859,59.5886655836171,-96.8904706232575));
#14687=CARTESIAN_POINT('Ctrl Pts',(33.5127338298879,60.478010121133,-95.7767338338787));
#14688=CARTESIAN_POINT('Ctrl Pts',(31.4992607101229,62.6330201107089,-92.9146579779913));
#14689=CARTESIAN_POINT('Ctrl Pts',(29.7533525705138,63.8235263384694,-91.1479045256016));
#14690=CARTESIAN_POINT('Ctrl Pts',(26.2406977151582,64.8951491614712,-88.7851593725875));
#14691=CARTESIAN_POINT('Ctrl Pts',(24.8214004810115,65.1280914176476,-88.0032856562362));
#14692=CARTESIAN_POINT('Ctrl Pts',(23.264365937071,65.1044384734165,-87.3498432050464));
#14693=CARTESIAN_POINT('Ctrl Pts',(35.4317382324908,54.6894016091555,-102.571372513466));
#14694=CARTESIAN_POINT('Ctrl Pts',(35.4317292397681,54.6945616834392,-102.566270000201));
#14695=CARTESIAN_POINT('Ctrl Pts',(35.431713818101,54.6997190642551,-102.561169074662));
#14696=CARTESIAN_POINT('Ctrl Pts',(35.4277033742472,56.1778259710281,-101.099554997002));
#14697=CARTESIAN_POINT('Ctrl Pts',(35.0771903219026,57.6603921081382,-99.6430811404918));
#14698=CARTESIAN_POINT('Ctrl Pts',(33.9188132078112,60.0025339606342,-97.1392263600471));
#14699=CARTESIAN_POINT('Ctrl Pts',(33.2465556907985,60.9433426659649,-96.0824873681145));
#14700=CARTESIAN_POINT('Ctrl Pts',(31.0091206421264,63.1690439292237,-93.3845297312401));
#14701=CARTESIAN_POINT('Ctrl Pts',(29.0985802353694,64.3278662098055,-91.7592361815617));
#14702=CARTESIAN_POINT('Ctrl Pts',(25.4599966067043,65.2380952529774,-89.6627943216585));
#14703=CARTESIAN_POINT('Ctrl Pts',(24.0265006937669,65.3937687199092,-88.9907165718388));
#14704=CARTESIAN_POINT('Ctrl Pts',(22.5054211271765,65.2975542393917,-88.4450571377102));
#14705=CARTESIAN_POINT('',(33.4203516559827,60.6136574983951,-96.4339816045392));
#14706=CARTESIAN_POINT('Ctrl Pts',(22.5054211271765,65.2975542393917,-88.4450571377102));
#14707=CARTESIAN_POINT('Ctrl Pts',(24.0265006937669,65.3937687199092,-88.9907165718388));
#14708=CARTESIAN_POINT('Ctrl Pts',(25.4599966067043,65.2380952529774,-89.6627943216585));
#14709=CARTESIAN_POINT('Ctrl Pts',(29.0985802353694,64.3278662098055,-91.7592361815617));
#14710=CARTESIAN_POINT('Ctrl Pts',(31.0091206421264,63.1690439292237,-93.3845297312401));
#14711=CARTESIAN_POINT('Ctrl Pts',(32.7741783025368,61.4132427644785,-95.5128823720259));
#14712=CARTESIAN_POINT('Ctrl Pts',(33.1143107166979,61.0217386043875,-95.9711059696546));
#14713=CARTESIAN_POINT('Ctrl Pts',(33.4201216296727,60.6143168974502,-96.4343605001408));
#14714=CARTESIAN_POINT('Origin',(22.5054211271862,59.3887077213184,-89.4869462037118));
#14715=CARTESIAN_POINT('Ctrl Pts',(33.4201216296727,60.6143168974502,-96.4343605001408));
#14716=CARTESIAN_POINT('Ctrl Pts',(33.8061807912863,60.0999831182095,-97.0191782684587));
#14717=CARTESIAN_POINT('Ctrl Pts',(34.137542381614,59.5602818252171,-97.6120137457667));
#14718=CARTESIAN_POINT('Ctrl Pts',(35.0771903219026,57.6603921081382,-99.6430811404918));
#14719=CARTESIAN_POINT('Ctrl Pts',(35.4277033742472,56.1778259710281,-101.099554997002));
#14720=CARTESIAN_POINT('Ctrl Pts',(35.431713818101,54.6997190642551,-102.561169074662));
#14721=CARTESIAN_POINT('Ctrl Pts',(35.4317292397681,54.6945616834392,-102.566270000201));
#14722=CARTESIAN_POINT('Ctrl Pts',(35.4317382324908,54.6894016091555,-102.571372513466));
#14723=CARTESIAN_POINT('Origin',(21.6272360884588,72.6430001843184,-164.655774081019));
#14724=CARTESIAN_POINT('Ctrl Pts',(25.8875360319864,58.5281185164835,-84.606302292172));
#14725=CARTESIAN_POINT('Ctrl Pts',(25.3991142153572,58.4702385889191,-84.2780489112554));
#14726=CARTESIAN_POINT('Ctrl Pts',(24.8942054693288,58.4153886065946,-83.9669792036919));
#14727=CARTESIAN_POINT('Ctrl Pts',(22.8977300543752,58.2175753096678,-82.8451242491523));
#14728=CARTESIAN_POINT('Ctrl Pts',(21.2489034269322,58.0952981073787,-82.1516557748566));
#14729=CARTESIAN_POINT('Ctrl Pts',(18.0440341440516,57.9438864928732,-81.2929578382325));
#14730=CARTESIAN_POINT('Ctrl Pts',(16.403129500172,57.9006965245294,-81.0480153559744));
#14731=CARTESIAN_POINT('Ctrl Pts',(13.9221714818335,57.9006798435934,-81.0479207536853));
#14732=CARTESIAN_POINT('Ctrl Pts',(13.0955996641149,57.9006742860662,-81.0478892353824));
#14733=CARTESIAN_POINT('Ctrl Pts',(12.2690278463962,57.900668728539,-81.0478577170795));
#14734=CARTESIAN_POINT('Ctrl Pts',(25.8875360319864,59.412079888501,-84.4504360523812));
#14735=CARTESIAN_POINT('Ctrl Pts',(25.3991142153572,59.3541999609367,-84.1221826714647));
#14736=CARTESIAN_POINT('Ctrl Pts',(24.8942054693288,59.2993499786121,-83.8111129639011));
#14737=CARTESIAN_POINT('Ctrl Pts',(22.8977300543752,59.1015366816853,-82.6892580093615));
#14738=CARTESIAN_POINT('Ctrl Pts',(21.2489034269322,58.9792594793963,-81.9957895350659));
#14739=CARTESIAN_POINT('Ctrl Pts',(18.0440341440516,58.8278478648907,-81.1370915984417));
#14740=CARTESIAN_POINT('Ctrl Pts',(16.403129500172,58.7846578965469,-80.8921491161836));
#14741=CARTESIAN_POINT('Ctrl Pts',(13.9221714818335,58.7846412156109,-80.8920545138945));
#14742=CARTESIAN_POINT('Ctrl Pts',(13.0955996641149,58.7846356580837,-80.8920229955916));
#14743=CARTESIAN_POINT('Ctrl Pts',(12.2690278463962,58.7846301005565,-80.8919914772887));
#14744=CARTESIAN_POINT('Ctrl Pts',(25.6560265206886,61.2355468367214,-84.4733822324784));
#14745=CARTESIAN_POINT('Ctrl Pts',(25.1766311839905,61.1787359599713,-84.1511917400094));
#14746=CARTESIAN_POINT('Ctrl Pts',(24.6810857529966,61.124903209098,-83.8458910386811));
#14747=CARTESIAN_POINT('Ctrl Pts',(22.7219574614949,60.9307228623759,-82.7446395685894));
#14748=CARTESIAN_POINT('Ctrl Pts',(21.106438004953,60.8109392140118,-82.0653127413346));
#14749=CARTESIAN_POINT('Ctrl Pts',(17.9679471226592,60.662638494591,-81.2242575674469));
#14750=CARTESIAN_POINT('Ctrl Pts',(16.364917255431,60.6204582397599,-80.9850414550765));
#14751=CARTESIAN_POINT('Ctrl Pts',(13.9221555794398,60.6205183400842,-80.9853823009532));
#14752=CARTESIAN_POINT('Ctrl Pts',(13.0955837617211,60.620512782557,-80.9853507826502));
#14753=CARTESIAN_POINT('Ctrl Pts',(12.2690119440025,60.6205072250298,-80.9853192643473));
#14754=CARTESIAN_POINT('Ctrl Pts',(24.5245480573857,64.0085051797807,-85.6680085829916));
#14755=CARTESIAN_POINT('Ctrl Pts',(24.0892551303454,63.9569212634127,-85.3754616559095));
#14756=CARTESIAN_POINT('Ctrl Pts',(23.6394733331471,63.9080603376049,-85.0983575756856));
#14757=CARTESIAN_POINT('Ctrl Pts',(21.8597684061569,63.7317278031522,-84.098326078837));
#14758=CARTESIAN_POINT('Ctrl Pts',(20.4074291341228,63.6242587369817,-83.4888387176934));
#14759=CARTESIAN_POINT('Ctrl Pts',(17.5891882238879,63.4911141541987,-82.7337382659753));
#14760=CARTESIAN_POINT('Ctrl Pts',(16.1729487135946,63.4541485081111,-82.5240956693683));
#14761=CARTESIAN_POINT('Ctrl Pts',(13.9220778581578,63.4541301184053,-82.5239913761639));
#14762=CARTESIAN_POINT('Ctrl Pts',(13.0955060404391,63.4541245608781,-82.5239598578609));
#14763=CARTESIAN_POINT('Ctrl Pts',(12.2689342227204,63.4541190033509,-82.523928339558));
#14764=CARTESIAN_POINT('Ctrl Pts',(23.2643659370803,65.1044384734154,-87.3498432050472));
#14765=CARTESIAN_POINT('Ctrl Pts',(22.8781965662396,65.0586753709167,-87.0903077538373));
#14766=CARTESIAN_POINT('Ctrl Pts',(22.4793834577729,65.0153517345498,-86.8446072025497));
#14767=CARTESIAN_POINT('Ctrl Pts',(20.9005590775432,64.8588660820893,-85.9571329667192));
#14768=CARTESIAN_POINT('Ctrl Pts',(19.6298282299484,64.7650693135674,-85.4251850586625));
#14769=CARTESIAN_POINT('Ctrl Pts',(17.1696710888266,64.6488210565018,-84.7659084318042));
#14770=CARTESIAN_POINT('Ctrl Pts',(15.9609017885055,64.6175687995334,-84.588668075037));
#14771=CARTESIAN_POINT('Ctrl Pts',(13.9219912962185,64.6176160673763,-84.5889361442953));
#14772=CARTESIAN_POINT('Ctrl Pts',(13.0954194784999,64.6176105098491,-84.5889046259923));
#14773=CARTESIAN_POINT('Ctrl Pts',(12.2688476607812,64.6176049523219,-84.5888731076894));
#14774=CARTESIAN_POINT('Ctrl Pts',(22.5054211271862,65.2975542393917,-88.4450571377101));
#14775=CARTESIAN_POINT('Ctrl Pts',(22.1488334439883,65.2552971809002,-88.2054054501367));
#14776=CARTESIAN_POINT('Ctrl Pts',(21.7807165438709,65.2153084244408,-87.9786179426396));
#14777=CARTESIAN_POINT('Ctrl Pts',(20.3221901792972,65.0707957965016,-87.1590461031027));
#14778=CARTESIAN_POINT('Ctrl Pts',(19.1609197472871,64.985261193954,-86.6739552667262));
#14779=CARTESIAN_POINT('Ctrl Pts',(16.9155033234798,64.8791782008716,-86.0723287166873));
#14780=CARTESIAN_POINT('Ctrl Pts',(15.8320522387864,64.8514282696978,-85.914951036526));
#14781=CARTESIAN_POINT('Ctrl Pts',(13.9219391642818,64.8514154268872,-85.9148782013277));
#14782=CARTESIAN_POINT('Ctrl Pts',(13.0953673465632,64.85140986936,-85.9148466830247));
#14783=CARTESIAN_POINT('Ctrl Pts',(12.2687955288445,64.8514043118328,-85.9148151647218));
#14784=CARTESIAN_POINT('Origin',(-14.359441069029,52.7685652496461,-117.323422811317));
#14785=CARTESIAN_POINT('Ctrl Pts',(23.9702392509674,73.6324065515581,-170.26697642376));
#14786=CARTESIAN_POINT('Ctrl Pts',(24.0764944038487,73.6283150935408,-170.24377261229));
#14787=CARTESIAN_POINT('Ctrl Pts',(24.1819798139907,73.6232960357055,-170.219533694752));
#14788=CARTESIAN_POINT('Ctrl Pts',(24.332959583582,73.6147408302132,-170.183097884371));
#14789=CARTESIAN_POINT('Ctrl Pts',(24.4419127507518,73.6083925720543,-170.156023750103));
#14790=CARTESIAN_POINT('Ctrl Pts',(24.6436407104293,73.5947946210368,-170.103060417011));
#14791=CARTESIAN_POINT('Ctrl Pts',(24.9910092818978,73.5672258992965,-170.005445017407));
#14792=CARTESIAN_POINT('Ctrl Pts',(25.660211461341,73.4974195206709,-169.791280083098));
#14793=CARTESIAN_POINT('Ctrl Pts',(26.2331068249127,73.4118669156444,-169.567293519241));
#14794=CARTESIAN_POINT('Ctrl Pts',(26.899307537854,73.2975661827242,-169.25593552379));
#14795=CARTESIAN_POINT('Ctrl Pts',(27.3261600651702,73.2106801188219,-169.039206814348));
#14796=CARTESIAN_POINT('Ctrl Pts',(27.7351673625439,73.1123888876478,-168.802172852717));
#14797=CARTESIAN_POINT('Ctrl Pts',(27.9998157295285,73.0443111240367,-168.637592050907));
#14798=CARTESIAN_POINT('Ctrl Pts',(28.1105379285553,73.0136622465062,-168.56780238691));
#14799=CARTESIAN_POINT('Ctrl Pts',(28.3361961771227,72.9497054925672,-168.420430566601));
#14800=CARTESIAN_POINT('Ctrl Pts',(28.7212189151341,72.8333552024652,-168.155643601662));
#14801=CARTESIAN_POINT('Ctrl Pts',(29.458688969262,72.5832211847356,-167.594289725363));
#14802=CARTESIAN_POINT('Ctrl Pts',(29.9892169244235,72.3510321598466,-167.104705275184));
#14803=CARTESIAN_POINT('Ctrl Pts',(30.752110346754,71.9586020953352,-166.352899223005));
#14804=CARTESIAN_POINT('Ctrl Pts',(31.1965571433117,71.6987179894564,-165.844380029467));
#14805=CARTESIAN_POINT('Ctrl Pts',(32.1465790609045,71.0130778572327,-164.648587731215));
#14806=CARTESIAN_POINT('Ctrl Pts',(32.6724206758324,70.5499918357124,-163.847705450372));
#14807=CARTESIAN_POINT('Ctrl Pts',(33.5060606125974,69.618934291196,-162.379280302742));
#14808=CARTESIAN_POINT('Ctrl Pts',(33.8874412470548,69.1218820270181,-161.580454222228));
#14809=CARTESIAN_POINT('Ctrl Pts',(34.357539032633,68.3612782026207,-160.35717598333));
#14810=CARTESIAN_POINT('Ctrl Pts',(34.6449609693747,67.8383962417441,-159.500512560531));
#14811=CARTESIAN_POINT('Ctrl Pts',(34.8609113756479,67.3262827373421,-158.650991984676));
#14812=CARTESIAN_POINT('Ctrl Pts',(35.1559605482351,66.5404486943147,-157.269134561839));
#14813=CARTESIAN_POINT('Ctrl Pts',(35.2723869224984,66.0483534499996,-156.382925555661));
#14814=CARTESIAN_POINT('Ctrl Pts',(35.420005593004,65.2080561250447,-154.657289679685));
#14815=CARTESIAN_POINT('Ctrl Pts',(35.4533446698162,64.8524096749886,-153.783298818003));
#14816=CARTESIAN_POINT('Ctrl Pts',(35.462125861828,64.6139491228756,-152.789247378636));
#14817=CARTESIAN_POINT('Ctrl Pts',(35.4627566526274,64.5839672935644,-152.649958464793));
#14818=CARTESIAN_POINT('Ctrl Pts',(35.4627621098649,64.5577293284118,-152.511468124963));
#14819=CARTESIAN_POINT('Ctrl Pts',(23.9702392509674,74.5163679235757,-170.111110183969));
#14820=CARTESIAN_POINT('Ctrl Pts',(24.0837139864438,74.5109785218504,-170.086505962618));
#14821=CARTESIAN_POINT('Ctrl Pts',(24.1963074094284,74.5044358746226,-170.060748059317));
#14822=CARTESIAN_POINT('Ctrl Pts',(24.3573027648026,74.4933721347961,-170.021966173674));
#14823=CARTESIAN_POINT('Ctrl Pts',(24.4722423308621,74.4853488662022,-169.99335596947));
#14824=CARTESIAN_POINT('Ctrl Pts',(24.6856905759595,74.4680676717529,-169.937156191641));
#14825=CARTESIAN_POINT('Ctrl Pts',(25.0528597953484,74.4331538808992,-169.833411651881));
#14826=CARTESIAN_POINT('Ctrl Pts',(25.7584396839492,74.3453147759299,-169.605435220367));
#14827=CARTESIAN_POINT('Ctrl Pts',(26.3561860684644,74.2392591915664,-169.367529959086));
#14828=CARTESIAN_POINT('Ctrl Pts',(27.0402255078753,74.0993742489869,-169.04011812883));
#14829=CARTESIAN_POINT('Ctrl Pts',(27.4792685290999,73.9936603032577,-168.812351544926));
#14830=CARTESIAN_POINT('Ctrl Pts',(27.8959689039797,73.87556821275,-168.564974112318));
#14831=CARTESIAN_POINT('Ctrl Pts',(28.1639954285596,73.7943200598428,-168.394000949968));
#14832=CARTESIAN_POINT('Ctrl Pts',(28.276610838391,73.7578167860272,-168.321433089518));
#14833=CARTESIAN_POINT('Ctrl Pts',(28.5050565005275,73.6819036249822,-168.168622465949));
#14834=CARTESIAN_POINT('Ctrl Pts',(28.8933753309066,73.5445472658897,-167.894946358661));
#14835=CARTESIAN_POINT('Ctrl Pts',(29.6310998412181,73.2522899498351,-167.318544932578));
#14836=CARTESIAN_POINT('Ctrl Pts',(30.1562811718594,72.9863784838592,-166.821698433795));
#14837=CARTESIAN_POINT('Ctrl Pts',(30.9134252271378,72.5408950432491,-166.060681581675));
#14838=CARTESIAN_POINT('Ctrl Pts',(31.3471918983616,72.2501274029847,-165.551689973201));
#14839=CARTESIAN_POINT('Ctrl Pts',(32.279246425078,71.4898078837586,-164.357595025738));
#14840=CARTESIAN_POINT('Ctrl Pts',(32.7867926975472,70.984227923687,-163.567100225315));
#14841=CARTESIAN_POINT('Ctrl Pts',(33.5950679026973,69.9753253026032,-162.120989527182));
#14842=CARTESIAN_POINT('Ctrl Pts',(33.9592967672201,69.441998031762,-161.341063029162));
#14843=CARTESIAN_POINT('Ctrl Pts',(34.4078059191385,68.6311196921041,-160.150943201102));
#14844=CARTESIAN_POINT('Ctrl Pts',(34.6811803549704,68.0757870848303,-159.319347811828));
#14845=CARTESIAN_POINT('Ctrl Pts',(34.8867714175246,67.5343968712028,-158.495352143704));
#14846=CARTESIAN_POINT('Ctrl Pts',(35.1666303928707,66.706701960686,-157.157165619039));
#14847=CARTESIAN_POINT('Ctrl Pts',(35.2786634673802,66.1898901303041,-156.295522797404));
#14848=CARTESIAN_POINT('Ctrl Pts',(35.4211277005838,65.3105004927614,-154.608143695069));
#14849=CARTESIAN_POINT('Ctrl Pts',(35.4535842070274,64.9410213512585,-153.751348278066));
#14850=CARTESIAN_POINT('Ctrl Pts',(35.4621492534859,64.6994095017576,-152.769496471365));
#14851=CARTESIAN_POINT('Ctrl Pts',(35.4627603242614,64.669290541523,-152.632006865576));
#14852=CARTESIAN_POINT('Ctrl Pts',(35.4627621585293,64.6431834845895,-152.495124021552));
#14853=CARTESIAN_POINT('Ctrl Pts',(23.8812827246913,76.2106605849991,-169.405009954964));
#14854=CARTESIAN_POINT('Ctrl Pts',(24.0060514225909,76.2029899586045,-169.379262954279));
#14855=CARTESIAN_POINT('Ctrl Pts',(24.1298128807659,76.1937367448193,-169.352241759771));
#14856=CARTESIAN_POINT('Ctrl Pts',(24.306560820807,76.1781783753996,-169.311508604775));
#14857=CARTESIAN_POINT('Ctrl Pts',(24.429727860766,76.1671945163206,-169.281889100819));
#14858=CARTESIAN_POINT('Ctrl Pts',(24.6603150970149,76.1433253565085,-169.223314985506));
#14859=CARTESIAN_POINT('Ctrl Pts',(25.0566670151888,76.0951800924113,-169.114984561977));
#14860=CARTESIAN_POINT('Ctrl Pts',(25.81686982974,75.9745633789903,-168.876599124185));
#14861=CARTESIAN_POINT('Ctrl Pts',(26.4505177065078,75.8309567988799,-168.629010520862));
#14862=CARTESIAN_POINT('Ctrl Pts',(27.154212982832,75.6445840693364,-168.294219921419));
#14863=CARTESIAN_POINT('Ctrl Pts',(27.6101204628512,75.5043616393813,-168.060902299656));
#14864=CARTESIAN_POINT('Ctrl Pts',(28.0366811989894,75.3499209545128,-167.809972116707));
#14865=CARTESIAN_POINT('Ctrl Pts',(28.3083907972048,75.2445156028375,-167.637738746918));
#14866=CARTESIAN_POINT('Ctrl Pts',(28.4239053513618,75.1972066650843,-167.564360176579));
#14867=CARTESIAN_POINT('Ctrl Pts',(28.6561733728258,75.0992621641628,-167.410581211028));
#14868=CARTESIAN_POINT('Ctrl Pts',(29.0489373593314,74.9231552843131,-167.136343066126));
#14869=CARTESIAN_POINT('Ctrl Pts',(29.786107915219,74.5531038580332,-166.563999162953));
#14870=CARTESIAN_POINT('Ctrl Pts',(30.305506824548,74.2243758028061,-166.077314945005));
#14871=CARTESIAN_POINT('Ctrl Pts',(31.0626483328917,73.679085652979,-165.331426267534));
#14872=CARTESIAN_POINT('Ctrl Pts',(31.4837982443005,73.3302371298731,-164.841320740813));
#14873=CARTESIAN_POINT('Ctrl Pts',(32.4050396124205,72.427627135058,-163.688656577596));
#14874=CARTESIAN_POINT('Ctrl Pts',(32.8930695290454,71.8406297176147,-162.938572473137));
#14875=CARTESIAN_POINT('Ctrl Pts',(33.6815126723084,70.6809087272796,-161.563832734659));
#14876=CARTESIAN_POINT('Ctrl Pts',(34.0267412211635,70.077045463744,-160.832975212616));
#14877=CARTESIAN_POINT('Ctrl Pts',(34.4522853838324,69.1677354676841,-159.72102156341));
#14878=CARTESIAN_POINT('Ctrl Pts',(34.7103735249673,68.5486686323942,-158.946120669536));
#14879=CARTESIAN_POINT('Ctrl Pts',(34.9053585789665,67.9494109062797,-158.177035567217));
#14880=CARTESIAN_POINT('Ctrl Pts',(35.168830456278,67.038844813547,-156.931028661125));
#14881=CARTESIAN_POINT('Ctrl Pts',(35.2778426917455,66.4727523201364,-156.119432064182));
#14882=CARTESIAN_POINT('Ctrl Pts',(35.4172998519067,65.5153677455883,-154.509680772952));
#14883=CARTESIAN_POINT('Ctrl Pts',(35.4496927352163,65.118229061856,-153.687347105755));
#14884=CARTESIAN_POINT('Ctrl Pts',(35.4583498038528,64.8703264298421,-152.729972867595));
#14885=CARTESIAN_POINT('Ctrl Pts',(35.4589668672829,64.83993510597,-152.596092972131));
#14886=CARTESIAN_POINT('Ctrl Pts',(35.4589765511379,64.8140917278245,-152.462435678728));
#14887=CARTESIAN_POINT('Ctrl Pts',(23.4468131833723,78.3566428184968,-167.03708760647));
#14888=CARTESIAN_POINT('Ctrl Pts',(23.5766540484289,78.3480713675906,-167.014904609908));
#14889=CARTESIAN_POINT('Ctrl Pts',(23.7056570955652,78.3375109642366,-166.991650553757));
#14890=CARTESIAN_POINT('Ctrl Pts',(23.8899065536925,78.319535054925,-166.956678577494));
#14891=CARTESIAN_POINT('Ctrl Pts',(24.011777600613,78.3071166701908,-166.932135305976));
#14892=CARTESIAN_POINT('Ctrl Pts',(24.2448841104755,78.2796164310201,-166.883009803363));
#14893=CARTESIAN_POINT('Ctrl Pts',(24.6467018015152,78.2235411750947,-166.792120887611));
#14894=CARTESIAN_POINT('Ctrl Pts',(25.4223479104605,78.0811946353741,-166.59222282102));
#14895=CARTESIAN_POINT('Ctrl Pts',(26.0607013491727,77.9102176632961,-166.386897248132));
#14896=CARTESIAN_POINT('Ctrl Pts',(26.73866880325,77.6912304917708,-166.117956625559));
#14897=CARTESIAN_POINT('Ctrl Pts',(27.1940940740834,77.5248774795974,-165.927028689328));
#14898=CARTESIAN_POINT('Ctrl Pts',(27.6172323376557,77.3419613234587,-165.722968514756));
#14899=CARTESIAN_POINT('Ctrl Pts',(27.884559749123,77.2175315412436,-165.583858061533));
#14900=CARTESIAN_POINT('Ctrl Pts',(28.0016487670497,77.1612948440881,-165.523560294235));
#14901=CARTESIAN_POINT('Ctrl Pts',(28.234279158933,77.0452410712822,-165.398187777371));
#14902=CARTESIAN_POINT('Ctrl Pts',(28.6276078233377,76.8367260857797,-165.174882606985));
#14903=CARTESIAN_POINT('Ctrl Pts',(29.3631437031972,76.3998338058416,-164.710800599878));
#14904=CARTESIAN_POINT('Ctrl Pts',(29.8929170591339,76.0119068858228,-164.312659258844));
#14905=CARTESIAN_POINT('Ctrl Pts',(30.6932026246906,75.3644577600698,-163.687712218734));
#14906=CARTESIAN_POINT('Ctrl Pts',(31.1268432151537,74.954327526381,-163.284754463604));
#14907=CARTESIAN_POINT('Ctrl Pts',(32.1220287174653,73.8857858933459,-162.305766989639));
#14908=CARTESIAN_POINT('Ctrl Pts',(32.6399625816901,73.196781356905,-161.676699604131));
#14909=CARTESIAN_POINT('Ctrl Pts',(33.5059586562021,71.8313469910695,-160.493233070319));
#14910=CARTESIAN_POINT('Ctrl Pts',(33.8739129506095,71.1265680556982,-159.875613506763));
#14911=CARTESIAN_POINT('Ctrl Pts',(34.3319568532766,70.0691604950008,-158.928593631075));
#14912=CARTESIAN_POINT('Ctrl Pts',(34.6091053509885,69.3518285154227,-158.268280008404));
#14913=CARTESIAN_POINT('Ctrl Pts',(34.8213044369728,68.6593822550978,-157.604096517586));
#14914=CARTESIAN_POINT('Ctrl Pts',(35.10557991544,67.6137576293298,-156.530492176441));
#14915=CARTESIAN_POINT('Ctrl Pts',(35.2294976373957,66.9638511573732,-155.80848081484));
#14916=CARTESIAN_POINT('Ctrl Pts',(35.3893069527789,65.8728570709262,-154.337035465554));
#14917=CARTESIAN_POINT('Ctrl Pts',(35.4275852320424,65.4276109351377,-153.575202604681));
#14918=CARTESIAN_POINT('Ctrl Pts',(35.4382537044598,65.1688436129674,-152.660861714203));
#14919=CARTESIAN_POINT('Ctrl Pts',(35.4390404519656,65.1379893396319,-152.533325521495));
#14920=CARTESIAN_POINT('Ctrl Pts',(35.4391166072666,65.112615296661,-152.405338783804));
#14921=CARTESIAN_POINT('Ctrl Pts',(22.9627882852604,78.7523270518119,-164.750865575876));
#14922=CARTESIAN_POINT('Ctrl Pts',(23.0818940391394,78.7469691349937,-164.734645441483));
#14923=CARTESIAN_POINT('Ctrl Pts',(23.2005778275792,78.7398558356393,-164.717737952393));
#14924=CARTESIAN_POINT('Ctrl Pts',(23.3704236629239,78.7270956408869,-164.692464179483));
#14925=CARTESIAN_POINT('Ctrl Pts',(23.4772303284421,78.7183497362149,-164.675714566798));
#14926=CARTESIAN_POINT('Ctrl Pts',(23.6864580693027,78.6982775061015,-164.641585242006));
#14927=CARTESIAN_POINT('Ctrl Pts',(24.0492113207417,78.6561035204061,-164.578522500142));
#14928=CARTESIAN_POINT('Ctrl Pts',(24.7589432590568,78.5444518586131,-164.43999619169));
#14929=CARTESIAN_POINT('Ctrl Pts',(25.345415771609,78.404758841469,-164.299712775959));
#14930=CARTESIAN_POINT('Ctrl Pts',(25.9522041466658,78.2262644250049,-164.123729395272));
#14931=CARTESIAN_POINT('Ctrl Pts',(26.3783672326575,78.0864532972299,-163.993076939915));
#14932=CARTESIAN_POINT('Ctrl Pts',(26.7789083943268,77.9298505844175,-163.852613450649));
#14933=CARTESIAN_POINT('Ctrl Pts',(27.0325920908798,77.8227026406789,-163.75706231284));
#14934=CARTESIAN_POINT('Ctrl Pts',(27.1468260949224,77.7734389482619,-163.714213225174));
#14935=CARTESIAN_POINT('Ctrl Pts',(27.3727317210335,77.6717485838163,-163.625911641612));
#14936=CARTESIAN_POINT('Ctrl Pts',(27.7577061535963,77.4876045594024,-163.467715871359));
#14937=CARTESIAN_POINT('Ctrl Pts',(28.4872620910206,77.0963216700753,-163.136119416266));
#14938=CARTESIAN_POINT('Ctrl Pts',(29.0380248105542,76.7362764302275,-162.838333969414));
#14939=CARTESIAN_POINT('Ctrl Pts',(29.8982650267099,76.117636836193,-162.348012263582));
#14940=CARTESIAN_POINT('Ctrl Pts',(30.3679371078955,75.7205542956433,-162.034254304016));
#14941=CARTESIAN_POINT('Ctrl Pts',(31.4875470609474,74.6530421319998,-161.227582785794));
#14942=CARTESIAN_POINT('Ctrl Pts',(32.0800342851338,73.9507777621932,-160.707908404637));
#14943=CARTESIAN_POINT('Ctrl Pts',(33.0947025555777,72.5247722091285,-159.689923712227));
#14944=CARTESIAN_POINT('Ctrl Pts',(33.5272496421786,71.7816506000835,-159.164883390348));
#14945=CARTESIAN_POINT('Ctrl Pts',(34.07149599831,70.6547156458411,-158.347321163157));
#14946=CARTESIAN_POINT('Ctrl Pts',(34.4022000898833,69.8871806777491,-157.775104608784));
#14947=CARTESIAN_POINT('Ctrl Pts',(34.6580547476136,69.1404132463941,-157.189262433399));
#14948=CARTESIAN_POINT('Ctrl Pts',(35.000759512276,68.013612277671,-156.24309690003));
#14949=CARTESIAN_POINT('Ctrl Pts',(35.1532196477771,67.3079171734476,-155.585668573476));
#14950=CARTESIAN_POINT('Ctrl Pts',(35.3502960769709,66.1262216091115,-154.213781638372));
#14951=CARTESIAN_POINT('Ctrl Pts',(35.3981616221212,65.6472894476608,-153.495189875771));
#14952=CARTESIAN_POINT('Ctrl Pts',(35.4119245908448,65.3810321071292,-152.611664032204));
#14953=CARTESIAN_POINT('Ctrl Pts',(35.4129745005151,65.3498671071583,-152.488671197938));
#14954=CARTESIAN_POINT('Ctrl Pts',(35.4131449868505,65.3248365738016,-152.364747967192));
#14955=CARTESIAN_POINT('Ctrl Pts',(22.6713090239153,78.5240721979703,-163.456367973044));
#14956=CARTESIAN_POINT('Ctrl Pts',(22.7798718765187,78.5218176096845,-163.443581567489));
#14957=CARTESIAN_POINT('Ctrl Pts',(22.888314306773,78.5180840193946,-163.430307310769));
#14958=CARTESIAN_POINT('Ctrl Pts',(23.0437581116757,78.5106202159698,-163.4105682543));
#14959=CARTESIAN_POINT('Ctrl Pts',(23.138033358605,78.5055150166904,-163.398307880573));
#14960=CARTESIAN_POINT('Ctrl Pts',(23.3260546804006,78.4930476020395,-163.372760032866));
#14961=CARTESIAN_POINT('Ctrl Pts',(23.653622654592,78.4653605023028,-163.325546835494));
#14962=CARTESIAN_POINT('Ctrl Pts',(24.3015511879834,78.3871493753471,-163.221739432332));
#14963=CARTESIAN_POINT('Ctrl Pts',(24.8405387412023,78.2827458674902,-163.11798005958));
#14964=CARTESIAN_POINT('Ctrl Pts',(25.3901286174101,78.1499336350815,-162.994571762435));
#14965=CARTESIAN_POINT('Ctrl Pts',(25.7888428170315,78.0418632855433,-162.897724168696));
#14966=CARTESIAN_POINT('Ctrl Pts',(26.1680399442283,77.9177520380596,-162.792869192554));
#14967=CARTESIAN_POINT('Ctrl Pts',(26.4091660513551,77.8321877803262,-162.721732668694));
#14968=CARTESIAN_POINT('Ctrl Pts',(26.5196676442391,77.7920509481768,-162.688593929669));
#14969=CARTESIAN_POINT('Ctrl Pts',(26.7378871919917,77.7091377283199,-162.62097113192));
#14970=CARTESIAN_POINT('Ctrl Pts',(27.1123133293457,77.5574054770814,-162.499060763632));
#14971=CARTESIAN_POINT('Ctrl Pts',(27.8305389507863,77.2293637293029,-162.241284655968));
#14972=CARTESIAN_POINT('Ctrl Pts',(28.3917011897469,76.9139545128153,-161.999061085617));
#14973=CARTESIAN_POINT('Ctrl Pts',(29.2861643688758,76.3546572037763,-161.582447722527));
#14974=CARTESIAN_POINT('Ctrl Pts',(29.7803787295855,75.9898018363001,-161.318047627021));
#14975=CARTESIAN_POINT('Ctrl Pts',(30.9838861097828,74.9765130151321,-160.605516074578));
#14976=CARTESIAN_POINT('Ctrl Pts',(31.6323032981178,74.2938225648294,-160.146507410038));
#14977=CARTESIAN_POINT('Ctrl Pts',(32.7581396864876,72.8739029536481,-159.22027256156));
#14978=CARTESIAN_POINT('Ctrl Pts',(33.2429061544915,72.1246398089503,-158.747693924596));
#14979=CARTESIAN_POINT('Ctrl Pts',(33.8575644762469,70.9748362919435,-158.004389677285));
#14980=CARTESIAN_POINT('Ctrl Pts',(34.2327527332143,70.1877612272041,-157.483106217006));
#14981=CARTESIAN_POINT('Ctrl Pts',(34.5250155423006,69.415153076234,-156.943046593387));
#14982=CARTESIAN_POINT('Ctrl Pts',(34.9171685681971,68.2478987292264,-156.071811394624));
#14983=CARTESIAN_POINT('Ctrl Pts',(35.0928939673714,67.5108718288108,-155.452701424));
#14984=CARTESIAN_POINT('Ctrl Pts',(35.3201843386495,66.2772895675494,-154.140050678927));
#14985=CARTESIAN_POINT('Ctrl Pts',(35.3756634882147,65.7783557724974,-153.447332889311));
#14986=CARTESIAN_POINT('Ctrl Pts',(35.3918502008684,65.5076979796762,-152.582269262791));
#14987=CARTESIAN_POINT('Ctrl Pts',(35.3931079798311,65.4763556194509,-152.462000472664));
#14988=CARTESIAN_POINT('Ctrl Pts',(35.3933516912891,65.4515348119232,-152.340514672173));
#14989=CARTESIAN_POINT('',(33.5573139463721,71.5338887494038,-158.365690564259));
#14990=CARTESIAN_POINT('Ctrl Pts',(33.557337556311,71.5339431517259,-158.365654691341));
#14991=CARTESIAN_POINT('Ctrl Pts',(33.1720041615373,72.2333800566464,-158.816360166363));
#14992=CARTESIAN_POINT('Ctrl Pts',(32.7171723319702,72.9255715181912,-159.253976740778));
#14993=CARTESIAN_POINT('Ctrl Pts',(31.6323032981178,74.2938225648294,-160.146507410038));
#14994=CARTESIAN_POINT('Ctrl Pts',(30.9838861097828,74.9765130151321,-160.605516074578));
#14995=CARTESIAN_POINT('Ctrl Pts',(29.7803787295855,75.9898018363001,-161.318047627021));
#14996=CARTESIAN_POINT('Ctrl Pts',(29.2861643688758,76.3546572037763,-161.582447722527));
#14997=CARTESIAN_POINT('Ctrl Pts',(28.3917011897469,76.9139545128153,-161.999061085617));
#14998=CARTESIAN_POINT('Ctrl Pts',(27.8305389507863,77.2293637293029,-162.241284655968));
#14999=CARTESIAN_POINT('Ctrl Pts',(27.1123133293457,77.5574054770814,-162.499060763632));
#15000=CARTESIAN_POINT('Ctrl Pts',(26.7378871919917,77.7091377283199,-162.62097113192));
#15001=CARTESIAN_POINT('Ctrl Pts',(26.5196676442391,77.7920509481768,-162.688593929669));
#15002=CARTESIAN_POINT('Ctrl Pts',(26.4091660513551,77.8321877803262,-162.721732668694));
#15003=CARTESIAN_POINT('Ctrl Pts',(26.1680399442283,77.9177520380596,-162.792869192554));
#15004=CARTESIAN_POINT('Ctrl Pts',(25.7888428170315,78.0418632855433,-162.897724168696));
#15005=CARTESIAN_POINT('Ctrl Pts',(25.3901286174101,78.1499336350815,-162.994571762435));
#15006=CARTESIAN_POINT('Ctrl Pts',(24.8405387412023,78.2827458674902,-163.11798005958));
#15007=CARTESIAN_POINT('Ctrl Pts',(24.3015511879834,78.3871493753471,-163.221739432332));
#15008=CARTESIAN_POINT('Ctrl Pts',(23.653622654592,78.4653605023028,-163.325546835494));
#15009=CARTESIAN_POINT('Ctrl Pts',(23.3260546804006,78.4930476020395,-163.372760032866));
#15010=CARTESIAN_POINT('Ctrl Pts',(23.138033358605,78.5055150166904,-163.398307880573));
#15011=CARTESIAN_POINT('Ctrl Pts',(23.0437581116757,78.5106202159698,-163.4105682543));
#15012=CARTESIAN_POINT('Ctrl Pts',(22.888314306773,78.5180840193946,-163.430307310769));
#15013=CARTESIAN_POINT('Ctrl Pts',(22.7798718765187,78.5218176096845,-163.443581567489));
#15014=CARTESIAN_POINT('Ctrl Pts',(22.6713090239153,78.5240721979703,-163.456367973044));
#15015=CARTESIAN_POINT('Ctrl Pts',(35.3742510835227,65.7356342858217,-153.185584935421));
#15016=CARTESIAN_POINT('Ctrl Pts',(35.3485957903302,66.0026708839619,-153.749338768154));
#15017=CARTESIAN_POINT('Ctrl Pts',(35.2958032968,66.409613785982,-154.280856435763));
#15018=CARTESIAN_POINT('Ctrl Pts',(35.0928939673714,67.5108718288108,-155.452701424));
#15019=CARTESIAN_POINT('Ctrl Pts',(34.9171685681971,68.2478987292264,-156.071811394624));
#15020=CARTESIAN_POINT('Ctrl Pts',(34.5250155423006,69.415153076234,-156.943046593387));
#15021=CARTESIAN_POINT('Ctrl Pts',(34.2327527332143,70.1877612272041,-157.483106217006));
#15022=CARTESIAN_POINT('Ctrl Pts',(33.8575644762469,70.9748362919435,-158.004389677285));
#15023=CARTESIAN_POINT('Ctrl Pts',(33.6173311020976,71.4242260890432,-158.294903091048));
#15024=CARTESIAN_POINT('Ctrl Pts',(33.5875479205509,71.4791068879941,-158.330319117653));
#15025=CARTESIAN_POINT('Ctrl Pts',(33.557337556311,71.5339431517259,-158.365654691341));
#15026=CARTESIAN_POINT('Origin',(22.5252788449452,54.1768230947192,-99.6643960086258));
#15027=UNCERTAINTY_MEASURE_WITH_UNIT(LENGTH_MEASURE(0.01),#15031,
'DISTANCE_ACCURACY_VALUE',
'Maximum model space distance between geometric entities at asserted c
onnectivities');
#15028=UNCERTAINTY_MEASURE_WITH_UNIT(LENGTH_MEASURE(0.01),#15031,
'DISTANCE_ACCURACY_VALUE',
'Maximum model space distance between geometric entities at asserted c
onnectivities');
#15029=(
GEOMETRIC_REPRESENTATION_CONTEXT(3)
GLOBAL_UNCERTAINTY_ASSIGNED_CONTEXT((#15027))
GLOBAL_UNIT_ASSIGNED_CONTEXT((#15031,#15033,#15034))
REPRESENTATION_CONTEXT('','3D')
);
#15030=(
GEOMETRIC_REPRESENTATION_CONTEXT(3)
GLOBAL_UNCERTAINTY_ASSIGNED_CONTEXT((#15028))
GLOBAL_UNIT_ASSIGNED_CONTEXT((#15031,#15033,#15034))
REPRESENTATION_CONTEXT('','3D')
);
#15031=(
LENGTH_UNIT()
NAMED_UNIT(*)
SI_UNIT(.MILLI.,.METRE.)
);
#15032=(
LENGTH_UNIT()
NAMED_UNIT(*)
SI_UNIT($,.METRE.)
);
#15033=(
NAMED_UNIT(*)
PLANE_ANGLE_UNIT()
SI_UNIT($,.RADIAN.)
);
#15034=(
NAMED_UNIT(*)
SI_UNIT($,.STERADIAN.)
SOLID_ANGLE_UNIT()
);
#15035=SHAPE_DEFINITION_REPRESENTATION(#15036,#15037);
#15036=PRODUCT_DEFINITION_SHAPE('',$,#15039);
#15037=SHAPE_REPRESENTATION('',(#7726),#15029);
#15038=PRODUCT_DEFINITION_CONTEXT('part definition',#15043,'design');
#15039=PRODUCT_DEFINITION('Akkuadapter','Akkuadapter',#15040,#15038);
#15040=PRODUCT_DEFINITION_FORMATION('',$,#15045);
#15041=PRODUCT_RELATED_PRODUCT_CATEGORY('Akkuadapter','Akkuadapter',(#15045));
#15042=APPLICATION_PROTOCOL_DEFINITION('international standard',
'automotive_design',2009,#15043);
#15043=APPLICATION_CONTEXT(
'Core Data for Automotive Mechanical Design Process');
#15044=PRODUCT_CONTEXT('part definition',#15043,'mechanical');
#15045=PRODUCT('Akkuadapter','Akkuadapter',$,(#15044));
#15046=PRESENTATION_STYLE_ASSIGNMENT((#15048));
#15047=PRESENTATION_STYLE_ASSIGNMENT((#15049));
#15048=SURFACE_STYLE_USAGE(.BOTH.,#15050);
#15049=SURFACE_STYLE_USAGE(.BOTH.,#15051);
#15050=SURFACE_SIDE_STYLE('',(#15052));
#15051=SURFACE_SIDE_STYLE('',(#15053));
#15052=SURFACE_STYLE_FILL_AREA(#15054);
#15053=SURFACE_STYLE_FILL_AREA(#15055);
#15054=FILL_AREA_STYLE('Steel - Satin',(#15056));
#15055=FILL_AREA_STYLE('Plastic - Matte (White)',(#15057));
#15056=FILL_AREA_STYLE_COLOUR('Steel - Satin',#15058);
#15057=FILL_AREA_STYLE_COLOUR('Plastic - Matte (White)',#15059);
#15058=COLOUR_RGB('Steel - Satin',0.627450980392157,0.627450980392157,0.627450980392157);
#15059=COLOUR_RGB('Plastic - Matte (White)',1.,0.529411764705882,0.356862745098039);
ENDSEC;
END-ISO-10303-21;
