ISO-10303-21;
HEADER;
/* Generated by software containing ST-Developer
 * from STEP Tools, Inc. (www.steptools.com) 
 */

FILE_DESCRIPTION(
/* description */ (''),
/* implementation_level */ '2;1');

FILE_NAME(
/* name */ '20250626_Verbinder.step',
/* time_stamp */ '2026-06-26T18:49:42+02:00',
/* author */ (''),
/* organization */ (''),
/* preprocessor_version */ 'ST-DEVELOPER v20.1',
/* originating_system */ 'Autodesk Translation Framework v15.8.0.0',
/* authorisation */ '');

FILE_SCHEMA (('AUTOMOTIVE_DESIGN { 1 0 10303 214 3 1 1 }'));
ENDSEC;

DATA;
#10=MECHANICAL_DESIGN_GEOMETRIC_PRESENTATION_REPRESENTATION('',(#13),#2605);
#11=SHAPE_REPRESENTATION_RELATIONSHIP('SRR','None',#2612,#12);
#12=ADVANCED_BREP_SHAPE_REPRESENTATION('',(#14),#2604);
#13=STYLED_ITEM('',(#2622),#14);
#14=MANIFOLD_SOLID_BREP('20251006_Verbinder',#362);
#15=CONICAL_SURFACE('',#401,23.,0.785398163397451);
#16=B_SPLINE_SURFACE_WITH_KNOTS('',3,3,((#615,#616,#617,#618),(#619,#620,
#621,#622),(#623,#624,#625,#626),(#627,#628,#629,#630),(#631,#632,#633,
#634),(#635,#636,#637,#638),(#639,#640,#641,#642),(#643,#644,#645,#646),
(#647,#648,#649,#650),(#651,#652,#653,#654),(#655,#656,#657,#658),(#659,
#660,#661,#662),(#663,#664,#665,#666),(#667,#668,#669,#670),(#671,#672,
#673,#674),(#675,#676,#677,#678),(#679,#680,#681,#682),(#683,#684,#685,
#686),(#687,#688,#689,#690),(#691,#692,#693,#694),(#695,#696,#697,#698),
(#699,#700,#701,#702),(#703,#704,#705,#706),(#707,#708,#709,#710),(#711,
#712,#713,#714),(#715,#716,#717,#718),(#719,#720,#721,#722),(#723,#724,
#725,#726),(#727,#728,#729,#730),(#731,#732,#733,#734),(#735,#736,#737,
#738),(#739,#740,#741,#742),(#743,#744,#745,#746),(#747,#748,#749,#750),
(#751,#752,#753,#754),(#755,#756,#757,#758),(#759,#760,#761,#762),(#763,
#764,#765,#766),(#767,#768,#769,#770),(#771,#772,#773,#774),(#775,#776,
#777,#778),(#779,#780,#781,#782),(#783,#784,#785,#786),(#787,#788,#789,
#790),(#791,#792,#793,#794),(#795,#796,#797,#798),(#799,#800,#801,#802),
(#803,#804,#805,#806),(#807,#808,#809,#810),(#811,#812,#813,#814),(#815,
#816,#817,#818),(#819,#820,#821,#822),(#823,#824,#825,#826),(#827,#828,
#829,#830),(#831,#832,#833,#834),(#835,#836,#837,#838),(#839,#840,#841,
#842),(#843,#844,#845,#846),(#847,#848,#849,#850),(#851,#852,#853,#854),
(#855,#856,#857,#858),(#859,#860,#861,#862),(#863,#864,#865,#866),(#867,
#868,#869,#870),(#871,#872,#873,#874),(#875,#876,#877,#878),(#879,#880,
#881,#882),(#883,#884,#885,#886),(#887,#888,#889,#890),(#891,#892,#893,
#894),(#895,#896,#897,#898),(#899,#900,#901,#902),(#903,#904,#905,#906),
(#907,#908,#909,#910),(#911,#912,#913,#914),(#915,#916,#917,#918),(#919,
#920,#921,#922),(#923,#924,#925,#926),(#927,#928,#929,#930),(#931,#932,
#933,#934),(#935,#936,#937,#938),(#939,#940,#941,#942),(#943,#944,#945,
#946),(#947,#948,#949,#950)),.UNSPECIFIED.,.T.,.F.,.F.,(4,1,1,1,2,2,2,1,
2,2,2,1,2,1,1,1,1,1,1,1,1,1,1,1,1,1,1,1,1,2,1,1,1,2,2,2,1,2,2,2,2,1,1,1,
1,1,1,1,1,1,1,1,1,1,1,1,1,1,1,1,1,1,1,1,1,1,4),(4,4),(0.,0.0264058278323373,
0.0528116556646746,0.079217483497012,0.105623311329349,0.106119358274821,
0.106653121070461,0.134615953888566,0.162578786706671,0.163112537518939,
0.163608544617899,0.178300991629846,0.192993438641792,0.232310689578497,
0.271627940515202,0.278180815671319,0.284733690827437,0.291286565983554,
0.297839441139672,0.324050941764142,0.337156692076377,0.350262442388612,
0.369921067856964,0.379750380591141,0.389579693325317,0.409238318793669,
0.428896944262022,0.468214195198727,0.478043507932903,0.507531446135432,
0.532054170209051,0.556576894282671,0.58109961835629,0.60562234242991,0.606118190728812,
0.606651763039476,0.634635207160845,0.662618651282214,0.663152218109187,
0.663648076087471,0.682378713637078,0.707653045786603,0.732927377936128,
0.758201710085654,0.783476042235179,0.796113208309942,0.808750374384704,
0.827706123496848,0.83402470653423,0.859299038683755,0.862458330202446,
0.865617621721136,0.871936204758518,0.875095496277208,0.878254787795899,
0.88141407931459,0.882993725073935,0.88457337083328,0.91343002812496,0.91523356920569,
0.91703711028642,0.92064419244788,0.92425127460934,0.9278583567708,0.94228668541664,
0.97114334270832,1.),(0.,1.),.UNSPECIFIED.);
#17=B_SPLINE_SURFACE_WITH_KNOTS('',3,3,((#1386,#1387,#1388,#1389,#1390,
#1391,#1392,#1393,#1394,#1395,#1396),(#1397,#1398,#1399,#1400,#1401,#1402,
#1403,#1404,#1405,#1406,#1407),(#1408,#1409,#1410,#1411,#1412,#1413,#1414,
#1415,#1416,#1417,#1418),(#1419,#1420,#1421,#1422,#1423,#1424,#1425,#1426,
#1427,#1428,#1429),(#1430,#1431,#1432,#1433,#1434,#1435,#1436,#1437,#1438,
#1439,#1440),(#1441,#1442,#1443,#1444,#1445,#1446,#1447,#1448,#1449,#1450,
#1451),(#1452,#1453,#1454,#1455,#1456,#1457,#1458,#1459,#1460,#1461,#1462),
(#1463,#1464,#1465,#1466,#1467,#1468,#1469,#1470,#1471,#1472,#1473),(#1474,
#1475,#1476,#1477,#1478,#1479,#1480,#1481,#1482,#1483,#1484),(#1485,#1486,
#1487,#1488,#1489,#1490,#1491,#1492,#1493,#1494,#1495),(#1496,#1497,#1498,
#1499,#1500,#1501,#1502,#1503,#1504,#1505,#1506),(#1507,#1508,#1509,#1510,
#1511,#1512,#1513,#1514,#1515,#1516,#1517),(#1518,#1519,#1520,#1521,#1522,
#1523,#1524,#1525,#1526,#1527,#1528),(#1529,#1530,#1531,#1532,#1533,#1534,
#1535,#1536,#1537,#1538,#1539),(#1540,#1541,#1542,#1543,#1544,#1545,#1546,
#1547,#1548,#1549,#1550),(#1551,#1552,#1553,#1554,#1555,#1556,#1557,#1558,
#1559,#1560,#1561),(#1562,#1563,#1564,#1565,#1566,#1567,#1568,#1569,#1570,
#1571,#1572),(#1573,#1574,#1575,#1576,#1577,#1578,#1579,#1580,#1581,#1582,
#1583),(#1584,#1585,#1586,#1587,#1588,#1589,#1590,#1591,#1592,#1593,#1594),
(#1595,#1596,#1597,#1598,#1599,#1600,#1601,#1602,#1603,#1604,#1605),(#1606,
#1607,#1608,#1609,#1610,#1611,#1612,#1613,#1614,#1615,#1616),(#1617,#1618,
#1619,#1620,#1621,#1622,#1623,#1624,#1625,#1626,#1627),(#1628,#1629,#1630,
#1631,#1632,#1633,#1634,#1635,#1636,#1637,#1638),(#1639,#1640,#1641,#1642,
#1643,#1644,#1645,#1646,#1647,#1648,#1649),(#1650,#1651,#1652,#1653,#1654,
#1655,#1656,#1657,#1658,#1659,#1660),(#1661,#1662,#1663,#1664,#1665,#1666,
#1667,#1668,#1669,#1670,#1671),(#1672,#1673,#1674,#1675,#1676,#1677,#1678,
#1679,#1680,#1681,#1682),(#1683,#1684,#1685,#1686,#1687,#1688,#1689,#1690,
#1691,#1692,#1693),(#1694,#1695,#1696,#1697,#1698,#1699,#1700,#1701,#1702,
#1703,#1704),(#1705,#1706,#1707,#1708,#1709,#1710,#1711,#1712,#1713,#1714,
#1715),(#1716,#1717,#1718,#1719,#1720,#1721,#1722,#1723,#1724,#1725,#1726),
(#1727,#1728,#1729,#1730,#1731,#1732,#1733,#1734,#1735,#1736,#1737),(#1738,
#1739,#1740,#1741,#1742,#1743,#1744,#1745,#1746,#1747,#1748),(#1749,#1750,
#1751,#1752,#1753,#1754,#1755,#1756,#1757,#1758,#1759),(#1760,#1761,#1762,
#1763,#1764,#1765,#1766,#1767,#1768,#1769,#1770),(#1771,#1772,#1773,#1774,
#1775,#1776,#1777,#1778,#1779,#1780,#1781),(#1782,#1783,#1784,#1785,#1786,
#1787,#1788,#1789,#1790,#1791,#1792),(#1793,#1794,#1795,#1796,#1797,#1798,
#1799,#1800,#1801,#1802,#1803),(#1804,#1805,#1806,#1807,#1808,#1809,#1810,
#1811,#1812,#1813,#1814),(#1815,#1816,#1817,#1818,#1819,#1820,#1821,#1822,
#1823,#1824,#1825),(#1826,#1827,#1828,#1829,#1830,#1831,#1832,#1833,#1834,
#1835,#1836),(#1837,#1838,#1839,#1840,#1841,#1842,#1843,#1844,#1845,#1846,
#1847),(#1848,#1849,#1850,#1851,#1852,#1853,#1854,#1855,#1856,#1857,#1858),
(#1859,#1860,#1861,#1862,#1863,#1864,#1865,#1866,#1867,#1868,#1869),(#1870,
#1871,#1872,#1873,#1874,#1875,#1876,#1877,#1878,#1879,#1880),(#1881,#1882,
#1883,#1884,#1885,#1886,#1887,#1888,#1889,#1890,#1891),(#1892,#1893,#1894,
#1895,#1896,#1897,#1898,#1899,#1900,#1901,#1902),(#1903,#1904,#1905,#1906,
#1907,#1908,#1909,#1910,#1911,#1912,#1913),(#1914,#1915,#1916,#1917,#1918,
#1919,#1920,#1921,#1922,#1923,#1924),(#1925,#1926,#1927,#1928,#1929,#1930,
#1931,#1932,#1933,#1934,#1935),(#1936,#1937,#1938,#1939,#1940,#1941,#1942,
#1943,#1944,#1945,#1946),(#1947,#1948,#1949,#1950,#1951,#1952,#1953,#1954,
#1955,#1956,#1957),(#1958,#1959,#1960,#1961,#1962,#1963,#1964,#1965,#1966,
#1967,#1968),(#1969,#1970,#1971,#1972,#1973,#1974,#1975,#1976,#1977,#1978,
#1979),(#1980,#1981,#1982,#1983,#1984,#1985,#1986,#1987,#1988,#1989,#1990),
(#1991,#1992,#1993,#1994,#1995,#1996,#1997,#1998,#1999,#2000,#2001),(#2002,
#2003,#2004,#2005,#2006,#2007,#2008,#2009,#2010,#2011,#2012),(#2013,#2014,
#2015,#2016,#2017,#2018,#2019,#2020,#2021,#2022,#2023),(#2024,#2025,#2026,
#2027,#2028,#2029,#2030,#2031,#2032,#2033,#2034),(#2035,#2036,#2037,#2038,
#2039,#2040,#2041,#2042,#2043,#2044,#2045),(#2046,#2047,#2048,#2049,#2050,
#2051,#2052,#2053,#2054,#2055,#2056),(#2057,#2058,#2059,#2060,#2061,#2062,
#2063,#2064,#2065,#2066,#2067),(#2068,#2069,#2070,#2071,#2072,#2073,#2074,
#2075,#2076,#2077,#2078),(#2079,#2080,#2081,#2082,#2083,#2084,#2085,#2086,
#2087,#2088,#2089)),.UNSPECIFIED.,.T.,.F.,.F.,(4,2,2,2,2,2,2,2,2,2,2,2,
2,2,2,2,2,2,2,2,2,2,2,2,2,2,2,2,2,2,2,4),(4,1,1,1,1,1,1,1,4),(0.,0.0295374780165572,
0.0663254141532258,0.102888500950392,0.138200768722562,0.172956742239022,
0.207582883127084,0.240834267780819,0.30210948357785,0.332222840001425,
0.362152414566784,0.391369031196768,0.421459622040544,0.45342511872233,
0.486475013400351,0.519245830838439,0.55131202488911,0.582947776944295,
0.613108896204224,0.641052538992474,0.668162169498524,0.695111062889497,
0.721843901156011,0.748386873090057,0.775549655515543,0.804327123440164,
0.833814287981009,0.862813845799268,0.891979458744511,0.922824502305883,
0.957498569973347,1.),(0.,0.0714285714285714,0.142857142857143,0.285714285714286,
0.428571428571429,0.571428571428571,0.714285714285714,0.857142857142857,
1.),.UNSPECIFIED.);
#18=B_SPLINE_SURFACE_WITH_KNOTS('',3,1,((#2177,#2178),(#2179,#2180),(#2181,
#2182),(#2183,#2184),(#2185,#2186),(#2187,#2188),(#2189,#2190),(#2191,#2192),
(#2193,#2194),(#2195,#2196),(#2197,#2198),(#2199,#2200),(#2201,#2202),(#2203,
#2204),(#2205,#2206),(#2207,#2208),(#2209,#2210),(#2211,#2212),(#2213,#2214),
(#2215,#2216),(#2217,#2218),(#2219,#2220),(#2221,#2222),(#2223,#2224),(#2225,
#2226),(#2227,#2228),(#2229,#2230),(#2231,#2232),(#2233,#2234),(#2235,#2236),
(#2237,#2238),(#2239,#2240),(#2241,#2242),(#2243,#2244),(#2245,#2246),(#2247,
#2248),(#2249,#2250),(#2251,#2252),(#2253,#2254)),.UNSPECIFIED.,.T.,.F.,
 .F.,(4,2,2,2,2,3,2,2,2,2,2,2,2,2,2,2,2,2,4),(2,2),(7.24020319717813,7.46894992344158,
7.88424903985656,8.29469234771961,8.64268435443174,9.04509936338843,9.68734826098832,
10.308918139877,10.9775330182757,11.6209327505712,12.2389280507663,12.8137218539438,
13.4197706098082,14.0102847362893,14.5600650443191,15.1118967747081,15.6275655792688,
16.0918915130455,16.2853025605666),(-0.0590320770289601,1.37085834959817),
 .UNSPECIFIED.);
#19=B_SPLINE_SURFACE_WITH_KNOTS('',3,1,((#2417,#2418),(#2419,#2420),(#2421,
#2422),(#2423,#2424),(#2425,#2426),(#2427,#2428),(#2429,#2430),(#2431,#2432),
(#2433,#2434),(#2435,#2436),(#2437,#2438),(#2439,#2440),(#2441,#2442),(#2443,
#2444),(#2445,#2446),(#2447,#2448),(#2449,#2450),(#2451,#2452),(#2453,#2454),
(#2455,#2456),(#2457,#2458),(#2459,#2460),(#2461,#2462),(#2463,#2464),(#2465,
#2466),(#2467,#2468),(#2469,#2470),(#2471,#2472),(#2473,#2474),(#2475,#2476),
(#2477,#2478),(#2479,#2480),(#2481,#2482),(#2483,#2484),(#2485,#2486),(#2487,
#2488),(#2489,#2490),(#2491,#2492),(#2493,#2494),(#2495,#2496),(#2497,#2498),
(#2499,#2500),(#2501,#2502)),.UNSPECIFIED.,.F.,.F.,.F.,(4,3,2,2,2,2,2,2,
2,3,2,2,2,2,2,2,2,3,2,4),(2,2),(-4.15388860017935,-4.15387842469242,-3.58772686719306,
-3.02157530969371,-2.45542375219435,-1.88927219469499,-1.41695414602124,
-0.944636097347495,-0.472318048673747,0.,0.514149343448986,1.02829868689797,
1.54244803034696,2.05659737379594,2.58360213349957,3.11060689320319,3.63761165290681,
4.16461641261043,5.02268213686546,5.28054510337076),(0.,2.48151229870986),
 .UNSPECIFIED.);
#20=B_SPLINE_SURFACE_WITH_KNOTS('',3,1,((#2507,#2508),(#2509,#2510),(#2511,
#2512),(#2513,#2514),(#2515,#2516),(#2517,#2518),(#2519,#2520),(#2521,#2522),
(#2523,#2524),(#2525,#2526),(#2527,#2528),(#2529,#2530),(#2531,#2532),(#2533,
#2534),(#2535,#2536),(#2537,#2538),(#2539,#2540),(#2541,#2542),(#2543,#2544),
(#2545,#2546),(#2547,#2548),(#2549,#2550),(#2551,#2552),(#2553,#2554),(#2555,
#2556),(#2557,#2558),(#2559,#2560),(#2561,#2562),(#2563,#2564),(#2565,#2566),
(#2567,#2568),(#2569,#2570),(#2571,#2572),(#2573,#2574),(#2575,#2576),(#2577,
#2578),(#2579,#2580),(#2581,#2582),(#2583,#2584),(#2585,#2586),(#2587,#2588),
(#2589,#2590)),.UNSPECIFIED.,.F.,.F.,.F.,(4,2,3,2,2,2,2,2,2,2,2,2,2,2,2,
2,2,2,3,4),(2,2),(-13.0028642990365,-12.733673850141,-11.875608300492,-11.3486035407884,
-10.8215987810848,-10.2945940213811,-9.76758926167752,-9.25343991822854,
-8.73929057477955,-8.22514123133057,-7.71099188788158,-7.23867383920783,
-6.76635579053409,-6.29403774186034,-5.82171969318659,-5.25556813568723,
-4.68941657818787,-4.12326502068852,-3.55711346318916,-3.55707306714685),
(0.,2.48151229870989),.UNSPECIFIED.);
#21=FACE_BOUND('',#56,.T.);
#22=FACE_BOUND('',#59,.T.);
#23=FACE_BOUND('',#62,.T.);
#24=FACE_BOUND('',#63,.T.);
#25=FACE_BOUND('',#67,.T.);
#26=FACE_BOUND('',#68,.T.);
#27=FACE_BOUND('',#69,.T.);
#28=FACE_BOUND('',#77,.T.);
#29=PLANE('',#382);
#30=PLANE('',#388);
#31=PLANE('',#397);
#32=PLANE('',#398);
#33=PLANE('',#403);
#34=FACE_OUTER_BOUND('',#52,.T.);
#35=FACE_OUTER_BOUND('',#53,.T.);
#36=FACE_OUTER_BOUND('',#54,.T.);
#37=FACE_OUTER_BOUND('',#55,.T.);
#38=FACE_OUTER_BOUND('',#57,.T.);
#39=FACE_OUTER_BOUND('',#58,.T.);
#40=FACE_OUTER_BOUND('',#60,.T.);
#41=FACE_OUTER_BOUND('',#61,.T.);
#42=FACE_OUTER_BOUND('',#64,.T.);
#43=FACE_OUTER_BOUND('',#65,.T.);
#44=FACE_OUTER_BOUND('',#66,.T.);
#45=FACE_OUTER_BOUND('',#70,.T.);
#46=FACE_OUTER_BOUND('',#71,.T.);
#47=FACE_OUTER_BOUND('',#72,.T.);
#48=FACE_OUTER_BOUND('',#73,.T.);
#49=FACE_OUTER_BOUND('',#74,.T.);
#50=FACE_OUTER_BOUND('',#75,.T.);
#51=FACE_OUTER_BOUND('',#76,.T.);
#52=EDGE_LOOP('',(#233,#234,#235,#236));
#53=EDGE_LOOP('',(#237,#238,#239,#240));
#54=EDGE_LOOP('',(#241,#242,#243,#244,#245));
#55=EDGE_LOOP('',(#246));
#56=EDGE_LOOP('',(#247));
#57=EDGE_LOOP('',(#248,#249,#250,#251,#252,#253,#254,#255,#256,#257,#258,
#259,#260,#261,#262,#263,#264,#265,#266));
#58=EDGE_LOOP('',(#267));
#59=EDGE_LOOP('',(#268));
#60=EDGE_LOOP('',(#269,#270,#271,#272,#273));
#61=EDGE_LOOP('',(#274,#275,#276,#277,#278));
#62=EDGE_LOOP('',(#279,#280));
#63=EDGE_LOOP('',(#281,#282));
#64=EDGE_LOOP('',(#283,#284,#285,#286));
#65=EDGE_LOOP('',(#287,#288,#289,#290,#291));
#66=EDGE_LOOP('',(#292,#293,#294,#295));
#67=EDGE_LOOP('',(#296));
#68=EDGE_LOOP('',(#297));
#69=EDGE_LOOP('',(#298));
#70=EDGE_LOOP('',(#299,#300,#301,#302));
#71=EDGE_LOOP('',(#303,#304,#305,#306,#307,#308));
#72=EDGE_LOOP('',(#309,#310,#311,#312));
#73=EDGE_LOOP('',(#313,#314,#315,#316,#317));
#74=EDGE_LOOP('',(#318,#319,#320,#321,#322,#323,#324,#325,#326,#327,#328,
#329,#330));
#75=EDGE_LOOP('',(#331,#332,#333,#334));
#76=EDGE_LOOP('',(#335));
#77=EDGE_LOOP('',(#336));
#78=B_SPLINE_CURVE_WITH_KNOTS('',3,(#481,#482,#483,#484,#485,#486,#487,
#488,#489,#490,#491,#492,#493,#494,#495,#496,#497,#498,#499,#500,#501,#502,
#503,#504,#505,#506,#507,#508,#509,#510,#511,#512,#513,#514),
 .UNSPECIFIED.,.T.,.F.,(4,2,2,2,2,2,2,2,2,2,2,2,2,2,2,2,4),(0.,0.118684207863687,
0.237368415727374,0.356052753608315,0.474737091489255,0.593421044890648,
0.71210499829204,0.830789167400366,0.949473336508691,1.06815750561702,1.18684167472534,
1.30552562812673,1.42420958152813,1.54289391940907,1.66157825729001,1.78026246515369,
1.89894667301738),.UNSPECIFIED.);
#79=B_SPLINE_CURVE_WITH_KNOTS('',3,(#520,#521,#522,#523,#524,#525,#526,
#527,#528,#529,#530,#531,#532,#533,#534,#535,#536,#537,#538,#539,#540,#541,
#542,#543,#544,#545,#546,#547,#548,#549,#550,#551,#552,#553),
 .UNSPECIFIED.,.T.,.F.,(4,2,2,2,2,2,2,2,2,2,2,2,2,2,2,2,4),(0.,0.118684207863687,
0.237368415727374,0.356052753608315,0.474737091489255,0.593421044890648,
0.71210499829204,0.830789167400366,0.949473336508691,1.06815750561702,1.18684167472534,
1.30552562812674,1.42420958152813,1.54289391940907,1.66157825729001,1.7802624651537,
1.89894667301738),.UNSPECIFIED.);
#80=B_SPLINE_CURVE_WITH_KNOTS('',3,(#557,#558,#559,#560),.UNSPECIFIED.,
 .F.,.F.,(4,4),(0.,0.291435290963339),.UNSPECIFIED.);
#81=B_SPLINE_CURVE_WITH_KNOTS('',3,(#561,#562,#563,#564,#565,#566,#567,
#568,#569,#570,#571,#572,#573,#574,#575,#576,#577,#578,#579,#580,#581,#582,
#583,#584,#585,#586,#587,#588,#589,#590,#591,#592,#593,#594,#595,#596,#597,
#598,#599,#600,#601,#602,#603,#604,#605,#606,#607,#608,#609,#610),
 .UNSPECIFIED.,.F.,.F.,(4,2,2,2,2,2,2,2,2,2,2,2,2,2,2,2,2,2,2,2,2,2,2,2,
4),(0.291435290963339,0.423718657538456,0.854430361306991,1.27366292851872,
1.62637026694801,1.90076721555535,2.03122834615323,2.11580851595651,2.19449568384014,
2.29931531013917,2.44757929768838,2.58224959859464,2.75918268244112,3.00238032118114,
3.4099685149883,3.54634683291285,3.6520936236521,3.69876094968783,3.72571666517892,
3.75017557653015,3.78298474620583,3.86399480637257,3.99409897280628,4.2527121565412,
4.63424186253302),.UNSPECIFIED.);
#82=B_SPLINE_CURVE_WITH_KNOTS('',3,(#953,#954,#955,#956,#957,#958,#959,
#960,#961,#962,#963,#964,#965,#966,#967,#968,#969,#970,#971,#972,#973,#974,
#975,#976,#977,#978,#979,#980,#981,#982,#983,#984,#985,#986,#987,#988,#989,
#990,#991,#992,#993,#994,#995,#996,#997,#998,#999,#1000,#1001,#1002,#1003,
#1004,#1005,#1006,#1007,#1008,#1009,#1010,#1011,#1012,#1013,#1014,#1015,
#1016,#1017,#1018,#1019,#1020,#1021,#1022,#1023,#1024,#1025,#1026,#1027,
#1028,#1029,#1030,#1031),.UNSPECIFIED.,.F.,.F.,(4,3,3,3,3,3,3,3,3,3,3,3,
3,3,3,3,3,3,3,3,3,3,3,3,3,3,4),(-9.39057933148121,-8.53742354085397,-7.68426775022672,
-7.2576898549131,-7.15104538108469,-7.04440090725629,-6.93775643342788,
-6.88443419651368,-6.83111195959947,-5.97795616897223,-5.93125346487511,
-5.88455076077799,-5.79114535258376,-5.69773994438952,-5.60433453619529,
-5.41752371980682,-5.32411831161259,-5.23071290341835,-4.48346963786448,
-4.29665882147601,-3.7362263723106,-3.36260473953367,-2.98898310675673,
-2.24173984120285,-1.49449657564898,-0.747253310095105,-1.00445412289929E-5),
 .UNSPECIFIED.);
#83=B_SPLINE_CURVE_WITH_KNOTS('',3,(#1035,#1036,#1037,#1038,#1039,#1040,
#1041,#1042,#1043,#1044,#1045,#1046,#1047,#1048,#1049,#1050,#1051,#1052,
#1053,#1054,#1055,#1056,#1057,#1058,#1059,#1060,#1061,#1062),
 .UNSPECIFIED.,.F.,.F.,(4,3,3,3,3,3,3,3,3,4),(-5.08562995604109,-4.64931825296921,
-4.21300654989733,-3.99485069836139,-3.9403117354774,-3.88577277259342,
-3.83123380970943,-3.80396432826744,-3.77669484682545,-3.34038314375357),
 .UNSPECIFIED.);
#84=B_SPLINE_CURVE_WITH_KNOTS('',3,(#1064,#1065,#1066,#1067,#1068,#1069,
#1070,#1071,#1072,#1073,#1074,#1075,#1076,#1077,#1078,#1079,#1080,#1081,
#1082,#1083,#1084,#1085,#1086,#1087,#1088,#1089,#1090,#1091,#1092,#1093,
#1094,#1095,#1096,#1097,#1098,#1099,#1100,#1101,#1102,#1103,#1104,#1105,
#1106,#1107,#1108,#1109,#1110,#1111,#1112,#1113,#1114,#1115,#1116,#1117,
#1118,#1119,#1120,#1121),.UNSPECIFIED.,.F.,.F.,(4,3,3,3,3,3,3,3,3,3,3,3,
3,3,3,3,3,3,3,4),(-3.34038314375357,-3.31640160994793,-3.2924200761423,
-3.24445700853104,-3.19649394091977,-3.14853087330851,-3.05260473808598,
-3.00464167047472,-2.95667860286345,-2.57297406197333,-2.4770479267508,
-2.18926952108322,-1.99741725063816,-1.8055649801931,-1.42186043930298,
-1.03815589841287,-0.654451357522752,-0.270746816632634,0.0136140376535148,
0.0211419500342904),.UNSPECIFIED.);
#85=B_SPLINE_CURVE_WITH_KNOTS('',3,(#1123,#1124,#1125,#1126,#1127,#1128,
#1129),.UNSPECIFIED.,.F.,.F.,(4,3,4),(-0.253898766683289,6.93889390390723E-16,
0.00806751276234566),.UNSPECIFIED.);
#86=B_SPLINE_CURVE_WITH_KNOTS('',3,(#1131,#1132,#1133,#1134,#1135,#1136,
#1137,#1138,#1139,#1140),.UNSPECIFIED.,.F.,.F.,(4,3,3,4),(-0.854285093356625,
-0.846217497681055,-0.423108748840528,-0.253898766683289),.UNSPECIFIED.);
#87=B_SPLINE_CURVE_WITH_KNOTS('',3,(#1142,#1143,#1144,#1145,#1146,#1147,
#1148,#1149,#1150,#1151),.UNSPECIFIED.,.F.,.F.,(4,3,3,4),(-6.69073120177624,
-6.68323399190982,-6.31245121563834,-6.1504361811582),.UNSPECIFIED.);
#88=B_SPLINE_CURVE_WITH_KNOTS('',3,(#1153,#1154,#1155,#1156,#1157,#1158,
#1159,#1160,#1161,#1162,#1163,#1164,#1165,#1166,#1167,#1168,#1169,#1170,
#1171,#1172,#1173,#1174,#1175,#1176,#1177,#1178,#1179,#1180,#1181,#1182,
#1183,#1184,#1185,#1186,#1187,#1188,#1189,#1190,#1191,#1192,#1193,#1194,
#1195,#1196,#1197,#1198,#1199,#1200,#1201,#1202,#1203,#1204,#1205,#1206,
#1207,#1208,#1209,#1210,#1211,#1212,#1213,#1214,#1215,#1216,#1217,#1218,
#1219,#1220,#1221,#1222),.UNSPECIFIED.,.F.,.F.,(4,3,3,3,3,3,3,3,3,3,3,3,
3,3,3,3,3,3,3,3,3,3,3,4),(-6.1504361811582,-5.94166843936684,-5.57088566309536,
-5.20010288682388,-4.75424623727582,-4.60562735409313,-4.01115182136239,
-3.71391405499702,-3.41667628863164,-3.26805740544896,-3.11943852226627,
-2.8222007559009,-2.62404224499065,-2.4258837340804,-2.02956671225991,-1.93048745680478,
-1.83140820134966,-1.73232894589454,-1.63324969043941,-1.03877415770867,
-0.444298624977924,-0.222149312488959,5.90399165387739E-15,0.0074996109180467),
 .UNSPECIFIED.);
#89=B_SPLINE_CURVE_WITH_KNOTS('',3,(#1224,#1225,#1226,#1227,#1228,#1229,
#1230),.UNSPECIFIED.,.F.,.F.,(4,3,4),(-0.232836431638889,1.73472347597681E-16,
0.00807029461392358),.UNSPECIFIED.);
#90=B_SPLINE_CURVE_WITH_KNOTS('',3,(#1232,#1233,#1234,#1235,#1236,#1237,
#1238,#1239,#1240,#1241),.UNSPECIFIED.,.F.,.F.,(4,3,3,4),(-0.853664689037772,
-0.845594213235665,-0.422797106617832,-0.232836431638889),.UNSPECIFIED.);
#91=B_SPLINE_CURVE_WITH_KNOTS('',3,(#1243,#1244,#1245,#1246,#1247,#1248,
#1249,#1250,#1251,#1252),.UNSPECIFIED.,.F.,.F.,(4,3,3,4),(-6.69015114052159,
-6.6826509271256,-6.28339568435447,-6.13168594268037),.UNSPECIFIED.);
#92=B_SPLINE_CURVE_WITH_KNOTS('',3,(#1253,#1254,#1255,#1256,#1257,#1258,
#1259,#1260,#1261,#1262),.UNSPECIFIED.,.F.,.F.,(4,3,3,4),(-6.13168594268037,
-5.88414044158335,-5.48488519881222,-5.08562995604109),.UNSPECIFIED.);
#93=B_SPLINE_CURVE_WITH_KNOTS('',3,(#1270,#1271,#1272,#1273,#1274,#1275,
#1276,#1277,#1278,#1279,#1280,#1281,#1282,#1283,#1284,#1285,#1286,#1287,
#1288,#1289,#1290,#1291,#1292,#1293,#1294,#1295,#1296,#1297,#1298,#1299,
#1300,#1301,#1302,#1303,#1304,#1305,#1306,#1307,#1308,#1309,#1310,#1311,
#1312,#1313,#1314,#1315,#1316,#1317,#1318,#1319,#1320,#1321),
 .UNSPECIFIED.,.F.,.F.,(4,3,3,3,3,3,3,3,3,3,3,3,3,3,3,3,3,4),(-9.55892252898852,
-8.76756290939969,-8.50377636953675,-7.44863021008497,-6.92105713035908,
-6.39348405063319,-6.12969751077025,-5.86591097090731,-5.33833789118142,
-4.98662250469749,-4.63490711821357,-3.93147634524572,-3.75561865200375,
-3.57976095876179,-3.40390326551983,-3.22804557227787,-2.17289941282609,
-1.11775325337432),.UNSPECIFIED.);
#94=B_SPLINE_CURVE_WITH_KNOTS('',3,(#1331,#1332,#1333,#1334),
 .UNSPECIFIED.,.F.,.F.,(4,4),(0.,0.154693877192416),.UNSPECIFIED.);
#95=B_SPLINE_CURVE_WITH_KNOTS('',3,(#1335,#1336,#1337,#1338,#1339,#1340,
#1341,#1342,#1343,#1344,#1345,#1346,#1347,#1348,#1349,#1350,#1351,#1352,
#1353,#1354,#1355,#1356,#1357,#1358,#1359,#1360,#1361,#1362,#1363,#1364,
#1365,#1366,#1367,#1368,#1369,#1370,#1371,#1372,#1373,#1374,#1375,#1376,
#1377,#1378,#1379,#1380,#1381,#1382,#1383,#1384),.UNSPECIFIED.,.F.,.F.,
(4,2,2,2,2,2,2,2,2,2,2,2,2,2,2,2,2,2,2,2,2,2,2,2,4),(0.154693877192416,
0.401855734228836,0.83233962568376,1.10186891933234,1.23111500271646,1.26683041501358,
1.2894124424742,1.31123115656552,1.34268462635204,1.42445881287188,1.51428855088034,
1.72993300850909,2.20332594190981,2.34746630483456,2.47161682054805,2.60022873267665,
2.7314378748605,2.82318171232756,2.8972828533286,2.98253714016484,3.12794831564475,
3.44155351924034,3.7600792868519,4.14438624424775,4.57066207479653),
 .UNSPECIFIED.);
#96=B_SPLINE_CURVE_WITH_KNOTS('',3,(#2092,#2093,#2094,#2095,#2096,#2097,
#2098,#2099,#2100,#2101,#2102,#2103,#2104,#2105,#2106,#2107,#2108,#2109,
#2110,#2111,#2112,#2113,#2114,#2115,#2116,#2117,#2118,#2119,#2120,#2121,
#2122,#2123,#2124,#2125,#2126,#2127,#2128,#2129,#2130,#2131,#2132,#2133,
#2134,#2135,#2136,#2137,#2138,#2139,#2140,#2141,#2142,#2143,#2144,#2145,
#2146,#2147,#2148,#2149,#2150,#2151,#2152,#2153,#2154,#2155),
 .UNSPECIFIED.,.F.,.F.,(4,2,2,2,2,2,2,2,2,2,2,2,2,2,2,2,2,2,2,2,2,2,2,2,
2,2,2,2,2,2,2,4),(-0.993619959284312,-0.957498569973347,-0.922824502305883,
-0.891979458744511,-0.862813845799268,-0.833814287981009,-0.804327123440164,
-0.775549655515543,-0.748386873090057,-0.721843901156011,-0.695111062889497,
-0.668162169498524,-0.641052538992474,-0.613108896204224,-0.582947776944295,
-0.55131202488911,-0.519245830838439,-0.486475013400351,-0.45342511872233,
-0.421459622040544,-0.391369031196768,-0.362152414566784,-0.332222840001425,
-0.30210948357785,-0.240834267780819,-0.207582883127084,-0.172956742239022,
-0.138200768722562,-0.102888500950392,-0.0663254141532258,-0.0295374780165572,
0.),.UNSPECIFIED.);
#97=B_SPLINE_CURVE_WITH_KNOTS('',3,(#2157,#2158,#2159,#2160,#2161,#2162,
#2163,#2164,#2165,#2166,#2167),.UNSPECIFIED.,.F.,.F.,(4,1,1,1,1,1,1,1,4),
(0.,0.0714285714285714,0.142857142857143,0.285714285714286,0.428571428571429,
0.571428571428571,0.714285714285714,0.857142857142857,1.),.UNSPECIFIED.);
#98=B_SPLINE_CURVE_WITH_KNOTS('',3,(#2169,#2170,#2171,#2172),
 .UNSPECIFIED.,.F.,.F.,(4,4),(-1.,-0.993619959284311),.UNSPECIFIED.);
#99=B_SPLINE_CURVE_WITH_KNOTS('',3,(#2257,#2258,#2259,#2260,#2261,#2262,
#2263,#2264,#2265,#2266,#2267,#2268,#2269,#2270,#2271,#2272,#2273,#2274,
#2275,#2276,#2277,#2278,#2279,#2280,#2281,#2282,#2283,#2284,#2285,#2286,
#2287,#2288,#2289,#2290,#2291,#2292,#2293,#2294,#2295,#2296,#2297,#2298,
#2299,#2300,#2301,#2302,#2303,#2304,#2305,#2306,#2307,#2308,#2309,#2310,
#2311),.UNSPECIFIED.,.T.,.F.,(4,3,3,3,3,3,3,3,3,3,3,3,3,3,3,3,3,3,4),(8.01625786258206,
8.2841562553506,8.92730551168242,9.64157103949652,10.4059267241624,11.1674409333285,
11.9853765549954,12.8248295734057,13.6209905891193,14.4769910595306,15.3681798328654,
16.2942947244392,17.1552464316031,18.0448411555325,18.6022360691488,19.0842483455382,
19.6527634531726,20.2280044605078,20.5448471698694),.UNSPECIFIED.);
#100=B_SPLINE_CURVE_WITH_KNOTS('',3,(#2317,#2318,#2319,#2320,#2321,#2322,
#2323,#2324,#2325,#2326,#2327,#2328,#2329,#2330,#2331,#2332,#2333,#2334,
#2335,#2336,#2337,#2338,#2339,#2340,#2341,#2342,#2343,#2344,#2345,#2346,
#2347,#2348,#2349,#2350,#2351,#2352,#2353,#2354,#2355,#2356,#2357,#2358,
#2359,#2360,#2361,#2362,#2363,#2364,#2365),.UNSPECIFIED.,.F.,.F.,(4,3,3,
3,3,3,3,3,3,3,3,3,3,3,3,3,4),(3.55711346318916,4.12326502068852,4.68941657818787,
5.25556813568723,5.82171969318659,6.29403774186034,6.76635579053409,7.23867383920783,
7.71099188788158,8.22514123133057,8.73929057477955,9.25343991822854,9.76758926167752,
10.2945940213811,10.8215987810848,11.3486035407884,11.875608300492),
 .UNSPECIFIED.);
#101=B_SPLINE_CURVE_WITH_KNOTS('',3,(#2368,#2369,#2370,#2371,#2372,#2373,
#2374,#2375,#2376,#2377,#2378,#2379,#2380,#2381,#2382,#2383,#2384,#2385,
#2386,#2387,#2388,#2389,#2390,#2391,#2392,#2393,#2394,#2395,#2396,#2397,
#2398,#2399,#2400,#2401,#2402,#2403,#2404,#2405,#2406,#2407,#2408,#2409,
#2410,#2411,#2412,#2413,#2414,#2415,#2416),.UNSPECIFIED.,.F.,.F.,(4,3,3,
3,3,3,3,3,3,3,3,3,3,3,3,3,4),(-4.16461641261043,-3.63761165290681,-3.11060689320319,
-2.58360213349957,-2.05659737379594,-1.54244803034696,-1.02829868689797,
-0.514149343448986,0.,0.472318048673747,0.944636097347494,1.41695414602124,
1.88927219469499,2.45542375219435,3.02157530969371,3.58772686719306,4.15387842469242),
 .UNSPECIFIED.);
#102=LINE('',#480,#115);
#103=LINE('',#519,#116);
#104=LINE('',#612,#117);
#105=LINE('',#1033,#118);
#106=LINE('',#1385,#119);
#107=LINE('',#2176,#120);
#108=LINE('',#2256,#121);
#109=LINE('',#2503,#122);
#110=LINE('',#2504,#123);
#111=LINE('',#2506,#124);
#112=LINE('',#2591,#125);
#113=LINE('',#2596,#126);
#114=LINE('',#2599,#127);
#115=VECTOR('',#410,3.15000000000001);
#116=VECTOR('',#415,3.15000000000001);
#117=VECTOR('',#418,5.);
#118=VECTOR('',#423,35.2919450701814);
#119=VECTOR('',#440,5.);
#120=VECTOR('',#447,20.);
#121=VECTOR('',#448,10.);
#122=VECTOR('',#455,10.);
#123=VECTOR('',#456,10.);
#124=VECTOR('',#459,10.);
#125=VECTOR('',#460,10.);
#126=VECTOR('',#467,24.);
#127=VECTOR('',#470,23.);
#128=CIRCLE('',#377,3.15000000000001);
#129=CIRCLE('',#379,3.15000000000001);
#130=CIRCLE('',#381,5.1);
#131=CIRCLE('',#383,58.);
#132=CIRCLE('',#384,58.);
#133=CIRCLE('',#385,58.);
#134=CIRCLE('',#386,58.);
#135=CIRCLE('',#387,58.);
#136=CIRCLE('',#389,5.1);
#137=CIRCLE('',#391,20.);
#138=CIRCLE('',#393,20.);
#139=CIRCLE('',#395,55.);
#140=CIRCLE('',#396,55.);
#141=CIRCLE('',#400,24.);
#142=CIRCLE('',#402,22.);
#143=VERTEX_POINT('',#477);
#144=VERTEX_POINT('',#479);
#145=VERTEX_POINT('',#516);
#146=VERTEX_POINT('',#518);
#147=VERTEX_POINT('',#555);
#148=VERTEX_POINT('',#556);
#149=VERTEX_POINT('',#611);
#150=VERTEX_POINT('',#951);
#151=VERTEX_POINT('',#952);
#152=VERTEX_POINT('',#1032);
#153=VERTEX_POINT('',#1034);
#154=VERTEX_POINT('',#1063);
#155=VERTEX_POINT('',#1122);
#156=VERTEX_POINT('',#1130);
#157=VERTEX_POINT('',#1141);
#158=VERTEX_POINT('',#1152);
#159=VERTEX_POINT('',#1223);
#160=VERTEX_POINT('',#1231);
#161=VERTEX_POINT('',#1242);
#162=VERTEX_POINT('',#1263);
#163=VERTEX_POINT('',#1265);
#164=VERTEX_POINT('',#1267);
#165=VERTEX_POINT('',#1269);
#166=VERTEX_POINT('',#1322);
#167=VERTEX_POINT('',#1326);
#168=VERTEX_POINT('',#1329);
#169=VERTEX_POINT('',#1330);
#170=VERTEX_POINT('',#2090);
#171=VERTEX_POINT('',#2091);
#172=VERTEX_POINT('',#2156);
#173=VERTEX_POINT('',#2174);
#174=VERTEX_POINT('',#2255);
#175=VERTEX_POINT('',#2313);
#176=VERTEX_POINT('',#2314);
#177=VERTEX_POINT('',#2316);
#178=VERTEX_POINT('',#2366);
#179=VERTEX_POINT('',#2594);
#180=VERTEX_POINT('',#2598);
#181=EDGE_CURVE('',#143,#143,#128,.T.);
#182=EDGE_CURVE('',#143,#144,#102,.T.);
#183=EDGE_CURVE('',#144,#144,#78,.T.);
#184=EDGE_CURVE('',#145,#145,#129,.T.);
#185=EDGE_CURVE('',#145,#146,#103,.T.);
#186=EDGE_CURVE('',#146,#146,#79,.T.);
#187=EDGE_CURVE('',#147,#148,#80,.T.);
#188=EDGE_CURVE('',#148,#147,#81,.T.);
#189=EDGE_CURVE('',#148,#149,#104,.T.);
#190=EDGE_CURVE('',#149,#149,#130,.T.);
#191=EDGE_CURVE('',#150,#151,#82,.T.);
#192=EDGE_CURVE('',#152,#150,#105,.T.);
#193=EDGE_CURVE('',#152,#153,#83,.T.);
#194=EDGE_CURVE('',#153,#154,#84,.T.);
#195=EDGE_CURVE('',#155,#154,#85,.T.);
#196=EDGE_CURVE('',#156,#155,#86,.T.);
#197=EDGE_CURVE('',#156,#157,#87,.T.);
#198=EDGE_CURVE('',#157,#158,#88,.T.);
#199=EDGE_CURVE('',#159,#158,#89,.T.);
#200=EDGE_CURVE('',#160,#159,#90,.T.);
#201=EDGE_CURVE('',#160,#161,#91,.T.);
#202=EDGE_CURVE('',#161,#152,#92,.T.);
#203=EDGE_CURVE('',#162,#150,#131,.T.);
#204=EDGE_CURVE('',#163,#162,#132,.T.);
#205=EDGE_CURVE('',#164,#163,#133,.T.);
#206=EDGE_CURVE('',#165,#164,#93,.T.);
#207=EDGE_CURVE('',#166,#165,#134,.T.);
#208=EDGE_CURVE('',#151,#166,#135,.T.);
#209=EDGE_CURVE('',#167,#167,#136,.T.);
#210=EDGE_CURVE('',#168,#169,#94,.T.);
#211=EDGE_CURVE('',#169,#168,#95,.T.);
#212=EDGE_CURVE('',#169,#167,#106,.T.);
#213=EDGE_CURVE('',#170,#171,#96,.T.);
#214=EDGE_CURVE('',#171,#172,#97,.T.);
#215=EDGE_CURVE('',#172,#172,#137,.T.);
#216=EDGE_CURVE('',#171,#170,#98,.T.);
#217=EDGE_CURVE('',#173,#173,#138,.F.);
#218=EDGE_CURVE('',#173,#172,#107,.T.);
#219=EDGE_CURVE('',#174,#170,#108,.T.);
#220=EDGE_CURVE('',#174,#174,#99,.F.);
#221=EDGE_CURVE('',#175,#176,#139,.T.);
#222=EDGE_CURVE('',#176,#177,#100,.T.);
#223=EDGE_CURVE('',#177,#178,#140,.T.);
#224=EDGE_CURVE('',#178,#175,#101,.T.);
#225=EDGE_CURVE('',#175,#151,#109,.T.);
#226=EDGE_CURVE('',#178,#150,#110,.T.);
#227=EDGE_CURVE('',#177,#164,#111,.T.);
#228=EDGE_CURVE('',#176,#165,#112,.T.);
#229=EDGE_CURVE('',#179,#179,#141,.T.);
#230=EDGE_CURVE('',#179,#153,#113,.T.);
#231=EDGE_CURVE('',#179,#180,#114,.T.);
#232=EDGE_CURVE('',#180,#180,#142,.T.);
#233=ORIENTED_EDGE('',*,*,#181,.F.);
#234=ORIENTED_EDGE('',*,*,#182,.T.);
#235=ORIENTED_EDGE('',*,*,#183,.F.);
#236=ORIENTED_EDGE('',*,*,#182,.F.);
#237=ORIENTED_EDGE('',*,*,#184,.F.);
#238=ORIENTED_EDGE('',*,*,#185,.T.);
#239=ORIENTED_EDGE('',*,*,#186,.F.);
#240=ORIENTED_EDGE('',*,*,#185,.F.);
#241=ORIENTED_EDGE('',*,*,#187,.F.);
#242=ORIENTED_EDGE('',*,*,#188,.F.);
#243=ORIENTED_EDGE('',*,*,#189,.T.);
#244=ORIENTED_EDGE('',*,*,#190,.T.);
#245=ORIENTED_EDGE('',*,*,#189,.F.);
#246=ORIENTED_EDGE('',*,*,#190,.F.);
#247=ORIENTED_EDGE('',*,*,#181,.T.);
#248=ORIENTED_EDGE('',*,*,#191,.F.);
#249=ORIENTED_EDGE('',*,*,#192,.F.);
#250=ORIENTED_EDGE('',*,*,#193,.T.);
#251=ORIENTED_EDGE('',*,*,#194,.T.);
#252=ORIENTED_EDGE('',*,*,#195,.F.);
#253=ORIENTED_EDGE('',*,*,#196,.F.);
#254=ORIENTED_EDGE('',*,*,#197,.T.);
#255=ORIENTED_EDGE('',*,*,#198,.T.);
#256=ORIENTED_EDGE('',*,*,#199,.F.);
#257=ORIENTED_EDGE('',*,*,#200,.F.);
#258=ORIENTED_EDGE('',*,*,#201,.T.);
#259=ORIENTED_EDGE('',*,*,#202,.T.);
#260=ORIENTED_EDGE('',*,*,#192,.T.);
#261=ORIENTED_EDGE('',*,*,#203,.F.);
#262=ORIENTED_EDGE('',*,*,#204,.F.);
#263=ORIENTED_EDGE('',*,*,#205,.F.);
#264=ORIENTED_EDGE('',*,*,#206,.F.);
#265=ORIENTED_EDGE('',*,*,#207,.F.);
#266=ORIENTED_EDGE('',*,*,#208,.F.);
#267=ORIENTED_EDGE('',*,*,#209,.F.);
#268=ORIENTED_EDGE('',*,*,#184,.T.);
#269=ORIENTED_EDGE('',*,*,#210,.F.);
#270=ORIENTED_EDGE('',*,*,#211,.F.);
#271=ORIENTED_EDGE('',*,*,#212,.T.);
#272=ORIENTED_EDGE('',*,*,#209,.T.);
#273=ORIENTED_EDGE('',*,*,#212,.F.);
#274=ORIENTED_EDGE('',*,*,#213,.T.);
#275=ORIENTED_EDGE('',*,*,#214,.T.);
#276=ORIENTED_EDGE('',*,*,#215,.F.);
#277=ORIENTED_EDGE('',*,*,#214,.F.);
#278=ORIENTED_EDGE('',*,*,#216,.T.);
#279=ORIENTED_EDGE('',*,*,#187,.T.);
#280=ORIENTED_EDGE('',*,*,#188,.T.);
#281=ORIENTED_EDGE('',*,*,#210,.T.);
#282=ORIENTED_EDGE('',*,*,#211,.T.);
#283=ORIENTED_EDGE('',*,*,#217,.F.);
#284=ORIENTED_EDGE('',*,*,#218,.T.);
#285=ORIENTED_EDGE('',*,*,#215,.T.);
#286=ORIENTED_EDGE('',*,*,#218,.F.);
#287=ORIENTED_EDGE('',*,*,#213,.F.);
#288=ORIENTED_EDGE('',*,*,#219,.F.);
#289=ORIENTED_EDGE('',*,*,#220,.F.);
#290=ORIENTED_EDGE('',*,*,#219,.T.);
#291=ORIENTED_EDGE('',*,*,#216,.F.);
#292=ORIENTED_EDGE('',*,*,#221,.T.);
#293=ORIENTED_EDGE('',*,*,#222,.T.);
#294=ORIENTED_EDGE('',*,*,#223,.T.);
#295=ORIENTED_EDGE('',*,*,#224,.T.);
#296=ORIENTED_EDGE('',*,*,#183,.T.);
#297=ORIENTED_EDGE('',*,*,#186,.T.);
#298=ORIENTED_EDGE('',*,*,#220,.T.);
#299=ORIENTED_EDGE('',*,*,#191,.T.);
#300=ORIENTED_EDGE('',*,*,#225,.F.);
#301=ORIENTED_EDGE('',*,*,#224,.F.);
#302=ORIENTED_EDGE('',*,*,#226,.T.);
#303=ORIENTED_EDGE('',*,*,#205,.T.);
#304=ORIENTED_EDGE('',*,*,#204,.T.);
#305=ORIENTED_EDGE('',*,*,#203,.T.);
#306=ORIENTED_EDGE('',*,*,#226,.F.);
#307=ORIENTED_EDGE('',*,*,#223,.F.);
#308=ORIENTED_EDGE('',*,*,#227,.T.);
#309=ORIENTED_EDGE('',*,*,#206,.T.);
#310=ORIENTED_EDGE('',*,*,#227,.F.);
#311=ORIENTED_EDGE('',*,*,#222,.F.);
#312=ORIENTED_EDGE('',*,*,#228,.T.);
#313=ORIENTED_EDGE('',*,*,#208,.T.);
#314=ORIENTED_EDGE('',*,*,#207,.T.);
#315=ORIENTED_EDGE('',*,*,#228,.F.);
#316=ORIENTED_EDGE('',*,*,#221,.F.);
#317=ORIENTED_EDGE('',*,*,#225,.T.);
#318=ORIENTED_EDGE('',*,*,#229,.F.);
#319=ORIENTED_EDGE('',*,*,#230,.T.);
#320=ORIENTED_EDGE('',*,*,#193,.F.);
#321=ORIENTED_EDGE('',*,*,#202,.F.);
#322=ORIENTED_EDGE('',*,*,#201,.F.);
#323=ORIENTED_EDGE('',*,*,#200,.T.);
#324=ORIENTED_EDGE('',*,*,#199,.T.);
#325=ORIENTED_EDGE('',*,*,#198,.F.);
#326=ORIENTED_EDGE('',*,*,#197,.F.);
#327=ORIENTED_EDGE('',*,*,#196,.T.);
#328=ORIENTED_EDGE('',*,*,#195,.T.);
#329=ORIENTED_EDGE('',*,*,#194,.F.);
#330=ORIENTED_EDGE('',*,*,#230,.F.);
#331=ORIENTED_EDGE('',*,*,#229,.T.);
#332=ORIENTED_EDGE('',*,*,#231,.T.);
#333=ORIENTED_EDGE('',*,*,#232,.T.);
#334=ORIENTED_EDGE('',*,*,#231,.F.);
#335=ORIENTED_EDGE('',*,*,#232,.F.);
#336=ORIENTED_EDGE('',*,*,#217,.T.);
#337=CYLINDRICAL_SURFACE('',#376,3.15000000000001);
#338=CYLINDRICAL_SURFACE('',#378,3.15000000000001);
#339=CYLINDRICAL_SURFACE('',#380,5.1);
#340=CYLINDRICAL_SURFACE('',#390,5.1);
#341=CYLINDRICAL_SURFACE('',#392,20.);
#342=CYLINDRICAL_SURFACE('',#394,55.);
#343=CYLINDRICAL_SURFACE('',#399,24.);
#344=ADVANCED_FACE('',(#34),#337,.F.);
#345=ADVANCED_FACE('',(#35),#338,.F.);
#346=ADVANCED_FACE('',(#36),#339,.F.);
#347=ADVANCED_FACE('',(#37,#21),#29,.T.);
#348=ADVANCED_FACE('',(#38),#16,.F.);
#349=ADVANCED_FACE('',(#39,#22),#30,.T.);
#350=ADVANCED_FACE('',(#40),#340,.F.);
#351=ADVANCED_FACE('',(#41,#23,#24),#17,.F.);
#352=ADVANCED_FACE('',(#42),#341,.F.);
#353=ADVANCED_FACE('',(#43),#18,.F.);
#354=ADVANCED_FACE('',(#44,#25,#26,#27),#342,.F.);
#355=ADVANCED_FACE('',(#45),#19,.T.);
#356=ADVANCED_FACE('',(#46),#31,.T.);
#357=ADVANCED_FACE('',(#47),#20,.T.);
#358=ADVANCED_FACE('',(#48),#32,.T.);
#359=ADVANCED_FACE('',(#49),#343,.T.);
#360=ADVANCED_FACE('',(#50),#15,.T.);
#361=ADVANCED_FACE('',(#51,#28),#33,.F.);
#362=CLOSED_SHELL('',(#344,#345,#346,#347,#348,#349,#350,#351,#352,#353,
#354,#355,#356,#357,#358,#359,#360,#361));
#363=DERIVED_UNIT_ELEMENT(#365,1.);
#364=DERIVED_UNIT_ELEMENT(#2607,-3.);
#365=(
MASS_UNIT()
NAMED_UNIT(*)
SI_UNIT(.KILO.,.GRAM.)
);
#366=DERIVED_UNIT((#363,#364));
#367=MEASURE_REPRESENTATION_ITEM('density measure',
POSITIVE_RATIO_MEASURE(7850.),#366);
#368=PROPERTY_DEFINITION_REPRESENTATION(#373,#370);
#369=PROPERTY_DEFINITION_REPRESENTATION(#374,#371);
#370=REPRESENTATION('material name',(#372),#2604);
#371=REPRESENTATION('density',(#367),#2604);
#372=DESCRIPTIVE_REPRESENTATION_ITEM('Steel','Steel');
#373=PROPERTY_DEFINITION('material property','material name',#2614);
#374=PROPERTY_DEFINITION('material property','density of part',#2614);
#375=AXIS2_PLACEMENT_3D('',#475,#404,#405);
#376=AXIS2_PLACEMENT_3D('',#476,#406,#407);
#377=AXIS2_PLACEMENT_3D('',#478,#408,#409);
#378=AXIS2_PLACEMENT_3D('',#515,#411,#412);
#379=AXIS2_PLACEMENT_3D('',#517,#413,#414);
#380=AXIS2_PLACEMENT_3D('',#554,#416,#417);
#381=AXIS2_PLACEMENT_3D('',#613,#419,#420);
#382=AXIS2_PLACEMENT_3D('',#614,#421,#422);
#383=AXIS2_PLACEMENT_3D('',#1264,#424,#425);
#384=AXIS2_PLACEMENT_3D('',#1266,#426,#427);
#385=AXIS2_PLACEMENT_3D('',#1268,#428,#429);
#386=AXIS2_PLACEMENT_3D('',#1323,#430,#431);
#387=AXIS2_PLACEMENT_3D('',#1324,#432,#433);
#388=AXIS2_PLACEMENT_3D('',#1325,#434,#435);
#389=AXIS2_PLACEMENT_3D('',#1327,#436,#437);
#390=AXIS2_PLACEMENT_3D('',#1328,#438,#439);
#391=AXIS2_PLACEMENT_3D('',#2168,#441,#442);
#392=AXIS2_PLACEMENT_3D('',#2173,#443,#444);
#393=AXIS2_PLACEMENT_3D('',#2175,#445,#446);
#394=AXIS2_PLACEMENT_3D('',#2312,#449,#450);
#395=AXIS2_PLACEMENT_3D('',#2315,#451,#452);
#396=AXIS2_PLACEMENT_3D('',#2367,#453,#454);
#397=AXIS2_PLACEMENT_3D('',#2505,#457,#458);
#398=AXIS2_PLACEMENT_3D('',#2592,#461,#462);
#399=AXIS2_PLACEMENT_3D('',#2593,#463,#464);
#400=AXIS2_PLACEMENT_3D('',#2595,#465,#466);
#401=AXIS2_PLACEMENT_3D('',#2597,#468,#469);
#402=AXIS2_PLACEMENT_3D('',#2600,#471,#472);
#403=AXIS2_PLACEMENT_3D('',#2601,#473,#474);
#404=DIRECTION('axis',(0.,0.,1.));
#405=DIRECTION('refdir',(1.,0.,0.));
#406=DIRECTION('center_axis',(0.,0.,-1.));
#407=DIRECTION('ref_axis',(1.,0.,0.));
#408=DIRECTION('center_axis',(0.,0.,-1.));
#409=DIRECTION('ref_axis',(1.,0.,0.));
#410=DIRECTION('',(0.,0.,-1.));
#411=DIRECTION('center_axis',(0.,0.,-1.));
#412=DIRECTION('ref_axis',(1.,0.,0.));
#413=DIRECTION('center_axis',(2.13348631052871E-18,2.49699151763045E-16,
-1.));
#414=DIRECTION('ref_axis',(1.,0.,0.));
#415=DIRECTION('',(0.,0.,-1.));
#416=DIRECTION('center_axis',(0.,0.,-1.));
#417=DIRECTION('ref_axis',(1.,0.,0.));
#418=DIRECTION('',(0.,0.,-1.));
#419=DIRECTION('center_axis',(0.,0.,-1.));
#420=DIRECTION('ref_axis',(1.,0.,0.));
#421=DIRECTION('center_axis',(0.,0.,1.));
#422=DIRECTION('ref_axis',(1.,0.,0.));
#423=DIRECTION('',(-0.199298037537299,-0.200715915821185,-0.95916287113808));
#424=DIRECTION('center_axis',(-1.11022302462516E-16,-1.,-1.66533453693774E-16));
#425=DIRECTION('ref_axis',(-1.,-9.3934081333871E-50,-2.66894696074497E-32));
#426=DIRECTION('center_axis',(-1.11022302462516E-16,-1.,-1.66533453693774E-16));
#427=DIRECTION('ref_axis',(-1.,-9.3934081333871E-50,-2.66894696074497E-32));
#428=DIRECTION('center_axis',(-1.11022302462516E-16,-1.,-1.66533453693774E-16));
#429=DIRECTION('ref_axis',(-1.,-9.3934081333871E-50,-2.66894696074497E-32));
#430=DIRECTION('center_axis',(1.11022302462516E-16,1.,1.66533453693774E-16));
#431=DIRECTION('ref_axis',(-1.,-9.3934081333871E-50,-2.66894696074497E-32));
#432=DIRECTION('center_axis',(1.11022302462516E-16,1.,1.66533453693774E-16));
#433=DIRECTION('ref_axis',(-1.,-9.3934081333871E-50,-2.66894696074497E-32));
#434=DIRECTION('center_axis',(-2.13348631052871E-18,-2.49699151763045E-16,
1.));
#435=DIRECTION('ref_axis',(1.,5.55111512312578E-17,2.13348631052872E-18));
#436=DIRECTION('center_axis',(2.13348631052871E-18,2.49699151763045E-16,
-1.));
#437=DIRECTION('ref_axis',(1.,5.55111512312578E-17,4.06119833944907E-32));
#438=DIRECTION('center_axis',(2.70746555963271E-32,2.43866817709607E-16,
-1.));
#439=DIRECTION('ref_axis',(1.,5.55111512312578E-17,4.06119833944907E-32));
#440=DIRECTION('',(2.70746555963271E-32,2.43866817709607E-16,-1.));
#441=DIRECTION('center_axis',(2.7845027574082E-32,2.43866817709607E-16,
-1.));
#442=DIRECTION('ref_axis',(1.,5.55111512312578E-17,4.21527273500004E-32));
#443=DIRECTION('center_axis',(2.70746555963271E-32,2.43866817709607E-16,
-1.));
#444=DIRECTION('ref_axis',(1.,5.55111512312578E-17,4.06119833944907E-32));
#445=DIRECTION('center_axis',(-3.46944695195366E-18,-1.66533453693774E-16,
1.));
#446=DIRECTION('ref_axis',(1.,5.55111512312578E-17,4.06119833944907E-32));
#447=DIRECTION('',(2.70746555963271E-32,2.43866817709607E-16,-1.));
#448=DIRECTION('',(-2.70746555963271E-32,-2.43866817709607E-16,1.));
#449=DIRECTION('center_axis',(1.11022302462516E-16,1.,1.66533453693774E-16));
#450=DIRECTION('ref_axis',(1.,-1.11022302462516E-16,3.46944695195364E-18));
#451=DIRECTION('center_axis',(1.11022302462516E-16,1.,1.66533453693774E-16));
#452=DIRECTION('ref_axis',(1.,-1.11022302462516E-16,3.46944695195364E-18));
#453=DIRECTION('center_axis',(-1.11022302462516E-16,-1.,-1.66533453693774E-16));
#454=DIRECTION('ref_axis',(1.,-1.11022302462516E-16,3.46944695195364E-18));
#455=DIRECTION('',(-3.46944695195366E-18,-1.66533453693774E-16,1.));
#456=DIRECTION('',(-3.46944695195366E-18,-1.66533453693774E-16,1.));
#457=DIRECTION('center_axis',(-1.11022302462516E-16,-1.,-1.66533453693774E-16));
#458=DIRECTION('ref_axis',(0.890723542830246,-1.74587202988844E-16,0.454545454545455));
#459=DIRECTION('',(-3.46944695195366E-18,-1.66533453693774E-16,1.));
#460=DIRECTION('',(-3.46944695195366E-18,-1.66533453693774E-16,1.));
#461=DIRECTION('center_axis',(1.11022302462516E-16,1.,1.66533453693774E-16));
#462=DIRECTION('ref_axis',(-0.890723542830247,2.31931541763224E-17,0.454545454545455));
#463=DIRECTION('center_axis',(-3.46944695195366E-18,-1.66533453693774E-16,
1.));
#464=DIRECTION('ref_axis',(1.,-1.11022302462516E-16,3.46944695195364E-18));
#465=DIRECTION('center_axis',(-3.46944695195366E-18,-1.66533453693774E-16,
1.));
#466=DIRECTION('ref_axis',(1.,-1.11022302462516E-16,3.46944695195364E-18));
#467=DIRECTION('',(3.46944695195366E-18,1.66533453693774E-16,-1.));
#468=DIRECTION('center_axis',(3.46944695195366E-18,1.66533453693774E-16,
-1.));
#469=DIRECTION('ref_axis',(1.,-1.11022302462516E-16,3.46944695195364E-18));
#470=DIRECTION('',(0.707106781186549,-2.82857162959021E-16,0.707106781186546));
#471=DIRECTION('center_axis',(3.46944695195366E-18,1.66533453693774E-16,
-1.));
#472=DIRECTION('ref_axis',(1.,-1.11022302462516E-16,3.46944695195364E-18));
#473=DIRECTION('center_axis',(3.46944695195366E-18,1.66533453693774E-16,
-1.));
#474=DIRECTION('ref_axis',(-1.,1.11022302462516E-16,-3.46944695195364E-18));
#475=CARTESIAN_POINT('',(0.,0.,0.));
#476=CARTESIAN_POINT('Origin',(-0.00400238517642038,102.382634821045,61.6010927827641));
#477=CARTESIAN_POINT('',(-3.15400238517643,102.382634821045,61.6010927827641));
#478=CARTESIAN_POINT('Origin',(-0.00400238517642038,102.382634821045,61.6010927827641));
#479=CARTESIAN_POINT('',(-3.15400238517643,102.382634821045,55.8715843935439));
#480=CARTESIAN_POINT('',(-3.15400238517643,102.382634821045,61.6010927827641));
#481=CARTESIAN_POINT('Ctrl Pts',(-3.15400238517643,102.382634821045,55.8715843935439));
#482=CARTESIAN_POINT('Ctrl Pts',(-3.15400238517643,101.987020794833,55.8715843935439));
#483=CARTESIAN_POINT('Ctrl Pts',(-3.07492108847992,101.565096496151,55.8763056328395));
#484=CARTESIAN_POINT('Ctrl Pts',(-2.7534253460286,100.789027585735,55.8933640357657));
#485=CARTESIAN_POINT('Ctrl Pts',(-2.51101567418949,100.434875617845,55.9054556203729));
#486=CARTESIAN_POINT('Ctrl Pts',(-1.9517633375149,99.8756228226467,55.9281635870983));
#487=CARTESIAN_POINT('Ctrl Pts',(-1.59761114205679,99.6332126796239,55.9402546518306));
#488=CARTESIAN_POINT('Ctrl Pts',(-0.821541553954361,99.3117162782283,55.9573263338326));
#489=CARTESIAN_POINT('Ctrl Pts',(-0.399616843732034,99.232634821045,55.9620638480188));
#490=CARTESIAN_POINT('Ctrl Pts',(0.391610791780721,99.232634821045,55.96212142616));
#491=CARTESIAN_POINT('Ctrl Pts',(0.813534910413267,99.3117158201086,55.9574453475371));
#492=CARTESIAN_POINT('Ctrl Pts',(1.58960417541358,99.6332114519135,55.9404867329396));
#493=CARTESIAN_POINT('Ctrl Pts',(1.94375659405647,99.875621307482,55.9284473030925));
#494=CARTESIAN_POINT('Ctrl Pts',(2.5030100437225,100.43487429979,55.9058209048808));
#495=CARTESIAN_POINT('Ctrl Pts',(2.74542021512378,100.789026852993,55.8937647044954));
#496=CARTESIAN_POINT('Ctrl Pts',(3.06691637640231,101.565096499217,55.8767532683864));
#497=CARTESIAN_POINT('Ctrl Pts',(3.14599761482359,101.987020924017,55.8720436023334));
#498=CARTESIAN_POINT('Ctrl Pts',(3.14599761482359,102.778248718073,55.8720436023334));
#499=CARTESIAN_POINT('Ctrl Pts',(3.06691637640231,103.200173142873,55.8767532683864));
#500=CARTESIAN_POINT('Ctrl Pts',(2.74542021512378,103.976242789097,55.8937647044954));
#501=CARTESIAN_POINT('Ctrl Pts',(2.5030100437225,104.3303953423,55.9058209048808));
#502=CARTESIAN_POINT('Ctrl Pts',(1.94375659405647,104.889648334608,55.9284473030925));
#503=CARTESIAN_POINT('Ctrl Pts',(1.58960417541358,105.132058190177,55.9404867329396));
#504=CARTESIAN_POINT('Ctrl Pts',(0.813534910413267,105.453553821981,55.9574453475371));
#505=CARTESIAN_POINT('Ctrl Pts',(0.391610791780721,105.532634821045,55.96212142616));
#506=CARTESIAN_POINT('Ctrl Pts',(-0.399616843732034,105.532634821045,55.9620638480188));
#507=CARTESIAN_POINT('Ctrl Pts',(-0.821541553954361,105.453553363862,55.9573263338326));
#508=CARTESIAN_POINT('Ctrl Pts',(-1.59761114205679,105.132056962466,55.9402546518306));
#509=CARTESIAN_POINT('Ctrl Pts',(-1.9517633375149,104.889646819443,55.9281635870983));
#510=CARTESIAN_POINT('Ctrl Pts',(-2.51101567418949,104.330394024245,55.9054556203729));
#511=CARTESIAN_POINT('Ctrl Pts',(-2.7534253460286,103.976242056356,55.8933640357657));
#512=CARTESIAN_POINT('Ctrl Pts',(-3.07492108847992,103.200173145939,55.8763056328395));
#513=CARTESIAN_POINT('Ctrl Pts',(-3.15400238517643,102.778248847257,55.8715843935439));
#514=CARTESIAN_POINT('Ctrl Pts',(-3.15400238517643,102.382634821045,55.8715843935439));
#515=CARTESIAN_POINT('Origin',(-0.00400238517642038,131.422483825537,61.6010927827641));
#516=CARTESIAN_POINT('',(-3.15400238517643,131.422483825537,61.6010927827641));
#517=CARTESIAN_POINT('Origin',(-0.00400238517642038,131.422483825537,61.6010927827641));
#518=CARTESIAN_POINT('',(-3.15400238517643,131.422483825537,55.8715843935439));
#519=CARTESIAN_POINT('',(-3.15400238517643,131.422483825537,61.6010927827641));
#520=CARTESIAN_POINT('Ctrl Pts',(-3.15400238517643,131.422483825537,55.8715843935439));
#521=CARTESIAN_POINT('Ctrl Pts',(-3.15400238517643,131.026869799325,55.8715843935439));
#522=CARTESIAN_POINT('Ctrl Pts',(-3.07492108847992,130.604945500643,55.8763056328395));
#523=CARTESIAN_POINT('Ctrl Pts',(-2.7534253460286,129.828876590226,55.8933640357657));
#524=CARTESIAN_POINT('Ctrl Pts',(-2.51101567418949,129.474724622337,55.9054556203729));
#525=CARTESIAN_POINT('Ctrl Pts',(-1.9517633375149,128.915471827139,55.9281635870984));
#526=CARTESIAN_POINT('Ctrl Pts',(-1.59761114205679,128.673061684116,55.9402546518306));
#527=CARTESIAN_POINT('Ctrl Pts',(-0.821541553954361,128.35156528272,55.9573263338326));
#528=CARTESIAN_POINT('Ctrl Pts',(-0.399616843732034,128.272483825537,55.9620638480188));
#529=CARTESIAN_POINT('Ctrl Pts',(0.391610791780721,128.272483825537,55.96212142616));
#530=CARTESIAN_POINT('Ctrl Pts',(0.813534910413267,128.3515648246,55.9574453475371));
#531=CARTESIAN_POINT('Ctrl Pts',(1.58960417541358,128.673060456405,55.9404867329396));
#532=CARTESIAN_POINT('Ctrl Pts',(1.94375659405647,128.915470311974,55.9284473030925));
#533=CARTESIAN_POINT('Ctrl Pts',(2.5030100437225,129.474723304281,55.9058209048808));
#534=CARTESIAN_POINT('Ctrl Pts',(2.74542021512371,129.828875857485,55.8937647044954));
#535=CARTESIAN_POINT('Ctrl Pts',(3.06691637640224,130.604945503709,55.8767532683864));
#536=CARTESIAN_POINT('Ctrl Pts',(3.14599761482359,131.026869928509,55.8720436023334));
#537=CARTESIAN_POINT('Ctrl Pts',(3.14599761482359,131.818097722565,55.8720436023334));
#538=CARTESIAN_POINT('Ctrl Pts',(3.06691637640224,132.240022147365,55.8767532683864));
#539=CARTESIAN_POINT('Ctrl Pts',(2.74542021512371,133.016091793589,55.8937647044954));
#540=CARTESIAN_POINT('Ctrl Pts',(2.5030100437225,133.370244346792,55.9058209048808));
#541=CARTESIAN_POINT('Ctrl Pts',(1.94375659405647,133.9294973391,55.9284473030925));
#542=CARTESIAN_POINT('Ctrl Pts',(1.58960417541358,134.171907194668,55.9404867329396));
#543=CARTESIAN_POINT('Ctrl Pts',(0.813534910413267,134.493402826473,55.9574453475371));
#544=CARTESIAN_POINT('Ctrl Pts',(0.391610791780721,134.572483825537,55.96212142616));
#545=CARTESIAN_POINT('Ctrl Pts',(-0.399616843732034,134.572483825537,55.9620638480188));
#546=CARTESIAN_POINT('Ctrl Pts',(-0.821541553954361,134.493402368354,55.9573263338326));
#547=CARTESIAN_POINT('Ctrl Pts',(-1.59761114205679,134.171905966958,55.9402546518306));
#548=CARTESIAN_POINT('Ctrl Pts',(-1.9517633375149,133.929495823935,55.9281635870984));
#549=CARTESIAN_POINT('Ctrl Pts',(-2.51101567418949,133.370243028737,55.9054556203729));
#550=CARTESIAN_POINT('Ctrl Pts',(-2.7534253460286,133.016091060847,55.8933640357657));
#551=CARTESIAN_POINT('Ctrl Pts',(-3.07492108847992,132.240022150431,55.8763056328395));
#552=CARTESIAN_POINT('Ctrl Pts',(-3.15400238517643,131.818097851749,55.8715843935439));
#553=CARTESIAN_POINT('Ctrl Pts',(-3.15400238517643,131.422483825537,55.8715843935439));
#554=CARTESIAN_POINT('Origin',(-0.00400238517642038,102.382634821045,106.601092782764));
#555=CARTESIAN_POINT('',(-4.71721592073528,100.434400192407,80.1774239847401));
#556=CARTESIAN_POINT('',(-5.10400238517642,102.382634821055,78.0850519202829));
#557=CARTESIAN_POINT('Ctrl Pts',(-4.71721592073527,100.434400192407,80.1774239847401));
#558=CARTESIAN_POINT('Ctrl Pts',(-4.97421166939423,101.056130154166,79.4766229953723));
#559=CARTESIAN_POINT('Ctrl Pts',(-5.10400238517895,101.718227055945,78.7834194107903));
#560=CARTESIAN_POINT('Ctrl Pts',(-5.10400238517642,102.382634821064,78.0850519202829));
#561=CARTESIAN_POINT('Ctrl Pts',(-5.10400238517642,102.382634821064,78.0850519202829));
#562=CARTESIAN_POINT('Ctrl Pts',(-5.10400238517527,102.68421153011,77.7680607884073));
#563=CARTESIAN_POINT('Ctrl Pts',(-5.07724460841589,102.986303252234,77.4500427605421));
#564=CARTESIAN_POINT('Ctrl Pts',(-4.84854852270612,104.258226635022,76.0863377745104));
#565=CARTESIAN_POINT('Ctrl Pts',(-4.39457467307452,105.158752537425,75.0580128767829));
#566=CARTESIAN_POINT('Ctrl Pts',(-3.06003017139407,106.577086603734,72.9937511278456));
#567=CARTESIAN_POINT('Ctrl Pts',(-2.20780397353114,107.086708330642,71.9821537603383));
#568=CARTESIAN_POINT('Ctrl Pts',(-0.444728418754252,107.531024241455,70.1685758037309));
#569=CARTESIAN_POINT('Ctrl Pts',(0.378526367908769,107.52852918049,69.4165091107013));
#570=CARTESIAN_POINT('Ctrl Pts',(1.73880762553416,107.214381906362,68.3002281378529));
#571=CARTESIAN_POINT('Ctrl Pts',(2.30076044488371,106.971485131684,67.8865636089031));
#572=CARTESIAN_POINT('Ctrl Pts',(3.03951680868902,106.484859945121,67.4389648337834));
#573=CARTESIAN_POINT('Ctrl Pts',(3.27312413400797,106.302272831973,67.3140466830543));
#574=CARTESIAN_POINT('Ctrl Pts',(3.63905437467508,105.957166583811,67.1587337094253));
#575=CARTESIAN_POINT('Ctrl Pts',(3.77760679918548,105.810656478755,67.1107956574626));
#576=CARTESIAN_POINT('Ctrl Pts',(4.03103038293576,105.507498938998,67.0497705555762));
#577=CARTESIAN_POINT('Ctrl Pts',(4.14567239118448,105.353722620078,67.0347890803768));
#578=CARTESIAN_POINT('Ctrl Pts',(4.39340082700046,104.978553108963,67.0376230946639));
#579=CARTESIAN_POINT('Ctrl Pts',(4.51652653177376,104.756952443977,67.0679571260651));
#580=CARTESIAN_POINT('Ctrl Pts',(4.77082348655799,104.209165581443,67.2104141712633));
#581=CARTESIAN_POINT('Ctrl Pts',(4.909625804349,103.823074442086,67.3636388085629));
#582=CARTESIAN_POINT('Ctrl Pts',(5.0792341508566,102.968139245566,67.9157202388819));
#583=CARTESIAN_POINT('Ctrl Pts',(5.10347393387192,102.588096993254,68.2417604443969));
#584=CARTESIAN_POINT('Ctrl Pts',(5.08181082351562,101.791787123804,69.0563169730624));
#585=CARTESIAN_POINT('Ctrl Pts',(5.00688285128465,101.275193020704,69.6901344460367));
#586=CARTESIAN_POINT('Ctrl Pts',(4.56937469297532,99.9932841834885,71.7889445672382));
#587=CARTESIAN_POINT('Ctrl Pts',(4.15329726766931,99.3298940703335,73.2792929921804));
#588=CARTESIAN_POINT('Ctrl Pts',(2.7002259587157,97.8703181074898,77.9344730541309));
#589=CARTESIAN_POINT('Ctrl Pts',(1.67339350472563,97.498643810673,80.932830199582));
#590=CARTESIAN_POINT('Ctrl Pts',(0.607793911852177,97.3122045418859,83.1176646419261));
#591=CARTESIAN_POINT('Ctrl Pts',(0.368842802630418,97.2912962717353,83.5073085042791));
#592=CARTESIAN_POINT('Ctrl Pts',(-0.0309132957237068,97.2797157067556,84.000858741079));
#593=CARTESIAN_POINT('Ctrl Pts',(-0.204438290986673,97.2834573064285,84.1583917674486));
#594=CARTESIAN_POINT('Ctrl Pts',(-0.46069631127498,97.3025146298684,84.3079802685208));
#595=CARTESIAN_POINT('Ctrl Pts',(-0.543013691066072,97.3104471554143,84.345043463755));
#596=CARTESIAN_POINT('Ctrl Pts',(-0.679695671882534,97.3273424252018,84.3861788378169));
#597=CARTESIAN_POINT('Ctrl Pts',(-0.730439838791632,97.334366962279,84.3973527834497));
#598=CARTESIAN_POINT('Ctrl Pts',(-0.828747515146588,97.3495408706734,84.4111484543172));
#599=CARTESIAN_POINT('Ctrl Pts',(-0.875625801944935,97.3574425927819,84.4143900906616));
#600=CARTESIAN_POINT('Ctrl Pts',(-0.98570139508233,97.3775996228008,84.4146466816088));
#601=CARTESIAN_POINT('Ctrl Pts',(-1.04820120167286,97.3902749304887,84.409155521279));
#602=CARTESIAN_POINT('Ctrl Pts',(-1.2626126807168,97.4379065175226,84.3736582901106));
#603=CARTESIAN_POINT('Ctrl Pts',(-1.4097635269902,97.478108434773,84.3196478062545));
#604=CARTESIAN_POINT('Ctrl Pts',(-1.7657937279013,97.5910714710345,84.1455218228694));
#605=CARTESIAN_POINT('Ctrl Pts',(-1.97507269955544,97.6744816585972,83.997051739271));
#606=CARTESIAN_POINT('Ctrl Pts',(-2.52878903959683,97.9328365090511,83.5437856024682));
#607=CARTESIAN_POINT('Ctrl Pts',(-2.92371950444007,98.1714721236238,83.1291593719298));
#608=CARTESIAN_POINT('Ctrl Pts',(-3.8647978712309,98.9700965263966,81.9330932989424));
#609=CARTESIAN_POINT('Ctrl Pts',(-4.38077241005785,99.6204683973519,81.0948708545016));
#610=CARTESIAN_POINT('Ctrl Pts',(-4.71721592073527,100.434400192407,80.1774239847401));
#611=CARTESIAN_POINT('',(-5.10400238517644,102.382634821045,61.6010927827641));
#612=CARTESIAN_POINT('',(-5.10400238517642,102.382634821045,106.601092782764));
#613=CARTESIAN_POINT('Origin',(-0.00400238517642038,102.382634821045,61.6010927827641));
#614=CARTESIAN_POINT('Origin',(-0.00400238517642038,102.382634821045,61.6010927827641));
#615=CARTESIAN_POINT('Ctrl Pts',(-17.9663846066387,100.985501873312,96.6010927827641));
#616=CARTESIAN_POINT('Ctrl Pts',(-20.3109230710925,98.6242835146874,85.3175183289099));
#617=CARTESIAN_POINT('Ctrl Pts',(-22.6554615355462,96.2630651560632,74.0339438750557));
#618=CARTESIAN_POINT('Ctrl Pts',(-25.,93.901846797439,62.7503694212015));
#619=CARTESIAN_POINT('Ctrl Pts',(-17.0865851147755,99.9926489277991,96.6010927827641));
#620=CARTESIAN_POINT('Ctrl Pts',(-19.0145698986127,97.9618914186613,85.6562742080215));
#621=CARTESIAN_POINT('Ctrl Pts',(-20.9446350440167,95.9326043065768,74.7114111824606));
#622=CARTESIAN_POINT('Ctrl Pts',(-22.872619827854,93.901846797439,63.766592607718));
#623=CARTESIAN_POINT('Ctrl Pts',(-15.1576135593813,98.1493630813214,96.6010927827537));
#624=CARTESIAN_POINT('Ctrl Pts',(-16.2700201137796,96.7337793017909,86.2471558247604));
#625=CARTESIAN_POINT('Ctrl Pts',(-17.3813831314425,95.3174286949813,75.8932170283584));
#626=CARTESIAN_POINT('Ctrl Pts',(-18.4937896858407,93.9018449154507,65.5392800703651));
#627=CARTESIAN_POINT('Ctrl Pts',(-11.8498526167583,95.9021664151979,96.6010927827251));
#628=CARTESIAN_POINT('Ctrl Pts',(-11.7832494783471,95.2351384813266,86.860603137568));
#629=CARTESIAN_POINT('Ctrl Pts',(-11.7174791844647,94.5688676767031,77.1201437854054));
#630=CARTESIAN_POINT('Ctrl Pts',(-11.6508760460536,93.9018397428318,67.3796541402482));
#631=CARTESIAN_POINT('Ctrl Pts',(-8.21055007522199,94.2315610896276,96.6010927827202));
#632=CARTESIAN_POINT('Ctrl Pts',(-7.0186142459519,94.1217163482138,87.1919995277234));
#633=CARTESIAN_POINT('Ctrl Pts',(-5.82682176369525,94.0116835712017,77.7829124847047));
#634=CARTESIAN_POINT('Ctrl Pts',(-4.63488593442516,93.9018388297878,68.3738192297078));
#635=CARTESIAN_POINT('Ctrl Pts',(-5.63995778351358,93.5357602344349,96.6010927826365));
#636=CARTESIAN_POINT('Ctrl Pts',(-3.73042789894727,93.6576723171875,87.2216595127701));
#637=CARTESIAN_POINT('Ctrl Pts',(-1.82122594785007,93.7799116774818,77.8422061347723));
#638=CARTESIAN_POINT('Ctrl Pts',(0.088303936716249,93.9018237602344,68.4627728649059));
#639=CARTESIAN_POINT('Ctrl Pts',(-4.30635031594357,93.2913026829405,96.6010927826234));
#640=CARTESIAN_POINT('Ctrl Pts',(-2.04149832338791,93.4948070020433,87.1879073388625));
#641=CARTESIAN_POINT('Ctrl Pts',(0.223243002874222,93.6983170873223,77.7747532495603));
#642=CARTESIAN_POINT('Ctrl Pts',(2.48809499542988,93.9018214064251,68.3615678057994));
#643=CARTESIAN_POINT('Ctrl Pts',(-4.28175192529556,93.2868337680771,96.6010927826235));
#644=CARTESIAN_POINT('Ctrl Pts',(-2.01034908447149,93.4918245796611,87.1872683662679));
#645=CARTESIAN_POINT('Ctrl Pts',(0.260940162163676,93.6968306351986,77.773475330995));
#646=CARTESIAN_POINT('Ctrl Pts',(2.53234300298775,93.9018214467825,68.3596509146395));
#647=CARTESIAN_POINT('Ctrl Pts',(-4.23067131429341,93.2776357307373,96.6010927826235));
#648=CARTESIAN_POINT('Ctrl Pts',(-1.94567720091028,93.4856942644607,87.1859072055681));
#649=CARTESIAN_POINT('Ctrl Pts',(0.339204367645607,93.6937628650992,77.7707518899464));
#650=CARTESIAN_POINT('Ctrl Pts',(2.62419848102874,93.9018213988226,68.355566312891));
#651=CARTESIAN_POINT('Ctrl Pts',(-4.20418728439269,93.2729127921887,96.6010927826232));
#652=CARTESIAN_POINT('Ctrl Pts',(-1.91215195144965,93.4825449116678,87.1851810955976));
#653=CARTESIAN_POINT('Ctrl Pts',(0.379770545403346,93.692189435859,77.7693019782437));
#654=CARTESIAN_POINT('Ctrl Pts',(2.67180587834639,93.9018215553381,68.3533902912181));
#655=CARTESIAN_POINT('Ctrl Pts',(-2.78986512923762,93.0231440679338,96.6010927826447));
#656=CARTESIAN_POINT('Ctrl Pts',(-0.122101915820391,93.3160327209575,87.1454530477161));
#657=CARTESIAN_POINT('Ctrl Pts',(2.54554266649739,93.6089211577454,77.6897511896766));
#658=CARTESIAN_POINT('Ctrl Pts',(5.21330587991463,93.901809810769,68.234111454748));
#659=CARTESIAN_POINT('Ctrl Pts',(0.0181682061018771,92.7793558560833,96.601092782707));
#660=CARTESIAN_POINT('Ctrl Pts',(3.40744993727504,93.1535116111226,86.9598425649777));
#661=CARTESIAN_POINT('Ctrl Pts',(6.79666770978038,93.5276391547464,77.3186818697871));
#662=CARTESIAN_POINT('Ctrl Pts',(10.1859494409535,93.9017949097856,67.6774316520577));
#663=CARTESIAN_POINT('Ctrl Pts',(2.82576831322634,93.0282957443075,96.6010927827004));
#664=CARTESIAN_POINT('Ctrl Pts',(6.89904807768311,93.319465430099,86.5624563263094));
#665=CARTESIAN_POINT('Ctrl Pts',(10.9721810570498,93.6105465562642,76.5238375576688));
#666=CARTESIAN_POINT('Ctrl Pts',(15.0454608215066,93.9017162420557,66.4852011012778));
#667=CARTESIAN_POINT('Ctrl Pts',(4.23963254369438,93.2806594571484,96.6010927827078));
#668=CARTESIAN_POINT('Ctrl Pts',(8.65052537871317,93.4877071546512,86.3075953270493));
#669=CARTESIAN_POINT('Ctrl Pts',(13.0612858679359,93.6946448832921,76.0142400929811));
#670=CARTESIAN_POINT('Ctrl Pts',(17.4721787029546,93.9016925807949,65.7207426373226));
#671=CARTESIAN_POINT('Ctrl Pts',(4.26610718824048,93.2854309533032,96.6010927827077));
#672=CARTESIAN_POINT('Ctrl Pts',(8.68332158454575,93.4908876473272,86.3028105131831));
#673=CARTESIAN_POINT('Ctrl Pts',(13.1004008390083,93.696236209622,76.0046498612232));
#674=CARTESIAN_POINT('Ctrl Pts',(17.5176152353136,93.901692903646,65.7063675916986));
#675=CARTESIAN_POINT('Ctrl Pts',(4.31716834767066,93.2947222820118,96.6010927827077));
#676=CARTESIAN_POINT('Ctrl Pts',(8.74656873615623,93.4970830622853,86.2935156883177));
#677=CARTESIAN_POINT('Ctrl Pts',(13.1758396297548,93.699331946221,75.9861035951921));
#678=CARTESIAN_POINT('Ctrl Pts',(17.6052400182403,93.9016927264945,65.6785265008022));
#679=CARTESIAN_POINT('Ctrl Pts',(4.34175620258521,93.299236105768,96.6010927827078));
#680=CARTESIAN_POINT('Ctrl Pts',(8.77702773730491,93.5000901207446,86.2890548985806));
#681=CARTESIAN_POINT('Ctrl Pts',(13.2121601388288,93.7008390111091,75.9771054984905));
#682=CARTESIAN_POINT('Ctrl Pts',(17.6474316735485,93.9016930260857,65.6650676143633));
#683=CARTESIAN_POINT('Ctrl Pts',(5.09445259525922,93.4386315326561,96.6010927827097));
#684=CARTESIAN_POINT('Ctrl Pts',(9.70926301915092,93.5930569316763,86.1507511940228));
#685=CARTESIAN_POINT('Ctrl Pts',(14.324088942702,93.7472542610919,75.7018131550534));
#686=CARTESIAN_POINT('Ctrl Pts',(18.9388993665937,93.9016796601121,65.2514715663665));
#687=CARTESIAN_POINT('Ctrl Pts',(6.53476077141685,93.7749790533392,96.6010927827244));
#688=CARTESIAN_POINT('Ctrl Pts',(11.4933949188517,93.8171498371575,85.8569367253624));
#689=CARTESIAN_POINT('Ctrl Pts',(16.4515221049926,93.8592831760537,75.1108852535081));
#690=CARTESIAN_POINT('Ctrl Pts',(21.4101562524274,93.9014539598721,64.3667291961462));
#691=CARTESIAN_POINT('Ctrl Pts',(7.93509814904741,94.2417188191168,96.6010927827254));
#692=CARTESIAN_POINT('Ctrl Pts',(13.2287606779643,94.1284859490931,85.5053370938201));
#693=CARTESIAN_POINT('Ctrl Pts',(18.5224483497235,94.0149380527365,74.4116193589503));
#694=CARTESIAN_POINT('Ctrl Pts',(23.8161108786403,93.9017051827127,63.315863670045));
#695=CARTESIAN_POINT('Ctrl Pts',(10.4614661168595,95.2139807352179,96.6010927827406));
#696=CARTESIAN_POINT('Ctrl Pts',(16.3632440540375,94.7760872034346,84.8150414952496));
#697=CARTESIAN_POINT('Ctrl Pts',(22.2633242379995,94.3368857843487,73.0266419125668));
#698=CARTESIAN_POINT('Ctrl Pts',(28.1651021751775,93.8989922525654,61.2405906250759));
#699=CARTESIAN_POINT('Ctrl Pts',(13.9821706923676,97.098064163935,96.6010927827598));
#700=CARTESIAN_POINT('Ctrl Pts',(20.7253260586512,96.4700694505299,83.606504379513));
#701=CARTESIAN_POINT('Ctrl Pts',(27.470767034183,95.8456294051513,70.6119763897484));
#702=CARTESIAN_POINT('Ctrl Pts',(34.2139224004666,95.2176346917462,57.6173879865016));
#703=CARTESIAN_POINT('Ctrl Pts',(17.1649364849502,99.9942801701254,96.6010927827617));
#704=CARTESIAN_POINT('Ctrl Pts',(24.5893912515196,99.5729999656751,82.0876368502613));
#705=CARTESIAN_POINT('Ctrl Pts',(32.0109701640213,99.1482639594091,67.5757596911272));
#706=CARTESIAN_POINT('Ctrl Pts',(39.4354249305907,98.7269837549587,53.0623037586269));
#707=CARTESIAN_POINT('Ctrl Pts',(18.8390003335288,102.027516330546,96.6010927827628));
#708=CARTESIAN_POINT('Ctrl Pts',(26.5881657339447,101.845614224984,81.177922444719));
#709=CARTESIAN_POINT('Ctrl Pts',(34.3391812944687,101.668085932175,65.7532684476243));
#710=CARTESIAN_POINT('Ctrl Pts',(42.0883466948846,101.486183826612,50.3300981095804));
#711=CARTESIAN_POINT('Ctrl Pts',(19.4359127401336,102.816467156766,96.6010927827629));
#712=CARTESIAN_POINT('Ctrl Pts',(27.2985002309971,102.74119299102,80.8406616975597));
#713=CARTESIAN_POINT('Ctrl Pts',(35.1607962238959,102.666268819391,65.0803033928264));
#714=CARTESIAN_POINT('Ctrl Pts',(43.0233837147595,102.590994653646,49.3198723076232));
#715=CARTESIAN_POINT('Ctrl Pts',(20.0007606141992,103.63090933468,96.601092782763));
#716=CARTESIAN_POINT('Ctrl Pts',(27.9620287795629,103.668651737681,80.5156787155844));
#717=CARTESIAN_POINT('Ctrl Pts',(35.9249287823717,103.71171859312,64.4284012087411));
#718=CARTESIAN_POINT('Ctrl Pts',(43.8861969477353,103.749460996121,48.3429871415625));
#719=CARTESIAN_POINT('Ctrl Pts',(21.0600253261444,105.301272592755,96.6010927827632));
#720=CARTESIAN_POINT('Ctrl Pts',(29.1935209829978,105.592072777269,79.8940618145781));
#721=CARTESIAN_POINT('Ctrl Pts',(37.3260627735391,105.880191179744,63.1881848761618));
#722=CARTESIAN_POINT('Ctrl Pts',(45.4595584303925,106.170991364258,46.4811539079768));
#723=CARTESIAN_POINT('Ctrl Pts',(22.0891314944624,107.367431424362,96.6010927827635));
#724=CARTESIAN_POINT('Ctrl Pts',(30.3353756681812,107.983010564732,79.2867099366556));
#725=CARTESIAN_POINT('Ctrl Pts',(38.5813411866761,108.597074163307,61.9730961976024));
#726=CARTESIAN_POINT('Ctrl Pts',(46.8275853603948,109.212653303677,44.6587133514945));
#727=CARTESIAN_POINT('Ctrl Pts',(22.9646083058991,109.849250017651,96.6010927827637));
#728=CARTESIAN_POINT('Ctrl Pts',(31.2249895709259,110.919372837649,78.8503702620175));
#729=CARTESIAN_POINT('Ctrl Pts',(39.4844243015928,111.988785020923,61.1009269464266));
#730=CARTESIAN_POINT('Ctrl Pts',(47.7448055666196,113.058907840921,43.3502044256803));
#731=CARTESIAN_POINT('Ctrl Pts',(23.551823213111,112.086232282518,96.601092782764));
#732=CARTESIAN_POINT('Ctrl Pts',(31.7387551670655,113.624167007711,78.6686815022244));
#733=CARTESIAN_POINT('Ctrl Pts',(39.9260405853,115.160481903392,60.7363805627722));
#734=CARTESIAN_POINT('Ctrl Pts',(48.1129725392545,116.698416628585,42.8039692822326));
#735=CARTESIAN_POINT('Ctrl Pts',(23.8799089087192,114.206914808816,96.601092782764));
#736=CARTESIAN_POINT('Ctrl Pts',(31.8773817082807,116.158125882677,78.7894304276821));
#737=CARTESIAN_POINT('Ctrl Pts',(39.8730365287115,118.113143237019,60.9798955154249));
#738=CARTESIAN_POINT('Ctrl Pts',(47.870509328273,120.064354310881,43.168233160343));
#739=CARTESIAN_POINT('Ctrl Pts',(24.0001769857275,116.176215239927,96.6010927827641));
#740=CARTESIAN_POINT('Ctrl Pts',(31.7354380556754,118.459469333243,79.1067537448019));
#741=CARTESIAN_POINT('Ctrl Pts',(39.4723709244629,120.736272293412,61.6106500771692));
#742=CARTESIAN_POINT('Ctrl Pts',(47.2076319944108,123.019526386728,44.116311039207));
#743=CARTESIAN_POINT('Ctrl Pts',(23.9992047064047,118.148684238394,96.6010927827641));
#744=CARTESIAN_POINT('Ctrl Pts',(31.4378661151297,120.682172232812,79.5162226234624));
#745=CARTESIAN_POINT('Ctrl Pts',(38.8746409691976,123.21781833908,62.4329559568936));
#746=CARTESIAN_POINT('Ctrl Pts',(46.3133023779226,125.751306333498,45.3480857975919));
#747=CARTESIAN_POINT('Ctrl Pts',(23.7693524485776,120.614306373982,96.6010927827642));
#748=CARTESIAN_POINT('Ctrl Pts',(30.7592268335036,123.394849228766,80.1931763110335));
#749=CARTESIAN_POINT('Ctrl Pts',(37.7512120951889,126.172833404829,63.7840454991481));
#750=CARTESIAN_POINT('Ctrl Pts',(44.741086480115,128.953376259614,47.3761290274173));
#751=CARTESIAN_POINT('Ctrl Pts',(22.9158541131081,124.48807452411,96.6010927827643));
#752=CARTESIAN_POINT('Ctrl Pts',(29.0525879842653,127.510426589516,81.4949463774981));
#753=CARTESIAN_POINT('Ctrl Pts',(35.1876106389801,130.532815508788,66.3893698649014));
#754=CARTESIAN_POINT('Ctrl Pts',(41.3243445101373,133.555167574194,51.2832234596352));
#755=CARTESIAN_POINT('Ctrl Pts',(21.5595279677361,127.680204296493,96.6010927827648));
#756=CARTESIAN_POINT('Ctrl Pts',(26.707974067558,130.743186650294,82.827031533249));
#757=CARTESIAN_POINT('Ctrl Pts',(31.8508743433527,133.808016782198,69.0556799184684));
#758=CARTESIAN_POINT('Ctrl Pts',(36.9993204431746,136.870999135999,55.2816186689525));
#759=CARTESIAN_POINT('Ctrl Pts',(19.4660855096765,131.048810136396,96.601092782765));
#760=CARTESIAN_POINT('Ctrl Pts',(23.2979752286837,133.802890813641,84.258400900968));
#761=CARTESIAN_POINT('Ctrl Pts',(27.1359429951022,136.554017840326,71.912420790278));
#762=CARTESIAN_POINT('Ctrl Pts',(30.9678327141094,139.30809851757,59.5697289084811));
#763=CARTESIAN_POINT('Ctrl Pts',(18.2195688146304,132.589792109294,96.6010927827661));
#764=CARTESIAN_POINT('Ctrl Pts',(21.355925320151,135.026153699419,84.8993965618491));
#765=CARTESIAN_POINT('Ctrl Pts',(24.4891346839578,137.463631682439,73.1987173183432));
#766=CARTESIAN_POINT('Ctrl Pts',(27.6254911894784,139.899993272564,61.4970210974262));
#767=CARTESIAN_POINT('Ctrl Pts',(16.3251679207485,134.534340237136,96.6010927827678));
#768=CARTESIAN_POINT('Ctrl Pts',(18.4888125758009,136.324011205621,85.6650189524563));
#769=CARTESIAN_POINT('Ctrl Pts',(20.6563249281904,138.111689134408,74.7278478916601));
#770=CARTESIAN_POINT('Ctrl Pts',(22.8199695832428,139.901360102893,63.7917740613486));
#771=CARTESIAN_POINT('Ctrl Pts',(14.4634751993752,136.171164000447,96.6010927827679));
#772=CARTESIAN_POINT('Ctrl Pts',(15.7521370189291,137.414435760728,86.26807462547));
#773=CARTESIAN_POINT('Ctrl Pts',(17.0400670329563,138.65786509191,75.9352563725738));
#774=CARTESIAN_POINT('Ctrl Pts',(18.3287288525103,139.901136852191,65.602238215276));
#775=CARTESIAN_POINT('Ctrl Pts',(11.3340099785951,138.163720505689,96.6010927827766));
#776=CARTESIAN_POINT('Ctrl Pts',(11.3234313851485,138.743344003629,86.8864808207186));
#777=CARTESIAN_POINT('Ctrl Pts',(11.3146740570879,139.322009088341,77.1714980898385));
#778=CARTESIAN_POINT('Ctrl Pts',(11.3040954636413,139.901632586281,67.4568861277805));
#779=CARTESIAN_POINT('Ctrl Pts',(7.92870300621598,139.654726613194,96.6010927827771));
#780=CARTESIAN_POINT('Ctrl Pts',(6.65420712857774,139.736798569844,87.2077208241733));
#781=CARTESIAN_POINT('Ctrl Pts',(5.37848345208984,139.81957680653,77.8144780150609));
#782=CARTESIAN_POINT('Ctrl Pts',(4.1039875744516,139.90164876318,68.4211060564571));
#783=CARTESIAN_POINT('Ctrl Pts',(5.53885579873785,140.286263552277,96.6010927827998));
#784=CARTESIAN_POINT('Ctrl Pts',(3.44588968967828,140.15830949813,87.2209619897604));
#785=CARTESIAN_POINT('Ctrl Pts',(1.35398519887713,140.029691836703,77.8406422530713));
#786=CARTESIAN_POINT('Ctrl Pts',(-0.73898091018243,139.901737782556,68.4605114600319));
#787=CARTESIAN_POINT('Ctrl Pts',(4.29848589424436,140.513674024578,96.6010927828007));
#788=CARTESIAN_POINT('Ctrl Pts',(1.79868493038945,140.309687267125,87.1762382017119));
#789=CARTESIAN_POINT('Ctrl Pts',(-0.701154890589901,140.105730535545,77.7513677521034));
#790=CARTESIAN_POINT('Ctrl Pts',(-3.20095585444482,139.901743778092,68.3265131710145));
#791=CARTESIAN_POINT('Ctrl Pts',(4.2738991148446,140.518140110355,96.6010927828009));
#792=CARTESIAN_POINT('Ctrl Pts',(1.76601531660154,140.312674199715,87.1753339476509));
#793=CARTESIAN_POINT('Ctrl Pts',(-0.741862629355127,140.107209627975,77.749554414678));
#794=CARTESIAN_POINT('Ctrl Pts',(-3.24974642759819,139.901743717336,68.323795579528));
#795=CARTESIAN_POINT('Ctrl Pts',(4.22283717448725,140.527334895834,96.6010927828009));
#796=CARTESIAN_POINT('Ctrl Pts',(1.69822040032939,140.318798564571,87.1734103223796));
#797=CARTESIAN_POINT('Ctrl Pts',(-0.826415914399641,140.110279995091,77.7457083039837));
#798=CARTESIAN_POINT('Ctrl Pts',(-3.3510326885575,139.901743663829,68.3180258435625));
#799=CARTESIAN_POINT('Ctrl Pts',(4.19636333007251,140.532055934917,96.6010927828008));
#800=CARTESIAN_POINT('Ctrl Pts',(1.66306945783747,140.321948246963,87.1723888199426));
#801=CARTESIAN_POINT('Ctrl Pts',(-0.870233752347604,140.111851651895,77.7436677204952));
#802=CARTESIAN_POINT('Ctrl Pts',(-3.40352762458264,139.901743963941,68.314963757637));
#803=CARTESIAN_POINT('Ctrl Pts',(2.78098142763532,140.782012491101,96.6010927827935));
#804=CARTESIAN_POINT('Ctrl Pts',(-0.21566226128631,140.488588454833,87.1166216302152));
#805=CARTESIAN_POINT('Ctrl Pts',(-3.21226671518666,140.195144768409,77.6319754686158));
#806=CARTESIAN_POINT('Ctrl Pts',(-6.20891040410829,139.90172073214,68.1475043160375));
#807=CARTESIAN_POINT('Ctrl Pts',(-0.0292623926648959,141.025847873844,96.6010927827789));
#808=CARTESIAN_POINT('Ctrl Pts',(-3.91659687927152,140.651157924819,86.8758482818873));
#809=CARTESIAN_POINT('Ctrl Pts',(-7.80386943616885,140.276393626851,77.15063553993));
#810=CARTESIAN_POINT('Ctrl Pts',(-11.6912039227755,139.901703677826,67.4253910390384));
#811=CARTESIAN_POINT('Ctrl Pts',(-2.8389882720416,140.776121219204,96.6010927827798));
#812=CARTESIAN_POINT('Ctrl Pts',(-7.5644537594742,140.484659259236,86.3779311215613));
#813=CARTESIAN_POINT('Ctrl Pts',(-12.2896538378196,140.192972665034,76.1545587086812));
#814=CARTESIAN_POINT('Ctrl Pts',(-17.0151193252522,139.901510705066,65.9313970474628));
#815=CARTESIAN_POINT('Ctrl Pts',(-4.25384233458336,140.523199038478,96.601092782779));
#816=CARTESIAN_POINT('Ctrl Pts',(-9.38930189775621,140.316040266142,86.061135225316));
#817=CARTESIAN_POINT('Ctrl Pts',(-14.5244967002503,140.108613001141,75.5211048299612));
#818=CARTESIAN_POINT('Ctrl Pts',(-19.6599562634232,139.901454228805,64.9811472724982));
#819=CARTESIAN_POINT('Ctrl Pts',(-4.28030605426525,140.518422566155,96.601092782779));
#820=CARTESIAN_POINT('Ctrl Pts',(-9.42344246465897,140.31286053194,86.055187356661));
#821=CARTESIAN_POINT('Ctrl Pts',(-14.5662826896597,140.107017069082,75.5092064049733));
#822=CARTESIAN_POINT('Ctrl Pts',(-19.7094191000534,139.901455034867,64.9633009788553));
#823=CARTESIAN_POINT('Ctrl Pts',(-4.33134859424702,140.509120976248,96.601092782779));
#824=CARTESIAN_POINT('Ctrl Pts',(-9.489240748596,140.306648914065,86.0436667572388));
#825=CARTESIAN_POINT('Ctrl Pts',(-14.6469088844256,140.103926565046,75.4861653489585));
#826=CARTESIAN_POINT('Ctrl Pts',(-19.8048010387746,139.901454502863,64.9287393234182));
#827=CARTESIAN_POINT('Ctrl Pts',(-4.35592740534167,140.504602604143,96.6010927827792));
#828=CARTESIAN_POINT('Ctrl Pts',(-9.52097333063877,140.303653896267,86.0380975132708));
#829=CARTESIAN_POINT('Ctrl Pts',(-14.6856789827141,140.102404362527,75.4750288791847));
#830=CARTESIAN_POINT('Ctrl Pts',(-19.8507249080112,139.901455654651,64.9120336096763));
#831=CARTESIAN_POINT('Ctrl Pts',(-5.30871908243367,140.327881274402,96.6010927827782));
#832=CARTESIAN_POINT('Ctrl Pts',(-10.7490381305311,140.185652313958,85.8214411473577));
#833=CARTESIAN_POINT('Ctrl Pts',(-16.1901744836044,140.043620946817,75.0416745024986));
#834=CARTESIAN_POINT('Ctrl Pts',(-21.6304935317018,139.901391986373,64.2620228670781));
#835=CARTESIAN_POINT('Ctrl Pts',(-6.22402445277056,140.101521365357,96.6010927827762));
#836=CARTESIAN_POINT('Ctrl Pts',(-11.9280465407242,140.035177191006,85.5827311404436));
#837=CARTESIAN_POINT('Ctrl Pts',(-17.6302700043692,139.96777280345,74.5642862127145));
#838=CARTESIAN_POINT('Ctrl Pts',(-23.3342920923229,139.9014286291,63.5459245703819));
#839=CARTESIAN_POINT('Ctrl Pts',(-8.33409144448894,139.445997956599,96.6010927827737));
#840=CARTESIAN_POINT('Ctrl Pts',(-14.6376684848625,139.597305996321,84.959660779968));
#841=CARTESIAN_POINT('Ctrl Pts',(-20.9430966492955,139.749218711725,73.317957076745));
#842=CARTESIAN_POINT('Ctrl Pts',(-27.246673689669,139.900526751447,61.6765250739393));
#843=CARTESIAN_POINT('Ctrl Pts',(-10.6910942905126,138.505017853161,96.6010927827671));
#844=CARTESIAN_POINT('Ctrl Pts',(-17.6547544493892,138.753730588822,84.1506183137317));
#845=CARTESIAN_POINT('Ctrl Pts',(-24.6191880911804,139.000921690352,71.698963292406));
#846=CARTESIAN_POINT('Ctrl Pts',(-31.582848250057,139.249634426013,59.2484888233707));
#847=CARTESIAN_POINT('Ctrl Pts',(-13.9819150571507,136.536398823361,96.6010927827659));
#848=CARTESIAN_POINT('Ctrl Pts',(-21.7498798731558,136.575444972964,82.7373120289546));
#849=CARTESIAN_POINT('Ctrl Pts',(-29.5171230636288,136.612671309918,68.8733390400903));
#850=CARTESIAN_POINT('Ctrl Pts',(-37.2850878796338,136.651717459522,55.0095582862789));
#851=CARTESIAN_POINT('Ctrl Pts',(-16.9047268706864,134.083801964516,96.601092782765));
#852=CARTESIAN_POINT('Ctrl Pts',(-25.1946740137603,133.711740793896,81.3274329549752));
#853=CARTESIAN_POINT('Ctrl Pts',(-33.4842784214432,133.342003076254,66.0558214589537));
#854=CARTESIAN_POINT('Ctrl Pts',(-41.7742255645171,132.969941905634,50.7821616311639));
#855=CARTESIAN_POINT('Ctrl Pts',(-18.9888882669332,131.681518666588,96.6010927827646));
#856=CARTESIAN_POINT('Ctrl Pts',(-27.5094828443535,130.873591008024,80.2675841306194));
#857=CARTESIAN_POINT('Ctrl Pts',(-36.0307147716823,130.063297097435,63.9329287600995));
#858=CARTESIAN_POINT('Ctrl Pts',(-44.5513093491026,129.255369438871,47.5994201079542));
#859=CARTESIAN_POINT('Ctrl Pts',(-20.4186912960126,129.569622563567,96.6010927827645));
#860=CARTESIAN_POINT('Ctrl Pts',(-29.0060799223467,128.379511641751,79.5740590823546));
#861=CARTESIAN_POINT('Ctrl Pts',(-37.5923471734204,127.191097748836,62.5491081238491));
#862=CARTESIAN_POINT('Ctrl Pts',(-46.1797357997545,126.00098682702,45.5220744234393));
#863=CARTESIAN_POINT('Ctrl Pts',(-21.5142079110246,127.63670505214,96.6010927827644));
#864=CARTESIAN_POINT('Ctrl Pts',(-30.1005314810304,126.090780959391,79.0787021323297));
#865=CARTESIAN_POINT('Ctrl Pts',(-38.6875019706888,124.543793827295,61.5554126985063));
#866=CARTESIAN_POINT('Ctrl Pts',(-47.2738255406946,122.997869734546,44.0330220480716));
#867=CARTESIAN_POINT('Ctrl Pts',(-22.2851703742646,125.894494712924,96.6010927827643));
#868=CARTESIAN_POINT('Ctrl Pts',(-30.8070452684187,123.954684604526,78.7983246130885));
#869=CARTESIAN_POINT('Ctrl Pts',(-39.3292546291353,122.01741716226,60.9950367966901));
#870=CARTESIAN_POINT('Ctrl Pts',(-47.8511295232894,120.077607053862,43.1922686270144));
#871=CARTESIAN_POINT('Ctrl Pts',(-23.1250358675834,123.500768577689,96.6010927827643));
#872=CARTESIAN_POINT('Ctrl Pts',(-31.4502907437817,121.036172182567,78.6749431236709));
#873=CARTESIAN_POINT('Ctrl Pts',(-39.7757214717592,118.570629121917,60.7485669928672));
#874=CARTESIAN_POINT('Ctrl Pts',(-48.1009763479575,116.106032726796,42.8224173337737));
#875=CARTESIAN_POINT('Ctrl Pts',(-23.5399093071897,121.792154812963,96.6010927827642));
#876=CARTESIAN_POINT('Ctrl Pts',(-31.6319173290875,118.96636303367,78.8173516895996));
#877=CARTESIAN_POINT('Ctrl Pts',(-39.7206290073896,116.141205671686,61.0401345584973));
#878=CARTESIAN_POINT('Ctrl Pts',(-47.8126370292874,113.315413892393,43.2563934653327));
#879=CARTESIAN_POINT('Ctrl Pts',(-23.7749724766452,120.221593047523,96.6010927827643));
#880=CARTESIAN_POINT('Ctrl Pts',(-31.5944324622646,117.148718083007,79.0928362121443));
#881=CARTESIAN_POINT('Ctrl Pts',(-39.4146295174772,114.075069079884,61.5827892745359));
#882=CARTESIAN_POINT('Ctrl Pts',(-47.2340895030967,111.002194115369,44.0745327039159));
#883=CARTESIAN_POINT('Ctrl Pts',(-23.8565291816634,119.592088321793,96.6010927827643));
#884=CARTESIAN_POINT('Ctrl Pts',(-31.5639940961101,116.425771414869,79.2107357436555));
#885=CARTESIAN_POINT('Ctrl Pts',(-39.2705167634464,113.258763933154,61.8220260209688));
#886=CARTESIAN_POINT('Ctrl Pts',(-46.9779816778931,110.09244702623,44.4316689818601));
#887=CARTESIAN_POINT('Ctrl Pts',(-23.9192606807573,118.960722899195,96.6010927827643));
#888=CARTESIAN_POINT('Ctrl Pts',(-31.5074723746302,115.710580266449,79.345848365175));
#889=CARTESIAN_POINT('Ctrl Pts',(-39.095784684729,112.459624340433,62.0899506484759));
#890=CARTESIAN_POINT('Ctrl Pts',(-46.6839963786019,109.209481707688,44.8347062308866));
#891=CARTESIAN_POINT('Ctrl Pts',(-23.9631958525373,118.328149962166,96.6010927827642));
#892=CARTESIAN_POINT('Ctrl Pts',(-31.4274851770588,115.003128239756,79.4920859421035));
#893=CARTESIAN_POINT('Ctrl Pts',(-38.8914051062598,111.677501025195,62.3835967334813));
#894=CARTESIAN_POINT('Ctrl Pts',(-46.3556944307812,108.352479302785,45.2745898928206));
#895=CARTESIAN_POINT('Ctrl Pts',(-23.9867329287684,117.853227431365,96.6010927827643));
#896=CARTESIAN_POINT('Ctrl Pts',(-31.3556239777595,114.476924019768,79.6077714622796));
#897=CARTESIAN_POINT('Ctrl Pts',(-38.7240353758587,111.099700905676,62.6147520497455));
#898=CARTESIAN_POINT('Ctrl Pts',(-46.0929264248498,107.723397494079,45.6214307292609));
#899=CARTESIAN_POINT('Ctrl Pts',(-23.9985066731949,117.45719273603,96.6010927827642));
#900=CARTESIAN_POINT('Ctrl Pts',(-31.2858198936896,114.041770169856,79.7085121467989));
#901=CARTESIAN_POINT('Ctrl Pts',(-38.5732653605594,110.625930224766,62.8157714893784));
#902=CARTESIAN_POINT('Ctrl Pts',(-45.8605785810541,107.210507658592,45.9231908534131));
#903=CARTESIAN_POINT('Ctrl Pts',(-24.0032130236458,117.140243436286,96.6010927827642));
#904=CARTESIAN_POINT('Ctrl Pts',(-31.2249774932298,113.696349052857,79.7906951040722));
#905=CARTESIAN_POINT('Ctrl Pts',(-38.4457198568837,110.251294455539,62.9813073393965));
#906=CARTESIAN_POINT('Ctrl Pts',(-45.6674843264677,106.80740007211,46.1709096607045));
#907=CARTESIAN_POINT('Ctrl Pts',(-24.0112031810302,115.534332269329,96.6010927827643));
#908=CARTESIAN_POINT('Ctrl Pts',(-30.8922007470111,111.950420171348,80.2201093433791));
#909=CARTESIAN_POINT('Ctrl Pts',(-37.7792498359058,108.370949902096,63.8323581142676));
#910=CARTESIAN_POINT('Ctrl Pts',(-44.6602474018867,104.787037804115,47.4513746748824));
#911=CARTESIAN_POINT('Ctrl Pts',(-23.8645746068992,113.914586423444,96.6010927827642));
#912=CARTESIAN_POINT('Ctrl Pts',(-30.3940899814353,110.284983529444,80.6948354498721));
#913=CARTESIAN_POINT('Ctrl Pts',(-36.920958249381,106.648062847379,64.7924583686155));
#914=CARTESIAN_POINT('Ctrl Pts',(-43.4504736239172,103.018459953379,48.8862010357235));
#915=CARTESIAN_POINT('Ctrl Pts',(-23.5605240165289,112.307472950018,96.6010927827642));
#916=CARTESIAN_POINT('Ctrl Pts',(-29.6880335869568,108.653433784623,81.2258621068503));
#917=CARTESIAN_POINT('Ctrl Pts',(-35.8163890198591,105.00116409069,65.8493945479604));
#918=CARTESIAN_POINT('Ctrl Pts',(-41.943898590287,101.347124925295,50.4741638720465));
#919=CARTESIAN_POINT('Ctrl Pts',(-23.4889885915506,111.951512969323,96.6010927827642));
#920=CARTESIAN_POINT('Ctrl Pts',(-29.5264310670551,108.294623427739,81.3442405514465));
#921=CARTESIAN_POINT('Ctrl Pts',(-35.5647113753795,104.638098447171,66.0865268054052));
#922=CARTESIAN_POINT('Ctrl Pts',(-41.602153850884,100.981208905587,50.8296745740875));
#923=CARTESIAN_POINT('Ctrl Pts',(-23.3920394452546,111.508307472655,96.6010927827642));
#924=CARTESIAN_POINT('Ctrl Pts',(-29.3153617886648,107.849235912938,81.4938445921726));
#925=CARTESIAN_POINT('Ctrl Pts',(-35.2383325794893,104.190614192282,66.3865789927237));
#926=CARTESIAN_POINT('Ctrl Pts',(-41.1616549228996,100.531542632565,51.2793308021321));
#927=CARTESIAN_POINT('Ctrl Pts',(-23.263809606938,110.979746382483,96.6010927827642));
#928=CARTESIAN_POINT('Ctrl Pts',(-29.0456173068005,107.321281328618,81.6768884456461));
#929=CARTESIAN_POINT('Ctrl Pts',(-34.829541810157,103.664538476088,66.7505471269537));
#930=CARTESIAN_POINT('Ctrl Pts',(-40.6113495100195,100.006073422223,51.8263427898356));
#931=CARTESIAN_POINT('Ctrl Pts',(-22.9835519225009,109.929185808837,96.6010927827642));
#932=CARTESIAN_POINT('Ctrl Pts',(-28.4800599119263,106.281917800646,82.043448739548));
#933=CARTESIAN_POINT('Ctrl Pts',(-33.973717121328,102.633163774816,67.488129893726));
#934=CARTESIAN_POINT('Ctrl Pts',(-39.4702251107534,98.9858957666257,52.9304858505098));
#935=CARTESIAN_POINT('Ctrl Pts',(-22.2495211605489,107.69310907647,96.6010927827642));
#936=CARTESIAN_POINT('Ctrl Pts',(-27.0831322150766,104.106612799645,82.8645882597247));
#937=CARTESIAN_POINT('Ctrl Pts',(-31.9179928307453,100.52132349725,69.1263270420656));
#938=CARTESIAN_POINT('Ctrl Pts',(-36.751603885273,96.9348272204245,55.3898225190261));
#939=CARTESIAN_POINT('Ctrl Pts',(-20.6580541967583,104.421816349033,96.6010927827642));
#940=CARTESIAN_POINT('Ctrl Pts',(-24.3835450056796,101.150213423043,84.1000417080452));
#941=CARTESIAN_POINT('Ctrl Pts',(-28.109353666926,97.8787508587937,71.599584623265));
#942=CARTESIAN_POINT('Ctrl Pts',(-31.8348444758473,94.6071479328037,59.098533548546));
#943=CARTESIAN_POINT('Ctrl Pts',(-18.9278417737189,102.070505432813,96.6010927827641));
#944=CARTESIAN_POINT('Ctrl Pts',(-21.7292717328015,99.3487846772049,84.9464119843081));
#945=CARTESIAN_POINT('Ctrl Pts',(-24.5234007921634,96.6235675530475,73.2945073345278));
#946=CARTESIAN_POINT('Ctrl Pts',(-27.3248307512461,93.901846797439,61.6398265360717));
#947=CARTESIAN_POINT('Ctrl Pts',(-17.9663846066387,100.985501873311,96.6010927827641));
#948=CARTESIAN_POINT('Ctrl Pts',(-20.3109230710924,98.6242835146873,85.31751832891));
#949=CARTESIAN_POINT('Ctrl Pts',(-22.6554615355461,96.2630651560632,74.0339438750558));
#950=CARTESIAN_POINT('Ctrl Pts',(-24.9999999999997,93.901846797439,62.7503694212016));
#951=CARTESIAN_POINT('',(-25.,93.901846797439,62.7503694212016));
#952=CARTESIAN_POINT('',(-25.,139.901846797439,62.7503694212016));
#953=CARTESIAN_POINT('Ctrl Pts',(-24.9999999999997,93.901846797439,62.7503694212016));
#954=CARTESIAN_POINT('Ctrl Pts',(-27.3248307512461,93.901846797439,61.6398265360717));
#955=CARTESIAN_POINT('Ctrl Pts',(-29.5798376135467,94.2544973651213,60.3691800423089));
#956=CARTESIAN_POINT('Ctrl Pts',(-31.6906929265822,94.8963585064867,58.9921145895235));
#957=CARTESIAN_POINT('Ctrl Pts',(-33.8015482396176,95.538219647852,57.6150491367381));
#958=CARTESIAN_POINT('Ctrl Pts',(-35.7682520033878,96.4692913629004,56.1315647249301));
#959=CARTESIAN_POINT('Ctrl Pts',(-37.5391517094571,97.6211126202041,54.6281112877567));
#960=CARTESIAN_POINT('Ctrl Pts',(-38.4246015624917,98.197023248856,53.87638456917));
#961=CARTESIAN_POINT('Ctrl Pts',(-39.2611004011011,98.8281212630718,53.1196655942418));
#962=CARTESIAN_POINT('Ctrl Pts',(-40.0369998484315,99.4984356155668,52.37944550023));
#963=CARTESIAN_POINT('Ctrl Pts',(-40.2309747102641,99.6660142036905,52.194390476727));
#964=CARTESIAN_POINT('Ctrl Pts',(-40.4211621101418,99.8360438129567,52.0103666332813));
#965=CARTESIAN_POINT('Ctrl Pts',(-40.607973378894,100.008636819313,51.8271860469412));
#966=CARTESIAN_POINT('Ctrl Pts',(-40.7947846476462,100.18122982567,51.6440054606011));
#967=CARTESIAN_POINT('Ctrl Pts',(-40.9782197852729,100.356386229117,51.4616681313666));
#968=CARTESIAN_POINT('Ctrl Pts',(-41.1580371396831,100.533897685445,51.2805682211405));
#969=CARTESIAN_POINT('Ctrl Pts',(-41.3378544940933,100.711409141774,51.0994683109143));
#970=CARTESIAN_POINT('Ctrl Pts',(-41.5140540652871,100.891275650983,50.9196058196965));
#971=CARTESIAN_POINT('Ctrl Pts',(-41.6867021688194,101.073203160622,50.7411480886102));
#972=CARTESIAN_POINT('Ctrl Pts',(-41.7730262205855,101.164166915441,50.651919223067));
#973=CARTESIAN_POINT('Ctrl Pts',(-41.8584624054363,101.255645920368,50.5630415475568));
#974=CARTESIAN_POINT('Ctrl Pts',(-41.9430298043514,101.347811395834,50.4744926310149));
#975=CARTESIAN_POINT('Ctrl Pts',(-42.0275972032665,101.439976871299,50.385943714473));
#976=CARTESIAN_POINT('Ctrl Pts',(-42.1112958162459,101.532828817304,50.2977235568995));
#977=CARTESIAN_POINT('Ctrl Pts',(-42.1940519463271,101.626038688229,50.2099712819047));
#978=CARTESIAN_POINT('Ctrl Pts',(-43.5181500276256,103.117396623024,48.8059348819879));
#979=CARTESIAN_POINT('Ctrl Pts',(-44.6009724869607,104.700383337345,47.5216764222184));
#980=CARTESIAN_POINT('Ctrl Pts',(-45.5178979883122,106.509026253328,46.360811313168));
#981=CARTESIAN_POINT('Ctrl Pts',(-45.56809151784,106.608033393466,46.2972642561354));
#982=CARTESIAN_POINT('Ctrl Pts',(-45.6177879221539,106.707716732788,46.2340869584199));
#983=CARTESIAN_POINT('Ctrl Pts',(-45.6667729061341,106.807946850759,46.1715334586508));
#984=CARTESIAN_POINT('Ctrl Pts',(-45.7157578901143,106.90817696873,46.1089799588816));
#985=CARTESIAN_POINT('Ctrl Pts',(-45.7640314537609,107.008953865351,46.0470502570588));
#986=CARTESIAN_POINT('Ctrl Pts',(-45.8117036857783,107.110331118797,45.9856464475668));
#987=CARTESIAN_POINT('Ctrl Pts',(-45.9070481498132,107.313085625689,45.8628388285827));
#988=CARTESIAN_POINT('Ctrl Pts',(-45.9999872873315,107.518241559884,45.7421347789218));
#989=CARTESIAN_POINT('Ctrl Pts',(-46.0902515237459,107.725666495099,45.6239759480179));
#990=CARTESIAN_POINT('Ctrl Pts',(-46.1805157601603,107.933091430314,45.5058171171141));
#991=CARTESIAN_POINT('Ctrl Pts',(-46.2681050954708,108.14278536655,45.3902035049673));
#992=CARTESIAN_POINT('Ctrl Pts',(-46.3529375066036,108.35475763528,45.2774112411522));
#993=CARTESIAN_POINT('Ctrl Pts',(-46.4377699177364,108.566729904011,45.1646189773371));
#994=CARTESIAN_POINT('Ctrl Pts',(-46.5198454046916,108.780980505236,45.0546480618536));
#995=CARTESIAN_POINT('Ctrl Pts',(-46.599061170936,108.997394682599,44.9477476807791));
#996=CARTESIAN_POINT('Ctrl Pts',(-46.7574927034247,109.430223037323,44.73394691863));
#997=CARTESIAN_POINT('Ctrl Pts',(-46.9044853530703,109.871705696594,44.5324282941167));
#998=CARTESIAN_POINT('Ctrl Pts',(-47.03885217802,110.322115612731,44.3462099932976));
#999=CARTESIAN_POINT('Ctrl Pts',(-47.1060355904949,110.547320570799,44.253100842888));
#1000=CARTESIAN_POINT('Ctrl Pts',(-47.1700625467958,110.774757343084,44.163816773402));
#1001=CARTESIAN_POINT('Ctrl Pts',(-47.2310034012558,111.004136718077,44.0782677767298));
#1002=CARTESIAN_POINT('Ctrl Pts',(-47.2919442557157,111.233516093071,43.9927187800576));
#1003=CARTESIAN_POINT('Ctrl Pts',(-47.3497990083348,111.464838070773,43.9109048561993));
#1004=CARTESIAN_POINT('Ctrl Pts',(-47.4041379734777,111.698645675543,43.8337977710368));
#1005=CARTESIAN_POINT('Ctrl Pts',(-47.8388496946211,113.569106513702,43.2169410897364));
#1006=CARTESIAN_POINT('Ctrl Pts',(-48.0485510172902,115.598647484177,42.9013220849663));
#1007=CARTESIAN_POINT('Ctrl Pts',(-47.9905525519568,117.593185409098,42.9861388013085));
#1008=CARTESIAN_POINT('Ctrl Pts',(-47.9760529356235,118.091819890329,43.0073429803941));
#1009=CARTESIAN_POINT('Ctrl Pts',(-47.94482208254,118.588266681212,43.0535743920492));
#1010=CARTESIAN_POINT('Ctrl Pts',(-47.8973446101192,119.08227938607,43.1232793433345));
#1011=CARTESIAN_POINT('Ctrl Pts',(-47.7549121928569,120.564317500643,43.3323941971906));
#1012=CARTESIAN_POINT('Ctrl Pts',(-47.4662602015595,122.024448840985,43.7527709077192));
#1013=CARTESIAN_POINT('Ctrl Pts',(-47.0694620430845,123.380731486615,44.303820774168));
#1014=CARTESIAN_POINT('Ctrl Pts',(-46.8049299374346,124.284919917035,44.6711873518006));
#1015=CARTESIAN_POINT('Ctrl Pts',(-46.4923328685945,125.142953372027,45.0966308876199));
#1016=CARTESIAN_POINT('Ctrl Pts',(-46.132481027843,125.978767926005,45.569020866094));
#1017=CARTESIAN_POINT('Ctrl Pts',(-45.7726291870915,126.814582479982,46.041410844568));
#1018=CARTESIAN_POINT('Ctrl Pts',(-45.3655225744286,127.628178132945,46.5607472656967));
#1019=CARTESIAN_POINT('Ctrl Pts',(-44.9089792470142,128.418213399371,47.1191543146632));
#1020=CARTESIAN_POINT('Ctrl Pts',(-43.9958925921855,129.998283932223,48.2359684125961));
#1021=CARTESIAN_POINT('Ctrl Pts',(-42.8850590783513,131.484112918929,49.50906502188));
#1022=CARTESIAN_POINT('Ctrl Pts',(-41.581452707287,132.840656671263,50.8501794357078));
#1023=CARTESIAN_POINT('Ctrl Pts',(-40.2778463362227,134.197200423597,52.1912938495356));
#1024=CARTESIAN_POINT('Ctrl Pts',(-38.7814671079283,135.424458941559,53.6004260679073));
#1025=CARTESIAN_POINT('Ctrl Pts',(-37.0829042221849,136.471074361622,55.0114805999417));
#1026=CARTESIAN_POINT('Ctrl Pts',(-35.3843413364416,137.517689781685,56.4225351319762));
#1027=CARTESIAN_POINT('Ctrl Pts',(-33.4835947932493,138.383662103849,57.8355119776734));
#1028=CARTESIAN_POINT('Ctrl Pts',(-31.4491778815561,138.979371346289,59.1490094631642));
#1029=CARTESIAN_POINT('Ctrl Pts',(-29.414760969863,139.57508058873,60.462506948655));
#1030=CARTESIAN_POINT('Ctrl Pts',(-27.246673689669,139.900526751447,61.6765250739393));
#1031=CARTESIAN_POINT('Ctrl Pts',(-24.999590401961,139.901044746471,62.7502179799062));
#1032=CARTESIAN_POINT('',(-17.9663846066387,100.985501873311,96.6010927827641));
#1033=CARTESIAN_POINT('',(-17.9663846066387,100.985501873311,96.6010927827641));
#1034=CARTESIAN_POINT('',(-24.0040023840435,116.902533026557,96.6010927827643));
#1035=CARTESIAN_POINT('Ctrl Pts',(-17.9663846066387,100.985501873311,96.6010927827641));
#1036=CARTESIAN_POINT('Ctrl Pts',(-18.9278417737189,102.070505432813,96.6010927827641));
#1037=CARTESIAN_POINT('Ctrl Pts',(-19.7929479852386,103.246160890923,96.6010927827641));
#1038=CARTESIAN_POINT('Ctrl Pts',(-20.5437944837566,104.488247165466,96.6010927827642));
#1039=CARTESIAN_POINT('Ctrl Pts',(-21.2946409822746,105.730333440008,96.6010927827642));
#1040=CARTESIAN_POINT('Ctrl Pts',(-21.9312277677908,107.038850530983,96.6010927827642));
#1041=CARTESIAN_POINT('Ctrl Pts',(-22.4445641883791,108.39238770792,96.6010927827642));
#1042=CARTESIAN_POINT('Ctrl Pts',(-22.7012323986732,109.069156296388,96.6010927827642));
#1043=CARTESIAN_POINT('Ctrl Pts',(-22.9270880177354,109.757179906347,96.6010927827642));
#1044=CARTESIAN_POINT('Ctrl Pts',(-23.1217299065809,110.45508360095,96.6010927827642));
#1045=CARTESIAN_POINT('Ctrl Pts',(-23.1703903787923,110.629559524601,96.6010927827642));
#1046=CARTESIAN_POINT('Ctrl Pts',(-23.2170999928652,110.804652953542,96.6010927827642));
#1047=CARTESIAN_POINT('Ctrl Pts',(-23.261826439621,110.980293183041,96.6010927827642));
#1048=CARTESIAN_POINT('Ctrl Pts',(-23.3065528863769,111.15593341254,96.6010927827642));
#1049=CARTESIAN_POINT('Ctrl Pts',(-23.3492961658157,111.332120442598,96.6010927827642));
#1050=CARTESIAN_POINT('Ctrl Pts',(-23.3900576347944,111.50885505696,96.6010927827642));
#1051=CARTESIAN_POINT('Ctrl Pts',(-23.430819103773,111.685589671322,96.6010927827642));
#1052=CARTESIAN_POINT('Ctrl Pts',(-23.4695987622914,111.862871869989,96.6010927827642));
#1053=CARTESIAN_POINT('Ctrl Pts',(-23.5063704567903,112.04061926311,96.6010927827642));
#1054=CARTESIAN_POINT('Ctrl Pts',(-23.5247563040397,112.129492959671,96.6010927827642));
#1055=CARTESIAN_POINT('Ctrl Pts',(-23.5426401602843,112.218482954844,96.6010927827642));
#1056=CARTESIAN_POINT('Ctrl Pts',(-23.5600279381391,112.30761999336,96.6010927827642));
#1057=CARTESIAN_POINT('Ctrl Pts',(-23.5774157159939,112.396757031875,96.6010927827642));
#1058=CARTESIAN_POINT('Ctrl Pts',(-23.5943074154589,112.486041113732,96.6010927827642));
#1059=CARTESIAN_POINT('Ctrl Pts',(-23.6106879916296,112.575403238024,96.6010927827642));
#1060=CARTESIAN_POINT('Ctrl Pts',(-23.8727772103601,114.005197226692,96.6010927827642));
#1061=CARTESIAN_POINT('Ctrl Pts',(-24.0040188657345,115.454970078674,96.6010927827643));
#1062=CARTESIAN_POINT('Ctrl Pts',(-24.0040023840435,116.902533026557,96.6010927827643));
#1063=CARTESIAN_POINT('',(-4.30676219361576,140.513601407983,96.601092782779));
#1064=CARTESIAN_POINT('Ctrl Pts',(-24.0040023840435,116.902533026557,96.6010927827643));
#1065=CARTESIAN_POINT('Ctrl Pts',(-24.0040014818173,116.981774244585,96.6010927827643));
#1066=CARTESIAN_POINT('Ctrl Pts',(-24.0036072527315,117.061008840435,96.6010927827643));
#1067=CARTESIAN_POINT('Ctrl Pts',(-24.0028218443823,117.140244800829,96.6010927827643));
#1068=CARTESIAN_POINT('Ctrl Pts',(-24.0020364360331,117.219480761222,96.6010927827642));
#1069=CARTESIAN_POINT('Ctrl Pts',(-24.0008598484204,117.298718086158,96.6010927827643));
#1070=CARTESIAN_POINT('Ctrl Pts',(-23.9992905403835,117.377945282471,96.6010927827643));
#1071=CARTESIAN_POINT('Ctrl Pts',(-23.9961519243096,117.536399675097,96.6010927827642));
#1072=CARTESIAN_POINT('Ctrl Pts',(-23.991442426539,117.694813553231,96.6010927827643));
#1073=CARTESIAN_POINT('Ctrl Pts',(-23.9851648316152,117.853174247431,96.6010927827643));
#1074=CARTESIAN_POINT('Ctrl Pts',(-23.9788872366914,118.011534941632,96.6010927827642));
#1075=CARTESIAN_POINT('Ctrl Pts',(-23.9710415446143,118.169842451899,96.6010927827642));
#1076=CARTESIAN_POINT('Ctrl Pts',(-23.9616268021033,118.328067824161,96.6010927827642));
#1077=CARTESIAN_POINT('Ctrl Pts',(-23.9522120595923,118.486293196423,96.6010927827642));
#1078=CARTESIAN_POINT('Ctrl Pts',(-23.9412282666473,118.64443643068,96.6010927827642));
#1079=CARTESIAN_POINT('Ctrl Pts',(-23.9286781130928,118.802479038735,96.6010927827643));
#1080=CARTESIAN_POINT('Ctrl Pts',(-23.9035778059838,119.118564254844,96.6010927827643));
#1081=CARTESIAN_POINT('Ctrl Pts',(-23.8722120564368,119.434246966143,96.6010927827643));
#1082=CARTESIAN_POINT('Ctrl Pts',(-23.8345712382485,119.749309445153,96.6010927827643));
#1083=CARTESIAN_POINT('Ctrl Pts',(-23.8157508291543,119.906840684658,96.6010927827643));
#1084=CARTESIAN_POINT('Ctrl Pts',(-23.7953616528997,120.064216866091,96.6010927827643));
#1085=CARTESIAN_POINT('Ctrl Pts',(-23.7734139062997,120.221433045079,96.6010927827643));
#1086=CARTESIAN_POINT('Ctrl Pts',(-23.7514661596996,120.378649224067,96.6010927827643));
#1087=CARTESIAN_POINT('Ctrl Pts',(-23.7279598427541,120.535705400611,96.6010927827643));
#1088=CARTESIAN_POINT('Ctrl Pts',(-23.7028746979984,120.692569615769,96.6010927827643));
#1089=CARTESIAN_POINT('Ctrl Pts',(-23.5021935399528,121.947483337029,96.6010927827642));
#1090=CARTESIAN_POINT('Ctrl Pts',(-23.2004674020573,123.190111529557,96.6010927827643));
#1091=CARTESIAN_POINT('Ctrl Pts',(-22.8041759771507,124.396127622157,96.6010927827643));
#1092=CARTESIAN_POINT('Ctrl Pts',(-22.705103120924,124.697631645307,96.6010927827643));
#1093=CARTESIAN_POINT('Ctrl Pts',(-22.6001199342591,124.996847412211,96.6010927827643));
#1094=CARTESIAN_POINT('Ctrl Pts',(-22.4892591082922,125.293851334857,96.6010927827643));
#1095=CARTESIAN_POINT('Ctrl Pts',(-22.1566766303913,126.184863102794,96.6010927827643));
#1096=CARTESIAN_POINT('Ctrl Pts',(-21.7711953987713,127.055968272401,96.6010927827644));
#1097=CARTESIAN_POINT('Ctrl Pts',(-21.3352986336916,127.901446271754,96.6010927827644));
#1098=CARTESIAN_POINT('Ctrl Pts',(-21.0447007903052,128.465098271323,96.6010927827644));
#1099=CARTESIAN_POINT('Ctrl Pts',(-20.7316960431589,129.017360417445,96.6010927827644));
#1100=CARTESIAN_POINT('Ctrl Pts',(-20.3964682909508,129.557478503384,96.6010927827645));
#1101=CARTESIAN_POINT('Ctrl Pts',(-20.0612405387428,130.097596589322,96.6010927827645));
#1102=CARTESIAN_POINT('Ctrl Pts',(-19.7037897814729,130.625570615077,96.6010927827645));
#1103=CARTESIAN_POINT('Ctrl Pts',(-19.3265451835432,131.137705518776,96.6010927827646));
#1104=CARTESIAN_POINT('Ctrl Pts',(-18.5720559876838,132.161975326173,96.6010927827647));
#1105=CARTESIAN_POINT('Ctrl Pts',(-17.7383914291851,133.122888645345,96.6010927827649));
#1106=CARTESIAN_POINT('Ctrl Pts',(-16.8344238476798,134.012111448071,96.6010927827651));
#1107=CARTESIAN_POINT('Ctrl Pts',(-15.9304562661745,134.901334250798,96.6010927827653));
#1108=CARTESIAN_POINT('Ctrl Pts',(-14.9561856616626,135.718866537079,96.6010927827656));
#1109=CARTESIAN_POINT('Ctrl Pts',(-13.9205802316337,136.455735851853,96.6010927827659));
#1110=CARTESIAN_POINT('Ctrl Pts',(-12.8849748016047,137.192605166628,96.6010927827663));
#1111=CARTESIAN_POINT('Ctrl Pts',(-11.7880345460586,137.848811509894,96.6010927827667));
#1112=CARTESIAN_POINT('Ctrl Pts',(-10.6503137067797,138.412159707387,96.6010927827685));
#1113=CARTESIAN_POINT('Ctrl Pts',(-9.51259286750076,138.97550790488,96.6010927827704));
#1114=CARTESIAN_POINT('Ctrl Pts',(-8.33409144448895,139.445997956599,96.6010927827737));
#1115=CARTESIAN_POINT('Ctrl Pts',(-7.1221707370991,139.822498985415,96.6010927827751));
#1116=CARTESIAN_POINT('Ctrl Pts',(-6.22402445277056,140.101521365357,96.6010927827762));
#1117=CARTESIAN_POINT('Ctrl Pts',(-5.30871908243367,140.327881274402,96.6010927827782));
#1118=CARTESIAN_POINT('Ctrl Pts',(-4.38050023266965,140.500044899846,96.6010927827792));
#1119=CARTESIAN_POINT('Ctrl Pts',(-4.35592740534168,140.504602604143,96.6010927827792));
#1120=CARTESIAN_POINT('Ctrl Pts',(-4.33134859424704,140.509120976248,96.601092782779));
#1121=CARTESIAN_POINT('Ctrl Pts',(-4.30676219361576,140.513601407983,96.601092782779));
#1122=CARTESIAN_POINT('',(-1.71368188613695,140.841490435598,96.6010927827801));
#1123=CARTESIAN_POINT('Ctrl Pts',(-1.71368188613695,140.841490435598,96.6010927827801));
#1124=CARTESIAN_POINT('Ctrl Pts',(-2.55515711556662,140.781389232643,96.6010927827794));
#1125=CARTESIAN_POINT('Ctrl Pts',(-3.39423087697493,140.676864925435,96.6010927827794));
#1126=CARTESIAN_POINT('Ctrl Pts',(-4.22736974269257,140.527931332676,96.6010927827791));
#1127=CARTESIAN_POINT('Ctrl Pts',(-4.25384233458336,140.523199038478,96.601092782779));
#1128=CARTESIAN_POINT('Ctrl Pts',(-4.28030605426525,140.518422566155,96.601092782779));
#1129=CARTESIAN_POINT('Ctrl Pts',(-4.30676219361572,140.513601407983,96.601092782779));
#1130=CARTESIAN_POINT('',(4.2493037492287,140.522569027647,96.6010927828009));
#1131=CARTESIAN_POINT('Ctrl Pts',(4.2493037492287,140.522569027647,96.6010927828009));
#1132=CARTESIAN_POINT('Ctrl Pts',(4.22283717448725,140.527334895834,96.6010927828009));
#1133=CARTESIAN_POINT('Ctrl Pts',(4.19636333007252,140.532055934917,96.6010927828008));
#1134=CARTESIAN_POINT('Ctrl Pts',(4.16988059496747,140.536732788036,96.6010927828007));
#1135=CARTESIAN_POINT('Ctrl Pts',(2.78098142763532,140.782012491101,96.6010927827935));
#1136=CARTESIAN_POINT('Ctrl Pts',(1.37585951748519,140.903930182473,96.6010927827861));
#1137=CARTESIAN_POINT('Ctrl Pts',(-0.0291329074340552,140.902457364498,
96.6010927827827));
#1138=CARTESIAN_POINT('Ctrl Pts',(-0.591018578205776,140.901868353981,96.6010927827813));
#1139=CARTESIAN_POINT('Ctrl Pts',(-1.15288353954568,140.881544680888,96.6010927827805));
#1140=CARTESIAN_POINT('Ctrl Pts',(-1.71368188613698,140.841490435598,96.6010927827801));
#1141=CARTESIAN_POINT('',(9.40749125307215,138.980076796418,96.6010927827777));
#1142=CARTESIAN_POINT('Ctrl Pts',(4.2493037492287,140.522569027647,96.6010927828009));
#1143=CARTESIAN_POINT('Ctrl Pts',(4.27389911484459,140.518140110355,96.6010927828009));
#1144=CARTESIAN_POINT('Ctrl Pts',(4.29848589424435,140.513674024578,96.6010927828007));
#1145=CARTESIAN_POINT('Ctrl Pts',(4.32306904383396,140.509166929043,96.6010927828007));
#1146=CARTESIAN_POINT('Ctrl Pts',(5.53885579873783,140.286263552277,96.6010927827998));
#1147=CARTESIAN_POINT('Ctrl Pts',(6.7337794024769,139.970495082736,96.6010927827884));
#1148=CARTESIAN_POINT('Ctrl Pts',(7.89879236640963,139.564109830047,96.6010927827826));
#1149=CARTESIAN_POINT('Ctrl Pts',(8.40784949527468,139.38653814943,96.6010927827801));
#1150=CARTESIAN_POINT('Ctrl Pts',(8.91119582041403,139.191665111631,96.6010927827787));
#1151=CARTESIAN_POINT('Ctrl Pts',(9.40749125307223,138.980076796418,96.6010927827777));
#1152=CARTESIAN_POINT('',(4.29257354020933,93.2902468951777,96.6010927827077));
#1153=CARTESIAN_POINT('Ctrl Pts',(9.40749125307215,138.980076796418,96.6010927827777));
#1154=CARTESIAN_POINT('Ctrl Pts',(10.0470027469892,138.707430403457,96.6010927827764));
#1155=CARTESIAN_POINT('Ctrl Pts',(10.6748068466413,138.407029744853,96.601092782776));
#1156=CARTESIAN_POINT('Ctrl Pts',(11.2880363533286,138.080128772733,96.6010927827751));
#1157=CARTESIAN_POINT('Ctrl Pts',(12.3771650521885,137.499535003942,96.6010927827736));
#1158=CARTESIAN_POINT('Ctrl Pts',(13.4203201257818,136.835349502194,96.6010927827707));
#1159=CARTESIAN_POINT('Ctrl Pts',(14.4073208429218,136.094050810493,96.6010927827692));
#1160=CARTESIAN_POINT('Ctrl Pts',(15.3943215600618,135.352752118792,96.6010927827678));
#1161=CARTESIAN_POINT('Ctrl Pts',(16.3251679207485,134.534340237136,96.6010927827677));
#1162=CARTESIAN_POINT('Ctrl Pts',(17.1852919860296,133.651447578958,96.601092782767));
#1163=CARTESIAN_POINT('Ctrl Pts',(18.2195688146304,132.589792109294,96.6010927827661));
#1164=CARTESIAN_POINT('Ctrl Pts',(19.154456335915,131.434055629621,96.6010927827652));
#1165=CARTESIAN_POINT('Ctrl Pts',(19.9769589075654,130.197701117229,96.6010927827649));
#1166=CARTESIAN_POINT('Ctrl Pts',(20.2511264314489,129.785582946432,96.6010927827649));
#1167=CARTESIAN_POINT('Ctrl Pts',(20.5128067387063,129.364507216444,96.6010927827648));
#1168=CARTESIAN_POINT('Ctrl Pts',(20.7609031600943,128.936442924672,96.6010927827648));
#1169=CARTESIAN_POINT('Ctrl Pts',(21.7532888456464,127.224185757581,96.6010927827647));
#1170=CARTESIAN_POINT('Ctrl Pts',(22.5283323572876,125.400111601933,96.6010927827644));
#1171=CARTESIAN_POINT('Ctrl Pts',(23.0711796396578,123.500830833342,96.6010927827642));
#1172=CARTESIAN_POINT('Ctrl Pts',(23.3426032808429,122.551190449046,96.6010927827642));
#1173=CARTESIAN_POINT('Ctrl Pts',(23.5559778647102,121.582748411514,96.6010927827642));
#1174=CARTESIAN_POINT('Ctrl Pts',(23.7086356082093,120.60540296563,96.6010927827641));
#1175=CARTESIAN_POINT('Ctrl Pts',(23.8612933517085,119.628057519747,96.6010927827641));
#1176=CARTESIAN_POINT('Ctrl Pts',(23.9532342548393,118.641808665511,96.601092782764));
#1177=CARTESIAN_POINT('Ctrl Pts',(23.9842053156572,117.655569381278,96.601092782764));
#1178=CARTESIAN_POINT('Ctrl Pts',(23.9996908460662,117.162449739161,96.601092782764));
#1179=CARTESIAN_POINT('Ctrl Pts',(23.9999339158969,116.669332489544,96.601092782764));
#1180=CARTESIAN_POINT('Ctrl Pts',(23.9850219411862,116.176611310847,96.601092782764));
#1181=CARTESIAN_POINT('Ctrl Pts',(23.9701099664755,115.68389013215,96.601092782764));
#1182=CARTESIAN_POINT('Ctrl Pts',(23.9400429472234,115.191565024372,96.601092782764));
#1183=CARTESIAN_POINT('Ctrl Pts',(23.8947609065214,114.700218860753,96.601092782764));
#1184=CARTESIAN_POINT('Ctrl Pts',(23.8041968251173,113.717526533516,96.601092782764));
#1185=CARTESIAN_POINT('Ctrl Pts',(23.6527726579136,112.738749982917,96.6010927827639));
#1186=CARTESIAN_POINT('Ctrl Pts',(23.4412048720347,111.772015351712,96.6010927827639));
#1187=CARTESIAN_POINT('Ctrl Pts',(23.3001596814488,111.127525597575,96.6010927827638));
#1188=CARTESIAN_POINT('Ctrl Pts',(23.132383993674,110.488387807613,96.6010927827638));
#1189=CARTESIAN_POINT('Ctrl Pts',(22.939061548357,109.858591588471,96.6010927827637));
#1190=CARTESIAN_POINT('Ctrl Pts',(22.74573910304,109.228795369329,96.6010927827636));
#1191=CARTESIAN_POINT('Ctrl Pts',(22.5268699001808,108.608340721007,96.6010927827636));
#1192=CARTESIAN_POINT('Ctrl Pts',(22.2829469870063,107.99792725721,96.6010927827635));
#1193=CARTESIAN_POINT('Ctrl Pts',(21.7951011606573,106.777100329617,96.6010927827634));
#1194=CARTESIAN_POINT('Ctrl Pts',(21.207040493047,105.596438140127,96.6010927827632));
#1195=CARTESIAN_POINT('Ctrl Pts',(20.5244871798209,104.469445297923,96.6010927827631));
#1196=CARTESIAN_POINT('Ctrl Pts',(20.3538488515143,104.187697087372,96.6010927827631));
#1197=CARTESIAN_POINT('Ctrl Pts',(20.1773047328568,103.909303211026,96.601092782763));
#1198=CARTESIAN_POINT('Ctrl Pts',(19.9948913611837,103.634365909868,96.601092782763));
#1199=CARTESIAN_POINT('Ctrl Pts',(19.8124779895107,103.359428608709,96.6010927827629));
#1200=CARTESIAN_POINT('Ctrl Pts',(19.6241953648221,103.087947882737,96.6010927827629));
#1201=CARTESIAN_POINT('Ctrl Pts',(19.4305686513771,102.820715715382,96.6010927827628));
#1202=CARTESIAN_POINT('Ctrl Pts',(19.236941937932,102.553483548026,96.6010927827628));
#1203=CARTESIAN_POINT('Ctrl Pts',(19.0379711357304,102.290499939286,96.6010927827628));
#1204=CARTESIAN_POINT('Ctrl Pts',(18.8338567440935,102.03193087489,96.6010927827627));
#1205=CARTESIAN_POINT('Ctrl Pts',(18.6297423524565,101.773361810494,96.6010927827626));
#1206=CARTESIAN_POINT('Ctrl Pts',(18.4204843713842,101.519207290441,96.6010927827625));
#1207=CARTESIAN_POINT('Ctrl Pts',(18.2061449393377,101.269534009449,96.6010927827624));
#1208=CARTESIAN_POINT('Ctrl Pts',(16.9201083470592,99.7714943234954,96.6010927827615));
#1209=CARTESIAN_POINT('Ctrl Pts',(15.4511395197134,98.4347792437152,96.6010927827607));
#1210=CARTESIAN_POINT('Ctrl Pts',(13.8364789621635,97.2954008466458,96.6010927827554));
#1211=CARTESIAN_POINT('Ctrl Pts',(12.2218184046135,96.1560224495765,96.6010927827502));
#1212=CARTESIAN_POINT('Ctrl Pts',(10.4614661168595,95.2139807352179,96.6010927827406));
#1213=CARTESIAN_POINT('Ctrl Pts',(8.6223548623704,94.5062066282809,96.6010927827295));
#1214=CARTESIAN_POINT('Ctrl Pts',(7.93509814904741,94.2417188191168,96.6010927827254));
#1215=CARTESIAN_POINT('Ctrl Pts',(7.23492946023213,94.008348936228,96.6010927827249));
#1216=CARTESIAN_POINT('Ctrl Pts',(6.52476807178508,93.8075771146128,96.601092782721));
#1217=CARTESIAN_POINT('Ctrl Pts',(5.81460668333803,93.6068052929976,96.601092782717));
#1218=CARTESIAN_POINT('Ctrl Pts',(5.09445259525922,93.4386315326561,96.6010927827097));
#1219=CARTESIAN_POINT('Ctrl Pts',(4.36633689732884,93.3037883216021,96.6010927827078));
#1220=CARTESIAN_POINT('Ctrl Pts',(4.34175620258522,93.299236105768,96.6010927827078));
#1221=CARTESIAN_POINT('Ctrl Pts',(4.31716834767069,93.2947222820118,96.6010927827077));
#1222=CARTESIAN_POINT('Ctrl Pts',(4.29257354020933,93.2902468951777,96.6010927827077));
#1223=CARTESIAN_POINT('',(1.90882267005357,92.9788700573954,96.6010927827006));
#1224=CARTESIAN_POINT('Ctrl Pts',(1.90882257047799,92.9788713027884,96.6010927827006));
#1225=CARTESIAN_POINT('Ctrl Pts',(2.68009504001964,93.0405364999249,96.6010927827028));
#1226=CARTESIAN_POINT('Ctrl Pts',(3.44911229975325,93.1395577731693,96.6010927827036));
#1227=CARTESIAN_POINT('Ctrl Pts',(4.21315038038533,93.2759325980111,96.6010927827076));
#1228=CARTESIAN_POINT('Ctrl Pts',(4.23963254369438,93.2806594571484,96.6010927827078));
#1229=CARTESIAN_POINT('Ctrl Pts',(4.26610718824048,93.2854309533032,96.6010927827077));
#1230=CARTESIAN_POINT('Ctrl Pts',(4.29257354020928,93.2902468951777,96.6010927827077));
#1231=CARTESIAN_POINT('',(-4.25714701037884,93.2824031843056,96.6010927826235));
#1232=CARTESIAN_POINT('Ctrl Pts',(-4.25714701037894,93.2824031843056,96.6010927826235));
#1233=CARTESIAN_POINT('Ctrl Pts',(-4.23067131429348,93.2776357307373,96.6010927826235));
#1234=CARTESIAN_POINT('Ctrl Pts',(-4.20418728439273,93.2729127921887,96.6010927826232));
#1235=CARTESIAN_POINT('Ctrl Pts',(-4.17769596038674,93.2682344350147,96.6010927826237));
#1236=CARTESIAN_POINT('Ctrl Pts',(-2.78986512923762,93.0231440679338,96.6010927826447));
#1237=CARTESIAN_POINT('Ctrl Pts',(-1.38584846156787,92.9012499620086,96.6010927826759));
#1238=CARTESIAN_POINT('Ctrl Pts',(0.0180598990481184,92.902537881102,96.6010927826898));
#1239=CARTESIAN_POINT('Ctrl Pts',(0.648829068507584,92.9031165368602,96.601092782696));
#1240=CARTESIAN_POINT('Ctrl Pts',(1.27957637444439,92.9285614677326,96.6010927826988));
#1241=CARTESIAN_POINT('Ctrl Pts',(1.90882257047799,92.9788713027884,96.6010927827006));
#1242=CARTESIAN_POINT('',(-9.58178349001188,94.896536791413,96.6010927827175));
#1243=CARTESIAN_POINT('Ctrl Pts',(-4.25714701037884,93.2824031843056,96.6010927826235));
#1244=CARTESIAN_POINT('Ctrl Pts',(-4.28175192529556,93.2868337680771,96.6010927826235));
#1245=CARTESIAN_POINT('Ctrl Pts',(-4.30635031594358,93.2913026829405,96.6010927826234));
#1246=CARTESIAN_POINT('Ctrl Pts',(-4.33094086646136,93.2958102655056,96.6010927826236));
#1247=CARTESIAN_POINT('Ctrl Pts',(-5.63995778351357,93.5357602344349,96.6010927826364));
#1248=CARTESIAN_POINT('Ctrl Pts',(-6.92525392936776,93.8836606620312,96.6010927826782));
#1249=CARTESIAN_POINT('Ctrl Pts',(-8.17445242588425,94.3360450967578,96.6010927826999));
#1250=CARTESIAN_POINT('Ctrl Pts',(-8.64912516879131,94.507942966535,96.6010927827081));
#1251=CARTESIAN_POINT('Ctrl Pts',(-9.11858590933454,94.6949268849092,96.6010927827135));
#1252=CARTESIAN_POINT('Ctrl Pts',(-9.58178349001184,94.896536791413,96.6010927827172));
#1253=CARTESIAN_POINT('Ctrl Pts',(-9.58178349001188,94.896536791413,96.6010927827175));
#1254=CARTESIAN_POINT('Ctrl Pts',(-10.3375851672832,95.2255046268393,96.6010927827236));
#1255=CARTESIAN_POINT('Ctrl Pts',(-11.0767114301633,95.5934135747648,96.6010927827256));
#1256=CARTESIAN_POINT('Ctrl Pts',(-11.7945956836061,95.9982649719568,96.601092782729));
#1257=CARTESIAN_POINT('Ctrl Pts',(-12.9524395976326,96.6512319705724,96.6010927827346));
#1258=CARTESIAN_POINT('Ctrl Pts',(-14.055026578507,97.4002975259469,96.6010927827442));
#1259=CARTESIAN_POINT('Ctrl Pts',(-15.0885629577927,98.2356517652536,96.6010927827516));
#1260=CARTESIAN_POINT('Ctrl Pts',(-16.1220993370784,99.0710060045602,96.6010927827589));
#1261=CARTESIAN_POINT('Ctrl Pts',(-17.0865851147755,99.9926489277991,96.6010927827641));
#1262=CARTESIAN_POINT('Ctrl Pts',(-17.9663846066387,100.985501873312,96.6010927827641));
#1263=CARTESIAN_POINT('',(-2.16506687929609,93.901846797439,68.3744892932784));
#1264=CARTESIAN_POINT('Origin',(0.,93.901846797439,10.4149129886834));
#1265=CARTESIAN_POINT('',(21.9511934323259,93.901846797439,64.1005265820532));
#1266=CARTESIAN_POINT('Origin',(0.,93.901846797439,10.4149129886834));
#1267=CARTESIAN_POINT('',(25.,93.901846797439,62.7503694212014));
#1268=CARTESIAN_POINT('Origin',(0.,93.901846797439,10.4149129886834));
#1269=CARTESIAN_POINT('',(25.,139.901846797439,62.7503694212014));
#1270=CARTESIAN_POINT('Ctrl Pts',(25.0018439653235,139.900739514261,62.7498761956332));
#1271=CARTESIAN_POINT('Ctrl Pts',(27.6254911894785,139.899993272564,61.4970210974262));
#1272=CARTESIAN_POINT('Ctrl Pts',(30.1322473329517,139.456072206318,60.0515519557173));
#1273=CARTESIAN_POINT('Ctrl Pts',(32.4552922926196,138.65965773869,58.4841536654227));
#1274=CARTESIAN_POINT('Ctrl Pts',(33.2296406125089,138.394186249481,57.9616875686578));
#1275=CARTESIAN_POINT('Ctrl Pts',(33.983576578642,138.089548826784,57.4256737887168));
#1276=CARTESIAN_POINT('Ctrl Pts',(34.7102974677474,137.751100844004,56.8826229016406));
#1277=CARTESIAN_POINT('Ctrl Pts',(37.6171810241692,136.397308912884,54.7104193533358));
#1278=CARTESIAN_POINT('Ctrl Pts',(40.0886233481479,134.502548020424,52.4256220908687));
#1279=CARTESIAN_POINT('Ctrl Pts',(42.0513514461334,132.337030618077,50.3616581926404));
#1280=CARTESIAN_POINT('Ctrl Pts',(43.0327154951261,131.254271916904,49.3296762435263));
#1281=CARTESIAN_POINT('Ctrl Pts',(43.8869009876205,130.103824088259,48.3529026354718));
#1282=CARTESIAN_POINT('Ctrl Pts',(44.6284369134293,128.888186188713,47.4589071854795));
#1283=CARTESIAN_POINT('Ctrl Pts',(45.369972839238,127.672548289167,46.5649117354872));
#1284=CARTESIAN_POINT('Ctrl Pts',(45.998859198361,126.391720318721,45.753694443557));
#1285=CARTESIAN_POINT('Ctrl Pts',(46.5065978568981,125.054184346316,45.072697093452));
#1286=CARTESIAN_POINT('Ctrl Pts',(46.7604671861667,124.385416360113,44.7321984183995));
#1287=CARTESIAN_POINT('Ctrl Pts',(46.9840495902888,123.70247137342,44.4242547288033));
#1288=CARTESIAN_POINT('Ctrl Pts',(47.1787004590826,122.991602370593,44.1517731491472));
#1289=CARTESIAN_POINT('Ctrl Pts',(47.3733513278764,122.280733367766,43.8792915694911));
#1290=CARTESIAN_POINT('Ctrl Pts',(47.5390706613419,121.541940348804,43.6422720997751));
#1291=CARTESIAN_POINT('Ctrl Pts',(47.668201233215,120.790493386243,43.4562388216482));
#1292=CARTESIAN_POINT('Ctrl Pts',(47.926462376961,119.28759946112,43.0841722653945));
#1293=CARTESIAN_POINT('Ctrl Pts',(48.0383684743371,117.734089761599,42.9160504754974));
#1294=CARTESIAN_POINT('Ctrl Pts',(47.9884594060385,116.176812193534,42.9892622249965));
#1295=CARTESIAN_POINT('Ctrl Pts',(47.9551866938395,115.138627148157,43.0380700579959));
#1296=CARTESIAN_POINT('Ctrl Pts',(47.8499961302295,114.098767494539,43.1941372418381));
#1297=CARTESIAN_POINT('Ctrl Pts',(47.6827483226465,113.098055850574,43.435734449486));
#1298=CARTESIAN_POINT('Ctrl Pts',(47.5155005150634,112.09734420661,43.6773316571338));
#1299=CARTESIAN_POINT('Ctrl Pts',(47.2861954635072,111.135780572299,44.0044588885874));
#1300=CARTESIAN_POINT('Ctrl Pts',(47.0030371500886,110.205056059956,44.3961094768405));
#1301=CARTESIAN_POINT('Ctrl Pts',(46.4367205232513,108.343607035272,45.1794106533466));
#1302=CARTESIAN_POINT('Ctrl Pts',(45.6549908489643,106.605514498461,46.2208052570508));
#1303=CARTESIAN_POINT('Ctrl Pts',(44.659518790023,104.966413128092,47.4220619023706));
#1304=CARTESIAN_POINT('Ctrl Pts',(44.4106507752877,104.5566377855,47.7223760637006));
#1305=CARTESIAN_POINT('Ctrl Pts',(44.1484238615115,104.15304939081,48.0326816026316));
#1306=CARTESIAN_POINT('Ctrl Pts',(43.8735081991274,103.75817746972,48.3506485664405));
#1307=CARTESIAN_POINT('Ctrl Pts',(43.5985925367434,103.363305548629,48.6686155302494));
#1308=CARTESIAN_POINT('Ctrl Pts',(43.3109881257514,102.977150101138,48.9942439189363));
#1309=CARTESIAN_POINT('Ctrl Pts',(43.011346416943,102.599937239553,49.3254290802726));
#1310=CARTESIAN_POINT('Ctrl Pts',(42.7117047081345,102.222724377968,49.6566142416089));
#1311=CARTESIAN_POINT('Ctrl Pts',(42.4000257015096,101.85445410229,49.9933561755947));
#1312=CARTESIAN_POINT('Ctrl Pts',(42.0783785879287,101.497868959973,50.3324899956529));
#1313=CARTESIAN_POINT('Ctrl Pts',(41.7567314743479,101.141283817656,50.6716238157112));
#1314=CARTESIAN_POINT('Ctrl Pts',(41.4251162538112,100.796383808699,51.013149521842));
#1315=CARTESIAN_POINT('Ctrl Pts',(41.0834954875256,100.462190954173,51.3559417120187));
#1316=CARTESIAN_POINT('Ctrl Pts',(39.0337708898119,98.4570338270193,53.4126948530788));
#1317=CARTESIAN_POINT('Ctrl Pts',(36.6238466451393,96.8373342593827,55.5150414197902));
#1318=CARTESIAN_POINT('Ctrl Pts',(33.9066794664807,95.6978238657693,57.4720153627895));
#1319=CARTESIAN_POINT('Ctrl Pts',(31.1895122878221,94.5583134721558,59.4289893057887));
#1320=CARTESIAN_POINT('Ctrl Pts',(28.1651021751775,93.8989922525654,61.2405906250759));
#1321=CARTESIAN_POINT('Ctrl Pts',(24.9991821900285,93.9009671748373,62.7513198861209));
#1322=CARTESIAN_POINT('',(1.94448075301551,139.901846797439,68.3823089505615));
#1323=CARTESIAN_POINT('Origin',(0.,139.901846797439,10.4149129886834));
#1324=CARTESIAN_POINT('Origin',(0.,139.901846797439,10.4149129886834));
#1325=CARTESIAN_POINT('Origin',(-0.00400238517642038,131.422483825537,61.6010927827641));
#1326=CARTESIAN_POINT('',(-5.10400238517644,131.422483825537,61.6010927827641));
#1327=CARTESIAN_POINT('Origin',(-0.00400238517642038,131.422483825537,61.6010927827641));
#1328=CARTESIAN_POINT('Origin',(-0.00400238517642038,131.422483825537,106.601092782764));
#1329=CARTESIAN_POINT('',(-4.99076365688854,130.353740629557,76.9552107553214));
#1330=CARTESIAN_POINT('',(-5.10400238517642,131.422483825549,78.056258120325));
#1331=CARTESIAN_POINT('Ctrl Pts',(-4.99076365688851,130.353740629557,76.9552107553214));
#1332=CARTESIAN_POINT('Ctrl Pts',(-5.06612574457572,130.705380519896,77.3247523712974));
#1333=CARTESIAN_POINT('Ctrl Pts',(-5.1040023851781,131.063769217016,77.6909629065779));
#1334=CARTESIAN_POINT('Ctrl Pts',(-5.10400238517641,131.422483825561,78.056258120325));
#1335=CARTESIAN_POINT('Ctrl Pts',(-5.10400238517642,131.422483825561,78.056258120325));
#1336=CARTESIAN_POINT('Ctrl Pts',(-5.10400238517373,131.995619429911,78.6399078745032));
#1337=CARTESIAN_POINT('Ctrl Pts',(-5.00746344713527,132.569928295021,79.2208858441664));
#1338=CARTESIAN_POINT('Ctrl Pts',(-4.47413381299114,134.080138363242,80.8292922515193));
#1339=CARTESIAN_POINT('Ctrl Pts',(-3.88052252532759,134.842908252301,81.7637743004459));
#1340=CARTESIAN_POINT('Ctrl Pts',(-2.81296541862446,135.712085841267,83.0268166586964));
#1341=CARTESIAN_POINT('Ctrl Pts',(-2.38517847899136,135.952986449984,83.4362882054795));
#1342=CARTESIAN_POINT('Ctrl Pts',(-1.79824426066034,136.200908263938,83.835049988457));
#1343=CARTESIAN_POINT('Ctrl Pts',(-1.55193063163516,136.289893456395,83.9770004891407));
#1344=CARTESIAN_POINT('Ctrl Pts',(-1.20737702067196,136.37907814636,84.0560546015294));
#1345=CARTESIAN_POINT('Ctrl Pts',(-1.13105912921192,136.397023300419,84.0669365926206));
#1346=CARTESIAN_POINT('Ctrl Pts',(-1.00427452248752,136.423681100591,84.0712533852991));
#1347=CARTESIAN_POINT('Ctrl Pts',(-0.955001538831368,136.433284516107,84.0696188758761));
#1348=CARTESIAN_POINT('Ctrl Pts',(-0.857796775807032,136.450743008537,84.0591977169534));
#1349=CARTESIAN_POINT('Ctrl Pts',(-0.810422124412575,136.458548672529,84.0507125112462));
#1350=CARTESIAN_POINT('Ctrl Pts',(-0.695595341558572,136.475839131863,84.0215990420292));
#1351=CARTESIAN_POINT('Ctrl Pts',(-0.629842694104852,136.484347351753,83.9975843855382));
#1352=CARTESIAN_POINT('Ctrl Pts',(-0.399671606465866,136.509862176275,83.888682635296));
#1353=CARTESIAN_POINT('Ctrl Pts',(-0.237594337798832,136.519709531168,83.764138139185));
#1354=CARTESIAN_POINT('Ctrl Pts',(0.102532129110209,136.524479236499,83.398383986958));
#1355=CARTESIAN_POINT('Ctrl Pts',(0.269866018663727,136.51767095232,83.1586030511189));
#1356=CARTESIAN_POINT('Ctrl Pts',(0.815527436869203,136.471031579631,82.2369252328293));
#1357=CARTESIAN_POINT('Ctrl Pts',(1.17574118142588,136.392748863166,81.3800003337563));
#1358=CARTESIAN_POINT('Ctrl Pts',(2.07006747228256,136.125615358635,79.1352379532734));
#1359=CARTESIAN_POINT('Ctrl Pts',(3.30860504372939,135.638296321342,75.7310435882837));
#1360=CARTESIAN_POINT('Ctrl Pts',(4.51123939685701,133.846589417465,71.6692241705206));
#1361=CARTESIAN_POINT('Ctrl Pts',(4.76862628007677,133.331579475919,70.7101628214142));
#1362=CARTESIAN_POINT('Ctrl Pts',(5.0704765497262,132.174667575654,69.1053768628019));
#1363=CARTESIAN_POINT('Ctrl Pts',(5.10074743640221,131.701308466905,68.6264821547652));
#1364=CARTESIAN_POINT('Ctrl Pts',(5.08991193008303,130.978091039478,67.9828145594874));
#1365=CARTESIAN_POINT('Ctrl Pts',(5.04439901700643,130.574088900817,67.6896452695649));
#1366=CARTESIAN_POINT('Ctrl Pts',(4.82035275141378,129.707919852758,67.2469324568062));
#1367=CARTESIAN_POINT('Ctrl Pts',(4.66606003050881,129.35053995676,67.1533234363978));
#1368=CARTESIAN_POINT('Ctrl Pts',(4.42882081532041,128.89162029452,67.0806341510075));
#1369=CARTESIAN_POINT('Ctrl Pts',(4.31881418472269,128.707748297604,67.0705841649141));
#1370=CARTESIAN_POINT('Ctrl Pts',(4.0976625740997,128.386581844673,67.0876531917781));
#1371=CARTESIAN_POINT('Ctrl Pts',(3.99201577458687,128.248904480092,67.1078994751539));
#1372=CARTESIAN_POINT('Ctrl Pts',(3.75157493840149,127.966323975186,67.1760621545518));
#1373=CARTESIAN_POINT('Ctrl Pts',(3.61592989570681,127.824807329037,67.2273535299442));
#1374=CARTESIAN_POINT('Ctrl Pts',(3.23442238672005,127.468905245677,67.3991627630084));
#1375=CARTESIAN_POINT('Ctrl Pts',(2.97990985580022,127.275103238732,67.5421647564883));
#1376=CARTESIAN_POINT('Ctrl Pts',(2.15954460734679,126.756800650863,68.0612536697231));
#1377=CARTESIAN_POINT('Ctrl Pts',(1.51787129383187,126.505324561827,68.5503720608597));
#1378=CARTESIAN_POINT('Ctrl Pts',(0.133691598236076,126.275550757376,69.7286443464979));
#1379=CARTESIAN_POINT('Ctrl Pts',(-0.600644602375979,126.302924775566,70.4115880008322));
#1380=CARTESIAN_POINT('Ctrl Pts',(-2.18995463303543,126.727722954904,72.0527878065173));
#1381=CARTESIAN_POINT('Ctrl Pts',(-2.97471310782633,127.183425758781,72.9736265714555));
#1382=CARTESIAN_POINT('Ctrl Pts',(-4.29875276789474,128.501763002315,74.9276579290519));
#1383=CARTESIAN_POINT('Ctrl Pts',(-4.78309521451832,129.384758605003,75.9368985756056));
#1384=CARTESIAN_POINT('Ctrl Pts',(-4.99076365688852,130.353740629557,76.9552107553214));
#1385=CARTESIAN_POINT('',(-5.10400238517642,131.422483825537,106.601092782764));
#1386=CARTESIAN_POINT('Ctrl Pts',(8.68807201617752,116.192298262317,56.6790714635263));
#1387=CARTESIAN_POINT('Ctrl Pts',(8.68807201617752,116.192298262317,56.7579872226464));
#1388=CARTESIAN_POINT('Ctrl Pts',(8.67942587040922,116.215621416163,57.1426601893017));
#1389=CARTESIAN_POINT('Ctrl Pts',(8.17978836565609,116.309305293596,58.7148831991332));
#1390=CARTESIAN_POINT('Ctrl Pts',(6.02453973071962,116.446044504096,61.9899713673749));
#1391=CARTESIAN_POINT('Ctrl Pts',(0.627048541623516,116.55423011881,67.3922022144139));
#1392=CARTESIAN_POINT('Ctrl Pts',(-6.50878836627413,116.623799814155,73.6446565168105));
#1393=CARTESIAN_POINT('Ctrl Pts',(-13.6151304167315,116.706387852405,80.1257225519827));
#1394=CARTESIAN_POINT('Ctrl Pts',(-18.7898853887923,116.82974010527,86.2128750356774));
#1395=CARTESIAN_POINT('Ctrl Pts',(-20.0039994049442,116.902559323291,89.5919699143434));
#1396=CARTESIAN_POINT('Ctrl Pts',(-20.0039994049442,116.902559323291,91.0070927827641));
#1397=CARTESIAN_POINT('Ctrl Pts',(8.72475953391582,115.181417887282,56.6720184635889));
#1398=CARTESIAN_POINT('Ctrl Pts',(8.72478377919148,115.181247369194,56.7511950572334));
#1399=CARTESIAN_POINT('Ctrl Pts',(8.71440115567123,115.217302872257,57.1362603167083));
#1400=CARTESIAN_POINT('Ctrl Pts',(8.20808497860797,115.356220001909,58.7090719225018));
#1401=CARTESIAN_POINT('Ctrl Pts',(6.04382156113753,115.53938377468,61.984705985559));
#1402=CARTESIAN_POINT('Ctrl Pts',(0.641183373506615,115.621871774631,67.3876658585295));
#1403=CARTESIAN_POINT('Ctrl Pts',(-6.49588065154113,115.595889070771,73.6409430479864));
#1404=CARTESIAN_POINT('Ctrl Pts',(-13.6044116865025,115.562192309587,80.1228383413007));
#1405=CARTESIAN_POINT('Ctrl Pts',(-18.7853176207413,115.603888813513,86.2109845993046));
#1406=CARTESIAN_POINT('Ctrl Pts',(-20.0039994049442,115.665296337392,89.5911590269217));
#1407=CARTESIAN_POINT('Ctrl Pts',(-20.0039994049442,115.665296337392,91.0070927827641));
#1408=CARTESIAN_POINT('Ctrl Pts',(8.84521106120156,114.169498123575,56.6488622331655));
#1409=CARTESIAN_POINT('Ctrl Pts',(8.84519356428977,114.169553611956,56.7279581349709));
#1410=CARTESIAN_POINT('Ctrl Pts',(8.83062158361523,114.220279012198,57.1131138639604));
#1411=CARTESIAN_POINT('Ctrl Pts',(8.30855326774189,114.411813267081,58.6868507539376));
#1412=CARTESIAN_POINT('Ctrl Pts',(6.12510288376349,114.650370445314,61.9648304429952));
#1413=CARTESIAN_POINT('Ctrl Pts',(0.719403820087598,114.709920940338,67.3717923226096));
#1414=CARTESIAN_POINT('Ctrl Pts',(-6.40401346265899,114.583661863754,73.6296737445469));
#1415=CARTESIAN_POINT('Ctrl Pts',(-13.4950220197188,114.424871158307,80.1162406427083));
#1416=CARTESIAN_POINT('Ctrl Pts',(-18.6676623644394,114.378519832224,86.2084918023112));
#1417=CARTESIAN_POINT('Ctrl Pts',(-19.8888531234624,114.428060898768,89.5905624986463));
#1418=CARTESIAN_POINT('Ctrl Pts',(-19.8888531234624,114.428060898768,91.0070927827642));
#1419=CARTESIAN_POINT('Ctrl Pts',(9.30457800161396,111.928229437589,56.5605511344127));
#1420=CARTESIAN_POINT('Ctrl Pts',(9.30461025726355,111.928148479244,56.6394821299269));
#1421=CARTESIAN_POINT('Ctrl Pts',(9.27667460452404,112.004630065701,57.0252274948902));
#1422=CARTESIAN_POINT('Ctrl Pts',(8.70498453980154,112.286822409336,58.6031833687033));
#1423=CARTESIAN_POINT('Ctrl Pts',(6.4629689625267,112.616860963324,61.8910785084231));
#1424=CARTESIAN_POINT('Ctrl Pts',(1.05595562881849,112.620134331164,67.3144489273622));
#1425=CARTESIAN_POINT('Ctrl Pts',(-6.00932579167192,112.294735226879,73.5906855071298));
#1426=CARTESIAN_POINT('Ctrl Pts',(-13.0259538118801,111.893252938692,80.0950777636409));
#1427=CARTESIAN_POINT('Ctrl Pts',(-18.1541016660811,111.674151495947,86.2019217752745));
#1428=CARTESIAN_POINT('Ctrl Pts',(-19.3762488304584,111.697504863072,89.5894904224888));
#1429=CARTESIAN_POINT('Ctrl Pts',(-19.3762488304584,111.697504863072,91.0070927827642));
#1430=CARTESIAN_POINT('Ctrl Pts',(9.686700509028,110.714682234426,56.4870899087144));
#1431=CARTESIAN_POINT('Ctrl Pts',(9.68661684612705,110.714881743093,56.5661398142986));
#1432=CARTESIAN_POINT('Ctrl Pts',(9.64775380529698,110.80633799766,56.9528045035321));
#1433=CARTESIAN_POINT('Ctrl Pts',(9.03630927184386,111.14150030702,58.5349741340289));
#1434=CARTESIAN_POINT('Ctrl Pts',(6.74937801763955,111.525469247267,61.8319329709158));
#1435=CARTESIAN_POINT('Ctrl Pts',(1.34776934248595,111.499079943009,67.2699049980949));
#1436=CARTESIAN_POINT('Ctrl Pts',(-5.66187330267433,111.062727737651,73.5619658490564));
#1437=CARTESIAN_POINT('Ctrl Pts',(-12.6094203187836,110.524191326294,80.0808727549541));
#1438=CARTESIAN_POINT('Ctrl Pts',(-17.6947769628969,110.207277055487,86.1984800219676));
#1439=CARTESIAN_POINT('Ctrl Pts',(-18.9160944050176,110.216090265066,89.5892265725528));
#1440=CARTESIAN_POINT('Ctrl Pts',(-18.9160944050176,110.216090265066,91.0070927827642));
#1441=CARTESIAN_POINT('Ctrl Pts',(10.6822378355233,108.388273068835,56.2957026158601));
#1442=CARTESIAN_POINT('Ctrl Pts',(10.6823303006449,108.388079201482,56.3748110343206));
#1443=CARTESIAN_POINT('Ctrl Pts',(10.6190237097888,108.499193810373,56.7635156709506));
#1444=CARTESIAN_POINT('Ctrl Pts',(9.91841315596836,108.903158989982,58.3564116048047));
#1445=CARTESIAN_POINT('Ctrl Pts',(7.53268892653519,109.351942751483,61.6771959284018));
#1446=CARTESIAN_POINT('Ctrl Pts',(2.15292701676523,109.264771936098,67.1537890720778));
#1447=CARTESIAN_POINT('Ctrl Pts',(-4.71494819424205,108.649396181676,73.4877539287856));
#1448=CARTESIAN_POINT('Ctrl Pts',(-11.4873343738024,107.896128921942,80.0450770097655));
#1449=CARTESIAN_POINT('Ctrl Pts',(-16.4588232242996,107.423941842516,86.1909050513386));
#1450=CARTESIAN_POINT('Ctrl Pts',(-17.672403090673,107.4064974432,89.5892747781711));
#1451=CARTESIAN_POINT('Ctrl Pts',(-17.672403090673,107.4064974432,91.0070927827642));
#1452=CARTESIAN_POINT('Ctrl Pts',(11.2946636184727,107.274238970222,56.1779666861733));
#1453=CARTESIAN_POINT('Ctrl Pts',(11.2946348097469,107.274281408041,56.256954258268));
#1454=CARTESIAN_POINT('Ctrl Pts',(11.2168123743828,107.394322685159,56.6467045065286));
#1455=CARTESIAN_POINT('Ctrl Pts',(10.4639437066261,107.828983897,58.2460068724054));
#1456=CARTESIAN_POINT('Ctrl Pts',(8.02161046699594,108.306318366654,61.5814934168527));
#1457=CARTESIAN_POINT('Ctrl Pts',(2.65836454512382,108.192427433166,67.0820581877789));
#1458=CARTESIAN_POINT('Ctrl Pts',(-4.12105569188697,107.498279763802,73.4420851394073));
#1459=CARTESIAN_POINT('Ctrl Pts',(-10.7844124344613,106.649410884392,80.0233652492868));
#1460=CARTESIAN_POINT('Ctrl Pts',(-15.6835940388344,106.107251807698,86.1867501836607));
#1461=CARTESIAN_POINT('Ctrl Pts',(-16.8909385145117,106.077617390642,89.5896088333517));
#1462=CARTESIAN_POINT('Ctrl Pts',(-16.8909385145117,106.077617390642,91.0070927827642));
#1463=CARTESIAN_POINT('Ctrl Pts',(12.7013123923437,105.21185291678,55.9075451824655));
#1464=CARTESIAN_POINT('Ctrl Pts',(12.7013512283027,105.211819150474,55.9866093404945));
#1465=CARTESIAN_POINT('Ctrl Pts',(12.5942243670578,105.340766609024,56.3792866532875));
#1466=CARTESIAN_POINT('Ctrl Pts',(11.7365300953121,105.804580790829,57.994058874682));
#1467=CARTESIAN_POINT('Ctrl Pts',(9.18344149836415,106.303477128795,61.3638979060509));
#1468=CARTESIAN_POINT('Ctrl Pts',(3.864690902018,106.14265161811,66.9200025164474));
#1469=CARTESIAN_POINT('Ctrl Pts',(-2.71973246969048,105.339917651428,73.340004802467));
#1470=CARTESIAN_POINT('Ctrl Pts',(-9.14604758882683,104.363144736972,79.975758212691));
#1471=CARTESIAN_POINT('Ctrl Pts',(-13.8861573680014,103.724326675898,86.1783069916946));
#1472=CARTESIAN_POINT('Ctrl Pts',(-15.0773531136388,103.674398810443,89.5906179653832));
#1473=CARTESIAN_POINT('Ctrl Pts',(-15.0773531136388,103.674398810443,91.0070927827642));
#1474=CARTESIAN_POINT('Ctrl Pts',(13.4853928795025,104.264585378461,55.756809456317));
#1475=CARTESIAN_POINT('Ctrl Pts',(13.4851041018487,104.264884712054,55.8357418773841));
#1476=CARTESIAN_POINT('Ctrl Pts',(13.3624669344019,104.396666519566,56.22982738628));
#1477=CARTESIAN_POINT('Ctrl Pts',(12.4502493339644,104.868732403226,57.8530052198509));
#1478=CARTESIAN_POINT('Ctrl Pts',(9.841291982609,105.371705588239,61.241951158407));
#1479=CARTESIAN_POINT('Ctrl Pts',(4.5500824697928,105.19181770279,66.8290163534424));
#1480=CARTESIAN_POINT('Ctrl Pts',(-1.92687330792449,104.349889473861,73.2825307439156));
#1481=CARTESIAN_POINT('Ctrl Pts',(-8.22273390772526,103.326757010594,79.9489516493904));
#1482=CARTESIAN_POINT('Ctrl Pts',(-12.8739731089739,102.651557744112,86.1737378087239));
#1483=CARTESIAN_POINT('Ctrl Pts',(-14.0548885829483,102.593009903978,89.5913630563815));
#1484=CARTESIAN_POINT('Ctrl Pts',(-14.0548885829483,102.593009903978,91.0070927827642));
#1485=CARTESIAN_POINT('Ctrl Pts',(15.1816633709697,102.553973981585,55.4307095616466));
#1486=CARTESIAN_POINT('Ctrl Pts',(15.181946649236,102.553705923169,55.5095692462949));
#1487=CARTESIAN_POINT('Ctrl Pts',(15.0309428065426,102.682485611796,55.9069629348878));
#1488=CARTESIAN_POINT('Ctrl Pts',(14.0181385959159,103.142490674376,57.548689340662));
#1489=CARTESIAN_POINT('Ctrl Pts',(11.3098012224473,103.623456450465,60.9795569007756));
#1490=CARTESIAN_POINT('Ctrl Pts',(6.0881895922656,103.41182066106,66.6347425745425));
#1491=CARTESIAN_POINT('Ctrl Pts',(-0.161448964213173,102.534848140476,73.1617251562063));
#1492=CARTESIAN_POINT('Ctrl Pts',(-6.18817594195938,101.475494398409,79.8943786769232));
#1493=CARTESIAN_POINT('Ctrl Pts',(-10.656094580114,100.767376545621,86.165825889435));
#1494=CARTESIAN_POINT('Ctrl Pts',(-11.8146946507094,100.696697786203,89.5935266904139));
#1495=CARTESIAN_POINT('Ctrl Pts',(-11.8146946507094,100.696697786203,91.0070927827642));
#1496=CARTESIAN_POINT('Ctrl Pts',(16.1075738749469,101.772288834202,55.2527076926404));
#1497=CARTESIAN_POINT('Ctrl Pts',(16.1073469428479,101.772471452119,55.3314667933511));
#1498=CARTESIAN_POINT('Ctrl Pts',(15.9410098365527,101.898955645271,55.7306134378136));
#1499=CARTESIAN_POINT('Ctrl Pts',(14.8753815871559,102.348735100253,57.3824099559859));
#1500=CARTESIAN_POINT('Ctrl Pts',(12.1159716420048,102.81511242504,60.835913588609));
#1501=CARTESIAN_POINT('Ctrl Pts',(6.93071034748269,102.596165333019,66.5276360079673));
#1502=CARTESIAN_POINT('Ctrl Pts',(0.799284459158817,101.720584640315,73.0940980927546));
#1503=CARTESIAN_POINT('Ctrl Pts',(-5.08560546767992,100.66367196804,79.8628523095053));
#1504=CARTESIAN_POINT('Ctrl Pts',(-9.45518525725113,99.952922521785,86.1604754651748));
#1505=CARTESIAN_POINT('Ctrl Pts',(-10.6004463113024,99.8779279013142,89.5944097407085));
#1506=CARTESIAN_POINT('Ctrl Pts',(-10.6004463113024,99.8779279013142,91.0070927827642));
#1507=CARTESIAN_POINT('Ctrl Pts',(18.0799867524029,100.397172402704,54.8735207440845));
#1508=CARTESIAN_POINT('Ctrl Pts',(18.080213319564,100.397011147593,54.9522426579652));
#1509=CARTESIAN_POINT('Ctrl Pts',(17.887475969885,100.510133466895,55.3552690088602));
#1510=CARTESIAN_POINT('Ctrl Pts',(16.7302458036711,100.910895375362,57.0284625074072));
#1511=CARTESIAN_POINT('Ctrl Pts',(13.8855619498174,101.318902301651,60.5301288301884));
#1512=CARTESIAN_POINT('Ctrl Pts',(8.78190541156144,101.094528370266,66.3000774809349));
#1513=CARTESIAN_POINT('Ctrl Pts',(2.88428370236913,100.268973603258,72.951114902848));
#1514=CARTESIAN_POINT('Ctrl Pts',(-2.72737875360003,99.2771080525921,79.7966044798578));
#1515=CARTESIAN_POINT('Ctrl Pts',(-6.90850698499125,98.6032923848531,86.1491451072748));
#1516=CARTESIAN_POINT('Ctrl Pts',(-8.02806819370281,98.5253461374446,89.5960612625673));
#1517=CARTESIAN_POINT('Ctrl Pts',(-8.02806819370281,98.5253461374446,91.0070927827642));
#1518=CARTESIAN_POINT('Ctrl Pts',(19.1374452198489,99.7944088067433,54.6702294078341));
#1519=CARTESIAN_POINT('Ctrl Pts',(19.1374865769117,99.7943913417022,54.7488309648756));
#1520=CARTESIAN_POINT('Ctrl Pts',(18.9311270130645,99.8995164135909,55.1537913729711));
#1521=CARTESIAN_POINT('Ctrl Pts',(17.7263127934995,100.270828641337,56.8381890190962));
#1522=CARTESIAN_POINT('Ctrl Pts',(14.8371513413943,100.645563635559,60.3652030836658));
#1523=CARTESIAN_POINT('Ctrl Pts',(9.77300710673017,100.42643482667,66.1763215450739));
#1524=CARTESIAN_POINT('Ctrl Pts',(3.99227698956508,99.6446362982309,72.8720781493419));
#1525=CARTESIAN_POINT('Ctrl Pts',(-1.48047192096864,98.7068450340611,79.7587198772676));
#1526=CARTESIAN_POINT('Ctrl Pts',(-5.56482066510358,98.0671718481865,86.1415609890405));
#1527=CARTESIAN_POINT('Ctrl Pts',(-6.67064617185864,97.9905905127156,89.5964281435809));
#1528=CARTESIAN_POINT('Ctrl Pts',(-6.67064617185864,97.9905905127156,91.0070927827642));
#1529=CARTESIAN_POINT('Ctrl Pts',(21.322930338412,98.8248320369342,54.2500803393027));
#1530=CARTESIAN_POINT('Ctrl Pts',(21.3229011498704,98.8248627866215,54.3288536182673));
#1531=CARTESIAN_POINT('Ctrl Pts',(21.0942266466246,98.9064941460413,54.7383211573361));
#1532=CARTESIAN_POINT('Ctrl Pts',(19.8149289702121,99.1920781488844,56.4461360419749));
#1533=CARTESIAN_POINT('Ctrl Pts',(16.8602784710265,99.4714429971025,60.0249890790921));
#1534=CARTESIAN_POINT('Ctrl Pts',(11.8740109073115,99.2712022300598,65.9200998196478));
#1535=CARTESIAN_POINT('Ctrl Pts',(6.30029442072572,98.621712794355,72.707175232773));
#1536=CARTESIAN_POINT('Ctrl Pts',(1.06809004346605,97.8473564042343,79.6779312749402));
#1537=CARTESIAN_POINT('Ctrl Pts',(-2.84767117163033,97.3125078420189,86.1232823166438));
#1538=CARTESIAN_POINT('Ctrl Pts',(-3.9277450261721,97.241647384353,89.5959006157834));
#1539=CARTESIAN_POINT('Ctrl Pts',(-3.9277450261721,97.241647384353,91.0070927827642));
#1540=CARTESIAN_POINT('Ctrl Pts',(22.4434266382283,98.4533228072212,54.0346702810681));
#1541=CARTESIAN_POINT('Ctrl Pts',(22.44285207845,98.4534600020771,54.1133903983034));
#1542=CARTESIAN_POINT('Ctrl Pts',(22.1987319798965,98.5228674297182,54.5249601020042));
#1543=CARTESIAN_POINT('Ctrl Pts',(20.8653808547462,98.7640179075014,56.2444155847581));
#1544=CARTESIAN_POINT('Ctrl Pts',(17.8563102690586,98.9950896967851,59.8492753346654));
#1545=CARTESIAN_POINT('Ctrl Pts',(12.9001406091575,98.8091999351084,65.786564257132));
#1546=CARTESIAN_POINT('Ctrl Pts',(7.43766785362033,98.2357362527967,72.6197784577589));
#1547=CARTESIAN_POINT('Ctrl Pts',(2.3417708138765,97.5547434783191,79.6337302394852));
#1548=CARTESIAN_POINT('Ctrl Pts',(-1.47862696556486,97.0816101828433,86.1121895141019));
#1549=CARTESIAN_POINT('Ctrl Pts',(-2.54572427106875,97.0160309725914,89.5950757021435));
#1550=CARTESIAN_POINT('Ctrl Pts',(-2.54572427106875,97.0160309725914,91.0070927827642));
#1551=CARTESIAN_POINT('Ctrl Pts',(25.6895085120103,97.7452884279777,53.4106265554614));
#1552=CARTESIAN_POINT('Ctrl Pts',(25.6905241558379,97.7450631769654,53.4896322050144));
#1553=CARTESIAN_POINT('Ctrl Pts',(25.4453103056302,97.7633478627608,53.9077017056287));
#1554=CARTESIAN_POINT('Ctrl Pts',(24.1140081015487,97.8195103918785,55.6608116679143));
#1555=CARTESIAN_POINT('Ctrl Pts',(21.1426162008602,97.8430101542941,59.3406253353622));
#1556=CARTESIAN_POINT('Ctrl Pts',(16.3159235045152,97.6918439768598,65.4003459928515));
#1557=CARTESIAN_POINT('Ctrl Pts',(11.039687488259,97.3989344657576,72.3675651229358));
#1558=CARTESIAN_POINT('Ctrl Pts',(6.13246241183723,97.071753801543,79.505994932887));
#1559=CARTESIAN_POINT('Ctrl Pts',(2.44638222558605,96.83373308673,86.0787828316526));
#1560=CARTESIAN_POINT('Ctrl Pts',(1.40738437367792,96.7872421286121,89.591465011096));
#1561=CARTESIAN_POINT('Ctrl Pts',(1.40738437367792,96.7872421286121,91.0070927827642));
#1562=CARTESIAN_POINT('Ctrl Pts',(27.9120367874981,97.7133513143753,52.9833561170588));
#1563=CARTESIAN_POINT('Ctrl Pts',(27.9127966504185,97.7135631466624,53.0626307608681));
#1564=CARTESIAN_POINT('Ctrl Pts',(27.6681764236807,97.6973039823633,53.485196894195));
#1565=CARTESIAN_POINT('Ctrl Pts',(26.3453137583502,97.6261113290573,55.2608471829292));
#1566=CARTESIAN_POINT('Ctrl Pts',(23.4043201208422,97.5080059856143,58.9901863295765));
#1567=CARTESIAN_POINT('Ctrl Pts',(18.6470515828913,97.3889218510847,65.1305193207151));
#1568=CARTESIAN_POINT('Ctrl Pts',(13.4598178692133,97.3027391210676,72.1866661833621));
#1569=CARTESIAN_POINT('Ctrl Pts',(8.64122741237522,97.2343888256685,79.4095311772523));
#1570=CARTESIAN_POINT('Ctrl Pts',(5.02062993755881,97.1697178938217,86.0493472753963));
#1571=CARTESIAN_POINT('Ctrl Pts',(3.99766320682487,97.1388335125313,89.58647053674));
#1572=CARTESIAN_POINT('Ctrl Pts',(3.99766320682487,97.1388335125313,91.0070927827642));
#1573=CARTESIAN_POINT('Ctrl Pts',(31.0522272076019,98.4499414476546,52.3796695173142));
#1574=CARTESIAN_POINT('Ctrl Pts',(31.0518337221081,98.4498253601522,52.4593232237011));
#1575=CARTESIAN_POINT('Ctrl Pts',(30.8214970843308,98.3777459813356,52.8881640480664));
#1576=CARTESIAN_POINT('Ctrl Pts',(29.5657396817438,98.1034892865962,54.695352635756));
#1577=CARTESIAN_POINT('Ctrl Pts',(26.7370737884466,97.7553755901303,58.4936619670474));
#1578=CARTESIAN_POINT('Ctrl Pts',(22.0882568079272,97.667485279576,64.7461274559523));
#1579=CARTESIAN_POINT('Ctrl Pts',(16.9713764269175,97.8801793448695,71.9264584346461));
#1580=CARTESIAN_POINT('Ctrl Pts',(12.2002746771136,98.1921464772244,79.268342116655));
#1581=CARTESIAN_POINT('Ctrl Pts',(8.62265906921394,98.3809603851044,86.0044831987873));
#1582=CARTESIAN_POINT('Ctrl Pts',(7.62229100289741,98.3707724297383,89.5783078819433));
#1583=CARTESIAN_POINT('Ctrl Pts',(7.62229100289741,98.3707724297383,91.0070927827642));
#1584=CARTESIAN_POINT('Ctrl Pts',(32.0636308142724,98.8179838180165,52.185232007929));
#1585=CARTESIAN_POINT('Ctrl Pts',(32.0638471811403,98.8180611300779,52.265011730255));
#1586=CARTESIAN_POINT('Ctrl Pts',(31.8547785933537,98.7335401275326,52.6958442770988));
#1587=CARTESIAN_POINT('Ctrl Pts',(30.6808433088172,98.413840047518,54.5129815133338));
#1588=CARTESIAN_POINT('Ctrl Pts',(27.963418434888,98.0161320321397,58.333379046314));
#1589=CARTESIAN_POINT('Ctrl Pts',(23.3676892294328,97.9429883261434,64.6221203284212));
#1590=CARTESIAN_POINT('Ctrl Pts',(18.2238310517565,98.2338192844749,71.8426841441792));
#1591=CARTESIAN_POINT('Ctrl Pts',(13.3919566452299,98.6417701185726,79.2229177374949));
#1592=CARTESIAN_POINT('Ctrl Pts',(9.77531714859931,98.8942318505228,85.9897600077457));
#1593=CARTESIAN_POINT('Ctrl Pts',(8.77817484903813,98.8895104961763,89.5754004614906));
#1594=CARTESIAN_POINT('Ctrl Pts',(8.77817484903813,98.8895104961763,91.0070927827643));
#1595=CARTESIAN_POINT('Ctrl Pts',(33.9744563565873,99.7977888800568,51.8178849301976));
#1596=CARTESIAN_POINT('Ctrl Pts',(33.9742904510306,99.7977235630007,51.8981032937626));
#1597=CARTESIAN_POINT('Ctrl Pts',(33.7977869852919,99.6911231265777,52.3330176938251));
#1598=CARTESIAN_POINT('Ctrl Pts',(32.7534827099844,99.2919243472233,54.1695079583307));
#1599=CARTESIAN_POINT('Ctrl Pts',(30.2165127888727,98.8085656091961,58.03170311412));
#1600=CARTESIAN_POINT('Ctrl Pts',(25.7123974970147,98.7619537499166,64.3883593997336));
#1601=CARTESIAN_POINT('Ctrl Pts',(20.5352020205399,99.189130002542,71.6841174386473));
#1602=CARTESIAN_POINT('Ctrl Pts',(15.6190470432158,99.7643608086462,79.1363322210811));
#1603=CARTESIAN_POINT('Ctrl Pts',(11.9521899104653,100.127303305845,85.9614899265415));
#1604=CARTESIAN_POINT('Ctrl Pts',(10.9649875386789,100.131969448053,89.5698372045689));
#1605=CARTESIAN_POINT('Ctrl Pts',(10.9649875386789,100.131969448053,91.0070927827642));
#1606=CARTESIAN_POINT('Ctrl Pts',(34.8571506849825,100.396603828476,51.6481911643956));
#1607=CARTESIAN_POINT('Ctrl Pts',(34.8571900229522,100.396604329049,51.7284497106808));
#1608=CARTESIAN_POINT('Ctrl Pts',(34.7016934149904,100.285757969881,52.1650301469878));
#1609=CARTESIAN_POINT('Ctrl Pts',(33.7401186305651,99.8729157731618,54.0102031537886));
#1610=CARTESIAN_POINT('Ctrl Pts',(31.3160874529456,99.3795367445655,57.8917689464461));
#1611=CARTESIAN_POINT('Ctrl Pts',(26.8654945687925,99.3535654017016,64.2801431770152));
#1612=CARTESIAN_POINT('Ctrl Pts',(21.6607736894683,99.8263878549334,71.6110635143658));
#1613=CARTESIAN_POINT('Ctrl Pts',(16.6836422296085,100.451069450295,79.0968822878462));
#1614=CARTESIAN_POINT('Ctrl Pts',(12.9791340490751,100.845930588798,85.9490030801051));
#1615=CARTESIAN_POINT('Ctrl Pts',(11.9966490037373,100.853948892916,89.5675521793817));
#1616=CARTESIAN_POINT('Ctrl Pts',(11.9966490037373,100.853948892916,91.0070927827643));
#1617=CARTESIAN_POINT('Ctrl Pts',(36.4692104268492,101.784734225738,51.3382803838512));
#1618=CARTESIAN_POINT('Ctrl Pts',(36.4691815427369,101.784733350007,51.4188229019113));
#1619=CARTESIAN_POINT('Ctrl Pts',(36.3494661660034,101.669790738625,51.8587203676442));
#1620=CARTESIAN_POINT('Ctrl Pts',(35.5282179050091,101.244813665368,53.720148990485));
#1621=CARTESIAN_POINT('Ctrl Pts',(33.2976705174489,100.74939070432,57.6372028382114));
#1622=CARTESIAN_POINT('Ctrl Pts',(28.9416726826721,100.764040144482,64.0834369981191));
#1623=CARTESIAN_POINT('Ctrl Pts',(23.6948678064646,101.307457517083,71.4783664367717));
#1624=CARTESIAN_POINT('Ctrl Pts',(18.6205687697093,102.004853857414,79.0251886911666));
#1625=CARTESIAN_POINT('Ctrl Pts',(14.8571615109047,102.445814981176,85.9262355241218));
#1626=CARTESIAN_POINT('Ctrl Pts',(13.8840758434523,102.458867158152,89.5632981355901));
#1627=CARTESIAN_POINT('Ctrl Pts',(13.8840758434523,102.458867158152,91.0070927827643));
#1628=CARTESIAN_POINT('Ctrl Pts',(37.2013673351009,102.574242990166,51.1975267175791));
#1629=CARTESIAN_POINT('Ctrl Pts',(37.201365146318,102.57421528894,51.2781289986249));
#1630=CARTESIAN_POINT('Ctrl Pts',(37.100370052762,102.463568946487,51.7194530470366));
#1631=CARTESIAN_POINT('Ctrl Pts',(36.3531811955109,102.057429417276,53.5881580476936));
#1632=CARTESIAN_POINT('Ctrl Pts',(34.2232383595403,101.591920412141,57.5212790383463));
#1633=CARTESIAN_POINT('Ctrl Pts',(29.9128058028359,101.631711726068,63.9937266611647));
#1634=CARTESIAN_POINT('Ctrl Pts',(24.638544922982,102.185643242408,71.4176968921924));
#1635=CARTESIAN_POINT('Ctrl Pts',(19.5079993625585,102.883496498093,78.9923204717183));
#1636=CARTESIAN_POINT('Ctrl Pts',(15.7111843825426,103.323206125335,85.9157773387337));
#1637=CARTESIAN_POINT('Ctrl Pts',(14.7434206632915,103.337434275899,89.5613677376977));
#1638=CARTESIAN_POINT('Ctrl Pts',(14.7434206632915,103.337434275899,91.0070927827642));
#1639=CARTESIAN_POINT('Ctrl Pts',(38.5049199905978,104.298156018553,50.9469249498816));
#1640=CARTESIAN_POINT('Ctrl Pts',(38.5049360728938,104.298204841547,51.0277448220784));
#1641=CARTESIAN_POINT('Ctrl Pts',(38.4341113046404,104.197693839488,51.4717602637598));
#1642=CARTESIAN_POINT('Ctrl Pts',(37.8056408887026,103.833541483948,53.3537205644716));
#1643=CARTESIAN_POINT('Ctrl Pts',(35.8403647463929,103.434281529539,57.3158841154019));
#1644=CARTESIAN_POINT('Ctrl Pts',(31.614503151847,103.529918562559,63.8356626154695));
#1645=CARTESIAN_POINT('Ctrl Pts',(26.3120101988774,104.107554444084,71.3118478730339));
#1646=CARTESIAN_POINT('Ctrl Pts',(21.1076017150914,104.808507296968,78.935924198961));
#1647=CARTESIAN_POINT('Ctrl Pts',(17.2681742022054,105.247817227963,85.898523405103));
#1648=CARTESIAN_POINT('Ctrl Pts',(16.3104319965061,105.265142889241,89.5583957864642));
#1649=CARTESIAN_POINT('Ctrl Pts',(16.3104319965061,105.265142889241,91.0070927827642));
#1650=CARTESIAN_POINT('Ctrl Pts',(39.0797696406451,105.242515401884,50.8364128521502));
#1651=CARTESIAN_POINT('Ctrl Pts',(39.079733130044,105.242421924492,50.9172355957914));
#1652=CARTESIAN_POINT('Ctrl Pts',(39.0224592114174,105.151142813975,51.3623336901393));
#1653=CARTESIAN_POINT('Ctrl Pts',(38.4481147698305,104.825401852736,53.2500587432336));
#1654=CARTESIAN_POINT('Ctrl Pts',(36.5576992409574,104.482282545858,57.2250320499989));
#1655=CARTESIAN_POINT('Ctrl Pts',(32.3698242755592,104.613101226861,63.7656632596305));
#1656=CARTESIAN_POINT('Ctrl Pts',(27.0549174280613,105.19059479743,71.2648732269003));
#1657=CARTESIAN_POINT('Ctrl Pts',(21.8188369572353,105.873384009948,78.9109020792507));
#1658=CARTESIAN_POINT('Ctrl Pts',(17.9636172440655,106.299532812419,85.8910013350381));
#1659=CARTESIAN_POINT('Ctrl Pts',(17.0127207122604,106.318553769364,89.5571983662235));
#1660=CARTESIAN_POINT('Ctrl Pts',(17.0127207122604,106.318553769364,91.0070927827642));
#1661=CARTESIAN_POINT('Ctrl Pts',(40.095019567373,107.292309827942,50.6412359061174));
#1662=CARTESIAN_POINT('Ctrl Pts',(40.0950580315572,107.292422653104,50.7222700892404));
#1663=CARTESIAN_POINT('Ctrl Pts',(40.0594589630214,107.220012925042,51.1695104737162));
#1664=CARTESIAN_POINT('Ctrl Pts',(39.5704382440203,106.969780154697,53.0676057859245));
#1665=CARTESIAN_POINT('Ctrl Pts',(37.7988208639035,106.737315537327,57.0652152076166));
#1666=CARTESIAN_POINT('Ctrl Pts',(33.674356574072,106.940966592438,63.6427576386398));
#1667=CARTESIAN_POINT('Ctrl Pts',(28.3444897507722,107.524356787108,71.1826695676075));
#1668=CARTESIAN_POINT('Ctrl Pts',(23.0627622900668,108.178963961635,78.8671554183196));
#1669=CARTESIAN_POINT('Ctrl Pts',(19.1846986478051,108.584734929029,85.8776051033955));
#1670=CARTESIAN_POINT('Ctrl Pts',(18.2440656269856,108.607820797527,89.5548580687186));
#1671=CARTESIAN_POINT('Ctrl Pts',(18.2440656269856,108.607820797527,91.0070927827642));
#1672=CARTESIAN_POINT('Ctrl Pts',(40.5253987110128,108.40540941218,50.5584975727471));
#1673=CARTESIAN_POINT('Ctrl Pts',(40.525410666546,108.405386803758,50.6395303359874));
#1674=CARTESIAN_POINT('Ctrl Pts',(40.4983772147284,108.344452069664,51.0875789799935));
#1675=CARTESIAN_POINT('Ctrl Pts',(40.0432968109701,108.141413641016,52.9899221456663));
#1676=CARTESIAN_POINT('Ctrl Pts',(38.3181279220047,107.977236365488,56.9969475250192));
#1677=CARTESIAN_POINT('Ctrl Pts',(34.2165111547619,108.222433878317,63.5897960569278));
#1678=CARTESIAN_POINT('Ctrl Pts',(28.878677350338,108.803874410211,71.1466766881356));
#1679=CARTESIAN_POINT('Ctrl Pts',(23.5787416635907,109.435293254153,78.8475335857789));
#1680=CARTESIAN_POINT('Ctrl Pts',(19.6940184404394,109.825245123607,85.8713178623118));
#1681=CARTESIAN_POINT('Ctrl Pts',(18.7594882775973,109.850903944065,89.5537046053464));
#1682=CARTESIAN_POINT('Ctrl Pts',(18.7594882775973,109.850903944065,91.0070927827642));
#1683=CARTESIAN_POINT('Ctrl Pts',(41.2213367791421,110.735783096513,50.4247068053808));
#1684=CARTESIAN_POINT('Ctrl Pts',(41.2213245469784,110.735861667122,50.5059568210402));
#1685=CARTESIAN_POINT('Ctrl Pts',(41.2067832459384,110.697436690042,50.9554875415707));
#1686=CARTESIAN_POINT('Ctrl Pts',(40.8002367809101,110.584923086972,52.864668878849));
#1687=CARTESIAN_POINT('Ctrl Pts',(39.1396834439553,110.552386144005,56.8864215808309));
#1688=CARTESIAN_POINT('Ctrl Pts',(35.0648108399064,110.881177183169,63.5034153893268));
#1689=CARTESIAN_POINT('Ctrl Pts',(29.7070608791851,111.465387346998,71.0872661742935));
#1690=CARTESIAN_POINT('Ctrl Pts',(24.3724931718026,112.060379916384,78.8141633309435));
#1691=CARTESIAN_POINT('Ctrl Pts',(20.4722653921407,112.426360996368,85.8595184024233));
#1692=CARTESIAN_POINT('Ctrl Pts',(19.545134803572,112.458495998972,89.5510120362724));
#1693=CARTESIAN_POINT('Ctrl Pts',(19.545134803572,112.458495998972,91.0070927827641));
#1694=CARTESIAN_POINT('Ctrl Pts',(41.4798378524529,111.95280875532,50.3750112095411));
#1695=CARTESIAN_POINT('Ctrl Pts',(41.4796270996428,111.951559392662,50.4558087127553));
#1696=CARTESIAN_POINT('Ctrl Pts',(41.4689206347089,111.92292349988,50.9051184142312));
#1697=CARTESIAN_POINT('Ctrl Pts',(41.0769332879794,111.856114391608,52.8157390898804));
#1698=CARTESIAN_POINT('Ctrl Pts',(39.4327726683278,111.892614679172,56.8419353120081));
#1699=CARTESIAN_POINT('Ctrl Pts',(35.3564877116448,112.26642847164,63.4666631389646));
#1700=CARTESIAN_POINT('Ctrl Pts',(29.9821528152115,112.853904539909,71.0598514921767));
#1701=CARTESIAN_POINT('Ctrl Pts',(24.6312235221507,113.43209148077,78.797148647807));
#1702=CARTESIAN_POINT('Ctrl Pts',(20.7277531822,113.788559487531,85.8527597453195));
#1703=CARTESIAN_POINT('Ctrl Pts',(19.8063655674827,113.825595424145,89.5494783467829));
#1704=CARTESIAN_POINT('Ctrl Pts',(19.8063655674827,113.825595424145,91.0070927827641));
#1705=CARTESIAN_POINT('Ctrl Pts',(41.8177372349423,114.378040959174,50.3100516682455));
#1706=CARTESIAN_POINT('Ctrl Pts',(41.817919661644,114.37920484544,50.3920082228382));
#1707=CARTESIAN_POINT('Ctrl Pts',(41.812456315063,114.377548195433,50.8434313086658));
#1708=CARTESIAN_POINT('Ctrl Pts',(41.4372067959096,114.409764874663,52.7584762289603));
#1709=CARTESIAN_POINT('Ctrl Pts',(39.8075089675805,114.586941628977,56.7912490720208));
#1710=CARTESIAN_POINT('Ctrl Pts',(35.7154542580456,115.052056523372,63.4260572361515));
#1711=CARTESIAN_POINT('Ctrl Pts',(30.2990527842103,115.647548947906,71.0303026588458));
#1712=CARTESIAN_POINT('Ctrl Pts',(24.9001230033329,116.192913294564,78.7779887547265));
#1713=CARTESIAN_POINT('Ctrl Pts',(20.9651082552374,116.528089629944,85.842794057746));
#1714=CARTESIAN_POINT('Ctrl Pts',(20.0403812885265,116.572756323594,89.5456815104083));
#1715=CARTESIAN_POINT('Ctrl Pts',(20.0403812885265,116.572756323594,91.0070927827642));
#1716=CARTESIAN_POINT('Ctrl Pts',(41.9026671691728,115.605337758246,50.2937242943118));
#1717=CARTESIAN_POINT('Ctrl Pts',(41.9026945094243,115.606617391214,50.3759531046297));
#1718=CARTESIAN_POINT('Ctrl Pts',(41.8977038734086,115.616647446633,50.8278103737184));
#1719=CARTESIAN_POINT('Ctrl Pts',(41.5226604081252,115.695893823237,52.7434016180671));
#1720=CARTESIAN_POINT('Ctrl Pts',(39.8868290603944,115.94159180494,56.7767646114727));
#1721=CARTESIAN_POINT('Ctrl Pts',(35.7727914917155,116.451392565667,63.412763423583));
#1722=CARTESIAN_POINT('Ctrl Pts',(30.3255627852569,117.050546577637,71.0188047524605));
#1723=CARTESIAN_POINT('Ctrl Pts',(24.8970729783274,117.579305162058,78.7689527151502));
#1724=CARTESIAN_POINT('Ctrl Pts',(20.9431048160525,117.903986288891,85.8370781140381));
#1725=CARTESIAN_POINT('Ctrl Pts',(20.0155833865292,117.952490359988,89.5433499270001));
#1726=CARTESIAN_POINT('Ctrl Pts',(20.0155833865292,117.952490359988,91.0070927827642));
#1727=CARTESIAN_POINT('Ctrl Pts',(41.9026265987999,118.062904765228,50.2937320937721));
#1728=CARTESIAN_POINT('Ctrl Pts',(41.9025961571973,118.063942164509,50.3762605348554));
#1729=CARTESIAN_POINT('Ctrl Pts',(41.8956601588434,118.096265432383,50.828246418292));
#1730=CARTESIAN_POINT('Ctrl Pts',(41.5071532163902,118.265680718277,52.7425897898705));
#1731=CARTESIAN_POINT('Ctrl Pts',(39.8339585409055,118.639809705396,56.7722666884269));
#1732=CARTESIAN_POINT('Ctrl Pts',(35.6483540891708,119.223274128422,63.4026348591479));
#1733=CARTESIAN_POINT('Ctrl Pts',(30.1198883298762,119.812767918382,71.0039916021177));
#1734=CARTESIAN_POINT('Ctrl Pts',(24.6205488522044,120.295221801069,78.752544614457));
#1735=CARTESIAN_POINT('Ctrl Pts',(20.6226397099185,120.592389547087,85.8243357597708));
#1736=CARTESIAN_POINT('Ctrl Pts',(19.6879569695118,120.648560701723,89.5380224181399));
#1737=CARTESIAN_POINT('Ctrl Pts',(19.6879569695118,120.648560701723,91.0070927827642));
#1738=CARTESIAN_POINT('Ctrl Pts',(41.8210837020589,119.292486045301,50.3094083259368));
#1739=CARTESIAN_POINT('Ctrl Pts',(41.8209706414557,119.293127175823,50.3919782621002));
#1740=CARTESIAN_POINT('Ctrl Pts',(41.8115197951347,119.335688410249,50.8437002266386));
#1741=CARTESIAN_POINT('Ctrl Pts',(41.4094542887667,119.547619292784,52.7563529231726));
#1742=CARTESIAN_POINT('Ctrl Pts',(39.7055589448753,119.981283592331,56.7818762978833));
#1743=CARTESIAN_POINT('Ctrl Pts',(35.47102021237,120.594636808826,63.4054975903685));
#1744=CARTESIAN_POINT('Ctrl Pts',(29.8926304204188,121.172459523407,71.0004202976311));
#1745=CARTESIAN_POINT('Ctrl Pts',(24.352498209061,121.626012414827,78.7450026895911));
#1746=CARTESIAN_POINT('Ctrl Pts',(20.3300742879635,121.905959530939,85.8172616753234));
#1747=CARTESIAN_POINT('Ctrl Pts',(19.3911611432916,121.965515096181,89.5350412549707));
#1748=CARTESIAN_POINT('Ctrl Pts',(19.3911611432916,121.965515096181,91.0070927827642));
#1749=CARTESIAN_POINT('Ctrl Pts',(41.4801926372736,121.73819282274,50.3749430038551));
#1750=CARTESIAN_POINT('Ctrl Pts',(41.4803233838185,121.737466619024,50.4568752832706));
#1751=CARTESIAN_POINT('Ctrl Pts',(41.463213375835,121.798706674283,50.9066607794943));
#1752=CARTESIAN_POINT('Ctrl Pts',(41.0207397297168,122.088322152389,52.8124652258407));
#1753=CARTESIAN_POINT('Ctrl Pts',(39.2328365521505,122.627317479224,56.8244461988165));
#1754=CARTESIAN_POINT('Ctrl Pts',(34.8792744022481,123.281142357067,63.4273948547574));
#1755=CARTESIAN_POINT('Ctrl Pts',(29.1900739015885,123.816685074907,71.0024526206544));
#1756=CARTESIAN_POINT('Ctrl Pts',(23.5655264407222,124.197406533364,78.7336316956659));
#1757=CARTESIAN_POINT('Ctrl Pts',(19.4937298987723,124.43292999334,85.8035171713902));
#1758=CARTESIAN_POINT('Ctrl Pts',(18.5456971547944,124.496388352436,89.5289331089356));
#1759=CARTESIAN_POINT('Ctrl Pts',(18.5456971547944,124.496388352436,91.0070927827643));
#1760=CARTESIAN_POINT('Ctrl Pts',(41.2222099640374,122.955307607132,50.4245389397582));
#1761=CARTESIAN_POINT('Ctrl Pts',(41.2222307763776,122.955268895156,50.5071895578724));
#1762=CARTESIAN_POINT('Ctrl Pts',(41.1991232161297,123.028851573366,50.9573215768835));
#1763=CARTESIAN_POINT('Ctrl Pts',(40.7294275717549,123.36325563773,52.8606280622577));
#1764=CARTESIAN_POINT('Ctrl Pts',(38.8916712628935,123.958168402765,56.8649835310858));
#1765=CARTESIAN_POINT('Ctrl Pts',(34.4768763653909,124.62532452979,63.4552935685322));
#1766=CARTESIAN_POINT('Ctrl Pts',(28.7340395794302,125.124481895908,71.0169208829922));
#1767=CARTESIAN_POINT('Ctrl Pts',(23.065394200813,125.450324244407,78.7363151142503));
#1768=CARTESIAN_POINT('Ctrl Pts',(18.9600199317471,125.64916587079,85.799160896286));
#1769=CARTESIAN_POINT('Ctrl Pts',(18.000517277062,125.711362831596,89.5258314123534));
#1770=CARTESIAN_POINT('Ctrl Pts',(18.000517277062,125.711362831596,91.0070927827643));
#1771=CARTESIAN_POINT('Ctrl Pts',(40.5290495718038,125.276271845142,50.5577957122094));
#1772=CARTESIAN_POINT('Ctrl Pts',(40.5290366863108,125.276311445399,50.6407031247106));
#1773=CARTESIAN_POINT('Ctrl Pts',(40.4901221960757,125.369901330613,51.0895810611783));
#1774=CARTESIAN_POINT('Ctrl Pts',(39.949237426483,125.778663305343,52.9841724247923));
#1775=CARTESIAN_POINT('Ctrl Pts',(37.9857195813265,126.463589530668,56.9680908779176));
#1776=CARTESIAN_POINT('Ctrl Pts',(33.4304027795416,127.139096246721,63.5254121077886));
#1777=CARTESIAN_POINT('Ctrl Pts',(27.5814147199542,127.55683381881,71.0526912325352));
#1778=CARTESIAN_POINT('Ctrl Pts',(21.8406206745013,127.771741158828,78.7436109108396));
#1779=CARTESIAN_POINT('Ctrl Pts',(17.6874172008411,127.897689395338,85.790825605013));
#1780=CARTESIAN_POINT('Ctrl Pts',(16.711665377185,127.956241121316,89.5201524340956));
#1781=CARTESIAN_POINT('Ctrl Pts',(16.711665377185,127.956241121316,91.0070927827643));
#1782=CARTESIAN_POINT('Ctrl Pts',(40.1002875978435,126.391051194267,50.6402231524381));
#1783=CARTESIAN_POINT('Ctrl Pts',(40.1002387983505,126.39114771432,50.7233383062083));
#1784=CARTESIAN_POINT('Ctrl Pts',(40.0512023680473,126.495067032373,51.1714991936223));
#1785=CARTESIAN_POINT('Ctrl Pts',(39.4662478942729,126.942112906106,53.0609996900494));
#1786=CARTESIAN_POINT('Ctrl Pts',(37.4293532044597,127.671244165012,57.033007344623));
#1787=CARTESIAN_POINT('Ctrl Pts',(32.8016518100287,128.343536944429,63.5712183308877));
#1788=CARTESIAN_POINT('Ctrl Pts',(26.9061096205375,128.708830038348,71.0783819189952));
#1789=CARTESIAN_POINT('Ctrl Pts',(21.1375969098699,128.855747908376,78.7518976766851));
#1790=CARTESIAN_POINT('Ctrl Pts',(16.9640619163045,128.936616075658,85.7883398903692));
#1791=CARTESIAN_POINT('Ctrl Pts',(15.9785203392933,128.992085853764,89.5176439997867));
#1792=CARTESIAN_POINT('Ctrl Pts',(15.9785203392933,128.992085853764,91.0070927827643));
#1793=CARTESIAN_POINT('Ctrl Pts',(39.0822887493503,128.446626998952,50.8359285655418));
#1794=CARTESIAN_POINT('Ctrl Pts',(39.082344126458,128.446528241178,50.919158513404));
#1795=CARTESIAN_POINT('Ctrl Pts',(39.0091668712041,128.565221746879,51.3653006765493));
#1796=CARTESIAN_POINT('Ctrl Pts',(38.321381487422,129.065109627312,53.2429711375096));
#1797=CARTESIAN_POINT('Ctrl Pts',(36.1196729589697,129.849487761727,57.1880925710204));
#1798=CARTESIAN_POINT('Ctrl Pts',(31.3463736711868,130.49712396964,63.6828823514175));
#1799=CARTESIAN_POINT('Ctrl Pts',(25.3776157089934,130.761377630324,71.1439009921336));
#1800=CARTESIAN_POINT('Ctrl Pts',(19.5825561444999,130.78739765877,78.7770656927672));
#1801=CARTESIAN_POINT('Ctrl Pts',(15.3912092342734,130.788583696389,85.7872815396962));
#1802=CARTESIAN_POINT('Ctrl Pts',(14.3907523694183,130.836767114398,89.5139447071933));
#1803=CARTESIAN_POINT('Ctrl Pts',(14.3907523694183,130.836767114398,91.0070927827643));
#1804=CARTESIAN_POINT('Ctrl Pts',(38.5043212922236,129.397321513617,50.9470400467826));
#1805=CARTESIAN_POINT('Ctrl Pts',(38.5042991477762,129.397349860666,51.0304051905781));
#1806=CARTESIAN_POINT('Ctrl Pts',(38.4161651672639,129.523906795893,51.4755202021572));
#1807=CARTESIAN_POINT('Ctrl Pts',(37.666384117153,130.0515983117,53.3468449649868));
#1808=CARTESIAN_POINT('Ctrl Pts',(35.3706885749785,130.863740234331,57.2774262517435));
#1809=CARTESIAN_POINT('Ctrl Pts',(30.5267342565978,131.494847361801,63.7487037926766));
#1810=CARTESIAN_POINT('Ctrl Pts',(24.5365531698334,131.70125031657,71.1844492695964));
#1811=CARTESIAN_POINT('Ctrl Pts',(18.7466619246502,131.658241022848,78.7948140001134));
#1812=CARTESIAN_POINT('Ctrl Pts',(14.5573191341932,131.61327044443,85.7890981193754));
#1813=CARTESIAN_POINT('Ctrl Pts',(13.5491130289818,131.656689416228,89.5127479263895));
#1814=CARTESIAN_POINT('Ctrl Pts',(13.5491130289818,131.656689416228,91.0070927827643));
#1815=CARTESIAN_POINT('Ctrl Pts',(37.2008625144322,131.119989708576,51.1976237669399));
#1816=CARTESIAN_POINT('Ctrl Pts',(37.2008869540875,131.119968366351,51.2809999759181));
#1817=CARTESIAN_POINT('Ctrl Pts',(37.0805585552403,131.252551177486,51.7235325750953));
#1818=CARTESIAN_POINT('Ctrl Pts',(36.1992412503137,131.797872451839,53.5806730888338));
#1819=CARTESIAN_POINT('Ctrl Pts',(33.7070343446017,132.616763571812,57.4794247005493));
#1820=CARTESIAN_POINT('Ctrl Pts',(28.7248121479386,133.200702300432,63.8990507856757));
#1821=CARTESIAN_POINT('Ctrl Pts',(22.7080053359375,133.319483283534,71.278965752446));
#1822=CARTESIAN_POINT('Ctrl Pts',(16.9497416207541,133.184480878545,78.8386553432689));
#1823=CARTESIAN_POINT('Ctrl Pts',(12.7818504456061,133.079319711781,85.7966203796208));
#1824=CARTESIAN_POINT('Ctrl Pts',(11.7625668542227,133.114850079069,89.5116713845465));
#1825=CARTESIAN_POINT('Ctrl Pts',(11.7625668542227,133.114850079069,91.0070927827643));
#1826=CARTESIAN_POINT('Ctrl Pts',(36.4789481276904,131.900743865901,51.3364083574058));
#1827=CARTESIAN_POINT('Ctrl Pts',(36.4789246502606,131.900747240994,51.4198184816282));
#1828=CARTESIAN_POINT('Ctrl Pts',(36.3391419539848,132.035784415667,51.8609682354422));
#1829=CARTESIAN_POINT('Ctrl Pts',(35.3790342010368,132.588466926791,53.7104823111269));
#1830=CARTESIAN_POINT('Ctrl Pts',(32.7737329256102,133.408538484943,57.5921459540941));
#1831=CARTESIAN_POINT('Ctrl Pts',(27.7235776861331,133.967434541694,63.9840838712129));
#1832=CARTESIAN_POINT('Ctrl Pts',(21.7106330125067,134.042397617263,71.3338579925383));
#1833=CARTESIAN_POINT('Ctrl Pts',(15.9901289399491,133.861441899225,78.8656283585548));
#1834=CARTESIAN_POINT('Ctrl Pts',(11.846435306245,133.726160731597,85.8026981533643));
#1835=CARTESIAN_POINT('Ctrl Pts',(10.8215467121443,133.757768041149,89.5117930534576));
#1836=CARTESIAN_POINT('Ctrl Pts',(10.8215467121443,133.757768041149,91.0070927827643));
#1837=CARTESIAN_POINT('Ctrl Pts',(34.8705492550847,133.28653802814,51.6456153533319));
#1838=CARTESIAN_POINT('Ctrl Pts',(34.8706045526136,133.286520698935,51.728863405849));
#1839=CARTESIAN_POINT('Ctrl Pts',(34.6940267299885,133.412971217688,52.1667688034447));
#1840=CARTESIAN_POINT('Ctrl Pts',(33.586950609795,133.926806273518,53.9996333098542));
#1841=CARTESIAN_POINT('Ctrl Pts',(30.772020379595,134.680352600312,57.8444839381118));
#1842=CARTESIAN_POINT('Ctrl Pts',(25.601258355392,135.170482207834,64.1764668070563));
#1843=CARTESIAN_POINT('Ctrl Pts',(19.6063507796621,135.199873008154,71.4604925375914));
#1844=CARTESIAN_POINT('Ctrl Pts',(13.9684557672924,134.994170590155,78.930757997134));
#1845=CARTESIAN_POINT('Ctrl Pts',(9.88111119332066,134.845201956033,85.8204859300441));
#1846=CARTESIAN_POINT('Ctrl Pts',(8.84996125779291,134.871493225133,89.5139957503041));
#1847=CARTESIAN_POINT('Ctrl Pts',(8.84996125779291,134.871493225133,91.0070927827643));
#1848=CARTESIAN_POINT('Ctrl Pts',(33.9819805984999,133.892895443878,51.8164384306521));
#1849=CARTESIAN_POINT('Ctrl Pts',(33.9817057169721,133.893037379174,51.8996551240152));
#1850=CARTESIAN_POINT('Ctrl Pts',(33.7837966126292,134.013000952077,52.3358932652704));
#1851=CARTESIAN_POINT('Ctrl Pts',(32.5930937976659,134.499407869794,54.1599791616991));
#1852=CARTESIAN_POINT('Ctrl Pts',(29.6634567639432,135.209297653977,57.985231941686));
#1853=CARTESIAN_POINT('Ctrl Pts',(24.4375026025737,135.662728585569,64.2851128083469));
#1854=CARTESIAN_POINT('Ctrl Pts',(18.4705143066175,135.67662017783,71.5335936690437));
#1855=CARTESIAN_POINT('Ctrl Pts',(12.8969827804599,135.468590226381,78.9699821025098));
#1856=CARTESIAN_POINT('Ctrl Pts',(8.85301179765613,135.319362374748,85.832670882634));
#1857=CARTESIAN_POINT('Ctrl Pts',(7.82000319379429,135.343280718282,89.5161466770006));
#1858=CARTESIAN_POINT('Ctrl Pts',(7.82000319379429,135.343280718282,91.0070927827643));
#1859=CARTESIAN_POINT('Ctrl Pts',(32.0692359634983,134.873551812843,52.1841544447801));
#1860=CARTESIAN_POINT('Ctrl Pts',(32.0695389208711,134.873411501903,52.2668841705054));
#1861=CARTESIAN_POINT('Ctrl Pts',(31.8398608673991,134.966302996733,52.6990006167035));
#1862=CARTESIAN_POINT('Ctrl Pts',(30.5223411446576,135.344855076732,54.5038443663567));
#1863=CARTESIAN_POINT('Ctrl Pts',(27.4173471439087,135.902585288092,58.2877252368067));
#1864=CARTESIAN_POINT('Ctrl Pts',(22.1085401586046,136.272752720242,64.5204109950004));
#1865=CARTESIAN_POINT('Ctrl Pts',(16.1875992967111,136.308740708293,71.6943023022626));
#1866=CARTESIAN_POINT('Ctrl Pts',(10.7151326371492,136.174158782827,79.0588734836041));
#1867=CARTESIAN_POINT('Ctrl Pts',(6.73927696276502,136.079349090674,85.862674740541));
#1868=CARTESIAN_POINT('Ctrl Pts',(5.703786461602,136.103496866048,89.522403349834));
#1869=CARTESIAN_POINT('Ctrl Pts',(5.703786461602,136.103496866048,91.0070927827643));
#1870=CARTESIAN_POINT('Ctrl Pts',(31.0564300106337,135.243747222546,52.3788615485186));
#1871=CARTESIAN_POINT('Ctrl Pts',(31.0563920631959,135.243769078085,52.4614891641051));
#1872=CARTESIAN_POINT('Ctrl Pts',(30.81179499702,135.320760662352,52.8917026071439));
#1873=CARTESIAN_POINT('Ctrl Pts',(29.4367301134804,135.636377079419,54.6869147406767));
#1874=CARTESIAN_POINT('Ctrl Pts',(26.2542211858939,136.107516979845,58.4494486550418));
#1875=CARTESIAN_POINT('Ctrl Pts',(20.9118921084267,136.438159949121,64.6469715113289));
#1876=CARTESIAN_POINT('Ctrl Pts',(15.0164570342947,136.5005234674,71.7815038972406));
#1877=CARTESIAN_POINT('Ctrl Pts',(9.59476337707967,136.42179497618,79.1078440798291));
#1878=CARTESIAN_POINT('Ctrl Pts',(5.65365521241572,136.367467848131,85.8798874086557));
#1879=CARTESIAN_POINT('Ctrl Pts',(4.61808891077446,136.39335550703,89.5262686968047));
#1880=CARTESIAN_POINT('Ctrl Pts',(4.61808891077446,136.39335550703,91.0070927827643));
#1881=CARTESIAN_POINT('Ctrl Pts',(28.9878201088791,135.727980206778,52.776541915223));
#1882=CARTESIAN_POINT('Ctrl Pts',(28.9878522754679,135.727972207512,52.8586352658437));
#1883=CARTESIAN_POINT('Ctrl Pts',(28.7254490700498,135.767152966701,53.2844705202077));
#1884=CARTESIAN_POINT('Ctrl Pts',(27.2797647229866,135.935408452347,55.059375536633));
#1885=CARTESIAN_POINT('Ctrl Pts',(23.9993610434126,136.210134701845,58.7781586091068));
#1886=CARTESIAN_POINT('Ctrl Pts',(18.6084296317267,136.467698772958,64.9043311622656));
#1887=CARTESIAN_POINT('Ctrl Pts',(12.7345145302828,136.617921653581,71.9591931629359));
#1888=CARTESIAN_POINT('Ctrl Pts',(7.3649045774048,136.695752083134,79.2081104514221));
#1889=CARTESIAN_POINT('Ctrl Pts',(3.45871618194806,136.753379547322,85.9155184465015));
#1890=CARTESIAN_POINT('Ctrl Pts',(2.42130078372919,136.786094608292,89.5343595470001));
#1891=CARTESIAN_POINT('Ctrl Pts',(2.42130078372919,136.786094608292,91.0070927827643));
#1892=CARTESIAN_POINT('Ctrl Pts',(27.9228833254903,135.847312393333,52.9812709219708));
#1893=CARTESIAN_POINT('Ctrl Pts',(27.9226963932496,135.847321963261,53.063215288316));
#1894=CARTESIAN_POINT('Ctrl Pts',(27.6561984603234,135.86701690034,53.487010733362));
#1895=CARTESIAN_POINT('Ctrl Pts',(26.1948115517721,135.959890918846,55.2518470686804));
#1896=CARTESIAN_POINT('Ctrl Pts',(22.8920493967099,136.135588863773,58.9484728569353));
#1897=CARTESIAN_POINT('Ctrl Pts',(17.4872982211464,136.360953703576,65.0381600457263));
#1898=CARTESIAN_POINT('Ctrl Pts',(11.6134300304738,136.564043114636,72.0520662395158));
#1899=CARTESIAN_POINT('Ctrl Pts',(6.25060179641073,136.730496567665,79.2609544349437));
#1900=CARTESIAN_POINT('Ctrl Pts',(2.34893034778358,136.852151315305,85.9346763470315));
#1901=CARTESIAN_POINT('Ctrl Pts',(1.31048846044162,136.890284178276,89.5388666174935));
#1902=CARTESIAN_POINT('Ctrl Pts',(1.31048846044162,136.890284178276,91.0070927827643));
#1903=CARTESIAN_POINT('Ctrl Pts',(25.7563771243425,135.847244056931,53.3977713843387));
#1904=CARTESIAN_POINT('Ctrl Pts',(25.7565503195705,135.847244568407,53.4790791293985));
#1905=CARTESIAN_POINT('Ctrl Pts',(25.4906994839122,135.827754645177,53.8982112349053));
#1906=CARTESIAN_POINT('Ctrl Pts',(24.0291404064354,135.769945847156,55.6418461783415));
#1907=CARTESIAN_POINT('Ctrl Pts',(20.7214235491269,135.750967746034,59.2931377153069));
#1908=CARTESIAN_POINT('Ctrl Pts',(15.3018860993046,135.922922629521,65.3089688197006));
#1909=CARTESIAN_POINT('Ctrl Pts',(9.40713078842205,136.24655985061,72.2402221898909));
#1910=CARTESIAN_POINT('Ctrl Pts',(4.02239327214056,136.604366969289,79.3683355330174));
#1911=CARTESIAN_POINT('Ctrl Pts',(0.103861835021648,136.86302421581,85.9738317103562));
#1912=CARTESIAN_POINT('Ctrl Pts',(-0.939024311694722,136.913088057973,89.5481073747688));
#1913=CARTESIAN_POINT('Ctrl Pts',(-0.939024311694722,136.913088057973,91.0070927827643));
#1914=CARTESIAN_POINT('Ctrl Pts',(24.6620276902012,135.723566880785,53.6081548326161));
#1915=CARTESIAN_POINT('Ctrl Pts',(24.6619524428151,135.723562560272,53.6893188141389));
#1916=CARTESIAN_POINT('Ctrl Pts',(24.4010703884394,135.686463187488,54.1063628089033));
#1917=CARTESIAN_POINT('Ctrl Pts',(22.9588910467263,135.56136175111,55.839653849421));
#1918=CARTESIAN_POINT('Ctrl Pts',(19.6742142826358,135.456544316712,59.468146147515));
#1919=CARTESIAN_POINT('Ctrl Pts',(14.253612684068,135.608696984373,65.446438257654));
#1920=CARTESIAN_POINT('Ctrl Pts',(8.33187804331021,135.99265335629,72.3355603182568));
#1921=CARTESIAN_POINT('Ctrl Pts',(2.91124821472183,136.44345597135,79.422511797387));
#1922=CARTESIAN_POINT('Ctrl Pts',(-1.03224659763402,136.769816862256,85.9934068358192));
#1923=CARTESIAN_POINT('Ctrl Pts',(-2.07772340975244,136.827294312761,89.5526795064567));
#1924=CARTESIAN_POINT('Ctrl Pts',(-2.07772340975244,136.827294312761,91.0070927827643));
#1925=CARTESIAN_POINT('Ctrl Pts',(22.4466322326748,135.242535138144,54.0340540208569));
#1926=CARTESIAN_POINT('Ctrl Pts',(22.4466969365653,135.242545055054,54.1146108174839));
#1927=CARTESIAN_POINT('Ctrl Pts',(22.2013925647519,135.17252695325,54.5269381754219));
#1928=CARTESIAN_POINT('Ctrl Pts',(20.8167992020714,134.921994582748,56.2385291657432));
#1929=CARTESIAN_POINT('Ctrl Pts',(17.6013220135009,134.65932259859,59.8204011557267));
#1930=CARTESIAN_POINT('Ctrl Pts',(12.1841364813631,134.781942676984,65.722652330742));
#1931=CARTESIAN_POINT('Ctrl Pts',(6.19245411410431,135.28841003322,72.5267774595044));
#1932=CARTESIAN_POINT('Ctrl Pts',(0.675004157281867,135.922154551857,79.5309486476121));
#1933=CARTESIAN_POINT('Ctrl Pts',(-3.33737034337211,136.38075078622,86.0324107888992));
#1934=CARTESIAN_POINT('Ctrl Pts',(-4.39082362034322,136.452749348687,89.5617200015741));
#1935=CARTESIAN_POINT('Ctrl Pts',(-4.39082362034322,136.452749348687,91.0070927827643));
#1936=CARTESIAN_POINT('Ctrl Pts',(21.3278537156444,134.871357698514,54.2491338435611));
#1937=CARTESIAN_POINT('Ctrl Pts',(21.3278160091836,134.871345967969,54.3295422962997));
#1938=CARTESIAN_POINT('Ctrl Pts',(21.0942706411188,134.788111284032,54.7397096790759));
#1939=CARTESIAN_POINT('Ctrl Pts',(19.7546710939499,134.487762400034,56.4406146681049));
#1940=CARTESIAN_POINT('Ctrl Pts',(16.5946801626828,134.163422386706,59.9989979453765));
#1941=CARTESIAN_POINT('Ctrl Pts',(11.1841497250343,134.278147490741,65.8626850890299));
#1942=CARTESIAN_POINT('Ctrl Pts',(5.14350706092542,134.839647141052,72.623619054777));
#1943=CARTESIAN_POINT('Ctrl Pts',(-0.443717135571827,135.553785821167,79.585682516336));
#1944=CARTESIAN_POINT('Ctrl Pts',(-4.50510595891734,136.071987196641,86.0518966427718));
#1945=CARTESIAN_POINT('Ctrl Pts',(-5.56325774423919,136.15219937769,89.5661556671988));
#1946=CARTESIAN_POINT('Ctrl Pts',(-5.56325774423919,136.15219937769,91.0070927827643));
#1947=CARTESIAN_POINT('Ctrl Pts',(19.151367819905,133.906230185113,54.6675528545163));
#1948=CARTESIAN_POINT('Ctrl Pts',(19.1513968116384,133.906244585376,54.7474116891651));
#1949=CARTESIAN_POINT('Ctrl Pts',(18.9437019318696,133.800686864626,55.1529800007453));
#1950=CARTESIAN_POINT('Ctrl Pts',(17.7009407882487,133.416147686707,56.8324383451076));
#1951=CARTESIAN_POINT('Ctrl Pts',(14.6597654369811,132.989173764606,60.344551360186));
#1952=CARTESIAN_POINT('Ctrl Pts',(9.26257858309188,133.096284657569,66.1327546578672));
#1953=CARTESIAN_POINT('Ctrl Pts',(3.11497741257723,133.75873140193,72.8095125028216));
#1954=CARTESIAN_POINT('Ctrl Pts',(-2.62416092913409,134.616512735147,79.6900162408246));
#1955=CARTESIAN_POINT('Ctrl Pts',(-6.79337342176819,135.240480358405,86.0885255623729));
#1956=CARTESIAN_POINT('Ctrl Pts',(-7.86304020138445,135.335197378115,89.574345628652));
#1957=CARTESIAN_POINT('Ctrl Pts',(-7.86304020138445,135.335197378115,91.0070927827642));
#1958=CARTESIAN_POINT('Ctrl Pts',(18.0944838416534,133.307173568019,54.8707337479648));
#1959=CARTESIAN_POINT('Ctrl Pts',(18.0944568284546,133.307149465706,54.9504648075889));
#1960=CARTESIAN_POINT('Ctrl Pts',(17.9021458810599,133.194469210646,55.353980485712));
#1961=CARTESIAN_POINT('Ctrl Pts',(16.7180138701985,132.783724173189,57.0232119949348));
#1962=CARTESIAN_POINT('Ctrl Pts',(13.7492191726481,132.325904212009,60.5128276541685));
#1963=CARTESIAN_POINT('Ctrl Pts',(8.36121353543843,132.434729665181,66.2641751175438));
#1964=CARTESIAN_POINT('Ctrl Pts',(2.15047268745272,133.135520074882,72.8997978205135));
#1965=CARTESIAN_POINT('Ctrl Pts',(-3.67920553983292,134.046569218723,79.7404243381092));
#1966=CARTESIAN_POINT('Ctrl Pts',(-7.91242869974892,134.711489862536,86.1059306230545));
#1967=CARTESIAN_POINT('Ctrl Pts',(-8.98849139600816,134.813603848617,89.5781121661341));
#1968=CARTESIAN_POINT('Ctrl Pts',(-8.98849139600816,134.813603848617,91.0070927827643));
#1969=CARTESIAN_POINT('Ctrl Pts',(16.1148776991193,131.927231177237,55.2513035673519));
#1970=CARTESIAN_POINT('Ctrl Pts',(16.1149089196126,131.927266177953,55.3305827310765));
#1971=CARTESIAN_POINT('Ctrl Pts',(15.9534084536591,131.804708824566,55.7299525975907));
#1972=CARTESIAN_POINT('Ctrl Pts',(14.885103897198,131.357424045514,57.3795540069104));
#1973=CARTESIAN_POINT('Ctrl Pts',(12.0591335541692,130.858312129616,60.8266578744658));
#1974=CARTESIAN_POINT('Ctrl Pts',(6.6893156040597,130.976390236202,66.5086653778301));
#1975=CARTESIAN_POINT('Ctrl Pts',(0.353493913424025,131.740911749686,73.0671420035074));
#1976=CARTESIAN_POINT('Ctrl Pts',(-5.65552793417791,132.737365158556,79.8333712662672));
#1977=CARTESIAN_POINT('Ctrl Pts',(-10.0165616934693,133.467914728623,86.1377158006856));
#1978=CARTESIAN_POINT('Ctrl Pts',(-11.1064505445278,133.582248167926,89.5849211901422));
#1979=CARTESIAN_POINT('Ctrl Pts',(-11.1064505445278,133.582248167926,91.0070927827642));
#1980=CARTESIAN_POINT('Ctrl Pts',(15.1894750442499,131.148339434414,55.4292078047944));
#1981=CARTESIAN_POINT('Ctrl Pts',(15.1895098278837,131.148342149996,55.5083879665762));
#1982=CARTESIAN_POINT('Ctrl Pts',(15.0444154532333,131.024860731411,55.9059564492557));
#1983=CARTESIAN_POINT('Ctrl Pts',(14.0383886377779,130.575026401648,57.5465326819223));
#1984=CARTESIAN_POINT('Ctrl Pts',(11.2895536033105,130.075413921173,60.9737530856014));
#1985=CARTESIAN_POINT('Ctrl Pts',(5.93043631902976,130.202896966571,66.6232413366284));
#1986=CARTESIAN_POINT('Ctrl Pts',(-0.471185643178172,130.986114678922,73.145506997188));
#1987=CARTESIAN_POINT('Ctrl Pts',(-6.57531140408155,132.005460877221,79.876754610179));
#1988=CARTESIAN_POINT('Ctrl Pts',(-11.0039799781108,132.755618407319,86.1523693594742));
#1989=CARTESIAN_POINT('Ctrl Pts',(-12.1007955426685,132.875783830398,89.5879667095878));
#1990=CARTESIAN_POINT('Ctrl Pts',(-12.1007955426685,132.875783830398,91.0070927827642));
#1991=CARTESIAN_POINT('Ctrl Pts',(13.4857457779571,129.430037949279,55.7567416132758));
#1992=CARTESIAN_POINT('Ctrl Pts',(13.4857467894169,129.430090221891,55.8355557635138));
#1993=CARTESIAN_POINT('Ctrl Pts',(13.3724801411617,129.308883972554,56.2295641913633));
#1994=CARTESIAN_POINT('Ctrl Pts',(12.4867048619377,128.869141037362,57.8530843678701));
#1995=CARTESIAN_POINT('Ctrl Pts',(9.88647356677917,128.387538573734,61.2432628835144));
#1996=CARTESIAN_POINT('Ctrl Pts',(4.54671615179664,128.538075322004,66.8323415702991));
#1997=CARTESIAN_POINT('Ctrl Pts',(-1.98472424585416,129.34446043525,73.2875903371298));
#1998=CARTESIAN_POINT('Ctrl Pts',(-8.27582546806784,130.387621825885,79.954617974112));
#1999=CARTESIAN_POINT('Ctrl Pts',(-12.8384923856314,131.160575906853,86.1781015998645));
#2000=CARTESIAN_POINT('Ctrl Pts',(-13.9503459628999,131.289802271202,89.5931678604118));
#2001=CARTESIAN_POINT('Ctrl Pts',(-13.9503459628999,131.289802271202,91.0070927827642));
#2002=CARTESIAN_POINT('Ctrl Pts',(12.7047195730078,128.487436271585,55.9068901682675));
#2003=CARTESIAN_POINT('Ctrl Pts',(12.7043765678747,128.48692765679,55.9857245528099));
#2004=CARTESIAN_POINT('Ctrl Pts',(12.6069155405814,128.370218976269,56.3783545275615));
#2005=CARTESIAN_POINT('Ctrl Pts',(11.7822239389669,127.950511896453,57.9943803988663));
#2006=CARTESIAN_POINT('Ctrl Pts',(9.25800533669145,127.497698099259,61.3676269040056));
#2007=CARTESIAN_POINT('Ctrl Pts',(3.92805586653253,127.663643896142,66.9288364316969));
#2008=CARTESIAN_POINT('Ctrl Pts',(-2.6696248305046,128.467560251179,73.3530732471632));
#2009=CARTESIAN_POINT('Ctrl Pts',(-9.05580476090698,129.502800105897,79.9903071160457));
#2010=CARTESIAN_POINT('Ctrl Pts',(-13.6859814411454,130.274916113977,86.1896818858309));
#2011=CARTESIAN_POINT('Ctrl Pts',(-14.8046560694934,130.409351626523,89.595398912047));
#2012=CARTESIAN_POINT('Ctrl Pts',(-14.8046560694934,130.409351626523,91.0070927827642));
#2013=CARTESIAN_POINT('Ctrl Pts',(11.274246497981,126.390602181131,56.1818917800043));
#2014=CARTESIAN_POINT('Ctrl Pts',(11.2746482631215,126.391234005814,56.2602999701392));
#2015=CARTESIAN_POINT('Ctrl Pts',(11.2088564596475,126.290787680385,56.6497047617686));
#2016=CARTESIAN_POINT('Ctrl Pts',(10.5012412925023,125.930958075532,58.2508755276643));
#2017=CARTESIAN_POINT('Ctrl Pts',(8.12071110129822,125.559524614383,61.5924056598019));
#2018=CARTESIAN_POINT('Ctrl Pts',(2.80962586333754,125.768339620272,67.1023427628151));
#2019=CARTESIAN_POINT('Ctrl Pts',(-3.91403826121188,126.560519722494,73.4700437867679));
#2020=CARTESIAN_POINT('Ctrl Pts',(-10.4833829330111,127.561352048951,80.0534751182365));
#2021=CARTESIAN_POINT('Ctrl Pts',(-15.2471816125635,128.313593719735,86.2096888856084));
#2022=CARTESIAN_POINT('Ctrl Pts',(-16.3827761936688,128.452724122506,89.5991065472362));
#2023=CARTESIAN_POINT('Ctrl Pts',(-16.3827761936688,128.452724122506,91.0070927827642));
#2024=CARTESIAN_POINT('Ctrl Pts',(10.6562161212785,125.247568368626,56.300705166053));
#2025=CARTESIAN_POINT('Ctrl Pts',(10.6560193103955,125.247284229033,56.3792493578955));
#2026=CARTESIAN_POINT('Ctrl Pts',(10.6041815590945,125.158160591462,56.7676969663819));
#2027=CARTESIAN_POINT('Ctrl Pts',(9.95142941781019,124.846160244413,58.3628939313088));
#2028=CARTESIAN_POINT('Ctrl Pts',(7.63861439758002,124.539470328793,61.6905801851879));
#2029=CARTESIAN_POINT('Ctrl Pts',(2.33267346694105,124.772685627118,67.1777127552509));
#2030=CARTESIAN_POINT('Ctrl Pts',(-4.45721174456104,125.53911167633,73.5201902006843));
#2031=CARTESIAN_POINT('Ctrl Pts',(-11.1202910490471,126.496702680544,80.079679460831));
#2032=CARTESIAN_POINT('Ctrl Pts',(-15.9520633326808,127.224644971115,86.2171069238461));
#2033=CARTESIAN_POINT('Ctrl Pts',(-17.0961107236625,127.368207625584,89.6000866888528));
#2034=CARTESIAN_POINT('Ctrl Pts',(-17.0961107236625,127.368207625584,91.0070927827642));
#2035=CARTESIAN_POINT('Ctrl Pts',(9.6557936088401,122.905883156355,56.4930316125562));
#2036=CARTESIAN_POINT('Ctrl Pts',(9.65596720215033,122.906084728407,56.5714599882132));
#2037=CARTESIAN_POINT('Ctrl Pts',(9.62768108166895,122.842691043109,56.9577724932684));
#2038=CARTESIAN_POINT('Ctrl Pts',(9.05951414752107,122.624953541141,58.5419546307342));
#2039=CARTESIAN_POINT('Ctrl Pts',(6.84209159357713,122.433152897754,61.8452198492255));
#2040=CARTESIAN_POINT('Ctrl Pts',(1.51902307330311,122.68024083871,67.292755120285));
#2041=CARTESIAN_POINT('Ctrl Pts',(-5.40696024685153,123.347631884753,73.5924704197692));
#2042=CARTESIAN_POINT('Ctrl Pts',(-12.2488187150132,124.167309233346,80.1132942317839));
#2043=CARTESIAN_POINT('Ctrl Pts',(-17.2114392524718,124.802439887802,86.2231112257654));
#2044=CARTESIAN_POINT('Ctrl Pts',(-18.3753941174268,124.940123909644,89.5994452437594));
#2045=CARTESIAN_POINT('Ctrl Pts',(-18.3753941174268,124.940123909644,91.0070927827641));
#2046=CARTESIAN_POINT('Ctrl Pts',(9.28722434515111,121.682387029421,56.5638872919259));
#2047=CARTESIAN_POINT('Ctrl Pts',(9.28746543369408,121.683626225336,56.6425776252372));
#2048=CARTESIAN_POINT('Ctrl Pts',(9.26792708148091,121.637480730412,57.0284319396129));
#2049=CARTESIAN_POINT('Ctrl Pts',(8.73154602964073,121.480470761397,58.6086001812023));
#2050=CARTESIAN_POINT('Ctrl Pts',(6.54809037109768,121.357033700059,61.9023466141625));
#2051=CARTESIAN_POINT('Ctrl Pts',(1.2109182520722,121.597673264748,67.3346048873618));
#2052=CARTESIAN_POINT('Ctrl Pts',(-5.77959160408485,122.180893587656,73.6179389294706));
#2053=CARTESIAN_POINT('Ctrl Pts',(-12.7062268413455,122.890614049437,80.123862510295));
#2054=CARTESIAN_POINT('Ctrl Pts',(-17.7345777526227,123.450716386414,86.2232500619888));
#2055=CARTESIAN_POINT('Ctrl Pts',(-18.9118118997303,123.581153710261,89.598070943958));
#2056=CARTESIAN_POINT('Ctrl Pts',(-18.9118118997303,123.581153710261,91.0070927827642));
#2057=CARTESIAN_POINT('Ctrl Pts',(8.75877554397454,119.101497880791,56.6654790482344));
#2058=CARTESIAN_POINT('Ctrl Pts',(8.75852770347448,119.10001806884,56.7441398256054));
#2059=CARTESIAN_POINT('Ctrl Pts',(8.74994041752771,119.082012303328,57.128761477445));
#2060=CARTESIAN_POINT('Ctrl Pts',(8.25247482421027,119.032911490979,58.7022230651284));
#2061=CARTESIAN_POINT('Ctrl Pts',(6.10509954750188,119.023091443781,61.9806977108027));
#2062=CARTESIAN_POINT('Ctrl Pts',(0.728435154887832,119.202185110071,67.3881850299393));
#2063=CARTESIAN_POINT('Ctrl Pts',(-6.37380878995252,119.554706258098,73.6457174881091));
#2064=CARTESIAN_POINT('Ctrl Pts',(-13.4363853841262,119.986258858128,80.130430008513));
#2065=CARTESIAN_POINT('Ctrl Pts',(-18.5674073911315,120.355691359914,86.2182680651653));
#2066=CARTESIAN_POINT('Ctrl Pts',(-19.7649517294194,120.463003332056,89.5945771350471));
#2067=CARTESIAN_POINT('Ctrl Pts',(-19.7649517294194,120.463003332056,91.0070927827641));
#2068=CARTESIAN_POINT('Ctrl Pts',(8.63528240539448,117.646852422316,56.6892200138917));
#2069=CARTESIAN_POINT('Ctrl Pts',(8.63540589360339,117.647468614479,56.7677567453609));
#2070=CARTESIAN_POINT('Ctrl Pts',(8.62943086419406,117.652783812468,57.1518525104414));
#2071=CARTESIAN_POINT('Ctrl Pts',(8.14003863155557,117.681710486693,58.723202653295));
#2072=CARTESIAN_POINT('Ctrl Pts',(5.99829133638831,117.75148728515,61.9974936488899));
#2073=CARTESIAN_POINT('Ctrl Pts',(0.608083025002571,117.896440616614,67.3987241767866));
#2074=CARTESIAN_POINT('Ctrl Pts',(-6.52650321645434,118.103417326846,73.6500600621059));
#2075=CARTESIAN_POINT('Ctrl Pts',(-13.6305201159665,118.353059370395,80.1299479686959));
#2076=CARTESIAN_POINT('Ctrl Pts',(-18.7967602227903,118.593664634747,86.2156386590057));
#2077=CARTESIAN_POINT('Ctrl Pts',(-20.0039994049442,118.682855061141,89.5931406022263));
#2078=CARTESIAN_POINT('Ctrl Pts',(-20.0039994049442,118.682855061141,91.0070927827641));
#2079=CARTESIAN_POINT('Ctrl Pts',(8.68807201617752,116.192298262317,56.6790714635263));
#2080=CARTESIAN_POINT('Ctrl Pts',(8.68807201617752,116.192298262317,56.7579872226464));
#2081=CARTESIAN_POINT('Ctrl Pts',(8.67942587040922,116.215621416163,57.1426601893017));
#2082=CARTESIAN_POINT('Ctrl Pts',(8.1797883656561,116.309305293596,58.7148831991332));
#2083=CARTESIAN_POINT('Ctrl Pts',(6.02453973071962,116.446044504096,61.9899713673749));
#2084=CARTESIAN_POINT('Ctrl Pts',(0.62704854162352,116.55423011881,67.3922022144139));
#2085=CARTESIAN_POINT('Ctrl Pts',(-6.50878836627413,116.623799814155,73.6446565168105));
#2086=CARTESIAN_POINT('Ctrl Pts',(-13.6151304167315,116.706387852404,80.1257225519827));
#2087=CARTESIAN_POINT('Ctrl Pts',(-18.7898853887923,116.82974010527,86.2128750356774));
#2088=CARTESIAN_POINT('Ctrl Pts',(-20.0039994049442,116.902559323291,89.5919699143434));
#2089=CARTESIAN_POINT('Ctrl Pts',(-20.0039994049442,116.902559323291,91.0070927827641));
#2090=CARTESIAN_POINT('',(8.67615853215767,116.847248300318,56.6813617738886));
#2091=CARTESIAN_POINT('',(8.68807201617727,116.192298262317,56.6790714635264));
#2092=CARTESIAN_POINT('Ctrl Pts',(8.6761862073619,116.847236297768,56.681356453463));
#2093=CARTESIAN_POINT('Ctrl Pts',(8.67613352001157,118.082825580392,56.6813665823542));
#2094=CARTESIAN_POINT('Ctrl Pts',(8.8024620114208,119.314858057828,56.657080533667));
#2095=CARTESIAN_POINT('Ctrl Pts',(9.28722434515111,121.682387029421,56.5638872919259));
#2096=CARTESIAN_POINT('Ctrl Pts',(9.6557936088401,122.905883156355,56.4930316125562));
#2097=CARTESIAN_POINT('Ctrl Pts',(10.6562161212785,125.247568368626,56.300705166053));
#2098=CARTESIAN_POINT('Ctrl Pts',(11.274246497981,126.390602181131,56.1818917800043));
#2099=CARTESIAN_POINT('Ctrl Pts',(12.7047195730078,128.487436271585,55.9068901682675));
#2100=CARTESIAN_POINT('Ctrl Pts',(13.4857457779571,129.430037949279,55.7567416132758));
#2101=CARTESIAN_POINT('Ctrl Pts',(15.1894750442499,131.148339434414,55.4292078047944));
#2102=CARTESIAN_POINT('Ctrl Pts',(16.1148776991193,131.927231177237,55.2513035673519));
#2103=CARTESIAN_POINT('Ctrl Pts',(18.0944838416534,133.307173568019,54.8707337479648));
#2104=CARTESIAN_POINT('Ctrl Pts',(19.151367819905,133.906230185113,54.6675528545163));
#2105=CARTESIAN_POINT('Ctrl Pts',(21.3278537156444,134.871357698514,54.2491338435611));
#2106=CARTESIAN_POINT('Ctrl Pts',(22.4466322326748,135.242535138144,54.0340540208569));
#2107=CARTESIAN_POINT('Ctrl Pts',(24.6620276902012,135.723566880785,53.6081548326161));
#2108=CARTESIAN_POINT('Ctrl Pts',(25.7563771243425,135.847244056931,53.3977713843387));
#2109=CARTESIAN_POINT('Ctrl Pts',(27.9228833254903,135.847312393333,52.9812709219708));
#2110=CARTESIAN_POINT('Ctrl Pts',(28.9878201088791,135.727980206778,52.776541915223));
#2111=CARTESIAN_POINT('Ctrl Pts',(31.0564300106337,135.243747222546,52.3788615485186));
#2112=CARTESIAN_POINT('Ctrl Pts',(32.0692359634983,134.873551812843,52.1841544447801));
#2113=CARTESIAN_POINT('Ctrl Pts',(33.9819805984999,133.892895443878,51.8164384306521));
#2114=CARTESIAN_POINT('Ctrl Pts',(34.8705492550847,133.28653802814,51.6456153533319));
#2115=CARTESIAN_POINT('Ctrl Pts',(36.4789481276904,131.900743865901,51.3364083574058));
#2116=CARTESIAN_POINT('Ctrl Pts',(37.2008625144322,131.119989708576,51.1976237669399));
#2117=CARTESIAN_POINT('Ctrl Pts',(38.5043212922236,129.397321513617,50.9470400467826));
#2118=CARTESIAN_POINT('Ctrl Pts',(39.0822887493503,128.446626998952,50.8359285655418));
#2119=CARTESIAN_POINT('Ctrl Pts',(40.1002875978435,126.391051194267,50.6402231524381));
#2120=CARTESIAN_POINT('Ctrl Pts',(40.5290495718038,125.276271845142,50.5577957122094));
#2121=CARTESIAN_POINT('Ctrl Pts',(41.2222099640374,122.955307607132,50.4245389397582));
#2122=CARTESIAN_POINT('Ctrl Pts',(41.4801926372736,121.73819282274,50.3749430038551));
#2123=CARTESIAN_POINT('Ctrl Pts',(41.8210837020589,119.292486045301,50.3094083259368));
#2124=CARTESIAN_POINT('Ctrl Pts',(41.9026265987999,118.062904765228,50.2937320937721));
#2125=CARTESIAN_POINT('Ctrl Pts',(41.9026671691728,115.605337758246,50.2937242943118));
#2126=CARTESIAN_POINT('Ctrl Pts',(41.8177372349423,114.378040959174,50.3100516682455));
#2127=CARTESIAN_POINT('Ctrl Pts',(41.4798378524529,111.95280875532,50.3750112095411));
#2128=CARTESIAN_POINT('Ctrl Pts',(41.2213367791421,110.735783096513,50.4247068053808));
#2129=CARTESIAN_POINT('Ctrl Pts',(40.5253987110128,108.40540941218,50.5584975727471));
#2130=CARTESIAN_POINT('Ctrl Pts',(40.095019567373,107.292309827942,50.6412359061174));
#2131=CARTESIAN_POINT('Ctrl Pts',(39.0797696406451,105.242515401884,50.8364128521502));
#2132=CARTESIAN_POINT('Ctrl Pts',(38.5049199905978,104.298156018553,50.9469249498816));
#2133=CARTESIAN_POINT('Ctrl Pts',(37.2013673351009,102.574242990166,51.1975267175791));
#2134=CARTESIAN_POINT('Ctrl Pts',(36.4692104268492,101.784734225738,51.3382803838512));
#2135=CARTESIAN_POINT('Ctrl Pts',(34.8571506849825,100.396603828476,51.6481911643956));
#2136=CARTESIAN_POINT('Ctrl Pts',(33.9744563565873,99.7977888800568,51.8178849301976));
#2137=CARTESIAN_POINT('Ctrl Pts',(32.0636308142724,98.8179838180165,52.185232007929));
#2138=CARTESIAN_POINT('Ctrl Pts',(31.0522272076019,98.4499414476546,52.3796695173142));
#2139=CARTESIAN_POINT('Ctrl Pts',(27.9120367874981,97.7133513143753,52.9833561170588));
#2140=CARTESIAN_POINT('Ctrl Pts',(25.6895085120103,97.7452884279777,53.4106265554614));
#2141=CARTESIAN_POINT('Ctrl Pts',(22.4434266382283,98.4533228072212,54.0346702810681));
#2142=CARTESIAN_POINT('Ctrl Pts',(21.322930338412,98.8248320369342,54.2500803393027));
#2143=CARTESIAN_POINT('Ctrl Pts',(19.1374452198489,99.7944088067433,54.6702294078341));
#2144=CARTESIAN_POINT('Ctrl Pts',(18.0799867524029,100.397172402704,54.8735207440845));
#2145=CARTESIAN_POINT('Ctrl Pts',(16.1075738749469,101.772288834202,55.2527076926404));
#2146=CARTESIAN_POINT('Ctrl Pts',(15.1816633709697,102.553973981585,55.4307095616466));
#2147=CARTESIAN_POINT('Ctrl Pts',(13.4853928795025,104.264585378461,55.756809456317));
#2148=CARTESIAN_POINT('Ctrl Pts',(12.7013123923437,105.21185291678,55.9075451824655));
#2149=CARTESIAN_POINT('Ctrl Pts',(11.2946636184727,107.274238970222,56.1779666861733));
#2150=CARTESIAN_POINT('Ctrl Pts',(10.6822378355233,108.388273068835,56.2957026158601));
#2151=CARTESIAN_POINT('Ctrl Pts',(9.686700509028,110.714682234426,56.4870899087144));
#2152=CARTESIAN_POINT('Ctrl Pts',(9.30457800161396,111.928229437589,56.5605511344127));
#2153=CARTESIAN_POINT('Ctrl Pts',(8.84521106120156,114.169498123575,56.6488622331655));
#2154=CARTESIAN_POINT('Ctrl Pts',(8.72475953391582,115.181417887282,56.6720184635889));
#2155=CARTESIAN_POINT('Ctrl Pts',(8.68807201617752,116.192298262317,56.6790714635263));
#2156=CARTESIAN_POINT('',(-20.0039994049442,116.902559323291,91.0070927827641));
#2157=CARTESIAN_POINT('Ctrl Pts',(8.68807201617752,116.192298262317,56.6790714635263));
#2158=CARTESIAN_POINT('Ctrl Pts',(8.68807201617752,116.192298262317,56.7579872226464));
#2159=CARTESIAN_POINT('Ctrl Pts',(8.67942587040922,116.215621416163,57.1426601893017));
#2160=CARTESIAN_POINT('Ctrl Pts',(8.1797883656561,116.309305293596,58.7148831991332));
#2161=CARTESIAN_POINT('Ctrl Pts',(6.02453973071962,116.446044504096,61.9899713673749));
#2162=CARTESIAN_POINT('Ctrl Pts',(0.62704854162352,116.55423011881,67.3922022144139));
#2163=CARTESIAN_POINT('Ctrl Pts',(-6.50878836627413,116.623799814155,73.6446565168105));
#2164=CARTESIAN_POINT('Ctrl Pts',(-13.6151304167315,116.706387852404,80.1257225519827));
#2165=CARTESIAN_POINT('Ctrl Pts',(-18.7898853887923,116.82974010527,86.2128750356774));
#2166=CARTESIAN_POINT('Ctrl Pts',(-20.0039994049442,116.902559323291,89.5919699143434));
#2167=CARTESIAN_POINT('Ctrl Pts',(-20.0039994049442,116.902559323291,91.0070927827641));
#2168=CARTESIAN_POINT('Origin',(-0.00399940494418161,116.902559323291,91.0070927827641));
#2169=CARTESIAN_POINT('Ctrl Pts',(8.68807201617752,116.192298262317,56.6790714635263));
#2170=CARTESIAN_POINT('Ctrl Pts',(8.68014758008325,116.410646556907,56.6805948984906));
#2171=CARTESIAN_POINT('Ctrl Pts',(8.6761955134115,116.628996908825,56.6813546644194));
#2172=CARTESIAN_POINT('Ctrl Pts',(8.6761862073619,116.847236297768,56.6813564534629));
#2173=CARTESIAN_POINT('Origin',(-0.00399940494418161,116.902559323291,106.601092782764));
#2174=CARTESIAN_POINT('',(-20.0039994049442,116.902559323291,106.601092782764));
#2175=CARTESIAN_POINT('Origin',(-0.00399940494418161,116.902559323291,106.601092782764));
#2176=CARTESIAN_POINT('',(-20.0039994049442,116.902559323291,106.601092782764));
#2177=CARTESIAN_POINT('Ctrl Pts',(8.67615853215767,116.847248300318,54.6831361375346));
#2178=CARTESIAN_POINT('Ctrl Pts',(8.67615853215767,116.847248300318,68.9820404038059));
#2179=CARTESIAN_POINT('Ctrl Pts',(8.67615853215767,115.597486929551,54.6831361375346));
#2180=CARTESIAN_POINT('Ctrl Pts',(8.67615853215767,115.597486929551,68.9820404038059));
#2181=CARTESIAN_POINT('Ctrl Pts',(8.80498772615695,114.33901758162,54.6630449521307));
#2182=CARTESIAN_POINT('Ctrl Pts',(8.80498772615695,114.33901758162,68.961949218402));
#2183=CARTESIAN_POINT('Ctrl Pts',(9.54038204743568,110.829182467497,54.5401415642297));
#2184=CARTESIAN_POINT('Ctrl Pts',(9.54038204743568,110.829182467497,68.839045830501));
#2185=CARTESIAN_POINT('Ctrl Pts',(10.4488523496599,108.630583239132,54.3862545241071));
#2186=CARTESIAN_POINT('Ctrl Pts',(10.4488523496599,108.630583239132,68.6851587903783));
#2187=CARTESIAN_POINT('Ctrl Pts',(13.0132657990814,104.661563792959,53.8260256537146));
#2188=CARTESIAN_POINT('Ctrl Pts',(13.0132657990814,104.661563792959,68.1249299199858));
#2189=CARTESIAN_POINT('Ctrl Pts',(14.6496474572066,102.905904640838,53.4216405813199));
#2190=CARTESIAN_POINT('Ctrl Pts',(14.6496474572066,102.905904640838,67.7205448475911));
#2191=CARTESIAN_POINT('Ctrl Pts',(18.1303901369412,100.290844675743,52.3245674218576));
#2192=CARTESIAN_POINT('Ctrl Pts',(18.1303901369412,100.290844675743,66.6234716881289));
#2193=CARTESIAN_POINT('Ctrl Pts',(19.8968477926911,99.3419586886215,51.6869042709215));
#2194=CARTESIAN_POINT('Ctrl Pts',(19.8968477926911,99.3419586886215,65.9858085371927));
#2195=CARTESIAN_POINT('Ctrl Pts',(23.9202075027222,97.980904634401,49.9534514641404));
#2196=CARTESIAN_POINT('Ctrl Pts',(23.9202075027222,97.980904634401,64.2523557304117));
#2197=CARTESIAN_POINT('Ctrl Pts',(25.6810378537898,97.8472483003183,49.0265107753048));
#2198=CARTESIAN_POINT('Ctrl Pts',(25.6810378537898,97.8472483003183,63.3254150415761));
#2199=CARTESIAN_POINT('Ctrl Pts',(26.8516962451687,97.8472483003182,48.3716304368199));
#2200=CARTESIAN_POINT('Ctrl Pts',(26.8516962451687,97.8472483003182,62.6705347030911));
#2201=CARTESIAN_POINT('Ctrl Pts',(28.7200511638346,97.8472483003182,47.3264502966898));
#2202=CARTESIAN_POINT('Ctrl Pts',(28.7200511638346,97.8472483003182,61.625354562961));
#2203=CARTESIAN_POINT('Ctrl Pts',(30.666840544587,98.2075297955973,46.0884694280094));
#2204=CARTESIAN_POINT('Ctrl Pts',(30.666840544587,98.2075297955973,60.3873736942807));
#2205=CARTESIAN_POINT('Ctrl Pts',(34.3770043055659,99.925359732431,43.3641717597799));
#2206=CARTESIAN_POINT('Ctrl Pts',(34.3770043055659,99.925359732431,57.6630760260511));
#2207=CARTESIAN_POINT('Ctrl Pts',(36.0069355178931,101.194787273384,41.9887117425161));
#2208=CARTESIAN_POINT('Ctrl Pts',(36.0069355178931,101.194787273384,56.2876160087874));
#2209=CARTESIAN_POINT('Ctrl Pts',(38.8433122077316,104.593334103689,39.3616576032723));
#2210=CARTESIAN_POINT('Ctrl Pts',(38.8433122077316,104.593334103689,53.6605618695436));
#2211=CARTESIAN_POINT('Ctrl Pts',(39.9165524295105,106.667332130527,38.2248744400452));
#2212=CARTESIAN_POINT('Ctrl Pts',(39.9165524295105,106.667332130527,52.5237787063165));
#2213=CARTESIAN_POINT('Ctrl Pts',(41.3575404416943,110.981972462373,36.6437228281727));
#2214=CARTESIAN_POINT('Ctrl Pts',(41.3575404416943,110.981972462373,50.942627094444));
#2215=CARTESIAN_POINT('Ctrl Pts',(41.777302135981,113.295145279657,36.1444101010443));
#2216=CARTESIAN_POINT('Ctrl Pts',(41.777302135981,113.295145279657,50.4433143673156));
#2217=CARTESIAN_POINT('Ctrl Pts',(41.9766713037694,118.050482605743,35.9102268297136));
#2218=CARTESIAN_POINT('Ctrl Pts',(41.9766713037694,118.050482605743,50.2091310959849));
#2219=CARTESIAN_POINT('Ctrl Pts',(41.7759377161414,120.397126087703,36.1542725854498));
#2220=CARTESIAN_POINT('Ctrl Pts',(41.7759377161414,120.397126087703,50.4531768517211));
#2221=CARTESIAN_POINT('Ctrl Pts',(40.7739125739911,124.771735697956,37.2908892270319));
#2222=CARTESIAN_POINT('Ctrl Pts',(40.7739125739911,124.771735697956,51.5897934933031));
#2223=CARTESIAN_POINT('Ctrl Pts',(40.027229314467,126.753123069368,38.1204032889743));
#2224=CARTESIAN_POINT('Ctrl Pts',(40.027229314467,126.753123069368,52.4193075552455));
#2225=CARTESIAN_POINT('Ctrl Pts',(37.9087956479427,130.40656508451,40.2503417373848));
#2226=CARTESIAN_POINT('Ctrl Pts',(37.9087956479427,130.40656508451,54.549246003656));
#2227=CARTESIAN_POINT('Ctrl Pts',(36.5221542548321,132.023856914769,41.5531218545553));
#2228=CARTESIAN_POINT('Ctrl Pts',(36.5221542548321,132.023856914769,55.8520261208266));
#2229=CARTESIAN_POINT('Ctrl Pts',(33.1845535222422,134.474032516425,44.2843586511831));
#2230=CARTESIAN_POINT('Ctrl Pts',(33.1845535222422,134.474032516425,58.5832629174543));
#2231=CARTESIAN_POINT('Ctrl Pts',(31.2759718396842,135.308112540807,45.6829867053093));
#2232=CARTESIAN_POINT('Ctrl Pts',(31.2759718396842,135.308112540807,59.9818909715805));
#2233=CARTESIAN_POINT('Ctrl Pts',(27.1682264691887,135.987687706291,48.2501791984403));
#2234=CARTESIAN_POINT('Ctrl Pts',(27.1682264691887,135.987687706291,62.5490834647116));
#2235=CARTESIAN_POINT('Ctrl Pts',(25.04961642815,135.890817998173,49.3935991996073));
#2236=CARTESIAN_POINT('Ctrl Pts',(25.04961642815,135.890817998173,63.6925034658785));
#2237=CARTESIAN_POINT('Ctrl Pts',(20.7294455391036,134.754323788994,51.3713303569414));
#2238=CARTESIAN_POINT('Ctrl Pts',(20.7294455391036,134.754323788994,65.6702346232126));
#2239=CARTESIAN_POINT('Ctrl Pts',(18.5871292640891,133.729578081183,52.1769470786026));
#2240=CARTESIAN_POINT('Ctrl Pts',(18.5871292640891,133.729578081183,66.4758513448739));
#2241=CARTESIAN_POINT('Ctrl Pts',(14.7821956264195,130.903544279649,53.3831340022794));
#2242=CARTESIAN_POINT('Ctrl Pts',(14.7821956264195,130.903544279649,67.6820382685506));
#2243=CARTESIAN_POINT('Ctrl Pts',(13.015894094888,129.102068155128,53.8293214955032));
#2244=CARTESIAN_POINT('Ctrl Pts',(13.015894094888,129.102068155128,68.1282257617744));
#2245=CARTESIAN_POINT('Ctrl Pts',(10.3089971864242,124.782210745805,54.4129224918949));
#2246=CARTESIAN_POINT('Ctrl Pts',(10.3089971864242,124.782210745805,68.7118267581662));
#2247=CARTESIAN_POINT('Ctrl Pts',(9.37898872710377,122.463331862947,54.5679456081206));
#2248=CARTESIAN_POINT('Ctrl Pts',(9.37898872710377,122.463331862947,68.8668498743918));
#2249=CARTESIAN_POINT('Ctrl Pts',(8.76869884253779,118.954431507744,54.6685767229468));
#2250=CARTESIAN_POINT('Ctrl Pts',(8.76869884253779,118.954431507744,68.967480989218));
#2251=CARTESIAN_POINT('Ctrl Pts',(8.67615853215767,117.903952629249,54.6831361375346));
#2252=CARTESIAN_POINT('Ctrl Pts',(8.67615853215767,117.903952629249,68.9820404038059));
#2253=CARTESIAN_POINT('Ctrl Pts',(8.67615853215767,116.847248300318,54.6831361375346));
#2254=CARTESIAN_POINT('Ctrl Pts',(8.67615853215767,116.847248300318,68.9820404038059));
#2255=CARTESIAN_POINT('',(8.67615853215511,116.847248300318,55.2734569078404));
#2256=CARTESIAN_POINT('',(8.67615853215767,116.847248300318,55.2734569078242));
#2257=CARTESIAN_POINT('Ctrl Pts',(8.67615853215767,116.847248300318,55.2734569078242));
#2258=CARTESIAN_POINT('Ctrl Pts',(8.67615853215767,117.903952629249,55.2734569078242));
#2259=CARTESIAN_POINT('Ctrl Pts',(8.76869884253779,118.954431507744,55.2588974932363));
#2260=CARTESIAN_POINT('Ctrl Pts',(8.94815781963912,119.986242265911,55.2293063802456));
#2261=CARTESIAN_POINT('Ctrl Pts',(9.37898872710378,122.463331862947,55.1582663784101));
#2262=CARTESIAN_POINT('Ctrl Pts',(10.3089971864242,124.782210745805,55.0032432621844));
#2263=CARTESIAN_POINT('Ctrl Pts',(11.5915371690285,126.82897869965,54.7267304738992));
#2264=CARTESIAN_POINT('Ctrl Pts',(13.015894094888,129.102068155128,54.4196422657927));
#2265=CARTESIAN_POINT('Ctrl Pts',(14.7821956264195,130.903544279649,53.9734547725689));
#2266=CARTESIAN_POINT('Ctrl Pts',(16.6202139843798,132.268693452295,53.3907918617363));
#2267=CARTESIAN_POINT('Ctrl Pts',(18.5871292640891,133.729578081183,52.7672678488922));
#2268=CARTESIAN_POINT('Ctrl Pts',(20.7294455391036,134.754323788994,51.9616511272309));
#2269=CARTESIAN_POINT('Ctrl Pts',(22.8935534955677,135.323629083559,50.9709440827051));
#2270=CARTESIAN_POINT('Ctrl Pts',(25.04961642815,135.890817998173,49.9839199698968));
#2271=CARTESIAN_POINT('Ctrl Pts',(27.1682264691887,135.987687706291,48.8404999687299));
#2272=CARTESIAN_POINT('Ctrl Pts',(29.1487303169233,135.660038081333,47.6027565956765));
#2273=CARTESIAN_POINT('Ctrl Pts',(31.2759718396842,135.308112540807,46.2733074755988));
#2274=CARTESIAN_POINT('Ctrl Pts',(33.1845535222422,134.474032516425,44.8746794214726));
#2275=CARTESIAN_POINT('Ctrl Pts',(34.8316883366571,133.264849675736,43.5267904513483));
#2276=CARTESIAN_POINT('Ctrl Pts',(36.5221542548321,132.023856914769,42.1434426248449));
#2277=CARTESIAN_POINT('Ctrl Pts',(37.9087956479427,130.40656508451,40.8406625076743));
#2278=CARTESIAN_POINT('Ctrl Pts',(38.9960482017632,128.531493788218,39.747505306621));
#2279=CARTESIAN_POINT('Ctrl Pts',(40.027229314467,126.753123069368,38.7107240592638));
#2280=CARTESIAN_POINT('Ctrl Pts',(40.7739125739911,124.771735697956,37.8812099973214));
#2281=CARTESIAN_POINT('Ctrl Pts',(41.2567790259964,122.663652644393,37.3334851729392));
#2282=CARTESIAN_POINT('Ctrl Pts',(41.7759377161414,120.397126087703,36.7445933557394));
#2283=CARTESIAN_POINT('Ctrl Pts',(41.9766713037694,118.050482605743,36.5005476000031));
#2284=CARTESIAN_POINT('Ctrl Pts',(41.8789943623486,115.720700069212,36.6152810160536));
#2285=CARTESIAN_POINT('Ctrl Pts',(41.777302135981,113.295145279657,36.7347308713338));
#2286=CARTESIAN_POINT('Ctrl Pts',(41.3575404416943,110.981972462373,37.2340435984622));
#2287=CARTESIAN_POINT('Ctrl Pts',(40.6508933558135,108.866113071911,38.0094256067916));
#2288=CARTESIAN_POINT('Ctrl Pts',(39.9165524295105,106.667332130527,38.8151952103348));
#2289=CARTESIAN_POINT('Ctrl Pts',(38.8433122077316,104.593334103689,39.9519783735618));
#2290=CARTESIAN_POINT('Ctrl Pts',(37.373411369997,102.83209877453,41.3134015913885));
#2291=CARTESIAN_POINT('Ctrl Pts',(36.0069355178931,101.194787273384,42.5790325128056));
#2292=CARTESIAN_POINT('Ctrl Pts',(34.3770043055659,99.925359732431,43.9544925300694));
#2293=CARTESIAN_POINT('Ctrl Pts',(32.5522758852648,99.0804986133742,45.2943534367122));
#2294=CARTESIAN_POINT('Ctrl Pts',(30.666840544587,98.2075297955973,46.6787901982989));
#2295=CARTESIAN_POINT('Ctrl Pts',(28.7200511638346,97.8472483003182,47.9167710669793));
#2296=CARTESIAN_POINT('Ctrl Pts',(26.8516962451687,97.8472483003182,48.9619512071094));
#2297=CARTESIAN_POINT('Ctrl Pts',(25.6810378537898,97.8472483003183,49.6168315455944));
#2298=CARTESIAN_POINT('Ctrl Pts',(23.9202075027222,97.980904634401,50.54377223443));
#2299=CARTESIAN_POINT('Ctrl Pts',(21.76263128083,98.710786642409,51.4733576623395));
#2300=CARTESIAN_POINT('Ctrl Pts',(19.8968477926911,99.3419586886215,52.277225041211));
#2301=CARTESIAN_POINT('Ctrl Pts',(18.1303901369413,100.290844675743,52.9148881921472));
#2302=CARTESIAN_POINT('Ctrl Pts',(16.5333249598696,101.490709644367,53.4182570133697));
#2303=CARTESIAN_POINT('Ctrl Pts',(14.6496474572066,102.905904640838,54.0119613516094));
#2304=CARTESIAN_POINT('Ctrl Pts',(13.0132657990813,104.661563792959,54.4163464240041));
#2305=CARTESIAN_POINT('Ctrl Pts',(11.7385991379499,106.634403533977,54.6948136360107));
#2306=CARTESIAN_POINT('Ctrl Pts',(10.4488523496599,108.630583239132,54.9765752943966));
#2307=CARTESIAN_POINT('Ctrl Pts',(9.54038204743568,110.829182467497,55.1304623345193));
#2308=CARTESIAN_POINT('Ctrl Pts',(9.06617882833946,113.092424188918,55.2097139421182));
#2309=CARTESIAN_POINT('Ctrl Pts',(8.80498772615695,114.33901758162,55.2533657224203));
#2310=CARTESIAN_POINT('Ctrl Pts',(8.67615853215767,115.597486929551,55.2734569078242));
#2311=CARTESIAN_POINT('Ctrl Pts',(8.67615853215767,116.847248300318,55.2734569078242));
#2312=CARTESIAN_POINT('Origin',(0.,-8.09815320256098,0.962092782764068));
#2313=CARTESIAN_POINT('',(-25.,139.901846797439,49.9518876384277));
#2314=CARTESIAN_POINT('',(25.,139.901846797439,49.9518876384277));
#2315=CARTESIAN_POINT('Origin',(0.,139.901846797439,0.962092782764068));
#2316=CARTESIAN_POINT('',(25.,93.901846797439,49.9518876384277));
#2317=CARTESIAN_POINT('Ctrl Pts',(25.,139.901846797439,49.9518876384277));
#2318=CARTESIAN_POINT('Ctrl Pts',(26.6809484035824,139.901846797439,49.0940822482773));
#2319=CARTESIAN_POINT('Ctrl Pts',(28.3632512144843,139.715516053744,48.1244634124076));
#2320=CARTESIAN_POINT('Ctrl Pts',(29.9894052398049,139.354148135008,47.0667083148642));
#2321=CARTESIAN_POINT('Ctrl Pts',(31.6155592651256,138.992780216273,46.0089532173207));
#2322=CARTESIAN_POINT('Ctrl Pts',(33.185716765955,138.456942060997,44.8631022926793));
#2323=CARTESIAN_POINT('Ctrl Pts',(34.6570388594446,137.776271351596,43.6691139560447));
#2324=CARTESIAN_POINT('Ctrl Pts',(36.1283609529343,137.095600642195,42.4751256194101));
#2325=CARTESIAN_POINT('Ctrl Pts',(37.5024833217978,136.269804932882,41.2319829823265));
#2326=CARTESIAN_POINT('Ctrl Pts',(38.7519670142818,135.337773767302,39.9913773332655));
#2327=CARTESIAN_POINT('Ctrl Pts',(40.0014507067658,134.405742601721,38.7507716842044));
#2328=CARTESIAN_POINT('Ctrl Pts',(41.1265162733488,133.367475385309,37.5129256085252));
#2329=CARTESIAN_POINT('Ctrl Pts',(42.1133066888549,132.268522891285,36.3382061889941));
#2330=CARTESIAN_POINT('Ctrl Pts',(42.9365472457835,131.35170990952,35.3581838316898));
#2331=CARTESIAN_POINT('Ctrl Pts',(43.7253654657027,130.323064355396,34.3469437999269));
#2332=CARTESIAN_POINT('Ctrl Pts',(44.4363768555158,129.199295912209,33.3720975953923));
#2333=CARTESIAN_POINT('Ctrl Pts',(45.1473882453288,128.075527469023,32.3972513908577));
#2334=CARTESIAN_POINT('Ctrl Pts',(45.7811359049435,126.857071126545,31.4586937501275));
#2335=CARTESIAN_POINT('Ctrl Pts',(46.3083972065292,125.559341151395,30.6358581010106));
#2336=CARTESIAN_POINT('Ctrl Pts',(46.8356585081148,124.261611176246,29.8130224518936));
#2337=CARTESIAN_POINT('Ctrl Pts',(47.2571994896964,122.884581724638,29.1062257000567));
#2338=CARTESIAN_POINT('Ctrl Pts',(47.5481599694648,121.438418409507,28.6057626461916));
#2339=CARTESIAN_POINT('Ctrl Pts',(47.8391204492331,119.992255094376,28.1052995923264));
#2340=CARTESIAN_POINT('Ctrl Pts',(47.9999999999998,118.476240293018,27.8135359469592));
#2341=CARTESIAN_POINT('Ctrl Pts',(47.9999999999998,116.901846797439,27.8135359469592));
#2342=CARTESIAN_POINT('Ctrl Pts',(47.9999999999998,115.188015652609,27.8135359469592));
#2343=CARTESIAN_POINT('Ctrl Pts',(47.810887064594,113.562691738243,28.1569137192027));
#2344=CARTESIAN_POINT('Ctrl Pts',(47.4763075261207,112.021723849065,28.7289835645065));
#2345=CARTESIAN_POINT('Ctrl Pts',(47.1417279876474,110.480755959887,29.3010534098103));
#2346=CARTESIAN_POINT('Ctrl Pts',(46.6604055602926,109.023747197409,30.0999986570217));
#2347=CARTESIAN_POINT('Ctrl Pts',(46.0589556539053,107.654123468594,31.0215772106776));
#2348=CARTESIAN_POINT('Ctrl Pts',(45.4575057475179,106.284499739779,31.9431557643334));
#2349=CARTESIAN_POINT('Ctrl Pts',(44.7352355397416,105.003887300519,32.9867566820396));
#2350=CARTESIAN_POINT('Ctrl Pts',(43.9231969651766,103.828491580926,34.0642493342379));
#2351=CARTESIAN_POINT('Ctrl Pts',(43.1111583906116,102.653095861334,35.1417419864362));
#2352=CARTESIAN_POINT('Ctrl Pts',(42.2086616684803,101.583596531338,36.2533478402313));
#2353=CARTESIAN_POINT('Ctrl Pts',(41.2634559672906,100.638390830148,37.3259099866203));
#2354=CARTESIAN_POINT('Ctrl Pts',(40.2946170301746,99.6695518930327,38.425289696868));
#2355=CARTESIAN_POINT('Ctrl Pts',(39.2008877351844,98.7506702468825,39.5763987085583));
#2356=CARTESIAN_POINT('Ctrl Pts',(37.9966598855587,97.9258927550435,40.7270753370313));
#2357=CARTESIAN_POINT('Ctrl Pts',(36.792432035933,97.1011152632045,41.8777519655042));
#2358=CARTESIAN_POINT('Ctrl Pts',(35.4775113242235,96.3704222219012,43.0277787279799));
#2359=CARTESIAN_POINT('Ctrl Pts',(34.0787539293646,95.7694965474065,44.1319726832441));
#2360=CARTESIAN_POINT('Ctrl Pts',(32.6799965345057,95.1685708729118,45.2361666385082));
#2361=CARTESIAN_POINT('Ctrl Pts',(31.1958774497396,94.6971476692047,46.2954522596522));
#2362=CARTESIAN_POINT('Ctrl Pts',(29.6670892045044,94.3803397795417,47.2747672696899));
#2363=CARTESIAN_POINT('Ctrl Pts',(28.1383009592693,94.0635318898788,48.2540822797276));
#2364=CARTESIAN_POINT('Ctrl Pts',(26.5647184888385,93.901846797439,49.1533955782706));
#2365=CARTESIAN_POINT('Ctrl Pts',(25.,93.901846797439,49.9518876384277));
#2366=CARTESIAN_POINT('',(-25.,93.901846797439,49.9518876384277));
#2367=CARTESIAN_POINT('Origin',(0.,93.901846797439,0.962092782764068));
#2368=CARTESIAN_POINT('Ctrl Pts',(-25.,93.901846797439,49.9518876384277));
#2369=CARTESIAN_POINT('Ctrl Pts',(-26.5647184888388,93.901846797439,49.1533955782707));
#2370=CARTESIAN_POINT('Ctrl Pts',(-28.1383009592693,94.0635318898788,48.2540822797278));
#2371=CARTESIAN_POINT('Ctrl Pts',(-29.6670892045046,94.3803397795417,47.27476726969));
#2372=CARTESIAN_POINT('Ctrl Pts',(-31.1958774497398,94.6971476692046,46.2954522596522));
#2373=CARTESIAN_POINT('Ctrl Pts',(-32.6799965345057,95.1685708729118,45.2361666385082));
#2374=CARTESIAN_POINT('Ctrl Pts',(-34.0787539293646,95.7694965474065,44.1319726832441));
#2375=CARTESIAN_POINT('Ctrl Pts',(-35.4775113242235,96.3704222219012,43.0277787279799));
#2376=CARTESIAN_POINT('Ctrl Pts',(-36.792432035933,97.1011152632045,41.8777519655042));
#2377=CARTESIAN_POINT('Ctrl Pts',(-37.9966598855587,97.9258927550435,40.7270753370313));
#2378=CARTESIAN_POINT('Ctrl Pts',(-39.2008877351844,98.7506702468825,39.5763987085583));
#2379=CARTESIAN_POINT('Ctrl Pts',(-40.2946170301749,99.6695518930326,38.4252896968681));
#2380=CARTESIAN_POINT('Ctrl Pts',(-41.2634559672907,100.638390830148,37.3259099866203));
#2381=CARTESIAN_POINT('Ctrl Pts',(-42.2086616684803,101.583596531338,36.2533478402311));
#2382=CARTESIAN_POINT('Ctrl Pts',(-43.1111583906119,102.653095861334,35.1417419864363));
#2383=CARTESIAN_POINT('Ctrl Pts',(-43.9231969651769,103.828491580926,34.0642493342379));
#2384=CARTESIAN_POINT('Ctrl Pts',(-44.7352355397419,105.003887300519,32.9867566820394));
#2385=CARTESIAN_POINT('Ctrl Pts',(-45.4575057475179,106.284499739779,31.9431557643334));
#2386=CARTESIAN_POINT('Ctrl Pts',(-46.0589556539053,107.654123468594,31.0215772106776));
#2387=CARTESIAN_POINT('Ctrl Pts',(-46.6604055602926,109.023747197409,30.0999986570217));
#2388=CARTESIAN_POINT('Ctrl Pts',(-47.1417279876476,110.480755959887,29.3010534098103));
#2389=CARTESIAN_POINT('Ctrl Pts',(-47.476307526121,112.021723849065,28.7289835645065));
#2390=CARTESIAN_POINT('Ctrl Pts',(-47.8108870645943,113.562691738243,28.1569137192027));
#2391=CARTESIAN_POINT('Ctrl Pts',(-48.0000000000001,115.188015652609,27.8135359469592));
#2392=CARTESIAN_POINT('Ctrl Pts',(-48.0000000000001,116.901846797439,27.8135359469592));
#2393=CARTESIAN_POINT('Ctrl Pts',(-48.0000000000001,118.476240293018,27.8135359469592));
#2394=CARTESIAN_POINT('Ctrl Pts',(-47.8391204492334,119.992255094376,28.1052995923263));
#2395=CARTESIAN_POINT('Ctrl Pts',(-47.548159969465,121.438418409507,28.6057626461916));
#2396=CARTESIAN_POINT('Ctrl Pts',(-47.2571994896967,122.884581724638,29.1062257000569));
#2397=CARTESIAN_POINT('Ctrl Pts',(-46.835658508115,124.261611176246,29.8130224518936));
#2398=CARTESIAN_POINT('Ctrl Pts',(-46.3083972065293,125.559341151395,30.6358581010105));
#2399=CARTESIAN_POINT('Ctrl Pts',(-45.7811359049435,126.857071126545,31.4586937501274));
#2400=CARTESIAN_POINT('Ctrl Pts',(-45.1473882453288,128.075527469023,32.3972513908577));
#2401=CARTESIAN_POINT('Ctrl Pts',(-44.4363768555158,129.199295912209,33.3720975953922));
#2402=CARTESIAN_POINT('Ctrl Pts',(-43.7253654657027,130.323064355396,34.3469437999268));
#2403=CARTESIAN_POINT('Ctrl Pts',(-42.9365472457837,131.35170990952,35.3581838316898));
#2404=CARTESIAN_POINT('Ctrl Pts',(-42.113306688855,132.268522891285,36.3382061889941));
#2405=CARTESIAN_POINT('Ctrl Pts',(-41.1265162733488,133.367475385309,37.5129256085252));
#2406=CARTESIAN_POINT('Ctrl Pts',(-40.0014507067658,134.405742601721,38.7507716842045));
#2407=CARTESIAN_POINT('Ctrl Pts',(-38.7519670142818,135.337773767302,39.9913773332655));
#2408=CARTESIAN_POINT('Ctrl Pts',(-37.5024833217978,136.269804932882,41.2319829823265));
#2409=CARTESIAN_POINT('Ctrl Pts',(-36.1283609529343,137.095600642195,42.4751256194103));
#2410=CARTESIAN_POINT('Ctrl Pts',(-34.6570388594446,137.776271351596,43.6691139560448));
#2411=CARTESIAN_POINT('Ctrl Pts',(-33.185716765955,138.456942060997,44.8631022926793));
#2412=CARTESIAN_POINT('Ctrl Pts',(-31.6155592651259,138.992780216273,46.0089532173209));
#2413=CARTESIAN_POINT('Ctrl Pts',(-29.9894052398052,139.354148135008,47.0667083148642));
#2414=CARTESIAN_POINT('Ctrl Pts',(-28.3632512144845,139.715516053744,48.1244634124075));
#2415=CARTESIAN_POINT('Ctrl Pts',(-26.6809484035824,139.901846797439,49.0940822482772));
#2416=CARTESIAN_POINT('Ctrl Pts',(-25.,139.901846797439,49.9518876384277));
#2417=CARTESIAN_POINT('Ctrl Pts',(-24.9999093645133,139.90184679726,49.9519338905498));
#2418=CARTESIAN_POINT('Ctrl Pts',(-24.9999093645133,139.90184679726,74.7670568776487));
#2419=CARTESIAN_POINT('Ctrl Pts',(-24.9999395763518,139.901846797379,49.9519184732062));
#2420=CARTESIAN_POINT('Ctrl Pts',(-24.9999395763518,139.901846797379,74.7670414603049));
#2421=CARTESIAN_POINT('Ctrl Pts',(-24.9999697881807,139.901846797439,49.9519030558318));
#2422=CARTESIAN_POINT('Ctrl Pts',(-24.9999697881807,139.901846797439,74.7670260429307));
#2423=CARTESIAN_POINT('Ctrl Pts',(-25.,139.901846797439,49.9518876384277));
#2424=CARTESIAN_POINT('Ctrl Pts',(-25.,139.901846797439,74.7670106255261));
#2425=CARTESIAN_POINT('Ctrl Pts',(-26.6809484035824,139.901846797439,49.0940822482772));
#2426=CARTESIAN_POINT('Ctrl Pts',(-26.6809484035824,139.901846797439,73.9092052353756));
#2427=CARTESIAN_POINT('Ctrl Pts',(-28.3632512144845,139.715516053744,48.1244634124075));
#2428=CARTESIAN_POINT('Ctrl Pts',(-28.3632512144843,139.715516053744,72.9395863995059));
#2429=CARTESIAN_POINT('Ctrl Pts',(-31.6155592651259,138.992780216273,46.0089532173209));
#2430=CARTESIAN_POINT('Ctrl Pts',(-31.6155592651259,138.992780216273,70.8240762044194));
#2431=CARTESIAN_POINT('Ctrl Pts',(-33.185716765955,138.456942060997,44.8631022926793));
#2432=CARTESIAN_POINT('Ctrl Pts',(-33.185716765955,138.456942060997,69.6782252797778));
#2433=CARTESIAN_POINT('Ctrl Pts',(-36.1283609529343,137.095600642195,42.4751256194103));
#2434=CARTESIAN_POINT('Ctrl Pts',(-36.1283609529343,137.095600642195,67.2902486065087));
#2435=CARTESIAN_POINT('Ctrl Pts',(-37.5024833217978,136.269804932882,41.2319829823265));
#2436=CARTESIAN_POINT('Ctrl Pts',(-37.5024833217978,136.269804932882,66.047105969425));
#2437=CARTESIAN_POINT('Ctrl Pts',(-40.0014507067658,134.405742601721,38.7507716842045));
#2438=CARTESIAN_POINT('Ctrl Pts',(-40.0014507067658,134.405742601721,63.5658946713032));
#2439=CARTESIAN_POINT('Ctrl Pts',(-41.1265162733488,133.367475385309,37.5129256085252));
#2440=CARTESIAN_POINT('Ctrl Pts',(-41.1265162733488,133.367475385309,62.3280485956237));
#2441=CARTESIAN_POINT('Ctrl Pts',(-42.9365472457837,131.35170990952,35.3581838316898));
#2442=CARTESIAN_POINT('Ctrl Pts',(-42.9365472457837,131.35170990952,60.1733068187885));
#2443=CARTESIAN_POINT('Ctrl Pts',(-43.7253654657027,130.323064355396,34.3469437999268));
#2444=CARTESIAN_POINT('Ctrl Pts',(-43.7253654657027,130.323064355396,59.1620667870253));
#2445=CARTESIAN_POINT('Ctrl Pts',(-45.1473882453288,128.075527469023,32.3972513908577));
#2446=CARTESIAN_POINT('Ctrl Pts',(-45.1473882453288,128.075527469023,57.2123743779561));
#2447=CARTESIAN_POINT('Ctrl Pts',(-45.7811359049435,126.857071126545,31.4586937501274));
#2448=CARTESIAN_POINT('Ctrl Pts',(-45.7811359049435,126.857071126545,56.273816737226));
#2449=CARTESIAN_POINT('Ctrl Pts',(-46.835658508115,124.261611176246,29.8130224518936));
#2450=CARTESIAN_POINT('Ctrl Pts',(-46.835658508115,124.261611176246,54.6281454389922));
#2451=CARTESIAN_POINT('Ctrl Pts',(-47.2571994896967,122.884581724638,29.1062257000569));
#2452=CARTESIAN_POINT('Ctrl Pts',(-47.2571994896967,122.884581724638,53.9213486871558));
#2453=CARTESIAN_POINT('Ctrl Pts',(-47.8391204492334,119.992255094376,28.1052995923263));
#2454=CARTESIAN_POINT('Ctrl Pts',(-47.8391204492334,119.992255094376,52.9204225794247));
#2455=CARTESIAN_POINT('Ctrl Pts',(-48.0000000000001,118.476240293018,27.8135359469592));
#2456=CARTESIAN_POINT('Ctrl Pts',(-48.0000000000001,118.476240293018,52.6286589340579));
#2457=CARTESIAN_POINT('Ctrl Pts',(-48.0000000000001,116.901846797439,27.8135359469592));
#2458=CARTESIAN_POINT('Ctrl Pts',(-48.0000000000001,116.901846797439,52.6286589340579));
#2459=CARTESIAN_POINT('Ctrl Pts',(-48.0000000000001,115.188015652609,27.8135359469592));
#2460=CARTESIAN_POINT('Ctrl Pts',(-48.0000000000001,115.188015652609,52.6286589340581));
#2461=CARTESIAN_POINT('Ctrl Pts',(-47.8108870645943,113.562691738243,28.1569137192027));
#2462=CARTESIAN_POINT('Ctrl Pts',(-47.8108870645943,113.562691738243,52.9720367063011));
#2463=CARTESIAN_POINT('Ctrl Pts',(-47.1417279876476,110.480755959887,29.3010534098103));
#2464=CARTESIAN_POINT('Ctrl Pts',(-47.1417279876476,110.480755959887,54.1161763969088));
#2465=CARTESIAN_POINT('Ctrl Pts',(-46.6604055602926,109.023747197409,30.0999986570217));
#2466=CARTESIAN_POINT('Ctrl Pts',(-46.6604055602926,109.023747197409,54.9151216441205));
#2467=CARTESIAN_POINT('Ctrl Pts',(-45.4575057475179,106.284499739779,31.9431557643334));
#2468=CARTESIAN_POINT('Ctrl Pts',(-45.4575057475182,106.284499739779,56.7582787514319));
#2469=CARTESIAN_POINT('Ctrl Pts',(-44.7352355397419,105.003887300519,32.9867566820394));
#2470=CARTESIAN_POINT('Ctrl Pts',(-44.7352355397419,105.003887300519,57.801879669138));
#2471=CARTESIAN_POINT('Ctrl Pts',(-43.1111583906119,102.653095861334,35.1417419864363));
#2472=CARTESIAN_POINT('Ctrl Pts',(-43.1111583906119,102.653095861334,59.9568649735351));
#2473=CARTESIAN_POINT('Ctrl Pts',(-42.2086616684803,101.583596531338,36.2533478402311));
#2474=CARTESIAN_POINT('Ctrl Pts',(-42.2086616684803,101.583596531338,61.0684708273297));
#2475=CARTESIAN_POINT('Ctrl Pts',(-40.2946170301749,99.6695518930326,38.4252896968681));
#2476=CARTESIAN_POINT('Ctrl Pts',(-40.2946170301749,99.6695518930326,63.2404126839664));
#2477=CARTESIAN_POINT('Ctrl Pts',(-39.2008877351844,98.7506702468825,39.5763987085583));
#2478=CARTESIAN_POINT('Ctrl Pts',(-39.2008877351844,98.7506702468825,64.3915216956568));
#2479=CARTESIAN_POINT('Ctrl Pts',(-36.792432035933,97.1011152632045,41.8777519655042));
#2480=CARTESIAN_POINT('Ctrl Pts',(-36.792432035933,97.1011152632045,66.6928749526029));
#2481=CARTESIAN_POINT('Ctrl Pts',(-35.4775113242235,96.3704222219012,43.0277787279799));
#2482=CARTESIAN_POINT('Ctrl Pts',(-35.4775113242235,96.3704222219012,67.8429017150787));
#2483=CARTESIAN_POINT('Ctrl Pts',(-32.6799965345057,95.1685708729118,45.2361666385082));
#2484=CARTESIAN_POINT('Ctrl Pts',(-32.6799965345057,95.1685708729118,70.0512896256066));
#2485=CARTESIAN_POINT('Ctrl Pts',(-31.1958774497398,94.6971476692046,46.2954522596522));
#2486=CARTESIAN_POINT('Ctrl Pts',(-31.1958774497398,94.6971476692046,71.1105752467512));
#2487=CARTESIAN_POINT('Ctrl Pts',(-28.1383009592693,94.0635318898788,48.2540822797278));
#2488=CARTESIAN_POINT('Ctrl Pts',(-28.1383009592693,94.0635318898788,73.0692052668265));
#2489=CARTESIAN_POINT('Ctrl Pts',(-26.5647184888388,93.901846797439,49.1533955782707));
#2490=CARTESIAN_POINT('Ctrl Pts',(-26.5647184888388,93.901846797439,73.9685185653692));
#2491=CARTESIAN_POINT('Ctrl Pts',(-25.,93.901846797439,49.9518876384277));
#2492=CARTESIAN_POINT('Ctrl Pts',(-25.,93.901846797439,74.7670106255261));
#2493=CARTESIAN_POINT('Ctrl Pts',(-22.4523355270344,93.901846797439,51.2519872206324));
#2494=CARTESIAN_POINT('Ctrl Pts',(-22.4523355270344,93.901846797439,76.0671102077309));
#2495=CARTESIAN_POINT('Ctrl Pts',(-19.834065472626,94.3237324926642,52.332771101017));
#2496=CARTESIAN_POINT('Ctrl Pts',(-19.834065472626,94.3237324926642,77.1478940881159));
#2497=CARTESIAN_POINT('Ctrl Pts',(-16.4894321792229,95.5185874529409,53.4383846609542));
#2498=CARTESIAN_POINT('Ctrl Pts',(-16.4894321792229,95.5185874529409,78.2535076480528));
#2499=CARTESIAN_POINT('Ctrl Pts',(-15.7292272797574,95.8368134195444,53.6706231980505));
#2500=CARTESIAN_POINT('Ctrl Pts',(-15.7292272797574,95.8368134195444,78.4857461851489));
#2501=CARTESIAN_POINT('Ctrl Pts',(-14.9853226198525,96.1966243409775,53.8812774512651));
#2502=CARTESIAN_POINT('Ctrl Pts',(-14.9853226198525,96.1966243409775,78.6964004383637));
#2503=CARTESIAN_POINT('',(-25.,139.901846797439,49.9518876384277));
#2504=CARTESIAN_POINT('',(-25.,93.901846797439,49.9518876384277));
#2505=CARTESIAN_POINT('Origin',(-25.,93.901846797439,49.9518876384277));
#2506=CARTESIAN_POINT('',(25.,93.901846797439,49.9518876384277));
#2507=CARTESIAN_POINT('Ctrl Pts',(14.8873831942973,96.2442820488773,53.9089134769866));
#2508=CARTESIAN_POINT('Ctrl Pts',(14.8873831942973,96.2442820488773,78.7240364640856));
#2509=CARTESIAN_POINT('Ctrl Pts',(15.6624634542007,95.8648525392778,53.6909793936133));
#2510=CARTESIAN_POINT('Ctrl Pts',(15.6624634542007,95.8648525392778,78.5061023807124));
#2511=CARTESIAN_POINT('Ctrl Pts',(16.4554832679886,95.5307154814649,53.4496069570485));
#2512=CARTESIAN_POINT('Ctrl Pts',(16.4554832679886,95.5307154814649,78.2647299441472));
#2513=CARTESIAN_POINT('Ctrl Pts',(19.8340665310988,94.32373232134,52.3327706667429));
#2514=CARTESIAN_POINT('Ctrl Pts',(19.8340665310988,94.32373232134,77.1478936538417));
#2515=CARTESIAN_POINT('Ctrl Pts',(22.4523360454538,93.901846797439,51.2519869560775));
#2516=CARTESIAN_POINT('Ctrl Pts',(22.4523360454538,93.901846797439,76.0671099431763));
#2517=CARTESIAN_POINT('Ctrl Pts',(25.,93.901846797439,49.9518876384277));
#2518=CARTESIAN_POINT('Ctrl Pts',(25.,93.901846797439,74.7670106255265));
#2519=CARTESIAN_POINT('Ctrl Pts',(26.5647184888385,93.901846797439,49.1533955782706));
#2520=CARTESIAN_POINT('Ctrl Pts',(26.5647184888385,93.901846797439,73.9685185653697));
#2521=CARTESIAN_POINT('Ctrl Pts',(28.1383009592693,94.0635318898788,48.2540822797276));
#2522=CARTESIAN_POINT('Ctrl Pts',(28.1383009592693,94.0635318898788,73.0692052668263));
#2523=CARTESIAN_POINT('Ctrl Pts',(31.1958774497396,94.6971476692047,46.2954522596522));
#2524=CARTESIAN_POINT('Ctrl Pts',(31.1958774497396,94.6971476692046,71.1105752467515));
#2525=CARTESIAN_POINT('Ctrl Pts',(32.6799965345057,95.1685708729118,45.2361666385082));
#2526=CARTESIAN_POINT('Ctrl Pts',(32.6799965345057,95.1685708729118,70.0512896256071));
#2527=CARTESIAN_POINT('Ctrl Pts',(35.4775113242235,96.3704222219012,43.0277787279799));
#2528=CARTESIAN_POINT('Ctrl Pts',(35.4775113242235,96.3704222219012,67.8429017150787));
#2529=CARTESIAN_POINT('Ctrl Pts',(36.792432035933,97.1011152632045,41.8777519655042));
#2530=CARTESIAN_POINT('Ctrl Pts',(36.792432035933,97.1011152632045,66.6928749526029));
#2531=CARTESIAN_POINT('Ctrl Pts',(39.2008877351844,98.7506702468825,39.5763987085583));
#2532=CARTESIAN_POINT('Ctrl Pts',(39.2008877351844,98.7506702468825,64.391521695657));
#2533=CARTESIAN_POINT('Ctrl Pts',(40.2946170301746,99.6695518930327,38.425289696868));
#2534=CARTESIAN_POINT('Ctrl Pts',(40.2946170301746,99.6695518930327,63.240412683967));
#2535=CARTESIAN_POINT('Ctrl Pts',(42.2086616684803,101.583596531338,36.2533478402313));
#2536=CARTESIAN_POINT('Ctrl Pts',(42.2086616684803,101.583596531338,61.0684708273302));
#2537=CARTESIAN_POINT('Ctrl Pts',(43.1111583906116,102.653095861334,35.1417419864362));
#2538=CARTESIAN_POINT('Ctrl Pts',(43.1111583906116,102.653095861334,59.9568649735355));
#2539=CARTESIAN_POINT('Ctrl Pts',(44.7352355397416,105.003887300519,32.9867566820396));
#2540=CARTESIAN_POINT('Ctrl Pts',(44.7352355397416,105.003887300519,57.8018796691382));
#2541=CARTESIAN_POINT('Ctrl Pts',(45.4575057475179,106.284499739779,31.9431557643334));
#2542=CARTESIAN_POINT('Ctrl Pts',(45.4575057475179,106.284499739779,56.7582787514323));
#2543=CARTESIAN_POINT('Ctrl Pts',(46.6604055602926,109.023747197409,30.0999986570217));
#2544=CARTESIAN_POINT('Ctrl Pts',(46.6604055602926,109.023747197409,54.9151216441205));
#2545=CARTESIAN_POINT('Ctrl Pts',(47.1417279876474,110.480755959887,29.3010534098103));
#2546=CARTESIAN_POINT('Ctrl Pts',(47.1417279876474,110.480755959887,54.1161763969092));
#2547=CARTESIAN_POINT('Ctrl Pts',(47.810887064594,113.562691738243,28.1569137192027));
#2548=CARTESIAN_POINT('Ctrl Pts',(47.810887064594,113.562691738243,52.9720367063013));
#2549=CARTESIAN_POINT('Ctrl Pts',(47.9999999999998,115.188015652609,27.8135359469592));
#2550=CARTESIAN_POINT('Ctrl Pts',(47.9999999999998,115.188015652609,52.6286589340579));
#2551=CARTESIAN_POINT('Ctrl Pts',(47.9999999999998,118.476240293018,27.8135359469592));
#2552=CARTESIAN_POINT('Ctrl Pts',(47.9999999999998,118.476240293018,52.6286589340581));
#2553=CARTESIAN_POINT('Ctrl Pts',(47.8391204492331,119.992255094376,28.1052995923264));
#2554=CARTESIAN_POINT('Ctrl Pts',(47.8391204492331,119.992255094376,52.9204225794253));
#2555=CARTESIAN_POINT('Ctrl Pts',(47.2571994896964,122.884581724638,29.1062257000567));
#2556=CARTESIAN_POINT('Ctrl Pts',(47.2571994896964,122.884581724638,53.9213486871559));
#2557=CARTESIAN_POINT('Ctrl Pts',(46.8356585081148,124.261611176246,29.8130224518936));
#2558=CARTESIAN_POINT('Ctrl Pts',(46.8356585081148,124.261611176246,54.6281454389926));
#2559=CARTESIAN_POINT('Ctrl Pts',(45.7811359049435,126.857071126545,31.4586937501275));
#2560=CARTESIAN_POINT('Ctrl Pts',(45.7811359049433,126.857071126545,56.2738167372261));
#2561=CARTESIAN_POINT('Ctrl Pts',(45.1473882453288,128.075527469023,32.3972513908577));
#2562=CARTESIAN_POINT('Ctrl Pts',(45.1473882453288,128.075527469023,57.2123743779565));
#2563=CARTESIAN_POINT('Ctrl Pts',(43.7253654657027,130.323064355396,34.3469437999269));
#2564=CARTESIAN_POINT('Ctrl Pts',(43.7253654657027,130.323064355396,59.1620667870258));
#2565=CARTESIAN_POINT('Ctrl Pts',(42.9365472457835,131.35170990952,35.3581838316898));
#2566=CARTESIAN_POINT('Ctrl Pts',(42.9365472457835,131.35170990952,60.1733068187884));
#2567=CARTESIAN_POINT('Ctrl Pts',(41.1265162733488,133.367475385309,37.5129256085252));
#2568=CARTESIAN_POINT('Ctrl Pts',(41.1265162733488,133.367475385309,62.3280485956241));
#2569=CARTESIAN_POINT('Ctrl Pts',(40.0014507067658,134.405742601721,38.7507716842044));
#2570=CARTESIAN_POINT('Ctrl Pts',(40.0014507067658,134.405742601721,63.5658946713035));
#2571=CARTESIAN_POINT('Ctrl Pts',(37.5024833217978,136.269804932882,41.2319829823265));
#2572=CARTESIAN_POINT('Ctrl Pts',(37.5024833217978,136.269804932882,66.0471059694256));
#2573=CARTESIAN_POINT('Ctrl Pts',(36.1283609529343,137.095600642195,42.4751256194101));
#2574=CARTESIAN_POINT('Ctrl Pts',(36.1283609529343,137.095600642195,67.2902486065093));
#2575=CARTESIAN_POINT('Ctrl Pts',(33.185716765955,138.456942060997,44.8631022926793));
#2576=CARTESIAN_POINT('Ctrl Pts',(33.185716765955,138.456942060997,69.678225279778));
#2577=CARTESIAN_POINT('Ctrl Pts',(31.6155592651256,138.992780216273,46.0089532173207));
#2578=CARTESIAN_POINT('Ctrl Pts',(31.6155592651256,138.992780216273,70.8240762044194));
#2579=CARTESIAN_POINT('Ctrl Pts',(28.3632512144843,139.715516053744,48.1244634124076));
#2580=CARTESIAN_POINT('Ctrl Pts',(28.3632512144843,139.715516053744,72.9395863995065));
#2581=CARTESIAN_POINT('Ctrl Pts',(26.6809484035824,139.901846797439,49.0940822482773));
#2582=CARTESIAN_POINT('Ctrl Pts',(26.6809484035824,139.901846797439,73.9092052353762));
#2583=CARTESIAN_POINT('Ctrl Pts',(25.,139.901846797439,49.9518876384277));
#2584=CARTESIAN_POINT('Ctrl Pts',(25.,139.901846797439,74.7670106255265));
#2585=CARTESIAN_POINT('Ctrl Pts',(24.9998800609802,139.901846797439,49.9519488445522));
#2586=CARTESIAN_POINT('Ctrl Pts',(24.9998800609802,139.901846797439,74.7670718316512));
#2587=CARTESIAN_POINT('Ctrl Pts',(24.9997601218084,139.901846796501,49.9520100501997));
#2588=CARTESIAN_POINT('Ctrl Pts',(24.9997601218084,139.901846796501,74.7671330372985));
#2589=CARTESIAN_POINT('Ctrl Pts',(24.9996401824845,139.901846794624,49.9520712553694));
#2590=CARTESIAN_POINT('Ctrl Pts',(24.9996401824845,139.901846794624,74.767194242468));
#2591=CARTESIAN_POINT('',(25.,139.901846797439,49.9518876384277));
#2592=CARTESIAN_POINT('Origin',(25.,139.901846797439,49.9518876384277));
#2593=CARTESIAN_POINT('Origin',(-0.00399940494418161,116.902559323291,96.6010927827641));
#2594=CARTESIAN_POINT('',(-24.003999404944,116.902559323291,104.601092782764));
#2595=CARTESIAN_POINT('Origin',(-0.00399940494418161,116.902559323291,104.601092782764));
#2596=CARTESIAN_POINT('',(-24.0039994049442,116.902559323291,96.6010927827641));
#2597=CARTESIAN_POINT('Origin',(-0.00399940494418161,116.902559323291,105.601092782764));
#2598=CARTESIAN_POINT('',(-22.0039994049441,116.902559323291,106.601092782764));
#2599=CARTESIAN_POINT('',(-23.0039994049442,116.902559323291,105.601092782764));
#2600=CARTESIAN_POINT('Origin',(-0.00399940494418161,116.902559323291,106.601092782764));
#2601=CARTESIAN_POINT('Origin',(-0.00399940494418161,116.902559323291,106.601092782764));
#2602=UNCERTAINTY_MEASURE_WITH_UNIT(LENGTH_MEASURE(0.01),#2606,
'DISTANCE_ACCURACY_VALUE',
'Maximum model space distance between geometric entities at asserted c
onnectivities');
#2603=UNCERTAINTY_MEASURE_WITH_UNIT(LENGTH_MEASURE(0.01),#2606,
'DISTANCE_ACCURACY_VALUE',
'Maximum model space distance between geometric entities at asserted c
onnectivities');
#2604=(
GEOMETRIC_REPRESENTATION_CONTEXT(3)
GLOBAL_UNCERTAINTY_ASSIGNED_CONTEXT((#2602))
GLOBAL_UNIT_ASSIGNED_CONTEXT((#2606,#2608,#2609))
REPRESENTATION_CONTEXT('','3D')
);
#2605=(
GEOMETRIC_REPRESENTATION_CONTEXT(3)
GLOBAL_UNCERTAINTY_ASSIGNED_CONTEXT((#2603))
GLOBAL_UNIT_ASSIGNED_CONTEXT((#2606,#2608,#2609))
REPRESENTATION_CONTEXT('','3D')
);
#2606=(
LENGTH_UNIT()
NAMED_UNIT(*)
SI_UNIT(.MILLI.,.METRE.)
);
#2607=(
LENGTH_UNIT()
NAMED_UNIT(*)
SI_UNIT($,.METRE.)
);
#2608=(
NAMED_UNIT(*)
PLANE_ANGLE_UNIT()
SI_UNIT($,.RADIAN.)
);
#2609=(
NAMED_UNIT(*)
SI_UNIT($,.STERADIAN.)
SOLID_ANGLE_UNIT()
);
#2610=SHAPE_DEFINITION_REPRESENTATION(#2611,#2612);
#2611=PRODUCT_DEFINITION_SHAPE('',$,#2614);
#2612=SHAPE_REPRESENTATION('',(#375),#2604);
#2613=PRODUCT_DEFINITION_CONTEXT('part definition',#2618,'design');
#2614=PRODUCT_DEFINITION('20251006_Verbinder','20251006_Verbinder',#2615,
#2613);
#2615=PRODUCT_DEFINITION_FORMATION('',$,#2620);
#2616=PRODUCT_RELATED_PRODUCT_CATEGORY('20251006_Verbinder',
'20251006_Verbinder',(#2620));
#2617=APPLICATION_PROTOCOL_DEFINITION('international standard',
'automotive_design',2009,#2618);
#2618=APPLICATION_CONTEXT(
'Core Data for Automotive Mechanical Design Process');
#2619=PRODUCT_CONTEXT('part definition',#2618,'mechanical');
#2620=PRODUCT('20251006_Verbinder','20251006_Verbinder',$,(#2619));
#2621=PRESENTATION_STYLE_ASSIGNMENT((#2623));
#2622=PRESENTATION_STYLE_ASSIGNMENT((#2624));
#2623=SURFACE_STYLE_USAGE(.BOTH.,#2625);
#2624=SURFACE_STYLE_USAGE(.BOTH.,#2626);
#2625=SURFACE_SIDE_STYLE('',(#2627));
#2626=SURFACE_SIDE_STYLE('',(#2628));
#2627=SURFACE_STYLE_FILL_AREA(#2629);
#2628=SURFACE_STYLE_FILL_AREA(#2630);
#2629=FILL_AREA_STYLE('Steel - Satin',(#2631));
#2630=FILL_AREA_STYLE('Plastic - Translucent Glossy (Blue)',(#2632));
#2631=FILL_AREA_STYLE_COLOUR('Steel - Satin',#2633);
#2632=FILL_AREA_STYLE_COLOUR('Plastic - Translucent Glossy (Blue)',#2634);
#2633=COLOUR_RGB('Steel - Satin',0.627450980392157,0.627450980392157,0.627450980392157);
#2634=COLOUR_RGB('Plastic - Translucent Glossy (Blue)',0.752941176470588,
0.43921568627451,0.886274509803922);
ENDSEC;
END-ISO-10303-21;
